ax,ay,az
33.879,-51.84178,44.627316
15.469223,-126.11991,-12.476223
-175.26286,-256.71536,-18.72574
-241.8416,-220.72307,16.475212
-158.46478,-157.03305,-21.268698
-279.03708,-242.00298,-147.9936
-262.4671,-356.87616,-250.39969
-221.56506,-421.0798,-265.7777
-328.7777,-442.89862,-300.49707
-291.98547,-363.4678,-283.98413
-310.8618,-256.5125,-185.15591
-197.52312,-239.22368,-201.40715
-10.222222,-224.6978,-135.1905
86.2522,-216.00381,23.76281
239.3408,-275.11728,105.61278
252.23842,-243.9764,237.38014
252.8808,-209.82022,209.2734
229.20988,-194.63298,95.04927
130.94336,-78.44148,96.30139
116.205864,54.099052,31.049437
131.18892,175.8394,-87.27006
146.10818,262.35657,-167.7486
168.46848,227.11699,-149.86916
245.97566,108.36475,-69.81112
287.0152,120.68782,-10.0577965
235.37975,184.50873,116.24976
199.4174,213.92828,148.24724
188.8516,227.24384,-20.346735
79.8548,129.70905,-157.86278
-110.90387,90.39802,-162.39786
-166.40161,63.321507,-60.154297
-83.165665,49.95957,-20.677729
-27.588644,146.46501,59.70941
-64.71574,151.49463,198.09543
-79.069435,93.9164,158.06496
51.57328,64.13758,65.273575
173.9288,60.11475,-69.45346
218.36551,93.43125,-121.85997
266.91388,195.64369,-92.31248
380.75256,285.74026,-279.98682
479.4644,168.02321,-529.31934
126.23537,-24.825956,-420.47427
-298.34262,77.29358,202.52174
-240.17892,162.91057,356.55557
-152.27106,-69.97265,-191.20547
-113.53407,-131.35306,22.598845
-106.53666,-113.58472,355.5752
-87.40371,-137.05237,82.84615
160.15582,-47.037483,130.81868
172.48541,-3.7688415,29.453184
-22.5984,-42.955074,-27.703684
-48.23089,-148.15047,4.671791
-108.10394,-106.5218,-254.33876
-162.76328,-109.42132,-56.888382
-80.07187,-266.57907,19.947233
-62.22298,-281.31934,24.082916
-153.20667,-240.98053,345.64752
-223.51825,-224.12862,421.34708
-326.95874,-203.5414,340.15472
-415.87637,-85.30915,131.40984
-452.66644,-26.470524,-17.202642
-444.38104,-75.97841,-2.0018485
-257.4048,-95.04348,49.500114
-74.375,-152.54427,119.88662
10.426945,-123.29391,101.916435
52.303993,-55.75552,27.661024
-3.228001,25.0095,-56.212402
-99.43883,107.956345,-71.92397
-133.58972,65.57894,-15.627195
-31.327183,62.76813,5.6129527
64.5631,129.327,32.8089
64.44655,202.38544,34.33787
5.0504394,274.12357,-14.602469
-98.62288,275.3511,2.863221
-139.51237,187.38902,4.632285
-105.42404,107.587265,-13.106272
18.770655,86.446365,-9.887539
214.74477,48.825176,-49.51434
300.56796,83.464005,-94.64617
260.23962,189.4075,-75.75952
194.23381,177.81592,-127.42318
140.84126,127.71793,-165.69676
125.145515,135.65297,-54.92559
95.644585,131.12556,-32.83848
-10.717325,171.32281,20.44283
-57.237835,200.66931,-88.37845
-63.889458,163.07106,-265.8262
-146.5538,142.04738,-257.73328
-138.47658,152.08905,-373.26294
-32.50237,87.57761,-489.55292
8.277087,-184.1229,-704.15643
-119.43152,-207.11205,-535.52014
-96.34892,-20.284622,-55.43887
-16.634403,-178.78583,-214.39078
-149.85814,-204.47083,-127.684456
-34.38607,-66.42306,481.94577
34.96818,-204.22617,325.57745
132.5343,-218.60814,-63.80976
307.57724,-18.477854,145.30603
55.165367,32.614315,267.6022
-29.31179,7.8014812,259.18842
40.08085,51.956226,228.29976
-15.954687,26.044697,226.41547
25.834549,-84.3683,265.9687
188.95055,-165.56696,225.92673
390.0614,-194.85371,376.30475
494.56818,-170.83032,453.5409
571.2908,-167.49016,421.88913
605.7298,-153.0933,375.19366
597.08594,-152.62068,321.18744
501.06546,-247.22894,234.3048
318.31354,-194.55223,108.80559
130.41722,-58.059612,170.75958
-60.222145,20.696213,255.21751
-164.84235,76.05918,323.6325
-183.08359,54.826065,276.00308
-218.02094,48.016846,165.04333
-338.53107,-16.152468,20.021154
-410.54062,-42.73692,-183.71399
-330.56784,-32.74745,-216.81693
-159.17148,-87.93283,-274.32504
-34.922966,-63.09046,-285.81192
-54.607124,-66.51731,-263.70746
-162.41777,-48.011063,-308.47073
-275.29797,-18.478897,-353.75552
-330.06372,25.112839,-472.907
-422.27295,127.03637,-426.64142
-501.36618,150.83096,-317.11197
-450.77722,156.20628,-290.73657
-370.18695,70.97556,-269.3361
-253.31544,-27.381535,-255.72133
-143.32556,-32.22961,-208.44312
-89.346214,-18.903048,-217.12375
-56.970184,24.314228,-151.37968
-52.252354,53.21584,-7.1327076
-20.652851,33.824135,24.814713
67.11707,-39.86714,65.36699
135.79427,-74.8086,101.096756
140.93054,0.2414362,0.024521679
195.64038,169.05829,-134.7112
258.56564,223.22,-285.11655
88.70404,46.666718,-228.098
-102.745285,163.64081,227.40184
22.777828,299.9589,389.24908
88.548775,4.7731886,39.204895
84.41112,87.97557,58.0499
184.7351,235.0629,138.22192
146.05649,85.57055,-267.9291
193.60632,163.57133,-234.9914
105.10441,149.69815,-40.324226
-94.067406,153.18213,-26.589706
-82.80595,219.15874,75.95556
-155.52618,224.41487,-149.72566
-182.82394,211.33394,-161.43631
-79.5751,7.2958336,-0.97895133
14.905834,-56.356224,104.56619
45.20659,-75.24253,302.15622
202.25871,-182.79399,278.5867
348.43594,-193.90416,334.42526
282.0619,-237.19508,394.6216
286.5464,-293.9021,355.1755
166.97772,-214.78139,467.31735
14.154971,-83.44236,581.47174
-13.027416,-65.89806,607.45514
22.652678,-83.2707,623.3814
139.36165,-147.583,510.80566
110.42462,-165.15913,365.21875
55.625904,-112.57299,309.43713
26.954132,-120.661125,168.26152
-25.625755,-63.635468,50.950848
0.5946735,-79.172745,-96.63735
59.5018,-196.34659,-229.24811
132.65979,-275.36252,-252.9664
149.97217,-302.97556,-284.46292
52.714455,-253.16803,-266.63998
-84.969124,-169.96779,-382.592
-163.59938,-21.268229,-414.6646
-149.30402,67.03443,-252.02892
-2.6049418,82.75948,-170.88042
180.26505,123.316025,-6.9678636
163.0402,88.00902,-34.965656
55.856667,6.6581955,-235.08368
-13.412358,-83.34166,-277.32858
-28.56883,-109.181496,-287.26425
24.915085,-60.45778,-121.53602
82.04458,6.227596,52.487938
147.37016,108.528534,-15.992018
76.47219,186.60193,-134.30727
-105.649315,298.81274,-72.88164
-222.5544,409.50116,11.112511
-197.27728,417.7594,-121.15204
-88.3186,395.76813,-285.25323
-43.359684,314.0668,-395.25928
-60.404224,215.26541,-341.7846
-186.20561,167.31342,-158.04869
-272.26065,157.26996,-91.68365
-273.92984,156.05237,-167.39346
-300.28418,33.33775,-334.3067
-252.33905,-4.997472,-381.20175
-179.12917,195.16624,-181.02081
-131.45041,291.95038,-49.630615
-238.15854,194.05943,-132.75182
-447.16745,142.97601,-100.85292
-468.1047,79.49924,-40.3047
-257.30576,-47.527824,-82.59002
41.69973,16.046978,42.22092
234.15228,8.030183,60.68177
363.34744,-140.77289,-45.7176
312.01053,-104.40309,89.37285
109.70818,-177.98041,319.22894
-4.701446,-287.98068,609.4804
29.19689,-263.1218,689.1798
220.49895,-377.15723,343.41232
129.53543,-400.0548,154.04974
-90.09095,-335.65942,259.9377
-128.82375,-434.59732,186.1493
-97.31386,-334.9877,246.66183
14.791959,-158.85938,529.8671
54.513115,-227.74272,406.95258
51.952938,-245.76163,282.90552
-0.15548405,-209.86134,353.61633
84.75307,-239.6102,347.15463
218.60526,-220.1693,406.693
184.86314,-138.97691,550.36304
194.32231,-147.1703,578.92303
154.84175,-163.01628,273.64017
72.30067,-50.832653,10.17799
-18.457287,-7.3584824,-150.52463
-31.68497,-33.534122,-322.00708
87.42731,11.628626,-342.97385
133.12137,91.424995,-353.9465
136.25204,128.58604,-433.22592
169.67519,204.13998,-541.0941
210.59633,246.25735,-565.79
275.3236,176.94716,-537.40186
285.3378,202.91792,-441.5228
190.75212,296.54596,-302.0826
107.71034,353.5688,-294.63214
70.717545,358.7411,-382.4319
110.339226,331.7104,-365.57477
190.6109,240.22939,-281.01724
206.3755,191.66177,-343.91333
223.73148,295.08698,-397.2251
210.50769,280.5065,-500.12262
98.509514,229.43,-633.28217
-40.0493,194.20433,-457.03214
-122.640686,79.39258,-196.14337
-144.41504,97.2874,28.567749
-178.07199,159.10986,295.80417
-215.85481,204.20087,506.5724
-184.95213,226.5457,611.9474
3.1257155,146.42265,526.9453
42.113148,5.564223,479.403
-376.79196,-106.04703,549.92175
-537.3541,-3.6499753,564.9861
-307.8059,-16.200191,394.2907
-229.29909,-176.76242,161.39328
-134.14107,-164.89658,293.3881
-129.93016,-158.31943,344.45517
-110.046585,-27.41303,282.49277
-11.607522,77.27276,266.94626
-95.623505,94.688126,47.029617
-142.9568,173.78506,78.10885
-240.73343,16.556215,-4.7647743
-355.6682,-117.83022,-76.78897
-334.57367,-197.25098,179.99582
-250.51903,-374.99924,161.67825
-119.642296,-378.5198,233.35962
-53.12372,-330.24335,321.53024
-67.55907,-384.41043,125.08669
-74.254265,-335.03943,48.15625
1.7293588,-275.1559,-37.24462
84.46094,-382.16986,-204.66167
103.1288,-416.74722,-183.718
-19.195631,-392.90616,-174.02922
-201.9595,-378.82446,-343.87982
-209.05275,-317.82056,-481.1197
-138.9352,-247.42938,-519.77277
-15.934862,-158.91266,-415.02017
141.25493,-99.71127,-312.90277
177.32735,-12.892309,-381.8306
146.6469,99.935486,-405.41553
89.76294,153.99911,-251.9552
39.23558,218.26656,-44.413887
101.96275,194.10463,41.934696
326.96133,41.97461,23.945295
519.38025,84.46345,28.234589
487.53888,172.3411,-25.43126
426.56116,155.14905,-57.16377
447.08005,201.56474,30.441057
408.06726,207.75714,4.9592385
326.01913,281.4084,19.90154
209.96558,357.12906,52.85276
34.76649,396.45636,-114.91583
-21.397116,504.31088,-191.42126
66.19748,491.15598,-127.63373
54.494923,420.09686,59.774242
-72.6976,290.80475,188.362
29.507608,130.3574,175.65952
269.15466,104.65124,40.508396
254.4528,-32.829105,-276.8355
-93.18408,-205.72723,-141.69705
-382.07513,73.440895,258.0899
-227.81892,56.41706,143.48459
-175.93456,-329.66223,9.84273
-392.62878,68.53586,624.5595
-556.0669,249.77916,803.0332
-383.6802,-10.81603,171.32294
5.2618303,78.41248,235.49384
-6.536946,-10.106952,368.83914
-94.66988,-70.07575,268.59134
-7.6854715,-24.243284,204.5833
30.015545,38.298386,-33.54864
18.025127,-33.758564,-30.515287
122.85307,-227.42332,-106.116905
230.74988,-221.17256,-131.5995
250.20967,-261.31418,28.127151
248.52809,-205.32562,165.65794
184.0241,-103.90486,147.41144
174.77977,-80.32064,-48.75343
-30.285809,-29.93858,-149.14847
-244.39233,-48.145752,-224.56757
-293.57416,-114.4036,-169.25507
-266.1092,-142.30298,24.69431
-102.01021,-187.041,144.71832
33.43521,-237.368,211.86717
107.508446,-205.01549,161.32414
72.767914,-241.03345,-116.49686
1.7845354,-305.1505,-384.29123
-90.6065,-332.64273,-511.22238
-151.12498,-326.3536,-402.31345
-163.53937,-277.02023,-192.72934
-115.6236,-217.34496,-191.71965
21.371744,-173.24835,-244.50346
101.01178,-131.57115,-230.2601
108.95875,-62.428127,-90.69344
108.33848,-31.34795,44.79374
164.35384,46.00525,223.54219
146.38779,74.90468,274.4034
25.1446,128.29433,86.570335
-129.10881,252.22397,32.44972
-165.73798,193.83328,-49.422134
-134.88753,191.06152,15.974511
-278.73425,279.07092,158.59138
-413.84158,281.33725,60.863224
-414.1268,393.61826,-46.354813
-229.51932,578.6789,-244.51834
228.94073,528.33575,-553.07697
519.87,241.5567,-576.5564
21.204536,222.03882,-94.82364
-410.01627,455.71216,234.137
-146.65202,240.43742,-68.51522
-55.02203,334.03156,-101.17499
-72.05706,681.9254,185.65558
-0.24827498,244.83685,-79.23252
32.065193,263.68817,-29.85576
43.654213,305.2297,79.062004
82.34502,-65.79829,-214.70917
232.68855,29.57711,123.26359
217.54745,-207.59242,152.25505
119.37689,-282.49966,184.84003
18.5146,-186.73486,645.0445
29.105246,-328.6462,527.7475
170.47852,-178.767,538.1667
169.8214,-73.61805,602.17694
111.98063,-93.94601,384.551
55.014946,-141.26357,270.959
3.7841716,-72.07366,202.27939
-74.6799,-51.916485,136.76828
-118.85699,-208.70572,79.74341
-39.41233,-234.35654,63.362858
2.3193305,-235.75317,90.77689
65.99006,-339.24255,23.531286
135.94157,-356.16574,-37.32587
27.396214,-287.62997,-38.991463
22.742344,-347.60934,-315.99356
154.13486,-457.9617,-556.2065
228.28023,-458.1942,-493.2129
188.94733,-345.47244,-442.4761
47.98264,-359.3845,-486.4246
4.8201585,-376.90717,-422.81693
-49.61926,-351.27283,-309.081
-14.868969,-426.43732,-345.33206
55.02972,-355.40735,-154.34879
53.341843,-372.6426,-37.374405
124.39886,-348.40103,-180.9107
41.4834,-138.50941,-126.99008
-23.136452,-9.058052,-158.64684
-59.453632,185.95267,-113.471405
-135.93936,254.16026,2.5966198
-78.05814,246.39375,-44.09153
-49.99961,316.76633,67.27529
34.222507,397.8653,108.629036
170.1221,520.22595,-34.669403
-118.56245,554.4634,-61.693314
-623.6634,758.1438,47.69296
-363.66232,582.05414,-203.90736
201.71117,70.77432,-532.0058
77.60247,544.9397,-20.262178
-183.8719,649.01276,167.28925
88.903336,75.11258,-163.5481
426.3267,394.915,275.52615
227.18448,335.0242,104.294945
-101.09719,102.486,-279.7739
-331.30783,487.1419,403.34247
-331.2039,327.72717,419.76505
-88.423515,225.13293,244.47243
-6.0819716,333.1033,625.0674
22.896673,162.38846,577.95544
-42.255344,94.314964,495.066
-115.28792,59.777187,547.1028
-131.79262,72.09073,482.82608
-77.25267,37.65464,413.62802
34.727875,-70.51834,373.47552
35.83692,-250.41437,131.43411
87.00313,-380.10895,-116.46316
-61.42198,-238.54521,56.283188
-271.0493,-339.56467,-28.632837
-90.63232,-480.39175,-282.9813
172.45404,-359.67563,-155.81168
216.20543,-387.6645,-334.33154
37.873314,-301.42865,-326.49466
-307.3498,-225.2683,105.46961
-399.8235,-409.3912,-95.44013
-72.193954,-321.59067,-104.47861
130.16982,-189.66068,58.20804
213.15036,-95.28033,-187.18628
99.423454,81.267204,131.78874
-21.504759,-201.77647,138.79109
270.12772,-294.37985,-127.99868
255.76378,-76.699715,148.3609
142.76743,-113.440445,36.300396
150.9729,-183.82874,-153.31013
35.43867,-203.0753,-91.56347
-142.90163,-76.77696,1.6201084
-370.52747,-94.926414,7.612794
-197.59283,13.054543,-73.52025
-9.45392,158.56454,-87.43758
27.079102,128.85358,-223.15468
24.365814,209.00195,-355.4823
-33.046932,93.582535,-652.20685
-140.11726,166.30653,-794.4535
-325.22345,235.65804,-738.0046
67.4712,-38.942513,-1032.7327
455.59885,-245.5259,-995.1722
187.43098,-4.0981674,-506.3644
-80.45949,297.02725,-228.72403
59.906437,13.041851,-259.30292
274.89365,74.480125,-173.98798
144.31126,260.7316,152.13408
22.25893,-158.95915,249.2385
141.859,-116.36531,514.8085
182.62483,93.83606,801.50464
208.24799,-147.05771,581.92834
329.4293,-106.138054,640.3641
300.29202,70.80885,658.8986
109.35161,106.645775,531.94415
-118.00775,125.95138,760.83936
11.373935,214.52066,795.1029
253.13283,284.60178,701.3881
49.533558,264.54996,505.62094
-248.67262,459.5478,431.5439
-331.74033,375.17352,609.42737
-99.711845,69.07722,496.2452
2.6815488,187.82315,368.6658
-165.26758,244.97804,219.31815
-208.55399,-22.69938,-57.304657
-351.65765,-30.033468,31.129229
-497.01907,202.98193,82.90769
-258.8649,160.92429,-99.12376
10.175135,111.818054,39.66374
78.863396,173.95139,64.16697
115.49064,-96.93461,-326.0545
142.96722,-319.26358,-586.2946
25.077156,-78.6076,-562.43066
-230.36389,-12.565613,-703.2622
-140.38919,-77.28955,-700.7884
-21.572405,-7.8952785,-256.56723
30.620844,-99.576866,-94.619736
98.774826,-313.7962,-182.71855
77.16031,-394.97763,-284.3416
173.13582,-201.79042,-254.39348
25.419905,-185.82472,-222.95625
58.069714,-115.03998,-204.08025
163.81775,-35.056347,-3.883036
135.7495,-128.62503,37.990482
90.38464,-31.383867,8.669316
9.427473,-30.56565,-127.13997
139.82079,4.7453094,-262.78394
193.83609,-121.924644,-362.97165
280.53595,-121.923836,-255.28578
106.63594,-23.466646,-44.62896
-18.555094,-236.74013,-130.89333
108.79945,-261.3092,-18.612976
52.545574,-272.17258,140.32637
-76.59576,-205.89166,188.77957
-167.73149,-147.18118,205.56209
120.05919,-88.4617,-57.280746
263.52386,-107.5223,-540.0489
-279.9253,-27.680792,-616.95044
-867.6966,552.98035,-39.73386
-671.93774,182.39156,52.612736
-76.597176,-343.34143,-260.03082
144.44951,536.1918,278.7228
-81.88108,301.3984,253.55891
108.54106,-398.04398,-227.66873
346.4674,353.40436,539.1852
-50.865166,58.306206,153.4166
150.93703,-275.53238,-248.17607
164.97067,157.81837,544.28455
175.61337,-158.42914,-50.83359
358.3958,-204.3955,-94.10202
-123.28504,108.60754,266.165
-52.35615,256.94965,-109.04286
-0.64090186,-59.571648,-34.58989
134.92139,-82.68522,-143.2182
232.26022,184.16333,-42.32067
-118.4424,8.950996,50.164307
134.12425,-11.596704,-77.91475
279.82617,24.433203,323.28412
247.62372,-33.96051,336.2175
189.72055,-99.904816,193.71361
-109.4592,-11.563598,474.5444
-217.58893,-106.02005,240.83282
-145.4435,-145.51022,44.74031
-26.053265,-51.820404,208.08197
17.45585,-154.89464,124.219246
37.82847,-31.605413,239.41747
-45.196663,34.059654,332.31165
-170.34148,131.03949,117.01066
-124.864174,169.7328,28.000626
-64.14859,114.326645,55.579346
65.891335,70.74825,66.61654
88.990776,52.84953,288.25418
-88.78861,159.26097,488.35214
-111.00019,43.484165,371.21677
-134.18257,78.892235,344.84897
-211.50224,212.992,301.532
-327.73044,229.9329,121.59381
-464.71826,265.8895,-38.73669
-419.43192,244.41922,-264.97632
-381.91348,226.97395,-334.78897
-331.05554,234.3846,-240.07462
-268.04614,185.67023,-232.90868
-192.17345,61.23815,-302.085
-99.00243,110.25526,-349.83353
-216.3059,190.01599,-448.15976
-373.5465,198.3787,-530.1788
-438.15884,159.50636,-429.7346
-391.18948,-0.2656406,-340.7697
-325.1896,-24.01984,-369.88086
-275.8584,107.54826,-451.06635
-179.6062,348.7132,-471.45734
-183.25368,387.8428,-417.17413
18.328154,44.52327,-432.1303
381.2241,-108.94563,-358.56665
354.0943,-78.406555,-306.2097
173.58197,-219.19814,-288.59344
231.14183,-304.86746,123.48374
537.1877,-298.74734,333.36786
713.2976,-328.91617,-39.289055
434.14807,-219.81042,-185.58876
167.82129,-221.94826,88.07855
138.94923,-390.87662,426.5639
249.59071,-288.15305,518.37244
308.91666,-136.47385,283.7722
184.7695,-179.82872,166.61789
193.79169,-346.36084,299.384
197.94354,-444.61163,344.32175
202.76273,-400.1494,379.10727
222.42441,-454.62836,482.13126
121.14885,-458.2397,494.76117
169.48671,-377.23026,424.34048
223.95703,-361.88004,203.8563
143.71704,-216.8868,101.52525
-32.54676,-56.218197,233.64473
-240.35403,-79.011894,329.7919
-218.40033,-35.029488,352.51337
-92.01685,-32.344826,312.205
-98.18885,-109.25251,151.50124
-89.53819,1.5110201,-209.5157
-14.247854,-4.9931316,-254.09972
126.557335,-104.12656,18.121435
239.37424,-63.323887,-75.33177
259.01642,97.064125,-165.06331
231.87433,251.9422,-43.263916
125.68022,293.05823,-29.463333
119.79123,394.21545,-41.927166
162.58958,501.6937,-129.21927
228.05661,618.4588,-268.00427
263.18286,633.38055,-300.482
217.6385,577.1024,-370.49405
173.12288,560.4405,-475.31638
121.75427,437.15448,-455.95844
173.27126,292.42795,-355.4704
190.72943,93.07631,-281.11612
271.84976,-23.107107,-267.9953
329.7823,-38.007908,-261.96832
214.20938,-31.961782,-173.86412
98.004295,-48.35982,-57.27858
-27.874142,-121.0356,-70.178444
-68.08954,-75.70283,-121.81136
-151.72961,-55.238873,-183.35356
-206.87607,-16.425722,-269.2663
-150.04802,53.50026,-289.08713
-187.67035,75.54286,-201.29333
-302.73422,106.78247,88.3914
-401.57468,35.801296,328.43784
-334.96628,-24.055069,401.50497
-244.59448,-101.386696,356.7034
-200.8888,-159.35944,203.7995
-180.6021,-80.521545,213.0008
-218.26202,-51.737885,353.05878
-168.57799,5.945123,522.0168
-214.67426,88.01931,553.57263
-315.2733,128.76646,347.4081
-324.68152,28.273312,72.814354
-339.55722,-174.8192,-285.67593
-305.95883,-56.68381,-406.2821
-457.7491,11.760776,-170.98561
-425.64032,-72.59281,-84.38846
-23.973534,225.27705,99.07584
-260.62152,249.50102,160.27412
-473.597,-285.17404,-443.18112
-114.97867,-492.8613,-302.5873
-135.48036,-455.3674,107.30346
-87.21982,-449.74466,-297.4219
-40.854813,-202.71065,68.16602
-95.833336,-114.00991,387.6741
120.076485,-180.68062,110.245384
42.149467,-79.26494,236.0968
59.89004,-115.76247,14.525248
206.50154,-223.27246,-68.89912
201.84857,-192.35696,160.11644
236.17497,-57.181698,102.23977
223.69041,22.875288,141.13205
287.36673,47.10439,186.21117
247.29187,171.16724,140.9345
156.39731,202.92073,-3.7124019
130.76396,147.70761,-127.297806
28.282364,145.21689,-114.6973
-29.039892,170.54083,-112.33958
-35.53178,191.95998,-32.580116
7.907932,159.31026,89.41237
122.6112,91.47059,158.21356
183.26933,56.966717,130.60104
183.92366,118.87091,64.89668
190.40872,181.60373,63.87569
178.0995,149.94571,29.860147
146.63303,96.55513,-30.669308
158.1072,51.52671,-50.685165
243.01913,11.691324,-29.586027
276.9354,-16.144144,3.6097128
256.3224,-19.296295,21.727104
217.12817,56.062847,95.848335
133.6979,78.61695,172.2285
50.287304,60.537983,218.5137
-31.372063,102.3626,250.4837
-64.57938,95.15493,195.81586
-52.89802,99.42739,150.67113
-53.865116,142.91899,98.828094
-63.77604,173.15529,61.822517
-121.760735,148.36108,168.3989
-192.34499,95.8034,185.02231
-123.0809,74.92968,-28.699554
-91.69411,-24.228153,-371.29446
-95.74525,-227.36917,-641.50024
62.552727,-396.96378,-596.68304
191.7403,-350.91275,-314.4636
54.111633,-94.27965,6.547417
-365.9034,-141.74832,220.69757
-474.43292,-467.22055,290.7322
-87.50863,-263.3692,324.26688
116.10187,107.55599,209.69518
-71.85462,59.593,-110.28635
-150.57198,-71.08015,-189.24431
-86.60647,-78.001274,62.202766
-177.71278,73.431656,-31.96558
-180.18011,166.36453,-433.35364
-204.63522,-17.66251,-580.1504
-100.07489,-335.5242,-529.82104
101.93594,-352.00037,-281.20398
6.937798,-125.58802,-203.02774
76.09058,-126.987015,-423.72675
187.19403,-244.41139,-343.94827
250.07928,-275.83948,-298.24655
282.27643,-228.41263,-355.36118
127.17403,-160.68056,-154.63266
142.15639,-14.01392,-17.042
162.1605,124.451836,-58.194714
179.15598,176.78436,-113.65078
211.23294,251.13045,-76.22358
125.49163,215.19273,2.573313
127.68773,157.69412,102.183525
76.88115,118.18534,178.5909
-25.659332,55.953625,169.52264
-29.731657,16.387932,181.44287
4.9046435,-13.143652,239.70638
51.294083,97.679474,289.47086
94.994606,211.42728,329.04205
53.941578,266.49112,414.90247
7.1533895,343.93997,481.78366
44.73602,305.76706,491.59787
45.48108,148.99408,500.52505
42.943493,37.491528,510.16693
-53.872772,42.523758,460.60272
-186.62105,61.613018,332.30557
-183.5417,131.38902,204.21556
-184.48,238.58636,100.703285
-152.94972,331.57672,106.10832
-105.55086,424.3164,187.59047
-5.1200056,288.31696,173.41748
226.25053,108.39604,52.240288
362.84796,81.71701,-117.34623
239.31717,-48.060375,-240.69856
-55.232494,-191.38506,-200.35524
-231.54312,-204.17868,-69.469376
-143.30618,-183.95033,-83.07868
34.341377,-195.54842,-159.38066
10.744271,-180.49101,-175.21858
-126.51499,-192.03795,-287.49182
-167.4261,-249.83388,-410.58286
-196.13908,-251.937,-409.65546
-170.39459,-327.70663,-316.10446
-102.358955,-394.43848,-125.39178
-34.018795,-288.39294,20.955711
-21.215551,-161.50563,99.80165
-169.27037,-119.40509,149.32765
-247.17822,-67.19214,-33.87445
-112.07537,34.342205,-261.97592
-9.661349,95.306885,-189.68893
-148.1132,123.13243,-135.70166
-253.80278,85.16947,-366.7648
-41.881405,-136.24316,-399.198
123.96643,-278.53326,-122.93686
-15.426076,-125.00785,35.36181
-130.55656,4.3814597,174.01537
-101.018166,38.23423,281.2232
-27.770163,55.74077,198.73944
-45.475773,113.251175,156.0135
-183.63808,211.04155,105.70131
-198.80215,225.93073,-8.730325
-170.29262,226.23776,-60.894245
-116.434006,143.06897,-102.90374
-29.16057,88.87963,-171.56766
112.99677,156.8885,-276.37723
322.79123,140.65108,-285.60672
284.16364,-0.63348854,-216.36125
251.20328,-28.000622,-122.01281
249.34793,41.167965,83.481064
145.72322,-42.165184,98.634026
209.39915,10.069778,42.76938
273.7177,179.4864,176.188
258.61105,236.35883,249.58658
121.21653,287.88144,315.91925
-21.615856,305.59488,353.29764
81.97653,241.39854,258.6864
161.42146,97.66516,198.25916
150.16779,14.700521,111.91746
189.47832,-40.097534,-18.753664
217.60329,-93.298805,-40.642834
131.23979,-58.674217,-35.303844
-41.27098,-90.7307,-13.107011
-101.08536,-134.00497,43.261143
4.224008,-130.20949,-7.3209596
181.27983,-164.22461,-111.64798
162.35143,-146.11478,-198.20181
-40.6423,-76.71425,-217.58278
-142.89543,-19.845339,-154.10048
-181.01352,-17.132534,-108.12726
-185.3381,-99.93134,-80.67496
-167.61707,-150.36897,-73.27779
-99.843796,-152.33508,-30.195393
-8.74368,-190.89493,46.538055
-0.4097162,-243.66394,70.74222
-58.734158,-331.9011,111.857994
-148.65025,-432.08804,137.10379
-144.49469,-422.0394,142.30702
-81.462036,-321.71423,154.66187
-67.58698,-236.29788,69.22194
-166.19107,-195.21695,-3.28896
-315.79803,-180.63177,57.866333
-345.1238,-122.44905,76.83767
-183.76897,-92.54667,-91.588264
137.2073,-239.57164,-214.98044
242.50536,-342.53848,-77.90115
146.05516,-180.9935,117.80597
130.64314,29.188534,165.09285
34.8391,90.82982,84.401115
-31.677038,91.202835,-7.932477
-32.67477,129.04529,-96.94761
-21.047012,144.87961,-180.32254
31.356384,96.99795,-92.916794
-99.769035,130.6396,70.95642
-129.78116,278.1411,53.97764
-6.606951,366.4508,-82.538895
-23.291271,344.05884,-141.4443
24.540516,269.60138,-111.856514
153.99077,244.7411,-105.17748
221.36433,255.68954,-116.87184
157.92294,206.91817,-167.05011
42.07897,178.23083,-292.9019
-84.638954,190.69164,-362.6116
-195.3054,202.97781,-189.06776
-184.60187,213.59631,116.49764
-114.60707,195.61739,181.39098
17.41551,181.78455,82.48441
8.505517,214.14787,30.254358
-160.55035,233.18779,-68.51989
-250.47034,226.36685,-112.73167
-233.7726,260.98438,6.844454
-124.65675,273.9519,126.04128
-38.391945,224.93582,156.9945
64.80062,129.08261,157.86545
229.29158,125.26642,213.7351
288.30084,233.31157,387.0688
153.87053,202.88298,539.1447
28.62333,127.751305,638.3073
22.95149,109.90873,690.021
14.053413,97.04245,534.6537
17.31021,63.110153,353.65265
-30.483994,-96.90332,237.475
-1.5769216,-191.71841,54.752274
96.33758,-145.8833,-19.53055
25.736195,-211.86166,33.96143
6.7607255,-271.70163,14.761156
92.14961,-203.26683,-4.4850907
166.93341,-154.65623,-18.852993
226.89272,-155.39868,-179.55635
212.94682,-183.31964,-278.25668
150.41066,-26.810408,-224.22244
-6.220394,186.98007,-241.67369
-195.68092,120.79769,-376.933
-223.01892,-118.52036,-628.53326
-154.78424,-430.48254,-823.30536
14.284438,-619.2263,-657.3634
209.98466,-613.88684,-258.78403
144.51155,-492.44818,-148.2055
47.152702,-346.24878,-231.76154
-128.56453,-346.24832,-72.858925
-367.5391,-344.03122,-81.23029
-219.19987,-221.46585,-255.73842
-84.78408,-82.678345,-231.70798
-67.88536,-78.380486,-271.28394
16.829527,-148.59016,-206.87532
14.518479,-83.2142,-13.345187
-19.585798,93.92048,9.419764
-123.81197,198.51562,-69.70494
-62.236935,89.0484,-283.41162
244.28235,-1.1878173,-414.4131
356.53192,127.624794,10.842282
203.62851,305.0224,546.60754
185.69522,432.4326,396.60825
211.43799,343.45316,139.42166
-32.773857,162.70541,269.2748
-185.10542,185.62337,270.71732
-94.0512,125.474884,252.95712
-35.994717,-7.472715,360.10822
-69.06896,80.06437,362.00534
-106.73327,246.74294,280.46585
-194.70096,280.24667,165.81358
-355.62378,160.16142,171.81784
-336.56644,30.938437,280.04565
-152.54652,-20.211866,279.3791
-57.286167,0.9514684,296.2533
0.24658482,-32.111225,346.31955
79.09502,-83.37209,323.44086
127.42278,-26.762812,356.52988
137.17447,-58.8292,382.05386
113.77713,-178.1426,294.52737
167.06,-166.92398,147.51497
267.66827,-114.859344,28.519382
222.34886,-159.67143,-62.0229
125.417244,-138.67899,-83.28924
110.32176,-55.973064,-18.149406
92.48177,-89.26233,-89.84769
107.291985,-167.09438,-230.06898
178.04408,-223.80623,-255.88193
224.69272,-200.29933,-159.02022
240.48743,-75.67623,8.112244
227.23912,-15.974005,164.16068
223.66086,-21.693333,227.26788
186.04195,-26.63565,53.901188
65.01228,-87.29212,-183.76457
-123.53889,-66.922935,-249.48042
-322.12466,42.05552,-259.94998
-285.42584,83.44307,-327.8538
-114.59361,42.373398,-376.46005
-89.71849,-71.92104,-302.5403
-153.47473,-84.14403,-141.44252
-202.18645,-26.358053,-98.613556
-119.87854,-24.324366,-221.24327
7.4852443,21.3652,-274.82632
62.36282,103.285515,-297.94406
100.02811,213.49698,-422.75134
81.5741,285.15332,-523.68536
18.49617,231.65814,-591.77136
-31.114183,163.78079,-591.56226
-41.48933,173.83446,-516.0136
-25.521055,189.14656,-459.1707
-143.04787,263.97226,-349.6324
-400.9323,394.80505,-221.27599
-541.78284,452.198,-160.61406
-496.58664,549.3249,-176.90956
-284.96313,503.5949,-189.04137
28.202435,237.3992,-126.062874
179.87991,143.54108,105.922585
40.751007,175.91,444.66342
-103.26835,127.55634,392.10583
-100.347946,-59.43148,272.31625
-180.08704,-266.73508,452.17316
-166.56598,-288.99908,495.36975
-23.650557,-305.16196,548.44305
45.54999,-389.2129,583.5744
92.95096,-348.31668,438.12952
58.170372,-192.94827,372.6138
35.971874,-191.11333,395.93585
101.06029,-314.79053,458.0505
241.62459,-329.87695,537.23395
333.45953,-323.74347,625.4978
281.87845,-286.43387,606.5059
272.5156,-241.28387,490.13318
232.34338,-220.88388,497.4943
158.91972,-194.20807,504.20612
123.12598,-185.22691,401.7349
74.4875,-82.74347,224.22615
84.09175,-37.4588,-24.03533
93.898,-89.43511,-108.75967
108.9294,-77.27024,-105.877884
160.74753,-99.15067,-243.26385
118.89753,-136.15677,-323.11493
31.24112,-32.445805,-292.142
-3.8982742,119.783455,-266.5999
-9.174624,211.69954,-279.08972
-6.219238,329.16766,-274.315
11.211208,364.29224,-286.92474
30.915,181.80428,-552.0252
-1.8384969,-97.91595,-901.8687
-7.6596313,-273.58887,-791.5701
44.854088,-194.64021,-195.3376
104.34569,-16.739338,211.80241
115.790695,119.73099,188.37935
42.203396,377.08374,194.81024
1.2101171,508.242,187.776
-10.306841,315.97763,-20.324991
-1.4010209,255.27457,-42.861084
-155.46034,328.55045,1.0926361
-458.56943,146.04062,-157.8153
-460.86676,-86.2646,-72.288506
-322.15842,-39.55809,180.51334
-233.2569,107.93459,29.445154
-246.40663,79.68574,-183.90735
-396.76688,-47.83151,-22.232388
-321.74985,40.51408,-17.29777
-214.65527,168.7151,-177.32132
-316.19028,50.7766,-63.823166
-330.0795,-10.3167515,67.97134
-91.874245,58.899746,10.553306
242.64783,-35.552742,-242.94952
258.37347,-256.67365,-231.44727
-116.54149,-212.26326,240.90152
-273.9366,37.15666,255.42664
9.883475,-5.236094,-178.31657
96.6507,-257.20413,-55.05616
-48.733044,-103.54462,213.11647
70.5728,198.4605,7.976331
213.48724,48.216454,-97.02887
65.24947,-144.10626,25.964863
-34.560287,-129.47902,194.55347
82.74383,-135.09407,121.14995
193.58398,-266.1441,-202.71985
220.15556,-339.66223,-291.95966
255.64812,-258.7753,-281.41486
383.77283,-164.00543,-154.35056
449.7648,-15.319662,4.248782
490.2885,58.58935,-9.544614
495.07288,42.76026,1.7405798
392.1321,-2.7198472,-0.89937586
351.07098,-79.705826,21.418129
255.40913,-131.74426,54.32071
141.4686,-239.31079,19.351233
80.03445,-241.27843,-32.785107
-28.249498,-119.25362,-113.0149
-88.17594,-116.29559,-153.85533
-0.76191217,-105.54877,-47.538685
165.66512,7.3851857,53.312595
249.56635,114.301506,-43.479733
158.46999,130.71988,-186.67389
-39.732746,46.95445,-195.84598
-70.00168,64.10234,-69.86908
-45.497814,164.82431,121.747795
-128.21458,148.07173,261.83975
-181.42685,78.71958,141.5174
-322.58212,94.54251,31.005005
-418.71948,190.69357,257.92114
-355.337,253.75816,370.43204
-267.0525,268.7318,301.1879
-257.31998,266.05795,295.58163
-324.58975,219.53865,191.58833
-291.92273,205.67232,144.29062
-307.63962,241.24101,299.6465
-347.79056,273.20227,379.4745
-283.80145,274.22296,325.84714
-235.47838,143.3292,264.2872
-199.88847,21.201668,216.46162
-200.30309,10.65851,195.96227
-163.91626,-57.912113,105.318115
-151.4891,10.472382,-64.064804
-192.70764,319.20364,-165.28598
-145.64195,413.66803,-367.18445
-6.020905,-58.04193,-628.18274
239.96997,-571.39014,-317.72504
391.4738,-408.0105,278.56012
488.75406,76.2511,9.87098
550.5509,133.18939,-592.8
270.1334,-222.13544,-509.43665
-1.6737239,-257.9707,-457.32858
21.801325,-15.981164,-349.35428
102.42596,-111.32156,-34.32502
133.14716,-169.80316,-332.31583
279.22702,117.99872,-524.3768
386.94382,42.26954,-399.22272
131.54053,-174.41913,-452.7071
13.076246,113.79892,-135.4236
35.12208,55.43164,64.525406
150.54407,-299.17062,-146.21115
390.18274,-382.11453,483.3962
89.4312,-173.65878,936.00366
41.828495,148.3112,544.9791
40.80138,29.269495,823.81256
-440.25168,-64.09303,686.18866
-140.68909,87.60801,182.71815
137.17046,67.99133,350.40924
-155.8187,-173.90036,207.53558
-110.51667,-125.558685,120.13957
-43.239864,129.10344,307.7758
-237.56932,88.95254,257.10873
-284.2619,60.916573,91.3883
-179.74055,3.8701847,2.827789
-206.50433,36.898647,-193.6931
-172.10408,105.54893,-372.36255
-145.93098,71.83871,-226.41402
-172.05882,83.19001,-97.912094
-41.452766,74.10022,14.942866
37.848812,59.458496,85.75317
-61.44123,-45.204563,59.24905
-74.23977,-89.57264,-4.349485
95.30986,-63.503723,-50.727028
174.23242,-83.111206,-69.55133
172.1972,-212.4311,-270.69113
86.88799,-344.58807,-351.25128
-97.95368,-309.58206,-294.1816
-174.84454,-254.20583,-344.31372
-197.8206,-242.21199,-333.3982
-210.8835,-234.03969,-201.87672
-132.79733,-123.4491,-111.11594
64.300705,-42.48662,-226.90848
357.54065,-136.98152,-569.1779
577.7005,-195.50494,-885.5943
492.25323,-102.10856,-548.4505
196.22308,13.096712,109.29535
166.58664,80.408714,-42.72027
334.13974,34.869816,-261.14603
204.55537,-11.005264,127.62086
44.154713,96.112564,70.13004
123.57684,51.05236,-103.91126
140.71555,-51.104374,49.64466
143.4803,18.153072,117.091385
226.98189,149.54427,307.9766
166.0925,265.03174,449.3405
-2.6435611,252.43388,521.49994
-107.59679,169.1185,538.497
-207.837,54.906704,423.58084
-285.69263,94.89849,393.2948
-268.39432,333.222,355.7289
-266.86847,388.2756,230.46487
-289.3579,227.06996,-80.73391
-281.9621,185.39442,-241.94846
-338.22595,217.38924,44.893173
-405.01187,110.7306,225.42407
-333.70688,-53.92629,51.138092
-306.27124,-214.28868,83.91822
-295.23926,-249.0215,265.12738
-78.55029,-308.88364,94.93118
82.23715,-432.35098,10.409837
55.3605,-326.3204,110.49857
-46.34482,-147.13948,133.77635
-97.49807,-110.31678,207.09412
-49.867004,-33.059555,186.5294
-181.47989,248.1362,194.53368
-392.3224,332.91605,279.8016
-139.69037,343.1891,172.8399
267.3542,623.07635,75.601166
158.04265,688.43726,-190.86543
-3.4841282,458.4244,-544.4188
137.35138,210.58267,-203.03311
237.44133,69.42239,-14.412285
224.2945,67.690414,-508.38568
115.69027,50.310287,-508.05493
74.630005,-117.098946,-124.84503
177.32039,-177.51787,81.5134
198.61156,27.886374,113.80807
173.89525,27.766863,-16.897345
205.61258,-142.50876,107.99293
171.90123,-120.8088,255.92455
167.90723,120.66288,38.862705
235.91682,373.0504,-262.76913
260.48434,69.52947,-584.0294
290.84933,-422.53116,-625.293
226.98573,-216.24556,-103.21589
126.19835,270.53745,39.423237
188.23322,177.37753,-533.73047
121.26049,-287.37497,-395.43542
-249.137,-220.01505,187.55255
-355.50623,201.81769,-40.3902
-96.9794,183.00127,-181.99033
-59.546757,-61.38439,-34.775047
-201.32019,-167.15813,-211.97435
-69.9823,-162.20049,-142.8458
46.511364,-115.457664,71.10223
-184.68698,-60.50814,52.047626
-165.32571,-54.61251,82.21337
-53.496655,-178.929,187.33856
-137.5399,-237.50854,303.81534
-14.670141,-197.26617,308.96857
42.180252,-264.02695,180.05157
-28.921633,-382.90466,153.09058
-37.702087,-415.38852,349.34595
77.70584,-211.24307,567.32196
213.61086,9.258584,428.41385
158.66568,-250.25996,402.33426
-59.606384,-508.73453,600.19714
-182.17018,-306.58783,341.97556
36.56413,-25.522858,179.64314
138.73642,21.815584,275.09482
54.29353,-163.75133,99.08687
-19.440836,-86.92618,118.72406
-160.18694,60.94898,224.68813
-178.67706,-29.122692,30.460857
-81.760155,-82.89745,9.887296
82.83937,-155.05554,-79.89898
40.47857,-100.1447,-340.47018
-154.57736,-9.731813,-129.49707
-82.35704,65.680016,-12.5498085
151.23116,99.56695,-401.63794
291.60208,27.24353,-603.86865
28.399359,38.461018,-473.57095
-275.7619,22.270136,-271.60568
-171.06845,108.62865,-102.47627
-59.609688,161.96426,-151.55838
-81.09074,119.27113,-326.7286
-65.576065,107.24673,-332.00305
-43.53119,57.096794,-273.02097
-80.15798,212.02603,-428.76865
-122.41737,343.026,-653.3272
-193.14891,285.33408,-474.5935
-122.385284,245.1742,-137.34235
167.7461,289.49216,-111.43538
375.19907,337.90826,-296.18842
521.3974,102.92601,-471.23364
559.5892,-95.86183,-314.36603
324.80887,129.81157,270.69653
124.58272,398.41086,495.46127
364.70444,341.90497,62.437454
440.56183,161.63184,255.20241
-23.870144,217.14468,582.2846
-172.01373,277.7002,163.06303
-27.285604,167.7457,232.0713
-90.60111,97.833305,448.29596
-125.43723,137.22858,298.35828
67.20602,208.55763,389.8224
77.9012,33.254993,541.6117
-78.73958,-130.98024,579.4229
-4.4694953,-84.74814,545.2906
-89.50242,-70.3596,428.21826
-293.62054,9.863293,350.72122
-295.47937,13.611121,338.2716
-299.99557,-35.05935,127.456856
-471.28363,-29.51914,-25.990574
-556.4979,-93.71042,88.77423
-429.0297,-85.63796,148.02493
-326.51196,-22.72672,114.00375
-214.6072,-43.33886,-115.30614
-214.08588,-206.6688,-477.9526
-237.99545,-329.5607,-481.27615
-169.21387,-262.83902,-118.724655
-53.233055,-224.35454,-65.432686
87.324585,-194.04231,-321.78717
18.377066,-93.392525,-287.78247
-93.619965,15.655604,-201.47926
-98.56443,50.15305,-324.8472
-19.872969,-81.48647,-273.52356
-54.407337,-183.51105,-163.52562
-160.82014,-212.19716,-202.82811
74.804596,-177.39223,-262.117
478.64484,3.7480316,-417.79095
613.46075,-7.256232,-469.37466
308.26465,-126.087234,-256.54596
86.84686,-8.54004,58.481705
289.69128,29.75128,55.428898
355.3941,-68.8678,-263.09134
149.88957,-202.54579,-142.0607
-71.15979,-379.9711,303.43423
39.280766,-298.5635,731.7826
319.32547,-83.954544,809.1883
97.76381,-67.0452,466.40387
-131.06242,-115.611244,546.2279
-135.38368,-49.370304,536.17413
-213.6951,415.6954,-85.92427
-119.64938,859.206,-805.43115
46.505016,191.09625,-1213.3413
96.11852,-729.72003,-745.3255
3.2378745,-718.7365,2.2244194
161.77513,-99.34987,11.53756
564.2362,346.05582,-415.97772
501.13657,-45.45425,-407.8541
-11.064483,-304.47147,18.597097
-72.44416,9.757636,203.81232
304.20425,6.370029,85.19223
93.98522,-277.63098,74.23715
-287.8495,-321.74533,398.90286
-378.1008,-49.37582,572.97925
-299.38968,109.45267,431.8013
-113.411385,46.732113,427.0175
-107.78275,-42.19449,256.73636
153.43791,75.841705,-73.28505
378.65582,270.92407,-166.72678
282.14993,316.5579,-272.38864
219.2115,367.70236,-248.68944
-17.949308,368.03665,-113.05111
-259.79437,283.41214,-86.600746
-242.48285,200.96677,-14.767262
-78.68261,241.50127,5.084746
-60.49345,279.24475,-48.19901
-127.563286,114.03834,-126.037346
-109.70882,9.76722,-28.285053
-115.11549,49.946476,178.5262
-33.114563,94.78997,60.450245
42.504276,136.17699,-147.15706
-16.562065,98.717255,-109.66815
-67.72345,126.50846,32.982292
-85.747665,221.34372,181.15042
-101.74385,245.47281,367.9564
-172.39424,275.9143,480.83493
-195.11244,241.11826,462.5411
-20.815098,265.19235,419.91766
20.768328,269.26434,157.54546
-157.41774,145.23299,-93.527626
-314.7714,142.49567,179.6422
-360.6048,131.70245,316.22205
-283.60977,39.412212,55.735516
-205.80984,20.19157,73.70441
-77.53404,22.872633,95.58615
93.464745,-45.334858,-37.725945
128.9714,-152.38464,1.4121743
-129.90201,-163.35,57.322956
-416.73013,-134.43388,215.77771
-210.7366,-342.48117,280.64392
197.0576,-340.94858,115.06299
115.900116,-10.152731,32.683163
-68.28679,-156.89603,-206.80894
117.476776,-365.27167,-117.292206
230.29321,-203.94936,135.26334
263.44608,-111.450035,-463.61877
138.94981,-237.23969,-741.57446
103.107086,-682.0749,-333.25638
439.7372,-822.46466,-196.8995
389.2465,-326.03406,-86.90457
276.7438,-51.20699,-110.0328
506.13132,-156.05147,-172.26874
496.28262,-153.64453,-28.583843
308.38635,17.453964,-190.66583
154.07272,163.20193,-396.29327
40.713478,30.663599,-304.06165
56.29777,-243.01816,-225.38766
74.43267,-216.54526,-91.940094
43.636063,-63.39954,-58.47775
-69.873314,-11.680183,-194.14822
-200.17368,82.713875,-56.197212
-147.22485,42.441536,-113.51271
-149.96301,46.177353,-466.83405
-223.11798,254.75748,-263.00983
-78.74854,205.18706,29.161726
159.20872,70.310005,-211.63925
111.84681,153.82674,-186.49759
-41.89328,166.5939,141.12596
57.822483,120.18625,135.44794
150.09828,135.15266,41.196613
106.56425,174.26778,-64.639084
-127.20952,271.04443,-105.41912
-247.82193,174.94432,72.808525
-91.48126,36.47785,143.6042
-91.04693,137.08913,150.80489
-38.28104,88.637955,146.19308
-76.66189,-45.683777,103.03286
-262.3669,-80.36308,254.1146
-163.27623,-97.356415,324.16257
-117.317276,49.07058,176.76854
-262.42905,106.68367,132.99261
-365.05896,-84.95097,116.0943
-335.5879,-53.33343,197.56752
-290.44202,202.14497,200.8109
-304.60712,280.7633,-92.5037
-191.53873,160.48357,-102.78771
32.096195,17.318466,1.4201075
96.90743,39.98347,-2.537369
-50.441334,39.768284,185.56401
-0.78850645,-98.41826,332.06244
138.42781,-78.69659,362.73868
72.99302,-7.5085588,347.67523
106.75643,-74.475525,376.65237
192.55653,-116.49452,503.4962
186.08768,-61.172676,401.39105
130.47998,12.496415,-17.430437
79.18798,18.46846,-267.94687
133.85252,-16.905846,-112.17313
64.79531,94.55892,118.83699
-66.69695,166.50677,175.61772
88.13927,68.02127,30.547714
281.9794,89.05657,-37.855003
230.20233,51.059025,-96.84604
164.61552,-169.8875,-305.6818
98.81493,-332.9632,70.92968
5.3584433,-320.70908,646.5098
70.35038,-154.34122,407.5722
83.32765,-114.617294,-9.363326
-13.439417,-246.42398,43.96724
-54.438038,-242.95958,292.02872
26.124596,-31.708673,232.54832
145.07962,147.41762,-127.870735
111.15305,158.81607,-217.06767
63.278595,83.80367,-154.72041
136.62932,59.823765,-363.98175
121.75101,38.697456,-687.4835
-119.43066,-129.11523,-873.2066
-184.62425,-203.56671,-609.76465
39.51268,-145.44629,-319.3862
216.62625,-129.1703,-592.1567
200.84946,-65.73879,-617.569
4.461747,-35.683365,-393.213
-138.24168,-25.167948,-484.061
-186.02596,52.858707,-497.7048
-252.44513,137.41753,-401.00284
-419.10806,168.26402,-258.50232
-425.9075,117.689125,-98.70304
-184.30347,142.76569,-45.806763
-87.47224,135.10176,-98.63389
0.49366075,9.415273,-36.23063
53.27184,15.021514,195.76332
10.443806,72.4907,310.3229
95.63513,148.22878,395.7499
121.97284,239.12616,453.40338
54.026726,232.38658,424.59518
-1.2453413,252.28192,422.69815
-53.448,270.20148,444.58487
-79.4887,237.47757,438.01688
-30.12437,219.33723,411.58838
45.59593,197.98625,373.9143
31.645933,213.90495,248.3165
52.265347,258.76385,217.54181
47.2376,140.56407,243.445
-49.469807,-56.605988,154.57446
-14.097363,-166.09416,25.4285
68.73157,-294.32806,-166.03775
140.39066,-293.84485,-158.74312
156.93439,-269.95123,-60.284927
106.31571,-394.47458,-104.2314
102.48349,-420.88876,-24.046486
-55.166153,-444.02545,16.68809
-210.76614,-407.69846,174.89406
-119.90589,-196.05562,494.25867
40.66398,-105.01518,421.56143
25.257692,-44.890007,187.07616
-157.98709,-52.058563,-14.855033
-158.15712,-340.12665,-364.73062
-119.63694,-422.4267,-467.10715
-198.21892,-212.41985,-123.2869
-153.52615,-182.48915,16.8911
15.720238,-207.19176,-161.83649
196.9251,-65.19104,-163.56378
210.83289,44.0865,-62.047897
152.21233,17.159569,-191.98041
168.09729,29.779163,-463.94916
179.25334,151.6583,-198.6835
225.33519,221.06184,223.67719
242.89124,146.66882,59.35645
124.20815,119.1492,36.910034
-16.535925,215.66722,72.61622
-109.326836,236.77177,-233.10759
-173.42522,247.08781,-313.8042
-104.98272,325.53693,-194.8282
-11.721635,309.26157,-146.78557
69.39446,296.00635,-216.96684
116.848526,334.6257,-188.64143
13.2479515,283.36758,-31.00212
13.25504,247.86766,29.101364
-4.424325,284.5696,132.54054
-102.913536,303.4656,158.22493
-7.67824,277.03226,31.9251
71.77819,248.97177,-25.714033
-83.18657,229.8289,67.05038
-296.38177,140.98094,226.13492
-369.19193,93.74495,225.67113
-341.52536,124.68948,98.89364
-277.60117,81.77644,28.20213
-230.41312,48.33254,116.0668
-135.8658,65.69923,306.25497
-39.197388,41.052357,357.28555
-13.963494,-25.253525,253.91925
129.2337,-121.7419,154.8081
296.77893,-179.45267,92.778305
361.58334,-119.20288,87.71376
299.41776,-38.321407,126.93123
112.92608,-37.779842,59.711617
-26.22306,-32.949684,-82.8347
-67.98721,-55.750298,-126.87524
-30.166643,-178.04172,-112.06917
27.23094,-237.91843,-106.08977
-6.729197,-244.88364,-102.64346
-92.201866,-330.01575,-42.41832
-64.905304,-385.11887,16.769287
118.747215,-438.26572,-80.46125
202.36066,-505.5146,-184.62956
32.843327,-526.7426,-67.21489
-106.54931,-572.0478,76.934616
-114.83562,-470.07462,-65.91868
-155.23552,-346.11755,-325.30478
-195.54944,-352.61288,-407.47034
-189.87907,-325.7574,-288.90344
-176.43727,-289.5389,-137.32231
-143.19972,-80.34785,16.641777
-34.49015,32.343945,135.31996
131.90425,-110.7045,-104.36715
331.20184,-1.1508698,-481.41922
411.94595,72.266106,-464.9496
282.00507,22.30646,-216.33044
186.65756,187.66008,-124.840126
131.82535,201.59834,-107.83023
98.37994,209.34094,49.014977
162.85347,365.78217,283.9887
115.13036,350.91782,239.27907
2.2103684,416.0747,78.454895
21.480818,476.62024,146.81375
82.02455,360.9928,105.02082
87.74107,385.7973,79.27976
82.22747,405.466,194.258
132.67857,318.19745,313.29285
186.77039,306.8456,438.78098
195.98947,328.6204,469.1529
152.83481,343.57056,561.54083
56.133583,310.12247,516.05927
3.4882762,254.06541,264.1984
-4.053635,175.15291,73.96222
-33.71952,105.348434,-12.176902
-65.462006,137.33147,61.799103
-54.188374,93.596794,115.083694
-56.146793,-24.676575,77.848755
-78.416695,-114.752014,36.765182
-98.78704,-202.1254,-71.04736
-158.16426,-281.21112,-166.87117
-130.25768,-327.7643,-178.00728
-105.32205,-272.79544,-147.42819
-129.68376,-182.90125,-147.83899
-43.73061,-143.92079,-221.37785
10.812203,-166.39713,-317.50513
-75.25367,-208.13911,-463.87253
-217.58675,-242.06087,-525.4884
-190.49178,-307.88235,-354.22934
-25.28787,-356.80478,-216.52145
21.577785,-369.1465,-178.44809
-38.529953,-391.88452,-96.84207
-81.50963,-391.72534,-39.376457
5.608585,-318.2752,-37.92047
20.61742,-212.58592,-33.899685
-166.73015,-184.80309,61.14484
-291.02216,-224.66339,204.36456
-297.17493,-220.06363,222.18175
-268.49683,-148.95148,136.68755
-275.13318,98.07942,140.35547
-272.40045,320.53183,177.1915
-210.8183,222.60632,56.438576
-252.21585,197.09692,-64.73262
-211.05914,211.05638,120.46588
54.022163,108.06772,334.0975
216.15086,176.22858,146.75351
174.1756,154.05174,-36.578587
110.08441,-33.80087,-62.207012
33.2107,-97.40041,-17.799257
-150.1253,70.64008,272.0547
-142.6489,212.08356,333.00577
6.5754776,140.50443,83.9737
27.966856,155.83249,28.621227
128.32445,191.39426,117.79936
167.39413,193.24203,17.5949
209.52386,303.89795,-172.65599
216.01909,375.01764,-177.71922
-53.434574,335.62515,-41.27151
-141.82309,255.21909,79.12291
-27.898506,228.26526,60.731544
-6.091571,223.09578,-42.080025
-28.061188,151.37318,-226.38315
-35.729855,143.77394,-351.1794
-27.375713,169.00998,-390.34064
-17.703365,119.33572,-417.89944
12.42804,62.911484,-234.61879
87.01983,-42.005894,-90.8685
123.67058,-93.20023,-88.84765
96.24068,-72.78768,-92.37744
115.953156,-108.5675,-140.69821
104.84748,-163.32219,-125.17735
97.09238,-209.90892,42.485703
218.71672,-263.6561,255.01358
397.33456,-304.47656,343.6161
434.55057,-279.83572,432.40817
256.20395,-317.38034,419.29712
155.72293,-380.4237,246.7373
169.82756,-336.77933,88.42267
128.4098,-307.4003,-57.56443
73.123215,-289.21854,25.77951
121.81616,-323.4619,31.068632
271.3825,-361.46027,-193.61769
200.65677,-245.44046,-234.66786
-15.984486,-238.99968,-175.88463
-7.138921,-270.5395,-11.26495
68.78021,-61.215435,153.93925
21.444094,110.998825,210.46371
-45.009003,192.58253,300.66653
-25.355482,311.177,222.31262
25.692745,421.44888,66.26264
-0.9248767,450.17538,65.28379
-16.232145,340.05164,-20.487896
85.59115,304.35184,-221.32668
48.960773,371.91412,-344.02505
-155.56342,308.05325,-291.54025
-126.96241,200.737,-207.4456
-52.071938,165.40587,-325.20694
-108.07115,110.00078,-290.3734
-119.321304,152.6797,-64.587135
-166.16791,290.09894,36.39714
-270.7804,314.85083,-21.5335
-346.38834,279.72354,-120.626205
-203.95538,13.87731,-121.904816
-170.90784,-383.44427,-165.98994
-424.78406,-355.67047,205.02129
-410.53262,-204.4219,601.9032
-229.52516,-292.7167,141.03308
-204.74648,-292.55936,-146.18591
-262.65363,-309.3448,112.99914
-239.76096,-355.70773,223.68964
-89.30772,-175.65883,219.59802
32.05797,-112.44337,201.8861
25.02822,-114.6791,225.63576
-3.3914568,-50.99742,132.49893
53.843903,-43.891758,-83.34121
-50.09172,36.88584,-21.985588
-237.11472,24.731169,170.79025
-178.61784,86.913345,284.94736
-32.841892,188.0797,187.46353
89.605736,71.51678,8.175933
240.38808,22.693998,131.59016
324.13785,23.590029,181.35706
297.02744,12.395409,101.61839
243.26976,30.292534,88.38565
222.12709,40.14338,3.8558176
212.1647,28.493767,-74.104034
175.85109,87.34011,-66.633965
150.88734,235.97176,59.788586
92.49332,341.16318,50.325756
-6.961931,419.39597,-42.155457
20.639048,381.44104,-97.60244
65.50153,282.22516,-358.17554
27.802753,197.12395,-615.2502
41.169327,27.233795,-722.357
131.25377,-152.07568,-671.76294
235.32263,-205.05057,-492.33853
182.0425,-119.2021,-314.387
99.41135,-70.787346,-145.1663
268.96082,-90.564125,-45.53871
369.74142,-118.62444,-43.574127
141.6426,-100.03052,11.871509
-51.97357,10.027739,191.87125
-53.402996,74.779564,101.90695
-104.29273,66.16419,-176.30103
-176.88446,36.010387,-146.58597
-8.317734,27.210539,64.54159
196.98746,-8.912397,88.34872
51.289524,-72.58089,69.34919
-153.42552,-48.38918,389.4355
-146.28137,-40.790512,587.0109
-151.36374,26.28948,515.707
-231.31042,108.48014,533.2412
-316.9931,72.42995,510.6165
-305.40085,144.55861,486.38193
-199.7619,194.36313,414.39413
-142.22185,84.70919,324.17133
-67.355606,-214.58153,134.74203
-46.57874,-520.9822,-136.73763
-287.42343,-343.9175,-1.4290076
-478.03918,-169.05449,109.70887
-293.52118,-319.17566,-245.50706
-65.219025,-259.9227,-414.72195
9.491621,-190.16487,-169.54369
19.902908,-215.09392,-187.76523
31.52452,-139.61075,-394.58743
144.35582,-180.80232,-361.0186
159.4815,-213.42244,-319.11115
201.6243,-170.45978,-304.20178
313.2034,-141.83647,-379.91266
168.63756,-86.48412,-332.89273
72.29439,-62.65025,-138.56943
76.67568,-29.318708,-206.74863
30.162731,13.446351,-250.08495
95.84569,22.85745,-192.82826
172.57246,60.041183,-182.71054
181.39049,145.0822,-107.164085
169.979,154.40608,28.517914
191.74309,94.339424,141.95573
218.84677,88.22451,140.66776
176.41025,38.418495,60.774193
96.52124,-49.378742,-12.938352
-51.828674,-44.965492,-101.581764
-167.33774,23.192259,-78.24949
-76.50841,108.61916,128.71202
-14.158257,185.13133,299.1918
-158.00548,226.1851,415.19263
-220.40103,175.72656,431.9704
-132.58882,149.51245,361.95596
-97.648926,176.7981,277.5676
-50.730453,136.69788,233.70755
109.96277,185.17706,336.26227
260.19907,238.81041,307.79047
200.67642,260.88702,265.65588
26.851398,270.5084,302.8081
23.876678,131.20123,185.35898
23.93778,95.798294,73.521545
-45.074726,159.10852,138.35928
76.57996,152.53091,361.8304
157.93265,77.927734,288.91898
9.373495,12.3304205,-5.8068333
-108.16229,33.475155,-42.99151
-131.47562,4.3619294,-5.8354583
-159.51111,-1.2242637,55.24403
-159.65169,-45.938713,75.109055
-195.25496,-124.72602,51.721146
-279.64517,-71.00204,63.542038
-208.86183,-32.641815,-109.35685
-106.595474,-2.3736386,-317.22006
-163.91432,-39.802,-325.9268
-236.6053,-104.271065,-169.35918
-182.96361,-127.88372,-131.3083
22.478157,-129.41124,-269.1853
228.23096,-22.658756,-294.53333
301.39703,-185.44662,-352.6813
152.2757,-568.94977,-404.14117
-108.545364,-487.89215,-199.64792
-119.97379,-108.7449,6.4465957
-16.507597,-154.09483,-242.4605
64.78337,-229.74243,-410.80438
75.24458,10.413686,0.09184878
-146.19804,-38.583088,-109.25437
-156.25629,-57.79057,-396.40497
-14.166419,57.235016,-253.14789
-70.139626,-67.155846,-249.70372
-10.60938,-177.64873,-124.115616
146.48242,-226.42528,-194.09421
183.18051,-165.94708,-116.554
85.74572,-268.2618,111.25003
-7.6616516,-321.83127,8.4488125
9.427465,-6.0358987,215.08052
6.3758955,94.50823,230.76936
7.788298,150.06319,114.486046
96.626076,278.3651,-9.600193
126.458145,310.3687,-378.604
100.13938,367.9609,-439.9925
218.84628,342.06238,-286.04025
370.65524,344.16153,5.2485285
320.71423,385.65436,241.86362
211.48407,370.05933,310.98868
154.15314,345.2826,288.92938
17.945906,249.00766,193.02055
-83.51703,150.00612,282.2072
-81.763435,164.33936,321.77756
-98.19378,167.34238,257.2432
-170.99915,155.9081,248.0875
-210.49889,181.7147,134.39499
-158.4444,116.84912,-75.9056
-160.89224,42.22268,-264.42255
-166.16005,53.284767,-253.43661
-94.92756,39.042812,-120.50029
-16.033867,62.27043,-40.369106
21.09831,38.3758,34.249928
12.3873415,-123.524025,107.658325
5.5260944,-145.90964,164.16183
-30.147753,-104.71097,152.75253
-157.50897,-108.77325,216.95883
-286.7778,-106.13026,327.77246
-208.78027,-113.83116,307.41992
-157.32022,-113.99581,212.00238
-138.32364,-120.94112,113.68468
34.281906,-31.182825,73.8179
18.006075,30.865063,8.64707
-44.266,41.308376,70.739334
58.30609,71.75029,94.52617
147.31804,58.870148,-113.51336
155.16501,-17.289703,-135.4974
215.20279,-275.305,-140.0676
382.3654,-432.47784,-218.38979
354.80307,-256.4661,-65.973694
133.09016,-56.131382,211.9401
-30.309952,-142.84134,232.6704
57.384834,-200.03851,186.44283
124.053635,-19.255022,333.49036
-107.34038,-164.76115,6.2818
-164.68384,-366.42398,-309.94733
-70.393425,-357.29346,-105.2331
-200.78906,-469.6927,4.263226
-196.40051,-449.81937,122.40309
123.51826,-307.70395,184.30537
118.91679,-248.11406,54.434795
-49.09316,-304.75278,-29.748047
99.74115,-327.35226,-16.867998
43.64292,-269.2166,-184.02347
-33.139713,-257.66974,-316.97546
101.65028,-211.47534,-212.27269
141.81908,-252.26208,-238.84789
218.70879,-280.5191,-64.843666
153.56639,-165.45941,179.99117
20.869766,-33.36926,322.30066
28.099949,69.41362,463.37778
4.8338113,180.7333,237.65315
-12.191595,373.29846,-25.174932
-38.908035,474.1008,-107.37165
-35.814,534.2603,-237.58467
-35.577343,670.2244,-290.27402
-73.99321,684.46796,-288.36096
-122.03558,658.04456,-385.75876
-189.96237,575.6694,-320.97647
-125.55728,418.4725,-193.47614
41.903492,463.4419,-199.06714
153.61827,556.91235,-205.32472
13.036267,574.3377,-317.15268
-102.53787,508.68198,-329.9268
-64.83681,422.54355,-279.06714
-88.50583,427.23795,-277.24243
-18.577612,290.63382,-188.25632
8.6909895,205.5158,-136.95308
72.209404,147.49435,-55.66028
29.985939,-60.18175,-100.46324
-105.56965,-176.79419,-138.54228
32.80633,-307.7195,35.909313
59.405872,-447.552,85.96136
17.80234,-454.59308,202.6829
-86.365715,-208.42113,365.79077
-325.88803,119.1977,329.08096
-353.06094,78.90193,185.50449
-247.00778,-225.77826,-42.176395
-139.26642,-453.94592,-50.24363
-38.06048,-433.3187,144.85373
120.35251,-232.61475,405.05588
196.83511,-40.11754,743.37836
51.78605,-59.767033,820.9409
-96.13234,-153.1968,674.8795
-86.61821,-51.37974,509.16232
172.18915,-131.533,293.1708
209.99965,-392.9013,5.5762935
-188.8856,-335.71564,-51.651203
-349.15015,-51.80857,226.14456
-216.36835,15.714128,194.08514
-131.5593,-142.16797,17.49637
-90.75655,-89.02999,532.63763
-37.07932,51.078064,846.5143
-89.49932,-61.832775,300.51355
-77.25162,-154.80324,43.798157
-22.854086,-192.91771,-165.54654
-141.1995,-308.72223,-426.8928
44.1897,-300.83176,-384.6071
288.22058,-258.15073,-444.57248
369.45206,-318.86563,-184.98015
495.87115,-364.99915,44.875122
472.6424,-343.4867,-58.780544
410.76846,-244.84587,-401.36563
302.52588,-121.28975,-722.21387
219.07652,-91.56574,-618.1562
269.50217,-103.965126,-425.94928
394.25162,-17.581612,-206.83698
415.84116,140.56424,-161.1474
271.83273,264.5751,-208.07634
101.73692,343.65802,-337.21915
-123.49393,412.3069,-501.2524
-256.53226,419.54816,-442.6063
-296.60873,402.82263,-406.1836
-232.25302,451.8166,-330.68423
-157.15831,549.9518,-265.66342
-266.3865,579.95905,-231.44731
-273.01666,555.4121,-219.72522
-201.33177,560.60626,-302.36496
-308.15253,479.6606,-386.57608
-437.17078,376.7838,-440.07184
-348.12616,301.14615,-341.35648
-57.996216,130.46042,-155.04944
175.15019,-36.716473,-50.07056
163.08987,-22.751188,79.609314
-1.210858,115.74705,382.67444
-141.91774,148.8066,621.4103
-117.367615,38.26058,455.1328
-18.539972,-21.118238,127.03273
-37.869473,-12.513511,178.91624
-68.237915,-82.15264,473.80402
36.2113,-134.66467,535.8666
192.88994,-155.39082,508.76523
139.15802,-312.184,559.36975
74.302315,-495.6217,657.0562
281.21487,-493.37604,816.8531
310.7928,-445.17853,713.19336
41.560135,-575.65875,456.75635
-98.65437,-679.90375,326.8338
-137.70705,-543.0314,239.90343
-338.04825,-348.28812,308.26685
-363.34888,-292.2444,269.9785
-62.718662,-125.42829,244.72083
52.241848,128.4939,438.4168
-124.70026,44.4586,285.0728
-195.879,-45.81974,46.884987
-2.2375324,45.2905,-109.53499
-22.423958,73.91547,-399.34445
-93.27874,166.24303,-293.64505
115.184875,212.15268,-178.17703
29.394516,183.83002,-404.08945
-60.894325,186.47578,-340.38977
50.686443,140.80058,-286.42572
81.769875,133.85158,-422.07388
225.10623,143.1952,-443.1635
229.61646,133.85405,-482.26678
203.14366,127.88609,-316.39096
257.98325,129.76257,11.549068
144.92395,143.57751,124.918976
71.156364,65.15623,68.93128
9.650535,-6.6387677,-164.02435
-62.477173,-49.472233,-416.6552
-60.37674,-115.69306,-475.133
31.67524,-92.165245,-446.34592
146.98337,-40.107735,-337.83676
146.5486,-61.93671,-269.8435
109.42847,-169.54277,-317.92667
89.72047,-181.26453,-318.99585
149.75851,11.666093,-343.83905
24.83129,195.18042,-380.75546
-325.53293,287.87375,-271.64774
-502.31345,320.58554,-226.30638
-613.8337,334.56696,-429.20096
-498.93793,341.4555,-370.0585
-36.45186,226.34525,67.62077
229.89108,65.76298,260.7585
294.54065,148.28731,292.3327
203.10075,380.4344,409.11334
-121.8746,399.7308,613.5074
-167.51436,298.734,729.4753
58.11683,226.70749,542.68005
159.83496,121.55416,431.3551
44.356865,45.709198,413.0767
-73.30971,-95.47089,368.63168
121.94688,-249.25801,249.03409
208.73285,-186.55676,202.96861
70.968315,-199.19037,524.9074
93.086365,-283.50543,677.84735
193.35335,-241.66243,650.3091
201.76196,-297.51935,664.43134
-25.873259,-328.93912,535.9337
-141.08641,-326.33722,461.7673
111.755005,-389.66852,354.8203
240.81914,-356.52884,291.5081
3.1284802,-299.8623,404.47992
-371.4738,-392.97256,237.38512
-294.64212,-482.54007,-258.90643
191.40953,-391.26495,-905.3054
138.7689,-344.14865,-1059.96
-203.16322,-321.34048,-424.0382
-229.8006,-232.55925,-252.73456
-272.2402,-85.542564,-403.40515
-267.52536,143.92421,-335.62317
-230.31506,166.47267,-567.5579
-95.62513,123.42648,-786.6503
169.58667,242.17166,-852.634
47.358753,264.64642,-668.6321
-122.38732,127.75856,-407.7176
-74.38835,39.71847,-348.97888
-24.762716,71.34822,-290.54504
65.77445,57.815193,-323.75806
70.163414,-0.8584454,-259.28897
31.09251,47.443596,-54.955585
24.126099,146.97078,-25.098513
36.71735,185.80353,-128.19437
87.08982,201.17708,-70.03107
124.11305,138.06763,25.177465
123.48624,41.376633,108.21237
90.16333,67.17726,270.37222
30.51258,149.94379,331.08887
-95.14759,225.50232,395.8174
-214.83475,200.14014,308.11676
-248.46185,154.47461,82.398056
-114.03073,174.93059,120.54416
133.00383,107.128914,354.84634
179.3257,78.781364,544.08484
154.38931,175.76143,641.4395
167.20042,259.78818,569.9205
65.18542,249.11269,267.8129
76.874435,196.29826,0.54049015
40.515915,217.4594,-148.85391
-127.16239,101.0909,-205.91547
-83.35989,-47.04169,-104.44881
12.512163,-32.38641,6.679586
56.813198,-108.396255,96.13813
47.867165,-138.37164,229.6002
35.636772,-82.306206,336.35767
89.32945,-126.4696,380.92877
102.926926,-233.49959,409.1436
144.64694,-306.7514,405.4292
182.57306,-336.5719,266.33096
175.33185,-364.80872,-1.1402051
127.30333,-327.14993,-124.2841
59.556995,-396.72427,-149.5816
-25.163319,-501.9715,-265.01822
-106.52208,-380.09866,-110.16039
-53.175365,-274.15955,13.252808
-7.310622,-357.46567,-240.34296
-9.138695,-368.25906,-187.04536
21.012367,-240.6661,16.717794
14.889761,-148.61269,-5.8676267
-14.014285,-10.777686,-43.106575
92.49319,73.146065,-245.71371
254.988,89.503876,-537.42865
138.90222,135.93085,-663.9447
-8.833897,144.94469,-599.404
-10.121296,211.13298,-474.82294
-47.32388,230.6085,-338.66922
-109.021675,239.46817,-197.59515
-184.50331,281.05975,-98.015526
-124.77888,250.69165,-70.32659
-58.901154,238.7784,-151.97647
-123.67923,204.45122,-92.55923
-178.11353,151.85352,19.126549
-247.9153,196.36021,-4.429479
-289.7821,308.04727,-4.8193073
-279.27246,368.62848,22.140186
-208.46219,405.36365,70.75919
-88.09335,470.52252,112.635506
24.260609,448.46588,136.64055
100.213234,366.02963,181.75461
19.147036,402.51624,187.71284
-112.38048,469.81583,135.80165
-62.23088,485.9734,122.223915
38.812595,397.50876,-11.789344
24.144053,113.53909,-276.4915
122.16733,-85.623985,-211.75911
354.54956,-113.91856,73.38678
460.90326,-146.8595,320.06305
412.9386,-197.80255,545.7655
212.72917,-260.1367,594.30743
-58.93761,-236.49068,600.1619
-262.80798,-73.56033,501.79434
-300.6403,-3.5731928,153.02861
-345.97656,-105.684235,-78.95791
-456.2785,-257.7258,24.578552
-350.4251,-377.6154,255.96779
-205.60489,-401.64258,203.99846
-113.474335,-441.82285,-43.09613
-48.11611,-338.93225,-181.78738
-66.74088,-112.30932,-296.5516
-168.16049,-18.568865,-368.22513
-376.16983,-12.503188,-342.38116
-334.05563,-91.66517,-261.99606
-104.00159,-107.39017,-226.11461
38.81876,-173.54224,-135.84428
131.00334,-241.62787,106.104355
47.337795,-152.9738,167.34233
5.299437,-167.39766,122.234085
207.63121,-221.71103,75.7959
397.94495,-316.5687,-97.717636
340.79596,-341.88876,-88.95809
175.70828,-221.24974,123.92173
244.40324,-164.23514,105.49928
464.55072,-90.04078,-315.24594
481.45627,0.06794408,-266.68414
302.79898,36.80683,178.21709
241.08334,74.82866,-72.63259
186.55338,98.12434,-259.48373
89.419716,95.24477,-88.65411
114.40972,160.22383,42.217125
140.86603,246.58174,207.72078
214.96994,263.8756,274.2871
231.67506,132.68604,454.51086
272.75558,-64.615204,402.6673
331.78528,-60.449482,265.65738
102.24525,18.434967,280.1757
-68.440346,36.998817,64.69045
-84.75664,51.006397,-74.134224
-93.71551,51.268295,-76.36556
-43.58013,31.71225,-1.4723461
16.269413,9.208109,42.36906
35.29806,8.821404,-81.11543
-31.129833,19.737343,-158.51036
-84.22097,40.523335,-268.08527
-71.0757,40.936302,-443.27237
41.20971,49.74174,-469.75143
212.7687,54.217045,-418.45743
315.65927,5.071122,-332.48862
227.78677,-80.85784,-188.11768
-13.820021,-164.80171,-175.2303
-167.65976,-176.96133,-120.98182
-183.91843,-143.88165,-88.9276
-163.79927,-85.1158,-248.88232
-196.74231,-45.743973,-279.41595
-216.1617,11.23325,-163.73872
-293.01413,89.47691,55.275757
-426.96182,133.2935,341.64215
-482.60767,223.67178,510.24268
-474.598,216.87285,478.20026
-356.86954,122.49115,356.13846
-364.19034,101.06312,165.70645
-456.70264,155.89648,-38.88057
-420.0997,211.76392,-12.642511
-315.84427,186.33568,73.68903
-181.8944,186.33432,210.70636
-154.77586,240.75554,329.50595
-125.469406,281.45087,238.56442
-79.53721,304.4482,87.56268
-86.85786,374.72186,-150.21747
-81.4755,345.71497,-347.0763
-140.77585,102.230286,-401.89395
-236.85675,-62.805553,-237.69987
-233.90408,-57.495415,92.01231
-73.43232,-124.61444,48.536697
59.255512,-255.42932,-335.31284
72.78888,-232.70787,-265.7609
-21.155313,-153.07356,47.339504
-72.88739,-137.5087,13.538923
79.44022,-140.9395,84.53978
230.94958,-167.83545,168.72137
294.80377,-244.82123,157.47862
198.06563,-250.1305,222.27238
51.266735,-151.26787,283.86084
34.174572,-148.19734,477.50198
118.79018,-119.02967,526.79315
284.63934,-80.5068,451.77344
403.07727,-104.56419,278.1623
462.81223,-108.34025,85.16075
414.70206,-188.22937,96.86638
356.0628,-211.08539,83.01697
337.07086,-220.60161,103.01457
342.94077,-327.75134,-10.628899
532.6745,-392.32156,-125.355774
672.6834,-276.18518,-95.18072
642.20703,-76.51052,-121.65762
490.26453,-4.937754,-78.31615
332.0888,37.61812,-111.38622
171.98665,78.12051,-136.48209
-81.44605,104.72514,-141.35445
-51.371094,137.07967,-132.03291
158.36539,191.15695,-74.35292
225.40848,167.06525,-214.23033
177.10286,168.87099,-393.30905
16.421646,392.8403,-341.46918
-48.0885,354.8595,-106.545135
65.44276,241.09218,-33.603878
104.86579,352.6748,-34.67568
-29.745914,316.6115,-99.21111
-148.3575,269.60712,-272.126
-230.62305,264.09808,-276.7602
-321.6228,218.50253,-280.51874
-446.7613,134.01495,-247.00887
-511.33527,20.97654,-183.6347
-424.4204,-57.727226,-154.76842
-451.70837,-131.84941,-80.38774
-511.73175,-119.84626,31.445017
-501.0583,-113.99193,168.5747
-482.44882,-77.26104,130.04994
-437.94345,65.70302,60.44206
-458.70145,48.641384,28.079683
-419.97086,-41.415688,-31.187407
-289.18198,-45.72745,-7.6802344
-155.79385,-56.53039,-19.185099
-67.89286,-43.69929,-34.917053
-63.951454,-2.9234307,-68.726494
-34.22481,-82.51237,-295.4218
-101.10721,-283.7017,-474.05014
-316.62238,-302.11288,-242.93102
-257.17493,-199.64247,141.88954
47.156693,-250.49689,100.56779
270.1006,-187.85945,22.158438
322.92804,-78.48262,323.77298
197.84694,-153.84111,282.96298
213.35558,-153.22415,91.20375
314.92236,-70.468445,230.96619
297.21704,60.00148,257.46225
248.38306,222.42467,210.55017
164.31677,327.03336,253.72394
118.05014,331.93524,329.5428
89.82404,269.04785,374.37378
65.66789,278.8124,439.9704
-7.460051,303.60562,372.62866
-84.570656,339.98868,163.03656
-65.35575,323.23584,107.55331
23.343224,309.29572,-27.871284
155.07965,385.17697,-88.945656
172.99538,370.2562,-61.067722
87.94082,280.0023,-180.85104
-32.131355,148.57909,-283.9413
-51.5037,-19.985424,-405.933
62.039124,-162.51471,-386.2896
128.72264,-245.43959,-108.59958
160.30582,-351.02432,221.78397
210.35318,-431.15204,419.83475
272.5904,-396.44055,455.7898
232.61737,-350.2317,399.5408
60.525276,-271.5089,354.29663
-48.160133,-222.76949,238.94662
-30.078125,-206.06943,-76.54038
-15.191892,-116.00491,-242.61989
31.78873,-58.95498,-159.51772
118.77707,-30.852259,-218.34087
241.21423,-41.79549,-268.21286
381.62347,-196.05473,-178.63855
344.2174,-323.15305,-173.4513
198.53984,-323.45825,-99.317055
56.926594,-339.5271,-47.39643
-25.425737,-369.596,23.110952
-101.88746,-354.76883,277.02148
-233.48871,-377.5815,387.5458
-244.5665,-360.75937,354.55603
-147.2797,-232.67453,317.21686
-40.477436,-129.00117,133.2472
96.39418,-34.17255,-200.59163
220.93863,-45.962067,-457.9451
116.43345,-156.6497,-597.097
-187.82675,-80.19786,-425.7859
-250.8732,80.63665,-76.84186
-88.95842,93.48589,-171.33937
-29.511497,108.517136,-333.93832
80.271805,222.43741,-204.6574
104.50248,283.8568,-246.57556
-25.903515,319.39014,-250.50922
-53.684418,358.14902,2.1695051
-118.4785,323.08786,89.09765
-71.74441,202.2145,43.724934
39.423298,167.29854,-44.47798
2.1762218,247.93298,-144.2207
-89.261536,212.37726,-198.41776
-216.49988,145.98326,-189.07275
-270.02737,125.69303,-81.258705
-299.78952,66.67994,-17.708578
-286.61206,-48.81957,72.63518
-140.77022,-32.64407,104.34702
-121.84343,154.79245,146.22063
-241.4391,187.05817,238.15514
-229.03395,163.00938,228.48428
-166.40381,232.34904,255.61844
-183.15796,277.6203,257.67236
-265.95697,298.21835,255.68234
-296.88422,214.25008,214.79527
-351.03412,-7.6308236,7.180373
-563.142,-136.86244,-242.03693
-465.6373,-77.26249,-339.49643
-56.276226,-22.154604,-230.41577
194.84712,-139.42917,-81.57492
307.75195,-283.00156,-25.147984
304.99997,-194.8955,21.903437
219.83725,-97.62827,250.83333
152.98587,-78.35487,426.22403
90.554825,39.25456,355.65717
69.4641,98.84153,263.70358
93.14338,38.076805,44.558052
244.36458,-77.02991,-180.16225
365.60556,-13.003687,-121.95397
164.80145,131.24918,46.013588
5.8617616,73.259186,212.82767
36.391666,132.11296,297.33594
61.483204,230.58624,198.23
135.01004,245.08228,-104.65244
125.69471,292.16745,-384.46967
126.4779,198.0965,-381.23773
173.82266,161.63234,-248.04323
62.278584,200.66087,-165.22966
-14.919223,45.329033,-101.373695
3.349614,-120.125275,-2.8538706
-6.2269754,-133.25726,-11.341633
16.603525,-129.83844,-173.4231
124.448616,-219.91528,-319.35016
96.37811,-222.92157,-199.6018
-211.37666,-9.455852,251.29706
-326.8505,4.1485176,422.44025
-40.38061,-225.52614,119.87539
241.92809,-243.4416,-15.733922
263.37476,-258.2475,-32.375126
198.31903,-361.28522,-225.88632
251.16179,-249.99387,-329.70926
257.98862,-127.908714,-290.91214
295.78156,-112.606926,-263.22388
364.0135,-74.46643,-300.01233
219.46275,-51.024044,-246.46208
143.48894,-116.43366,-129.21379
174.18602,-173.41536,-106.41692
64.04087,-214.28351,-1.244347
1.016647,-356.39685,52.87361
67.14465,-437.31595,65.128975
80.24156,-466.67206,170.50337
62.06897,-482.23126,217.19461
45.698704,-383.7553,266.93207
-22.949982,-251.76561,316.85074
-118.34285,-144.8474,413.8627
-172.47354,-19.721315,501.20877
-214.86244,79.59207,395.29443
-248.15578,124.85387,184.27231
-145.59499,279.42535,40.81851
-76.3508,335.43054,-4.734733
-27.399263,243.00238,97.08828
57.21266,265.10828,297.8442
-48.10113,325.1475,388.1829
-148.67525,369.88455,389.50177
-99.67823,414.24777,108.21171
-142.9394,506.58377,-230.29163
-300.7411,550.0736,-220.59178
-235.71936,527.51514,-189.9772
18.806473,590.7449,-42.565197
121.120514,483.12173,211.42569
103.73612,344.6756,335.67044
0.3741409,424.14615,549.9536
-114.715355,309.75558,506.15677
-86.97261,205.02945,184.06131
-104.28047,236.2396,44.28345
-14.262662,93.80042,-53.950104
263.42337,34.075703,-42.397106
299.57748,203.35551,43.484795
79.55989,267.68253,-6.9963336
-119.63852,182.27354,-141.2578
-153.35188,231.37273,-251.02077
-188.4744,96.63964,-340.6924
-127.19621,-31.429638,-402.6067
24.645212,38.060905,-395.11023
62.710743,-110.03318,-621.6681
4.8895745,-167.22638,-819.10535
-394.96664,-205.2424,-651.63763
-597.11505,-329.5752,-422.99802
-319.859,-286.7341,-337.95923
-163.74649,-286.559,-386.36624
-70.3568,-375.1872,-429.4677
-74.27389,-329.2564,-351.1243
-245.84694,-384.0792,-166.88681
-195.74333,-475.03738,40.802025
-79.88549,-311.47192,292.09732
-5.9332376,-418.05023,236.17795
281.57507,-451.73508,64.02575
319.13113,-237.33327,238.21042
228.81094,-310.69025,217.46178
347.61975,-221.13597,223.68034
228.48216,-204.0629,411.0739
224.40681,-364.00955,402.66605
249.95059,-279.47787,507.56836
67.84178,-348.42245,502.05603
136.55496,-393.6426,278.85138
38.402637,-319.6046,122.43422
-165.07431,-391.3272,-11.36986
-97.082825,-241.74117,-65.94515
-25.271606,-97.783806,-71.26971
50.48396,-76.247086,-82.56697
14.659301,75.43277,-145.20197
-155.86111,-33.34046,-398.0106
-261.87125,-2.862877,-445.34207
-325.20233,194.83968,-148.99463
-116.6401,85.39745,-35.65558
129.63023,183.6463,59.658543
-40.758514,250.2995,39.827667
-111.421,205.52225,-106.038635
-40.19096,399.0677,23.996946
65.47893,498.22156,44.104492
186.69153,549.6984,17.600363
-43.878532,573.36346,132.62094
-154.29008,447.906,135.41898
-13.894655,438.4504,82.198944
135.61615,452.54498,93.06056
288.34653,320.60773,53.766273
214.45563,284.9506,130.25194
141.48927,80.41096,147.82169
231.04321,-118.40535,70.240135
169.23283,-77.00786,300.6531
118.06283,-189.31895,240.85011
83.42363,-158.39055,98.55792
35.27681,-237.66232,-8.001879
203.61006,-336.91562,-233.52597
57.11443,-91.73055,14.351313
-139.08177,4.658197,61.250454
-111.0508,61.07431,-49.122395
-193.49342,41.21848,0.2794072
-25.399475,54.594887,-81.28078
-94.75948,196.84563,125.90685
-505.1132,384.2878,387.1435
-641.8159,441.87277,351.07877
-392.1893,4.060041,-106.550835
70.07321,78.455185,-333.59256
136.13774,210.22826,-166.01537
292.39926,-381.06827,-579.16656
278.42773,-87.26137,-187.15147
-242.22374,322.95633,571.543
150.43712,-292.35114,-309.9263
501.84146,-285.24783,-584.02216
182.05309,167.49947,-2.0334558
59.210026,-65.79693,-454.95416
-141.62517,-124.85872,-391.89688
-27.415077,108.38284,46.119854
136.5146,-19.952314,-190.54504
135.55205,-143.51385,73.781425
219.22687,-41.266342,387.07916
8.004955,-106.1122,235.60048
86.99601,-185.61975,162.17
88.20013,7.547791,255.9576
-154.26637,-147.43303,80.80338
87.888794,-310.2287,-75.87036
-70.689384,-147.2426,136.07623
-212.76024,-128.59642,-94.14147
-85.106186,-95.85369,-155.2102
-194.09218,-269.2436,-150.89221
-38.858913,-221.55008,-249.24036
-172.28123,-2.1977873,87.79233
-178.65918,-65.95752,156.76895
15.785747,-27.831694,286.15125
-68.13824,-3.6647213,379.23175
82.4048,77.9734,182.5498
78.32483,136.38593,124.612465
40.09264,371.8859,169.73582
2.520615,354.17203,92.417984
-34.700214,-15.737347,-136.92534
251.26556,-4.657532,-71.21141
325.50647,-276.8681,-43.62692
294.61526,-366.2445,-171.10948
245.28925,-177.32877,-109.16791
150.20834,-398.51035,-306.13947
481.80902,-553.5881,-565.9859
366.9309,-182.30696,-188.8881
-452.37088,456.4332,284.5777
-778.8675,313.4653,282.0346
-556.7927,-221.56985,79.68835
-42.017086,-164.44951,23.598333
125.13688,-107.47687,-87.139496
-75.09665,-286.08096,-362.83826
-129.24213,84.38293,60.650608
-312.1558,-51.338272,101.011375
19.582745,-572.5552,-327.32587
352.33707,-203.85411,-40.232533
284.96643,-88.66279,-394.41568
190.17175,-9.341487,-472.05566
-116.40306,126.25169,-35.845837
-98.96863,19.357635,-88.788414
-204.58417,85.00499,372.39346
-408.70633,255.93129,731.5475
-217.51753,345.36636,520.80676
18.7146,358.2529,289.46017
-29.404087,727.41736,251.01675
-87.27556,504.42914,20.260191
96.42911,345.28632,-63.380173
-77.240524,747.61584,539.6142
-126.11961,374.85306,436.53586
242.00389,-6.9251213,36.321014
378.01758,350.51926,408.91956
167.97542,607.78784,397.58514
-52.954544,272.57407,169.39908
75.46272,62.810814,335.8183
450.48422,-199.62549,237.86412
627.8366,-402.6494,32.666443
411.88367,-33.335762,-100.36564
111.492096,171.56422,-213.02081
-152.96039,29.11373,-14.689187
-269.3867,-338.7332,-49.81519
-14.983261,-533.3769,-576.339
16.611197,-472.02313,-878.8843
-301.64142,-277.2703,-656.1071
-209.133,-256.6046,-322.09818
-71.63201,-370.10242,-199.19534
-114.90672,167.63945,130.40111
-138.57922,134.32903,98.6834
3.0130224,-89.040955,-169.95752
31.513712,325.33096,115.45887
-194.77264,202.23581,-400.98697
-93.08078,372.78296,-596.1216
-357.79156,459.10074,-312.84296
-320.1879,218.93529,-755.6978
-42.867134,234.41057,-396.5856
-214.78516,41.514748,-203.3008
-179.7408,169.42537,-284.89917
-388.6134,100.874405,-143.56166
-354.76355,9.532071,-224.65111
-400.80585,40.917603,38.49827
-476.70654,-132.28459,90.42882
-257.752,-163.43526,263.09583
-151.0013,-364.03214,388.40067
102.64116,-235.9923,148.80176
-16.959938,-120.60631,-39.84206
-135.48659,-157.6711,-329.15393
-153.5177,-79.47008,-266.60107
-119.967125,-191.28491,12.216832
162.64658,-201.96283,225.47528
404.3125,-134.30994,401.2011
502.70425,-36.836353,553.8395
350.2443,-159.89644,600.4378
380.09595,-297.1154,481.54684
486.5232,-285.07166,599.92456
361.17966,-268.48788,777.0113
204.79088,-100.46382,788.9115
256.17328,-128.94023,675.09106
292.7049,-248.90215,512.3754
156.35019,-219.87851,277.42606
75.58561,-147.45819,148.20619
-159.94698,80.425186,367.99347
-206.55348,5.944773,182.59456
57.32727,-208.91148,-24.549364
126.21046,137.93864,178.381
44.671165,69.81944,-247.87335
-6.184794,-90.874176,-421.63998
111.9137,66.27792,-126.8827
370.75333,-332.8821,-565.2397
410.6713,-271.39526,-673.0202
293.58527,-7.7598524,-700.4872
285.02182,-75.899445,-870.60913
14.087496,8.067493,-492.24802
-125.67632,181.79813,-558.53015
-235.56732,443.3337,-547.2557
-456.3491,339.81717,-553.72394
-96.190506,311.0523,-688.43085
104.726105,274.20663,-375.37753
150.99876,64.03277,-323.6421
194.49432,37.475876,-190.27151
313.45996,-17.04841,135.83836
532.62964,159.92995,324.62897
317.8648,342.22507,374.07852
199.14107,387.14017,336.7647
269.60184,224.70993,237.52728
372.493,-13.369044,77.61984
248.09201,-24.007635,-3.7673023
18.031446,-135.58076,66.00503
-17.330862,-182.55807,352.55148
-17.251165,-45.053608,551.6393
-44.154343,19.470829,600.35693
-151.6614,108.36526,623.7822
-239.59033,287.85992,634.335
-398.18964,348.0816,479.8922
-496.14093,310.81863,240.9693
-521.1597,206.43051,192.72289
-577.7191,55.21999,116.66538
-678.04443,27.334187,27.618378
-629.3212,22.340366,-59.88894
-422.98285,-183.27757,-198.16612
-367.22455,-290.18442,-259.30148
-358.22507,-185.47408,-318.8075
-366.15652,-221.30307,-341.5119
-342.97958,-93.21006,-144.23997
-400.95114,-69.256226,87.26589
-360.76877,-298.84155,147.80667
-227.79265,-197.92162,298.66064
-299.4442,-134.38547,314.29584
-217.75563,-156.16301,143.83435
-127.49749,-74.67504,293.59793
-56.76659,-14.98427,403.965
28.32521,77.61181,351.92484
-8.655491,139.35391,348.27036
91.11292,99.97865,31.49777
48.86718,-10.340754,-293.69434
-189.25569,51.433323,-309.64145
-148.10986,13.623764,-438.38455
144.42795,-170.90211,-624.5092
239.22809,164.65349,-453.87155
184.44783,360.07504,-251.69673
412.98587,-21.361261,-500.89023
728.5942,37.02358,-496.76648
663.42084,112.84329,-361.99014
541.4468,-127.55234,-431.26685
563.69446,-26.637802,2.243932
496.1938,70.02603,103.96694
472.94003,40.347073,-54.205765
398.27747,-36.83817,15.455002
276.50275,-39.827797,-174.94917
117.36517,-138.26164,-199.03807
-17.711683,-252.70201,-152.75565
-60.36262,-57.250027,98.0777
-32.0298,-89.750946,247.62158
130.98883,-106.5856,-5.619032
124.06462,-121.20023,21.902483
36.494186,-280.28976,-63.341423
-100.43263,-360.32895,-157.97879
-285.1187,-249.45659,48.392323
-389.2058,26.287695,31.131433
-351.23438,-134.38358,-120.81043
-87.52505,-191.74873,-96.83357
176.72147,-1.5532212,80.35087
343.11404,-75.893234,180.16277
322.77124,-144.23465,218.29417
238.83182,-78.665115,329.25702
140.11455,73.582085,211.30873
-8.160513,199.09949,98.33638
-131.63277,302.94403,184.33922
-195.48691,202.07974,76.959335
-101.50186,85.68184,29.077427
-50.817097,138.73865,16.68177
-38.88514,112.294815,-145.66013
-22.210232,131.17381,-166.81845
29.47723,143.31767,-134.4021
186.86235,131.78622,-68.42976
269.10873,97.25037,105.87617
295.91196,32.029987,279.7252
213.01949,72.60623,351.04868
-9.035802,120.95133,271.20618
-215.94452,135.75183,134.38599
-303.97345,78.82695,16.95783
-260.4163,11.036961,0.71900916
-174.42332,16.498901,66.35032
-95.3237,1.6574165,66.558174
-118.54667,2.3869915,78.5473
-217.07567,15.671225,140.11838
-228.99974,1.9968802,146.82803
-163.1077,47.518814,196.80171
-136.76965,135.09602,163.29575
-141.46158,145.06058,-39.493904
-86.79277,79.74445,-117.93619
-1.2966468,11.307258,-126.50376
60.90583,-32.314507,-113.4703
71.59707,-3.710664,-40.087414
17.094679,9.019814,-82.698654
-56.589962,-34.566803,-129.78346
-180.16953,-31.667688,-145.36534
-305.0992,-25.837908,-217.6832
-346.28534,26.547352,-237.53693
-341.41916,68.96432,-236.32191
-203.90549,0.63597023,-219.43529
0.8366451,-101.25984,-151.12993
119.362564,-237.10045,-104.66397
194.57603,-224.57002,-29.80888
231.21371,-113.954895,73.95733
194.99977,-126.31862,93.279
48.94916,-112.72748,90.73986
-38.1151,-86.97853,64.385
-10.565905,-67.915184,18.068296
-62.60548,2.4651482,104.33422
-117.50381,77.51229,168.6394
-155.28735,145.69328,115.77763
-140.52667,159.24046,60.38346
-49.84669,149.76503,32.852215
-8.646131,52.576588,33.843273
6.6817727,-84.995834,28.332031
-13.030151,-105.50761,84.00625
51.2159,-63.462944,155.48825
143.26472,42.397198,88.32548
180.62561,133.52127,-56.259975
327.7278,123.72719,-162.33505
456.18768,45.59417,-259.02722
404.51108,-50.064224,-288.10123
196.4286,-27.997026,-140.43152
46.086185,73.0735,81.58163
108.965065,50.418854,209.7036
309.7977,17.205679,249.63054
454.3739,33.33511,286.52664
456.9554,-109.62801,216.87282
505.0141,-143.84486,211.61508
446.42923,3.3131766,220.60535
195.79715,-21.777975,-50.089794
-13.555954,-78.71706,-149.73474
-186.70798,-94.48894,-65.49329
-271.93307,-140.81447,-49.199463
-267.3439,-35.796986,50.828953
-194.84422,98.60213,21.518055
-124.38258,112.75358,-156.16173
-207.53763,106.52367,-316.60654
-254.49496,11.494253,-406.88184
-217.10455,-105.1281,-299.65976
-147.79353,-191.75172,-140.6693
-55.532436,-245.5154,-41.064064
-121.41164,-147.83687,-36.61259
-230.68631,-72.21848,-227.76439
-265.98383,11.015754,-363.16394
-270.62756,72.01505,-421.24057
-186.72296,-48.85258,-560.40643
-100.77805,-86.33749,-598.04443
-84.83647,-35.766724,-541.6703
-97.719765,29.07161,-433.3133
-127.70204,177.58481,-208.81374
-128.28268,262.33743,78.529434
-87.21045,260.52032,287.98978
-2.6492083,239.8392,282.58478
80.031105,203.53061,227.16565
-40.97178,201.95541,213.6727
-207.15115,168.58974,192.24385
-240.16113,94.29911,254.03458
-237.04561,10.301249,301.23038
-30.127106,-59.961452,365.58032
222.586,-3.7640414,538.3813
322.01038,4.902742,675.4992
255.68405,-46.24759,768.4679
55.591785,-46.99589,852.8791
53.584503,-78.58898,917.22156
102.493324,-70.86898,893.05475
58.411472,-44.05288,787.09674
39.523117,-48.16398,647.363
-36.33714,-89.1328,470.22156
-108.45813,-105.58052,352.84064
-101.631775,-65.232765,279.1082
-21.714966,-44.835728,147.73547
27.002857,-2.9329152,-13.517426
-0.66556865,-28.982355,-124.66042
55.060078,-123.795876,-184.28624
115.67799,-123.22101,-169.10298
37.135704,-104.44631,-175.4359
-34.985073,-86.54405,-300.91428
-56.951332,-45.334396,-383.9466
-25.979097,-58.63472,-447.86877
61.578663,-84.99012,-583.79974
128.0276,-103.49884,-661.86176
170.25198,-88.65716,-623.7931
135.89972,-29.640406,-635.24725
40.957294,14.281952,-696.483
-12.027343,24.332897,-633.75604
23.398327,19.698486,-492.62482
149.40411,-3.3423047,-422.31134
310.51294,-27.558834,-523.17725
328.259,-0.30699039,-598.2671
166.9341,-25.53102,-505.37076
-9.999698,-53.771244,-321.50153
-81.92449,-51.309162,-145.996
3.8351874,-85.76247,-188.4169
102.82817,-78.79651,-240.82607
140.32643,-98.670364,-162.7476
102.71054,-156.9684,-111.99778
-48.412872,-184.88922,-38.782574
-216.79713,-92.32893,14.349479
-290.8429,-0.47052434,4.747006
-191.7148,-48.767975,-14.882177
-31.984253,-66.18352,51.82385
83.48882,-82.65477,179.24303
129.62428,-52.16527,301.25833
90.09869,83.19324,420.85815
-20.58992,161.66875,424.93427
-160.40231,245.56728,349.43787
-156.45074,423.51132,280.55234
-56.995884,514.33154,250.73125
21.393677,469.423,259.9729
38.10697,433.0659,308.45956
-29.966486,309.05145,424.868
-58.58629,198.47963,469.50623
-71.74269,290.3791,436.22253
-91.434975,321.5061,443.4395
-96.35849,240.48273,474.49692
-92.163185,195.72356,504.5092
-78.256905,165.18102,498.619
-133.18468,185.51408,359.50992
-128.41933,146.30469,176.24693
28.909176,26.977419,88.69796
148.54594,-25.517038,-64.31488
197.3871,-83.88926,-287.2482
205.93726,-102.50261,-410.73105
70.70672,-35.836258,-406.37195
-98.023506,10.208187,-366.72263
-165.81503,19.459717,-323.36786
-143.97699,-19.963234,-163.1338
-98.5627,-76.35405,-54.548065
-97.38631,-146.08418,-29.775385
-86.23232,-166.99162,35.1367
-148.21118,-137.8092,-20.977848
-200.36166,-155.47234,-91.05881
-152.28783,-116.860634,-55.305634
-121.20606,-101.0039,-60.22789
-29.612957,-88.28822,-103.16913
-6.7920814,-6.4423237,-201.46706
-51.90136,-60.64154,-372.09003
-38.605843,-141.34091,-443.3404
-35.474026,-217.69853,-403.16458
3.4251523,-321.05576,-315.24036
25.519178,-396.1291,-169.73824
37.124428,-521.8639,-122.4682
12.927363,-521.47424,-204.83688
-72.30398,-396.4808,-213.4589
-93.21459,-329.65878,-178.50542
-32.33308,-319.82855,-255.26338
64.487,-339.23007,-353.1133
150.11746,-322.54102,-443.59955
290.0594,-267.96072,-494.9283
385.53516,-159.61984,-440.24823
222.97324,25.735363,-253.4744
-3.5311766,123.99314,155.83784
101.22032,-27.830196,432.63074
409.03165,-38.63186,469.08707
356.46765,257.72086,538.56476
60.278946,230.38579,461.40027
66.41114,87.003586,491.72964
186.36874,182.15115,732.83795
210.64322,149.45406,510.14603
225.6581,104.867455,337.25455
108.581406,88.41741,569.3097
64.424,20.297728,459.7703
46.005104,119.76135,323.9878
-136.38655,287.8458,291.9477
-282.24103,245.64566,242.88026
-410.15054,107.90762,286.69516
-455.2178,109.46822,254.5957
-450.13382,208.07297,390.60632
-382.4533,284.72968,495.83786
-197.72989,300.36334,527.69305
-113.48595,287.48566,509.2423
-14.216815,218.86514,244.29393
109.01602,105.58416,54.928898
136.30008,3.9266672,-14.136599
94.39165,65.46952,44.053856
-36.057163,246.28673,82.2558
-190.83008,280.09555,-57.702797
-283.33844,237.56161,-262.2657
-231.60742,166.35469,-527.1883
-90.26259,93.89058,-712.5747
50.806248,83.10092,-705.8738
150.73886,61.241707,-608.30524
173.07793,31.64178,-580.01483
125.10918,-21.684805,-557.89124
37.087822,-84.41954,-523.4545
21.055206,-97.79608,-460.38992
66.06039,-100.51188,-361.19656
51.361103,-169.21976,-317.98508
-1.6259775,-271.86078,-213.5166
-67.882416,-279.07498,-88.788055
-100.20181,-174.65944,28.097038
-30.14344,-95.57002,121.288345
32.117912,-107.018005,112.66647
95.53894,-151.70284,-16.64534
131.04677,-200.14803,-269.39258
125.18308,-249.53188,-329.13577
205.74675,-241.05746,-135.4801
232.13936,-195.95941,-34.913197
216.18289,-146.0889,-74.66877
205.23564,-75.50672,-98.832245
189.15091,-121.46189,-128.96481
229.57912,-201.34166,-179.67206
216.85458,-213.2472,-163.75127
117.35856,-222.48546,-123.44106
31.282255,-170.38466,-91.79235
52.296806,-87.19168,-24.5461
76.52266,116.04726,28.008518
52.810413,341.54462,0.34838614
13.159209,382.926,-63.911785
-10.131505,370.08163,-67.47331
26.803682,340.7761,29.787848
-18.20415,292.43124,147.36523
-39.78187,252.14856,256.29126
97.07228,158.27489,390.47055
277.22726,-26.735048,446.66998
300.3699,-158.49231,454.97748
30.014645,-160.524,496.71155
-255.27667,-113.43128,485.4381
-352.32587,-103.62271,424.93784
-419.71863,-93.10637,342.02365
-478.52362,-45.4111,307.0432
-438.02136,-130.07706,302.33368
-335.0493,-138.87564,308.22296
-218.1377,-97.20929,372.1503
-155.8179,-176.0468,340.72745
-150.45297,-124.291985,271.34064
-115.44385,-76.0079,219.02856
-64.233734,-23.594608,113.60686
-5.8467526,68.86551,10.832339
28.796217,79.03737,-18.968866
-21.257492,131.23962,43.188004
-107.04384,163.95183,17.161312
-172.59401,145.1089,-119.449455
-155.81712,100.85855,-244.73251
-3.4856815,32.8119,-315.12296
175.4481,-41.518238,-328.39102
253.1311,-107.105545,-385.4048
218.05879,-142.64732,-422.12866
122.20904,-160.96793,-387.0783
37.187878,-70.2532,-393.7704
-3.1521182,72.4308,-361.92474
-29.0635,180.19142,-259.24643
-42.9343,240.90714,-168.6299
-63.411617,232.02606,-66.01657
-134.32423,224.98343,29.51813
-193.5627,166.16978,21.953993
-171.26317,118.31753,-56.51741
-125.43715,174.38167,-102.01689
-167.64526,186.10135,-182.91232
-198.968,201.91,-148.09186
-143.95233,267.65686,-21.535498
-12.705093,294.86032,-48.744812
196.74173,263.6039,-50.95172
329.0065,106.723,-89.102745
342.67477,-0.39175993,-150.0479
275.63297,-6.8888445,-17.344883
171.48701,-54.751694,182.85696
50.84203,-58.06637,326.3445
-28.269482,-118.08941,302.9468
-0.64749634,-197.53964,179.58176
23.969624,-172.45073,163.97177
25.440529,-165.7029,231.9566
-20.48716,-188.2982,194.23907
-62.438396,-239.81459,114.258125
10.165147,-282.10196,149.3411
76.19059,-259.52496,139.86266
55.141716,-217.36903,120.31804
-32.390606,-160.69597,201.41907
-134.86719,-68.17055,235.17133
-151.86156,1.6182724,174.39035
-50.91516,47.325687,99.74918
121.81761,68.79696,31.560963
278.10858,-33.292976,-28.139835
354.5965,-157.9837,-3.0770502
342.3249,-227.66064,58.37871
261.39688,-254.36102,11.071935
165.77374,-235.95467,-154.58939
90.20889,-266.7749,-278.32816
72.30593,-323.88037,-304.94934
155.0835,-342.94498,-335.79398
311.70953,-287.60516,-391.4302
481.88593,-223.24294,-431.57877
485.01303,-147.50203,-369.12753
188.06575,41.266426,-298.40475
-134.74591,213.1557,-212.72409
-284.34616,203.00772,-6.1887574
-270.60236,50.733765,150.88936
-35.793163,100.994194,196.55092
198.91531,314.21606,39.186325
197.05127,419.09393,-222.03581
-50.692062,592.2239,-181.60057
-287.94336,631.1337,134.54396
-88.02136,419.7899,279.7246
259.927,265.10452,119.4096
187.83876,105.59392,-148.22261
-77.67144,-76.705376,-361.00708
-248.34059,-117.77309,-205.04648
-406.94974,106.8988,78.20815
-486.88135,354.46613,63.677128
-585.0654,231.8982,146.84947
-602.0183,35.83793,453.66968
-286.56244,14.567351,368.43408
18.865992,50.918697,-218.60966
102.702484,180.02551,-343.71387
-144.23912,193.21547,165.5509
-471.17294,48.380875,406.5646
-249.29642,23.785868,254.99788
166.79103,-39.347137,-55.63319
247.20375,-206.81683,-213.82564
-15.614976,-144.41805,-22.182713
-313.43402,177.5162,101.57891
-239.00955,269.20166,66.456604
-41.621017,-100.741844,-5.064085
64.26216,-298.28238,39.885635
87.16256,-115.36321,243.84538
-38.2358,52.344788,137.04053
-113.94553,234.08391,-219.6311
-177.36664,290.52887,-236.12492
-326.53204,8.488808,-15.264709
-314.0183,-293.85138,77.09344
-70.82138,-260.7634,55.034595
115.92899,-119.88534,-75.993286
21.562422,-194.29301,-57.022873
-192.28415,-279.0349,111.945
-253.03209,-196.51103,218.60706
-187.54114,-99.740395,355.8511
2.471635,-200.08553,241.93251
321.13394,-312.54636,81.0375
434.6847,-208.30307,215.0266
269.04062,-144.36311,348.9827
72.525894,-187.90823,399.3118
37.604496,-259.5113,285.47852
262.74622,-357.92972,60.729874
651.79913,-355.08148,-13.472176
939.59326,-326.45276,-116.5351
769.7716,-190.52283,-309.39786
149.87283,81.95192,-134.879
-284.16428,-77.76054,138.52124
-89.31042,-320.87183,141.81378
161.79915,-3.2929802,246.43153
90.244286,208.7767,99.28428
156.11604,202.58247,-73.69026
268.48795,170.50034,152.5095
272.7823,29.464235,-195.16795
253.38354,219.3776,-526.97296
42.628006,264.11627,-235.38797
-7.586031,113.20358,-230.40327
132.43065,394.99213,-232.43282
108.16364,570.49097,-257.6658
108.98781,461.19156,-355.35855
59.681095,292.97076,-80.84561
-150.77127,205.13683,-81.75469
-385.7935,348.9019,-225.68532
-519.44653,449.437,-108.90797
-315.75848,342.69318,-129.98657
66.69483,163.11206,-216.27925
311.9001,65.9706,-281.07645
298.41217,-62.774975,-275.8883
83.05715,-146.05466,-102.43967
-70.91348,-25.26471,42.317055
-176.58911,79.155235,-10.469071
-267.98306,50.072044,-85.76187
-330.2052,-86.57743,-37.551785
-393.08243,-178.45738,-31.646397
-375.0495,-158.85037,-0.19874977
-362.7394,-200.6676,90.30655
-350.35507,-297.55963,154.69873
-337.33304,-305.6235,180.38281
-327.11096,-230.12924,63.562244
-262.82587,-184.34718,-5.154805
-201.07405,-220.65076,105.128784
-115.669235,-285.9145,153.95593
-32.17041,-300.22266,200.89458
73.9493,-247.3095,289.40375
181.36574,-200.84758,232.78993
223.42926,-164.58621,178.08702
222.43526,-120.21157,159.9657
135.44658,-82.02826,201.00513
37.30766,-36.88175,286.93536
-0.5911359,-47.649193,194.67688
10.676801,-101.82969,69.50914
40.896523,-120.97692,-84.78109
48.31721,-63.270187,-278.48688
50.257164,37.51858,-320.98227
32.2452,103.65683,-217.25975
30.48307,123.294876,-69.40406
67.84276,79.99251,-21.055449
57.34726,48.454994,-82.10585
-20.635439,42.263466,-282.5977
-74.07864,32.616417,-498.7522
-14.1505165,85.19584,-536.8707
128.29204,93.699066,-457.20294
227.34033,64.64133,-270.28955
165.58388,101.57648,-38.265285
11.734975,63.064972,176.8275
-54.906982,41.409504,314.8557
-54.09828,141.32117,319.0022
-69.223206,218.20302,275.86682
-147.75964,259.28955,156.22832
-263.7519,218.85695,10.658102
-284.82935,200.54807,-40.694786
-201.58743,227.35612,-23.26508
-19.378605,200.85773,44.75127
191.7921,230.76965,16.300035
329.0654,229.68626,-44.904713
344.09854,190.70232,38.485386
206.05922,133.87503,184.37946
133.5957,28.879164,376.96335
169.00713,30.216312,468.79718
136.52654,98.7552,492.91876
40.732655,96.38541,446.8361
19.39687,55.463757,217.5583
74.58609,19.083008,99.884895
45.77123,-81.28401,-10.4856825
-43.14385,-105.04337,-119.29477
-205.23108,-83.90962,-56.22732
-300.25266,-177.52847,13.092833
-202.40811,-118.44366,116.39023
-55.068707,-56.65296,83.88411
87.17903,-162.32484,-102.81286
107.06048,-258.6067,-152.61658
82.22011,-334.349,-110.11661
-10.916015,-221.82626,-87.23398
-152.75742,-73.202385,-74.431915
-105.34105,-108.64333,-63.39022
5.1012516,-164.49413,-21.857391
110.03964,-209.00673,77.890945
145.43701,-253.10326,115.449425
79.18059,-199.66666,121.154785
-14.619966,-132.00803,137.11516
-91.86428,-191.9446,6.382681
-86.32087,-235.7089,-87.60696
-52.53906,-310.57672,-71.03646
57.417564,-413.01178,-98.04132
156.58263,-341.01553,-107.108864
134.74883,-219.77061,-151.76265
57.487732,-122.777855,-235.24251
-20.117739,-25.308178,-315.12335
-12.388619,54.786495,-435.2807
-0.25492868,114.142784,-496.68042
-4.3898535,142.68825,-481.25342
66.90133,137.0916,-445.74002
191.88367,122.042984,-389.65247
287.65073,126.05002,-347.45514
268.2332,132.94568,-271.32864
163.95207,147.42625,-121.38359
72.628944,176.63191,31.618593
11.657682,245.39583,135.95856
-105.98801,357.43707,186.38329
-264.44318,502.95282,260.78293
-373.42865,581.8077,352.4624
-433.75772,546.7291,362.01187
-401.6424,517.32385,297.42114
-267.17828,455.46146,223.73907
-101.96931,345.75806,116.55378
34.559124,245.60762,-23.050676
70.473724,179.37119,-51.695145
25.440825,160.46677,81.6507
-49.053368,153.61224,364.59378
-86.80622,169.96751,580.47186
37.803535,179.18892,561.6
222.86203,187.57864,454.37277
304.7511,124.23254,393.59274
266.04916,28.155495,448.56436
82.45066,-6.584851,434.60165
-76.26303,-59.72719,368.2021
-128.49094,-4.1016316,246.78235
-141.96027,13.856433,-17.743399
-44.233353,-43.05744,-142.60307
56.6615,-112.4484,-209.08818
158.80449,-320.95004,-220.65431
235.63887,-413.61017,-149.37737
182.29283,-507.20425,-229.60701
135.07019,-580.357,-350.63055
67.70824,-488.6833,-402.03964
39.617767,-463.37296,-384.48355
63.938686,-414.05396,-274.67383
26.038523,-411.96362,-52.51024
-36.063454,-421.44125,132.6798
-140.28639,-320.49072,158.53674
-220.31909,-234.49681,37.687702
-227.08255,-125.82742,-155.2835
-190.37556,-103.34438,-223.14714
-160.88962,-136.46542,-197.2721
-163.70227,-114.673355,-136.20262
-91.41195,-107.44391,-165.69635
18.673641,-25.50289,-277.69287
76.03703,32.43403,-331.21326
116.230835,36.643234,-380.83615
145.17442,66.60866,-269.19952
168.01234,59.817013,-123.190674
167.17982,115.01737,-100.88203
181.71675,149.28134,-40.052822
264.42636,98.1772,99.61098
304.98746,58.28681,230.36101
255.91655,48.378986,207.11684
166.97002,79.611176,103.25458
100.220535,93.55682,-37.922714
75.84697,53.499153,-97.04193
7.0078425,-44.039383,45.740242
-89.52636,-31.175915,247.50272
-121.67599,93.41087,369.93472
-134.5225,180.70955,311.6532
-160.0127,306.99997,76.82256
-85.15574,400.8525,-247.49463
-30.01791,367.57755,-443.68106
-193.13423,202.93661,-484.3931
-323.2862,71.44346,-379.4019
-284.41956,137.79535,-169.69008
-217.72456,205.93176,-94.434685
-197.14299,222.50648,-110.539185
-248.93839,262.50858,-170.57126
-275.12573,200.32956,-229.39238
-239.82513,111.208664,-132.83902
-204.56169,147.6145,189.34438
-215.02022,131.31775,493.55063
-150.70676,112.092186,595.01355
-10.804049,189.57394,575.91565
62.704514,142.351,329.9541
73.83843,85.29247,137.25397
-6.638992,77.68159,222.53519
-79.94326,-55.981163,298.94763
-102.069725,-163.22874,310.92398
-74.73287,-183.59912,245.92018
22.47428,-214.26848,98.44951
105.93908,-198.12248,40.79661
107.691216,-224.8508,86.74754
44.9281,-390.1457,139.30023
20.049793,-499.6684,260.88956
-18.665283,-463.9294,447.32812
-40.538723,-401.1526,488.37634
16.016144,-362.192,348.76138
132.26251,-378.39093,194.16861
287.8819,-397.18155,66.062065
341.1387,-327.923,-72.039604
322.12326,-252.09764,-211.89604
310.5619,-189.6213,-310.75443
283.26706,-126.39239,-384.27386
262.03384,-96.78988,-476.49695
248.16988,-99.37932,-537.15674
259.4945,-101.46964,-493.63394
233.05037,1.3829956,-343.75986
79.52701,137.72424,-283.2157
-56.917786,223.75395,-386.6099
-64.88248,241.79478,-520.67145
-13.215408,185.28949,-611.35345
-34.435352,189.5383,-586.6482
-156.3312,173.2193,-454.91565
-172.02962,116.64125,-259.19724
-20.363138,151.7371,-156.72466
141.86418,154.53615,-181.74023
168.98685,35.279198,-150.71121
145.66753,-162.31157,37.308422
217.09148,-236.48717,342.8781
212.79176,-79.07059,433.22293
99.74152,65.01291,328.78476
-71.203285,53.692986,254.60114
-249.31233,-64.82769,61.956833
-251.52654,-152.28694,-59.768948
-175.67844,-124.34938,101.3352
-128.5438,-46.21701,250.29771
-149.80032,36.929344,277.5838
-262.21753,136.96199,284.4489
-367.10342,190.36185,189.2236
-432.00995,153.1346,94.95646
-456.50555,148.48795,70.05159
-431.90903,120.46198,80.82833
-358.0047,138.84811,255.14415
-261.83978,266.3147,379.82617
-137.55576,387.10745,414.81583
-25.47886,519.9576,515.4199
91.60158,516.79767,504.59396
185.9818,505.0313,427.13132
203.85553,532.1451,385.70682
250.45409,460.66296,306.02777
245.09528,383.68768,111.62437
207.76514,258.69196,-91.64207
160.43106,156.34439,-136.36174
35.89227,54.43031,-90.683266
1.9067434,-41.240704,7.621106
59.680008,-8.222829,94.87559
102.29007,12.65353,42.743465
115.78143,-6.3542714,-175.82118
156.14903,-32.98274,-333.76544
254.63243,-123.929504,-345.32578
277.24554,-201.15271,-362.22437
173.30348,-214.27272,-307.02304
53.73983,-202.51642,-370.86746
37.56482,-172.42032,-435.34137
16.885431,-180.489,-256.6499
-56.1756,-184.87996,-158.62224
-75.53132,-121.917496,-108.56294
-140.6464,-75.38912,-79.504944
-112.60298,-80.79066,-134.05519
-53.848103,-111.178375,-142.51485
-93.228615,-136.43927,-93.10206
-49.830276,-195.27635,-102.071304
-38.762486,-222.36218,-222.04593
7.5313487,-187.23224,-287.72156
34.774345,-256.35992,-259.91257
-20.528324,-380.80075,-228.54929
-66.648964,-453.2948,-240.18079
-145.71123,-348.7049,-164.80917
-168.8983,-136.20068,-35.991814
-87.56002,-126.937614,-44.247005
102.19257,-216.43922,-51.295322
154.17361,-305.12213,-24.753872
125.77505,-432.859,-33.392006
96.18471,-457.10287,71.58295
63.60459,-353.7152,283.79517
147.72495,-205.70465,411.70316
57.1626,-20.56994,466.7849
-107.93774,155.37393,404.05286
-189.50247,190.71118,234.95575
-103.726776,173.43504,181.76474
125.75637,168.91063,227.82306
177.4486,117.01394,236.00943
154.04709,184.9228,97.767784
148.47719,291.5404,12.227423
47.7113,204.23064,70.83894
-131.0263,134.04015,57.091965
-178.66713,221.02193,185.84532
-151.57434,291.15112,399.94263
-143.16344,341.9248,340.28976
-93.77433,415.15533,213.97548
-106.99759,367.63644,242.76485
-121.06781,211.2811,239.5944
-110.02941,187.37488,121.35787
-30.088438,251.55098,60.83841
10.812708,171.67963,57.620953
6.75405,87.367645,62.21544
63.3064,81.66092,56.94118
38.89894,62.823025,-63.129833
95.34316,20.135452,-258.667
165.69145,-71.79169,-428.3704
177.59193,-67.92801,-506.70383
215.00562,5.807765,-506.40726
224.35063,10.468018,-481.6508
272.96027,-7.592154,-425.12903
340.0596,-81.36518,-383.7094
413.50687,-158.14937,-363.72525
377.981,-159.1339,-295.63144
217.82642,-138.47697,-192.3663
31.894867,-79.70733,-119.30661
-140.19032,-23.54212,-115.88588
-187.71391,-80.54148,-86.75218
-133.03076,-163.16776,13.186354
-50.13095,-238.52882,25.85217
8.334084,-274.0177,-20.870394
-10.816715,-185.88206,-16.907822
-68.21013,-106.70629,0.5782453
-79.96576,-82.47007,52.536934
-83.85752,-121.815926,113.80968
-149.91615,-131.0064,143.04926
-278.51093,-20.352234,150.45335
-349.1673,-15.175636,70.56865
-256.92358,-21.171381,-26.351444
-193.08566,157.87108,42.573006
-276.3007,205.92947,197.37746
-249.44707,56.29634,266.0459
-23.673468,54.793724,358.01843
36.411156,186.48792,368.40228
-172.01118,295.36127,163.62761
-394.89203,353.17,76.85556
-433.05502,315.03482,26.050716
-273.69168,240.54764,-18.782972
-139.96713,219.85577,115.44
-74.9152,207.45769,96.66474
-49.096046,146.68726,-9.751498
-64.18042,96.93441,-32.798775
-52.481697,71.35867,-44.28105
0.19759913,51.63998,11.249817
124.33639,9.029085,106.04069
178.53705,-57.97746,187.97185
129.05959,-73.17289,218.16656
76.91889,-57.27758,267.13446
33.021336,-56.50349,323.35458
75.113815,-91.234024,366.9739
94.38916,-186.35976,346.34583
86.75315,-302.90646,219.3229
174.27249,-365.9033,125.8282
256.12057,-407.3565,-35.423023
304.18057,-418.49927,-174.86357
259.57303,-303.24173,-166.3051
144.53783,-182.42836,-204.34743
95.00969,-104.81684,-257.7628
96.72657,-79.92234,-304.7791
214.6824,-181.93404,-392.66617
320.14886,-197.35367,-381.73926
242.67953,-147.25217,-290.2971
131.70082,-151.60541,-221.7741
53.468975,-132.32047,-167.16727
13.180503,-169.41147,-196.3053
38.364162,-168.82085,-192.50674
73.14958,-89.93811,-121.57198
88.324356,-27.54462,-100.43467
120.515076,52.976692,13.374369
99.24743,137.20741,23.061424
17.787067,193.73541,-219.38783
-106.38021,205.69112,-304.6121
-305.92322,112.621025,-134.38002
-330.32065,-54.059254,-17.608015
-211.38261,30.951784,9.906198
-266.69135,233.73087,108.337
-281.94574,203.52095,199.24033
-36.421795,114.81027,375.13754
102.65958,119.648506,512.9138
52.438015,187.33028,187.26561
1.427897,142.88248,-218.00166
-167.41423,138.64854,-313.68176
-378.094,298.6064,-104.14796
-482.5854,280.3535,212.34369
-259.90417,138.6472,250.98814
50.59679,186.68828,247.98909
-86.9475,181.67853,131.29872
-146.44542,-79.84478,-151.12114
30.537628,-101.419,99.43623
81.809906,68.75348,343.26993
88.61159,140.64659,-1.7544113
-26.20464,247.74425,-155.45912
-24.58222,268.16006,-171.92375
78.07241,224.29372,-300.79407
28.863348,235.65086,-252.90382
13.916281,235.40425,-230.21109
9.946407,108.57703,-112.23897
21.377548,47.24853,117.7232
32.70518,195.7176,133.88223
-43.532288,259.43488,39.858112
-125.786026,211.40788,-44.22693
-160.22267,147.99716,-34.950737
-131.17393,87.48487,38.11512
-78.55744,55.44099,174.50902
-35.360317,-3.9128165,316.9961
32.679905,-116.29067,222.22337
152.80031,-243.26828,23.017754
249.65276,-341.40677,-92.594215
295.32004,-417.02878,-91.54813
283.84302,-454.12997,41.7954
238.8244,-493.3654,201.8497
303.7657,-524.99286,267.50577
425.2728,-488.02386,255.08167
474.1577,-421.5384,224.66127
417.17645,-390.84137,81.920906
262.53198,-409.92938,-128.94807
143.65994,-407.7282,-257.21213
109.86794,-429.00156,-326.94025
158.20485,-493.90723,-310.21268
267.49426,-469.08276,-245.06836
244.23517,-308.49954,-250.6942
-12.746878,-102.77985,-154.05173
-247.46968,-34.134136,21.688187
-128.0308,2.9097545,38.147842
49.950706,186.2633,42.786343
-54.44492,258.67877,-12.352918
-168.58582,151.11295,-113.56787
-207.81068,131.55402,-18.783123
-218.86029,264.12585,-95.37861
-208.22182,444.0574,-382.4618
-258.12247,519.8526,-402.0031
-206.38538,404.20926,-206.65341
-65.35108,316.58627,-71.99301
7.7497625,334.6702,20.108599
35.195473,299.6642,120.70356
-28.435558,263.3425,175.64241
-141.67667,196.04901,184.63808
-173.64339,141.71692,20.147219
122.2342,109.85553,-321.45978
386.3678,106.45847,-407.71024
-367.6792,509.02194,210.2721
-919.8996,612.11664,697.1991
-122.43437,-332.06714,-25.047338
139.35426,-258.7616,-112.15918
-331.83145,660.0553,713.90393
-309.44052,-314.83264,-83.84499
-87.03713,-458.49194,86.11337
-96.54644,399.77573,1285.9833
-224.84045,-613.1335,48.43428
-26.91335,-397.16855,228.75592
-112.301865,134.91129,919.7833
-285.5429,-469.01385,-287.49277
-85.31162,-58.61755,332.86826
-273.7776,77.79675,467.81226
-175.02628,6.2359138,-195.82906
24.063643,-73.03872,244.77113
-7.2242575,-89.623634,-78.96117
199.9748,94.53951,-183.13776
141.11273,-66.23478,-126.383
178.76431,192.84619,-376.91718
133.82399,146.70618,-255.82031
-39.174637,-83.18091,-380.83585
149.32625,8.705901,-315.62515
60.376972,72.498856,-39.883526
-66.38839,79.353096,-137.14192
100.30381,-144.43983,-141.27669
312.3867,-198.19806,62.909298
422.02582,-99.32558,57.26813
234.72238,69.6599,-144.59941
-22.374464,154.3318,-127.67284
-39.435085,-46.937164,88.40932
210.97931,-77.26197,90.21457
314.43915,88.174706,-93.51192
217.1679,147.26346,-151.18378
173.04205,125.038086,8.213987
95.43719,96.314415,32.536716
35.380215,151.44844,-232.16711
14.756621,123.55167,-341.76526
88.74731,-22.867552,-158.10413
243.02171,-24.580708,16.54267
301.07632,16.862623,-7.0049396
233.8982,61.035885,-46.955517
70.88809,39.31191,48.597935
-58.738846,-53.99183,60.211216
-44.756203,-51.255264,55.799995
110.657036,-13.767375,126.89466
325.22525,-37.453026,-58.476646
172.06935,-8.630697,-293.61343
-584.9833,190.94691,-169.21379
-843.5423,187.15198,-124.33983
-104.87296,-121.73925,-482.3425
289.91238,-132.48828,-486.6189
59.559032,87.12931,-52.10394
2.9388094,-33.7054,-23.540123
127.68099,-128.51299,150.07083
90.54403,-45.925808,510.89932
71.27997,-224.98184,414.4525
202.15681,-415.28412,489.54477
57.125435,-437.5255,507.67117
-211.99883,-485.94778,187.17654
-102.00687,-519.9679,-73.03742
168.77156,-319.44598,-277.69528
-130.55487,25.1407,-385.79242
-794.4754,36.87195,-159.81007
-620.3168,-118.13986,262.24396
177.71616,-37.733463,297.681
221.46223,47.89719,98.67371
-203.77162,-0.3862557,-307.12393
-117.92613,-230.9687,-160.10703
6.6758695,-283.4336,567.8892
-14.054671,96.70696,146.18465
-70.483376,243.32474,-285.18253
-170.63492,-33.04589,95.02218
-30.024971,-203.27032,186.5065
-47.22904,21.130823,31.7777
-165.35493,228.60715,-227.35085
-209.37357,230.6093,-171.00696
-223.74666,147.92497,-24.228607
-5.959657,203.28282,-269.0139
161.11627,437.29288,-285.73404
220.32283,290.39328,-89.597015
226.38066,179.28073,-103.9295
142.99255,344.02463,-200.73956
123.457054,348.37082,-321.8462
133.48439,285.54172,-332.62723
84.424484,239.91096,-211.24113
79.03561,294.14175,-165.44733
60.492085,309.43555,-51.108715
-35.029594,199.74727,83.08964
-45.412586,163.96756,65.72963
-12.221066,169.45541,27.375051
25.574732,114.4506,129.66483
103.0484,38.34996,321.053
247.73026,-13.518657,305.6112
407.40167,31.099476,166.2022
305.57928,175.11758,215.34267
-67.18239,221.17143,443.1486
-251.72466,48.159264,511.59134
-135.60324,-39.829823,313.32556
-154.87668,88.89825,219.10677
-346.5274,-50.985752,38.71859
-315.64798,-367.9637,-189.65065
0.5501487,-406.29932,-12.042725
175.08311,-333.27948,125.14746
93.30085,-315.36237,147.94754
109.01404,-312.87054,208.53549
199.13597,-310.03464,97.738495
195.8488,-279.53027,-15.5948305
149.83287,-168.61163,-73.38721
82.922554,-127.02591,-36.92823
72.412575,-208.90114,93.49282
87.538445,-200.43701,167.28508
42.184338,-225.45296,116.08104
-26.755774,-301.10947,2.2530568
-155.3063,-314.04175,-31.309656
-277.10654,-265.33115,-60.46397
-366.6358,-123.49292,-62.052456
-408.36685,-81.45682,-0.33276573
-327.98715,-71.91415,24.747847
-231.18976,6.703573,-5.7858257
-109.2204,38.52782,-162.39175
-23.102106,153.30814,-298.1959
-92.08998,279.9601,-249.95613
-156.3332,310.75598,-164.45914
-61.779743,294.71307,-137.65799
92.21358,160.30612,-141.64197
121.80317,98.13898,-189.7282
31.768045,209.65852,-273.826
-62.20624,284.37048,-250.12036
-55.706913,269.61618,-146.85052
67.53636,158.3403,-92.3658
207.74394,13.837102,-53.070595
260.25748,-65.38031,-32.760914
216.14442,-115.13798,-44.449562
110.18429,-78.66225,-55.04544
-11.613893,9.976504,-48.044266
-23.474403,37.841152,-55.038006
71.61571,57.74674,-25.928219
157.01674,21.90905,21.786957
240.14238,-42.202187,25.373144
308.6483,-49.77308,37.188343
302.71906,-89.57331,4.6278315
202.69585,-101.974174,21.106836
36.07934,-67.0587,84.701294
-56.8301,-56.39232,91.52166
-102.62624,-8.039597,131.764
-191.54924,4.781643,152.95647
-211.875,20.067778,163.80307
-70.91974,122.40705,83.200516
57.482765,171.37573,-70.27354
-245.0798,186.89563,-24.442682
-630.1755,121.163376,83.85471
-407.583,-6.671774,12.007482
11.776225,1.4841719,-120.322205
133.53413,15.988166,-15.746127
45.72536,-62.75023,60.757374
-44.134247,-153.55623,-102.98296
17.53757,-286.12405,-141.02922
56.257286,-339.3055,-104.82288
126.86004,-271.03943,-50.903107
277.94418,-249.12395,-41.7475
224.27399,-72.04646,-53.777966
102.81445,131.70645,23.3698
36.13763,137.08177,2.6796587
-30.243605,214.29515,111.39705
11.585389,253.28592,264.18866
55.318813,218.32254,233.5005
-19.636795,223.9876,168.0302
-176.87119,244.26416,87.114655
-312.13306,271.355,13.962449
-259.4133,260.35025,-45.86927
-110.92316,193.84305,12.814386
4.331676,8.231266,135.0523
78.69733,-141.68768,235.6679
105.75578,-201.59718,325.93906
83.24938,-220.36888,362.46368
-40.35405,-146.11916,368.3959
-156.17067,-95.04535,255.81845
-211.5768,-60.290546,87.110306
-243.11653,9.57111,-53.77435
-253.09741,6.31947,-163.94606
-221.08334,-65.37114,-159.73134
-132.27171,-115.18689,-124.303665
-60.35151,-150.17447,-145.32541
30.261604,-121.81615,-145.86485
65.45866,-82.49181,-126.824905
162.84023,-68.30318,-214.89973
442.84952,28.477077,-349.32196
355.585,175.74783,-369.2705
-286.9916,304.91815,-229.32922
-559.82214,133.6937,29.255346
61.296585,-108.40711,178.08643
516.0674,99.46728,18.427853
243.36565,180.02934,-447.6549
67.33094,-139.37878,-674.55304
221.86,-265.81958,-94.3466
307.69287,-80.63978,179.16698
273.0431,104.4682,-314.30176
280.59384,24.035248,-315.99173
414.82986,-162.67181,-135.10878
415.41153,-78.85622,-229.27478
194.42438,137.42647,-235.25403
245.8934,84.50717,-170.5818
469.68402,-98.03461,49.604393
402.63602,-46.61081,124.15038
150.03075,50.47904,-31.43799
46.3905,-43.363274,-29.057718
110.6705,-102.41198,186.42963
-76.40761,-44.01592,328.80585
-333.98654,30.784775,438.76776
-294.69998,126.17768,671.15155
-201.04561,89.74545,624.52985
-127.78287,-46.17851,400.22815
-30.610193,-116.61572,317.2072
-34.602192,-193.9932,249.15628
-145.58003,-186.94353,262.02954
-216.35886,-84.82357,400.79794
-230.232,7.8423643,569.33856
-284.40073,67.343346,663.6116
-344.55386,2.1051528,593.5136
-313.8888,-46.32925,424.5367
-265.6873,-31.603256,274.22394
-270.10052,-49.742554,223.08777
-318.2365,-73.248566,210.29066
-345.5935,-133.43475,126.50398
-255.71806,-193.60704,43.474804
-172.5485,-229.11641,-75.61325
-119.27332,-221.9616,-366.16953
-72.16408,-142.23904,-659.4078
-96.647446,-53.5209,-793.9886
-124.62023,-45.442623,-776.9061
21.891676,-0.42710355,-614.82513
297.7126,134.04414,-511.6223
329.0141,168.68169,-630.25275
291.9158,160.88046,-774.4041
371.06393,43.312893,-638.6335
387.1484,-116.99136,-411.03043
297.9554,26.178946,-442.68988
91.41515,176.70601,-454.74124
143.87733,62.039898,-244.20341
307.7668,52.16099,-91.18794
230.61507,255.51079,-137.24294
111.70293,401.0162,-180.29318
71.29038,363.43027,-16.489542
224.77225,233.90373,158.25323
257.19888,242.8873,21.282051
133.38351,172.2866,-226.11858
181.33475,-98.33287,-112.29427
223.3955,-190.18866,179.80115
158.32835,-109.399666,278.57025
13.845941,38.396645,388.30338
-84.848274,90.62763,505.02838
-71.62969,79.47395,388.85785
-200.12442,198.33238,201.39064
-458.12955,177.68361,216.30074
-421.47327,16.900362,319.9921
-73.90547,-18.35203,188.6003
61.44719,1.3745497,127.97341
-123.87443,-79.41069,272.97302
-236.20947,-13.480336,239.49385
-178.57205,113.23243,150.03893
-154.7049,38.40791,53.518456
-165.76224,-1.5757713,41.49678
-157.08168,-173.90274,154.10013
-230.84329,-330.92166,107.36435
-380.2,-232.07048,100.32959
-448.68085,-168.58926,137.86034
-390.17517,-160.35591,77.707214
-232.3229,-117.2354,103.570564
-24.642557,49.020966,226.1139
110.08932,123.71287,273.68304
111.60596,84.875946,158.38309
15.763523,87.96692,69.05768
-4.490594,17.43927,65.60498
44.35173,-63.377567,93.825325
5.4902587,-155.48137,230.36546
-18.316921,-188.8525,367.35208
-13.390944,-136.91953,341.31757
10.405168,-97.53465,169.67418
37.923233,-59.921898,-51.98294
20.761492,-35.98214,-216.54388
-73.51685,4.777722,-283.68213
-332.7424,23.90083,-279.78543
-475.31302,10.949857,-205.9416
-379.29822,-27.369024,-144.31616
-216.4423,-4.9804893,-169.25803
-66.40061,113.04375,-213.12068
19.520975,146.2848,-215.00687
110.620155,172.50609,-203.41277
159.87556,247.1434,-253.3163
172.6683,275.18872,-377.38766
206.6235,237.44255,-404.35834
216.3151,170.48795,-335.77612
203.55249,179.47305,-388.789
176.6101,237.21762,-519.08466
157.9656,254.05293,-595.55646
179.78737,155.53235,-515.6651
233.09409,-10.307184,-377.806
289.94873,-171.22745,-310.20462
393.11926,-289.3258,-163.4717
469.37912,-296.66647,45.179066
445.65842,-280.4346,208.52505
416.66003,-227.04863,207.45177
429.33163,-112.21191,12.800516
366.95187,-48.160683,-131.4512
157.81198,-81.21503,-97.485916
123.21969,-189.31027,-35.21852
356.35544,-205.51337,-38.9439
431.4025,-91.21748,116.553246
214.24506,-59.540886,428.08368
81.204285,-117.68344,529.507
171.22981,-90.063866,503.28174
92.90235,-51.889225,461.5495
-150.02274,-63.268993,308.55072
-230.07106,14.806777,208.0855
-240.87173,100.555016,111.80882
-282.8182,92.24723,146.40512
-307.1836,73.02827,414.8354
-328.2911,94.0617,597.76
-373.9232,128.37685,596.83057
-458.88406,143.23917,409.86255
-473.3748,118.76187,248.21014
-395.52853,43.663857,223.59984
-324.17328,28.232513,289.49228
-243.9208,86.58147,532.94995
-179.50719,130.31107,727.8124
-149.3302,117.52043,601.45496
-116.01738,75.51015,349.08755
-108.00366,87.79767,186.8731
-132.57378,77.62238,-12.697205
-144.80437,42.174576,-201.03885
-168.07887,-26.806429,-358.4962
-216.75745,-124.29024,-518.9149
-192.18703,-119.98488,-577.659
-92.73468,-126.1184,-559.0158
-0.92505753,-158.1548,-480.34784
22.773396,-161.59906,-466.58398
-13.389294,-218.23262,-549.45734
-3.813785,-258.2085,-629.1614
59.579796,-233.24011,-647.9817
110.59742,-226.17065,-577.3306
124.40077,-260.9348,-507.3773
109.0737,-268.422,-439.05923
110.318855,-258.18277,-400.3497
151.83427,-237.05301,-373.84286
154.52722,-155.45966,-364.9253
109.88857,-38.189598,-446.33813
67.54283,45.593586,-444.239
66.91824,54.319298,-436.109
189.84749,73.190414,-464.86804
248.0625,143.86772,-397.26605
206.87263,221.23366,-374.53568
254.51456,258.0503,-253.00327
276.6831,279.56537,-27.82067
314.4588,380.36435,-64.08483
273.14304,503.14984,-267.1429
-97.50534,521.91064,-276.8916
-355.89438,352.27872,-37.143135
-158.13184,188.30493,180.49944
115.493065,324.53482,347.60785
193.11322,505.16486,675.36743
236.34207,483.4054,818.49084
269.00052,416.32,549.68304
175.13959,226.10281,420.29395
115.927536,-19.867546,529.68677
121.7939,-84.431816,609.41986
111.04176,-51.818775,783.3188
110.02964,14.98905,1029.4755
77.53788,63.32573,1198.5475
38.85258,37.553795,1184.3147
-17.624792,-76.25652,1041.6761
-101.33748,-249.50287,933.5674
-203.14665,-447.4253,803.0045
-297.2756,-606.956,696.98254
-311.74243,-580.9964,655.6592
-254.49776,-462.18167,502.38535
-111.45793,-402.40958,276.35837
-17.936066,-366.8688,157.33092
-34.038116,-323.041,57.100155
-84.829346,-322.00403,-129.04631
-226.33682,-364.91995,-241.58342
-318.00153,-404.35056,-237.64635
-274.0016,-408.1874,-241.87065
-211.22568,-360.54248,-302.8404
-168.39844,-343.7071,-457.75574
-135.79042,-349.48126,-626.54236
-89.41984,-275.85562,-679.63214
-54.614655,-161.12914,-615.78406
-13.125293,-18.29412,-500.9197
35.67638,110.27004,-465.15106
54.18593,126.85721,-588.2253
96.49231,162.42924,-694.06616
140.55104,278.16434,-609.69293
124.746666,416.169,-513.08417
66.33232,582.62427,-468.71674
-29.600039,697.472,-412.63803
-137.4187,699.546,-437.24243
-163.35983,594.769,-517.28406
-70.62922,413.9344,-586.189
110.42022,245.30676,-550.28033
304.96753,164.88449,-348.95154
366.67148,139.12283,-36.878345
264.39157,193.2175,243.11342
63.679504,290.62878,355.80215
-156.63263,261.25595,332.58722
-260.28952,205.00403,221.93703
-282.00555,203.11559,106.626755
-330.52103,183.3699,39.134777
-258.39905,178.216,56.063972
93.02797,228.17487,105.21621
322.35297,241.43042,-19.35471
-75.05938,22.054184,-191.4489
-405.56564,-205.7807,-131.01547
25.545286,-114.53174,-125.84669
299.31747,-12.498949,-379.23547
-75.091515,-35.048477,-95.1026
-261.04764,-31.878073,392.47824
-51.237484,-115.12814,82.44105
51.068172,-102.84549,-79.218605
-8.710722,-81.11198,111.218254
-42.414104,-227.69156,141.78543
-7.941639,-231.21382,105.97453
80.14875,-234.68251,-16.433056
120.10038,-281.2811,218.88454
165.6114,-300.21698,315.87753
221.18568,-394.5694,191.94374
148.21649,-407.9449,259.13977
67.05725,-361.76648,212.0173
-31.877813,-304.21368,344.75934
-111.029335,-240.20988,476.83328
-56.329166,-236.74254,414.8343
-7.1192584,-327.32132,304.43527
113.361664,-430.8881,250.45013
243.32771,-412.55048,314.13733
249.05557,-334.80792,270.7659
232.63673,-257.6772,198.8463
199.90283,-145.04439,89.59247
228.00934,-55.605392,19.492058
257.27515,-3.4407852,18.23667
205.59851,63.35161,-86.738686
178.96956,86.00295,-248.2558
155.76256,85.56245,-403.70132
72.97951,24.033724,-459.96692
-5.543616,-31.435009,-398.3962
-20.81393,67.04319,-260.37646
-11.657108,189.80582,-97.60448
7.540915,329.65878,-46.842552
-10.668277,425.0241,-175.33093
-6.5141497,417.20834,-337.41617
39.88387,404.50833,-423.40012
40.025684,302.2552,-413.5085
89.40277,136.5077,-310.22415
191.81752,63.374317,-226.40485
281.32797,69.73897,-125.6649
259.22852,158.70357,33.397987
105.73177,298.6496,176.85973
-35.3374,368.7518,248.59592
-144.07137,383.60965,135.30205
-174.13443,323.50693,-37.809284
-120.975235,248.14265,-89.53087
-71.96561,220.59732,-68.36886
-44.818832,215.32187,57.96299
-4.3669815,233.57103,146.36392
28.348475,188.54042,160.99876
-136.68657,74.339584,186.94606
-371.00528,-114.20173,163.35054
-349.37488,-173.9723,290.29456
-269.70392,15.893399,334.49307
-313.7733,163.23004,322.66254
-267.12695,210.14037,625.2108
-142.48141,181.91078,655.9695
-81.65767,77.43483,356.40137
-97.86954,15.539733,266.21375
-269.77582,-94.817924,148.82376
-465.06772,-268.50534,-47.32915
-463.87045,-243.35255,29.41952
-371.57278,-142.64062,143.0923
-308.71017,-135.21999,150.61812
-229.00035,-61.939495,183.69438
-234.22209,-60.40095,-16.202234
-382.48157,-134.02296,-259.7394
-460.58972,-137.94234,-301.9226
-472.86374,-184.33775,-370.42722
-420.03394,-219.46112,-351.5781
-242.6903,-192.88031,-293.41315
-101.12532,-234.62932,-276.7584
40.891243,-302.51645,-205.12433
186.94841,-300.35046,-149.08221
303.50098,-270.75607,0.9859435
416.66574,-152.50522,25.67372
478.792,-123.15646,-198.50397
529.9682,-289.23944,-429.69028
484.15085,-417.24194,-603.18555
404.748,-550.42676,-516.5023
402.8745,-601.9299,-242.66898
391.25797,-551.86835,-27.742462
380.92706,-475.53714,169.19647
364.49197,-280.84763,362.0904
390.22626,-95.66462,406.66388
474.00467,61.09385,272.9593
478.3386,147.64719,70.239716
287.15714,89.40722,-176.42825
126.771996,-20.268028,-277.96722
214.61029,-105.08122,-206.35196
276.5785,-32.765835,-67.96742
209.42229,105.326614,161.4324
130.11021,105.01453,250.69287
90.495,80.60004,245.69139
41.848625,193.37238,184.38988
-58.037712,358.99225,-144.1712
-74.00637,395.81854,-318.8327
-1.6831913,345.8012,-166.55045
70.06475,315.975,-110.44642
70.63189,308.85077,-155.10655
-31.611668,325.55283,-77.546555
-213.09544,261.26505,128.79895
-365.64682,195.44717,216.43765
-273.91666,314.8441,178.69086
-25.255621,475.2239,257.43317
-31.380291,423.87158,322.94952
-292.6449,314.79047,318.4135
-284.41745,480.72366,229.57065
-110.846436,639.8414,-157.66772
-411.127,424.8532,-456.14374
-597.64386,125.039566,-131.0667
-164.94452,11.840524,154.2918
36.04576,-96.20886,-60.858692
38.29303,-271.30032,-53.929
70.04329,-311.886,168.82506
-162.032,-158.15765,231.02979
-274.84732,-32.139626,256.26904
-214.46533,-24.165638,366.34534
-222.80844,-97.64168,426.39462
-236.27516,-262.28482,196.26549
-226.80392,-281.23505,-62.457687
-221.00247,-201.27055,-208.91289
-211.78014,-217.24821,-263.67493
-210.30577,-201.97238,-221.65184
-210.87454,-106.59054,-180.78632
-181.58376,27.627277,-62.162045
-141.19653,127.83443,43.852177
-74.375465,169.1854,74.066284
-17.470123,177.19164,108.869606
47.369167,153.37704,126.31351
120.05291,88.58066,106.45373
169.36665,76.862114,65.46243
180.28055,98.37796,-57.424267
159.34328,81.74596,-182.92232
148.0151,78.302666,-233.13387
112.178734,-28.607723,-324.71533
136.63242,-119.98814,-356.30414
206.40964,-126.359886,-307.69205
253.69348,-154.05708,-252.77023
245.06438,-129.37843,-215.86565
198.54553,-98.71054,-155.41704
216.02008,-28.830124,79.51282
235.8282,46.519833,303.52612
271.434,67.25245,400.08755
290.0316,51.51351,325.22128
291.54343,-30.070415,-48.311016
290.15625,-138.2575,-451.4763
177.40392,-278.13342,-556.65326
28.749022,-324.97568,-289.88806
-85.13977,-295.4219,128.64456
-80.62179,-280.63687,403.59418
15.449219,-220.91173,475.05652
98.147675,-210.89319,428.78882
198.74458,-224.52887,340.73407
250.54407,-185.19548,270.60626
223.5183,-161.79205,228.91704
193.70613,-137.08183,110.8379
189.30243,-81.53349,-15.503396
178.55098,1.3396318,-83.08416
21.964174,101.69555,-118.35959
-287.42233,59.19004,-71.54446
-377.50095,-13.355856,29.849983
-206.1191,142.5558,90.493164
-128.22592,193.8326,-56.893993
-79.015945,25.252586,-219.54623
8.758506,-97.171745,-355.41345
20.725405,-205.91492,-667.51385
60.151215,-94.87219,-723.3676
-72.056015,111.35628,-520.205
-379.3233,160.7169,-178.70334
-314.98264,281.50122,195.47829
-62.433784,251.5697,146.84315
-54.04332,202.98279,154.97157
-118.720955,214.23045,170.63841
-138.22223,58.726757,-0.21641916
-120.40391,86.365456,70.31177
-44.997707,160.97192,-48.922714
-86.76943,94.02331,-151.94862
-168.83217,-9.241532,-7.1534824
-167.69557,-101.64108,-14.970438
-262.00983,-47.66414,50.27698
-244.52504,59.87058,198.474
-189.75258,120.657906,293.66974
-252.11487,159.92041,332.97623
-283.5969,219.31854,323.83838
-364.13657,280.77063,289.59372
-335.6785,291.01572,172.12955
-221.92543,295.54486,58.807434
-163.0151,314.6251,-1.4685957
-113.815445,315.97876,20.301258
-35.456818,315.1342,93.56304
66.26285,284.90848,148.43448
145.68889,222.098,237.66315
185.19528,175.4108,246.01721
116.3094,97.0115,134.34082
92.36452,-26.807545,105.5973
97.26492,-136.26068,120.12476
70.92087,-222.22919,132.70773
86.27403,-309.98935,159.6938
97.93876,-347.20645,91.33495
170.28001,-287.3364,24.23988
201.64514,-252.15674,-30.434118
195.9009,-228.732,-122.22947
211.35117,-148.7609,-136.94989
209.0923,-166.98888,-136.36427
278.1987,-202.10948,-171.54506
326.58298,-197.58821,-121.96009
318.09393,-261.44485,-90.51691
281.11057,-330.63654,-185.62048
315.1848,-402.26373,-195.40428
530.5852,-321.41043,-184.55356
627.8711,-128.66774,-195.18059
385.8941,-128.10448,-55.493362
157.30672,-173.74342,47.038773
306.88876,-87.62875,-66.28576
271.40823,-90.86218,-334.40643
-157.9584,-255.68787,-301.76346
-104.97448,-292.54398,-31.031208
244.13893,-168.25316,-227.90376
241.32962,-21.070927,-528.61884
78.48842,58.78383,-466.80722
-114.65132,-2.0160704,-301.2663
-253.30162,0.023625454,-150.52786
-254.39406,72.149994,-16.428732
-219.38,31.912992,104.988434
-222.78618,-26.506083,164.31517
-195.31404,-1.6042498,126.742355
-105.84488,82.11626,12.455183
-5.8573165,140.00354,-127.30694
114.583015,156.99934,-194.56401
180.51907,158.27954,-115.05755
209.01941,131.01868,28.679903
216.07408,159.624,196.32411
142.49913,194.5329,375.0598
31.090508,213.61429,481.30966
-118.51563,236.59053,511.33395
-258.80362,136.55699,404.82706
-329.0002,64.62621,298.39914
-358.21027,65.02293,244.74849
-333.0468,54.636044,165.17976
-309.24878,69.28295,125.214455
-346.2117,24.862627,152.91971
-343.74854,38.515728,235.56947
-321.68347,154.86288,312.34787
-333.1567,220.84486,386.77295
-316.01547,264.34375,321.56012
-229.90688,284.06482,119.97926
-101.986725,260.96515,-42.599857
-55.039307,213.5812,-134.99948
-43.689228,63.338715,-124.74185
61.91912,-139.70996,-71.55918
185.53564,-279.29132,-77.17375
219.2381,-326.3661,-182.77422
135.88724,-255.70023,-281.30704
-6.165605,-113.58555,-323.4888
-143.33835,-7.0089254,-283.94183
-258.37122,-22.376057,-149.09862
-311.87863,-74.4287,-91.86169
-322.24716,-86.4481,-100.53477
-288.7847,-74.51434,-151.77596
-212.29872,-18.346615,-248.648
-176.20474,21.475857,-270.9539
-169.17242,48.823414,-234.90385
-100.87805,94.85856,-257.2735
-9.650994,105.67102,-381.23907
-94.541374,-41.994324,-499.66428
-235.69434,-270.2873,-495.50903
-127.24222,-235.5553,-307.1414
-13.452527,23.764196,-186.03731
-76.0222,152.85161,-123.62258
-75.50657,24.334074,118.12658
-54.27883,-60.183296,124.795876
7.2325845,87.97814,10.071314
86.593636,93.764465,44.45643
75.54462,-4.412974,134.178
198.2285,125.84536,283.1919
281.52228,191.91756,190.36377
229.99739,111.13826,129.14133
145.37306,8.214548,179.70807
29.273443,-169.04024,121.58459
66.81302,-185.50916,206.31526
183.78543,-90.60327,295.17847
328.82535,-50.34227,357.20483
458.6539,-40.125175,398.438
506.49188,-110.431885,350.703
434.178,-135.1146,370.95953
297.84842,-95.580826,368.05942
299.46277,-31.228045,299.69073
348.30106,78.07361,228.87392
380.529,77.98075,110.894005
363.40268,-13.3842945,35.333607
329.38248,-14.058113,96.59235
308.06183,60.680244,181.99774
214.88625,106.78704,176.70932
127.78927,118.41242,88.78423
47.60505,112.50293,-75.038895
-17.93689,57.75965,-233.66878
-58.16984,4.1008706,-240.57912
-67.05384,-34.017868,-140.75165
2.856527,-46.89352,-16.27455
63.736576,26.612776,80.72921
82.436386,53.219887,137.14516
48.3736,42.42887,174.0448
-58.150574,64.15219,74.17166
-172.10606,76.48305,-44.172157
-229.40347,141.56688,7.2405963
-207.93283,179.55386,112.07299
-182.57404,178.04286,151.55142
-192.52979,187.31787,84.57535
-144.7338,156.72096,30.519321
18.734743,110.21926,59.610237
176.92894,38.326267,66.2634
191.50018,-24.994532,63.341373
76.40347,-70.90579,-24.428724
-61.63771,-35.034016,-169.11479
-73.50174,178.52782,-258.86435
-43.661274,355.4894,-410.8441
-183.43518,268.47818,-460.1093
-319.48343,40.56459,-306.3591
-155.47963,-9.364051,-254.41312
-22.310028,21.237965,-376.16574
-253.48221,-85.96474,-361.0111
-291.4325,-139.7627,-234.07364
2.672208,-169.85657,-405.63248
94.458855,-318.22223,-717.5911
-50.55438,-445.3383,-821.7284
-225.14609,-454.80762,-553.87714
-339.6577,-309.63278,-188.49156
-420.7547,-64.27997,-85.49917
-454.04822,24.885542,-2.073613
-463.80164,-46.862293,-27.678944
-485.38934,-25.319454,-104.19708
-420.4868,87.93014,-77.79088
-288.9438,220.66783,8.971061
-105.65058,309.57138,238.64047
53.880863,274.1783,371.62518
118.346886,221.37749,374.13834
173.90308,192.16168,240.97377
257.42227,101.95577,71.575966
272.55484,-11.213751,72.045876
199.62961,-76.81448,184.79677
134.45645,-104.24928,381.03366
83.87542,-70.98784,509.79398
93.88708,-65.86331,520.84625
110.70344,-170.19417,482.3487
95.38609,-251.65599,401.99005
97.081055,-310.7186,291.9984
41.4836,-350.05905,199.22258
-27.61043,-315.95837,180.98534
-79.429405,-300.6911,202.32097
-108.77452,-331.68588,225.29924
-20.68411,-348.44675,224.25554
138.44667,-325.982,153.70525
271.76318,-274.16895,-9.060247
331.42133,-182.72578,-172.04976
316.72833,-110.57059,-203.66263
311.3752,-88.024536,-138.2648
308.28888,-89.99018,-80.788445
294.05716,-168.9841,-35.00587
278.8738,-238.08713,24.332733
215.0059,-226.97488,103.43261
138.64066,-233.0147,165.67886
31.21572,-223.38643,137.71835
-75.91853,-134.2712,43.11374
-109.851906,-46.130165,-99.19109
-151.45067,6.67925,-260.85977
-150.21458,28.368359,-310.1484
-75.74726,24.972164,-311.40976
-37.61079,44.800293,-353.70288
56.382687,153.84135,-366.02884
199.04698,337.7917,-417.3057
176.18741,352.63425,-510.89526
9.07268,232.37091,-533.4647
-23.6249,245.57755,-452.47006
148.44241,341.0517,-409.64258
157.59752,521.13904,-357.27737
31.684092,641.8359,27.119698
4.8517127,540.24164,323.7661
-2.9300213,589.92926,206.7754
34.976044,714.07367,52.079704
-9.6601515,525.11383,-49.06787
-62.0736,316.9676,-66.73842
-17.222567,284.1131,-104.34257
22.790874,233.92296,-99.81132
8.674967,237.57388,151.86552
-279.45618,246.84718,392.76657
-475.38852,199.17757,465.313
-395.35104,235.72145,375.58878
-430.94138,161.84583,281.36588
-408.19925,50.82941,277.83215
-249.23917,11.617696,249.17915
-109.17504,-46.160805,257.30286
9.061941,-64.23874,277.74738
31.915102,-113.67846,355.44962
41.105007,-142.88348,486.1128
99.52136,-215.72911,484.09262
98.35795,-248.78317,503.8399
112.01151,-233.05797,485.39288
89.215195,-251.3318,292.5305
-115.37152,-187.09956,108.589966
-267.53778,-253.06575,-31.013014
-275.54175,-317.16745,-69.48779
-267.49954,-258.02225,-38.595352
-205.64494,-245.33553,-24.975824
-129.80975,-280.82028,-72.69849
-144.77115,-334.71838,-259.92175
-203.01024,-355.16272,-455.27527
-254.78177,-386.57993,-513.6166
-242.16252,-400.18555,-400.9158
-146.02017,-418.52832,-208.94559
-78.415855,-427.58228,-115.17905
7.8734202,-350.63327,-109.98914
55.935425,-260.9767,-97.12332
16.25738,-146.397,-106.1144
51.23917,-85.01761,-102.884834
120.76426,-118.19111,-40.113583
234.75116,-118.73251,19.008139
329.35803,-103.213326,66.180824
345.65875,-71.819305,111.46306
375.39603,-41.742287,74.64701
439.263,-36.54499,-127.59291
569.57104,35.076458,-360.7862
493.7575,71.28102,-452.96677
163.20798,54.193672,-266.68903
-67.551025,-36.024296,80.119316
5.175305,-216.27,160.12703
271.08118,-34.28147,133.81404
270.1382,325.45956,187.64331
-13.683011,331.09448,31.523737
-101.21641,321.52582,-91.24841
32.478363,525.89996,-75.99323
88.852135,649.4097,-288.24774
50.94016,586.18494,-401.5982
-2.8930037,502.12268,-297.60892
24.113924,467.97623,-284.30243
20.25404,423.63324,-276.17032
-103.264084,315.59634,-342.84573
-109.68772,153.68085,-276.4247
-84.905106,39.119255,-91.14338
-92.24733,42.10525,-77.7343
-50.848618,137.39319,23.231262
16.313751,203.80728,92.36757
57.620213,173.07863,94.574234
109.20157,89.77406,149.2014
206.09766,44.707333,190.96721
170.63646,34.02194,283.6366
26.70184,-40.269222,322.82028
-129.17363,-86.58266,412.84268
-195.44347,-126.78955,484.23773
-175.42795,-195.15045,411.36978
-160.43307,-137.13255,337.0705
-103.39564,-85.460724,206.09468
-90.826164,-85.83592,105.669815
-147.24382,-55.82931,117.48283
-218.24576,-73.09944,201.20111
-259.58603,-88.95344,282.26877
-188.31555,-67.08475,283.912
-76.59727,-84.32947,180.9144
-18.191763,-142.74576,-54.790943
-1.9698689,-178.1332,-218.56757
-76.01215,-155.3182,-159.81686
-195.81935,-84.456314,-23.811758
-238.30583,-35.8907,63.931526
-182.49953,-81.47998,47.105415
-61.725777,-194.4964,-166.8997
-19.915262,-250.32373,-392.12433
-122.364525,-253.02713,-445.7595
-184.68849,-211.46017,-396.57663
-65.14734,-77.88412,-241.02254
106.2544,20.614119,-155.3877
145.08665,91.9483,-172.38509
98.14335,154.42197,-118.51624
82.566216,86.77939,-71.72389
84.925735,-19.581408,-80.627365
92.555725,-19.32657,-147.7008
87.87957,-82.46796,-228.1774
118.845245,-291.62048,-82.86494
253.53963,-367.58456,163.15273
386.18747,-219.37572,127.14756
332.19162,-109.92372,-39.88162
44.53867,-226.36732,-98.36763
-132.2023,-341.39594,-67.9655
-44.520607,-284.1572,-68.371895
-13.496511,-129.53703,-166.59361
-42.499874,1.2603059,-68.461716
-7.2845273,-84.61394,120.910576
67.61675,-138.06042,7.235421
160.29976,195.38593,-174.0484
75.45583,418.56662,-306.16333
42.74359,289.00647,-295.58032
186.4662,335.06464,-42.455387
171.99619,378.43896,93.84957
146.99258,278.6595,244.03755
167.98242,277.2537,319.71402
244.66417,271.1835,102.97083
193.64427,279.68378,-45.106
-146.96686,210.76692,-23.03738
-308.11258,136.8202,391.5172
-167.00531,153.87718,977.6555
178.19601,227.92996,1177.35
311.8592,410.92627,977.2864
157.17136,421.0995,432.21417
92.13405,226.628,-87.27962
-9.594583,-46.772972,-269.98886
-74.45716,-324.6071,-179.499
-147.58191,-397.6579,130.54602
-268.76413,-351.4965,512.9474
-290.01474,-232.98055,840.4429
-257.51236,-31.386948,955.08997
-121.14273,96.200226,765.7693
60.98881,175.0168,423.00745
145.67365,166.95964,-78.03193
122.91434,3.8771338,-635.32294
66.21669,-122.146965,-930.54266
-57.73261,-209.05942,-991.0132
-234.87454,-301.76465,-848.40875
-376.49753,-329.99667,-554.62665
-394.25113,-350.67035,-291.15042
-313.78244,-234.89061,-52.726364
-259.55963,-42.251755,-14.190105
-145.13638,28.022724,-240.18504
-44.674572,72.67401,-526.6956
-27.238964,-14.719555,-782.9796
-20.458012,-168.40924,-919.37573
-67.89394,-230.7506,-874.0631
-114.37357,-261.89554,-640.3818
-141.89787,-170.0173,-388.96643
-133.69165,-86.811,-267.0637
-123.47255,-76.12761,-125.91708
-167.93442,-57.82656,46.727497
-128.88788,-54.140278,117.075005
1.9403191,58.92544,89.83556
75.84284,186.06525,-57.72381
33.442417,112.09708,-150.75287
51.647278,-27.858152,61.88789
255.15756,36.69435,315.8255
435.28546,183.29663,427.0667
326.58328,204.39383,523.8828
90.617584,182.40579,548.31714
127.3596,245.68779,447.97775
206.5533,334.91074,305.16296
126.86007,224.39594,241.06525
69.74743,117.73584,333.9685
43.70365,134.45245,458.3065
102.87323,212.17409,477.62976
83.22288,394.62183,427.08456
-84.994644,399.00482,342.95486
-236.26102,338.7493,285.29102
-277.03723,296.41382,198.25017
-141.8919,189.54333,15.237044
-8.554569,185.2364,-150.01154
119.09511,124.62508,-246.57913
204.42598,-47.74419,-229.0272
120.39983,-260.46957,-114.00401
6.1513386,-395.90973,65.522285
-86.541084,-335.92575,356.216
-116.35878,-145.43849,611.2314
-91.24715,130.57741,611.71497
-24.662796,262.31952,284.20374
60.005157,112.37649,-280.99948
109.59771,-185.18048,-784.7191
154.83366,-485.297,-974.00336
150.13164,-658.8643,-806.0283
111.26683,-704.55756,-437.14716
155.1288,-637.08344,-76.21745
308.1527,-461.11182,191.7238
447.59354,-363.0964,263.5154
543.2932,-327.1578,120.36689
511.92154,-279.04004,-122.52085
351.67383,-348.51324,-321.57428
230.9801,-355.2938,-420.00464
149.2878,-292.41003,-431.39267
160.79437,-264.95758,-339.55945
141.25468,-141.01215,-173.22354
91.01713,-76.56876,-54.934116
78.75442,-55.115364,-107.07468
-28.244892,5.3196383,-105.0703
-66.616554,18.36169,33.86357
-5.415358,81.09705,78.122246
67.02732,194.54161,78.65458
71.13953,325.89972,76.74279
-17.724134,462.35413,45.949234
-125.072075,502.6525,52.65835
-257.97653,450.3334,54.599575
-323.04694,419.70108,39.00932
-346.99915,432.717,41.11281
-344.66193,468.11325,28.657679
-297.3051,612.84076,68.741776
-329.92487,788.0748,93.12981
-501.67184,721.42285,74.83173
-700.2556,493.6528,188.53514
-694.12134,412.72397,295.95404
-592.55975,469.22668,264.81998
-612.28107,500.58914,253.77121
-607.06146,320.92078,479.4823
-499.3017,133.79692,642.01245
-405.85553,279.54346,477.20645
-321.6314,264.1145,459.0637
-196.62611,42.86901,473.59192
-146.06519,43.353436,169.40326
-115.18312,18.928545,-182.48929
-23.460712,-117.0188,-419.38235
19.021198,-285.30664,-562.13947
44.27197,-315.8689,-584.16174
-7.4916253,-313.72443,-432.74884
85.764854,-482.66174,-232.95398
411.41583,-512.05255,-53.929207
530.61676,-488.56226,62.935688
495.28867,-510.45398,14.275696
454.50507,-509.26392,95.86661
417.31467,-505.96683,253.35843
381.12064,-419.79117,76.37244
306.73352,-390.35226,-182.56561
290.46036,-427.43814,-218.6211
302.41263,-435.0048,-112.42638
319.5998,-431.06638,17.70514
359.85806,-391.32022,116.31643
339.26926,-401.73138,180.4575
248.20964,-445.4657,141.5413
197.56848,-383.69815,4.5021343
160.44312,-317.6025,-129.54527
79.14923,-235.86485,-160.52028
-24.02671,-72.67015,-81.706215
-62.62004,7.2766724,60.00843
17.174547,23.071274,268.29004
85.72766,4.450189,375.96603
137.98796,-76.691895,240.06598
122.4438,-104.23108,66.60926
-18.542274,-89.768166,-11.427754
-133.8335,-38.549957,-15.722967
-191.99185,90.81904,113.2865
-198.34073,158.5485,129.78406
-164.11923,135.51654,-56.71466
-196.57997,133.89445,-184.74612
-226.99963,177.33844,-256.57108
-108.39214,287.0765,-308.20908
8.0303,411.82,-369.97806
7.943015,411.23315,-464.32877
57.380474,338.36694,-527.4331
161.09189,396.81995,-465.60016
160.7887,511.19467,-400.32523
22.351217,483.76102,-385.90973
-96.07794,392.89072,-126.55581
-47.131268,332.10886,75.66615
35.561424,343.1581,76.73503
-50.428795,390.489,241.5578
-294.1845,320.4617,352.97772
-414.81506,288.9393,205.25734
-342.8863,359.2508,-60.836796
-277.05045,326.2935,-199.00797
-150.92572,186.20572,-179.67134
48.906017,50.97121,-201.82707
66.30489,65.99118,-110.86071
-134.63791,53.165985,163.24562
-160.09264,-72.69153,336.0052
-8.202622,-50.131218,376.8713
53.81162,39.9253,318.39886
103.724976,97.70789,146.3573
118.38384,32.36235,119.11062
163.01558,-168.85524,223.89758
187.72464,-256.6472,312.3485
155.31741,-262.65768,396.71713
162.50371,-245.66467,392.2554
105.393974,-178.22533,356.05508
116.343155,-117.775154,229.2034
150.67352,-63.338795,70.81011
144.05302,-70.33468,133.36281
150.73024,-204.33385,235.93317
132.16995,-405.3786,211.61128
176.5051,-542.43854,127.83482
190.28816,-593.95447,81.01854
159.62714,-569.95557,29.859524
115.105896,-417.80035,-38.31965
59.99949,-235.02043,45.422417
-4.518388,-151.03381,83.07824
-116.35134,-125.28604,-107.288605
-162.10794,-127.60617,-349.06952
-153.75809,-90.86936,-498.30954
-112.05967,23.155804,-522.6936
-103.70464,111.915695,-531.81744
-159.32816,188.69992,-504.24588
-139.4947,220.44888,-360.42728
-55.513973,202.66127,-222.38211
-25.06135,131.74799,-154.9454
-82.67168,11.325897,-113.03153
-148.42896,46.70513,-100.50604
-248.7714,125.72318,-147.1273
-280.0582,67.89895,-155.04298
-98.00669,-22.107271,-127.28559
117.267555,0.7522066,-100.05477
194.98746,0.5365207,9.346534
161.596,-158.36093,96.202484
161.07175,-178.4494,152.74098
143.19969,-59.4203,242.53458
1.7764904,-5.724525,283.30215
-156.31656,-3.1486988,271.51086
-198.29132,102.88704,300.00067
-73.82236,352.31168,322.36823
36.999058,428.95047,215.57684
-96.54315,150.31383,66.48008
-272.25574,-119.51954,19.964214
-193.09528,-37.68263,139.66866
-64.45394,-57.75622,123.665985
-104.46473,-169.4146,14.655644
-307.82095,-93.27589,69.64874
-461.50797,-19.79357,-99.49397
-274.3819,93.10927,-129.00455
-74.3443,43.70296,31.563513
-179.54951,16.444149,-109.48332
-179.8495,56.531445,-157.57864
-77.091896,-40.367756,-227.14027
-208.08192,-30.308456,-308.41315
-153.38487,37.999653,-303.78738
63.50381,191.5148,-405.45087
184.70119,308.47467,-385.7268
383.98105,329.45117,-338.80695
457.59845,264.04425,-257.2183
415.8572,100.468376,-99.98694
374.56406,38.44991,-25.721548
392.80737,-69.44335,-49.55025
463.3196,-152.45636,-63.846653
443.61594,-147.13661,-22.636677
396.93704,-111.47825,-21.989353
293.93073,33.998405,-48.485386
143.23116,106.31108,-74.083855
-3.704858,100.04322,-56.915287
-80.54667,45.533485,-51.54515
-3.7435699,-48.15995,-1.2341015
104.07722,-91.73233,86.879585
180.69998,-138.46501,70.66546
236.29399,-97.24489,94.37523
220.01642,-39.51604,211.79913
200.11108,-31.031517,351.84753
125.27282,32.892014,451.95895
-29.39321,84.905396,464.04037
-173.79767,157.08372,283.80716
-343.22348,187.84468,-57.49389
-409.11426,135.22778,-256.82843
-362.21738,81.701935,-278.90234
-274.71866,37.449085,-152.22188
-148.53746,26.934822,135.78418
-77.5454,-10.506561,429.88394
-76.88307,-31.68101,712.953
-126.784485,-19.237713,984.6602
-149.45029,14.028672,1117.1823
-159.16367,162.85101,1017.3069
-208.74947,316.60803,767.12555
-243.16801,341.49683,509.81665
-190.17412,301.25558,243.26813
-64.45799,283.30252,-48.0894
-99.785255,206.91095,-314.68118
-333.14737,-94.02411,-362.16254
-487.9818,-412.72083,-144.70082
-378.54993,-310.35303,73.4604
-124.332924,4.055061,200.01964
19.319815,-62.397717,272.3744
41.512897,-286.59558,308.4672
111.693436,-83.90944,109.69426
279.67197,291.4047,-334.8844
210.10167,270.9068,-706.8299
-117.402824,-71.593765,-1017.44275
-66.16301,-232.41113,-1064.8015
288.2333,-260.49133,-921.10114
385.0765,-375.99335,-875.90784
318.1403,-439.87366,-578.1081
336.51004,-628.8564,-139.9127
406.04013,-702.40295,58.346474
350.79004,-507.8745,43.714783
226.54343,-387.8209,-120.80863
263.50165,-260.83395,-268.8267
356.20438,-120.76843,-306.12634
386.49557,31.956144,-440.77936
340.5973,111.04982,-580.6365
186.90451,78.34853,-461.11032
7.080986,8.34448,-238.04636
-125.624016,-16.86474,-58.254246
-138.59097,60.7179,47.315155
-13.116272,84.491066,155.3567
181.11902,191.89893,276.58774
368.3472,334.10364,210.30148
479.84515,410.76874,9.511483
483.48776,427.9099,-119.97659
383.27896,311.90656,-246.7297
200.94962,171.16423,-471.26993
46.966576,20.937435,-508.48337
-67.35836,-90.08098,-306.89746
-184.03178,-153.59935,-65.366264
-243.27933,-206.37016,264.64188
-296.45917,-259.9826,629.52106
-328.33603,-252.2683,912.53625
-353.1986,-113.48474,1027.0308
-380.68506,115.65242,930.61646
-351.7764,395.4599,683.81287
-342.27032,563.25055,362.84525
-399.15982,591.6954,87.136635
-507.34457,497.15268,-63.634193
-535.6985,262.44113,-141.98392
-471.65057,7.027443,-133.93335
-381.10867,-165.73228,-14.1899185
-267.49924,-221.02655,69.51303
-186.95032,-172.9871,216.38828
-150.53517,-15.061807,447.37387
-137.23515,117.7152,476.53116
-71.67451,215.25967,307.2874
-8.581257,346.13434,-28.797327
-26.203209,292.0068,-526.5489
-121.17321,28.34815,-896.07385
-193.56796,-214.6067,-881.42126
-58.239414,-264.30966,-578.45496
101.30179,-180.3129,-211.44429
121.98975,-126.36801,104.281006
176.45027,-131.86687,394.03937
259.23526,-119.27427,584.54224
229.01392,30.73226,497.52652
83.06782,153.00563,360.56757
-43.05782,89.80136,240.60574
-10.210506,-41.837055,43.95069
7.543067,-197.31726,-65.238976
-60.998013,-355.7859,-138.20197
-53.02895,-483.45688,-104.22659
-72.913925,-499.2053,34.01038
-40.644787,-408.20062,190.09935
72.18022,-323.5823,472.77832
111.42876,-234.08997,708.86066
184.59966,-163.91194,771.7762
306.87082,-120.26658,619.6118
400.2995,-73.61071,268.7354
377.24353,-108.86841,-49.10498
258.85034,-174.48296,-255.05814
112.20741,-157.29628,-358.71442
-6.377787,-111.712105,-380.5985
-5.587319,-17.151842,-372.94678
75.184135,87.31776,-370.959
172.00175,134.17834,-387.32855
162.61028,186.571,-412.26834
104.48125,189.60648,-462.2345
108.568275,129.26443,-492.74167
117.93018,70.762596,-464.68506
115.56878,42.269608,-450.65808
69.9947,59.156334,-487.69226
22.416985,134.65334,-485.96283
-21.15668,248.15935,-392.2025
-101.44569,337.43213,-218.73486
-185.24701,352.1103,3.1513126
-221.43414,315.57944,185.02696
-200.21397,289.32126,223.64589
-132.86311,237.04596,52.535015
-34.9367,194.77075,-180.61092
11.99589,191.22734,-242.66827
-5.4867177,180.94437,-126.653206
-54.7693,150.55914,59.746254
-67.22677,66.52142,255.86772
-42.813423,12.981753,368.01196
-63.64997,39.666992,360.97473
-108.8112,60.99922,361.60394
-171.89317,42.56175,339.87274
-184.97531,53.323265,248.26242
-96.55054,199.09834,208.3127
-48.670155,334.92358,203.73691
-97.50764,218.74818,223.24352
-41.812862,-8.096805,324.4858
243.29497,-6.6974273,420.32916
449.5512,127.06283,336.62186
375.54828,-8.762878,185.27238
187.17366,-285.63083,206.55904
27.544436,-272.3148,172.56812
100.1455,-20.960587,105.62104
183.94206,55.63057,136.61977
39.936657,-56.28386,-63.14527
-35.69328,-67.60068,-288.1038
-97.364136,-88.38013,-357.9897
-187.96718,-153.36566,-476.6744
-169.47374,-164.43523,-532.53595
-105.29394,-197.96854,-427.8036
-46.72984,-159.0067,-279.029
-38.99666,-111.3324,-226.39589
-102.17297,-199.99638,-202.63846
-194.13885,-269.74622,-167.16902
-186.8722,-267.75836,-199.87747
-141.4985,-238.5759,-276.57178
-211.34367,-129.83035,-301.92416
-314.52698,-16.038721,-326.22504
-293.83878,44.56138,-364.1141
-174.03932,134.2918,-274.26868
-60.512115,161.27084,-139.64352
85.330635,87.12223,21.342787
166.77135,66.934265,130.6037
156.1308,51.104733,122.639915
188.98123,46.334057,164.12964
190.81918,113.99331,214.16982
174.27728,121.71235,321.17047
147.03754,119.0549,418.99872
59.90857,103.46095,351.74844
10.566894,59.321587,319.35907
16.591902,83.59635,405.68137
108.33934,41.047325,478.12985
201.83652,25.982008,466.4421
254.54552,62.11342,420.15546
356.54764,-22.881464,325.21143
337.5235,-84.39222,195.00697
214.5679,-121.386665,141.4357
111.995804,-176.06694,99.24063
-4.2318387,-170.73232,15.897503
-54.468185,-173.60225,-31.981405
-29.127985,-212.78958,27.06019
-4.245621,-200.90253,91.44832
-31.959883,-195.57176,89.21667
-115.7357,-221.32019,93.92471
-246.65395,-199.40034,10.694698
-352.3762,-157.3794,-88.96004
-350.94073,-21.028776,-163.90883
-336.57452,115.39416,-296.62155
-338.87286,172.71173,-339.845
-325.0693,311.14624,-345.54517
-318.86047,544.1151,-397.7431
-363.4892,509.54297,-516.9657
-320.25275,-50.446934,-709.62775
-43.14984,-394.0339,-607.5032
105.68314,-178.94943,-153.14365
24.655622,6.2646737,-100.726524
115.21689,-133.32744,-402.6986
189.45396,-319.6348,-264.61627
3.8826408,-108.05187,-173.58914
43.593895,27.43491,-236.16634
178.85269,-172.5141,33.14196
89.39301,-201.92523,90.23015
240.66133,-51.744987,25.814495
348.18582,-11.876107,110.72666
146.78099,-117.58757,79.670425
136.90236,-117.31046,19.918657
233.36821,-121.70993,38.16853
235.6124,-151.07649,90.03274
236.58154,-57.199852,135.7699
212.31488,20.270563,210.31464
114.76132,108.08657,325.7216
-45.975517,188.83287,539.7738
-184.261,243.78317,679.8071
-226.17981,346.44092,692.3916
-234.62328,467.51468,723.6536
-190.48528,470.52374,558.9611
-115.88053,386.97656,313.46677
-152.57959,361.71155,185.34203
-229.59488,326.61447,132.67035
-263.43884,258.14987,182.55627
-147.23491,187.6132,239.4853
115.73335,142.283,198.41162
220.56258,189.1856,166.6253
75.25969,250.81186,228.79964
-71.99376,241.9543,160.47081
-60.931877,183.819,103.00191
-37.839214,72.41764,90.05521
-80.85352,-28.99472,-78.578316
-120.462524,-94.43047,2.6729808
-110.95752,-177.33759,33.740814
8.572303,-177.65717,-173.52509
139.83617,-119.332085,-188.83388
158.10141,-223.01031,-371.718
137.91685,-345.0897,-593.3923
220.02132,-374.1454,-513.29816
291.5501,-491.90717,-454.84756
195.95097,-530.56586,-530.98566
85.29623,-480.54742,-442.93182
18.796116,-552.55963,-283.47845
11.685729,-552.9874,-350.04532
71.38728,-335.40353,-353.54846
-8.951387,-143.43108,-402.35223
-214.13971,-241.79039,-453.89487
-198.44131,-365.9135,-262.94852
90.17537,-135.03737,-93.174515
231.9054,129.29353,-83.99658
130.32889,-10.001871,-190.91405
-21.276615,-305.04123,-108.3031
-119.72482,-258.5635,-215.91035
-60.276154,101.28063,-578.10657
-38.100063,331.52725,-587.28
-100.74199,358.63684,-498.94415
5.187942,389.95337,-358.01044
113.65334,320.81735,-120.89487
50.856987,135.91988,20.01797
10.6971,20.7987,98.416016
70.31747,-20.038551,156.18254
171.3002,67.95012,282.9562
234.89983,269.6926,411.92502
255.98608,391.82214,503.88818
244.9659,371.67914,575.28204
172.19112,293.40866,580.0163
118.75481,205.0475,522.0752
30.819744,117.62894,500.351
-123.313416,139.972,550.9282
-196.64746,219.63582,531.7285
-105.877686,257.89612,489.08896
14.967381,321.01782,457.6473
-55.371582,313.43524,329.8721
-184.37596,152.46713,137.692
-138.66805,125.70435,53.87079
-89.14154,130.31741,115.05672
-173.99901,-74.93765,70.64613
-122.002426,-98.06043,34.405445
-93.26432,-105.91707,79.06656
-238.40001,-68.7917,84.77499
-243.535,102.1351,176.51453
-171.73445,-33.89925,66.34788
28.121578,-98.65544,-134.22623
49.599327,-140.38133,-182.79042
-218.11038,-280.02423,-224.18535
-194.23099,-354.79407,-106.83407
-117.11188,-348.5419,-57.146732
-153.41501,-227.61043,-144.99973
-208.7805,-330.03293,-145.48013
-250.324,-416.48242,56.540344
-153.97952,-409.29633,266.364
-50.117455,-324.06287,181.909
6.046966,-121.073006,125.422844
14.326052,-83.15859,91.81813
41.18504,-8.535235,-11.888528
54.692036,58.16431,-34.885803
104.81313,15.274823,-5.5730014
292.1939,-62.14983,53.59969
456.13068,-82.20757,-46.180107
396.61243,114.38225,-365.13205
78.94586,270.4913,-574.6065
-135.89935,210.8168,-440.3093
-72.20641,86.1836,-460.86432
-42.975166,32.650894,-651.2454
-41.95993,51.355064,-219.99945
-18.828035,-21.0555,94.24423
-144.5433,-5.250676,-219.44171
-160.55762,293.7347,-152.49477
-96.42565,419.4994,-102.61464
-29.831602,313.9974,-322.15665
137.80553,242.03847,-318.57376
212.43106,197.89153,-352.21033
317.15738,188.69768,-323.92273
341.71075,143.81479,-275.09332
207.1292,196.32649,-284.24908
138.02654,241.46474,-324.19485
105.16627,118.37451,-410.40726
87.115906,14.308488,-437.32843
137.09766,-35.371124,-392.36566
246.94965,-37.5273,-280.04803
252.81976,-6.8803816,-284.18915
109.33052,102.35624,-166.03809
-53.439846,124.36139,173.87794
-58.310375,-4.422102,384.4516
68.70869,-59.396225,418.8746
51.376827,-195.02806,617.08484
-149.58664,-296.54678,969.1848
-278.73376,-296.14267,940.20184
-273.41528,-354.37436,719.7682
-209.20618,-323.0762,753.8855
-187.08817,-294.8057,929.44824
-295.92685,-247.2651,950.3756
-294.23282,-149.70355,816.72095
-229.60631,-77.24998,719.2477
-186.0994,-73.62926,643.802
-87.47617,-121.27995,604.59906
-57.202446,-109.420425,570.60754
9.273772,-199.02612,486.5167
122.65477,-248.04788,364.22333
199.96136,-180.30576,238.00494
217.46841,-106.116516,117.459335
180.84068,1.7291142,-57.894814
128.96266,44.3694,-237.17397
21.471563,-1.2169752,-406.7265
-23.634457,-79.53799,-585.7192
41.138214,-75.02111,-751.6707
74.19732,-50.36248,-881.1693
51.22928,-40.09108,-805.1744
20.427818,-44.939053,-552.7516
0.5777852,-64.31065,-354.33307
-34.758442,-0.057233807,-262.24728
-120.94907,43.929214,-364.60104
-184.30838,165.42577,-575.39233
-213.18575,398.63486,-681.2927
-261.54337,477.58688,-732.04913
-243.7924,306.8283,-807.0972
-72.50944,70.168495,-928.0658
140.27124,89.77825,-877.3367
139.8728,215.5183,-582.40656
-14.101091,108.84425,-231.88399
4.117503,24.411825,155.23686
124.898,297.957,328.4218
164.95891,523.7241,226.54703
111.191246,312.58954,86.36017
-48.282944,94.35124,-111.107376
-88.94799,127.39725,-284.21014
-49.964134,217.41756,-170.00566
-107.66867,186.33502,110.173035
-73.75433,140.89592,224.8728
1.5693208,195.08311,221.6118
30.954926,157.67851,158.00117
104.77757,76.88944,197.77249
203.44513,4.87435,405.20996
292.32608,-3.5157642,525.65
359.71677,63.495926,625.74976
374.2213,53.383305,768.60004
288.73666,5.0988383,861.2449
191.36914,-41.02732,863.53937
130.75919,-76.696045,765.40594
107.12847,-139.75864,588.77
115.34086,-158.60966,420.00357
27.869587,-136.38791,318.52243
-35.60899,-129.88727,285.4961
-67.92757,-114.14222,232.07156
-131.47542,-197.51587,119.028015
-115.0804,-267.07916,129.62909
-137.28928,-320.11597,182.1485
-165.69336,-373.56952,206.17621
-183.4636,-288.4617,222.58743
-188.0982,-236.65428,107.133415
-152.78174,-271.5355,-105.42978
-195.5301,-363.7131,-245.22513
-207.67218,-480.337,-208.28494
-208.96039,-464.83154,-162.38106
-195.95667,-389.20862,-170.7474
-132.1958,-315.03714,-196.06894
-92.846146,-223.43573,-259.1507
26.616333,-194.67523,-276.03812
185.4552,-172.59413,-238.17351
280.1865,-84.248055,-218.65628
253.58058,-50.705235,-261.0876
116.92897,12.484035,-297.3133
-62.860584,183.23364,-278.0273
-117.797585,144.10184,-228.51547
109.85612,88.46223,-268.83405
203.70651,301.2713,-294.09854
2.0670927,317.69977,-282.5025
54.631935,109.76044,-379.6924
348.16684,141.15738,-158.14606
325.3613,381.70532,-106.37782
81.74057,448.498,-547.21643
-93.74308,230.33635,-527.73145
-34.82953,71.931404,-393.9906
295.9235,229.81,-397.1165
191.49155,415.49628,-236.07883
-192.7517,373.95792,-231.55876
-166.61783,287.8508,-108.22925
-147.8314,272.37698,2.975103
-264.29544,343.75677,-161.9138
-275.22516,368.6947,-80.20234
-193.5992,232.23897,-18.035143
-79.63002,125.535324,-144.06715
-93.238655,144.76201,-40.370987
-168.02708,138.71478,59.48394
-228.83882,73.030785,167.73387
-232.23805,143.24469,314.44962
-149.44598,185.80641,322.23022
-149.97095,122.95887,309.26166
-185.78287,111.30707,297.24576
-213.72064,42.142284,403.48672
-208.68626,-32.22762,455.6419
-75.34155,-117.188965,405.94214
39.271763,-216.09947,429.52747
80.423805,-228.26163,327.12564
95.62417,-229.4913,158.66136
68.214745,-229.03436,116.49352
56.827206,-267.5411,126.367744
130.15527,-377.2392,72.47345
244.96205,-415.05655,55.445652
296.384,-374.1774,127.36591
219.21466,-335.5124,199.18336
83.89233,-306.515,292.6536
3.854789,-300.34845,385.22458
2.54391,-276.20184,346.17355
32.119514,-254.45377,106.43452
13.304648,-200.60231,-143.29248
-69.91946,-149.1049,-320.01697
-118.81611,-219.44077,-463.66522
-38.1553,-280.5632,-472.5207
118.12619,-289.6426,-387.49307
287.3655,-253.12378,-223.42894
340.47958,-188.21524,-48.251053
246.0181,-212.2491,14.303073
182.9133,-310.4403,45.661182
170.3327,-388.76144,41.357647
212.30501,-348.0278,29.897017
240.7494,-222.11038,50.326523
168.8064,-87.87624,53.717567
72.833984,32.51264,33.71435
-60.07998,112.12257,-41.199707
-198.63148,210.69446,-131.45923
-292.09332,329.52878,-225.68686
-367.26022,376.63177,-295.58664
-360.09625,308.03372,-293.2526
-213.19458,151.6197,-135.25197
-39.257076,92.973305,276.6394
25.411318,267.27658,626.35583
-36.44845,455.48785,633.5445
-248.55376,423.82693,559.846
-486.91455,408.9509,503.31122
-518.6201,624.7757,234.55612
-340.98053,696.0638,-167.59845
-73.67217,514.0486,-543.46594
143.65742,410.8986,-646.2245
197.12988,384.66574,-334.1038
124.27191,325.59528,-95.60609
47.892036,195.01888,-58.615444
56.952534,61.35052,-17.573648
135.80266,6.561523,-126.56788
156.82529,-10.627258,-226.6733
91.86276,-3.517571,-131.28964
92.1865,-7.760475,-82.06581
140.1716,27.394464,-163.15135
82.83615,102.02735,-327.52158
-40.856968,169.44176,-472.7558
-117.220474,169.09654,-451.28046
-79.35283,82.621506,-318.4051
51.328957,42.712467,-134.15898
185.50963,5.347302,76.31092
280.67465,-50.689457,225.71277
267.75598,-79.11408,263.75058
125.66618,-20.202492,220.50117
-41.364677,87.662285,180.09822
-107.87721,86.06519,208.40112
-42.742004,12.880215,259.5675
59.93405,-129.3303,230.49387
143.60486,-323.14453,153.32776
166.21844,-537.07074,157.962
96.35684,-663.45764,211.4446
33.12366,-631.5293,293.5816
-17.461782,-538.16614,462.45242
-99.77877,-359.2567,587.9255
-78.55923,-207.48087,554.32495
15.479075,-86.91109,298.2687
90.43376,7.6171584,-43.69068
197.55301,-35.730095,-308.65155
277.93164,-126.89422,-575.58685
341.31476,-214.08827,-686.61615
331.31003,-282.95856,-513.1507
208.79608,-363.60052,-173.56287
96.27739,-415.8364,115.29912
-14.768181,-421.5206,160.82367
-47.311703,-371.0662,-10.895331
-14.095161,-268.7685,-248.74942
-23.48953,-188.18007,-337.69968
-38.659565,-67.47114,-269.08673
-36.9507,20.01812,-135.55827
1.4183298,139.21834,-16.497572
3.192104,299.96155,-29.004772
-97.37921,308.3549,-221.4476
-228.96458,236.98175,-493.266
-317.46817,227.89641,-527.60425
-353.54538,333.34372,-265.04117
-373.02496,371.43417,64.686554
-391.6809,248.78802,278.47778
-364.1909,197.83292,453.02542
-286.35724,321.13812,524.332
-264.11523,455.26025,243.48753
-361.5197,517.49994,47.337006
-337.9289,495.12756,100.99864
-118.5181,414.29416,115.660324
-90.32056,338.04935,195.63057
-191.99458,145.09671,341.52304
-216.2468,-45.230427,499.18896
-163.31691,-108.37736,530.7912
-25.054235,-114.048584,372.61597
54.876457,-117.16951,271.3562
151.68385,-173.35056,360.22177
187.41168,-115.09837,520.27014
134.90024,0.92594105,520.789
128.22101,61.79682,409.15445
60.402576,69.847534,311.48486
-3.751941,-3.7832968,167.0381
-106.3723,-27.016085,-55.558952
-171.2531,-42.135376,-246.71225
-80.75327,-82.23027,-352.46036
8.527922,-121.59517,-517.8106
114.348724,-185.75858,-636.60126
158.77266,-222.65587,-604.99506
161.42973,-287.94415,-507.32785
229.79071,-374.52933,-324.69373
307.59232,-404.42422,-183.1852
419.42902,-375.67197,-149.40959
429.90402,-299.90598,-153.71986
263.33008,-220.13544,-195.82286
39.217724,-183.30461,-249.72713
-164.06769,-157.84421,-247.05606
-276.05692,-70.400696,-230.10052
-240.84753,6.3554926,-295.3392
-68.78789,54.71656,-370.5471
61.018253,190.09962,-354.6127
49.869232,294.97977,-188.17688
9.918487,215.40184,-31.264528
154.51549,142.84479,1.4143701
356.51175,196.55568,49.775436
309.23618,204.95042,-73.95432
279.49448,167.0279,-249.96945
303.36963,184.5711,-85.457726
199.32954,245.46199,29.520233
130.58478,230.17531,4.8101087
110.92913,145.475,171.31943
165.78178,176.24211,192.4045
200.84412,292.74268,36.826397
72.82768,332.6723,-8.986211
-82.22797,223.46878,15.519475
-73.00912,131.99873,197.82614
73.83562,200.01283,390.83875
114.78069,190.63467,238.21738
53.901016,19.191591,-55.445522
-44.62914,77.66478,-66.45431
-155.05536,355.95914,-5.4386053
-155.66841,328.00812,-79.50044
-54.719944,53.638016,-52.797626
75.54311,-140.15282,140.25095
158.77852,-255.1322,387.85086
164.62383,-373.26984,416.27344
50.45429,-510.92667,278.80698
-89.084045,-576.49384,223.87057
-97.29453,-565.9392,222.82686
-80.32525,-517.2048,330.82654
-72.62093,-427.9801,383.04883
-29.910395,-343.73172,263.20392
-16.276428,-319.983,155.5633
-34.76119,-334.11758,97.08102
-65.44495,-364.71796,85.46755
-148.19424,-366.55774,98.53006
-224.34297,-288.62195,85.25794
-255.07182,-229.13992,10.666429
-297.57086,-190.45856,-146.47491
-288.21735,-150.20482,-270.63153
-253.14893,-120.49747,-240.82423
-227.19891,-41.899178,-129.69531
-258.3601,38.376476,-93.929306
-350.91437,77.07844,-107.73309
-316.4244,134.74799,-93.717705
-239.61432,197.01936,-93.25391
-136.736,212.8607,-81.10748
11.91206,254.44847,-75.23092
102.50823,331.11087,-33.70328
168.81891,411.34326,51.986877
146.97012,479.2536,27.646488
122.09871,482.5432,-53.239502
117.51192,493.66504,-125.03136
70.82486,485.3999,-232.38873
33.328026,451.8557,-451.25262
-107.50098,507.71973,-578.1323
-337.38644,461.42386,-377.06503
-343.53784,343.0209,-154.27821
-0.50712997,287.51175,-170.17545
249.76187,166.69994,-225.4372
229.66016,157.71875,42.163284
120.767426,112.002754,142.37746
45.73925,-21.997263,-155.02438
138.71849,-56.8497,-48.742023
141.52477,-224.09494,124.995895
106.02771,-284.3524,189.66632
173.80739,-201.91931,365.6592
161.71603,-124.04878,274.37048
156.14104,40.729977,160.6794
190.35425,105.98517,26.498554
168.34494,13.333682,-43.804684
38.318783,-192.4401,16.295332
20.974344,-327.86227,45.981293
99.469955,-323.75705,217.60072
92.548065,-241.07065,266.6591
69.336716,-159.04993,277.2006
69.85854,-146.49571,395.9861
184.35074,-131.60956,364.9011
170.02466,-191.73682,180.5747
-40.54373,-218.66954,9.9392805
-151.5967,-187.02191,-60.354015
-66.77382,-149.6312,-44.075497
57.73929,13.944393,57.479607
-66.887886,105.75277,12.710617
-265.06046,-47.9005,-235.53403
-230.42296,-265.035,-247.143
-170.75859,-196.0042,76.34938
-292.27838,-70.1994,176.91304
-414.02988,-104.89229,148.69865
-473.58368,15.383005,329.4479
-492.35315,-15.662788,217.35284
-357.5075,-26.20801,76.628296
-216.96674,206.84344,211.38712
-224.20549,184.45604,145.88591
-211.15337,112.984375,168.76402
-157.59953,90.48698,167.60693
-109.174515,40.022903,-41.744076
-4.609784,33.211575,9.182252
67.68961,12.199669,-27.535221
88.1389,-3.1833546,-153.11725
56.137333,-44.04663,-117.24399
21.326834,-44.488415,-155.6496
4.295328,-18.474497,-202.03973
-16.58246,7.7969117,-323.12936
44.25585,-11.296021,-428.92886
122.300064,-99.137764,-375.2397
219.24965,-115.725945,-280.63614
305.81152,-46.69308,-145.01485
342.72485,87.29558,-23.68725
414.0017,187.50407,62.333145
477.3783,140.3197,28.35095
456.21753,71.84301,-142.95956
354.38968,58.394463,-229.80829
187.60364,53.983643,-221.23784
19.65503,51.96228,-159.4051
-26.542501,9.734288,-26.844893
18.091831,-49.0418,62.05399
119.568886,-75.63781,52.456753
178.2278,-61.944336,-19.260956
95.1362,-58.78158,-119.43237
-18.290539,-74.134636,-260.10992
-105.274704,-48.24751,-381.61005
-117.570656,-30.944447,-445.971
-38.432594,-40.92419,-451.467
88.92838,-90.15515,-316.1717
208.91095,-107.19628,-143.96912
295.79465,-32.162685,-18.765436
292.0247,56.38769,81.72294
111.511086,128.48976,159.90753
-52.036057,214.65166,276.2581
-36.803005,299.96786,457.94904
65.016884,203.57236,532.0717
80.2491,-9.994661,253.37639
16.519253,-10.268751,7.210561
72.955444,165.18219,220.3345
90.13423,239.98102,354.8322
53.457283,217.73007,207.72556
126.0455,130.41353,186.67355
147.15019,-45.05854,64.19093
179.57066,-167.41557,-121.4925
171.35562,-200.49025,-61.305637
88.04451,-130.86769,-20.657074
36.519566,-7.069674,24.989656
-110.197395,58.269863,87.04595
-140.14795,115.63283,10.407154
-45.751858,137.7569,-69.86453
-3.5231843,73.27877,-140.74614
56.79477,-36.095882,-114.55691
57.99687,-140.53851,-9.608107
32.391293,-183.22531,24.855448
-19.43765,-161.9279,95.759476
-88.07942,-159.69096,168.10284
-110.17457,-222.01706,199.93637
-141.68863,-216.50311,216.01059
-179.00359,-113.65444,53.281273
-243.8051,-32.1252,-151.42845
-299.3424,-10.384795,-144.53448
-316.262,-79.74697,-66.01925
-299.87033,-158.3109,35.65591
-280.70255,-188.91472,68.91612
-320.19162,-186.93405,-48.406372
-356.89938,-106.04947,-70.505516
-415.36758,-1.4182565,-32.16553
-452.27145,66.88143,67.12428
-387.6692,48.631184,234.66702
-323.42303,-10.449833,242.37076
-282.6505,29.793856,129.92331
-264.11267,113.77388,-45.862125
-235.4853,201.07124,-217.97348
-176.63455,312.0721,-293.84772
-102.41453,333.134,-261.75204
-0.2528404,264.5576,-132.08589
43.605793,182.34903,-23.740515
50.30316,85.81569,1.4818672
32.337822,50.944645,-18.83367
-2.3026874,103.91164,19.653107
36.833652,177.58327,95.30102
55.87246,228.05481,213.84099
-7.569291,219.03194,345.5502
-65.517105,163.14162,322.08203
-19.834473,126.19673,289.4184
96.12459,92.07249,99.801544
180.10655,-63.16111,-189.82433
250.36745,-296.34494,-155.7201
393.3998,-414.95685,5.891776
484.7264,-363.51343,256.74377
308.91528,-222.25278,427.76416
23.777462,-143.43301,290.81555
-156.97046,-129.43832,177.68527
-156.86497,-56.79137,64.46528
11.622398,-65.78641,-215.93832
192.48943,-188.94655,-398.62595
289.07303,-234.54042,-338.55936
343.88992,-216.55716,-190.04633
389.59967,-144.57298,62.005733
323.31018,-94.09134,188.50534
222.14427,-85.669945,59.19847
193.3288,-12.544068,-18.406248
179.969,10.607433,-161.11472
183.49353,65.14615,-332.2653
133.90695,177.17653,-339.5683
43.45152,198.82234,-290.7916
-9.583986,219.16653,-211.2086
-98.36444,184.24536,-199.22829
-160.51744,76.21287,-216.50056
-121.68581,20.28826,-169.75215
-74.563614,1.6922872,-194.1943
-3.3123794,60.189507,-217.02937
57.333294,214.83308,-90.88419
64.10132,329.6126,-0.39992994
83.688644,345.73923,-41.483574
76.05949,247.71382,-124.14164
9.450469,78.92995,-277.42197
-75.37181,-33.136383,-353.9985
-55.764366,-109.92521,-274.90778
71.08599,-117.18502,-117.72694
94.51232,-70.36878,23.320105
28.46999,-110.27146,-41.800396
32.42659,-136.05031,-58.40357
-0.6432043,-105.38803,66.97191
-141.24478,-158.55588,128.56259
-240.87743,-226.26825,227.40933
-233.00664,-228.78146,274.8999
-102.3182,-266.40683,236.32556
23.412241,-261.54745,248.8507
35.3533,-173.43811,308.06686
-12.379923,-111.55016,377.09827
-76.47638,-59.709816,372.70496
-68.18118,-82.853455,269.69342
-59.729305,-167.50867,168.48961
-59.569424,-180.7136,152.65471
-10.585923,-164.2033,280.3415
49.50772,-211.79437,380.40967
155.57344,-218.70471,139.70062
211.79697,-76.64952,-94.01411
170.47974,-35.042004,39.39433
-34.09618,-47.464237,174.95282
-248.96307,63.26053,247.82495
-170.9391,62.579117,344.02374
-24.73681,-24.883417,-6.251039
52.217365,-116.83232,-600.09
1.1508578,-27.492466,-613.4694
-100.30741,180.37468,-164.88222
67.23694,83.76361,227.95079
191.68132,35.558155,299.74557
81.91845,136.76974,296.26447
-30.314072,212.67299,385.45633
-121.31043,347.45575,131.5471
-180.64813,329.02975,-77.29515
-328.3092,371.35873,-51.75757
-465.09726,503.9368,-124.9023
-363.90506,481.44342,-83.814995
-309.5325,501.41592,-71.79206
-366.06625,511.8826,-107.509
-276.90414,431.98883,-24.316998
-131.62355,402.5734,4.2143674
-130.72824,416.75107,-140.54271
-154.35179,405.5396,-319.3214
-69.53519,321.55765,-346.14157
-81.453186,203.27675,-414.5308
-200.98431,180.21878,-441.56042
-300.00217,182.45778,-242.20407
-192.87576,104.92825,-77.281944
193.54665,60.136055,-58.53817
476.15048,39.023006,-183.1252
545.7343,-36.44413,-334.15216
477.0569,-115.558655,-177.39713
376.62308,-161.04323,130.11383
402.28336,-196.27911,102.33247
470.58636,-307.05176,-31.098902
532.30676,-538.71497,-72.085144
511.9187,-716.86896,-174.35408
418.62573,-731.0087,-170.8611
350.33594,-732.2127,-149.88899
296.5657,-759.243,-124.65359
229.15993,-722.09106,2.095566
155.75276,-636.8423,79.20951
238.22739,-548.4583,224.61452
380.3302,-473.6756,441.10437
384.40494,-422.35025,511.06613
302.01837,-308.60486,437.91342
113.728195,-201.20778,277.4188
-19.652294,-214.99837,122.45927
-52.363724,-182.07222,98.21066
-135.26353,-114.59194,164.50124
-165.30878,-95.1018,271.4722
-131.54745,-65.08953,240.45811
-117.813675,-55.476665,37.351917
-178.37065,-28.852627,-58.741764
-301.75793,33.51838,-32.80423
-403.69244,72.22689,63.6957
-451.7894,103.669395,200.56305
-417.66058,180.51813,277.92844
-341.15656,299.47964,219.8933
-299.64688,371.47543,51.37904
-252.97923,395.29785,-67.59064
-172.70735,400.78894,-142.2417
-134.61502,351.1453,-190.27878
-139.80342,343.9648,-171.57365
-230.93651,434.50058,-169.76424
-368.4714,484.9183,-282.52295
-403.25848,494.67603,-375.3605
-326.23434,494.12997,-211.88174
-153.26479,318.35336,21.694254
43.056595,279.40332,183.76814
73.05929,545.88293,392.33963
-210.38872,528.9363,356.70868
-364.52518,324.80643,99.9666
-122.14982,300.70776,22.374722
6.5491834,310.9372,-86.73447
-14.196662,227.94077,-215.4994
58.14898,33.458282,-77.38394
135.39032,-101.68247,42.537064
95.4719,-93.7003,-123.6006
-8.571833,-15.976991,-332.34723
-27.931019,-35.288074,-210.67467
50.83481,-155.04793,61.939728
111.430504,-168.87717,71.84231
121.59371,-168.75671,-69.055016
160.10986,-214.96207,-112.146866
109.737816,-270.68414,-164.68748
43.93841,-335.745,-215.672
24.534706,-308.47336,-181.21214
35.58611,-307.59204,-143.70883
169.61708,-336.87283,-14.007476
221.29872,-213.76393,85.984604
196.15004,-115.73783,38.05577
117.08964,-131.48326,-60.275326
-17.161839,-109.46126,-174.9949
-97.46061,-37.547913,-200.84067
-124.37944,35.17532,-123.15535
-14.577548,50.05041,-2.7987576
105.49952,71.863525,57.018864
145.32024,143.69527,57.517807
138.42001,150.06517,28.259039
109.39095,101.62544,47.41987
135.13278,36.833267,169.60918
210.24405,-35.578724,238.1848
307.85736,-94.48982,318.51315
297.94376,-174.22813,316.35382
156.25652,-193.95575,171.79652
57.917362,-52.160454,37.550674
108.90521,72.22437,-137.7499
123.42741,-6.5657673,-276.6638
-107.697296,-128.70715,-228.02637
-392.18127,-124.487854,87.336914
-372.8507,-109.984024,403.54935
25.024042,-120.93615,403.69055
188.68129,-6.2836165,159.89732
-122.1046,-71.84397,-166.20773
-194.63683,-427.5952,-263.069
74.64992,-458.67206,38.13543
309.2578,-252.3319,25.543621
406.84756,-156.57141,-344.7771
232.25325,-146.1215,-29.72801
65.21213,-303.19626,401.77505
123.46483,-268.31894,341.9273
143.05635,-10.317371,201.30327
203.67976,47.394238,22.30701
283.54477,18.932976,27.644981
254.37624,105.74197,-138.16774
183.99281,281.44003,-396.76648
71.2265,368.53928,-200.8476
17.630259,298.94177,6.7204156
35.999043,258.44083,-20.464972
77.79121,283.44128,-195.29608
55.961323,232.49179,-357.47882
-131.37875,170.1985,-388.48154
-403.75467,203.06554,-441.8168
-558.41376,199.87779,-409.43066
-530.1562,134.34863,-198.99939
-368.97116,43.908535,-49.779762
-206.84184,-49.278267,0.4712011
-268.7704,-35.15736,-0.9978402
-438.7596,-7.9602966,32.875217
-559.4667,-9.709164,229.05379
-536.8653,19.043114,354.8295
-323.9808,-38.444767,353.3659
-87.97745,-137.09436,371.34418
84.23874,-150.03525,328.17172
122.99498,-126.85506,219.9193
90.97104,-73.29056,155.70633
26.883198,5.9697194,191.3127
-40.51035,-11.497739,287.1913
5.7810426,-19.631443,312.4451
57.376415,58.945507,291.4616
95.88271,135.42552,252.67152
88.39461,251.85075,105.8294
19.406544,276.93954,-2.8060763
-10.286357,207.70097,12.388879
-31.22275,166.89577,57.184258
18.754307,124.4332,89.60543
120.3925,91.92926,77.07794
179.08258,47.7363,61.342045
133.0696,34.865875,37.799316
3.1938312,47.855804,-28.91453
-93.49044,34.101612,-62.619675
-184.14403,4.1825776,-42.45387
-227.16095,-32.865356,-14.586542
-175.39995,-31.21408,27.685572
-88.3386,-28.162523,22.658665
16.973349,-73.635796,-68.96779
112.97129,-114.69255,-145.80347
158.12788,-106.325554,-206.72664
164.92484,-86.54711,-294.37668
167.28053,-84.438965,-350.45618
136.59926,-103.66633,-419.30807
97.5051,-171.22319,-487.5789
171.24661,-183.14253,-364.25882
314.89868,-127.37842,-146.2812
392.67786,-109.62926,-10.738118
425.81305,-26.46348,148.07443
371.90622,59.93775,236.06583
261.76846,48.79653,191.87852
164.67816,93.40563,142.23528
44.87368,174.95787,0.3356033
19.387259,192.58586,-152.11653
-3.8634953,133.48048,-223.86581
-38.97065,21.036783,-243.96901
36.702114,-29.486408,-192.7588
67.28463,18.760317,-125.875114
7.90261,36.876373,-17.084965
-122.84203,-43.256763,130.32907
-215.04646,-158.35199,242.91858
-239.66692,-238.22115,198.09106
-236.31194,-233.16292,21.823477
-141.35765,-197.0501,-127.89972
-115.590546,-163.84453,-280.78442
-141.17322,-148.30922,-448.41376
-73.24226,-232.79555,-540.6001
71.8839,-365.71976,-573.4518
179.37949,-475.82593,-530.62573
141.22026,-461.55374,-233.54596
78.50823,-339.1593,106.52124
44.78851,-243.35493,186.70787
14.670762,-117.00716,200.1147
41.9961,-19.945873,223.24098
135.45497,-44.522614,178.95924
243.8306,-117.395325,164.05789
274.7495,-161.81174,223.98543
181.11226,-109.19758,331.3265
73.39226,10.545261,404.71524
50.82108,102.87141,379.93817
49.977898,241.93657,334.55942
25.868729,381.54138,247.061
-14.595129,367.98706,169.1787
-108.086334,377.7332,143.60945
-225.55109,431.0923,7.7806697
-294.04678,481.82455,-83.06572
-313.29105,560.7195,-83.04437
-246.14809,521.97876,-88.24643
-127.7601,449.35782,65.94653
-74.8986,427.60785,242.54277
-207.61696,444.23413,324.19998
-429.9325,467.5345,400.3017
-494.2371,381.5866,418.69702
-471.73734,305.86057,358.3421
-372.7347,301.4946,233.32237
-209.43037,221.74359,138.25455
-101.13322,112.08823,58.352104
-28.96144,49.95654,-89.80091
-3.7846303,-42.343876,-188.8513
25.922667,-82.74905,-195.26526
27.78346,-22.797081,-146.7239
-41.092976,-30.386503,-86.99347
-92.63341,-60.36547,-49.859684
-87.17497,-90.008286,0.030273465
-42.634083,-169.26028,-4.5203743
-24.084787,-189.19841,-149.55904
-38.049282,-200.18422,-283.75955
-24.436028,-219.57188,-294.75824
89.1774,-229.79182,-281.14963
316.18723,-309.16083,-317.33057
498.17877,-368.95056,-354.95224
546.84753,-391.12112,-243.35056
478.51376,-424.35632,-71.00041
321.22897,-402.09415,40.54224
172.63951,-358.38254,107.56809
31.354729,-300.35464,74.60116
-41.656414,-206.63092,-6.893844
16.80736,-182.34093,-112.02862
116.02159,-212.96323,-147.82756
183.98914,-248.72847,-153.44583
180.46977,-303.7263,-207.31033
125.8509,-321.04413,-148.47433
66.67385,-323.7853,-75.80916
69.19167,-295.39172,-61.277054
68.81171,-152.43898,-98.340294
11.417006,-1.8564147,-161.78516
-13.643737,86.54075,-181.79126
-26.984896,94.28152,-144.65837
-18.82759,33.866894,-13.382621
3.2270849,69.78383,1.09073
-29.360765,156.81013,-51.427708
-107.66704,223.4693,-27.105932
-182.59773,340.4057,-17.202679
-190.67911,401.08862,50.0297
-217.54997,380.85822,97.26083
-247.29416,331.37466,109.191376
-149.62442,246.7184,118.15623
-54.105137,188.93385,120.467415
-64.79244,125.014725,257.54794
-144.7619,45.63681,365.74854
-207.52637,-35.69904,270.1816
-219.81062,-124.98245,109.905556
-218.17845,-124.98123,31.644957
-151.89073,-46.974674,9.270235
-28.744642,41.99011,-19.1628
53.966908,107.05093,0.16382888
65.99341,114.919655,19.743559
87.830605,66.33985,-18.598755
65.32148,-9.314423,-57.190083
5.2916527,-6.0419507,8.654487
33.1492,59.455612,178.3934
53.834568,98.539894,307.6168
90.64016,162.6051,398.64856
148.14833,250.94162,464.45236
120.00012,322.91022,448.09265
114.98631,381.40262,336.52856
138.20161,385.10242,176.31313
110.99793,330.7994,19.986774
106.789375,251.19812,-84.1459
73.09785,138.80821,9.842617
14.366188,34.037727,214.64279
68.00146,-42.63686,330.31183
125.43875,-90.891754,295.14825
128.61879,-99.47234,83.58731
109.55654,-129.05055,-139.76804
74.19329,-158.96194,-200.42615
47.267483,-152.44882,-141.70009
20.256922,-167.65944,-12.959796
-1.2104594,-209.13445,188.19124
-69.37334,-219.77986,305.54913
-137.05324,-179.35167,222.38658
-206.32634,-98.53059,-36.76043
-224.08694,-80.070366,-365.9341
-127.6561,-152.41571,-584.81464
-89.2355,-219.9084,-670.19464
-117.957726,-271.93546,-629.03326
-189.31339,-188.9129,-482.21216
-233.85657,-39.615295,-338.04797
-206.44226,11.89294,-277.8044
-158.15248,27.550043,-357.07748
-76.84959,-5.125666,-510.03455
-16.174498,-33.411743,-563.9986
12.664793,-12.565215,-483.8329
3.3381822,-2.0021875,-376.82953
-7.0850887,-29.006113,-308.82443
-18.033102,-52.463833,-259.45023
-21.543825,-52.177296,-170.70346
27.490145,-37.086243,-163.39806
71.89312,-27.670483,-159.70667
122.304375,-52.19187,30.74379
161.42139,-34.21293,153.64168
183.20975,-59.630424,147.4839
164.63185,-90.38797,156.54422
117.72628,-11.269982,212.14903
160.156,-17.13101,301.24524
251.58739,-89.696014,366.59543
344.97226,-141.89075,449.38943
368.22012,-157.74078,526.10077
286.4559,-90.68839,555.0349
259.10156,-67.80575,426.40036
331.30096,-104.37686,211.607
454.93756,-127.381355,125.6569
529.74976,-118.3324,176.2657
411.1303,-65.89732,390.4411
134.7777,0.36650127,456.33417
-73.661865,63.926476,248.58234
-138.74475,77.90809,99.37138
-193.093,56.1099,28.815502
-173.95271,67.73126,18.496542
-125.13013,88.61617,17.645119
-172.08073,85.05991,-76.30085
-252.10397,108.64364,-52.544807
-363.0369,179.083,169.90367
-354.30637,220.20572,296.60037
-277.38962,198.00453,311.03537
-356.06317,163.43233,230.60541
-440.3645,165.86665,-65.35951
-477.71487,193.40039,-298.8381
-544.5709,247.65562,-407.36728
-523.66327,299.30872,-459.03018
-426.16104,257.1362,-347.77032
-341.2266,197.17537,-246.04396
-237.49832,228.46953,-250.64995
-237.4303,237.63214,-238.52829
-312.7943,164.54564,-189.5174
-282.17725,87.851105,-192.41191
-136.63812,0.9148291,-175.50595
96.34298,-84.329475,-72.31977
247.25653,-163.3119,21.81704
262.07825,-243.49342,81.21453
176.95354,-233.0008,75.41946
42.50467,-155.86621,73.95886
-5.4270725,-49.614403,97.91992
64.42077,38.94265,0.35452852
285.60568,4.123592,-174.24394
508.32297,-76.85862,-294.4651
586.7197,-116.895454,-318.28012
541.19727,-114.650955,-183.25375
409.43384,-133.41663,38.075848
296.57996,-166.91231,213.63374
247.7242,-151.05363,415.29922
204.54433,-105.15442,561.31915
135.57594,-89.50358,543.8576
96.1826,-147.63849,405.70538
14.002852,-134.73564,218.99928
-110.94813,-64.04293,138.23915
-203.34802,-63.460854,82.653015
-241.70636,-129.48445,-35.583485
-163.95125,-195.31969,-151.53912
-40.44797,-89.55667,-222.53651
107.010864,39.883583,-210.26912
192.25473,33.101467,-147.92068
175.64555,64.17961,-22.671062
167.23434,82.0761,96.419785
102.242935,16.34865,60.73111
0.5141144,-21.781538,-45.330933
-93.86711,-43.097935,-100.05999
-122.698074,-29.307705,-199.48256
-34.014816,1.2942764,-318.14175
10.934403,18.004848,-207.77072
23.802979,112.12798,69.31738
57.76423,166.09064,230.40776
85.70959,53.153114,241.76236
100.42906,-45.50695,141.92442
58.073627,-74.62439,-24.162275
55.02343,-87.210915,-63.94334
13.0479355,1.5085425,113.467545
-88.39553,79.812004,218.73338
-37.424366,47.256916,125.19648
67.34943,-63.63726,50.70152
120.45012,-192.042,-89.59523
161.7288,-171.00395,-235.50159
19.09924,-41.379475,-203.75511
-295.58984,-28.411636,-96.290306
-269.19183,-153.45793,-21.483858
86.51116,-175.78807,-131.9583
219.29543,-87.966675,-254.20248
193.88657,-99.51947,-342.4105
207.55232,-151.22925,-346.78546
93.43635,-59.607277,-34.52952
-86.96183,105.89787,-20.323145
-147.77776,196.90578,-164.38646
-207.85289,175.07224,75.57485
-213.04826,46.74749,138.50739
-115.30597,98.456024,88.44123
-144.74706,271.8311,107.64477
-153.79565,275.71942,71.41385
-123.51612,221.79552,200.70744
-172.77594,197.1132,286.42807
-233.87366,232.76334,194.33508
-298.4318,179.18346,103.78823
-263.31534,74.85312,25.410236
-278.6031,108.20098,-53.95197
-299.75406,127.90039,-179.03047
-167.64476,44.692783,-288.09363
-158.61406,1.8319283,-238.55165
-248.83063,59.62473,-205.78307
-289.23834,56.380424,-266.5211
-279.0378,51.89871,-167.19086
-215.48384,127.01527,32.67424
-176.56528,189.49713,99.518456
-74.015816,204.40526,66.64663
70.27637,198.79544,85.16031
65.73871,250.65938,100.612976
30.303932,263.57407,-33.379887
59.216618,140.36525,-160.10701
36.267017,-3.0302618,-106.830605
-10.807863,-87.83906,-2.790974
1.4764854,-144.3716,79.05549
36.778954,-95.111885,126.02845
133.24951,-31.344156,40.884773
284.6323,-58.537735,-98.29547
315.39517,-59.206295,-132.09038
367.06915,-118.91364,20.006721
471.88528,-218.35655,210.6822
391.03946,-259.66504,232.50114
294.82623,-278.89102,207.71497
350.63446,-271.30984,176.35046
469.67804,-261.23538,11.539218
479.62552,-173.04172,-157.87503
227.99985,-29.09857,-108.87072
-11.0178995,-108.371605,116.75607
239.99522,-311.5532,301.4853
543.7917,-249.73396,366.3803
309.19766,-114.03397,305.6916
-38.394825,-189.52008,133.69635
-150.30746,-267.54828,30.91337
56.3266,-247.15195,-100.97155
290.0414,-183.31494,-364.87845
139.68599,-32.92531,-235.77783
-52.579124,81.60059,168.59984
-21.981909,102.90854,235.44684
29.959929,226.94006,84.2316
-11.414925,326.3299,-105.057915
-36.760887,198.30682,-134.80545
-184.76402,53.246895,-58.714172
-364.98816,88.45977,-90.473366
-357.5829,209.66673,62.94084
-388.69998,246.60912,112.04833
-383.35803,193.6684,-75.8889
-365.50366,76.89388,-83.440285
-348.9146,-47.053337,-104.46625
-179.60156,-85.209404,-59.635048
-118.77001,-106.771614,37.774086
-191.74745,-94.78435,90.72745
-224.31067,-27.990957,270.52448
-182.94522,-77.37458,231.85129
-144.70123,-131.60818,98.77873
-178.7546,-70.34864,-2.569383
-168.42293,-29.574425,-129.30728
-137.21198,11.006423,-87.89927
-102.72737,31.122015,-94.46982
-77.431946,80.12797,-66.02918
-41.412033,172.46948,-4.524031
108.62188,192.00566,-107.03235
227.10309,129.3613,-200.70132
343.99454,-63.79357,-197.92809
476.76846,-204.27597,-113.865555
493.5969,-202.55124,-60.481224
411.71332,-123.54399,-28.500383
274.86356,-17.030886,23.998878
174.19995,-33.343166,68.56604
93.82924,-57.813354,154.22368
65.85615,-47.340443,175.03352
-1.8246087,20.24386,155.94908
-172.4925,177.68993,132.65694
-248.03964,230.17796,61.15865
-264.6112,198.21626,80.21535
-213.01549,107.3125,89.64364
-124.76922,-35.51509,32.08056
-93.934586,-73.52454,32.362946
-119.93939,-42.888844,-25.594742
-216.64992,5.521125,-97.69866
-131.82843,86.58856,-72.22535
-19.57309,147.94511,-119.36006
-229.79706,252.0608,-96.80882
-408.3337,289.059,-8.659284
-304.03357,146.66045,-258.9181
-129.5505,123.577515,-453.90445
-79.59637,200.26593,-342.49695
-115.51958,148.5346,-281.37366
-87.07724,76.85899,-96.712166
-102.15483,10.299342,83.02013
-152.62978,-68.96244,-99.04452
-74.40878,-118.67588,-277.03195
-35.720974,-121.8927,-66.90872
-199.89357,-3.2756917,245.41788
-337.89542,122.97737,116.95664
-104.41631,40.987007,-168.73103
226.3687,-192.16826,44.570236
297.41022,-309.16925,362.8724
407.514,-198.41,293.5888
531.5559,-69.96145,258.675
464.76047,-64.92288,370.60507
410.70572,-22.291977,342.7796
463.4235,78.19455,255.01762
610.952,57.37265,196.63712
589.27655,28.12926,207.50671
318.15536,29.331528,157.9813
188.60188,-39.172916,-59.939476
167.56381,-125.45473,-211.3788
52.963104,-214.40483,-276.72757
15.8016615,-144.00809,-388.8488
116.88553,-68.92121,-426.42563
156.35493,-190.73457,-165.75983
250.25487,-275.219,146.23741
382.69223,-295.51028,226.9513
359.3073,-248.4026,330.33188
216.02698,-173.44884,404.85562
-25.279934,-140.48523,299.02347
-145.73215,-76.51448,187.17673
-240.25847,-48.92963,86.413536
-314.4601,-26.57244,-53.09279
-255.79974,0.90866184,-177.31133
-363.4946,-20.240051,-232.25656
-452.36945,6.8345623,-187.26608
-400.4369,41.431026,-74.3124
-410.82587,106.645096,2.321937
-358.15042,254.3576,-20.301958
-259.67148,219.86755,-129.61943
-261.33368,75.55537,-149.50255
-230.35263,35.65479,-18.729084
-141.14592,8.821535,-44.412376
-152.31493,55.92042,-244.093
-234.16667,89.39856,-272.4821
-140.73228,66.81731,-291.01663
32.035908,34.70783,-499.33502
-19.341896,19.025206,-382.5189
-36.784405,67.05369,1.2785856
68.27989,56.674255,-42.985897
75.17187,131.80226,-165.42914
-46.26842,145.46599,19.544794
-246.92085,70.20822,49.606033
-216.62828,74.894005,18.468735
-25.339182,5.9651985,152.25987
1.0887328,-42.62046,289.14682
-84.57149,-103.147964,411.13824
-172.71542,-66.90387,444.2261
-131.39975,51.457333,354.14633
-20.40744,97.0356,242.21269
55.637478,120.68772,151.07547
67.12229,133.71257,148.09827
13.848548,183.43445,322.125
107.65674,151.66272,267.08102
164.5941,203.40103,-0.09829148
-21.599773,205.08061,-8.604886
12.166165,-26.69232,-108.59916
303.4569,-174.71461,-151.18774
323.70694,-166.56976,191.75072
148.89005,91.533455,418.3942
92.57754,303.51904,218.46944
199.76549,229.91795,-162.4222
333.89905,165.45947,-236.68845
372.39557,57.02027,-215.30434
510.12836,-40.00751,-276.36618
481.1476,38.815037,-72.207085
136.66902,18.852448,108.77366
71.94927,-157.65445,120.43322
191.53487,-167.61353,151.24692
72.82419,-114.843346,155.68076
-133.84468,-214.15073,-100.74647
-68.53533,-280.87186,-455.8805
130.11317,-286.41507,-392.79245
29.709848,-192.28586,-364.1652
-185.91754,-98.306694,-426.16528
-327.5664,-188.64136,-325.92578
-219.39394,-246.6528,-238.8209
-69.36852,-230.38518,-275.90463
-114.23546,-134.97227,-486.90436
-97.04396,-26.338634,-216.02454
-203.44266,43.34022,56.86859
-100.82312,102.00979,-105.04888
111.291794,0.14417048,-196.8114
55.140663,-45.79919,-63.696312
21.043783,-56.817394,336.34708
-80.98112,-122.377014,275.22537
-200.46727,-37.46208,169.0704
-281.57852,8.065292,364.31488
-276.5874,-10.641947,241.58374
-298.06525,36.56685,222.43831
-256.3657,18.659456,310.64423
-93.82564,-96.20114,297.16235
-48.574326,-147.5057,333.9146
93.32212,-117.0544,414.5008
12.38973,-54.431404,378.6348
-197.22,77.72259,361.27454
-166.07655,92.74228,387.48395
-116.83315,45.788082,-42.49245
-37.52006,104.30025,-352.1308
-61.048782,146.96065,-207.95895
-105.4763,172.1577,-193.96313
-1.3031683,118.333694,-282.21646
205.61055,19.799797,-367.1936
306.0359,-83.984116,-319.01706
243.42291,-156.88585,-153.59244
317.46423,-114.686966,-168.71252
260.46222,-173.62779,-361.35944
74.19565,-121.824585,-243.90607
11.047564,80.11928,30.69859
-150.03633,114.411575,-144.65707
-345.46616,229.31111,-277.58243
-373.19934,217.94658,-238.5401
-127.635956,-21.721233,-405.47675
150.64088,69.359055,-433.8527
110.63447,268.68024,-108.85323
49.210068,231.15964,44.616215
294.53693,166.21039,54.790676
432.12576,113.15942,398.11697
328.73407,112.92162,516.82733
286.92343,202.06647,348.59348
232.64604,225.00694,209.12288
92.28771,202.14922,136.64687
-198.4274,180.61076,335.72357
-301.9188,140.7478,396.102
-78.673935,193.05035,217.27827
100.93753,304.68088,185.61928
92.850235,336.7799,264.3077
-43.436058,300.15546,278.77078
-27.401186,131.51823,352.7382
-12.91714,-11.662125,404.92294
126.140114,-40.77449,272.26617
309.21127,-252.39714,46.417152
155.77357,-326.91888,-52.58331
-16.994244,-259.04416,236.95135
-120.167274,-306.97552,252.08481
-23.843435,-231.8741,-107.67368
14.879832,-295.80347,-240.35692
-126.13288,-384.55728,-300.2293
-251.89388,-335.31497,-224.53374
-353.0936,-306.19412,-193.2492
-154.35484,-219.07399,-310.89685
1.5547488,-201.2995,-456.10217
-75.57746,-162.86464,-454.49268
-240.99924,-138.09142,-191.2457
-250.19536,-162.1697,-235.37683
-13.212817,-185.6723,-246.61584
97.60545,-211.69482,-105.13128
106.343,-101.52644,-86.65575
1.7119869,-12.075834,47.787334
-98.31198,93.29595,31.757011
-160.03625,164.98445,46.953133
-111.37103,104.1424,-23.538853
15.050215,124.37835,-260.9857
-172.2649,234.02605,-168.67326
-231.571,319.601,36.432934
-17.286953,261.12967,2.29675
230.83572,247.31474,-170.47374
363.58023,260.5215,89.923584
180.941,175.88214,386.80112
35.786697,162.02562,201.31021
28.753624,89.17685,125.96962
-14.563123,63.48989,179.41142
-37.449787,97.44913,408.4818
92.7572,55.875813,477.20175
193.0316,14.541161,197.05453
66.84192,-169.12477,243.95917
-40.713062,-244.5959,182.19255
-32.8116,-98.41322,-93.09491
118.97445,-52.86893,-333.77017
183.93155,-184.5218,-287.6018
51.414337,-334.17834,279.31985
41.855083,-170.2921,482.3912
63.44413,26.955841,217.8457
13.9311905,-142.09154,-6.405216
-230.85872,-277.9592,7.7601256
-410.73694,-197.37482,10.533113
-281.9901,-139.61797,-170.57751
-167.75009,-229.97618,-189.57004
57.69391,-340.68814,-227.89871
106.2353,-199.35617,-178.09407
36.758286,-116.89631,-116.22765
280.94174,-227.49959,-402.19833
370.01834,-149.13902,-517.3117
192.68524,0.32042226,-89.70728
92.017395,111.91786,239.60211
225.32533,210.3329,-146.85321
438.52054,225.28476,-485.17856
515.2394,137.67543,-439.378
232.24767,19.58113,-540.6373
-190.0115,-5.9168177,-398.5031
-238.24577,93.55307,-60.762825
-104.87399,194.21785,-81.27866
-54.90552,191.8649,-176.06387
-74.76904,293.6325,-51.238922
-147.73164,453.80154,-80.60408
-289.33926,506.56332,-180.45813
-216.47551,514.56866,21.551502
96.52796,647.01495,-51.214245
168.08566,512.46625,-200.82806
27.817987,39.602356,95.85084
-192.97676,169.06702,543.61005
-450.662,421.32043,687.1812
-446.66537,323.63223,153.35655
-306.079,231.79753,241.7078
-463.64148,115.274284,521.95
-520.1039,162.34784,-266.79126
-334.55737,75.227646,-277.14954
-347.23776,-36.898212,5.1120696
-152.22064,49.071613,-268.579
218.87039,-23.62921,76.34698
324.27914,-211.29396,380.00525
442.86713,-261.16504,453.30173
529.246,-170.98785,577.48016
309.13986,-241.12866,559.83887
111.93557,-241.58124,502.9366
202.65393,-85.542625,370.6489
218.01253,-152.54453,320.25842
28.494297,-344.95978,264.77768
90.17161,-458.71478,257.20218
307.51758,-464.89648,302.9718
341.3684,-532.74695,227.29326
430.15887,-702.0963,132.93062
557.9794,-730.0671,-83.795456
351.82004,-669.8855,-113.93724
-46.632282,-639.008,60.34981
-142.45723,-529.4011,72.36152
-29.893576,-362.89752,69.80451
-104.24585,-153.5251,-149.45152
-329.24432,-57.757397,-291.97678
-382.2031,-109.07532,-110.72922
-284.52457,-33.954742,-331.51306
-238.19786,-38.27967,-646.459
-228.90495,-147.65852,-607.5285
-199.10143,-70.12838,-570.9074
-135.09145,117.09023,-572.86163
-208.06573,263.5518,-432.005
-217.60165,253.78227,-114.64424
-20.823233,235.7392,-152.31654
21.942339,341.63684,-312.48706
-131.30907,354.01694,-9.726308
-138.6563,267.4094,-15.186082
37.64441,315.94586,-230.91132
187.02736,492.1205,-30.70702
138.12563,583.77234,55.67331
-276.72028,480.22873,8.587819
-415.02573,350.4309,191.29347
-76.937386,312.27087,190.21365
79.28098,209.4978,-250.43933
140.85881,169.4272,-264.43503
137.84175,216.71071,184.833
75.1418,180.2987,101.90493
159.98744,256.14487,254.15561
198.36331,392.598,551.7257
78.41676,268.02948,220.18935
