ax,ay,az
-181.32812,99.57453,-78.098206
76.87943,46.239956,72.327515
378.8846,141.93207,79.172516
397.02667,-77.38742,141.39622
114.830826,-69.29633,11.436962
-69.97033,-202.56392,-184.79103
-306.21805,-138.4381,-215.93895
-165.22673,88.81694,-22.425299
-13.342224,25.217121,22.569511
-171.31892,239.6231,-120.66798
45.891727,181.72424,52.5355
186.11905,3.4435143,-20.078272
196.52873,-223.60765,-93.39514
92.302536,-244.61748,29.079039
-148.23804,159.13765,26.193384
-75.17116,89.15123,26.09615
109.373634,-206.30743,81.47197
-75.553474,-350.62445,122.632866
-216.21165,-37.212696,-70.59678
132.75023,279.85187,-67.064476
276.95242,-79.06982,135.2296
52.374794,-263.60535,120.383286
-158.75783,209.58408,17.698074
-64.089386,496.73785,-63.716846
81.141846,137.7375,-101.65175
-64.28009,-172.99646,-111.44132
-106.88798,-248.23268,10.083957
-176.3706,-110.10138,87.70039
-127.931206,31.611134,41.69192
164.5771,-30.039688,61.330433
75.83819,-43.535065,30.832485
-2.0608556,-106.04079,-94.0495
212.78946,46.956707,-178.35368
-7.034815,268.14737,-136.70761
-236.77399,250.44843,-49.71663
-70.54786,50.631176,56.125603
-90.405334,-76.93597,4.447171
-83.1254,43.92678,-30.018452
32.19256,-28.187923,84.48806
111.81945,-137.2529,-31.669598
153.02452,-231.13063,-15.153657
76.78352,-303.6726,67.0353
209.6196,-19.696087,22.554321
240.75014,232.68698,50.926064
-15.770211,48.54105,15.492891
-291.3775,40.838203,16.710817
-408.0849,267.95972,-10.580465
-8.653363,-10.09462,56.4707
243.48866,-212.23135,201.15292
-56.02573,-139.30563,-14.80515
-135.07497,-29.743576,-281.20425
-20.258556,36.01128,-134.76299
-2.471601,-86.79093,-79.36434
253.54457,-9.154777,-23.265146
165.8537,121.29892,174.94847
-235.19612,213.75078,12.380456
-47.450447,93.53331,-11.3240595
3.945633,-68.32164,17.366947
-29.7731,-238.0703,22.564096
104.60346,-317.23135,40.774563
-47.4755,225.42403,-5.7891
-57.242695,313.10623,150.35251
148.3387,60.806114,57.450165
82.47349,163.05075,-106.05917
-328.1025,88.458176,-205.06622
-74.52645,-73.90626,-156.80937
424.27945,-81.02261,20.718414
169.90599,-51.98698,137.04807
-212.87053,-182.41933,213.50586
-210.81676,-129.4314,118.53209
-30.414295,135.31598,-16.644707
1.9067755,118.87227,-118.48333
116.125084,-17.350424,-39.37994
85.44728,92.66789,-128.37518
-51.42618,53.41591,-76.93087
-143.45444,-150.05519,46.308243
-20.598545,-105.94831,-94.46998
215.06229,90.02074,-31.208172
10.896995,101.449,-18.232203
1.2726479,-120.44098,27.429073
-15.112008,-14.410553,8.080832
2.5729556,-86.04026,134.08206
144.67628,-83.98241,109.301056
72.89027,187.9957,-101.67505
104.20171,-34.329163,133.64272
-69.38048,-19.340712,-32.380287
-173.91718,73.08776,-149.59872
-235.08517,186.6756,7.769281
-118.07617,95.7431,-20.298395
276.3671,-383.73557,31.594273
196.35506,-203.38342,17.034584
-181.55835,208.44873,60.970776
-269.79233,8.02847,74.56539
141.92453,-469.30237,89.43202
211.41344,-143.3225,151.53577
-60.625202,243.12347,129.5294
-38.702682,15.705672,-41.803036
91.96058,109.532104,-157.87125
171.2539,147.26544,-22.243622
50.085636,-41.577522,1.1821507
15.542857,77.02986,6.1697326
-63.37367,128.42343,-7.6604733
-61.337563,-292.60388,56.262493
17.554068,-257.12247,93.694496
-198.02701,67.2602,-55.599976
-175.53851,-15.181184,-78.31971
194.95888,118.466774,-104.83175
377.01437,200.04408,-4.070789
-7.608611,181.27066,-24.177988
-187.95053,101.290695,-137.51894
-99.02235,32.77791,-178.51326
-115.43522,86.596275,-113.258064
19.45266,-151.37675,190.45831
-191.52484,-257.3181,10.811243
-289.51373,-226.36008,-29.246094
-90.395164,78.082985,127.724945
163.94377,266.47244,-63.721474
346.65976,36.692608,-4.2600684
54.00256,143.27214,-22.213408
-55.52421,70.632996,-81.907684
107.55448,-239.92226,94.93361
-84.87242,-216.13774,218.54251
-485.33612,120.3942,51.16854
-186.59123,96.20147,-27.756952
320.1719,49.911892,-0.9852718
193.40092,198.99626,-8.58016
80.87368,-125.04535,127.77728
137.26906,-140.69473,-77.17927
96.78315,-59.20461,-20.02148
-92.623405,-11.842567,143.63397
64.29323,-24.582565,12.186869
158.33488,-87.44031,17.297607
-175.1522,252.34262,-103.49191
-187.4603,159.03648,-96.37132
-13.40658,-111.603745,-56.89882
142.87839,-53.431984,2.2748091
61.95617,123.692535,35.531574
60.513012,-64.99645,-1.8763419
136.887,-239.60547,11.886291
-161.34045,-73.7584,-76.40817
-147.73106,-161.04126,4.6076126
113.14086,-18.748278,13.966653
6.49972,151.03116,-21.566095
-110.98024,82.94468,52.988934
25.071453,162.13747,23.270483
-22.618221,323.58255,-24.00301
-15.784616,325.48178,-69.00888
203.9106,48.935215,-40.870712
60.154057,-205.12212,90.95836
-312.5533,-256.41608,90.06458
-199.50487,-184.78557,-44.990974
158.2952,-147.17953,-50.559547
52.775326,-63.954582,-77.2776
-103.91001,59.383728,-53.353962
-134.89516,111.17471,39.94991
-34.571583,122.50215,-13.741642
117.12716,200.51834,13.656314
31.71573,232.21951,76.56712
47.497807,-97.04043,161.17847
-140.74533,-170.22984,24.415625
-222.78542,0.29748642,-165.37813
229.36728,-157.68158,74.34536
245.94083,0.061416496,71.21474
-50.265915,174.23422,-120.40253
82.275505,-119.69423,-94.48377
226.80888,-303.21484,29.40282
-83.69507,-203.98184,146.67444
-257.32068,145.6847,28.865871
55.621662,295.1744,-61.632835
191.7531,14.017914,-62.493584
1.1668956,-212.1194,-27.016417
-286.1934,-101.75678,57.425953
-304.1193,203.81139,18.655838
173.0833,234.30103,24.67201
312.40042,101.371216,46.403927
-84.88786,-22.216248,10.253988
-270.1992,-219.81322,-46.32937
-36.198536,-71.44215,-113.220795
257.04086,22.300863,30.339304
138.13133,-73.97063,72.34432
-97.42939,77.856575,-38.103558
-45.578976,70.54682,-9.47061
13.675884,67.04598,-48.135586
-9.301648,-9.160826,-24.543938
-71.41183,-156.03477,-52.05141
-41.09614,-114.392,33.722622
-79.13217,-12.751519,221.83235
-132.17094,355.85065,37.20782
229.10928,20.506868,46.420864
216.08116,-493.10245,59.85639
-222.09499,43.00411,-185.3156
-229.45207,428.38605,-245.94458
86.32991,218.0653,-31.104635
222.44534,-150.35925,199.16336
68.52499,-269.75317,112.47204
-11.55579,-134.05835,65.12037
-56.895374,-70.270874,-6.237507
-10.111846,-97.23278,-173.14095
3.0747104,-101.461945,-43.42292
-155.01619,140.40698,188.31242
-223.72057,241.27007,-9.234908
21.350227,-13.836137,-142.52776
197.02809,-122.756805,161.84483
-182.55392,29.320314,108.92598
-55.93902,-42.685955,-29.45517
382.6766,102.40238,-38.80631
216.42393,126.66308,-11.234473
-192.82469,-392.65686,37.957596
-214.47652,-82.49173,-196.4242
222.8554,288.03888,-66.7389
1.7171385,97.79647,175.73204
-281.05804,-45.372242,-42.433514
-118.21234,-177.40965,-117.598076
-163.95918,40.066483,-79.3242
110.004906,155.41533,-86.1265
331.1487,201.81952,41.830383
168.1448,128.29247,211.13515
28.53733,-363.374,188.17229
-140.39153,-313.51367,-137.44194
-110.205475,195.28726,-197.2272
135.80042,126.38784,-12.681803
-90.94171,-189.47516,-104.86348
-412.77194,-25.635426,-36.289974
-21.13845,203.75597,207.96745
275.31607,127.99538,109.0644
86.39885,16.870989,-125.92571
-15.531961,-2.657243,-135.12433
160.93225,-114.904305,-7.9843416
240.4743,-105.87452,-10.431845
10.188459,-83.0807,23.45527
-158.23717,-283.32422,245.94803
-161.82239,-100.13034,93.557335
-34.661663,205.4571,-205.49408
53.762974,208.97556,-91.269844
53.941425,159.73965,-46.53637
118.30334,31.725706,-77.0133
175.44852,-63.58632,-9.776051
-24.382162,-42.443485,67.724205
-218.18411,10.631475,86.27288
-2.642465,-30.666712,-42.895126
151.47287,-120.40936,15.70352
55.766983,20.802082,-36.573273
-111.2758,104.1891,-256.57214
-96.25287,-45.043186,-62.11987
100.733284,19.079636,165.18039
151.22748,107.99711,119.549835
33.185814,82.262314,82.55833
-81.929344,-7.5974307,114.92406
10.665003,-274.92288,16.306627
-51.700096,-127.33641,-205.37036
-185.07208,134.38506,-113.17356
-95.53116,109.420395,41.051365
86.87364,135.74345,48.23986
47.363255,-31.826769,192.09944
-217.98097,-88.911804,44.43749
65.95383,-21.288885,-127.481155
242.34875,-3.098092,-107.63338
-67.02188,94.95852,-81.10225
-130.61058,108.01503,126.22036
-26.443268,75.83204,49.807934
106.48167,-96.22933,-29.156181
-9.286619,-93.25918,39.064457
-118.85999,25.13143,-67.03439
-12.978898,1.5626159,-63.41134
114.17031,-16.51091,45.418194
251.41875,-97.30818,109.8941
107.76954,-75.89199,89.4595
-223.66266,20.124153,101.65643
-302.58575,81.16627,-33.277885
37.121723,70.03304,-140.65802
137.9678,182.27634,-3.205883
-31.194891,83.547554,34.13242
57.791805,-252.00479,-44.37228
99.00868,-71.230995,-58.713116
114.44401,63.67545,94.266525
11.555535,-48.8738,104.11369
-112.5951,-56.35807,72.634346
-29.355246,103.53589,5.971918
99.58408,149.46088,-198.63365
151.66507,-41.26453,-108.93812
-200.3508,22.190865,37.74071
-347.70847,38.82653,94.04798
126.779205,58.366306,107.593
320.63748,-5.27999,96.61902
1.4322716,-135.5679,-2.8684607
0.9804793,-95.520355,-225.32133
256.48978,-121.19348,-228.81828
69.79516,157.01526,-126.72031
-231.18755,138.39516,116.24796
-314.2131,-202.94641,313.39908
-298.9989,-69.40235,135.55319
-182.49416,173.67609,-32.52241
217.00708,96.957375,-108.92547
493.17316,-233.63956,-65.13046
-60.922268,-235.81944,77.512856
-424.45184,47.02383,69.75746
144.09386,192.41333,113.93191
273.45438,182.95291,156.32271
-196.00362,14.001387,-57.919556
-99.65811,-241.08429,-156.30179
145.07118,-221.591,-62.972153
20.93419,172.8799,15.425446
13.02555,272.63766,108.559715
22.175661,83.7395,54.352947
-145.33083,132.24174,-11.3924675
-34.697067,127.79349,-64.3736
256.71835,-250.33669,-125.808174
24.376982,-352.7456,-73.59684
-282.39307,41.67985,-61.45498
-5.189546,258.0419,-19.485962
291.05478,100.1379,-7.1378355
34.88979,-114.51855,-29.103867
-331.1531,-88.05643,-28.339523
-37.182625,-75.119606,-34.007507
226.19609,41.955173,-24.712675
28.376322,152.89554,26.71986
44.075226,-144.55264,111.70576
-81.44705,-83.62391,25.35568
-310.73175,251.29997,-12.9914255
-24.893288,40.8306,70.86495
306.21045,-365.74915,48.488445
70.716156,-273.8255,33.797153
-194.82434,190.17151,3.561842
1.0199331,259.53323,-78.24166
73.69392,7.696118,-18.087208
-124.37697,77.17915,25.604366
-98.285904,-28.223166,25.645828
111.38415,-185.20601,97.02023
56.53507,17.528372,24.07472
-158.67712,-195.1301,0.6910608
-42.337128,-257.4011,6.9527135
181.02219,150.04964,-51.37225
117.59431,300.79263,-35.376827
81.47999,205.0057,-66.0401
29.364035,-38.1439,-93.04362
-206.86371,-42.249718,-60.322693
-81.16596,60.349045,44.44187
184.7033,-37.310867,21.6086
171.12828,-123.83983,-9.324247
32.10743,-132.34427,128.8312
-227.047,-23.664406,30.583931
-126.10609,-88.34075,-51.88681
73.939415,-34.350754,-5.5520697
6.4765844,179.53358,-8.331903
132.25629,75.26219,86.12964
56.273582,207.24222,9.817783
-54.669167,323.08563,-63.525917
106.620544,-58.102505,67.284996
-35.81875,-220.24976,-23.674057
-165.35078,-68.25447,-140.94144
72.373215,-166.29276,55.384598
58.581726,-237.39809,128.83676
-209.49509,-53.235985,51.770164
-166.35228,67.25199,73.09895
48.982735,172.8553,-37.477703
135.28972,154.23099,-194.21385
11.516662,131.90228,-182.02113
-53.638496,-4.123074,8.908328
3.5707474,-199.44136,130.16205
-47.905876,31.855038,-6.557501
11.630481,93.38209,-78.10303
112.20547,-111.979774,-50.686752
113.67674,-136.17244,-140.62204
-57.48354,27.329102,-173.50565
-176.45692,28.339174,30.268156
86.330925,-79.42178,194.97641
111.6386,113.42129,106.29003
-117.62456,72.85628,90.32606
-239.61401,-6.289325,94.59422
-259.61005,72.377106,-51.743282
-15.646151,-58.45223,-113.9996
283.27078,-155.87498,-6.520057
270.663,7.6696777,48.176945
80.053406,244.20697,-47.58551
124.687744,-132.40094,102.68579
10.751911,-299.52216,141.53937
-105.29686,128.49792,-76.87075
23.26374,165.70738,-60.452312
-63.948883,112.37044,-80.53019
-11.204161,74.65871,-130.6802
-55.47703,-16.87792,-48.15102
-214.45636,75.44516,90.96708
-43.49643,74.56154,163.92726
73.669754,-130.31009,62.29379
18.87121,-155.08472,4.4548826
-61.79781,-79.421844,14.194791
0.7739389,76.59082,-131.96706
199.09529,129.08672,-124.24207
273.4324,-251.96663,142.69273
164.85242,-133.40158,104.28999
-32.21869,314.82172,-39.764008
-188.75827,278.38962,-0.1359639
-34.142113,4.5943747,33.39168
49.09953,-93.85838,-3.475715
-191.46178,-13.884425,-39.075985
-103.0439,-81.4448,102.899315
63.702324,-50.76879,103.798416
-6.60108,-44.907707,-75.024475
-17.717892,-164.24203,-44.156887
-23.05082,-14.443539,-12.771413
67.123726,234.67871,-121.758
264.12173,105.69869,-60.60774
79.52331,-83.65403,9.68224
-236.51645,8.20531,-57.5207
-115.62852,-59.600155,-14.0784235
-38.969948,-98.67994,10.205879
-47.141663,-112.10805,-1.9907312
1.9149429,-174.92595,-50.334106
-64.2289,25.210136,2.1828883
-62.229733,306.97266,47.19992
118.685074,187.77742,-82.345726
243.35818,-202.22163,-23.49648
83.831924,-73.95791,20.982716
26.30712,190.93141,83.08622
-72.255394,179.35516,76.55825
-177.80057,-54.01451,8.4005
-76.71793,-200.45132,7.4350224
-92.83489,140.63304,-193.2089
67.778,172.25739,-140.13345
202.28342,-215.17645,61.366634
43.037064,-396.21252,106.62767
-11.602884,-231.39293,110.261314
2.2329469,114.150795,83.11488
-14.342712,350.9407,0.22831634
95.112175,108.31478,-66.95811
-67.079025,-195.97922,-35.385597
-278.0095,102.008736,-65.82152
169.30992,181.63739,26.017601
361.5203,-115.07289,110.16237
-42.910774,-169.18982,43.620758
-169.97804,-84.485756,47.282024
-45.823986,-61.35141,91.63287
-29.724304,57.925953,18.538712
84.11804,127.239334,-44.690754
146.45012,7.0855136,-25.919315
-73.784134,144.88112,-143.8096
-90.50573,158.08043,-54.304565
-48.07672,51.956856,102.157265
-44.27654,49.70947,77.73176
29.383974,-81.97518,84.5374
-109.01203,-32.790916,-13.404725
-74.76013,-18.968662,-80.65234
111.801346,-260.43967,-52.295685
59.30428,-258.3918,-17.607403
-27.516394,170.86461,67.23915
-37.60387,243.02081,169.88423
-18.022766,-99.09784,70.725365
-49.89455,-60.127533,-172.96117
7.5000067,63.406025,-161.7997
143.57494,206.90085,-52.767654
76.611046,282.376,34.09465
-47.119278,-218.8618,198.96829
-116.8085,-376.9153,111.08306
-47.827934,31.654682,-73.78674
128.57814,98.84468,-38.384663
158.10056,-143.03398,-15.920426
-83.13597,-225.84538,-3.3071983
-219.45145,-33.901024,24.827133
125.40697,114.16464,-4.7247424
383.34982,162.83684,-42.55043
181.1955,93.79074,-124.20655
-202.35286,-126.346146,-63.17025
-288.32953,-121.61456,187.99846
-101.06011,118.16499,103.1449
14.0545845,-0.22852325,-48.502132
2.0787728,-120.29877,-40.235985
-81.15179,93.6346,-215.30588
-114.02773,64.49868,-198.46832
-43.591885,92.45856,13.919945
223.98419,26.21149,277.9806
143.22792,-193.33,195.0215
-14.267461,-177.2679,-109.721504
91.86561,-161.93005,-60.54438
-168.08261,-29.619846,-128.3252
-139.4707,141.47801,-105.513695
115.4069,20.231735,174.90147
-90.98343,70.39591,236.88852
-20.591358,337.5838,100.5549
283.17413,-60.48207,15.51898
-58.9425,-262.90118,-163.82973
-295.38116,114.23176,-234.96286
1.8841611,261.30322,-13.676576
88.20413,178.88417,48.50495
49.52639,-159.50941,74.79418
-26.041313,-343.55975,-26.780169
10.533454,-292.39215,-76.78366
88.51014,3.6690047,8.953551
61.8404,138.10037,9.291207
18.95128,40.022522,84.54504
-138.1592,161.16557,25.520369
-92.248726,88.149315,-3.2973337
45.58958,29.796656,-113.95981
79.419365,-125.80267,-70.45134
-71.55935,-253.62917,127.24768
-224.7376,156.85721,10.005127
-36.937866,288.41177,41.28803
182.15874,-112.16639,46.475998
188.49895,-109.64827,-137.04219
142.92078,46.539463,-198.36522
181.8437,-161.87363,-38.218895
-46.560585,-8.724352,113.26736
-136.91008,176.58058,147.14449
-86.09823,-2.3128617,100.34147
-318.74063,52.848965,-55.039577
-184.11789,264.80478,-179.35185
355.09308,-12.985408,-122.09992
570.3504,-332.31845,100.31163
-28.63962,78.42334,-25.70173
-325.1413,256.97482,-29.436026
9.54745,48.601868,109.50561
29.691038,-231.09229,-18.102076
-68.07242,-421.63367,-22.728289
-43.682915,16.118576,-22.517178
-24.459164,214.6272,16.920185
-84.80739,139.97545,-68.92161
211.86127,208.42288,20.162617
157.27434,116.271454,132.64233
-385.98682,82.54411,-49.297966
-273.7869,73.692894,68.46441
53.753227,-205.32133,100.43942
192.37021,-396.52258,-40.618446
-39.772694,25.411837,-109.90325
-181.29778,237.32869,-90.036125
175.26053,-93.04045,58.56538
130.83192,-42.2895,21.392992
-136.12135,238.72249,-23.602581
-29.144882,137.67087,93.470894
12.776382,-110.071205,46.222008
-65.37146,-208.19745,-52.078415
71.169975,-195.25874,47.555885
-87.168976,90.88268,62.826515
-287.7251,312.60587,-77.40284
137.55707,115.133705,-11.214084
356.0813,-201.29163,107.05769
-6.6547937,-186.25714,-59.88827
-49.821766,174.38597,-138.14372
114.383255,217.69885,-14.033838
-43.12464,18.65572,11.623543
27.341259,-147.42967,11.817013
9.591575,-89.44237,86.768906
-203.63669,143.74289,105.59496
-0.8680338,-12.916676,-4.6547775
147.54085,-120.31476,-30.589018
14.689981,-106.77884,35.54891
-213.94893,6.856504,-18.383204
-119.989494,306.68164,-104.998955
269.52066,114.185455,40.954185
208.5245,-153.92053,153.07736
-183.46121,-145.95316,-103.59849
-245.86067,-50.036667,-137.25906
71.57811,-31.833946,106.464455
156.11674,-184.74298,56.83999
-20.792974,-77.37404,-22.769716
-164.06845,160.13498,26.032627
-249.6846,322.65866,-41.531784
-4.898803,167.65547,-96.42442
311.89676,-178.60803,107.756424
156.51321,-140.20978,193.7015
-158.99684,52.636337,-76.95104
-175.73509,111.12248,-178.02669
21.7285,-75.80991,-75.41093
251.07928,-273.8846,12.606877
149.33972,3.5065398,13.090463
-7.5099316,240.23177,82.7275
67.519875,-15.534911,181.53812
-53.571304,-132.62599,-25.788126
-123.84036,-59.699825,-96.6647
-169.6293,75.00393,-50.478207
-123.45182,129.14589,-93.96991
190.1125,-89.31326,-23.141506
221.32509,-79.441246,16.183598
-67.56965,55.564064,-21.72077
-245.68489,86.43887,-97.20201
23.749294,-8.07975,-75.68888
184.60057,-199.62141,51.59195
-75.00373,-216.39156,49.24412
-104.04776,16.157675,-31.045233
-54.505856,167.55544,67.1942
-184.18663,-1.267223,91.96424
39.93721,-106.18953,25.098412
236.91351,49.677185,80.77266
-76.806656,229.06172,107.6764
-31.900946,77.664764,118.84447
137.81357,-203.56514,35.587658
-49.64799,-127.07785,45.46421
-52.557392,269.62872,6.583839
41.465748,147.86078,-60.330208
76.70194,-316.83762,86.31467
8.631253,-175.56009,61.1282
-150.97913,-125.36795,-15.567755
-181.83536,22.452885,-96.85754
62.47961,302.87634,-34.08135
147.19113,1.7164541,50.67875
-22.866085,-94.269295,-5.9127884
-18.470835,148.24686,28.382936
-188.2037,206.78577,-163.77547
-68.05333,-105.31222,-218.2415
283.0844,-295.42505,-60.72996
33.898903,-147.28098,-67.786575
-146.3591,-48.07523,-28.365204
-8.8578005,113.11075,44.80167
94.69,124.8044,123.60222
90.438934,106.81813,119.21177
73.18989,111.89465,4.1107306
-38.602962,1.4323186,-88.45424
-172.73073,27.346388,-131.73499
87.15291,-31.906765,-37.745533
247.78633,-147.6958,77.19064
-23.962603,-49.10079,19.798124
-192.39983,83.59926,4.310704
112.49575,-48.601246,61.4794
290.81583,-43.276913,-54.334408
-35.135483,89.297775,-89.982666
-123.391464,-3.4426472,-4.2920375
92.0478,-110.02253,26.836515
81.174805,-152.17184,75.25854
-155.48326,134.10313,-26.124088
-101.51973,189.75615,-68.9029
22.453104,5.263977,-66.20842
12.93728,-107.20585,-85.52267
252.3595,-354.51135,104.62903
103.19799,-68.717865,74.35745
-192.63075,271.91522,7.365354
-86.77662,253.44336,18.110647
-31.460007,91.544846,-114.67662
-134.50096,-37.879524,-228.68178
-181.64969,74.599945,-245.9521
146.3316,17.411316,47.244923
280.4139,-59.677483,274.6114
-85.304825,-173.8697,259.48682
-234.38728,-290.8035,190.5038
-52.4385,-25.690245,43.547894
-38.604046,329.03214,-193.35246
-48.221436,99.09122,-253.07074
147.08153,-170.6236,-13.190521
121.34039,238.44579,54.858276
-21.244663,281.07053,122.741165
73.74064,-252.96045,239.47153
184.39505,-383.64563,167.91197
-189.33044,16.228987,-76.47631
-423.07877,128.58513,-161.09111
-51.138447,50.69908,60.347736
173.5849,39.89813,37.562008
243.7966,-189.02452,93.70291
246.62814,-117.164055,274.5228
22.42879,175.16872,59.1082
-199.93867,360.78967,-148.21786
-136.35347,187.236,-121.39339
17.633846,-9.851128,-120.53493
-34.616657,132.29228,-98.870056
-95.42759,-2.027302,22.482548
27.874308,-232.52995,89.05898
156.17224,-173.45854,75.20728
-107.95932,8.0932455,-44.44254
-326.0502,6.2912636,-210.05035
-46.42802,-33.991547,-177.66302
137.8047,68.62325,-77.55763
63.4023,61.476738,-48.1282
45.61766,43.58288,32.676075
55.152657,165.49321,30.505283
61.05835,-23.122272,-34.561893
121.02812,-358.85736,77.107956
86.93121,-122.37016,144.15314
-86.21745,131.77443,-57.535046
-146.19778,-69.75337,-43.736988
-60.834145,-141.50258,161.24765
84.33652,88.20787,11.845756
3.197241,73.45655,-114.82836
-110.2493,7.162242,6.0020323
139.37779,244.50125,54.57327
1.1439971,171.68828,-41.493896
-265.89502,-146.5346,-148.48369
-7.846482,-164.93785,-34.383995
166.93982,-86.49531,115.255844
176.24138,-156.01329,78.52553
135.3234,-210.99954,157.73149
-131.36508,-2.1185722,128.30136
-356.45694,304.40735,-164.72055
-120.87442,94.43357,-127.74322
242.72906,-209.89534,36.812065
119.011604,20.878805,3.335089
-159.36429,177.37473,16.56088
3.4745402,121.265816,80.783104
180.83533,113.511055,68.11378
2.9073687,-30.513395,9.572801
42.84437,-145.45082,44.51486
167.87259,-11.061344,-19.212835
5.028517,1.7156938,-126.07845
96.68263,-128.56401,-22.010223
221.80867,-20.772978,-9.106424
-66.55172,200.69913,-61.607918
-243.1534,220.49887,-42.38053
-141.16241,-3.100082,3.087415
33.55135,-140.81892,55.860214
60.33683,-151.36563,-4.172862
-27.680569,-161.94557,-11.802981
82.31315,-53.687572,81.75109
122.382645,36.25646,165.8976
-96.60935,76.77794,66.87641
-194.21031,117.65915,-17.410763
-26.145367,98.954666,76.07282
85.54742,-55.80145,-1.7879336
46.649517,-244.03174,-134.46004
53.208187,-173.28922,-82.186844
-50.728603,85.27505,-15.440096
-101.77453,159.35008,-17.357885
109.41631,-91.14366,118.352036
44.85738,-20.172142,102.83812
-178.6576,225.32953,-36.637184
-43.41693,-1.0985928,-100.7416
165.1968,-72.14067,-183.72658
57.20795,-33.020653,-47.578827
-69.08327,-185.05101,11.1458
40.219784,27.54724,-8.66786
58.412117,306.85495,8.468451
-26.769333,68.893906,14.852542
-1.9163535,-61.152435,-44.712437
93.35355,4.673536,-147.78952
-47.28809,-247.96729,5.022575
-63.71649,-215.28806,32.987854
242.8014,-53.666264,105.152794
58.023556,-60.15147,187.05835
-292.3862,190.24362,-2.698982
-272.84253,210.05951,-69.335464
-75.18648,-103.04676,-53.16797
109.66048,-86.87663,-16.487017
163.5525,70.16543,8.300226
95.68154,8.504662,56.587456
-55.146133,26.53758,73.88723
36.783104,-123.404945,76.42305
90.204056,-193.67126,43.390392
-172.84143,171.21881,-10.088382
-279.1054,183.72154,30.951971
45.17885,-66.96346,-3.78184
302.83865,-86.107666,-0.4792951
146.65997,22.667547,-24.49949
71.56274,114.65151,-69.15846
117.84052,61.502483,1.4935001
-22.627293,-73.0165,104.20833
-160.17073,-32.31308,66.491554
-28.23225,2.2274368,-26.642065
12.741491,-48.97154,-43.031742
-2.3843641,-45.61368,-55.433678
66.13301,-138.35721,56.214348
-64.290276,40.179546,56.46176
-116.77911,329.74237,4.2194886
-68.419235,142.01062,-15.826202
51.76199,-91.3179,-137.72449
-1.4695807,-11.71675,-139.08138
-282.21796,9.732926,-42.792053
-69.71914,-17.659231,29.765997
336.13638,55.940975,71.374626
197.86615,60.406635,27.461664
-111.621376,115.495125,-85.35348
-102.048805,29.64427,-54.796635
-27.3234,-87.31771,-54.68084
-4.0513515,-82.07813,-41.364365
79.703186,-266.60043,96.7482
-64.95625,-169.96162,-67.61071
-266.88657,89.29187,-185.10912
48.61465,84.11393,-24.328684
366.0087,79.78933,32.265182
134.81248,-0.9755114,48.56786
-192.70279,-81.93726,41.33944
-135.80127,-37.008854,-34.583076
68.59403,-83.28359,-50.885265
59.04427,-168.22713,11.63311
-42.00069,29.708635,59.826775
-160.41464,63.906734,121.061516
-153.66054,-3.2204864,134.00697
-29.251106,294.42847,-43.074303
153.24965,103.40567,-137.7849
228.2061,-105.45491,-90.44814
130.77072,68.837585,-19.729696
135.85046,-29.325941,27.522608
-58.12467,-204.26591,52.731163
-344.96756,-137.18457,96.08828
-114.57373,85.35727,18.655502
132.46526,-101.6182,5.596598
-72.31704,-51.928444,7.746017
-74.01155,184.893,-49.631104
-5.8343444,37.63064,-14.892548
-15.717962,79.95257,25.686205
169.96196,214.90402,19.728962
178.71465,192.64493,31.096218
176.56862,-82.31881,101.956154
-15.59594,-163.59067,5.3918095
-265.40976,-30.594755,-86.64778
86.64095,-114.052795,5.9641523
257.0272,-269.68185,25.093636
-197.53595,-12.238165,-102.7986
-336.3023,422.78537,-71.65657
-10.087812,201.1214,152.03352
88.42502,-33.392857,42.97184
143.44087,-27.911877,-83.303406
116.7333,-96.104294,-10.317072
-61.82568,40.058796,-92.871185
8.176191,131.00363,-99.92
-35.241013,-96.469406,-4.467696
-225.12773,-163.90643,37.4089
-119.31691,-79.57386,83.11172
156.27605,-216.26486,116.929245
89.664474,-1.9324726,77.08583
-157.21648,210.96376,9.607111
-69.01361,131.22397,-112.250374
194.88994,52.91822,-136.33636
123.6018,-106.96175,-12.548843
-140.1611,30.597828,-24.402191
-90.22453,146.99821,50.017395
-113.447624,26.241095,143.0566
-161.1072,-37.925003,22.49441
17.743486,-40.90659,-71.73502
146.53354,-105.9236,-99.46481
161.03609,-132.16649,-113.48926
143.26958,33.429245,-33.65153
271.11246,86.11106,78.850395
203.10345,89.560135,6.6126046
-126.07391,131.75885,-105.549225
-340.0435,103.85053,-137.09505
-256.565,-165.44794,22.022182
-109.46417,-330.77188,133.26744
-38.13582,-3.9010773,33.97696
140.8234,-6.4873123,164.37299
211.60808,-266.63998,101.07299
251.13885,1.2374791,-94.066864
101.953896,398.4834,-32.068905
-142.25316,327.5287,34.86469
-150.59494,121.60529,27.54075
-149.61472,43.885464,-56.30673
-41.12927,-96.93907,15.375477
68.86903,-128.12619,13.898157
76.17177,-129.40887,-68.22343
-11.03969,-151.67143,35.11818
-76.607834,-95.9865,97.225044
125.360634,20.431967,40.831398
293.42084,128.79604,5.2862377
76.29954,34.102253,79.12169
-237.67635,-13.655764,49.954334
-172.00917,127.82219,-21.45563
79.72063,118.66724,17.37159
47.324993,-98.80401,-11.282288
-124.153786,-97.30442,-104.614975
9.427731,24.625376,-93.541504
125.578705,-125.89827,26.946806
-5.720637,-145.56557,45.7048
-84.073875,-13.954566,54.8695
-129.91734,-102.151115,120.26798
-103.56906,56.212036,23.935926
-2.6400778,410.07098,-82.090195
43.17352,278.64688,-80.659485
-52.041775,-47.1629,-73.26872
-56.75943,-155.59656,-60.047176
196.08318,-142.3166,-13.753131
211.53809,-10.228659,44.97377
-34.199303,65.38722,19.345974
-202.6601,-23.98144,-83.57897
-307.57217,-14.195914,-39.98468
-268.36673,119.75995,40.72841
23.881422,100.70186,-63.76113
267.42773,-77.8015,-42.06205
134.74431,45.938183,-5.9159346
104.03753,273.0352,-55.522602
287.93527,66.67431,4.0423346
197.3714,-190.90097,67.174255
-78.57086,-259.5768,103.37971
-216.35977,-111.942924,6.7756443
-146.83836,9.455469,-58.396824
-163.88834,-240.54497,-55.429787
-224.44302,-232.69937,-94.06319
-57.073135,152.5772,-58.617954
196.36581,278.02032,-43.742905
245.86801,254.15695,-46.480278
143.11446,136.70387,52.896072
-36.20894,-225.51534,173.70705
-246.55022,-289.1084,123.95063
-43.15742,-186.1082,76.80411
188.63687,-274.8066,94.249985
-1.0212739,-98.67799,23.429026
-87.620514,208.147,13.095535
106.596436,314.15894,14.148385
170.82364,208.53947,55.874302
-30.124422,77.65851,44.430424
-137.76762,39.870056,-137.33632
-99.35351,-88.43494,-132.04713
-43.979527,-79.23316,-97.08199
78.908104,-1.4603555,-71.406784
139.57524,-144.51941,89.95902
-23.335564,-138.76581,92.05665
-41.209034,83.65222,68.873985
255.7856,113.821945,136.7627
276.36542,7.065966,20.535189
-138.14247,6.451943,-158.6512
-450.32312,30.044294,-143.685
-196.83835,-52.429455,-99.92308
163.50027,-97.54859,-39.653656
135.25536,19.482874,88.72309
24.744015,40.916073,179.46565
-197.92859,2.0134134,77.39869
-251.52422,-5.4154305,-110.414894
166.13039,-102.44124,-66.706726
318.30618,-136.27675,34.856285
-64.82424,-5.3228855,48.400272
-278.05975,138.31755,37.071487
-111.23029,67.498795,80.71365
-76.19685,45.016685,24.267643
-12.641104,175.16751,-99.152695
160.12444,127.09634,-33.780575
114.41619,-101.80225,57.228664
-28.705435,-174.28844,39.67548
-117.21854,-78.644905,13.759655
31.40838,-131.22131,86.59172
255.13304,-12.628118,2.5591965
316.29425,129.17163,-49.959526
47.121006,-1.3741494,54.771065
-397.96765,-51.952847,20.142706
-380.4716,157.82246,-50.244503
110.63042,281.83286,-61.318314
350.59576,25.647493,8.715813
-12.11551,-67.28947,-39.035446
-132.50075,-119.68291,-15.353596
61.979576,-111.91378,77.99084
-33.87118,66.295166,-16.293577
-16.76085,-6.7421465,-107.56058
54.365204,-59.14996,-127.81221
-207.61588,37.042816,6.8360996
-326.06497,306.3661,16.573011
94.9949,236.33487,33.546
302.65286,-126.406136,176.68953
15.140565,-109.70013,-34.595146
-34.13188,-18.151434,-247.54974
155.952,-112.36153,-130.35847
268.6089,-242.8803,42.30051
49.962288,-92.29461,18.757944
-257.25238,39.367405,52.149586
-194.49013,30.532822,208.19638
-36.703175,125.498856,14.1915655
93.395454,63.41434,-114.133125
29.06211,-31.264639,106.55616
-132.37529,75.66798,118.405396
52.35337,141.24715,-28.155134
351.5453,-139.25233,67.86373
157.91603,-247.50575,105.49544
-258.57895,87.22555,-72.28445
-122.801285,172.1545,-104.928116
97.08434,-65.453445,-15.414503
13.458629,-154.6032,75.788155
-126.882195,-33.101063,69.11946
-143.17148,-94.30063,96.48675
-33.345055,-34.52262,37.953396
84.68388,282.28415,-166.244
204.13953,189.17914,-176.27016
44.10184,-90.81394,-96.427864
-174.61221,-80.90749,24.115507
-153.50177,141.04434,53.45885
-3.5770514,-97.1249,123.61921
-58.15261,-341.75494,36.8625
-124.867874,91.88208,-209.3504
111.887596,110.316055,-71.18406
108.8999,-124.55908,-27.643906
4.6422944,104.11126,-84.49438
56.053734,232.15527,83.99161
64.58174,43.24475,199.03299
-21.126816,-4.33869,38.551804
-21.786743,-39.119213,-98.779106
-32.15647,-263.5873,12.351249
-227.36269,-127.837,1.5262848
-97.29924,203.52007,-27.853743
276.54318,118.175,126.57437
308.27747,-231.60847,104.739395
7.4304557,-183.87349,-118.23186
-83.32414,171.70197,-110.31558
41.173008,186.70999,-77.20544
80.25444,-63.167595,-55.21964
-10.029497,62.185795,97.27127
-293.76993,223.75002,134.1539
-342.51324,-139.73935,114.11742
-19.78096,-48.204937,-149.57918
375.19034,157.5582,-185.1805
380.18396,-199.76338,84.09341
-35.049305,-208.78612,2.723619
-184.8674,-9.503948,28.83288
46.555573,21.755959,105.08264
196.19823,105.225555,-29.536642
-6.672929,243.85886,-148.78894
-81.08907,79.76355,-51.867977
-50.415943,-238.86525,115.30211
-178.4982,-125.92358,-27.08704
-46.568336,6.113349,68.44786
21.429464,-26.291317,158.93674
-107.12537,51.04578,-153.07465
-42.733204,19.302359,-122.356995
96.55696,-56.112297,66.31758
126.08494,-50.54079,66.32718
-35.48184,83.21548,14.143812
-100.75805,326.6914,-25.430405
127.8174,109.18048,-3.1014316
48.900486,-200.83195,-103.30938
-264.02878,14.516776,-137.55807
-115.94157,-12.08208,69.705055
107.19108,-201.21564,91.55416
119.51639,-0.5820537,14.828221
-25.234201,65.63751,96.515175
-232.65614,-140.77705,11.289962
-12.059199,-52.58515,-167.8701
349.85526,177.05501,-141.32054
266.94403,34.048862,13.315394
-185.55916,77.08344,7.8146005
-307.449,170.47673,4.285258
-5.417811,-134.24931,159.11993
120.69095,-164.2416,82.34437
105.1409,-39.823658,-132.49297
127.80718,-90.20919,-116.14205
101.62926,-68.12422,53.18484
-0.6170899,-9.300496,94.222534
16.88473,-17.6406,111.99365
-128.95735,4.6895413,93.207375
-324.0707,97.567345,-105.55755
-12.214492,204.45798,-193.73183
207.44768,128.1179,-25.113287
-33.26062,-48.975227,42.53111
-119.09664,-57.63854,4.7551627
151.81168,-65.80623,146.41718
243.25536,-104.330086,41.82674
77.031235,-205.33786,-129.55128
-204.3125,-100.60524,-27.341288
-364.8591,158.9801,116.21029
-83.40563,123.4582,179.04337
112.693504,157.58847,1.160041
18.789743,149.45145,-66.751595
-91.62647,8.572831,-19.655193
28.075449,-16.49343,-51.95596
273.29034,-44.88916,-3.6945384
185.66064,-85.70865,65.55095
-15.438477,-161.38455,64.895485
-44.352413,-145.33076,-54.465546
-63.70001,-68.25235,-84.052185
-138.27734,89.403824,-62.31308
81.18423,245.27187,-89.91682
242.91635,124.57375,-43.337204
-50.259193,2.521472,-33.9309
-199.85204,-52.903587,8.773408
-134.55823,-108.63614,113.482666
-138.04619,-64.44978,84.101616
-170.34418,-56.328392,3.9069693
20.194557,-104.75276,3.7462368
172.58374,-72.29087,-24.07657
108.897934,-63.978756,-4.218793
73.92866,18.960878,74.170296
34.70527,211.25749,65.116684
139.9062,96.90668,21.602596
139.91061,13.407022,-78.636116
-38.085407,35.154713,-115.106026
-184.03033,-87.749985,-44.576107
-201.59868,-72.937744,62.783573
-32.980965,21.767035,154.58936
122.819275,86.07983,64.23165
112.117325,-45.38851,-2.7685795
-162.39201,23.62943,-92.10908
-61.132137,172.76675,-190.43597
200.05505,-8.635747,-68.89201
-9.940893,57.448994,-12.300954
-34.517216,70.35384,72.33451
-75.98301,-9.777701,90.95696
-219.09903,-12.491018,-13.116509
-15.066703,-165.41107,43.416656
168.62906,-78.96195,-60.440426
164.443,56.594494,-66.711266
42.95254,-14.282157,75.4598
84.31527,-48.62771,46.053207
156.71098,-40.091595,61.922276
-133.696,57.333595,7.8786793
-263.323,70.30128,39.817898
29.224232,-87.92944,38.618687
111.88275,-65.61173,-165.81665
-169.40808,33.85058,-87.828476
-137.20801,122.58174,104.50902
24.505547,72.445595,104.131294
-64.51336,-54.595074,50.17971
12.874356,72.42748,56.34618
176.19402,96.02466,37.715034
139.63864,48.92564,-87.54451
-3.0851803,25.116161,-114.60447
6.024867,-34.78746,-5.479149
32.342632,-13.729713,19.702677
-68.0772,-38.579155,25.881079
-133.95816,-44.697235,74.91296
-105.00485,-70.35818,38.752335
20.816032,-66.71135,-72.33045
122.93104,-6.747608,-62.265087
188.66718,-31.29465,92.3425
120.17384,-36.633236,12.4372835
28.580828,-68.81716,-125.4104
74.23159,-97.489,4.279696
-0.87471145,88.54757,0.69020134
-152.26224,85.47067,-120.21323
-115.44188,-112.45247,-33.38312
66.14534,59.619514,59.60117
71.19546,143.47765,-6.125167
-84.93409,41.309845,-81.947235
-2.3624911,-16.687939,49.92406
187.1823,-136.13054,150.8079
126.33499,-139.15002,4.601997
-11.6858835,-149.95335,37.14819
-62.928127,-22.195648,59.735348
-39.20703,169.50703,-127.57636
41.701,130.72136,-125.10828
35.034092,-3.3615227,-30.178934
-66.708855,-35.04304,15.263394
-157.74712,110.41785,-1.7015746
9.225275,-13.765172,47.48961
129.69962,-214.0299,136.36464
-234.52704,-95.1072,13.987024
-326.01562,-160.23923,-4.9566655
52.36937,-98.35065,59.080906
348.63333,251.95293,1.5996127
271.99298,202.91812,-54.041153
-86.78395,92.98423,-31.714886
-128.20697,86.16292,96.626854
7.451725,16.117464,31.734352
91.4683,-25.3131,-31.561436
103.82897,-69.1551,35.819016
-117.56717,3.949997,-45.259552
-207.13885,-49.198563,-56.38136
58.437572,-150.87674,34.852398
183.2329,-52.160824,37.555523
-6.892077,183.02718,-80.35979
35.976406,177.05168,-50.21138
90.06315,-103.54235,2.3032386
-134.38434,24.600769,-146.67052
-229.21687,172.57095,-119.07055
55.07379,81.80191,3.1834078
284.5915,103.90577,93.84177
13.940179,-17.612116,51.246696
-69.42508,-261.17233,-30.391777
59.81609,-216.51706,86.045845
-92.09611,72.07068,-13.665799
-168.07964,65.83225,-160.0967
78.71416,-71.48944,-76.39864
197.80786,78.63505,-30.564962
-94.72386,101.63371,-29.82083
-129.63039,-197.71852,78.02341
112.76532,-201.9783,145.32909
149.59691,3.9251556,38.057854
3.768085,-31.137024,-14.038682
-157.40498,-54.00794,6.0952396
-223.77895,-49.06765,59.726566
-181.33003,15.997028,75.11341
84.61924,57.97001,63.383247
184.00117,54.707092,86.44566
-110.312035,169.35439,54.673935
-238.74445,101.36787,-38.96476
43.456036,-65.375435,-121.03726
193.62555,1.6853951,4.1668386
34.41404,70.97759,35.56484
46.385796,-119.27336,-96.58295
100.62437,-71.366264,-63.30167
-0.96899724,118.49459,-70.14499
24.500122,-88.94069,-57.172195
69.70008,-143.55869,32.565235
-88.316315,45.96422,27.137314
-104.94711,-13.261857,31.040104
14.434896,-3.7117298,-22.917404
-58.349735,139.3174,-49.224876
-110.76169,3.5068066,-10.0102005
-25.98814,-62.51267,-8.898152
40.55886,72.120605,38.35726
6.8739557,101.26137,0.22253399
-89.03462,34.276802,-28.959944
-1.7367285,-105.56207,-45.72894
188.9344,-42.928535,-77.73834
117.299065,114.9767,-43.741432
87.93228,28.82157,-99.581764
90.96263,-66.50188,-9.127899
-149.46875,0.8257789,141.23508
-195.31528,-7.044911,107.28155
-104.11129,-120.005684,83.8128
-62.678562,0.88589644,113.154976
71.05085,79.2602,132.57278
154.27217,-46.973316,-63.214775
19.663017,-53.112453,-146.51732
-141.69121,44.407745,-12.656496
18.026867,75.89823,-28.435596
161.43808,-31.290752,67.2957
29.132992,69.20851,42.2962
-34.620686,131.98407,-56.23152
-7.2790327,-91.598755,-33.77757
-51.713036,-193.66832,-36.176334
-177.72011,-109.87027,63.52276
48.31435,45.760204,34.708538
247.69865,177.23566,-37.64188
-193.82564,277.25952,-127.31812
-171.15222,0.14103588,-141.51622
225.267,-159.99542,-82.39709
98.51466,97.657936,-50.165806
-71.273605,-52.60394,98.36565
-78.07398,-350.23145,98.41745
-123.45449,-234.70677,27.619192
-161.9653,201.90442,-43.93597
72.12025,302.48712,-62.33957
157.71985,61.056442,-16.098396
-94.658646,-51.202908,39.397617
-66.07522,-78.8033,49.035496
193.0996,-123.54825,53.769497
118.31148,-211.85158,166.57268
-185.83443,-54.022755,63.1482
-63.327343,27.405073,20.88979
97.157074,126.1672,13.136683
119.41755,403.95816,-30.366055
153.74219,227.7692,5.901244
38.37345,-71.67688,-61.026787
-38.921795,-125.02562,75.98151
-89.11277,-83.39642,105.36427
80.35512,-88.23253,-4.346632
25.360266,-139.53679,-3.9020839
-261.70258,-46.006344,-83.569
-88.8292,189.34012,-144.4359
182.26602,246.06055,-134.68877
133.77272,140.48404,-81.13753
-51.589905,152.22331,-16.542278
-58.17411,-17.189268,62.841698
-130.05283,-214.84708,-7.7625537
-161.73569,-172.74855,-53.46479
-16.669634,-165.69028,0.5560652
65.97006,-125.57486,-36.485245
91.21792,-15.5011635,24.577131
17.344435,-3.3729317,30.88848
78.12866,-98.58969,69.65464
18.141718,-69.56455,114.74355
-91.22042,57.6364,-34.925137
125.800446,26.92918,-41.534584
135.12024,44.937664,70.791504
-154.49458,155.33267,45.82813
-177.32857,19.405014,8.420607
59.677036,-65.88564,157.68016
78.07657,107.01495,131.03001
93.71831,6.62656,-27.005215
85.36733,-64.72688,12.857055
-110.03282,131.67749,-40.593338
-133.47234,122.0239,-119.06319
55.41306,180.51477,-35.551945
201.38467,268.39615,123.944595
9.8603525,26.042286,111.36706
-94.50642,-170.50233,-87.321686
-130.89345,-74.573944,-121.69023
-201.66008,-45.95935,-78.56131
96.2923,-125.44026,-65.05066
205.1262,-93.97128,80.176254
48.49559,-45.982224,107.71957
33.016907,130.03682,-56.701786
76.05901,166.53233,-54.072197
-38.16428,-76.02312,-4.0817966
-204.182,-127.4713,-34.75149
-139.27911,-28.805994,-80.70741
110.57445,12.165373,25.115013
216.65515,-47.58058,124.18126
-117.37914,-174.38985,-101.47022
-212.43614,-210.89513,-124.909775
98.65206,-44.35965,86.651634
117.35153,158.48055,60.195766
-13.675663,200.79543,-65.45713
-92.607735,103.16617,46.40682
-84.53837,55.4271,114.830574
110.26624,25.940691,-80.52484
145.24689,-103.54859,-84.722374
-64.36474,-39.22808,80.41232
-136.24594,152.71808,50.56974
-33.368088,173.75797,-78.034004
81.04142,-108.38983,47.402424
-24.062038,-325.7185,133.46391
-116.15439,-156.98116,-7.541003
192.24835,-44.528458,70.91379
207.02747,35.660843,155.51712
-165.25108,113.397354,-84.1413
-80.86753,58.239307,-167.35767
60.559574,70.284615,14.254932
-124.62635,74.50787,-14.449946
-76.71159,-54.64405,-91.798164
-8.927656,-178.32063,60.41144
-163.80254,-2.61105,120.75932
12.194806,44.492985,-77.403854
275.51474,-227.58365,-159.76996
85.4769,-132.35013,-37.964054
-88.88647,99.90766,-4.0411463
-45.491657,94.391426,-97.48588
-46.301586,73.077835,-51.485107
-34.041832,146.8331,36.57222
-31.427692,165.94974,-28.254547
-97.40589,51.280445,39.572464
-127.71245,44.24426,162.16052
-13.9120455,43.482544,71.89093
218.01616,-147.58499,-48.269947
186.6332,-232.81987,72.05075
-36.110672,-88.61279,64.86478
57.801804,40.682888,-121.2869
109.85621,178.71677,-49.08576
-55.023468,168.38875,50.820946
-112.939964,-9.114115,40.423244
-49.04567,-175.57716,-41.71371
78.76638,-151.37857,-26.201973
140.36104,147.87024,17.99834
100.93417,49.63068,-82.127945
-108.4496,-131.93124,3.9061365
-244.32428,36.01328,95.87801
-26.077677,87.7488,6.179303
216.64738,-43.907116,-31.495152
93.22043,-121.68159,17.446913
-156.5745,34.459503,-18.583189
-20.946796,27.665825,-140.69585
123.67369,20.128729,-95.882576
-17.489416,203.35252,19.531982
-32.714573,132.82881,31.182087
19.251295,-107.26917,60.92935
-32.926437,-147.32321,39.268383
83.188156,-116.846985,-71.91863
132.94104,-250.20937,-33.834442
-120.052826,-40.464558,32.735115
-142.30095,282.7109,-12.739314
-6.0724635,257.26743,2.0178323
-17.91272,60.96759,61.790703
-89.6843,-225.42665,56.071682
-135.72177,-218.284,-21.991285
21.042866,-0.085527554,15.567515
123.30702,56.42737,68.603134
51.134056,26.972456,-49.6758
46.781616,98.0058,-64.1935
-46.635197,106.45711,-19.009254
-110.31,-76.499535,-46.169178
153.8769,-214.35864,-3.1021852
173.20862,-157.12312,73.7468
-151.17682,215.8611,54.34889
-17.50764,235.03464,10.492182
122.078606,-162.51926,-63.211304
-145.08928,-88.197044,-113.902405
-196.92912,192.53186,35.45115
20.821617,176.77367,128.77017
153.51163,-105.77543,143.1256
-40.28758,-260.56335,48.920994
-126.52506,-231.96982,-90.42492
28.323019,-12.239123,-87.92736
64.37624,255.80763,-158.28505
160.02763,156.71307,-87.851326
148.45819,117.60532,107.20689
-175.052,205.1708,132.39165
-256.07764,168.73915,38.893196
25.10065,-11.534627,-39.366142
41.661793,-255.77864,-44.62039
3.0578828,-372.01276,-36.502544
142.05498,-164.16933,2.9521205
101.16474,61.27887,106.89345
46.187508,0.36217147,120.71162
128.9866,73.6011,-66.472626
56.553112,42.8784,-78.15492
-184.30238,5.4893193,44.092678
-132.45992,100.97953,30.547657
67.31617,-32.25883,128.59625
41.99588,-56.272106,191.88863
-52.499084,105.38976,62.416622
22.706099,86.58984,-96.7231
152.91534,-118.89059,-115.81891
8.087098,-78.617134,-49.239254
-113.23367,15.402645,-42.173252
4.906878,-5.664465,116.139565
101.43715,127.9493,179.42163
117.54823,103.36966,-42.012627
75.35172,-132.85115,-153.08684
-32.027706,-141.69173,-121.01812
-175.4314,84.29578,-150.56723
-38.111523,142.10695,-156.59674
177.11182,74.48654,34.95763
8.316817,49.41526,153.18076
-116.263824,3.4549856,33.970196
-101.96527,-158.5443,-29.695261
-131.19243,-293.8659,14.807552
-128.67946,-72.79167,-48.22008
-34.56323,156.06702,-112.456566
131.43204,148.94235,2.0798109
66.84698,168.85365,40.537663
-70.61377,212.26918,-76.711586
10.931159,3.1500251,3.2690687
88.01227,-186.5481,209.29282
-64.63682,12.439409,81.18196
-2.1647353,-123.84361,-17.676292
40.82782,-313.202,46.68851
-287.62747,60.13018,-136.38626
-20.061459,137.83757,-124.96706
357.87167,3.1254568,141.08289
102.4777,157.28574,235.3556
-71.72595,221.0132,162.87663
-37.758095,-2.8638337,102.31445
-152.97952,-139.82385,44.658752
-195.21338,-111.03709,-110.8007
92.39651,-213.67943,-100.04605
269.2455,-194.10822,53.14212
155.5463,41.50408,60.735622
-32.39012,196.79738,-78.76052
-104.94005,34.063705,-121.85968
-122.825134,-81.714745,-10.873684
-128.38904,165.84671,-7.612789
40.361515,190.46979,45.061943
38.358833,-85.45392,97.26659
-97.3475,-123.87873,-108.79565
-38.89452,25.239798,-220.5991
17.133251,-118.67004,-124.897934
46.753353,-127.28842,-10.035397
116.133896,180.9155,52.91485
60.600315,143.86151,43.10746
-138.97957,11.088779,7.0651317
-95.454796,32.843334,-98.31177
195.3806,-41.995342,-205.59567
216.47089,-138.6623,-99.9528
-4.9652777,-14.055329,70.89508
-134.4513,46.829693,83.669846
-40.840595,-144.33426,101.29596
-0.24882777,-76.05386,12.510487
-17.570217,72.59842,-102.51314
154.9196,-81.49228,36.57327
7.411495,-137.4202,117.78112
-299.34924,99.6449,71.341095
-141.59435,212.42485,73.95343
103.4984,92.43631,87.7078
69.310776,-4.1027102,-55.137424
-21.02546,-61.088383,-119.22497
-43.33725,-13.676128,24.056637
-10.260278,-26.26496,66.52308
25.352566,-73.81701,85.0495
-50.989227,18.982674,66.654686
14.662719,-16.405418,43.943195
96.54645,39.330177,-81.18899
21.741325,180.62914,-214.48553
30.685097,74.53043,-74.50339
-55.955875,-61.640144,2.6957386
-87.61239,-13.420245,-21.55823
201.98425,-122.7907,107.00356
199.3715,-318.61014,136.02197
-179.73468,-62.8248,-92.864235
-94.74237,59.62546,-64.973404
122.1338,-18.859528,23.35247
-3.6851313,139.83865,-17.805206
-24.17781,234.18246,42.215042
-39.684444,126.51556,35.278225
-158.68515,-12.611963,40.53378
-119.37447,37.973732,-59.915073
36.492245,-48.176945,-85.89783
54.59549,-159.9013,65.870445
38.191097,18.875944,87.27758
193.835,60.349884,53.6808
275.67798,-141.16704,12.172909
43.641045,-123.32472,-82.50926
-126.15237,146.74774,-127.043
39.641613,170.37077,-19.609413
44.732216,-41.76762,22.513609
-123.111595,-131.34767,-21.0223
-123.324135,-22.39406,4.8541136
-109.42177,-32.847626,16.14716
-134.41176,-119.979034,-43.348003
-84.18903,-6.660455,-100.32087
34.053566,110.94263,-31.015797
155.72958,132.96677,66.63697
216.17331,58.63022,-12.347758
87.29278,-122.60992,-104.86635
-64.41031,-202.48375,53.954803
14.281773,30.559841,112.013245
109.541046,82.00911,17.064777
-25.073421,-95.1641,53.268845
-127.97683,56.91955,-1.9928857
-1.3850051,57.065098,-19.403719
-3.7023685,-51.099243,33.79977
-85.60883,64.24537,65.905136
-59.48002,64.25235,48.822903
37.333015,74.75434,-50.967007
86.52928,118.6916,45.68111
-56.035957,-41.341114,7.546502
-5.9034867,-220.94751,-130.95636
68.816,22.717522,-67.71656
15.983647,273.86063,-27.168287
132.99072,180.06796,25.22988
69.81882,68.9534,48.571674
-280.9347,-86.641136,38.800735
-279.94925,-56.098118,3.3228576
216.02858,30.8566,-44.179184
304.046,-133.7536,0.1901724
-46.422867,-127.20175,1.5661529
-204.09296,104.0517,-51.696266
-89.17126,-22.085781,22.353737
96.74435,-213.96805,59.573895
48.712868,-11.86021,-19.46504
-22.188053,61.521393,-4.7925277
-26.160797,15.717463,15.17559
-50.373463,-79.34489,-9.67713
25.843748,-131.16061,-20.151415
35.24142,38.64915,33.154034
-101.304855,88.91468,31.378378
-46.947895,-37.05155,11.5958395
-26.233486,-104.4152,78.26658
-228.67825,42.49948,16.18697
5.206978,124.084595,-37.799202
430.38403,122.53685,-38.593502
267.66333,87.11913,-55.181328
-189.9506,51.695713,-30.196424
-148.64294,133.10106,14.889344
34.851982,52.146217,26.223
-174.51218,20.579678,-19.241573
-112.74523,22.961605,43.12751
67.36657,-227.71198,68.475716
-86.83589,-387.78958,-5.333069
-90.85938,-150.77876,7.4108257
173.76892,87.23981,54.628014
318.879,60.515465,12.202285
85.66079,147.46455,-49.337437
-113.05674,178.43889,-19.706358
-14.0221615,125.836105,-43.717876
-168.05626,122.51003,10.599992
-353.00613,-52.35066,69.5774
-43.52071,-310.4399,21.076286
166.72955,-347.981,2.8706415
173.71129,-66.89881,-90.12831
292.3143,-3.2568326,-12.166957
118.10221,55.144085,-2.0772738
-143.43811,284.7501,-117.17116
-108.969635,157.75476,-10.196899
18.223236,-49.012283,86.688065
-83.65556,-66.77432,88.22922
-219.16661,-1.4024744,-93.76345
145.49362,-65.18989,-73.91741
233.89713,28.165928,-8.967247
-97.593,217.81227,-93.7049
5.7194767,9.53609,142.64304
114.302956,-112.19474,168.83669
-101.77712,49.159542,-16.915373
-178.50069,61.60059,-26.697725
70.04978,-192.59276,-27.916634
84.64762,-240.65349,-86.0048
-220.78934,56.234905,-68.53361
-140.51733,267.53036,65.727554
236.47372,122.21463,129.3395
194.95547,-118.1159,-14.637371
15.928491,-134.3679,-89.2273
171.41968,-146.87445,98.19659
-1.3727386,14.893217,12.501335
-338.96527,106.68508,-29.960922
-155.07874,-21.20125,120.138176
72.96712,78.3855,72.56185
-136.98636,135.59355,-65.173874
-98.91077,-19.97013,-105.11264
360.0959,-144.08572,49.30534
227.95555,53.63504,-108.85626
-82.63251,131.0402,-116.29407
-12.38136,-96.07126,97.83616
-13.282456,-109.90887,47.420513
-140.51611,63.276165,20.511284
-75.475365,133.33102,-73.112144
202.37791,-112.520035,-62.818146
23.14519,-46.947884,-99.81653
-81.50001,186.91522,-50.8477
231.0468,16.968025,185.18132
2.9405975,86.93052,122.35876
-320.7094,209.22398,-36.236893
-108.75648,-92.77023,13.71784
18.431826,-287.84735,96.99052
-101.33617,-81.290955,-67.89191
63.184235,-37.464252,-95.07454
175.49666,-50.07176,39.503193
-33.58871,127.65867,0.3151817
-112.74409,-4.225648,-104.61688
-11.906654,-219.67682,-26.654085
19.672844,30.384659,90.13463
45.04147,259.9969,27.349789
121.44611,-84.87372,119.42242
-31.769226,-137.33092,78.85788
-124.101234,148.04091,-66.41898
-81.07818,52.665478,-41.77373
97.270386,-107.736206,-34.06585
231.81628,-104.18666,19.095205
-79.215546,-22.105003,-8.682353
-73.568085,6.770314,12.212461
124.72409,-0.6069677,50.067966
41.49181,65.99913,-26.508919
19.486612,195.30879,-26.736
-35.100452,146.01936,-45.41817
-62.172794,13.728249,-75.88413
61.497723,-71.5312,27.990585
18.700304,-163.47037,95.15292
-96.66202,-144.72418,17.546244
-42.762886,-17.593647,-37.020294
-29.111504,132.16423,-50.21165
40.129696,-23.827253,46.38056
-52.94419,-19.82981,-4.193189
-150.2673,184.67659,-195.69868
151.54488,-10.973895,0.038769197
198.85368,-52.531937,119.33947
16.296755,86.94328,-31.394978
-18.922323,-63.30018,-67.772285
-20.32378,-42.98173,-74.258865
-66.57443,247.12724,-104.55047
55.391907,-53.90504,-38.913948
214.3502,-421.3748,101.21695
-68.50459,-76.88451,37.332504
-195.9885,69.24932,66.29186
45.931538,-76.33445,164.17516
30.706722,65.71089,-39.203754
-141.9655,150.12033,-130.7147
41.565952,95.87674,-21.247778
276.14508,137.68954,61.942833
20.386772,-41.7299,82.49113
-183.37222,-164.71391,135.09926
-152.6773,-34.934505,110.91467
-89.72543,-93.20543,-48.462425
98.20344,-137.47548,-128.53668
141.19035,-95.04693,-146.84045
52.311195,48.18339,-93.5388
82.14,275.00323,28.268929
54.827213,246.02657,130.36243
-79.935684,-47.753296,178.28654
-132.42406,-243.56004,146.93976
-242.79414,-73.893364,-57.60823
-175.82433,-55.601,-154.43585
17.47077,-116.66708,-65.97031
33.6248,100.853096,-39.88762
245.57877,-8.162367,80.03702
248.11784,-65.30738,84.99694
-82.30573,206.01108,-39.64235
-101.99341,115.93941,25.166128
1.1839522,41.5083,15.416053
57.72757,145.10086,-107.23805
65.43894,-0.41887012,-10.817922
-32.65861,-68.28632,10.045948
-13.151955,-53.22325,-36.18582
-69.460594,-139.76108,27.418646
-131.70534,12.037308,-71.46313
31.51156,168.98907,-162.38046
94.529564,-17.62635,-116.854324
67.34365,-46.667213,-24.136879
128.76634,40.814163,-18.315853
131.30966,-91.6536,22.076447
-117.59785,48.58952,63.6792
-152.12456,50.827023,100.09377
9.103054,-272.12408,113.87205
-198.83781,-54.956215,-130.72324
-253.80557,163.09157,-113.09433
-3.8635721,-89.898285,57.09212
101.567184,-154.69785,1.3056703
182.053,-23.199238,34.661026
176.51755,99.36161,108.17253
-2.994673,269.75412,38.25647
-21.642118,40.277027,43.899467
-41.37092,-283.98065,73.184
-196.97658,-63.162014,21.122831
-217.19115,141.81723,-21.636644
-44.102913,21.026196,-33.910084
149.48668,-47.956886,84.9915
45.615433,-0.19155025,-40.471966
-38.639076,-29.155266,-124.23828
103.58721,107.3049,-13.33256
89.37603,154.31087,-46.742626
-46.61389,-22.266453,13.442177
-126.73918,52.00882,33.375675
-163.44475,135.4606,29.896797
-87.6425,91.57814,-33.45366
113.32617,-91.41524,-50.24431
210.30377,-172.03232,8.581778
124.813484,13.507879,-70.914505
-107.45607,128.80623,-22.171957
-168.92911,35.97085,63.92717
128.51099,-85.97415,98.74619
207.8881,-67.26971,125.73071
-102.578186,24.76192,-51.985657
-121.08745,102.52614,-196.1031
117.2865,-14.347809,-69.62822
-60.129463,-79.051346,-72.575066
-169.82475,-51.924263,-60.239067
26.918186,3.6026154,81.196236
186.80598,-41.960503,132.18501
268.67465,-221.75525,237.96216
-14.065899,-64.594055,76.43027
-273.57382,156.2674,-154.0983
-126.0063,188.9284,-63.00185
33.16016,39.358395,-59.668243
-113.56152,-0.7322316,-118.82899
-182.94115,-70.57714,96.6644
-63.383495,9.295924,136.3787
104.692856,288.0021,29.83885
268.5681,-225.48122,172.49162
82.632034,-301.65973,-28.936478
-2.7810924,162.53397,-319.03574
-188.50436,76.9021,-254.1918
-252.91342,-25.638433,-16.098312
305.79797,-89.754295,173.61745
274.53223,-71.820305,93.84517
-166.61665,-22.36887,72.91579
-171.8549,257.66296,63.6489
82.88113,170.74348,21.4515
189.3796,-379.8871,-58.355793
-123.448555,-88.954445,-143.45201
-272.23627,363.50107,-48.613735
156.94647,129.10335,60.22426
284.6133,-402.7308,198.92274
-202.57115,-359.83298,124.70129
-174.20012,237.73225,-22.310688
265.4143,335.99075,-5.3722796
227.25153,-7.734606,-86.16228
23.86541,-10.078078,-109.110664
-91.121284,255.81094,29.953545
-237.27182,63.387676,150.94673
-99.00684,-87.39701,-4.2166185
183.13976,-139.424,-67.31957
-41.672806,-385.2621,-14.425832
-170.42714,-163.28038,-200.28476
194.79205,101.455605,-121.63794
181.70499,43.111366,69.144066
79.176056,88.3977,128.49323
178.151,281.47528,103.08676
-48.239452,278.55295,-27.126583
-223.2924,-16.628822,-10.207893
-22.741426,-358.3711,46.40303
114.089745,-343.28845,-5.64916
-20.425493,-36.93814,-4.5596337
-134.67487,97.75997,-8.1814995
9.36131,106.34559,-104.81992
160.60353,69.988045,17.164846
-37.666256,24.037457,54.68546
-165.06438,-54.68946,-37.46535
-13.473339,-49.95973,-17.73897
102.17028,-109.63251,14.395198
198.9671,-145.1438,95.616104
43.594864,124.34546,-17.65733
-248.2895,183.7964,3.5950882
-143.03754,112.135376,183.25468
134.47363,33.286774,140.09866
34.409348,-88.089134,-15.8265
-138.65334,-36.790813,-84.972725
-6.2023287,45.745476,-53.645397
47.760017,7.428211,-135.5919
11.8680725,-81.61046,-18.849083
34.53115,46.982044,133.25812
-28.94937,245.14597,-12.0039215
-41.323067,160.04794,-60.602623
164.23373,-92.085434,39.22886
176.1763,-252.76862,28.986324
-175.35822,-112.597374,-122.77809
-230.75012,160.24855,-80.31266
167.76308,49.835228,105.57193
309.42178,-125.91858,113.23645
-80.07766,-71.29235,-16.2941
-238.17815,-71.812096,-75.38469
-79.2677,111.91826,-80.68031
1.0986001,176.78278,-146.01273
62.271942,-106.926735,23.098217
-61.874275,-119.07494,151.7437
-116.17234,88.35391,10.081859
43.153576,110.52827,-22.40133
248.30305,-78.192535,54.201828
133.58939,-91.439,-67.4837
-243.99286,5.6635976,-303.1437
-115.963486,-66.90806,-72.786606
170.62054,-25.001686,172.21106
77.60377,37.148968,58.57049
-91.710724,111.07984,49.744606
-12.431953,217.67947,93.797325
61.92545,25.86765,116.36297
-127.06128,-335.11102,62.52996
-179.32117,-251.08347,-100.04785
32.23371,196.47496,-171.29729
125.125496,290.78085,-132.89264
125.72946,-46.118324,-29.851292
92.05975,-343.1469,180.26784
-263.96313,-19.151913,209.81625
-199.33194,219.57745,80.5483
302.63666,-166.80965,85.388336
84.65226,-239.97673,11.3783045
-278.45517,20.536915,-158.63182
-173.34294,142.65356,-140.77934
49.369125,264.86276,66.14295
133.16306,203.57259,82.37324
34.983833,-115.730804,-57.851627
140.13783,-186.55995,55.898777
-69.07101,-6.0875306,-112.112114
-278.55536,71.88904,-407.94162
90.03055,-206.05669,90.00744
-39.79547,52.779198,204.44987
0.3788197,366.12866,-87.8066
184.43715,-105.894035,189.02023
-5.795294,195.63258,136.10313
236.65425,104.26876,-47.083504
84.67104,-435.02063,-66.08661
-198.28082,47.268166,-152.91248
-28.96086,190.76482,-79.5564
12.662263,-85.12213,46.548088
-17.469429,-123.81608,63.00898
14.165834,47.874184,-24.215063
42.660973,8.111712,-7.069212
18.978859,-93.1331,-3.1628375
148.71922,62.47606,-52.529686
182.38193,1.8024477,30.006138
-61.673252,150.49413,63.60594
-64.94759,226.83798,-54.506218
130.7585,-249.90807,-25.350067
-53.608887,-318.6789,38.53572
-205.70338,-72.33374,-96.592995
6.8307924,121.08793,-139.3255
1.2480594,253.57585,35.06194
-226.79672,8.044307,74.09275
-66.78482,-199.92972,116.01419
69.04425,-77.994385,182.81918
-104.32344,279.94348,-138.56834
312.8575,-17.643528,16.411974
277.6515,-335.40167,138.5817
-183.93358,92.68968,-225.8149
-46.607506,-100.22217,-41.91246
-137.81088,62.92514,16.031105
-1.2032765,411.50232,-22.356531
181.56087,-116.29333,51.21293
-27.98077,-96.53254,-28.041458
-96.97797,254.77196,-25.635973
-66.06636,-11.397392,76.23104
3.0701947,-221.54817,215.77103
-5.15273,143.46878,26.278193
-139.33041,128.33693,-96.67822
-176.25493,-222.86292,-1.9823396
54.095104,-119.9269,-8.26475
97.529945,-144.4665,-24.278582
7.3511205,-178.14354,31.792736
8.719047,248.79555,111.64686
-19.804148,316.91388,15.657095
-13.879961,-94.60221,32.04467
-73.04052,-198.75105,91.240685
56.156155,21.092182,-47.25787
179.66289,128.69379,-105.06151
-77.30411,-42.88539,-95.72421
-78.782295,-80.23543,-36.213753
233.7049,3.492595,32.538986
-78.82936,-39.558334,-58.324642
-252.6671,-23.371832,-52.932777
315.8947,62.05325,77.07964
238.44781,49.267433,-6.360383
-167.1803,-156.70305,-3.2273514
-197.36644,-15.761494,21.13044
-180.53773,126.90975,-87.86967
-108.386566,-23.434948,-20.252865
3.4244752,295.77283,-99.93742
203.11765,344.50598,-100.69196
15.151996,-186.47726,81.12369
-117.081566,-365.81113,90.074295
258.04535,-113.50601,80.64025
191.12488,88.05129,4.3114276
-97.339,126.43853,-99.205574
-47.279278,41.73634,-10.373914
-59.631535,-8.179567,98.26391
-96.86863,16.216549,36.62031
85.85128,-60.403316,-12.134366
137.94539,254.66252,-157.9379
87.4218,97.18458,18.26886
-144.3254,-375.56033,141.6726
-127.30357,-130.44902,-75.59372
42.496212,-112.05985,153.28899
-307.56628,-10.3181505,31.80188
-29.827768,133.20135,-108.626686
158.84595,125.28103,-19.763126
-92.93587,67.9144,-172.54324
182.41524,-137.83621,-4.6595573
156.05722,6.7098618,198.24866
-43.91922,49.133934,130.89049
-149.41885,-74.17525,-25.127304
-215.30666,-74.74584,-86.31765
68.70435,47.454243,-143.8766
178.13701,-141.71059,-22.341286
-118.78346,-206.91628,26.270018
108.56244,230.3996,5.0052233
217.05293,196.1226,113.2669
-172.96606,42.794266,-84.02687
74.47533,55.44049,-78.060104
89.620865,-46.222984,-15.016781
-150.38727,-63.143322,-18.207443
54.2299,60.050728,170.12125
65.66323,-2.4378138,177.25446
-116.11869,-236.69173,-8.800626
-14.235924,-259.54193,-139.79979
89.571495,97.46661,-171.22418
-76.230545,414.58752,-200.08908
-165.55232,116.49003,7.5220284
-140.98582,234.79265,150.76591
217.55151,208.2821,396.12952
213.729,-463.76584,372.51947
47.7886,-309.31638,-192.1636
266.59238,-64.55542,-38.203938
-168.55261,47.35535,-101.17649
-149.91356,11.641208,-339.13647
42.321552,-115.650345,66.23505
-419.8959,381.43698,110.864746
-88.37895,389.9172,-18.098616
247.4376,2.6520338,-85.75437
36.04423,-64.13085,-42.02515
-71.72691,-160.18062,41.854366
-95.72297,-355.9233,-17.226963
184.13937,-196.99326,36.749596
262.02353,137.28505,78.37467
-153.97816,-19.417938,-53.413746
-44.287663,-61.405144,-36.397423
134.90935,162.89174,81.277435
-210.43735,94.30902,-74.39659
102.99808,8.658537,-47.614273
353.63193,76.60974,78.711945
-87.41162,-12.891659,68.35747
-138.31117,5.954811,68.513145
-6.3522305,38.570312,48.034206
-198.29633,-37.851418,0.17753416
-318.53705,-38.986404,-9.152519
-71.1026,-170.24571,91.07863
141.75505,88.97768,-25.247086
192.26923,210.22403,-35.96327
100.76447,2.5798943,-18.105701
64.59147,145.34962,-118.01913
47.333443,4.0955386,5.936956
-91.35458,-146.02757,32.289692
166.28845,81.648415,104.18114
140.73569,51.369576,206.95937
-272.0544,-198.4722,108.19853
-56.273125,-203.57571,-26.602945
170.62675,-101.993835,-110.63341
-108.3395,-23.06479,-77.78322
-68.39029,55.37301,0.5832144
220.31253,90.26611,1.2077262
-7.35388,163.84062,31.869877
-279.6675,182.79128,43.740097
-44.082165,40.50752,-40.805138
34.347454,-15.604825,-102.002
-151.46367,113.92252,-110.438995
27.179506,-37.705048,-13.604901
123.85784,-250.1274,41.04179
-145.72673,-228.67691,59.20434
-190.82916,-112.5945,49.890152
219.621,177.00124,-30.222134
379.74414,259.40994,-114.310555
-150.18355,53.707157,-169.22928
-333.9503,-17.600573,-89.620804
3.1889555,-47.75838,-18.27549
51.48882,-130.73434,23.753227
2.5768402,-108.37002,160.31201
22.4219,8.929624,186.25883
-28.420061,55.46389,-0.5623615
100.49148,-98.94523,-72.64266
283.86288,-71.34933,-131.76279
172.83362,4.80149,-140.43916
-155.38277,14.448739,-3.6297288
-225.49149,51.981236,59.94683
-10.06271,-133.79218,162.017
-99.81512,-137.18929,142.65912
-212.57703,38.823025,35.63261
47.960243,245.50388,-26.811243
132.2372,225.26286,-60.588215
-43.439804,-3.4840086,-126.80841
90.21488,-141.67831,-30.374813
191.44424,-257.64258,122.94692
87.9067,-169.53207,28.318642
174.73132,-76.88914,37.137226
210.50601,16.097803,-6.694599
8.60001,31.675081,-61.229393
-352.76123,66.405495,-92.724815
-199.18474,207.47136,-84.71612
169.77097,88.124725,58.8621
-151.7845,-6.34138,23.579319
-261.39816,0.008488806,117.73273
160.50998,-167.84396,286.94373
91.2073,-229.92204,49.142845
-145.45316,46.09638,-180.23639
142.72112,114.76655,-30.717667
266.8035,29.975414,-67.10978
54.916405,90.407104,-97.98862
-40.942112,76.74624,81.831856
37.179504,63.24539,132.27899
-83.59749,-3.2444491,26.24621
-151.7226,-95.26313,-241.30434
278.9027,-131.82295,-114.109726
145.61432,28.445711,50.4773
-287.0636,174.87534,-43.805027
-106.43727,20.06938,70.39982
45.081856,-9.046324,81.31325
-13.962692,-72.9959,-81.14096
5.514824,-180.14232,-142.21149
-9.276399,-30.715694,2.762007
-150.21622,37.815437,67.56555
-140.25594,44.107925,-20.05452
25.075153,133.3383,21.187412
51.26697,92.38599,69.11713
-124.62458,-50.01506,-60.884834
-147.5384,-59.612507,-103.78564
-6.114399,-56.558743,69.86385
-47.380188,79.561386,18.382235
132.9254,155.65883,-45.572575
279.4493,-105.06569,42.376602
-25.37031,-14.744765,-74.99777
-137.63667,267.94177,-124.65991
100.23543,90.473434,-19.71394
155.34064,-348.93066,142.97955
-221.66063,-248.62492,136.37515
-219.26878,148.38728,-8.135841
223.84207,52.768677,52.823536
164.23772,-6.9338717,-30.866766
-104.48499,-17.147175,-86.31298
-121.37965,-45.228893,60.822838
-0.35781887,78.65274,114.893105
127.718,49.836575,22.619307
152.28836,7.279407,-135.2797
68.908936,1.9107138,-159.49318
182.92845,-85.9939,-176.24928
312.48785,-130.1704,-96.906845
10.439824,-96.382645,148.27626
-189.78056,-17.794079,270.76804
-169.17842,170.67387,141.5327
-184.94833,120.09663,-57.17312
-90.35955,-130.99402,-151.84471
-34.623688,-33.496338,-167.4836
-22.066137,217.08665,-86.177475
290.78815,69.83312,111.460915
279.02267,-121.26107,230.88293
-298.16797,-17.536045,83.1213
-248.73392,-222.082,16.716387
21.26923,-236.1618,-38.84248
-81.14458,134.46194,-148.78094
11.210969,100.10681,-15.5837755
-54.93072,-4.7142344,111.154785
-353.02042,112.295425,96.670006
-54.400806,201.21655,9.943812
415.99417,-28.902754,-10.987531
85.72741,-206.38036,-54.351006
-163.8118,-12.257629,-120.98912
39.456123,82.97072,-55.96802
47.558147,65.842255,-43.883846
47.99984,57.37876,-28.25425
63.295403,26.246117,34.717213
10.86904,-137.79422,169.66388
-139.09323,-82.672356,163.42616
-201.58856,223.98207,-90.23004
-13.801628,91.06432,-145.77164
176.91083,-57.4922,-138.89368
207.44424,42.28365,-137.61064
155.63533,76.888084,-38.26171
174.17303,-3.9088843,101.56731
-0.62994725,-35.166954,184.67212
-70.512665,-27.684004,94.18895
36.709633,-217.51945,25.07257
-96.337845,-256.65204,-43.18503
-139.224,-160.16151,-24.561226
-41.561005,-9.422923,47.832447
-46.93758,232.40915,11.951203
-133.2104,319.70532,-48.049114
168.57149,94.87058,-14.674924
349.62073,-67.70392,16.2167
-128.37537,91.13324,-38.624676
-297.00858,91.26763,-20.07815
63.16286,-123.552376,23.151756
164.47037,-354.1664,146.21199
-134.93242,-268.47476,95.52995
-74.04143,-14.002231,2.9861102
147.82858,79.824974,91.64926
-25.809631,147.44458,-60.999996
-193.4929,192.3866,-144.74023
-71.795616,121.265526,-59.178978
75.65267,116.37986,-122.871216
88.628784,233.78908,-54.525852
38.232666,10.348894,96.81418
-17.776896,-270.52765,127.723175
-17.73867,-293.38596,120.13388
-194.44551,-123.258675,-47.705482
-59.077896,-68.89493,-150.85536
303.48334,-97.44605,-211.4973
122.839134,60.18053,-88.811356
-62.307133,149.75322,193.06566
111.91954,237.87405,95.34684
116.24943,145.10059,51.611843
-67.20749,8.783792,-56.291256
-86.99571,-157.59471,-221.8419
-196.84134,-264.85953,-178.00903
25.55738,-165.99527,-17.07626
288.29395,24.693054,279.02795
-41.712273,383.50977,173.68141
-98.418884,186.49834,-15.079583
47.76074,-112.94384,-101.17453
158.50673,-47.344875,-278.32846
127.92346,-75.09261,-148.78241
-199.3466,20.925278,109.25986
-119.10626,63.078148,276.7934
166.19662,-1.3019376,204.20157
-8.8536,-14.466336,-114.37099
-272.8602,-21.067533,-162.92625
-312.91315,131.58104,-148.46597
-159.7017,125.58953,-93.89542
182.3361,-213.0232,305.76144
195.97763,-293.6661,369.56183
-191.86092,-27.018768,1.8410858
-55.529133,160.60161,-346.77542
455.49716,3.7662938,-344.90463
249.02892,-11.970378,-96.25428
-185.18272,314.38388,74.06026
-294.9969,251.12555,338.2564
-267.66083,-4.8438096,335.93182
60.04785,-214.90677,66.588264
126.71789,-488.92987,-52.63249
-21.3717,-282.40875,-108.88838
140.47264,231.54735,-66.20958
146.32079,407.20627,-43.129658
31.919283,292.43045,-23.91266
-112.520584,55.14173,50.536648
-286.8256,-43.84149,-144.25458
-36.188217,6.7773824,-169.6436
286.1067,-61.90453,-8.311124
264.49695,-187.56508,-18.391792
-50.22548,-289.3782,115.786964
-161.9153,-237.04742,37.315716
85.83936,-53.605175,-34.878914
-9.0116005,145.40398,37.094135
-190.46257,159.59605,-5.1871247
-174.6216,12.341922,64.46727
-59.149467,0.84642404,45.045578
51.61442,-39.34922,32.22737
85.91582,-113.75786,12.783953
146.08516,35.1703,52.27257
-23.971752,258.04272,110.828835
-13.941157,163.13028,105.43608
-15.738887,62.88347,133.32178
-212.78119,36.20018,-23.853676
44.653793,-207.10915,-86.48264
224.3284,-143.1107,33.67039
129.12698,106.65219,94.01546
43.164627,50.42191,-9.485896
-119.6362,-1.595138,-89.52258
-198.07895,217.66614,-178.87064
23.421783,200.4312,-238.29651
278.24326,-150.34392,-111.78222
69.39404,-232.31366,-38.833614
-195.34592,-113.269226,94.210045
-132.94997,4.2407374,29.097122
89.23597,-48.766235,-151.88965
163.46175,-214.85512,-75.33496
-95.60842,14.845261,-9.062455
-189.52931,227.97708,-35.36588
62.309883,90.048645,-10.71379
79.21567,43.44611,51.06412
-133.7234,-41.093746,-1.0200388
-156.26353,64.177414,-101.73335
-64.20419,256.20367,28.915339
118.673485,32.154057,175.76392
110.70386,-277.5178,-62.954266
63.828392,-317.63266,-78.64008
9.537134,-202.4315,43.671726
-80.31447,-189.80653,-10.6677475
249.76544,238.67307,-37.215
278.62128,310.71017,118.196205
-132.04785,55.783012,397.046
-504.24905,339.0079,-117.36248
-115.47901,34.62802,-309.22046
492.78665,-268.7758,54.40119
360.4148,-278.225,111.07563
-92.977104,-167.83118,278.78036
-622.7688,231.49837,-0.604408
-60.93329,-30.373484,16.614298
403.53796,-116.368835,4.79612
14.66037,217.13622,-320.79596
-72.08666,92.0428,155.4381
-109.35508,127.28376,199.6898
251.28896,161.22177,48.122444
169.10454,-244.55347,208.15193
-197.61494,-341.07202,-159.00282
82.49161,68.66946,-388.9343
84.04766,342.97717,-186.62218
-229.89528,223.50308,143.39497
-229.8593,72.499466,133.65472
-22.449974,-149.13112,-114.51177
41.105564,-131.97903,11.545417
67.23044,-72.652374,-65.33787
19.012129,-219.75658,-239.95555
-31.108305,108.25449,-53.147728
46.872143,148.27716,251.20215
-102.222916,63.90056,241.3861
-256.80493,148.15346,-69.518105
-100.05378,6.2481775,-81.455124
147.22006,22.794157,-89.36679
239.81761,-82.70048,-27.61351
-37.530884,-184.13911,73.14763
34.53167,-347.9654,75.98184
358.954,9.974675,150.09201
172.11935,810.9479,-61.587227
-47.44274,293.18762,50.03052
-441.49774,-287.84164,49.75468
-224.07594,-79.819244,-210.93051
383.44476,-200.9558,221.68932
73.766426,-57.728207,209.80313
19.584024,-176.63028,-121.09771
-2.698424,-337.23456,113.89147
-290.08572,287.69168,133.494
-183.02533,400.71613,-18.963308
-57.000294,220.00905,-138.97281
257.56137,-265.45465,6.8672595
294.06616,-505.41263,208.90364
-61.274605,70.538315,-173.18687
-53.301853,85.8247,-165.96182
91.929276,-42.968605,115.61436
-19.886456,2.21778,-38.275414
-244.50342,108.175545,-62.03536
-246.12088,60.047108,65.421265
65.41196,-94.3118,61.373737
379.17255,-56.554943,-1.1456019
-45.055878,-196.94063,-48.55171
-446.9253,-14.159165,-127.297035
54.36931,230.12851,5.307938
314.7416,401.04437,35.93629
167.74504,136.6279,13.167221
-110.61688,-340.48438,69.89723
-240.82478,-147.24516,-87.86269
35.26751,-224.27618,12.234712
103.52137,-100.70103,-82.64436
81.44875,255.75659,-140.90952
-108.54404,252.17914,103.78372
-216.25322,148.07886,69.39775
117.53125,-91.99704,43.97402
204.03705,7.140091,-117.31006
207.55977,-111.59624,-125.87066
177.63571,-243.20503,-69.666435
-158.85811,94.373474,-158.70128
-298.25082,126.504524,34.438274
-177.06155,-9.995524,216.84894
-154.07214,68.407364,151.45908
-104.288635,77.52236,-35.147156
169.21518,-220.18141,-52.087418
327.94855,-264.9658,-54.957066
147.65065,-91.3715,-3.743006
-248.58392,5.8293147,77.118065
-224.20857,233.25256,100.03075
155.54599,459.3031,199.52638
71.436005,219.19147,51.636604
-61.24079,-321.04776,-186.67963
42.66701,-471.47488,-177.54036
80.82678,-304.11295,-15.458687
38.972633,10.763489,-10.807882
46.222504,72.29479,88.36197
-32.612354,279.9523,128.81839
-323.30228,351.3988,111.97593
-463.72614,34.44958,-33.366688
143.98083,-30.202574,-264.78787
599.9456,-439.425,138.42583
-18.178452,-182.7297,-76.94025
-15.434825,89.34634,-127.79642
-3.9887323,-57.614063,366.5507
-241.41231,346.242,-118.7238
375.1195,84.08963,-255.67021
-20.334536,85.99522,-42.997963
-273.52606,213.6274,-79.59129
347.22943,-427.88174,113.2159
39.020313,-361.22476,184.85045
-16.789782,280.869,63.221497
74.90407,263.60745,-24.130547
-307.88458,-76.175644,-154.71947
-10.033309,68.437386,-73.781624
76.14994,140.37453,81.213455
-100.0826,-17.766136,0.83937776
341.72382,-327.6328,169.92508
119.59227,-452.6867,15.019046
-116.6888,-33.120125,-159.68788
127.65974,322.307,-42.460075
-106.6597,367.62308,-212.89864
-192.91844,-136.2612,177.66345
-233.08507,-105.68973,119.41297
153.1843,140.65186,-68.88852
329.12726,-119.87429,337.3364
-326.10056,56.91923,-153.16917
-164.18625,-235.09663,-192.54633
2.2326505,-119.735405,106.631615
192.86023,340.95,-95.04303
447.37915,-82.39889,-32.29661
-262.444,-93.64688,-42.266743
-230.3754,158.88582,-22.02535
144.37018,49.527943,41.891865
-219.24643,11.646054,-15.469281
-29.06551,236.90117,-106.50524
258.2656,-10.894236,13.683618
-129.63773,-237.91812,-18.448622
-189.18478,-17.368893,-11.02907
-221.34799,-94.98985,66.61307
-5.083443,32.53234,-111.40356
478.8847,49.743843,125.72825
-121.444954,-144.68765,24.877266
-155.06216,103.83271,-83.484375
423.80405,135.66418,181.93192
88.004776,-88.90203,48.051125
-145.01373,-68.101814,-42.191444
-78.889755,-134.34744,-93.62337
-158.81587,41.77511,-155.11928
17.088322,243.99095,6.6825414
126.524506,-43.503197,90.469055
-95.15343,-131.16563,3.2345402
26.202639,15.707279,102.28988
148.74358,120.70202,-19.015852
211.61948,-212.20058,-130.81708
-68.48053,-345.19147,24.599194
-394.3003,112.24195,-24.456003
68.126205,49.191837,120.30826
89.20166,62.40232,179.27168
-79.08587,251.59846,82.97531
-102.38705,51.51542,67.45862
-284.05505,-25.734251,-58.614285
-64.57419,-128.88316,-142.90387
232.79028,-171.8145,-63.011433
322.71408,29.555443,26.954937
130.55063,99.66681,19.939539
-110.47188,155.32988,19.107267
49.157574,190.0653,-25.68875
164.80869,-85.01762,26.762403
-96.84526,-108.73133,-51.017242
-104.24427,126.67544,-14.489495
-10.471219,115.18886,72.11607
-54.05879,-36.186775,-104.0843
-29.798397,-203.40701,54.7551
-145.15588,122.77575,-52.394276
166.47328,193.4909,-130.05815
384.40585,-56.660698,67.63922
-12.820433,37.660194,-61.160473
-145.17868,-237.0027,44.396885
-160.83997,-126.42413,18.993382
-76.62737,85.216545,-39.109375
-154.54364,24.618752,49.616127
-268.02872,105.76455,-109.01519
54.913994,-83.85851,-7.557278
55.71743,-42.143257,29.106926
-40.53647,-119.78755,-32.41275
75.29174,-133.69247,38.530514
42.553764,25.11352,-86.49149
-91.21062,52.447147,-37.793667
-89.39827,269.90268,123.84277
-46.81928,140.61473,33.578056
141.09476,-85.14743,-49.499702
107.49226,-272.1402,72.769714
-373.27338,-163.50511,-44.23851
40.592297,142.0855,-160.38321
441.54788,-233.06598,114.53185
-65.07323,-307.10736,73.93333
-112.09845,70.082565,-16.109346
4.0440316,190.4107,61.97966
-108.417725,346.6182,-60.391243
122.72735,102.74641,60.355656
103.880196,-103.715996,142.82806
-176.96777,113.67633,13.944097
-83.2373,-26.678633,69.20185
-3.0445395,-142.98402,-35.18311
198.76906,-182.22946,14.1235075
172.45409,35.189182,47.710854
48.9748,158.64938,-93.63868
155.33257,-171.087,168.46217
-243.16988,23.843637,76.01456
-289.86887,167.41153,-80.21378
136.64012,347.02216,-2.3426719
136.98026,305.05142,-26.243954
-45.61032,-200.19037,67.68761
-44.679688,-174.73909,-59.739933
47.616165,-139.26672,-88.806694
113.90312,-76.28777,6.8787413
-28.64053,-32.52228,-65.16055
-143.19371,-174.5707,-87.97512
-42.645027,-211.8473,52.17998
-280.64438,124.03397,45.313404
48.10201,400.90253,-106.67219
521.57526,161.88547,-31.789974
58.43098,86.249985,-67.787476
-58.17208,-168.32738,-1.1220232
-31.260767,-179.5622,14.296487
-37.767574,-51.56886,-59.345062
4.2431073,-277.17197,149.11554
-297.11288,-60.492493,6.119964
-100.39047,185.28235,-78.95049
143.26335,310.60657,-34.241283
202.79439,106.75956,-127.11626
260.52756,-116.42189,-44.722923
-93.686035,85.43999,-107.387054
-52.298725,63.64347,-40.040806
79.35098,-18.112564,130.74115
-211.32527,14.218271,92.63341
-94.76932,-54.198093,102.56976
73.49435,-283.2516,5.4763565
-73.019104,-80.21522,-197.87965
31.286531,201.85773,-106.46868
174.42223,-95.67745,15.970549
0.87759626,-111.84445,20.719713
-279.8826,61.57342,180.38681
-199.298,46.763847,166.26535
230.45103,9.384497,91.37821
230.5711,-153.58473,24.253223
-20.478407,-184.73015,-82.33456
-24.719946,-17.699963,43.972103
-45.350914,34.303936,64.161705
-29.51137,-69.7508,88.517815
15.08855,39.103615,130.79803
-80.18699,297.95328,-11.24849
-150.83784,124.61185,-78.47529
22.539345,-100.13171,-192.00099
236.38354,-182.52217,-114.90733
-112.72412,-59.729588,-30.539156
-120.25868,361.35962,-108.29787
416.12592,-18.156925,239.11526
-17.764557,-234.33807,185.50932
-339.4867,138.71794,-92.4176
-171.03833,123.5468,-71.04689
-43.410503,242.92657,-237.95944
286.2246,-104.99703,125.498474
-51.99034,-298.98926,178.21059
88.66539,-138.96724,-170.4587
401.1613,-194.96162,52.374027
-79.765884,350.74933,-29.42566
24.92445,293.7954,-89.8016
-22.77436,-113.857895,31.694887
-282.98764,201.13744,-31.814037
-73.306206,140.5,124.33987
34.471737,-262.34152,80.49332
189.56517,-248.7799,12.829341
80.56511,-30.906055,169.63484
-120.93139,-25.576035,-42.12399
150.79951,-76.436516,-37.085167
14.501299,28.141577,-14.95476
-181.67844,60.590984,-269.92
122.833755,46.427597,-92.23136
67.5918,218.93678,130.56133
-129.66716,207.63567,282.02502
-116.877815,-199.7549,164.55022
-57.87155,-423.24405,-97.31358
-183.98997,7.895666,-26.279963
-242.61145,356.3247,-167.97401
324.96896,-127.418846,-240.874
315.88696,-325.4276,144.88545
-371.35,201.396,227.92749
-170.06033,285.16785,21.314453
340.9157,100.72765,-58.329212
196.43823,-109.53347,-87.455055
-291.03024,-387.81116,-119.494255
-364.8035,-24.109442,-193.49684
75.112206,276.22507,30.525059
296.26965,0.28902727,158.4229
191.76483,-92.97693,6.6463776
-33.36701,43.455147,-30.360252
-73.28935,127.35259,-126.031395
-44.728348,10.29765,-69.84761
91.19215,-199.95047,10.808454
174.06906,-89.389206,53.890457
-223.21442,146.1265,120.16576
-152.82541,117.4239,86.8252
135.78543,21.931475,112.41663
102.392815,163.86159,-41.14946
58.273575,232.06003,-149.9944
-67.418274,-150.05884,-31.873653
14.938438,-197.78741,-24.882568
61.53598,1.0310805,165.52103
-166.78358,53.13853,187.22456
-268.58716,299.52054,-60.076385
-49.436928,85.140175,33.708508
196.94,-351.57266,38.98201
222.40164,-203.83241,-67.90948
212.86287,148.29222,-118.167274
232.2637,80.10048,-49.088287
-12.716632,-85.773186,85.99219
-427.22058,-36.532223,26.984615
-478.89618,-105.25836,38.825813
-189.7478,-45.931908,-39.61831
69.19744,123.00318,-129.63783
304.1278,18.202333,-10.605611
380.86533,-142.38268,80.10305
142.17084,0.27409992,48.699425
-19.5846,159.73009,3.2092547
-201.70532,11.599879,83.69733
-318.85535,-149.52496,101.47418
-205.34639,-73.53757,-74.83665
-79.371506,-97.82876,-134.74475
153.87267,-316.8572,-55.763752
311.6924,-74.0548,-33.45644
496.56122,368.59045,34.09657
511.21735,378.99225,56.79947
-53.02045,335.20187,43.2303
-596.54956,122.67436,-10.715969
-500.6787,-418.78076,-55.083504
-221.57526,-485.54602,-14.151004
-90.32736,27.690435,-99.48016
325.99722,278.59027,-12.855081
581.99506,-14.530861,213.87941
263.96997,-21.238373,132.18329
-9.397727,175.7588,15.642717
-100.92969,80.67468,-98.05864
-282.11447,62.719383,-271.9073
-436.42505,-38.306248,-149.43431
-330.92593,-50.818985,-12.83384
107.53785,-26.635473,101.133606
385.61353,3.1016607,140.57513
442.53787,54.36156,-30.95765
305.2399,-151.06065,-57.382107
-239.86273,-49.158997,-166.54643
-432.65152,169.9788,-86.13078
-203.61357,151.90245,131.20918
49.423332,-139.42041,195.87363
84.92055,-312.25787,210.0617
-74.122925,4.514455,-72.04911
47.65258,123.202156,-145.37485
148.01408,62.015022,-130.82837
117.3965,64.48589,-64.77184
-53.17164,103.395355,225.74507
-329.73035,242.10799,203.928
-230.1087,128.23181,184.49356
73.97783,-349.73474,177.77487
141.10344,-613.2062,-20.902895
-57.665386,-262.97348,-268.27533
-8.4442,153.7459,-292.10214
261.7492,223.05739,-2.0624347
-7.584862,288.14362,120.088104
-266.97037,380.71085,105.16897
30.408613,234.52509,104.23837
246.93272,-14.223581,-86.92638
217.83147,-290.13147,-247.95456
172.23978,-422.81738,-89.96859
171.81947,-75.41757,-31.138008
13.773273,281.2098,-0.5868242
-277.4779,273.87012,100.13277
-403.36807,8.784852,72.693275
-317.1429,-83.72808,-45.799343
107.10715,91.47457,-235.60583
640.471,-133.63641,58.233795
551.1351,-447.65967,218.56024
17.5075,-493.6379,86.11318
-422.91025,-57.93741,94.73994
-493.5547,427.8149,-28.91887
-167.53854,420.4341,-43.317364
-95.34542,291.7745,-178.73677
51.930344,-130.92863,-51.663048
410.9164,-228.4642,114.46636
464.9267,-102.76928,-29.306116
364.3664,-199.74463,55.141888
-75.578026,-141.68317,86.02563
-622.5063,109.906586,-131.7293
-661.7146,322.55923,-270.9035
-310.4546,195.30736,-32.15081
197.91699,-18.432238,30.047577
643.28314,-364.03827,21.327375
375.5746,-162.31187,77.675606
25.543718,153.62758,19.502954
191.97133,-129.61206,57.974354
-79.3438,-69.77862,15.854591
-472.6067,153.73537,46.631695
-432.79462,195.41917,-68.37691
-282.00116,-28.056599,-121.457794
28.196552,-204.857,39.51822
260.06006,-182.58554,147.28294
111.62629,-7.4045014,74.73696
85.58269,125.39208,-40.779663
156.02484,1.5514913,179.4062
-108.60491,167.40424,11.491178
-264.3216,131.66734,-144.53822
-201.05667,-44.43982,-15.148023
-67.795784,67.62118,-112.04787
67.54013,98.648026,-92.469765
65.57626,-74.73809,-82.5752
119.494514,-145.65935,-5.0119457
164.52261,225.27396,32.524036
92.202774,231.77248,56.3488
12.129931,-140.59428,97.84593
2.766772,-144.61122,-52.06588
0.057449676,10.949393,-113.61574
24.495245,-24.791603,36.998207
-57.50753,-60.77179,123.05898
-224.38205,20.017548,40.608704
-33.679146,103.64976,97.098434
-28.49234,302.38104,-80.712036
26.403774,181.7553,-137.20056
368.33148,-267.99957,17.501842
196.51883,-431.0624,42.90923
-118.5326,-90.51331,47.563957
-174.3963,109.198715,-89.54857
19.562391,-106.63487,164.30602
-99.907845,-117.38824,64.71775
-112.07514,-45.658184,-197.64818
280.6674,17.340168,-105.22797
335.70862,-23.711212,-36.679245
264.78546,63.35568,129.5674
-97.25214,141.23665,-70.690155
-347.98563,-168.05098,-97.5013
-272.00375,-166.60811,-75.38136
-134.83842,67.32909,-53.93888
93.349396,211.76465,32.783867
244.44788,178.19357,-112.461975
277.23938,187.32094,38.123993
33.409473,74.984535,128.48323
-199.91159,-161.28032,87.902374
-205.40239,99.43957,-49.745636
-58.40743,110.87282,-64.52716
-76.404015,10.898499,19.25325
-201.20512,-86.48197,-78.79372
-62.297813,-358.77133,13.65536
155.59718,-46.728302,48.77433
211.09335,347.7097,0.49213013
139.59113,392.06848,26.972507
-25.817553,-37.841682,80.52933
-243.02542,-357.46204,74.79984
-123.33836,-18.409355,-44.749195
214.93529,37.179546,6.373365
316.33813,-303.88202,165.34042
-56.840855,-258.5574,33.401333
-375.789,404.34882,-154.1123
-10.014579,589.64703,4.7506914
238.46024,3.8816726,117.79734
-119.65825,-402.30392,42.45784
-276.36023,-426.01837,22.379408
70.25203,-117.77387,42.918243
226.31912,92.150604,0.6526135
181.91447,103.40466,-60.422016
64.17801,142.85847,36.0743
-254.74469,156.73735,85.24305
-125.40151,184.87996,-70.81681
241.26225,-86.3171,-63.39625
63.403812,-496.61557,61.008656
-259.76093,-285.21027,-75.39519
-116.13351,103.7768,-14.640167
166.79561,100.517975,153.27014
246.73433,164.80928,2.1644516
106.39714,185.32944,-109.94768
-92.98205,76.58105,-114.62771
-84.25898,27.768213,-33.879734
-164.24666,159.30005,-88.899254
-74.734024,149.58217,-7.661068
70.60773,-301.99506,146.79189
-27.449932,-267.8899,-90.68984
91.073364,64.79192,-130.78969
99.92264,122.05248,-37.20145
-86.91641,96.46913,2.7515302
-201.57762,106.275894,27.069897
-40.037395,67.78646,95.99359
98.824135,-231.23589,153.32489
31.490044,-161.18672,-136.83142
165.58983,63.4765,-245.70128
146.2335,99.98392,-46.42213
41.81178,127.344986,74.02069
-85.52126,-13.141836,78.58741
-225.18195,-174.84865,177.811
-256.838,-223.85852,172.74965
-209.98792,77.100716,-115.39627
157.06464,194.82999,-82.76198
143.34782,-114.37553,121.69582
-57.56858,-221.5966,128.68596
48.387066,135.66948,30.611073
67.77159,278.2264,-8.196222
59.278748,-126.447624,-5.918826
-96.5477,-248.56758,-87.95368
-152.49295,-161.56876,-30.592276
-54.451557,101.99251,33.954617
52.150547,299.0207,77.75764
137.24037,230.84854,87.38256
60.491875,-65.22966,70.732956
-17.496983,-423.35623,-18.089394
53.34298,-125.72251,-244.30852
225.09041,-21.828102,-81.42431
-39.47316,24.623528,14.404609
-295.18747,241.70293,-55.176193
-144.66219,207.3589,89.53608
48.066612,141.02217,79.950096
248.88385,-73.91368,6.884573
159.6147,68.69832,-164.39337
31.290047,1.4323027,-189.1309
-62.823933,-121.58275,-37.325974
-9.6398735,-56.038624,33.98731
111.9317,-308.6042,188.39305
-258.09024,-61.45948,96.4315
-331.63956,296.08035,-90.46677
206.4169,285.1902,-60.78535
490.8292,39.947517,-58.34478
110.39249,-161.83545,-24.116737
-292.15576,-94.97485,83.675
-202.74869,-184.64684,88.75689
-122.35335,-244.03198,2.1896963
-140.09496,95.7136,-68.21436
-16.049173,474.19208,-15.08736
96.97622,238.43927,81.48225
-12.343426,-188.65248,112.16211
-47.095917,-255.85992,115.63701
66.01007,-75.28999,-7.5645537
-7.2432084,52.46814,-132.88045
92.472305,0.21576038,-179.3848
164.09552,-32.887085,-58.55523
-211.43393,-136.35666,148.60349
-260.4982,128.9302,36.7581
111.907455,361.4292,-27.691721
190.15025,14.2989435,9.998612
178.41368,-308.26828,-31.91614
52.36637,-462.2784,58.264767
-154.67078,-102.8077,90.834274
97.72491,393.25726,94.02119
122.67997,358.13098,53.503517
-85.01896,142.57875,17.446356
-88.293594,52.29248,29.284946
-210.86232,26.42004,-104.57308
-60.44117,-132.46083,-16.626585
65.34614,-279.22327,124.44021
-206.64777,-167.89291,-88.35765
5.9274454,28.306877,-104.36105
677.8537,-55.899723,122.618546
540.05804,-155.25876,18.663822
-202.68726,5.613805,-89.49791
-505.06573,295.22,36.103653
-465.45895,293.77173,-7.755603
-171.94086,-133.39156,-88.483505
106.58274,-241.62447,-31.158566
142.95515,-37.523308,37.792038
128.06207,148.90173,17.395803
155.5667,39.802055,-13.865591
251.33345,-194.17348,-2.353412
99.33379,-159.70796,-3.3721726
-227.90096,-78.20292,-66.46039
-169.88263,215.97432,-101.68132
111.97007,183.2411,119.918564
-43.612907,-63.383804,145.04076
-232.73663,-32.43542,37.324394
-67.493034,-8.517143,20.047493
115.23143,102.996216,-215.12704
296.82364,-126.961044,-221.06808
99.4461,-368.72116,-53.503536
-366.29572,-8.384845,62.444756
-278.50168,442.86453,147.47578
241.32518,303.60153,196.4479
434.73206,-14.908517,163.47037
41.095463,-38.515663,-199.19261
-101.48481,-163.27954,-285.52597
242.54077,-148.54909,-68.3886
172.31912,-129.7939,181.22981
-473.2564,-62.507584,228.3425
-860.618,197.97098,34.041176
-267.21213,367.0688,147.09758
436.13217,229.9138,-17.376818
547.6965,-214.96371,-176.1818
415.13885,-142.8969,-39.450794
54.25796,-75.35963,-51.81799
-313.31516,-213.16765,-46.710293
-211.35388,-140.71935,23.811838
-17.007923,44.303234,142.40808
-214.66948,431.16132,-33.779186
-97.179924,214.91061,-28.022066
240.49583,-246.35025,180.38922
348.24966,-454.41617,56.296825
63.694466,-502.0164,-103.16033
-384.40067,-88.35758,-130.42924
-302.98697,366.05188,-113.39764
-56.808025,407.0493,-116.64505
208.86002,145.0243,109.949036
248.14148,161.45041,168.2029
26.531864,144.04268,-69.31596
142.32375,-298.66464,-117.58866
422.3701,-490.73135,-24.128084
56.134926,-217.14865,-31.365976
-572.2745,208.68678,-110.31664
-478.38016,461.95486,27.575197
-306.3257,271.693,62.877983
-265.94513,-64.51759,-36.81242
27.997086,-95.84878,-123.0275
625.6007,-2.4531968,-150.6632
818.4668,45.208393,34.865585
336.12762,-91.90955,88.1349
70.5868,-225.90723,183.90614
-297.19366,95.07628,142.3442
-530.5551,375.63217,-80.512184
-291.9059,-10.657134,-15.639095
-129.53677,-452.6406,6.222487
-44.83972,-209.65665,47.321026
178.51805,227.1576,126.32861
574.8641,373.2227,109.709625
403.52908,115.521286,-94.3796
-34.43449,-131.55664,-197.4142
-124.6399,-13.639833,17.40378
-375.3449,-33.650253,-46.18537
-427.4678,-149.00142,-30.922003
-180.97177,-332.2674,84.92941
-81.14798,-249.31877,-43.217403
251.48434,214.55515,-124.8789
658.75836,297.46017,42.516853
375.66324,258.07333,151.43832
-195.7078,248.90208,6.168169
-572.36865,11.646154,80.14568
-708.413,-287.15637,-12.251989
-307.77606,-344.62823,-79.51892
-6.2635493,-150.42937,5.887091
243.48717,-13.957644,-39.62246
590.41644,195.88821,23.2051
390.9153,267.1005,-56.92551
304.24875,55.8954,42.925037
223.91136,-244.71855,76.08137
-367.5837,-160.41365,-127.74082
-722.04565,405.77966,-193.74876
-544.402,211.44746,-54.2234
-90.13695,-164.82475,164.97432
339.08667,67.106674,90.07826
461.6561,114.65494,63.5654
595.94824,54.532856,149.46098
452.8492,-28.98972,105.30871
-337.89648,-283.66647,-56.92228
-611.62683,-408.22284,-59.690907
-389.45877,29.654657,-101.95313
-169.5658,300.12833,-178.60765
343.72354,41.479923,137.30391
443.3314,-117.40827,168.5722
132.69331,-123.300064,4.007477
69.837906,92.20786,71.583534
150.2417,99.5534,31.427502
249.61662,-123.02754,-105.083824
-66.283844,-177.86864,-136.1663
-618.4181,-22.312534,-141.45241
-382.2832,77.16507,-63.24463
128.53726,-29.00234,73.79222
291.3926,-73.06208,30.4918
245.5165,-38.879448,-20.07563
-113.13719,191.2219,-53.180626
-148.88013,289.65915,-47.87768
117.2677,109.20091,56.135307
-46.576485,-91.80923,60.161415
-440.68143,44.079945,-57.889984
-373.92368,137.92247,86.67329
66.75337,-161.23738,197.88747
287.8112,-142.8984,-26.88345
239.16734,-181.03123,-21.441782
-20.09797,-67.825554,-5.15326
6.817417,283.8202,-84.82075
184.7456,102.71755,-36.334126
-14.842535,-138.9203,47.754936
-194.19875,95.898674,55.764683
-198.58769,271.92908,-20.216846
1.8371787,-127.91468,102.16941
179.14792,-243.73608,186.0006
155.76407,-131.69675,34.96827
20.639137,-119.108955,-84.02275
38.254063,150.26648,-19.228704
264.26932,129.48238,95.48482
99.24079,-124.82873,-6.921047
-94.38121,-40.688972,-161.3355
-19.57938,216.33545,-90.8258
4.3598475,83.18435,-7.952136
-136.9881,-134.89471,-82.055275
-238.95052,-162.99966,-39.858837
-33.117493,36.065514,57.302704
143.18806,302.8153,61.98139
208.47046,-4.3253922,22.800188
63.709335,-222.72873,-68.846924
-288.19592,-36.83864,-134.67696
-428.35,266.63382,-202.69398
95.062355,196.31624,26.462858
468.453,-269.07474,234.17213
-74.69026,-295.24823,63.044502
-226.9189,-51.10961,-34.60949
110.612755,162.35397,-107.337074
101.46932,-75.07535,-92.744675
-83.56863,-240.13907,7.77756
-129.31232,10.028845,169.49019
-169.93459,102.35034,243.00737
-193.54349,95.278694,96.30618
85.428734,-27.977402,-13.016779
282.25858,71.19766,-130.1638
173.68765,264.1343,-116.69568
61.00951,334.20456,-36.262245
154.89731,110.187546,118.26176
37.55409,-214.76376,185.47192
-241.54356,-202.60524,-89.02212
-143.49106,-127.432724,-146.70966
24.97774,84.871216,26.869108
109.52315,60.323673,71.91404
138.57535,-136.8303,84.74632
-41.092026,-73.707405,93.25452
-29.985128,42.495667,13.674265
238.3889,24.09065,-119.488205
119.6866,-12.773837,-116.52474
-268.17343,103.02297,-30.035023
-453.70184,13.275048,-14.573555
-221.60718,-7.093284,12.408432
118.921135,26.873676,80.012146
173.94449,-147.15666,88.91976
208.46469,-83.12365,-146.61752
177.5923,29.69551,-181.32204
56.300476,-27.831831,82.56907
-26.07581,-90.166504,58.729687
55.61476,-14.64403,-22.196444
26.908226,100.250404,48.76091
-221.14616,276.29907,95.84015
-101.80642,259.84427,-29.730474
45.65052,-156.68582,-73.70271
-114.147285,-200.07257,-69.89852
-215.67952,8.027923,-157.56236
103.603485,65.25038,-34.83116
431.8001,-86.78131,134.29149
92.330025,-245.16356,165.98083
-206.38914,51.184875,-83.49788
39.411827,140.79637,-61.19662
191.7757,2.2733223,160.36903
22.288868,-21.662449,36.82131
-281.4462,-75.74261,-13.370129
-509.32996,-5.2618003,-29.701199
-237.18446,158.47105,-26.606104
143.03139,146.63426,-39.18122
147.59222,-69.66445,32.301334
80.957214,71.48555,37.25697
150.01009,174.5889,-85.208534
224.28294,-192.49922,-9.607997
-6.1363206,-522.90674,45.786694
-171.33577,-400.60416,35.77354
-180.19562,133.88893,-22.873392
-272.76694,250.23764,61.61558
-14.416623,19.455936,66.35796
279.1879,39.265923,-77.63847
142.78099,162.0256,-159.22124
177.5344,64.42328,-55.473034
362.08383,-123.43703,87.68488
103.53039,-288.93723,-62.99476
-328.43207,-250.12097,-0.66208327
-452.582,212.85472,-10.342576
-160.23509,225.3611,-79.06938
38.199356,-44.13051,20.528416
67.01386,4.9086523,44.9294
170.49123,294.8747,-17.757235
116.50952,451.3856,-155.98732
134.88261,-149.65607,48.889584
123.67999,-506.79056,64.90299
-38.721043,-280.8647,21.041107
-149.73055,-43.35984,77.868675
-184.70573,146.62442,-70.93479
-45.219933,130.89984,13.733208
10.46915,82.610855,5.758413
27.522001,16.656866,-26.442179
239.35847,157.29472,-15.387369
382.86502,170.13312,46.522926
131.9531,-207.85756,135.8128
-293.8362,-124.0713,15.71617
-372.9953,119.709785,-13.591709
-297.09695,-94.50178,-73.34501
-192.13553,-89.388985,-79.99958
179.71,210.04982,-16.729074
332.3845,221.17322,3.9239945
-6.878958,145.65782,55.173977
-36.22704,-18.923037,82.10912
192.2989,-273.42154,112.741905
-18.166746,-246.23573,27.850323
-266.26733,59.919197,-81.00787
-198.09557,251.2975,-101.26734
-114.550545,-42.989544,25.89619
-60.094925,-244.28072,69.13839
245.43785,-27.925741,-33.437786
454.95142,160.68802,11.23872
258.4819,100.31579,-52.613274
-48.936024,-125.03427,-122.923645
-166.19075,-32.023247,-16.086246
-184.47113,224.28955,36.522026
-338.75278,123.35562,-33.240833
-171.88025,-135.54024,-52.3184
83.58963,-333.28827,15.667967
100.96445,-250.1821,-59.274994
228.63307,83.5323,-82.904
315.23288,119.96395,45.196613
135.48811,35.15077,80.83533
-128.23419,112.16633,34.149498
-115.69773,126.40991,21.571447
-242.19125,55.181953,-41.391163
-314.83298,-170.20955,-46.07721
4.312403,-142.8175,-37.172497
82.6545,56.60553,-43.06887
85.887665,56.626076,43.117752
180.97878,94.56118,-13.278677
112.62428,-99.71574,104.118484
-48.031677,-94.7423,130.77058
19.511719,-34.41333,-54.774193
65.65994,-109.14985,-47.147224
-116.38129,97.261955,19.205671
-187.36467,23.059868,62.698982
-26.231295,154.11945,-80.12048
176.2543,221.54076,22.131212
41.218452,-60.13005,89.27617
106.28024,-100.06409,-6.0752325
269.216,-154.69203,115.98283
-7.586306,-137.49892,62.099754
-165.8261,-175.90234,23.632683
-130.65813,-25.524702,-18.213964
-115.13997,252.58133,-69.92815
-24.67986,299.58804,-73.99124
91.48249,221.00476,-109.76317
1.4191442,-14.333852,-84.64191
-22.264997,-225.79794,-2.8531222
71.01455,-293.05963,17.38089
152.08272,-125.67035,-111.57264
75.20439,65.77959,33.039524
-288.50723,224.38115,117.50308
-166.03123,117.129654,2.8630881
19.468039,-17.771152,2.3676553
-136.38387,93.217224,-21.018774
28.329689,-27.443829,-38.380146
151.24696,-203.0082,-27.807957
-91.05391,-228.43964,89.66811
-184.13261,81.53387,-49.098682
146.64291,269.3861,-154.25209
283.4872,147.5087,50.60634
270.57227,-99.5252,163.5913
319.87372,-329.84412,214.7928
-14.881759,-87.125786,97.55178
-343.7072,98.23599,-4.656347
-275.67578,87.39085,-54.976025
-68.71065,49.13342,-128.8646
-149.34564,96.655754,-149.70047
-125.74149,279.14374,-115.813484
238.68106,246.01212,-14.106906
78.18242,-124.82398,-12.521607
-206.42203,-432.98853,6.185841
86.92211,-177.43777,39.505203
400.116,122.82511,30.975977
250.5511,121.7037,105.67954
-112.18087,-37.480663,66.43542
-341.71448,-102.01248,-100.090904
-410.01227,67.43842,-107.64899
-154.35951,76.68029,-6.397064
170.14873,-15.715292,-7.26717
179.10188,73.23475,-26.94876
126.864525,268.0631,-14.268963
239.91367,196.51808,-68.29657
256.239,-149.12589,-27.206518
-23.151993,-345.33142,67.917465
-332.15323,-176.45886,135.78671
-322.6269,108.58093,114.38624
10.959077,-151.38295,37.87718
-28.287624,-314.67905,39.9792
-148.08147,245.1358,-99.356125
327.3136,517.03314,-70.006424
440.31805,256.0213,30.635534
30.785078,-55.287865,40.186165
-174.2899,-128.15419,142.80725
-192.1678,-73.450066,86.27552
-184.12834,-82.27181,-45.086193
-15.994631,-113.61136,-100.02756
100.45227,-292.8449,28.37182
-132.21764,-217.4488,74.37953
-72.24842,318.12994,60.313477
291.60745,548.615,159.13562
304.4941,98.120705,106.959045
-59.93874,-157.22246,-113.810844
-216.16199,-7.089538,-191.83888
81.603516,-52.516914,-61.47394
114.419556,-283.64032,-69.32202
-120.523125,-423.9356,67.71701
-183.2333,-103.281815,193.64876
-78.744705,323.27115,50.718494
132.67119,420.23257,-162.16881
236.1925,120.63528,-224.89449
5.3146396,-247.91661,-99.98919
-300.09445,-211.18523,-157.38147
-262.47968,36.126484,-70.628
-130.33339,365.82886,75.001015
-78.874214,209.05247,154.1608
14.611303,-181.13467,24.368357
255.72194,-264.54382,-145.37419
345.23587,-279.19308,10.764802
207.34653,35.97179,-55.492157
243.93466,104.97193,82.07527
38.45604,-155.92941,247.5986
-251.03387,-123.195465,86.486244
-214.9482,112.4734,-88.20206
-79.442154,289.0458,-179.97717
68.93384,223.84358,-17.510881
110.28964,40.43442,63.900723
28.520317,-252.10474,140.89664
-122.92592,-349.57117,209.49098
-12.569889,-202.71893,78.65388
95.19429,-0.4088188,-185.75597
-124.84366,196.62712,-191.46548
-393.31192,295.67255,-45.253193
-284.07916,189.83347,-35.88769
200.91423,-180.9695,195.49896
273.8409,-235.02957,88.63007
202.29874,38.97628,-238.84322
152.05981,329.14487,-196.95773
-89.32875,147.6385,47.200302
-259.05432,-360.5773,135.86342
-222.11366,-279.8239,50.101215
-11.5239315,-25.02766,166.29169
68.68457,-20.19227,80.46463
206.1245,-1.3650751,-73.23587
194.06262,261.47037,-78.87044
-48.736156,300.2153,-5.7843776
-131.50986,113.610016,103.10849
50.756794,53.620506,25.349974
180.45404,-198.79326,60.56504
-37.61397,-150.04823,29.602905
-109.20893,147.16948,-68.829
-133.2767,60.128426,60.440548
-162.18076,-219.38144,140.63933
43.822052,-184.70905,-118.935875
362.50104,-28.23688,-221.8975
308.19025,66.45167,-44.71751
-117.757576,202.5778,-53.448296
-193.36174,46.867382,-37.184948
-324.6069,18.038263,0.99128854
-493.93747,123.03287,-7.167016
-4.7245865,55.7155,-117.79561
652.43976,-188.98212,-3.993904
377.29025,-344.20193,177.48419
-224.59593,-139.73576,8.062365
-110.2781,-45.52783,22.881397
-101.93819,106.028885,33.074783
-78.39616,148.9536,28.371927
155.82019,170.69894,9.384585
32.22543,191.51698,-19.39909
-71.70088,-113.42127,120.35441
79.70781,-119.25158,-11.875439
204.42056,21.725904,-94.5315
-15.415183,84.67182,-51.030037
-250.41042,4.01257,-60.202274
-184.993,-24.27351,14.480562
12.070405,-21.622543,85.78345
24.747038,-209.34668,133.08078
-4.8851495,4.4599657,-6.0496535
209.8521,162.14334,-113.67269
185.88911,-102.46011,-22.373102
-17.29106,-102.55512,-6.496437
-13.227926,199.36737,-61.973118
-96.458534,205.99928,-33.730083
-337.59723,73.80648,48.04893
-108.39326,-22.6198,105.546326
75.68296,-118.168495,56.11905
-116.643074,2.7249882,-160.18082
218.57288,-81.40655,-187.64006
497.73618,-166.29701,2.842838
215.21982,-179.2286,78.244194
-257.5832,-88.11655,36.1915
-398.47,387.20865,29.806286
-136.0867,340.89706,62.417374
-51.495083,-212.69958,-88.342995
84.15407,-302.0827,-123.583916
199.34732,115.575676,12.116831
166.76712,130.40335,57.826572
183.30405,-91.632515,155.55754
19.172031,6.794108,227.33902
-315.41583,-87.506546,24.296902
-393.91437,-58.694546,-277.2092
-18.576155,49.261887,-130.24976
209.2875,80.85938,54.423817
64.25528,210.66621,22.908579
24.266975,178.1885,102.69844
154.76111,87.36388,154.5
36.56332,-130.60701,112.443924
-51.763588,-235.33409,-22.988188
212.10744,-51.75248,-51.56842
137.33884,137.3897,-73.75153
-51.552895,-16.276064,-30.062157
6.280844,-151.59338,104.78394
-122.01889,33.70313,70.051674
-399.24948,61.365543,-83.97864
-215.64023,31.495914,-143.94057
359.9683,14.934496,49.122578
271.95087,45.77218,16.375662
-119.69527,-148.60793,-85.73598
-138.92842,-261.7981,-52.363373
53.61764,76.21859,-25.37039
203.50844,152.28221,20.506968
88.39606,32.99823,-55.488728
88.51583,-53.807613,40.380054
-105.030014,-82.20937,63.159874
-404.53223,-139.71982,-61.793858
-108.55618,-119.7159,27.677212
119.13799,37.153156,120.28761
-193.67114,198.60938,-27.51693
-172.35493,343.5513,-77.128815
292.59128,123.85326,178.73888
277.11398,-133.05238,117.53867
70.80965,-328.515,-55.454857
-4.4305363,-302.9157,-38.56805
1.5840888,76.79514,-41.670235
2.040482,128.10242,-32.24687
-142.60988,67.697556,-69.867546
-198.70079,290.51968,4.178474
-345.41547,399.56625,-53.575253
85.78672,-88.407715,-81.240616
629.0027,-446.81015,143.45705
153.01097,-205.09126,121.01499
-304.31277,-44.205547,-101.57659
-23.627283,44.316547,-102.66437
144.33505,6.136027,133.28612
-275.93323,-7.3090973,51.696766
-174.35472,206.42903,-7.772195
221.03261,294.98294,110.87215
145.25383,6.9482527,-13.1085825
-31.740105,-362.47922,-89.21983
-11.609189,-126.93743,-58.739834
63.66355,205.92012,-1.4748743
-218.96631,205.14426,-89.81916
-73.89616,27.563652,11.487223
168.20412,-182.47635,163.47789
-119.82163,-1.972635,-32.4565
-212.56938,54.495922,-95.797714
82.20442,-268.12143,-11.695088
302.9039,-154.49767,92.5368
125.043846,279.83154,27.985947
64.54637,327.65283,-26.505066
-106.92844,119.50996,30.168123
-363.45023,-148.45578,-59.88263
-273.02563,-287.33603,-84.771324
45.149727,14.900286,-59.61992
339.43445,344.32687,3.7395318
229.89641,87.60612,105.48183
136.62523,-229.50433,70.42822
27.454454,-159.93834,-16.82644
-177.077,-70.505196,-135.6971
-27.78233,100.36338,-183.30988
201.93661,25.337074,12.469026
-47.01401,-140.95863,136.26697
-200.03876,0.027747698,171.61536
77.05749,42.09011,66.56037
87.35399,34.963123,-157.90509
36.02306,49.205753,-130.66829
-72.63892,51.091816,-63.94949
-264.96252,80.65453,-15.10745
-344.18307,55.508533,3.5998862
-131.66107,-184.94597,22.36075
473.9995,-299.74127,12.908309
525.8288,-15.898682,-151.3817
42.684322,142.44704,-150.35329
-79.083595,3.7553334,52.033752
-119.53064,-54.721985,146.59914
-416.08566,97.588196,27.057259
-288.58078,127.813126,-65.39504
96.95793,111.28178,-96.94911
76.13251,60.49466,-117.178734
86.91633,-336.30637,61.133793
198.68312,-370.5057,173.88629
149.40164,36.14414,38.59719
-50.61755,165.42668,-24.830399
-141.65091,214.8813,-21.334755
45.997547,179.26624,22.351894
-54.472908,204.37555,33.687927
-30.990118,111.356064,53.634815
281.14972,-349.55545,159.70683
80.64995,-472.5203,53.273464
-136.37364,-144.93713,-86.46156
-47.212074,166.74872,-50.232796
-96.33822,148.95795,6.9910913
-148.4757,123.36349,74.031265
154.62445,21.646355,144.90358
296.04025,108.0869,-88.95476
22.066648,446.1351,-175.73376
-163.03032,160.64415,41.668983
-74.49369,-291.30908,67.93356
-81.04449,-273.16528,91.54785
-340.5326,-75.318954,-7.6854134
-147.63673,-158.92496,-94.07565
134.10089,-131.96292,-127.161224
95.41671,-59.436077,-68.54819
-0.041487653,116.31876,89.2419
11.722981,509.28516,108.49486
143.43623,309.8843,34.59639
57.849274,-181.46718,-58.219078
-43.975494,-416.59924,-6.5486894
-201.13756,-131.42433,-127.34747
-98.18944,-88.12886,-44.11844
159.5176,-288.2813,152.34569
144.94368,-136.13228,125.67993
-32.255554,175.9674,51.636803
-256.48996,609.8288,-193.8808
200.6628,269.81015,-134.80547
401.47153,-313.32285,30.04525
-197.43494,-310.23636,54.92929
-183.63422,105.19912,74.74643
149.31184,401.69785,101.67164
-27.206161,51.788006,5.816908
-198.35779,-280.25632,-50.110874
-54.692173,-219.819,-8.612897
90.869545,1.4285614,-169.88539
67.17583,-37.354004,-73.94603
20.30777,-126.84545,60.00627
109.75947,-85.442566,56.599506
-31.093786,108.56835,-25.530037
-144.00912,315.80475,-91.27868
153.27916,150.00807,-60.36277
260.93372,-31.899654,-76.30681
-43.983093,-125.559006,143.4771
-173.61261,6.64549,182.26483
23.40612,-38.63193,105.89436
-249.41043,-252.58244,36.776573
-343.25638,2.6608202,-62.596592
150.5525,322.34018,-75.25163
245.96324,349.20895,-152.71954
185.85475,-86.30221,94.49774
34.43025,-301.89777,239.40666
-62.38012,-41.131817,99.60351
5.7139926,-19.908834,-2.1014755
-109.69949,-28.896696,-130.06241
-106.850395,13.496833,-50.548996
-67.36497,-1.2023472,-11.252471
-140.88606,-39.329758,-38.03239
-69.989944,-4.1699114,47.292442
139.78453,130.45473,89.99732
34.71539,97.605415,-26.576319
0.21866348,66.72459,-174.78833
143.68323,3.5110946,-32.807743
-65.88718,-83.200195,21.209211
-90.50734,-102.05729,14.445101
63.73176,-67.81155,123.82706
85.168175,68.040276,34.792976
-117.60657,20.429146,-61.567303
-227.7045,-23.911686,-91.37533
67.54147,-66.25951,-40.772404
89.08565,-130.43329,18.410263
-8.913131,102.9517,-4.416266
148.21187,251.63985,-49.287457
68.44026,-101.57276,-14.906136
-284.81445,-271.7335,18.944883
-192.44708,43.558525,-21.833967
123.590004,111.8011,92.69272
75.20745,153.07503,28.100355
129.24632,-48.37398,42.764816
47.64402,-269.83466,130.40201
-169.13751,110.39099,-73.80565
48.0832,132.18437,-89.33767
232.00133,-69.8901,-78.421135
100.69145,-52.704796,79.34204
-194.36456,226.21239,141.05524
-47.577305,431.44623,11.521695
302.884,34.25949,124.079056
9.28026,-351.12006,29.847012
-93.12028,-399.99603,-66.66688
173.42764,-115.31895,-66.458984
174.16653,-16.1524,23.576021
-15.941147,-55.75166,91.57497
-252.89568,177.38559,-31.264362
-194.1224,180.172,-49.504135
182.12305,246.8243,-102.62206
258.24356,339.44327,-71.01218
30.984896,93.878716,-4.5704947
80.38934,-322.27505,122.86089
64.70084,-397.55292,90.96272
-58.725784,-111.11268,-77.85471
-119.59967,-113.457085,-64.552765
-251.02188,-91.04239,-88.28473
-178.9041,115.28381,48.476856
-62.873493,241.91246,59.15607
148.262,32.307663,107.06225
240.86807,-83.114845,-12.284737
30.59289,112.27451,-179.09528
-171.2623,123.56456,-28.107569
-201.87144,61.779236,-228.93987
-1.2393574,-171.60725,-6.51747
-107.00106,-173.03284,228.87285
-25.160902,3.3481562,67.15477
336.0584,37.371826,-1.9096203
124.390854,153.09564,-149.98882
-219.0892,106.58107,-40.24573
-293.14178,-71.95404,5.3053427
-7.5687284,-137.35504,76.6845
105.86136,-136.17674,207.438
-89.909996,-189.4723,74.51051
62.43778,100.38494,-125.69813
231.91069,364.59125,-149.45514
83.33448,142.52094,9.68531
-158.08426,-71.30159,-13.555075
-95.76969,-183.3778,-26.82196
100.44207,-235.53639,127.82158
-16.468945,-47.904594,14.560372
-42.158936,202.84674,-279.83868
98.40332,60.34472,-40.714573
-69.44478,69.821754,155.83942
-26.078732,147.61714,-25.596945
159.05066,-118.22382,-1.1763965
-15.809045,-120.08871,49.491566
7.4163165,-17.188206,117.11417
-6.4089284,-75.7682,28.037182
-158.014,-218.3488,63.440163
-73.21915,-45.60799,137.82779
189.15588,251.9333,-40.168667
235.49637,213.99185,7.7150335
-29.412445,81.181076,13.25708
158.68921,3.5340385,-32.05554
325.06226,130.4129,-129.25131
-51.24212,-42.51197,-55.958557
-438.1938,-195.80579,136.59431
-379.07327,-21.499233,-58.58323
79.23993,-246.93576,0.11386529
170.7781,-127.211945,62.773808
178.22813,351.16898,-64.00371
130.9612,215.84767,57.299385
-249.11478,-164.12051,80.72527
-181.79408,-270.04675,26.066591
180.00862,-136.29454,-40.47585
268.71463,33.978584,-56.47896
26.77293,183.21458,-70.65686
-133.66685,202.38377,-100.50478
-125.7594,115.472565,81.21916
-244.34088,-13.451352,146.67441
-131.60434,-282.8865,-8.934408
146.27512,-254.90727,-84.847374
194.99196,50.985214,-116.17734
0.9233866,96.01273,-127.94367
-208.25003,74.84382,19.023626
-175.65144,81.15211,187.94167
60.207787,-19.605396,146.57204
375.70126,-33.96545,-54.893116
287.94464,52.960247,-189.68546
-124.71309,35.577938,-222.35695
-137.62529,-106.22732,-136.15852
-75.52596,-12.399205,76.31798
-158.05075,113.66036,190.43143
-225.22166,-32.824078,114.443245
-86.51922,44.795364,16.129793
145.3154,181.57552,-31.936758
-19.839197,80.75832,-140.30235
158.52734,-59.66737,-132.77121
473.59836,-181.5652,60.76242
158.77094,-137.61223,122.94768
-1.2937663,-37.073063,79.88478
47.042023,26.88876,114.52282
-252.8483,127.41393,102.43095
-450.62408,124.862526,-36.78531
-199.448,-69.67267,-131.44516
145.50763,-171.91512,-16.166195
409.00394,67.114365,9.557283
419.49332,33.40011,-34.7022
185.36617,-204.59334,98.425705
-107.20084,42.821503,71.61629
-337.83838,179.54271,4.782162
-304.53287,167.25092,-55.983562
-257.92828,243.68175,-57.038258
-212.36491,-89.366936,41.71824
213.58768,-352.96194,-19.109512
390.5835,-98.47459,25.804508
56.249146,27.7942,72.07145
-34.77182,-108.379166,-24.84928
-120.893456,42.920788,-149.59888
-305.27768,198.982,-112.18917
-177.89908,52.674004,41.694
45.247223,-76.39565,119.84903
8.711765,-12.683907,128.85756
-83.90526,82.378784,-12.223291
218.80458,-24.64867,-172.3596
401.77966,-180.3223,-209.51826
99.49291,-65.38267,-37.27301
-81.82022,123.75256,43.743996
-41.29078,-70.48831,60.514763
-203.13385,-91.26546,91.18741
-231.0008,170.75247,-79.034485
24.82406,105.20352,-205.73582
227.91295,-57.456207,-174.05194
248.6206,-72.15466,20.008648
98.6106,-45.364414,155.16563
136.15622,-60.797962,192.26926
-27.525927,-52.128704,153.32837
-322.96356,-101.51345,-66.802345
-210.50072,-2.6327953,-191.12158
-70.61694,238.58102,7.1930866
95.47718,167.81856,176.17896
297.73215,-110.72675,94.38968
141.82268,-124.56878,30.688742
-105.15396,113.08589,-44.30816
-13.858641,80.459694,-89.583664
-101.152145,-122.5073,-66.89748
-199.45378,-17.696928,66.87485
45.934715,329.73938,141.41475
123.98097,118.72098,66.8875
54.745865,-389.84216,70.94582
-129.90439,-207.18391,-69.22751
-48.416443,144.87271,-174.10709
255.96764,36.22116,-63.12172
-0.09191955,-63.04241,54.17325
-393.13885,187.3131,64.00356
-249.27975,330.93066,-0.41583484
49.594963,233.27872,-1.0445393
160.32509,62.789864,-30.39354
288.11554,-283.3511,-70.246605
145.09523,-447.9811,-53.233547
-129.75435,-58.87684,-36.326202
-54.248425,33.085495,-29.384062
32.36059,-91.11239,19.416286
-74.5653,175.50677,54.47755
-154.31808,221.83311,-48.419582
51.474834,120.00501,-103.394264
263.95053,-60.41805,8.4544325
152.70296,-95.50381,60.441788
72.383514,-197.37198,66.26991
66.78038,-403.6153,139.4895
-252.75945,5.7703743,66.36975
-353.0464,236.80719,-18.29182
-90.74112,24.15606,12.914521
-49.231075,-38.329,-32.598854
167.24875,69.45676,-3.8722548
359.13446,-58.79807,-25.384808
135.46573,-183.14206,3.4777737
-236.17104,75.06418,68.10058
-199.56018,217.44429,-143.2427
235.98337,8.122962,-6.957486
33.400864,-83.44232,116.48665
-163.76277,24.266819,-47.348404
91.42529,-236.29126,95.10276
118.78453,-100.09805,42.783512
129.61113,192.07547,-63.727436
29.56256,-112.65566,-29.818295
-159.00868,-210.00948,-42.39955
-303.9964,118.95295,-34.99713
-233.36252,538.8851,-195.78741
173.93663,159.58708,-107.64679
161.53087,-313.18054,143.0473
-223.54605,-268.85043,181.62471
-202.60849,-169.10732,-2.645276
231.5314,62.02624,-104.21076
218.60963,-6.4295707,107.883965
-283.40768,232.13988,-31.19532
-122.64578,167.24664,-102.367065
261.78946,-80.486,120.76895
164.34007,360.05853,26.589144
-11.542082,-2.727271,6.8313694
-105.97532,-276.3948,-9.360022
46.89871,41.087337,-79.91891
-22.791292,45.05017,50.10692
-229.51291,-7.445217,66.699974
-71.07939,-128.49335,31.137243
-20.631147,195.4389,-31.644773
42.870117,315.77136,-90.1225
158.67284,-81.25139,16.203518
196.11061,-142.53058,5.733295
216.67007,-224.8072,32.52577
-54.789513,-14.123789,54.092724
-247.78915,446.64124,-150.22192
-3.061374,132.32817,-84.74981
79.08358,-365.9502,140.35791
-156.69847,-163.90685,99.9468
-0.5226175,38.656013,-19.895454
137.92108,-201.58711,-44.83317
-108.761024,-52.140842,-58.90827
-94.509766,199.98068,-38.051632
-51.11734,148.80954,20.783594
-9.492375,110.65682,84.410736
41.484604,-102.694084,61.24639
-11.108555,-25.969254,-174.45554
223.584,-92.87478,-93.17433
170.08545,-208.11899,38.77244
40.595825,108.86574,-4.17549
-42.047386,39.814297,159.07431
-315.23404,8.691432,70.21727
15.5018635,138.16844,-35.28246
89.68241,69.11445,-161.04373
-221.96362,-208.83888,-217.60133
-60.28842,-158.76039,49.35772
197.10143,158.04912,70.482735
177.70793,85.039635,29.956585
-78.70702,106.22046,36.148228
-112.96771,115.771286,-127.070404
62.78408,-80.62254,-97.92185
22.948635,-185.85214,147.15457
-131.72572,-50.886387,91.28646
34.351322,-31.972235,90.0801
-6.785168,2.0033717,122.55458
-227.14331,174.14435,-21.213371
-19.020742,-12.239985,-59.493774
177.1949,-79.60662,-77.3499
151.74977,130.12575,141.93974
-14.550209,90.11483,230.95172
-62.64515,-277.18375,51.64916
25.157503,-269.82404,-99.93282
58.072887,0.58450264,-103.85467
-18.877218,124.13422,-55.036575
-8.848974,215.83961,-56.240585
52.334194,109.3518,110.026215
-85.73398,172.23273,62.017715
-36.27865,-59.159885,-26.218834
-38.81512,-437.18665,6.442978
-112.79306,-57.589523,-9.479205
66.534355,268.77234,26.499939
15.55352,90.425186,-15.153901
-127.50484,-54.30671,-7.7902713
-61.048717,79.845375,-19.067705
54.842228,32.822548,-70.60221
193.18774,-5.9760194,-69.56555
233.92863,84.521996,48.272762
-7.7206264,-259.38358,136.13718
-312.3318,-112.66645,-76.962616
-190.34804,306.29837,-169.74709
171.95108,105.586494,-103.11858
272.65552,-66.570496,-44.985703
-117.90341,-88.371445,91.2117
-327.56186,24.995193,145.54697
56.867657,80.69763,68.89927
119.05569,-200.81299,-75.26563
-60.52351,-241.20876,-210.16536
67.10744,67.6825,-170.44139
130.2384,151.76088,38.375256
-53.887238,140.41214,149.53065
-59.873642,21.462566,206.68028
-42.57202,-195.3504,52.49623
-11.896637,-42.91914,-121.38351
191.58308,112.4386,-95.27844
268.53918,-121.30371,-32.430542
109.306656,-195.51903,151.24391
-250.17676,296.28366,74.984276
-130.00127,215.74544,128.40274
-10.36773,-163.68561,17.413284
-68.96954,37.42207,-359.13925
25.915373,10.576857,-139.72784
-15.721889,-20.384256,79.05905
112.8249,-53.186653,86.2627
109.52808,-57.040432,-3.2253716
126.60541,23.847565,124.8568
-7.8714557,-78.32131,111.5204
-156.19856,-35.661415,-151.69083
17.709126,78.9141,-3.1991596
-206.63565,146.32378,-99.391174
-377.41223,-32.10996,-255.05504
117.28336,-24.54037,-65.771324
624.3246,-19.368038,254.77739
125.52795,-36.45361,229.28497
-295.566,236.7199,20.344103
71.409035,28.735712,-52.58655
174.22995,-260.06195,-281.22916
88.33014,-99.17818,-54.01445
-267.55624,298.41638,52.289528
-334.6814,165.07747,-40.448708
29.79128,-60.966766,272.1612
-14.246438,85.504,186.42302
110.16573,-193.20233,-61.503162
253.67949,-261.18173,-28.338205
-37.27797,15.416724,-173.49599
-237.91183,89.7497,-195.28139
-152.08983,35.73575,156.38156
-54.290676,183.5435,174.25261
-20.45031,-62.700977,76.030075
126.10711,-328.44147,33.239407
144.20264,200.20952,26.267427
-175.96786,137.13278,34.574257
-141.8425,-265.46585,-156.40163
265.68607,-227.09102,-25.509172
120.8592,40.708763,43.12026
-101.22959,103.050446,81.75634
1.5879629,-85.202614,167.72937
69.66518,69.78806,-5.602377
72.99185,20.018612,-82.46216
12.20263,-263.84503,-45.79448
-28.005827,-95.26827,151.69753
-92.91735,423.62827,37.754566
47.248795,359.62076,-38.4272
195.71078,-135.7919,178.77296
-39.60776,-191.84718,-33.498665
-142.80388,-75.7535,-231.80302
136.74654,-31.832754,-211.15466
48.24742,19.939062,-119.15628
-365.34814,120.82973,48.556675
-100.08814,-12.911099,166.28203
270.84354,-27.402796,78.35248
180.39903,162.85037,-148.04124
85.39042,77.181725,-193.2229
108.93399,-99.94017,-113.32101
153.2777,-351.4265,33.222576
-153.03345,-137.64816,-44.873623
-265.39407,68.837204,75.57871
-239.42468,22.902252,264.44296
-304.1088,334.3105,-58.888096
168.78484,-21.879381,-49.188248
213.6269,-306.58493,1.0737302
-129.66182,173.52107,-54.459274
53.9953,133.20981,42.113583
364.47614,-258.4296,144.57805
119.788216,-137.3478,136.26476
-352.14035,139.4536,-30.073803
-251.49702,-121.37865,69.65215
-139.66286,-151.19774,-35.968246
-63.06399,219.58052,-94.94626
174.08147,268.7107,15.109435
153.84357,54.744274,27.409883
-189.55428,-28.422949,-29.72366
-32.33664,62.581474,-108.54458
406.1342,3.093672,-4.204418
-17.834904,70.0041,-117.93384
-355.56546,14.018456,22.680624
-294.68427,-201.93217,97.40687
108.69934,-207.35985,-10.554466
294.7377,-8.447206,-75.943726
-100.68438,178.37202,-223.6972
114.29833,-6.109637,37.31076
184.06232,108.46161,82.86939
-0.5066959,228.40387,50.809666
90.23635,-143.29465,174.91562
-96.80895,-205.83794,42.3674
-194.7603,16.088154,-163.21983
72.668205,-65.61462,-63.628784
85.06043,-190.74075,54.464085
-116.91108,17.563862,-27.904978
-134.5396,149.9214,130.28091
17.776432,130.172,104.38141
386.4797,26.274101,-31.282206
86.73078,-6.0935,-109.60821
-409.01376,87.005394,-94.773285
-169.79787,-28.678244,85.775764
-6.8327475,21.468657,-6.9927187
243.94951,111.12743,51.488895
211.34995,-52.048637,60.898415
-148.5272,-114.37383,-123.08245
121.40257,-79.797935,51.66675
275.9967,-186.33388,170.52785
-146.90097,-283.152,37.195942
-453.33875,160.70569,-101.491936
-237.80983,411.44708,-56.303787
156.55707,226.65015,-47.455193
329.9875,205.31015,-98.85794
16.066902,72.388794,8.214996
-209.9952,-212.72093,74.04372
116.826416,-454.67877,45.08054
88.64108,-240.26396,-130.02747
-139.71593,-112.745636,-20.584785
-259.05646,172.44664,-22.610178
-83.15742,545.5338,-183.55177
291.43704,150.37312,35.70771
254.35878,-52.457508,46.472416
89.978004,-155.1919,-12.26345
39.987133,-183.2753,-43.83374
109.72438,-122.28479,-5.4124513
-179.29958,-62.98909,-9.605102
-386.66498,119.84614,-32.926678
-102.26957,232.49718,-24.220404
154.56062,153.12613,37.355595
134.62694,-153.94632,186.2284
87.1485,-87.30554,-45.751884
130.25851,-166.4186,25.997835
-116.82746,32.993572,95.07808
171.12483,223.05022,-68.995705
308.01154,-208.1471,0.032166384
-195.86728,-125.53301,52.72147
-214.04848,93.142845,75.4116
-218.7816,3.7712808,100.94723
-42.30289,-123.83583,131.42294
316.67407,-70.657005,34.79902
29.962177,-26.148867,-38.45816
-28.172531,-23.728231,-109.43101
225.79932,82.69967,-131.43686
-27.078697,277.8611,-199.74608
-34.15946,155.5338,-27.452162
20.09241,-95.4,174.12155
-22.775295,-44.03663,125.82955
-12.113379,-110.15808,168.24925
-208.7695,8.792138,13.546599
-176.74178,22.976185,46.842075
-97.540726,47.38924,-161.0798
126.78739,126.985954,-246.05717
230.71227,105.62052,148.93819
192.79227,204.79079,56.844143
156.73233,-268.6321,19.602451
-329.2698,-378.29465,103.27386
-420.17178,169.04662,-45.68942
-11.092553,191.34715,-95.244156
95.82955,-66.982414,8.866092
-33.290333,-19.278204,87.81055
-42.96385,110.00866,159.26231
154.38757,36.840363,65.95352
360.46283,-21.173243,-44.10468
142.36636,-106.805664,-32.31955
-348.97647,-127.32982,-190.99287
-425.76917,22.593876,-156.3243
-238.35495,122.51089,-17.082535
119.361046,49.595592,12.596082
407.88608,-221.58205,147.64677
142.44402,-116.822975,83.30803
48.91549,83.07613,-13.684581
114.13471,-167.17303,14.595376
-98.700554,-91.85638,-137.66785
-127.408134,164.34349,-105.87584
-175.21849,113.58587,52.08213
-207.87938,66.1717,30.629452
-7.8643503,-39.84687,93.184166
47.77416,-92.627106,80.70624
118.87951,5.416722,-113.70021
267.02908,-129.79597,-208.3981
187.38802,-97.15843,-170.53262
141.10268,153.45348,-35.593746
14.12727,190.95073,91.29492
-283.23242,117.70897,132.2398
-183.20892,-166.3644,162.64482
-52.230377,-281.901,42.649532
-80.93391,-76.44722,-54.846607
45.22852,210.97398,-44.970657
209.79474,108.87687,-16.249529
250.13461,-6.5888677,19.548967
116.94263,305.7324,-7.377421
148.86044,34.43397,144.3123
-12.781682,-101.11643,91.95551
-360.19943,78.6262,-29.86532
-198.58566,-174.14749,98.72994
-11.979289,-235.71872,7.6746187
-99.19553,28.63893,-113.343094
5.161954,174.23238,-132.3968
220.92801,65.38705,15.175197
179.21509,166.49615,62.435616
145.22858,93.85992,14.961504
8.916,-82.010994,91.09013
-156.01794,-31.641584,-52.739395
-18.895472,-153.03787,-89.29116
-147.08852,-136.12822,0.23176442
-259.3766,-191.63115,183.0177
-221.79147,-51.673664,83.549644
64.81844,162.8884,-182.90372
514.6177,33.511444,-27.175333
228.38367,56.465878,-198.67903
-100.05847,27.663658,-234.85667
-180.56453,36.836224,113.02296
-324.1841,-19.319956,218.50696
-194.12758,-26.59496,178.73657
107.08339,-7.732243,9.663579
208.90466,-110.10542,-133.46593
94.194885,38.40207,-194.27913
14.344419,26.976812,-207.13388
53.1254,-18.199612,-46.836308
19.15011,9.502618,223.66441
-380.83273,199.94476,62.015167
-236.12334,163.05713,-56.322243
183.60733,-147.77562,74.886406
37.15026,65.582825,-166.2235
189.20908,119.44822,-141.20021
175.86215,-103.4776,90.46615
-23.39322,-255.34897,24.98318
38.282497,-147.67921,1.4061369
-252.71176,183.19785,141.22208
-252.15025,216.36497,178.22318
45.3716,48.526035,41.335693
-37.77121,-85.39415,-64.51816
179.04454,-141.31107,2.5758514
254.81345,-27.020247,-10.975932
-119.48385,227.1954,-186.28639
9.395559,64.06664,-18.75729
79.04435,-118.99903,190.37288
-66.70521,73.99112,129.6012
-71.0357,27.987104,91.25606
-102.64293,-157.4509,-24.06918
123.85044,-41.490376,-150.10457
256.58328,32.573044,-92.05551
42.442814,-255.19116,14.354442
-53.84949,-164.76454,57.002987
-6.717314,101.3865,-13.120378
56.972263,81.31625,5.3319
118.39525,42.822426,97.74712
-268.54904,87.94763,-164.54572
-356.7306,153.59583,-192.67043
184.94469,-84.299706,104.36749
145.17737,-152.01086,28.728054
174.73215,-191.5904,58.348698
203.28316,-210.33705,99.69642
-98.43524,40.064022,-92.54135
-75.6028,190.79492,-100.65973
-225.1761,329.88797,-39.293076
-136.3284,-18.231255,30.634333
32.981186,-224.6808,0.7391768
-6.671073,-66.42714,-27.957468
217.61398,-42.79686,58.565784
184.54362,154.13477,14.593822
-112.69405,200.16254,-80.498856
-68.87806,23.822397,19.841076
50.17059,-170.15825,101.858376
-112.67245,-128.68878,44.785484
-106.14987,-92.01386,61.295677
-65.4171,33.9185,-74.82624
37.564327,147.77728,-57.526638
55.757862,18.40184,83.43551
-202.58644,79.2843,85.402466
-96.69795,91.389244,139.78114
157.91031,172.33008,-19.940449
275.11502,108.61729,-100.92245
34.17368,-128.70178,-81.17993
-273.9909,-149.54129,-202.53929
-147.15161,58.122063,-105.522194
9.80848,190.18683,45.645786
78.56774,29.927507,-105.385605
122.71437,-114.61288,-30.714346
90.26714,-335.04062,150.3089
32.628284,-131.19365,-60.722836
-47.394745,128.22699,-20.177063
-98.516754,14.839973,158.75096
36.75508,53.226696,150.0488
117.518135,-125.355446,144.287
-41.247223,-175.71043,17.085447
-28.09535,36.422905,-62.89676
27.392448,91.41165,-5.7862253
-206.55238,131.86827,-44.686523
-153.9683,65.6688,-18.173473
67.57092,-66.88223,108.60667
-43.91734,17.826056,3.5102491
27.22789,158.7141,-14.244382
242.5452,71.5751,22.204779
210.08257,-134.6353,-143.83621
26.64524,-146.62479,-51.428974
-174.38237,62.465332,136.75839
-101.27214,118.83317,77.59812
77.56809,14.055944,-34.596394
-172.46053,-124.2879,-108.031166
-250.60097,-85.421616,-99.67886
-12.091925,37.12842,-40.908035
-21.717966,17.545593,44.85845
137.4007,192.28833,125.68041
243.38017,119.32963,45.356552
56.851013,-151.75203,-49.05759
28.173101,-227.95883,-38.74473
40.75863,-126.75373,-133.8624
-163.52829,187.65489,-241.15405
-161.03062,-11.858303,-13.416436
19.532196,-146.5874,165.12445
-111.05911,118.16252,43.023846
8.523315,60.062668,19.289944
285.9634,92.46894,-40.08032
171.66177,118.98308,-61.930847
-60.563515,-97.61852,-1.6810163
-123.16785,-89.1074,10.689504
-63.8291,120.326065,214.62321
-40.37913,116.79801,179.26143
28.631853,-96.220535,-61.411804
153.8483,-286.23187,-26.31174
166.65736,-125.088875,-87.52737
-73.19677,88.41728,-144.26332
-183.30196,0.26607475,32.752728
-65.13295,85.33126,183.99971
-129.30191,370.41238,138.33723
-115.40861,367.49014,-29.658571
112.70955,-50.213955,-30.11399
127.85195,-257.4318,-47.38412
74.35562,-264.5633,-75.516266
240.43208,-222.159,-25.190002
117.50482,35.10683,-48.256374
-171.9395,98.15322,8.704254
-230.54846,1.112384,16.060032
-156.40439,89.74188,-50.336914
61.65614,144.96234,-21.23604
50.132206,93.04036,-55.470753
73.16856,151.21828,-108.85013
264.4464,-133.14651,14.827771
133.32211,-201.24448,105.68557
-107.57379,1.555034,30.426083
-127.04817,-34.265327,-8.917321
-16.887987,-27.91381,51.75508
-62.910614,-148.79033,-49.339184
-22.667744,-9.617728,-128.88239
-41.998623,126.18381,3.1230674
-53.93526,180.86244,-85.47703
262.79755,116.04244,-1.8551832
145.94093,166.9409,145.9956
-173.89388,133.3496,-94.463005
-53.713543,-420.6802,-41.2915
23.726274,-193.90111,130.70866
-140.2973,-55.330433,92.106094
-111.11408,-157.29404,5.979874
91.79129,64.898865,-108.81976
217.87495,72.16944,-14.902146
75.1631,166.20354,22.751072
-173.2524,231.29192,-88.149796
4.6000247,197.65083,-47.06645
127.76086,43.550682,94.33364
-55.15925,-21.972137,162.83647
-104.28382,-174.13957,-27.738037
-21.78495,-272.84177,-90.9689
62.931793,-213.35524,88.127045
141.35707,-138.11638,33.353333
149.69493,0.8243069,21.417025
-121.179276,150.95549,145.24536
-182.26917,438.69742,-79.62834
224.16937,157.5968,-164.3059
159.05899,-67.92882,62.4013
-211.46796,-218.9076,56.478554
29.953077,-252.20055,41.33347
156.51395,330.1986,43.873272
-197.0579,0.18334605,72.76412
-293.84216,-356.43747,-66.42378
-130.86421,-90.002884,-201.88402
-0.75749975,103.628006,-35.154854
143.05377,286.6887,-36.65924
221.52751,185.09302,40.988037
44.168148,-70.73705,106.844345
-78.558495,-370.9813,94.23163
-57.976925,-242.8188,11.659694
19.341263,45.546925,-147.69771
111.71721,54.7173,36.47973
-13.570188,5.0226855,147.05322
-129.8913,-36.7067,-10.692594
-212.8727,-167.08635,-69.01919
-253.40831,-244.11601,-64.25469
136.28227,75.40767,-81.67704
418.54227,354.86008,-65.53329
130.54662,332.7812,-76.606895
-57.84421,-17.467085,88.462105
15.913511,-177.38329,120.456635
45.47118,-157.42743,64.832756
-56.77224,-104.06756,99.87546
-36.260647,110.75298,-115.0454
-73.54625,7.7426505,-76.20386
-344.87976,-9.173835,-9.417386
54.201122,-90.494064,61.320766
374.74426,70.059586,119.879196
-40.807003,281.85315,18.402273
-151.06207,-10.761058,150.34303
-11.0416765,145.16011,-35.455826
40.332947,103.98623,-156.87262
-20.600668,-251.7063,81.982315
-244.14424,-57.88027,89.33097
-245.51395,84.89327,103.47641
94.78244,-77.43431,164.81345
200.505,-16.0786,-66.86642
109.03692,59.272636,-229.67542
-121.629654,-43.45217,-133.328
-296.86612,-118.42943,-14.236869
15.106946,-55.67186,106.19033
171.24313,164.24988,35.94496
111.16139,87.36267,26.408741
8.580563,-90.08728,14.599677
-94.998695,-175.2536,-153.67496
-24.330296,-75.893906,-127.07153
131.9509,184.48509,22.651562
179.56442,77.29671,147.7349
-131.44563,-57.373066,104.5912
-297.08777,-131.23409,0.2502178
-101.37417,67.5399,-115.6907
163.73639,454.76486,-143.24074
143.65721,156.88274,-52.082565
43.455265,-311.2309,20.005554
174.66884,-159.08289,156.30096
18.264822,113.24546,40.062225
22.615002,-57.785553,-35.319874
275.31787,-108.4691,16.64775
89.331314,-38.42934,-91.951965
-271.7065,-68.47959,-53.516384
-211.9807,129.07642,9.320542
-5.8822875,152.3741,121.54446
-270.7154,25.046686,52.273846
-50.38195,-64.04377,-114.303764
455.4239,-32.44151,-37.207413
91.13987,76.298416,-73.60691
-134.14948,-113.95955,-48.28717
154.38264,-260.13736,99.97059
180.85521,-10.530505,155.27876
-0.41132182,187.02289,65.355835
-138.72429,66.801216,-51.061794
-249.81496,-48.25095,-67.178246
-144.38268,-145.70738,-63.48348
47.75011,-0.5985355,-119.65277
163.2107,116.39487,-39.962543
104.57369,149.88075,107.35487
-177.35036,177.41142,-45.382317
5.2332096,-201.11717,-14.917011
197.53513,-16.46858,23.159624
-108.604485,-18.138674,12.924772
-232.57294,-340.44064,129.03116
-18.251995,-66.16842,13.549585
150.5487,-50.78448,61.787178
-24.84069,100.215385,-23.701187
17.545654,150.35199,-79.127
148.38057,39.40648,13.255182
52.632244,112.77196,-115.78617
183.9624,187.7911,-52.50109
112.8703,192.75703,79.09682
-213.12283,-163.2263,207.15007
-442.3824,-200.09178,68.30889
-195.21442,-107.427574,-12.11412
187.65968,-64.06221,93.58767
49.48334,20.484692,-181.70203
211.3345,-38.6329,-160.14912
272.9372,-49.098797,32.91936
-65.71852,173.03908,36.976543
-13.172798,368.48648,83.36057
-7.762921,95.25685,111.01848
-169.26343,-54.69414,64.01494
-82.53759,-193.87242,-207.24998
76.01321,-243.76508,-243.02048
-36.52315,-39.027657,-13.499705
-74.39744,146.41106,34.677734
23.287895,193.92406,22.796597
70.111374,-20.231972,13.806892
-31.053364,34.693085,-30.311808
-178.47664,61.563652,-170.09857
121.953224,25.411043,-180.6149
152.94762,120.64418,56.19452
-204.56686,128.6961,47.702965
-97.58156,-131.2988,-28.204206
44.005825,-355.73013,99.32573
-133.48361,-105.991295,40.30868
92.94854,65.263405,-51.275833
403.1823,69.652214,12.154858
-34.088318,-220.97241,143.3484
-261.0843,-245.12074,113.19187
172.23058,218.15671,-64.59922
199.9321,172.64603,34.150826
-152.11331,101.54451,83.061775
-18.247114,113.21437,12.089457
226.72775,-69.60472,67.86787
90.622795,-139.70934,-33.615044
-100.86825,-83.73264,-214.85461
-72.6626,-81.19201,-153.89116
20.306467,-122.17927,66.454285
-161.92784,293.7822,37.441727
63.18694,403.57764,53.268036
202.42201,-145.05894,188.2976
-360.08963,-339.4796,-19.406109
-55.451687,-243.44786,-135.97423
517.59265,-111.74787,-91.63002
122.30135,136.23813,-59.49727
-329.2406,217.2077,73.50546
-398.351,14.360548,115.54241
-201.57344,30.608124,68.93333
69.499146,187.55142,-30.698437
181.7846,142.41014,-68.11955
254.87582,-11.494318,28.847372
51.848232,-162.59125,3.44736
-319.59613,-14.658638,-104.53359
-160.2611,70.78095,-54.920197
115.97412,-79.61066,12.64721
42.380505,-69.9225,-53.23267
170.81383,-30.45629,-19.225689
302.83237,-52.104706,43.6842
-94.35728,82.227104,-76.14016
-177.38416,110.12007,-8.110914
56.491325,-99.659744,51.235893
-151.18561,21.334436,-98.71711
-115.72662,268.3575,-27.147375
117.6511,97.30598,97.93701
34.26474,-258.87546,165.77853
-53.110493,-307.1631,53.50392
154.8199,-164.67805,-95.52763
267.11462,-29.30358,7.931174
-266.57153,236.76305,-22.489283
-455.92773,266.62778,-53.838722
-5.149801,38.13645,55.913727
14.829805,-145.69798,118.10072
-47.908154,-67.739815,75.72633
262.73163,-33.891487,0.3062968
192.83073,-225.72221,12.033014
-111.23958,55.85169,-20.008642
92.65893,236.30907,29.002634
177.01523,-35.854103,56.01966
-185.78464,-77.13601,-36.189533
-248.12598,89.10543,-35.468086
48.572327,80.81601,-90.08296
170.51338,-160.89471,21.649796
-8.6442375,-7.644772,72.04268
-21.478193,153.2086,-13.105428
106.217545,66.0382,155.45828
70.28622,229.43396,-44.925873
-0.8152049,32.920933,-116.84459
-192.40004,-191.83768,-19.689518
-88.29164,-142.54825,-114.000404
147.04468,-150.08553,4.1695695
-41.265976,106.40199,-43.50017
-81.65069,298.35892,191.53532
1.8524998,112.5142,158.02217
-3.8598323,-239.00122,-33.181133
-47.090256,-212.98763,203.99226
-32.432987,15.953204,31.725145
110.28173,-27.081396,-87.81972
110.77513,-120.57303,-129.52869
7.088996,-165.9912,-80.74572
-70.44985,20.046103,-59.52362
55.808647,219.01376,-49.075733
231.92851,87.32322,273.02298
65.14675,-189.48518,145.13298
-328.0244,-121.98915,-142.841
-248.74324,65.008415,-128.83727
185.11227,-19.224655,34.691048
43.894535,4.189257,16.19965
-185.2397,9.228007,-203.10884
136.01929,-124.506096,-66.50669
318.5825,-36.98155,76.6448
-1.1490527,216.84792,-91.80795
-139.10934,105.45413,-10.152696
-113.41931,-98.36566,85.56069
-340.3253,79.49345,-33.21132
-338.2381,182.48193,77.679405
-41.02153,3.3964632,76.35875
234.38406,-187.32608,-25.836815
227.78687,-181.57692,-27.853876
143.31416,-110.21156,-77.27508
244.49515,-2.0917647,-120.18006
48.44731,275.86932,-196.17514
-149.31235,371.09088,-51.191204
-66.44744,134.70984,165.2277
-207.48778,-85.04609,158.36258
-367.51877,-290.31525,128.9232
-74.94205,-263.209,102.28269
274.54984,16.929846,6.106108
284.08002,-89.83909,-48.20073
106.10861,-233.46725,5.783923
-76.69158,9.246082,-2.2971907
42.571907,306.01285,-136.0102
204.5122,342.2564,-112.91628
38.247402,75.18117,67.00851
-140.41164,-85.323494,5.2261014
-105.97105,-146.63368,2.0039654
-26.234802,-184.82053,101.586586
27.76277,-112.33392,-8.913783
39.744717,-47.17018,-11.036553
-91.54829,80.27125,16.055647
-22.014355,20.617737,68.554504
41.02805,32.75646,11.214504
-33.12129,176.63809,-109.83981
102.98558,87.10821,27.023006
173.59645,80.41696,25.0411
163.31575,-32.16281,-36.59647
6.03404,-22.166065,-51.671593
-111.238594,102.37484,-20.076824
93.009415,76.181366,43.75153
169.83347,54.41423,-28.848568
-33.318966,-136.0721,-77.89125
-164.5031,-85.50785,-48.863842
-79.183304,59.83703,22.62043
-64.42478,-32.074707,-14.853855
-20.776405,-121.8211,-54.368626
37.30905,-48.91347,-30.59587
-64.35816,4.7671423,16.485178
-91.15035,30.12899,41.757256
-112.08246,229.83817,-86.40437
25.807898,97.29521,-66.81392
210.82875,-171.70041,61.14321
38.658596,-169.1918,73.473366
-86.688774,-64.993454,0.82780355
16.062737,-56.661507,-40.77281
39.304344,-8.051518,-11.238444
32.069336,212.85367,18.501955
50.736084,121.330635,121.769714
-121.93279,40.7523,40.191483
-161.38268,40.150715,-15.269578
9.44276,-158.80046,104.86198
-31.432283,-256.64282,26.502388
-69.9025,-195.4113,18.791105
-2.7481375,66.94751,71.77786
35.99932,155.28156,65.4872
-23.882107,96.33437,48.789143
-43.185177,104.98295,12.87349
90.509224,20.51577,-22.871662
184.21356,-69.9743,-74.32795
123.47099,-62.755314,9.669182
-70.3758,99.93496,66.598114
-83.914536,93.569336,14.809352
19.632807,51.717373,-67.15979
14.998768,87.74418,-152.79817
60.772938,-54.577564,-127.61946
45.39744,-40.973774,-37.678658
-131.24437,163.40816,-9.649875
-64.168,24.90077,69.98369
19.069643,-250.32274,35.564377
-121.8765,-55.445053,-176.5169
50.48984,56.085278,-38.070576
225.85464,1.9882016,87.243164
107.97711,-25.833426,20.715277
-169.23647,-234.32495,85.71945
-182.7473,-195.68893,143.53645
114.24638,98.36722,44.124374
69.98207,308.02533,-138.8237
75.31496,115.35954,-21.791965
18.957214,0.40096113,35.76563
-274.68988,96.77401,-79.76918
-152.32997,-76.7576,-82.542564
198.24997,-147.71922,13.836817
109.99372,9.92016,43.987457
-192.17532,229.47778,-48.18832
-88.924095,95.90097,87.22303
66.66135,-238.82558,25.434238
6.00314,-282.98267,-71.35037
-163.71729,-85.57096,39.590137
35.35062,123.50263,25.425508
289.01932,-25.980356,-18.663483
-101.124176,-204.50548,-25.881899
-242.45654,81.77398,123.76617
61.79917,383.09418,60.730907
272.5125,6.9167275,36.369568
138.71252,-432.8919,151.63628
-220.11827,-153.09267,-18.326843
-164.35712,349.3344,-172.34756
210.82521,173.457,-40.45087
89.553154,-186.77127,141.66537
-210.17209,70.329834,-59.659847
96.54485,0.8786849,-48.337734
123.81128,-66.60625,116.04284
-180.20029,164.19702,33.232307
27.832758,-94.767166,5.800273
98.194435,-189.02698,-43.531025
-154.10513,94.19868,4.323251
-64.342705,252.5997,-42.479843
-70.72223,32.770954,-85.06335
-172.90805,-77.143036,-111.742424
129.66986,-62.24242,-199.02881
160.98529,-237.24895,-88.727036
23.825699,-91.8073,33.789257
80.802444,78.28578,71.84905
174.83214,143.15169,20.211082
-10.687293,137.58203,120.48079
-459.52728,12.833472,89.65697
-172.06866,105.879906,-81.561584
296.66794,87.524666,28.862984
18.660122,-121.0256,59.49878
-168.5018,-159.21912,-34.781715
89.62723,-74.676384,-42.879745
56.295555,130.02898,24.610428
-59.602867,285.71164,-20.75055
165.7713,62.95086,-43.925167
86.27484,-139.13806,50.40801
-52.1581,-161.75813,23.732853
8.490635,-33.45634,-147.80325
69.34078,214.7938,-187.50354
159.18404,83.33397,38.624294
-217.23326,-95.638695,49.553
-274.97888,-90.43226,68.384766
169.96768,-116.86581,205.19939
81.9949,-144.94196,-12.955956
-20.246847,-83.90342,-170.93835
46.233444,147.05902,-41.754066
42.42089,104.70514,38.854797
36.5811,3.7429838,39.32676
-80.99625,207.37186,91.19515
-70.469475,90.411156,131.15775
14.435107,-244.94362,64.075424
-49.831566,-31.92639,-89.93953
56.605278,73.0567,-143.95528
158.8739,-283.2175,20.569069
-177.22502,68.92303,79.74507
-132.96606,286.3897,36.31047
228.14656,-258.2849,73.47392
50.80045,-200.31561,-36.207607
-90.44851,113.94312,-93.260086
36.1414,74.10075,-42.952316
-49.638798,95.25724,-57.55749
-137.1126,163.59859,-9.818869
170.18394,-80.21948,79.249664
218.04097,-287.4534,148.65944
-159.52423,-151.73804,-4.6443653
-151.33313,-84.54898,-102.488594
-57.013187,77.28096,-15.225819
-75.73987,171.9772,-46.946106
114.40882,95.13914,-27.26467
227.23476,68.7497,37.43954
-9.1344385,60.546776,58.7748
-223.63954,162.08664,-39.20592
35.77238,18.555048,-92.51197
231.33484,-193.67487,49.779385
51.217094,-175.65271,76.29958
-107.6883,40.488617,0.21227588
-182.7881,133.99799,66.33
-85.08255,-80.42278,108.791
87.46244,20.013172,-89.658195
143.81268,133.76321,-144.09694
139.27753,50.62157,12.800287
29.178959,13.664446,8.087549
-58.291573,-1.9348246,-56.896473
25.542328,26.012617,72.818016
-11.714135,10.603078,88.45574
-86.54901,-45.098206,-72.92204
31.524393,-239.3566,81.61501
-123.6571,-178.00177,123.92483
-282.61325,52.923073,-55.74747
14.285739,144.15526,-37.44866
271.16537,99.1681,28.105438
180.82446,-59.980247,-5.1158853
5.690378,61.70145,-99.56921
-11.187272,147.79358,14.065119
-4.189572,-38.408756,21.771278
-14.754974,-238.46844,-116.775024
-73.84124,-67.455475,-28.936007
-119.08265,60.85277,4.698884
37.01773,-170.03633,-56.5815
142.99295,-8.278319,7.846319
-0.5862494,136.75702,32.239994
-22.2693,-62.03045,-109.431625
161.66252,1.0921223,-107.89538
132.0426,246.17708,-26.115133
-165.26819,8.745296,70.83388
-372.41345,-127.57414,160.93158
-126.52276,197.85898,66.20383
95.020584,-70.69317,-30.6299
11.126289,-432.18637,-41.478214
21.023302,-187.54387,32.12662
59.431995,130.72803,44.381634
40.37623,166.0211,27.25806
28.770937,46.30055,76.093796
-2.4370835,45.51531,105.3363
-186.51889,174.04842,26.911697
-69.21955,32.70892,-83.719826
295.75156,-246.35934,-50.13801
107.88031,-5.4408126,25.210365
-243.12306,81.09227,102.28277
-131.2234,-115.70536,101.40613
105.709274,58.735786,89.28789
-40.81652,167.74283,-2.7653537
-128.01317,-2.6469276,-65.19286
17.430622,-13.779869,-72.60307
59.9748,152.5632,-221.20947
118.37215,-44.618885,-35.866634
137.1608,-79.94319,132.00716
61.145283,159.91628,41.04728
-140.78313,-34.753105,-51.551643
-125.44888,-89.4274,-53.9646
12.300454,107.53751,77.328865
14.3920355,135.00684,-26.078295
173.81996,11.021993,-45.6515
229.47488,-134.02863,31.922112
108.00512,20.69711,8.577164
-206.7313,200.54172,-29.502705
-267.85953,-100.39112,-45.00247
140.40804,-211.78438,53.866837
229.50693,181.0377,-36.76175
42.065067,80.46393,-49.944836
-56.801914,-214.08696,48.00211
-21.292625,-85.465935,-53.895905
-87.13048,-14.70191,-83.93136
-153.40813,-0.9957109,-15.387797
-11.311721,-8.826185,11.415826
-77.408714,-169.6652,-41.77256
-149.59503,-136.1572,-39.628433
158.66711,106.47731,14.734792
330.62692,79.44565,-46.008694
52.046623,96.7408,-65.09172
-35.990566,103.69191,98.10875
28.979954,-164.5013,179.66106
-201.51161,28.20067,53.467464
-285.06766,120.84186,62.595425
-47.942245,-242.9088,73.07191
103.335106,-117.37041,-81.51154
-44.433567,235.00974,-81.23484
-17.463892,135.11943,20.132557
152.37042,47.043484,2.6042347
24.036037,170.59866,-9.08872
-56.001556,-82.70506,104.55609
-34.091465,-188.8181,52.59599
-39.42106,67.421364,-95.77324
-102.06842,30.149805,-21.573044
-117.66249,-32.509487,56.29251
82.711975,148.744,-70.112175
276.05832,123.73161,-102.19531
200.98425,-51.918213,24.337088
28.249718,-6.5523005,-19.288067
-27.429506,-124.395164,-75.41549
-253.95047,-192.53824,-46.659958
-253.78505,4.724618,-12.71793
83.739334,100.21988,16.286758
1.584693,171.23334,19.139227
-188.49301,176.54808,34.510517
49.91628,66.86898,-52.40546
331.89645,-137.73175,-51.04939
261.04828,-163.54968,57.635098
90.01391,-26.991636,0.07382533
68.010155,49.693947,-46.488403
-42.60313,111.07733,58.630264
-241.07619,-78.98885,169.74329
-185.41129,-143.59277,102.24769
-19.634504,-51.632328,-36.227047
-10.862779,-79.48439,-71.32795
148.04143,-61.583992,-57.283325
343.2747,-166.12486,52.46986
-8.338559,-55.3039,74.76657
-246.43277,258.9476,22.537374
37.957676,291.53705,19.68299
46.712116,14.34515,-32.025307
-164.84393,-128.04645,-31.174656
-118.13636,-52.02959,-59.680546
96.81339,-106.353134,-26.359547
98.12932,-46.210545,78.91411
61.008125,-60.711975,58.402096
70.21488,-34.11325,-29.779255
-88.87068,140.5058,-42.83106
-31.686623,152.10315,-8.142155
61.720787,-53.048336,4.200145
-138.01408,-276.38782,14.703455
-245.2371,0.64783365,-22.286123
5.0404925,130.89833,19.075703
169.71742,35.51817,-27.865154
45.60297,33.62035,0.40624496
-78.70054,22.964334,22.373524
-41.18886,126.50251,-117.29062
260.67343,43.0189,1.3974704
233.7272,-91.33872,61.464333
-196.77133,-199.77296,91.29449
-202.11961,-27.860352,45.877632
62.259155,112.87445,-20.62504
-85.841064,59.285736,-48.725296
-136.7919,186.31386,-146.7528
124.977585,33.668697,-21.579012
57.846413,-101.68904,7.6136007
75.81978,-75.425644,47.46334
179.61388,-88.35099,132.37122
34.544266,-57.605297,98.32868
-131.69228,130.60277,-33.310234
-164.69516,148.57368,-81.83418
-35.437935,-112.84897,13.255042
-52.724136,23.30612,8.327222
-50.715668,38.695004,119.051445
51.749226,-121.0683,114.29497
105.23684,-35.352917,-45.2517
188.95549,-82.34974,-94.49226
147.9972,-66.19387,-38.190037
-0.7685399,135.20091,-65.03485
-65.10745,181.07312,-88.6689
-41.85809,12.455839,33.871635
-22.990812,-25.798805,28.012413
-28.22313,39.73213,16.655704
-147.6129,-22.83072,-55.12106
-253.40921,-23.793602,-40.22724
-66.13637,83.45385,-56.282173
267.87326,9.694654,-47.67218
194.88364,-37.15902,193.07106
-230.14474,139.42505,52.33698
-225.35489,30.681871,-34.410885
-31.871122,-211.17087,44.443462
-76.3266,-218.67455,18.086632
62.23919,-46.478374,-43.547775
306.46338,-9.92597,-93.5082
211.98137,-139.65985,95.27974
-28.291039,77.908356,49.2499
-55.50135,111.53589,-73.541565
-35.271248,-138.92018,20.858051
-18.09258,-60.10378,65.56355
5.4154944,55.08668,-12.88267
-65.14847,-64.02814,-21.269855
-118.16536,-50.143215,111.50164
-77.1652,242.04404,-68.3458
193.84174,143.76892,-174.91054
314.82022,-84.38943,58.22557
-127.30793,28.52186,78.798485
-279.8678,-67.827484,-4.3765955
72.07509,-222.96555,35.382957
174.0611,-2.7405102,14.868267
68.6008,160.99551,-90.460266
-56.112747,100.96313,-49.117714
-147.7217,280.61334,62.325592
-34.16936,245.71347,52.012363
183.50948,-141.82481,43.578384
23.12649,-220.11891,-68.00397
-112.83569,-169.09973,-128.63573
92.5898,-138.97925,-90.11514
-63.380184,-58.943,-129.96417
-176.83282,72.3354,49.869587
-28.841906,126.229034,54.058567
11.189703,25.348988,-24.964607
-21.429743,70.68346,23.519384
-40.911026,94.61687,-101.40908
68.27784,-98.31456,-27.918123
69.20566,-194.58331,77.29576
-87.767815,70.2742,56.65349
-133.85155,229.54004,-53.352497
135.69164,-140.83527,-15.712842
201.99113,-272.76407,88.96974
-47.461884,-18.26104,-100.58764
41.72525,61.122402,-98.7474
124.62348,95.67573,17.025412
-173.67137,124.095345,73.21615
-375.64676,29.468124,40.86287
-63.28909,-143.80638,-3.156086
225.35419,-29.935795,22.867325
96.60355,236.98152,-87.454285
57.60789,-41.545418,-78.162094
100.814896,-297.5006,16.975348
-5.3955107,15.867296,74.815125
-84.25875,210.2256,67.82583
-76.54534,-72.03425,61.03975
-129.4757,-233.09845,17.945032
-134.933,41.03624,-126.4299
49.765293,129.6881,-138.79543
206.66156,3.2661483,-71.76167
181.87294,22.030066,52.842106
-28.568089,38.58204,75.77597
-108.84294,-82.67938,71.41105
20.613876,-141.58171,113.30346
-1.8997964,2.1542099,31.610859
-40.781235,-80.730286,41.621975
-91.94451,-122.04255,37.928867
-208.34499,206.48576,-111.97818
20.740124,202.9585,-99.50249
282.5059,-25.804573,82.02862
120.915855,59.452827,64.05041
23.469284,123.42544,-15.237902
66.24546,-57.77924,88.38467
-18.92067,-149.25154,82.02058
-14.303376,-136.14525,-38.032917
45.386036,-143.41379,-29.59391
30.87483,81.339066,-48.000393
-37.621662,223.96742,-37.173153
-179.05383,88.06266,8.752512
-133.78595,-16.498524,-3.6883478
176.45595,-96.188156,58.11251
209.17265,158.91042,-59.17108
46.12151,211.13683,-45.49164
6.0098276,-150.69925,111.87483
-209.34293,-47.03694,5.177886
-289.28778,113.331635,-26.151144
-34.86673,-74.61875,-45.40253
53.15661,-141.9602,-112.85283
-31.042355,140.52193,-88.46255
111.211365,88.60474,84.899025
219.11096,-91.847084,131.8004
-22.085554,11.468775,-41.99342
-169.88649,-189.0315,17.634636
-141.31827,-62.26246,37.204414
-79.942,173.1593,-61.62152
-23.741055,69.32336,-59.214104
-1.6599683,59.138824,36.3728
83.83085,18.179296,111.94633
213.21373,6.3841968,-22.987658
219.94412,-23.092594,-12.446989
-33.734135,54.010033,50.739914
-169.30345,56.31023,-40.294514
-115.68679,-88.724846,-31.9723
-55.71593,13.405158,-36.289898
41.504677,154.91891,-122.780136
43.141003,33.008224,-119.92423
2.4790056,-162.14992,6.84959
-34.55748,-178.60484,133.9076
41.51661,-191.52922,75.12311
125.39827,-149.38327,0.7010996
-19.858418,-4.296964,143.97249
-116.79244,115.14427,56.743816
-49.8972,58.13401,-79.27701
-20.70135,36.281235,22.625364
77.91343,250.84077,-19.991457
162.11105,60.264893,-57.340073
29.257965,-262.16418,-9.530645
11.876406,-175.53648,60.756596
15.120582,-30.182133,-8.234485
-81.93287,-44.7646,-2.167716
-112.12668,-76.119156,195.60196
-99.4687,98.90467,47.046314
-18.121643,134.08806,-124.506294
-5.2662497,68.42384,-19.946404
-3.0328958,154.78777,59.34669
-9.456202,67.25963,36.67541
11.716964,-84.663765,25.290867
114.69758,-77.317474,18.242037
73.61279,37.64599,-78.1436
-94.87494,103.73271,-187.75005
-83.71701,11.998534,-110.383995
95.29493,-102.11499,8.262965
64.96966,-37.94108,-74.43687
25.610971,77.52634,-12.823439
87.488304,39.12724,127.89713
59.23254,31.378902,-1.4772156
14.675361,-24.846962,-128.72229
-89.80765,-103.654854,-33.364975
-224.41469,92.820854,12.600083
-89.3008,122.40934,20.304062
107.63109,-187.48804,117.06073
-6.563771,-173.85156,60.040936
11.119266,-45.384007,-21.597174
91.61454,-137.98683,-51.58323
13.868262,62.70489,-105.774826
106.18322,244.83253,-119.0445
55.103977,79.4205,-29.606466
-314.0391,52.246487,83.58736
-393.98322,85.09323,79.03714
52.36073,-199.778,90.067665
375.4308,-382.80133,63.02419
136.4146,-72.68152,108.6208
-206.13432,160.59357,131.14598
-96.21919,11.866863,-16.218765
139.54329,-100.873535,-42.1528
106.64932,106.95395,-19.004717
87.90559,275.36224,48.308598
59.250675,214.76126,9.296706
-84.61153,141.81413,3.4732842
-110.17142,-44.07799,46.583614
132.05081,-358.03812,-54.139465
202.18454,-295.59988,23.903126
-11.613085,185.48167,2.9453568
19.47703,111.16612,-0.56823415
3.963599,-121.2156,-11.318262
42.802032,-25.072018,-148.13203
132.14734,-242.51686,-80.64401
-122.39619,-121.7191,-124.77808
-111.556816,427.10135,-74.3606
14.056512,466.81436,92.18667
-116.20658,30.871931,104.39648
-155.71947,-207.8062,11.001082
36.830082,-185.72385,-141.82603
112.51472,-172.67783,-92.85834
-37.63875,48.791267,5.555853
-99.603485,254.7445,104.91964
-92.10156,65.432365,199.19505
68.36282,-177.24376,70.46732
39.481537,-104.266014,-214.46844
-94.16455,-36.721336,-296.10648
91.755356,1.0462193,-54.553356
163.47273,158.23274,132.25783
64.30925,66.16997,250.39517
-48.31334,-77.40319,190.35693
-114.25275,-84.048874,-42.572857
-145.10274,21.301888,-193.33363
10.64648,65.85214,-156.7115
117.128914,-195.90504,153.86511
-133.75763,-140.81245,198.36226
-92.14522,149.63716,30.968771
94.02351,36.435368,-81.63746
186.91498,-103.43003,-243.48508
230.85913,74.65795,-172.94017
-56.411007,166.50247,82.30457
-184.21964,29.961441,291.32782
-23.888494,66.2323,118.28885
132.80855,0.97876126,-138.51842
139.95404,-128.69286,-62.98115
-91.061485,99.72298,-76.075096
-184.82875,182.02795,-115.24006
57.989273,-31.07125,73.26337
185.55698,-139.54742,189.21756
-61.296703,-14.86241,27.175182
-147.32805,18.598349,-146.53201
-12.745867,-84.73038,-92.35152
-27.974854,110.80719,-59.612965
-87.55156,250.61493,-56.674564
-3.4378889,-56.763783,179.09485
112.63065,-206.38008,141.5048
97.89159,-88.35012,-87.499275
12.400866,-110.263016,-86.696236
-44.499763,-136.04468,-50.019894
-17.018183,43.014874,83.23289
-67.537605,198.33655,56.99565
-12.332047,-67.68493,8.009094
95.49978,-78.6872,53.271378
32.819164,222.13393,-24.656729
32.234425,-1.3887465,-4.4182296
-18.142399,-188.97409,96.82085
-19.371393,-77.19819,85.175545
91.08796,-129.2144,29.49915
54.92237,-191.7257,23.387484
-103.21074,139.39273,-148.12267
-60.62758,277.82266,-175.05388
24.837513,-102.282875,47.63956
-26.805582,-114.450905,137.20596
85.42916,166.07803,33.238106
210.85556,192.61275,-38.528797
160.68129,70.61667,56.925793
-91.82155,65.46185,-49.226673
-240.75826,-68.662895,-81.37181
-154.15791,-279.5,55.970566
-21.984045,-35.377045,3.2210317
55.84248,159.10043,-26.137877
-45.52807,-35.98462,13.42065
-124.075676,-88.81486,3.3371234
-51.453426,208.9132,-65.16322
189.50253,265.53436,-53.148872
304.31003,11.152908,24.06486
58.08078,105.17736,25.60073
-203.80098,203.21684,45.856617
-223.21118,-67.43047,36.388523
7.2621117,-392.8668,-3.3038468
171.09047,-326.4507,-13.794148
10.751187,-63.219284,-28.447004
-88.52667,-97.01592,-49.11603
27.965965,130.76782,-95.114624
39.7943,289.5772,73.50506
-27.10994,-89.561775,171.58348
-29.101543,-117.18898,63.847565
-95.840164,155.51088,-9.193133
-128.32066,30.02976,-67.147865
22.619669,-179.54659,14.636373
-1.7543547,-36.82927,12.730725
-83.90407,-83.56167,69.42529
34.151474,-144.27779,36.6751
145.46854,126.39542,-40.551052
126.003395,128.95093,58.293133
28.917154,-56.46478,-35.658504
-33.734947,-16.050484,-63.678936
4.9325767,173.77927,-13.414253
42.57798,90.64241,57.371838
-151.11797,-95.82607,29.518745
-108.12909,32.666416,-8.393039
21.522787,141.99942,35.288757
-165.44002,-112.11871,-23.23863
-183.1971,-224.08566,-44.42955
-0.7641606,81.36294,-92.75851
170.10065,142.15599,-44.35177
237.61145,79.83329,4.8739953
285.59555,46.338223,68.6966
83.786285,-90.03081,170.12161
-156.80257,-123.217834,60.149994
-142.94835,-56.467045,-123.12921
-151.71231,147.4888,-102.052956
-109.90439,50.756424,59.78395
-140.13802,-122.390594,-1.6522336
-24.798435,17.088173,-32.871212
157.12431,21.296759,49.28273
208.10222,14.912453,-6.172384
210.68459,0.5519968,-65.21671
-20.168339,3.326357,-24.281744
-222.8116,37.113583,-14.735057
-231.78897,-54.435078,-93.60749
-48.185978,-45.865166,-15.788369
-3.2595315,-7.4093,49.87724
-109.54263,38.385365,-14.450604
50.969833,78.51237,33.86528
305.0161,-52.42566,142.89616
232.05907,-259.75305,52.03437
-17.23527,-149.8941,-233.14798
85.99593,106.80281,-155.37735
-40.629635,177.06966,40.17952
-329.1888,188.54434,82.070526
-224.69408,115.70934,233.56366
-101.39013,46.092617,102.45128
75.5846,-90.55847,-110.38712
129.10066,-8.985906,-237.36159
146.4055,-24.818518,-128.22424
124.426125,-266.35757,134.95763
-29.991892,-36.72846,30.794668
-48.735542,124.20464,73.3133
-150.16846,123.09231,94.50963
-179.53464,78.47618,-135.04684
-14.263195,-34.567623,-125.09118
109.44003,-37.574734,111.77236
-4.7286263,-9.757957,179.56665
33.672398,-49.76479,76.71246
282.76465,-145.17949,134.84422
89.288506,14.211302,-2.3071995
-194.82742,140.7145,-173.85359
-144.44843,75.42651,-36.840126
32.75928,-101.945015,23.47953
77.19534,-69.924934,-14.138639
-74.43578,224.98842,-64.21538
-127.32752,158.11221,-95.21589
101.49,-63.649925,-1.9023154
210.13126,-69.428894,38.390778
51.796577,10.901852,-22.797579
-16.98384,0.51124084,31.306923
-147.54826,82.93084,70.72629
-291.0357,98.07136,15.052459
-174.86142,-65.82935,5.7544656
-21.69058,-39.08018,-102.25206
167.46135,20.691559,-169.82011
316.8766,13.372255,-16.51131
138.99815,-45.637802,79.66575
1.576389,-20.084673,35.960827
45.32647,32.912643,55.270878
-36.244404,34.391834,118.01148
-80.04076,136.52615,-1.1810076
-100.74253,-62.654793,-110.304596
-191.19603,-256.27634,-86.97618
-69.54269,-77.76728,-29.431057
174.32079,-76.65158,70.37491
285.858,-105.30457,38.7402
227.5251,9.16207,-60.08049
13.677019,110.35319,-87.12898
-104.38946,254.46968,-60.28575
-56.638554,55.17435,-7.214274
-139.12784,-216.62851,8.261856
-149.95157,-89.28721,34.698116
154.19043,25.98516,97.62141
161.68309,17.519495,22.55753
-48.87944,-164.291,-54.58522
25.62509,-177.38828,-14.481651
111.791756,89.562195,-25.894247
47.48477,146.63792,68.6783
-199.79239,223.95412,137.78888
-284.86264,120.44257,89.71498
-143.7222,-42.55251,-46.44609
14.004347,22.146358,-147.70482
269.5837,-137.04683,35.556454
232.58142,-282.88718,77.068985
-36.12481,-163.61374,-24.412638
18.328255,63.03077,83.66382
123.042175,108.26367,104.8859
-168.99698,42.46464,-101.36613
-287.2324,40.309795,-107.16432
18.160593,97.38807,11.013527
177.11835,270.3467,-27.8595
94.50252,164.87383,-6.4339833
177.46507,-264.901,129.69576
199.55022,-393.13757,31.638058
-170.77126,-3.031636,-222.09459
-223.95375,177.52603,-84.62532
-48.536793,-15.930255,40.20515
-91.61124,-58.01734,-6.6413264
-126.23173,37.154392,18.858067
32.71882,62.38495,24.977913
224.91501,-27.945288,8.580895
108.67523,-38.367344,-84.38453
-7.219503,-3.906499,33.047344
-89.396416,148.71225,32.934807
-42.653694,171.33186,-26.2786
-17.123838,-81.3699,102.13082
-126.57002,-89.12952,7.190072
49.6054,-54.469883,-78.87298
56.32675,0.32998085,-118.10539
10.8225975,-35.115807,-35.4971
22.7316,-146.00499,85.416084
-29.700342,62.536213,11.337829
-37.097633,180.0864,34.23815
-86.35925,144.21661,39.467754
-13.916812,35.87219,-79.99136
-91.001625,-105.38878,-16.026703
-54.6559,-13.507364,109.24952
180.17824,47.566006,44.238358
39.076317,-200.06386,20.980461
-159.21117,-233.69048,46.971333
9.722907,-34.844673,32.416428
169.33405,-11.661032,-124.32541
144.11064,142.79094,-150.43846
156.16815,108.88315,190.79416
-57.02887,-34.138016,130.35239
-264.9681,40.966843,-99.67314
-173.67569,49.066998,-30.444895
60.11324,18.692715,-16.817303
224.70671,-178.83456,-11.764491
46.640846,-162.50847,-74.569855
120.572105,-9.452173,-30.508282
277.27026,158.33992,40.19026
-84.81959,303.2714,-57.530075
-222.29031,-104.44809,24.19914
-160.55014,-114.313774,8.822092
-239.26294,180.84903,-86.32878
-98.142204,89.31567,34.974766
100.05598,-51.162033,148.01968
76.72247,-199.7054,69.6096
13.253446,-98.37828,-42.621113
101.756935,78.71602,53.425407
86.29913,141.72432,39.29303
-54.46669,11.852555,-23.169132
-99.58797,-54.65751,-40.191067
-38.381554,23.017694,-117.08206
-8.254679,3.7867525,-63.42827
-35.914616,25.573233,52.01902
10.259009,-93.07585,134.19638
-54.707905,-12.254117,13.284067
-114.26626,126.64172,-47.22769
-59.42436,-27.985323,-24.37929
1.2860835,-102.31318,-61.55434
25.793549,76.71245,-4.915004
30.474586,89.710686,-1.0938922
94.15883,-67.09228,43.684635
67.476006,79.40817,51.45045
24.944595,54.384766,-16.841217
-35.08843,31.580915,-101.16274
-90.108444,73.27316,-90.39541
-74.56513,14.186012,-40.898106
-55.525845,16.751707,15.715949
10.271528,-83.96076,178.72963
128.95816,-68.66481,44.573746
172.99013,-148.55215,8.935532
-1.1295863,-110.35469,81.45319
-65.20036,-60.234715,-2.5819008
-40.992542,-76.293365,-19.87067
-142.1051,271.31815,-99.49119
-37.657574,247.74712,15.322289
134.54227,-134.29233,65.60201
41.189003,-274.97287,17.652527
16.79089,-182.16385,-6.5515585
143.59843,-116.16938,-77.05928
91.482086,30.07344,6.630282
-25.253803,185.29546,-26.097843
-132.4468,36.60953,-55.30123
-156.39021,114.69494,-73.30035
118.347534,114.48972,-55.765324
280.58347,-116.89349,10.36004
36.26469,-83.66758,27.15092
-66.24416,41.460625,63.682674
122.05744,5.5085597,-18.678663
99.23789,-143.32228,49.70721
-143.45164,67.54533,67.299324
-217.8899,168.33469,-114.66767
-170.67328,115.663605,-175.0315
-59.005264,108.4534,-42.9222
128.6254,-165.7828,63.081966
160.57088,-155.86844,43.50559
88.06526,-76.85361,88.17884
33.038536,-62.6761,52.477093
21.952232,4.4127874,36.372536
22.14102,-27.146988,-50.730175
128.44157,-13.726577,-117.76491
162.13252,152.58301,-35.885624
-71.34495,256.38214,-44.472958
-274.0682,-142.9221,34.422573
-257.76868,-359.76065,61.42899
6.0028067,-64.09267,-42.443924
149.40475,166.67397,-94.60524
120.27264,141.1443,36.096844
-14.889162,-7.043389,64.89621
-163.86052,-32.44509,-3.9536197
-132.01155,97.648865,159.63101
10.348867,48.740486,163.14182
196.65942,-212.22223,13.23885
73.11551,-205.97548,-24.475382
-168.25352,-15.424017,-42.982998
-162.04378,233.85928,-51.693455
23.255444,184.14899,5.6667795
40.73446,-79.03203,36.53733
-12.728993,78.275375,48.820484
89.92414,208.572,-29.871914
41.18843,-8.408378,-122.9878
72.01659,-193.265,-21.169
195.42273,-111.023766,31.80705
128.21,-75.95811,42.07305
-50.121025,-14.515008,30.969053
-121.787834,126.67605,6.3172545
-114.56404,-102.59793,-6.7472997
-109.06948,-229.81299,-83.03196
85.21856,75.40478,-68.17754
273.78796,102.83848,3.5601628
28.038477,-45.951927,35.473766
-216.36394,152.29825,35.633694
52.12555,219.1194,-10.216274
103.98021,76.125984,-103.59219
-188.79517,-73.67174,-83.45453
-151.92499,-277.23734,80.392525
95.83087,-354.2968,121.121925
108.87114,-89.92203,25.933365
27.87725,306.17563,-13.278688
86.92035,187.22131,-17.286797
-21.683733,-14.333496,-106.57409
-127.641396,71.29964,-42.363384
-62.46281,163.5768,100.11436
-147.9989,330.66013,13.007506
-149.1036,88.55376,37.341675
74.08307,-261.02625,28.81297
171.14339,-170.90936,-70.856064
51.592625,-52.752113,-22.76319
25.910736,-39.207928,49.502716
104.90891,9.649039,87.34597
-16.652603,46.726482,-21.604424
-142.28041,-147.02313,-11.749577
-86.32534,-20.465813,-49.07828
23.007072,116.62801,-30.715029
-26.961365,-108.7173,130.15776
13.44892,101.28599,40.007977
202.43176,302.48654,40.397762
38.583946,-17.11061,77.34074
-159.58826,-388.7418,55.55312
-284.0203,-189.55754,-82.37188
-192.76051,56.422756,-178.24776
187.53485,-7.075766,-49.078815
195.34178,12.373995,32.1071
29.077354,105.165665,56.2879
139.0308,194.85075,44.632984
209.40587,44.8562,31.90459
-33.190155,149.8056,-74.43954
-153.2827,106.2801,-17.058256
-175.80571,-224.87178,56.818306
-127.223625,-44.967022,-74.709274
81.60793,37.698143,49.64442
60.323017,-186.39688,199.10298
60.79831,-161.09633,51.847263
97.67151,221.08461,-138.3938
124.656654,151.2031,-83.57263
117.77984,-194.88593,31.334608
-40.838936,24.655144,20.59167
-15.066191,120.793526,-32.48971
-14.619922,24.181353,6.0019565
-184.64091,138.5313,41.371284
-149.11964,71.43147,-130.62502
54.9406,-183.88576,-86.26115
121.6497,-232.57753,4.3481026
110.99845,-79.93154,-90.90266
-17.000576,51.985283,0.23761965
-160.86528,100.02478,76.102776
-7.246659,-31.263292,37.490074
-2.7986417,-43.47249,-36.20906
-163.71533,135.12799,-4.465282
-31.678288,193.46603,29.94087
81.526344,182.01952,-39.670914
-99.86917,-62.859734,41.63963
-21.354506,-264.52438,35.628723
375.2783,-146.20547,-5.421299
200.02873,-48.114746,21.249004
-106.790276,-73.723854,34.263897
-149.7838,4.338552,51.53924
-319.79538,280.1203,-26.05078
-214.72333,198.52937,-6.5649867
-12.021764,-123.46289,-16.246498
90.65527,-51.447865,-124.265724
109.602585,175.34644,-132.51878
80.06166,100.32335,-15.218708
173.9464,-125.508026,112.31451
14.607984,-264.78146,134.7093
-314.51816,-171.30168,73.056015
-255.96776,211.76852,-77.10638
110.52492,159.21689,-112.09541
70.48762,-225.16628,-16.217188
-83.542175,-171.0894,116.840004
119.31821,228.28644,68.87306
267.01144,300.91083,7.806124
186.9836,-204.30525,160.82266
-160.47559,-236.98099,36.27111
-271.35733,149.11119,-115.382065
41.02179,35.793156,-90.47095
202.77808,-193.71169,40.270695
-3.4297185,-80.44787,123.011696
-240.73613,141.9329,-40.39465
-26.258247,119.84267,-77.88544
321.01028,21.837227,-80.44657
230.92963,-43.731968,-51.8495
-167.01505,-51.46663,-27.81595
-142.7333,68.668884,-9.672644
175.48212,37.60718,99.38068
-32.385986,-104.50488,57.173138
-234.90117,-149.45995,26.57089
133.51161,-139.04921,11.63956
374.86496,-148.13728,-23.365896
39.0938,-51.225914,-16.68002
-224.17195,53.190052,82.962494
-178.2296,68.7525,52.888283
-205.82776,117.117676,-123.59926
-46.668217,167.59135,-48.240135
181.85294,192.42601,-2.7706082
-44.809532,15.189821,15.867892
-231.84969,-74.59485,-16.610182
111.762726,-33.533405,-37.98271
263.8705,-66.83067,61.487835
8.953442,-6.619896,-3.112729
-24.15085,-22.195665,59.628475
128.92241,-1.7292728,87.325226
-73.2524,92.35522,-47.018044
-335.75375,70.42708,-104.880585
-79.00795,35.300636,-55.045563
44.43935,135.98476,7.132713
-151.79187,199.18465,-57.79958
-123.98955,111.04657,41.14398
-14.1779785,-78.65893,142.9807
-30.947048,-280.92102,7.6107526
79.9376,-243.04979,-62.717564
271.89227,-68.51839,-77.670395
173.49515,22.879564,-90.016655
-48.384598,-70.19569,-41.776855
-82.65532,0.12498431,-6.8212323
39.838665,128.88612,7.7525353
61.926514,87.69674,-8.145649
66.102005,122.12972,15.62118
63.359497,-121.70319,111.52949
-200.13895,-297.5464,26.440313
-321.3464,-55.606304,-147.98918
62.38515,116.49797,-49.94759
281.2201,29.519848,83.64812
25.156343,-55.9502,-4.8104877
71.594444,102.33852,-37.666595
235.732,232.56992,111.362206
-40.045498,175.92442,47.091854
-77.38987,-90.17922,-79.00684
132.86035,-168.3371,34.779575
14.634936,15.254444,12.825102
-101.07403,-91.29347,8.428976
-51.116215,-159.22935,108.82029
-11.778585,-110.61753,116.78551
-4.2476583,-54.068092,-24.649101
163.57954,185.78302,-117.218864
241.5632,247.58932,77.26694
-146.95296,27.460325,50.109245
-249.20021,-16.833284,-136.64772
138.00023,174.2526,-22.424982
98.474686,173.08333,54.574463
-184.43205,-43.26522,-23.2538
-58.28111,-292.4529,32.812473
-70.20003,-243.22743,1.7250128
-127.60171,14.340231,-83.4201
135.62415,83.1201,-41.64264
194.6842,-1.407428,41.561684
56.28412,-142.62965,115.525955
-3.5438907,52.53652,-35.346294
13.850125,201.79877,-65.803604
-100.43204,-2.7656412,38.340363
-196.58667,-17.922462,-57.296707
-70.61095,48.083008,-106.77914
-2.5854058,31.68231,-11.372304
-85.15057,-95.789055,54.54357
51.484837,-241.0001,-20.927616
239.75998,-169.93864,-17.792774
11.858743,38.022633,-12.394933
-4.4209433,111.24175,-97.186165
115.32156,40.25385,33.940308
-137.0031,70.42563,182.44919
-155.4565,141.16924,129.6628
78.46633,166.565,41.30847
103.562485,59.494095,32.734592
-27.265125,-230.29237,64.89977
-21.73812,-274.21545,-25.036083
127.30755,81.15216,-72.974106
56.217846,137.4523,21.094687
-122.80099,-17.664555,11.543807
-92.81874,110.86484,-52.164787
66.23561,-0.4176909,1.4550062
126.97868,-66.47711,-13.097133
32.951183,121.51681,-56.647823
-71.02919,-23.744495,60.45377
-216.88469,-157.83307,25.075554
-173.32805,-39.371613,-109.48225
143.08499,93.05752,-91.18399
191.49666,41.459644,23.39185
-54.459534,-96.25369,40.983585
11.708856,-64.02544,28.80893
180.55836,112.1089,45.129345
-33.164227,173.1018,-66.0728
-172.93907,66.23018,-26.432323
-160.65073,109.75725,-30.15855
-184.3814,-46.0622,-87.58009
-66.624084,-179.84026,-28.332289
150.8073,30.039278,6.3843617
135.54208,-99.89021,94.92134
45.837395,-244.34999,78.16441
152.47258,10.471823,2.6997135
127.83748,146.40962,-28.474169
-49.83749,-7.2245626,-26.133938
-137.98753,32.09873,-13.448929
4.807433,104.4315,26.470335
-74.450966,-32.162228,33.22876
-287.7875,6.124968,14.276789
-8.33928,23.922155,44.969715
296.61874,-162.27419,10.975836
189.16629,-161.56845,-90.34742
71.59968,45.735966,-120.93971
125.841805,16.95432,44.590298
-180.36832,13.30224,57.55877
-382.7296,134.89105,19.725163
-50.61836,81.721924,91.84028
-63.152935,53.804085,-23.88404
-193.52774,14.849434,-128.96693
229.034,-12.719689,-83.853806
321.74072,86.92819,-6.3226786
-116.438225,74.20365,-39.48263
-130.90045,-92.71177,-44.92974
75.83324,-157.11774,77.186615
-0.29886314,-50.439026,70.13701
-72.68521,-51.527092,0.71951103
53.657436,-220.56479,46.182655
-74.91363,-89.5973,90.4318
-142.88593,149.25961,30.611446
265.8357,209.83403,-71.667786
339.96628,156.91331,25.144236
-113.04789,-19.951462,96.19223
-266.25165,23.064655,-43.844902
102.836365,4.99467,-16.018328
177.24594,-203.94833,32.5103
-83.75799,-209.64436,-47.769855
-0.8989143,-91.38957,-39.38176
150.4166,12.1239805,-2.2147183
-112.41993,101.75202,-88.22452
-228.17876,260.018,-168.28249
66.359375,277.97015,-164.76038
99.506775,-20.82245,-49.777092
-108.21409,-31.101927,33.271465
-153.10683,-71.25951,39.729958
-218.27899,-363.20096,122.65237
-189.91232,-242.16301,100.84884
171.52682,-113.12033,24.898928
352.6219,175.83347,-88.77984
180.43266,231.70177,-91.461464
-63.274452,-43.765255,-64.90795
-42.373257,59.884373,-38.28375
16.523634,9.939065,142.71495
-121.51174,9.977496,50.834072
-54.12955,120.32327,-3.0725708
13.251634,14.463326,94.473625
-35.369293,-182.01022,-11.322857
-57.482353,-136.33746,1.3732224
66.84945,157.14873,98.09828
147.25635,164.56738,8.671633
32.37685,-83.812355,20.389002
-23.253527,-118.22699,20.412237
-37.49694,-4.632595,-23.224667
-61.2249,109.15993,22.48246
25.011093,126.83036,-54.562782
171.72089,-136.55852,17.519798
-39.555683,170.5244,-26.288855
-97.98758,343.9569,-101.051125
143.49171,-110.0657,82.765884
-28.464449,-55.740814,63.582664
-187.67424,-127.117905,15.073542
26.781284,-245.08847,-19.610584
142.6175,23.691488,-37.20189
-74.11192,113.16985,-48.978634
-154.94073,-76.559074,-184.68932
54.355785,-28.125227,-35.64976
52.553696,373.80078,12.547591
51.70508,128.4589,-123.938934
190.37076,-358.5028,116.36552
-207.19054,-170.95198,172.17844
-499.96643,89.4078,-2.0462785
-72.77719,-37.055874,-45.72558
242.53995,-339.41922,-2.1225934
148.64212,-134.06407,39.186703
26.5627,338.0108,-39.717644
245.27083,183.22723,44.991806
224.45575,-90.98577,166.15836
-344.18143,122.62027,16.681574
-247.21617,180.49344,-97.30997
301.03094,-134.81764,9.963748
-36.143913,-97.01944,-12.552919
-455.46014,-88.9045,6.7013593
-49.57411,-214.56448,80.17152
335.20767,-37.165314,4.8473687
255.56662,119.39966,-52.982006
213.3059,104.093155,-76.89693
57.897537,52.888485,23.179148
-252.70435,140.22795,30.287432
8.128035,-9.0023155,125.65017
176.07751,-30.223011,142.90634
-171.9513,58.540783,-118.41766
-175.16014,-71.96502,-130.0507
160.46461,-49.609062,8.351753
74.57454,-106.10072,29.079754
-294.04257,65.80375,-33.599403
-87.46796,158.16144,70.671
167.6657,-35.45417,116.56432
-101.60358,49.927994,-92.86238
-135.722,183.66063,-118.27529
253.71477,75.95141,25.44333
181.51553,-140.13687,-40.33213
-87.77855,-206.69554,-108.02893
97.97867,-112.17625,-44.951885
93.46861,127.08723,-38.926697
-55.943386,149.1772,9.44013
-27.902454,-233.12791,108.06838
-74.2209,-351.65436,105.82275
-203.66933,82.21359,-86.80469
-116.940735,227.14697,-62.294727
105.09975,-2.7275813,109.90606
64.53199,20.221504,42.557465
36.50477,33.23484,-0.1775654
152.35974,32.490757,8.009361
261.10483,-103.27609,50.7256
100.57005,-298.26523,-29.611101
-166.43555,-120.58297,-75.451065
-79.29537,74.18991,108.34462
-91.06238,182.30309,-38.117783
-124.30069,16.00903,-113.559135
34.547646,-60.497654,65.97112
114.177414,286.35135,2.5933814
14.238327,240.05888,7.3494554
-192.74342,-17.911213,91.54668
-126.93338,-154.74347,159.01143
-29.142004,-46.249687,20.543705
-15.2987,260.1378,-143.96095
100.41651,106.05521,42.843925
31.890535,-240.72826,35.71228
-173.06956,-212.6442,-100.804405
45.606293,-23.512976,19.409185
341.0555,58.09102,68.551414
72.74986,189.19435,-155.85214
-82.951836,99.28048,-190.24388
20.146143,-27.333134,-21.417555
-12.424444,152.17776,-27.000677
-136.03552,128.54535,-65.259
-122.83499,-131.40703,66.09299
15.02003,-191.32103,109.24757
-15.8771715,-78.77144,-148.79684
31.539026,-191.18498,-58.12912
120.50701,-71.02368,165.20406
141.02174,94.048874,64.46523
169.47339,-8.715604,-0.7334391
202.43552,177.65855,-9.025446
99.71279,151.7731,-16.372028
-215.84587,-93.44618,-131.5246
-214.61067,-171.6233,7.375875
42.15923,-142.00734,208.1633
-5.811612,29.95588,-9.91045
-128.32912,-16.292812,-41.720478
35.04069,-155.83272,65.71683
84.00809,77.165726,-72.638
30.586262,247.82422,-102.45896
87.09924,221.8618,80.28668
-53.67476,237.19423,167.30038
-201.71829,43.288246,81.61218
-143.45512,-257.4694,13.884846
-52.660305,-337.42526,23.24958
-32.755344,-41.94421,-75.725494
29.723614,77.91307,-116.08953
99.96025,-53.47454,97.41003
24.579481,100.55034,142.51674
-105.4162,145.17296,4.3464055
-128.65132,-19.873718,4.222589
113.24146,-61.66318,-4.3465242
191.60582,111.74017,-175.33669
-53.66818,164.62453,-203.8065
-46.45148,-8.314758,63.259224
-14.373958,-32.012794,162.20491
-80.74464,-101.4371,150.96365
20.700611,-30.984108,91.29395
99.2074,86.86653,-62.083286
64.867355,-179.00467,-52.663216
-131.6492,-207.43593,-110.73231
-153.7489,-21.625671,-83.576195
143.33095,166.40656,-45.25298
282.92493,348.8489,-72.60038
111.50229,141.01999,35.939342
-115.56455,-42.001938,4.342816
-168.09415,-3.0053592,-66.74482
-141.28247,-103.21276,-12.659757
-25.66595,-181.95193,110.832275
62.670147,-166.08322,56.42138
-28.687185,-159.82317,-52.611862
36.55177,9.45587,-45.521366
118.71829,144.19893,-67.29783
-0.92129534,63.42324,-37.68194
79.25338,-100.2992,24.91001
152.6974,-46.874535,8.1276245
11.565496,124.527916,-73.993416
-16.265625,45.422485,-19.02937
-66.03984,74.41948,22.31197
-69.85186,4.3073335,51.694263
25.952261,-9.186995,109.90335
-7.151326,135.47113,50.935074
10.996421,-120.520065,76.643364
-19.336721,-200.53029,55.029198
-129.14264,-125.88903,-53.09465
-45.596886,-124.476814,-63.61684
5.23041,58.69294,-4.671101
48.933315,188.51608,24.859015
106.65708,137.62886,3.4014635
16.010403,36.237316,0.8822085
53.908916,15.8562155,-39.198742
56.195732,-80.205444,-32.634083
-93.15579,-108.24591,11.171536
-115.61169,52.66259,-4.739069
-41.1066,-10.363187,22.50487
30.175856,-54.57162,9.106398
0.19062507,112.71258,9.451224
-27.001652,-43.934258,-3.9706993
81.48221,-151.24176,-100.58214
87.191895,134.15833,-54.477013
-47.189,112.10139,74.592926
-59.722683,-30.09523,168.50594
60.634495,54.23008,113.70488
-20.492075,41.370697,-23.092133
-127.68176,-5.6565704,-90.01928
133.2497,-14.970115,-98.497375
187.66058,14.768251,-32.643013
12.853622,27.887825,4.80274
65.27177,133.27005,-39.100327
106.2729,147.68861,-54.10685
2.838843,-85.65636,14.623897
-206.73561,8.764106,-47.234097
-234.3187,105.23628,-99.969505
-98.01425,-62.699516,29.759727
-126.79118,-191.68257,106.448135
-93.35359,-212.03618,66.09417
168.20853,-24.3367,-6.543906
209.83195,83.91423,-32.196762
39.379784,94.87865,-45.880325
28.997725,67.49702,31.661236
-8.919192,-61.925503,68.21567
-90.33607,-60.770073,-25.704199
-27.031088,57.57415,-45.631424
57.921883,-49.862186,-32.477856
-77.48183,-291.8704,67.88038
-244.6077,-102.14934,78.07715
-232.38536,269.57578,-22.85516
-18.39129,76.532585,116.874725
131.08653,-210.4669,79.1332
32.56745,31.17599,-172.96136
142.71855,101.26234,-104.76426
147.90182,-30.189205,29.449167
-20.354342,35.394188,28.84905
81.1126,-48.05016,48.162632
80.81407,-46.198093,90.72734
-178.61096,171.1527,30.906027
-220.50966,64.81767,-26.715202
-64.23275,-353.583,79.52225
-111.39886,-214.69662,36.753983
75.23961,280.65543,-152.09341
414.97153,180.75,-108.917885
229.263,-110.59611,-26.727621
-84.10635,-79.30195,-99.05195
-21.57359,134.19696,-31.358591
79.53057,121.05363,123.814865
-81.84536,-78.6823,99.54399
-283.66354,-84.317406,15.465839
-266.10016,-92.85683,78.63876
0.39105514,-72.973946,39.060173
170.00331,49.68828,-112.8954
101.957184,77.49581,-43.83561
56.521664,19.171549,54.572872
-136.53737,60.474064,25.04428
-257.35925,122.15797,-53.2749
-28.757423,-41.849495,-23.293888
-21.039232,-136.74709,21.609983
-32.96706,58.760864,-32.16306
157.28983,129.75383,-25.342405
120.817665,-100.495384,-5.593061
9.949336,-74.0399,1.136399
64.090164,41.94009,101.59274
68.56945,-88.44663,205.97168
-9.108857,78.98871,20.238403
63.888885,200.32149,-164.12021
-23.215853,8.023973,-146.30223
-103.09429,-81.43439,-93.39378
85.46718,-137.7538,5.142264
74.54723,-104.72463,48.77836
-6.3017716,-12.696256,113.971466
-23.828678,-83.82194,47.892605
-70.24041,-88.94702,-102.22211
-100.342834,127.36695,-96.02231
-42.7405,178.9692,3.5464287
49.131905,39.79613,74.524124
-79.72873,32.053757,79.24963
-174.00708,22.406214,126.32253
-11.58499,-88.47993,-50.414997
101.15719,-22.35669,-217.50214
78.36683,-38.462704,-52.255463
178.72711,-213.1028,-21.377356
106.358,154.32623,-87.165634
-258.66376,322.71976,80.31135
-245.54968,-103.06617,110.873726
-23.859291,-181.7561,-50.679226
-35.45518,-47.64606,-45.494442
-31.72982,67.268524,-7.0392075
174.25269,35.439903,25.297718
224.40857,-53.052315,31.936487
-39.201473,10.107919,66.8722
-56.275234,94.659454,-20.89999
102.945335,152.36713,-159.19211
56.00805,-15.67377,47.23362
-68.3455,-135.82841,104.16183
-50.116528,-154.71529,-41.727608
55.72571,-96.970825,-55.01635
91.64994,105.55658,64.54353
222.84593,41.45223,57.60331
234.40497,-17.934496,-118.97875
-94.12098,194.3684,-32.052036
-284.46808,222.07382,43.67237
-87.71314,-10.234947,8.321408
25.829025,-140.18732,77.67376
-73.1259,-141.87643,106.42689
-18.634943,47.91203,-62.411648
169.50417,132.07828,-208.78874
125.67347,-97.26882,-21.436832
-112.19297,-77.75256,100.79468
-2.677277,-55.858982,99.29303
102.92003,-61.798725,105.99179
-112.537025,121.54397,19.335518
-183.19423,125.32292,-102.13985
-67.201256,3.1580744,-145.65417
-7.6994653,28.92669,-5.696058
71.13531,85.11844,30.890469
358.8827,-117.424706,55.847317
185.36763,-73.46503,94.70282
-224.27489,11.904851,19.895828
-124.460205,-145.56723,-112.50169
-23.4304,-45.195004,-146.92786
-89.23875,58.223248,40.366467
-10.315265,116.2454,16.85426
189.04028,45.217808,16.472334
58.716534,18.497454,41.182686
9.173985,-25.920715,40.055206
214.6243,-210.80981,16.743994
121.84355,-123.8811,-93.56415
-74.916855,-35.65663,52.56255
-179.68082,83.09329,-21.754553
-25.074602,42.49028,-22.69251
-62.938374,-30.276264,35.97241
-210.81476,97.96077,-29.761166
-31.655554,90.71092,42.92436
56.537624,-13.003436,-4.79866
64.7394,-166.59998,55.14371
41.62667,-86.094894,-6.3618684
34.143326,27.720861,-37.14964
-4.94003,-7.349591,61.161068
3.6557665,-103.48422,80.600815
15.1637125,-97.712975,99.93353
-150.3513,165.47673,-7.7011704
-143.8517,253.85698,-37.325058
-15.8287525,56.498135,1.5317082
17.584736,-153.42122,44.75082
-42.64879,-110.06168,11.505959
71.24477,17.266562,24.549196
202.77954,207.47986,-36.632557
67.87968,205.35806,-148.91727
17.783205,-89.34289,19.496191
-30.641905,-87.57071,50.678238
-109.26831,38.189793,-2.3880637
29.345552,161.57529,15.646865
179.24286,95.91599,48.27563
-8.6257925,-12.305034,-2.5241954
-212.0835,-7.3913803,-52.88097
-68.45081,-122.17164,47.531906
159.10915,-136.57793,-12.976009
229.06505,-91.70909,-106.14008
-12.433905,159.2743,-163.5624
-133.88234,151.89795,-71.2839
-17.822004,-138.54553,109.83664
-32.05106,-93.51358,47.484726
37.33289,-41.270527,7.164357
33.80561,60.861954,-7.3273215
-144.13162,115.98146,-135.46072
-110.41496,-83.443214,-98.48513
63.526894,-236.31161,103.528275
51.400192,-59.15935,70.69772
22.468592,218.08034,-46.79622
80.810196,106.49167,72.14876
-2.5893998,-72.035995,132.32095
-144.11116,-18.12257,-13.63163
-146.96304,-16.939892,-104.69526
22.436398,14.800508,-104.02517
133.68015,158.87758,-76.12527
99.923065,9.150294,58.6575
-60.713596,-184.41913,150.70314
-96.10912,-149.55315,131.05258
138.6945,-112.32115,66.68554
190.61661,-38.23982,-30.793463
65.64093,-39.592754,-55.525074
-168.13695,70.46488,-57.043602
-242.9993,241.59676,-49.262
129.28548,87.15446,106.824234
215.81044,-40.886585,134.38403
-26.218721,30.532875,-59.061184
-24.819036,68.93169,-71.15684
-48.033463,-12.121174,-39.560387
-85.32496,-147.71764,-28.515759
11.299758,-184.46564,12.206629
11.100536,-79.00326,-13.919187
-10.805236,169.4748,-51.960415
2.2014267,272.54205,-106.526825
-14.87022,-15.196897,35.36062
17.473717,-174.40372,177.1831
81.018616,2.932117,151.59181
-43.280556,55.782547,84.39693
-80.459785,45.876987,-19.318792
39.36387,42.559353,-79.501465
-40.570522,3.9124935,-149.06888
-32.852066,-24.060434,-32.5953
159.46704,-86.61776,129.35197
141.08588,-62.002064,36.244263
-99.521706,-206.88026,-43.230576
-185.93175,-72.75909,-114.75782
-67.62467,168.02005,-156.51244
100.6063,-119.057884,-7.1011834
70.23958,-40.745125,127.17977
-144.76198,161.46095,142.70071
-160.44948,110.1668,17.177435
62.84459,-149.82327,46.5878
155.93983,-332.0996,110.39461
-13.17399,17.423738,-126.176
1.07071,124.68827,-118.74464
42.274513,59.273663,-22.113897
-30.710848,104.65656,3.6615741
-189.81686,229.82257,52.50465
-260.9003,210.05055,-1.238516
43.898026,-24.91637,28.51457
160.11696,-0.46982458,-25.876493
151.85646,-180.16046,21.6889
162.2358,-302.47778,82.59431
65.821815,62.465656,-25.052088
-85.309425,208.97238,-14.603191
-117.85844,122.14491,-1.9910413
68.78314,33.41694,-1.733499
27.963318,-223.95538,-38.652138
-132.75557,-125.27772,-104.91069
-184.91608,149.75706,-65.8895
-13.824373,-20.759367,30.979784
206.83842,-90.081375,88.75004
64.32992,-105.26198,44.770405
-103.24717,29.544643,-75.68262
6.468316,240.60756,-105.68327
73.259636,2.6441295,-91.72784
43.724464,-134.40273,-60.341057
37.329308,4.0224404,74.919304
-82.29972,110.72177,14.85178
-24.42275,-72.41939,3.970109
35.417698,-71.244644,66.947205
-95.599594,106.633995,-26.877356
-59.952072,-117.721825,49.176662
35.474953,-116.01628,45.733994
157.27596,-101.41904,53.888603
27.757278,-59.49709,60.53168
-223.15059,297.31262,-126.67922
13.074339,281.74533,-69.110565
314.74924,64.54157,87.7557
135.69482,-102.28711,79.60836
-125.34636,-83.75906,-57.5343
-81.43772,122.0798,-59.76603
-99.15263,103.12597,-1.953855
1.5473619,-192.68611,-84.26146
257.39926,-339.59885,33.465225
8.557229,-67.89467,84.43274
-249.94598,296.2637,-124.43676
0.3894506,361.0521,-92.63399
105.70748,96.47522,61.208664
-76.0359,-80.88642,56.94637
-67.68039,27.344603,22.977575
39.89666,98.72631,-22.019321
135.0112,-141.68964,28.0892
25.536133,-161.75854,-28.699463
-225.45844,-77.6893,-129.25175
-170.74158,-161.27702,12.437889
-37.71191,138.85536,59.70261
101.10605,164.6481,71.26041
156.84117,10.51846,88.88629
-107.18818,30.96369,37.747673
-228.15623,-79.97446,-70.44354
157.0122,-19.336721,-115.176636
334.30814,-40.958374,72.61558
-64.346634,-23.77157,15.261577
-207.79349,41.228817,-129.24655
-67.15269,-155.96309,8.163204
70.04729,-182.45184,72.327995
192.62642,36.91292,-24.828104
52.136776,112.627335,-30.943958
-108.75282,131.32658,30.26245
-55.36426,126.11226,-8.485502
75.8407,-112.27445,-39.870525
97.35473,-144.88069,-70.48437
22.852041,52.613,0.16476196
-129.07597,123.630165,40.5455
-154.84837,-52.478916,105.06771
-31.9267,-195.71786,278.61115
-65.24124,101.5371,27.08077
27.131613,221.80492,-123.33374
55.05504,52.050304,-21.813784
0.6674437,-14.245222,3.3825166
97.78738,12.907276,66.13468
2.1751816,-17.433504,20.249949
-102.09603,-63.705658,26.616302
-19.380552,41.941395,-35.804085
104.39823,-179.00273,5.1726675
-16.788399,-228.86565,46.089954
-36.25773,107.52885,-40.22256
131.57445,4.1329618,29.180738
24.425697,-224.33984,7.062079
-123.254196,-94.99507,-24.970688
-142.89375,244.42345,-152.65607
93.37927,287.03387,-130.35117
142.44376,141.47408,42.899677
-95.3742,112.280556,-11.926143
-136.88184,-128.47467,24.104595
-134.69836,-377.10132,103.674194
48.4908,-217.92708,55.746002
319.1641,-134.82826,45.384945
103.92414,-167.6869,-10.565266
-234.99155,220.52824,-215.32643
-87.69912,386.36005,-115.20298
43.529167,204.25067,-0.75264746
44.380318,76.60523,9.965406
57.199963,-3.767431,155.54376
-46.243717,-30.71431,48.71623
-64.20314,-254.33846,-0.16354226
-50.938065,-236.31451,18.434326
56.366707,-22.78556,76.58802
80.41675,32.424934,134.75598
-8.11251,62.77478,49.976788
71.27123,79.49719,31.982494
111.41318,110.17539,-65.251076
-14.534979,-27.94819,-56.20109
-28.140734,190.00468,-8.198735
112.28137,290.90366,59.920513
77.4366,-222.19266,151.12196
-29.737904,-144.02007,-29.654783
-58.486526,81.87092,-116.412834
37.156296,-218.80034,-7.1573997
48.752544,-320.2821,19.005331
-33.14289,-2.7194958,17.662754
53.508663,154.40419,75.80474
-97.446724,135.55582,-43.139477
-243.29196,261.75522,-233.61594
16.30635,77.98682,-124.30396
207.64912,-146.93715,50.541885
-15.188051,29.622492,-12.573773
-184.49942,62.619015,-118.41379
118.051125,-239.12498,-5.0868516
221.16441,-334.48904,60.4744
-21.214088,-91.33762,44.522667
-120.39312,194.86803,55.878212
-60.385815,167.60864,16.1348
-103.62689,13.741333,-10.456296
-204.46057,236.89362,-94.21768
-17.50891,67.92516,-37.467747
34.061142,-112.29585,-61.395107
36.65102,200.98871,-65.7917
215.5365,-23.746584,176.46349
117.88118,-302.05872,82.846214
-92.32428,-60.90136,-131.73029
-171.5057,122.64625,-134.99588
72.65012,-72.15622,27.98018
154.40247,-54.276253,54.052464
-144.56232,170.31226,-28.820578
-222.74721,80.91527,72.69
-86.80591,121.74702,43.512302
40.19496,251.02449,-55.054764
40.04304,90.018074,62.445644
35.755856,-96.26815,131.05797
61.648445,68.17308,-107.96145
144.90784,87.65263,-84.80427
71.66106,-206.60881,72.50681
-83.69189,-198.37375,-30.84645
-101.87969,91.15624,-26.243559
-90.18491,180.69533,69.250244
132.40318,-82.93308,156.5715
98.79026,-13.153743,10.08879
42.73062,80.400536,-41.696198
215.33339,-122.7156,36.569283
197.96712,-44.80097,-97.96252
141.63657,-66.78839,-73.726135
-45.984943,-104.05576,-5.998841
-231.34067,82.90889,-13.205882
-307.79398,215.28728,-74.05869
-166.71031,-95.66536,-1.0996457
26.091972,-398.7994,146.36757
-24.36902,7.0344377,-37.0138
9.164259,137.74492,-159.87004
123.37684,-31.174667,-25.120464
106.35243,-31.170523,27.104914
-24.835146,-59.87146,-67.26088
-36.91159,-29.009203,9.769861
10.6313,2.3718214,117.225975
84.12625,61.333336,33.62525
63.771633,-171.4369,42.285873
-212.88393,-237.7033,52.548923
-215.64075,155.15555,-47.27701
67.7559,288.63052,-103.46046
188.21033,172.19774,19.582481
-21.240538,129.46233,126.44358
-264.16055,134.31985,9.860769
-154.60042,-36.878815,-67.707985
138.18634,-252.68715,46.044563
224.36513,-186.96219,95.11472
60.859108,64.653435,-32.02151
18.037209,47.47928,9.3021145
14.895869,86.51467,7.9247465
101.23067,203.84264,-102.908585
198.8099,-96.91401,29.675417
-79.058174,-202.7628,22.272976
-198.40106,15.753405,-113.50917
-54.701054,31.944202,-98.54926
-43.764244,-174.41124,4.1542916
-96.35321,-80.45332,41.428623
-70.70406,133.10524,-29.595621
-33.42512,74.3606,49.1313
-1.7997868,32.52524,95.00593
105.96764,-93.77144,21.712147
102.216934,-154.02876,-45.26995
71.81066,-55.302834,-72.74813
41.36377,0.26273015,34.08119
-33.592175,-66.23393,66.98619
-43.55626,-115.18893,29.973885
-30.630316,46.839333,-3.1799364
64.183075,161.55652,-8.941469
132.65642,-3.5413013,-14.800382
146.95691,-237.59589,-63.034203
85.36548,-64.32484,-17.689852
-39.657654,211.84412,4.0233865
-125.07662,157.00893,-20.917313
-81.07105,-73.87686,38.85104
0.7023551,-184.47212,94.951645
-151.65543,17.536707,-20.32653
-43.77224,148.70781,-43.36524
106.981384,181.64497,-26.346424
-68.15234,64.42813,-52.189846
-107.74918,-91.61126,52.693516
-75.58382,112.10075,26.140816
74.95986,107.451515,80.59105
152.11336,-133.20747,121.780106
1.8300405,-199.06236,25.609442
-78.628624,-78.32032,2.0342238
-45.91887,33.15983,-61.0096
64.97409,81.97339,-132.49763
184.60875,173.86072,-58.99019
-35.84647,162.06615,74.72834
-362.72302,167.89159,6.9223037
-218.02687,12.351092,42.081367
-1.6883912,-183.56119,67.66285
164.44366,-108.42319,-62.97969
136.99263,9.733038,-166.40378
-199.98648,27.56741,-201.55818
-182.4187,-0.15158641,-7.069575
178.14923,-61.07208,106.321335
290.973,-131.0891,121.354675
104.41414,46.469013,75.2729
30.247786,33.044163,-17.486897
-76.24791,-60.88922,-59.206635
-78.8096,76.20955,-70.77146
88.075356,37.391266,17.619339
-85.58634,146.24644,28.442177
-119.63311,202.31355,53.93375
50.6529,-131.28763,78.99516
-14.270786,-223.3105,5.1994104
32.87367,6.3678184,-61.437077
179.03716,-32.04343,-77.866234
190.21342,-23.416388,-86.95541
210.76625,135.7025,-59.053764
28.087288,6.0184093,45.39022
-295.03745,45.73169,48.769608
-296.64322,145.28146,68.93515
-120.907364,-84.04001,81.23147
69.236176,-299.9171,98.14879
43.284424,-139.49187,-13.374507
-55.403618,105.5309,-245.76169
120.141045,89.98413,-48.352383
207.18088,-4.603817,93.99592
131.57428,-141.92632,2.9718738
-47.33328,60.551353,34.811867
-75.23104,198.87608,97.99377
38.493267,-99.997444,96.17698
-22.034508,-137.07703,-47.5885
-69.99835,-103.06674,-90.35153
-83.054405,-10.095412,-89.532936
56.952156,172.21687,20.905619
132.12477,11.326341,138.57553
-34.96833,-195.82182,63.90516
-261.8275,12.528479,28.623209
-271.3757,128.10097,-91.205925
156.27087,-168.8749,-156.0827
236.6155,-101.82417,-103.314354
-110.45008,224.21295,-13.43014
-213.24231,286.9531,90.58068
-100.923195,95.52479,184.8018
21.651138,-32.03489,146.17035
112.54676,-94.81082,-21.233322
74.51038,-185.24199,-12.673085
-54.718166,-30.190228,-52.723225
52.219498,-78.16825,29.64441
138.15529,-98.49424,154.62482
-44.238495,212.43732,30.535465
-90.23532,428.04065,-74.675644
100.23571,273.14502,-33.510597
41.229553,-97.15124,43.779144
-140.81818,-130.21016,-77.40028
-41.76529,-139.97745,-55.741108
73.5325,-140.66411,-54.079796
139.82831,-121.37003,-66.247894
4.9349055,-108.56072,35.865726
-84.08569,-0.9025864,15.583002
-14.388456,-84.683975,23.1529
-153.11607,190.42674,-150.31087
88.01106,281.9967,-110.28596
301.2836,-131.88792,-19.460962
-134.49086,-58.531525,-92.99158
-283.5881,133.999,85.39568
16.206762,-125.70201,189.99312
81.29018,-317.52588,57.0948
105.605255,-49.272083,-28.568476
219.26382,58.318363,91.654495
13.79948,1.0864854,3.2303994
-82.3797,96.16026,-34.767483
-7.196743,35.000557,77.11413
-78.64291,-28.837936,-3.2483363
-82.09914,112.13766,-53.140587
5.349848,232.78683,-20.079494
180.7495,-42.996464,113.18937
104.09195,-344.67462,49.102013
-153.19438,-279.76572,-64.33715
-8.305666,-33.56943,-3.241262
335.43835,123.035255,-21.601274
169.70683,66.53174,-37.00468
-209.95554,103.41342,30.52391
-210.0775,60.57052,60.859795
-230.72604,6.9725847,-82.9241
-58.020565,76.36631,-129.85472
232.31741,-106.293434,-51.088604
34.902256,-225.30301,-82.750626
-141.6037,31.699451,-90.38477
-34.12554,120.79165,77.24644
-17.652699,-68.21748,203.68288
-102.807106,1.1369841,36.524437
-46.17638,59.818798,-61.353466
21.827997,-18.957188,-6.535551
-45.632248,-74.69668,36.972633
-37.323246,8.482892,-35.807304
96.43832,180.12085,-82.53613
42.914978,110.99441,83.90449
-78.45623,121.87606,6.367198
73.85063,-22.133135,45.695095
12.608802,-345.92148,179.19032
-141.13022,-251.22635,-47.92275
-36.57583,81.80872,-99.81576
109.36932,92.14309,34.01287
244.85712,-66.76338,49.947613
-49.72171,169.29875,-89.045334
-275.20236,378.24408,-15.105458
-45.022972,222.89374,116.90155
64.87612,-36.374786,-87.847
10.95303,-127.05044,-74.46064
-42.400406,-288.84152,129.82321
84.319496,-417.87744,78.62667
181.56192,-56.989525,-41.309734
193.88617,119.89166,66.18619
25.888342,70.2448,109.100266
-151.33397,163.84192,-94.666855
-85.874466,236.38905,-183.50969
-93.65536,94.766556,-63.09047
61.254177,-119.50323,-7.7651467
121.211655,-28.638859,-118.27797
30.68017,-4.5154104,-14.463736
86.14351,-93.76896,138.20438
78.732994,-80.64693,103.647446
-93.36722,-97.06817,121.77301
-254.074,-76.19047,100.73937
-151.19952,180.63985,-23.038498
-61.52356,328.73578,-88.961395
121.33964,-30.168148,23.438322
131.54227,-232.46094,19.881817
-182.55338,-113.24415,-52.863964
-105.76087,0.019077152,50.163715
247.5243,-93.45004,75.97935
330.10815,-180.90578,-53.95694
24.139181,131.11115,-138.32158
-195.44638,166.79341,-55.53239
-145.91231,46.15863,-48.759876
67.077255,44.290916,-49.115353
101.605835,-49.940388,-50.811954
-125.98276,-32.305702,-116.07463
22.135809,-32.45823,-35.092976
219.35628,-90.38265,8.017909
2.542851,-149.93282,-0.27683035
-187.7041,78.02976,-5.0749493
-105.592316,351.49344,6.390137
33.9241,175.33655,43.939835
72.02835,-142.60805,67.79922
-78.548134,-230.9364,-10.845207
-122.55115,-143.6803,-79.2852
159.41705,-41.21896,5.1248183
238.20583,74.04562,-32.263725
8.237959,-4.974523,9.309134
-228.75409,42.961895,58.088055
-222.70638,243.9872,-42.90626
114.003845,188.88182,44.678883
244.90341,67.60902,82.75974
-7.907323,-110.622345,-22.56704
-68.88889,-176.40274,-23.342295
66.033485,-47.07697,50.994637
22.109926,8.215419,58.502678
-26.954184,-60.164352,24.07608
-93.31136,-1.3480216,-4.284376
-175.0854,152.98747,-85.90761
51.540245,46.739815,-42.39425
220.82658,-21.8826,22.536232
115.8248,33.145325,14.775932
