ax,ay,az
-0.0,-0.0,-0.0
-0.0032656689,-0.004796943,-0.00031182155
-0.008772427,-0.013195478,-0.001010525
-0.022159422,-0.033995576,-0.0029873548
-0.031061882,-0.046954688,-0.0030841595
-0.050927363,-0.07505549,-0.0052160653
-0.06113949,-0.09400519,-0.009268663
-0.06834153,-0.11402218,-0.007863304
-0.08347244,-0.14610593,-0.011038289
-0.09017642,-0.16676462,-0.009937629
-0.10265101,-0.18753678,-0.011751315
-0.11251065,-0.18759988,-0.008602861
-0.12527472,-0.22153649,-0.015035614
-0.081101105,-0.174422,-0.049826317
-0.08439619,-0.1697123,0.00656343
-0.08071804,-0.19740759,-0.003979056
-0.06670658,-0.24497859,-0.028541867
-0.025517883,-0.18384159,0.061404597
-0.06304664,-0.102283224,-0.001956314
-0.07533748,-0.19744405,-0.03247838
0.010298445,-0.24484539,0.0077030966
0.15087247,0.051802624,0.0129330065
0.23298658,0.1127625,-0.18018074
0.20392984,0.03327102,-0.16274647
0.31811103,0.15509115,0.17814836
0.36140823,0.12485336,0.08082131
0.42721012,0.070518285,-0.14545351
0.63479745,0.22900417,0.018986458
0.527197,0.702288,0.18574053
0.4712332,0.44599128,-0.25012437
0.5451447,-0.11108714,-0.07150909
0.471252,0.41048098,0.14274627
-0.09057174,0.42882106,-0.20911463
-0.12567438,0.18201886,0.25723642
0.93521136,1.2776239,0.30892488
1.0045362,1.926525,0.43234205
1.0317394,0.49892887,0.083310276
2.0995622,0.16887441,0.38866755
1.5887456,1.8155578,0.74285364
-0.16731727,1.2283351,-0.42930382
1.035917,0.7729696,0.266938
1.838662,2.2608879,-1.0793744
0.7090383,0.9800757,-1.0726168
1.3105593,-0.7526673,-0.95436823
0.57638067,2.0397067,0.74615103
1.6050707,2.9826117,4.1152735
3.5449708,-1.4421637,-1.9809043
3.6180649,-1.1211144,1.8835372
1.1232357,2.5835814,4.04627
-2.138258,2.61583,-1.7369361
2.2354658,2.9132836,-1.0902712
0.9895441,1.3874806,-2.5774672
-2.8761656,0.13496894,4.7198534
2.1734774,1.4640409,2.1343102
3.7449102,0.6415905,0.23890786
2.886005,2.8581278,1.3387494
0.80998105,5.020742,-7.527495
0.33925134,5.897958,-0.069405966
0.55530185,1.322217,-0.19818145
1.9190658,-7.2656717,-1.3673246
7.079956,3.9792857,0.58950865
0.75944453,12.704894,1.3440278
6.073854,0.40468898,3.5174525
20.175259,-7.4905324,1.5927908
2.121849,0.64466006,10.798632
-18.71057,11.454183,1.5276662
-9.477612,-0.041005675,-5.63397
1.3834956,-11.357165,-6.5991025
-11.395076,-1.5793012,4.8325486
-4.9317803,5.4689317,12.277391
10.103464,3.064846,-19.18921
-3.464389,6.0144477,4.266575
2.800011,11.098398,8.811122
13.999821,3.0673764,-8.042225
13.930831,-0.69527423,11.570018
2.8401926,-0.34026036,-8.545062
-8.574567,-5.0288773,-3.7307212
10.113987,-0.91269624,-8.632967
4.246959,1.5309759,-1.9368303
-9.368239,-5.9653974,18.784954
-2.2437782,-15.244845,-4.6231904
1.2409947,-10.077356,3.3833513
-7.4166117,6.6431794,-8.49798
-16.838732,2.4916956,-17.033178
-2.5691967,-0.0647964,-4.6744995
-2.8271685,15.339737,17.312975
10.184966,6.887488,1.4198227
28.031076,-10.091075,-20.824924
-0.096668236,1.9083273,35.90802
-15.52452,16.586958,6.380084
-2.0798237,0.6737135,-26.367403
19.886087,9.090073,-10.622542
6.0727987,25.25049,-11.099492
-15.277539,-7.549324,-3.0470896
7.750627,-3.5776732,4.5842166
10.7605,32.03396,18.944693
8.008161,19.126244,-6.384872
24.47985,-15.948919,4.494147
25.80178,15.28163,19.816368
-5.6534085,28.314144,28.970581
-31.87689,-30.638056,5.4126062
-8.268521,-11.063031,-4.5342693
-10.040613,1.1268266,39.771072
-9.530495,-16.621351,-19.020195
41.481163,7.433338,-4.1524186
21.280565,-2.1376345,26.00385
-35.675323,4.1156273,-22.679905
6.0131774,16.800117,-38.754982
40.946686,11.085227,-14.068582
-8.058637,17.458708,22.117323
-9.730013,-3.5199127,-14.602038
19.847826,5.366484,14.155295
10.736978,36.124268,18.55507
-0.013783097,-16.254313,-29.53
-4.770186,-61.787113,32.659706
-49.76524,-48.491753,46.257816
-83.91453,-41.53785,20.957117
2.903824,-9.947631,-17.18547
54.7395,24.358316,-46.387966
25.705029,31.184088,11.25836
28.75331,35.938297,-30.233532
-4.3521843,44.317932,-35.17058
-24.729712,74.78855,36.24922
22.458406,35.694298,-15.24332
57.82368,-40.703197,2.665611
45.79008,-21.453299,91.604836
20.067347,-34.71875,35.80523
-17.693121,-63.23087,-100.36634
-57.330666,14.743376,0.4177041
-34.450634,60.29927,58.00208
11.1367655,-22.731327,-35.340336
30.724186,-59.499996,56.46687
-43.851307,1.4257195,31.410185
-137.39903,39.334892,0.6316518
-55.24766,63.82396,-11.404663
44.06818,33.601547,-22.36555
34.272854,11.637765,3.4717472
6.3678575,4.316535,-85.242256
0.7688938,3.184333,13.660228
-7.3673573,-2.2022305,-54.85815
-41.530384,-102.47298,-76.352394
18.587053,-60.98019,41.350876
58.354855,56.05878,-6.8411875
5.8642273,26.52067,110.385544
32.677715,-25.839401,-42.99326
65.184586,4.444262,13.419298
17.577942,-6.524976,106.040535
-91.755844,-20.79634,-153.89386
-106.78837,58.834976,43.243027
-64.55538,42.092957,-32.787605
-88.70296,8.05785,-108.44841
-32.3153,-30.324875,67.55615
66.178604,-7.1044083,-16.59747
76.266495,59.508728,16.69997
17.073868,3.2212098,-57.175236
52.919876,58.49415,32.47349
93.82525,83.5797,83.42099
67.36477,-19.13338,-77.86308
43.238914,-48.30778,38.59538
-77.44422,-28.076336,70.05168
-72.091484,-7.7093444,-10.704868
-13.508172,-27.343187,-7.6449356
-51.10334,-16.891296,2.8765023
5.699218,32.937675,-43.926964
15.739561,8.280949,-23.889013
-30.745607,34.66361,64.474724
-32.969917,70.08244,30.202648
13.776472,-38.29282,-30.414457
75.602394,-77.68833,21.502466
13.194385,21.087067,14.188333
-22.494034,63.325077,-105.035576
19.32257,-31.464062,-67.289894
2.922033,-17.226969,76.41788
-31.067106,-21.064632,88.915924
-24.168327,-83.94326,2.5248127
59.104332,71.617004,-31.173624
-27.085833,16.467834,-57.96098
-99.22472,-78.240776,-6.985943
52.18786,70.74217,2.3902898
-21.14402,69.139084,-2.5348341
-68.534225,-25.979523,3.8035195
61.061504,-59.54759,-77.47537
41.116898,-11.059064,97.18861
-41.029076,26.945822,50.63698
-26.83145,-1.7529546,-68.4332
-2.3750205,12.460151,-24.406054
-114.61846,32.116333,-93.81191
-25.040047,-45.615036,76.046684
146.34898,-94.045845,78.39125
69.18474,-0.9432009,-2.7377768
-28.99359,70.15847,-33.790894
-39.696335,75.431046,-157.24248
56.37669,96.69974,60.253613
11.160305,48.10555,184.83882
-19.352457,-67.67338,-30.309336
102.06126,-73.59821,-67.17038
17.30567,-8.216942,-20.961433
-37.679863,-26.191462,-13.566773
6.8419228,-26.475447,60.576763
1.8861248,44.823063,27.90571
-65.934296,-49.22161,-81.149704
-79.73506,-139.56595,-48.848858
67.007385,-22.377031,56.50148
66.21969,24.62507,93.72148
7.72973,-21.235909,36.067234
-21.099813,18.099913,-130.44112
-61.565292,112.52497,-3.6455119
-69.03322,25.68202,3.793498
-6.9242887,-69.46752,-63.51861
121.24346,-10.517302,137.2209
-44.214233,34.325863,-95.1181
-94.64155,67.81471,-81.59919
121.6474,-18.942158,6.4697614
57.787987,-34.07566,7.6828103
-64.093285,26.225756,51.591534
-33.416447,-30.594936,-106.723465
-39.348133,-24.110582,57.638332
-91.62791,-9.306607,2.4823847
27.396742,-70.34316,18.846199
97.62712,-34.70897,51.146904
-4.8963428,125.57233,-1.2834321
-72.53837,50.308254,22.638742
-104.72058,-70.24671,-46.17889
-31.072208,60.458748,68.21087
4.0092473,14.291593,-98.173386
20.999058,-61.7502,-17.063843
125.6257,81.996086,90.30507
121.30201,85.76019,-57.288467
17.123678,-32.792297,-10.751285
-48.40516,-29.113771,8.728406
-66.425125,2.767493,54.215683
-18.465422,-44.58656,-33.59354
48.188572,-0.021657562,-12.972957
2.2434072,-1.9165382,77.96226
-16.807796,-175.19383,-10.028719
-22.905159,-129.31754,-54.725037
-116.52595,44.157074,73.93558
-77.252945,78.916595,49.932533
43.190384,-18.928627,-87.21037
58.852005,-46.78926,35.632298
14.464713,83.74184,21.454247
-44.170425,41.485424,-119.955605
-48.340168,-32.757042,-76.29445
-3.7307773,58.237003,23.564308
66.75091,100.43812,-31.87456
125.018036,-62.047672,-59.16442
78.888,-131.68568,20.154247
-30.172178,17.396145,6.4357624
-49.995716,43.976707,-2.2736762
35.957417,17.514584,22.5677
-20.286053,-35.37768,62.344715
-46.013966,-155.10512,46.353573
-13.422733,-123.8966,-34.213802
-51.406097,85.13474,55.44409
15.786572,100.78321,-32.54254
16.08592,41.658436,-195.48886
42.944077,143.94556,127.522865
31.703117,48.978508,66.85889
-2.8493845,-27.573053,-117.31563
92.88409,7.803661,21.083757
52.682426,8.775337,51.908844
52.054413,5.633474,113.40364
87.27618,-145.74594,-107.832405
-3.9843965,-114.87654,-44.11132
-140.46999,83.95585,34.351154
-112.18001,15.72036,-71.54585
86.233925,-99.19507,148.01945
11.249184,-91.89242,103.76738
-175.92305,-56.528305,-24.820814
-151.21786,60.87726,-16.171587
-54.391785,157.83618,-2.372133
73.006546,107.617615,-85.79557
148.45206,-58.748283,12.671606
85.41733,-72.61793,75.15133
-50.61355,33.844475,-75.024895
-49.54474,-67.48335,-87.94414
67.650665,-63.126823,-53.993164
73.7442,113.98611,140.70865
99.80983,-0.34077346,-54.07858
114.60128,-85.84543,-136.83879
27.993023,157.87617,166.98158
-98.395584,49.59422,11.933234
-42.53567,-255.43866,1.8740838
85.59106,-120.23693,45.442753
-131.46898,27.268454,-29.923754
-153.086,70.74453,-73.42469
64.92663,115.54394,-105.982
16.190586,38.606487,191.9515
-105.62052,-32.19688,69.00495
-37.83218,-87.387054,-99.30457
80.84395,5.164879,11.337104
15.260532,117.58242,-179.2117
85.58724,-9.450157,-69.68172
104.02068,-64.83826,156.17079
-56.232788,-18.52345,131.74562
53.76646,-15.57688,-126.1308
128.0275,-13.518019,-50.892258
-38.482105,13.979711,153.51927
-79.12949,58.40933,-75.36182
47.76058,5.3671074,-32.722748
36.859756,37.431942,-17.898825
-57.68612,-44.802624,11.811547
-42.240623,-186.71002,31.366669
75.99948,33.33971,27.14702
35.9211,95.53294,98.35665
-113.81281,-63.615345,-80.51822
29.316383,-56.50954,-49.93074
25.589125,59.282185,60.4665
-140.6991,-7.985968,35.22518
-15.890465,-133.0826,-54.263798
91.811806,-2.2973852,65.12057
19.617813,96.93135,27.585901
-46.521294,105.04844,-92.21888
92.6859,57.35559,108.023506
132.73242,22.834127,77.6135
-68.4343,-4.0346913,-68.0945
-96.44225,-41.07415,-45.647373
-89.26091,44.850918,170.72733
-103.61994,-3.3963792,-93.48037
47.029083,-63.60589,-145.17104
185.81317,84.64732,190.14603
86.461136,79.28911,-68.669846
-129.29987,-116.660675,38.617046
-151.3409,-56.692562,153.26006
-127.01718,30.673378,-13.443877
-48.06459,-70.66137,-10.825239
157.1102,15.619809,-83.46497
151.59315,167.31534,14.764846
-39.5759,151.08691,8.194611
-151.50478,-8.581037,-81.36922
-105.52291,-116.22977,80.76481
-38.32326,-14.317593,-16.83678
60.523,94.93929,-157.17755
182.63046,70.57198,86.41953
123.28627,-20.9575,85.24144
-27.891432,-92.143005,-35.01032
-119.08992,-88.2317,-13.828245
-110.17604,15.068904,-16.908453
-9.011435,84.67609,-2.8932083
117.97079,-41.578808,-25.566832
183.60416,-54.80239,31.332779
-28.666708,23.740608,18.338034
-327.17044,-50.420918,-77.413376
-160.25298,37.986027,-100.54679
83.88257,93.688324,7.9964356
128.99203,5.3118753,27.244476
194.83423,-59.99478,-139.71756
18.930885,-65.5795,-1.6660932
-169.21167,31.067055,-19.371065
-123.63044,38.204853,-110.05797
104.02877,-11.1522255,183.72838
237.1343,-127.76917,139.72179
111.159515,-73.698074,-36.069454
-3.2580698,82.90569,-72.19368
-83.45236,91.42073,14.025964
-40.4157,-14.350783,53.516327
-80.45143,-148.34554,41.595005
-58.76231,51.665707,153.63615
96.55373,130.87303,-143.72836
37.953827,-33.43892,-74.16321
68.97246,-19.15478,114.718765
39.69057,94.66278,42.335987
-68.95989,140.6221,96.15036
19.539324,70.2304,-176.57834
80.27291,-32.94959,34.950542
50.729298,-138.27254,160.63522
33.72988,-71.76065,-59.82538
-15.850413,-30.032679,63.524708
-94.178665,-31.788437,-39.309536
-20.37284,15.685246,-117.6314
18.081518,6.8429656,79.23924
-48.628586,70.79975,181.7079
-36.99511,-25.534079,-37.774395
-48.42803,-108.16105,-56.912426
-41.797485,48.545753,32.21979
-60.289825,48.491707,-65.72283
-58.124386,-66.26327,-27.721863
74.147545,-1.3118204,0.7947072
75.89383,52.240566,-44.819115
38.91564,-18.638372,-97.00509
30.572384,23.682219,67.49348
-63.049618,54.944283,140.3087
-52.157978,-14.22494,-102.39545
92.85553,14.238258,-86.36925
127.36485,-16.51922,81.11325
-78.49324,-39.85526,16.271973
-94.44403,32.573532,7.730491
75.77488,-7.4512978,-13.013172
-63.102802,4.718595,-8.362816
-202.23347,-15.352284,115.71878
-31.87648,-30.25763,7.7318773
41.01982,77.604256,3.5854285
-109.01653,30.747736,-18.047503
-66.13565,-33.684208,-82.78036
41.676556,73.65048,21.981268
12.377572,97.2455,26.11729
45.498043,-83.98571,-17.076221
80.63066,-38.372272,2.759377
-6.1201754,91.009514,-57.384888
-91.06678,-10.903377,-193.3502
6.0070114,7.3305507,52.022015
28.045925,81.21888,153.94862
-109.25715,-67.14018,41.249557
-46.168533,-198.80002,19.596304
100.42234,-0.09140215,-88.80302
10.407704,197.25558,-19.678444
-28.04973,124.97385,-42.853348
149.24878,-28.403605,-13.85299
40.393604,-108.8742,86.86969
-200.78369,-59.187733,50.391644
-5.1615343,-7.893785,-46.341995
258.80783,11.361585,-76.36681
144.23361,39.988876,3.3184924
-84.211365,-9.847543,-28.660435
-145.49448,-12.476761,48.06008
-134.06123,30.81781,26.19539
-127.41879,-121.38614,-73.431305
101.35286,-92.11744,6.8953147
244.08646,100.18441,50.25404
-32.2797,45.950047,66.25042
-195.12593,-16.095125,6.9763165
-59.165,15.196575,-32.324337
38.18639,20.483894,-50.04909
-16.487621,-46.049076,-123.00654
48.011433,-25.261543,56.61819
113.162544,-10.970792,46.53897
28.178997,-58.82645,-141.00456
71.60589,-11.204678,-32.583755
49.269554,72.72591,34.37445
-37.976078,119.01529,152.20872
16.039612,-43.41763,-14.713549
64.16977,-132.3134,-84.43607
-62.431324,-47.79716,19.034548
-80.627045,41.81166,-124.72646
81.86223,94.0474,95.76641
-0.014652371,52.35703,91.96702
-51.645313,6.547222,-27.259684
35.382862,-134.94879,-35.427612
-78.180595,-26.332405,23.487797
-188.40211,156.7127,116.31452
-32.76871,-3.523426,-93.16082
85.606964,1.4823054,-71.436356
9.569533,77.44812,50.592243
34.71986,-49.282307,49.016068
83.88322,-106.27501,14.904249
34.39241,1.669104,141.61092
-37.319733,56.57808,-77.80825
-69.942444,55.464527,-230.74556
6.5174103,93.31336,194.12608
14.448433,-49.238583,28.035793
-98.65078,-106.5543,-35.310585
-58.824493,28.535519,104.89852
-16.726685,54.43146,-46.946114
-6.9884834,74.71591,36.559696
131.60692,92.74775,55.93367
96.02573,58.563366,77.41934
3.2960496,-85.40846,13.140201
-53.342506,-123.51748,-140.57874
-135.3872,50.81008,64.80223
-50.841003,77.0278,103.90397
109.86234,-76.22161,-143.8677
131.00366,-134.97383,-40.529694
-51.53568,88.04014,5.6122637
-114.31536,121.96857,-108.34982
-37.207695,-64.99163,31.81165
-91.21911,11.441807,95.14682
-107.26338,20.865812,72.77979
25.309177,-156.98935,9.666944
51.208656,-82.162704,46.3028
-110.856895,124.64378,112.09531
-82.014656,40.574574,-178.92429
72.083984,-94.750786,-167.9841
-15.764553,-74.38927,71.75149
-88.60212,-0.57315147,-84.73051
19.480663,33.444084,-109.769646
106.53348,-34.955696,38.169704
80.647736,-18.461777,-73.235596
26.99717,102.37649,-112.219475
83.7341,128.22592,91.52622
41.35626,-41.96852,69.81396
-50.208733,-176.39014,-31.476818
26.069006,-75.22762,89.35727
0.16990024,43.1905,66.958626
-95.21972,-22.394186,-106.90542
-65.43454,-60.67536,-96.24965
-23.21312,77.36608,27.407848
-19.640234,123.29379,38.526337
69.03926,20.586292,-39.721096
124.24235,23.218233,-3.985171
1.0146235,73.06494,74.928986
-25.172407,-38.38115,-152.64754
140.77823,-51.52334,-171.57965
110.502815,57.9656,102.43542
-147.73573,33.184322,-7.153555
-85.57978,-49.69685,3.3546593
207.0436,-66.99668,144.99901
154.71457,-57.82342,64.72973
-104.19445,-75.34507,-5.640778
-110.56944,24.359348,-64.75211
-138.63643,63.571907,-21.005444
-163.88737,-6.068923,0.48975968
143.70314,17.753529,-6.72904
187.26329,64.38604,69.19482
-23.265247,106.07304,-32.58259
-22.337193,58.559464,-114.85945
117.916664,41.757145,98.94395
84.93638,23.877884,77.92279
-61.12419,-147.56342,-47.92011
30.954382,-131.79309,75.48685
0.88696635,31.154713,41.302612
0.47681123,-42.155247,42.683933
179.81969,-110.0869,60.57957
67.438835,45.742424,36.605057
-241.83986,71.43295,114.44108
-320.86145,9.534711,-123.8329
-32.186367,71.628426,-56.5051
31.454191,-20.319704,184.94809
34.32094,-75.27371,-186.2369
124.58585,50.85134,24.711344
-94.1389,-4.4087043,182.53575
-66.37128,0.042562604,-207.24799
74.58346,33.264812,-7.831657
80.00279,-41.55499,-9.356325
-39.876,-49.742176,34.785843
-134.21825,-115.28302,-3.1423836
134.62152,-24.594517,-109.46565
61.574806,101.5904,145.13887
-21.495728,76.65341,-118.51507
191.1468,85.13628,101.653
-68.91158,1.5430014,167.57646
-209.15779,-98.90953,-220.82385
-29.908417,-114.45965,-13.951644
-233.03912,-20.156046,-102.046616
-250.38097,112.586395,19.279694
120.59729,15.09603,2.585987
231.06534,-30.027067,-175.276
168.6257,-39.626755,291.05063
63.504353,-130.39072,-68.2149
-53.60577,96.96891,-230.57153
-130.49332,134.819,149.19864
-29.037626,-38.145813,-267.53275
114.44254,-22.970766,33.4681
97.47973,8.826381,235.65779
95.921234,62.97682,-74.18306
-90.03671,-54.6808,79.47515
-120.61833,-60.3208,-45.309532
67.553314,-62.002514,8.088638
-58.475163,-112.58185,-100.22692
-134.34552,127.09056,-33.69967
-2.5544508,119.08546,149.43901
23.503857,-91.416016,-117.356285
12.20685,-134.74646,7.8781347
101.244965,-30.93073,8.28989
71.756386,81.556984,7.4564757
-25.783012,79.52619,8.247694
96.15157,31.276333,-135.56573
97.83027,21.045132,-42.367893
-84.01385,-55.198956,13.541836
-19.37896,-175.91612,12.21002
93.68566,-101.35683,54.14644
-55.08212,-13.178048,21.994703
-103.03666,68.94917,-60.88365
70.37051,106.35205,9.581317
6.40911,-3.1845195,-9.618396
-133.07928,-80.255844,-55.249546
-50.88025,-48.066822,29.276457
-23.688187,27.90078,132.70912
-4.7067027,38.130997,-51.67694
175.09953,79.21284,-130.72453
265.96082,31.497524,64.81733
120.527,10.857485,-37.34512
-29.78144,49.930317,-34.030067
6.1722417,-20.958178,-18.444597
45.434895,-9.2136965,65.62433
36.733444,-42.85833,109.11127
152.74948,-46.11059,62.19404
111.65093,39.271473,115.48761
-134.10793,34.543083,-78.1514
-204.0274,20.158382,3.8229098
-71.57592,63.24942,86.99471
-30.55077,-27.050665,110.42694
-94.22383,-153.18527,151.3614
22.06404,5.1356378,-91.34501
3.6890328,21.59984,-31.726048
-89.71394,-8.801822,-53.583496
43.233383,124.33011,-103.00275
83.759186,16.664238,133.37088
83.7446,-38.17559,-12.139227
100.92108,-10.041565,-90.268684
85.0345,-60.599266,81.12784
-14.263551,-66.1041,-3.9747648
-94.67697,-67.496086,-72.883995
-16.91029,-35.402023,-6.4778185
-93.48928,-29.993942,61.907845
-150.67142,-2.493721,50.20025
26.212934,-72.21542,77.475624
102.38584,-92.36954,112.71112
-78.56834,71.053215,-83.262375
-281.71875,23.817282,-171.01077
-196.26416,46.11111,-84.99896
-46.182346,99.2115,-44.67305
46.47417,-66.480995,5.67106
223.00124,-42.414337,-44.64862
143.87991,136.40558,18.39271
-149.40845,88.81804,8.183236
-99.90367,-51.478508,-121.02012
174.27576,-18.784807,53.553505
74.64742,-53.123188,-5.4186664
-95.07857,-85.59627,-13.593445
102.64866,9.482937,35.70996
145.84372,22.33345,-27.166592
-40.407562,-53.310345,64.62757
-50.288414,9.464989,-96.28344
11.668524,187.88797,14.257323
-75.88967,97.02027,-66.839424
-75.97108,-54.732212,-109.033356
110.16447,-17.72899,267.73715
99.77288,22.688124,-18.448952
-48.21652,-45.64357,-109.64313
-65.30809,-49.021893,7.0524063
-62.053047,98.86223,-70.85821
-60.803738,25.970707,101.999374
90.70063,-122.04812,42.920513
169.18619,-16.60362,-25.593733
-30.803156,71.343636,51.587738
-98.01664,45.694534,-73.90142
78.166115,73.418846,-52.840958
93.750626,66.84703,32.737907
63.496174,12.602291,-88.01751
75.44124,4.5198503,-60.873318
-29.439068,22.34779,140.43848
-108.52057,-58.599766,1.1464746
-120.28903,-179.88501,-125.05842
39.612484,-88.27965,98.297615
48.579758,22.555134,0.57080024
-76.158195,14.353362,106.12437
140.93219,-11.055621,146.01517
148.89821,39.054104,-36.369564
-64.36089,80.78107,79.260216
-41.088192,41.94538,-184.2343
43.535202,98.678375,-30.852428
-24.177683,60.856052,8.327151
-94.9998,0.9649296,-170.90828
61.917587,42.224358,168.23183
102.49484,-38.357845,70.26809
-33.186077,-185.8998,-36.076244
-39.699165,-149.53517,-20.79537
-13.218639,57.13655,41.179237
-92.74369,20.654676,-42.285233
-72.55865,-135.32857,-13.842387
125.16715,-98.7871,215.16588
147.24611,-6.1599874,-38.90504
7.1155353,12.608212,-47.32378
-66.20703,65.34216,24.778578
-91.24794,188.13757,16.22675
-40.28827,40.22202,-29.867851
3.484902,-119.69869,-76.333466
-26.578398,-21.924185,103.92419
-83.3233,-21.827488,-42.06423
-75.13701,-64.61987,-54.305054
46.174488,-61.235046,100.031456
52.04321,34.381878,-79.36923
53.663906,89.578125,-152.67451
134.34564,11.370986,5.1830015
-18.633842,40.507675,128.48074
-154.99318,-44.514275,111.173904
60.11959,-118.192245,2.8209822
157.95795,-12.547792,52.316113
-80.530365,19.739054,39.82234
-137.05246,14.492968,-51.507473
-39.23745,132.88666,87.89974
-24.79518,184.6778,-9.659064
-27.558968,-84.929955,-156.00507
67.91899,-92.87115,43.81212
114.60372,69.50608,88.56296
-52.33108,38.14467,-46.781677
34.866085,100.62659,-36.357433
146.41815,62.64976,2.9005659
-42.148537,26.642666,30.778313
-113.71982,21.568827,19.415304
71.637726,-75.23993,32.07487
117.02369,-137.1881,1.8656979
-162.32816,-105.79095,-136.89581
-150.4301,50.25101,36.157883
16.924576,100.65481,125.305534
47.260715,-78.65251,65.56393
33.910957,-241.22884,13.595783
-108.57457,-1.83448,-86.233406
-126.74564,247.58107,-85.51149
-113.46929,39.782944,-205.9304
-12.503233,-5.5996213,76.49179
107.42189,70.89486,145.62195
-7.27593,-64.14063,-196.78899
21.706305,22.430666,5.6384773
76.85898,49.79013,102.11284
11.812961,-28.81217,-33.178436
84.34415,-50.34686,-134.29558
128.63846,-130.75078,-42.89143
-11.050841,51.80372,23.70372
-135.66837,131.78,-65.71139
-14.69452,22.893564,190.3576
62.885044,-48.256523,113.0633
-10.620645,-48.946495,-96.43753
25.999275,93.20791,0.24699539
-78.28241,75.121056,8.332291
-188.10995,27.659464,-71.76749
-107.026855,31.852472,-101.99882
-16.635588,-8.839501,143.49
9.261734,-48.82387,59.927094
18.243763,-32.661476,2.145076
170.20628,21.608435,44.490387
168.89087,78.28887,-54.574524
26.344316,68.290985,79.69756
88.470055,-50.09388,-153.21536
133.83075,-51.80543,9.103417
-107.52095,-84.72388,100.084015
-141.42532,-82.73861,-54.854263
202.39859,4.521367,179.68431
167.11894,-38.475235,-39.902958
-110.72265,-42.132744,-3.013317
-160.75615,14.250995,7.4911213
-89.062935,-11.579296,-19.083023
-94.09755,-149.28293,-32.921974
-92.55948,-84.76345,-126.13348
102.843895,87.55404,247.99489
108.310234,-31.254698,-2.7372625
-51.142838,-79.97171,-111.08694
-52.502953,70.82808,43.634346
-92.51082,91.48589,-158.35947
-169.72903,2.3972712,-43.551468
10.052542,-77.89002,-33.806477
231.92702,-47.146484,-38.64329
75.81284,-22.248508,-9.391635
-60.77983,-45.69844,-42.447624
0.043844163,50.967766,32.07439
-58.591484,55.434196,52.24366
-10.163872,-44.478683,-4.299434
61.503822,-61.44798,-0.5618929
-29.855553,44.11316,66.80582
-124.5333,69.54167,-63.870445
-124.18101,12.773381,-55.0025
39.262302,140.60936,106.84133
65.03738,95.27678,-10.1711235
38.06179,7.307587,-2.1734002
189.7393,123.474655,119.29889
196.04195,46.6439,-63.36284
29.075916,-34.7497,-65.10183
1.7451915,29.370884,122.07642
21.418007,-33.47358,-6.274379
-112.70195,-74.7018,-52.355236
3.0233195,59.123085,4.8832226
196.04396,52.422348,71.45914
4.733236,-116.515144,157.36563
-193.2815,-80.45015,-14.478714
-146.70091,67.18727,-25.945951
-57.869858,54.4544,-6.324612
-77.79816,38.013676,-2.82724
-0.9263081,33.230095,175.09575
65.08998,-7.0029764,39.717495
1.8146603,-39.788166,-123.92097
33.38549,-35.866695,-117.6906
-14.195365,93.25958,-76.26424
-58.039196,72.06224,-19.077606
58.781685,-50.167843,-58.44127
163.16689,-60.23112,22.06134
136.44128,-44.666065,76.23475
-59.22391,-2.847756,-73.78418
-90.71084,84.09339,-93.310974
-11.843612,87.50077,41.6804
-109.31023,-102.909256,87.8092
-23.274035,-138.668,29.061127
73.57256,-62.393528,43.545876
-165.00822,-82.60832,62.58969
-267.72205,-60.74821,-7.010671
-48.77407,-15.115404,39.98455
57.151104,38.0926,-108.380486
48.070988,87.74834,-126.89241
185.49997,127.834145,25.613111
152.41019,129.29225,-87.82082
14.135776,-12.803256,83.59726
-9.904716,-192.4225,-38.017246
-52.36447,-64.508095,-33.676643
-56.554783,20.9808,76.56598
-17.687426,-39.778954,-237.7077
100.04366,29.337759,113.9569
4.680241,-44.88784,155.5973
-243.99289,-87.718925,10.977299
-247.01782,-90.94846,49.527
-134.69264,-86.73512,-107.043686
-26.99006,-34.290123,38.75082
32.115326,60.36247,-51.6524
134.427,206.73907,-74.998405
82.92442,77.26035,-53.703007
-113.99214,-25.453247,-22.329353
-2.6557024,9.156414,67.98373
161.66743,32.67054,-51.900063
108.058784,79.54479,-17.90129
101.802315,28.881302,-57.120056
98.85771,-12.890519,95.107376
-63.957584,-92.86574,215.73271
-74.08041,-171.51636,6.3093944
66.31189,-85.04296,17.541534
13.643975,38.047806,3.160811
-154.69493,68.966965,-65.8119
-149.93271,93.15193,11.068731
-22.584023,85.09674,31.073011
-75.00862,-69.14255,17.56904
-26.445673,-68.8376,1.9913399
207.68692,104.18915,101.02008
159.91972,81.37525,41.71766
16.4937,-37.02185,-169.9895
34.39635,-16.392452,-30.131317
82.65002,87.622345,-40.662506
20.879099,11.488705,-86.54582
-37.24264,-110.06899,75.105934
83.56419,-75.50287,107.64238
25.711727,-77.014366,50.841103
-135.0271,-14.292823,-61.22956
-104.70751,52.81863,-9.573403
-116.47968,90.15976,-15.348987
-148.81439,49.563374,-33.93226
-85.96039,-120.22138,59.581654
1.4719336,-36.836887,19.851772
2.7427557,-2.7656898,-58.109184
60.704662,-60.728603,-79.17266
198.25356,110.89547,5.3531394
171.03528,159.23344,-5.210868
81.35069,47.17288,-104.245926
41.33924,-33.88618,-43.240788
14.955869,-37.828876,32.2719
-68.9175,6.294031,-24.00131
-81.60855,19.15118,34.358963
75.95526,-3.2606492,167.69348
73.47841,-47.176453,14.253713
-94.11599,-56.32287,-82.503075
-92.98291,-81.30805,104.72968
-31.880234,-35.717022,40.70763
-67.53365,56.257763,11.9051075
14.099343,37.23436,100.7938
100.45219,98.14219,-42.602646
9.812061,56.97732,-13.921537
26.988787,-39.95086,0.2539768
105.46914,83.58806,57.26497
22.662716,130.91249,22.148642
-2.6796374,35.718887,-113.92923
53.77526,-105.318115,68.04855
30.580288,-127.51898,67.41382
-106.00321,-91.64212,40.396248
-189.08342,-32.36026,26.090551
-59.67304,74.08893,23.172035
-37.821735,-17.001253,-22.820858
-40.488335,-28.78732,-1.4876252
82.1507,-2.897817,246.58487
39.98817,-57.769096,-57.02576
-92.73555,64.76205,-254.51643
-159.03427,175.10379,-65.6974
-86.39235,110.18266,-13.623638
8.975835,-66.305405,-38.31585
91.583466,-171.29349,-8.780989
158.47842,-100.00338,67.981735
30.884686,15.578296,-82.75083
-47.468117,39.745213,52.701668
-42.153072,-40.57966,51.5741
-86.061356,-57.550957,-104.26138
-32.241096,16.804403,-19.527039
-14.1126995,18.272154,-49.91345
-25.032598,16.174837,169.53835
60.471893,59.43431,-34.663033
56.04476,83.21588,-117.52871
-63.503574,92.30315,80.38944
-145.32988,31.719551,-214.6732
-33.46057,-53.92806,-83.95051
141.36365,-73.888054,24.219725
121.34137,-59.149387,62.23431
62.898964,-37.762997,-32.401882
75.75848,26.437881,-47.238197
134.58664,10.974104,218.21776
181.28293,-29.273472,-85.97043
51.190086,60.738102,69.3097
-142.29068,90.52062,148.91336
-194.90811,-15.232169,-91.36326
-120.879105,-75.971436,-12.9941435
32.096077,25.21204,12.991417
59.876995,24.028215,96.57714
-6.7521863,20.368166,-112.02523
84.22386,127.44915,19.196451
29.99783,32.55037,104.96002
-71.29737,-55.90518,-149.3191
59.597977,-100.87137,-47.97571
91.28429,-44.288113,0.772495
31.86073,66.34388,29.001186
60.740276,-25.62626,26.202139
127.65792,-3.0818787,128.4621
44.259087,-41.58065,178.58105
-135.51431,-183.9764,4.297842
-134.20564,-26.518347,-43.329483
-70.47883,91.77018,-118.65699
-154.35669,-7.7317944,-155.41821
-134.48782,-20.50008,11.231412
89.93605,6.504337,104.346565
34.690945,-101.64938,-24.24431
-57.896687,-69.912895,-150.6112
105.04323,144.37822,-12.985608
62.392696,63.409878,16.88056
22.662123,-75.26011,-107.84505
97.636765,-23.529211,33.115112
-9.427531,-38.04374,21.309462
-150.82849,-69.597046,23.101816
-71.26569,-78.84246,80.41827
133.51125,-42.710144,52.838318
56.10904,10.737429,49.489204
-98.20799,53.295574,-166.7877
-140.74431,58.469677,-61.77523
-146.2299,87.94728,43.06075
-25.642336,52.797913,-30.515686
31.73316,-14.431431,170.56804
133.32356,143.91379,25.369495
102.01755,95.29194,-201.77275
12.887678,35.09447,-93.30713
196.96344,135.55753,-99.02159
172.17139,-20.930311,96.672554
-25.461658,-155.52863,107.35573
-71.84431,-128.14815,-60.49073
1.1123389,-81.780396,119.28567
-24.264198,-20.893114,-60.437084
20.18976,153.60315,54.516155
151.75201,185.156,209.55737
-15.38006,-2.0261781,-57.78943
-142.39812,-31.176943,-13.292491
-128.55814,53.376625,57.373928
-86.16358,-6.6911235,44.533974
-40.92913,-101.76723,-67.5675
83.21547,56.673187,8.634194
148.9242,146.06793,-73.32943
-46.368484,1.8015397,-50.919666
24.041363,-29.707094,127.26826
160.39993,-11.364516,-77.03717
94.622444,-89.64378,4.306931
-8.46025,-64.6985,-103.79254
6.785972,67.54491,-13.80145
109.72971,0.77064073,126.415665
-115.12627,-101.98474,-66.79328
-196.5166,26.187738,85.17618
-153.56288,33.622246,4.741147
-197.64594,-108.28069,53.54219
-15.503951,-2.09637,13.061246
20.369686,51.285145,-49.277126
-21.643559,-83.14756,11.819449
-65.70836,-23.933466,-242.11845
-63.995415,75.83754,-14.738205
89.82437,22.086546,8.345963
205.71722,-38.387096,-86.3571
300.29916,-15.73565,44.67878
154.9506,39.55592,-50.95102
6.7873225,0.11859946,-90.32817
-88.71542,-60.137363,-89.46458
-172.72092,-29.803082,171.73242
-45.996334,-51.783443,136.3053
-16.625858,-92.656876,109.001434
51.10113,-50.512142,174.91667
20.12825,10.045323,-53.752182
-185.43942,-43.599403,-15.653928
-202.05655,-50.70974,-162.1201
-94.068184,149.43188,-43.78106
-16.974054,137.50381,0.7188235
27.11863,56.038933,-89.648056
272.4092,88.37542,179.91628
355.5516,-21.534658,-117.60835
113.807526,5.9080453,-127.04397
-28.298695,153.84111,26.864895
-66.650055,9.985261,4.69059
-17.752203,-263.27396,128.42043
36.88591,-227.15979,-38.48055
32.966675,-57.983604,98.68896
-51.718323,39.369537,43.391254
-156.32195,140.92728,-69.85392
-108.90402,115.096954,131.4605
-91.28684,-11.255316,-42.202366
-137.96957,-68.65194,3.9314988
-6.316687,36.70546,46.52254
146.50092,154.90924,-110.70302
108.726456,84.82109,-35.972115
95.58762,-25.894033,-70.166695
162.7519,19.848898,-46.555225
74.7622,1.2097669,-22.12654
-38.575684,-114.85884,-85.7944
132.17778,-24.917154,70.20539
245.67802,-10.127123,46.016964
-73.495514,-158.66223,-21.90189
-279.39935,-57.387077,56.98089
-141.23705,93.183014,-69.75657
-112.08665,34.068237,-34.950207
-79.65619,52.788746,105.23985
26.800837,31.001179,133.8574
-20.860153,-138.90315,87.60274
-154.2659,-95.910446,-144.33797
-182.19386,80.58815,-151.79025
3.6816235,189.15634,-55.570477
170.25894,128.79985,-80.7207
267.8248,15.616869,44.192356
240.33687,30.100285,59.728596
37.14793,-26.517447,-9.435752
-22.707617,-95.98033,16.397139
9.171796,-30.53736,84.22984
7.8423777,104.356606,100.09675
-91.360954,59.970825,-35.6025
-142.917,-107.80184,33.487705
-7.8898177,-21.082422,105.58505
-13.126095,-15.9077,65.993805
-17.156548,10.797662,70.29126
109.93238,172.15504,3.8614674
9.857618,-7.5528684,-25.792883
-69.91546,-29.98696,-41.358227
61.877285,75.10951,6.947367
-7.7899966,-22.39262,-52.384033
-86.44914,-53.220882,-72.0209
50.22906,-2.1852505,-17.997526
111.89397,12.787677,80.59422
63.71339,-146.05115,86.23409
68.706665,-93.84007,-127.98938
-7.5012007,47.015217,4.8347816
-260.55896,-0.24645357,15.856528
-215.05177,-26.362175,-1.0631329
68.95861,-10.927397,72.21204
104.94237,69.74933,46.76485
-34.07159,15.397973,71.21222
-67.53969,17.600554,-92.72563
-19.170458,84.01786,-115.751366
-139.37961,-27.310385,-201.28694
-113.67724,-112.06156,-126.78125
129.34612,-42.394722,42.96523
208.48315,-10.936813,23.145771
213.53484,-70.88455,-50.869892
180.2184,63.892666,-34.94009
84.89059,75.566505,252.3484
-76.88609,-85.04017,-23.795315
-220.09949,-138.08044,-27.894684
-141.23657,-110.67631,127.95837
-74.56317,25.471998,-194.42284
-87.50688,38.611523,-11.664142
-12.114467,78.62101,-5.3875804
-38.91033,189.54645,-27.129713
-138.46916,53.665802,-8.696267
-72.69615,-59.840736,-30.396568
95.45789,1.2850091,142.7572
125.90777,51.783264,-109.559296
65.7702,66.45841,-33.619045
108.046364,53.95132,33.405968
77.74527,15.585721,-37.860603
20.780037,-66.29742,120.95341
111.11344,-59.132732,46.982437
47.17919,-12.67521,245.82808
-113.25212,-8.007978,-0.36141327
-55.026833,105.46688,-213.83185
-39.102085,129.38562,84.04185
-149.61682,8.450747,-62.611687
-96.63598,-59.169,31.882961
64.026855,-16.305418,115.078255
76.50488,-21.707499,-66.67907
-13.653989,-17.164776,-101.3156
15.93836,82.60983,6.854777
40.686707,10.576458,81.25031
-23.130121,-88.618835,-53.35486
-33.72907,-128.55743,8.459192
-21.4884,-130.06729,110.53984
-38.29652,-51.1122,52.227238
12.381346,-22.066801,-16.746546
114.02532,-29.669838,-1.1030672
17.346275,36.21553,-74.637695
-137.25214,121.5012,-169.81499
-103.81097,117.678474,32.266037
-14.24454,63.177994,145.98305
115.9756,-134.80878,6.1797457
141.43982,-173.28096,-113.12884
-33.97688,71.20765,-42.806335
-86.85856,92.09206,-24.165886
21.838171,-75.520035,-42.324627
168.28796,-94.16102,136.44196
141.58867,-89.745926,28.986204
-125.83532,-147.15082,-100.49806
-145.81516,1.9458864,29.478073
25.862818,93.92365,36.438725
0.5628266,5.779907,34.16943
-105.19097,77.59818,-24.564175
-67.86136,143.01436,78.19689
-5.5536675,6.6355886,41.68043
7.211024,-67.02454,-37.074505
69.462845,48.286552,88.136475
-67.92285,80.8468,-125.847466
-126.931366,23.733295,-150.45593
134.62373,9.608949,-200.5711
206.43904,26.950502,15.828894
39.238,-2.2027037,160.44278
-63.824787,-70.89443,-29.838234
-14.557507,-48.27306,258.4733
14.496066,24.362001,-8.978202
-17.298576,-9.464286,-75.56271
-5.6906996,-46.070183,86.76715
-121.0373,75.01007,-37.188896
-235.07758,82.008606,-1.5421215
-2.2150803,24.653967,-122.48667
182.30438,39.40043,31.363016
-4.253551,-20.94678,41.79867
-160.63133,-10.264416,-41.226696
-50.448654,85.678474,-19.350054
64.550415,53.343357,-74.391655
-58.98182,-39.163605,-89.641014
12.967277,34.95372,50.975067
233.87433,38.670593,139.35797
62.48305,-119.21313,-56.40356
-33.832035,-107.728874,102.95007
79.8459,-33.083866,146.74634
-97.28503,-56.22937,-18.527458
-224.3643,-1.6394087,-35.14038
44.53847,64.07161,-40.68409
160.60312,5.3339314,50.29308
-33.288284,-72.887024,-23.524748
-76.68814,42.508633,-76.65901
-27.113026,237.19728,-72.48301
-48.739456,93.18091,-136.44193
-30.697227,-47.56128,-11.779692
82.865005,-72.49374,139.814
160.162,-200.13202,-23.54657
-47.05934,-156.05258,-95.04381
-114.17342,-51.6941,104.064674
100.99094,-21.978182,81.88587
25.02738,2.9204679,-48.81986
-3.662434,55.291256,-60.45564
78.48502,-2.954212,-23.713564
-27.442238,-73.751144,14.3371525
-113.5494,-11.746093,29.24597
-122.2609,23.386786,63.686935
15.740377,76.983376,-109.71144
8.73649,72.27227,-143.76582
-32.42005,7.7857575,167.30316
0.09383871,-70.09175,107.196495
-92.77136,-125.40914,8.18181
-16.52154,-77.75533,-63.044106
98.11171,47.486908,-35.43478
112.78454,97.79725,89.365616
77.962456,6.843722,-11.648575
160.5386,52.924038,77.72303
234.81407,149.23888,-169.4435
-8.084685,146.18077,-70.20436
-154.75853,112.66721,164.26558
-0.5201488,-22.210201,48.423996
30.487514,-223.68414,76.14123
-144.28223,-158.20682,-123.0011
-6.822175,94.94744,75.87384
35.83551,-61.779366,-68.51547
-163.7622,-196.17313,19.391376
-23.367702,81.57693,191.9712
-39.370148,125.116066,-232.9374
-137.92433,4.112282,-28.74579
0.25632462,48.798832,-39.874866
99.14875,109.745,99.70626
48.58135,71.136795,20.22907
-126.644394,-36.302547,-187.45541
-35.21662,-23.661137,25.952417
89.903145,-71.15208,-140.18767
49.309124,-121.83463,34.1765
51.95229,33.655968,44.96361
-34.20012,31.31693,-9.842369
8.255337,-112.78548,16.507246
55.158764,-129.30173,-25.160261
50.684578,-20.015036,155.34233
65.75267,77.97917,-5.751423
-8.097973,121.10809,-24.407413
112.23371,125.1777,38.60635
68.48368,29.370966,-43.456974
-176.94019,-61.74863,-53.65499
-237.82823,-50.9781,-39.76102
-140.9005,-65.52572,-7.3297477
-24.903135,-51.06605,-130.51945
24.08306,81.608696,18.070179
200.94377,81.83852,79.96819
74.25339,0.13683839,-35.37306
-138.94609,-70.52627,129.3063
28.858522,-22.180948,-67.91913
71.354324,76.10856,-12.307028
33.691265,-21.464296,99.00186
14.678749,43.5316,-101.316185
79.39084,130.21576,81.48305
124.75429,3.0395122,-126.29353
31.732826,-41.124653,-16.043453
30.340677,60.462677,190.93413
-3.6741004,37.845978,-19.616493
71.15855,-154.70569,105.24327
141.10573,-62.580837,-105.59783
45.145496,132.43115,32.1257
2.6974492,48.784546,22.877789
-34.12061,-40.5296,-82.72315
-22.53385,-57.67899,294.93494
-89.9475,-134.38078,-79.04075
-166.85489,-86.24945,-46.084488
-99.60004,41.609,23.10334
-102.76949,27.096878,-234.58647
-145.16035,2.2253368,-17.72743
-97.14888,26.429855,-15.047503
36.684917,-24.590313,93.24279
104.570496,-76.17708,16.25207
99.90808,-28.929245,-40.715027
102.59026,18.879904,57.000355
65.51388,64.81139,-139.88257
-61.602604,-24.639269,-136.35532
-165.37843,-38.44923,-32.945137
-71.257195,114.79745,4.3955116
34.418064,-31.569143,-68.80294
112.0913,-119.44156,60.46434
126.73167,13.869469,115.48656
-39.243374,23.27783,-53.243973
-141.73053,5.603665,-30.495909
-88.31518,54.909595,19.724232
-28.296934,33.70686,63.286022
56.32994,-23.869284,-85.52665
212.57191,38.03661,12.218858
166.73192,18.03128,74.191055
-84.397835,-23.777908,-128.40973
-259.51782,23.833975,-7.4217634
-191.85867,8.148525,-70.68096
-8.326168,4.5590014,-146.04196
61.159794,62.535946,74.03761
185.5841,22.412172,175.2144
135.24918,-118.9053,59.40299
-92.28508,-123.71376,68.84377
-100.97201,6.336847,77.03246
-40.911472,115.84688,-3.6996386
90.63183,54.207306,-16.42074
186.08754,-82.67614,-150.42572
50.537178,24.988035,71.19771
-76.39304,95.74526,75.06973
-24.7651,-15.038132,-214.18513
115.75965,117.166534,49.444366
101.5706,143.68243,96.894394
8.210805,-78.2744,-20.295475
45.09921,-84.94867,80.94507
-31.48045,-73.83881,12.372464
-176.05582,-77.88242,-87.30479
-69.60188,-25.11565,79.87743
125.76817,-38.117367,182.2569
84.54857,-55.7952,16.90538
-94.80009,27.594404,53.57191
-58.62279,173.59222,91.57299
47.89151,105.95059,-19.998379
-22.689579,-12.726059,-65.73889
-54.76437,72.225914,-31.976135
51.556995,90.48622,-17.24275
9.673374,-31.697159,-219.55191
-61.718895,-4.912253,-103.067696
87.38479,68.23732,140.63724
85.658356,-45.732433,114.50201
-16.042906,-230.91246,48.450413
3.1994946,-204.86476,-81.42683
-12.074601,0.79107803,32.51266
-86.62159,21.924852,-35.315094
-152.1423,21.462046,-70.992874
-83.60012,69.28298,69.5682
-80.9405,-23.599295,-124.326904
-133.2459,-25.552067,-38.50227
1.257159,85.69071,34.582268
32.219154,52.461884,-88.10736
-120.12704,2.4132326,-132.30089
-137.141,50.247078,-77.66318
-0.802719,-55.31275,42.700645
79.01758,-164.33192,-14.078411
140.86859,-76.35302,35.739723
150.76723,13.631416,117.60995
0.26020855,-18.28465,-73.62784
-39.079723,0.9406891,-163.28505
12.335611,157.75215,75.912384
-29.16418,167.04991,41.205467
-22.14541,-16.122461,41.99941
45.8276,-97.66309,158.20784
78.36696,-31.759062,-51.97302
-0.65427303,5.077579,-87.82843
-67.60899,90.20136,-69.64432
-21.418741,122.025475,62.808517
42.245655,-28.690233,83.00775
92.78795,-112.38304,-73.0797
90.411964,-63.536068,75.78427
75.92962,-26.730963,60.965202
44.869835,-1.9989154,-55.556515
43.365738,97.07054,6.5461316
57.880394,31.385777,76.762886
-30.978994,-130.82834,24.844759
-115.81461,-88.22151,10.396907
-71.57195,-27.498383,81.06345
9.810462,-60.996334,-126.09241
-20.026688,-47.475113,-154.39355
82.29385,59.144947,68.37035
124.0011,38.122177,-20.555313
-106.05923,-94.94351,12.710006
-63.16711,-65.54201,67.89505
68.96596,26.15876,38.92696
10.567701,52.48731,27.33804
41.415886,36.72105,-60.727215
63.714417,-33.358437,71.74002
-3.6705196,-9.28133,-19.48225
-63.903034,40.266098,-130.67926
-39.274475,112.01883,-14.09265
42.70783,150.61075,58.98528
-36.343254,-54.353424,-0.95056677
1.2503084,-4.6093473,-14.033236
168.08957,75.98874,90.13095
16.204023,-55.43314,-76.67083
-85.58056,62.409637,116.634796
-1.3168485,36.127964,233.68936
-21.868216,-156.25783,21.461664
-80.29781,-166.27594,-5.2512646
-39.093544,-1.5426348,-66.7336
29.8134,179.40671,11.50187
-62.7261,143.86241,-1.9274817
-13.40985,45.452988,55.075806
182.37254,-43.677975,80.159256
114.32342,-128.03024,-26.048641
-39.435165,11.069797,18.317844
24.655594,159.04346,33.72685
124.56695,28.181175,19.208704
-71.95043,-87.1929,6.240309
-256.1758,-76.31435,57.13667
-167.46071,-51.915646,-21.013844
-88.5686,-56.116257,-22.669704
10.42313,-48.46394,38.542088
128.68465,50.08671,54.701942
106.60715,50.057045,3.067108
-99.798485,-9.932341,-246.69867
-246.02046,23.08519,29.610155
-49.705082,42.62835,86.42059
121.07294,36.078457,-148.90564
68.79339,-1.2805245,117.025826
-7.5746117,-82.58519,-84.10411
-26.593496,-32.184994,-167.15044
-94.54605,92.82163,-48.823936
-96.90871,65.31382,-23.418346
82.3511,-79.04216,113.546005
26.9277,-102.70032,-92.13177
-26.638268,41.31565,77.71
15.316068,45.49213,16.33871
-112.0837,-24.2777,-89.30523
-72.53545,33.140377,41.2139
-4.191242,78.99556,-137.57217
1.4163762,7.741227,77.46762
78.63932,-17.052637,53.416763
143.61949,47.03075,40.116432
185.93318,-14.994393,18.860872
68.13943,-36.043644,-185.47517
-124.64726,46.931137,23.901917
-36.981655,81.61922,33.940376
180.28157,-37.536324,-78.2751
102.79137,-102.370125,41.279858
3.2265532,62.625458,212.82614
24.209114,-21.252203,59.23321
-67.48786,-151.9854,67.28263
-71.57647,-52.935757,96.78923
-20.216179,-3.2138755,-140.3682
-84.373825,80.75399,-20.11269
-67.26262,117.15519,39.302708
138.10893,38.991932,82.99595
234.77768,-1.2026408,55.799423
77.50023,-12.21062,-39.136253
-62.13987,30.70846,43.7264
-92.57659,47.460037,-84.80259
-17.247288,-20.134274,-88.4904
77.83664,-43.20484,79.454575
109.90677,-67.99119,73.78803
61.153183,-109.8319,47.748688
-90.095276,-63.737625,114.69055
-59.72006,83.61943,56.348278
-5.723482,102.07737,-76.8344
-113.389175,-65.11534,11.393184
-65.489624,-56.258766,43.480377
54.167683,-3.0008967,3.9376032
60.94836,-71.21122,-42.696392
1.9223322,53.275085,-90.29792
-8.646242,163.33636,74.371346
-15.475012,19.777681,-32.462738
38.748047,-31.728052,-70.652176
114.82159,-28.35243,23.66089
3.0683272,-94.23338,-128.42761
-19.490917,-74.36019,58.56179
-35.94027,-27.187988,114.189026
-127.72965,-1.0582399,-10.326099
-56.108322,15.764516,-52.744286
64.51064,44.178047,-59.905716
35.35953,31.487936,79.43669
-109.57941,-42.223804,54.98711
-133.1602,-77.19219,-32.50244
-163.39563,-6.6454425,-77.32056
-92.18233,56.32719,-89.60974
50.53448,73.90847,-170.91579
94.256195,142.41748,57.97348
239.31166,80.890625,80.51499
142.88951,-69.59598,-147.95149
24.162235,-70.49943,93.60242
105.45513,72.88229,-23.281641
128.85297,74.84219,81.59685
178.7285,-34.9818,171.531
33.36678,20.760677,-2.5382698
-107.76782,26.107645,82.07132
-137.78978,-36.13761,-102.570915
-177.5302,-18.007702,99.347084
-113.85175,48.380123,106.742516
-92.86881,30.195276,-64.00469
16.355614,-19.305708,0.661421
5.558085,80.643524,-29.123117
-18.389292,102.94626,111.37355
151.48357,-0.7320364,-54.487114
73.37647,-44.545532,61.782234
28.989815,14.509293,13.851394
23.267208,27.984728,-225.6533
-26.109283,-13.909679,106.84484
8.331684,-11.337217,54.206463
-58.78536,-117.671265,9.462249
-59.315,-151.77411,-0.27649167
-41.33663,3.833159,83.8513
-40.502106,47.78895,150.62729
-40.844017,34.40548,-111.1548
-3.234384,82.0666,79.70485
32.41629,16.165062,-156.39798
-106.41926,-69.16501,-264.42123
-114.40408,-26.842731,98.00175
-21.150536,-33.60632,27.260086
18.049152,-60.88545,13.311469
81.47427,-12.051825,-143.79109
91.45831,24.480011,-70.43135
-23.858307,75.08462,-28.074068
-153.6747,0.584223,-100.12735
-65.52354,-161.50098,68.60062
-4.5060973,-117.741974,-34.279305
-72.25686,-68.3632,40.7837
32.628864,-9.744653,36.635735
173.64648,120.65627,22.317526
128.44884,64.01817,-62.880245
-120.11542,12.070083,-195.47429
-231.06908,29.423704,100.32592
-20.90001,-1.8219596,-7.5905633
20.729214,-18.134405,-100.7708
18.971634,10.339635,91.880745
247.88402,51.203682,44.83077
253.05515,-36.264874,-78.53466
11.259771,-4.4939675,13.793635
-88.55076,111.68808,206.4257
63.47766,-40.64706,21.55873
180.62805,-85.54383,-35.414658
28.322557,-43.279198,119.10921
-126.95783,-47.83277,9.355123
-77.665504,56.71358,-59.93365
-13.878997,29.932245,-5.833128
-94.27827,31.693853,18.476568
-108.89807,62.38926,49.542603
39.501926,24.688183,-1.6997743
26.087748,37.554504,10.806442
-56.584442,4.807498,18.866793
2.4548562,-24.919668,-137.80338
12.30178,-55.0746,73.085846
98.477104,-30.85491,107.05373
184.02441,-17.559898,-148.67828
100.13744,-36.948433,113.8354
-5.97527,-39.161663,91.18625
-145.86548,-62.24452,-149.09598
-210.50081,53.124626,-84.07785
-156.87521,130.1895,-21.783968
-38.385185,-37.306698,48.216015
16.790194,-139.48534,-79.674484
10.303081,-5.5222025,30.448687
-19.09477,-1.3527563,109.55011
-93.02058,-20.975157,-124.52971
45.494244,121.986855,-23.0149
102.120605,50.196663,-48.519318
-38.908607,-92.84255,-53.57823
-15.995223,-54.07554,128.62561
61.974743,21.132242,87.545944
72.86139,54.269173,-83.61475
47.5692,61.3455,-122.99027
21.635052,39.20182,49.713184
-54.503952,13.279926,11.899536
-94.92337,-4.300342,-108.7103
-43.11803,20.866917,-107.43815
-21.828442,76.45838,87.767914
5.564548,-25.735075,160.23087
34.682808,-122.67111,41.79985
49.618595,-1.2589041,96.39218
-43.752388,35.79639,-72.148796
-164.06136,-0.87197644,-152.06792
-22.283014,73.309715,-19.939917
149.79114,-14.770259,59.675392
109.46211,-148.50175,-35.365944
-13.156846,-31.59212,-130.86621
-52.66346,130.73163,32.6909
6.136751,99.185486,-54.303364
74.1942,0.9459034,11.663109
169.0582,-25.483261,98.86249
68.91773,-99.00558,-42.13742
-105.35275,-145.90451,-1.1301076
-103.7096,-80.19447,-7.2829576
-126.744194,1.6633319,83.61501
-16.851751,6.5380173,-5.233975
98.00229,32.122234,-42.896187
25.913307,132.54799,91.459206
-1.8467258,88.28826,-75.05463
-23.103956,-74.49852,-59.47708
-33.07552,-63.65821,48.590576
-4.163801,52.557697,-31.53845
52.05738,9.278391,-215.97417
135.09937,27.047302,-118.88669
140.43939,43.38751,142.95781
23.136703,-103.591225,112.367165
-65.22004,-53.383312,130.50737
-18.833876,53.15791,83.92512
-34.15443,-64.05242,-1.2749074
-50.144295,-57.653442,-28.113508
-11.785041,80.47867,16.430853
-125.20554,28.394817,65.2153
-153.70184,-39.139603,-92.432556
-7.7526526,-16.663322,-7.0600934
56.095406,85.060776,47.92361
40.46798,52.93598,-139.64496
-0.25071642,-15.401578,-95.67087
-1.7783709,92.06382,18.704851
5.9089665,-55.325233,-64.26949
-0.16288409,-146.32385,-2.9135804
63.73284,-23.393997,151.31093
49.00614,-3.2440748,35.048275
-8.881047,-35.42247,21.293913
41.08942,-41.91789,-22.848879
4.952392,93.931435,-24.73679
-154.29953,60.662624,98.31686
-269.69196,-80.27295,-80.175026
-170.05424,-31.147058,15.227399
1.7452443,-87.67161,-6.381821
-29.952154,-121.280754,-192.77226
38.823025,91.25409,101.39752
145.758,126.796295,-47.55567
25.258236,11.214298,-244.97298
-50.825367,39.149517,3.2755523
82.21638,28.894909,6.12736
188.39906,-61.061558,-35.373684
27.40675,-86.06263,103.28846
12.591725,-0.045263667,106.256165
105.91825,60.930794,-2.0088716
4.5904493,30.599697,83.53576
-48.588688,-52.297623,7.8070083
-104.93626,-105.23149,74.096725
-101.01713,-89.845375,-5.935956
-53.3296,-14.8485155,-266.76047
-39.985672,162.88957,21.437246
60.42167,135.56398,-125.675064
91.322426,-46.550987,-16.195673
33.86524,-41.804306,168.16965
67.211716,16.865063,-62.201416
140.92715,-5.3633766,65.5202
46.0023,-1.4107457,-59.904545
-69.92391,44.60149,59.365948
-38.293262,-88.07112,-35.192917
-65.69508,-203.66264,-47.460125
-76.926216,-86.593605,240.99055
18.72349,-10.556794,-9.084771
21.115755,20.445549,17.341295
-13.287053,131.33131,-8.248925
-27.705616,122.45498,-54.878716
-23.698132,19.743504,-156.76147
5.790977,83.55821,-169.82185
-6.742177,54.31285,90.25416
37.61255,-59.128197,9.335596
85.18503,-12.38685,96.18197
81.58086,-54.20549,91.55889
25.316355,-59.62236,-86.11598
-83.8624,-38.148247,-52.549915
-55.377613,-17.368008,19.894508
-21.815016,130.94067,43.45787
-59.47172,5.5692387,46.543564
-46.49201,-115.44394,-9.789701
-49.83459,24.697275,12.518623
7.8129435,72.02781,104.388306
40.941395,110.046196,-93.910934
0.119971864,139.26582,-21.868008
14.134496,50.6707,-1.4652004
-32.29369,-17.21943,-155.81126
13.220831,-6.9351897,71.39058
169.13852,-58.426525,47.088448
174.5451,-71.55697,-15.029701
123.30193,-5.461861,-0.59436554
93.36675,21.3546,39.546043
67.83614,32.42083,85.67942
3.6481376,-80.46543,-23.594166
-62.225246,-96.910545,131.94838
-106.42913,6.2963257,61.29908
-150.6527,-8.578986,-43.778454
-94.517365,-22.101175,-0.44028413
-123.41699,4.0241785,-105.44357
-204.60213,58.515194,9.127281
-198.34651,13.88355,-93.9282
-101.91867,-60.23479,-28.298094
136.12819,-56.77595,110.06469
125.83421,-84.421745,-114.141205
68.43068,15.78049,45.761948
164.38622,105.68907,31.34272
101.29291,29.40708,-136.57947
156.25223,27.29149,8.37907
183.18361,-28.88601,127.00263
30.916235,-103.158264,65.05821
-111.555244,-78.99165,-108.69545
-187.2364,-80.135254,6.007096
-108.743385,22.735666,-2.6159613
-92.61269,51.15314,-41.89675
-51.17172,15.498944,143.38794
-8.366835,56.554775,110.13897
-111.95,29.135721,45.17003
-92.93225,-8.442095,-60.952705
31.538527,8.2212305,-31.86357
13.526879,51.527855,-59.333668
-56.072906,-29.192324,-140.8626
109.44115,-16.295118,-18.376177
179.53793,98.996086,-76.130104
70.29046,20.252312,38.028957
106.069336,-16.09338,48.315525
128.72824,27.363125,10.805869
-30.831772,-65.343864,-23.47264
-224.21046,-63.876907,-189.57127
-70.21189,65.20726,90.60263
5.4292355,-101.16529,146.5555
-130.15991,-193.26021,104.87335
-0.34556222,11.7937565,60.17147
19.05973,90.63191,-63.225433
-27.99791,47.794125,-94.032234
19.256979,66.358025,-139.8646
44.702065,171.50879,57.583054
-11.75467,58.091206,-144.48804
-127.37306,-134.92879,-136.12366
89.50153,-78.52145,59.313004
256.35898,58.820305,-15.498387
68.599,71.08874,55.518383
-24.569004,2.2891974,-62.11849
-2.0739734,-4.169327,-6.408924
-77.57785,-43.390957,-10.569829
-142.7646,-69.67909,78.14948
-9.652739,-48.87355,200.78725
22.155573,-32.062683,-16.833746
-65.82987,52.627434,-103.65116
50.075157,134.78073,-47.091267
112.95587,100.14763,121.299736
19.718925,37.609165,-47.53614
-44.17491,44.703274,-19.220503
26.446783,12.909118,79.75976
195.22627,-84.60516,-161.18666
224.40942,-81.863335,8.830031
88.47141,120.47875,85.88845
-6.7151675,175.30188,99.02177
21.767332,-46.279766,77.02439
1.9195224,-190.00371,-7.6039114
-36.80855,-142.65984,77.05382
-35.46433,51.3216,-81.690056
-67.94556,142.64272,-64.487885
-133.17441,5.5058737,135.60396
-183.15845,-75.971664,123.232216
-99.038864,-50.19993,-26.328125
-81.0596,-20.171621,45.334557
-78.49958,-3.0141742,89.321045
88.779175,-11.065487,-205.9561
147.99104,47.676575,-103.09343
29.58509,39.382706,42.46569
-9.188377,-32.41838,-1.9222208
86.483826,2.127285,72.26405
110.958755,-12.74196,134.3068
138.64833,-60.91351,63.68381
68.81722,-31.565702,-141.03658
-109.75524,52.01281,12.149117
-114.92236,56.440033,-55.637913
-103.56492,-14.832386,-165.33694
-118.139534,-39.475124,156.04773
-88.57599,-47.7935,167.35675
-50.48759,-77.80618,-3.5765157
-23.610044,-41.108734,-78.15358
-31.119246,67.77505,55.244686
-80.56012,29.098951,-7.241624
-27.44355,16.917189,-73.38605
110.05447,74.82364,45.975243
32.3521,10.639315,-22.80482
10.704577,-32.28657,-16.499886
98.70513,71.22953,-107.29258
102.96503,188.94958,-14.447016
131.84445,57.806232,3.7302659
0.75630087,-52.416183,-66.74866
-101.00781,10.507666,136.7582
-55.60457,-86.58117,26.67034
-122.30269,-183.98581,-24.24014
-146.72984,-27.151184,63.220264
-27.39476,-4.530496,10.155881
55.084972,-114.70885,-172.24776
-23.111568,58.89092,-55.469463
-50.92543,180.7859,188.55228
-9.6730175,59.843353,-156.62546
-51.06467,-17.788527,-68.67623
26.821762,0.51373714,136.54152
115.23748,10.675554,-65.244095
110.09132,-0.6313467,-25.212473
85.047516,27.350603,-153.8255
-23.060776,43.325047,-91.90561
-73.650246,-62.619816,39.78011
-6.1511006,-124.66205,67.283195
51.730255,-37.774323,192.1688
42.59259,-52.913853,-23.436966
6.576317,-9.98009,-72.802315
-95.7936,140.59889,10.151332
-118.07809,72.51527,3.7232802
-56.57155,-87.9722,-11.468309
-5.272678,15.977992,39.65647
179.43011,183.02037,34.70438
179.96074,53.2162,-136.05002
87.4297,23.62652,86.6459
82.00404,73.54562,126.97977
9.228043,-84.490944,16.987715
44.031982,-63.393894,-16.841738
101.71972,50.710968,42.591743
147.32076,-18.754177,265.01593
87.97701,-101.1813,-10.651205
-86.86369,-58.950485,-8.581839
-206.95062,61.620796,5.2555814
-261.9845,81.46066,-137.59103
-83.778564,34.999702,83.699036
150.25935,-19.573267,115.26348
131.1203,-51.755,72.56933
-77.339485,5.872877,-12.655025
-145.27368,21.784323,45.09446
8.941767,-3.1656487,-99.94134
50.154995,-93.73962,-134.41809
43.678913,-67.68883,109.959526
39.547085,59.956493,-10.242915
-89.52356,-16.216436,44.421085
-45.919876,-63.28115,13.175427
117.869354,-76.21653,-9.581744
40.68706,-35.762333,-17.049625
-122.84106,130.1702,-158.89462
-156.31859,133.30598,-113.10218
-99.952156,-58.422447,-13.130488
33.87407,-195.89337,103.91707
85.71587,-64.124695,-1.9565275
-0.61606777,102.775635,75.80113
-1.9435251,58.739487,-38.452477
19.070227,12.462844,-119.930565
13.81618,36.973236,170.77525
17.93399,-8.4186535,-6.1688323
-18.634163,-60.836018,-18.253988
-37.117386,-30.201704,20.252478
6.7719674,44.419155,49.250195
66.18906,60.95099,24.950605
-11.061422,67.78502,-164.22026
-92.34702,115.566086,27.26137
-33.75548,95.388115,-66.72989
40.736977,43.5668,-39.142162
56.110035,-36.395138,154.72609
63.862385,-83.110985,-36.988487
92.57455,-36.13052,-131.523
-8.338052,39.215878,-31.833002
-26.742437,27.46798,103.74364
130.47061,-45.29309,60.94989
47.23389,-31.474655,102.2777
-190.96036,-22.27646,106.272675
-121.00199,-62.92464,-7.348752
65.236244,-105.22093,-101.47867
5.2437816,-15.464362,-101.1821
-28.235382,84.015144,50.263588
-28.84279,72.01053,-92.99623
-36.011513,57.43604,-19.059732
92.63153,3.4324632,41.24502
108.65212,24.70217,-50.02461
104.52632,53.10128,79.18964
64.19258,61.435844,-21.659098
-36.819916,69.06171,9.206247
-13.50522,-102.174706,-29.490871
-153.35449,-226.43448,19.242392
-155.06622,-71.270615,99.182335
67.36744,3.283759,-111.27716
61.082943,-23.475094,24.185005
-13.571728,94.7746,86.58276
-91.89241,5.221042,18.596989
-131.11661,-43.161808,-54.161488
-92.15927,61.442844,25.27585
66.69082,-21.229225,113.008804
184.71425,51.773754,-106.24939
109.51438,132.7569,-9.140772
135.61693,82.481735,-33.919273
55.913055,23.532234,-98.034
-61.086525,-69.335205,58.72482
13.56262,-34.083782,21.52154
-13.321758,-71.113,-12.723643
-9.544592,-95.329735,-41.71862
78.76384,-19.997713,54.367687
-8.596632,-27.075935,43.01398
-39.866585,28.488153,-0.5694125
37.56408,9.038868,49.4135
-33.053917,-47.703358,34.241096
-39.666325,-41.859436,66.16496
-68.55653,-97.98756,-116.76307
-191.20256,-35.64245,-40.52592
-69.02588,92.43445,23.787106
120.56951,74.55853,-198.00934
130.19067,14.652708,10.214093
65.426254,-13.605194,145.88272
-2.162244,-30.677736,-14.527959
-1.27779,31.27057,-57.99704
143.37683,-3.7584827,-60.217735
125.29499,-125.83105,-147.26114
-99.82129,-61.831104,19.105812
-93.08135,20.514969,147.38354
-46.706875,-40.770428,17.602001
-148.54321,-51.76993,68.38572
-53.884922,56.35986,6.221726
149.87238,41.84036,-11.04047
74.91629,20.720322,15.109604
-193.66367,135.35805,-11.842033
-148.6619,135.1645,59.003517
61.707413,20.417154,-0.4038315
111.637825,-45.604774,33.644028
186.94493,36.430912,72.5954
144.39444,109.29999,1.3012656
30.06439,54.073032,-144.12569
-50.42649,6.474939,-189.89384
-75.78374,-45.842384,48.299408
28.700935,-103.17795,83.60076
36.18065,-67.21333,50.009987
-19.959663,-18.20001,155.86371
-28.11592,-31.408117,79.37128
23.721262,-2.7882164,-31.96077
-87.672424,22.444986,1.8743061
-225.76959,-13.92081,26.124838
-188.022,-42.46731,-150.164
-158.28511,17.150326,-97.42335
63.84261,45.552227,99.961494
189.59653,-23.70921,-18.807335
128.72603,27.918095,-69.093445
13.103754,56.582592,-69.92393
-123.99695,43.355103,-52.11817
17.067858,69.0034,-54.230324
99.20363,-35.665768,46.270607
75.96708,-66.827705,128.52736
-46.936764,-97.574066,-56.182674
-130.87526,-146.0306,-26.224733
20.944315,48.10225,30.508205
-29.826265,88.22475,-4.927102
-101.11304,17.103474,-85.27523
-130.36205,19.890299,92.141846
-62.799377,-91.953156,112.27863
68.81635,-37.576603,-130.95323
-72.41381,66.43936,76.913345
-39.326992,99.11889,-34.800808
100.95253,75.61427,-77.63622
93.90029,-5.4840293,-9.817587
106.93309,13.324366,-17.230915
112.13325,-116.330124,74.04008
24.874346,-68.87374,-186.3288
-32.365734,130.6438,94.39801
132.76523,-2.1244185,85.48303
75.44742,-64.097984,-176.24397
-66.06454,10.598608,138.37901
10.528033,-6.1101756,-27.20753
-31.23179,-56.662052,39.359547
-136.23524,-127.78835,113.19398
-212.9206,-84.84838,-83.428764
-98.43376,-9.144636,-41.896996
-70.6388,-52.373478,-225.60602
-109.2401,83.41566,15.909596
141.89816,105.84894,113.87911
196.53398,-102.16863,-92.36176
95.25129,22.999056,57.19265
-3.3153102,36.005013,-10.89444
-30.91688,-102.700226,-61.97244
58.65496,74.23084,-88.39459
-28.82926,137.57193,0.5069607
-17.866716,20.034021,88.66134
129.62102,-46.289894,-39.366375
159.95255,-82.74726,59.08186
52.287025,-46.46778,99.15127
-112.1413,-15.604426,-23.362171
-115.33939,41.389454,-72.646286
-36.771503,95.55369,-16.441074
-50.60124,-70.50472,-41.170837
-67.69534,-154.45554,71.98954
-12.19641,40.397305,120.108505
18.88309,104.33876,-98.48448
77.16974,35.02546,-17.664402
126.69042,136.6988,66.75661
57.590244,111.44278,109.720985
12.633667,-81.04705,-49.299427
-37.2092,-21.070393,-141.02122
-72.4717,58.481037,128.78395
46.57785,-1.3098568,9.877063
202.6687,-42.046284,-28.75944
150.87236,28.626377,59.794476
-58.230522,49.632492,24.62286
-129.32953,-86.3053,33.43999
-50.373753,6.2609034,3.4939482
28.933493,-6.844627,65.91621
-34.326057,-169.75507,58.41577
-76.88006,-9.365151,88.06449
53.48349,63.368534,10.684249
31.53658,-12.118374,-122.18647
-77.59925,-3.6200762,-31.657696
-82.669586,19.383507,47.031746
-133.79605,-15.695946,12.595515
-130.02524,-87.568375,-170.02046
10.971408,-3.431035,-51.91893
21.30325,60.24576,139.21255
-17.067919,35.6562,14.608112
58.14161,72.195915,-61.12327
-52.36555,8.868944,-60.198765
-65.44682,-114.73179,-2.1891897
40.106953,-136.5224,-62.21626
-85.462715,-17.35749,65.71504
-70.06993,50.8881,107.32827
-16.342514,-42.095966,-167.71193
-40.191822,5.3567557,-101.133675
-6.461733,114.12969,-15.377787
69.31074,9.729331,78.804886
140.76321,-31.742388,54.031788
120.735344,61.912453,26.625198
90.96563,29.6661,-23.263567
-77.81298,69.80301,-159.42068
-121.761345,70.98643,142.61105
-43.70176,-111.78615,1.6893592
13.46297,-143.63683,-105.622925
93.65237,-44.182922,37.260197
-66.13164,52.743805,-14.090116
-75.320946,33.775234,11.722647
-34.841057,-4.524113,-143.70715
-69.40933,15.117018,61.87854
41.329662,-16.530636,46.999046
71.41604,-69.29451,-15.048081
95.1552,-21.143045,117.52273
52.81449,83.7777,-46.205853
-38.98994,-39.02006,-16.54834
-82.49569,-64.15198,-171.57976
-2.8818357,57.84527,-58.224747
71.440346,-52.590782,19.43751
20.262926,-69.726906,-41.102634
74.22225,84.6416,109.4996
19.426174,71.86506,-51.117733
-7.0177956,22.322258,-22.680527
107.17196,112.92117,-89.700584
78.01477,77.54623,10.7862
-5.814082,-64.68642,53.633663
-77.632385,-79.55336,31.88415
-58.192482,-59.28138,253.51588
-24.904722,-62.75818,-102.74281
5.3795543,-7.400544,-2.0698001
23.15598,32.99809,83.84349
24.721264,12.692757,-67.625305
100.921616,8.031747,32.29768
43.826782,89.601616,-112.34056
24.163763,138.90352,100.31048
54.700325,-32.954594,66.55064
46.38515,-72.70197,-40.993687
83.49646,60.209316,18.774834
28.63352,48.31389,-67.021904
-8.327936,-50.880775,25.78253
-44.424053,-85.28551,128.4137
-17.82214,-44.81779,158.43703
8.588258,-102.3195,-33.745293
-69.79298,-75.50687,-51.94187
-161.49196,40.889256,-56.600727
-138.74837,12.32926,-26.345287
78.544586,-47.856186,20.33338
0.96951383,1.2285001,-26.0663
-97.40086,61.04288,66.36389
33.685246,8.977167,-180.30597
9.555562,-8.346417,-31.217598
22.378218,-24.726198,120.297134
27.200924,-18.151371,-112.29005
27.771626,54.816948,-16.017534
25.6727,-22.086569,-11.467178
-48.27397,-107.82666,41.077305
49.445904,0.6497365,80.15814
104.74338,18.120695,10.846246
-41.445778,-47.35823,-30.243814
-136.69664,19.277676,-52.73307
-80.29936,93.44815,8.917962
-35.237743,163.8998,87.45656
-47.175987,-32.714706,129.01308
63.908134,-177.58186,-33.998455
107.66004,96.32942,-61.81528
-2.0709488,93.143074,38.709427
-27.884367,-27.71546,-19.577997
16.081566,37.728973,33.29104
12.056992,11.765448,68.05416
-24.607935,4.722852,-45.16634
72.78937,-2.0171783,25.560907
177.73077,13.474136,102.69876
82.787224,32.145767,-83.20617
-70.62451,10.609842,-121.61474
-75.95447,84.52608,28.873297
-43.451565,-12.134485,18.903864
-78.96804,-173.9141,58.718365
-21.189083,-98.00623,77.65494
-12.735787,-51.46148,-48.809235
-101.368355,-30.082233,-52.225685
-97.18302,113.52316,-122.152405
34.602146,181.54932,2.4462574
90.78313,13.255641,113.88731
-6.9421577,-153.31769,-36.529133
-10.005703,-96.54923,44.98795
7.685498,27.154099,-43.29072
-70.12134,47.52583,-114.40218
-87.60491,30.079155,-48.41536
-22.453882,81.18275,-63.236557
-30.393093,35.08736,-37.207615
19.107052,-30.042189,15.094174
135.10323,28.249952,129.9042
29.300343,-60.076183,56.16624
-61.283035,-95.19632,-7.904885
-9.02552,44.14987,-13.744889
-49.933666,6.493983,29.3629
-46.44405,21.449413,9.5235405
9.968476,63.339012,-22.902008
-33.68005,-79.89417,88.2708
-88.1384,-99.910995,-26.68796
-96.71172,4.2606087,-115.80277
49.56733,89.22558,-51.29408
101.13478,103.53703,47.11128
21.988197,33.388577,50.24496
38.319996,-52.375988,1.6241723
67.10304,-8.98315,-44.950134
102.95936,-34.71958,-54.45821
-44.302002,-42.205334,13.652216
-0.41786623,155.71054,113.485695
137.69316,-61.24691,76.90389
-31.049377,-165.07219,-109.68258
-122.83884,23.651323,164.31181
-84.378716,-90.44758,61.58439
20.03291,-81.302925,-126.69776
54.789925,-22.128372,118.87337
138.56259,65.43764,-87.99084
32.53951,114.80575,11.252437
-155.0252,31.736567,-49.549942
45.131863,29.420588,-125.254036
48.830658,-97.13803,145.36565
-20.374292,-115.350586,-120.26024
100.89253,28.306364,60.40478
40.01749,57.071735,-21.296453
-69.60737,16.428259,-240.98817
-2.890909,-64.994576,240.05394
62.961063,-68.26415,-1.8666344
-39.627155,-71.278404,30.137291
-211.2075,-114.15371,66.66805
-118.73952,57.11285,-150.08354
120.21187,76.16795,170.50676
135.48393,-69.69713,-167.48137
113.90798,94.54696,-23.882486
6.5945234,155.18292,109.30812
-48.986412,10.006162,-151.14375
100.1358,30.831081,209.95628
142.4557,62.391697,14.435723
184.49348,-31.923439,-85.27081
144.41966,-3.55742,-102.83882
-72.06375,143.36067,-116.00209
-86.97727,29.90507,165.91855
-40.950626,-179.04192,14.430655
-120.15985,-101.92935,99.31195
-120.296005,-18.862303,96.23537
-61.19153,-0.70624095,-134.31105
-74.269875,64.26826,-1.3041801
-184.08473,42.121,62.881886
-103.24723,104.528915,-92.182175
-19.15396,68.79193,-85.420425
-36.277336,46.23413,70.360115
136.43375,110.56285,32.56237
180.35835,-94.1453,-2.819607
46.6941,-7.419771,-51.13362
-91.35433,131.30835,-17.103926
-70.67889,-79.08817,8.601654
52.880764,6.476592,-8.823198
131.51468,51.457775,160.35396
184.22641,-225.76553,-4.9449725
18.481878,-103.24493,-164.57121
-177.63023,191.78403,-32.05345
-183.16994,44.25281,82.5846
-54.894295,-94.87658,9.715876
25.391758,16.443552,54.835938
17.742983,46.130943,200.54913
3.0508032,-0.6623064,-86.02377
10.0251465,76.86179,48.539696
84.93924,106.274025,88.03373
-15.8518305,-70.76804,-143.93372
-106.52086,-67.57969,28.82281
13.493186,91.84555,-105.28249
88.70785,7.4766006,8.3652525
114.86097,-101.90093,70.15395
69.585014,19.234764,-33.474045
1.5720577,62.091328,84.32661
-22.92471,-52.89896,-111.43277
-36.045242,45.092884,-41.30658
-36.585995,98.09366,159.88716
36.522263,-128.77368,86.27794
63.49958,-192.2484,-58.34272
-192.81409,-96.81235,-4.6165447
-202.56972,-18.14604,2.3867638
1.8921208,-24.374823,-160.04047
-13.403462,-33.162064,31.296986
88.86386,71.33405,7.9908814
87.21831,12.935137,-87.66899
-41.219604,-45.176567,23.148733
-97.35174,24.06566,-47.24083
-20.045353,26.728815,-27.603245
212.47641,14.67009,-117.34219
141.6185,12.518802,-103.89814
15.333657,61.920467,116.91676
-28.049349,31.19149,59.322823
-92.42823,-63.42708,39.95837
-17.553236,-41.67117,-2.083408
-16.798805,-35.401848,-127.226715
-27.494907,-11.219286,-16.402695
8.240705,68.97998,102.40865
75.40977,42.868694,56.898468
135.3529,-15.159284,-61.811317
24.290956,6.559636,-6.5424733
-37.91484,72.687,97.432144
21.403383,94.02875,-44.216927
61.567493,57.436424,-202.27211
70.46755,44.390133,-34.546833
-24.6346,-56.903667,32.092686
-63.775574,-94.07242,-12.502722
63.47315,64.42119,225.4417
111.63509,31.739136,6.1178045
-41.159534,-48.426666,-107.45645
-171.65488,40.093204,77.789604
-39.70314,15.416383,-53.339314
34.333782,-52.080208,26.80244
-51.937588,-13.85101,33.971737
-23.186901,42.108284,73.870895
11.773815,-35.41944,49.158867
-44.072063,-143.91383,-58.98921
-79.13406,0.801566,16.926552
60.86924,127.41791,-182.0829
143.8378,70.00801,-166.80484
35.363865,14.674637,76.17964
20.976416,-20.428278,198.1182
82.778076,-46.14123,134.48909
92.06948,-85.8325,-87.95836
40.40528,34.87719,-31.921528
-25.991194,118.28438,37.292328
-96.77997,6.2433777,-38.30606
-169.91649,-16.124794,27.72348
-195.39148,-29.404734,64.30794
-95.33789,-75.4761,-12.240468
56.287495,-35.691658,46.80598
78.78839,125.9782,84.64895
84.95739,130.90738,-72.0862
44.242832,-29.690546,-63.875183
-33.9686,-53.88563,60.08088
23.002985,-22.206192,44.20097
85.29854,37.159473,32.210457
117.99792,40.778263,27.25528
131.44461,46.40571,-39.138992
111.05851,44.798,-69.27303
2.2939937,-33.33485,24.098185
-160.86584,23.369596,94.578896
-145.8659,2.691409,56.126484
-57.526546,-92.38069,-46.715862
-25.482628,17.475428,-65.53359
-13.855899,42.908836,83.8128
-61.061913,-47.435837,8.454839
-157.69913,20.372168,-82.64778
-142.25005,3.835455,-7.3401294
19.100954,-115.9591,-48.14314
90.45861,-50.317867,22.8121
117.50722,23.670853,47.51356
149.5113,-12.267993,-71.39516
58.785713,29.927675,-138.55846
-95.54288,81.03593,-104.47355
-86.57148,66.91873,7.926502
78.60752,11.707677,-38.1326
45.58383,-107.820595,-7.7487016
-15.558685,-77.01517,23.329073
-17.48056,33.965908,-127.02516
-133.35995,19.575941,-16.633482
-118.18149,11.334242,92.85027
-19.362534,-40.59983,27.258156
14.629623,-171.139,8.800557
-16.511766,-29.26623,-30.405415
-16.081806,209.46895,12.263209
85.22439,104.46435,-19.234972
118.41515,52.20543,-104.77642
44.10987,71.050934,12.151673
-32.45388,-52.360123,13.108638
-7.7162776,-18.312382,-73.31996
91.2803,69.2679,45.356533
123.08008,-6.0882335,28.242563
27.268465,-111.94915,-13.235907
-27.3759,-55.25013,34.667435
-43.510258,26.756815,40.243362
-156.12883,-40.1588,71.21125
-147.45381,-106.30416,3.535402
-16.637657,-77.91586,58.189846
-16.509102,-64.12963,-64.10521
-27.089533,11.710223,-92.97728
18.280535,162.85147,15.635792
30.057735,162.0583,-76.85433
100.65215,14.787926,61.850773
96.625824,-87.47547,7.667001
47.816544,10.500641,116.91984
40.448933,30.182209,11.304832
-7.610957,-90.5973,-223.39633
-13.470788,-84.50772,14.243797
0.57744783,-14.889551,-2.7929637
53.608162,39.71329,-3.0799286
9.217213,41.77521,0.27896068
0.1629227,50.705692,184.54054
71.05743,-12.471424,104.14553
-36.02261,-68.963905,48.556465
-70.88669,20.349422,97.94265
-101.410965,-1.033342,-215.59645
-173.85545,-48.955032,30.321537
-44.27645,86.16257,-5.422067
109.36401,27.394218,28.795904
104.38105,-151.63219,141.00197
58.421066,-21.381079,-3.688168
24.880362,50.72424,58.962967
9.502979,32.364243,-219.60605
-3.0923922,58.769207,-104.5448
-64.33847,68.62561,148.01114
13.350892,25.652235,78.78314
99.80173,-166.74736,-67.70171
-25.584774,-151.3219,-44.6863
-154.5116,22.09574,63.526253
-155.59474,107.61782,-76.24756
-145.80469,74.24042,-61.871918
-84.74274,-52.220776,15.169248
22.805584,-157.90619,85.848694
-70.055046,-91.00962,71.221794
-81.5125,102.5527,21.918823
80.34893,-0.8152989,-87.4159
90.60677,-60.86427,-200.92358
61.95198,200.62796,-105.94046
38.96756,148.32472,-53.69155
-4.4067636,-144.49434,-106.853874
-34.99983,-43.040966,-27.227612
32.53052,86.956566,101.257545
170.33699,-38.20842,-62.10979
61.15693,-22.22101,60.332973
-92.881584,-3.8801649,146.3079
-74.65289,-5.0375323,-60.92911
-63.600864,23.695644,19.260023
-97.3263,-3.7566924,-34.633305
-131.48999,7.7651515,74.26192
14.705306,-78.665726,49.381973
57.884804,-88.68569,-226.35475
-57.587288,180.43071,125.090805
87.965416,275.28845,69.98693
152.95056,56.008427,-91.81827
40.343147,-34.46346,233.56264
36.034657,-11.954127,-73.8058
17.8167,-110.10105,-143.79002
13.694888,-0.030045094,-15.763683
91.56881,148.70029,-29.85005
107.61981,-75.37922,195.21112
47.533947,-76.14591,103.399956
-104.76822,-6.199248,147.65686
-147.6215,-180.01735,13.486725
51.449394,-52.956146,-182.96977
-4.046561,96.70097,22.845049
-181.08006,102.00502,8.66762
-56.12791,58.60828,-95.44651
69.046486,-27.36338,48.30703
112.908356,10.548432,166.69821
178.66231,-46.125183,-14.684464
104.575714,-48.47426,-1.5092869
-95.56687,54.68914,22.416765
-130.00218,-37.141773,-56.027008
37.430855,-90.82869,-4.79845
36.99833,-51.296547,-18.676924
-63.709576,-87.11866,62.293488
-32.1391,-79.96733,8.018483
-115.90566,12.927118,-148.76335
-184.48071,88.94575,-43.003174
-80.7818,-23.7443,-38.3771
4.527896,-103.360146,-163.82004
-30.549528,16.138065,93.14017
-35.28166,-36.49265,82.38411
125.662346,-132.55621,-83.91364
34.349834,-34.405037,233.25595
-32.84792,59.07499,74.313515
167.87488,-41.74666,-230.48378
72.56846,-123.23275,-20.87788
-124.0457,118.843056,22.872864
-68.73858,154.64134,-57.648537
68.818954,-104.982216,7.8408856
20.12118,-35.891224,-10.352071
12.969514,94.2409,18.764034
113.79122,26.228653,-16.569696
-17.223148,67.68292,-33.81242
-139.35577,108.26451,100.05667
-135.33195,-61.11322,-34.312935
-70.62611,-92.80242,-23.6071
1.2197958,-13.259111,61.36416
96.843025,-89.92397,36.384094
262.66724,43.557575,49.64906
125.88405,142.60466,51.28352
-142.07982,-23.8377,18.85076
-157.08423,-80.72772,-182.53926
-90.46981,43.609005,-40.497883
-64.943085,180.77692,-2.0799525
62.60767,45.88967,-91.22778
170.293,-57.523453,0.34958956
-3.3298652,-17.421963,10.778253
-80.95872,-50.732132,42.301514
-30.18197,-31.947927,-93.593475
-3.9944823,0.98429954,160.36018
107.24099,-28.896494,101.53131
90.54321,-104.734764,-89.48942
-0.75540704,-27.177057,81.68443
-133.7078,105.35462,-170.99527
-75.11592,62.53773,33.156273
117.09882,5.301642,45.65257
56.467194,41.45795,54.263474
17.152544,-5.650854,192.1964
2.4899004,-43.581257,-202.52548
-106.3082,107.249626,-42.717587
-227.91905,67.81418,-20.15499
-99.085335,-88.45744,-32.126434
107.70881,-15.194879,98.28349
85.55829,37.174755,33.129864
173.48361,-58.764824,82.91154
107.256195,-80.32567,27.675913
-131.95833,-6.6158895,120.306
-85.57985,65.933014,-62.903843
54.818363,64.97699,-217.6805
44.06977,-23.592295,8.413632
13.483615,-56.465015,121.75562
76.55512,-66.09502,5.9544964
70.21237,-34.67362,1.8705864
-34.05577,28.185905,106.24855
-27.373161,7.914056,-53.177425
87.62343,-43.54157,47.81436
-23.273682,-29.53033,29.615458
-129.68912,-16.785887,29.302214
34.756245,-86.89761,54.693096
22.968887,-46.47858,-44.940872
-64.42397,49.60651,179.32988
18.915258,66.20766,-73.81469
-47.420418,32.44115,-126.073524
-148.8535,25.521862,-14.93228
-25.720985,-39.2853,-98.50833
56.161438,-153.6479,99.85069
50.676662,-11.242226,23.431602
78.80227,28.74655,-98.04123
111.065285,-36.01325,-173.94466
79.415825,60.914715,28.45728
-13.125155,-12.579483,264.76642
-2.9190533,-116.61731,57.540756
-8.499679,-83.72935,-63.449062
-176.30356,-0.6524107,-42.524254
-249.89413,45.078274,10.822335
-28.057032,58.963154,-93.96869
72.07495,97.81283,-108.79057
-15.059772,48.3528,20.09799
62.721783,28.983934,-65.12002
50.0361,69.37901,41.982082
30.242619,40.74283,146.42351
165.99477,-37.304493,-43.48398
132.03352,-100.69608,-73.59787
-21.535395,-14.489165,-18.386307
-30.267088,96.88649,-62.997345
24.97822,12.592078,50.02638
18.98951,-53.12466,191.49896
2.7204368,-37.154976,55.30955
-52.636494,-144.39061,-32.749683
-104.98081,-53.165535,-32.41659
-102.25741,200.53777,-17.24439
-13.284167,100.474556,62.355873
66.83757,-30.12044,-18.149473
-24.114532,-7.975869,77.306015
-77.96895,-25.03352,72.75087
-6.877294,35.713287,-137.49532
18.181461,78.162506,-58.344288
27.97144,72.324326,-31.74353
93.64355,15.912808,-36.80253
35.514896,-62.33854,50.455418
-99.191124,-17.186583,76.96141
19.474142,3.4096496,-20.38577
169.34932,-26.662878,-24.964481
72.45223,77.00393,39.98275
-37.819176,112.52067,50.499153
-4.6869903,-104.98374,108.52202
5.834206,-139.91238,-70.52261
-128.38335,0.8519629,60.08059
-74.09065,-61.149094,176.44926
107.31823,-50.01268,-138.87222
5.608115,93.45285,19.047977
-78.33744,97.50393,-79.78613
-23.204252,81.22955,-221.96384
-29.022964,26.148054,134.01398
-47.04248,-69.94345,23.469814
5.154359,-29.60287,-16.33468
124.919,-55.318066,59.887012
91.399284,-80.08361,-7.4715557
28.649849,-11.87905,95.424675
101.15838,-18.308836,-91.53781
-28.146355,-28.721989,-110.3366
-214.8033,-38.26045,77.07385
-123.3062,-97.152664,-86.50434
-16.062359,-83.74616,-50.027138
44.76014,105.27382,41.447975
98.50545,110.61874,-105.563286
52.958977,47.12983,5.612813
18.72609,122.20863,83.28388
9.595728,-45.45886,-10.749515
26.999063,-171.90768,-58.655624
-46.529,-53.94836,-45.43035
-66.23801,50.32488,47.162468
129.57378,4.2074776,-131.96194
139.13066,-60.05106,-44.242264
-34.304962,31.751814,162.68929
-154.0226,16.653711,-9.757231
-96.617325,-30.010529,28.734825
88.80523,111.61072,70.14933
128.60786,92.618004,22.385645
60.139137,-42.1727,-37.605045
-72.77631,21.401806,-23.069462
-203.27588,73.36754,26.497036
-124.027504,53.278954,-40.55731
94.69643,-4.493761,-53.475574
222.60106,-40.184177,15.423436
137.802,-26.061369,100.5727
-23.295824,-15.114715,20.456827
-63.592094,97.9177,130.61522
-15.91644,54.45106,25.266954
26.108278,-117.11499,-129.90138
2.0398896,-91.19115,170.46753
-12.4733515,34.28609,33.943184
66.832054,68.96715,-148.157
51.934956,56.403336,-95.96529
-79.534096,64.95122,53.46312
-73.546776,-23.351591,138.04929
-4.080139,-117.06665,-79.32334
-17.72932,-61.899063,53.323803
19.257435,37.41197,49.606373
75.61867,24.286457,-105.177986
60.26186,6.06147,63.639854
-47.69128,65.76332,-5.9032907
-91.35233,35.43669,-66.3617
23.519686,-32.51914,-51.359577
96.89201,12.124959,52.250893
120.58921,-24.664148,165.83058
43.426563,-94.3601,-31.533926
-84.45709,85.33438,-41.082787
-122.185875,172.25525,-114.05397
-42.61009,33.6734,-118.7131
16.612244,1.3745877,107.27625
-56.56424,19.77516,116.67567
13.245926,-94.68547,-18.111813
19.440899,-145.74757,-76.82627
-109.07386,10.870001,144.25111
-25.079245,77.64821,-12.7079935
107.893745,-0.26648313,-181.27576
89.491684,32.477192,-15.381262
-42.375706,38.793526,1.2007828
-45.38002,-99.284386,17.15429
94.96524,-11.688107,-86.556786
25.094023,108.51272,-49.36332
-83.955284,-7.2518444,16.743147
75.519394,-25.47022,-11.786091
88.118095,13.560655,75.28998
-97.46199,-42.257217,75.28784
-84.1418,-70.65294,-50.194637
-74.63522,-25.00456,-5.850752
-145.66519,19.28985,72.53602
-45.594116,-9.417974,-95.935234
30.617914,-91.663795,-102.377686
-47.847683,41.339977,-21.05852
-13.5931835,115.83553,-50.283722
130.81447,-37.916283,-48.94805
136.73187,65.60193,106.70389
12.729383,110.79352,24.455189
36.14375,-87.719376,-220.70636
31.598793,-47.245747,-89.65228
-131.65569,158.55089,71.64417
-79.56092,-6.1865077,81.4651
63.68516,-147.4584,-6.769119
14.49668,-15.809248,138.55232
-140.50584,-158.40709,61.831158
-111.328735,-120.20412,-160.4077
-10.798668,187.04195,69.87845
-106.10706,179.309,-48.226917
-76.79295,25.935799,-125.79505
30.51251,-4.816308,44.802277
3.063093,-39.6841,-27.241486
143.00398,-3.3219984,-114.388565
251.34969,107.25968,-113.712456
74.122795,155.4338,40.856407
73.169426,98.92331,-26.011572
125.56146,-197.2697,-20.180458
-38.101162,-164.8171,277.95502
-82.94858,39.97875,75.06426
60.71176,-122.25661,-79.11445
178.28592,-42.386883,-9.534557
-8.485873,144.90694,-44.082344
-180.1102,-21.05018,114.95694
-9.999976,-81.56917,-76.16058
-33.759594,109.180786,-88.51188
-147.39877,93.942154,130.37233
97.05534,-26.182331,-14.076933
170.78041,61.47555,37.674126
-73.3517,115.38732,50.33146
-17.301159,18.602844,-131.96443
190.16353,22.202457,-99.994644
56.77316,-33.87106,185.89362
-81.20312,-174.64265,141.45157
18.980879,-118.899475,5.619047
37.102512,-4.188414,48.572937
-7.1808934,65.934906,-82.02655
-0.31473854,22.962976,19.254824
5.8305883,57.24762,110.42095
-84.11521,84.67756,41.905136
-174.40051,-54.453228,-76.07629
-23.753084,-32.91587,-97.645615
75.88561,50.366985,63.143204
46.730484,58.56539,2.6052485
109.89908,-1.6284516,-22.650362
53.4257,15.162879,84.46274
-121.42358,-36.497837,73.92727
-80.90613,-178.40129,-43.238842
74.421234,-38.13137,-91.34894
-58.346657,24.790888,-32.275166
-125.59589,-76.73436,-13.352624
73.10496,-20.288319,-120.37212
-74.46431,126.89568,-37.481342
-255.75899,81.646454,103.60208
-45.767662,-60.7063,-74.33262
139.4171,48.69984,-23.158014
108.40784,31.920834,-26.450346
-14.684491,-66.50961,-80.98937
-110.13387,-13.368345,55.25145
-239.54286,-89.27694,-39.543354
-129.86356,-116.71814,-30.585072
139.737,-108.23777,-92.00464
146.7179,-14.935387,-3.5730603
94.763016,101.095535,44.598156
55.573826,84.24637,-259.64902
-44.33937,131.89867,-11.61355
-190.06656,102.200966,126.45224
15.9838505,-4.3869376,-22.993357
203.60797,-182.10103,110.98221
-66.38693,-105.11462,117.04238
-29.488466,93.885994,-58.507195
-19.648096,26.353619,-187.23477
-99.27267,140.583,-70.678
103.1076,159.89308,3.8967745
98.771645,-27.18257,63.14821
17.473501,-61.86811,105.038605
1.7479428,-18.878252,8.79461
10.0252905,-2.2856553,65.97252
52.409313,44.563408,21.813175
68.977585,54.85361,18.275042
117.74735,-68.456566,-24.414562
99.07992,0.7406137,-145.50842
-52.245804,99.95985,99.19899
-85.62052,36.890892,87.22365
100.79424,-23.856789,-62.079494
132.36897,-65.11795,106.90321
10.543028,13.713929,120.417725
71.5274,74.747406,18.802498
85.26714,9.846444,-93.36885
-92.066216,-0.34917763,48.763855
-90.316315,3.0346553,110.08289
56.976444,-79.00549,-176.48839
14.002353,-72.82209,-28.634197
-131.322,0.4295576,61.39036
-57.851288,-11.205982,-6.4416113
62.32568,-78.86139,43.705967
-18.589025,-55.628124,56.188435
-17.146162,-4.4600873,85.23614
-2.9314783,-5.8697295,4.570591
-74.09806,22.468973,62.23899
-27.603203,4.0668583,-101.55119
7.422211,27.458838,-109.96748
-60.172676,8.53046,36.099735
-128.89935,-26.150833,-49.565483
2.952336,-29.312178,-31.282623
154.36957,-102.98111,-68.78388
7.898982,-14.817417,134.68748
-9.96546,57.141556,-14.722637
89.94628,-7.1716614,-180.93822
-48.392677,23.066275,41.399467
-107.59975,104.850365,122.192764
2.9742298,-82.46815,111.26023
102.89777,-207.56543,-79.81652
2.0486317,39.853115,115.987274
-95.31678,76.08283,-3.4840827
45.75648,69.96153,-188.244
31.192432,134.11906,43.15219
-101.35536,18.458153,-64.41212
-73.56351,6.821694,14.76723
36.027943,65.22132,6.660627
24.186848,41.96665,-87.602135
28.947115,4.2385635,-41.431652
84.1665,72.21552,-10.436623
-5.037877,114.045006,94.3842
-2.5752466,-42.36627,45.919834
71.52286,-161.8817,58.960587
70.1201,-85.142586,145.68242
-107.15172,-50.33898,45.766937
-197.30316,-71.52073,-109.999756
-74.79898,125.51244,-171.68655
-75.82656,178.55518,-36.81356
60.694553,-35.49589,105.282585
122.618225,-51.70708,-11.337677
-32.815945,-15.324923,59.269115
-25.449875,6.820032,-5.2183924
18.401943,60.5916,-225.00957
15.427023,83.29254,44.93887
18.8305,42.019966,98.051285
84.06604,-166.08818,-101.80212
60.830273,-130.81476,-20.1776
-59.132072,8.307465,49.309494
-18.14032,-59.27395,-51.209263
-5.732268,-53.582043,38.941303
-84.94539,-8.539328,114.4674
-11.431867,26.582607,-16.369495
66.95474,38.999638,-47.774147
24.248405,89.35532,83.557724
31.808147,137.90215,164.6583
85.79903,44.018414,-140.71841
24.356747,-87.98329,-157.40607
-53.769413,-32.444454,-16.368067
15.40157,92.089714,-86.146454
93.54584,-30.70433,97.75012
64.85278,-79.02874,176.78673
-8.885311,-43.417706,113.35701
3.7095914,-117.31205,-49.434055
-16.149578,-24.656317,-42.30439
-97.730934,92.9784,116.09545
-53.555378,27.230505,-38.282387
1.9441803,-38.430527,-102.92269
-28.408195,-63.494865,23.808014
-115.6889,-120.68427,50.090225
-71.63507,-32.11105,9.262632
74.28086,138.02527,10.855925
141.21399,67.18079,-92.9223
69.17119,-76.58029,-109.37825
-73.56472,3.2081218,120.15553
-56.38604,46.58041,79.116684
-19.135218,-78.10757,-106.64563
49.345253,-120.889725,-35.444736
106.679436,-35.60039,119.58028
91.752495,41.386677,52.913998
73.32066,13.66487,-164.70844
-142.54388,71.275276,9.742901
-234.06847,92.66899,90.68583
-61.002563,-96.66494,-106.67378
42.977547,-108.443405,54.825172
42.31861,56.205635,44.13663
12.890011,65.99297,-28.207232
-83.27311,2.3837225,-50.011166
-125.87451,46.78441,-43.565887
80.94985,35.118824,129.22456
180.08488,-21.707056,-24.085718
-48.155228,-10.251105,68.77648
-113.08911,-34.10209,78.46813
41.698265,-5.782395,-96.56705
47.763027,66.26565,90.96726
-25.060892,83.43038,46.901264
-14.541911,-1.8750751,-69.609795
85.97152,-109.47979,-103.23288
13.969361,4.9646783,99.28316
-84.71365,70.06197,119.30703
134.90771,10.533563,-220.0654
152.78256,77.76193,8.604267
-156.04552,-35.29936,208.52832
-214.62529,-143.207,-3.687064
-35.667667,-50.509945,-21.186028
-49.93543,3.3895502,4.0326357
-94.02523,31.02582,-54.892082
18.849543,-57.559658,20.421051
35.30453,-26.725649,90.20851
-40.13924,30.838465,3.660574
-56.758537,-46.343636,-65.31678
34.828148,63.899208,-12.060018
115.902466,121.91995,76.9722
98.34134,0.56959116,12.106675
70.57386,-13.513479,-61.23393
63.119053,46.921444,-75.11093
-16.623907,-46.8374,-147.97676
-81.04127,-122.90916,-25.007912
-60.36586,-29.065744,218.55382
-29.750675,-60.087418,142.08427
35.775436,-134.97426,-174.70575
34.412853,27.777155,-42.09765
-66.60669,125.90984,174.08636
-79.554985,-28.17226,-17.162598
0.87369186,-93.31975,21.242538
-47.331192,9.768929,0.61148614
-41.17571,69.76151,-146.1585
97.73972,26.895004,-30.677593
92.42591,49.17263,77.87808
32.217915,116.49562,-53.893635
73.2356,35.796967,-95.86302
55.679153,-19.118307,-15.44774
-109.69263,66.09084,-28.774189
-44.791092,-74.859886,123.56321
88.98119,-281.98447,-43.742764
4.377101,-82.827286,68.17937
-57.660378,33.513935,98.80025
-1.3682888,-25.997692,-220.38832
57.748,98.43725,144.25699
-112.09211,90.32203,41.179943
-123.84511,-39.41955,-17.326439
72.435074,-35.182125,53.810528
-26.999958,15.995967,-79.37315
-120.06032,-1.9398531,9.840729
57.714985,8.089477,-244.05879
65.70195,67.32366,-68.261185
-164.33734,0.46091485,120.491714
-54.577217,-53.645264,18.515333
252.88377,-1.0861163,133.54652
160.44467,-53.932697,20.46529
-88.64597,-80.70083,-65.59174
-60.431892,85.413574,21.266176
6.361905,177.58531,-5.364001
-2.66391,-51.98136,59.222496
109.36565,-196.43634,172.32875
115.83303,11.014564,99.18689
-95.46441,41.305916,-2.2261086
-177.49902,-23.989878,-120.92869
-113.443085,113.97792,-125.28271
-86.27313,174.33908,21.781307
52.773373,-40.94048,59.619423
166.62933,-210.09871,3.71801
46.8625,-39.088573,144.10356
-36.5941,33.371807,-13.515978
25.054337,-31.56937,-230.38867
-99.58418,-29.09078,85.97623
-196.95654,67.33881,75.73009
74.33437,125.12908,-32.212208
142.19266,-57.018738,19.670914
1.2657772,-66.63549,93.10461
36.62574,-29.626192,105.728645
66.28284,-77.74644,-44.496944
-52.46105,53.033928,-39.977924
-162.07231,22.460669,-136.38217
-5.9572983,-55.177387,-150.8698
69.27718,15.810951,5.017839
-79.7398,2.2320507,100.92361
-56.82414,-15.157252,9.446866
63.907658,-22.766478,-70.431046
85.407974,-0.8268591,80.08019
27.662075,8.968187,45.955463
5.0215797,26.423859,-57.002827
-15.250208,30.45977,49.29983
-136.25774,-147.43709,-37.87284
-62.848602,-109.19017,-160.4883
29.6513,53.819553,84.24268
-34.705452,90.58263,33.043785
59.855328,25.870539,-132.04956
46.7319,-19.572231,-74.25753
-58.54099,94.60424,-41.466106
-95.066376,-46.92793,110.01337
38.4193,-107.39384,60.41663
162.7672,-11.686215,-37.307377
-19.767206,-12.678393,49.588535
68.99016,92.3698,-96.97332
116.94399,80.81018,-135.61732
-119.862236,37.15661,153.10187
-78.2865,-61.707752,64.11302
64.49869,-160.78015,2.5894501
50.397655,8.246474,62.868984
-56.359627,116.20213,-111.7328
-37.811172,34.20284,-24.936302
-52.701096,73.21289,26.106657
-134.95612,42.468475,-4.336362
3.76237,-113.476074,-68.37528
83.253044,7.5715466,-19.19534
-11.837711,58.66788,151.90958
-1.7290179,-55.214176,-26.894993
42.583057,-20.219631,-74.78517
-14.319718,28.155502,46.894287
2.0059006,25.54729,64.00927
126.23184,-66.717445,-35.37077
112.0451,-46.038322,-23.38833
-43.634163,51.587067,119.840164
-62.084026,-2.5921502,-143.6696
30.393173,46.907238,-171.25928
-97.65457,59.011543,31.944248
-188.37677,6.4956007,-10.471782
58.376694,-67.71143,149.65598
99.94678,-130.48926,12.000952
-16.23116,23.05171,-53.675896
88.11483,-65.16648,38.23364
116.686935,-26.003607,-100.229385
-28.199284,156.06638,140.68352
-100.81699,-52.53007,-38.897186
24.140305,-86.71192,-155.7417
34.891712,1.8934944,175.10515
-23.759739,-2.584179,1.9044378
131.05522,30.302826,-53.655853
123.9095,91.450745,-19.75506
-148.6931,38.395702,0.37787926
-174.10367,-57.469852,30.605698
33.045788,-33.952843,-1.5340166
-10.00324,-34.558044,146.95131
-54.92439,-5.286059,-10.096827
116.654816,-2.1401298,-106.794945
126.4593,51.030186,-11.906054
-13.306726,64.79996,-25.016994
-16.54633,-33.72263,48.177765
17.896769,-10.834636,11.879967
-62.5557,29.896988,114.96365
-56.583656,-16.827257,19.094873
10.320173,-70.90557,-152.08089
-28.014723,-1.8636005,36.3399
-30.003422,-8.404284,-90.36932
42.34402,-50.47443,-52.590023
15.604325,72.58307,156.98213
-79.61154,71.18725,110.845894
-6.996667,-99.38004,6.3072786
150.36534,-75.96242,-76.89876
13.525359,95.97748,30.570068
-112.4899,68.53249,-56.410275
31.864195,38.64205,-173.9238
-79.738396,68.81877,32.181583
-114.32922,-37.668274,77.532005
193.1756,-64.57238,-89.44289
175.9604,-13.645902,66.34803
-61.93918,-5.291021,11.395944
-106.144745,26.65845,-206.21161
-88.49094,34.612076,77.359085
-90.987465,69.92655,148.20578
7.0950775,-20.91768,53.626675
163.10728,-94.78964,-28.202623
112.064445,87.103806,-41.826427
-97.76949,77.89542,5.800258
-88.75256,-8.5854225,-139.73854
-70.27583,59.72688,-67.053345
-69.16896,120.250946,17.433018
143.7693,-9.099593,-70.61037
173.29684,-113.92981,16.58491
18.943638,17.881065,181.6482
-78.20293,-14.465341,-36.883015
-24.317799,8.365673,-188.08875
29.70172,80.091156,22.886354
6.7467327,-29.455349,58.551155
69.369774,-118.26462,-12.33044
-19.104397,-72.73149,108.88583
-159.0847,45.583157,55.478977
-119.754265,7.0897875,-206.90038
87.488976,42.10183,52.089634
102.7305,87.5144,50.417435
-136.39395,31.148848,-154.71161
-57.142216,31.68556,39.740547
80.919945,36.830627,-64.80236
62.7648,-9.841252,13.704054
92.53965,-105.80304,76.97166
94.13089,22.122496,-41.56281
-13.232923,107.421875,82.58185
-57.560978,-19.03036,-4.2045364
131.8061,6.1718907,-35.715267
20.367579,-18.8174,231.2304
-160.80342,-114.467224,157.94507
-16.979828,-56.520756,-140.84813
-74.95538,56.7404,-26.01125
-55.810627,101.88878,-5.106459
132.69685,-2.7021966,-120.0449
167.51208,5.9707556,49.492237
16.886206,17.838358,67.56508
-198.11069,-114.40769,0.24434064
-67.98155,6.256146,-51.779984
37.931202,50.697178,-33.925705
11.942262,-58.794144,44.18695
160.33812,-20.956633,-93.42248
96.566986,-11.325602,1.9497509
-153.5122,-129.32832,94.7262
-168.46751,-173.24382,-20.392862
16.739258,3.8587549,78.90552
30.607418,49.822365,36.72542
-7.0891542,-13.212004,-111.23728
66.64157,-50.926556,-63.809742
-20.841463,10.236618,89.876816
-144.11876,145.03975,-33.756172
-16.050314,33.282696,-223.13228
146.1102,-14.701783,-33.01328
94.723366,73.45288,49.741005
64.75199,8.927327,-80.63262
11.074931,7.3546047,-73.18785
-116.37193,103.653076,107.88849
-85.41478,-83.46542,91.37663
45.639732,-200.08263,3.9576075
108.8788,24.220493,15.5652
-53.372284,73.010315,-72.2027
-135.40268,58.011932,-85.23417
-14.180218,63.615364,22.399582
46.945736,45.084797,21.291872
103.7189,73.54944,-165.65773
130.59685,16.367945,37.408714
77.735085,117.02543,144.62517
-6.650552,214.36533,-24.694399
49.02929,34.83506,19.154503
99.66247,-46.504116,-48.927715
-37.933254,-17.251736,28.165548
-26.744184,-127.04089,-61.247684
-16.414934,-208.96407,38.41601
-83.45209,-90.840294,184.23604
28.000874,58.847675,-180.20451
94.22345,150.45206,-104.48184
56.65656,170.74261,112.70607
-59.68079,20.044186,98.609695
-79.880745,-53.0508,19.624352
51.658573,16.086342,11.581853
-70.66049,-23.457458,-68.2395
-86.33838,-101.66938,-73.13967
145.36472,-25.357182,75.72984
28.63975,96.357025,-128.13092
-176.59882,6.9963584,-49.873432
24.878778,-125.4982,60.116776
190.31766,-67.96002,76.559265
32.07012,30.62213,171.12401
14.0487175,-16.03109,-101.91371
15.585098,26.488852,-15.532887
-127.39822,130.95828,74.54735
-81.370735,-22.53049,-87.522415
64.44941,-80.49574,115.59578
83.58787,22.207298,135.7444
-53.78669,-20.592167,-67.08502
-61.83253,-17.956335,-78.16351
35.269684,101.5144,-6.0140314
-129.15453,31.66136,7.4059844
-133.47852,-101.357956,-56.52684
111.76452,-10.100913,-45.163326
103.33902,102.25504,60.410515
21.764627,18.14492,73.84922
-9.562199,-80.904434,61.875134
-83.53614,-34.132633,21.724964
-155.02702,-64.62205,-157.00931
-107.64097,-24.156975,-88.85355
-19.51962,45.197285,80.9645
-31.366468,35.48243,24.911407
117.31065,31.45376,-33.31985
130.24359,-141.30467,-47.074318
-71.75585,-5.4639506,15.050261
-53.62626,186.58203,-120.115456
43.76795,18.935173,-107.13149
67.30744,-8.690118,92.44856
5.7662926,6.2885227,-52.885857
15.148877,-93.6192,-27.377321
74.19058,-57.94107,-11.371688
2.8698068,121.72239,-2.4962602
13.997224,65.66698,25.661472
85.27316,-76.85951,-114.206345
-56.056984,-87.6437,84.02064
-121.89198,-81.109085,35.194016
52.97009,76.38516,-141.38675
100.14747,95.724144,88.01731
70.263115,13.423359,99.69222
74.85246,43.5782,-46.163094
-11.692109,34.172695,-7.430665
-134.73798,90.280365,-51.584167
-104.372894,31.93366,-55.324608
146.39589,-42.18699,159.88374
231.09976,-48.71198,74.3592
-23.099897,-161.31,-45.61031
-86.966125,-49.99017,-19.433191
26.079508,124.67862,-34.901573
8.856679,102.86374,162.43983
126.23866,-42.736355,47.219566
154.87723,-97.6348,-7.236448
-78.35663,19.648254,114.64687
-185.64398,9.609788,-110.4932
-113.15001,10.547195,-32.72831
-49.883987,91.44802,76.779785
44.148354,64.1652,28.167534
165.06091,-62.930855,-63.31027
79.07435,-39.238434,-16.938547
-94.21457,9.407409,140.69914
-144.07993,-116.701,-42.53156
-23.61379,-35.04039,4.441895
7.0178075,61.6145,-17.49013
-71.81006,-23.030676,-34.339573
82.17817,-63.026443,93.86616
109.02072,-26.226004,13.35136
-80.66834,6.2740803,42.889618
-110.19841,31.167805,-148.25613
-69.54396,86.809296,-46.309338
-76.66363,36.353508,131.4743
17.675848,19.070162,-101.72145
115.09435,5.777683,-1.6844513
-45.23213,-37.284378,61.932907
-165.28122,8.315937,-44.889374
62.437313,-51.5675,-24.851133
155.69832,4.7601132,-8.715598
-86.680725,106.3945,53.025
-36.937157,11.995362,-42.532562
98.22964,10.384134,-103.74015
-103.10829,-34.512203,184.22609
-90.975876,-101.77217,127.08969
128.21959,-7.8474865,-101.673195
173.40422,128.0821,4.9676056
78.80432,126.98304,-50.918175
15.606489,-7.973309,-104.780075
99.00658,25.429535,101.639114
-60.048912,-50.30253,88.034935
-203.49855,-114.03768,-57.157482
68.3841,-1.316133,50.870464
109.18582,-52.98416,6.6946545
-14.584702,-1.5263091,-62.17041
-35.490616,32.5697,5.957418
-149.0641,22.92339,0.731091
-201.33276,30.03701,32.75439
-25.912987,-103.38611,-30.878902
221.71667,-48.984135,56.019768
190.23402,72.07773,81.619736
12.023451,-1.5244337,-154.33546
-74.654755,48.665676,-97.72609
-88.90563,208.64745,128.5147
-81.56256,8.627001,46.548157
40.722168,-255.54881,-41.977455
175.31757,-144.24522,64.00904
17.631214,31.973886,5.7979918
-77.803444,49.866055,-62.12359
-27.933287,25.195646,-86.10165
-50.78176,-11.495519,32.62406
-38.09996,-109.88784,44.145172
17.968815,-61.778946,-5.6216397
58.67911,77.50149,133.82698
-21.67411,52.77076,-126.19631
-63.135696,43.724613,-77.120514
-29.36667,80.15831,189.65262
-63.051052,1.4110595,38.21286
21.916388,-93.86299,-66.718315
107.141396,-31.006145,-79.01902
22.017324,74.05451,72.027824
-8.016954,-2.3298383,6.518808
58.081604,-61.179714,-16.623919
45.30617,23.074757,84.458206
-85.91775,16.565008,-50.457626
-33.61652,-85.81457,22.637386
128.65407,4.9651356,48.023453
10.858716,93.13236,60.544727
-72.327995,-98.808266,-12.787614
32.56954,-10.194416,-80.53825
-32.73755,120.45435,115.95798
-169.29117,-56.88841,32.119236
-52.231884,-34.118927,41.12911
64.43197,-42.568817,71.891014
-9.857194,-96.858475,-53.456154
17.658646,-53.512547,-47.599667
110.65574,45.566856,17.970577
47.641785,140.45888,30.61685
-84.79406,37.212093,-165.86273
-49.20988,10.503157,-29.61852
-17.092407,-29.809027,133.93088
-17.074831,-89.46422,14.819744
92.02074,-66.828865,32.960007
76.17444,-35.070225,26.432064
-9.052118,63.2122,-16.844765
-75.73196,-49.839108,-61.849186
-41.090538,-68.32286,-14.965164
-60.728184,73.41617,29.687222
-164.68596,-66.89473,13.978361
-5.2294903,-51.736008,-7.703606
80.730545,105.57203,75.7574
11.749895,72.748184,40.271545
-59.613132,59.42028,-116.081184
-76.159996,49.105434,109.01222
43.57415,9.240239,-3.4233754
30.63114,-82.797874,-143.81982
58.053307,-39.354404,91.72013
77.83585,57.05432,-41.288597
-48.11591,-69.12342,-83.419334
-11.262247,-11.419626,8.564158
19.165865,119.74443,31.823013
0.002262707,48.627537,37.65836
85.318665,8.13337,11.209777
110.000595,-36.379143,144.12935
-74.44974,-103.13197,111.458275
-193.77383,1.8350782,-98.30791
-81.40424,55.093273,-158.72655
-77.65563,-42.389183,63.199547
-14.0849905,-37.158478,63.014557
164.90501,-56.342213,-126.13177
63.244915,1.967843,33.32421
-128.50575,93.49641,-131.61192
-45.10301,73.1029,-142.76814
80.69551,98.75184,90.31527
27.308098,66.26117,0.5190749
71.26714,-77.26161,109.616844
108.59483,-133.61804,63.208755
56.91544,-6.684809,63.97733
-37.623985,-50.12893,-44.668736
-113.37129,-75.67616,-126.469894
-4.064867,42.546505,115.615776
-1.5346766,-60.10278,-121.39943
-45.09503,-61.112125,-80.63842
6.579721,1.7553265,158.34685
10.36795,-22.753366,65.17665
-38.181988,43.07696,-37.223495
7.991669,68.96395,-96.28644
33.876736,68.60218,-51.181602
-143.33987,42.505848,38.532616
-54.65944,-53.83544,100.006516
78.63065,-93.575264,16.594042
-60.0878,-84.383415,91.57153
-0.28537914,-98.44227,-18.479115
143.73271,-47.32424,-76.93606
97.498184,124.93892,107.44381
9.904482,118.26336,-97.6514
-9.138172,12.537791,-22.52453
-24.019835,83.04649,89.74168
-2.6762943,16.91217,-58.644768
41.99807,-61.476837,83.22504
30.415764,-5.061077,180.2609
41.35818,64.45606,-70.441635
-36.0472,33.678593,-203.36836
-121.06793,-74.318184,66.13476
-63.056526,-50.530796,196.12091
-101.81017,-204.34346,93.42932
-74.39971,-184.16557,-59.186733
11.139011,49.928185,-68.425415
-62.97376,84.3402,32.210636
26.591614,146.25778,-82.87484
171.22423,73.83484,-8.8933325
73.90534,17.345839,-6.760145
-75.469376,33.821213,-96.566986
-38.251736,7.186377,55.592285
48.847874,-4.3394876,-83.376465
39.504917,-77.61619,-71.1817
20.673058,-116.35488,36.404503
-62.585106,-55.083458,42.105618
-142.87411,0.20747009,66.90301
-99.765434,-120.17815,-79.33593
18.75412,-118.03641,56.147636
35.117874,16.70733,50.540756
20.889242,76.913086,-63.269093
8.60826,156.57718,-69.46848
-116.95374,121.53045,-20.208206
-109.332306,34.401207,23.14124
-14.947246,-25.306934,-90.58267
151.76776,-12.22441,87.77904
202.6669,65.44124,-66.07159
25.758377,67.75173,-187.39703
36.228477,14.778138,-11.352401
-75.7482,-82.343544,-41.87191
-181.91603,-72.74252,58.06771
14.914993,-17.148865,59.550774
132.51332,-23.027933,86.3818
175.84155,-32.253887,39.383442
18.18594,-98.754715,13.365753
-213.30827,74.05268,51.69637
-308.98956,159.85866,-39.74366
-235.67738,-116.49393,-43.140816
104.5446,-113.83811,-81.51215
251.27837,30.610691,93.44287
177.33774,69.699,-27.047102
76.986565,121.33889,-213.42981
4.326879,98.79638,58.850292
51.11994,-15.190063,-31.469585
92.700935,-103.53636,-8.2503605
116.39259,-106.845406,109.2015
-35.704254,-75.69979,-21.349771
-118.87418,-27.441076,-51.24914
7.8825665,-54.943348,-59.83603
27.054316,-40.334988,115.868774
-58.105125,21.985853,100.37712
-94.80758,-25.198109,-7.3772507
-49.63292,-74.919914,15.419785
-94.952515,3.8586898,-10.848863
-69.53756,67.49673,-52.80332
25.530336,58.307316,-48.444843
50.587738,132.73964,41.682076
106.50496,111.144554,-82.00129
118.79489,-8.742856,4.7606263
109.09014,-45.20574,31.940088
49.372826,-32.37325,-96.77692
-0.078025155,-68.285965,-79.33982
38.13206,-24.057985,-41.993496
5.4395933,-1.6950989,198.42451
-48.855698,-106.705315,67.5084
39.225853,9.350226,92.488075
31.336649,2.314987,136.761
-89.28287,-119.16579,-87.22963
-16.497545,3.3273578,-34.421932
7.499079,120.12007,-109.694214
-116.80951,119.552025,-49.937103
-134.02747,28.281387,-117.79627
-14.496354,-42.675457,11.198885
-33.283054,-71.91755,182.1501
-101.17954,-42.492844,-60.462208
132.52682,5.09433,-3.7478507
160.19637,-33.931736,-136.55003
-102.28478,-108.51193,-47.035824
-98.76124,-37.448307,55.427593
1.1874903,76.27879,-131.81001
18.139372,26.528374,68.80444
98.81188,-11.063566,35.960457
140.36345,4.218833,94.69951
18.96383,53.744633,117.80956
-49.8131,57.155117,-209.50958
-74.291916,49.896126,-130.92
-142.13994,139.83832,182.3136
-63.257027,20.970205,101.3225
42.77133,-157.86226,-129.8695
87.55455,-33.945934,77.59827
68.44189,25.522722,-17.356646
12.588553,5.570115,-119.053894
19.685389,77.37516,51.23458
-20.846003,60.988438,-96.284096
-34.48961,20.709827,-6.9697385
34.356773,-59.211926,-16.874834
73.88081,-39.932076,87.61525
-61.636974,9.006435,153.97458
-118.777275,6.8630624,-92.57308
44.50908,40.19796,-27.93062
21.7237,6.4003606,-69.874596
-22.15584,-46.881165,31.303404
-23.875637,-108.80562,72.42869
-49.18292,-61.83834,18.135027
-47.855255,-73.373375,-105.414314
-66.42745,-30.305899,-198.47142
66.98583,166.93149,131.38208
133.40932,125.62812,-9.251129
174.82083,-56.331905,-54.13361
201.61,0.26781198,35.773415
-71.988914,132.85994,-21.950134
-198.69034,-118.38866,2.7354372
15.561631,-130.93384,-158.04234
77.36024,73.68332,35.144653
-96.94779,-44.28139,53.501213
-108.266914,-45.501278,-45.877045
11.1941185,-17.77577,133.5393
-87.38557,-52.313904,61.70268
-155.12854,-42.735874,-115.27051
-7.91655,22.547327,-76.28072
-18.055988,90.66107,-16.985136
-14.9805,51.01394,-129.90262
165.33731,91.96732,75.39953
147.12419,65.993416,113.5682
12.047972,-105.796844,-94.15556
5.0300126,-74.37953,39.641823
43.03386,110.87439,-13.041103
20.634203,57.268013,-49.752846
28.595951,-96.444824,-45.553783
49.66221,15.868931,17.778934
-69.56861,66.98813,261.01263
-60.766083,-48.179707,0.830695
70.592575,-5.7341843,-98.35011
-33.74861,24.55223,117.04286
-50.746227,6.9330907,-48.876537
48.781834,42.18184,-139.77637
-14.147115,42.253304,-23.021973
-91.1069,-18.088284,-9.005374
-72.50165,-55.066063,42.333847
98.20397,-23.290945,180.1376
94.93332,-13.166063,46.725418
38.33126,27.106869,-116.100494
74.66079,16.002127,-119.67067
-92.255974,21.377686,40.37525
-133.21999,32.134335,119.370605
-82.160645,-109.335526,-45.24601
-9.965837,-84.43293,49.85593
122.91709,27.566645,-73.121025
81.35048,12.876593,-156.31053
-9.816039,86.64671,43.327053
-48.50321,162.9987,60.9289
-40.094254,-25.24461,4.547054
20.294186,-146.23816,-93.57609
99.653786,-21.065516,57.09622
56.53815,-9.32548,31.449783
35.44128,0.023278063,-52.606453
112.74829,119.10838,27.190495
15.117729,81.054245,-1.3620162
-110.32119,-93.85709,13.489395
-95.00827,-84.16845,52.02919
-48.60023,20.208136,164.74405
-90.865204,-18.448126,-101.767654
-62.38897,-32.994415,-184.08932
23.563627,38.880325,61.357655
-77.37781,107.04443,-87.35981
-59.433853,93.48717,21.701674
49.386448,21.924158,119.13683
38.278687,80.578964,7.284783
89.454895,44.63844,19.51474
141.18745,-100.82828,-25.313532
83.23228,54.013702,93.45399
-102.73285,36.369656,-5.8594823
-103.1423,-96.572754,-148.93826
46.18058,62.52572,47.283154
-5.3062215,6.315665,74.1635
30.63135,-107.97892,72.929016
92.92987,-3.7671359,45.78266
-60.98188,59.586205,-29.90833
-201.03975,-7.0592036,-83.6054
-46.036087,35.694233,-91.56548
91.1744,93.16392,55.69835
-56.061134,-41.15231,-20.448355
15.026793,-97.80632,-96.48584
152.52586,-25.622978,62.087673
0.32389596,54.14141,4.943792
-138.97795,-57.399197,-92.09429
-43.77321,-109.289764,48.801994
-29.342518,9.795353,-50.40057
-128.13129,-8.178547,-19.368565
46.50044,-0.2296754,115.24323
97.821526,-19.224094,-38.430786
-16.821756,-61.043324,-27.207314
-18.360481,25.257671,-151.69034
-32.79177,137.64917,9.153496
-17.610884,127.682335,133.33473
64.06268,-33.152874,-83.934135
175.56789,-60.266846,-38.747444
17.90832,78.501,-10.808795
-84.30476,74.067345,32.98538
122.67748,-44.57975,-113.243996
123.200806,-35.57914,110.926346
-16.493235,-55.568577,104.331665
-153.11087,-189.67967,-100.192535
-126.51994,-64.73826,191.70657
12.036401,120.82127,-145.14365
10.647876,-7.081883,-91.18743
62.85661,-42.586266,90.537636
-21.985582,94.85878,-17.128729
-211.98761,142.39017,99.72138
-117.09632,54.741455,-65.647224
130.33266,-95.365295,85.310715
105.25991,-11.309611,54.076447
-93.3489,70.49875,-57.706112
-4.6203203,-4.954284,50.681248
75.06383,64.34616,-47.117302
78.09079,38.805733,-2.4168904
199.18584,-54.101685,-8.457774
180.23671,39.187912,92.68048
33.392612,12.793516,55.164013
-58.098095,-69.8727,-85.297745
12.974402,54.45169,-19.304138
59.063305,89.683716,-53.152836
34.08395,-21.162533,126.13515
11.709613,0.7390639,117.001915
-36.367287,15.016263,78.325645
-87.28346,-127.89883,15.209174
-183.2413,-108.245384,-174.96571
-193.11548,72.359116,109.646225
-157.43013,61.58668,-13.564723
-3.6083596,-28.31801,-122.91957
105.529205,-61.019047,93.80063
2.8186114,-0.28392154,-61.61034
82.08113,166.59842,-105.46381
159.81117,158.45232,-17.494495
67.210815,59.913536,-14.149115
26.817345,5.2349076,28.836514
134.81738,-113.9876,4.8324313
80.97531,-130.39235,0.34711975
-214.18498,-126.48348,180.22238
-112.56347,-128.3004,-59.573334
145.71677,-56.888012,-106.43687
33.117825,21.513964,18.660221
-124.41523,134.39113,-126.158455
-79.920876,53.16749,82.95249
-25.24713,-21.741697,73.50477
-151.24933,-60.54619,102.02539
-85.358734,-136.14049,-26.37341
152.29823,48.56434,-93.75237
10.879353,117.32068,62.618015
-120.29596,70.04648,-176.13692
65.611465,54.281586,-24.540127
134.71669,38.831356,-18.826717
-67.326614,7.621692,-22.895699
-101.22262,-124.345,197.44254
121.69885,-71.28948,91.785034
82.6287,-9.77936,42.530293
0.6100142,34.89857,-68.31749
21.883366,142.86172,-58.410828
-42.043106,92.45469,86.88308
-71.79493,-45.32222,-3.6986737
13.77576,-85.152016,-35.170563
125.47918,71.869125,25.268019
51.266758,82.91229,-53.74539
50.67762,-15.439527,-99.51552
61.43422,62.689396,-9.687652
-23.223436,1.4871559,136.8527
12.510422,-146.62215,56.327194
55.12667,-28.888655,-18.723057
15.525609,42.622078,17.018919
-132.97725,-86.01287,-131.9448
-119.4056,-16.709064,-2.012881
-129.4016,38.628864,153.35698
-194.54486,-71.964516,-51.833885
96.395355,-56.792343,-79.20864
206.62477,-24.68914,79.97173
-32.631218,60.11903,1.0759588
-115.03556,124.83994,-54.01082
49.012173,71.189674,-112.33329
158.13495,102.43282,-68.773056
106.419846,21.982029,168.20403
139.71817,-97.20217,23.140131
94.183945,-66.70932,87.43734
-64.40714,-88.90003,41.349483
-33.11598,-101.2431,-221.18803
41.013344,18.56789,-22.395908
-85.4754,53.212585,29.77158
-196.8998,-51.42107,20.164804
-66.12949,6.366351,12.768659
-36.900192,51.900246,102.713715
-78.47422,-51.91049,122.49842
22.047297,18.498138,-63.455074
30.650719,137.908,77.30626
18.103672,50.936493,-39.30146
-4.61186,-74.4556,-212.73724
-16.529247,-9.167109,82.700134
5.221987,70.28259,116.22241
17.253254,-19.02728,-40.385155
107.306946,-52.469475,45.611755
119.94625,2.3215597,89.618805
107.516266,4.6961975,-61.148724
108.44435,11.279444,-84.57911
-44.64006,24.804668,87.422424
-160.47633,-4.3934693,131.86435
-13.653719,-134.19688,25.981306
147.58698,-76.85753,-24.650513
86.76513,120.14815,87.362404
-75.16261,11.496589,-33.491943
-80.56147,19.631678,-113.23902
-13.519219,112.66134,29.574684
-112.87198,-45.39948,-78.78145
-46.18994,-156.09695,-12.229797
111.89867,-48.632305,93.58018
73.62631,37.93356,43.170235
-19.028196,-68.20304,-97.01431
-28.524872,42.99876,-13.962889
55.985733,91.29536,70.828705
-52.033604,-71.08427,-134.45885
-64.463066,-19.643927,117.20537
145.64835,78.69337,84.836494
98.0119,40.32964,-148.46446
-33.330147,-24.65075,-41.266994
-17.779123,88.43048,81.62727
-10.056062,87.180626,79.06195
-44.192017,-66.98891,-71.36355
34.47392,-76.021935,-5.4779625
91.79371,41.036217,15.151869
-49.27497,28.630793,80.44709
-104.90078,-119.17471,-50.858112
-93.51057,-13.144075,-106.50112
-134.74455,31.962965,96.79451
6.9496903,-86.23495,-15.868457
219.54753,-38.1848,121.17915
193.16405,43.9961,18.055159
-74.76889,36.92695,-197.6424
-210.11641,93.11949,52.2283
-107.8083,152.14339,65.20893
-20.80815,-21.489737,-25.81519
68.737144,-95.049416,-20.0553
68.664024,-13.994235,71.7645
-51.089767,-76.419556,14.204984
-99.84222,-123.970116,-130.49663
-31.417007,9.274439,115.00465
-22.948208,106.360115,75.65485
-78.285774,-27.90917,-96.85887
65.97925,-83.5602,25.802996
184.80768,58.476097,-40.77897
57.569786,108.57813,-39.91109
-24.067936,44.865116,48.01205
80.05208,27.837395,78.343506
84.48368,41.47641,50.772465
-27.110912,-78.40888,-39.49908
25.117899,-65.00673,11.244228
32.640774,97.98473,81.63496
-179.8282,-96.36011,-53.78539
-190.4081,-155.50996,-25.681023
-3.4466991,38.786015,82.52046
-26.329224,-36.11805,-95.365555
55.311283,-11.763928,52.090656
192.58719,112.24974,91.534935
43.130596,4.543995,3.3110504
-92.09698,-122.56194,21.140018
-31.39635,-7.7726874,-166.02661
68.38217,111.46316,-31.809347
8.95371,104.450264,14.240924
121.57288,95.203705,53.11404
176.81918,-46.197163,127.13077
-104.87046,-180.24347,33.0751
-69.65175,-146.65215,-87.32105
18.49811,-18.7838,-86.57372
-33.849487,83.67811,124.53772
-13.224745,79.08183,-136.95576
-37.21961,5.5360527,-60.750095
-2.981628,-6.318355,92.40793
-52.265736,34.880135,-66.85366
-29.55193,-8.82764,145.89903
57.888226,-14.826344,-14.501659
-18.95378,-2.8617327,-96.41823
-60.927616,-33.68316,-160.29553
-117.42266,40.324493,-119.668076
-31.448833,97.88774,193.18277
110.27315,-34.894333,-25.060457
65.012794,-120.44884,136.69495
16.379229,-61.03733,162.9152
-29.582952,0.3276282,-129.81425
-75.18696,58.57015,-47.96215
-125.126945,100.340126,-75.462776
-121.167656,93.92715,47.847984
-50.42819,-18.547771,-108.20484
106.08279,-61.432964,18.8528
154.75034,10.259206,233.72481
27.346834,99.55907,-105.83428
103.088684,100.72733,33.783367
161.13675,-7.5029,-53.18997
47.286777,-31.679523,-85.21341
-92.12063,-160.47694,113.33314
-100.13071,-151.77362,47.01317
-13.879728,-21.681791,36.14728
2.0377085,-100.949875,-82.33326
91.82256,36.28853,21.302156
16.959648,138.69473,100.938354
-172.85573,-46.80808,50.92259
-234.20908,-114.181435,-94.99406
-171.10043,1.0652373,-15.755537
13.365211,75.71983,-0.48191568
121.144646,-13.629134,-188.58058
134.47932,-13.533615,166.70636
6.990072,45.363754,-2.8640523
-57.996204,1.5674328,-137.95473
61.448734,-0.76350474,8.851935
50.62689,-22.415459,-53.287937
34.922997,-38.167763,153.82843
79.24044,-43.601635,-60.243584
35.901463,-81.84748,-35.692745
7.6801357,-58.09992,71.89732
-40.866875,-6.8740306,-38.392666
-81.51934,57.02643,86.06977
-46.118057,50.500416,-26.810198
-73.27435,-44.44481,-117.337746
-49.086185,-48.097813,-113.47721
-49.508244,66.98199,97.532974
-65.9927,112.08791,34.691616
84.64536,22.538223,-36.432533
102.34161,-28.388332,171.11858
44.92277,55.25073,-61.951523
-39.15365,50.251152,-34.257282
-47.408043,2.3871017,-90.02322
92.86543,-8.84883,-38.936333
39.395527,-149.22255,77.716034
57.14279,-11.91595,-56.888824
52.7681,147.97237,335.92944
-49.21378,-5.817195,36.7925
140.64343,-25.762383,-101.061806
159.04051,21.313313,140.92957
-110.29891,137.21585,-86.7895
-87.106895,157.3093,66.47591
4.2527256,-46.797077,-179.76901
-40.045246,-115.127266,-50.34347
-44.45919,-93.228645,187.28835
-30.401503,-38.647003,-99.47416
72.3186,61.39139,81.70203
41.210148,12.230184,-104.094986
-1.7134107,-81.02084,-159.13379
-97.718376,-61.527103,161.5761
-183.678,-26.842327,54.28897
-8.40953,-98.83972,-56.46229
-33.50238,-113.88598,-28.777615
59.60296,56.202427,6.7593784
46.694733,13.737271,-31.621225
-152.46585,32.493374,-157.24806
-0.87693775,219.28802,-59.11294
15.906575,45.534813,-6.4805384
-22.064941,-95.563156,-22.328245
83.64822,-47.631584,176.28215
164.82788,-98.25115,23.95154
52.997,-126.220795,-84.6201
-38.40154,18.930822,-90.82114
84.03849,92.26657,-72.26884
48.559326,-85.056656,174.30681
40.177746,-176.97377,10.104488
-10.757178,-38.56878,10.4375515
-197.75018,91.85855,22.21257
-157.1776,6.640823,-138.4484
27.081692,-70.63878,85.04648
45.734146,37.21812,33.30155
-116.710335,104.65237,-69.25745
-139.3364,52.516617,-55.16767
-101.797325,49.47553,-7.3904166
-4.2587814,21.431948,174.084
142.45888,-143.34218,-93.39261
64.51374,-97.69694,-66.80506
-87.97174,76.08349,111.26423
-78.02838,100.75255,-94.55862
215.10123,96.701744,37.26045
301.70575,-33.02226,124.752365
50.3422,-118.22736,102.022804
12.348086,44.167706,-32.3888
61.761497,103.33287,-56.42803
-45.69852,83.79693,-2.0510015
-57.15786,68.09964,-77.23902
65.162254,-66.29575,126.1576
-64.50844,-61.839085,47.203587
-156.65376,-20.81226,-21.865812
-29.727842,-56.59848,2.4786599
-49.59042,43.092747,-28.869308
-118.48411,55.097088,17.942915
-135.85182,-111.73083,-109.33257
-79.75746,-61.479877,9.000903
-67.554115,39.70456,118.841324
-45.051052,-54.305614,-70.98714
53.36586,98.025795,-89.68742
69.29174,142.928,118.26658
116.97223,-103.748474,-115.042946
89.65597,-50.29844,-234.264
38.78128,116.33174,41.541695
1.4741884,42.76079,-27.905624
-20.429962,-109.39822,48.33428
146.0668,1.6316136,47.12993
124.304375,28.97561,-71.0203
25.700754,-130.63843,-155.87015
8.541944,-12.462422,-9.291912
-130.84175,94.69898,269.53497
-159.23213,-62.67181,-108.21366
-118.58874,-182.38354,-77.679756
-115.19468,-19.948809,-0.7195819
-116.25607,104.799965,-78.08905
43.62751,64.75547,92.46812
172.62167,102.239456,-110.229034
-59.41774,60.661877,-27.288385
-192.20802,-40.431522,-124.60565
-110.97935,-72.18522,-38.55645
12.999203,-49.70637,135.14407
166.16112,9.4468565,-139.54108
180.20316,-9.860986,2.462925
32.39801,36.424175,55.837463
-48.382095,75.543015,129.64438
30.870533,-67.66994,-93.01705
78.20673,-16.007778,-83.048584
138.26904,41.36114,205.24751
142.78316,-50.761585,-61.65033
81.98242,46.23806,149.35445
54.865715,90.741295,43.828888
-90.761795,3.0666122,-79.64508
-137.51004,-37.47811,65.89093
42.600937,7.638997,-6.8820405
145.84392,-1.186006,83.58524
66.37717,-108.55845,-198.55714
-22.5543,-31.553738,8.868272
-119.58695,123.427284,129.77676
-156.74287,49.918488,-103.35166
2.4837916,-49.826794,132.05624
90.583466,0.7060611,101.746376
83.418594,-82.854996,38.144882
55.511795,-93.0141,-77.21613
-49.014286,120.653946,-38.340893
-54.02424,119.63923,7.618013
-6.4763007,-29.350632,-120.53579
-6.461108,-95.41139,113.63004
-27.452728,-92.3082,122.01815
31.449112,-55.29757,-58.665043
172.61848,55.365746,-141.0598
112.04024,137.69289,-34.177845
-54.362453,27.065495,-13.337645
-141.78564,-37.496197,-73.39367
-107.13235,-39.31791,156.75146
12.591402,-40.833324,10.257396
64.28038,25.466366,-48.01009
103.66579,-2.8217275,45.875984
-21.196985,-41.101215,-83.94817
-201.7558,-44.294575,-16.044277
-212.98123,-23.816296,-88.960785
-183.48402,41.476665,4.7994633
-89.9836,15.657168,72.96081
13.71905,-63.350193,-77.39361
34.14196,-49.594833,40.037926
-17.52522,97.0833,38.75953
-32.51172,143.26346,-140.63171
0.960035,89.88318,-109.63553
34.480392,103.79482,198.75249
113.305244,23.06456,14.668423
205.35442,-143.27943,-100.07919
192.20905,4.688606,143.58342
52.172024,190.78497,-105.48683
13.859241,-36.179333,-61.503574
90.31653,-21.164268,-22.968603
44.148678,113.01348,-30.4875
-103.24204,21.377075,36.65752
-15.288723,59.407475,-39.860905
19.476128,-24.114761,172.00433
-235.7532,-155.33173,14.378741
-158.21638,-67.573814,45.67074
-32.933258,26.218285,83.19558
-115.837654,-32.71187,-157.2158
24.309202,-54.780136,-59.54198
90.088974,41.51549,-44.227158
-64.25782,121.82359,72.56296
-60.54514,39.90101,-20.516102
166.92403,-64.04208,-166.3731
200.4153,61.01045,-28.407768
18.17835,22.958004,98.175674
37.55196,-105.34269,-6.8474255
85.138,-59.457314,-5.9936147
-14.923114,-35.90381,110.89437
-55.94579,-61.0235,-176.49512
11.636191,-94.77184,36.621758
12.268598,-32.286068,23.803234
-100.12841,49.044952,-110.48285
-48.977394,73.76199,105.495995
15.88146,-13.478255,37.11891
-14.418166,-114.59573,192.39291
65.550224,-42.903107,-104.32476
-32.578606,53.296947,-41.41487
-176.14293,148.08366,-18.66724
-65.70946,131.17287,-269.74936
-15.737699,-78.735916,78.400116
-20.961245,-136.45528,26.330368
114.5252,-75.905014,78.14747
125.4558,-81.09893,-183.83775
-93.11786,44.843853,-66.781685
-125.68355,171.18304,230.20729
29.933054,70.10808,-69.528046
65.16815,-58.512722,140.2711
45.176075,4.0882583,-3.1347332
37.229935,50.152866,7.407684
46.63976,43.938488,68.915634
58.95458,62.980053,57.368454
83.615295,-47.118233,50.034912
110.62225,17.812382,-314.3334
56.554993,148.96939,26.879902
12.156376,57.166866,93.12125
-8.807345,-47.219105,-32.946987
12.187266,-103.099724,107.60735
25.829988,-54.434017,-46.846203
-20.45838,48.045128,-94.05868
77.05762,71.661934,1.688276
99.98609,-2.0748374,212.7663
-79.316605,-48.101368,130.96167
-173.97922,-56.205402,-111.310905
-246.11765,-67.511215,-106.09129
-273.10355,-29.352459,-35.55982
-21.241146,-8.378051,-7.5200825
236.6659,41.5842,-33.382088
203.01888,114.13183,33.32593
9.383992,10.719604,6.271175
-96.79005,-87.44759,-16.913729
77.26537,91.12208,88.173904
140.41495,118.68598,-61.2278
42.13864,-46.890896,-108.44926
159.52786,7.3261,-0.9022398
95.165474,16.078636,40.152428
-219.53255,-92.54898,146.53012
-215.37144,-55.256706,31.377802
29.019686,1.8189629,-15.082032
27.046122,-7.6111326,5.195048
15.528026,47.13889,-80.81029
23.2089,82.53943,112.97329
-189.4421,-30.594063,93.41742
-237.70526,-66.02389,-193.493
-61.198658,20.20317,61.779724
74.221695,-16.33467,90.198586
24.721386,-61.938457,-116.912445
21.884195,-25.85658,63.084633
-43.023632,93.869644,-152.244
-227.31001,131.65086,58.211426
-23.176174,-57.12293,14.022368
141.46336,-55.346664,-154.03264
104.564415,54.792706,346.5265
105.37196,28.38006,-80.48148
68.56301,39.895844,-66.02651
51.751633,72.00812,31.80833
-57.82027,70.14292,-92.83441
-34.469486,34.03715,121.03026
47.841038,-40.95789,-41.665607
93.39541,-95.10545,98.075615
74.878426,-51.924736,-104.154144
-93.89565,25.250334,30.173704
57.339764,84.841866,101.47194
69.1809,-1.848737,-175.96983
-119.9217,-92.19241,95.75072
-65.44615,10.847657,151.29633
-58.696293,0.80067235,70.30245
11.009364,-46.981083,-246.29536
0.7876452,44.714653,-14.639767
-56.983547,95.56864,77.8924
-44.884262,39.72954,-210.59203
-27.884886,-15.856631,23.162092
0.34323305,-7.557148,-83.55941
-65.101616,1.580179,-35.98041
78.64166,-35.600014,11.566361
173.49223,-58.820976,37.0601
45.57364,-25.915867,64.704315
0.26392138,-35.326553,-162.05547
53.359585,8.386362,13.820544
48.505817,5.030967,48.70023
-35.275806,-121.35262,27.958641
109.30943,-29.333218,77.02469
114.54589,83.9242,-24.972588
-196.47586,-6.873586,-73.65613
-264.73813,-61.418655,-30.115345
-37.441326,11.079073,98.69408
-28.590073,72.995544,-82.2451
-108.237206,21.791216,-139.67567
178.39403,18.049553,-8.3731365
115.87042,0.42311895,62.554745
-180.08324,-80.897095,108.14098
-65.66474,-34.812393,-14.232616
-25.177492,28.87139,90.97117
-35.91125,19.029922,56.622555
100.03847,-74.483925,15.324842
243.67456,-26.499739,95.18453
131.27109,79.10684,-54.038837
-106.30385,-4.267324,-28.872576
-72.024826,104.00377,15.677751
-58.677998,100.904785,80.98781
-22.362934,-123.52635,35.401505
110.61961,-72.868355,13.5263195
139.46835,109.96776,173.15613
130.4815,129.12178,-5.4269342
37.270077,-36.71335,-71.18476
-63.95426,-23.29469,97.37975
-131.9422,63.8944,75.894165
-143.28313,-35.74954,-101.07775
-14.843922,-102.7662,-18.042913
71.60757,-49.48575,160.84749
-27.728365,-26.716774,-83.55789
-82.98842,-79.072556,-42.310947
-98.94502,48.461773,81.012726
-161.92638,132.61559,-50.837635
25.906366,36.628784,-4.931348
152.22571,16.043177,-14.623986
-25.463564,-14.8049965,33.47692
-153.92044,-85.434265,-74.333626
-64.21254,-35.26789,-72.2588
103.388885,147.69257,10.436374
67.174866,72.181854,-129.37303
101.38811,-94.60252,29.967093
125.05954,16.290249,62.48895
-96.25689,0.5798981,40.899696
-94.537476,-39.373135,-120.903984
17.396715,77.50388,-91.201004
-2.6608582,1.4477495,116.06819
-102.74851,-129.05234,-189.13412
-111.0665,-8.663242,65.82272
0.08880431,67.95702,66.52675
-112.26666,-103.56636,-190.2899
-57.620064,-64.99668,88.0659
110.82865,113.40897,54.04126
-85.86578,87.12168,-29.95878
-141.22119,54.028954,-188.32384
0.051530093,59.88125,20.375689
70.44491,43.284912,195.86906
152.53076,-72.18457,25.180914
233.7992,-135.1789,45.18214
152.88748,18.553698,-112.469475
-53.656048,133.11688,-43.83902
-4.576657,39.009235,-50.02633
115.55407,-63.269554,-47.71919
75.7242,26.741558,80.93023
64.13387,2.4795191,72.566605
148.33127,-41.516678,220.62361
147.59048,9.837202,139.55165
-38.46413,-85.405014,-68.04686
-84.01029,-13.02441,-112.821304
-101.953735,84.343666,113.73623
-143.68404,-73.95446,46.25931
-17.237867,-227.63165,-82.35962
20.040606,-127.90714,132.89217
-34.542763,77.664085,-112.95869
-37.3062,40.78832,-123.71687
54.77705,54.373875,74.30319
85.166794,124.41317,54.174545
-17.200705,-53.647545,78.494316
11.971869,-170.33531,-74.45961
26.228563,-54.93181,-33.001915
-65.59803,82.162186,35.187027
32.926937,16.682013,-5.0424156
139.87262,-57.761784,7.9872413
-53.85639,-34.438652,29.852762
-231.67072,-88.38663,-41.88729
-75.53928,-22.0072,-12.902706
25.368584,3.5663507,169.43988
-87.238785,-53.243454,-103.67279
30.637476,42.037525,-144.06165
107.63751,92.84201,40.65825
-63.52099,90.81435,2.97375
-69.578384,28.187887,54.657475
12.129787,-11.997414,30.681486
-1.1983532,-1.2331603,17.609535
-72.89392,-52.61145,-42.637505
60.292755,-25.78766,19.849686
183.52728,48.903984,0.53747773
-40.142986,38.73654,-69.630844
-91.59493,-2.9022868,-90.65266
-53.91747,26.113247,6.908068
-152.55382,16.806475,246.64842
-38.67756,-66.98357,-68.27853
163.59845,-74.2162,-19.95543
81.50914,90.7292,112.87822
-203.58182,112.76829,-38.5899
-155.3744,-23.79835,82.82508
54.9687,26.579103,-57.981377
67.33994,-25.633272,-28.933422
152.6386,-63.837955,-139.43483
221.05626,17.233772,-36.86358
86.42789,28.089201,135.43614
-78.744,30.230055,-174.0198
-14.758555,-21.687143,74.60007
40.083916,-28.962557,28.174107
-94.77568,-90.28591,-49.29996
-11.6352,-98.378716,117.62036
116.721634,7.368754,-49.142612
-57.7211,27.866798,-38.613777
-277.0703,21.43564,-116.890076
-175.23674,-50.440716,87.307846
-25.043463,-92.75279,167.03146
-12.677421,-59.311848,-24.332733
156.52184,29.098057,-123.51052
162.72067,197.37013,-113.44912
-5.947762,190.66052,99.9851
-4.5581136,4.765517,-96.79788
73.19953,-35.112717,4.911097
33.220047,28.092665,-2.0395703
-53.14872,-43.902073,-103.49211
130.66246,-97.11931,108.58944
234.93742,-20.764994,5.0029216
9.095478,-62.20356,19.433908
-101.46863,-43.984543,-108.21289
-23.778408,64.12723,81.02141
-43.57741,-26.463444,66.269966
-68.849266,-31.595476,-38.86012
61.188118,15.37728,171.10106
-3.9199126,-4.2076325,-94.15943
-187.92953,2.9093235,-56.39762
-52.624306,7.452003,-100.88069
62.95465,96.05022,43.47535
-51.989048,74.55265,42.851936
3.671104,-55.201126,-131.25961
122.57577,-80.34598,102.62597
20.694704,-72.9921,-84.27225
-4.529503,-58.368343,48.07411
157.57402,79.45323,73.73813
106.456154,162.52937,12.918033
-7.9144115,48.89704,70.759995
133.72481,-31.80317,0.26147285
143.45804,6.198029,157.62047
-89.013405,7.802294,-31.30333
-165.70013,-89.53652,-52.478268
-17.116262,3.1814191,10.095598
-24.096462,32.062763,35.565426
-63.995205,-155.54906,108.60501
116.49588,-54.588547,18.33924
83.164825,47.84488,155.97606
-144.16647,-13.005542,-23.630226
-42.374744,58.660343,-95.50324
241.5697,64.7986,97.0712
98.3061,-31.30654,-14.143522
-73.43118,-49.136833,55.99157
29.021727,-45.286793,-7.005358
-103.71404,-10.4897375,-59.349503
-189.3407,-34.056618,-16.544046
-28.054853,-98.48261,-34.457275
95.05982,41.044716,73.64005
-38.132957,86.23692,-101.10237
-132.05156,-65.4339,12.916165
21.156994,-61.154972,114.606064
-82.621735,-94.457184,68.23405
-109.01887,-175.32169,89.315636
100.048485,11.479445,-135.97443
54.046288,171.88762,-52.608772
-84.28343,108.28163,-146.92006
-54.824165,13.211447,-74.061455
12.890403,41.251232,91.38284
-131.15488,43.868484,-135.33698
-147.88216,-45.964935,-99.89559
90.14788,11.109246,17.24824
109.05214,-2.9345672,79.00971
-2.6575294,-57.044945,-52.85135
-23.55355,-17.992064,31.348663
-116.700066,-5.5272627,7.0912757
-268.24142,-19.806816,-129.8284
-101.82997,-89.41853,122.955666
146.82776,37.313244,11.360886
63.15822,167.28972,-62.553852
83.6346,122.24253,-70.09935
244.04402,181.52985,-68.232895
133.11702,97.811806,146.38843
-56.268524,-85.18192,71.38437
57.376522,1.2769141,-2.0730498
129.57625,36.54729,-71.20741
-54.504177,-92.753944,-125.15496
-21.650612,-37.664913,-21.689756
90.21289,88.40403,32.193733
23.533215,-17.236439,39.15045
-71.53842,-169.5741,-2.1686416
-62.47077,-74.24862,106.0997
-109.1262,-1.3718235,98.48386
-191.01593,-12.612697,-103.650894
-7.023819,72.07601,-68.98886
54.512638,63.776405,39.611404
-66.92145,-51.748344,1.2018312
-29.57852,-108.42998,-77.50457
132.09332,-19.584316,36.01949
173.61913,53.108307,-2.771399
75.72084,-6.333432,-154.4776
134.63402,-6.674921,-29.633194
76.12192,20.483818,-0.41836038
-78.86991,-46.812187,-12.516416
-31.767536,-83.2616,78.74773
48.177593,-46.20029,121.30457
87.863976,-8.7241125,12.040098
54.61177,15.633247,-78.532776
25.952894,74.410736,8.782726
-43.808384,69.47677,-27.284594
-185.748,-78.09122,-103.46847
-148.07065,-72.031906,125.707794
-0.6957202,-46.089226,179.89201
64.46354,-110.509964,-119.063736
101.14243,49.734184,-8.2948
76.994385,144.45166,48.115192
-120.37707,40.75857,-153.89194
-203.22246,27.970394,-71.99831
55.467876,62.064045,27.84906
171.71353,-18.6486,179.04182
107.2442,-112.41997,116.32888
153.924,-60.359673,-36.20875
21.65716,64.82092,45.16701
-138.53456,112.66911,-118.39365
-19.484015,54.98829,-24.576271
121.745735,-9.433224,244.38477
94.80239,-90.99056,-20.090551
37.530914,-103.74005,-55.401966
-25.099545,39.93483,69.820465
-83.23669,109.56957,-13.032379
18.811369,-38.15321,-4.399439
86.73194,-63.360157,10.5550165
1.7618289,90.981415,97.94139
-120.392395,-2.586037,-45.263847
-168.21112,-63.767536,-106.42401
-73.20085,35.43598,112.67555
-0.8305842,-17.954514,-8.669447
-41.516075,-8.865978,-127.7837
-24.735508,91.14565,76.855896
72.60007,51.056576,36.02034
4.2392163,-25.32459,-114.56343
-84.36931,25.739178,59.06466
-45.385014,11.385577,32.95088
-43.92415,-78.87467,-62.329018
12.334591,-45.05301,-76.10184
110.722176,37.20613,53.88291
19.944927,74.03739,69.600586
-137.3166,-1.8538641,-130.40523
-60.68089,-85.198044,83.37606
34.550095,-47.223705,-37.136112
32.88735,-63.46949,-99.40814
40.145622,-75.44278,68.34634
-133.81061,65.56694,-21.67211
-270.93594,84.61503,-30.31419
-156.94484,-0.7545012,-142.94052
34.386513,27.898214,3.8902555
105.33735,-4.405721,60.30634
-23.535486,-46.373756,-58.94657
-70.71843,37.949173,-38.524902
-67.61086,10.731669,-29.580713
-122.052986,-33.09871,-68.81028
-62.66559,40.44016,-14.966769
33.365612,-29.065493,183.2667
98.832756,-112.414314,-93.29097
123.225945,-34.91406,-107.56578
117.28245,119.63954,183.7325
36.17667,193.42436,4.3644514
-7.813935,75.0603,-123.71687
64.74821,1.9731439,-93.3867
62.17105,28.96372,-14.472548
52.86071,41.716187,-75.959145
68.96167,47.48197,-29.393156
96.352585,26.713589,93.96803
24.651062,5.260856,13.579741
-40.1596,2.9384227,86.304504
37.507225,-11.911185,38.525745
-37.5799,-93.84192,80.63078
-149.48352,-184.74423,-6.5172877
-98.23967,-114.86277,-183.97371
25.006529,-0.299056,51.205086
-0.15848985,61.17624,-126.845665
56.493053,128.01936,-20.14347
217.20773,59.324497,221.71301
22.88846,-21.038496,-22.116758
-102.44054,-30.46377,-38.42799
-0.89913607,-25.514095,-62.339115
67.98206,41.373005,-12.57482
92.85827,42.89509,-40.256184
80.83843,-23.93295,55.158955
110.31005,-102.29069,118.09585
-19.863712,-114.40787,-64.448685
-139.81514,-35.656857,-7.180117
-45.0187,5.278185,-7.462258
-43.972073,30.046223,-36.74662
-91.83708,40.199684,-68.43208
-44.147522,-44.90905,21.60063
-34.122643,-36.469856,74.951485
-91.35224,-28.236801,54.66894
-55.951538,-63.382324,43.181694
19.814545,72.41454,3.5062852
-46.408337,-9.344591,-28.75728
-5.3296824,-42.789867,-178.43155
113.6386,154.34142,-91.63083
66.05704,84.20366,73.117386
-9.842224,-12.5525465,116.687706
76.57541,7.675611,21.941105
208.36774,-21.104168,100.57722
48.195637,-40.60163,22.37397
9.627774,88.49683,-113.00015
86.959946,86.68406,110.88858
-96.44279,-55.565563,-49.31179
-124.81805,-21.351141,20.295874
4.4412723,-42.075745,150.89655
55.804016,-68.62345,8.79302
-18.47969,37.95499,-24.826937
12.985711,89.54445,-26.796122
37.06615,63.901817,-17.560654
-139.19609,93.96442,-31.651056
-64.87131,61.34793,-7.8651433
75.65295,-61.71514,-61.969334
26.009699,-46.19549,153.8876
34.07074,22.154934,-21.616713
94.308304,79.166916,-136.64812
14.005063,36.305065,119.09274
-141.82576,-87.00628,-124.33124
-109.1476,-78.26334,65.467674
-4.1646705,-92.54407,151.54272
-105.71375,-81.09911,-73.55817
-126.541374,55.11931,26.612656
137.56757,101.29782,-13.983826
174.95563,45.20404,-19.677128
-16.20767,33.839924,-33.936478
-33.020725,144.97208,-82.425804
-44.057487,76.37241,67.203125
-141.57626,-108.30787,48.508194
-27.862873,-72.80328,-32.438076
147.10709,-6.607533,56.201244
-28.381428,23.961508,-67.07062
-146.58005,8.108153,-104.199974
43.436363,-6.3443475,-4.0339184
50.208744,-31.715393,34.512356
-71.78449,-38.14136,127.36768
-71.461296,38.56114,-13.608256
-39.208622,70.014404,-107.257
-42.315613,31.356714,-60.75661
-121.68611,-91.904976,-25.301298
-105.70267,-63.578384,104.157845
12.903087,-32.592365,2.3954117
37.33897,-51.116528,-146.12402
26.986202,24.404448,-21.355852
82.95607,25.287386,75.11941
68.03226,35.51091,-105.77462
-47.900642,2.9774272,-113.57138
3.599678,38.021854,41.557755
76.88449,51.58273,-28.997768
140.69003,-31.429935,94.05072
216.84496,11.308172,111.56895
84.399445,73.90595,14.3031845
-27.752695,36.84396,-79.849495
-63.585987,-48.57389,-116.773026
-36.545338,-15.70798,75.08361
-19.201729,-50.86771,29.309616
10.388812,-87.19773,69.24055
70.58654,-13.184778,-18.123013
-30.85932,-31.626554,-1.5638103
-17.943533,10.914226,11.482287
-16.604126,78.501625,-31.191063
-87.69114,71.841805,132.78339
-100.38237,-40.868584,-153.09555
-38.222214,-131.46233,27.648594
144.97157,-18.713009,67.1615
31.231434,-44.70668,-96.31012
-27.903982,-79.735825,30.043377
108.075035,87.60372,-72.76808
26.375742,25.380398,-10.624079
34.138817,-62.947895,-70.0399
168.9695,23.047817,98.86559
195.42978,46.462456,11.21764
42.000088,2.450212,-82.313835
5.7949324,-56.80297,88.19003
87.87643,-27.700071,30.046904
-9.855736,-10.35325,176.77654
-79.20928,-20.823896,-45.82874
-154.23044,-27.1476,-15.069896
-224.88739,-14.27061,41.53355
-191.34793,6.7534885,-174.49225
-69.74953,1.4600766,78.74118
50.105698,84.67605,129.13986
14.936381,64.91827,28.766052
30.448513,27.994722,41.934612
64.63515,113.0742,48.81853
80.038506,50.290607,-89.09127
39.928165,-65.35386,-135.48723
-33.59052,41.983288,6.269924
44.001472,98.10511,11.049952
75.23215,-40.71176,-22.375246
96.01051,-24.354261,63.914833
117.3798,-3.0770226,245.05145
12.253004,-69.96233,10.4852295
-139.86722,-7.4149776,-62.093468
-117.22281,59.23801,165.18137
-5.935414,43.803463,-129.49255
-16.481941,-1.5152346,-55.609997
41.263218,-54.604954,179.68889
-27.607965,-31.098263,27.059597
-168.41403,-2.789628,10.890982
-69.560585,9.159769,-156.07988
22.328508,77.374756,-147.62729
-72.40687,30.349909,-44.013676
-76.25615,11.622157,-88.94012
30.205284,50.352283,57.08986
-31.635002,-94.77496,53.941753
2.9075232,-127.81094,-43.969856
86.71266,60.38728,78.803665
60.561825,41.842888,132.56345
-3.0987558,-96.70258,-190.4399
-111.082466,2.393158,-45.853085
-76.9809,109.42569,102.823875
-52.45466,-2.1604855,-150.917
-48.79434,-100.80726,97.807785
66.01265,35.185677,21.34226
128.27414,111.322876,-138.09749
61.53965,64.05256,-102.56906
-26.429413,94.24885,28.286642
-71.43196,48.85253,121.82573
-108.10705,-64.60373,-87.45588
-31.362165,-130.92372,52.204277
43.253765,-64.551994,-30.552748
15.070537,-23.653585,-23.287985
45.536957,15.796763,-89.52637
25.084787,135.18956,-105.550316
-92.71558,29.266403,238.00691
-78.878525,-103.60217,-46.107037
14.827944,-69.061485,18.493704
-22.64984,-40.750942,140.21257
-8.536427,-24.98169,-126.56003
120.67443,11.7444515,-48.271965
35.97148,76.46817,73.15887
-32.416637,72.09274,-21.582003
65.218956,-61.110558,-44.978455
37.5576,-61.99168,171.94951
65.99139,-3.8482134,17.459465
105.839615,-58.894802,-161.00053
78.0908,38.493473,32.56659
49.260876,66.92889,128.64064
-43.94133,-79.95057,44.517113
3.09205,-46.296856,-44.97721
76.80816,39.358707,33.25864
20.20917,10.5031185,48.19373
-15.774077,-50.77368,-17.793617
-0.31589466,-100.64609,37.888744
-58.54101,-83.21316,-20.759205
-147.88927,-32.12916,-134.29553
-119.39974,10.089142,21.689423
-32.432087,0.25557107,114.24299
-34.54087,-86.07541,-78.05737
-86.425026,-18.694931,-54.855923
11.388085,148.01479,54.593876
25.581041,119.4887,-60.71961
-3.800541,-0.27196336,21.673138
110.53919,0.96533597,71.97928
86.284874,-12.304471,0.1554711
42.401127,-85.05972,-83.096214
62.046925,36.52919,-140.7279
95.67081,140.69746,124.74868
94.032616,-28.364801,0.45382926
-11.659006,-155.87978,-32.101665
-54.000397,-49.619915,142.20552
-135.48537,33.327927,-115.542534
-157.97327,-5.0196915,26.769798
43.807747,-11.457962,87.71765
82.1418,29.610012,5.835015
-82.3976,70.13223,-16.778524
-129.21451,23.121407,-118.561104
-119.83997,-8.108693,112.63099
-121.6375,37.661114,80.310036
45.274464,-32.719406,1.9232035
125.8499,-67.515045,34.8576
-7.5640078,85.991745,-59.222324
-20.509733,154.19893,-137.24918
69.29286,139.79388,-87.186676
178.53603,90.534805,115.60975
48.31353,-65.413734,-8.740603
-52.30726,-32.489433,65.09367
92.3493,38.902702,143.9056
12.3042965,-30.71933,-43.49155
62.774082,-8.002096,48.83938
161.94336,-4.7324076,-9.804027
36.05147,-17.754051,-20.976215
-102.486336,38.973278,-22.022383
-104.01993,9.559426,60.783405
55.402504,-46.8949,221.70578
-43.454655,-39.057087,-21.74924
-89.335365,-37.15382,-55.495144
-33.657757,55.76115,-44.595192
-145.06334,69.92302,-105.29526
-137.49608,-26.814207,-8.121203
-50.182285,-17.941475,-7.1122375
22.857841,-85.99817,41.12162
-84.54729,-138.2215,-61.434673
-59.444134,-31.724302,-174.97714
102.52683,75.522835,-40.902435
-58.323467,-3.8666282,13.779619
-52.84413,-57.187473,24.463245
158.00757,54.191906,66.53015
107.26168,-15.7206135,-10.035404
-35.38506,-63.433735,-64.12775
58.54723,45.077103,-7.5532503
98.49043,47.024277,-23.94691
-155.45564,-42.36035,-66.47875
-154.40015,-72.64472,-103.53548
40.087837,-67.74414,4.826216
1.4648331,-93.62556,14.980691
-49.25161,-13.695291,-153.38031
55.360332,86.67751,-13.381802
11.801692,48.523403,-118.34669
-174.39395,17.710478,-68.422035
-93.69162,34.20903,151.9921
108.847885,-4.6552734,19.825075
118.705215,-61.13061,155.41814
-0.19723462,-85.62819,-32.93766
25.024614,19.943415,-57.879356
-35.197987,46.951653,21.637945
-133.56842,-14.821516,-86.74571
137.15494,72.809265,154.39981
240.83556,16.640987,28.16623
159.85947,-58.254494,35.45653
144.733,5.1179433,16.383455
137.20552,68.20783,0.25012115
123.28325,63.491123,-24.159365
28.003262,44.38943,-123.89383
167.16826,91.49491,125.87783
178.15251,-79.29242,-41.149178
-128.87724,-245.7442,121.74487
-148.24426,-175.19215,234.36794
-10.076771,-6.7037296,8.679577
-99.601006,44.504055,-23.455519
-96.33689,-119.46386,-111.48678
88.93606,-107.21345,49.17472
-62.288364,24.38168,114.14995
-242.12453,44.956768,33.946304
-85.50849,2.7750344,-91.275826
-46.267006,3.5932736,-54.76286
-92.19832,78.80809,-63.019978
67.72267,84.24841,21.55384
226.83574,39.31381,28.533546
111.52919,-68.84697,-141.2113
-57.792946,-79.02527,40.60215
26.95172,19.85464,76.42147
38.246613,-50.266964,170.62488
-59.220238,-96.74544,-84.67106
31.715322,16.400396,-90.33333
38.296738,97.34389,117.11004
-197.74226,-44.01045,-135.40884
-259.02145,-113.64842,68.34467
-49.866657,74.38104,46.480972
-103.02385,103.16713,-72.45836
-77.53829,62.621754,-22.079767
142.2173,52.540104,-63.053486
-25.808058,41.57493,-58.33971
-185.45844,24.76627,-5.9201875
-120.080025,-63.346283,91.06785
34.802383,-2.164367,-3.9450352
110.89024,26.510067,-104.44117
166.54521,39.484394,-76.72862
187.44019,139.6187,47.799152
-41.62429,55.81067,10.797251
-87.32933,-19.933561,-46.39408
-16.722551,14.316594,45.056606
13.415581,-12.33343,67.21057
48.413372,-44.280163,-23.531652
89.00665,32.242786,-31.582907
111.43449,75.63054,9.701189
-160.55992,-27.474745,-45.725876
-218.18259,1.8389037,20.975788
116.81919,35.322315,57.766964
133.33727,-105.00625,3.4876635
-32.112396,-61.72752,-28.135935
147.21977,66.153114,-6.8884096
170.49022,62.474728,-96.68537
-112.71411,-5.1850824,-84.43193
-90.02429,-31.894415,117.34969
-26.60955,-34.686882,124.095276
-52.03459,-134.72533,-35.78026
36.643585,-135.42021,-155.2087
4.43482,9.419418,76.24736
-107.56152,65.50977,51.31868
-100.993286,-50.476307,-72.06586
58.365643,-46.766277,96.47447
126.04824,16.787941,48.682762
48.54141,-77.552315,2.9050503
1.6983157,-61.137146,-100.280136
-64.39187,65.46268,-104.060295
-55.43835,133.73386,-115.04575
64.07065,-1.377823,-123.70129
229.7203,-41.283535,112.937935
179.48158,-40.429775,105.85477
-119.7749,-150.86916,39.455326
-175.3803,43.299133,59.06983
-82.847466,17.855946,-26.249643
-103.4194,-159.38315,-207.06586
-101.906105,9.110753,-18.244135
-1.9978727,68.21603,186.78435
-49.853573,-55.884483,-42.273308
-104.46739,-35.282063,68.02007
102.75209,102.11839,53.641834
61.059395,96.932175,-84.229515
-65.33482,86.972855,-22.533579
48.34627,94.559364,-60.163296
101.95391,5.119051,74.270775
80.98848,-70.3861,10.513423
57.77544,-96.83657,21.611282
122.05452,7.6453094,122.20224
151.39023,7.518044,11.458904
91.69586,-59.38062,-41.592083
27.519007,99.9876,-44.525146
-28.749716,117.467285,18.865044
-31.143658,10.517605,-82.74584
-48.919464,15.036194,132.21622
29.642397,-7.0261636,222.43677
87.25818,-45.54421,-104.15178
-65.18999,-40.80029,-25.263905
-126.12576,39.595657,82.30721
-100.83415,-7.3365593,31.145597
-136.37657,-91.18064,-91.55853
-40.997482,-61.41585,-13.282631
118.61678,-32.4249,42.351013
84.91188,-4.5062814,4.492542
-8.804406,13.010205,147.21861
35.838535,104.73299,1.9043323
-12.004624,110.74088,-114.009155
-30.133953,166.9512,-32.652534
112.71944,157.26883,106.89062
47.376102,-91.7929,107.94297
-51.807793,-152.62442,-103.28504
-28.215652,-92.19864,-115.8528
-34.075447,27.76627,-12.24068
-56.3202,-42.561504,15.905676
-17.221699,-113.59044,43.871677
28.659946,26.882502,88.817314
-77.93107,-97.454155,-47.525204
-107.61888,-67.13762,-137.38293
-37.5514,114.238045,25.30985
-49.463963,33.90441,11.824006
-71.97973,67.02709,-112.037575
-46.022995,139.07957,29.963974
-23.636581,-12.891125,41.828262
-98.84664,-82.79546,-50.197323
-53.176224,-24.72479,-2.3389657
59.29054,2.8444638,-38.71236
-21.3773,5.4077644,-124.21484
-21.818932,0.3799929,-136.45723
68.44684,48.46792,62.336113
84.73042,35.13349,65.361015
126.20293,16.506733,46.685364
115.40168,76.438126,62.318474
42.67455,78.068306,-25.212145
-4.933641,38.28658,43.400204
11.22531,19.553843,-89.77631
35.79669,29.026289,34.349537
18.515114,-42.601883,77.136024
19.070229,-113.10642,-121.57764
30.613995,11.840582,95.92088
40.297977,-1.358087,83.16648
-2.5594535,-72.86656,-124.43943
-38.371975,62.754993,48.844563
-21.55593,5.5025115,113.54732
-1.4617214,-41.832455,-88.089714
-20.069645,-21.541435,9.697863
-10.386027,-69.80146,6.535425
26.625252,-5.885509,-73.73431
-61.228672,-1.8070853,-13.913688
-12.179778,87.56246,0.0046544694
96.29103,72.98263,67.65199
39.652107,-81.22993,-1.2915606
71.99302,-95.12501,38.45043
95.9101,-79.50607,81.71937
24.807688,58.332584,-10.721962
17.419426,52.929028,-52.749073
54.92467,-67.07122,15.886176
23.982079,-9.031621,28.48502
-155.38615,-21.74185,-52.8402
-232.65356,-55.68102,89.55015
-61.872173,-13.830762,-18.194355
-42.537525,-42.713276,-122.65319
-58.058567,-22.541681,6.395997
92.32885,104.648476,23.032146
80.273895,85.97601,66.35614
-42.21532,-19.967907,-92.886055
-16.184725,-8.73325,38.031605
45.648502,-72.02997,129.52316
-131.86914,-79.94559,-117.471375
-64.528114,90.509995,14.744002
186.00136,112.274925,-148.99435
35.879993,68.59775,-152.90062
-35.871433,13.833864,108.38448
5.6266856,-78.38747,57.44613
25.520523,-55.246403,160.82219
40.98149,35.707596,2.5652707
47.30797,89.0609,-31.10589
134.50029,66.57668,3.9027762
-30.31062,10.640497,-52.90052
-126.44454,5.053214,97.32471
24.956795,68.05541,-66.32159
61.43238,-19.438118,-97.18484
21.293638,-77.82435,-2.4713993
54.983494,59.142025,149.52911
22.443588,24.93186,100.00036
-251.81854,-88.18767,-156.791
-230.80104,-45.218056,-34.1234
41.560905,24.713095,-49.940857
84.5167,-25.59489,94.78069
142.44646,-18.34204,74.2697
136.70276,31.942394,-81.803444
-44.53572,0.3879053,39.66753
-150.19978,90.01853,-79.894295
-3.1264255,94.31506,109.02772
111.053955,-50.28045,22.125628
-18.044943,-24.821445,-84.9284
16.045881,82.77492,52.16853
123.56332,92.1826,-136.17995
66.268906,-12.820585,49.71212
-54.528915,-74.129684,-20.526197
-57.709908,-15.610423,-1.697581
-44.39514,-86.60019,32.8604
-220.99648,-84.068405,-126.47965
-110.49253,72.4408,153.0762
124.876045,7.0744157,-35.213947
26.337599,-50.384975,4.071959
-128.89793,85.73159,58.5215
-125.518814,167.66594,-36.806
-46.099266,35.791126,75.73444
-41.600067,-67.94925,-140.97623
48.600487,-14.314297,53.79306
68.559395,-11.077299,-46.364304
-42.180187,-2.2046344,-104.73689
67.97621,40.31083,99.27262
187.41017,41.316868,-72.798996
113.84871,-19.144598,63.583355
74.0054,12.182151,36.16968
101.4856,17.807985,57.108337
9.405408,-67.67836,86.51161
-68.112625,8.764521,-10.601303
-16.6904,49.00035,88.056526
25.952524,36.34325,27.544659
-32.19297,25.020702,-55.474876
-89.05321,24.686539,-25.429176
40.485703,24.019623,82.19077
86.0869,-101.01379,-101.3506
-113.253746,-44.523872,-98.767784
-166.34755,104.55504,23.947887
-34.73936,39.353474,-207.55534
23.413319,-36.889782,0.45553085
105.17144,-47.16064,107.87635
196.61676,-94.13556,2.9294534
100.274254,-93.1149,8.466044
-107.18106,29.576595,-100.967705
-99.260315,67.41958,94.117004
32.042656,-60.208073,-21.75687
-36.05299,-81.78935,-81.727905
-16.849009,-58.90467,156.01826
28.445269,-70.41677,-61.548603
-34.2412,32.68625,-7.1247883
12.815052,86.19656,-27.211498
-37.4904,46.456814,-153.67818
-84.5418,35.818336,-9.076892
35.570114,93.005165,-5.480507
100.28856,56.202507,96.704834
104.857346,-104.56367,117.443535
25.007517,-179.44315,64.48101
-116.78761,-82.94591,64.37754
-92.49962,42.230694,-16.053751
-19.512829,-30.804403,-152.96121
13.790255,21.63994,27.071154
31.727127,89.19988,121.830284
-103.71139,-27.66357,-107.42652
-187.6971,19.870863,29.381083
-26.215319,46.360382,18.074923
94.8289,32.191036,-93.84805
49.061325,93.59387,-11.513835
100.66312,106.29471,79.171555
45.140743,2.3597922,100.39705
-117.840164,-97.815605,45.86963
15.659442,-45.871292,26.36195
88.81789,17.344957,-23.89621
43.72849,16.091143,68.44056
123.80463,14.1613655,-7.800424
129.99033,70.58674,35.212498
27.830114,28.55924,58.65825
-113.3789,-18.833614,-105.84859
-131.42238,35.789127,59.29083
-26.686707,-72.79054,-59.036037
27.573711,-80.65055,-170.7876
-25.154501,65.252785,-7.1719904
-81.201485,89.160995,89.29279
-33.117615,6.470821,51.772552
-106.67275,-144.9815,13.296484
-51.047108,-36.68462,194.52095
117.96377,45.868,-37.629246
39.071102,-25.702993,-210.96953
57.082973,119.82307,39.543873
52.067196,56.739883,7.487144
-1.9820887,-48.4451,-14.079347
-28.173115,-5.5143604,-22.09074
-70.82745,11.486499,-8.66381
9.569401,60.67726,-35.754784
7.8315396,25.519547,-181.4564
21.623169,-2.5224373,-41.308865
-11.138141,-59.12546,-87.04956
-20.15542,-44.094482,8.954908
45.538166,-49.71689,242.1305
-15.060225,-44.222282,52.921745
-21.878744,54.25685,-9.846527
-48.719807,9.290953,-33.904755
-48.74231,63.619953,-3.4039245
-28.579273,-10.721028,5.331055
-43.27421,-71.748505,-92.89752
-57.10436,90.48411,75.454895
-95.0969,-11.938777,39.384205
-45.966835,-91.11796,-157.53041
67.58735,21.49088,6.8012586
128.06676,25.841206,43.364902
-0.5546828,-44.552723,-87.77013
-42.802242,42.03168,-14.338444
22.41479,89.82214,43.268818
-3.029336,-115.81459,81.04917
57.909153,-117.21585,56.098995
153.20013,36.79888,90.643745
184.11116,28.021177,-21.102942
26.62838,31.167177,-89.52644
-100.85845,64.99528,124.33369
-55.587578,-33.039883,6.855802
-79.18246,-161.46739,-22.15071
-74.7505,-37.673954,0.85307056
-35.748142,62.2905,53.816257
82.539955,-2.3964558,78.66445
172.15999,-5.9219465,-73.75202
58.93297,9.823345,13.111755
-113.52397,25.6562,-54.711678
-187.18687,-9.099033,-0.14807284
-10.783609,49.268322,58.35984
94.72577,39.22783,74.32779
98.00575,-88.59448,35.458805
48.69436,-34.772373,-156.06326
-149.4192,42.508614,74.54129
-98.488785,22.336061,-4.017738
41.985493,-81.11098,-80.28482
122.37022,-27.785423,72.331924
140.76355,-15.20091,-14.298911
-5.7238746,-129.8821,-26.068401
-165.63289,19.791975,-51.34702
-151.1552,50.24249,53.73185
66.041466,-36.3772,-55.012474
82.80735,33.219173,-2.1280997
18.083237,5.5937805,188.36311
-29.082705,-35.73431,-71.03583
-136.47087,22.111204,-89.7877
-145.89322,56.433212,-54.415524
-121.62567,36.45959,-18.276531
30.53562,-0.8576904,-1.3637701
114.26368,10.107669,12.979522
60.240704,36.155926,51.345417
-15.407217,-9.140994,-34.720383
-61.01657,5.3878245,13.006566
-23.540228,112.656815,-72.1077
-54.40058,-5.7623367,38.268658
16.726624,-67.27343,-9.124394
157.27632,88.22474,45.628956
198.05388,-7.3061557,269.05734
100.051575,6.497753,-14.7479315
-84.43523,133.63962,21.992958
-49.43079,54.405342,-87.7306
26.324194,-21.138311,-163.67233
0.06604446,-28.051908,39.59867
56.09381,5.6287475,123.030205
10.240596,-79.497734,133.91045
-88.6216,-41.670177,-87.878075
-44.808422,39.122013,-2.445196
18.920683,-12.876729,9.755511
-5.4020967,12.1718645,0.6584611
-110.9136,-13.777818,10.349591
-117.16024,-47.835033,-97.47907
-83.34254,-100.00985,5.4965487
-111.34563,-126.78819,-5.720634
10.101571,-1.5574574,81.061295
171.83688,90.686455,-24.754534
76.21836,9.454791,-224.28227
-82.94114,3.01722,-73.83575
-1.5414709,56.378155,13.673043
60.315514,-68.025055,66.211655
-14.88949,-79.54503,48.4762
19.177843,-3.0958805,-12.390926
49.611095,-41.74683,-66.19691
-33.157524,-71.56317,-113.407265
8.364475,66.01792,48.78708
131.6982,148.43011,19.891024
57.27432,-53.792645,-21.95837
-75.309685,-135.99739,95.832405
-99.55686,-73.1244,30.690037
-102.399704,-22.24219,-22.476528
-112.25491,103.2021,-114.27672
-69.53904,110.94395,-63.331924
29.120462,-2.6895232,2.666958
36.244026,-67.95174,12.631272
15.163497,-24.804804,65.08909
15.659616,44.685287,19.220106
-80.217514,32.102493,1.0706211
-70.5786,70.636734,-75.21095
50.91631,61.678837,58.916912
115.50207,-77.99244,32.518955
82.0933,-126.537186,-2.1718106
28.173252,-11.009784,132.16483
100.30838,47.07313,-34.21198
50.91161,-54.79393,-18.974852
34.777187,74.70413,11.101886
123.437325,172.50127,-0.8969071
24.661564,-35.957676,-14.204603
-9.899974,-78.974434,5.535903
17.447035,-40.33337,86.09996
61.309032,-78.99055,20.50473
63.154007,-88.91657,11.717446
-99.573524,-41.24315,-8.33179
-139.60895,1.9518733,23.26859
-64.605804,-39.57667,-50.789024
-82.82088,-24.204945,-5.5654554
-57.390564,43.574417,157.97342
34.953285,-2.4268217,7.325193
36.827152,-19.934174,-111.549194
79.78772,98.63303,-79.462234
134.8444,129.91132,38.912296
49.549057,1.3877434,-6.9508023
-36.185307,-69.058586,17.399872
-17.888733,-28.64227,60.106335
-84.537605,-92.68105,-128.18172
-95.22964,-33.10381,57.762222
125.24977,133.9183,54.46999
130.6022,-2.0376148,-106.92812
-11.760475,-105.85905,57.05738
-109.42566,-29.372215,41.05219
-136.89084,-24.220047,64.87011
-52.851936,-6.219206,-5.1095295
-12.232808,45.023556,-18.917349
71.8817,30.112623,51.60723
7.553673,34.122364,-186.87029
-97.71793,61.827545,-105.709435
-60.221577,97.521454,28.954136
-59.17037,32.790455,13.344341
41.65263,-151.92857,82.34132
107.86257,-66.87262,9.815447
-4.859879,65.63929,-25.618513
-88.805664,45.964993,-12.577688
9.928112,82.672806,3.4884603
88.54729,37.9881,55.643227
-18.126904,-91.09133,110.35743
-24.574326,-73.40963,-42.25009
78.21532,122.61878,-87.079575
73.388245,94.7448,13.042408
-26.22368,-18.910456,-171.02856
-108.89024,70.05453,56.37625
-71.17314,36.04113,109.77241
32.32456,-41.438526,-161.8891
80.45278,-10.192664,126.67756
108.19558,60.402996,74.50939
138.07172,40.864788,-47.311577
-4.6737847,-102.78411,25.2132
-184.83632,-71.23483,-11.7569895
-68.5241,5.8279386,46.89522
103.76832,-76.167465,-92.580734
60.851578,-47.246696,29.534002
-4.0833726,76.98643,53.279953
0.56528604,17.040438,-90.78815
-71.164314,-40.12802,-35.931988
-143.35153,64.924995,19.69506
-68.90918,12.181075,79.86065
17.970839,-31.360249,-173.98518
62.51065,-3.9106522,12.353101
133.77054,-107.48543,102.37515
150.20428,-117.920105,-126.92809
-14.281922,-61.125412,90.34586
-156.82378,89.31714,-19.409426
-124.50208,100.01153,-86.38329
-53.30417,-58.654278,52.206955
69.16079,-86.54999,118.351906
108.72271,-198.60776,-21.289076
-8.717138,-89.1233,-187.91672
-161.87128,213.3503,-80.50246
-188.05202,146.0557,-78.26382
74.26811,-119.84738,-15.708642
239.16415,-119.56434,40.516975
24.130629,55.74959,153.24826
-126.45183,57.411655,-3.926291
-27.294373,58.161873,-192.85254
64.96223,47.58399,103.530716
116.61568,-34.89891,42.757507
84.94892,-20.524698,-41.020565
5.669917,13.000823,69.52468
-1.6548809,20.567554,9.935068
29.28147,-48.702145,18.633863
117.66103,-10.815996,63.680645
111.28196,110.98247,9.847863
-76.55255,-10.853621,-117.59921
-141.51288,21.805109,-51.77537
56.417957,175.57948,-10.42394
168.86241,-2.0880244,-0.19926421
55.89246,-115.70924,70.3876
-51.906166,31.63694,51.729053
-68.27645,29.136963,114.0918
-26.9335,-150.93686,-114.99256
39.171772,-30.482214,-50.625015
44.39904,97.07661,191.35983
-42.772255,-11.851714,-40.981007
-58.870415,-75.70329,-0.6516446
-58.25015,-157.85493,-69.798035
-49.322186,-9.937589,-60.764435
42.669437,120.035286,-7.1680245
62.373573,120.73423,-41.734272
45.679077,126.509705,118.18811
26.351156,-109.998184,-36.005463
-28.000965,-153.30977,-23.075186
-43.03522,86.93027,-22.417612
40.45439,115.74825,0.820854
57.37004,-70.23362,-15.119588
-6.1527176,1.6305155,-6.5693927
-81.93605,-16.113691,105.43368
-209.7665,-213.87718,-194.31174
-134.73787,13.47801,54.721634
47.245213,80.714455,142.33626
112.70806,-48.935917,-142.34521
30.256727,63.67741,-12.493404
-147.00888,140.5054,10.413846
-162.52425,73.3574,-46.969692
-37.79159,-17.310183,-116.4559
88.39523,-26.330273,40.01269
80.15278,-100.58587,100.97568
-2.3470023,-53.627586,-109.70611
-42.312756,98.23483,-80.00325
-99.12896,80.32222,-24.224773
-17.044147,69.683075,-36.83754
88.66051,-45.41935,89.86531
82.04234,-117.05862,88.12852
76.15407,-40.05851,-9.428379
-36.672813,16.878666,-64.08494
-91.41498,171.29546,-21.636297
74.87509,174.24762,46.88532
250.54044,20.182169,-47.618263
189.67676,-98.910034,92.66467
38.510742,-56.521053,100.510376
19.934155,25.022316,-63.03441
-143.83607,-2.3315015,-127.794
-126.90722,104.38499,-47.949406
186.66472,-10.144264,101.954216
205.17467,-192.2527,-104.852646
-0.4061228,-57.11576,54.971752
-187.93791,61.158474,170.11543
-194.75984,41.593742,-135.40913
-85.120125,-23.45285,-25.677284
29.061113,-70.85203,100.86688
32.557537,-113.30334,4.422877
-90.91102,-14.018149,51.57478
-38.035324,87.64829,-28.171871
28.634521,33.112877,-144.83923
79.268524,-47.984512,39.030804
124.7497,9.419636,86.36814
42.79072,134.79927,-21.259623
25.661766,43.36653,-125.68126
33.15854,-36.51777,-122.619835
36.45072,-46.471992,70.11636
51.478848,-148.36275,127.61808
-23.122217,-164.46053,-53.626167
-75.514175,-42.05745,2.009653
-14.686141,26.762358,51.538525
-32.786907,35.61113,-121.31415
-140.51862,52.827686,90.24396
-127.072395,3.649015,88.93316
-81.64559,-73.01623,-53.691254
-61.44612,-33.64077,-25.821787
7.969545,114.51578,-43.46212
22.053896,90.38765,-17.17412
13.021623,-6.026942,-50.990116
34.35473,41.61626,20.22918
18.440899,47.682854,-101.015854
-18.970861,-3.547956,-74.01188
51.542854,80.00452,77.347626
220.10503,60.331944,39.26591
233.69962,-146.24184,107.875984
136.53906,-51.31399,13.595918
-31.47637,120.341576,45.578903
-160.25684,54.696053,95.12145
-82.04667,-37.13038,-57.059723
-39.50973,-38.267414,-11.649899
-28.445372,6.248945,20.090715
-68.5762,23.66004,-103.76936
-100.793976,63.151493,-79.21798
5.796595,41.454304,59.242867
64.322174,-30.236015,44.429596
-7.3318005,-54.8033,24.224413
-52.8542,-18.412535,38.505974
140.9085,-76.78132,-27.944866
134.29855,-135.92334,-66.43719
-25.426752,36.694523,-44.00339
41.052578,126.06955,-24.19509
-50.462673,48.544518,-72.04601
-109.345955,14.365907,33.418896
1.8318383,19.542105,131.41731
46.16162,-7.4514747,-20.810846
-6.2330937,-51.254147,-14.387942
-107.51106,-12.900301,8.11007
-87.63466,97.5241,-9.442785
-97.364845,46.69717,71.15065
-91.52372,-41.82161,24.849342
100.36775,30.516005,-7.1816278
214.80148,-2.478502,-82.40666
52.046265,23.481861,-122.82186
-58.507732,95.94441,90.71318
59.407433,-54.474228,91.24417
14.390834,-79.79818,-117.314926
-36.87091,42.230053,-15.206633
33.71054,-12.485746,84.325775
34.7938,-56.208652,3.1559799
42.48753,-29.121208,-16.574442
-73.89711,-65.08173,-52.304104
-168.10773,-38.421127,-74.75135
-161.27809,-33.324978,-10.358518
-128.60822,41.437504,107.61998
35.043324,66.169586,48.82041
131.4904,-79.41077,-8.199632
90.60432,1.6664277,19.571001
-7.3768773,131.3673,-6.008477
-42.74841,127.73859,19.231945
-79.837036,49.177914,-16.571863
-30.280327,-4.9095187,43.035664
226.13081,4.744002,-33.668293
140.82356,-85.82514,-84.557465
10.70347,-48.23804,33.85103
155.0587,-20.059557,-83.53597
68.69901,-63.440437,-95.29194
-48.820885,101.122894,-47.731503
-67.607544,62.424286,47.906906
-39.135006,-127.21764,83.67508
2.819134,-102.25316,2.2114027
-60.26199,-47.335476,123.29801
-48.098873,-16.363344,87.485085
-69.95133,28.484274,-3.3966148
-81.64906,79.56419,94.64893
10.823888,70.80001,82.13873
75.05166,-51.974346,-4.5640683
-15.185189,-137.8115,-79.00144
-181.60106,32.11012,-84.37868
-47.97266,144.49878,-58.23479
75.30007,-2.3173773,-90.46811
129.0384,18.8915,79.68019
213.27179,70.99322,-5.328991
76.74574,-5.0987024,-118.1902
-35.48057,17.396276,93.78607
-72.67935,66.55096,43.557903
23.460829,-113.96009,26.119223
80.40289,-212.28273,-50.721043
-27.692574,9.060573,153.78793
-65.30414,-6.043118,196.99979
-94.9233,-96.80586,-164.8012
-61.930977,-52.390213,88.01166
-107.55857,-26.648233,-43.82387
-182.61096,74.54517,-193.25777
-63.596497,179.70767,28.081366
84.188255,188.86273,-40.853188
128.86778,-3.743413,-5.4164505
42.136654,-46.536613,16.601734
-11.978373,18.387157,85.448616
32.127304,-66.09143,2.0936482
60.521835,-16.760204,-92.56474
62.6615,5.3439097,-24.53056
71.781166,-4.1647997,-44.907787
4.8112783,-39.281944,42.48125
-156.34395,-87.8081,82.50859
-98.46222,29.453077,169.71886
119.12173,-83.2164,87.327774
147.33952,-111.02668,-89.53065
-6.431386,172.08386,99.960754
-142.45023,188.46967,28.153564
-90.176636,32.67314,-176.19063
-89.12479,-39.947742,-56.432796
-90.209496,-65.31059,83.28965
110.5516,-123.077484,-26.400537
167.94168,6.3369403,-62.987396
104.1754,131.65942,109.23571
72.08862,18.820559,-81.09737
-23.385912,53.7375,-18.22144
-147.87968,45.989468,120.34064
-144.49171,-80.03251,-61.234177
-54.36679,-145.78561,35.368294
-1.4485705,-63.88262,-5.1974845
52.47764,50.067513,3.3294847
17.0611,33.547085,-59.216393
-29.175566,63.376953,-83.56347
-21.957048,61.394344,141.70995
57.61291,39.03758,48.719166
188.19922,-32.36396,26.20812
68.80869,-22.261705,66.200226
-54.686005,43.864403,119.38549
88.96893,-46.189186,-75.00984
93.24335,39.094032,-168.99715
1.2634274,102.80219,159.8553
30.788063,-9.988174,-79.12931
-68.06596,-17.718302,-89.894714
-104.96618,-45.706676,138.74559
3.530229,-75.70869,-72.17443
-23.915775,39.79116,-4.415949
-116.79638,116.921364,139.66272
-133.05061,-25.554497,114.81194
-81.40156,-200.89178,-38.459225
-51.06168,-59.23534,6.9320617
46.32351,167.66017,46.62628
100.055885,61.91606,-83.81947
60.316467,-84.893196,81.946815
64.51604,12.086764,-21.24858
-7.3867903,50.741432,-47.78537
-22.886213,-9.910593,31.681625
88.2309,100.915924,-15.420478
181.33928,43.35618,142.00648
187.79964,-117.97618,-54.445538
-32.947678,-14.145087,-85.21775
-268.59106,42.15189,72.94242
-107.17946,-1.2195201,-83.638374
78.601875,-77.38947,-29.364454
72.737564,-109.65995,212.00621
90.06127,-66.72988,129.2516
-84.9459,-22.016977,-125.40424
-221.44394,98.40241,-43.939102
-142.98956,131.67516,-6.448046
-4.4442115,-14.981006,-52.5785
51.630245,-95.317566,4.3258495
-96.08074,-27.741997,-18.77028
-83.95568,-38.49223,-15.706553
56.53214,10.6061735,-43.777023
34.464756,85.74238,4.270517
25.286465,-29.547813,-24.60223
59.043503,-63.18802,-89.968605
-86.67724,2.7275512,82.46616
-142.3334,48.636765,39.928127
54.730347,-25.789042,-137.08437
73.928764,-117.72961,-96.12605
-53.00157,-37.882526,132.3954
-32.81758,9.827438,110.77295
93.101036,32.945644,-135.43506
11.704088,4.8051295,81.17117
-90.10046,-18.772861,73.16887
-12.190883,11.346598,-10.804428
-59.683594,-43.60381,8.484188
-24.545021,13.904405,-213.98007
5.9447913,-53.711414,57.87607
25.250263,18.784994,-93.01588
50.057434,267.4077,-9.239381
-99.38213,-15.409183,245.89644
35.988926,-59.620995,-207.72021
100.95596,73.78103,193.18813
-63.176422,-85.55831,41.578728
6.235745,11.326555,-224.9332
3.5877159,54.81563,237.16841
-46.741978,31.53151,-3.347105
154.17986,-6.8924055,-0.15366092
209.7121,-115.500824,29.876514
35.44256,68.544495,38.08732
-11.543337,159.85791,67.69459
-49.92013,-5.96794,-167.87943
-36.44589,64.219284,72.25174
39.842068,99.26928,108.29935
39.617508,-107.98733,38.886505
-6.2424536,-49.312756,184.58916
-23.249704,50.595547,-74.35401
37.256916,-76.880035,-61.197342
-12.348229,-57.583675,28.591694
-38.19672,96.03339,-99.47646
-5.549933,32.238197,68.39892
-41.307114,-97.56666,-86.749535
-39.025593,14.250059,23.178947
-2.0045993,25.935495,195.07744
127.827034,-41.727192,-75.43585
113.697464,-1.9795839,66.269165
-99.68941,-14.925136,-1.913144
-89.04301,-11.81333,-92.8039
-76.68105,-71.53441,-25.54632
-192.29666,-51.84901,-97.850006
-134.38734,-29.353992,44.4165
1.6505566,-112.21941,-57.51396
152.19685,63.080536,-117.51343
131.4479,132.41855,102.0683
-60.25897,71.32034,-39.61293
-131.19357,37.831078,-34.46704
-109.04396,-133.26407,79.808105
-21.020184,-98.32074,-116.96851
-1.9169481,23.843966,-84.50269
25.065062,119.02063,-37.121365
59.524754,67.35379,-52.213585
-2.496989,-67.82262,-40.58013
-8.073517,-6.8359103,32.653934
-40.660515,-98.89683,129.84642
94.963036,-127.04103,16.573296
70.031654,-42.220963,25.935226
-143.33885,41.030178,94.92157
28.607615,134.52606,-38.42328
94.19114,18.947802,-93.82883
50.30257,46.414665,77.11235
13.403775,108.126305,34.32571
-16.671125,-12.340954,8.547311
51.26717,-91.363785,24.74289
-27.6843,-22.330812,-64.06238
-48.35746,55.08858,13.91154
-84.04676,-28.190516,-6.785418
-47.43719,-52.419777,53.476475
6.111188,-56.340088,99.75867
71.50734,-33.94054,11.184534
212.4509,54.426487,-94.34491
-15.58245,54.552402,-6.503025
-90.54951,-7.554605,62.126827
-57.602467,-63.82931,-93.56574
-174.41507,51.199436,48.66824
-28.568726,19.355505,-17.747974
62.473423,-111.274826,30.166794
41.12032,46.980972,176.31096
24.698881,44.648434,-74.29307
15.610679,-15.499471,-128.29874
-79.24679,95.49536,-138.8914
-184.9267,80.346504,31.529114
7.7262197,-89.97531,25.31539
166.52567,-194.32745,-48.265263
171.36334,-39.23734,116.20346
84.78792,69.98738,-60.301952
4.2690926,87.33541,-44.236103
-29.224062,67.77591,-41.115833
-164.79944,-76.97165,-51.8939
-104.64756,-136.02663,31.61561
-16.837019,-59.31422,-165.68925
-53.618793,41.69139,-23.141098
66.816536,-21.723345,86.72756
143.20702,-63.72147,-49.924904
-82.94445,103.052704,14.00912
-219.48418,173.48203,-7.41187
-2.1992245,8.919876,-187.68845
113.3031,-32.936623,-5.4107537
118.525406,33.98262,142.89941
95.31054,-101.99613,-139.24173
-6.254662,-39.03597,-60.666714
-66.58729,119.462944,19.715996
-17.48726,53.669437,31.76176
215.5223,43.265224,88.73864
211.6129,2.4220724,28.145084
26.999271,-68.412384,112.92693
62.48228,16.60683,-92.9743
20.194262,34.066513,-6.225176
-116.49899,-30.132963,245.53467
11.037274,30.20018,-34.578007
156.68597,28.507168,-137.46942
22.735678,21.765177,49.739468
-27.106884,15.26261,93.14601
-4.5511866,-127.08622,63.660065
-53.963383,-42.906654,37.585815
-28.872389,58.584415,-75.34604
-51.662556,-99.08077,-29.528158
-26.029667,-35.028347,43.901703
27.674269,71.99317,80.00064
-3.3266418,-89.911125,6.708573
-56.06173,-114.13673,-114.05438
-152.71202,12.451356,29.956047
9.517096,15.046484,-41.73594
165.63339,-87.89831,-118.853676
22.684584,-32.089928,77.83019
-28.485828,52.85458,31.535566
-121.96051,1.6415664,-156.44672
-147.21768,72.19296,8.112287
13.7915945,31.09472,151.68655
130.57512,-97.94897,-24.241667
126.81319,-108.58914,-110.302956
-135.1935,-42.28234,-62.77394
-232.3702,64.826485,86.10779
-22.345383,-52.810665,25.946619
122.49407,-76.5855,-93.355515
80.289825,106.65513,3.511191
-90.046455,101.07352,-87.05882
-122.702446,113.54021,-70.40701
-12.04894,181.60204,93.18368
107.24508,28.114225,-18.211634
127.88105,-78.268105,-19.34579
-13.245609,42.11427,141.55751
-109.654,-6.968699,27.60201
14.934402,-94.38354,-85.01109
173.56963,49.17053,46.877266
60.359146,61.3798,120.15736
-98.36122,-28.305855,-44.538578
-92.953804,-17.972754,-69.19673
-61.3515,35.243008,47.525097
60.294746,34.71035,-38.147926
193.8001,68.53848,-67.28941
199.39413,217.35927,-23.469887
-6.346346,61.81704,72.81767
-133.593,-132.57538,128.21198
51.02092,-103.256645,32.717655
24.890497,-154.53362,37.508816
-63.25057,-136.2786,-28.817638
-30.17064,-40.48513,-160.58632
-56.532795,62.919838,-32.60039
-5.779883,23.465658,10.644291
28.44348,-41.582134,-82.197266
-18.34919,35.448654,111.240036
-119.873604,50.407135,135.14896
16.781433,-8.415418,-54.572098
57.04161,-17.315563,-110.910225
-117.301346,146.0964,-33.353962
46.37124,95.73933,-55.284733
124.70147,-45.386177,-172.31558
37.588013,-11.699907,133.16574
45.50638,-100.313,78.288704
97.43679,-49.847687,-178.51517
27.610378,74.452545,64.566216
-58.21877,24.1876,38.18785
57.985313,-49.62533,-80.93522
16.342836,-32.90537,4.2953844
-83.6469,39.04932,39.46125
-155.29434,-3.6825469,-31.977001
-115.82539,-13.379221,-31.331518
25.161165,75.28185,-44.4191
-63.354156,7.287783,-90.71834
-6.0193377,-116.74578,-21.177805
48.701534,-56.019356,-30.529276
-99.220024,64.44454,101.81
-1.1826109,-68.714745,45.685352
162.63904,-180.78246,-86.16169
158.6044,68.88164,93.50899
114.78438,126.813225,-21.564207
32.85798,75.79075,-90.45543
-97.650635,88.230484,49.073784
-73.94819,-100.27743,-42.167316
48.137566,-118.45903,-151.53236
36.462547,-4.5430994,41.251305
84.96618,36.417538,224.01558
124.489914,-25.42674,-10.642565
15.238196,35.130547,-69.72159
-83.89051,195.29164,29.53246
-186.88281,22.048676,14.552153
-67.44405,-121.31486,112.16388
180.10074,-17.783869,-40.13163
66.489265,28.30927,-84.6245
-126.68843,-12.509076,74.08182
-70.17335,77.18014,18.095549
-16.799967,110.197914,74.20271
15.514585,-52.921,-32.38434
63.80504,-74.34304,-137.93481
-11.231551,69.98986,51.3004
-55.41682,139.76021,-38.09084
59.495033,-47.44949,-46.586
169.5707,-111.17207,151.98637
118.89001,35.61478,98.661766
5.7213635,-44.16994,-38.206123
-17.361435,-33.863533,-7.4031487
-3.301912,62.54593,163.62599
-40.342415,-94.31874,49.227608
-65.35753,-126.585884,-108.15721
-84.0894,15.933626,-65.22094
-164.79143,19.95581,-22.348717
-28.849165,-15.992305,37.355724
181.3454,21.917381,-24.04588
52.534008,12.35586,66.82132
-86.24856,-22.43525,-31.16546
-85.77348,9.284333,-139.14154
-86.584984,33.865875,8.778412
-68.6381,15.467911,-107.27823
-80.53214,-45.81266,42.4863
-45.175312,-15.720532,54.542294
-17.761183,34.045105,-96.21492
16.403772,-3.193027,-23.568035
46.249184,4.818478,27.144304
-56.97328,4.1876545,100.63473
-87.38422,45.788734,-118.84642
-87.62832,79.130936,-66.83227
-25.914568,110.56558,121.67836
122.01482,16.20603,62.379974
233.34308,-155.81294,-11.297982
252.91191,66.35391,-120.36522
-24.728878,215.24437,-26.570349
-137.71504,96.529594,-108.70991
-30.036644,33.218075,-53.640892
-13.88661,-45.812805,148.05653
79.40341,-73.1162,44.830544
114.09305,-94.1904,118.92217
87.3083,-66.88435,49.050404
-41.491417,-23.21243,-56.814682
-180.62186,-40.88012,27.280283
-209.72888,2.1673043,-65.43663
-177.69951,-2.091409,-16.67305
-6.692891,-62.04204,-58.54971
55.724304,-63.602715,-75.521545
18.244917,21.058208,46.61348
-64.42506,76.72485,-111.43043
-136.09996,83.190926,-29.56451
18.210217,142.74925,7.579301
160.1977,-2.225079,-72.06538
219.1706,-177.65955,14.102799
197.92761,-90.630035,-56.608463
29.444717,-21.423822,42.709435
-47.02069,-55.513355,18.150513
-19.052229,-86.01423,-128.4068
68.20517,-20.72846,11.139117
142.29048,-5.1483355,20.46332
-28.394707,-55.107475,-26.710169
-215.11845,-25.826044,49.699245
-198.82387,25.147774,-26.64982
-72.61701,15.11009,-15.11348
74.726326,-35.53535,99.164566
92.299866,44.797577,40.97155
1.4745002,22.543772,40.441757
-91.53191,-35.546623,-48.080925
-143.6035,50.69476,45.407223
-2.8838587,14.26683,51.670532
191.96918,-26.101204,-136.12239
111.07802,36.52314,113.55364
46.497097,126.85289,43.93626
155.67116,59.447067,-30.39163
107.0158,-28.372606,33.81087
-23.439434,43.23578,60.539448
8.271704,6.036908,164.1799
139.9806,-13.368029,-131.76569
129.62743,28.173864,-6.042471
-11.248643,-55.59212,171.31094
-136.64928,-135.72276,45.87764
-127.541954,-90.340355,75.04289
-36.494175,-6.2380686,-12.827566
-60.74779,-8.433283,-51.330196
5.719654,42.57543,-2.7400134
68.80536,133.97467,61.447586
-102.354935,54.47178,-50.29572
-170.7004,-2.9766362,-49.974438
-114.07437,8.941967,6.8090096
-69.14817,-26.142076,-33.27316
35.066917,-53.508923,-1.8696111
91.69404,-47.346027,-138.52327
62.324886,28.005608,-46.93586
-8.604416,3.3714767,-39.837086
-73.33478,18.349167,-74.540306
-66.82783,67.49261,229.07141
82.69956,-114.67203,106.778885
162.98602,-130.03639,-135.26096
-59.084366,69.0385,-61.705685
-161.81612,142.80453,-4.090693
-40.04122,69.03096,-66.49971
53.292747,9.786313,-67.62892
18.655691,-34.024277,72.70023
-70.80116,-166.13863,25.753147
-50.430058,-136.65869,-65.46627
-137.19794,58.925957,-32.097336
-119.97692,155.12746,-18.134092
140.30933,100.61779,-35.96624
171.1628,-40.827366,1.1880224
-58.402374,-95.42496,57.52381
-158.04211,-19.014212,-43.291904
-95.87151,27.150803,39.052563
-71.9129,25.864279,118.13906
45.22991,11.509325,-56.94998
78.774315,-30.533422,-84.27818
-38.843395,-27.066673,28.675709
8.053184,19.32785,108.67124
89.20668,3.4498534,-54.708923
78.98412,-4.9935355,-44.52952
91.44248,71.35191,145.16841
147.70374,39.838184,-61.53199
128.62778,28.01303,-91.26973
20.832195,133.78683,67.85065
-44.372402,44.717308,16.771566
16.41276,-79.11303,50.12773
90.030464,-41.069763,99.69302
-21.57072,-61.931103,55.72501
-157.6282,-107.06575,-56.0334
-164.85449,-7.0444713,-77.84648
-165.96947,94.124214,-42.472996
-93.09065,-4.175034,-60.07362
71.41256,-138.52823,73.27768
112.3159,-40.17094,126.48641
20.006014,40.41383,42.34588
15.166486,8.958737,-22.58688
109.51099,75.03881,-3.641108
147.57945,62.108177,12.884308
119.11169,-48.038074,-91.253815
23.36746,-83.63554,-12.599004
0.775478,4.117294,75.40264
104.95557,-17.010876,14.510792
149.43674,-132.57393,-93.99901
105.53433,7.168475,20.876608
10.849469,50.139202,144.43666
-137.05167,-65.19801,-162.04391
-244.52806,27.66725,2.1936932
-136.7199,3.4930384,148.66403
-21.869791,-142.31477,-18.10328
-20.558035,-112.96681,175.86693
-60.26663,-9.252808,-41.307632
-206.29825,135.09828,-155.61703
-193.89058,171.6511,-77.40105
-45.020374,46.727406,-14.271693
130.45865,-33.47962,124.55421
246.30026,-27.15084,-121.750854
64.851295,13.051912,59.965603
-85.59377,85.994095,108.629524
-33.866375,26.26835,-114.46946
85.88986,-75.66563,37.001427
196.75975,49.740868,72.85543
107.112015,43.757694,49.60089
-63.989586,-1.916624,-13.346024
-99.60224,21.113914,43.020878
3.5271127,-26.943743,58.71601
114.40591,20.73945,87.76351
61.865154,31.831041,29.868727
24.640572,106.71834,-33.607853
43.970932,59.723747,108.29433
-21.431784,9.562382,-88.24327
-73.973434,58.93296,78.89915
-110.049126,-148.00945,75.74005
-96.945145,-121.82869,-248.16592
-79.71863,113.16174,65.524574
-27.294008,101.5029,26.912483
43.904163,-58.639526,-101.02063
-40.518986,-96.72623,127.34152
-60.3099,-62.091927,51.748848
0.23757419,-47.80565,-111.2623
-41.358135,75.8994,-87.11285
-74.190056,141.93184,48.07216
17.342775,39.566505,74.741615
121.65623,-68.665924,-33.661163
-17.64165,4.350398,-1.9396952
-183.67734,1.353731,61.011505
-3.6597848,-70.1146,-82.513115
109.634346,18.351091,-101.26682
29.586731,5.936667,-10.199774
86.80935,-84.0263,-100.118614
-33.946564,-123.32525,-41.373726
-149.63977,-30.054594,138.74298
64.46843,37.77457,88.574684
111.64886,-8.714191,-78.231766
-12.203591,50.797665,-50.55724
-63.04333,1.6271466,12.57554
-166.19,-76.3434,-91.34918
-217.72722,6.107709,45.535065
-61.780827,25.475468,87.00618
102.31165,30.718813,-92.6785
39.486343,31.331108,-17.999323
-13.322543,23.937483,42.83628
59.921986,11.050218,8.659278
33.789215,-12.994888,-131.06476
-61.142666,58.798714,15.68223
-67.05371,4.577399,186.45619
151.14806,-58.87386,-56.49384
204.36852,-37.355137,0.50517035
3.083663,23.562159,57.41495
11.112323,128.5464,-36.458775
80.96609,53.75911,-25.530928
98.75049,101.12231,44.809242
97.09467,87.31187,112.73817
73.13077,-160.75201,22.225006
3.26951,-132.68492,3.3987548
29.199457,55.440742,-12.1098995
132.6875,59.998466,-29.193268
32.41551,-55.640392,94.16143
-53.588318,-92.3863,112.74776
-160.86671,-140.30229,-42.755135
-177.61946,-73.96127,-35.139637
-22.583218,72.16036,27.224413
-22.08891,-4.9072757,-6.1494107
1.8038774,0.3140791,-51.01355
63.68608,25.282978,-19.20971
-63.872566,-51.69176,87.50404
-129.66974,30.809868,4.1460624
113.19363,100.11799,-84.78425
182.90459,127.54807,-119.28518
23.977055,46.15828,19.635635
40.26645,-107.78266,33.016228
21.885817,-37.269035,-62.18958
-39.685993,-9.507435,75.97034
10.501724,-87.27773,20.16934
65.31974,-67.12707,38.709133
99.501755,-27.607748,7.59762
70.61066,-53.2533,-77.38383
-97.27606,36.32311,-62.72405
-192.86462,185.16586,66.68871
-74.15228,61.442535,159.024
51.880684,-132.20941,-10.4286175
64.95985,-107.698166,149.61208
22.859728,100.199265,19.289885
-37.748055,152.12286,-173.66428
-137.7091,121.771416,-5.097941
-172.89447,100.21232,-90.76044
-71.7537,-95.59181,-43.354023
-16.13085,-128.73885,-4.508546
-77.617004,-57.01733,48.18643
2.4982457,8.997187,180.63422
175.78609,8.903877,50.305923
171.56483,-26.215076,-73.73172
22.155212,100.76164,-3.2654471
-123.23542,85.93575,31.136086
-88.57416,16.65665,-20.339022
16.066599,-17.761742,36.01328
84.59585,-98.62533,42.288986
65.84187,-84.4572,3.4616492
-63.005283,68.46603,-34.100178
-116.40116,138.95291,-64.20149
-97.15797,-46.588726,-40.340363
-15.282476,-80.95059,-30.417965
-18.557938,-10.51036,60.17989
5.507365,-49.118813,-55.59938
75.15879,-35.506042,-141.40335
-87.62782,-43.41754,127.62238
-68.61954,31.704002,43.868446
60.878166,54.648174,-124.76059
5.6720095,-71.47416,64.32534
-1.9687746,-39.074394,108.8644
60.452824,22.66326,15.010773
116.466774,41.2001,-87.81441
-6.2128615,64.05724,-97.60549
-59.175587,36.1629,-63.956264
50.012547,27.666763,-61.782223
30.484087,1.0520234,17.372334
76.48227,-38.820812,30.598673
161.07103,-38.401314,45.88897
55.526493,1.5416232,-3.7187223
-135.36844,-22.84903,-7.7848983
-114.989006,-116.11361,-25.142654
-108.859055,-63.95988,-107.02257
-234.95227,84.977974,47.607975
-43.653774,74.63568,-59.257736
204.24684,-40.23488,-169.20674
174.85468,-80.9357,52.905544
-52.59678,-46.188396,86.54662
-161.67587,67.49785,-78.15885
-93.55299,114.435295,-113.62374
-29.000916,56.954983,89.41338
163.44287,-15.628192,46.14351
209.14067,-76.90804,-43.730167
103.38586,-3.2654145,37.108418
25.574604,50.104954,-14.769721
27.065794,31.150028,-13.006812
127.88647,73.25746,24.950119
105.82839,42.715435,127.35926
113.20081,-46.676437,84.23346
56.1607,-56.551243,9.426219
-11.609584,26.356764,66.707634
113.31527,30.399307,-93.92875
71.97208,-67.73163,-22.686571
-79.81234,30.953703,143.89355
-83.708916,55.448837,-43.127026
-61.18991,-84.8211,-144.88976
-132.4566,-75.4821,68.23027
-123.55302,-60.001907,143.5575
-0.7868788,-65.489,19.838524
-1.1551138,-80.58013,66.7622
-75.05247,55.842762,-1.5831589
-66.17684,40.512188,-54.90181
64.78213,-151.44395,-39.932114
82.19644,-8.476912,-51.53706
-104.85875,19.514612,27.89516
-51.39203,16.913002,-95.714806
113.11417,94.09607,-129.3714
90.9284,32.568188,33.250076
110.52525,-24.003529,114.15164
95.91829,-78.64908,39.782543
-38.683113,11.10827,-13.451223
-111.31609,-5.3391285,-25.315737
-50.97954,-129.46143,-112.35896
1.235596,-30.373352,35.159863
-15.365033,17.230608,88.307205
-19.993383,-43.810726,-13.1622715
-99.56339,77.80787,70.49137
-184.1501,115.944824,79.22833
-82.016884,-24.963129,-74.4355
5.0634522,25.709864,-178.58234
-74.39465,163.8843,-4.7316
-62.956387,138.7536,18.345304
47.150322,37.18056,-109.26559
109.11573,17.423466,87.26055
8.595295,-67.98053,130.08885
-101.9088,-49.44264,18.938246
69.47715,134.59273,-102.62848
139.78595,73.82563,-68.01134
37.83978,-55.588047,114.89644
54.86991,-40.485554,4.6033306
55.30244,30.34399,25.373299
-42.262817,39.719547,-57.789673
-11.095964,0.5408149,-63.021072
169.55994,31.35255,80.46069
177.32812,44.94409,10.701003
58.72745,0.92169476,-64.75405
-162.78223,2.7664652,-199.39352
-317.96683,15.41676,159.22728
-140.02533,-106.55853,103.695816
39.976566,-196.50298,-38.703896
75.53667,-106.34544,204.81818
-18.313269,-31.184467,-89.36327
-138.694,28.53163,-144.64058
-146.33505,144.09348,-162.47282
-157.19246,99.58258,83.49158
41.194572,-66.19845,65.462776
262.96045,-82.58565,-207.66605
34.650944,-10.550867,96.31451
-127.99461,66.08963,-31.570807
67.63492,128.07242,-40.478172
188.72519,16.221811,3.7244787
71.31415,-134.54233,-61.37692
-76.827705,-164.54305,-26.766537
-58.215637,-88.82327,-40.600784
-16.376604,49.10195,96.55518
30.644577,-42.062546,8.574953
72.940094,-78.33005,60.190475
-23.70781,98.196465,25.35881
-82.08422,34.680347,-132.84666
-38.160385,-44.617092,-58.174244
-12.6945,72.05175,71.96885
-32.629135,41.84012,141.73595
-46.622917,-101.76818,-139.5242
13.432114,38.86679,-130.14378
30.501528,104.96067,104.03158
56.541588,-59.007492,-29.525045
179.59589,-35.27472,-52.090458
162.59836,8.477816,149.00569
13.49039,10.452242,146.13322
-23.488993,11.342283,7.932673
76.28731,30.846779,79.66558
-16.49039,55.919487,-2.2719555
-119.03335,25.87707,-60.86923
-64.38716,-19.7117,63.74879
-98.73821,-26.44088,-69.04712
69.574036,25.80194,-79.35622
130.1889,-12.608969,45.47616
5.959179,90.03843,82.74246
-5.735349,80.211296,-42.697395
-80.00721,-187.1645,-65.64173
-72.71704,-93.16177,98.761116
-40.973297,62.17192,79.24528
89.43335,-3.735285,28.580599
135.83194,-4.8101907,-142.8912
-64.920494,39.789463,20.651524
-128.49747,-5.468516,84.83683
-75.32513,-9.20134,-148.62761
-53.8663,72.098076,142.34914
-35.218735,-42.592068,105.15802
109.351105,-110.90104,-50.771835
78.36729,27.172623,55.03267
-137.52739,59.80249,-9.170811
-95.1342,38.575287,-116.22915
13.1974325,57.532444,-81.78292
70.92007,50.256203,30.484705
120.21016,-31.22025,-70.95579
101.95714,-89.27925,63.845646
11.59915,-32.18907,79.25444
-124.17936,16.591738,-137.14714
-117.99218,-18.23823,-78.787224
-78.53712,3.8630238,-57.0735
-84.2097,101.26461,29.63208
-64.48405,-31.11076,6.3592434
-119.19577,-149.71623,-66.46009
-163.60745,-29.747244,-34.693333
-145.47163,12.392226,-85.528076
-2.2225065,25.363667,-39.698055
103.497284,88.26455,33.279884
88.975914,148.34178,125.76722
147.5342,22.676323,-37.65162
138.07785,-39.169785,-158.67197
113.89916,123.49312,14.445782
78.511086,-8.657845,-56.18786
79.80227,-78.113106,41.547092
118.17724,51.358837,48.26217
49.822327,-45.808464,-53.799496
57.099834,-84.78218,145.50754
36.340515,10.154478,110.65941
-11.036615,10.891813,24.004126
-63.60087,-57.289608,1.2629623
-141.32451,-16.543974,5.122176
-191.04964,102.36275,34.18764
-144.0928,64.95047,56.218445
145.50986,-71.80577,13.681634
140.17444,-92.811485,34.29226
-83.723,2.354396,101.48799
-15.529596,25.810514,-213.49892
40.221153,22.01528,-195.65031
23.787138,74.94453,85.72511
16.173466,-14.567916,60.648304
73.42227,-48.0896,7.9177074
63.415573,-27.585892,30.634192
-97.21687,-165.54617,58.163445
-2.2163544,-137.75179,-5.569716
123.72978,-26.635635,-45.20972
-7.7535486,-2.9864445,-88.96148
-100.486015,19.878162,5.1884556
-72.99686,71.33818,20.249289
-61.442024,45.642914,34.39921
-50.512333,-133.78174,75.33398
38.422935,-121.71007,-111.14978
125.631775,84.08144,25.930725
170.861,162.16068,-12.807131
70.60404,35.677464,-140.02193
-124.468605,-63.19642,118.60556
-190.76947,-46.454323,30.38116
-120.8023,-51.968506,-141.50087
-56.371696,-49.425335,-7.034949
-31.12367,-18.990112,80.3321
79.33302,15.536007,26.231777
29.059408,-76.15661,-57.49141
-168.1517,-7.7565575,1.2024529
-205.79224,131.9903,57.858852
-70.66939,3.2433455,-128.22252
170.8273,84.63506,-44.18734
249.44681,105.979965,130.29654
185.35544,-59.568096,15.410849
133.21037,4.8250146,84.26458
25.494066,41.16072,10.724539
-6.3402963,23.987728,-69.156235
94.421425,-52.825024,51.057297
97.018074,-86.25323,-17.823294
46.03342,54.485134,-69.69681
-2.8632462,45.520935,-84.81779
-104.4254,-25.985662,121.46321
-127.48816,87.29626,169.28357
-115.513794,34.948387,38.749817
-3.7716198,-180.5436,84.744865
19.904604,2.5548935,-101.88437
-122.40583,131.91362,-42.088448
-109.68097,24.898808,-116.39686
-100.18241,50.501892,-114.7822
-46.40268,-119.55606,223.13254
101.2335,-174.77127,-101.50866
138.76572,41.268883,-67.22056
91.98243,155.83372,82.67433
22.85263,76.10673,-119.68064
59.86314,10.709686,-75.60466
29.03186,106.88891,-98.14035
-90.36203,26.592478,58.41676
-73.117805,-72.74893,75.10852
-79.902756,-137.0678,136.10767
-39.588722,-162.96869,42.29194
31.727074,-31.9038,-195.58209
-17.259045,44.12325,69.241745
-150.20552,105.61489,-32.27703
-211.87361,20.346077,-11.31907
-17.105932,-61.52493,-30.786541
68.88933,57.49549,-91.52134
11.387535,160.30122,173.20679
56.798256,97.474754,-96.67751
191.59647,-29.62985,7.425357
164.67828,-4.0281277,77.81411
-76.05679,-50.73222,-29.3641
-19.846384,-109.005394,-5.0818424
30.590483,-20.2812,-88.794876
-79.77058,-28.989761,194.64043
34.057247,-18.526836,-61.22584
165.85675,60.04633,5.330612
90.76744,55.979797,190.35403
-80.490486,53.05194,-124.63926
-73.85228,80.98395,133.26157
13.201729,61.25949,101.375015
-11.326127,-96.99412,-38.569664
-94.929344,-148.8561,-39.6173
-104.5715,13.906152,-45.824223
-65.74795,-24.679293,-113.45496
11.313906,-101.424706,-136.75299
171.0819,11.783366,116.67697
142.81769,62.460236,-5.7473593
55.234135,-7.863778,-3.383568
67.88821,-60.577,8.021761
-0.24089092,11.862578,61.474075
-38.907433,40.532337,124.8966
16.752945,-55.614758,-135.0199
35.277233,-34.31339,-1.3359672
-55.133797,7.9308534,91.00965
-104.094345,-118.07767,-12.339813
-65.21392,-38.320213,-71.04305
-121.13784,73.08536,-52.711334
-35.800144,-33.01439,-39.65883
159.81262,82.32968,1.5067153
110.15684,147.7238,182.56493
65.72469,-47.601803,42.545406
48.40306,-119.882835,-48.16825
-39.390312,18.478703,59.424995
-88.33626,102.417305,-9.404322
-55.43268,-16.639563,-139.0415
46.256687,-57.590416,-83.44084
-46.26147,-11.189215,48.31168
-145.16899,-11.72986,-19.036932
-33.862335,21.802137,21.400726
29.99756,37.768154,142.04889
6.2142043,19.465603,63.32126
11.119018,-31.24845,-88.68138
-38.962376,-20.12858,-86.75789
-99.631966,50.8039,48.329235
-1.8726223,-46.46294,-75.855606
99.09802,-51.747074,-26.865036
120.96416,51.873627,137.22972
84.70696,-25.124004,-15.2685795
67.06927,-0.2178896,45.913498
112.24742,155.02162,-18.529594
117.21904,93.317856,-47.67259
15.467753,-55.20077,33.120377
-72.142654,26.60472,0.64022076
-5.4330144,20.09928,50.863598
-30.143095,-108.701385,-125.85778
-29.100998,-33.282246,40.585453
-1.4459316,59.467197,141.43053
-65.86625,41.47645,-42.266056
-24.338942,-18.833012,-79.18704
-130.83624,-27.975166,-12.323009
-169.8198,-51.161354,99.30154
41.35802,-46.846462,-159.88156
86.50115,43.259277,-18.577017
-4.563987,135.38782,55.568974
44.584473,138.7968,-95.63782
138.3009,9.51488,76.71168
35.143963,3.042154,32.567383
4.877074,-11.324866,75.06171
55.16609,-84.789406,-87.19569
-14.303848,33.510563,-89.17094
-3.8697894,68.761185,37.57514
3.9908295,-49.35108,-62.015133
-0.60961765,-28.517574,121.79934
1.1267706,-31.83893,15.448325
-40.10142,-80.56069,-46.948
-23.484339,31.480534,27.194372
-28.568056,71.78779,54.074234
12.141194,28.09585,104.77138
55.122284,9.976604,-109.85676
17.760511,4.043207,63.552105
-41.16048,-3.1460009,67.975426
-26.904211,-27.634186,-119.50308
87.72809,-8.052108,61.4584
14.150918,6.134825,-42.061657
-43.61156,10.7801485,-88.676704
10.062643,4.5115104,-60.166187
-28.190687,34.177414,50.62173
-25.574545,1.3143911,143.39307
-7.7754917,-97.002075,19.082499
40.041058,-24.321558,54.379528
44.081642,57.455578,10.809219
-16.473398,-0.15969637,33.068886
-19.662148,-14.897409,6.9575963
2.1293466,33.689407,-20.739698
27.053738,-29.96118,-10.920892
22.857502,-40.842934,-6.839895
41.416546,66.38215,155.77673
140.79951,40.568104,-23.356216
173.00592,-19.110743,-97.238754
-25.256691,22.750616,30.752535
-142.6396,65.27155,3.6078734
-26.97392,-1.5988873,-20.723183
-0.96757036,-92.36999,32.861214
-34.174595,-58.40112,106.079926
-43.879513,4.427827,-34.853737
-73.926956,-18.96063,-28.723099
-98.90734,-13.013352,43.510406
-102.53292,62.687508,17.050535
-46.494343,3.7084105,-8.536176
-6.226191,-62.219055,-98.34227
0.8709649,17.302748,-57.1003
33.62512,1.822475,-47.13298
74.8186,-6.1358356,-24.894455
54.320995,49.161667,-1.1734784
15.66231,-4.0443554,-70.03618
53.82299,-28.121466,-44.369446
-0.43718395,0.15386462,-27.668243
-55.43024,-7.0666337,-3.424444
-11.143171,-33.013515,-14.646254
-41.83143,-7.526994,9.987863
-24.26454,17.046455,113.20148
-3.402325,-26.251673,-17.275854
-23.19588,3.2875304,-46.843136
-18.679148,59.93724,89.3239
-37.98736,37.829426,-33.316154
-18.822268,20.444384,-68.372894
7.775508,69.10409,-1.8022656
44.68104,74.704865,-89.36643
70.78716,-5.4918623,-28.91058
94.48306,-2.5627954,70.913155
88.36905,51.875473,22.213732
23.812847,24.692938,63.798862
46.289173,-23.675476,51.63552
45.922295,-26.839556,-28.04866
-11.905359,-10.857999,33.36722
-52.59815,-5.1787767,-2.310236
-85.926765,-8.425776,12.622275
-66.57482,-24.504732,52.991253
-40.406387,-30.572924,-11.940107
-13.778418,-1.1718059,25.970907
-11.148792,33.004044,-13.792048
-26.209019,44.122463,-44.15093
-11.836288,14.969285,-48.62936
-21.15627,-8.165805,-12.011976
-1.5197663,-2.5309196,32.728397
72.88105,-23.655046,-27.666233
83.722725,-24.406378,28.190746
40.502808,-2.6449668,22.345829
36.33266,-13.789937,-29.45969
12.780252,-23.867569,-36.346493
-43.151093,0.5595896,8.239722
-32.536575,12.446721,45.665405
17.119322,-7.4857616,-18.640163
20.187712,5.0298133,11.813048
-30.073486,20.43846,2.4206605
-44.294155,0.16432406,-15.41293
-20.945082,-12.536834,2.581498
-25.257566,25.284754,-4.9655695
-12.027002,34.370586,9.972164
18.32744,-16.47555,-2.1827314
25.807976,-13.56823,15.533373
2.181849,-10.835023,-20.233286
-25.506979,-12.106381,-31.061745
-19.934797,34.730984,3.6840022
17.480057,31.173422,-11.738255
36.988644,-14.33104,-8.289329
-0.4007914,-16.869791,6.277033
-30.482853,-1.3500245,23.973413
-20.461746,-6.9158945,-24.591238
6.299155,-2.4423463,-44.86953
3.519744,12.574679,7.868116
-5.6046953,13.609885,34.856407
21.713982,-3.1133645,27.658325
23.550243,-13.422219,8.649107
9.750269,3.7222154,11.057933
0.6483858,3.3345187,-3.7322948
0.95788616,-11.71911,4.3289986
1.278701,8.636115,-11.364684
-7.52566,11.72806,-24.241537
1.2256021,-10.459332,6.58362
-1.5572882,4.2387614,2.839052
-0.37181792,4.488296,21.370657
-1.1576444,-15.982386,0.81667346
-17.040577,1.0246723,-18.669207
-14.209076,15.86706,-1.0021888
-12.985192,-4.4186172,-16.726007
-13.038273,-9.566427,2.7273517
-7.8397985,0.71896553,28.169842
2.3399749,-7.03722,3.2306068
13.361798,-6.29575,-19.146723
0.8596441,2.8974342,3.2339368
-12.580915,8.971596,7.6075444
-1.6889806,4.233113,-9.092475
15.901559,-6.3112016,-12.279976
5.11656,-2.4355268,-9.165321
-12.082288,-0.6005473,5.194396
1.3162394,-2.2703319,-2.4558058
6.3361106,3.4084675,-7.905522
1.8647857,7.0903115,-1.8800793
6.2190313,-2.3999963,-1.151754
7.2054133,-4.5538797,5.0225534
-2.5324533,-0.5731785,2.5943968
-14.399308,-7.6559196,-1.6524087
-6.559385,-4.1806474,-3.2921958
-6.7612143,2.2214355,0.8886445
-6.197731,0.77120566,1.079357
6.932377,-1.0878026,-5.523328
1.1892637,0.12178972,2.6496398
-3.5443406,2.86242,0.9296018
-1.8215644,-1.8892722,-8.61985
0.05574226,-1.2003201,-1.3251752
1.6375908,1.467348,1.3827515
2.7443056,-0.31674612,-1.4196631
6.9740434,3.8015013,-0.8182953
2.7923222,5.1002593,1.4868684
-0.7645637,0.4673407,1.6802764
-0.47386602,-4.9090085,0.39993688
-0.5665852,-2.8625507,1.7596604
-1.2431064,1.2863815,0.29560184
-2.2436805,-1.5919328,0.7670182
0.9117298,-0.887065,-1.5250546
-0.43341777,2.1023805,-1.3891733
-1.3034068,1.883184,1.3655604
2.2795913,-0.82710457,-0.7056177
1.926024,-0.6399971,2.3943477
1.2501932,1.5526873,0.61287403
1.6447687,-0.8004757,-2.1886325
0.009607678,-1.4395232,0.728676
-2.0349007,-0.97363967,1.3328687
-0.5607444,-1.4310317,-0.19078277
1.0597583,-0.31411713,-0.82917863
-0.068931416,0.34277606,1.3464303
-0.20621988,-0.23546857,-0.2029039
0.06530225,-0.64913845,-0.7592743
-0.54748,-0.03795923,0.8405638
-1.1987247,-0.24218696,-0.19672005
-0.68989444,-0.44814846,0.032897297
0.24942562,-0.07639451,-0.07976539
0.11624437,-0.34042242,0.04774404
-0.048594944,-0.42840293,0.19246607
-0.11334548,-0.11877459,-0.12262366
-0.35870937,-0.01029576,0.0107545685
-0.3922081,-0.25864598,-0.34196863
-0.03196538,-0.33008936,-0.0832568
0.0893696,-0.21867712,0.18340297
-0.116548456,-0.13515553,0.26910275
0.010301162,-0.1352441,0.06978807
-0.037825156,-0.10519062,-0.048949126
-0.15755557,0.04618414,0.1584503
-0.08294194,-0.008247895,-0.113015495
-0.12658603,-0.07561128,-0.051566176
-0.14804056,-0.075864226,0.09192438
-0.06566792,-0.10949863,-0.04034187
0.0014600776,-0.07904728,-0.045541167
-0.03557061,-0.04048082,0.03401546
-0.05519577,-0.028799692,0.03946853
-0.019607922,-0.037633657,-0.021799171
-0.015614687,-0.027597485,-0.005534615
-0.02172321,-0.012411739,-0.0014475873
-0.019816635,-0.018679114,-0.0023993326
-0.007826256,-0.012662871,0.0041818083
-0.0038245055,-0.007123161,0.0011918499
-0.0050198114,-0.007398453,0.0011567702
-0.002152869,-0.004428881,-0.0010220981
-0.0017865045,-0.002165836,0.00084609294
-0.0010838204,-0.00083620765,0.00027323907
-0.00019867862,-0.00023707683,-7.449077e-05
-0.0,-0.0,0.0
