ax,ay,az
-1.2737552,3.0630734,-0.76855844
-1.3442383,4.2986517,0.85273784
-0.34145704,3.0596783,3.1457725
-2.2499208,0.36344504,2.7613978
-4.391585,-1.8970345,1.0509994
-3.1827636,-1.5761783,0.6682514
2.590741,3.206109,0.93344957
6.850225,6.471871,0.58611494
4.6051326,5.361073,-2.2123146
-0.1473762,1.5266978,-3.4872186
-2.3471699,-1.4605967,-1.3719084
-5.1789765,-0.3875415,1.426027
-7.2730756,1.7185749,4.4765425
-5.2200336,1.7396057,4.316114
-0.2044525,-0.11002006,0.32956877
4.7584453,-1.0905708,-3.8045158
5.8380046,0.047662187,-4.8252807
4.770557,2.1211457,-1.9259716
2.8506868,3.1876898,0.008586438
-0.18717277,4.3703046,-0.053068295
-3.1599202,4.314413,-0.15281957
-2.120465,0.6387272,-1.203437
2.8153872,-5.557829,-1.2980546
4.9587994,-8.095436,0.6244449
1.784134,-4.410268,3.5655007
1.0452058,0.1388633,3.4439123
4.7586546,2.774503,-0.5782708
6.112464,2.32942,-2.72534
2.7635713,0.9913422,-1.7409706
-2.8560662,-1.5157952,0.118764624
-4.198907,-5.780199,1.0836214
-2.8546019,-6.381802,0.9716056
-3.1502552,-1.5509131,-0.09917762
-1.8611503,2.7293885,-1.1721545
0.8949994,3.6734157,-0.28163248
1.1212312,2.8287513,1.683692
-2.0584908,0.8739988,0.53992575
-5.91035,-2.0722568,-2.4671597
-9.010506,-3.962338,-2.619198
-11.95871,0.033755146,0.35935277
-9.96192,6.160513,5.2518063
-2.0098512,5.1369495,6.165684
4.067701,-2.7516189,2.1387482
3.9542203,-9.763211,-1.0250347
2.071993,-9.708819,-1.9779274
4.9414363,-2.660982,-0.20536503
8.050861,2.286449,3.9053028
5.9446764,2.4313815,4.621202
2.0238333,0.25867885,-0.21763058
1.9496945,-3.5189013,-5.5324774
6.001408,-4.768046,-5.3609285
8.948306,-2.5227141,0.34475264
7.9906483,0.20722313,2.467868
3.936754,0.4213866,0.24766022
0.98729044,1.1806186,-0.7107112
-0.078675516,3.3255644,-1.8482898
-2.0233712,3.1326895,-3.8846593
-6.0863543,-0.78958553,-2.9430072
-11.054696,-6.9499445,-0.051014744
-12.0822315,-10.914975,0.9507352
-9.106849,-10.070562,-0.19127426
-5.07755,-5.0477486,-1.1814885
-3.1639628,-1.2240924,1.7042838
-4.0903454,1.8013655,3.6616907
-2.2116144,6.6156697,1.6211461
2.8770278,8.608507,-0.49335197
3.7473478,5.4675236,-0.46424198
-1.171541,-1.6258818,2.3675146
-4.2792,-7.671796,4.444807
-2.2372823,-8.888988,3.2409084
1.7060345,-4.8123016,0.35524797
3.6925735,2.8353553,-2.878289
7.6913614,12.034396,-3.7351513
13.644329,15.569119,-1.98046
11.646582,7.8427677,-1.8388044
0.643502,-2.659277,-2.0603087
-11.433641,-8.396674,-0.9486004
-10.319294,-7.854154,-0.13319562
1.4789937,-5.666557,0.9484743
8.711304,-2.037098,-0.19980519
5.4337587,3.0682008,-2.1607406
-3.3032045,5.75282,0.76196426
-3.5472085,6.843645,2.7110882
3.6334336,3.4999874,0.7431523
8.517881,-2.3423157,-2.4045074
4.553243,-7.7731223,-4.2925363
-2.4109206,-9.519333,-0.4784108
-3.5005338,-4.0316997,3.6444557
-2.3777316,5.2864237,4.4802966
-2.4992578,12.744108,2.5811255
-4.394276,12.067462,-0.5598305
-2.4470387,4.555512,-0.45574993
1.5550807,-3.1680124,1.3870068
2.6242142,-5.6074324,2.5353422
1.5076575,-4.4060974,1.329638
-0.31790578,-4.7590938,0.53828186
-1.5148605,-5.6323752,2.2892413
-2.290037,-2.9065576,2.530028
-1.5003073,4.1566873,0.28061813
-1.2973229,7.9523325,-2.494639
-1.4543612,3.953714,-2.699692
-2.322708,-0.17014912,-0.5306843
-2.40308,-1.2409765,2.3378596
1.6637648,-2.2888517,3.4346755
4.6313143,-2.4066358,0.37745142
4.667381,0.5853006,-3.5887778
2.662197,4.463333,-3.5865629
-1.332255,3.447017,0.39998665
-6.291026,-0.6285925,2.4433897
-9.350233,-2.6950266,-0.60058224
-4.217218,-1.6965914,-3.5310304
5.614007,0.17286015,-1.5901122
11.869127,2.247802,1.4855114
9.584765,3.0670102,1.4304506
2.9402308,0.18478005,-1.4995261
1.5893121,-2.9955606,-3.5500016
2.9762866,-5.889012,-2.4756436
-1.3670202,-7.025663,-1.5405765
-11.022169,-2.9533505,0.55771786
-10.290847,4.959451,5.470409
3.9637907,11.004472,7.58419
13.781485,8.952885,3.4912505
7.9642396,3.9838762,-2.3968346
-6.166568,1.9697576,-3.478947
-13.013717,-3.0347128,-0.38580224
-10.140479,-10.983638,2.5541563
-4.975048,-12.040382,3.6254666
-2.128367,-0.9218696,3.5812533
-0.92927384,9.981488,3.6407113
0.87540805,9.129627,1.5993032
4.1184177,5.0616918,-3.3446195
5.880723,4.1554246,-6.3880405
4.156329,3.1916966,-3.3348765
2.9006836,-2.8277595,2.6179407
3.1796222,-9.646713,2.6685612
-0.06451095,-9.798326,-3.3890693
-6.8137875,-2.481543,-5.3254194
-7.008014,7.2678185,-0.4165457
2.1766427,12.666186,3.6778448
13.05626,14.382366,-0.45592594
17.168524,12.792162,-7.3342075
13.111153,6.5353346,-7.4892144
2.1795824,-5.0925226,-3.3822317
-13.867842,-15.293327,1.4911126
-20.778221,-12.970738,4.544292
-11.872175,-2.119043,4.4658175
0.26844692,5.1510787,2.4644425
3.1168132,6.064874,-0.57960606
0.3075067,6.265368,-0.61387646
2.111287,7.2559566,2.357474
3.3277292,3.3654222,3.2996922
-2.894626,-6.546577,0.2861078
-9.651696,-16.546421,-2.8003473
-7.913815,-16.358295,0.20788695
0.37416583,-4.453688,6.088853
3.0536935,8.794638,5.1124563
0.39893663,13.6635,-4.0234847
3.03099,8.893285,-10.007732
9.400777,1.8152776,-6.126898
11.026095,-3.0719533,-0.1699807
4.386405,-2.0046062,1.7887388
-3.9688187,-2.0796616,-1.3686246
-7.6325393,-6.8435664,-4.2952023
-6.969355,-8.075655,-2.5786114
-2.6425412,-4.7503,0.5965163
3.020646,0.96214664,1.2217325
7.35207,4.2686696,-1.5492781
6.0108676,5.0256763,-2.9579878
-0.6646843,4.226555,0.2646406
-3.9814453,1.0937183,3.886023
-0.7029494,-5.8560586,2.0349617
2.0452957,-12.858345,-0.24317254
-3.7623785,-12.952475,0.7747586
-10.913329,-4.8583784,2.6295547
-5.8301353,6.9592333,3.512857
7.130883,12.079854,2.4848075
12.093172,8.880354,1.2624515
6.1826377,2.9677935,-0.6827432
-0.9866354,-3.2040646,-4.9748197
-2.7708542,-11.182027,-7.8743067
-3.0580647,-16.307232,-3.192876
-3.7452624,-11.347294,3.9094381
-0.098237514,-1.448139,3.5996108
4.2414036,3.4819663,-2.3182418
3.8926754,2.3736584,-5.5995693
0.19960183,3.31018,-3.559489
-1.0964162,3.1666915,1.2107023
1.138185,-3.8845751,4.1938524
1.9223278,-11.031689,3.0233061
-2.9304225,-11.121483,-2.0465543
-8.06669,-3.2112644,-4.1764183
-5.9859767,4.6069465,1.7451715
-2.0825627,8.619463,7.5893145
-1.0245439,10.327974,7.5800433
-0.11375527,8.438718,2.3293493
1.9424522,2.064778,-2.558218
-0.15175857,-8.758549,-4.933344
-7.0953774,-13.182933,-4.6969514
-8.179865,-4.946859,-0.16698703
0.8561966,2.562067,4.1405883
10.799037,3.884371,5.6377153
11.803705,4.325019,1.9617916
5.7847133,7.705253,-3.538409
0.75224847,9.14159,-4.206183
-1.2284867,0.49031863,-2.717095
-1.296701,-7.9668927,-1.355766
0.764842,-6.750066,-1.8870515
2.6546426,0.9737645,-1.5095518
2.7582111,8.017559,3.9809752
2.6159577,10.942738,7.3110867
1.7441924,8.817928,2.8938432
0.5847863,1.9159031,-4.8857665
-0.26984295,-4.323656,-7.1572146
-2.4495459,-8.117592,-3.0891018
-5.2798796,-6.4089875,2.8119633
-6.4874725,1.858612,6.724708
-4.290631,9.545747,5.7808146
-1.5225648,9.855309,1.5711287
-1.3138427,3.5374327,-2.2595358
-1.5420921,-1.1262808,-1.5445181
-2.3549373,-2.427798,1.692369
-3.5511298,-3.103323,3.3692234
-2.4012423,-2.3274286,2.6491282
1.4416598,-1.0912079,-0.6973576
5.552983,2.8382258,-5.3854165
6.435949,6.9255886,-5.7483873
1.5114369,5.0427666,1.5969102
-4.574367,-1.028957,7.209709
-5.5102053,-3.7316117,4.588083
-1.6051841,0.05773483,-0.80375797
4.500735,3.5011098,-2.4305673
6.344371,3.190398,0.2206633
4.530934,2.7431307,1.5355117
2.3028197,2.3642848,1.2814026
-1.451991,-1.011926,1.4963863
-5.701868,-4.416707,3.3573487
-7.4651065,-1.7655419,5.4737234
-0.6613187,5.8424463,4.4251738
10.495819,10.478669,1.4832177
15.40748,8.140452,-3.523887
10.451478,1.720977,-6.4851546
0.48792568,-3.5317125,-3.4714575
-8.58529,-5.036914,3.5411754
-12.437901,-3.1829662,10.601015
-7.5969157,0.20790933,8.550666
3.6142733,4.1744194,-2.3166137
14.4234495,7.460954,-11.438627
16.638563,7.525363,-12.247924
8.474172,2.7280316,-8.412385
-5.3623705,-5.1441464,-6.209956
-15.456383,-10.986151,-3.357731
-16.375761,-13.842931,1.7908809
-10.3878565,-11.691401,8.715692
-1.3874481,-1.5612527,10.77457
4.670376,8.6003,3.7784536
4.6015997,8.692991,-5.22859
2.7183607,1.8947104,-10.191116
2.595918,-5.079956,-7.213115
1.745689,-9.825086,0.81377923
-2.396092,-9.868268,6.8078847
-9.250225,-3.5672345,6.8060985
-10.379894,4.3320355,1.823568
0.7432582,6.6566625,-3.2068355
13.633985,4.528989,-4.17217
14.724293,0.8463251,-2.2187898
4.655759,-3.288849,-1.1876292
-5.314815,-5.9874063,-2.2208028
-6.313236,-7.127818,-5.22777
-4.3702207,-5.846389,-6.2146606
-4.2906,-3.9791422,-2.2826865
-1.4133984,-1.7477994,3.7884138
3.6980836,4.1778145,4.6618114
5.5654674,7.298206,-2.2253218
-1.3463279,2.335723,-8.377492
-9.444556,-7.6849704,-7.2619033
-9.399368,-12.531867,0.59853417
-5.4727454,-7.664364,8.689507
-3.4408193,-1.4558804,10.582132
-2.524171,1.3860527,5.6401215
1.5331504,1.5576878,-2.4321005
6.4016967,2.4665248,-6.4059033
7.5185294,1.5209908,-3.4385457
3.319841,-0.44137406,-0.4514134
-0.50110334,-0.5277605,-1.438698
0.25583023,-0.37363154,-1.4842755
0.4500819,1.4436773,1.5618155
-1.7716541,2.6604674,4.4948497
-3.6303046,0.43715906,4.570371
-0.76617926,-2.33171,1.485402
3.2700539,0.45300794,-2.4129689
3.2536035,6.656994,-5.507083
0.17751472,6.484566,-5.3947268
-3.73193,-0.36600775,-0.46901268
-4.8957133,-4.4612617,5.61522
-1.725572,-2.404488,7.608254
1.0566103,2.613132,2.6157541
1.261543,4.5571046,-2.278623
3.0539246,1.6916379,-2.374653
4.2193003,-2.4601362,1.8407111
2.0933867,-3.245217,6.681859
-0.83663416,0.56591874,4.9341817
1.1594219,3.7857435,-0.19499435
6.114293,5.6456833,-2.9996588
6.226611,3.7921603,0.98097473
2.096665,-0.24409465,6.065178
-0.71915734,-1.1918039,5.172302
1.1154326,1.864236,1.168565
3.3199384,5.860419,-3.6521938
2.1661751,4.9509783,-4.679044
0.35031667,0.95922434,-0.4896832
1.2410966,-1.9838902,3.512674
2.3743603,0.09184399,2.663545
2.3288445,5.078067,-2.257322
3.4055784,6.2335944,-6.195555
3.4140553,1.1575233,-2.990994
-0.55523545,-6.63499,1.9427521
-6.5036354,-8.73554,2.2848144
-9.51139,-2.5211763,1.1121309
-6.4287777,5.3978543,-0.45739812
-0.4609184,5.574399,0.31937715
1.6310924,-2.4469364,2.7906797
-1.4014491,-10.342754,4.5447483
-7.3224444,-9.281527,4.050039
-11.343951,-0.26091897,-2.2304122
-8.277118,5.879902,-6.6788344
-1.295134,3.8282251,-1.9893351
3.7650363,-0.9658924,6.5745125
3.7562013,-3.0722091,9.289906
-2.2038534,1.1666762,1.7932534
-5.189962,9.06139,-4.3900595
1.8335693,10.251647,-2.0130134
10.848313,4.2417417,2.9419649
10.890502,-4.706662,3.1811154
1.8693032,-7.5571046,-1.7365949
-3.0329406,-2.6703238,-7.6085134
0.88397205,2.6153698,-11.446967
6.040374,6.4020357,-7.371434
5.9198837,3.7335577,2.811481
0.09008318,-3.4929686,7.87925
-5.0111737,-8.186007,1.048116
-5.8900986,-7.378592,-8.865815
-1.9124664,-2.1293945,-7.7259393
3.1103992,2.7351134,1.3841835
6.1967273,1.9083529,6.484433
7.112428,-4.160448,2.6449337
4.2948546,-9.063555,-4.336117
-0.87201077,-9.072881,-4.0731764
-4.6260734,-5.0424237,0.81163204
-3.8409092,-0.99965245,5.2140245
-0.56926996,0.9685141,6.959957
1.2022426,2.0663388,3.4720232
2.46477,2.965709,-2.86577
4.260059,6.125468,-6.3161893
4.4637146,8.962246,-2.6524022
2.3393703,5.160613,1.8417013
-2.5766191,-2.0262115,2.5945222
-7.5672107,-5.8288627,0.96313906
-10.645841,-4.0060205,-1.145621
-11.477881,1.1647203,-2.935879
-8.728516,4.0217743,-2.8874826
-3.4051902,1.1400461,0.16094038
-0.8148506,-1.9430178,2.3541763
-2.362812,0.105424866,-0.736055
-3.8837256,3.088389,-5.4305034
-3.3683429,2.0670948,-4.6112623
0.07825743,0.11527564,0.7428524
2.579823,1.0297028,4.5459394
2.0651128,1.1294166,1.872
2.4968004,-0.006767999,-1.268533
5.0717177,1.1424489,-0.025540102
7.384423,1.945134,0.9211518
6.106359,0.15443651,1.0685647
0.23881605,-1.1071779,2.11447
-1.830534,0.1588512,1.149198
2.0775971,0.8371015,-1.6900067
4.232947,0.15012327,-2.770844
1.9292094,0.7882142,0.49188182
0.2788208,1.1174961,2.329138
1.8099893,-0.25411898,-2.3669598
1.2881411,0.064430095,-3.5246756
-0.2686474,1.7102298,0.7299744
-0.7339967,-1.0178839,3.6453514
-1.324244,-5.3171506,1.8169521
-1.7726047,-5.118911,-1.1905063
-1.3654345,-0.35670355,-0.07906204
0.17506707,2.779973,1.9454042
-0.3917477,1.5708538,3.0535967
-3.897821,1.6993045,4.055079
-5.393296,1.4536645,4.208399
-2.9968536,-0.37090683,1.1428865
1.6270827,-2.68164,-2.6214452
4.8871913,-3.4642124,-2.7792258
3.660375,-1.8027092,1.5464399
-0.23860402,-2.6081991,5.3062134
-2.296307,-1.8976078,3.6904814
-2.3692906,2.2079012,0.4172844
-0.25426894,3.00922,-1.2017435
3.5159683,-0.99612236,-0.4476743
4.7645693,-3.0906763,-0.12428895
2.4337406,-0.21191286,-1.3021464
-0.24959983,3.7878711,-2.0639606
1.3900131,4.5784206,-2.1618032
2.7041407,0.6317,-3.011429
0.3694009,-2.6185288,-4.0378175
-2.3481615,-2.5562618,-3.9548407
-5.651399,-1.8132211,-3.9446678
-7.399212,-0.76551217,-2.8861425
-4.6666946,0.9913603,0.1164396
-0.45624372,1.0036228,2.192897
0.3254976,-2.2066422,1.1444484
-1.5180042,-4.245083,0.28532395
-0.6729167,-0.4070148,0.1438471
3.4157584,3.4909441,0.3764569
6.3348165,0.37989503,2.13627
5.351946,-5.7713175,2.4501438
2.3449788,-7.8543653,0.1285195
-0.7035079,-5.0281096,-2.491646
-2.6512215,-0.11248555,-1.8834261
-0.74100065,3.7321038,2.5555766
2.344773,1.5997862,5.0986824
1.232618,-1.4940841,2.5876133
-2.6595345,0.30695623,-1.914834
-3.7844307,3.2659087,-4.406369
0.33308557,4.0332747,-4.9146447
3.2138844,2.0052853,-4.437145
-1.6876925,-1.2168623,0.11006725
-7.762484,-3.275992,4.4954
-8.718081,-0.4415855,3.1441302
-4.7307577,5.4301925,-1.5857811
2.2637181,6.3499928,-2.8317423
8.296055,1.1313963,1.3368028
10.265947,-3.838399,3.1676445
6.315828,-4.1759896,-0.7280876
0.28728375,0.99271655,-4.856128
-0.6648597,5.5201616,-4.7811933
3.3243935,4.823911,-1.9062227
5.352008,2.2442458,3.1805525
2.3793933,1.6351601,7.026333
-1.6328962,2.0117435,5.1407375
-1.5519725,-1.585452,-2.0389547
2.3816242,-7.1699886,-7.916913
4.526801,-8.836331,-5.085424
1.3949202,-4.3075404,1.9983279
-4.38489,0.891808,5.8857493
-8.594719,4.5837407,4.8984838
-6.2948,6.6270146,2.8620784
1.4250714,3.4728034,0.7984342
5.778978,-2.607046,-2.175425
3.463604,-4.6515765,-2.2815735
-2.1651657,0.19893342,0.76263344
-7.4834185,2.2065647,4.656804
-9.128622,-1.9635155,5.685333
-5.410861,-2.9295568,1.6021432
-2.1129882,2.8865268,-2.4007165
-1.3290259,7.948558,-1.4456316
0.90312976,5.7442,1.49901
3.7435653,-0.14997154,2.5128448
5.9272676,-5.394608,-0.6077347
3.8160293,-7.231396,-4.5394197
-1.0600276,-2.5198078,-4.7012787
-1.0851986,5.7009225,-1.6247416
1.9237696,8.366221,4.2322726
5.03972,2.6464097,7.2543774
5.8969407,-4.7301245,2.1821957
5.163189,-5.403592,-8.887866
4.8887334,0.19981408,-12.871236
2.2578056,5.5381556,-3.0236177
-1.0866863,6.1709094,8.039401
-3.6777112,1.4584557,8.868061
-5.0419884,-2.811901,-0.09057357
-3.6321232,-4.6384706,-9.21524
1.0108047,-3.765842,-11.257381
4.4031687,-0.7283574,-2.2837403
0.058540415,-0.714005,8.565548
-7.5669107,-3.799628,8.62331
-10.893389,-3.659747,1.4178661
-9.556851,1.1522043,-4.516722
-5.835527,4.387035,-1.6964945
-1.5681903,2.136985,5.308134
3.2301707,-2.5780346,7.20092
5.406608,-2.843713,3.1226103
4.289732,1.4477718,-3.9068
5.38745,4.2030687,-8.068552
7.3335695,3.472249,-4.0193467
4.3727646,1.2761955,4.737413
-3.629588,-0.5078886,9.852729
-9.642236,0.37616262,6.5537815
-6.59612,1.5145552,-3.3035307
2.3421612,0.4869729,-9.613578
7.4310627,-2.439287,-7.4854283
4.331031,-4.4152956,-0.7774124
-3.5482736,-1.3480566,4.321549
-7.6801906,4.652093,4.0499806
-2.5263789,8.796782,1.1240809
5.305043,3.6900916,-1.1335357
7.492257,-6.0219407,-1.081844
5.2966857,-9.270707,-0.3200666
2.5032635,-4.8391366,-1.306281
0.2907074,2.7930021,-1.5026423
-1.4875289,7.333109,-0.54806113
-2.7167404,6.8850207,0.30741933
-2.4785724,4.4912014,0.20937867
-0.7277272,3.0071735,-0.9063245
2.5283985,1.6303282,-1.0201975
6.2603164,-0.83965385,-1.151823
5.5309052,-5.248775,-2.2353709
-1.7573473,-7.66574,-3.4244454
-8.466566,-2.1356704,-1.4430395
-8.780088,6.519797,3.2877567
-6.4710236,8.964196,5.342989
-3.8082733,4.7226152,2.9971838
0.5285168,-2.9499993,-1.880839
3.1465492,-9.072265,-5.297254
3.5314457,-7.8636827,-4.1103597
3.0990522,-0.87729293,-1.5943927
1.519539,3.227001,0.64593637
-1.933186,2.2963006,5.122718
-5.521694,2.3370502,7.377437
-4.934542,3.432656,2.852828
-1.6013135,2.4670637,-3.906381
3.094547,-1.4626944,-5.4083023
5.2966437,-6.391695,-1.2040161
1.1323915,-9.385724,2.3376312
-5.804863,-5.2497525,1.487556
-6.8374405,3.681439,-0.90886
-0.8849813,5.867691,-0.8316306
2.1644654,0.75307536,0.8521992
1.0712049,-2.0402617,0.8380246
1.1434113,0.8244523,0.6214605
4.052098,2.0250108,0.50449145
6.1121993,-1.1067499,0.38129744
6.047579,-2.926407,0.19213091
6.08711,-1.0525975,-1.8904963
6.0418754,1.1092905,-2.0847573
5.078594,-0.0139124505,-0.19291653
2.030556,-1.8687415,1.6596719
1.0818784,0.011444564,1.4964602
2.0279672,3.136377,-1.5961415
0.06897427,1.0223219,-4.802936
-2.9429352,-4.875383,-4.8663435
-5.9729676,-6.9756103,-0.07945871
-6.889928,-2.9119003,4.844539
-6.028374,1.023466,5.665512
-4.8380547,-0.9783213,-0.45027938
-3.073715,-2.9762506,-6.591501
-2.8081791,-1.0658556,-2.7160795
-3.0987806,2.0039446,5.121042
-1.80227,3.851511,7.060006
0.89525765,1.9485196,0.8078737
3.1804273,-1.2194484,-5.1314664
3.9102135,-2.138965,-3.5164092
3.1400096,0.71442044,3.691709
2.9449909,3.7543383,8.168931
2.0842254,1.6402822,3.5115643
-0.014671375,-3.3595564,-5.1216593
-0.96691847,-6.4436774,-7.6800723
0.013089581,-5.4835463,-3.3799162
2.998576,-1.5310678,1.1036968
3.0252361,1.3818924,2.4109955
0.96960175,2.376316,-0.14656402
-0.9526032,4.2448573,-1.7497319
-5.086575,5.2761655,-1.4167339
-2.903717,3.1022384,-0.8847618
4.8433957,-1.8184215,1.3200163
7.1313186,-5.0590878,2.9891727
1.8007896,-0.8930695,1.071143
-5.8755436,3.7586746,-2.1300108
-7.202401,4.036738,-1.1571213
-3.925843,2.5898597,4.751947
-2.1774561,-0.062198505,6.6444016
-2.0029263,-0.54572093,-0.38004503
-1.1369278,-0.19002087,-6.504341
-1.0985258,-3.6574092,-5.5340347
-1.0937324,-8.3371,0.38833502
0.8104825,-8.743975,3.310373
1.9288896,-4.507802,0.29864657
0.74186975,1.1988872,-3.8184059
-2.0764055,2.3046486,-4.799517
-1.3026048,2.1555917,0.09967078
2.8998818,4.1359406,3.0904589
5.660037,3.0866427,0.05237299
5.87785,0.02016751,-4.003571
2.619475,-3.0163023,-3.9864419
-1.1437309,-3.0469222,1.9393915
-3.411622,-1.1344736,6.9753714
-4.1832643,0.91370857,5.919959
-2.4143813,2.76188,-0.05152125
-2.2505076,2.8779325,-5.0733695
-4.392104,3.6927218,-3.0546248
-4.331373,2.8440332,3.9537346
-0.35786027,-1.3510787,7.969349
2.5861974,-4.1689515,4.001618
2.674089,-2.3804145,-1.9810512
1.5278178,1.8461958,-2.9206476
-0.32317665,2.6044993,1.07924
-0.4824297,1.8861915,6.20103
-0.36011213,3.6206899,6.143728
1.5547913,4.9306936,0.36395982
4.5800266,4.682832,-4.7811203
6.6142864,3.9783213,-3.4400852
5.5287633,1.7897058,2.3111243
0.66523176,-2.972623,5.778485
-1.488366,-4.0591416,2.431952
-0.30419815,3.0863123,-3.9968448
0.524941,10.123699,-5.40255
0.71429336,7.1583557,0.21584858
1.5633548,0.33416352,7.818838
1.7209581,-1.7424198,6.4108987
0.6214391,-1.45654,-1.9157131
-0.2764029,-1.5970757,-5.388096
-1.3098835,-3.2558775,-1.6354961
-3.2751198,-2.4147372,3.8336573
-3.2354128,1.9491616,4.6517477
0.7319085,4.7819157,0.07736028
5.831332,6.171009,-6.05779
6.7561784,4.9909,-6.6616793
0.87764615,0.39182168,1.2414924
-5.1961956,-3.771901,8.609118
-6.09614,-6.401994,5.545806
-4.135053,-7.508743,-5.106082
-3.0829852,-5.2090764,-10.151339
-1.0674875,4.7706757,-1.8054118
1.928185,13.985652,7.149605
1.9864095,6.035412,4.4936724
0.95329136,-10.802222,-3.525888
1.0217367,-14.710096,-7.230379
0.9873798,-3.5902534,-4.1738605
0.042153876,5.5356836,1.0215592
-0.96993625,6.6167145,6.201601
-2.951799,6.788266,5.263411
-2.9282386,4.796003,-3.4327495
4.0549693,0.044989362,-8.469238
12.100109,-6.030764,-3.1028097
8.06591,-11.727318,7.8323355
-8.890156,-9.842405,9.191791
-18.913658,1.4587078,-3.8436549
-8.895713,14.359919,-14.535443
7.1035566,13.607511,-8.5032625
9.088131,-3.4412227,4.7132225
-0.88054866,-16.26474,7.847577
-6.933165,-8.255481,-0.049117908
-2.8788106,5.8444004,-5.801035
5.047447,2.8989186,-2.8152478
7.110753,-7.048775,1.5397615
2.0250328,-2.9725554,0.42580125
-2.905326,6.03633,-3.1341014
-1.0085031,0.12796032,-3.321052
7.0790486,-12.886689,0.16954152
11.943511,-11.797694,3.9523842
4.0643997,-0.8266411,2.4510493
-15.119716,1.2415967,-3.759854
-26.95434,-1.7671472,-7.2773776
-16.184053,6.249988,-2.468234
7.005483,20.279821,10.990714
19.759724,19.22819,18.835289
9.9451685,-1.6793653,7.2353797
-9.293522,-21.821413,-11.830084
-15.123617,-21.6463,-14.547966
-4.3515315,-9.896843,3.5329425
7.800268,-4.633054,16.644474
5.5979724,-2.9768639,8.904837
-8.295666,10.348965,-8.147343
-12.430396,30.948868,-15.759748
3.5867019,31.285599,-5.8918586
24.559301,-2.1052427,6.5212793
25.457895,-42.82821,7.411663
2.5576527,-44.134605,-0.24118717
-20.66574,-2.9794393,-5.249573
-19.450909,33.827843,-6.0360537
2.23369,32.864826,-2.8986993
15.514248,7.771643,4.174531
7.1695538,-11.283148,7.4270554
-7.545652,-21.31638,0.41628397
-6.865698,-26.428095,-11.291079
7.3781157,-15.406369,-9.29588
13.114423,9.420317,7.946929
1.2971525,27.485054,17.026068
-12.892987,26.287563,0.15226448
-10.78946,10.35185,-19.631926
6.108934,-10.819321,-10.638898
18.119389,-29.814276,13.689767
15.113253,-29.895613,16.591646
-1.9532155,-4.9898033,-5.0142155
-25.917389,23.029247,-16.138186
-37.977768,27.84969,-2.7545245
-25.993145,11.940882,12.157594
5.0421724,-0.26877218,10.486735
28.90358,-3.1790245,3.4766374
26.077171,-5.3478637,2.7179396
4.8148074,-9.306546,0.7929417
-14.903225,-7.407461,-10.036037
-15.242362,5.576326,-14.914837
1.1046124,18.538574,3.255173
13.725995,12.483104,22.326317
11.106055,-16.51857,13.584759
4.7218127,-39.58177,-15.454631
9.105229,-23.569092,-24.079655
17.738203,23.373106,1.7833617
13.101999,56.386612,22.208149
-7.2212324,43.35294,9.070632
-25.9049,-7.6413155,-17.548513
-22.164713,-55.660397,-17.60819
3.0933945,-57.636375,6.6711617
24.89199,-6.6759048,18.70236
19.109434,58.40722,7.91408
-13.063459,76.30876,-8.016413
-35.858315,23.4725,-12.823658
-22.012522,-51.68644,-5.767473
12.158353,-73.45352,8.461677
30.06702,-25.644873,19.457596
14.150306,30.598694,13.750728
-13.823547,39.45206,-10.327391
-22.874037,10.631739,-29.973848
-5.7034507,-6.401825,-18.099775
16.109068,3.652253,14.270653
16.405832,13.764914,31.133041
-2.883635,-3.2943313,15.499701
-16.503595,-38.09212,-12.641801
-9.84451,-46.173992,-21.278946
7.5526004,-7.9895463,-6.4325776
17.246206,50.00307,9.92986
3.568836,75.1011,12.766352
-21.627039,37.20251,5.1274447
-25.425396,-32.794003,-4.055351
6.509331,-70.593025,-8.685425
45.59239,-43.66313,-7.89607
45.631264,15.59995,-3.5136256
1.6384325,48.502087,-0.7502675
-43.262394,30.776228,-1.3724959
-43.29655,-7.2972417,0.39730364
-1.1630843,-25.062006,4.7292337
34.772686,-13.078939,6.541561
28.936108,10.098315,1.8024021
-7.1505914,18.154112,-7.3297777
-30.97881,2.2478247,-13.142365
-17.054277,-17.596298,-8.228735
13.07973,-17.609426,5.9082756
22.061657,0.6582149,15.83238
0.120421976,12.53339,11.959488
-22.818346,7.8996034,-1.1455355
-13.839565,-0.29322207,-8.99297
19.286406,-5.902328,-7.1530795
39.206116,-9.085547,-4.9655504
20.377125,-7.736545,-5.1785808
-23.74649,2.142864,2.037464
-50.549606,14.410318,14.788536
-33.689816,15.369711,14.991715
7.493299,0.5598804,-2.2321858
32.381916,-17.424896,-19.108734
21.506487,-20.270426,-14.241655
-5.5345087,-8.254412,4.7431407
-19.500046,10.911194,14.734894
-13.455187,24.91137,6.584183
-2.5082982,20.064388,-9.335105
1.6051613,3.0959246,-14.562818
4.501594,-14.80778,-5.466655
6.640783,-23.731386,6.309651
6.5126643,-13.672478,6.341589
8.685153,9.40731,-2.8065026
10.504891,23.477247,-8.8896055
6.740516,7.5089574,-5.9370174
-3.5119293,-23.372032,1.8666033
-10.208898,-24.404633,6.8972707
-3.5163755,9.77516,4.6359406
9.813829,30.6428,-6.3236694
16.50215,10.928829,-14.569894
8.806942,-22.32619,-8.591241
-8.462362,-25.945293,9.236446
-22.226254,3.7164435,21.114536
-21.417389,29.118168,12.037351
-7.2786474,24.800621,-8.187158
7.6263785,-9.881534,-15.174433
15.653132,-46.10742,-1.4858766
15.673985,-41.904926,12.590678
6.559132,9.966785,8.227033
-10.26925,63.06312,-8.663062
-26.561596,62.00088,-16.050678
-25.207357,2.049433,-2.9326925
-6.6862264,-70.0201,15.681836
9.820439,-84.95802,17.779808
12.229285,-17.063328,1.4325911
2.7879953,70.01308,-16.525179
-3.7985685,84.87512,-15.806726
-2.302606,14.962002,4.1712217
4.217092,-60.186646,18.94733
9.580066,-65.12786,11.8765135
9.247049,-6.2494407,-6.2989445
4.4670744,44.749687,-14.412883
1.2649661,35.682484,-4.548031
4.3875623,-13.394195,12.307476
5.251459,-38.40507,17.20131
-0.65561134,-10.539396,1.0366945
-4.782694,30.462963,-22.053535
-0.67121524,34.330643,-23.221502
4.164397,-4.7064786,4.693525
3.3301442,-43.79927,30.522512
1.111664,-35.900166,23.44273
-2.6652431,17.064249,-6.7227564
-11.943918,57.891514,-24.805891
-16.657793,35.90522,-12.965704
-6.9833593,-29.312546,12.951223
9.321389,-66.28388,22.795074
18.016607,-29.509592,2.7148924
9.2645035,44.496887,-26.448334
-9.946098,74.2944,-27.50515
-22.817554,26.254019,5.302218
-14.888476,-47.897797,38.278446
7.1047106,-73.010445,36.062054
23.150486,-29.099386,-1.9448097
27.068941,36.715176,-40.162437
20.15258,59.688877,-39.185547
8.070957,15.43649,1.643876
-4.8686757,-50.549587,37.53909
-16.906975,-64.81716,33.48179
-29.892776,-9.831982,-5.7483954
-35.89971,58.957806,-39.68989
-19.878136,72.849106,-31.003637
12.0581875,22.757399,10.091371
39.186012,-42.48569,40.794037
37.978218,-64.45228,25.821495
9.270938,-26.794415,-16.371494
-20.100376,24.302233,-36.46343
-26.660732,35.932392,-14.542921
-10.148466,6.027771,21.26892
6.3707347,-17.311646,30.25187
5.8454437,-1.2579321,9.042034
-7.6349764,35.441216,-20.989965
-14.125298,51.478664,-31.173979
-2.6649873,16.182,-9.223445
15.923739,-51.77911,19.585249
21.298439,-92.06144,26.561174
7.9753428,-65.04897,8.329788
-6.7259088,11.713732,-13.652589
-5.983751,79.67471,-16.926712
10.263929,88.50608,-3.8743083
24.050497,35.395615,2.8219543
18.257385,-32.690174,-6.114367
-5.9126964,-63.87012,-13.406143
-32.75517,-45.89239,-5.382704
-38.879826,-3.110292,13.381757
-18.754707,27.902113,26.338657
5.1211514,25.670252,21.170166
19.265566,3.691192,-1.9314672
27.10715,-6.515777,-27.065237
28.280418,1.471035,-29.168907
18.086298,10.317746,-11.325477
-3.709191,6.268263,3.6010659
-27.944422,-6.8501678,10.420913
-44.698658,-12.902101,14.372565
-46.997272,-7.0261073,16.161299
-27.676651,5.95237,12.160666
6.9312124,18.80856,0.88947576
37.343464,20.815674,-9.032226
47.858498,3.6620562,-13.383289
38.35165,-28.317947,-15.228853
16.801525,-49.46486,-10.635688
-9.669984,-32.441017,2.5675414
-30.223522,16.423328,14.128342
-36.722683,57.442425,13.35599
-27.222471,59.328594,7.911657
-5.7977304,24.343,8.148706
19.7966,-25.757158,6.6954412
39.11439,-61.747005,-7.044226
38.826878,-57.819687,-27.518274
15.013916,-16.828922,-33.22547
-15.13218,29.130178,-13.720666
-31.0885,50.105587,18.587708
-27.10184,39.095097,41.109932
-12.172547,11.04967,34.385334
0.900493,-11.920224,-0.024565237
7.775612,-20.995348,-35.829136
8.866238,-22.920704,-40.12594
8.75417,-23.026083,-11.041202
6.809654,-12.909813,20.78094
-3.2546844,12.967065,30.774124
-19.252584,39.09729,16.69066
-27.25843,44.98811,-3.3904788
-15.310074,23.108011,-10.383448
10.736326,-18.971287,-5.542233
34.640526,-59.87859,-2.440796
39.7408,-70.9101,-8.672929
19.58705,-36.85833,-12.494598
-11.235949,27.164034,2.2370012
-29.468504,81.17538,26.439833
-22.200916,85.247635,34.190056
-0.513638,35.218536,12.368351
13.826969,-30.651096,-21.82026
15.46746,-70.73012,-38.70013
10.843958,-66.549065,-24.808525
1.4698478,-27.647142,8.245627
-13.152355,15.5346155,36.21521
-23.501497,40.4707,39.216133
-19.158636,42.607536,15.234286
-3.4553838,27.610468,-15.778156
11.828438,3.6788564,-30.757936
21.607817,-18.238548,-21.740484
24.817745,-25.24114,-3.7558181
19.670952,-17.08124,6.309713
5.825833,-5.160461,6.2647834
-15.276787,5.086166,3.345597
-30.149973,16.921345,7.3169317
-24.22205,25.262196,15.362591
-2.1271927,11.998645,14.393859
21.835659,-20.564207,-3.6328182
34.90377,-43.90027,-28.514984
27.883028,-36.423565,-36.6333
2.9428875,-1.7614698,-18.41288
-25.07871,33.680214,10.355142
-37.016743,48.40965,31.697708
-27.042776,32.768414,34.351616
-6.989979,-4.4254103,16.784744
12.995263,-36.11875,-7.618272
27.029781,-44.293056,-25.16491
26.021717,-25.97562,-25.55882
7.044705,3.8179064,-12.133739
-16.961685,25.17691,2.5007472
-29.941126,28.930662,12.903389
-28.963993,18.319021,17.545162
-15.928317,6.057713,13.9509
4.031257,-2.5507488,2.567303
21.06284,-10.809419,-8.983793
29.039015,-16.425554,-16.434242
24.03063,-14.6674185,-15.915512
7.0545015,-5.3183722,-6.434417
-15.013791,5.4966764,7.125805
-30.93262,11.756057,16.594017
-28.060951,13.696468,13.116828
-8.9194,7.792451,0.6632695
10.87708,-4.081753,-10.9411955
23.106503,-18.175983,-15.237289
24.805437,-24.886368,-14.033633
16.127998,-11.096652,-6.1301847
0.746395,12.247212,7.876172
-11.877207,26.036549,15.945802
-11.276013,21.335049,11.814288
-1.9270058,5.203204,0.98212534
4.7415485,-9.601786,-6.2150292
3.9821975,-16.61836,-8.021487
2.7908514,-15.543175,-6.218833
1.865825,-9.442948,-2.047252
-3.1613503,-0.47738886,1.7858872
-10.238657,10.718226,3.9173448
-15.14526,18.61086,4.79222
-14.31227,15.844952,6.8771424
-9.173042,5.739308,8.800481
-1.3472118,-7.06602,3.8306777
5.758241,-17.105282,-8.192224
10.648347,-17.994745,-14.216637
10.668868,-7.941148,-6.1836896
4.6522536,8.072702,6.724921
-1.4148515,19.220184,12.830578
-3.3488452,17.144754,8.661408
-1.4846649,3.3711224,0.83725715
1.6442039,-11.771093,-3.393005
4.4637256,-15.499431,-5.1787453
5.6309843,-5.6597157,-7.4290185
4.430448,6.5891294,-10.220333
2.6126008,11.49342,-9.448785
1.418495,6.62979,-0.28638384
-0.41529799,0.6830378,13.549823
-2.5700653,-2.3609583,16.622108
-4.449347,-3.124119,3.5576122
-3.5453658,-3.3425097,-11.475345
0.525571,-4.9704294,-13.441769
4.473721,-4.2821803,-4.5669656
5.526595,-0.87867653,2.5381277
1.4744183,4.8268714,4.363076
-2.4439797,7.1567116,3.4925232
-3.532739,4.963097,1.311097
-2.4101288,3.1642506,-1.5738732
1.4785267,1.0988137,-1.7245408
2.610803,-6.837545,1.3469576
1.5053799,-16.787422,3.244169
3.6353872,-15.821836,0.2686813
6.5291424,-4.7171464,-5.792766
4.669778,7.2132683,-6.8000855
-2.450373,12.3223095,0.16311923
-8.289678,9.253898,7.1398497
-6.431966,2.3427806,6.1117797
0.7535601,-2.710276,0.092670545
6.5807495,-3.643527,-2.9459848
7.803241,-4.6877594,0.05402307
2.5853913,-5.6352687,2.9980092
-5.1513586,-0.6714943,0.014224085
-8.403155,6.3661585,-4.0453467
-9.12311,7.326856,-2.0310476
-10.386498,4.3770776,5.9221325
-10.101895,0.3045919,10.922848
-4.376298,-2.6171455,4.8956413
5.92214,-2.7155347,-8.120074
12.619985,-2.6361692,-14.127727
10.952866,-1.7238061,-7.1536
2.6078646,0.3217128,3.8406923
-5.0196476,3.2684832,8.831642
-5.398834,5.2719707,5.799081
-0.006955714,0.24880534,1.8315111
5.60849,-9.783067,0.7570407
6.9870334,-13.775683,-2.1670072
5.6297736,-7.847169,-9.2743
2.9673526,1.1914014,-12.171801
-1.3467121,5.088932,-3.2825377
-5.0556254,6.1405716,7.80581
-5.3284006,7.0467653,10.730537
-2.0796578,3.0455832,5.784078
-0.31700543,-1.954905,-2.2524996
-2.1098018,-3.08721,-7.227648
-2.3057976,1.0625741,-6.2326756
-0.14800547,2.7763784,-1.2282202
-1.301733,-2.9420583,2.7909741
-6.1881394,-4.3212786,3.7807074
-9.302343,2.0107543,4.822301
-7.2343836,4.6204457,2.804675
-1.3048433,-2.076121,-4.156924
2.718262,-6.392865,-4.135319
0.6871354,-5.1935725,2.855791
-1.3259919,-6.3893147,1.9363647
3.681433,-6.30983,-5.119602
8.629674,3.620958,-3.9751742
5.6735387,12.586777,4.9060693
1.601162,9.606698,8.128782
3.66062,5.544189,2.939191
6.584416,3.5460465,0.25097156
6.640853,-0.44977754,-1.0165684
6.596373,-5.5297613,-5.635737
3.5994396,-4.4223228,-4.9232583
-1.3677859,1.4109766,2.4498277
-3.443845,1.5877062,7.2132516
-2.3326097,0.39979595,2.521319
-0.47448108,2.5763273,-4.6200943
-0.30962774,2.4219928,-6.4004297
-1.486895,-3.4443257,-3.4537888
-3.3052452,-5.5279603,1.7139293
-3.4829516,-0.4574895,3.6954694
-2.3140361,3.5181234,2.8673437
-2.4746523,4.566371,-0.16087635
-3.3271725,5.547385,-2.9630048
-3.4664564,6.6295476,-0.9943972
-2.3461592,3.557769,2.2019584
-0.45559952,-1.2716681,2.2033157
0.62761337,-4.435315,-0.6360916
-0.44060856,-5.1646376,-1.571622
-2.4067662,-3.4052403,0.5295602
-1.4190528,-1.072882,2.670053
1.554364,1.6632098,2.711807
2.601137,1.9951181,0.9176468
1.5230341,0.7653951,-1.0805702
-0.38506383,-0.9458694,-1.8378799
-1.4992012,-3.1213634,0.16003026
-1.3739718,-1.8772278,3.398743
0.48422974,1.9941921,3.435583
3.6421006,4.197605,-0.37750813
4.468194,5.115359,-2.2482111
2.6641276,6.2804494,-1.1677176
1.4591212,4.2354364,1.0967516
1.6860217,-1.6307367,2.0477495
1.4602883,-4.640625,0.44680256
0.7053137,-3.5374537,-1.7104343
0.47716784,-2.5260127,-3.2163439
-0.28503683,-0.42888233,-1.4325535
-0.48913056,2.577121,2.1054518
-0.2785963,2.6828766,1.8763448
0.54574794,0.67585075,-1.5870329
1.7435871,-0.20410775,-1.7799652
-0.43706536,-1.23357,0.7039942
-2.2124798,-4.094534,3.58607
-1.4272549,-3.148976,5.0021334
-0.17228998,3.0163329,2.946101
1.5998732,4.9147496,-0.67069423
1.847731,1.1305094,-4.715241
0.6472341,-1.0307535,-2.3155863
-1.1481668,0.22917235,4.6208496
-2.2953598,2.020376,7.029049
-1.1506866,1.3117387,3.9909227
0.7644284,-0.9372462,-2.6623645
0.84243894,-1.6194254,-4.6035056
-1.1748872,-0.9091451,-2.3735313
-2.1690817,0.43283325,-0.20190041
-1.1114752,1.1096858,1.9401599
-2.188628,0.45601782,-0.843017
-4.049288,-0.87144613,-4.710014
-5.197657,-2.5616026,-4.51737
-6.016969,-1.8493334,-0.34945586
-4.166657,-0.61723906,3.7986374
-0.033524748,-2.8387353,2.000782
4.915676,-5.698513,-3.8839393
6.8999987,-3.8482852,-6.664915
8.0425205,-0.79886556,-1.5657716
6.808607,-0.89592075,5.656196
4.1717257,0.10424802,6.7430363
4.74628,2.0052829,0.9770927
5.254283,1.0075678,-5.9700675
3.7448063,-3.1342914,-5.697244
-0.7257505,-6.0966825,-0.7008973
-3.1959498,-4.3073983,2.6148114
-3.7569196,-1.2127867,2.576415
-4.105454,0.48543307,-1.1101547
-3.804827,0.6707085,-4.126579
-3.0204513,-1.7661451,-3.8729877
-2.8399007,-2.44212,0.18213673
-4.96987,-1.0470387,3.3419526
-4.8415933,0.4229939,2.4791152
-3.9597895,0.6796419,0.5618339
-3.823538,0.23225959,-1.2579923
-1.9648862,2.4485118,-0.20341444
0.19375345,2.9653802,3.9725575
0.027493726,0.26715785,7.0387535
-0.7954798,-3.365175,2.1802957
1.0286525,-3.8805766,-6.7295523
3.200924,-2.733718,-6.6108785
3.043427,-2.0232673,2.4721808
2.1868453,-0.102167815,7.604018
3.071975,1.8100867,2.6406696
5.1620493,1.5546432,-5.166739
6.1164503,-0.39581847,-8.233875
4.1280174,-0.7430525,-3.9241285
1.1738772,-0.6519488,1.8584429
-1.9066983,1.0096424,4.312853
-3.771814,3.0568123,1.9442728
-0.9239812,2.7931314,-4.486725
2.2682104,-0.2420864,-6.951991
2.0708802,-2.4149694,-1.3347932
-0.6904961,-0.52003175,5.175352
-2.9422464,2.3619938,3.7609694
-0.6335887,4.243886,-0.6664662
1.0313199,4.117251,-3.191456
-0.57362956,4.05136,-2.5031028
-2.9825146,2.860745,1.8409888
-4.541075,0.88497084,5.639363
-2.9609768,-0.3789524,3.8773808
-0.5485023,-1.2841142,-3.254765
2.096685,-0.57629895,-5.0709877
2.4159772,-1.4690379,0.81742054
0.16753167,-2.7320218,4.9793158
0.37898445,-0.6553851,2.8723674
1.2341667,1.1401671,-0.9786664
-0.65620637,-0.8381594,-3.0851731
-2.6988015,-0.9588299,-2.9570248
-2.688468,2.9921215,1.9577276
-1.6394464,3.9532335,8.04095
0.2913325,0.8490146,6.993414
3.4082053,-0.12359133,-0.9793855
6.2855015,2.7303956,-4.9801145
5.4425745,3.8084936,-1.0132301
2.2916174,1.637078,3.0216367
0.47275046,1.7540604,1.951795
0.29679275,3.5672543,-1.0080531
-0.49093184,0.7044973,-2.0816941
-3.7074602,-4.4725914,-2.0781384
-6.4438424,-4.337948,-0.11020437
-5.722512,0.5098441,0.81810653
-1.3903071,3.625422,-1.1562753
3.2575579,3.5169704,-4.2915363
6.6595364,1.5962994,-6.2494025
7.24776,-0.4628552,-3.38441
3.6850214,-2.4134426,-0.4013012
0.26484317,-4.443879,0.53364867
-0.32301503,-4.393093,0.40925708
1.3071707,-1.4354035,-0.56371653
1.639884,1.6619035,-1.7934717
0.36350632,0.55753195,-1.6962825
-2.4109635,-1.2500863,0.012213388
-4.592546,-1.4520744,-0.8823211
-3.4477825,-1.1549246,-3.1618075
-3.5865235,-0.43639618,-4.1181865
-4.4629135,-0.07529048,-1.3269182
-4.608967,0.61971873,2.6173606
-4.478395,-1.017683,2.4954875
-2.6394265,-3.2888088,0.34621105
-0.50580555,-2.9649346,-0.70289713
0.32546672,-1.1823313,-0.9277858
0.4570254,1.0988165,-0.9219098
0.28672832,2.9321656,-0.1972014
0.40750733,4.176289,0.8345196
0.2533329,3.0568666,0.544441
-0.6629202,0.26067048,-2.4346058
-0.76312345,0.20221168,-2.7029667
0.24022532,1.3474149,0.28792682
2.2408354,0.36229426,1.03601
2.1229074,-0.55318207,0.030194474
1.2525581,0.5319276,-1.2490464
1.0117798,-0.44021177,-0.2068952
-0.75784725,-2.2984414,1.4559147
-2.0657818,-0.29246208,1.5598497
-1.8032495,1.8488561,1.1761718
0.89377135,1.897085,0.31289604
3.1235166,0.9812742,0.9250321
2.8781862,2.1122968,2.0535476
2.0401306,3.1183372,1.6976069
0.8744431,1.3251477,1.7914379
0.952076,-0.7098584,1.4954976
3.8848972,-3.488869,-1.4804542
4.859594,-4.4963026,-2.6716964
2.8974934,-2.3238308,-0.7565299
0.78686637,2.7418823,1.1808391
-2.1149938,4.84303,0.9852073
-2.251601,1.9702693,0.035682045
-1.1492509,2.0473793,1.7626985
-2.2764688,3.164376,2.8828466
-5.1798563,1.2869384,1.576882
-7.311567,-1.6609294,1.7319084
-5.1892123,-1.4564453,2.424569
-2.366083,0.50749063,1.5746886
-0.1806798,0.79637647,0.32308933
2.576657,0.6894641,-0.60300577
3.827936,2.0258293,2.277226
2.5296896,2.8962085,5.208477
0.8317559,-0.7824171,3.2626264
2.4974658,-3.868254,0.037113693
3.8337166,-2.6219845,0.25662464
2.4665425,-2.6234527,1.8978604
2.8562493,-3.4862072,0.2410199
3.4222739,-0.36341882,-2.193534
2.895815,2.6128867,-1.7947948
2.381242,1.9062839,-0.23562813
0.93360174,-1.3074365,-0.8558282
-0.64705664,-2.8397481,-0.22703935
-0.03597636,-0.22508357,2.0641444
-0.65646935,0.3791322,1.8118916
-3.0335543,-2.1355722,-1.0165218
-2.619793,-1.431921,-2.133897
-2.0843284,0.95704144,-1.0859728
-1.532853,-0.28453788,-0.08477777
-1.1752005,0.06494721,0.876685
-0.42317998,2.8248622,-0.058281202
0.7242402,2.16375,-1.1249253
-0.32233936,-0.08127583,-0.05032286
-2.3613997,-1.7538468,1.8988526
-2.2488604,-2.0135684,1.9457701
-0.41670182,-1.6723028,-0.05977531
-1.2192295,-2.9883068,-2.063222
-0.4330917,-3.5820186,-1.0131443
1.7774926,-3.0061672,1.9364622
0.5603796,-1.493845,2.0197477
-1.2285753,0.9490473,0.95678824
-1.4511952,1.5779177,1.0351894
-0.23737526,-1.1133416,0.9898363
0.5394293,-1.3760768,-0.9610721
-0.2565205,2.8257642,-2.9719324
-0.46080258,2.6211517,-0.96465665
-1.2858886,-1.2225392,3.0664268
-3.460285,-1.4194276,4.0197234
-3.3113313,1.7234793,0.11047641
-1.465321,2.514545,-5.016871
-0.33571076,0.6558901,-3.8378499
0.53430426,-0.56289583,-0.069013506
1.6358031,-1.4422723,-1.800897
1.5427065,-1.6406077,-5.114058
-0.3985774,-0.57317597,-3.7915137
-0.43621916,1.2800106,-0.15141998
1.5665643,0.26745486,1.1852584
2.5860655,-2.8112526,1.8271699
3.545752,-2.9030638,2.12644
5.6034718,-1.9275945,-0.18553041
6.541223,-1.0843456,-2.9609776
4.612891,1.9430336,-1.1915174
1.558943,2.717042,1.9269354
0.60734737,-0.20766723,1.7938998
1.6046834,-1.4770554,-0.18710822
0.5784736,-1.3953133,-2.2483666
-1.320062,-1.6637831,-2.2938185
-2.4678688,-1.6104795,-0.32066613
-2.2339087,-0.8503216,1.6065105
-2.5109172,-0.84639525,0.5788879
-4.163728,-1.0425408,-2.4905615
-4.5255017,-1.0885806,-3.5421956
-4.132217,-1.2563146,-2.589957
-3.4998627,0.6805165,-0.6852619
-3.1438673,0.50522125,1.317364
-1.4355798,-1.5503708,1.1415234
-0.18981682,-0.7282901,1.2335079
-0.34972137,0.19417186,1.9492373
-0.24534947,1.0551264,2.1382017
1.7336286,1.9253647,1.7636429
3.715551,1.8382487,0.009579085
1.7903224,0.6651374,-0.40010715
0.7127614,-1.393832,0.8430537
1.8186423,-0.57359356,1.45543
3.7314153,1.3603002,-0.3552928
4.8438554,0.20036425,-2.6763377
2.7481346,-1.8844707,-2.5769506
-0.11763096,-2.016731,-0.80399704
-2.2435663,-0.12904915,0.18463731
-2.0699515,0.7832922,0.06808008
-0.23286563,-1.3783023,-1.0629878
0.97162294,-3.3918765,-2.07134
1.7927632,-2.630973,-2.3038454
0.9996369,0.45516443,-2.2380297
-1.169012,2.1241372,-0.52285326
-1.9804118,4.3104687,0.56239045
-1.1233339,6.917987,1.2758913
0.0303138,4.1392074,2.3470404
0.9319673,0.7794069,1.0746626
1.02986,-0.05989189,-0.87118965
0.9938296,0.6916695,-2.1242929
0.02450003,1.7390786,-2.101964
-0.95121247,1.6342123,0.6931248
0.030840157,0.55382633,3.6484146
0.080975294,-0.40710735,3.528031
-0.9463712,1.3960167,0.38525772
-0.90537304,2.5644836,-1.6242424
1.0826478,-0.7405872,-0.881814
1.1009189,-2.444074,1.223433
-2.8987176,1.1483665,2.8643599
-5.8819065,3.5530622,3.055773
-5.902717,1.071885,2.6380692
-2.8543653,-0.4459098,0.862749
0.082465135,2.033967,-0.5569709
-0.8319594,3.5456946,0.6473236
-2.9287477,4.0418477,2.275157
-1.8210799,5.5322328,-0.58864963
3.067155,6.0803456,-3.8728218
6.179838,1.52492,-2.8257053
4.0671487,-6.8648643,-0.029528553
2.1769683,-9.4663,0.961254
3.074672,-3.8001258,-2.2108955
3.158573,1.5516847,-4.222405
2.1022677,3.273584,-2.4101176
0.1234921,2.5900698,-0.39207378
-0.8600031,-0.6668696,0.38817123
0.08748093,-3.3376284,1.4448173
0.17111965,-5.6240554,1.1917192
0.060126625,-5.2470837,-2.7225392
2.1924582,-0.57334703,-3.98899
3.04272,2.8332937,1.1095365
0.19228598,2.5019863,3.8382177
-0.95039904,-0.102530666,0.9397613
-0.83584404,-1.4006633,-1.3072286
-0.93377733,-1.0498003,-2.2483
-0.86692625,-1.289804,-1.4238285
-1.9344761,-2.9993045,1.5620427
-2.8840108,-4.1746984,4.46979
-3.9609704,-2.9416714,3.3902133
-3.8895836,-1.0643002,-2.6430717
-4.0018535,0.12925194,-4.7496767
-4.9035997,0.041618783,0.23857693
-4.033156,-0.78908193,5.130751
-1.9448326,-0.8522741,4.128914
-0.042352494,0.30158046,-0.9749203
-0.016214844,1.2571633,-2.9685109
-0.028969243,1.3990371,-0.065758154
-0.10724517,1.37622,3.9405987
0.99039125,2.4972413,4.8687654
3.810749,4.5136776,0.8477481
4.9895673,3.5902987,-3.1684844
4.7607007,0.669841,-3.2417798
2.9607987,-1.3116162,0.8094127
1.7413616,-2.169846,4.689916
1.9165016,-3.1946442,2.7835855
1.7379965,-3.0183256,-1.3449185
0.87155926,-0.042926762,-3.2467313
-0.2593412,2.1088712,-2.356564
-1.1668733,2.1516156,0.72926766
-0.258752,1.2135978,2.6497653
2.8113685,2.3801062,0.71010077
2.7308874,4.310217,-2.3246922
-0.19621687,3.6219978,-2.3025243
-1.2770368,1.4197952,1.7140558
-0.20760287,0.85877264,4.699512
0.728289,1.5570886,1.7544978
0.76958823,0.072719336,-3.2738526
0.7530632,-3.263163,-4.2081347
-1.2709984,-5.747955,-0.22398102
-4.205247,-4.0373125,2.8286035
-4.3207164,-0.6030282,1.8429407
-1.1577913,1.2249546,-1.1244667
0.62925154,0.5216909,-3.086739
-1.116336,-0.4949966,-2.0570893
-2.4066484,-0.35481814,-0.019126747
-0.09397456,-0.21850571,2.0305645
3.5810523,-1.2122419,3.0521817
2.9021404,-1.9656955,1.1282452
0.5936435,0.967677,-0.8671238
0.88270915,3.2516515,0.23743635
2.6116786,3.1809838,3.216092
3.8646393,2.4515464,3.3646054
3.6242988,0.4053923,-1.705277
1.8544312,-1.3524133,-5.487264
-1.3758659,-0.3652693,-3.6266642
-3.1454096,2.8415396,0.6676361
-2.3870971,3.8654866,4.4633956
-0.14482388,2.031111,4.826089
1.601037,1.1022671,-0.43933943
0.8437434,1.2099546,-5.013956
-3.4012954,0.34163815,-3.3223848
-7.194807,-1.617492,2.1259983
-5.37661,-2.4243534,5.8328214
-2.2755446,-0.44796985,2.2339108
-0.32467005,1.7981496,-2.9754038
0.6171917,2.7161992,-4.6735725
0.7317476,2.013326,-2.7792027
0.5056749,-2.1338918,1.4376397
0.77350277,-4.78339,2.3942435
1.4105036,-2.9827323,-0.41942218
0.7810336,-0.62060905,-3.4581137
-1.6483219,0.19174781,-2.2493677
-3.2636898,-2.5119016,1.6723652
1.3464154,-3.6150546,3.9331052
5.6347938,-1.4394745,1.8042119
5.378451,-0.4337778,-2.8928235
1.5141469,-0.37684542,-3.045168
-3.5963414,0.71834654,0.26471415
-4.5866213,1.6849493,3.1168249
-2.6040437,0.8293845,3.4234436
-0.65370965,0.7576335,0.27081868
-1.6473681,0.89366674,-2.4049065
-2.691673,0.8336401,-1.5876876
-1.711954,1.9245312,1.7777076
0.27925596,1.9006594,3.5443397
2.2254663,-1.0748475,1.9650769
1.2432323,-3.043657,-2.324177
-0.82672787,-2.0976617,-4.858884
-1.7955271,-1.0150934,-2.1738832
-0.87780017,-1.1298262,2.2849584
2.176084,-3.0222118,4.0096164
5.0644846,-5.1704106,-0.6104974
5.1639814,-6.0622373,-5.7786617
2.996719,-5.2239485,-5.5288324
2.1728854,-2.1303513,-0.56433874
1.9187442,2.7076583,4.555439
2.1932974,4.778518,4.6313343
2.8497322,2.6152196,0.65747803
2.2009733,0.68063504,-3.201351
1.8080788,-0.5102739,-2.2194026
0.1860062,-1.423635,0.94166553
-3.2101848,-2.656429,0.9131301
-5.843568,-1.5503719,-0.92655206
-6.21461,2.201837,-1.9509697
-4.8840475,2.2764692,-0.809194
-4.2075653,-0.91771734,1.1961843
-3.937224,-4.940635,1.285668
-2.184358,-7.0275,0.35990593
-2.00513,-5.1813035,-1.6398449
-1.1546719,-1.1415504,-1.4733056
1.9406083,0.57140285,2.4384983
1.8484446,-1.2728099,5.668439
0.92399377,-2.6620805,5.5434513
1.8250184,-1.4330721,-0.22655563
4.930978,0.1330137,-4.3301196
5.800067,1.3685882,-2.1361413
1.9335563,4.9758964,0.7846177
-0.1968464,7.1249957,1.9654641
0.91434914,4.867298,1.8750997
2.836241,-0.14681047,0.08151015
2.8815062,-2.2082608,-4.0639806
1.8878424,-1.4199431,-5.7857523
1.8471408,-1.280015,-3.0270247
2.942289,1.3399562,0.34936166
2.8258963,4.636579,-0.997769
-0.01827888,3.1370132,-4.531875
-3.167128,-0.45669368,-2.9528077
-6.006964,-1.0160172,0.55181885
-6.131517,0.42453277,2.1120484
-3.0167632,3.892383,2.6118808
-0.08103711,6.2868342,2.186217
-0.037394524,5.844622,-0.3453165
-1.0260097,3.156703,-3.7326472
-2.0558755,0.8124264,-1.3172852
-2.9864166,1.0635594,4.365553
-1.0515423,-0.2290319,2.6763682
1.026194,-1.9809115,-2.5037484
0.97426546,-3.2742562,-3.355728
0.022843383,-3.9961956,-0.3632677
0.010434413,-4.2995305,1.6100152
1.0136012,-4.006554,1.7695007
1.049547,-0.28415492,1.5956594
1.0038317,2.9769104,-0.1284376
1.0937691,2.7687716,-0.3817543
-0.013026154,1.966622,1.9406923
-0.85054475,4.846161,3.6724775
-1.0357113,7.9768085,1.9839591
1.2065022,5.9271703,-0.2479466
2.957171,2.0290806,-0.98642415
0.23524179,-0.0023043756,-0.16282868
-1.0068661,1.1228272,2.0523534
0.2252386,2.0633957,2.908412
1.0625337,2.241892,1.1130503
0.19580546,3.1428812,-3.0416648
-0.85375094,1.3630074,-5.802492
-0.83500487,-2.75632,-4.011149
-0.7745451,-4.5162435,1.3010226
0.14876044,-3.6377115,3.0077956
1.2909685,-2.4055994,0.40680125
2.1485229,-1.4921021,-1.9566504
2.3453481,-1.3175156,-2.5171113
0.16164902,0.6807305,-0.8778298
-2.61416,1.7541922,0.512573
-2.803616,0.8559202,2.2523935
-0.59835356,0.83956325,1.5008183
1.261108,-0.99677706,-0.58567536
0.3863477,-2.0528774,-0.51961607
1.356017,0.12974028,0.5739745
4.3508444,2.0571027,1.4789857
5.456,0.24842866,0.7136171
3.3237855,-3.8422346,-1.490789
-0.46581516,-4.6345506,-3.1764336
-2.674175,-2.7556796,-0.42158857
-4.4268703,-1.5265304,4.903148
-5.6355777,-0.6734494,5.682255
-4.4287567,-0.43534055,-0.043750707
-1.5616767,-1.5967196,-4.181337
-1.4725186,-1.3613021,-2.0095196
-2.45755,0.48101342,2.9707673
-2.5408025,1.6800559,6.0239887
-0.35253602,2.575225,4.1255283
1.4047431,0.68094456,-0.93699205
-0.28856915,-3.3193996,-3.722985
0.40385795,-5.344856,-1.8860584
1.7139986,-2.219734,1.4150847
2.4525971,2.6210492,3.1836872
2.680427,2.8530338,1.5361749
1.5215544,-0.40147787,-2.7306528
-0.3617065,-2.1140816,-3.361048
-0.4126688,-0.4042814,0.37948987
2.6116335,-0.12623584,2.7037048
3.628913,-0.3901075,1.5317967
1.6122211,0.8343777,-3.2793968
-0.35446924,0.6159795,-5.2799554
-1.3629881,-2.210623,-2.2913225
-2.363787,-3.400945,1.9129119
-1.3132279,-0.24408531,2.7020407
-0.39157853,0.54364014,-0.9236927
-1.2593007,-1.2621629,-3.270058
-2.4097376,-0.53533244,-2.811278
-2.2297673,3.7142563,-0.19875647
0.60580915,6.3820724,2.2507908
1.7590592,3.6673121,1.9120429
0.65985006,-0.6847355,-1.7338134
-0.28551206,-3.4164035,-2.9445171
0.7393318,-2.7315345,-0.74783045
0.6533765,-0.5325058,2.202116
-1.1782645,1.2326093,2.2470045
-1.3946706,1.3323305,-1.6880314
-1.1196271,-1.8057503,-2.7136755
-1.4124148,-4.813266,-1.6349869
-1.0927747,-2.8480763,0.36884174
1.6066118,1.0337027,2.3809495
3.8986824,2.0953076,2.4698749
3.6605978,0.8907552,0.38279453
1.8630308,1.0086393,-1.4304966
0.73995286,2.7733347,-0.608703
0.8095531,2.8763754,1.6475013
0.8348871,3.693429,2.4255843
-0.25160775,3.701691,-0.3122826
-0.06767326,1.6303009,-1.5038035
0.6981756,-0.48580998,-0.30805996
-0.99428403,-0.44640124,1.5867534
-2.316836,0.3418265,1.6863776
-1.9595513,-2.5649557,-0.33252186
-0.29531002,-4.795904,-0.3011993
0.04190076,-4.728536,0.718239
-0.24942464,-2.9155111,0.73680156
0.028218212,0.08733184,0.7384902
-0.2018636,0.96084845,1.8005096
-0.9801842,-2.101542,0.72701347
-2.1679878,-6.178553,-0.118978314
-1.9732893,-5.283312,0.7070233
-0.15318082,-0.33950287,0.94322145
2.050646,2.543392,0.7110701
1.8445563,1.4809928,-1.037382
1.0840265,-0.61726445,-2.2496998
1.8409474,-1.7198539,-2.063344
2.1069005,-1.7613947,-0.18229991
-0.14575787,-0.93992645,1.8759543
-2.8964472,1.1130513,1.8986202
-2.0999637,1.8254129,-0.20643455
-1.9363811,1.9971507,-1.0220927
-2.02769,2.599295,0.70613414
-1.9852763,1.8667929,2.0341127
-2.9688942,0.40635312,1.6317412
-3.0025458,-1.2909894,0.05254546
-1.9543538,-1.744495,-1.4204649
2.032273,-1.4757209,-2.9759555
4.0123405,1.141786,-2.447679
4.104807,4.330601,-1.0467362
3.9661493,3.0434318,-0.4660053
3.1719518,-1.849424,-1.13905
3.9479604,-4.0535893,-2.4983726
4.2056,-1.0002418,-2.2330883
3.9706867,0.83774674,-2.5580785
2.2061484,0.88436687,-2.327814
-0.9769497,1.7298261,-1.6308683
-2.8135915,0.78799295,-2.4456577
-1.9080927,-1.3673201,-1.695312
-0.84462166,-0.28600246,-0.59276503
-1.836049,2.5460422,-0.75843483
-3.873444,2.656141,0.24730891
-3.777937,1.4807998,3.169566
-1.8829387,1.6120356,5.0819716
-2.7537842,1.4354495,2.0868845
-2.8614502,0.5808481,-2.0884159
-1.7573415,1.4175087,-1.9962132
-0.8343092,1.5584596,-0.27398708
-0.7534147,0.41997963,0.92405134
-1.8352246,1.559991,1.5358554
-0.71280193,3.4306479,1.8338823
-0.8784728,3.5854325,0.3578139
-0.64009386,1.457149,-1.2853848
1.065277,-1.3768759,0.21738683
1.4262489,-2.4915438,1.5446032
1.0346553,-1.3369092,1.1263008
1.4595764,1.5898947,-1.6721418
5.0496855,3.7009122,-2.9297214
7.451208,4.6973066,-1.9091604
6.108301,2.7457478,0.014763746
3.4135716,-0.19284359,1.874709
3.1949706,0.8240061,0.9231225
4.362286,2.892447,0.7068438
3.2893825,2.944754,0.7867377
1.3149052,-1.0465823,0.58002067
-0.62181634,-3.9097035,0.625096
-2.7278175,-2.9856145,0.47485998
-4.5403643,-2.776303,0.45521048
-5.766327,-0.90113336,0.38005376
-5.4732103,3.3353114,0.2863641
-5.7921596,4.1978755,1.2878932
-7.438416,-0.57323086,2.1299477
-5.787367,-4.6898227,0.18450685
-2.4464808,-4.501788,-2.0016294
-0.7563158,-3.5760262,-0.9356557
-1.4824048,-3.4443505,1.893914
-1.7153305,-1.4640307,2.922916
1.4723101,1.5986853,1.8231949
3.324063,2.6367726,-0.24392776
2.4207015,1.6364928,-0.21613556
2.3739045,-0.28156176,-0.42529958
3.3525455,-3.328581,-0.24897562
3.4401655,-6.2252455,1.4164137
2.269679,-5.2898984,-0.31621832
3.5204334,-2.1977537,-2.6921914
3.1858616,-0.25380188,-3.4233038
-1.414479,-0.1872287,-1.7635287
-2.8613386,-0.2328721,1.4483997
0.60837895,0.8185205,3.184061
4.1380143,-0.23613161,2.3131418
1.5886011,-0.180983,0.13934323
-1.8245797,2.7543442,-0.82037556
-1.4520969,2.7887383,0.09446279
-0.78320545,0.75627065,1.0544266
-0.48486462,0.7275727,0.042597
0.24567416,1.7627534,-1.0579848
0.49769258,-0.35919395,-2.0151758
-0.7472186,-1.23452,-3.166829
-0.4966205,0.55252206,-2.0678442
0.23745374,-1.2719219,-1.2752762
0.51928437,-5.5057144,-2.1252673
0.2209789,-7.3638005,-2.3639085
-0.47989285,-4.530044,-2.2046392
0.22553949,-3.5054727,-0.42381236
0.4890648,-3.5368302,1.6980304
0.25723836,-0.65911597,1.5357056
0.42794028,1.4328637,-0.4048616
1.3086598,2.2081943,-0.49406052
0.34574077,3.3670566,2.498019
-1.6359576,5.1048207,4.4768796
-1.7361189,3.2644536,3.415033
-1.5993906,1.0269163,1.4471601
-2.802294,3.1466208,0.34791583
-4.5905576,4.951949,0.41264498
-4.846178,3.0283222,2.3020937
-3.6147518,-0.120459475,3.3728957
-1.8641388,-1.091095,1.2710373
-1.6697354,-0.19108418,-2.6626165
-1.8614831,0.78910875,-4.7552595
-0.74193645,2.7399292,-2.6858532
0.14949645,2.6757174,0.21668813
1.1798657,-1.3455284,1.3033077
2.1700306,-3.4108448,0.19281955
2.0926733,-3.456458,-2.7039192
3.2053392,-2.4814758,-3.8222594
5.0030274,0.429525,-1.7051773
6.2424736,2.4429033,1.1646951
6.9313207,1.3240094,2.306688
6.263896,-1.6431812,1.1498413
4.8909636,-2.768922,0.3330086
2.2623274,-0.7430478,1.1360313
0.8799563,1.1540235,2.3681507
2.2457461,1.1375268,1.1323528
2.8842382,2.1012971,-1.6000466
1.2196825,2.9950817,-2.843891
-3.0967903,2.0659764,-2.5898643
-8.825661,-1.1548003,0.22019553
-10.059686,-2.9726532,2.3976505
-6.887354,-1.2866386,3.312322
-4.022032,-1.0409786,2.3872466
-2.9469721,-2.3829906,-0.5995384
-2.9991844,-4.1404524,-0.59138423
-1.9966283,-4.454086,1.4671042
-0.99328864,-4.252813,2.4634128
-1.0388883,-3.5221696,1.5189114
0.0025995949,0.6486779,0.54243773
1.9251707,2.397593,0.5641631
1.9866905,-0.4369742,0.6344612
1.8986607,-0.67744935,0.6120967
3.9658062,2.4820783,0.7310057
5.8731503,3.250843,0.6671945
5.946088,1.4145497,-0.17465267
3.8513348,1.1850201,-1.2663443
0.9212295,1.3593096,-1.0887424
-2.157589,-2.874922,0.81518
-4.1209755,-4.685047,1.982898
-2.1411026,1.0935152,0.9123155
-1.1855283,4.2531943,-0.9604465
-4.1096115,2.1053512,0.020795826
-6.252181,0.18727432,2.0872178
-4.0817957,1.1394275,1.1249418
0.69142807,3.1357443,-0.8605332
1.935623,3.1847951,-2.78273
-1.3509235,2.1091979,-3.811323
-3.0556471,0.23707534,-1.6926498
-2.3740635,-1.8937422,1.2273674
-0.07120831,-0.70029956,2.3906157
4.649579,2.1317978,0.26563436
5.870141,2.3579924,-2.5511086
3.7229893,1.2026658,-1.6778353
1.7866738,-0.59680337,-0.53412634
2.8198142,-1.6842557,0.39694172
5.7085147,-1.5543609,1.4565561
5.9118104,-1.541331,0.4654902
3.65938,-2.5037107,-2.559076
-0.016081734,-3.3782833,-3.4897664
-2.3572438,-2.4350173,0.4356112
-2.9609196,0.79472476,4.513174
-2.3520894,3.6637921,5.4499288
-0.91124773,4.962333,1.4753104
-1.337032,4.8133135,-2.531017
-2.8646357,2.1033077,-3.5785878
-3.308593,0.028519858,-3.541389
-1.8308499,0.21310759,-0.61942476
0.7415311,2.3039055,1.403994
1.183505,2.303253,0.34661183
0.81228346,0.61833763,-1.6783867
1.1878018,-1.5962007,-1.7004969
0.88794446,-2.0701706,0.22916366
0.1950005,2.5567648,1.2207638
-1.0373622,4.2047305,1.1421398
-1.7966828,1.7683893,-1.8974092
-1.9569978,-1.5401986,-3.9467103
-0.7987625,-3.994161,-1.0346049
3.141843,-3.277853,1.938825
5.1805153,-1.7505403,0.8243745
4.2535934,-0.0037269164,-3.2059152
3.1578767,0.5037023,-5.3196425
3.3555188,0.26518998,-2.3813996
4.1513367,1.7871354,1.5373232
4.4287634,4.508968,0.4064651
4.175924,5.1132665,-2.5989294
1.4569879,0.713951,-3.8352833
-1.7649724,-1.5152314,-2.744893
-3.5584164,-0.108625926,-1.0822924
-2.686483,0.86784226,-0.9205643
-1.6023493,1.076739,-0.31463793
-4.6117873,0.23096733,-0.1338501
-10.658234,-0.7141129,-1.529716
-13.558408,-2.438256,-1.3792382
-9.71229,-2.4814062,2.2758904
-3.5426,-0.13482374,4.3428507
-0.7520512,0.76047707,1.1023374
-2.5717537,0.14666636,-2.9580739
-2.7733078,0.010962347,-1.0538495
0.36075622,-0.6010818,2.7286282
3.2111967,-0.73242474,3.7887933
4.2747064,-0.36983433,2.438976
4.190851,-1.486894,-1.4018017
3.1816914,-2.1491923,-2.8030682
1.1580346,0.73977417,-0.62976253
1.0922446,6.0617194,2.997859
3.112513,6.944051,3.12156
3.0047944,1.2577928,-0.17846912
0.056785263,-4.867654,-3.1174238
-1.0765364,-6.5699944,-3.3621094
-0.008374431,-5.694323,1.6816438
-0.15829349,-3.4290917,5.4353476
-0.07445327,0.47516796,3.5157998
0.7618741,1.6662042,-1.7670267
-0.1513917,-1.3570403,-3.6367483
-2.3055193,-5.279313,1.0565052
-3.2422502,-5.200958,5.202935
-1.3602978,-3.2527122,4.9193873
1.655458,-2.0789165,1.0370302
1.5971748,0.7739479,-2.188259
-1.4590868,2.9882307,-2.119974
-2.4274414,3.8059163,0.71830225
-0.58672565,4.0091867,4.7479134
1.5610706,1.8331852,4.6289077
1.2859514,-3.010159,-0.35873756
0.5473909,-5.1471996,-3.4513679
1.1816037,-3.0591614,-1.4418097
1.5071285,-0.15390456,2.4711955
2.1231983,-0.11383239,3.5075924
1.4297298,-4.20712,0.38788527
-0.88795686,-6.1588287,-1.5065247
-3.6773865,-5.3062873,-1.6976029
-2.862955,-3.2081306,-0.5034176
1.2051578,-0.42329836,2.2432997
4.173466,0.71544915,2.4878018
5.1032724,2.4591928,0.22747111
5.201443,5.6115355,-2.5390813
5.0325665,6.339991,-1.7501667
2.207886,2.4850705,2.426236
-1.0006745,-1.7784816,4.29489
-2.803187,-2.6586294,2.3934515
-3.0111089,0.096807234,-0.64137805
-2.814392,3.1949172,-3.6385028
-4.0169206,1.9561855,-3.56657
-4.812107,0.05155861,-0.6537198
-4.0264883,0.8092873,1.4941998
0.20290577,-0.102113575,0.3720696
3.9711442,-2.335338,-3.4830883
4.208296,-2.257458,-2.5459194
5.0022073,-0.48917118,1.4999055
5.1872144,-1.4024056,2.5741234
5.0635505,-4.6611395,0.46851724
4.1594186,-2.5236995,-1.2908868
1.1261182,2.149507,-1.559484
-0.8507681,4.360448,-1.1616082
-0.827605,4.978623,-0.5615639
0.16124147,4.2205896,-1.0594273
0.19975086,2.8477285,-2.5211682
-0.8080966,0.047885623,-3.9973187
-2.7893648,-0.24125361,-2.4295466
-4.7687893,0.857351,1.0229249
-6.784311,-0.31512865,3.7073994
-8.737226,-2.3182447,3.0144274
-7.7712812,-2.3995397,-0.1268658
-4.72231,0.54133487,-2.0034008
-2.748955,1.4930543,-0.9504979
-0.7239967,0.4392991,0.9870815
4.2880344,-1.6239635,1.2198557
7.2562194,-3.6472738,1.0024774
5.331295,-2.724308,0.3733969
2.24035,1.2621114,0.045661017
1.360439,4.2098145,1.5128495
3.2446225,2.1521804,3.115213
4.3662863,1.1902661,2.6348479
4.2730546,2.0296378,0.21723491
2.3541856,1.192814,-2.2668333
-0.68913954,-0.07313801,-0.64697486
-2.6577919,1.1918154,1.815195
-2.660758,2.8668919,0.50223553
-0.65571755,0.16285786,-1.0959402
0.34716344,-1.1306548,-1.3500017
-0.6367298,0.10612445,-1.0003278
-2.6640642,0.91215384,-0.19875032
-3.6076546,0.05307131,2.0960238
-2.6871045,-1.0351509,2.9633482
-2.5758455,2.02793,-1.8197734
-2.7205517,5.0126657,-4.857466
-1.5349315,3.0302348,-2.7358057
-0.77343804,-0.9371496,0.30762303
-0.47994697,-2.9444628,1.3822337
0.15809913,-2.888696,-0.5680215
1.582246,-0.8941974,-1.4499673
1.0860472,1.1613239,-2.4873908
-1.3638893,1.1705949,-2.2466805
-2.965731,1.2204168,0.5801973
-2.34132,3.2454944,2.9559
1.0243889,4.288545,2.6675756
1.640255,2.3242133,-0.8670736
0.05412783,0.37307557,-2.2081807
-0.39851913,-0.59976727,-0.71993643
1.0972433,-1.5303794,0.94532144
3.5702806,-3.5198946,1.4120685
3.1345155,-5.4330306,0.11583988
1.5586615,-3.4290607,-1.4628044
1.1673317,-0.33804604,-0.70205873
2.557669,0.66142654,2.661949
3.2105918,1.7703398,5.4844394
1.5504359,3.7370303,4.793022
1.280784,4.8962584,0.6699023
1.5286318,1.7974201,-2.0672786
1.3715265,-0.9708372,-1.1439155
0.5088762,0.8628448,0.074663244
-0.53961855,3.1389217,0.045586564
1.5090572,2.9539871,0.22072981
4.535302,-0.78557575,0.23384494
3.5298274,-4.9319563,-0.630577
-1.4046204,-6.738912,-0.57701033
-4.4290686,-5.8078294,1.5191417
-4.359401,-4.7081504,2.611463
-2.380279,-3.6931686,-0.3325307
-0.3109951,-0.67237467,-3.2008376
-0.3461908,1.3921686,-1.181634
-1.2436781,1.3769134,2.9768038
-2.338152,1.4485404,3.9752874
-1.1568366,4.434609,1.1428698
0.6517862,5.485954,-0.86326844
0.9305025,1.4796376,-0.7011143
-0.35286793,-1.4688712,-0.70684355
-2.0066974,-1.5072839,-0.54726374
-0.33238193,-0.4131765,-0.5591835
2.020657,-2.5174963,-2.4006789
1.7115055,-5.3656974,-4.4182534
-1.9767762,-3.5250819,-4.2599587
-5.2368245,-0.3528881,-1.291632
-4.980127,1.4833999,1.8829856
-2.198471,1.626266,-0.18669443
2.029928,0.5006219,-3.9736814
2.817013,-0.42238328,-2.0908082
1.049666,0.52286386,2.156425
1.8252313,1.5072515,2.998275
5.0623403,0.5399059,1.2810253
7.83629,-1.5711162,-0.9234516
6.066213,-3.4601917,-2.6033266
0.84483594,-3.6483233,-2.8488941
-2.9299393,-2.4823663,-1.5007318
-4.158792,0.27759928,1.2245575
-2.9248164,1.4797746,2.5903614
-2.1683044,-1.804902,0.2931578
-3.933201,-3.562202,-2.3254871
-5.1697555,-0.89275897,-2.639934
-4.963958,2.3785422,-0.2578712
-2.1659987,3.031829,2.441221
1.9951612,2.2904074,0.7798488
3.8266113,3.9798918,-2.4557202
3.9573004,3.1718373,-3.2063003
3.8031726,-1.0614648,-0.34424138
2.9222133,-2.9473505,3.8020403
0.7647634,-2.1199267,2.7636094
-1.1100154,-1.0496199,-2.1908398
-3.28467,-1.2023696,-3.1251142
-5.1505313,-0.13026954,-0.1879944
-5.3273335,0.69434124,0.9846582
-5.216554,-0.20118485,-0.1772588
-3.3522835,-0.41039923,-0.9115854
-0.30667907,0.72322506,-0.156963
0.63363224,1.4933401,-0.8111963
-0.41242766,1.6360734,-2.131193
0.6279973,2.4162478,1.2967646
2.474968,1.5300317,3.9001741
2.6155808,-1.640058,1.3942486
1.3813897,-3.5894904,-1.027719
-0.42515326,0.31801182,-0.5472774
0.324803,6.2887754,3.101283
1.5014762,6.273287,4.4718995
1.30067,2.1809764,2.2778761
0.41135612,-0.7790053,-1.5263035
0.29322863,-1.9176528,-3.525863
0.3227888,-1.8364552,-1.5107192
0.28380516,-0.0053157345,1.6624388
2.2577438,3.097344,3.5414705
3.2577012,4.918022,1.8286713
1.2212675,2.0222137,-0.36445418
-1.7808268,-3.1530533,-1.0218289
-1.7919637,-7.0503087,-0.24188522
-0.82228464,-9.236557,2.1267412
0.19963974,-7.1074343,3.89727
3.1611185,-2.334101,4.278768
4.171358,-0.15679125,2.0553489
3.1792877,-1.4368703,-1.575614
1.1300975,-2.2016022,-2.7559044
0.21344513,0.458541,-1.4467965
0.100464575,3.7571309,1.4644247
-1.7647225,5.3518767,2.6714308
-1.8949254,6.726265,0.7010989
-0.76508534,5.2433405,-0.207024
-0.8625338,0.69518465,0.94444937
-1.7759228,-2.8447697,0.91703045
-1.8129963,-3.3568246,0.19259362
0.2083873,-0.8967966,0.050601717
3.2487526,0.56277585,0.4287194
3.1933737,2.0851257,0.2092772
0.31096455,2.4711077,-3.362228
-1.8033428,-1.926661,-5.6037426
-2.6460369,-4.6085825,-3.172302
-1.7688327,-2.935243,1.5906222
-1.6256522,-0.69089067,5.0182214
-1.7104661,1.0774624,2.77705
-0.6123514,1.2171094,-0.7889418
0.3530115,1.1074017,-1.034908
1.4083897,1.1289741,0.3865056
3.4131145,1.1366727,2.1689837
4.4434123,3.0637186,1.5393606
2.459856,3.1553202,-0.6199986
0.5021929,1.0166751,-0.31837663
-0.50953895,0.18047822,0.5866665
-0.4240034,-1.0286175,-0.18788226
-1.4781287,-2.7831917,-1.2052803
-4.358944,-4.064207,-1.0771613
-4.422842,-3.7496562,0.0049060094
-2.3180866,-1.0760562,0.013239025
0.6563795,1.2707121,0.2108345
1.7115378,1.9407016,0.09514521
-1.2598381,1.2794595,-0.6114091
-2.2549465,0.98136455,-0.8052258
2.8241346,2.2828803,-1.4885606
8.779638,4.0404267,0.32682
9.907262,3.2867312,1.5786307
5.8226347,1.108941,1.4699007
0.977684,0.3048718,0.6247552
-0.116930045,0.17048383,-1.4187086
-0.9714,-0.6507681,-1.3150979
-2.047379,-0.78539693,-1.3623545
-1.9207463,2.4281619,-3.2357056
-1.998136,4.235403,-5.3573594
-0.8515898,3.5310848,-4.145997
-0.9778544,1.2572793,-1.3919652
-1.7755593,-1.3788007,0.9330861
-1.9657724,-1.6867667,2.5622303
-2.7220984,-2.3293788,0.97385854
-1.9408252,-1.5876577,-1.4765849
-0.7031176,-0.3145887,-1.030424
0.093731694,0.5292872,0.49614885
-0.7083564,0.69523925,-1.0867409
-2.8787193,-0.36991584,-2.512549
-3.7217793,0.7248188,-2.1892684
-3.8703828,2.6976604,-1.5198083
-4.738036,3.773977,-1.3144162
-5.881365,2.7381775,-0.5458331
-5.7558064,0.8273513,1.5592978
-4.9101233,-1.2336063,1.3925374
-2.7778654,-3.13767,-0.55681753
0.056700192,-3.1989496,-1.7024455
1.1836044,-5.136374,0.33008638
1.0345528,-6.163477,3.1836205
1.1242193,-3.148026,2.2055993
4.0277414,-1.1578443,0.064609975
7.0528507,-1.1548219,-0.9305149
5.0272975,-3.1830277,-1.0678796
1.9808469,-4.1723113,-0.064941585
3.03817,-2.2153876,0.7802085
3.9018846,-1.2245395,1.8028723
3.0599673,-0.23944668,1.6180853
1.8354151,1.6891924,-0.3412146
1.0669345,1.736922,-0.53687465
0.8076385,-1.4223585,0.4939447
-0.9620139,-2.2917142,1.3145425
-1.1680192,0.45640448,0.3197342
-1.0258415,1.6524084,-0.84356326
-0.111010455,1.3480067,1.1558539
0.90949714,0.5623163,2.9737535
0.93593776,-0.74876565,2.0078635
2.8844593,-2.5554025,-0.22916216
2.9438426,-2.8377223,-1.1302277
0.9069372,-0.69196653,-1.4460317
-2.07737,1.0739545,-0.26962
-4.0449195,0.16078687,2.3429968
-4.1030517,-2.0161874,1.5676916
-3.9961057,-0.9930184,-1.8483961
-3.1130328,2.8944862,-2.6213405
-1.959187,3.8438122,0.9790597
-0.103285864,0.8098427,3.1637537
4.0658402,-2.322192,0.82046837
7.929055,-3.275941,-3.0650768
7.0711555,-2.4846556,-4.3383374
3.9905,-0.3639915,-3.2939122
1.059706,1.3643509,-1.5134113
0.06522363,2.5355217,2.495212
0.053936753,3.2431726,4.286268
-0.8742846,1.4072347,1.2968735
-0.92233485,1.1619202,-2.9226353
-1.8456908,2.260764,-4.903534
-2.867989,2.0974178,-3.1305068
-4.837562,1.127976,0.89025676
-5.8093567,0.023671325,3.6671736
-2.8177931,0.029788822,1.6764268
0.22176751,-1.0713421,-3.5285704
2.231996,-1.0312722,-7.5392613
2.2224321,0.82474214,-5.7253404
1.3020157,1.9238302,1.2573917
0.2092649,1.7338152,6.065129
0.37057224,0.8793269,6.075278
2.207565,-0.33152226,2.8472886
3.4112449,-2.1760037,-0.094609596
3.2398458,-3.3604522,-0.36470968
0.40780875,-2.250215,1.7362341
-1.6886134,3.6508095,4.442257
-1.6348944,7.6639495,3.5600402
0.40556648,4.67961,-0.7292089
1.305686,-0.4019113,-4.617658
-1.5059314,-3.3004823,-4.88656
-4.744417,-0.43679565,0.20893495
-6.4432154,3.7141159,5.9715104
-4.776896,3.5428653,7.0312405
0.5919235,-0.25629446,3.8569436
5.2095895,-5.480424,-1.1591065
4.593688,-5.2084455,-4.2294555
2.2199829,0.5043195,-3.3580348
-0.43230787,4.8331966,0.7049519
-2.7652879,5.5200973,2.4450808
-3.4583616,2.8530731,0.6406799
-3.7714405,-0.42980635,-0.7239143
-2.4671977,-4.146342,-0.449197
-2.8012447,-4.360203,1.153682
-3.471913,0.85931116,2.4225636
-0.8262415,2.701121,4.083448
1.4999413,-1.1188462,3.2572699
2.170898,-3.2431045,0.049821466
1.4489412,-1.0865185,-2.9210029
1.1826569,-0.19655374,-2.9783437
1.3898007,0.9540193,0.9159551
0.19515166,4.8573112,2.973818
0.3354732,4.976942,0.77994937
3.206475,0.9295449,-3.097592
3.286157,-3.0110025,-4.3329644
-0.78858984,-2.9999044,-2.1897156
-2.7428823,-0.98861116,1.569239
-0.8011169,-1.9557719,3.7069008
3.248732,0.058757078,2.4721699
6.178307,5.065902,-1.3940713
7.2477756,5.1044664,-5.639896
5.1671777,0.090134025,-4.483077
-0.7686804,-4.8654656,0.23296878
-2.8170753,-5.8819337,2.4261684
-0.8022931,-4.851394,1.1074655
0.20548846,-3.8550491,-0.6802181
0.17118353,-2.8452547,-2.0058396
-0.7834929,-3.8369327,-2.8170233
-1.8444767,-5.847445,-0.09165414
-2.783554,-3.821211,3.0086908
-2.8553038,1.1411389,2.8427224
-0.7900184,5.183783,-0.1873019
2.1330204,6.1382084,-2.2207854
2.1992168,2.1645138,-1.386666
-1.8838067,-3.847302,-0.30158463
-3.8150904,-6.878267,0.42637458
-1.8982271,-2.8179514,0.59180236
-0.8520607,2.069519,-0.74500334
-1.8909295,2.2021873,-2.5446966
-4.9212003,2.042062,-1.8945049
-5.864564,2.1911988,0.28485215
-5.0066934,2.0456555,1.9759043
-3.8443286,1.1587943,1.0890466
-0.07721567,2.067046,-1.1466321
3.149568,3.1277099,-1.1166253
3.8749063,0.07830354,0.7248213
3.1244836,-2.8747013,1.6763216
2.842329,-1.9334335,-0.41290978
4.0897784,1.154518,-3.531175
3.8225713,0.035406426,-3.5582237
2.043502,-2.7943609,-0.738787
1.8267863,-1.9914,2.2849452
2.9751916,0.25022325,2.0642638
3.860851,1.0093904,-1.896181
0.88740915,-0.72223365,-3.1102808
-2.0889175,-1.9566004,-2.0995078
-0.19519038,-1.7099786,-1.2799436
1.9486177,-1.8931835,-0.29423383
0.7449416,-1.7071424,-1.4697794
-2.0337965,1.2007399,-2.4660645
-2.2912936,4.2880163,-0.6774521
-1.0371451,5.3188424,3.3782246
-0.31053686,4.2918735,6.1086917
0.94786555,2.4444058,4.2303734
0.68083185,0.32317427,-2.0993812
-2.0841646,-2.4393792,-6.9209538
-3.3083384,-2.6032743,-3.2856658
-2.1378143,-0.3373945,3.916259
-1.2825607,2.5077217,6.5486355
-2.2059412,4.760904,2.755002
-3.2476976,4.6468453,-3.6068244
-4.280416,1.8607345,-4.3989964
-4.2174,-1.1898015,1.2534094
-1.3407818,-1.035281,5.44489
1.7911737,1.9951979,4.13846
3.624802,3.0727942,-1.7110986
1.7792368,1.1965885,-4.9630475
-1.3925425,-0.8058262,-1.8456107
-0.2352494,-0.6008014,1.9264823
3.5949268,0.341894,3.058297
5.752732,-0.41381866,0.80472034
5.5908523,-0.47149295,-3.0050073
4.7421584,-0.24980362,-4.3197937
3.5948083,0.7448238,-0.041495133
2.7317379,1.908371,4.5644617
3.6098702,1.9648099,2.9313216
4.7188163,2.0824723,-2.520456
2.6331265,0.17046456,-6.10077
-2.2966573,-2.7250378,-3.5672092
-4.3379936,-3.6340938,1.8638012
-1.3128502,-1.526011,4.419682
0.68777,1.5587568,2.8342178
-1.3303647,0.67154354,-0.5646919
-3.2858276,-2.2538545,-2.1862187
-2.3573205,-1.1247811,0.4792772
-1.2586918,1.917742,4.807613
-3.3964608,2.082159,4.5464997
-4.2332764,0.08019475,0.81759477
-2.4369102,-1.7140431,-1.3545083
-2.2340834,-2.7686265,-1.1682222
-3.4554198,-2.5143197,1.7826824
-4.274632,-1.62566,4.8547993
-2.4483614,-0.3287842,4.945393
-1.3495871,0.52048,1.9009588
-1.4304588,-0.17294967,-0.88202506
-1.4302938,-0.318453,-1.0142097
-2.4320168,-0.053570997,0.28153834
-2.4890418,-0.14527299,2.1239169
-1.4657427,1.0333531,0.42763606
0.48109952,4.036932,-2.6925538
0.4744189,5.087463,-2.4260333
-0.5298698,4.2202053,0.5119768
0.41158333,2.1253183,2.7373934
2.458101,-0.6232704,1.7236774
4.365731,-1.8275563,-0.0754478
4.437266,-2.5166852,-1.061518
4.342147,-1.7617823,-0.87044543
4.413548,0.53645915,0.16335931
3.3324895,2.316503,1.3418362
3.3967736,0.53994644,0.40716007
4.3373675,-1.6052951,-2.454279
2.380316,-1.4883584,-1.3175962
-0.63893056,-1.5555317,1.7362118
-0.6315241,-2.5266383,2.973445
2.393063,-4.5501328,1.9378563
4.36935,-5.5702763,-0.748167
1.4255041,-5.5892787,-2.8294995
-1.6170228,-4.6270447,-2.5013351
-1.5334666,-1.6626745,1.4464004
-1.6110357,1.2945153,3.7053454
-0.47140357,2.2325714,2.7578025
1.3877273,0.1978161,-0.11027797
0.5950968,-3.9075673,-2.924319
-2.606456,-3.91527,-1.9244636
-4.3467364,-0.071491495,1.3803892
-0.5879237,0.9359921,2.2709398
2.7016888,-0.23887977,-0.33785886
-0.5693719,0.745646,-3.5154064
-4.245162,3.5922751,-4.093426
-4.555135,2.515208,0.7239094
-3.2014697,-1.5806063,5.1123557
-0.52776676,-2.7405329,2.974887
1.822311,-1.7702065,-3.7032237
2.5134172,-3.013246,-7.7820883
0.8296578,-4.977364,-4.526482
-1.4379632,-2.2950344,0.44107747
-1.1715974,2.7948046,2.6422966
0.61220765,2.4157524,2.653123
0.820226,-1.4530513,-0.20834073
-1.3349513,-0.86647785,-4.145149
-3.1956513,1.2689447,-3.0753114
-2.2780778,0.8583579,3.0465806
-0.21976745,0.9780858,5.034785
1.7800008,2.5817528,0.22786182
1.7589923,2.6772757,-4.8678355
-0.17789571,1.3068612,-3.6172616
0.7589926,0.3739725,1.2322983
3.838329,-0.9721649,1.4932529
4.779949,-1.9274728,-0.65182674
1.8347092,-1.2483319,-1.4396498
-1.185163,-1.2313917,-2.533547
-0.18105058,-2.5188563,-4.404213
1.8559722,-1.5325453,-3.4183729
0.792565,1.2191252,-0.39167488
-1.0963048,0.16503678,0.6774854
-2.2400951,-3.0296223,-1.380585
-3.0569248,-2.1286597,-3.264655
-2.2633393,1.7275696,-0.3524217
-2.03503,2.592243,2.74529
-2.2807329,1.4911636,3.6903148
-2.0176387,2.3402317,3.7273781
-2.3085403,2.250358,1.7261851
-0.99374944,0.12169537,-0.30365023
0.65470415,-0.9853617,0.75224406
2.0229318,-0.069857396,1.6566652
2.6332026,0.79029346,0.755578
1.0066966,1.7631607,0.63119245
0.6481513,2.5897331,-0.28342676
0.9506376,2.605518,-1.3726137
1.6916844,3.4312208,-3.3563015
2.87442,3.4481883,-3.3760374
2.741836,3.3145504,-0.43008232
0.7971106,3.3037417,0.58477765
-1.2175163,1.223593,0.5242243
-1.2663248,-0.8159454,-1.4994396
-0.20135552,-1.8424318,-3.501715
0.69542813,-3.917563,-2.6066997
-1.2160423,-4.8797164,0.46959025
-4.31943,-1.9966905,3.2847083
-6.2519517,2.1031845,2.4239101
-4.3282943,3.9509556,0.18451503
-0.28476527,3.1066196,-0.63718575
0.6417385,0.92470324,-0.9116494
0.7084152,-0.871188,0.28973785
-0.41463974,-2.0717082,3.0035312
-2.283783,-2.8353999,4.194746
-1.4746791,-2.0327644,2.9390562
1.7212033,-0.7881567,0.07652298
4.47399,0.03818408,-0.10953094
4.7175565,1.2776858,0.9502296
4.4370537,2.1359005,-0.16738373
3.7064884,1.3637993,-1.1552174
0.40924397,0.26016897,-2.253906
-1.3087246,0.47307,-2.235588
0.39999,1.4064279,-1.3599265
1.6526432,2.6079597,-0.30692026
0.42772046,3.5755038,1.53269
-3.4198875,1.7672014,2.6164043
-2.510566,-2.2368813,1.4337872
1.4946616,-4.0415196,-1.4714297
2.5433748,-3.037171,-3.6505647
1.4447627,-0.8199966,-4.57363
-2.448886,1.1806124,-1.7228513
-3.5539742,2.4237194,2.3253133
-2.4792528,3.4218788,2.193306
-1.5300359,1.6872742,0.2495829
0.4894417,-2.31965,-0.9129387
1.4844227,-2.0208015,0.19860208
1.4762125,-0.043562047,0.9698434
0.48281384,-0.72087723,-0.84231013
-0.5196122,0.27767175,-1.1420501
-0.53044564,2.5693097,2.1191592
0.49670574,3.6409626,3.7554455
1.4503886,1.863207,2.0755267
2.5177073,0.026390087,0.6803282
2.4372113,0.1828979,-0.989411
0.5260227,0.40633044,-2.361728
-0.5517734,1.5492789,-2.0686514
-1.4910226,2.767695,0.61802775
-1.5159427,3.96067,3.8508878
-1.5226264,3.1174638,3.6074083
-2.47458,0.3985935,1.7765844
-3.5470438,-1.525481,0.6091656
-3.4486709,-1.1612405,-1.3009009
-1.5447838,-0.14279662,-1.3723881
-0.45402202,-0.7423863,0.6268234
-0.5047406,-0.71801436,0.64489627
-2.4910586,-0.35890144,-0.4262142
-2.4363742,1.7441566,-0.3431864
1.4635388,4.0014887,0.5363893
4.633599,3.2174342,1.6648209
4.435347,0.3597086,0.5189972
2.6886823,-1.3212452,-1.3453009
4.4373174,0.72806966,0.54071647
6.724975,3.1135533,2.609869
5.462022,2.1084287,1.6038969
2.7574537,-0.48407212,-2.4601781
1.4965576,-1.4982196,-3.31155
1.7911112,-2.1245239,0.47245827
1.5359854,-3.0930595,2.7577627
0.8265597,-3.8070986,1.4407583
0.57923657,-2.6880462,-2.2119164
-0.14128472,-0.5243991,-4.54214
-2.374376,0.70003915,-4.2297854
-5.114593,1.7338133,-1.47191
-5.3279276,3.0584764,-0.29402122
-3.0921836,1.9720289,-0.36040947
-2.2887979,-0.62815183,-0.38166723
-2.073864,-2.7911506,-0.23752703
-1.2502534,-6.386618,-0.4603424
-2.0747874,-6.5450506,-0.13512112
-2.204413,-2.2131164,2.5031667
-0.09161167,-0.31032914,2.91943
0.8376716,-4.092654,1.523231
-1.116404,-6.101077,-0.0701139
-2.1277313,-3.0066836,-0.41483852
-1.1412959,-0.9475985,-0.08371259
-1.1144925,0.069151886,-0.33216462
-2.1507096,1.1432207,-0.10050597
-3.1300924,1.1279905,0.75417805
-1.1435881,-0.8194623,0.892834
-0.16276035,-1.8377208,-0.16823071
-2.142881,0.17570202,-1.0903445
-0.18066287,2.159797,-1.1120899
3.834213,2.1377442,-0.039907563
4.81475,1.1186411,-1.0821052
3.80313,0.06807614,-1.9611175
3.8139236,-0.96382344,-2.0576074
3.7708125,-1.0296282,-2.8856642
0.81067896,-1.0863318,-2.0053177
-2.2555785,-2.1605968,0.1641046
-2.1945016,-4.2391386,3.0856593
-0.28145367,-5.33485,4.1889496
1.8019433,-4.4080625,2.2095473
1.6968545,-3.5646024,-0.8010701
-0.21039337,-1.5830531,-0.64357704
-0.30830392,0.15515338,2.2082026
0.7596019,0.2235365,3.5087426
1.7025785,-0.15340264,1.2366419
1.7194232,0.99502134,-2.3512604
1.7168823,2.531554,-2.6998212
0.6844731,0.71474165,-1.23463
-2.2863917,-0.7734059,0.40060765
-2.326852,1.3838979,1.8659339
-1.3139688,3.9275467,2.5275612
-2.3266056,1.0130031,0.96008176
-3.345423,-3.37427,-1.3305482
-4.3305407,-2.3744652,-0.9378054
-5.3759627,0.29969344,1.8118546
-4.3375626,1.2359879,3.1832602
-1.4026059,1.9533592,1.9431403
-0.35228965,2.8431544,1.3352779
-1.420861,0.58891046,1.0538492
-1.370676,-4.552116,2.5140526
0.56750137,-5.7866745,3.161754
2.6094182,-1.9466332,-0.31143028
4.565082,0.81995076,-3.704315
5.5935497,1.6696178,-3.1637316
5.5637364,2.415349,0.46636447
5.5954633,3.2865958,1.9479285
3.55572,3.0154245,0.6755779
2.6128783,0.89528906,-1.9725025
4.558739,-1.3666595,-3.0922647
4.6206293,-3.5092206,-1.9064403
2.5899868,-3.727961,0.13900998
0.6129807,-1.9168947,1.1689328
0.6427946,0.9204631,-0.65401477
-0.4009758,2.6918693,-2.7294781
-4.3019495,1.5629084,-3.4819229
-6.402847,0.3349749,-1.6011103
-5.260564,-0.804785,2.659265
-3.3896954,-0.99003285,4.549875
-3.2342227,0.833434,0.7681919
-1.3664012,2.7046847,-3.2754881
0.7899133,2.4910343,-2.1503294
-0.3606967,1.4121275,2.910346
-0.16011584,2.1803353,3.9193234
0.61468345,3.1251764,-0.9145665
-0.09330357,2.9057112,-3.9962158
-3.4168649,0.8507907,-2.773815
-6.0387273,-1.3425009,1.1128014
-3.4226465,0.60118407,3.3334603
-1.0223024,3.4330046,2.239208
-0.39185458,4.3664627,-0.58370537
0.9655321,4.2542067,-2.6284127
2.6618907,1.1265465,-1.5161312
3.934978,0.12539205,1.5033609
4.7371516,1.8988794,2.5392497
4.8880506,2.0118358,0.6297286
3.8327184,1.7170173,-1.4114678
-0.17025067,1.8901688,-1.2568917
-3.0621567,1.5900681,0.6365848
-2.217301,-0.24737997,1.8386146
0.022123901,-0.47999278,0.6871299
2.7753098,1.6002042,-3.087089
3.0672605,2.4956033,-6.2605762
1.8120735,-0.5585317,-5.0308657
0.07934547,-1.4995494,-0.21021315
-0.12324985,0.30182585,3.0096757
1.0796162,-1.5089729,1.8351302
0.9440138,-3.7826924,-1.9587678
-0.90999603,-4.5520415,-4.132518
-3.0053177,-3.8173337,-1.9272135
-1.877382,-3.6163874,1.8812342
-0.9758113,-3.8212233,4.106863
-0.8346405,-2.6820326,2.8811333
1.0565726,-1.8149332,0.13520646
2.1911757,-0.7368399,-1.1199688
2.106543,1.1982996,0.14450759
1.1967875,2.2184873,1.8931825
1.167471,2.2163396,0.12190422
2.191128,2.191812,-1.0734459
1.228009,1.2307799,0.07715508
-2.8188694,1.1862081,1.9561524
-5.7189875,2.248061,3.0402806
-3.8257613,3.187432,1.9546866
-1.6822178,3.284513,1.0321207
-2.8295925,0.18193805,-2.0875633
-3.655929,-2.657138,-4.9549108
-1.83362,-2.8215117,-3.1479228
-1.6413645,-2.5950415,1.0525881
-3.8402116,-1.8090298,2.7939517
-3.6265953,0.46373415,0.04050445
-0.85827714,2.2207935,-2.2519453
1.3908021,1.5138637,-0.9949383
2.1179159,-1.7238122,1.7116979
3.4083498,-3.457852,1.9519067
5.0949006,0.37158155,-0.32076445
5.417969,2.539077,-1.11251
3.0870588,0.49787816,-0.35265654
0.40509653,-0.47010633,0.8077244
1.1121606,1.625932,2.625871
2.3562558,2.5368018,1.7067989
2.174224,-0.266285,-2.389512
-0.7197419,-2.417351,-5.402994
-2.7466927,-2.1979504,-3.4121795
-0.79583937,0.67342275,1.4918221
2.318658,0.8374646,2.5448594
4.1526527,-1.2132832,-0.5987454
2.3535175,-1.1258411,-3.519525
0.13002262,-1.1142987,-2.6781857
-0.6376821,-1.0644077,0.40111196
-0.8784409,-2.0355697,3.24593
-0.64095247,-2.9863904,3.3211763
-1.882962,-2.9609041,0.15671648
-3.6573665,-2.9101858,-2.740954
-3.876869,-0.875199,-3.9573646
-3.6966274,1.1609771,-0.7819975
-1.8584961,1.2141702,2.916343
0.25042737,0.24279153,2.1743891
0.1529435,-0.7057059,-0.19338039
-0.7953875,0.3448646,-1.8901124
-1.8571478,1.3653681,-1.2792944
-1.8270171,1.4602035,1.0275711
-0.8883926,2.442356,2.6548622
0.15306367,3.5765948,1.9327801
1.0642933,3.5329032,-0.39422706
2.1414142,2.6913524,-1.1705294
1.0087456,1.6410611,0.57320964
-1.8742664,0.7980559,2.7164967
-3.0346637,0.7735648,2.5606644
-1.9121712,-0.10782855,-0.40825865
0.94843477,-1.0723693,-1.432285
1.0251164,-0.019001802,-0.53489095
-1.0485946,1.0941856,-0.42597795
-2.0419533,1.0652784,0.360924
-1.04903,2.2749827,0.56406176
1.9102092,2.146284,-0.7174079
3.9326982,-0.5464911,-1.4587812
3.8916364,-2.7528431,-0.77094126
3.8924475,-3.3945858,-0.49605194
5.907502,-1.6186864,-0.79871804
6.8274674,0.7234838,-1.5423698
5.953659,2.5464156,-0.8115526
2.7529233,0.8157456,0.4209557
0.0024967573,-3.2773364,-0.8314122
0.70094097,-5.0926123,-0.5865581
1.0203949,-4.1164412,1.1382995
-0.30862138,-0.9839211,1.424471
-4.001585,1.0201758,1.1147023
-6.284253,2.1401994,2.44261
-5.048697,3.1420484,5.1061873
-3.249221,3.2642748,6.459978
-2.1040459,2.2639117,5.121177
-2.2148948,0.3757634,1.4699093
-3.165077,0.39280945,-1.8374588
-4.182371,0.47457227,-2.5296047
-4.23217,0.514865,0.22804949
-2.151156,1.5835233,2.4657538
0.69691,0.6042645,0.30583927
1.8751519,-1.2835714,-4.532461
0.62908906,-2.3416622,-6.617213
0.8891733,-0.13758194,-2.5154471
3.5800455,2.6939979,2.4513311
3.8727741,1.9950494,3.5141766
1.5659809,-1.2629672,0.5211029
-1.1771832,-4.908722,-3.4583578
-1.4176617,-5.2006145,-3.3975117
-0.2486358,-2.8539033,-0.43749824
-0.38555476,-0.12359281,1.6906638
-0.32550398,1.1681534,1.5857159
0.6533225,-0.042772572,0.7753073
-0.4023491,-2.8338046,0.6203469
-2.3091235,-3.9668236,1.8443158
-2.4603088,-1.8491424,4.67854
-2.2939208,1.0927336,4.8880515
-1.482698,2.1329265,0.76008576
-0.30532697,1.1281638,-3.0902598
1.5285567,0.12042912,-1.140734
2.666374,-0.8656536,3.9130352
3.5600808,-0.885462,4.964859
4.642293,0.118093565,-0.09153901
3.5911362,0.10698509,-4.9374886
1.6390908,0.085409336,-4.091196
0.61509126,0.101304084,0.13242604
1.6569204,-0.9723273,3.9267218
2.636247,-1.891786,3.1668215
2.685987,-2.0592735,-1.0430292
2.667927,-0.87237734,-4.826713
1.7110624,-0.1676897,-5.015467
2.7150707,1.1462073,-0.83663964
3.738566,1.7286918,2.9981325
1.7541267,-0.8685682,2.1396291
-0.20809141,-2.336482,-1.0063862
-2.233076,-0.93625337,-1.8935654
-2.1326766,2.6449127,-1.0380955
-1.2304479,3.947642,-0.933191
-2.0671053,1.6634243,-2.098206
-2.2096708,-2.1985502,-3.9794676
-4.0326405,-4.300835,-5.1912374
-7.171148,-3.3509157,-2.0305917
-8.018747,1.7267799,2.688335
-5.13075,6.526194,2.8977141
-2.0121953,3.7069335,-2.4400394
-1.1045963,0.46494788,-8.211664
0.0057034586,-0.36450928,-6.56268
-0.104771815,-2.553633,0.63589346
0.033881336,-4.4618263,5.3184314
-0.111350775,-3.541759,3.4489548
-0.95665544,-1.5796891,-1.8015754
1.9081528,0.49412167,-5.765285
5.016661,1.2997266,-4.931033
6.9520826,2.5292563,0.009138872
6.97695,5.2101064,2.9181345
3.99009,2.5344048,1.7815791
0.95292366,-1.8347049,-1.2511472
-0.99721694,-2.4768167,-2.4525027
-2.044844,-0.8610377,-0.42835277
-4.0145597,2.5189025,1.3021734
-3.020997,5.123653,2.3891673
-0.043847065,4.519273,2.058205
-0.008107766,3.1230798,0.18331712
-1.0527078,3.5255895,0.8384952
-2.026799,2.1345673,1.9454149
-2.0357344,-1.4682748,1.6396933
-2.073488,-2.8277206,0.6935429
-2.0013645,-1.4778844,-1.5533594
-1.1354377,1.240847,-1.5637684
1.0356925,3.497661,1.2668958
2.805197,4.333804,1.1624564
2.0568264,2.463742,-1.8917205
0.7671516,0.4370819,-4.1201315
0.05031229,-1.5593259,-2.0429864
-0.2434101,-3.4830334,1.6100818
-0.9849008,-0.5404399,1.7909498
1.7695501,2.5520117,1.3763536
4.969411,2.5147712,0.60322547
3.7718139,0.56146085,-1.8267215
2.9508443,-2.4205914,-1.5938481
0.7429116,-5.436673,3.0007322
-2.0489936,-6.3648443,6.195577
-2.2892282,-4.426151,4.8617783
-2.0617878,-2.3377588,-0.018885264
-1.3051949,-0.39421886,-3.2588415
-1.0934708,-0.34410045,-1.21622
-1.3112166,0.64892995,2.6198132
-0.13463688,3.638129,4.618404
0.6853157,3.6748276,4.489851
-1.1844745,0.6304429,2.4925342
-3.3148863,-1.3280637,-1.6583201
-3.2392073,-0.3609156,-2.588904
-2.31934,-1.3651109,0.18299459
-3.2902625,-4.3384995,2.3526058
-2.338578,-5.4223003,1.038942
2.6835408,-4.320715,-3.7059073
3.6047592,-1.4869624,-6.075195
2.6898687,2.6869478,-3.7717736
4.531851,4.4479775,-0.15994044
5.6944895,-0.32498237,1.1570575
4.4711843,-5.610241,-0.21504527
2.682456,-5.3493223,-1.9207426
1.4333159,-2.6742027,-2.2380264
0.6394926,1.6209147,-1.0078045
1.4319718,5.2697377,2.7737186
0.55709,3.5641558,3.903449
-1.539473,1.2393918,0.7993979
-3.547289,1.4834007,-1.1548404
-5.5078883,1.2208891,-1.1880455
-7.64801,-0.6052267,0.8315339
-7.50117,-0.7935631,2.8121848
-3.7150607,1.3077291,2.8552318
-2.5478795,2.1843998,0.81083745
-1.7349186,1.2342486,-0.09656157
-0.6348357,0.1501818,0.82588434
-0.73892564,-0.8230442,0.9536662
0.27595997,-0.90126854,1.8767216
1.2482384,0.14670524,1.9980422
0.20086403,0.019142639,-0.043441236
0.21723035,1.1477087,-1.9511946
3.1592128,0.9236254,-1.9457349
3.1503763,-2.8483083,-0.88791835
3.158625,-4.1536083,-0.836109
6.066652,-1.8637853,-1.8074081
7.169084,-0.20359877,-0.7208406
4.992795,-0.9014075,2.2989614
2.177274,-0.22061312,2.3876843
-0.061711185,0.040562876,-0.5606807
-1.830022,-0.21995385,-3.5102744
-1.0835214,1.9918087,-3.3939402
0.1396298,2.7738235,-0.4050997
-1.0761092,0.9635383,1.7896695
-3.9076438,-0.23473419,1.710183
-4.047608,-0.04884343,0.98633
-0.9634347,-0.24403231,0.83843255
0.98879874,-0.04410299,0.19235331
1.9807242,-0.2468488,-1.0179
2.034509,-2.0352507,-0.5930049
-0.087046064,-1.2294436,0.14489274
-0.90112424,2.974917,-0.38079014
-2.1630094,5.803498,1.3393334
-4.839224,3.993153,3.8251505
-6.215649,-0.15081185,3.5553868
-4.81088,-1.9777552,3.037437
-0.21940137,-2.0928338,1.7895906
2.1687803,-2.9418042,-1.755611
3.8268156,-1.0177097,-1.9468607
4.121311,3.1065478,0.44755247
1.8852305,4.05753,1.3233911
2.0890048,3.1829326,1.6737307
2.9286437,2.130365,1.5782318
2.0803106,0.27776212,1.9292727
-0.03735091,-1.7885538,0.8187494
-1.9123262,-2.616419,1.1973715
-4.0048056,-0.6962059,4.0712347
-4.900279,2.4985907,3.4412415
-1.9573781,5.4034586,1.3572725
1.1032678,6.62916,-0.34435585
1.1088963,4.500387,-1.3410612
-0.89633566,1.7780949,-1.1416125
-0.81362593,-0.40247986,-0.045634754
0.11400832,-3.0686967,0.06379517
0.25451708,-4.2947235,-1.7780663
2.1616347,-2.9195347,-1.714288
2.2953677,-1.1766996,-0.54948556
1.2465898,-1.7780892,-0.48306736
2.3268745,-2.049955,-2.3498173
5.345925,-0.6394177,-4.2607384
7.369039,-0.9283552,-4.164844
5.4430666,-1.4973615,-3.0657995
4.4301534,-0.80799645,-0.9840978
5.5402393,-1.3653313,0.09577493
4.4925475,-1.682493,-0.8124474
3.648384,-0.23949112,-2.769012
2.5571182,-0.56160754,-3.6603
-2.2549813,-2.1180742,-2.6504462
-6.361002,0.5603779,-1.5380979
-5.179441,5.9945254,0.457314
-3.2657886,5.680233,1.5575153
-7.131392,0.09760927,-0.45777002
-10.158471,-2.1922438,-1.3610026
-8.098331,-1.818602,0.6022911
-7.0704184,-3.0624986,1.7001808
-7.057368,-2.742266,-0.3547985
-4.008456,-0.9328747,-2.2627256
-0.009119297,-2.6851294,-1.3222848
1.0223043,-3.7959373,-0.25779578
2.0566967,0.36171687,-1.2931931
4.0231123,3.331464,-3.2849934
4.130642,1.4046862,-3.2679136
2.0088558,-0.5436816,-2.3391323
2.2027855,-0.561365,-1.2554332
2.9987042,-0.42628622,0.5982451
0.24516538,0.472876,1.7287534
1.0217344,2.6801405,1.5409254
4.2522774,1.510085,0.67956114
3.0591648,-2.2360878,0.4953876
0.24924128,-0.4292845,-0.40268916
1.0983801,3.8123739,-1.5407073
2.2404327,2.6493254,-1.5050759
-2.8686705,-0.16341299,-0.5788707
-6.7699537,-0.25222474,0.38633144
-2.8293266,-2.176839,2.3712301
-0.8044984,-4.130359,4.2887225
-3.7773201,-2.2116423,2.2931106
-1.8490319,1.9875038,-0.78300047
5.2755246,2.7586381,-0.8139276
4.0959477,0.07371566,1.16846
-1.6798882,0.7641673,1.0552353
0.06858911,2.1051574,1.1381714
2.3112643,-0.18996719,2.9179702
0.08798682,-3.910968,2.1034536
-1.7398497,-2.113804,-0.20740247
0.13754593,0.043276932,1.0587776
-0.81980336,-1.0460504,2.6856718
-3.8056297,2.0198224,-1.0114181
0.1096539,3.9762683,-3.3858798
3.228447,0.022520354,-1.1062676
-0.95089823,-3.030999,1.558639
-2.7409854,0.040004194,1.7977526
1.9908533,1.9361727,0.5026212
3.2771497,-1.9393073,-0.28668255
-1.0598549,-4.100939,-1.564805
-0.7071475,-0.9306956,-1.3547357
1.8939888,0.86217266,1.3617158
-1.7134393,0.05777894,3.582796
-4.1209908,3.8442094,2.292043
0.25343055,8.01296,0.51567197
2.882412,3.8396237,1.241455
0.19980799,-2.055705,0.42600593
0.91264796,-0.14668563,-0.78305936
4.1246104,0.8406716,0.32211784
0.9523852,-4.125091,1.2018429
-2.9542768,-5.2680545,-0.7847194
2.0028083,-1.1198286,-1.8135175
6.955599,-0.3790654,0.119999394
3.0520797,-2.1326132,-0.8493191
-1.1199294,-0.47534704,-4.952303
0.08461914,-0.18616916,-5.905461
-2.1817484,-3.5497448,-2.0045893
-8.907683,-4.271461,1.0165987
-6.208753,0.3904408,1.9616839
1.0670753,2.6145852,1.9305266
-2.224701,-0.6627194,-0.073461406
-6.963101,-1.5092895,-1.1481575
-1.2268622,2.2785592,0.88628364
3.980423,3.3598063,3.7791836
0.7898049,2.2097228,3.8427324
-1.081671,3.2441063,0.7128263
1.8126768,2.104478,-0.20616592
-0.15236317,-1.84298,2.6604524
-5.1566544,-4.0321856,2.7278113
-2.2101622,-1.910911,0.62483406
3.8621624,-1.1888263,-0.34199765
2.7474208,-2.978988,-2.4168553
-0.12105223,-3.332109,-4.4022064
3.7265666,-2.0822098,-2.4669414
6.881673,1.5646886,1.5459201
3.7267091,2.771222,0.47150692
1.8883439,1.4940052,-4.499178
4.7363973,0.605654,-4.592387
5.895979,0.4281627,0.4543172
2.7588952,0.44825247,3.339688
1.9063355,0.34687996,2.4109251
3.7949855,2.3172195,0.27189377
0.9049665,3.2420146,-1.6396594
-3.1492944,1.2100976,-1.7874769
-2.0987914,-0.8743919,0.30037466
-0.098278105,0.115615524,3.1619492
-1.0941999,2.0087733,2.2336085
-4.0535545,1.0209653,-1.8883184
-6.0880795,-2.0933683,-1.8267506
-7.0129833,-3.0872402,3.053548
-7.087755,-0.16817975,5.119144
-2.9717174,0.7812336,1.9867338
0.9106818,-0.21623005,-0.921293
-1.9486701,-0.35686773,-2.0959167
-5.073119,0.73662597,-2.951199
-1.9479213,1.5246475,-3.1856258
2.9544885,0.667442,0.019159285
3.036333,1.4448416,2.732247
2.991446,1.5680937,-1.0342082
6.0195127,-0.6033955,-5.319617
6.012915,-1.5453285,-3.120873
3.0212653,0.3662803,2.658237
2.016523,1.3359092,1.7621646
3.0378606,-1.6554787,-2.3449056
0.003849227,-4.7774534,-2.3540087
-4.937677,-2.6770334,-0.3714124
-3.0095394,1.1238835,1.566557
2.0807905,1.2849135,2.559532
-0.025105838,1.0605971,4.5333934
-4.9053087,2.2192037,1.4520835
-3.0304883,3.0312104,-4.4786057
0.08444512,0.13519154,-1.6507726
-2.0220065,-1.9800663,5.4957795
-3.9401133,1.0593097,4.2639747
0.99296343,1.9981647,-3.547789
4.027341,0.0041580717,-3.7920191
-2.0054367,0.97318566,1.3840032
-3.9858851,4.9560723,2.1652975
2.9765809,4.9523535,0.3195012
7.0016127,-2.091679,1.1170286
2.9586635,-6.0604787,2.2664716
-2.0132358,-2.1326847,-2.944493
-1.0623507,0.9149148,-5.7755303
-0.026457492,-1.1533679,1.0032321
-4.0982237,-3.123121,6.157901
-5.0200844,-1.1568867,2.9809325
0.8444365,-0.17505307,-2.932001
3.0007493,-2.148859,-3.0213447
-4.232829,-4.2240415,1.9631168
-5.9605937,-2.1531675,3.985824
2.6866944,2.756765,1.8514055
7.057336,2.8041177,0.0011806422
1.6400005,2.7815518,-2.2689297
-3.9611375,5.734217,-2.9868984
-1.3633554,6.819366,-0.3718142
-0.021514185,0.6728573,1.9888952
-3.3335545,-6.1675777,2.5671313
-3.0889,-1.3387407,-1.0837864
2.6934884,4.7898254,-3.4578433
4.8655715,1.6973416,-0.18447755
-1.3082716,-3.284608,2.525871
-2.130871,-0.24183331,0.70415735
4.6569724,3.6242201,-2.4882138
7.89917,-0.18489213,-3.4148247
3.621239,-3.4480321,-1.5087954
-0.0668826,-2.1544945,0.47016764
3.6036572,-1.5036154,2.4480255
6.9519577,-4.1437345,3.3818884
2.6132853,-4.5461946,-0.6452476
-3.0468616,-0.14777482,-4.660454
-1.3452165,1.4148788,-4.7903724
1.9265692,-2.1651294,-0.67129844
0.72253436,-4.60892,1.0386221
-1.112084,-1.2103163,-1.6868174
0.79799914,4.394812,-3.1134272
0.84845465,2.7090323,-2.746844
-5.140622,-2.5746489,-0.22099878
-8.16902,-2.3882904,2.1414292
-3.1086082,2.4571035,2.7146468
2.834354,4.520095,0.9865366
0.8942999,1.4738382,-0.3174543
-5.142272,-0.54757,-0.19281822
-6.1269054,-0.5364533,1.6592176
-2.1084304,-0.59080887,3.6343353
-0.16744776,-1.5639439,1.6147385
-1.067493,-1.6201341,-2.5066798
-1.2156696,-0.59580564,-4.4651914
0.9630833,-0.64993995,-0.60877377
2.7479613,-2.6155908,2.4240935
0.9662052,-2.6959295,1.3086452
-0.26117635,2.3961234,-0.6821741
1.9368252,4.228917,-2.7895014
3.756371,0.43630728,-0.76168627
0.87670463,-1.8526887,2.097486
-1.2015078,0.48156694,2.1664705
0.8002023,3.0767326,1.0001612
3.8383064,2.518097,-1.9226046
2.7397943,1.035521,-2.0709808
-3.1558976,1.5285205,0.98085487
-3.2796073,2.0404003,1.8644637
1.8090245,0.49359983,0.89485174
2.726692,2.110068,-0.19766189
-2.244557,4.4078984,-2.1836984
-4.2599025,4.2269797,-3.2554336
-0.29659358,0.30448493,-0.24905649
1.7332162,-3.6516368,3.687552
-0.32375595,-2.7729118,2.6979008
-2.3036544,-0.56835437,-2.3646064
-0.32526147,0.20468627,-4.342546
0.6337511,-1.5406482,-1.408939
-2.3140569,-1.7587258,1.6224837
-3.4332502,0.4347857,2.5639443
1.6910367,3.3217983,1.5924165
6.5120683,2.3792765,0.54925615
1.6715747,-1.5850985,0.5764371
-5.5148015,-1.67364,1.5383463
-5.3696012,-0.50733095,3.583706
-0.5287467,-1.7157094,3.5278845
0.5822983,-2.4429128,1.6086893
-2.53888,-0.74800885,0.5322505
-2.4597263,0.60069674,-0.36439672
1.4457422,-0.76389796,-0.440321
3.5066643,-2.3821764,0.6644177
1.4297981,-0.7577356,1.6046968
-0.5189833,0.6035895,0.6993613
0.41700676,-0.7337128,-1.3383484
2.457087,-1.4306254,-1.2555276
2.4181888,0.29834092,0.72755194
1.4247558,1.5197239,0.797416
3.4463704,2.3311124,-1.1980879
4.3767457,3.4707932,-3.1369238
1.4961506,1.345112,-3.1266134
-1.6699791,-1.5679647,-0.048804652
-1.4504259,-1.6546376,1.9366857
1.2981597,-1.6079727,1.0567087
1.5947976,-2.6638722,-0.9955064
-0.71184015,-2.644685,-2.836097
-0.37214354,-1.6881573,-1.9127328
3.3034601,-0.67871296,0.27046707
5.637595,0.2779962,2.1778746
4.3542237,0.28563806,3.3894322
-0.38273394,-0.7637394,0.26532805
-3.5643773,-1.7500277,-2.4822443
-3.4221578,-0.8150089,1.3683468
-2.4732895,2.2180316,5.633227
-1.4622736,4.1220345,3.4961903
-0.38877493,2.191384,-2.2633224
0.5054037,-1.9515412,-4.353078
-1.318394,-2.8307543,-1.1740946
-3.5208783,-1.0285676,3.8178802
-2.253885,0.13650486,3.9094079
-1.551003,0.91188854,-1.0090159
-2.1993597,0.07910314,-3.9914608
-2.5656614,-1.1264827,-2.854636
-3.1807194,-0.99621695,1.1324017
-2.5440714,0.8466854,3.280681
-2.206482,1.9234807,1.2728945
-1.4888685,-0.18172401,-1.5950264
-1.2602736,-2.1491358,-1.5781109
-1.4236193,-2.2151656,0.5226567
-0.31123164,-1.217757,1.5721339
1.6248708,-0.24453603,0.6404533
5.6631923,0.7107591,-1.2834466
7.6493726,2.7372277,-3.2378507
5.6581783,2.6356864,-4.1509085
2.6663897,1.721137,-2.1073933
2.6562078,1.5816016,1.9662615
4.6944475,-1.3209742,3.032781
3.6380224,-3.432352,-1.9350237
1.7464759,-2.3875036,-5.816856
0.60313135,0.57861835,-2.8462439
-0.19330972,1.5441138,2.3282974
-1.4298351,1.5882673,3.2451804
-3.1462214,4.5064397,-0.53732044
-4.4437923,3.5699587,-2.6579134
-7.1289444,-1.4937993,-0.41232502
-9.432422,-4.4601336,2.4388757
-7.1422143,-2.4799225,4.7076178
-2.3952277,0.5193448,4.5423746
-0.19390638,-1.4694898,0.80580485
1.676599,-3.4797072,-2.329977
3.7193787,-0.4599511,-3.1269457
3.768289,3.5311792,-0.18159406
1.618488,3.5585265,2.9243546
1.8607025,0.55012065,1.9631335
5.5285115,-0.41315207,-1.0151064
5.9268675,-0.41935492,-2.9161615
2.4702153,-2.3856127,-0.934643
-0.04073303,-2.3624752,1.1784008
0.44517928,0.6368969,1.1561664
1.9526054,3.7130876,0.26448774
0.46208563,3.6689012,-1.7617718
-4.106164,1.7919744,-2.6476066
-5.467987,0.72915226,-1.6887723
-4.2211905,-0.1457358,1.433162
-1.3594663,-0.16686046,3.3911865
0.6372943,-1.1051955,-0.5135017
0.7470196,-0.028068587,-3.5089335
1.5105051,2.9370348,-1.4823807
-0.1821933,4.110447,2.5883572
-2.5852926,4.014806,3.5547388
-3.1449628,2.2234592,-1.3419803
-2.6608126,1.1376816,-4.3858733
-0.13378525,-0.6867909,-2.3012931
2.2882552,-1.7137598,0.6830752
1.8382194,-0.59084815,0.7277964
1.2768787,-2.5734518,-2.2508621
1.7648569,-5.470755,-3.2474155
2.3025174,-5.4421716,-1.1874182
0.6551792,-2.34023,-0.2315278
-0.6484723,0.6939033,-1.1212118
-0.46822247,-0.21162148,-1.2220315
0.39275587,-1.1606154,-0.055219367
2.4276402,1.9193177,-0.21515888
1.4012976,4.984589,-1.9908687
-2.6466517,4.0564375,-2.2040098
-5.6216164,0.13331074,1.0675145
-4.696538,-0.8096041,3.819345
-0.6719183,2.2985067,2.111716
1.2780557,2.3043933,-0.13293883
-1.7525604,-0.512078,-0.85863847
-3.7196677,-2.5944998,-0.07016939
-1.8558156,-1.3204423,1.1762888
1.2923505,0.519763,1.9892899
2.0443194,-0.15873502,2.2369397
-0.7084686,-0.32202092,0.030195255
-3.029897,-2.0490696,0.3302433
-1.7376678,-3.1205182,4.0641594
1.9369957,-1.9718509,4.4349594
3.194503,0.092497885,0.11026422
2.9531677,1.1051264,-2.4582446
2.0937033,0.2856757,-0.82163984
3.002176,0.20950146,1.6336051
4.988971,-0.56205,1.2897913
4.052376,-0.6512701,-2.3086731
1.9089125,-0.44343844,-2.5429769
1.0859789,-0.4956986,-0.28444108
0.86401814,-0.3356909,0.66241956
-1.9055343,-0.3457367,-0.2656566
-4.1421227,0.7782255,-1.1221865
-2.9167008,0.79002255,-1.2256587
-0.12364673,-0.10424397,-0.92454207
0.06702057,-0.076611534,0.86421484
-2.0961123,-0.9957533,0.23486081
-2.9365156,-2.939692,-0.9906801
-2.0777283,-2.8952668,0.36787003
1.0837325,0.19965291,2.191857
2.932636,1.199265,1.489724
2.1149535,-0.6671435,-0.59849334
0.955669,-0.6936702,-0.38855132
-0.8616695,-0.5550629,2.6272523
-0.9994334,-2.5701697,4.7430363
1.1573092,-3.458146,3.8581333
3.057093,-0.43156117,1.8973498
3.1817875,3.6222317,0.08162061
1.1195002,4.724091,0.07949173
0.21082978,2.689328,1.2978358
2.1939864,1.8933232,2.2823863
2.2359362,1.7535533,2.5130281
0.2789322,1.0563639,1.4978563
0.26851588,1.8423073,0.7282311
1.3579404,2.190896,0.7258218
2.3139963,0.9663472,0.9355048
2.4321492,-0.70539826,-0.02759292
1.3643497,-0.87526906,-1.8777605
1.5028851,-0.6308159,-1.754176
1.4220897,0.30908707,-1.7189159
-1.4447972,0.4309219,-1.4635689
-3.5013928,-0.5068287,-1.5683287
-3.4172843,-0.49113402,-3.1883388
-3.4143233,0.64775556,-3.3980172
-5.4060655,2.6255913,-1.9514683
-7.3285785,1.7564515,0.8008619
-6.400186,-0.2154847,2.2445233
-3.258586,-2.1713986,1.0221901
0.6111253,-1.0403901,-1.5931541
1.7908603,1.9010241,-1.7458661
-0.37358123,1.1058289,0.5496208
-2.1746097,0.010317852,1.476495
-0.35790458,-1.794743,0.69040567
3.8486972,-2.8525414,-0.3240156
4.6582546,-2.7164648,-0.16489977
0.85844684,-2.7219474,-1.150476
-1.3175585,-0.6294208,-2.022572
-2.143926,0.38375175,0.010530784
-2.3016417,-0.53318745,2.100795
-0.12754908,0.47427148,2.165992
-0.31912118,2.5644217,0.20616743
-2.0831413,3.54615,-0.6930568
-4.355852,2.6745052,0.3052364
-3.040001,0.5862212,0.41684684
2.6316988,1.8039607,0.40951574
3.960288,3.598097,-0.5072844
1.673003,3.930391,-2.490999
-0.085636646,3.6147485,-3.4521763
1.756944,0.01854797,-1.4111377
2.845648,-4.3442516,1.5956157
1.8522326,-5.9395657,0.63364905
1.7980455,-3.2833238,-2.3539386
2.914539,0.061511304,-4.356573
6.8071785,1.7833332,-3.312228
6.92696,1.0397656,-0.36480546
3.8655512,-2.1690278,-0.29548708
0.9189189,-1.9881444,-2.3803844
-1.0701017,0.854628,-3.3040411
-1.0700341,-0.032589477,-2.4065337
-3.0310624,-3.1375124,-0.33462152
-4.0288734,-4.091698,1.5600066
-3.0110483,-3.1568058,0.6121442
-1.9820908,-1.1586818,-2.4812083
-0.98539555,0.79732287,-3.4564545
-1.9492066,1.761104,0.46544066
-3.9474874,-0.2673599,4.4694276
-4.9296937,-3.3448741,3.3883085
-2.9039185,-2.3336577,0.40743476
0.0869392,0.5110198,-0.72036934
0.13190466,1.6001916,0.35996652
-0.8869852,-0.66091526,1.1443142
0.1556539,-3.4800868,2.3220775
3.1483064,-3.8416572,2.9976544
4.1712046,-2.5925372,2.2716436
3.1865296,0.98408425,1.867067
2.193013,3.2620897,1.1874366
0.21155325,0.8079669,1.7649077
-0.7686978,-1.9029229,1.0712749
1.2234293,-0.3731748,-1.3235794
5.2799106,2.9126272,-2.053731
5.231764,3.4416745,-1.419343
-0.6782079,0.7143459,-0.17570749
-3.7451906,-2.7494626,-0.5242595
-0.6543486,-3.496593,-0.3022994
2.2902775,-0.9424251,1.3791363
0.35337234,2.2770362,0.5442579
-3.6608543,2.8689098,-0.6938554
-6.6566625,0.031646084,-0.63558334
-7.60516,-2.3109825,1.2425102
-5.676275,-1.2310244,2.180514
-1.548546,1.515808,0.16169226
-0.69829226,1.4947138,0.01744662
-3.5056968,-0.65636075,1.0502548
-3.6984303,-0.7785232,0.8719019
-0.4957686,0.16284409,0.919419
4.333059,-0.045656808,1.7352835
5.4884586,-1.0226674,0.771905
2.3817103,-2.306831,-1.3982038
0.47054473,-1.2169544,-1.3821621
1.4296994,1.453518,0.45983952
3.4634485,2.5604627,1.462565
4.4722266,4.255873,0.30638102
4.4727926,4.3044457,-1.6923805
2.5076926,2.0897787,-2.8612874
-0.5046227,0.0391189,-1.8476325
-0.45746642,-0.06947456,-0.040235255
1.5296862,1.7874235,0.9892255
2.5677242,2.759453,0.7790996
2.589011,2.563317,-1.1917499
0.571922,0.57035,-2.39825
-0.32822374,-1.636033,-0.3908073
0.5670487,-1.6291378,1.4278504
0.7547851,-0.81854093,0.3853573
-0.42530105,-1.8357338,-0.7310567
-1.1837044,-2.9875085,-0.87108856
0.6107962,-3.0412226,-0.8750376
2.8394127,-3.157068,-2.1541214
3.6831577,-2.2326033,-2.0139241
0.82094336,-0.33267552,-1.444044
-1.2205673,0.59074795,-2.1776097
-1.2158959,-0.5127839,-2.7040575
-2.1398323,-1.570754,-1.3992283
-2.235653,-0.6942389,3.0947962
-3.100454,0.28120327,3.305824
-3.235265,0.123915136,-0.05020873
-1.0946724,1.1507145,-3.033669
-0.22901693,0.9461876,-2.1811872
-3.1158214,-1.975802,2.6314023
-6.2214346,-3.204475,5.658013
-6.1579614,-1.1133568,5.338593
-5.2218137,1.6813501,1.4442995
-5.2148695,-0.261303,0.09695116
-4.2298956,-2.4035342,2.1859643
-3.2817512,-0.3931298,4.8840313
-2.2573454,1.508127,3.9149756
0.66464645,3.519115,-2.3354042
1.6806935,4.4122205,-6.338861
0.6317537,3.4654522,-5.5786242
-0.40332007,2.3276527,-0.5772273
0.60542023,1.431825,3.170339
3.5127046,1.2651443,0.17592053
5.5702624,1.4138156,-5.067707
6.4465103,1.2275987,-7.0896387
4.521514,1.4089897,-4.2929707
2.3959157,2.2194757,0.6315654
4.4734273,2.4110768,3.490627
6.352157,2.2443395,1.3457463
4.4239054,1.4200022,-2.724645
1.3290458,-0.7031838,-2.9332383
-0.6399879,-2.5607352,1.0500392
1.3288194,-1.6268439,5.8034387
3.2910197,1.4702886,5.815281
1.3283336,3.4673822,0.5517845
-1.7573335,2.5169883,-3.4205284
-4.694726,0.5728196,-1.6915646
-4.779415,-0.41538596,3.3431242
-2.7354367,-1.3205817,6.075609
-1.7901541,-1.3230441,3.106959
-1.7813119,-0.21323253,-3.1480174
-0.7997682,-0.21260637,-5.128511
0.17457293,-1.1047144,-0.3580628
-0.8187802,-0.08373747,3.6304097
-0.8587299,1.0036428,2.4459636
0.1518211,0.05349409,-2.605314
-1.8881544,-0.8761832,-5.754913
-5.8821073,-1.8114723,-1.8152033
-6.910781,-1.7471006,4.0246935
-2.9261267,-0.66909915,6.0041556
3.0793185,-0.6246212,1.7940183
6.0175257,0.48887256,-5.163061
5.084749,0.49367836,-6.4315047
2.9513464,-1.35778,-0.3253956
2.102526,-0.36687088,6.3502393
1.8811897,0.772369,6.5174274
2.1252968,0.7908663,0.14063731
0.82245576,-0.10220908,-4.6383867
-1.8695356,-1.0610347,-3.0517628
-2.1983137,1.0424148,1.1938255
-0.9038963,2.0623643,2.7862546
1.8290443,0.20328005,-0.993646
2.0265276,-0.8261768,-6.343013
-0.11479329,0.36533415,-6.2004766
-1.0492387,0.2818722,0.5619498
-1.0605766,-2.4823508,4.573464
-1.1073498,-4.6005535,3.49112
-2.0248816,-4.353141,0.3565573
-1.137848,-2.4667819,-2.5926843
-0.0087473625,-1.2502518,-0.81792295
-1.1498598,-0.31735045,2.2941089
-0.0017142989,0.8310955,3.0504227
3.8574982,2.8373873,1.1635727
5.9819136,3.9063354,-2.0517578
4.9014044,0.98014015,-2.9744544
0.9313406,-1.0125972,-0.12813546
-0.019852772,1.1119576,2.8826816
0.862465,2.065198,2.8165162
-0.93850076,0.23583704,-0.25560766
-3.1896408,-0.8519757,-3.228741
-4.881279,0.33903515,-2.378547
-4.2155886,2.2436233,0.7292293
-1.8474513,1.4176328,2.5160599
-0.22266166,0.348572,1.6923122
0.16939805,0.48388988,-1.5716953
-0.21496563,0.43952972,-3.3448272
0.16895749,1.5590919,-0.63006574
0.81171036,1.5037533,3.605007
0.14409202,0.6387811,5.3504305
-0.13600968,0.55469537,2.5381982
-0.9039606,-0.2958784,-0.63255984
-1.0704945,-1.3973688,-1.5352021
0.04806249,-1.2502369,0.40135753
1.9798754,0.64561594,2.4110851
6.027025,1.7765217,0.42296898
6.99856,-0.32187724,-2.599153
4.0318217,-3.2133472,-3.5822017
0.0014181284,-3.3014176,-0.5638939
-1.9621818,-2.2216213,2.392675
-0.9881195,-2.2981403,2.4997249
-0.9769081,-1.2422327,0.37142545
-0.9593042,-0.31304196,-2.4352953
-1.0115238,-0.28841814,-2.623722
-1.9276129,-0.32473755,-0.38518426
-3.04852,-2.380871,3.4145646
-3.9104626,-1.32637,3.652113
-3.0767531,2.494448,0.47039545
-1.9145993,3.6505964,-0.29955828
-2.0958815,2.3713639,0.5215049
-2.9376688,0.5819307,0.76781094
-2.108215,0.2632901,0.5689151
-0.9741419,-0.5390942,0.8494167
-2.1221764,-0.83183026,-0.38404384
-2.0144491,0.2989885,-2.0659482
-0.13457629,0.06925081,-1.3205864
-0.069553174,-3.8893316,0.002342451
-0.13203207,-7.048308,0.7688051
1.860747,-5.0832853,-0.9459195
4.8801827,-2.2074904,-2.1288657
4.7879214,-0.26806176,-0.8887407
2.8889723,-0.40588233,-0.042903
3.7341516,-2.4548705,1.1969284
4.874522,-2.6291015,1.0163394
4.7090635,0.35049978,0.30388138
2.8414788,3.1273563,0.06676482
0.7000536,3.1464567,0.40684175
0.80254376,0.8724332,1.1333617
1.6961225,-1.0743328,0.48191407
0.7614187,-2.3803284,0.2322201
-2.3054528,-3.3249927,-1.4767125
-5.282216,-1.6125422,-1.6497537
-6.307069,-0.6116151,0.56043607
-5.3293037,-1.8277444,1.4460804
-3.3095286,-2.9149055,0.6312751
-2.378701,-2.0421612,-3.5074368
-2.318614,-0.21533486,-5.2563443
-1.421524,0.7309677,-2.499828
-0.34291777,2.5046794,1.8715428
1.5463046,3.4874628,3.5002472
2.6235354,1.2458954,0.9827196
1.5127202,-1.7641301,-1.4775734
1.5950693,-1.9900997,-1.9472866
2.4732103,-1.0210578,0.5814756
1.5672596,-0.20538457,2.07787
0.43651858,-0.2666156,1.6688776
-0.46051136,-0.41596666,-0.9211328
-1.6043936,1.5217481,-4.2453833
-1.478086,2.367242,-1.9149926
-0.6540006,2.3484557,1.8238153
-0.48655173,2.159815,2.0892482
-0.7078291,1.1953249,-0.101465836
0.5102117,1.9827025,-2.9304032
3.2390945,5.0541472,-2.0093513
3.5083082,5.843903,1.0277395
-0.8115627,2.9165866,3.086479
-4.4924283,0.7599355,1.9866368
-2.8543186,-0.22775477,-1.8399533
2.497514,-0.268739,-4.0287156
5.123833,0.631901,-3.8067217
2.4638455,2.743953,-1.0091501
-0.8608401,3.5125122,1.1888142
-3.6042922,1.7758034,2.0336876
-3.8105867,-0.55988556,1.1685202
-1.6906102,-2.199296,-1.9256037
0.25214577,-0.5663964,-1.8450862
0.2284531,-0.18894586,1.1060573
-0.6948992,-1.5179685,2.1424103
1.1744102,-0.16987301,0.14049613
4.3322678,1.561617,-1.8757343
5.1561823,1.8666427,-0.81708777
1.3318471,1.6748099,1.0991863
-1.8307676,1.9131961,1.2318423
0.3163593,2.824374,1.0734408
2.1987033,1.9692683,1.2854996
0.29079592,0.002480069,-0.9530917
-1.7499666,0.04570139,-2.660059
-2.749842,1.1954936,-0.962437
-1.6848162,2.1460736,1.3711956
0.21339533,2.4029772,2.067532
0.3694099,1.2652824,0.36663514
-0.7964112,-1.3756291,0.14264594
-3.6044512,-3.5999851,1.3309835
-3.7736135,-3.140242,2.2485907
-0.5982484,-0.45444068,1.2872764
2.2639449,2.1078694,-1.6390775
3.4072344,0.702554,-2.7417915
3.3025496,-2.642625,-1.5356194
3.4208694,-3.1144185,0.25171086
3.3363779,-1.4112949,1.5559764
3.4440613,1.1032383,0.27415076
3.3685877,2.7992427,-3.3752277
2.4682899,3.3487551,-2.6631904
1.4063675,2.994341,1.6719637
0.4859607,1.6125027,3.4252126
-0.54780453,-0.8202215,0.71891916
-2.5068846,-3.1151242,-2.4778595
-3.4965165,-3.6381197,-1.2192734
-3.504881,-3.842327,1.6176405
-3.4551284,-3.4607625,2.8598602
-2.49365,-0.5655428,2.7190616
-2.435733,1.7068486,0.94935596
-3.4719584,0.7089951,-2.1708293
-4.433641,-0.12739903,-1.9527863
-3.4493446,0.9758024,0.9598831
-1.4364687,0.03439698,2.1308286
-0.4408944,-2.7693331,2.1358426
0.57197195,-2.796832,-0.81259406
1.5436229,-0.5394718,-2.6496973
2.5956833,0.38308024,-0.75779176
2.508452,0.6625535,1.5690583
2.6259615,2.5798368,2.3266978
2.4720075,1.8298306,0.7692409
0.639216,-1.2131057,-0.54461735
0.45820794,-2.0181684,-1.0568612
1.6223564,-1.0193759,-0.37166816
2.4680457,0.13256377,1.0963291
1.5825927,1.1534319,1.8372812
0.49009594,2.2865055,1.2356092
-0.46469173,1.3003341,1.0748793
-1.4971169,0.43967536,0.37173802
-0.49815127,1.4346273,-0.6786784
-0.5079547,1.5708504,0.52871954
-1.5191495,0.57146204,0.5563488
-1.5290849,-0.3290299,-1.288313
-1.545557,1.7094936,-2.2138784
-1.548788,3.7464225,-1.0902321
-2.5803318,1.8304657,1.0170091
-4.570878,-1.1852733,1.1195527
-3.6186366,-3.0793087,-0.7525374
0.40649524,-4.1234875,-1.655304
2.3332465,-3.022527,-0.5273917
1.3885447,-1.0619272,1.58611
0.28006744,-2.0142753,1.6946071
0.36771616,-2.9923217,0.83526224
1.2298713,-3.051419,0.9275869
1.3409804,-1.9346406,1.0731409
1.184999,-1.1054416,2.1851797
0.31232473,-2.9206586,2.2947984
-2.860021,-4.14892,1.4586546
-3.715254,-3.9662538,0.5158091
0.10489303,-1.1788644,-0.2740627
4.2413964,2.9382741,0.7537073
4.097846,5.7905927,0.9742145
-0.82926196,5.8106537,0.0067408225
-2.8750436,2.7445905,0.21054788
-0.9195794,-1.3345451,1.26322
1.1651402,-4.326936,1.4382411
1.9997241,-4.488248,-0.4797703
0.19587046,-3.4270818,-2.346524
-1.0593765,-1.6516317,-1.2203792
0.21713477,1.452413,-0.14741302
1.89842,3.1694224,-0.9672081
3.2323642,1.3143783,-0.95257896
2.8779588,-2.022054,-0.732944
1.2291336,-2.8412557,-1.7622095
-0.10386913,-2.2217185,-2.515343
-0.80984426,-2.0221395,-1.5795
0.9652331,-0.414702,-0.31675845
1.1136115,1.7645434,-1.4039285
0.06920032,1.4023813,-3.141545
0.030654732,-1.4788798,-2.2283788
0.16863541,-1.7685809,-0.99802923
0.9750537,0.25522968,-1.0529244
1.237705,1.0586529,-0.87869155
1.9607283,0.9886738,-0.8848655
1.2711747,-1.125838,-1.7818127
-2.0184495,-3.2776768,-1.722411
-4.722857,-1.3101058,-0.7043947
-3.9698043,2.4504883,1.4250464
-2.7396903,2.5089476,2.3721685
-2.9046872,-1.8218056,-0.46424252
-2.76201,-3.6698697,-1.5328813
-0.8424148,-1.0827315,-0.39243928
1.2279769,0.13926123,-0.43245038
1.1992099,-0.31608462,-0.33983967
2.2462456,0.9366042,-0.3350376
2.2166517,2.4781125,-1.307525
0.27944404,0.7230043,-0.23535722
0.23469257,-1.6942667,1.7101777
1.3071011,-0.49635443,1.8515267
2.2618847,2.1635785,0.73555696
1.3323761,1.2835588,-1.0909969
-1.7102754,-0.94821143,-2.2192752
-1.6386135,-0.9244686,-2.0676756
1.3218825,-0.043753576,-0.15072893
2.3788247,0.8947258,-0.07361424
3.3725142,1.8747559,-1.0719196
2.3853765,2.7433238,-1.081032
-1.5797999,2.8097544,-1.0133036
-3.5904868,0.62446916,1.9367709
-3.5568392,-1.2422152,5.017104
-1.5443282,0.5505816,3.975238
0.45005774,2.7099113,0.032305337
0.5066704,3.5242643,-1.9741203
0.4572453,3.6768801,-0.9576833
0.55096424,3.5322545,1.0768546
0.468004,2.6723254,2.064497
-0.40998596,-0.4349187,0.113980934
-1.522105,-2.299528,-1.8914254
-2.3700001,-0.37235603,-2.8614526
-3.520104,1.7516509,-1.8354481
-2.3258123,2.7236867,1.169187
0.4802146,3.8302608,1.2171243
1.7081165,3.8451269,-0.7878797
0.49694318,2.936207,-0.72527206
-1.2834656,1.9973464,1.2559506
-0.45656654,1.0584028,4.344644
0.6924426,1.185867,6.303873
1.6177459,1.1931634,4.420492
2.6499398,0.40391305,0.3611699
2.701828,-0.6528456,-1.4988002
0.60733557,-1.361022,0.42767063
-1.2223042,-2.471496,2.5862458
-0.41312703,-3.124618,2.500457
-1.1754231,-1.2491596,1.6804348
-2.4019186,1.0963773,0.57442
-2.1493843,3.0181313,-0.21959327
-0.37817284,2.3042142,-0.34407985
2.8762069,0.31272134,-0.124551736
4.6439214,0.5184695,-0.24731606
4.9066167,1.6107062,-2.043533
4.667256,2.7497017,-3.1333826
2.9349558,2.905999,-1.974219
0.6943288,-0.005410881,-0.012332213
0.96142197,-3.8074846,1.0912683
1.7253982,-3.741477,1.1076221
-0.024215164,-2.5377638,0.15888043
-3.227284,-2.4681118,-0.7836527
-6.0342283,-1.2709898,0.23747352
-5.1616244,-0.20180124,1.3067887
-2.064688,-0.007160221,1.3245462
-0.09159542,-0.9368588,0.38668147
-0.10003512,-2.7600403,-0.5933158
-2.0320525,-3.6640613,0.4662714
-4.131172,-3.5384865,1.4766682
-3.989684,-2.3822527,0.5427758
-1.1514248,-1.3410368,-1.4596142
1.0301019,1.8977841,-2.393207
0.84202904,3.8540645,-2.3947542
-0.96909475,1.1383959,-2.353513
-1.1570683,0.08609332,-0.31909674
-0.9727406,-0.68430895,0.65848243
-2.168878,-1.6495639,-0.24520425
0.042953104,-1.5464171,-0.3355933
2.7988548,-0.38385463,-0.19582589
3.0668635,0.57999307,0.6763827
1.774297,-0.14334853,0.82744825
0.07219692,-0.28284916,-0.31371707
0.77927643,-0.94255066,-0.1657292
1.0505804,-3.1317825,0.68791556
1.8084755,-4.7788095,0.8217782
4.0242777,-3.9684882,0.68763465
3.8345683,-2.6510043,-0.21543662
3.0124469,-0.79814094,-1.3159996
2.8546793,2.4545574,-2.2716775
2.0059872,4.3651466,-2.333291
-0.1212431,2.5494597,-1.3351984
-1.0053449,-0.48573056,-1.3761022
-0.082263306,-2.3535032,-2.3983493
-0.03837402,-2.3673916,-3.4462507
-0.016646821,0.76465046,-3.462865
-2.095495,1.7125387,-1.5404232
-3.941243,-0.103043824,1.4705344
-3.1476617,-1.2220858,2.3436358
-2.8915606,-0.98307216,1.3974453
-2.1697154,0.8513973,-0.7795775
-0.87856567,2.1127493,-2.701897
0.8353177,1.9393547,-0.88610846
1.107466,0.18535747,1.158943
0.85129666,-0.9625022,2.0249422
1.0889838,0.24447607,-0.0012507515
-1.1454425,2.136473,-3.0753353
-3.9178908,0.3015231,-2.145696
-5.1568365,-3.7779455,0.7841336
-2.921999,-3.622703,2.7452693
1.8333349,-0.7216994,0.5997131
4.06104,1.4764324,-2.332684
2.8368301,1.3141441,-2.6111877
0.029224437,-0.41200382,0.59787136
-1.1496502,-1.6583377,4.181703
-0.00895696,-0.29860166,4.507676
1.8644185,2.3761895,2.0102372
2.9581327,2.8009307,-1.6289471
1.8700366,2.432336,-2.1046853
-0.06348907,2.8815324,0.17890738
-0.1353236,3.5091147,3.8372183
1.928483,2.9469023,3.944458
1.8470155,1.6035646,0.81168175
-0.07115332,1.0004221,-2.2956681
-1.1684822,-0.28661445,-3.222472
-1.0827346,-2.961066,-0.50092393
-0.16428651,-2.1587148,0.7041386
-1.1177427,1.0679495,-0.65371555
-2.1386437,0.9684278,-3.409939
-2.1674557,-0.8945804,-3.7626595
-2.1087809,-0.91404605,-0.5477921
-1.213994,-0.8479487,2.1550305
-0.08679229,-0.8140192,2.3060148
-0.25008774,1.2236807,1.0919224
-1.0784829,1.2530434,-0.84055984
-1.2661235,-0.6792529,-0.9631461
-1.0936683,-0.7006266,2.0323913
-0.2529624,1.4265385,3.971024
0.86447984,2.3365517,2.9388685
1.7908143,1.5288503,-1.1078227
0.79981303,1.3786857,-3.1275816
0.85610664,1.6113619,-0.18344732
1.7352157,0.43640035,3.813684
2.908151,-0.3380782,4.761466
3.71552,1.523394,1.7516245
-0.09534872,1.6645402,-1.2666771
-3.2301526,0.6408996,-1.3164775
-4.1587715,-0.3676864,1.7299652
-1.1219546,-0.2404349,3.6156883
1.7591357,0.5964098,1.7393596
0.98565805,-0.15556343,-1.438193
0.71690893,-1.4155852,-3.2517762
-0.9530834,-4.126171,-0.47352552
-2.2623527,-4.400024,5.7575846
-1.9381175,-0.14465062,7.5049224
1.8076838,3.626118,1.7635531
6.0542145,2.7992449,-4.495748
6.896288,-0.34507364,-5.2413845
6.0559444,-2.2879713,-0.4787216
4.977172,-3.3252957,3.7482622
5.081966,-5.3968043,2.5449123
3.0437253,-6.3258085,-1.2602277
-0.87510264,-5.510329,-4.4295964
-1.8920254,-5.37031,-4.2747545
-1.828117,-2.608487,0.6075645
-1.8358781,2.5364118,2.698568
-0.7635483,6.301007,-1.3551059
-0.80700666,5.4097877,-4.321313
-1.6768024,1.203856,-2.3342204
-4.8010445,-2.731762,1.6688435
-6.5910997,-3.9180355,3.669821
-2.7876017,-1.8677291,2.6698172
-1.5366464,-1.0776676,-0.34605673
-3.7605872,0.005774521,-1.3217255
-4.4961305,1.7402873,-0.37215555
-3.7471342,0.86471874,0.6741064
-1.4521044,-1.438675,2.6129096
0.25021237,-2.3043873,1.6413984
2.5863793,0.3939995,-2.3917186
4.2532597,1.5005736,-4.4104347
0.5925909,0.22659874,-1.3988276
-1.718137,1.3059162,2.5276186
1.5694946,2.038157,2.5780525
5.3183846,1.1191654,-0.52967495
4.5362887,0.8386811,-4.4749765
1.3499163,1.9297633,-4.578568
0.50611466,3.6358645,-0.55389947
1.3622527,5.7339644,2.3707168
1.4883614,6.4371343,0.35031715
0.35058314,3.5214088,-3.690357
0.48378,-0.74850726,-3.753573
-0.68130916,-2.7129712,-0.7687554
-3.525129,-1.9199119,1.1347623
-3.7085104,-1.9709754,1.1403744
-2.5608976,-2.0816367,0.013416109
-2.7219152,-1.2401013,-1.9639593
-5.6226306,-2.2533536,-2.1177382
-8.727219,-4.5064044,1.9239584
-7.7022243,-4.4419885,4.7387414
-2.729626,-2.7641013,2.79734
1.2060162,-2.6581318,-0.40084302
3.2653415,-3.0004299,-2.357206
4.1198273,-1.9075892,-0.53323865
4.236517,0.78631115,2.4695125
5.064966,2.8129923,2.324813
5.1674523,4.5917006,0.29507208
6.0515065,5.517819,-1.8374329
3.0677202,3.398471,-1.8793002
-1.9497186,0.22492945,-0.014542885
-2.0145788,-0.80299675,0.9386559
0.015253036,-0.05741963,-0.20017181
1.9495174,-0.020907989,-2.254615
-1.0579449,-0.31950015,-3.3920143
-6.056193,0.73869866,-2.4615977
-6.1388717,2.4434056,0.41331318
-2.0636344,1.4715554,2.316868
2.7960052,0.23092513,1.2142493
4.9153514,-0.80947906,-1.9138887
3.7537615,-2.9816916,-2.995275
0.87692523,-3.0784695,-1.1427927
-0.26373002,-0.2114775,-0.22733766
0.8245773,2.6727042,-0.35932377
2.7357996,1.5374253,-1.4800541
3.7695394,-0.55619276,-2.5730882
1.7419628,-1.7238203,-1.7370478
-1.2831022,-1.78794,0.20420781
-1.2458968,0.032514073,1.012973
1.6654601,-0.04344915,-0.033645213
2.7704332,-2.1842058,-2.2189612
0.6140373,-4.3191004,-3.2962244
-2.2049491,-4.3826,-0.41905195
-3.445129,-2.6024392,2.412608
-1.1700437,-0.57378715,3.4083698
0.4931083,1.120266,2.1151934
-1.1421345,3.2313755,0.23589286
-3.5482686,4.8637185,0.84523964
-4.144812,4.018935,3.0364366
-1.5520513,2.6428194,5.62609
-0.18747523,1.7832487,3.8005183
0.4786569,1.4576004,-0.544658
-0.24952991,-0.46804836,-2.4539785
-3.489215,-1.7053607,-1.688072
-5.2947807,-0.7108573,0.2908575
-3.4822087,-0.87419903,2.1853163
0.6968156,-0.9229701,2.0456276
0.49034336,-1.0551755,0.062012274
0.7212269,-0.11305955,-2.1716151
4.4598484,1.7709924,-2.0785263
5.7334485,1.6971333,1.6614165
4.468651,0.6222127,2.7467105
2.7120974,-2.4978912,0.54828274
4.522982,-3.5117712,-2.4482315
5.6659884,0.32802483,-2.5368478
2.6000319,3.3388038,1.3671905
0.6246982,3.1970475,2.379818
1.6765656,0.1675294,0.2063174
3.5954468,-0.89696026,-1.6977308
2.7513669,-0.007606722,-2.9425116
-1.4256833,0.018438164,-1.7627299
-4.1765127,0.84361583,0.9261018
-4.435561,0.92277163,2.1723819
-4.1223516,-0.2726888,2.8242552
-3.4187431,-2.1794047,2.1046124
-3.1007926,-1.3674732,0.74426055
-2.3708014,1.7296804,1.0486115
-2.1113026,1.5373248,1.6728754
-1.3016813,0.66487086,2.009871
-0.13716012,-0.5537589,1.6121472
-1.2324615,-3.3965125,0.9802824
-3.1606362,-3.6142433,0.5713408
-3.1729703,-1.4687182,0.947264
-1.1751689,0.3558632,1.5630006
0.87113243,-0.54194164,0.89516
2.8263,-1.6568502,-0.40118545
4.8972797,0.40248483,-2.1855178
4.8467045,2.3308108,-1.3227386
1.9009631,2.3741596,0.71540254
0.892273,2.3203108,0.7746358
1.8847413,2.371215,-0.37725276
1.9489981,0.31179446,-1.1331141
0.86789834,-2.6063037,-1.4464489
-0.9990847,-3.6879144,-1.0658978
-1.1421627,-2.5675685,0.5275446
0.047284752,-0.6695167,-0.0431871
-0.15120842,0.48129398,-1.4481918
-0.9080093,1.3728129,-2.0606158
-3.1558363,2.5374851,-1.3894483
-5.8806853,3.441017,0.89792347
-5.1349344,1.602689,1.6907226
-1.8886229,-1.4703716,-0.16339135
2.9181764,-1.3118148,-1.209042
4.0765395,0.62997586,-0.24168295
1.9797678,1.7942855,0.9012629
2.050016,1.7501018,0.6744799
3.0164347,-0.086684264,0.009395007
3.053228,-2.107651,-0.40268221
0.021477193,-1.9521118,-0.9004573
-1.9193866,-0.9451735,-0.4589907
-0.9874753,-0.8043487,1.1598213
0.10462467,0.24222131,1.5145642
0.01784062,1.3572804,-0.82172984
-1.897427,1.4452444,-1.471959
-2.948454,2.5459268,0.15174961
-2.9318025,3.6559305,2.5709536
-1.8888967,2.7610238,3.098405
-0.98850024,0.87795067,0.6201034
0.18117505,-0.99834126,-2.959407
0.95373875,-0.8953622,-4.348261
0.23709023,2.2775095,-0.0022553497
-0.079618685,3.3274665,3.65449
-1.73726,1.5839046,1.9638741
-2.085859,0.5608282,-2.3547242
0.2727727,-0.09856425,-4.0820184
1.9141382,-0.18716724,-1.358972
3.2846987,1.2278146,0.8454656
4.915906,1.082523,-0.3501524
6.294542,-0.44860733,-4.2542624
5.927272,-0.6127518,-5.336016
3.2936838,-1.1492339,-2.365419
0.95520276,-2.2641485,0.6614352
0.27702087,-2.876267,0.53703916
-0.0005851767,-0.8793674,-2.3790214
-0.7575363,1.3800132,-2.5289674
0.058987442,2.5201993,-0.46395567
-0.8052786,4.6429424,2.4312084
-4.886821,5.9108453,2.429565
-7.840271,3.9231718,-0.6136159
-6.864574,-0.7159346,-1.6602049
-1.8464891,-2.7784348,-0.693762
0.11847614,-1.3601998,2.2867196
-0.83311653,-1.4721255,3.189619
-2.9095912,-2.0210779,2.2588081
-5.8404536,-1.1506354,1.0631428
-4.90967,-1.7191857,0.22433066
-1.8902137,-1.8050331,-0.03840101
2.12236,0.5457927,-0.84674525
4.033905,2.551903,-0.089394815
3.1614032,0.7809121,-0.96612567
2.9646125,-2.0905187,-2.0950766
4.180956,-2.0029244,-1.1098146
5.9238267,0.24921314,1.9128436
5.168831,1.2072115,3.7574863
3.9168718,0.5554715,0.9012074
4.1301427,-0.57362056,-1.3358567
4.9312396,-3.1922255,-2.1410515
4.0781717,-4.334537,-2.3964496
0.9523912,-1.9974805,-1.195459
-1.975948,1.9179184,-0.43813697
-4.030871,1.1476436,-0.25616243
-5.0301037,-1.8361776,0.5428485
-4.0208974,-0.726735,-0.32454583
-2.0840719,1.3681017,-0.46011046
-2.0239017,2.3988504,1.6220756
-4.1348367,1.5269921,1.5263139
-5.0439157,-0.4840115,0.6042158
-4.177165,-2.3507903,-0.4984988
-5.0900717,-3.3860025,-0.39160505
-5.2065344,-2.2581167,0.4906473
-2.1533473,0.6869097,-0.39137837
1.7604699,2.8069012,-0.4829784
3.784892,0.73249406,-0.4038282
2.7130666,-3.1586964,-0.4234966
1.7332847,-3.2430804,-0.41278338
2.6512249,-1.1603354,-0.3482843
2.6918051,-1.243547,-0.3986832
1.5745059,-3.1891944,-1.2735679
1.6699452,-4.275458,-1.3458757
1.4756415,-3.2422287,-0.2073304
1.6673054,-0.34160823,1.7505124
1.3695829,3.6856763,1.8534031
-0.33926094,4.557707,0.88342994
-0.7187492,1.5878805,-0.073560365
-0.3670539,0.43533468,0.030546147
0.21708967,1.4584717,3.0375113
0.5861276,1.2874371,4.1755958
0.17159273,0.30668572,2.1902752
-1.4737835,-0.88827443,0.32883197
-4.8596783,-2.8710723,0.37207776
-6.5459585,-4.0873585,1.5002495
-2.8718848,-2.0749743,1.5764776
2.366046,0.6924603,0.6944125
4.1329083,-0.31040537,-0.19876662
1.272824,-2.5429022,-0.09019623
-1.8575648,-2.5728989,1.0485638
-0.81001574,-1.8022354,3.1414065
2.1438053,-1.8529506,4.32471
4.126328,-2.08688,1.3798523
4.1371303,-1.1473974,-2.3679044
2.0806217,-1.3942176,-2.3706193
0.1216235,-3.4600935,0.9582083
1.0569882,-2.71209,3.898722
3.0949879,0.20840594,2.2954617
4.0512366,0.9550526,-1.8127974
3.0663767,-0.12832636,-1.3563802
0.05124874,-1.3932827,2.4963121
-2.9560945,-1.4710685,3.9865077
-3.9498005,-0.74565846,3.8413403
-3.9677615,0.17423354,1.3154868
-4.9600706,-0.08598789,-2.790039
-5.961237,-1.2046168,-3.3553526
-5.984404,1.6041294,0.5877083
-2.9385188,4.3929453,3.976386
-0.01107333,3.313027,2.9669814
0.07964883,-0.0010475598,-0.68474156
1.9847816,-1.986053,-2.6631622
3.0832884,-1.3557277,-1.3348441
0.99435925,-1.3142364,0.68757236
0.0957535,0.348765,1.0286634
1.0028381,2.331364,-0.9862025
3.1196156,3.098649,-3.5976336
4.021946,1.9810483,-3.6863697
4.1372643,-0.13337651,-1.2152886
7.073069,-0.3330855,-0.4174025
9.13327,-0.36772883,-0.8298625
7.1574893,-0.59538347,-2.166605
2.1164496,-0.6041349,-3.469524
-0.74187976,0.19362395,-1.9057578
0.104482055,1.1652616,0.83902776
0.34961945,2.0293322,2.3798625
-0.88518566,1.9532696,0.087049015
-2.5818508,0.90081406,-3.311364
-3.8512642,1.7747756,-3.71898
-5.5403967,3.8032293,0.0074320603
-6.797459,3.631698,3.4350688
-6.5224934,2.73795,3.3162057
-5.733035,3.5320704,0.5720291
-5.523313,3.695609,-2.410408
-4.6635547,2.481522,-1.2895489
-2.5359685,0.6804619,1.8168871
-0.59816706,-0.5286407,1.8499205
1.4477574,0.70003784,-1.9991333
3.461925,3.4969041,-5.013577
3.4280696,3.7559254,-3.8551886
1.5170735,0.5525252,0.112314746
0.41061622,-2.1451206,2.2574842
1.5635836,-2.3692307,1.2156096
2.4015152,-0.004720016,-0.64695036
1.5942917,2.7364008,-3.716623
1.4130278,3.1668346,-3.5675948
0.60215586,1.8752244,1.3305824
-0.55734384,0.3637118,3.4741468
-0.39995733,0.045424987,0.37042278
0.47612566,0.58653426,-3.521442
-0.39906237,0.2414817,-3.6022017
-3.4982812,0.83308804,-0.54941076
-5.3824053,1.4697421,1.409171
-4.4893923,2.080467,1.3937778
-0.3468406,3.7552166,0.40664187
2.5103073,3.30003,-1.6957736
1.69235,2.1087801,-2.6079192
2.5207415,-0.50816584,-0.81140774
5.7248416,-1.4945108,1.3573139
7.541015,0.6880173,0.056603465
5.7584743,1.9005204,-3.7060854
0.5669409,1.9191581,-5.078005
-2.2102094,0.2692759,-1.8102168
-0.3890234,-2.8096693,1.7999815
1.7984644,-5.3968105,0.03221027
4.68716,-4.49851,-3.2960994
4.785247,-2.1014729,-5.175428
0.77252525,-1.1577538,-3.3814764
-1.2230687,-1.8361695,0.5986607
-0.15521906,-1.8033552,2.5136435
0.7780216,-1.5887375,2.387376
-0.09839529,-3.456089,-0.62804407
-2.2118502,-2.3470118,-2.799884
-3.0651932,1.8822769,-1.7961379
-3.1845958,0.8756117,1.0250559
-4.0724807,-2.7863238,3.0292463
-3.1268723,-2.9046597,0.85259825
-3.1266541,-1.4920088,-1.1449912
-5.0512123,-1.6661336,-0.3039668
-6.2051535,-3.247745,1.6627506
-4.9828844,-1.4035997,5.579265
-2.2861671,0.94925404,5.449598
-0.93999285,0.8637357,0.48867366
-1.352347,1.1278532,-2.7507083
-1.9345154,1.1111325,-1.6048418
-0.39183724,-0.6996255,3.085264
2.028526,-2.667269,5.290838
3.5993788,-1.527048,1.9604743
3.9529266,0.5243338,-3.8182352
3.6201568,0.6428467,-6.1296263
1.8444155,0.6930956,-1.9248867
1.6620826,1.8066326,3.813743
3.7242067,1.8373299,3.9717374
3.700133,0.96439904,-0.2074063
1.6149325,0.9625064,-3.1213577
-0.2770518,0.1097677,-1.203029
-0.47850296,-1.9316132,3.8104131
-0.27172804,-2.7511792,6.8157086
-2.5531778,-1.8512315,3.7815542
-5.2901335,0.38216478,-2.1663096
-5.5958343,0.21044677,-1.1911235
-6.346415,-3.50414,3.8469567
-5.601365,-4.730454,5.877333
-1.4280454,-1.4186405,3.884472
3.4109476,3.3247418,-0.040368214
4.486906,5.6458993,-2.035385
2.422639,4.370194,-1.9560424
2.4216473,2.6932268,1.0898322
3.4175994,1.4076073,5.1361203
3.384152,-0.28451616,6.245099
3.3992813,-0.55325675,2.2508671
5.3716526,-1.2899133,-2.5891612
5.373946,-2.522756,-1.5931263
2.3693352,-2.3037171,1.5692068
1.3642833,-2.5201335,1.6056166
1.3585145,-1.3178669,-1.2746242
0.37301224,1.4607149,-3.1639774
-0.65528923,1.6536456,-2.1153386
-1.6071608,-1.568527,1.0868727
-2.6731153,-3.3956883,3.0577204
-3.5746121,-0.60057616,2.339682
-3.699513,0.5290109,0.26138303
-2.527956,-1.6404178,-2.4262097
-1.7360842,-1.5531161,-1.4952077
-0.4729823,1.2937595,1.7885092
1.2292935,2.3688312,3.7712266
1.5715462,0.19666271,2.003571
1.2133685,-0.6969146,-1.9663061
-0.40480098,-0.93285793,-3.7586577
-2.7817621,-2.7591379,-2.7323005
-3.4004285,-5.0759053,1.5137544
-0.7575427,-3.835344,2.4708924
2.5857115,-0.2095859,-1.1992241
2.284354,0.050274488,-4.327681
-0.44658068,-0.3107447,-3.9332774
-1.6503682,0.8937422,-1.101341
-1.5045284,1.6148313,1.2849398
1.4378104,0.7069809,3.1707354
4.4266634,0.5624025,0.44001988
3.522624,0.50199986,-2.5185075
-0.623429,-0.48412377,-1.4422534
-2.4253635,0.3026411,1.7895265
1.3747108,3.459585,3.67645
2.5675242,6.1219735,0.061460204
0.4297529,5.385464,-4.1852818
-2.4840689,2.9697611,-3.7108293
-3.4907525,0.29076624,0.96842813
-2.543201,-1.1571084,3.4776373
-1.4250793,-1.8136762,0.12804025
0.425913,-2.2723682,-3.36661
0.5977119,-1.9118023,-3.7074401
0.4390025,-0.391015,-3.2546802
-0.42344618,2.0098515,-1.5287786
-1.5149586,0.47977495,-0.18555923
-1.4706596,-2.0542698,-1.3496768
0.5444652,-0.6380103,-4.14218
2.4771702,1.8683497,-5.186304
3.5922446,2.2763882,-1.1103637
4.449749,0.7674964,2.9542384
2.5993583,0.22944455,1.9076926
1.4647119,-0.3593867,-0.9185972
0.56580406,-1.78279,-2.0903046
-1.4960701,-2.5015607,0.1882053
-3.483593,-0.77198654,2.9136133
-3.4583802,1.353829,2.2541163
-0.52783364,0.24778828,-0.058095623
-0.43797737,-1.7801297,-3.7330241
-3.5647345,0.26901233,-4.0066996
-4.4258556,3.1060596,0.24682981
-4.6019707,2.2730799,4.040535
-5.4283705,1.0372847,5.220727
-4.6196055,0.24390319,2.0694394
-2.463393,0.014699423,-0.8098562
-0.6045264,-1.8067843,0.092833586
-0.535048,-2.9827511,1.1385263
1.4454724,0.14976385,0.12346041
3.3707237,2.0185885,-0.9380808
2.5055351,1.1244341,0.16343015
1.2910473,1.0245913,-0.039470583
0.5483083,1.1081978,-0.7960648
2.2453454,0.035569347,0.85591525
3.5721464,-0.8922316,2.2205484
2.2279482,-0.9541509,-0.23321801
1.5901903,0.12346996,-2.8023872
3.2334151,1.0590334,-0.28634706
4.603196,2.1470926,2.1152978
4.2632256,2.088977,1.7028092
3.613732,-0.8408183,-0.015428786
4.3132534,-2.847132,0.71371335
4.625727,-2.8480854,0.8328934
1.3770483,-0.7547807,-1.2923551
-2.35904,2.138735,-0.29425773
-2.542513,4.34818,1.6477239
-1.3501868,4.138503,2.6186402
-1.4438179,1.439887,-0.46143368
-2.3463213,0.17088191,-3.449857
-2.3330204,1.5043164,-1.5864251
-2.3444595,2.2448876,0.4636422
-3.2188153,-0.4683307,1.296686
-3.33566,-1.6352338,0.35380512
-2.1103673,-2.4706855,-0.821396
-1.3149303,-3.5008414,-0.7644937
-1.0148268,-2.4590516,-0.95589536
-0.27147523,-0.39856356,-0.8810301
1.0543323,2.6011016,-0.10996872
2.8072982,0.6508494,1.0019159
3.08806,-2.2939994,0.721323
3.923378,-1.3265637,-0.12396514
4.09593,-0.18316543,-0.4485475
3.053557,-0.30080265,-0.2758967
2.108251,-0.08372513,0.39782655
0.16722938,1.7371863,-0.46715242
-1.8535483,2.9951162,-1.7331074
-3.7495332,2.7920141,-2.6949115
-3.7859797,1.0534526,-1.852181
-2.6946576,-1.1426513,-0.93961084
-1.6997225,-2.901649,-0.98546654
-1.6547809,-3.0774453,-0.17000926
-0.61353683,-0.86001104,-0.1589208
1.3926713,-0.020882893,0.6292896
0.44627616,-0.8238183,1.6286225
-0.5335951,0.036461752,1.4478742
0.47541344,1.1964169,0.39335412
3.5557668,1.095043,-0.7272784
5.4917417,1.2058098,-0.85269934
3.6384292,1.1505188,0.095456325
1.5149543,-0.7979796,0.899977
0.70066404,-1.79666,0.9074215
0.54683584,-1.8068308,0.6625099
-1.2547228,-2.7659569,-0.29986697
-3.4227486,-1.8014446,0.43883336
-3.215725,0.23329444,1.4813297
-3.4074852,2.2120395,0.21248119
-3.1818998,2.2177331,-0.7295863
-2.3943262,-0.78811395,-0.027714003
-4.175882,-2.793155,2.0693624
-5.367498,-1.8143773,2.7239916
-4.198764,0.20607585,2.8657823
-2.3373325,0.13082895,2.4895554
-1.2361974,-0.7839562,-0.36929235
-0.31437248,-0.9476982,-1.7060865
1.7236032,1.2248098,-1.6466242
3.6931248,3.9684896,-0.8700848
5.687087,3.2113445,-0.9475268
6.688552,0.8967319,-2.0276337
4.6487284,-0.83187896,-1.2470251
1.6774389,-2.1640527,-0.19824456
0.61043525,-2.9025633,-0.53581953
1.6543384,-3.2122135,-0.38538468
1.5798136,-3.005936,-0.8061937
-1.3902267,0.7554596,-2.605707
-2.4355705,3.8654594,-3.0359592
-2.454136,1.717667,-2.87489
-4.4535074,-0.26269332,-0.2218147
-5.5143785,-0.33835754,1.822949
-3.4907732,-1.3934847,1.605704
-0.5622908,-2.4047627,1.5293436
-0.5532037,-1.5264494,1.4088577
-2.5918489,0.5121451,2.2739089
-4.6397367,1.346204,2.172168
-3.6096375,1.4048033,2.061387
0.26568204,2.235911,0.9048912
3.3682153,2.2616642,-1.1275247
3.1830225,3.147295,-1.3674486
0.32756513,3.0921247,-0.3151275
0.1262175,0.058374904,0.37142503
1.2683023,-3.0780087,0.48667234
1.0857918,-4.0520344,1.1331481
1.2115877,-2.2355838,0.26882842
2.0473845,-1.1905532,-1.0811881
2.1678865,-1.3819625,-0.9600966
2.005082,-1.3476992,-0.28388205
3.14822,-0.53110176,-0.19016881
3.9500687,1.4893568,-0.48109874
4.1564927,3.308567,0.5828891
2.8882277,3.3259993,1.3267574
1.1792074,1.1339864,1.3520731
0.83728504,-1.8349856,2.1531594
1.19733,-3.0573208,1.1057779
1.8110336,-0.9907385,-1.9997668
1.2009389,-0.26361406,-4.1492143
-0.18881921,-2.1522505,-3.1412885
-0.8104003,-3.4633179,-1.403019
0.83228856,-3.3416433,-0.2851799
2.1689913,-0.6408957,0.36508703
-0.13881372,0.44009763,-0.45327532
-3.8508503,-1.8063804,-0.8273665
-6.1096897,-3.7864826,-0.6526511
-4.873267,-3.9758685,1.018048
-1.074953,-1.0111876,2.129255
0.09477572,2.8544147,-0.1160783
-1.0371015,2.761358,-2.0898087
-1.9348946,0.6891018,-1.2368516
-2.0158088,0.54033756,1.6892767
1.0530138,1.5177904,3.6625366
3.9849932,2.3367105,2.4608614
3.0494204,1.3416927,0.58673614
-1.0191461,-1.8515831,-0.772709
-2.9632232,-4.832561,-0.47435418
-1.008102,-5.0252557,1.0065769
-1.0059423,-1.0030553,1.459212
-1.9699078,2.8233864,0.8172387
-2.0724387,2.8192663,-0.6261331
-0.925145,1.7132832,-0.33363533
-0.13597943,-0.37349173,0.27116275
-0.90053576,-1.3576847,0.54185116
-0.17098436,-0.56101054,1.1707796
0.0887262,0.5879583,0.42332017
-2.1736462,1.2839991,0.08456583
-3.95231,1.5295278,0.31023723
-0.14731152,3.1827548,0.0032826525
3.9868712,4.4553747,-0.78572696
2.8862915,6.139327,-2.0830898
0.9382259,6.377764,-2.8588467
0.90498835,2.1340168,-2.1777642
2.9105656,-1.6843,-0.90651715
3.9120321,-1.838743,-1.283223
2.8967257,-1.734401,-1.9285045
1.9182907,-1.778428,-0.3942904
1.8862113,-0.7622874,0.07161042
2.9300156,0.29848307,-2.5133448
2.8772335,-0.75247693,-1.8989899
0.9428934,-2.6235352,1.3655208
-0.12604602,-0.68869156,2.138936
-0.04607793,0.44703805,1.2708486
-1.1283348,-0.5810435,1.1668975
-3.0342672,0.536964,2.2144663
-4.1306806,2.5440512,2.1781766
-4.026358,3.6599257,2.201296
-3.1312773,3.6844273,2.177591
-3.0231051,3.8139157,1.2192296
-4.133119,2.843781,0.18064001
-4.0218377,-0.0098233605,0.25507924
-2.1356487,0.029103303,2.1974578
-0.026901254,4.187315,2.3032472
1.8675635,6.232476,-0.7744447
2.9599688,4.405279,-2.6297514
2.8764012,1.4608752,-1.7389873
1.9422807,-1.3720894,0.45041704
1.8882048,-1.2812318,1.3143615
3.9252949,1.8549349,0.5297205
4.9005065,2.9964023,-0.5997644
1.9081694,1.0841563,-1.4085205
-1.0850441,-1.7016301,-0.46818814
-1.1039083,-4.6994615,-0.3712205
0.9173476,-4.373666,0.70222807
2.9046228,-1.4918213,1.6640754
0.8960207,1.9569438,-0.12478877
-3.0655112,3.7315552,-0.26762384
-5.141033,1.2579082,2.0276427
-4.0299764,-2.009301,3.8409853
-2.177312,-3.486411,2.1579392
-1.0081446,-1.7157137,-1.0126771
0.807882,-0.27103302,-1.7302798
-0.016299251,-1.4065694,0.16424626
-1.1841793,-2.078391,1.3667499
-0.037991546,-0.10253376,1.3647003
2.8200397,2.1033118,0.45909527
5.9535413,1.1799133,-1.4288993
3.8024273,-0.71490306,-3.4376073
-1.0383658,-1.5689106,-3.2339253
-3.224296,-1.5350733,0.6914879
-2.034992,-1.3488367,1.9374909
-0.23997916,-1.3602163,-1.156707
-1.0525593,-2.1607625,-2.9014413
-3.2320423,-2.196343,-1.996357
-4.0998015,-0.99713725,0.25078154
-0.19812568,-0.057655483,3.177319
3.8312464,0.1530368,4.389699
3.841028,-2.9511693,1.362922
1.7703218,-5.717243,-2.4861145
-0.14268218,-4.857338,-1.4349129
-0.26155317,-2.635905,1.6186883
-0.16304277,0.24718815,2.775898
0.7424643,0.38697514,-0.27703378
0.7830165,-0.6428857,-5.032881
-0.23157215,-1.6275516,-5.1457477
-0.28479227,-1.557953,-2.8825614
0.796466,1.3559365,0.016247263
1.649308,2.4752705,2.238557
-0.18588574,1.3512645,1.1899552
-2.408284,-0.5389168,-2.653969
-2.178606,-1.6529982,-4.636897
-1.4610708,-2.5829465,-1.5471432
-1.1834047,-3.6739826,2.5232377
-0.50034523,-2.636367,2.56778
-0.2107193,-1.7229462,-1.3329701
-1.5183674,-2.6949623,-3.3072531
-2.267427,-2.7941527,-0.20375471
0.49478966,-0.7573741,2.8259947
2.6395319,0.11179125,1.9091109
1.5369563,0.17810616,-0.023815805
-2.474623,0.009497404,-1.9981148
-5.413068,0.09326437,-0.86579823
-4.5831676,1.925017,3.0994334
-2.3807194,2.9732008,4.2698708
0.3367257,2.8690782,2.2274559
1.6236839,0.82441384,-1.6295743
1.2884775,0.8279624,-2.613986
1.6038079,3.6782415,0.4458867
3.2723873,3.7682798,3.5597725
4.55952,2.565017,2.5123305
5.2900157,1.6807537,-1.2678951
3.4980438,0.48315716,-3.4117458
0.32619277,-0.4280141,-3.116617
0.44111517,-0.5669103,-1.3109547
2.3637345,-0.5597459,-0.9950384
2.3960214,0.4164497,-2.1830857
0.4009481,1.2909304,-3.8985338
-0.6364734,2.4212775,-3.0389392
0.4349105,2.145692,0.19198236
1.3436826,-0.5803776,2.099194
0.46311122,-0.96715105,2.2990816
-0.66189456,-0.6042636,-0.779672
-0.51764584,-2.048173,-3.5780802
-0.6534927,-1.6417583,-2.6593025
-1.5122854,0.9018537,0.5411898
-0.6257943,0.29933175,4.479022
0.4750118,-2.1116285,4.650995
0.4136239,-1.773758,0.6324213
0.45593724,0.89904803,-2.2368538
1.4506034,2.1494567,-0.20806564
1.4407266,1.9259071,3.886355
-1.5279373,2.0820286,4.949831
-3.5615666,2.9525952,2.0313973
-3.524268,3.041085,-0.9035102
-4.559065,0.9634644,0.20775346
-6.531071,0.03894069,2.2255783
-5.5550632,-0.045220274,3.4125473
-1.5452133,0.06627656,3.3509858
-0.55394554,0.94288164,0.6259338
-3.564987,2.104772,-2.5131047
-4.5482364,2.9409738,-2.16161
-1.593966,3.1415226,1.6392137
1.4623114,2.9584692,3.042071
2.373705,1.1663766,-0.19052431
2.4798384,-1.0026567,-2.7627642
2.3397458,-2.8188374,-2.0016582
1.5039711,-2.9546313,0.41246632
1.3100989,-0.80141693,2.2187595
4.533682,0.08746418,0.5562246
7.2939086,0.22155562,-1.5290046
5.553057,1.127994,-2.3224914
3.3133883,1.2366416,-2.2658193
2.5496895,1.1723014,-0.20290701
2.3690333,0.24493736,2.9907095
1.5293974,-0.7941674,2.9269068
1.4524574,0.2619729,-1.7751185
1.5030369,1.2118834,-3.9190311
-1.4532706,1.2914919,-1.5693122
-4.518252,0.19285113,1.2503382
-3.3529384,-1.6789523,0.6224182
-0.5357236,-2.8415923,-2.580458
0.7453772,-3.6601841,-3.1872463
-0.5348224,-4.8875093,-2.4188163
-2.1800754,-5.6573906,-2.0031302
-0.4961908,-3.9424293,-1.2500187
0.85557884,-0.6735969,0.15856852
0.58022195,-0.0060802987,0.9401492
-0.13552302,-0.71411026,-0.7138835
-1.3244284,-0.064544015,-0.8401761
-3.137965,-0.7957254,1.3831418
-3.225293,-2.1090143,4.393887
0.8638328,-1.9128057,4.474582
3.864527,-0.1509326,1.6123195
1.8721848,-0.050044965,0.59349275
-2.0495484,-2.2062676,0.7871972
-2.1202092,-0.18951939,2.7533443
3.0371816,3.7209194,3.9212189
5.884442,2.6587124,1.9383998
3.117529,-0.35306263,-1.9670727
-0.09933586,-1.5062584,-3.8718567
-0.82362956,-1.4382366,-0.86039835
-0.066616714,-1.6695013,2.3071039
0.21201254,-2.5426028,1.2462438
-0.018271191,-2.8226564,-2.5254006
-0.775817,-3.6682363,-4.649424
-1.9595299,-2.968249,-3.370821
-2.7827022,1.2004482,-0.54817784
-2.8960617,3.880756,1.7700461
-2.805853,3.0712187,2.5510023
-2.8323686,0.7325585,0.8943495
-2.8410454,-2.0630136,-1.3533857
-1.7747083,-3.4060507,-0.9942399
-0.8790039,-3.1967776,1.7339914
-0.7371457,-1.5412607,3.105875
0.09832572,1.6836797,1.8093119
0.266055,2.3218577,0.19981997
0.09838484,1.5769633,-0.1343664
-0.7611534,2.203319,0.29019523
0.1095157,2.4623349,-0.099578515
2.204268,2.1230514,0.37445465
1.1053016,0.33556983,-1.0763476
-1.8129699,-0.9206131,-4.5737453
-2.926853,0.209342,-3.033839
-0.8055636,2.0611887,1.4231284
0.012568113,3.0953932,3.0294483
-0.77877307,4.0626383,-0.62496054
-1.057349,5.0026593,-3.9032555
-0.7550382,5.0733194,-2.696764
-0.11355437,3.9442048,-0.8582733
0.25036022,1.0825945,-0.77094734
0.8586758,-2.0727093,-0.8487071
0.2303227,-3.913342,0.1623735
0.8603858,-2.0496354,-0.88386273
3.1985068,2.0913787,-1.8946551
4.8717403,5.9992313,-0.9513307
6.176785,7.11407,0.03743717
4.8817153,4.0519876,-0.03047856
3.1627522,0.17103064,-2.0535846
2.9065578,-2.903567,-2.1166878
1.1348381,-3.7384357,0.83966625
0.95766914,-3.8612535,2.7773652
2.0989108,-2.6330073,0.73248917
2.0098004,1.2004846,-2.3599732
2.0810945,3.4621794,-1.3609079
1.041914,3.2930803,0.46277052
-0.9147986,1.5445269,1.5572027
-2.944226,0.40618998,1.2664881
-3.8994522,0.6241796,-0.54097885
-3.9401722,0.5244413,-0.91982883
-3.8867724,0.70910686,-0.6740253
-2.9362671,0.6421795,-0.08640842
-2.8845553,-0.20690003,0.16025251
-3.9353693,-1.2360111,-0.23850395
-2.887397,-1.1338305,-1.0287107
0.05856305,0.8939637,-0.38497937
1.1024771,0.9228677,1.7733346
-0.9515418,-1.9755851,2.4604652
-1.91652,-4.026829,1.5791569
-0.95920223,-3.858886,-0.7049497
-1.9555894,-2.9783132,-1.6155759
-2.9545257,-2.761239,1.1311721
-3.0089877,-2.9291441,4.1782703
-2.9535122,-2.688323,4.9746304
-1.0559628,-1.8766017,1.9653
2.033236,-0.6447235,-2.1863256
3.9097083,0.18400049,-2.238839
3.0062566,-0.6362938,-0.3623377
1.8887895,-0.7451058,0.56528604
2.9713511,0.34190935,0.4569811
4.875653,1.3240246,0.3646454
3.937084,1.3054599,0.28323662
-0.13675642,0.37685278,-1.850603
-2.0878098,-0.73157305,-1.8810166
-1.1504365,-1.599669,-0.067751646
0.88912755,-1.7562695,-1.0619576
1.8506336,-2.6146145,-2.2609768
0.8498991,-4.7619843,-1.2716191
0.8813781,-5.6715713,1.5690943
0.7873299,-2.7421582,2.4979205
1.9342173,-1.769997,0.41146407
3.723109,-3.7082095,-1.738037
2.9777315,-3.8795269,-2.7470078
0.6853813,-2.6875453,-2.9698584
-1.0105443,-1.9771172,-0.91325146
0.6860595,-0.6896836,2.815243
1.9642216,2.9532242,2.899143
0.71556365,5.277126,-0.37389928
-1.0816662,3.9195375,-2.306987
-3.2457266,1.2188209,-0.5429543
-7.135933,1.9198636,2.474591
-10.211705,5.1462245,3.3039706
-8.182627,5.9447026,1.2507536
-4.1973944,3.0753,-1.838557
-2.2161725,-0.014630742,-2.9734113
-1.2003376,-0.9819575,0.025765097
0.76382184,-0.9687034,1.8128316
1.7790201,-0.01335066,-0.124253795
1.7567384,1.0788472,-1.3592484
2.7512474,0.9817341,-1.3153358
2.7564745,0.12989095,1.5231647
1.7170326,0.004932814,2.4603043
2.7735345,2.1819139,0.4351224
3.6720345,5.06238,-1.7579195
3.802259,5.2271132,-2.6655145
3.6367033,4.1597066,0.06745371
2.818423,2.2684789,1.1989393
2.6333804,-0.71628994,1.9387361
0.80836195,-3.677556,2.0516264
-0.33813187,-4.582758,-0.18319567
-0.21303444,-3.5948193,-0.06719148
-0.305319,-2.4591954,0.6784199
0.7808728,1.5313998,0.8445947
0.7125848,5.650163,-0.46094096
0.79145414,6.68784,-2.2360454
1.7262741,5.764767,-0.577517
0.798601,2.8564258,2.6742291
-2.2492974,-1.1087202,3.336284
-5.208923,-2.9674222,0.5734563
-4.2107453,-0.96817124,-0.719625
-1.2305287,1.2106366,-0.53166837
-0.1683362,-0.8142293,0.23536065
-2.2518647,-3.6133604,1.3879446
-4.1397443,-2.639804,0.1721161
-2.2549503,-1.453039,-0.649551
-1.1394287,-0.44512534,-0.9120496
-1.2378881,1.7039257,0.34172443
-1.1515005,1.749065,2.008393
-1.2243382,-0.1333484,2.3286896
-0.15326886,-1.0580637,1.9664423
1.7726908,1.0274712,0.28176275
4.8620257,3.1405637,0.97943133
6.755626,1.1737505,2.1979194
5.8863797,-0.6482352,2.0316079
3.7369843,-0.6920513,1.1010437
1.9086287,0.55388397,0.0950821
-0.273476,3.4549103,-0.9862347
-3.082639,3.7240796,-1.8547158
-3.265174,1.6191986,-1.0426791
-2.092477,-0.13344382,-0.8377756
-0.247205,0.7839885,-2.0595698
1.897201,2.9957774,-3.8574803
1.7581955,0.93064946,-3.0418572
0.90021706,-2.8837926,-0.90445954
-0.2531505,-2.9386463,-0.008695245
-0.09285437,-1.784232,-0.9555002
-0.26295456,-2.8256743,-2.984289
-3.1088698,-2.7029722,-2.9909196
-4.247059,-1.7309443,0.016167298
-3.161288,-3.6563604,4.000596
-1.20821,-5.641442,2.9866433
-1.2367418,-4.650229,-1.9833727
-2.166927,-0.56537235,-4.060764
-0.3104597,1.3279952,-0.9561644
2.8536036,-0.5241698,2.8842728
3.6352057,0.30178386,3.0740275
1.8401489,1.4678513,-0.16696487
0.6148619,-0.73521054,-1.9061537
-1.2184277,-2.5719156,-0.19723602
-2.370413,-2.79351,1.0841573
-1.31008,-2.6461256,1.8085691
0.66237056,-2.8630447,1.0428884
0.5827113,-2.763512,-1.1594725
-1.3041612,0.06320377,-2.0153437
-1.520184,2.07738,-1.1121823
-1.2857811,0.9744303,0.91395
-1.6112747,-2.100358,1.9519604
-1.280799,-4.1535997,-1.1713935
-0.690872,-2.2710946,-3.9712348
-1.2910541,-1.335774,-2.2547255
-1.7546242,-0.4327742,1.0950435
-0.31525874,1.4500941,1.6861392
2.1960492,1.3846508,0.13291247
4.648165,1.2334552,-0.32868055
5.166271,0.17184958,-1.8751166
3.5917203,-1.9875876,-2.2923102
3.1654503,-2.0584078,0.08229067
2.5133853,-0.21731932,2.7758322
1.1844678,0.69561034,3.025651
-0.5666462,-0.44972417,-0.1388204
-1.8027259,-0.5680324,-3.033377
-0.62318647,0.32648346,-1.0436399
-0.81555027,-1.860446,2.9160242
-2.650494,-3.8769448,3.0458221
-4.8465185,-2.1745224,0.8917737
-4.6666837,1.9277554,0.11962009
-1.8725253,2.511676,0.8977464
-0.6954949,-0.2803501,1.1748343
0.1234246,0.2303362,1.936973
1.2604274,2.4768045,1.2162094
1.1343144,2.9940417,-2.006262
0.21073079,2.2037966,-3.7360835
0.15632908,2.8015623,-1.947807
0.15981397,1.9090486,1.326997
-0.8161924,0.63709265,2.1064315
0.11545907,1.626919,0.40899268
3.216432,1.4665699,-0.8439731
4.0739613,1.3826553,0.50737256
2.256433,1.2865036,2.2052398
1.041199,-0.83028173,3.6120267
1.2960397,-2.8938086,4.2714906
1.0225537,-1.0138879,1.7011447
1.328739,3.927568,-1.6301472
3.0302536,6.828849,-2.2322266
2.3384259,3.7570503,0.499208
0.071680136,-1.3102105,1.8146566
-0.672579,-2.3916984,-0.35046944
1.1357535,-0.44622025,-2.1459334
1.3073653,1.4911932,-2.1909103
-1.7965794,1.4185284,-2.111484
-3.7010665,0.40342674,-1.0251
-2.745337,-0.71142435,-0.07343813
0.31016517,0.3341854,-1.8705109
0.28957257,3.1806712,-4.0161185
-1.673055,3.262861,-2.7374394
-1.6677929,1.1085526,2.065631
-2.6786397,-1.8141447,4.371229
-3.603323,-2.93691,1.1698093
-2.7035937,-1.8824213,-2.5386992
-1.5294728,-0.9742078,-1.7073879
-2.7351618,-0.9264336,1.5336708
-3.4596236,-2.0155892,4.4288387
-0.7524242,-0.94292796,4.602431
1.5840304,1.9440174,1.5580667
1.2623426,4.052655,-1.3132627
-0.40449616,3.9232657,-1.3359523
0.3119801,-0.95560324,2.795757
1.579941,-5.075178,3.746485
2.3838224,-2.9571826,-0.08881684
4.560703,0.93198955,-3.1635487
5.4585752,3.054369,-4.001865
3.5481749,2.9505754,-1.045837
0.53578573,1.0659928,1.0521307
-0.45929727,-0.011112244,0.0857379
1.6168646,0.07435184,-1.904429
2.5387838,0.043475192,-2.7956467
-0.30424008,-0.9164524,-1.8488635
-3.449109,-1.8919713,-0.71058095
-2.2367718,-1.9011848,1.2336717
2.5830142,-0.8256985,0.33586413
4.8115554,0.12802541,-2.6676493
2.6377325,0.2316873,-2.6344137
-1.1573921,0.18104684,0.425139
-3.2934456,-1.7276349,2.393896
-2.1383305,-3.74352,0.50170153
-0.21443515,-1.6958264,-2.5696163
0.8652178,1.3482246,-2.445684
0.8811342,-0.67474866,0.4830891
-2.155335,-5.5397496,1.5745516
-3.0107648,-5.662561,1.5579127
-1.1788837,0.5890872,1.5673597
-0.9287106,4.34552,-0.35672626
-1.1666445,2.7235498,-3.4566853
-2.8992152,0.37525612,-3.2656283
-3.1121354,-1.1635822,0.5096635
-2.9099703,-1.5530603,2.8204982
-3.0427217,-0.08242729,0.47891012
-0.9258922,3.5704267,-3.1079402
0.014051957,3.962713,-2.5374053
-0.9336212,1.7386956,1.9382507
-0.9398446,-0.0038984865,4.47187
0.06507927,-1.0795896,1.9488318
1.0941143,0.045714647,-1.4802682
2.0790446,1.0996878,-3.083649
2.110936,-0.8818011,-0.3961401
2.1108372,-3.7274334,3.8562927
2.116614,-2.7793484,4.702207
2.1515965,1.4319279,1.792503
3.1237423,3.358214,-2.2043293
2.1945205,-0.42547125,-3.2608612
0.13009253,-2.469313,-0.12624104
1.2506981,0.7135004,2.7074897
3.1270773,3.712933,1.9208822
3.3160713,4.8726554,-0.28340343
1.1302041,4.893777,-3.0781267
-1.6317695,4.0534477,-2.231262
-0.84069633,1.0733198,1.8898358
0.39351422,-2.7472355,3.8408668
0.21203537,-3.7437925,0.8486491
-0.59522825,-1.5352689,-5.086403
-0.73189986,-0.5551619,-6.18884
-0.57980937,-1.318663,-1.0166816
-1.692497,-1.3470755,2.7747543
-1.5456113,-1.1154408,2.0499873
0.32151812,0.88925666,-0.25004116
1.506303,3.0764506,-1.9000769
-1.6855427,2.141261,-1.2536613
-5.436094,0.2674537,1.1312746
-5.691961,0.4040456,2.764366
-3.4031105,1.4555707,2.1440175
0.330629,1.6759534,-0.19341987
0.5883013,-0.3540002,-2.863384
-0.61649215,-3.0549455,-1.129305
-0.44562712,-3.1492887,3.1229882
1.4407564,0.19693896,2.9338791
4.5239286,4.0808105,0.124407865
4.481317,4.4186964,-2.010419
2.5073857,2.3437653,-1.8660054
0.5094124,-1.3918608,0.050226714
-1.5074085,-2.3742619,1.141259
-1.4632952,0.7887957,2.121471
0.47584176,1.8957466,1.1504517
1.5606558,0.97886693,-1.8122864
-0.538389,-0.84997773,-1.8177164
-2.4260066,-1.8365033,2.2329402
0.46076077,0.40418404,5.246128
4.5656886,0.3314464,1.2506701
4.4764295,-1.3527371,-3.6581287
-0.46128932,-1.4898437,-3.7445927
-4.4980826,-4.156847,-0.55878264
-3.4986594,-5.283452,3.2754662
0.52480125,-1.0033753,3.525132
2.4659696,2.9320261,0.3186087
1.5305781,1.118528,-2.4086845
0.44907305,-1.850295,-1.6154367
-0.4990627,-2.778232,1.6388476
-0.53786635,-2.6569324,3.4736214
-0.56807435,-0.66555655,0.6675464
0.499437,0.4935825,-3.418537
-0.66074157,0.4607008,-3.3145483
-5.4674697,0.60675675,0.69727457
-6.7455964,2.5898092,3.699842
-2.460506,5.694678,2.8141246
1.1876367,4.7110786,-0.28218588
-0.48682436,-0.23995118,-2.07749
-1.8527849,-2.172902,-0.2539636
0.45487645,-0.19766785,3.0167782
3.1221468,0.9271237,3.7860851
3.3793306,0.83261603,-0.90299994
2.104171,1.0052902,-7.1685133
1.2942944,-1.1493402,-7.827423
0.0874487,-4.947128,-3.1271155
-1.7960056,-5.129073,2.2445037
-1.927858,-2.94296,2.9167306
-0.8874058,-1.1079144,-0.69941676
-1.949502,0.027453989,-3.022353
-2.9726264,0.9024602,-1.6720965
-1.973717,0.973296,3.0623405
-0.06186414,0.8911046,4.33138
2.011653,0.9094157,0.15366091
2.8400328,-0.1588009,-2.6633587
3.0071518,-1.1498446,-1.7690569
1.7409676,-1.255716,2.3509784
-0.9991009,-0.20106117,5.3004427
-0.34563854,-1.3965676,3.3616633
1.9916526,-3.2564867,0.37320182
1.5687537,-2.5571902,-1.6331553
0.99581444,-1.342899,-1.56252
0.47978765,0.28255576,0.38606143
1.000883,1.5337567,1.4718789
1.4139832,2.1206362,1.4346694
-1.0247229,2.3807552,-1.5308623
-1.6026438,0.9529181,-3.4948869
-1.0898438,-0.8016234,-1.5504152
-1.5810635,-0.21366607,1.5682528
-2.172605,0.9811775,2.4400365
-1.5425398,0.62210584,0.60015994
-0.25440982,-0.26648578,-0.53965324
-0.5037196,0.45706034,-1.4148155
-0.32132167,1.4594961,-0.48649007
2.5285048,0.28527924,0.534283
5.6308556,-2.8316293,-0.42381573
5.5481744,-3.9026036,-2.5255237
4.6083226,-1.1273006,-4.3773675
4.555226,0.8812637,-1.5764643
2.604577,0.57989293,3.6463652
-1.4477694,-0.3595335,4.3776913
-3.379358,-2.7143013,0.65119976
-3.4613292,-4.626159,-1.6606387
-3.3550155,-2.9977314,-1.3666786
-3.4686737,-0.92735964,-0.6942838
-4.3412623,0.73019886,-0.39958096
-3.4587753,1.7531013,0.269957
-1.3416325,0.45061848,0.55823326
-0.43680194,-0.5665681,-0.77551454
-1.3481132,0.15931353,-0.48736596
-1.4109378,1.114391,2.1709912
-0.34903917,-0.13784881,3.454665
-0.39598984,-2.2071588,1.1185226
0.6698527,-1.431274,-2.6219459
2.6055756,0.46534726,-2.9291558
2.7024834,0.28028348,0.2811462
0.6043268,-1.8596187,2.0262218
-0.25896394,-1.0098346,1.1632888
2.609475,2.8344522,0.9896362
4.7786474,2.681724,0.020567084
2.6224945,0.5614956,-1.0478972
-1.1802323,0.36330304,-0.12626861
-1.3615892,0.30591694,1.8879964
1.8689536,-0.9479502,3.7428885
3.6492605,-0.9387989,0.785556
3.9312532,0.7597196,-3.37615
1.6594338,1.8141571,-3.3364856
-1.0148981,2.503149,-1.5096284
0.69616205,3.5568264,0.53848964
1.0082467,5.287558,0.3401116
-1.2427258,5.290535,-1.6004626
-2.9782693,4.1073985,-3.809341
-3.1898937,2.0309114,-5.773816
-0.94977427,-1.0587795,-3.941317
-0.16161989,-3.1994672,-0.9854992
0.09282369,-3.229837,-0.065470956
-0.14343305,-1.3861626,-1.2146254
-1.8789017,-1.4158707,-1.2039297
-2.1083086,-1.5288032,2.5633285
-1.8834025,-0.60418576,3.6270752
-1.0541673,-0.649711,1.351983
-0.9104316,-1.7722023,-0.55496436
-2.9992042,-3.764151,-1.8702289
-2.9446175,-3.9115512,-0.73349744
1.0506868,-0.8731092,1.896307
4.0127344,1.9786932,4.084301
2.0957887,2.0212517,3.666452
-2.0341656,1.9049429,-0.11602827
-3.866766,1.9199114,-2.5464742
-2.0848527,2.8568504,-1.338283
1.1639154,3.8455324,0.25672594
1.8631692,2.8085947,-0.58013177
0.18240365,2.8212395,-1.9223592
-2.1775904,1.7513545,-2.8382936
-2.828508,-0.16286369,-2.0934825
-0.18593705,0.7075298,0.90513563
0.117253594,1.8718413,2.7282166
-1.1613735,0.6857984,1.6614512
-0.96069473,-2.075133,-0.4607605
-0.13051105,-3.3175056,-0.5656817
-0.035825137,-0.004180223,0.34018645
-1.1111728,2.703045,1.2199565
-0.093338326,2.064491,1.1439971
2.8912363,1.7755463,0.003476594
4.8671074,0.10501898,-0.033108763
4.880945,-0.09643633,-0.2236312
4.8442917,1.1347556,-1.1892636
4.8609824,2.0509827,-1.455101
3.831875,2.192126,-0.3295231
2.8385987,-0.81932676,0.31500056
2.82457,-0.7040636,-0.45917752
1.8156468,2.293333,-0.9039062
-2.183031,2.421559,0.41485143
-6.2051134,0.4134435,0.8976929
-6.1930375,-2.4478445,-0.7187791
-3.226104,-3.461411,-1.2629678
-2.207009,-2.3042958,0.12806258
-4.248173,-3.3443406,1.6219403
-5.2233863,-4.14713,1.952825
-3.272748,-1.225564,3.5555983
-1.2444409,1.005363,3.7618785
-1.2967919,-0.09756243,1.5195408
-2.2689848,-0.84723663,0.58406067
-0.32262906,1.038392,1.488249
2.7128,1.2913752,2.436764
2.6353693,0.17796722,1.45057
2.718091,2.4338727,-0.67146033
2.5762413,4.30844,-0.60256064
0.73333156,1.577206,2.2689052
-0.4762327,-1.5606922,2.318625
0.7405306,-2.283823,0.25746208
2.493666,-2.4370227,-1.7715049
2.724823,-1.1443613,-2.7339191
3.5025198,1.6814278,-0.8456332
2.6781683,3.9830453,1.2727587
0.54420114,2.8069134,2.1058352
-0.3813685,-0.91850734,1.2745275
0.59676534,-2.0454128,-1.9189394
2.5646074,-1.8614174,-3.7335813
2.6447861,-0.88022083,-1.9078965
1.524323,-0.82804245,-0.76881725
-0.3139894,-3.7259705,0.14615661
-2.5090632,-5.7944427,0.17753175
-3.2728703,-3.600525,-0.7817516
-3.5400665,0.25091976,-0.8646626
-3.2369885,-0.51571715,-0.7191963
-2.5578744,-3.684959,0.123732135
-3.2210786,-5.4660482,0.32339433
-2.5535998,-4.6178994,0.14430982
0.7749185,-2.4303043,0.35023046
2.4676547,-0.56612444,1.1893957
0.75222534,0.6122111,2.3688815
0.50967103,0.4544626,2.2525394
2.7120311,0.67660624,1.3813727
3.562766,0.4408624,1.3346275
1.6671706,2.7575436,0.38605797
-0.38237193,5.419056,-0.5711569
-0.374452,2.8206942,0.39654407
0.66488034,-0.5751259,1.5173336
1.5948735,-1.1498123,0.4249819
2.698317,1.4600571,-1.4119619
2.5813522,2.8573751,-1.5166718
-0.2932798,1.5093695,-2.372798
-1.4076594,0.8638377,-1.427769
-0.30797586,-0.4424986,0.6506616
-0.38815948,-1.1280136,1.6577154
-1.3293083,0.6180616,1.6960735
-1.3727626,2.8640544,-2.2929044
-0.35212716,3.7058518,-5.2225347
-0.3671256,0.833372,-4.273555
-1.3745289,-2.1812851,-1.1281314
-1.3717061,-2.2073956,0.74387205
-0.39812234,0.93565315,-0.04924564
-0.3882998,4.7656803,-0.21445043
-1.421885,4.0349693,-1.0041697
-3.4146278,0.7647029,-1.1445096
-4.4542117,-0.884809,0.018882725
-1.4399065,-0.2175142,-0.06362875
1.4998076,0.183095,-0.9654446
0.53053665,-2.187325,-0.9775309
-1.5466645,-3.7603352,0.045719557
-3.5099869,-2.13983,1.1119541
-4.5962415,-0.72664154,1.0575689
-2.5509398,0.9296635,1.1985909
0.3477639,3.291002,1.0827873
0.40621403,3.0059652,0.2646676
-2.7053118,-0.69649065,2.1408806
-4.6446567,-2.918574,3.3019717
-0.7453016,0.31815922,2.2228825
4.2953415,3.1489205,0.3344419
5.223304,2.329833,-1.6988965
4.2421565,0.2252293,-2.6142051
4.1922216,-2.6814814,-2.6422439
5.2001896,-2.6827207,-1.5313524
6.162817,0.2910383,-1.6132708
6.1721106,2.4068103,-1.4203292
2.136732,1.2658638,-0.59665495
-2.8522253,-2.5232987,0.6944278
-2.8655782,-3.746501,1.4382383
0.105796635,-2.4760735,-0.2172688
3.1657186,-1.7541745,-1.4818677
2.0499063,-1.4397801,-2.1703267
-0.7886798,-1.7644159,-0.35475394
-0.9919296,-2.4149609,2.847862
-0.7612631,-1.7728935,3.8006794
0.001024577,0.5958098,0.85946673
0.24073166,1.2244267,-3.035649
-0.97753483,-1.4141203,-3.1141016
-2.774863,-2.7618427,0.118129306
-2.9372594,-1.4477433,1.9434369
-0.7998638,1.2631897,1.2469747
1.1119876,2.5101054,1.0517553
-0.82532454,0.28491563,-0.6643852
-3.8433337,-2.5255973,-0.7881574
-2.8322215,-3.7028291,1.4049399
0.17656457,-2.5523164,2.3909392
3.19007,-0.69446605,1.4886073
2.1762664,0.4252911,-1.4350394
-1.7766507,1.3190432,-1.401
-2.8183172,1.4041866,2.734633
-1.7541678,2.3378625,4.728804
0.20216538,2.398154,2.9025865
1.2628564,0.3419482,-0.1138113
-0.7723485,1.4319277,-2.9448628
-3.717095,1.3252383,-1.92236
-2.7449095,-0.512725,2.1968565
0.31310132,0.33040965,5.2878623
1.2709757,1.5226115,4.344926
2.3710654,3.3845825,0.4977252
3.2692041,3.5342603,-2.4836557
3.4493973,1.4765971,-3.3108234
3.267703,-0.45763275,-1.2779344
3.5289888,-0.41392577,-0.14222541
4.2857394,0.5670361,-0.047771957
2.5928395,-0.30613318,0.022391114
-0.66639715,-0.37671587,-1.8185629
-1.3638688,1.7940291,-2.800576
1.4130582,2.709846,-0.59662503
3.6530583,0.8854084,1.3877157
4.5240083,-1.1672012,-1.3837607
3.6495872,-2.0391545,-5.4123964
1.6477371,-0.008156623,-4.1755905
-1.3545158,1.0306642,0.7925687
-4.242907,-0.83616215,4.0278654
-4.335647,-1.8758725,2.0100968
-4.170794,-1.6775432,-1.7849454
-4.286522,-0.7439659,-0.7464407
-5.1340117,-0.5379084,2.3772838
-5.2218056,0.4247501,3.5196552
-3.1154988,1.5913998,3.5276687
-1.1601119,1.6138455,2.7963789
-2.1006746,0.73002166,-0.32798126
-3.1161761,-0.19555838,-1.9259416
-1.0693134,1.8914464,0.82952774
-0.110048294,3.991702,2.327543
-0.010282729,2.068939,0.015485314
-0.13304289,0.18343845,-3.4480436
0.057580933,0.26341775,-3.773081
0.8407119,-0.6343067,-0.25100604
2.1112156,-1.5134461,2.4613938
4.834945,-0.4657541,0.9170261
5.13633,2.7320375,-2.2792165
2.8537688,3.6975658,-4.943079
1.1419086,1.981386,-4.006484
0.8862534,-0.11956043,0.18903266
0.13771224,-1.7976291,3.254373
-1.0767913,-0.8926056,3.336024
-0.8639039,-0.6213289,0.48675153
-0.047874406,-1.6229666,-0.49454343
1.1434959,-2.4795375,1.6924142
1.973033,-1.3305323,2.6888885
2.1541653,0.6475022,0.8777812
1.9923306,1.9583029,-1.1151478
1.1608295,2.7857697,-1.9576162
1.0124257,2.216059,-1.91102
2.1634252,-0.044645406,-0.80794036
1.0311631,-4.5747385,1.2955842
-2.8440123,-5.837745,1.332334
-4.9418836,-2.4093232,-1.5066748
-3.8717554,2.386581,-2.5235298
-0.9060895,4.734833,-1.3257931
0.08517627,3.603654,-0.3783821
-0.87468517,2.876357,-0.15407062
-0.9560729,1.8000072,-0.2378319
-1.8649112,0.013146432,-0.9886744
-3.9872231,-1.0155158,-1.1064321
-5.8753185,-1.8676399,1.1784549
-5.0142674,-1.8400458,3.009433
-0.8972752,-1.7638757,3.345895
1.9573413,-1.6862719,2.120986
3.0691266,-1.6611152,-0.5028527
3.9401906,-1.5746303,-1.7569822
2.0107372,-0.5417226,-0.37775648
-0.059999734,-1.5203683,2.3801901
-0.059947178,-1.4057328,2.7191002
-0.06225932,0.49237648,-0.46957678
-0.12437067,1.7152443,-4.2082767
-1.0729595,0.498213,-4.312621
-1.184683,-2.213582,-1.1528165
0.9193301,-0.47460973,1.8400121
2.747569,3.789133,0.89985406
3.9224036,4.5775,-3.0297158
2.6764452,-0.27381402,-4.03147
-1.0762658,-4.3528438,-2.9337652
-2.3823137,-4.3895397,0.050410252
-0.08514461,-2.2898822,3.1477735
1.573168,-1.5293276,2.1195922
-0.104344495,-2.2642992,-0.76345384
-2.4541392,-2.6614993,-1.8329417
-3.1344073,-4.3066525,1.3328174
-1.4686536,-4.7638946,5.2004995
0.834329,-3.4235737,3.4267085
1.519397,-0.83998287,-1.772599
0.8124289,-0.6007081,-2.481913
-0.4967804,-0.91079515,1.2484245
-0.19691062,1.1970605,4.597161
0.4875412,0.991107,4.281227
1.7935941,-0.0077357255,0.64514846
3.49493,0.86829495,-1.6602542
1.7601503,-0.2215647,-2.3457277
-0.45934728,-1.2787498,-0.581139
-0.29670534,0.5780014,2.640077
0.61440426,1.5247782,2.4972968
-1.3642544,1.4117048,-2.381684
-3.2992232,0.2792917,-5.439731
-1.4192982,0.2697165,-2.3932137
1.7718251,0.009471448,0.58565754
2.5627286,-0.8779945,1.6163578
0.80818665,0.7543437,0.580267
1.5971812,1.9397838,-1.3745499
2.803066,1.5314358,-1.4324464
1.6754698,0.72273654,0.6135663
-0.22478424,2.3371632,3.5620096
-0.22289231,3.4840102,2.57276
0.74245125,2.151363,-0.44085497
0.88065535,1.2529291,-2.4788208
0.72734874,0.9501921,-2.4703343
-0.035639502,1.044694,1.486981
-0.25691277,-0.2701258,3.4562728
-0.9787129,-1.1443057,1.4679677
-0.21542968,-1.4952404,-2.6430728
2.0651202,-2.3360293,-4.5644903
0.8315123,-1.7008433,-1.7377634
-1.8939447,-1.5455946,1.3606642
-2.1138017,-1.8838484,2.192098
-1.8669137,-1.7635083,0.23377728
-2.0487103,-0.058035254,-0.8543148
-1.8475418,2.028679,-0.9356314
-1.9841102,1.7588383,1.1008891
-1.8304728,0.84810627,3.885953
-0.92003495,-0.4392974,1.0203491
1.1794417,0.68975985,-3.2766764
3.150949,2.3691244,-3.1014867
1.174914,1.5226003,0.5685181
-2.7696009,1.2187757,2.7429965
-2.8382297,0.32477894,1.415724
1.3115865,0.113790765,-1.4399308
4.1431346,0.110984094,-3.7429779
2.39252,1.0279293,-3.6457217
0.12172006,1.9166739,0.089566894
0.4739595,-0.077391945,3.1319225
1.0913881,-1.2245044,0.90027535
2.5572717,-1.2207828,-4.091412
3.0633006,0.68804127,-6.322232
0.6176523,2.611597,-1.3104596
-1.936592,3.6305916,4.427139
-3.3654604,3.4488957,3.458948
-1.9006681,1.5709944,-0.8293051
-0.38955566,1.3180658,-3.7963767
-1.842225,1.4915414,-3.0896108
-3.440266,2.2199187,-0.06955027
-2.7714279,2.4026685,1.6407294
-0.5151044,-0.86453307,0.6452622
1.3109264,-4.683549,-2.63859
0.38900962,-4.9412255,-4.653946
-1.6026069,-2.7684338,-1.919438
-2.7142377,-2.013403,3.0284457
-2.5294664,-2.849685,3.802919
-0.8057788,-3.0823479,-0.31019387
2.513861,-0.93146497,-3.4619155
4.1339235,0.8585832,-1.6765828
0.5060402,-1.0242789,2.294047
-1.8768957,-1.1833026,1.9266185
0.44505396,1.8778672,0.07057605
4.1502385,2.7734027,-0.4822482
3.3497941,1.7922972,-0.1615183
0.19301657,1.724164,1.1325104
-0.74870026,2.714967,1.5717573
-1.7826492,2.6730883,1.7906334
-1.8263246,0.6430918,0.26392707
0.21579602,0.61952746,-1.5100003
1.1166301,1.5847589,-0.07224235
-2.812169,-0.45666537,3.2201316
-5.9214463,-1.441718,4.570558
-2.8539886,0.4377085,2.9786901
1.0423183,2.5537758,-0.80096155
0.102222174,1.3159908,-2.2466757
-2.994451,-0.44802964,-0.16509695
-1.9394389,0.20168002,1.5179235
1.966385,0.5216539,1.5029418
4.0186443,0.11773125,-0.7431404
3.9344258,-1.5507988,-2.7902968
2.972672,-2.9361582,-3.0287879
2.9081674,-2.6616936,-1.0502775
3.9297392,-0.96913064,0.67151743
3.8813477,-0.80200887,-0.2898435
1.8947867,-1.9970092,-2.6275272
-1.1478907,-2.9513178,-3.5202758
-3.13288,-4.0442276,-1.9147959
-3.177894,-3.0910528,1.248744
-1.1580245,-1.1190312,2.8242087
0.79860616,-0.2227833,1.0025018
-0.1911186,-0.21532467,-0.39447838
-2.2109733,-0.34994823,0.7335536
-3.2334983,-0.33120102,4.4297867
-3.2116168,-0.47154012,5.4527664
-2.2790756,-1.46509,3.2767098
-0.20749755,-1.5894461,1.1921786
0.6785918,0.39106968,-1.8859439
0.78914076,2.2889972,-2.0285184
2.6590073,2.2447946,0.942451
2.762641,0.16290951,2.775732
1.6653293,-0.9043108,1.7784942
0.72763485,0.03950266,-1.4066024
-0.32536814,-0.063562155,-2.374757
-0.29314858,-1.0747292,-0.5714446
-0.32770145,-1.2295231,0.47137454
0.7052842,-0.18554075,0.29148775
1.6644193,0.60639787,0.31107193
1.7073827,0.7006829,1.182421
0.67240924,1.4538918,1.1446824
-2.3087354,1.5789543,0.09738893
-1.2910724,0.3143607,-0.021785777
1.663003,-1.5444653,2.027466
2.7452047,-0.8200013,2.8210356
3.6611507,2.344648,0.9557795
1.749827,3.0357847,-0.30673483
-1.3037087,2.2574234,-0.13790378
-3.2705576,0.8858713,0.6054746
-2.2504625,-0.82146764,-1.2585154
1.705163,-1.2495395,-2.4496949
2.8014438,-0.90710896,-1.3875548
-1.3131882,-0.3606082,-1.5026016
-5.1533,-0.004051213,-2.4989936
-4.3192554,-0.44311664,-1.5725807
-1.1265777,-2.1155808,1.4202095
0.69733846,-2.4947684,1.3272542
-0.12460321,-1.2369138,-0.6258476
-0.26161835,0.47435614,-0.7954873
0.85625386,1.6470137,0.3469905
1.7931854,1.4513329,1.0713826
3.8286026,1.547189,0.33118176
6.853706,2.431588,-1.0680004
6.7959595,2.46608,-0.6789425
1.9132167,1.4134252,-0.20437412
-3.2334163,1.4079621,0.29743865
-4.0363355,1.3958361,1.6895694
-2.255465,0.3672601,1.2307522
-1.0046995,-0.610371,0.6331728
-1.2573987,-0.6670111,-0.8833728
-3.0075135,-0.59619784,-1.387179
-2.2320457,-1.7037774,-0.0193938
-1.0412415,-0.5568596,-0.40216112
-1.1998528,1.2626733,-2.1535323
-1.0763835,0.48802277,-2.426806
-2.1889076,-1.742537,-0.2766543
-2.0982246,-2.4843848,0.53111565
-1.1970756,0.29799986,-0.3867587
-0.12221717,1.5151454,-1.5216007
1.7980647,0.38281,-3.4943447
0.8344144,0.50038177,-3.5799425
-1.1987035,2.493985,-0.59314936
-0.21782097,2.4867513,1.3459663
1.7993898,0.6134929,1.3229446
1.7294227,-0.5007005,0.2617191
-1.2068981,-1.2875777,0.24197388
-4.326228,-1.4389917,2.1838336
-4.2132044,-2.223416,2.1515331
-2.3849103,-2.3237927,1.116725
-0.22372149,-2.1895652,1.0614088
1.567208,-0.17058699,1.0441546
0.74865514,1.8409029,0.98675716
0.5378543,1.9831442,-0.041021354
2.711142,3.9070604,-1.0720083
4.5140605,4.110057,-1.1335878
4.677913,3.0128067,-1.1217914
3.4898489,1.2277226,-1.2280916
2.651177,-1.8717387,-1.1643434
1.4681032,-2.6375644,-1.3236033
0.6224971,-1.7621528,-2.2004144
2.4615793,-0.48617876,-3.4175467
3.5816567,0.34980837,-3.2317705
1.4689549,0.6683525,-1.5044633
-1.4642378,0.47647578,-0.26343024
-2.5186024,-0.18851237,1.4203984
-1.5127087,-0.36981386,3.7092273
-0.5042092,-1.0674571,2.35259
-0.564003,-1.1865083,-0.3148615
-1.4884337,0.03457022,0.30933848
-2.6213326,2.0170457,2.644203
-2.4712644,2.128136,4.3069015
-1.6831366,0.22531617,2.5829718
-0.4609607,-0.7698658,-0.65836257
1.2615962,0.41990206,-1.4879528
0.5314739,1.3556451,-0.59594405
-1.7843983,0.58243954,-0.56250757
-2.4886415,0.5226144,-0.50883234
-1.8288223,-2.2992203,-0.63193446
-2.5160384,-6.276441,-0.41394794
-4.8746533,-5.203804,-0.67087877
-4.547218,0.93341815,-2.3396962
-2.9167347,3.8887918,-0.6535277
-2.5972416,0.1287645,1.7036251
-0.9314292,-1.9957998,1.4121598
1.3209021,0.29208475,-0.26280326
3.084097,2.1444323,-0.49458328
2.2198014,-0.57164747,0.78078437
1.1124227,-3.696534,1.6071278
2.1292243,-2.452263,1.8548851
3.1238842,0.4675344,0.7020767
4.0774302,2.6585903,-0.03226624
3.1054451,3.6381683,-1.2072022
1.0677562,2.75551,-2.8919046
0.06462012,0.81759965,-2.1041617
2.089557,-2.1582704,0.26423478
4.018263,-5.0022197,1.0164487
2.1210256,-5.0721674,0.43413326
0.98720896,-1.8309594,-0.8370709
2.1525552,1.0232008,-1.3965057
1.9675342,1.3195171,0.35413066
0.18820116,2.1421685,0.7589941
-1.0391384,3.4404287,0.592753
-0.7808353,2.2860918,-0.08447145
-0.026448742,-0.46709156,-1.1471065
-0.7612529,-1.5412607,0.10342624
-0.99394995,-1.407403,2.1120858
0.25070503,-0.34133178,3.335711
0.047662195,-0.3687866,2.3677301
-1.7395362,-0.13541433,0.6096704
-1.903634,0.6798537,0.6264296
-0.7317199,0.039933182,2.9177642
-1.8538656,0.7715723,4.895502
-4.721444,2.1647606,3.2524717
-4.80435,2.9116344,0.17843711
-1.70779,0.24529546,0.61258966
1.2386154,-3.9148538,2.4757977
2.318123,-4.6972637,2.985313
1.2697917,-1.7295411,1.8068229
0.35679784,2.353735,-0.6542071
1.2931312,4.4558916,-1.8121327
1.4055744,3.408306,-2.3187497
1.3048695,0.6311268,-0.38376936
3.4772887,-0.5243698,1.0049745
3.2933412,-0.20971437,-0.93959904
0.5695347,-0.44355783,-2.6512177
-1.7227572,-1.0659039,-2.5089219
-2.3442545,-0.34941232,0.72503215
-0.7204275,1.0618094,2.904973
-0.27994075,1.7548505,1.122435
-1.6939586,2.1774356,-1.6851959
-2.2370336,1.866645,-2.4731295
-0.64607567,0.277851,-0.2748713
0.78521717,-2.0099137,2.9340322
0.42123362,-4.640922,5.1342454
-0.2095783,-4.876674,4.3446474
1.5032877,-2.5710557,-0.46454033
2.785739,-0.74729145,-4.2424536
1.5851328,-0.49944937,-2.067656
1.7897131,-1.6301497,2.162893
2.6546073,-1.4233826,2.3243673
2.7987506,1.4772347,-1.4388714
1.7247994,3.6546397,-3.2937255
-1.2037958,2.5747917,-2.0452588
-3.1944644,0.73854643,-0.9351113
-4.2205772,0.66153836,0.35334936
-3.1139581,1.8260661,0.3955219
-1.2314677,0.7432797,-1.2546072
-2.0613492,-2.0918093,-3.287198
-3.2132938,-1.1681039,-2.8898559
-4.04849,0.9796487,2.033801
-3.1689522,0.9174913,4.433827
-2.059967,1.0597782,1.3544307
-0.12319323,1.9844111,-1.2709068
2.9385579,2.1538148,-1.3385454
0.8924338,-1.9649299,-0.0064402902
-1.0373048,-4.751861,1.961622
1.8913414,-0.9032135,1.2211299
3.9862638,2.3100963,-1.7523086
2.8947196,2.1871953,-4.5745473
1.0055902,0.34331265,-5.5016503
-0.09865784,-0.71057504,-2.3765652
0.019821657,-1.6324667,0.70270044
0.91721207,-2.6198685,-0.18668371
2.0225637,-0.59244126,-5.130555
2.9489174,1.4409877,-7.0211596
1.010092,1.4670461,-1.9779875
-1.0087374,0.47962672,2.094746
0.99712956,-0.46453664,2.1749282
4.0259714,-1.4953442,-0.8328514
2.995315,-1.396657,-3.689711
0.042034503,0.52895695,-2.781544
-1.9788516,2.6554704,0.41206104
-3.986234,3.5658906,3.2607882
-2.9062142,2.680986,2.4782324
-2.0619686,1.6225652,-1.7069005
-2.8065128,-0.32299227,-3.4863012
-5.1499143,-1.3081201,0.3173994
-7.7232356,-2.338266,4.5168576
-4.209864,-3.2573543,4.3338656
2.3182943,-2.32778,0.4966734
5.7661114,-1.262148,-2.6662161
4.322741,0.73532516,-1.5374141
1.7726295,-0.33416983,2.3119724
1.2978381,-1.1593016,4.4197063
2.8005977,-0.44023958,1.2677671
4.2556,-0.061030045,-4.6325216
4.838232,0.471993,-6.794353
4.209612,-1.0127512,-1.6977446
0.8711087,-2.568236,4.133975
-0.8335373,-2.0302634,3.211356
0.90364146,2.4460082,-0.93088686
1.1117715,5.8893957,-3.9097753
-2.0555747,5.5003695,-2.996622
-5.9566298,1.7723973,-0.041198965
-7.0115957,-1.4384596,0.9164653
-5.035072,-1.3448846,0.83761895
-2.970005,-0.40684333,-0.20052229
-3.118473,0.56747454,-1.2723402
-3.9367144,-0.4245284,-0.33932748
-3.198561,-1.4841228,2.6238754
0.077707425,-2.48671,3.5080593
3.739706,-2.5161602,-0.48092744
4.059401,-0.5706767,-2.6504233
2.7090135,0.44865653,0.4193585
1.0070198,-1.6591028,3.1717496
-0.29614994,-4.6031384,3.3374286
0.93121463,-2.7396827,0.9777185
3.7198565,1.3232046,-1.7384965
3.8339007,2.1828454,-3.2141976
0.75500005,1.2386796,-1.8277035
-3.2756078,0.10607339,2.6197565
-3.2065156,-0.8631667,4.050898
-0.37178278,0.04066989,1.488852
-0.1976102,2.0139008,-1.0981449
-1.4211887,3.9843442,-1.6141975
-4.2378254,3.8794963,-0.26986134
-5.4217315,1.9232105,2.3097606
-3.3124883,0.75090355,2.5412714
1.6049702,-0.15751679,0.24780829
4.608375,-1.3635361,-1.6437001
1.6273069,-2.260738,-1.8220367
-1.4438276,-1.4636766,1.1927041
-0.3713854,-1.3834852,3.0937
3.5375016,-1.5613859,1.0457022
5.6107907,-0.50445086,-1.9930108
5.549435,-1.6791309,-3.0947444
4.5844,-2.612718,-1.0779303
2.5775318,-0.81034416,0.7739226
2.5607417,2.2750018,0.8305111
5.6185684,4.0631227,0.6655929
5.539258,3.1444886,-0.28000438
2.6599572,1.95254,-1.4138923
1.5446534,-1.0069423,-0.4089453
0.6687496,-4.1521683,2.5356464
0.5935936,-3.1578243,2.4436145
-1.3576107,0.7277388,0.5074741
-4.3341775,3.7058508,-0.70179856
-7.3908095,2.585762,-0.52854687
-10.279215,0.58470374,1.1860645
-8.39744,-0.5698166,1.4022973
-5.2637296,-2.5372849,1.1223716
-3.3789358,-2.7244747,0.2968728
-3.2708917,-0.6633636,0.097889036
-3.3605595,-0.8823378,0.17276493
-0.27535143,-1.7944359,-0.9099875
2.6410055,-0.029097114,-0.949912
2.7296958,1.0512604,-0.9132016
1.6306441,-0.15384737,-2.070511
0.7419822,-2.1243427,-1.9087204
-0.38991672,-1.2639729,-0.18761307
0.76096356,0.6930022,1.0944033
4.5905104,1.619428,-0.28780016
5.773901,3.5306504,-1.9205395
3.5805683,3.477326,-1.348682
0.78481346,1.3927385,-0.97784394
0.5698362,-0.679029,0.6471982
2.8068852,-0.73773116,1.921638
3.5454261,1.1688997,0.6874162
2.8476884,1.1234825,-1.2040744
0.50846875,1.028262,-0.2432455
-2.106336,0.9840563,2.6605902
-2.5238347,-1.1212776,4.835846
-1.0739839,-2.1359851,3.5412238
-0.5374791,-2.287664,-0.105160855
-3.0698335,-1.2452902,-1.5308018
-5.5222564,-0.44962534,-1.0941291
-5.10026,-1.3719023,2.4593928
-2.4781911,0.41828158,3.872032
-1.163207,2.4727232,0.48860073
-0.41136628,1.3095624,-3.1747828
-0.24332048,-1.6940147,-4.4736843
-1.3449485,-2.792791,-1.2174097
-0.3159522,-1.8555644,3.566081
2.7068315,-0.90729034,3.7424223
4.624941,1.0080771,-0.39379606
4.7421327,1.9542106,-2.290863
3.5864248,2.8961222,-1.3567687
1.7510093,2.8073845,0.67325515
1.5777756,0.78336555,2.694355
2.729664,-0.31954002,1.6166067
1.5987157,-2.3495347,-1.233028
-3.3224697,-3.423175,-3.4596765
-6.351905,-1.4897492,-2.1500976
-5.397104,0.47845644,0.4614107
-2.2946758,1.3753886,0.91750646
-0.46701926,1.382741,-0.5924669
-1.2588857,0.24430951,-3.0563734
-3.5018125,-1.7086645,-2.604227
-6.2732596,-1.8837152,-0.07923832
-4.4781733,1.2077324,2.422087
-0.34397912,3.98816,1.8615346
3.5940356,3.1318686,-1.5327867
2.559875,-1.1346258,-4.2117734
-1.3279095,-4.9433293,-2.4926958
-0.50622785,-5.2429786,2.7257414
2.7087896,-2.0279655,4.5186124
6.489867,1.6757613,0.6923075
7.6968546,1.8667448,-4.5091915
7.5416107,-0.36928466,-4.30671
5.657074,-3.2595417,-1.5735984
2.6184807,-3.3851545,1.7116035
2.623754,-0.38955122,3.3612316
3.69261,2.6085649,0.70305645
1.611226,2.4998906,-1.6644998
-4.245462,-1.4071558,-2.3566186
-7.3774886,-3.5740752,1.3549697
-5.1950216,-2.436875,5.5467296
-1.3547668,0.38481748,3.3938842
0.8551249,1.5346209,-1.5618205
-0.32949847,0.36066693,-2.561184
-3.094691,0.52693295,0.32382008
-4.3008704,1.3427033,2.4817605
-3.047353,0.54522455,1.2155769
-0.26859766,-1.66471,-0.49115202
0.9996609,-0.41481903,-0.8693429
-0.2392034,5.350421,-1.5025272
0.05323979,8.634225,-0.9104309
1.7873256,6.3974886,-0.5623991
2.104362,2.6931562,0.087576896
1.8234128,2.4730155,-0.6527945
3.1446955,3.7662816,-1.9050863
3.875773,2.5679424,-0.7367916
0.16478088,0.863064,0.07714182
-4.048105,-1.3210363,-0.7901465
-4.8331437,-5.0271587,-2.9775965
-1.9615501,-6.183736,-1.8098979
1.1682559,-3.9078693,1.9390396
1.1174306,-0.031299766,3.1871629
2.1810093,4.2337713,-0.15115157
5.1879478,5.1254125,-3.8187487
5.1937795,3.3952293,-3.2258291
2.259345,1.2969946,-0.8481544
-0.7939754,-0.4425141,2.7286603
-1.6779257,-0.5019296,5.1020136
0.22607586,-0.2906454,2.7009199
1.369389,-0.27110368,-2.954879
0.251722,-0.14699425,-5.3174386
-1.593558,-0.01852981,-1.0083838
-3.725547,-1.0064186,3.6651304
-4.5661526,-0.7568747,3.9445014
-3.702073,0.14914666,2.654416
-2.557576,-1.515466,1.9010271
-2.66975,-1.6577866,0.64703363
-3.5767949,0.6946079,0.8649318
-2.6205406,1.5670202,2.6485167
-1.6269166,-0.122005306,3.821927
-0.5609597,-1.1795331,3.6738095
2.3091528,1.0323346,0.7613562
4.492571,4.101548,-1.2779515
3.2433722,2.15614,-1.3051277
0.53350276,-0.5993649,-1.2304183
1.1841595,-0.7276424,-1.35391
3.557386,-2.3206153,-2.2045662
2.131143,-3.5906305,-2.3734295
-1.4346344,-2.0762894,-2.2070324
-1.9090637,0.5662481,-2.3644843
-0.45171982,-0.86553574,-3.2343402
0.065963864,-3.267052,-3.3341038
-0.4890252,-0.6702444,-2.2765837
-0.949262,0.88900506,-0.2961164
-2.541336,0.50805247,1.6834071
-4.963477,1.058392,0.7344441
-4.5958514,0.6347423,-1.3444984
-1.9847326,-0.73484653,-0.24381608
0.3485747,-2.3028045,2.642159
0.9931905,-0.48997602,2.7632594
0.28734946,-0.29289475,0.6523239
0.97447056,-2.2407982,-0.24721763
2.2243047,-2.2845542,0.6869355
1.9514211,-3.040298,0.72441167
2.1711419,-2.2426836,0.745053
2.9211595,-0.899056,0.6886495
2.1249855,-0.17568435,-0.19202939
-0.109399684,0.20054519,-0.3334024
-0.9177865,-1.099147,0.85889894
-0.13400908,-1.7327241,2.670266
0.033734493,-0.010796046,2.8889227
-0.14217246,0.29751945,1.7048228
-0.025798833,-0.91215,-0.10297784
0.86681557,-0.69493955,-0.23529892
0.9072888,1.1814201,0.89359105
1.8829815,3.303594,1.8325417
3.8524554,4.262207,2.8961952
1.8823047,3.3019547,1.8932918
-2.1738896,-0.67591995,-0.092410795
-5.13644,-4.696784,-1.0485376
-4.1840096,-3.6301124,-1.0838379
-0.15464324,2.305731,0.013453014
1.8028321,6.39997,-1.0793167
2.8392892,4.308548,-3.9332156
2.7896726,-0.5816661,-3.0625455
-0.17065017,-2.6910908,0.09724704
-2.2071695,-2.572381,1.9652915
-2.1891873,-3.6988208,1.113843
-0.1970472,-3.56605,-1.0092945
2.8008392,-1.710605,-1.872931
3.802207,0.42140836,-0.9974548
4.8091803,3.2942219,0.14551932
5.791899,4.376581,-1.0068804
4.8222713,4.3176203,-2.8284016
1.7871747,3.3102703,-3.0347545
-2.1749337,1.3409953,-0.8035414
-3.205373,-0.7559043,1.9300967
-3.1828315,-3.6544898,2.207992
-5.1990085,-3.8114758,0.89765906
-7.1862435,-0.6678728,-0.798558
-7.2069087,1.1345595,-1.1339825
-6.1798396,0.30749163,1.1822305
-6.2330713,-0.9175302,2.83204
-4.163164,0.2658639,2.1460037
0.73198116,2.0407789,0.8061233
2.8494349,0.19625668,-0.91792053
1.7001756,-1.9828948,-1.2087816
1.8590624,-2.8961196,0.9940523
3.6716454,-4.0060887,2.78077
4.8621736,-3.9907434,0.88489467
5.6570306,-1.0428609,-2.2294104
4.8558707,2.9242005,-4.2361255
4.6498175,3.8950438,-4.2575593
6.8574314,2.8602464,-1.3494359
7.6305065,0.80552006,-1.3154371
6.876471,-1.1882719,-4.459497
3.6024692,-2.2991705,-5.384115
-2.1061947,-2.233002,-3.585758
-5.4166803,-1.4057496,0.54659426
-6.1043725,-0.28610677,3.2774053
-6.4292874,2.4978378,1.4649231
-7.114096,4.647463,-2.8531995
-7.4430714,3.4103112,-4.6410103
-7.1323867,0.5730097,0.034844745
-5.4652143,-1.668693,5.2267504
-2.151216,-3.5122218,4.9365525
-0.5025685,-4.7358656,1.084496
-1.1695677,-3.6080148,-1.1599958
-2.5467863,-0.7888897,-0.055985443
-3.1966867,0.28244314,2.7357652
-1.5866811,0.17456546,5.81837
1.7637116,1.165176,3.6201236
3.3849924,3.1464434,-2.301575
1.7069074,3.0509064,-3.484761
0.37891588,1.1155629,-0.43337682
1.6306665,0.956506,2.4250371
4.396073,2.0679185,1.4331527
5.5417128,1.8911597,-0.66714185
4.431473,0.99853235,-0.67909193
1.452248,1.8621522,-1.7850648
-0.5303138,0.9032589,-0.7573557
-0.6137429,-1.1392207,2.0811255
0.48324788,-0.19572863,2.1719208
1.375549,1.862093,-0.04015692
-0.5572892,2.7161777,-0.9117253
0.43961325,0.86143214,0.8670506
1.3518225,-1.3647805,1.9766295
1.5447996,-0.13610435,1.8141769
3.2657335,0.55920976,0.8335479
3.6321406,-1.1426338,1.7951125
3.2297373,-2.4892478,1.6751578
1.6720631,-4.1819158,-0.22077568
1.2567838,-3.5009408,-0.4586551
1.6608118,-1.2464951,-0.2730294
3.336883,0.50251555,0.4577554
3.6156268,1.6897615,-1.3720764
1.4390779,1.4974204,-1.5857214
-0.4321651,1.6428084,0.5113798
-1.470227,1.4771508,0.3656314
-1.4617978,1.6091635,-0.58015764
-2.4085398,2.452678,-1.7174957
-4.4677434,1.5756843,-0.6359897
-5.3823314,-0.56853026,0.16780627
-4.447944,-0.46062702,0.32604128
-4.3983965,3.413588,1.0491757
-6.4004602,5.499949,1.2739563
-9.455866,1.3921249,0.9531281
-9.332278,-3.5358894,-0.8121896
-6.5397296,-4.634547,-1.1105334
-4.2645507,-3.5779958,-0.9312572
-2.6224606,-2.658469,-1.1568334
-0.21762174,-1.6320118,-1.0609337
3.3179328,0.32233262,-1.2091558
4.7954617,0.29958186,-0.18472713
5.2940974,-1.6973652,0.7244828
7.776968,-2.7712176,-0.30282378
10.30702,-1.7326504,-2.3528109
7.728973,0.1680833,-3.416851
3.355665,0.20685442,-3.4400358
2.6667244,-0.87591076,-2.5292997
4.420358,-1.8793664,-0.5307827
4.6077485,-1.9072449,1.3546382
3.486635,-0.9833655,1.380243
2.568427,0.06713217,-1.7661492
-0.46625286,-0.0960619,-3.7084696
-3.441061,0.036892235,-0.8801108
-4.4383664,0.8003949,2.1917584
-3.4342487,-1.0162926,2.0202188
-2.4162073,-2.2803483,0.085241206
-2.429737,-1.088981,-2.0670462
-2.3835363,-1.348174,-1.030965
-3.4437108,-4.170941,2.8738813
-3.3355896,-5.4031,3.826462
-2.4695773,-2.2592874,1.8565041
-2.2907834,1.5547289,-1.339889
-2.4848483,0.64986384,-1.1335028
-2.2701135,-1.4757396,1.499158
-0.47109628,-0.42771676,1.868125
1.7128857,1.4881376,0.38227534
4.580645,2.526897,-1.1680201
4.661061,2.4429243,-0.6684487
1.6565413,3.5150955,-0.25482032
0.59685916,4.398727,1.3512418
1.7389935,4.5226426,2.619324
0.531269,4.381749,1.4185728
-2.1823633,2.5259397,-2.5151696
-1.5183235,1.4110659,-3.500483
0.8750555,-0.4776429,0.38526666
0.45798108,-2.5247803,1.5476589
-1.0952932,-1.4651262,1.3561661
-0.5274423,0.5538127,0.5542571
-1.1083287,1.5742718,0.38375837
-2.4691248,0.6471266,0.54659086
-2.1547928,-1.3643945,0.43732953
0.61641717,-1.2399864,2.5546842
1.7854152,1.7176354,3.4968634
0.7038428,4.8902082,0.5851151
0.74555284,5.8229895,-2.4363995
0.7618039,4.036081,-0.36268333
1.7457156,0.9512303,2.6395988
2.7860403,0.19464894,1.6989946
2.7798243,2.1078362,-0.25641602
1.7869527,3.353951,-1.2438658
0.8366681,3.300225,-0.124176994
0.7748651,3.5072422,0.8179326
1.9042923,4.527396,1.0184599
3.7606282,3.6514654,1.905958
2.9724257,-0.21607104,1.1498822
-1.2528954,-5.209926,0.030022345
-3.9616227,-4.9461436,0.27090994
-3.260968,-1.0569711,3.1780314
-1.9122282,-0.70080876,5.3975234
-1.2507044,-0.8602839,2.3269727
-1.888949,-0.49747804,-1.4536332
-2.2215962,0.36889645,-1.5315388
-1.888659,0.6811534,1.7103047
-1.1825669,1.6015967,3.6105154
0.09846531,3.8616014,1.8747967
0.8573217,1.807028,-1.2348344
-0.9206536,-1.9458526,-3.975982
-3.1112165,-3.0111399,-3.0640674
-1.9320344,-1.7631631,1.158652
-0.10040102,0.16151069,3.1127617
1.0669916,-0.60266554,-0.71787107
0.90098053,-1.6793785,-5.711214
-0.9406984,-0.45565194,-5.600219
-1.0908853,0.44651893,-0.54859245
0.039052784,0.6863509,3.5196013
0.9206102,-1.4617398,1.5906724
2.0162861,-4.194471,-2.355129
2.9283445,-4.3825097,-4.2915
2.9944434,-3.1255355,-3.2391253
2.93117,-1.2984432,0.82000947
1.9781494,-1.11856,2.8569915
-0.08028938,-1.2107724,-0.076236136
-1.0214515,-3.1630652,-4.0619764
-2.1126769,-6.144924,-4.983694
-2.0095537,-4.2290077,-1.9995174
-0.14958054,-0.123334825,2.103413
-0.007912702,0.6900239,2.0397367
-0.17683116,-1.1434561,-1.8159422
-0.017757,-2.40425,-4.93656
-1.2036343,-2.2105172,-3.7528644
-3.0296416,-1.5047052,1.083541
-3.2351,-0.32798472,3.2849479
-1.0409153,0.39739716,0.10327279
0.7275225,-1.5036137,-4.6985617
1.9455023,-2.6911714,-4.8821015
2.6958723,-1.7292339,0.3047446
0.91441846,1.2136016,3.1226103
-0.31971356,3.0235677,1.294696
0.8679332,1.083555,-0.8689784
1.6715344,-1.2138219,-1.7420123
-0.18464118,-3.0991502,-0.8482391
-3.335439,-3.4319394,0.19860734
-4.239109,-2.328079,1.177664
-2.3430953,-0.63721097,1.1324546
-1.2928207,0.41047853,-0.8082452
-2.3548973,1.160334,-0.9219412
-2.3377016,2.1345377,1.1874187
-1.374083,1.947996,3.03529
0.6218011,0.85942036,2.1730237
3.6150992,-0.2787613,-1.0021895
3.5726411,-0.40842167,-2.8430822
1.6185079,-0.51766014,-2.0370986
0.52426815,-0.66958714,0.14040245
1.620848,0.24081887,1.9344033
4.495143,1.0724459,1.1241317
5.608586,1.9998404,-2.088896
3.4948258,1.8276825,-3.8865168
-0.42249665,-0.25170758,-2.106922
-0.47843266,-0.3883923,2.1076427
1.5394641,-1.5123483,3.8883526
0.55023545,-3.5919268,1.0978312
-1.478071,-1.7469065,-2.0889952
-3.4380317,0.1913889,-0.92533594
-5.4704313,1.0554113,3.9712384
-4.4464297,2.9743466,4.035166
0.5707124,3.8833883,1.0615014
3.512662,1.7655252,0.009926663
3.6479607,-0.26191494,-0.8576516
1.4524704,0.5718645,1.0305839
-0.26715156,2.612446,4.2056737
0.4084859,2.4048343,5.088857
-0.209789,1.4973485,2.267123
0.40332088,3.2809033,-2.8292894
1.8163824,4.3792734,-3.6648595
0.4240984,2.2070527,0.2777315
-2.1751177,-0.73859304,2.3994324
-2.5360372,0.17870514,1.4178351
-1.1830883,1.1537967,0.46084416
-1.4801744,-0.8256375,1.5827489
-3.20511,0.08478436,2.5276387
-2.4089253,3.175481,1.7607242
-1.23684,3.0549405,1.6121995
-1.3381624,1.1855544,1.9405968
-0.25273287,0.0695575,0.7169156
0.71059406,0.18679419,-0.8809513
1.7571003,2.1459234,0.8442239
1.7421662,1.1690265,3.2932408
0.7798519,-1.7234672,1.9852983
1.773284,-3.845951,-1.527855
3.8039734,-3.573167,-2.8692598
4.8080993,-0.8233893,-1.3420552
3.8313825,0.56393737,-0.7258053
1.8426801,1.2584816,-1.1496595
0.8647661,1.6764129,-1.57995
0.87452483,3.3968692,-1.9650922
0.90230423,3.7757986,-2.419732
-0.09412043,2.5667987,-1.8028532
-2.0620198,2.8920891,0.7671694
-3.0604653,2.7376428,1.32458
-2.0320387,2.0400007,-0.018416101
-0.025273008,0.90454865,-0.5746599
0.9907278,-0.7874086,0.2083459
0.010647234,-2.9283526,-0.48686248
-1.9956527,-3.6002119,-1.5714879
-1.9543486,-2.7522159,-0.38767424
0.011927084,-1.4167876,0.6144864
0.071834646,-0.5505663,0.74104285
-0.98356545,0.73979414,-0.2417032
-0.9069645,3.6960702,-0.10360141
-0.9917447,1.8517802,0.8687757
-1.8856467,-2.0177007,1.0618978
-2.0133917,-2.0566816,-0.035832956
-0.8643591,0.26933107,-1.7816768
-0.05085267,1.044492,-0.94157934
0.15829754,0.52867174,1.3572173
-1.1002121,3.177823,1.1516134
-1.8287115,4.7400618,-0.52273655
-0.14350414,1.3436655,-1.7491223
1.156323,-3.0909867,-3.435394
0.8326659,-4.465872,-3.634712
0.108074054,-3.9674082,-2.380014
-0.16789825,-3.2536018,-1.5148928
-0.9766924,-2.885029,-2.3436344
-1.1431384,-2.0315678,-3.4027429
-1.0917956,-1.8325906,-2.31135
-1.1054841,-2.8183336,-0.31076512
-1.2185258,-2.7916389,1.7259164
-1.073826,-1.6313642,1.7622589
-0.33579114,-0.7514527,-0.23761737
-1.0649565,-0.47991267,-1.1724136
-1.4315581,0.29713988,0.79079616
-0.07870195,0.6281394,3.8929176
0.4913838,0.3573004,4.806539
0.8860233,-1.3032264,3.9634414
3.4422739,-2.5808372,1.8119198
4.822135,-1.2583219,0.030480184
2.4224086,0.46806115,0.82096064
-1.2624114,1.7720292,2.0826147
-1.575413,0.5070719,0.83998394
0.64240277,-1.2258155,-1.8840995
1.4358582,0.5590277,-2.1268916
-0.44603553,0.73052204,-0.87199044
-2.5592291,-2.3725245,-0.08569522
-2.5118597,-4.3455157,0.13084592
-2.5736454,-2.3029563,-1.0483265
-1.5484023,-0.43747535,-1.8708947
0.40055743,-0.25203574,-1.0127697
1.4280374,1.4850625,0.11730284
2.3821096,2.7542293,0.025395596
3.4062874,1.4392314,-0.9069085
5.375731,-1.2889304,-0.93197006
6.390064,-0.5717325,0.055780046
5.3713164,0.6262168,1.1141682
3.3938758,-1.5658493,2.0079107
0.35470504,-4.471085,2.1631155
1.4202939,-3.5673416,-0.05012439
4.339052,-0.55515814,-2.788195
2.4370267,-0.6007103,-3.1094296
-1.6454073,1.3972559,-0.7509992
-5.575088,4.3355136,0.84259325
-5.6037545,3.364842,0.2603232
-3.5986369,1.2733374,0.82270294
-4.565904,1.3293482,2.233953
-5.6091413,2.2244012,2.8337898
-5.5451317,1.2835158,2.1739318
-3.6122034,1.1981144,1.869952
-1.5250508,1.2298058,1.0889131
-0.6302843,-0.8181329,-0.08422627
0.5186665,-1.8140786,-0.0010845243
-1.6789792,0.16689041,-0.04825257
-3.414661,2.1551871,-0.085184716
-0.7342628,1.1510783,-0.02576371
3.6429658,1.1398968,-1.1648196
6.2359734,2.1429913,-2.0195575
4.6706986,0.12028034,-1.232437
3.2457912,-1.8373067,-0.042026278
2.6687863,-1.909257,0.7215399
2.2829778,-0.7980675,-0.098853655
2.6583302,-0.93292564,-0.3049278
4.3261976,-1.7575965,0.8185227
5.659147,0.07017253,1.672848
2.3562112,1.2687501,0.72649884
-1.3199004,1.1023431,-1.3620751
-1.6228133,1.2935514,-1.3602861
-1.2963103,2.1463416,0.578311
-2.5978491,3.3319373,2.5630882
-5.278501,2.1933324,2.492968
-6.568352,-0.6138613,-0.50489247
-5.2670655,-2.7518563,-3.6197357
-3.5366385,-2.5529397,-2.5621002
-2.262978,-0.67891884,-0.758484
-1.4974643,1.5030817,-0.6228064
-1.2746304,2.425417,0.09999729
-1.4411494,0.5401031,1.2894897
-1.3096983,-0.43011412,0.97136664
1.6398274,0.5590447,-0.83791107
4.633312,2.7415652,-1.132108
4.7362533,2.5809371,-1.013886
2.5728354,0.9101054,-1.2111392
2.828229,1.6411098,-1.229528
5.535012,2.0405247,0.720721
5.8848763,2.758083,0.53565127
5.547457,3.1307614,-3.367955
3.893125,1.9179875,-3.681126
0.6043848,-1.8030634,-1.5018387
-3.133819,-4.902296,0.123549536
-4.3131766,-3.7373114,-0.6656454
-3.17669,-0.7301266,-2.0707471
-4.2296057,1.345343,-1.8345028
-5.220308,1.4212558,-2.2853172
-3.1500647,1.4494232,-1.9926504
-0.27017137,1.5479302,-0.5192039
0.92662686,2.5681236,1.8509718
-0.322319,3.6604884,1.248626
-2.0086827,1.6836376,-2.3289888
-2.36597,-2.2308009,-0.94978166
-1.967769,-4.212486,3.4509523
-0.3913603,-2.1253927,3.887553
1.046372,-0.122330986,0.20180146
0.5999058,-0.032577824,-1.2440833
-0.9621024,-0.032818347,-1.0654161
-1.3934608,-1.9687935,-1.3644462
-0.9899554,-2.9443753,1.6797469
-0.37675348,0.0776187,5.509017
0.9729758,2.1240857,4.4419026
1.6433877,1.1119032,-0.61952037
-0.06861985,0.17584297,-2.777603
-2.334832,0.12592506,1.2495588
-2.1082852,-0.78968126,5.023442
-0.31604698,-2.8795757,4.1094875
1.8558581,-2.776519,-0.13714224
3.7058089,-0.89884585,-4.0605664
2.819372,-0.79956686,-2.2429194
0.73066664,-1.9184525,1.735262
0.79126745,-1.868608,3.69545
2.7486122,0.06473348,1.5210642
4.77863,-0.983504,-3.352253
2.7604,-2.961408,-5.6733594
-2.2274864,-2.1171956,-3.4109375
-4.2190967,-2.029977,1.1722645
-2.2406414,-1.2484589,3.503126
1.8144952,-0.1400141,2.0725548
4.7420626,-0.39343977,-2.6194336
3.8547413,-0.27127695,-3.9711604
0.72345334,-0.5630751,-0.76537406
-1.0993576,-0.423158,3.016791
-1.2972867,0.25415918,4.0958676
-0.053271305,0.38962606,1.0101635
0.69045454,1.0738114,-2.0153816
-1.0240245,-0.83713055,-1.0032824
-3.2985754,-4.1118875,3.9087965
-4.0236573,-5.0798383,5.9741116
-2.258816,-4.3267484,1.8644645
-1.0539091,-2.3177042,-2.0503278
-1.1959527,-2.5754597,-1.1507287
-3.1005266,-3.554846,1.9172536
-4.1331873,-1.8376064,3.8684886
-2.1331398,0.19172966,2.8768475
-0.10051305,-0.09621633,-0.084610984
1.8720418,-0.083358325,-4.16312
1.8939399,3.6622005,-4.0282555
0.9108914,4.6167464,1.8247567
-1.1314707,0.4334736,5.0036416
-1.0438645,-2.682221,1.863527
3.8610134,-1.8008933,-4.9994626
5.9747715,1.03583,-5.0530496
3.888876,0.9579312,0.9834835
0.9716694,-1.2262977,3.036145
1.9345586,-0.28154492,-0.008674464
4.971311,3.5300767,-3.8962758
2.970564,5.482621,-2.9648585
-1.0061537,4.3112307,0.14759763
-2.0086126,1.2549162,1.106234
0.029990409,-0.88816637,1.180841
2.0061574,0.04791393,0.19602524
2.0702708,0.9272604,-2.7985375
0.022649482,0.8622653,-3.69242
-2.8983886,1.7688915,0.21313539
-4.94787,1.6902689,4.432183
-5.888496,-0.3602217,3.222136
-3.8994381,-0.463119,-1.4353149
-1.8983974,2.541545,-3.762441
-2.845319,3.398428,-2.3071485
-4.9101186,0.47630763,1.2680942
-4.8015532,-2.7168643,3.8132806
0.08790768,-2.5659282,2.31571
4.229988,-0.79626423,-2.0786407
3.088577,0.4001239,-3.6141694
0.2650554,2.1801975,0.014395438
-0.91719055,3.359369,4.4772696
0.30597052,4.2188997,4.093718
2.0766902,3.3175607,-0.4120694
3.3467238,2.3043232,-3.8364434
4.0803084,2.2996423,-3.2887938
2.3797867,1.4069698,0.22793297
1.0948294,1.3298618,3.8441787
3.414605,1.5129137,4.2900424
4.1102505,1.4086077,0.9802663
0.45047048,1.6255066,-2.644076
-2.8631506,1.5303987,-2.8864448
-2.5230849,-0.2551757,0.4289813
0.17696194,-1.3099251,3.2401998
2.4926553,0.87722427,2.5098166
2.232679,4.8736086,-0.6399898
-0.5085996,7.031271,-2.403855
-2.692117,4.070405,-0.5266435
-2.5300672,0.2058617,2.6862705
-0.5990422,-0.7150149,2.579728
0.43061385,-0.6165287,-0.22387981
1.5031298,0.5238617,-2.3132932
2.3884177,1.561917,-3.1466277
1.5901719,0.7724122,-1.2008212
0.36665303,-2.248943,1.9212239
-0.35816592,-3.9888875,1.9055266
0.377093,-2.0336976,-2.0108008
0.65008134,-1.7821064,-5.003341
0.41859144,-1.7912567,-2.9343207
-1.3773268,-0.59444463,0.064001545
-2.5290391,-0.55499655,0.151279
-1.4137229,-1.4001105,-1.8852584
-0.4980567,-1.3490843,-2.7642667
-0.43301907,0.8135464,-0.8417961
-2.506796,-0.18547174,1.3115396
-3.430216,-2.9605691,1.2003356
-3.5476792,-2.0468721,0.37473956
-3.4268677,1.2511141,0.24865721
-1.5922946,3.0805442,-0.58412766
-1.4463551,1.4385985,-0.6895844
-1.6313288,-1.8006274,0.43746445
-0.4802352,-2.4061196,1.3773673
0.32008603,-0.6834413,0.45088777
1.4852413,-0.29853657,-1.5611005
1.261799,-0.5572223,-2.5307596
0.439687,-1.245086,-1.517872
0.21666366,-2.4287996,2.5037367
-0.6404038,-3.2385108,3.5068505
1.2037543,-2.3085723,-1.4577966
4.2431045,-0.27094314,-5.466085
4.2130036,-0.20736651,-3.4297502
0.10786624,-2.3360767,1.5712537
-2.7728536,-2.1317003,3.5832682
-1.0239458,0.5753777,2.6255388
1.2223588,1.9003386,0.5816837
0.8684015,0.48303962,-2.3075383
-0.81400216,-3.1268337,-3.4302409
-1.2043748,-5.604379,0.774379
0.10699478,-4.217862,4.5510697
1.7691351,-0.682267,1.8574601
-0.021017266,0.6222922,-3.4520705
-2.2134006,0.25305817,-4.07518
-3.1802275,-1.5996513,0.57464564
-3.1818027,-3.8136797,2.9647264
-2.333985,-3.8607702,1.6393307
-1.169688,0.096583806,-0.017903715
0.5497863,3.8655176,-0.2681928
-0.20086749,0.9571337,-0.01237979
-0.5147673,-2.3968146,0.843821
0.7296081,-1.2337809,2.993118
2.4568298,-0.6557205,3.964731
2.646204,-2.4684398,1.0068356
1.4408787,-0.90431386,-1.9139907
1.5755026,1.2560861,1.0423954
2.4161847,0.83915895,5.195477
3.5329454,0.97602344,4.100742
3.3776088,1.5477611,-0.70043516
3.516004,2.7078562,-3.8236048
2.3385098,0.22592753,-2.6025467
-1.4988399,-3.5647485,1.269102
-2.6763477,-3.0916123,3.4898725
-0.5268718,-0.8738758,2.3740637
1.3339127,0.6205324,-1.4169805
0.4358399,0.7732014,-4.5211177
-0.63715523,1.3669928,-2.3117337
-0.6019879,0.38251877,1.5766855
-0.6057913,0.13440733,1.7999163
0.374565,0.9882005,-1.3218304
2.4170642,-0.116568714,-4.0929637
2.3710122,0.6293065,-2.212618
-1.5771635,1.598376,2.010713
-3.6068926,1.303875,3.8953521
-0.5876584,0.29910973,4.1203647
3.4296708,-1.0061635,1.9993169
3.3960805,-0.99637073,-2.7736099
1.4681249,-1.3075581,-3.8912418
1.3890787,-1.2868109,0.328483
0.48849902,-0.58762395,3.212817
-1.5989071,0.4126845,1.4337854
-2.510276,3.1721737,-1.6895571
-1.5738401,3.0972073,-1.4621062
-2.5241847,-0.035547756,1.4042702
-5.5463758,-2.2078063,2.6345408
-5.5392523,-1.2371463,1.4986662
-1.5302536,1.525499,-0.2789029
0.4530608,2.546026,-1.4097365
-2.5360823,4.315517,-1.2018627
-4.5332274,4.3133364,0.6773305
-3.5703855,1.1466517,1.8668389
-1.5032041,-1.9060237,-0.24695235
-0.61733454,-3.006724,-3.0691977
-0.4718075,-1.0926111,-3.1835144
0.34205532,0.846496,-1.0150846
1.5444502,1.755348,-0.128821
2.3269205,1.7139139,-1.9762039
2.5319147,1.6260439,-3.0788867
4.3517966,1.6108298,-1.9541038
5.4857554,-0.4938687,-0.039013952
5.412612,-1.4556105,1.0588568
3.424617,-0.59765196,-0.014995909
2.4810476,0.49611023,-0.93664646
3.3869748,0.33957827,-1.0001912
1.5148144,-3.5551543,-0.953395
-0.5940714,-3.673633,2.0178816
-3.4996517,0.4061219,4.008669
-3.5316706,2.327139,2.0223858
-0.53001285,3.4187832,-0.024227623
0.5292134,2.3220968,-1.0072018
0.46284845,0.4797086,-0.045427434
-1.4369774,-0.66826576,0.9349483
-2.5161173,-1.4367609,-0.067904316
-2.421249,0.3792073,-1.1377382
-3.4850545,1.6581186,-1.1010227
-4.40693,1.4605805,-1.220838
-4.452735,1.7798452,-0.15145223
-3.3930912,1.5594351,1.6998872
-1.415056,0.9367412,-0.23785473
0.6175263,-0.323367,-2.3654802
3.629625,0.118820734,-2.3519723
5.6316032,1.8293549,-1.4401883
4.6694107,1.3023334,0.5322789
3.6647243,0.03746377,1.4580302
