ax,ay,az
137.01204,-118.016945,-323.91104
233.8241,115.869644,-14.321253
330.63614,349.75623,295.26852
205.04039,211.34258,78.81775
79.44464,72.92891,-137.63303
-23.951317,32.110622,-97.053635
-127.347275,-8.707666,-56.474243
26.051561,166.94916,39.70651
179.4504,342.606,135.88727
155.73329,242.10118,102.74041
132.01619,141.59639,69.59357
122.26233,403.7672,22.684622
112.50845,665.93805,-24.22432
117.28174,537.0788,172.66328
122.05491,408.2226,369.54617
196.40231,610.0746,269.7669
270.74973,811.9265,169.98761
394.69553,801.1537,206.06067
518.64136,790.38086,242.13373
325.67514,819.56104,271.0467
132.7089,848.7412,299.9597
185.78026,792.8542,146.6712
238.85162,736.9671,-6.6172853
234.37637,747.8925,127.32654
229.90112,758.8179,261.27036
207.76692,745.3383,74.36195
185.63272,731.8588,-112.546455
199.70041,791.6622,-83.402084
213.7681,851.4655,-54.257713
112.37393,772.6433,45.34215
10.979768,693.82104,144.94202
1.4420706,465.87247,108.89902
-8.095626,237.92386,72.85602
57.03208,271.7731,65.06483
122.15979,305.62234,57.27364
8.7572,-59.852135,149.6177
-104.64539,-425.32663,241.96176
-175.7735,-136.26498,138.81178
-246.9033,152.80353,35.659348
-85.446396,-37.223,-34.131706
76.010506,-227.24953,-103.92276
248.87375,41.509605,102.492905
421.737,310.26874,308.90857
-52.677063,73.191605,184.36923
-527.0911,-163.88553,59.82989
-197.97089,-209.4224,-2.8390656
131.14935,-254.95926,-65.508026
-46.375923,-213.07025,-55.49049
-223.9012,-171.18123,-45.472958
-134.73738,-374.9561,-100.95139
-45.573547,-578.73096,-156.42982
-74.87321,-547.72003,-165.07669
-104.172874,-516.7091,-173.72356
-135.57591,-596.40656,-32.19746
-166.97896,-676.10406,109.32864
-223.60977,-745.9328,-73.61887
-280.2406,-815.7616,-256.56638
-270.20126,-826.06,-239.62279
-260.16193,-836.35834,-222.67917
-293.02463,-703.8703,-234.96082
-325.88736,-571.3823,-247.24246
-357.1887,-485.26068,-228.83867
-388.49002,-399.13907,-210.43486
-152.72658,-220.46227,-31.406767
83.03124,-41.78971,147.61707
-131.11496,-123.59635,-92.7807
-345.26117,-205.403,-333.17847
-64.26305,-124.19962,-90.035034
216.73508,-42.996258,153.1084
77.93901,-42.275776,104.76541
-60.857044,-41.555294,56.422424
58.114727,-48.300087,26.565731
177.0865,-55.04488,-3.290963
-27.616842,-52.7303,70.80549
-232.32019,-50.41572,144.90195
0.85573494,15.988039,4.9120917
234.03166,82.3918,-135.07776
207.63832,58.41611,-129.1953
181.24498,34.440426,-123.31285
67.32344,44.6133,-121.092865
-46.598095,54.78617,-118.87288
25.479881,-6.8693757,-69.33735
97.55786,-68.524925,-19.801825
98.65391,10.011279,-45.961056
99.749954,88.547485,-72.120285
56.874855,-15.204998,27.022316
13.999756,-118.95748,126.16492
32.155853,-108.47715,69.60751
50.31238,-97.996574,13.048761
119.49506,-90.75449,59.782722
188.67775,-83.51242,106.51668
159.37126,-122.4685,-10.970933
130.06476,-161.42458,-128.45854
63.238926,-182.02402,-96.18322
-3.5869112,-202.62347,-63.907894
-41.973923,-248.29187,-22.880663
-80.36093,-293.96027,18.146572
122.64362,-177.09828,-125.57758
325.6482,-60.2363,-269.30173
16.492016,-234.71808,-184.7692
-292.66415,-409.19986,-100.23665
-126.53723,-306.3715,-164.4218
39.58968,-203.54312,-228.60695
-134.55116,-250.71858,-211.96248
-308.692,-297.894,-195.31802
-112.63765,-148.85506,-91.27462
83.416695,0.18392111,12.768783
133.64069,74.17797,-30.70224
183.86467,148.17203,-74.17326
54.73301,17.368969,-26.562607
-74.39865,-113.43408,21.04805
23.081305,-77.28718,-9.159243
120.56126,-41.140266,-39.366535
-44.386932,-22.294111,-62.28854
-209.33119,-3.4484024,-85.21
-30.240768,-35.649414,-8.238766
148.84966,-67.850426,68.73247
143.44044,-16.340153,46.206818
138.03123,35.170116,23.681168
102.079895,-25.846912,-23.231668
66.12855,-86.863945,-70.1445
7.081394,-204.6411,-35.835213
-51.96576,-322.41827,-1.5259246
-78.168564,-352.17178,-19.882833
-104.37136,-381.9253,-38.239746
-47.287155,-349.33936,-0.1481932
9.7970495,-316.7534,37.94336
-12.383111,-195.97289,32.599022
-34.56327,-75.19239,27.254686
-94.053665,-260.32703,-120.9092
-153.54405,-445.46167,-269.0731
-137.38264,-209.09097,0.5639417
-121.221245,27.279728,270.201
-33.934414,64.10042,53.763714
53.35242,100.921104,-162.67355
-18.251867,92.64585,-48.060226
-89.856155,84.370605,66.55309
-90.86208,188.94519,31.841501
-91.86804,293.52225,-2.8709161
-28.28005,308.3771,210.71248
35.307938,323.23196,424.29587
72.49018,457.7618,172.78201
109.672424,592.2916,-78.73183
349.4431,869.33984,260.74182
589.2138,1146.3881,600.2155
258.04373,796.7182,295.73312
-73.12635,447.04837,-8.749275
-87.79476,467.83142,-97.15861
-102.46317,488.61447,-185.56795
28.298624,577.93915,122.10954
159.06042,667.26373,429.78702
7.679584,552.14844,100.05773
-143.70125,437.03314,-229.67157
28.201689,526.4277,-96.80866
200.10463,615.82214,36.054245
72.714485,631.60657,-1.4936988
-54.67566,647.391,-39.04164
-20.44029,669.3719,-26.000025
13.795075,691.3527,-12.958406
103.57002,658.7569,47.67524
193.34497,626.161,108.30889
5.0684543,634.133,251.0321
-183.20807,642.105,393.75534
-156.12912,382.70898,93.04698
-129.05083,123.31918,-207.65419
0.794997,123.068695,14.178386
130.64082,122.81821,236.01096
-64.82583,-79.31508,111.83545
-260.29248,-281.44836,-12.340064
-238.6421,-370.4919,-1.0764422
-216.99173,-459.53546,10.18718
-207.27733,-394.9913,-52.167458
-197.56293,-330.44717,-114.522095
-88.31414,-455.273,29.947905
20.93465,-580.0989,174.4179
-46.293446,-520.6985,6.156381
-113.52154,-461.29807,-162.10513
-229.22464,-592.51385,-157.65273
-344.92773,-723.7297,-153.20032
-112.58784,-617.3349,-16.081623
119.75205,-510.9402,121.03707
85.66836,-554.6345,29.281998
51.584667,-598.3288,-62.473072
31.615194,-642.7373,-62.139122
11.645719,-687.14575,-61.805176
-70.17439,-476.82013,-60.91667
-151.9945,-266.4945,-60.028168
-106.128525,-273.92078,-58.613354
-60.26145,-281.34723,-57.1985
-77.162,-245.9625,17.72075
-94.06255,-210.57774,92.64001
-169.17154,-297.7822,-75.45417
-244.28052,-384.98666,-243.54834
-40.525414,-212.14749,-142.66794
163.22969,-39.308304,-41.78752
94.43099,-64.763794,59.06455
25.632298,-90.219284,159.91661
-17.637705,-70.78896,75.24133
-60.907707,-51.35864,-9.433946
74.929344,186.64474,125.858376
210.76639,424.64813,261.1507
178.28188,310.90253,198.89209
145.79735,197.1569,136.63347
34.050495,250.81404,85.78758
-77.69636,304.4712,34.94169
196.33945,473.14606,134.95473
470.37524,641.8209,234.96777
171.2224,534.5813,97.77092
-127.93044,427.34167,-39.425934
6.238847,438.19708,121.58431
140.40814,449.0525,282.59454
257.3949,457.95218,184.71356
374.38165,466.85187,86.83257
114.66125,385.6876,-24.554846
-145.05296,304.52527,-135.9396
-85.01214,219.64171,16.04563
-24.971308,134.75815,168.03087
9.784291,281.45706,-56.737713
44.53989,428.15598,-281.5063
49.467854,309.7056,-134.64946
54.395813,191.25525,12.207365
106.95061,189.88968,33.577076
159.50539,188.5241,54.94679
153.13158,194.44644,131.22043
146.75775,200.36877,207.49406
-48.612366,-160.73825,24.556652
-243.98248,-521.8453,-158.38075
-41.4225,-499.7957,-16.651781
161.13748,-477.74606,125.077194
100.554184,-545.3173,8.847433
39.970894,-612.88855,-107.38233
-157.32858,-593.2971,-82.194695
-354.62805,-573.7057,-57.007053
-152.21092,-468.5995,-144.0199
50.20622,-363.49326,-231.03276
-83.71297,-420.95502,-256.3495
-217.63216,-478.41675,-281.6662
-102.92677,-306.97537,-124.37002
11.781331,-135.5299,32.92993
116.08558,-168.66397,44.780922
220.38982,-201.79805,56.631912
-61.73519,-300.95862,-39.01769
-343.8602,-400.11917,-134.66728
-237.93845,-327.2232,-202.36613
-132.01668,-254.32724,-270.06497
-58.05895,-276.75522,-128.34909
15.898785,-299.18323,13.366803
-91.102,-233.27888,46.976856
-198.10278,-167.37456,80.58691
-175.54308,-70.951416,-39.921844
-152.98337,25.471731,-160.4306
-122.82882,-127.37919,-136.06732
-92.67426,-280.2301,-111.70403
-37.874447,-88.6336,38.52907
16.92537,102.96291,188.76218
9.931012,56.23872,-13.131707
2.936655,9.514525,-215.02559
-153.78568,-114.29319,-80.04108
-310.508,-238.1009,54.94344
-223.38123,-125.24887,-24.684095
-136.25446,-12.396847,-104.31163
-121.682045,-42.63077,-63.035553
-107.109634,-72.86469,-21.759474
-72.47486,-2.4197037,-8.058449
-37.840923,68.023605,5.6422486
14.484081,191.91093,-9.707059
66.80908,315.79825,-25.056366
155.45564,304.88086,-35.92841
244.1022,293.96344,-46.80045
41.193707,232.96642,-52.164703
-161.71478,171.96938,-57.528954
45.43491,264.08542,-31.350111
252.5846,356.20148,-5.171266
32.398674,165.59256,64.08946
-187.78725,-25.016344,133.3502
-165.70428,71.28678,-18.268827
-143.62134,167.5899,-169.88785
-54.158585,137.92465,-94.34846
35.304165,108.259384,-18.809069
-33.732044,160.23035,105.42955
-102.76825,212.20131,229.66817
106.3229,185.8951,142.64435
315.41406,159.58888,55.620525
76.75513,103.572014,-97.63604
-161.90381,47.55515,-250.89261
42.800987,255.37404,-81.35473
247.50578,463.19293,88.18315
72.681755,231.87334,123.546486
-102.14643,0.548236,158.91068
-40.904045,105.08147,-90.86727
20.338345,209.6147,-340.64523
20.746128,265.97635,-105.531075
21.153912,322.33798,129.58307
-46.675465,234.47609,-9.869451
-114.504845,146.6142,-149.32196
-26.471663,175.44893,-140.29085
61.561516,204.28366,-131.25974
116.05826,156.70927,-8.685833
170.55501,109.1349,113.88806
-27.886713,-59.97267,0.071039855
-226.32843,-229.08025,-113.74599
-104.11274,-88.851006,-79.38379
18.102945,51.37824,-45.021587
112.57453,-23.680777,-65.40513
207.04611,-98.73979,-85.78867
134.87003,-8.205792,69.662796
62.693928,82.32821,225.11426
41.955914,-130.65855,20.98219
21.2179,-343.6453,-183.14987
78.492424,-204.7565,-167.78462
135.76694,-65.8677,-152.41937
93.61922,-42.190445,-35.96956
51.471493,-18.513195,80.480255
29.957262,-165.12013,41.109974
8.443544,-311.72357,1.7406371
166.60966,-103.66749,-3.8505063
324.7758,104.388596,-9.441649
118.15582,-114.43527,-78.155815
-88.46416,-333.25916,-146.86998
-25.349901,-267.98715,-144.10338
37.76435,-202.71513,-141.33678
94.124725,-112.850075,-42.97444
150.48509,-22.985004,55.38789
135.09627,12.489815,63.969933
119.70745,47.964634,72.55197
243.55994,-0.42518032,71.97785
367.4124,-48.814995,71.403725
150.47507,-4.542563,126.789856
-66.46229,39.72987,182.176
102.75714,68.19041,1.1284342
271.97656,96.65094,-179.91913
228.78009,134.32034,-7.3013306
185.58362,171.98973,165.31645
142.87839,128.87729,79.69568
100.17314,85.764854,-5.925095
103.84555,140.86423,0.30822158
107.51797,195.9636,6.5415382
-30.558584,110.75293,31.717169
-168.63843,25.54023,56.8934
139.3966,208.9775,32.097202
447.43164,392.41476,7.301007
132.43498,93.9423,74.61378
-182.5617,-204.53017,141.92654
-137.24521,-59.48612,3.4237957
-91.9287,85.55794,-135.07895
-18.455807,-2.4600844,-11.325684
55.01709,-90.4781,112.42758
-61.004192,-139.13316,105.00595
-177.02548,-187.78822,97.58432
-83.184326,-41.14707,-5.4474974
10.656825,105.49408,-108.47932
-109.77419,-15.126537,-37.060524
-230.20522,-135.74716,34.358265
-123.03105,95.31579,-4.7111197
-15.856886,326.37872,-43.780502
38.811447,274.56314,18.224922
93.47978,222.74757,80.23035
-46.96231,204.97104,75.87232
-187.4044,187.19449,71.5143
-127.557205,58.84958,96.3487
-67.710014,-69.49533,121.183105
-25.665823,3.4672308,120.255554
16.378368,76.429794,119.328
20.034931,31.568502,133.17082
23.691408,-13.291719,147.01332
-8.62201,108.389145,156.14247
-40.93543,230.07,165.27162
2.6987698,185.64789,92.18663
46.33297,141.22578,19.101645
-48.166943,79.54052,57.287228
-142.66685,17.855259,95.47282
-133.87823,-157.765,16.403946
-125.08961,-333.38525,-62.66492
-329.07614,-412.10513,-42.01751
-533.0627,-490.825,-21.370098
-231.86188,-492.2759,-27.034948
69.33891,-493.7268,-32.6998
-86.280716,-362.9894,14.797305
-241.90034,-232.252,62.29441
-167.32536,-132.85829,28.42847
-92.75039,-33.464573,-5.437467
-25.949852,-182.91263,-171.19037
40.85069,-332.3607,-336.94327
-116.07998,-255.62405,-34.600037
-273.01065,-178.88742,267.7432
-85.61866,-224.91344,99.67333
101.77332,-270.93945,-68.39654
-14.446674,-163.64873,41.60892
-130.66945,-56.355434,151.617
-27.933262,-86.14108,45.18334
74.80292,-115.926735,-61.250328
-4.4289937,-169.66782,-28.646688
-83.660904,-223.4089,3.9569492
-16.284575,-182.96576,69.07311
51.09176,-142.5226,134.18929
-58.844986,-354.23206,-61.70844
-168.78172,-565.94147,-257.60617
-62.4483,-430.6057,-108.04239
43.88513,-295.26996,41.52138
-141.41983,-469.14407,-0.971064
-326.7248,-643.0182,-43.46351
-166.06364,-515.80133,-107.5221
-5.4024734,-388.58447,-171.58069
50.344,-327.91763,-135.20647
106.09048,-267.25076,-98.83222
17.048822,-157.22545,-33.01424
-71.992836,-47.200134,32.803745
27.302954,-47.876205,-59.41308
126.59874,-48.552277,-151.6299
94.35319,30.524681,33.64584
62.107628,109.60164,218.92159
33.435436,243.38553,162.71645
4.7632475,377.1694,106.511314
44.772472,285.5964,36.34216
84.78074,194.0256,-33.825325
79.07161,442.00296,-118.447174
73.36247,689.9803,-203.06902
243.52647,814.36115,125.86461
413.69046,938.74194,454.79822
379.2968,983.80164,236.2917
344.90317,1028.8612,17.78518
321.4855,1165.7653,150.32536
298.06787,1302.6693,282.86554
521.615,1514.9459,281.9147
745.16205,1727.2224,280.9639
404.11072,1609.2329,183.95746
63.05939,1491.2433,86.951035
364.2922,1503.1605,193.29712
665.525,1515.0776,299.6432
511.37225,1465.3812,316.22278
357.21945,1415.6848,332.80237
202.46072,1065.6733,213.96631
47.701973,715.6618,95.13023
30.57712,406.48453,79.200134
13.452268,97.30729,63.27004
76.18102,-0.9783464,109.047104
138.90977,-99.263985,154.82417
-57.7931,-517.12335,-32.89985
-254.50066,-934.99274,-220.62834
-122.42684,-917.3738,-181.07042
9.646972,-899.7548,-141.51248
-149.77756,-1204.0043,-234.3708
-309.2021,-1508.2538,-327.22913
-557.3799,-1509.0918,-313.67923
-805.55774,-1509.9298,-300.1293
-607.1991,-1536.9106,-352.31253
-408.84045,-1563.8915,-404.49576
-546.09,-1376.8859,-332.0133
-683.3396,-1189.8801,-259.53088
-512.271,-1308.5774,-298.44223
-341.2024,-1427.2747,-337.35358
-326.82495,-1221.6951,-250.6791
-312.44748,-1016.11536,-164.00461
-297.21777,-976.123,-147.73131
-281.9881,-936.1307,-131.45801
-233.32176,-865.4526,-100.54797
-184.65544,-794.7745,-69.63793
-150.4357,-675.02124,-164.53503
-116.21596,-555.268,-259.43213
-226.79974,-642.9525,-176.06271
-337.3835,-730.63696,-92.693306
-263.60226,-574.18756,-265.462
-189.82101,-417.73813,-438.23068
-215.47769,-343.0091,-118.0131
-241.13374,-268.28183,202.19687
5.9956074,-211.57364,50.03368
253.12495,-154.86546,-102.1295
128.7753,-170.4382,-61.02076
4.4256496,-186.01094,-19.91202
14.829086,9.397622,37.11931
25.232525,204.80618,94.150635
88.612915,130.4671,30.755077
151.9933,56.12802,-32.640484
-58.431454,131.30641,1.6853286
-268.8562,206.48479,36.011143
69.629036,269.92908,81.7032
408.1143,333.37335,127.39526
114.220985,306.8062,28.09361
-179.6723,280.23907,-71.208046
62.7586,525.3459,-33.86804
305.1895,770.45264,3.4719706
322.1329,697.8644,71.08689
339.0763,625.2761,138.70181
171.69788,648.0514,32.72221
4.319472,670.8267,-73.25739
111.25904,751.9408,47.793922
218.19861,833.05493,168.84525
256.57312,1031.388,94.54745
294.94852,1229.7257,20.24788
428.34958,1250.5511,345.70566
561.7507,1271.3766,671.16345
458.22742,1228.8228,269.95847
354.7042,1186.2688,-131.24652
308.75574,1157.3153,-97.56237
262.80728,1128.3617,-63.87822
357.3843,1318.3358,197.73035
451.96136,1508.3099,459.3389
513.9681,1434.881,241.39444
575.97473,1361.4519,23.449974
333.76425,1149.1235,83.45461
91.553764,936.79504,143.45924
152.93138,757.9168,273.89246
214.30899,579.0386,404.32568
293.0445,326.34302,139.1442
371.78,73.64747,-126.03729
95.61549,-21.201614,-67.396416
-180.54901,-116.0507,-8.755547
-38.891506,-300.411,61.136112
102.76601,-484.7713,131.02777
122.9584,-452.48343,98.595215
143.15079,-420.19556,66.16267
-30.414072,-792.052,-132.67348
-203.97893,-1163.9084,-331.5096
-290.59335,-1149.1202,-196.82336
-377.20575,-1134.3324,-62.140335
-341.1405,-1279.9929,-143.49438
-305.07526,-1425.6533,-224.84842
-311.0691,-1263.2087,-286.27805
-317.06296,-1100.7643,-347.70764
-304.8137,-1123.006,-141.22424
-292.56442,-1145.2477,65.25918
-271.73126,-1048.8185,-199.83029
-250.8981,-952.3893,-464.91977
-281.60388,-976.7947,-326.54242
-312.30963,-1001.2001,-188.16507
-478.6389,-928.81824,-277.7499
-644.96814,-856.4364,-367.33472
-435.4586,-893.02545,-330.274
-225.94907,-929.61456,-293.21323
-105.08948,-614.82227,-135.86339
15.770121,-300.02994,21.48647
-272.47174,-555.90967,-188.7018
-560.7136,-811.78937,-398.89008
-308.9791,-448.8186,-166.42067
-57.244576,-85.847824,66.048744
-38.426197,-16.946829,43.38978
-19.607817,51.95417,20.730812
-142.57384,-127.1002,127.66289
-265.5428,-306.15884,234.5975
-147.15019,23.952879,121.83652
-28.757593,354.0646,9.0755205
123.6533,266.4712,223.81761
276.06418,178.87776,438.5597
61.653965,278.68985,219.9806
-152.75626,378.50192,1.4015254
-30.832912,334.79892,-68.844696
91.09043,291.0959,-139.09091
95.497116,490.9164,132.63708
99.90381,690.73694,404.36508
-8.060237,498.56876,159.19974
-116.024284,306.40054,-85.96562
37.78262,712.66833,88.09406
191.58952,1118.9362,262.15375
216.80278,1147.4822,268.03897
242.01604,1176.0282,273.9242
358.7536,1363.578,334.71097
475.49115,1551.1278,395.49774
377.83737,1632.2521,220.72893
280.1836,1713.3765,45.960106
424.6782,1800.9591,285.14377
569.1728,1888.5417,524.32745
426.80542,1702.2571,523.93445
284.43808,1515.9725,523.5414
164.14848,1355.7816,337.99356
43.86177,1195.5945,152.45015
3.5594976,734.28046,376.6251
-36.742775,272.96646,600.80005
-29.666601,-121.81605,246.52304
-22.590425,-516.5986,-107.753944
41.254772,-690.73236,-85.688576
105.09997,-864.8662,-63.6232
-90.89441,-1169.6891,6.565238
-286.8888,-1474.512,76.75368
-353.323,-1382.2506,-70.653145
-419.75723,-1289.9893,-218.05997
-376.7054,-1284.7196,-341.27066
-333.6536,-1279.45,-464.48138
-387.6481,-1050.0876,-253.18135
-441.64258,-820.7253,-41.881344
-299.6695,-822.04175,-39.726334
-157.69644,-823.3583,-37.571327
-223.20027,-771.50476,-104.19631
-288.7041,-719.65125,-170.82129
-266.09448,-618.6779,-115.848694
-243.48488,-517.7046,-60.876095
-261.63965,-574.5744,-86.41604
-279.7944,-631.4442,-111.95597
-235.05995,-438.54733,-123.60535
-190.32443,-245.64587,-135.255
-67.516975,-226.80476,-78.09821
55.29049,-207.96365,-20.941427
-157.12608,-401.96106,-10.55147
-369.54263,-595.9585,-0.16151285
-86.46414,-381.03247,-60.104465
196.61436,-166.10646,-120.047424
-26.080061,-275.4504,-85.88348
-248.77448,-384.79437,-51.719536
-157.99959,-268.56036,-42.0012
-67.224686,-152.32632,-32.28287
58.270863,67.86416,-9.555552
183.7664,288.05463,13.171767
240.23528,476.0863,108.36474
296.70413,664.118,203.55771
386.38138,698.84326,156.66656
476.0586,733.56854,109.775406
369.64313,761.7716,116.73623
263.22763,789.9747,123.697044
177.37622,902.84955,41.430717
91.52481,1015.7244,-40.835606
354.857,1064.8591,55.581062
618.18915,1113.9938,151.99773
419.28705,1295.8517,116.499306
220.38493,1477.7096,81.00088
348.78754,1448.1058,136.47906
477.18707,1418.5027,191.95593
459.37994,1463.085,251.78374
441.57285,1507.6672,311.61154
372.49576,1291.4049,171.14122
303.4187,1075.1425,30.6709
209.46207,900.83856,193.72896
115.50544,726.5347,356.78702
172.02238,636.3569,229.67532
228.53932,546.179,102.56361
251.35529,452.69498,182.05852
274.17123,359.2109,261.5534
42.587788,186.9202,106.40729
-188.99567,14.629486,-48.738842
139.30438,-292.50375,41.20853
467.60443,-599.63696,131.1559
109.55663,-709.13965,-13.578263
-248.49115,-818.6423,-158.31242
-130.1284,-1034.4808,-158.50365
-11.765642,-1250.3195,-158.69487
-83.2339,-1062.3574,-146.10895
-154.70216,-874.3953,-133.52303
-148.73235,-931.8717,-199.90807
-142.76251,-989.348,-266.29312
-298.06607,-1059.3744,-317.87292
-453.3733,-1129.4026,-369.45395
-359.63925,-983.96765,-391.4214
-265.90524,-838.5328,-413.38882
-178.28108,-719.5007,-199.39532
-90.65693,-600.46857,14.598181
-154.75961,-644.59753,-81.565384
-218.86229,-688.72644,-177.72896
-101.78584,-499.18723,-122.646355
15.2906,-309.648,-67.56375
-0.5330329,-408.04007,-127.817
-16.356667,-506.43213,-188.07025
-108.15064,-688.7914,-174.22562
-199.94461,-871.1506,-160.38098
-135.77037,-764.4415,-179.48578
-71.596115,-657.7325,-198.59056
-16.003359,-699.334,-150.17113
39.5894,-740.9355,-101.75168
-131.93814,-764.1349,-196.81303
-303.4657,-787.3343,-291.8744
-63.14229,-764.8262,-179.39961
177.18112,-742.318,-66.92486
-130.16182,-835.701,-185.37415
-437.50476,-929.0839,-303.82343
-276.01584,-855.856,-273.13242
-114.52691,-782.6281,-242.4414
-126.68602,-679.184,-298.01736
-138.84483,-575.7424,-353.59198
-119.108604,-526.38696,-146.80817
-99.37236,-477.03152,59.97566
-107.68027,-364.49017,-21.230442
-115.988174,-251.9488,-102.43654
-126.26494,-308.39078,-73.46789
-136.5417,-364.83276,-44.499237
-80.69792,-76.38629,-41.183765
-24.854143,212.06018,-37.868298
117.20917,284.28625,114.469986
259.27246,356.51233,266.8083
80.1533,444.39722,155.84064
-98.96587,532.2821,44.873005
129.82042,697.66113,156.2562
358.60672,863.0401,267.6394
246.37083,744.67865,229.51013
134.13498,626.31714,191.38084
221.92691,756.89404,94.353745
309.71884,887.47095,-2.6733582
233.06087,810.57086,73.99752
156.40288,733.6707,150.6684
218.28856,808.7802,75.62038
280.17422,883.8897,0.57235754
236.06934,718.89813,121.87669
191.96336,553.90265,243.18391
15.306773,462.10168,53.904907
-161.34982,370.30075,-135.3741
-11.132669,356.91425,-40.18531
139.08447,343.52774,55.003483
-64.40261,148.22548,-61.28892
-267.8897,-47.076797,-177.58133
-40.155083,88.342545,46.699272
187.57953,223.76189,270.97986
-32.032585,17.52326,108.88726
-251.64471,-188.71536,-53.20535
-67.16657,-111.997086,-36.123146
117.31156,-35.27881,-19.04094
-22.677399,-74.484535,-125.23809
-162.66637,-113.690254,-231.43524
-169.6724,-83.691086,-27.35963
-176.67842,-53.691914,176.71599
-113.7396,-50.84897,68.62318
-50.80079,-48.00602,-39.469643
-160.93903,-129.1709,-152.66968
-271.07727,-210.33577,-265.86972
-305.29413,-59.349377,-207.10814
-339.51096,91.637024,-148.34656
-188.28131,165.94086,-108.53699
-37.051647,240.24469,-68.727425
-27.324116,354.02493,135.23404
-17.596819,467.80246,339.19064
-7.80536,364.1848,107.400925
1.9860997,260.56717,-124.388794
42.411835,437.63818,90.16342
82.83757,614.70917,304.71564
27.96617,653.0006,187.6861
-26.905228,691.292,70.656555
-114.00657,635.2686,88.10547
-201.10791,579.2452,105.55438
-20.868288,769.2923,105.02593
159.37132,959.3394,104.49749
339.52338,938.75146,99.52228
519.6755,918.1635,94.547066
221.79475,858.13116,106.14304
-76.08593,798.0988,117.73902
-29.470148,823.2034,70.911705
17.145636,848.308,24.08439
138.77058,900.0229,154.827
260.3955,951.73785,285.5696
256.52966,733.43066,314.85815
252.66382,515.1235,344.1467
123.28719,423.06537,193.93094
-6.0894427,331.0073,43.715187
-120.51363,104.9021,95.41648
-234.94055,-121.20848,147.11902
1.0426726,-57.700447,222.6385
237.0259,5.8075852,298.15802
77.87806,-293.907,243.87321
-81.269775,-593.6216,189.58841
-59.589397,-812.3697,14.353774
-37.90902,-1031.1178,-160.88086
-80.440765,-1151.6395,-108.224785
-122.97251,-1272.1611,-55.568707
-282.74695,-1494.0759,-102.679184
-442.52136,-1715.9907,-149.78966
-301.54626,-1490.7579,-138.3121
-160.5712,-1265.5251,-126.83454
-218.32228,-1438.423,-210.39803
-276.07336,-1611.3209,-293.96152
-369.99164,-1514.943,-427.67044
-463.9099,-1418.5651,-561.37933
-415.8975,-1446.8201,-329.30078
-367.88507,-1475.075,-97.222206
-293.2991,-1359.6884,-360.3787
-218.71315,-1244.3018,-623.53516
-398.36545,-1211.8246,-451.40305
-578.01776,-1179.3474,-279.2709
-394.1749,-969.672,-314.7783
-210.33203,-759.9965,-350.2857
-135.71574,-720.87933,-211.31409
-61.101234,-681.76306,-72.34579
54.09439,-420.35718,-32.24931
169.29002,-158.9513,7.8471622
233.37991,-76.83829,-60.263355
297.4698,5.2747283,-128.37387
204.25342,214.04416,26.482359
111.03704,422.8136,181.3386
324.28735,743.1772,166.3348
537.53766,1063.5409,151.331
527.9908,1125.375,179.12947
518.444,1187.2092,206.92793
469.78558,1350.278,228.67073
421.12717,1513.3467,250.41354
610.9812,1612.7606,387.7149
800.83527,1712.1747,525.01624
608.25714,1873.8585,211.95525
415.67905,2035.5424,-101.105736
554.6509,1954.7047,230.01468
693.6227,1873.8672,561.1351
515.05414,1786.4838,425.44714
336.48557,1699.1003,289.7592
385.22058,1379.9199,436.73212
433.9556,1060.7395,583.705
339.78287,954.3176,302.2626
245.60788,847.89325,20.813446
296.76593,598.13477,233.32425
347.92398,348.37622,445.83505
247.11487,99.093445,246.64194
146.30577,-150.18933,47.448807
111.19784,-238.22922,-0.63609916
76.08991,-326.2691,-48.721004
90.32857,-368.29602,-21.900393
104.56722,-410.32294,4.920219
50.283737,-629.02997,-116.55734
-3.999742,-847.737,-238.0349
-209.67914,-825.2537,-166.5052
-415.35855,-802.7705,-94.975494
-225.79805,-799.63983,-208.11618
-36.237545,-796.50916,-321.25687
27.217947,-653.17755,25.773455
90.67344,-509.8459,372.80377
-15.308139,-544.67,4.3575554
-121.28972,-579.4941,-364.08865
-64.03644,-577.75275,-145.65477
-6.783165,-576.0114,72.77912
-235.61612,-543.41187,-163.54147
-464.44907,-510.81238,-399.8621
-206.67177,-375.4949,-135.05518
51.10553,-240.17743,129.75174
-348.78796,-428.22543,-228.41623
-748.6719,-616.269,-586.5756
-510.9651,-512.20496,-312.7835
-273.25824,-408.14093,-38.99135
-266.14655,-460.93668,-82.28807
-259.03482,-513.7324,-125.5848
-356.6613,-344.29974,-287.48846
-454.28772,-174.86705,-449.39212
-315.25317,-98.07027,-65.3975
-176.21863,-21.273483,318.59714
-118.58631,6.5509486,-127.48481
-60.954002,34.37538,-573.5668
-211.75786,29.400257,-162.68405
-362.5617,24.425133,248.19865
-259.81113,-118.67505,-214.89473
-157.06052,-261.77524,-677.9881
-15.740617,-78.82063,-278.97418
125.57929,104.13396,120.03972
-65.49931,20.831644,43.769394
-256.5779,-62.47067,-32.500935
-236.01128,42.662357,-225.4291
-215.44463,147.79538,-418.35727
-108.67287,217.55083,-84.80261
-1.9010943,287.30627,248.75204
-54.345615,193.85675,76.9449
-106.79138,100.40498,-94.86634
-73.86297,71.39861,51.11707
-40.934547,42.39224,197.10048
-79.53312,-71.534256,21.527893
-118.13168,-185.46075,-154.0447
-40.1491,-77.67357,21.973186
37.83349,30.113617,197.99106
37.011574,-86.244484,13.742788
36.189663,-202.60258,-170.5055
-83.819695,-194.45306,-54.37769
-203.82906,-186.30354,61.750107
-3.905924,6.020839,72.89662
196.01721,198.34521,84.04314
-42.003017,-35.977547,15.849682
-280.02325,-270.30032,-52.343773
-147.3569,-54.086914,-17.73892
-14.690576,162.12648,16.86593
16.300951,158.061,112.90453
47.292477,153.99551,208.94315
-95.74386,135.82968,68.04516
-238.78018,117.66383,-72.85282
155.80617,323.5581,135.93192
550.3925,529.4524,344.71667
157.24658,525.035,249.28816
-235.89937,520.6175,153.85966
-96.14265,325.96713,87.300644
43.61074,131.32138,20.743204
8.394645,383.97263,56.619904
-26.821451,636.6239,92.4966
-76.37798,390.05676,-17.637503
-125.93451,143.48962,-127.77161
35.303387,244.14104,74.1334
196.54128,344.79245,276.0384
179.20746,342.0582,141.52667
161.87363,339.3239,7.014929
-52.406128,130.06406,42.620068
-266.68588,-79.19582,78.225204
-191.78929,32.352238,-26.52856
-116.89271,143.9003,-131.28233
-84.6875,153.57442,28.125807
-52.482292,163.24855,187.53394
-87.321,84.8548,174.1213
-122.15971,6.461041,160.70868
-105.882126,-105.70463,-61.015526
-89.604546,-217.8703,-282.73972
7.959826,4.9866023,5.7278557
105.52419,227.8435,294.19543
260.04773,88.01946,97.8565
414.5713,-51.804577,-98.482445
92.21785,-113.51325,0.36867765
-230.14326,-175.2234,99.22216
-18.73774,-239.51775,111.25703
192.66779,-303.8121,123.29189
36.471626,-382.86972,5.993774
-119.72453,-461.92737,-111.304344
-76.38793,-523.8874,-143.95427
-33.05134,-585.8474,-176.60419
-17.545105,-721.29126,-241.11621
-2.0388722,-856.7351,-305.62823
-19.221977,-732.6683,-124.492676
-36.405083,-608.6014,56.642868
23.366058,-627.4428,-107.543236
83.1372,-646.28424,-271.72934
206.00302,-479.37027,-193.1886
328.86887,-312.45633,-114.64785
119.95744,-408.0534,-73.31453
-88.953964,-503.65048,-31.981209
-98.02868,-406.46707,-70.774254
-107.1034,-309.2837,-109.5673
104.26661,-225.97899,-85.894516
315.63663,-142.6743,-62.221733
182.05435,-95.36985,25.017199
48.4721,-48.0654,112.25613
78.527435,-86.35992,74.66433
108.58277,-124.654434,37.072525
37.350243,8.366893,18.249256
-33.880592,141.38504,-0.5735635
179.165,159.63493,116.46506
392.21057,177.88483,233.5037
284.58185,315.26926,43.488705
176.95312,452.6537,-146.52628
173.6734,350.04913,-9.517792
170.39366,247.4446,127.49069
109.46019,182.69089,100.09473
48.526714,117.93719,72.69875
31.918478,212.84085,-36.533955
15.310239,307.7445,-145.76666
-28.502697,114.086174,-59.270306
-72.315636,-79.57215,27.226051
112.63316,356.96436,30.519735
297.58194,793.50085,33.81342
290.74988,681.9529,132.47253
283.91782,570.40497,231.13167
167.74118,678.9319,217.2142
51.564533,787.45886,203.29672
160.45375,885.6367,280.33932
269.34296,983.8146,357.38196
103.68688,826.62213,161.89331
-61.9692,669.4297,-33.595337
72.20048,770.2414,66.36701
206.37335,871.0555,166.33174
207.73062,1022.14435,183.21292
209.08789,1173.2332,200.09409
231.97136,1178.753,240.34032
254.85483,1184.273,280.58652
109.58119,1098.246,125.62229
-35.692444,1012.2191,-29.341946
174.67146,923.5303,123.88584
385.03537,834.8414,277.11362
116.81265,585.7526,298.91574
-151.41008,336.66385,320.71786
-52.458202,-55.650013,263.45065
46.49367,-447.96387,206.18346
-88.62301,-839.35425,48.174137
-223.73969,-1230.7446,-109.83518
-184.16037,-1287.5099,-237.77502
-144.58105,-1344.2751,-365.71487
-361.52188,-1492.5894,-296.2642
-578.4627,-1640.9037,-226.8135
-572.6039,-1521.2734,-300.12222
-566.745,-1401.6432,-373.43097
-422.2132,-1240.3936,-283.6128
-277.68137,-1079.144,-193.79466
-289.0464,-1109.9298,-182.9284
-300.41138,-1140.7156,-172.06215
-292.69586,-819.0403,-181.69722
-284.98056,-497.37268,-191.33205
-252.16966,-335.1362,-96.99438
-219.35876,-172.89969,-2.656706
7.092803,432.07462,95.14185
233.54436,1037.049,192.94041
305.19305,1205.4231,142.68884
376.84174,1373.7974,92.43727
184.73038,1419.1398,212.61156
-7.380963,1464.482,332.78586
-166.23003,1041.7142,218.34038
-325.0791,618.9465,103.8949
-21.64887,283.85123,85.26021
281.78134,-51.244015,66.62552
92.012344,-556.9598,-46.284718
-97.75665,-1062.6755,-159.19495
-186.70116,-1197.7897,-121.9704
-275.64566,-1332.9038,-84.74584
-249.73326,-1242.5966,-135.46747
-223.82085,-1152.2893,-186.1891
-264.99588,-1057.6011,-204.42186
-306.1709,-962.9128,-222.65463
-131.34856,-501.74905,-142.94334
43.4738,-40.585285,-63.232056
113.89828,64.2389,7.395957
184.32443,169.06558,78.02565
97.46173,462.76877,96.55364
10.599031,756.472,115.08164
291.04492,979.73676,212.98436
571.4908,1203.0015,310.8871
483.3142,1182.4243,283.62103
395.13763,1161.8472,256.35498
104.86798,1114.3982,160.34927
-185.40166,1066.9492,64.343544
-120.76526,602.9658,166.00047
-56.128857,138.98247,267.6574
101.904236,-82.795876,122.857574
259.93735,-304.57422,-21.942255
-33.642437,-695.4391,-133.33223
-327.2222,-1086.304,-244.72221
-422.4191,-1276.9999,-308.333
-517.61597,-1467.6957,-371.94382
-294.40982,-1166.8547,-233.38364
-71.20366,-866.0137,-94.82344
-225.53648,-1058.6256,-269.16867
-379.8693,-1251.2374,-443.51392
-372.64627,-988.652,-239.30879
-365.42325,-726.06647,-35.103676
-159.5143,-595.50946,-104.36321
46.39464,-464.9524,-173.62276
235.1467,-7.0530505,-17.33947
423.89426,450.8354,138.9401
253.13814,562.96643,139.77538
82.38204,675.0975,140.61066
231.24922,1012.3333,134.00648
380.1164,1349.5692,127.40231
371.20377,1383.6819,239.34901
362.29114,1417.7946,351.29572
205.1601,1265.4148,219.26047
48.029045,1113.035,87.22521
87.20893,702.6422,74.65033
126.38881,292.24942,62.075447
70.388275,-189.28827,26.88529
14.38775,-670.8259,-8.304868
-7.7950206,-1042.168,-200.69101
-29.97779,-1413.51,-393.07718
-48.84818,-1337.748,-360.72736
-67.71857,-1261.9861,-328.37756
-193.77734,-1276.5769,-300.32922
-319.83612,-1291.1677,-272.28085
-134.07047,-1020.413,-451.03006
51.695198,-749.65826,-629.77924
265.31018,-313.7257,-221.77766
478.92517,122.20684,186.22392
176.41203,337.2243,-74.934746
-126.1083,552.2469,-336.09964
128.74155,693.7681,42.18139
383.5914,835.2893,420.46243
338.28232,1120.6642,161.29495
292.9732,1406.0391,-97.87252
368.9492,1443.0071,85.110466
444.92517,1479.9751,268.09344
480.0874,1391.1224,344.3082
515.24963,1302.2698,420.52295
263.45004,1167.0135,277.52374
11.650445,1031.7574,134.52454
19.699833,398.36584,252.33109
27.74922,-235.02576,370.13766
69.93651,-406.8737,110.23771
112.1238,-578.7216,-149.66223
-144.76816,-1045.3484,-149.30002
-401.66013,-1511.9751,-148.9378
-313.3404,-1354.1198,-232.34325
-225.02066,-1196.2644,-315.7487
-125.67585,-1188.5284,-144.4331
-26.33105,-1180.7926,26.882467
-311.62003,-1297.1212,-205.56902
-596.909,-1413.4498,-438.02048
-310.9603,-1179.1317,-274.7027
-25.011572,-944.81366,-111.384895
-225.4213,-915.9878,-284.23425
-425.82623,-887.16266,-457.07953
-381.64728,-856.8368,-317.49185
-337.46832,-826.5109,-177.90417
-45.726665,-465.08273,14.750928
246.015,-103.654526,207.40602
105.8178,-154.94305,-101.718735
-34.3794,-206.2316,-410.8435
-76.51271,-79.51213,-106.58466
-118.64602,47.207333,197.67418
-13.21313,72.1767,68.48854
92.21976,97.146065,-60.69709
-36.275715,115.6082,-73.65071
-164.7712,134.07034,-86.60433
-107.18439,356.75494,51.351643
-49.597588,579.4396,189.30762
147.58676,708.5419,49.84996
344.77112,837.6442,-89.6077
243.06317,870.29407,171.19151
141.35521,902.9439,431.99072
65.74738,785.67883,236.20241
-9.860455,668.41376,40.41409
-5.892479,732.671,107.172226
-1.9245036,796.9283,173.93036
66.586494,884.5452,228.34589
135.09912,972.16425,282.76273
-22.88073,1000.8772,224.42554
-180.86058,1029.5902,166.08836
187.12752,1147.0145,199.56035
555.1156,1264.4388,233.03233
209.51921,1148.0579,119.850624
-136.07718,1031.677,6.6689005
40.670567,1137.333,143.84982
217.41832,1242.989,281.03073
337.91885,1281.3784,299.57043
458.4194,1319.768,318.1101
145.55806,1201.9371,184.47911
-167.3033,1084.1062,50.848087
72.83423,1192.9479,154.48946
312.97177,1301.7894,258.13083
199.95027,1180.0454,271.9628
86.928795,1058.3013,285.79477
152.5729,1030.5668,133.71051
218.21701,1002.83215,-18.373747
83.3323,612.5701,194.9944
-51.552414,222.30812,408.36255
-62.1736,-148.61171,128.03003
-72.794785,-519.53156,-152.30249
-122.36157,-667.767,-157.50359
-171.92836,-816.00244,-162.70468
-76.140175,-830.1698,16.057978
19.645733,-844.3368,194.81638
-141.90143,-1051.4625,-86.125305
-303.44858,-1258.5883,-367.067
-390.99966,-1270.5806,-144.86667
-478.55078,-1282.5729,77.33366
-500.2415,-1305.6973,-245.46536
-521.9322,-1328.8217,-568.26434
-420.84747,-1116.1884,-283.67993
-319.76276,-903.5551,0.904527
-285.43365,-946.12604,-76.716415
-251.10458,-988.69696,-154.33736
-277.0168,-993.30096,-281.72736
-302.92905,-997.90497,-409.11734
-299.53058,-855.74884,-247.81487
-296.13208,-713.5927,-86.51238
-238.33556,-793.26904,-71.528694
-180.53903,-872.9454,-56.545013
-83.72617,-741.9421,-129.36995
13.086687,-610.93884,-202.19487
-85.94468,-682.6477,-260.8008
-184.97604,-754.3565,-319.40677
-137.6983,-687.5789,-64.74566
-90.42058,-620.8014,189.91545
-183.66461,-876.2461,-159.08435
-276.9109,-1131.6969,-508.09247
-441.48752,-1148.9796,-341.6736
-606.06415,-1166.2622,-175.25478
-369.2436,-1125.8657,-245.29689
-132.42302,-1085.4692,-315.339
-81.43424,-964.2437,-134.19365
-30.445473,-843.01825,46.951714
0.010573671,-753.6859,-28.543388
30.46662,-664.3536,-104.03849
-0.80135965,-653.52783,-31.489994
-32.06934,-642.70215,41.058502
-201.24817,-451.90823,-42.659756
-370.427,-261.11435,-126.37801
36.80538,-44.812946,-31.668957
444.03778,171.48845,63.040104
249.50732,356.86462,104.37292
54.976868,542.2408,145.70572
141.49696,565.7426,170.35329
228.01706,589.24445,195.00085
157.87967,658.86975,154.13937
87.74229,728.49506,113.27787
184.71852,758.1667,108.5649
281.69476,787.8383,103.85194
337.53207,937.8889,285.4256
393.36942,1087.9396,466.99927
488.2818,1156.5945,271.97012
583.1919,1225.2478,76.94564
532.83984,1306.5991,246.8995
482.48776,1387.9504,416.85336
269.9776,1272.4421,170.33751
57.467457,1156.934,-76.17836
354.35352,1328.3494,133.3597
651.23956,1499.7648,342.89777
292.0339,1303.2238,204.49203
-67.17178,1106.6829,66.08632
242.00443,1153.6438,105.21892
551.18066,1200.6047,144.35152
420.6751,1081.3727,251.48395
290.1696,962.14056,358.61636
215.87964,823.38214,149.68784
141.58968,684.6237,-59.2407
-6.121071,550.3894,32.18798
-153.83182,416.1551,123.61666
21.383543,465.40656,92.306816
196.59889,514.658,60.996967
195.58006,543.7878,97.343124
194.56123,572.9175,133.68929
239.63408,505.25397,152.07417
284.70694,437.59048,170.45906
121.67655,468.39795,64.75249
-41.357716,499.20615,-40.956604
56.787018,338.1903,62.598694
154.93175,177.17447,166.15399
31.02314,211.9908,92.818436
-92.885475,246.80711,19.482887
-132.0818,66.57721,26.093786
-171.27814,-113.6527,32.704685
45.006607,-4.825575,15.092524
261.29135,104.00156,-2.5196376
-73.6693,-215.51384,-53.026928
-408.62994,-535.02924,-103.53422
-250.55508,-472.77002,12.392478
-92.48022,-410.5108,128.31917
-221.07097,-534.319,-101.98777
-349.6617,-658.1272,-332.2947
-9.595705,-490.28647,-149.49551
330.4703,-322.44574,33.303673
-88.96842,-489.6765,-38.939
-508.40714,-656.9073,-111.18167
-263.99982,-589.8663,1.8962221
-19.592522,-522.82526,114.97411
-59.470757,-548.10223,-35.760357
-99.34899,-573.3792,-186.49483
-135.62563,-575.49365,-74.17122
-171.90225,-577.60815,38.15238
-170.17413,-534.5087,-74.090546
-168.44604,-491.41034,-186.3308
-159.79228,-640.9764,-293.24872
-151.13852,-790.5424,-400.16663
-135.11842,-495.07974,-210.85031
-119.09831,-199.61703,-21.53397
-154.25223,-499.86224,-62.046963
-189.40614,-800.1075,-102.55995
-125.2564,-590.73126,-129.44641
-61.106647,-381.35504,-156.33286
-55.659405,-488.9613,-38.123997
-50.212166,-596.56757,80.08486
-103.46107,-696.6908,-87.63198
-156.70996,-796.814,-255.34882
-182.63634,-733.4122,-169.00179
-208.56271,-670.01025,-82.654755
-35.133038,-525.4582,-155.73917
138.29665,-380.9061,-228.82358
-157.36975,-563.49976,-174.31538
-453.03613,-746.0934,-119.8072
-228.73526,-668.5555,-31.663706
-4.4343805,-591.01764,56.479786
-203.58098,-701.99396,-200.68346
-402.7276,-812.9703,-457.84668
-148.71434,-644.025,-189.24527
105.30496,-475.0758,79.36256
43.11393,-451.18655,-47.67081
-19.077097,-427.29727,-174.70418
-115.83563,-557.3763,-43.7664
-212.59416,-687.4553,87.17137
-207.27142,-460.34814,-88.30195
-201.94867,-233.241,-263.77527
-35.88078,-305.73358,-188.532
130.1871,-378.22614,-113.288734
59.176323,-144.55733,-118.18565
-11.834461,89.11149,-123.08258
-43.744907,-77.76758,-68.45959
-75.65535,-244.64665,-13.836601
87.21203,-15.267411,124.47617
250.0794,214.11183,262.78894
215.89575,195.05916,26.960192
181.7121,176.00648,-208.86858
283.13055,378.8185,37.323174
384.54898,581.63055,283.51492
264.1937,865.5636,272.87994
143.83842,1149.4966,262.245
372.29865,1182.2269,160.91861
600.75885,1214.9572,59.592224
390.08337,1400.0369,137.68654
179.40788,1585.1166,215.78087
301.6022,1533.4381,320.38596
423.79358,1481.761,424.98856
329.81534,1565.538,250.66273
235.83708,1649.315,76.33693
304.60773,1630.0658,305.60852
373.3784,1610.8167,534.88007
443.77643,1865.3569,471.23755
514.17444,2119.8972,407.595
371.53223,1702.3273,451.47934
228.88998,1284.7572,495.36365
90.495285,1109.4662,363.66196
-47.899406,934.1753,231.96027
43.7119,799.87915,315.00903
135.32321,665.58295,398.05783
170.18419,306.87585,336.14932
205.04517,-51.831215,274.2408
-154.10957,-294.41962,17.13069
-513.2643,-537.008,-239.97943
-192.19858,-781.449,-191.05402
128.86714,-1025.89,-142.12862
-153.09448,-1034.5929,-234.42398
-435.0561,-1043.2958,-326.71936
-348.26877,-1246.0604,-161.96951
-261.48145,-1448.8252,2.780318
-404.63425,-1348.812,-353.62726
-547.79047,-1248.7965,-710.04333
-510.53183,-1235.0049,-504.7878
-473.2732,-1221.2133,-299.53235
-400.69168,-1074.4883,-263.73355
-328.11014,-927.76337,-227.93478
-310.2419,-1025.8032,-234.17142
-292.37372,-1123.843,-240.40805
-173.21092,-980.7124,-190.72449
-54.048138,-837.5818,-141.04091
-390.54773,-970.2191,-268.45322
-727.04736,-1102.8563,-395.8655
-378.629,-912.0779,-245.86067
-30.21068,-721.2994,-95.85582
-231.7516,-770.3055,-173.89091
-433.29254,-819.3116,-251.926
-247.63121,-730.19696,-136.43205
-61.969883,-641.0824,-20.93809
-104.91469,-585.3478,-43.326984
-147.8595,-529.6132,-65.71588
-230.695,-511.17737,-120.38647
-313.53052,-492.74155,-175.05705
-67.02059,-422.95367,-12.398141
179.48933,-353.1658,150.26077
46.59574,-279.81757,37.866703
-86.29785,-206.46936,-74.52737
-220.8375,-137.80849,34.14454
-355.37393,-69.14925,142.81386
-94.28662,111.09865,40.163006
166.80069,291.34653,-62.487843
78.79599,308.95908,-59.849457
-9.208702,326.57162,-57.21107
80.48016,358.8024,26.327234
170.16904,391.0332,109.86554
245.32718,563.0939,147.91307
320.48532,735.15454,185.9606
237.36821,676.198,160.6169
154.25108,617.24146,135.2732
258.08615,673.8461,152.62048
361.9212,730.4508,169.96779
238.40504,787.6106,263.06717
114.88888,844.7703,356.16653
194.68797,807.387,73.55583
274.48706,770.0037,-209.05486
288.73898,862.8802,98.642494
302.99088,955.7567,406.33984
260.8026,1096.0878,197.34804
218.61435,1236.419,-11.643775
295.55942,1265.7749,172.1603
372.5045,1295.131,355.96436
400.6191,1377.435,279.02698
428.7344,1459.7411,202.08774
442.01205,1353.7566,204.84131
455.2897,1247.7722,207.59486
322.67358,1306.0913,226.94554
190.05746,1364.4103,246.2962
260.9448,1234.4597,188.12163
331.83212,1104.509,129.94704
317.08078,1029.5588,230.0985
302.32944,954.6087,330.24997
102.76347,773.2902,252.5516
-96.80248,591.9717,174.85326
91.11575,578.80286,205.10037
279.034,565.634,235.34749
150.2188,60.552162,138.30809
21.4036,-444.52966,41.26868
83.123085,-545.1207,135.68854
144.84258,-645.71173,230.1084
-67.64648,-931.38,-10.782637
-280.13553,-1217.0482,-251.67366
-194.57637,-1267.2732,-222.15027
-109.01722,-1317.4983,-192.62689
-336.6368,-1363.6265,-210.95164
-564.2564,-1409.7548,-229.27641
-456.2485,-1418.972,-259.68732
-348.24063,-1428.1895,-290.0982
-327.75333,-1172.5096,-291.30307
-307.26654,-916.83606,-292.50787
-368.4008,-1032.6229,-273.181
-429.53503,-1148.4098,-253.8541
-287.84662,-998.3763,-224.1357
-146.15817,-848.3427,-194.41728
-116.16532,-727.57947,-372.9138
-86.17247,-606.8162,-551.4103
-96.867165,-637.80676,-282.19138
-107.56185,-668.79736,-12.972453
-43.420856,-550.93677,-110.57175
20.720142,-433.07617,-208.17104
-120.26964,-438.6853,-175.59512
-261.2594,-444.29443,-143.01921
-250.3333,-374.6318,-3.7567148
-239.40718,-304.96915,135.50577
-11.500232,-284.7419,-149.02132
216.40672,-264.51468,-433.5484
-35.125797,-262.88806,-48.330524
-286.65833,-261.2614,336.88736
-234.54083,-243.36517,62.893085
-182.42334,-225.46892,-211.10118
-99.05196,-152.40218,-149.7607
-15.680587,-79.335434,-88.42022
-49.934013,8.324221,-27.193563
-84.188255,95.98596,34.03455
-74.434555,44.17397,-131.78961
-64.68086,-7.638025,-297.61377
-16.27924,227.007,-59.917175
32.122383,461.65204,177.77943
-28.682182,146.66864,44.07785
-89.48675,-168.31476,-89.623726
15.651428,53.96886,-169.13696
120.789604,276.25247,-248.6502
-11.479513,245.6817,-89.38038
-143.74863,215.11093,69.88945
-67.77374,197.5449,-2.9514077
8.201136,179.97888,-75.79227
-83.923904,105.753395,-112.62882
-176.04895,31.527906,-149.46538
73.388336,126.45866,37.823605
322.82562,221.3894,225.11258
204.98581,173.77538,51.651096
87.145996,126.16134,-121.810394
71.67679,71.2846,-37.40022
56.207584,16.407864,47.009953
113.240746,178.03423,-75.58616
170.27391,339.66058,-198.18228
-18.570406,299.0367,-35.65756
-207.41472,258.41284,126.867165
57.480328,325.75757,96.64376
322.36905,393.10068,66.42109
85.105896,324.5932,-55.91909
-152.15726,256.0857,-178.25928
-63.472145,241.36852,30.41218
25.212969,226.65134,239.08363
93.946304,153.33212,82.89388
162.67963,80.01292,-73.29587
16.558092,80.67441,17.775612
-129.56345,81.3359,108.84709
12.552657,34.545513,38.296432
154.66876,-12.244879,-32.254227
92.11075,152.07007,50.68487
29.552732,316.385,133.62396
123.90171,224.34894,117.158424
218.25069,132.31288,100.69288
117.57558,227.4477,131.91774
16.90047,322.5825,163.14261
-26.742176,170.88373,52.1396
-70.38483,19.184963,-58.86341
-61.943703,75.12479,7.976833
-53.502583,131.06462,74.81708
-2.4240227,-34.89939,57.565887
48.654537,-200.8634,40.314697
164.92368,-77.77849,26.033262
281.1956,45.309364,11.751488
126.20398,-103.593895,94.49495
-28.787632,-252.49715,177.2384
45.99013,-164.41844,68.55477
120.76789,-76.33972,-40.12886
269.83163,79.20516,61.299217
418.89542,234.75005,162.7273
89.243546,0.75090486,-1.2016754
-240.40833,-233.24823,-165.13065
-34.29446,-114.80098,-141.3871
171.8194,3.646276,-117.64356
-20.826174,-182.96266,-153.1898
-213.47174,-369.5716,-188.73605
-216.89731,-191.22232,-99.01897
-220.32288,-12.873057,-9.301886
-21.036951,-144.02956,-107.25261
178.24898,-275.18607,-205.20332
47.24864,-137.7915,-39.740273
-83.7517,-0.3969464,125.722786
-21.53354,5.621632,11.689485
40.684616,11.640211,-102.34382
58.624226,94.86277,-8.780474
76.563835,178.08533,84.78287
99.7238,209.58597,100.53476
122.88377,241.08661,116.28665
80.25414,244.42126,37.312984
37.625526,247.75584,-41.658802
157.686,439.95056,105.22269
277.7465,632.1453,252.10417
109.960815,506.68295,90.409035
-57.824863,381.22058,-71.28611
100.49211,347.03012,20.001167
258.80908,312.83963,111.288445
132.6631,289.29852,3.6102993
6.5170994,265.75745,-104.06785
164.82724,257.70126,157.33575
323.1374,249.64508,418.73935
106.30557,165.37566,120.262115
-110.526245,81.10624,-178.21513
107.88534,209.8977,59.950134
326.29694,338.68918,298.1154
189.82167,353.78842,225.93207
53.34641,368.88766,153.74873
11.838217,157.51004,-45.28893
-29.669975,-53.86758,-244.32658
104.63,38.96535,-77.23253
238.92998,131.79828,89.861534
127.36876,254.51042,187.57266
15.807552,377.22256,285.28378
118.20165,103.46792,158.59184
220.59819,-170.29324,31.896893
-45.7447,-52.887005,-25.237413
-312.08762,64.51923,-82.37172
-242.36508,-96.2811,11.507433
-172.64256,-257.08142,105.38658
-91.53784,-255.44963,-74.26716
-10.433131,-253.81783,-253.92091
28.886497,-212.09451,-85.14923
68.20612,-170.3712,83.62245
-171.41718,-437.86664,-32.714294
-411.04047,-705.3621,-149.05104
-205.2532,-476.34457,-150.02101
0.53406453,-247.32703,-150.99098
38.602062,-277.01416,-176.60628
76.67006,-306.70126,-202.22157
-170.09789,-245.26453,-96.47694
-416.86584,-183.82779,9.267703
-31.57649,-62.405735,16.892475
353.71286,59.01632,24.517246
232.95793,-13.195809,64.047844
112.20301,-85.407936,103.578445
80.794205,33.633102,93.03681
49.385406,152.67415,82.495186
90.69744,20.8554,55.394756
132.00948,-110.96334,28.294329
-73.59596,-140.25533,-32.359665
-279.1965,-169.54662,-93.012215
-66.35137,-83.91785,5.2850037
146.49376,1.7109218,103.58222
-73.843575,-149.33408,37.33308
-294.1809,-300.37906,-28.91606
-211.82019,-263.17468,-57.209003
-129.45947,-225.97032,-85.50195
-96.00424,-393.0666,-12.835098
-62.54902,-560.1629,59.831757
-90.58576,-339.57132,-128.03328
-118.622505,-118.979744,-315.89832
-133.22354,-338.16797,-99.77782
-147.82457,-557.3562,116.34267
-60.04922,-305.74908,26.976559
27.726124,-54.14197,-62.389553
-1.6709731,-45.628044,-19.70864
-31.06807,-37.114113,22.972273
-186.17851,-101.05851,35.734497
-341.28897,-165.00291,48.496716
-161.64137,85.73955,58.37244
18.006224,336.482,68.24816
33.8991,169.05531,-23.73416
49.791973,1.6286274,-115.716484
-170.5684,-61.831898,40.466915
-390.93405,-125.29394,196.65404
-178.04237,-156.65918,47.530056
34.8493,-188.02443,-101.59392
-90.47649,-189.15242,-12.007526
-215.80228,-190.28041,77.578865
-155.29994,-249.00882,48.392178
-94.797615,-307.7372,19.205488
-138.90508,-129.3786,-81.23892
-183.01253,48.980007,-181.68333
-32.651928,141.63158,64.13062
117.70868,234.28314,309.94458
282.62128,321.9319,71.53192
447.53384,409.58066,-166.88074
36.5722,179.90823,-43.009422
-374.38943,-49.76419,80.861885
-81.66477,-2.6018941,58.52449
211.05989,44.560402,36.187096
60.528202,78.698685,-57.35264
-90.003494,112.83696,-150.89236
-5.2337523,46.085373,-105.1258
79.53599,-20.666212,-59.359238
99.6621,58.819744,3.2289398
119.788216,138.3057,65.817116
173.8175,322.1454,158.2454
227.8468,505.98508,250.6737
57.310406,116.76961,86.95139
-113.22193,-272.43658,-76.76702
-118.797386,-98.12222,-165.13383
-124.37284,76.19214,-253.50064
127.53138,133.09941,70.48842
379.4356,190.00667,394.47748
158.33644,97.069565,241.32402
-62.76271,4.1324615,88.17056
84.13883,221.40096,-26.635439
231.04039,438.66943,-141.44144
225.92976,159.67392,82.0775
220.81915,-119.32158,305.59644
86.16509,17.929613,44.410713
-48.48896,155.1808,-216.77501
-93.23225,26.177176,-39.1999
-137.97554,-102.826454,138.37521
-100.855484,-133.08893,45.174393
-63.735435,-163.35141,-48.026417
-77.29049,-142.36978,-7.5407596
-90.845535,-121.388145,32.9449
-100.10273,-147.1446,-105.920074
-109.359924,-172.90106,-244.78505
-182.33353,-245.35828,-243.52933
-255.30713,-317.8155,-242.27359
-78.49779,-221.9131,-57.91057
98.31577,-126.00843,126.45685
-24.07208,-263.65427,-101.06224
-146.45993,-401.3001,-328.58133
-155.02132,-411.3723,-39.466618
-163.58269,-421.44452,249.64809
-170.77953,-356.2793,27.421782
-177.97635,-291.11407,-194.80452
-168.7522,-335.00217,-74.343346
-159.52805,-378.89026,46.117832
-96.806595,-339.57816,15.2975855
-34.08514,-300.26605,-15.522661
-81.27362,-403.4566,8.408966
-128.46211,-506.6472,32.340595
-87.45538,-375.49725,24.05707
-46.448658,-244.34734,15.773546
-121.63023,-298.9671,-101.69233
-196.81181,-353.58688,-219.1582
3.4458659,-154.04611,-4.7700267
203.70354,45.49465,209.61815
192.5319,133.15128,78.400154
181.36028,220.8079,-52.817837
242.87968,430.03464,-9.10392
304.39908,639.2614,34.609997
234.20569,637.97845,166.2881
164.01228,636.6955,297.9662
122.17438,721.2605,128.12811
80.337456,805.8235,-41.705917
179.40146,890.5065,111.95007
278.46545,975.1894,265.60608
341.9531,1203.6587,138.74425
405.44073,1432.128,11.882428
339.8425,1362.9202,121.47725
274.24426,1293.7123,231.07207
367.01004,1404.2068,255.07999
459.7758,1514.7013,279.08792
498.80905,1585.6042,310.44067
537.8423,1656.5073,341.79343
466.49313,1316.8422,357.38867
395.144,977.17706,372.9839
164.70894,798.2964,294.17926
-65.726135,619.4157,215.37463
-70.98706,282.5433,119.990395
-76.247986,-54.329086,24.606165
131.91151,-66.03977,49.43678
340.071,-77.75045,74.267395
115.889984,-607.1592,96.09321
-108.291046,-1136.5679,117.91903
-206.08089,-1179.4886,-213.98495
-303.87073,-1222.4093,-545.889
-293.03104,-1624.5409,-284.74164
-282.19107,-2026.6821,-23.58809
-405.45508,-1741.0691,-260.573
-528.71906,-1455.456,-497.55792
-448.27734,-1581.4271,-413.8325
-367.83563,-1707.3983,-330.10706
-411.32742,-1485.5822,-204.28618
-454.81924,-1263.766,-78.46531
-321.83203,-1210.6008,-268.6266
-188.84485,-1157.4357,-458.7879
-200.42151,-1150.1902,-369.47443
-211.99817,-1142.9447,-280.16098
-258.14648,-991.2378,-259.37857
-304.29477,-839.53094,-238.59619
-298.99127,-908.3477,-272.81265
-293.68774,-977.1645,-307.02914
-176.87683,-518.3746,-116.67963
-60.065918,-59.584698,73.66988
-102.16402,-92.9737,-103.32579
-144.26212,-126.3627,-280.32147
-108.66615,157.3243,-87.05751
-73.07018,441.0113,106.20644
25.335236,615.52466,157.34315
123.740654,790.038,208.47987
63.575413,992.07776,188.59782
3.4101698,1194.1174,168.71579
138.79112,1276.7864,256.9056
274.16885,1359.4532,345.09332
240.69435,1317.2145,231.9154
207.21985,1274.9756,118.7375
350.96872,1401.6355,336.22424
494.7176,1528.2954,553.711
404.73074,1513.9882,304.85825
314.74393,1499.6809,56.005478
426.0163,1603.3578,238.7715
537.2887,1707.0345,421.53754
433.7639,1567.9537,425.34317
330.2391,1428.8728,429.1488
291.30942,1235.1001,238.87518
252.37975,1041.3275,48.601536
191.89368,833.2593,185.59183
131.40761,625.19104,322.58212
21.183832,183.09872,132.6509
-89.03994,-258.99362,-57.280342
9.302534,-266.90152,-14.837048
107.64501,-274.80945,27.606247
-86.6454,-692.8227,-49.28754
-280.93582,-1110.8359,-126.18133
-343.54956,-1231.1827,-185.61996
-406.1633,-1351.5295,-245.05861
-450.26315,-1375.3217,-345.73196
-494.36404,-1399.1143,-446.4077
-483.56815,-1473.3079,-475.97607
-472.77225,-1547.5013,-505.54446
-512.63983,-1398.8766,-446.11597
-552.5074,-1250.2517,-386.68747
-514.53625,-1168.9142,-408.3163
-476.56512,-1087.5767,-429.9452
-318.69226,-959.97314,-248.13406
-160.81938,-832.3697,-66.32295
-292.92996,-844.8119,-304.03195
-425.04053,-857.2541,-541.74097
-236.47923,-546.4418,-217.89438
-47.917927,-235.62952,105.9522
11.500291,-218.67879,122.45653
70.91851,-201.72807,138.96086
-12.105983,-196.20264,1.234369
-95.13047,-190.67722,-136.49213
-124.891594,71.38612,-67.83936
-154.65273,333.44946,0.81339747
-0.43813825,420.5166,49.45593
153.77644,507.58374,98.09846
253.68118,707.0895,62.341145
353.5859,906.5952,26.583832
343.8799,1018.40424,46.032146
334.1739,1130.2133,65.48046
217.52338,1228.5846,132.73273
100.87564,1326.9535,199.98338
354.9151,1631.0001,250.62221
608.9545,1935.0468,301.26105
503.7741,1746.2079,344.34732
398.59366,1557.3689,387.4336
155.73859,1425.8817,244.9935
-87.11647,1294.3945,102.55342
20.362286,754.8102,227.57799
127.84104,215.22581,352.60257
110.644135,-80.03337,207.05194
93.44722,-375.29257,61.50131
-34.942883,-727.84686,15.811123
-163.333,-1080.4011,-29.879063
-203.43451,-1161.8265,8.71265
-243.53604,-1243.2518,47.304363
-252.85378,-1229.0148,-69.40387
-262.1715,-1214.7777,-186.1121
-261.68414,-1196.7024,-160.19702
-261.19678,-1178.6271,-134.28194
-319.85062,-1128.3876,-289.30508
-378.5045,-1078.1482,-444.32825
-379.20862,-1157.772,-290.82437
-379.91275,-1237.3959,-137.32053
-275.53622,-1030.7708,-263.78903
-171.1572,-824.1406,-390.26056
-244.02568,-793.5137,-159.17221
-316.89417,-762.88666,71.916145
9.693074,-530.4002,32.11903
336.28033,-297.91382,-7.678086
46.539955,-435.6227,-138.29224
-243.20042,-573.3316,-268.90637
-33.0501,-322.72772,-38.261024
177.10022,-72.1238,192.38432
120.85688,-0.6549506,-73.62536
64.61354,70.813896,-339.63504
-1.3126552,163.21927,-99.70531
-67.23885,255.62463,140.22443
178.35501,428.5288,75.19562
423.94885,601.433,10.166804
219.75203,733.8589,4.7836995
15.555204,866.28485,-0.599405
297.23358,1066.6816,161.26273
578.912,1267.0785,323.12488
454.09726,1515.7802,164.82022
329.28256,1764.4818,6.5155687
347.06226,1738.6621,168.11406
364.84195,1712.8424,329.71255
304.75647,1630.9801,322.7609
244.67099,1549.1178,315.80923
319.21887,1450.9854,434.82306
393.76498,1352.8552,553.83405
316.90237,1208.0377,255.28255
240.03975,1063.2203,-43.26898
316.68585,869.1352,126.048096
393.3319,675.05005,295.36517
269.36597,586.9863,210.4553
145.40002,498.9226,125.54545
30.168364,87.0805,79.79209
-85.06331,-324.7616,34.038727
76.76536,-383.2211,11.309488
238.59402,-441.68057,-11.419752
-26.699745,-642.08167,-180.762
-291.99353,-842.4828,-350.10425
-184.09244,-853.0896,-121.18799
-76.19135,-863.6964,107.728264
-247.26555,-952.6817,-16.711227
-418.33975,-1041.667,-141.15071
-486.03107,-960.5937,-203.04768
-553.72235,-879.5204,-264.94464
-397.62903,-645.3379,-244.88477
-241.53566,-411.15543,-224.82487
-38.2099,-434.71597,-13.372286
165.11586,-458.27652,198.0803
-169.84343,-398.361,-74.6188
-504.8107,-338.44403,-347.3244
-285.56403,-416.27536,-287.7169
-66.31737,-494.10672,-228.10936
-32.339222,-329.85974,6.290014
1.6389261,-165.61276,240.68938
-126.110344,-319.91525,50.87616
-253.85962,-474.21777,-138.93706
-100.7817,-325.65533,-116.96365
52.29621,-177.09293,-94.99024
-94.73144,-238.21196,-48.227215
-241.75908,-299.331,-1.4641901
-117.81201,-329.64117,11.098229
6.135051,-359.95135,23.660648
-55.350464,-282.92615,11.035643
-116.83598,-205.90094,-1.5893624
-20.651426,-312.97638,-50.888096
75.53313,-420.0518,-100.18683
-2.004144,-447.62372,-21.143572
-79.54141,-475.19565,57.89969
-93.18902,-430.61298,-84.19479
-106.836624,-386.0303,-226.28928
-29.4778,-417.58923,-96.99399
47.88102,-449.14816,32.301304
-63.130196,-583.08887,-6.477147
-174.1414,-717.02954,-45.2556
-195.3905,-518.5279,-135.56409
-216.63908,-320.03104,-225.87044
0.51948875,-348.70627,-41.153194
217.67805,-377.38153,143.56404
-48.100056,-340.79056,58.867054
-313.87817,-304.1996,-25.82994
-89.93033,-259.357,-35.87821
134.01752,-214.51443,-45.926476
110.85868,-246.39738,-23.263126
87.69985,-278.28033,-0.59977585
-68.89744,-190.33383,-87.1587
-225.49472,-102.38733,-173.71762
-92.36136,-108.030106,-36.426373
40.77201,-113.67288,100.864876
128.80896,-29.80532,-136.41296
216.8459,54.06224,-373.6908
321.4537,331.04404,-171.44481
426.0615,608.0258,30.80118
123.88573,421.70663,-46.3203
-178.29004,235.38747,-123.44178
257.86926,676.80664,30.689842
694.02856,1118.2258,184.82147
589.6093,1203.8469,114.32841
485.19003,1289.468,43.83535
382.2321,1232.1411,141.83034
279.27167,1174.8129,239.82767
353.75592,1491.2373,383.90842
428.2402,1807.6617,527.98914
574.09845,1690.3658,489.71564
719.9567,1573.0698,451.44214
511.56186,1461.3893,365.32657
303.16702,1349.7086,279.21103
111.333694,730.7961,183.7165
-80.499626,111.88356,88.22198
214.50154,-155.23518,73.27696
509.50272,-422.35394,58.33194
94.586525,-832.1901,-79.65167
-320.32965,-1242.0264,-217.63528
-210.928,-1288.036,-142.74591
-101.52632,-1334.0458,-67.85653
-216.06613,-1404.061,-213.16997
-330.60593,-1474.0762,-358.4834
-310.32306,-1417.7672,-341.0521
-290.0402,-1361.4581,-323.6208
-311.6376,-1283.3221,-305.46417
-333.235,-1205.186,-287.30753
-144.3807,-997.0557,-201.90807
44.47357,-788.9254,-116.5086
10.137625,-526.9958,-156.31715
-24.198322,-265.06622,-196.12572
-108.85452,-180.43686,-154.06862
-193.50871,-95.8095,-112.01252
26.394318,369.96024,-61.498875
246.29735,835.73,-10.98523
214.13643,1057.0665,45.08923
181.97552,1278.403,101.16369
269.6147,1431.145,245.40207
357.25385,1583.887,389.64044
320.0289,1652.2245,190.63019
282.804,1720.562,-8.380065
189.01677,1652.9978,131.9252
95.22956,1585.4336,272.23047
86.65238,1515.7688,303.89163
78.0752,1446.104,335.5528
186.95946,1368.4436,323.08176
295.84372,1290.7831,310.61072
149.42262,550.5617,312.98288
3.0015523,-189.65967,315.35504
35.99065,-342.61572,102.509544
68.97975,-495.57178,-110.33594
-178.9143,-775.4553,-160.98198
-426.80835,-1055.3389,-211.62802
-403.36823,-1245.2794,-188.65672
-379.92807,-1435.22,-165.68542
-393.40323,-1208.7302,-171.66132
-406.8787,-982.23505,-177.63736
-444.47192,-978.6769,-216.10233
-482.06516,-975.1188,-254.5673
-403.92673,-842.2268,-130.03981
-325.78827,-709.3348,-5.5123262
-367.51678,-708.72504,-30.49147
-409.2453,-708.1153,-55.47061
-354.39062,-751.3039,-202.44138
-299.53592,-794.4925,-349.41214
-343.60223,-685.4031,-270.8423
-387.66852,-576.31366,-192.27243
-239.1177,-484.2835,-149.60466
-90.566895,-392.2534,-106.936874
-137.32574,-413.54666,-126.08895
-184.0846,-434.83997,-145.24103
-198.05373,-331.66266,14.886222
-212.02287,-228.48535,175.01347
-204.08018,-299.99612,-51.47238
-196.13751,-371.5069,-277.95825
-108.63816,-259.82416,-11.445766
-21.138813,-148.14142,255.06671
24.079477,-306.8473,179.18886
69.29777,-465.5532,103.31102
-72.09442,-391.69232,68.14607
-213.48662,-317.83145,32.981125
-5.31218,-19.907703,130.11995
202.85728,278.00894,227.25645
93.269806,70.50409,169.2717
-16.317682,-137.00076,111.28692
-12.990987,77.08752,25.739117
-9.664292,291.1758,-59.80869
89.74511,192.86575,53.627827
189.15451,94.5557,167.06435
43.309383,135.83992,74.52498
-102.535736,177.12415,-18.014378
125.01939,304.47385,61.002815
352.57452,431.82352,140.02
110.67359,254.18214,81.61768
-131.22733,76.54076,23.215363
120.0458,144.32115,41.90893
371.3189,212.10155,60.6025
85.382,297.6884,61.399647
-200.5549,383.2752,62.196793
-25.596893,422.5218,52.598232
149.36111,461.76834,42.999676
319.8093,466.9845,-18.999577
490.25745,472.20065,-80.998825
199.77274,600.6404,78.09247
-90.71198,729.0801,237.18376
155.41797,686.4303,148.85196
401.55377,643.7795,60.518063
60.8321,631.1478,-63.762993
-279.8896,618.51624,-188.04405
51.5479,841.4275,114.6956
382.98538,1064.3387,417.43524
308.58322,1053.7207,282.6554
234.18103,1043.1025,147.87552
247.41862,1037.7675,213.01486
260.65622,1032.4325,278.1542
267.98184,1070.0647,154.12402
275.3075,1107.697,30.093828
194.13736,965.3501,107.28197
112.967224,823.0032,184.47011
76.69069,830.1057,156.24637
40.414158,837.2082,128.02264
-2.5962782,658.5772,182.73918
-45.606712,479.94626,237.4557
-82.48379,300.8091,118.445175
-119.36087,121.67195,-0.5653662
-49.23376,-121.3003,76.51189
20.893347,-364.27255,153.58914
-46.59757,-700.41656,-72.94185
-114.088486,-1036.5607,-299.47284
-358.80823,-1209.1603,-258.30603
-603.52795,-1381.7599,-217.13927
-276.05923,-1236.4862,-152.95117
51.401688,-1091.216,-88.76462
-203.50183,-1101.102,-254.70953
-458.40533,-1110.9882,-420.65445
-228.19833,-1102.4159,-268.35696
2.008678,-1093.8435,-116.059456
-80.16905,-911.559,-144.61565
-162.34679,-729.27454,-173.17184
-299.88214,-792.3999,-295.6498
-437.4175,-855.52527,-418.12778
-108.76023,-598.5757,-243.06688
219.89703,-341.6261,-68.00598
-69.18126,-473.52975,-132.41592
-358.25955,-605.4334,-196.82585
-219.9851,-392.54944,-204.19086
-81.71066,-179.66548,-211.55586
18.519842,-156.80058,-55.339645
118.75035,-133.93568,100.876564
99.54923,140.63455,49.72376
80.348114,415.2048,-1.4290506
106.32391,395.20547,9.6022005
132.29971,375.20618,20.633451
92.54956,341.33435,20.899593
52.799408,307.46252,21.165735
1.9100955,518.86774,143.71167
-48.98043,730.27795,266.26053
191.06697,472.06332,97.626144
431.11438,213.84868,-71.00825
283.66122,484.0502,126.198875
136.20807,754.2517,323.40598
50.793354,583.34576,203.96194
-34.62136,412.4398,84.517914
99.521065,453.33798,115.91119
233.6635,494.2362,147.30446
119.86839,371.28812,72.50536
6.073286,248.34006,-2.29373
-21.664793,60.34639,-62.82594
-49.40287,-127.64727,-123.35815
-81.59427,-107.41153,-11.166311
-113.78566,-87.17579,101.02552
-19.437435,-20.938942,35.90034
74.91079,45.29791,-29.224846
104.29504,42.312004,-19.207993
133.67928,39.326096,-9.191137
4.5931444,17.393976,-51.572987
-124.49299,-4.538144,-93.954834
-44.060005,-20.642094,30.726152
36.37298,-36.746044,155.40714
56.813892,-21.74761,16.113537
77.25481,-6.749174,-123.18007
104.69049,-134.37183,-54.985416
132.12552,-261.99146,13.20761
8.034794,-247.94258,-8.647589
-116.05593,-233.89369,-30.502789
-48.198692,-325.36182,14.559004
19.65855,-416.82993,59.620796
32.437542,-249.96907,105.56454
45.216534,-83.10821,151.50827
110.38995,-177.5387,16.79315
175.56337,-271.96918,-117.921974
-51.401276,-244.28235,-120.840866
-278.3659,-216.59549,-123.759766
-193.50134,-207.35562,-123.92215
-108.63678,-198.11575,-124.08453
-33.965412,-288.85864,-101.5173
40.70595,-379.6015,-78.950066
-0.32680494,-167.83315,-55.166756
-41.359562,43.935223,-31.383442
-12.102519,-224.26294,-56.887386
17.154524,-492.4611,-82.391335
-158.30112,-348.07513,-277.67468
-333.75677,-203.68916,-472.958
-13.919349,-132.63684,-103.49465
305.91806,-61.584507,265.9687
130.56262,-39.757095,73.72477
-44.797,-17.92916,-118.52375
72.15836,-100.70202,-119.92819
189.11374,-183.47488,-121.332634
26.380133,-333.71027,-44.339443
-136.35347,-483.94565,32.653748
-150.28223,-590.4752,-79.89176
-164.21098,-697.0048,-192.43727
-177.83362,-681.10455,-244.44626
-191.45625,-665.20435,-296.45526
-284.75198,-756.5734,-258.83252
-378.04776,-847.94257,-221.2098
-182.46889,-595.694,-34.334686
13.109961,-343.44537,152.54042
-163.36157,-466.11057,-200.69067
-339.8331,-588.77576,-553.92175
-194.25623,-412.31793,-76.101364
-48.679344,-235.86012,401.71902
-87.43425,-287.68738,141.25998
-126.18915,-339.51465,-119.19909
-72.139084,-333.4897,-36.767925
-18.089014,-327.4647,45.663246
-62.08571,-145.4122,18.650333
-106.082405,36.6403,-8.362579
64.52907,96.92109,-26.154839
235.14055,157.20187,-43.947098
150.51277,249.91641,172.64684
65.887024,342.62875,389.2356
56.1656,416.45865,207.3631
46.444176,490.2885,25.490595
89.259544,627.37604,121.78741
132.07492,764.4635,218.08421
91.047905,687.886,37.164745
50.020897,611.3084,-143.75471
104.26136,681.5642,69.21215
158.50182,751.82,282.17902
25.608604,622.82355,65.6269
-107.28461,493.8271,-150.92522
6.279747,623.4109,-13.408376
119.8441,752.9947,124.10847
-39.54526,600.41266,101.27712
-198.93462,447.83066,78.44577
-13.687597,444.76242,14.843675
171.55943,441.69418,-48.758423
153.53293,497.7527,84.439606
135.50644,553.81116,217.63763
201.28741,428.54892,206.19717
267.0684,303.28665,194.75671
142.71912,334.7004,69.724174
18.36985,366.11414,-55.308365
100.931496,328.65228,-2.9014533
183.4951,291.18954,49.50671
203.49396,206.758,17.379837
223.49283,122.326454,-14.747035
-14.564065,-42.697273,-68.8835
-252.62096,-207.721,-123.01996
-188.73306,-136.97055,-25.13833
-124.845184,-66.2201,72.7433
-49.004875,-66.82287,-119.82328
26.83543,-67.425644,-312.38986
27.646784,87.49984,-80.36178
28.458138,242.42532,151.66629
-79.735634,37.261127,-110.15659
-187.9294,-167.90306,-371.9795
-113.599464,-57.778763,-99.58655
-39.269527,52.34553,172.80638
65.120575,171.13339,109.4913
169.51068,289.92123,46.176228
201.99777,323.73676,-38.268814
234.48488,357.55225,-122.71385
168.59238,537.7287,31.7869
102.69987,717.90515,186.28766
158.43025,619.22296,80.807274
214.16064,520.54083,-24.673103
295.99323,803.70844,170.93109
377.8258,1086.876,366.5353
263.71042,834.0104,273.27206
149.59775,581.1508,180.01105
166.45688,999.77563,203.90634
183.31601,1418.4005,227.80164
303.03848,1137.9138,131.85095
422.76096,857.4271,35.90026
415.70422,813.10376,249.57619
408.6475,768.78033,463.2521
222.62915,636.27765,381.00018
36.61082,503.77496,298.74826
81.41243,231.6608,251.9783
126.21404,-40.453358,205.20837
118.0945,-75.663475,150.29428
109.97496,-110.87359,95.38018
-84.81837,-559.6727,-6.8289914
-279.6117,-1008.4718,-109.03816
-199.33115,-1025.8107,-110.7023
-119.0506,-1043.1495,-112.36644
-211.43372,-1134.8854,-93.140785
-303.81683,-1226.6211,-73.91514
-253.57655,-1218.9818,-90.44385
-203.33626,-1211.3424,-106.97256
-306.6557,-1122.9113,-217.38602
-409.97513,-1034.4802,-327.79947
-255.50563,-998.1978,-166.21143
-101.03243,-961.9146,-4.619531
-243.88557,-954.5864,-5.61846
-386.7387,-947.2582,-6.617389
-346.9979,-933.0668,-152.78365
-307.25705,-918.87537,-298.9499
-207.46881,-752.8869,-153.34947
-107.680565,-586.89844,-7.749034
-172.85883,-614.0752,-32.432903
-238.0371,-641.2519,-57.116776
-109.170784,-572.46826,-183.62195
19.695524,-503.6846,-310.1271
-26.365587,-437.24057,-148.97568
-72.4267,-370.79657,12.175755
-82.37686,-437.42828,-92.02073
-92.32702,-504.06,-196.21721
-171.11835,-420.44684,-201.74876
-249.90967,-336.83368,-207.28032
-124.48002,-402.6016,-123.11601
0.9496423,-468.36948,-38.95171
10.677461,-145.09657,51.455265
20.40528,178.17635,141.86224
143.01422,43.943615,69.564156
265.62317,-90.28912,-2.7339287
247.68704,118.93521,212.3081
229.75092,328.15955,427.35013
158.32166,350.79306,163.2577
86.89412,373.42606,-100.82843
81.50364,257.89328,-93.03776
76.11317,142.36049,-85.24708
43.27498,268.552,12.928013
10.436791,394.74353,111.1031
120.15503,261.51538,179.16545
229.87326,128.28725,247.22781
89.641685,202.46333,84.67138
-50.58988,276.6394,-77.885056
85.21064,274.5133,72.91994
221.01115,272.38718,223.72493
69.814476,82.72461,229.35773
-81.3822,-106.93795,234.99054
-9.61393,15.108604,33.901505
62.154346,137.15517,-167.18753
9.845421,61.646534,36.437828
-42.463505,-13.862096,240.06319
24.106735,-33.69459,141.33008
90.67697,-53.527084,42.596962
-24.41833,-112.45191,56.92273
-139.51363,-171.37674,71.2485
-123.31738,-165.15388,-51.458588
-107.12113,-158.93103,-174.16566
-131.16733,-114.80562,-45.00064
-155.2141,-70.67915,84.167465
-95.52377,-26.879395,-15.881916
-35.83344,16.920366,-115.9313
-13.913934,-56.825176,-58.78166
8.005573,-130.57071,-1.6320127
-72.84505,42.924377,-47.3634
-153.69566,216.41948,-93.09479
64.68885,163.93965,44.217274
283.07336,111.459816,181.52934
93.69741,235.277,107.808716
-95.67855,359.09418,34.088097
-1.3168658,605.95135,69.75116
93.044815,852.80853,105.41422
110.635155,725.8952,-71.130585
128.2255,598.9819,-247.6754
112.52715,751.4095,46.978004
96.828804,903.8371,341.6314
-41.68539,820.62537,183.38626
-180.19958,737.41364,25.141127
61.93717,903.4827,85.88964
304.0739,1069.5518,146.63815
119.323845,1035.713,142.7569
-65.42623,1001.87415,138.87563
158.38873,1203.8157,136.72539
382.2037,1405.7572,134.57513
297.51587,1285.0265,158.00003
212.83006,1164.2987,181.42438
120.049484,1222.295,290.74704
27.268904,1280.2914,400.06973
159.77794,1155.2549,315.58548
292.287,1030.2184,231.10124
162.94867,478.75128,56.57323
33.61036,-72.7158,-117.95478
6.770567,-153.1048,-36.284874
-20.069227,-233.4938,45.38503
77.92367,-691.81866,-153.00897
175.91656,-1150.1434,-351.40298
-85.92888,-1144.3679,-246.61086
-347.77432,-1138.5924,-141.81871
-260.62476,-1354.5702,-395.56485
-173.4752,-1570.5481,-649.311
-348.97678,-1539.9808,-435.78033
-524.47833,-1509.4135,-222.2497
-331.74197,-1472.3254,-405.078
-139.0056,-1435.2373,-587.9063
-189.10318,-1372.9685,-373.17773
-239.20078,-1310.6996,-158.44914
-213.17091,-1306.9116,-482.6968
-187.14105,-1303.1238,-806.94446
-260.99326,-1364.8073,-603.14795
-334.84723,-1426.4923,-399.34653
-420.56186,-1331.972,-421.4146
-506.2765,-1237.4518,-443.4827
-152.79344,-1153.3851,-378.2698
200.6896,-1069.3185,-313.05695
-12.539228,-816.7123,-216.86467
-225.76807,-564.10614,-120.6724
-37.6034,-470.8467,-40.26711
150.56126,-377.58728,40.138187
127.22757,-333.97687,86.50681
103.89388,-290.3665,132.87543
-27.8336,-328.1517,-30.04063
-159.56108,-365.93692,-192.9567
-104.58023,-324.82074,-34.906925
-49.59938,-283.70456,123.142845
104.19452,-251.35013,-41.58869
257.98843,-218.99567,-206.32022
31.200052,-28.533405,-52.575314
-195.58832,161.92886,101.1696
60.64006,165.88414,129.65166
316.86844,169.83943,158.13371
274.2023,314.66547,71.10953
231.5362,459.49152,-15.914659
216.04472,463.03665,72.30177
200.55325,466.58182,160.5182
179.77853,554.14764,102.71105
159.00432,641.71136,44.905273
290.46173,695.53265,77.801834
421.91916,749.3539,110.698395
297.59317,855.0892,215.51091
173.26721,960.8244,320.32343
152.60976,918.0352,154.74701
131.9523,875.246,-10.829405
150.38719,954.38464,8.381598
168.82207,1033.5233,27.592602
102.75259,1025.9246,157.25388
36.683105,1018.326,286.91513
139.4961,1094.7003,269.6751
242.30908,1171.0746,252.43504
170.37497,1135.9998,176.91913
98.44085,1100.9248,101.4032
184.11098,1084.8406,249.70947
269.78113,1068.7563,398.01575
118.886154,956.4661,223.71451
-32.008812,844.17596,49.413265
87.84348,816.3566,177.04701
207.69579,788.5373,304.68076
160.59259,704.75433,254.76523
113.4894,620.9713,204.8497
-161.77977,248.20424,127.37578
-437.05548,-124.57176,49.900017
-176.2095,127.58363,25.834679
84.636475,379.739,1.7693394
1.4019154,129.70613,38.57052
-81.83264,-120.32677,75.3717
-231.83234,-82.67786,137.98923
-381.83203,-45.028946,200.60675
-289.7633,35.667088,8.481615
-197.6946,116.36312,-183.64352
7.300469,148.96944,-48.577038
212.29553,181.57574,86.48944
-35.907684,-1.551847,96.18001
-284.1109,-184.67944,105.87058
-300.12637,-291.68808,-95.88314
-316.14188,-398.6967,-297.63687
-190.56502,-387.21594,-122.4006
-64.988144,-375.73517,52.835663
-159.38814,-447.3557,-28.994598
-253.78813,-518.97626,-110.82486
-297.2084,-744.7332,-148.76721
-340.6287,-970.49023,-186.70956
-630.0783,-1053.8402,-193.79626
-919.528,-1137.1903,-200.88297
-518.9619,-944.4836,-144.12744
-118.395836,-751.7769,-87.37193
-82.708534,-724.74646,-68.76813
-47.02207,-697.7167,-50.164764
-227.5676,-746.4897,-36.193653
-408.1131,-795.2627,-22.222544
-461.2143,-796.8691,-58.85633
-514.3155,-798.47546,-95.49011
-108.260216,-569.3526,-57.194782
297.79504,-340.22968,-18.899446
-5.750753,-503.23102,-26.634535
-309.29654,-666.23236,-34.369625
-205.18504,-566.6398,-77.08861
-101.07355,-467.0472,-119.807594
3.4651165,-288.5787,69.540726
108.00378,-110.110214,258.88907
-1.2509229,-210.43251,154.85425
-110.50562,-310.7548,50.81943
46.72816,-96.50069,-31.557804
203.96194,117.75342,-113.93504
153.96147,191.46704,77.8779
103.96098,265.18066,269.69086
-1.5059054,292.73114,110.72023
-106.97279,320.28165,-48.25039
26.353449,391.519,55.512466
159.67969,462.75638,159.27531
377.04654,709.9814,270.77408
594.4186,957.2122,382.27545
198.05922,857.6646,274.99512
-198.30014,758.117,167.71478
145.81001,829.93494,231.60625
489.92017,901.75287,295.4977
291.17145,974.47174,246.9813
92.42276,1047.1906,198.46486
191.96022,830.23444,143.43176
291.49768,613.27826,88.398674
257.43726,674.4628,205.21498
223.37686,735.6474,322.03128
174.80614,407.19604,184.53987
126.23542,78.74468,47.048466
160.21611,20.816525,23.571312
194.19681,-37.111633,0.09415859
-25.728754,-103.88648,60.93927
-245.65431,-170.66133,121.784386
-45.452126,-284.6508,6.252812
154.75006,-398.64023,-109.27876
19.61451,-333.18903,-28.38905
-115.52104,-267.73785,52.50066
-48.457424,-350.15463,-41.889637
18.60619,-432.57138,-136.27994
-224.58855,-427.12146,-143.64607
-467.7833,-421.67154,-151.01222
-148.17522,-305.5723,-145.03853
171.42522,-189.47585,-139.06499
138.90189,-167.40633,-77.92056
106.37855,-145.33682,-16.776136
-105.69331,-190.93996,-60.616173
-317.76517,-236.54309,-104.45621
-100.304184,-326.43646,-133.9251
117.15681,-416.32986,-163.39398
-69.259384,-280.5997,-125.12379
-255.67557,-144.86955,-86.853584
-120.86745,-236.06691,-197.46014
13.940683,-327.26425,-308.06668
43.08445,-178.40794,-246.64473
72.22822,-29.551615,-185.22275
-45.1756,-41.135918,40.65522
-162.57942,-52.720222,266.5332
-33.911522,-79.2242,-24.692177
94.75637,-105.728165,-315.91754
212.61499,29.37714,-173.2998
330.4736,164.48245,-30.68206
198.13115,13.728753,-3.2660005
65.788704,-137.02493,24.150059
70.33352,-120.10481,-67.67063
74.87834,-103.184685,-159.49132
70.88175,-196.5492,-170.07497
66.88507,-289.91592,-180.65889
-95.59,-169.50952,-109.519165
-258.06506,-49.103127,-38.379448
49.543774,-135.34573,-11.015259
357.1526,-221.58835,16.348928
53.90784,-270.87933,-45.052406
-249.33691,-320.17035,-106.45374
-137.87395,-389.88126,-61.10529
-26.41098,-459.59216,-15.756836
-66.17475,-537.5529,-58.137203
-105.93853,-615.5136,-100.51757
3.1451778,-467.99893,31.400444
112.22888,-320.48422,163.31847
-6.2604885,-435.20865,39.563663
-124.74986,-549.9331,-84.19114
-101.230095,-522.5521,-218.08896
-77.710335,-495.1712,-351.9868
-84.0929,-374.78214,-206.98668
-90.475464,-254.39308,-61.98659
-82.161736,-176.04144,-31.527796
-73.848,-97.689804,-1.0690004
134.26796,-122.885086,33.92338
342.3839,-148.08037,68.915764
-45.592396,-241.30838,-61.479282
-433.5687,-334.5364,-191.87433
-107.029076,-309.75793,-88.073425
219.50276,-284.98004,15.725005
80.65865,-98.6274,52.307217
-58.185463,87.72525,88.88943
99.69908,232.74,137.8425
257.58362,377.75476,186.79556
105.79687,372.01193,-15.799516
-45.989887,366.26913,-218.39459
-17.358543,522.814,-120.96147
11.2728,679.35895,-23.52835
188.90295,922.1767,42.01292
366.5331,1164.9944,107.55419
255.72908,900.4823,114.78572
144.92503,635.9701,122.01725
169.73051,833.4184,119.01381
194.53598,1030.8667,116.01037
179.46889,854.95636,100.33352
164.4018,679.046,84.65666
182.45679,569.8558,161.3533
200.5118,460.6655,238.04994
327.65875,729.6824,276.6485
454.8057,998.6993,315.24707
266.48346,640.826,129.25177
78.161224,282.95267,-56.743526
8.278624,324.51282,-63.34898
-61.60564,366.074,-69.95459
60.838696,351.3305,64.80481
183.28304,336.58704,199.56421
155.43423,344.7541,28.161184
127.58545,352.92117,-143.24185
40.311714,255.6716,86.1606
-46.962017,158.42206,315.56305
55.696465,241.89124,48.23173
158.35495,325.3604,-219.09958
171.29317,119.15303,-17.210382
184.23138,-87.05436,184.67882
-40.21381,-139.35243,-4.7599263
-264.659,-191.6505,-194.19867
-82.156494,-224.45268,-173.01083
100.34601,-257.25485,-151.82298
0.630379,-407.45294,-122.043495
-99.08525,-557.651,-92.264
-48.679634,-447.59796,-62.41287
1.7259855,-337.54486,-32.561737
-58.403294,-507.54187,-158.14511
-118.53257,-677.5389,-283.7285
-92.84642,-569.32697,-269.73605
-67.16027,-461.1151,-255.74359
-115.29868,-401.37152,-84.14253
-163.4371,-341.62793,87.45852
-176.02676,-347.9708,36.21886
-188.61612,-354.3135,-15.019576
-33.767593,-125.31466,-47.540195
121.08093,103.68417,-80.060814
34.767765,16.980904,-1.8026011
-51.545403,-69.722374,76.45561
-10.617129,38.838448,96.053314
30.311146,147.39926,115.65101
-82.11532,90.1883,-27.8544
-194.54178,32.977337,-171.35982
-125.413376,116.95056,-44.913406
-56.28497,200.92378,81.533005
-44.681484,58.5259,32.487568
-33.077995,-83.87199,-16.55787
-4.069856,-113.704155,116.46038
24.938282,-143.53633,249.47864
39.78427,-141.36298,-0.8901805
54.63026,-139.18964,-251.25899
48.245564,-120.05801,-179.96873
41.860867,-100.92639,-108.67849
-37.326538,-246.86581,17.323359
-116.51395,-392.80524,143.32521
-80.57596,-257.8215,-7.9010353
-44.637974,-122.83776,-159.12727
-93.639656,-189.40732,-122.51743
-142.64252,-255.97845,-85.906715
-136.13977,-194.55219,-43.388763
-129.63704,-133.12592,-0.8708093
-101.17038,40.86912,-37.86552
-72.70372,214.86415,-74.86023
108.196686,21.009964,123.71586
289.09708,-172.84422,322.29196
82.90159,-82.9642,125.51699
-123.293915,6.9158263,-71.25797
-78.621155,-184.8813,76.68183
-33.948395,-376.67844,224.62163
118.05306,-307.04706,117.328735
270.0545,-237.41566,10.035845
84.84061,-230.22203,-36.447716
-100.37331,-223.0284,-82.93128
-90.353516,-203.60745,-83.56718
-80.333725,-184.18652,-84.20308
-98.13124,-246.84416,-86.94782
-115.92875,-309.5018,-89.692566
-118.585175,-213.51576,-119.99219
-121.24159,-117.52972,-150.29181
-103.7853,-222.14943,-167.57869
-86.32901,-326.76917,-184.86557
48.72284,-90.7183,-18.056917
183.77469,145.33255,148.75174
32.407078,-11.153344,-35.252335
-118.956924,-167.63551,-219.25201
-181.25294,-146.84929,-57.964436
-243.54898,-126.06307,103.32314
-121.77964,38.806755,44.504135
-0.010309313,203.67659,-14.3148775
149.83134,217.44522,73.3635
299.673,231.21387,161.04189
56.594593,290.18225,117.81516
-186.48383,349.15063,74.58845
-50.481716,274.0909,44.543755
85.52039,199.03119,14.499061
15.600743,234.18192,61.713776
-54.31891,269.33264,108.92849
14.837922,326.39883,-28.026417
83.99475,383.46503,-164.98132
161.22313,573.11206,16.96259
238.4515,762.7591,198.9065
191.735,882.0925,126.815216
145.01848,1001.426,54.723938
200.32065,1130.4603,53.15631
255.62282,1259.4948,51.588684
328.38116,1292.6205,227.09128
401.13953,1325.7462,402.59387
471.25546,1447.702,302.19455
541.37305,1569.6608,201.79282
505.70184,1358.022,276.4858
470.03067,1146.3833,351.1788
261.36993,1129.051,269.9269
52.7092,1111.7188,188.67505
249.31004,952.441,204.90634
445.9109,793.16327,221.13762
208.4892,528.0607,205.25021
-28.932493,262.9582,189.3628
42.31292,200.56108,213.22797
113.558334,138.16399,237.09315
76.64358,-182.54378,130.0573
39.72882,-503.25153,23.021446
-152.67984,-744.78345,-79.08717
-345.0885,-986.31537,-181.1958
-283.31744,-1054.628,-151.55228
-221.54637,-1122.9407,-121.90877
-339.89737,-1230.8839,-95.17792
-458.24835,-1338.827,-68.447075
-356.9859,-1245.612,-158.27838
-255.72342,-1152.3971,-248.1097
-444.0678,-1076.0853,-271.13412
-632.41223,-999.7735,-294.15854
-306.53604,-893.78394,-208.48209
19.340132,-787.7944,-122.805626
-319.19385,-784.9216,-147.00726
-657.7197,-782.0489,-171.20831
-460.73886,-691.981,-236.34148
-263.758,-601.91315,-301.47464
-189.80496,-618.24506,-183.06952
-115.85195,-634.57697,-64.66439
-325.42477,-724.81824,-163.72624
-534.99756,-815.0595,-262.7881
-286.0583,-612.6363,-182.79935
-37.118977,-410.21307,-102.81061
-214.09456,-514.9708,-159.23204
-391.07016,-619.7286,-215.65347
-318.354,-525.4402,-162.42467
-245.63786,-431.15176,-109.19585
-67.09284,-330.0264,90.26019
111.45219,-228.90103,289.71622
-103.01364,-292.59506,-27.517193
-317.47946,-356.2891,-344.7506
-207.27968,-278.91702,-79.58936
-97.079895,-201.5449,185.57188
58.976715,-181.68628,57.214695
215.03333,-161.82765,-71.1425
48.64576,-232.03221,-27.429361
-117.741806,-302.2368,16.28378
-98.875,-275.52643,76.15398
-80.00775,-248.81546,136.0256
-16.185696,-271.18024,98.13699
47.636364,-293.545,60.248386
-49.380684,-134.9444,27.17479
-146.39774,23.656208,-5.8988094
-134.54128,-140.2114,16.409784
-122.68482,-304.079,38.718376
10.266479,-131.82915,25.472363
143.21777,40.42069,12.226347
107.99018,-26.611046,-18.013191
72.76259,-93.642784,-48.252728
-22.92073,-120.84359,-41.424664
-118.60404,-148.04439,-34.596596
48.475174,-11.2925825,19.362297
215.5544,125.45923,73.32119
110.10978,247.78809,82.974144
4.665171,370.11694,92.6271
139.90108,461.13083,64.03219
275.137,552.1447,35.43728
236.74155,600.40906,173.64265
198.3461,648.6734,311.84802
255.984,787.68756,150.88696
313.6219,926.70166,-10.074082
314.42755,1004.87665,167.81287
315.2332,1083.0516,345.69983
354.3054,1103.6879,239.92647
393.37665,1124.3237,134.15564
350.77188,1044.093,90.19452
308.1671,963.86237,46.233406
178.40237,1169.3024,71.03402
48.63763,1374.7424,95.83464
345.6936,1279.249,180.33359
642.7496,1183.7556,264.83252
415.07037,1316.0726,215.94977
187.39114,1448.3898,167.06703
234.87856,1301.6005,178.70003
282.36594,1154.8113,190.33302
153.88342,950.84076,78.85662
25.400898,746.87036,-32.619797
125.78516,536.00903,87.15235
226.16942,325.14774,206.9245
168.2377,222.0921,178.78978
110.30599,119.03648,150.65506
123.35738,66.931496,93.442856
136.40878,14.826506,36.230648
84.72537,-133.20277,87.75478
33.041958,-281.23206,139.27892
-127.60461,-383.55493,9.341778
-288.2512,-485.8778,-120.59537
-243.58586,-696.8269,9.300857
-198.9195,-907.781,139.20018
-261.14548,-948.1287,-119.77131
-323.37146,-988.47644,-378.7428
-296.66312,-1080.3875,-215.77928
-269.95477,-1172.2985,-52.81578
-244.95209,-992.81805,-25.597
-219.94942,-813.33765,1.6217794
-278.25848,-877.88513,-147.06836
-336.56754,-942.4326,-295.7585
-261.26108,-1022.8064,-169.00763
-185.95464,-1103.1802,-42.256744
-356.07062,-1008.058,-110.6979
-526.18665,-912.9357,-179.13905
-378.22372,-1021.36993,-286.88535
-230.26083,-1129.8042,-394.63165
-241.17532,-1065.7194,-358.26926
-252.08981,-1001.6344,-321.90686
-245.29944,-817.828,-257.48584
-238.50906,-634.02167,-193.0648
-98.90121,-651.6767,-203.09862
40.706642,-669.3318,-213.13243
-171.23279,-533.5371,-295.10263
-383.17224,-397.74243,-377.07285
-189.50421,-373.51242,-178.43076
4.1638155,-349.28244,20.211325
16.112446,-187.57379,-162.95981
28.060793,-25.869022,-346.1266
143.47133,98.38892,83.48946
258.88187,222.64688,513.1055
138.42935,52.039852,168.60649
17.97684,-118.56717,-175.89253
25.322248,78.03926,-53.91516
32.667656,274.6457,68.06222
-34.03743,292.03177,63.599773
-100.742516,309.41785,59.13733
154.64929,379.62564,96.81423
410.0411,449.8334,134.49113
154.16873,375.36624,47.379112
-101.70364,300.89908,-39.732906
40.28409,336.21497,96.92858
182.27182,371.53088,233.59007
123.73046,259.0445,55.57833
65.1891,146.55807,-122.43341
35.218773,112.148285,-126.57104
5.248442,77.7385,-130.70866
131.4391,217.2582,25.57658
257.62976,356.7779,181.86182
-56.93751,154.55794,-9.877288
-371.5048,-47.662006,-201.6164
-43.256195,281.6817,21.671177
285.0002,611.03326,244.96408
123.15091,351.72632,39.835766
-38.69839,92.41937,-165.29254
-15.573693,130.70139,40.209347
7.551004,168.98341,245.71124
62.720146,153.5685,85.386635
117.88929,138.15356,-74.937965
32.168667,21.736565,-59.551353
-53.551956,-94.68044,-44.164738
-121.09886,-53.414112,-62.530056
-188.64577,-12.147787,-80.89538
-21.451958,-19.513329,-67.47033
145.74185,-26.87887,-54.045284
-38.24981,-86.687035,-79.279274
-222.24147,-146.4952,-104.51327
-111.338356,-156.04845,-36.847263
-0.43524274,-165.60172,30.818747
-27.549301,-88.18945,-1.5496593
-54.66336,-10.777198,-33.918064
-44.19872,-35.675407,-15.752005
-33.73408,-60.573616,2.4140553
92.4088,48.949223,-78.81392
218.55168,158.47206,-160.04189
39.46988,129.1462,65.41106
-139.61192,99.820335,290.86398
-30.325031,155.86642,-27.929682
78.95925,211.9112,-346.71576
158.19992,319.52875,-24.67234
237.44058,427.14627,297.3711
114.21561,490.00473,142.82314
-9.009372,552.86316,-11.724821
91.86553,588.0816,79.70483
192.74043,623.3,171.13448
203.26537,572.4328,122.098694
213.7903,521.5656,73.06292
220.9963,553.5963,88.1056
228.20233,585.6271,103.14828
154.09665,681.9664,121.300255
79.99098,778.3057,139.45224
208.5568,826.7844,47.231865
337.1226,875.26306,-44.988503
220.31909,864.6186,34.427288
103.51557,853.9741,113.84309
214.27602,998.8383,152.39542
325.03644,1143.7024,190.94777
250.76648,933.0918,4.6274385
176.4965,722.4811,-181.69289
126.57448,653.79755,43.09632
76.65245,585.1141,267.88553
154.43228,652.6584,158.26065
232.21396,720.2043,48.633167
201.03206,408.69714,124.05521
169.85016,97.18997,199.47725
152.01906,332.78427,341.89178
134.18797,568.37854,484.30637
73.50101,252.179,199.63023
12.814047,-64.02056,-85.0459
-34.948677,-55.4423,73.07553
-82.7114,-46.864037,231.19698
-84.772644,-220.94728,103.98441
-86.833885,-395.03055,-23.228136
-49.411144,-394.1994,144.08006
-11.988408,-393.3683,311.38828
59.20673,-434.0103,74.05799
130.40187,-474.65234,-163.27228
-23.340939,-788.60034,-9.911984
-177.08374,-1102.5483,143.44832
-309.47092,-896.0573,-54.676178
-441.85806,-689.56635,-252.80067
-368.0755,-910.2912,-77.58223
-294.29294,-1131.0161,97.6362
-193.99132,-963.99945,-138.46617
-93.689705,-796.9827,-374.56854
-238.48471,-942.15,-372.6386
-383.27972,-1087.3174,-370.70865
-264.25534,-970.97375,-247.36272
-145.23383,-854.63293,-124.019714
-189.44873,-788.47034,-188.34421
-233.66364,-722.3078,-252.6687
-249.6432,-762.40466,-184.21648
-265.62277,-802.50146,-115.76425
-177.86627,-599.8399,-93.06676
-90.10978,-397.17838,-70.36926
-217.58998,-468.15695,-185.93906
-345.0702,-539.1355,-301.50885
-147.73508,-447.58356,-178.33972
49.60003,-356.0316,-55.17058
-174.67482,-371.2202,-74.23653
-398.94968,-386.40884,-93.30247
-139.239,-445.0563,-78.5615
120.47168,-503.7038,-63.820538
-170.71692,-472.97568,-166.71808
-461.90552,-442.24753,-269.61563
-139.85869,-422.25372,-188.08145
182.18816,-402.2599,-106.54728
0.121917,-365.5555,-111.991516
-181.94432,-328.85117,-117.43575
-178.96008,-290.4424,-214.74843
-175.97586,-252.03365,-312.0611
79.22869,-227.88594,-227.61139
334.43933,-203.73764,-143.15967
90.54642,-105.28378,-120.28928
-153.34648,-6.829926,-97.41891
-46.66815,-60.482452,-13.952663
60.010178,-114.13498,69.51358
63.427147,-90.79334,-90.236824
66.844124,-67.45171,-249.98723
103.66332,87.49202,84.73867
140.48253,242.43576,419.46457
16.860153,42.089962,142.35797
-106.762215,-158.25583,-134.74864
28.322937,7.7124424,-128.00381
163.4081,173.68071,-121.25899
50.345325,126.06096,24.018827
-62.717438,78.4412,169.29665
32.211975,143.32213,60.290726
127.14139,208.20305,-48.715195
114.696945,376.65466,-5.323452
102.25251,545.1063,38.06829
195.55743,536.6638,156.53368
288.86237,528.2214,274.99905
230.02115,626.365,158.70355
171.17996,724.50867,42.408035
135.27325,773.146,280.49792
99.36654,821.78326,518.5878
246.95258,876.2345,348.67886
394.5351,930.68445,178.77396
229.14168,913.6662,145.45361
63.748272,896.648,112.13327
248.88013,1053.7662,263.95117
434.012,1210.8845,415.7691
196.64264,1140.1202,148.2499
-40.72671,1069.3561,-119.2693
179.3489,1240.0537,120.37548
399.42453,1410.7513,360.02026
381.86374,1465.1038,378.80743
364.30295,1519.4562,397.5946
271.49066,1240.9918,331.97156
178.67839,962.5274,266.3485
57.965115,907.11395,-65.7716
-62.74817,851.70044,-397.8917
-89.03204,423.57492,54.384975
-115.31592,-4.5506177,506.66165
100.655655,-309.72827,116.22247
316.62723,-614.9059,-274.2167
59.17791,-896.48126,-151.989
-198.27141,-1178.0565,-29.761276
-198.32097,-1408.8031,-98.98154
-198.37053,-1639.5496,-168.2018
-340.68768,-1431.1074,-183.97185
-483.00824,-1222.6604,-199.74228
-255.73703,-1488.4917,-226.14528
-28.465807,-1754.323,-252.5483
-346.7086,-1460.7151,-289.64148
-664.95135,-1167.107,-326.73468
-324.27344,-1016.66766,-116.54654
16.40447,-866.22815,93.64161
-123.02479,-1009.9094,-119.89286
-262.45404,-1153.5906,-333.42734
-296.4872,-990.7111,-259.66864
-330.52042,-827.8316,-185.90994
-293.12485,-926.0854,-215.31929
-255.72932,-1024.3391,-244.72864
-144.84052,-759.80255,-151.74065
-33.951694,-495.2659,-58.75264
-46.479103,-524.9121,-60.77963
-59.006508,-554.5583,-62.806614
24.153582,-176.2829,24.252054
107.313675,201.99248,111.31072
115.266495,204.3355,67.05874
123.219315,206.6785,22.806747
87.56289,548.2335,94.842964
51.90647,889.7885,166.87918
191.72594,923.65283,155.79205
331.54538,957.51715,144.70491
186.90625,1097.2002,242.06737
42.270573,1236.8798,339.42752
336.21912,1591.7573,341.28354
630.16766,1946.6349,343.13956
433.71057,1841.4181,365.001
237.25351,1736.2014,386.86246
212.3568,1617.8959,228.19945
187.4601,1499.5905,69.53643
188.55115,1294.994,189.2829
189.6422,1090.3976,309.02936
141.62056,734.6307,256.58987
93.598915,378.86374,204.1504
82.84396,-201.07079,71.903885
72.08902,-781.0053,-60.342636
-53.032516,-924.1355,-164.03311
-178.15405,-1067.2656,-267.7236
-46.278343,-1041.5618,-34.4941
85.59737,-1015.8579,198.7354
-23.162134,-1167.6765,-82.74172
-131.92163,-1319.495,-364.21884
-388.9386,-1216.555,-266.51688
-645.95557,-1113.6151,-168.8149
-422.82547,-1161.4893,-223.02771
-199.69542,-1209.3633,-277.24054
-242.47107,-981.4812,-252.93402
-285.24774,-753.5937,-228.62692
-221.44247,-692.2464,-68.33846
-157.6372,-630.8991,91.94999
-286.72998,-630.779,-56.798405
-415.82278,-630.6589,-205.5468
-148.26306,-292.37354,-278.8363
119.296646,45.911816,-352.12582
100.58175,63.808144,-56.943005
81.86685,81.70447,238.23982
65.45594,376.1722,316.92014
49.045033,670.63995,395.60046
79.50998,547.11487,84.294304
109.97492,423.58975,-227.01186
282.3748,864.94965,193.69048
454.77463,1306.3096,614.3928
299.14572,1153.8419,193.07758
143.51683,1001.37427,-228.23766
228.86334,1335.2422,166.88136
314.20984,1669.1101,562.00037
415.00018,1767.3184,387.9795
515.7905,1865.5267,213.95856
409.95178,1658.3904,118.192535
304.113,1451.2542,22.426502
111.02807,1464.3832,280.2794
-82.05686,1477.5123,538.13226
-131.03453,1038.321,267.9359
-180.01103,599.14014,-2.2540174
67.967186,287.41006,95.3127
315.9454,-24.320047,192.87941
58.22672,-339.40286,44.98975
-199.49197,-654.4857,-102.89992
-205.56046,-813.2311,-174.97028
-211.62894,-971.97644,-247.04062
-385.68817,-1140.6266,-164.50877
-559.74744,-1309.2767,-81.97694
-552.9029,-1291.4565,-298.04007
-546.05835,-1273.6365,-514.1032
-370.8623,-1107.3264,-281.42966
-195.66626,-941.01636,-48.75608
-389.61542,-1041.0499,-297.4796
-583.5646,-1141.0836,-546.2032
-407.10492,-1010.1574,-255.92174
-230.64525,-879.2312,34.35968
-181.67654,-1018.41187,-239.9177
-132.70784,-1157.5925,-514.19507
-178.09338,-963.32025,-296.06238
-223.47893,-769.0479,-77.929695
22.440968,-709.6424,46.61037
268.36087,-650.23694,171.15044
-4.2406464,-657.91327,-184.38216
-276.84866,-665.5897,-539.9232
26.693354,-433.4769,-28.009756
330.23535,-201.36406,483.90375
206.09093,-111.026665,50.30328
81.94649,-20.689274,-383.29718
158.76903,103.34225,-109.8723
235.59158,227.37376,163.55258
276.01263,305.07135,206.54207
316.4337,382.76895,249.53156
297.0565,706.57605,285.11514
277.67926,1030.3832,320.69873
334.57233,1194.1753,271.88028
391.46536,1357.9675,223.0618
354.65768,1331.5052,126.31369
317.84998,1305.043,29.565586
332.32828,1181.9386,241.33333
346.80655,1058.8342,453.10107
93.018524,1015.5473,264.30447
-160.7695,972.26025,75.50785
-70.90052,358.12036,19.040628
18.968452,-256.01953,-37.426594
63.410473,-378.25977,-94.186295
107.85249,-500.5,-150.946
-148.21518,-890.089,-324.1156
-404.28284,-1279.678,-497.2852
-290.93192,-1251.2903,-322.95557
-177.5837,-1222.9032,-148.63011
-421.3637,-1144.5897,-247.36267
-665.14374,-1066.2762,-346.0952
-520.5562,-1160.9423,-437.40634
-375.9687,-1255.6083,-528.71747
-376.46176,-1054.0149,-319.08334
-376.95483,-852.4216,-109.449265
-255.92386,-613.6982,-211.80345
-134.89288,-374.9748,-314.15762
-51.694534,-206.65103,-124.39982
31.503807,-38.327274,65.358
-63.965794,84.121,-51.150307
-159.4354,206.56927,-167.65862
35.60063,498.6738,-34.29905
230.63666,790.7783,99.06051
242.85023,1079.5297,218.92445
255.0638,1368.281,338.78842
363.10907,1387.0726,267.2812
471.1543,1405.8643,195.774
420.14975,1608.9407,176.49501
369.1452,1812.017,157.21603
404.6624,1827.9362,168.7377
440.1796,1843.8552,180.25938
375.24054,1675.9678,253.12892
310.29996,1508.0762,326.0002
443.8741,1506.013,370.739
577.44824,1503.9497,415.47778
325.4575,1134.152,290.5681
73.46673,764.3541,165.65845
107.28839,521.6023,157.54591
141.11005,278.85043,149.43338
213.59087,158.32114,175.03401
286.0717,37.791836,200.63463
18.037891,-346.38257,-17.15549
-249.9959,-730.55695,-234.94562
-166.22798,-749.2317,-72.73916
-82.46007,-767.9065,89.46731
-92.06911,-1040.8716,-172.43811
-101.678154,-1313.8367,-434.34354
-184.32805,-1332.7715,-146.95523
-266.97794,-1351.7063,140.43309
-130.81496,-1293.147,-96.96156
5.3480372,-1234.5875,-334.35623
-297.30142,-1345.9089,-435.08957
-599.95087,-1457.2303,-535.82294
-336.50986,-1218.6437,-358.41776
-73.06884,-980.05695,-181.0126
-216.59915,-1154.1144,-228.44933
-360.1295,-1328.1718,-275.88605
-354.65668,-1203.2725,-308.60623
-349.18402,-1078.3762,-341.32562
-152.69933,-828.78107,-113.73699
43.78536,-579.186,113.85165
-48.181107,-527.5295,-39.635765
-140.14757,-475.87305,-193.12318
-217.50987,-520.20044,-248.55518
-294.8722,-564.52783,-303.98718
-53.55931,-402.8158,-83.71564
187.75356,-241.10376,136.5559
-7.1737456,-172.77461,-166.30211
-202.10106,-104.44546,-469.1601
-67.67659,92.612236,-3.4649746
66.74788,289.66992,462.23016
165.61784,157.07523,-15.329405
264.4878,24.480501,-492.88898
375.8866,555.3347,-92.506096
487.28537,1086.1888,307.87677
353.26642,1011.5425,83.403015
219.24747,936.8961,-141.07074
239.82353,1336.7026,137.79831
260.3996,1736.5092,416.66736
410.5433,1629.5775,371.5639
560.687,1522.6458,326.46045
296.83328,1424.6083,268.5404
32.973286,1326.5685,210.61896
33.51019,928.3751,264.49976
34.047092,530.18176,318.38055
-10.649737,30.149273,183.148
-55.34657,-469.88318,47.915424
-37.409763,-732.495,7.1292105
-19.47296,-995.1068,-33.657005
-235.52972,-1285.4996,-262.9461
-451.5865,-1575.8926,-492.2352
-549.74243,-1378.1521,-180.46446
-647.8984,-1180.4116,131.30627
-474.7141,-1225.9678,-166.27705
-301.52988,-1271.5238,-463.86038
-248.51038,-1075.6469,-268.68707
-195.49089,-879.7699,-73.51378
-326.09335,-1015.5846,-249.94597
-456.69583,-1151.3993,-426.37814
-301.33832,-765.9008,-153.24854
-145.9808,-380.40234,119.88107
-196.04488,-371.97958,-30.236614
-246.10895,-363.5568,-180.35431
21.551968,53.970074,65.48313
289.21286,471.49695,311.32056
78.25702,645.82446,105.31465
-132.69884,820.152,-100.69127
150.8862,1035.936,180.15395
434.46448,1251.7148,460.99246
418.72028,1523.9998,452.3517
402.97604,1796.2847,443.71097
409.00818,1812.9637,291.2213
415.04028,1829.6428,138.73163
559.9009,1983.4025,405.98254
704.7615,2137.162,673.23346
408.44424,1878.4572,630.7648
112.12699,1619.7522,588.2961
139.57143,1461.3044,289.08975
167.01587,1302.8568,-10.116594
93.62556,1330.6796,266.3676
20.235239,1358.5022,542.85187
30.39588,858.9342,377.91293
40.55652,359.36612,212.97398
246.14195,483.11285,253.9594
451.7274,606.8596,294.94482
175.09425,29.042265,280.6638
-101.53888,-548.7751,266.38275
-174.5515,-636.0629,-2.8864791
-247.56412,-723.35077,-272.15573
-193.61798,-694.98364,12.347819
-139.67183,-666.6166,296.85135
-268.4084,-806.3927,108.38437
-397.148,-946.1722,-80.08711
-370.68304,-875.3004,-102.778694
-344.2181,-804.4287,-125.47027
-254.62578,-753.5113,-208.63095
-165.03345,-702.59393,-291.79163
-142.35359,-676.1349,-195.65215
-119.673744,-649.67584,-99.51267
-361.91608,-687.0875,-366.27744
-604.1584,-724.49927,-633.04224
-290.30032,-538.10974,-347.88052
23.557709,-351.72025,-62.71881
-50.42767,-422.7828,-220.7598
-124.41305,-493.8454,-378.80078
-96.66244,-316.05237,-236.13748
-68.91183,-138.25938,-93.474174
-254.83035,-232.25638,28.82689
-440.74887,-326.2534,151.12796
-201.22122,-209.6503,-222.98305
38.306442,-93.0472,-597.09406
-142.0792,-156.42574,-282.14975
-322.46484,-219.80426,32.79457
-195.60007,-119.22341,22.28457
-68.73529,-18.64257,11.7745695
58.561687,-138.64294,-153.68129
185.85867,-258.64334,-319.13715
19.276052,-268.74686,-96.51562
-147.3026,-278.85016,126.10059
15.928498,-222.05391,33.825638
179.15959,-165.25768,-58.449318
81.38788,-161.03134,-47.58054
-16.383823,-156.805,-36.71176
-6.977609,-275.59158,-2.659494
2.4286056,-394.37814,31.392775
-9.810135,-200.09352,47.169384
-22.048876,-5.808902,62.94599
100.2425,-31.84357,-60.012615
222.53387,-57.87824,-182.97122
237.02257,-12.607282,149.3737
251.51126,32.663673,481.71863
212.34546,126.368416,93.399414
173.17967,220.07317,-294.9198
164.4823,42.834335,-142.879
155.78493,-134.4045,9.161787
179.15468,27.02758,-3.413287
202.52441,188.45966,-15.98836
151.5381,-0.8281683,21.849928
100.55179,-190.11598,59.688217
113.766335,-212.01306,53.969616
126.98089,-233.91014,48.25102
95.436844,-207.29333,-47.49635
63.892044,-180.67589,-143.246
224.61307,-234.89769,24.00155
385.3341,-289.11948,191.2491
181.32535,-227.50569,-9.980927
-22.683416,-165.89189,-211.21095
30.561747,-141.74075,-31.891588
83.80691,-117.58961,147.42778
-4.7237062,-233.1747,-37.174335
-93.25432,-348.7598,-221.77644
19.905222,-193.83046,-12.767302
133.06476,-38.90113,196.24185
-67.619736,-208.18118,-131.6001
-268.30423,-377.4612,-459.44205
-190.86166,-298.14722,-231.58644
-113.41908,-218.83322,-3.730841
114.63171,-167.0923,-55.110912
342.6825,-115.35137,-106.49098
28.326857,-243.82169,-158.52193
-286.02878,-372.292,-210.55287
-179.80641,-223.58426,-80.63496
-73.584045,-74.876495,49.28295
47.705338,-69.575676,-1.7384151
168.99472,-64.27486,-52.75978
177.34314,26.55121,-43.101532
185.69154,117.37727,-33.443287
117.58057,256.66394,-124.48229
49.471203,395.94727,-215.51912
-0.12975867,316.1077,102.377304
-49.73072,236.26813,420.27374
103.63539,363.68747,177.23396
257.0015,491.10678,-65.80582
218.28244,557.6238,41.33583
179.56337,624.1408,148.47748
185.68881,665.0356,279.9019
191.81425,705.9303,411.3263
152.19093,531.41144,123.615
112.5676,356.89252,-164.09628
96.08139,398.59732,149.6163
79.59518,440.30212,463.3289
151.61502,495.80612,306.50293
223.63487,551.3101,149.67694
29.515247,419.63184,-27.172998
-164.60439,287.95352,-204.02295
29.480476,364.05652,-45.397026
223.56534,440.1595,113.2289
4.193446,295.95804,81.32785
-215.17845,151.75658,49.426807
73.328476,336.12216,70.49361
361.8354,520.48773,91.5604
137.55312,266.25522,-33.41457
-86.73451,12.016634,-158.39252
-43.99134,187.47595,124.57169
-1.2481656,362.93527,407.5359
-72.66125,128.3568,8.919197
-144.07434,-106.221664,-389.6975
-58.323826,-89.58814,-246.41862
27.42668,-72.95462,-103.13974
-140.83032,-152.86172,-25.479132
-309.0873,-232.76883,52.181473
-277.5081,-332.95456,-98.77589
-245.92885,-433.14032,-249.73325
-84.64771,-201.31529,151.19907
76.63342,30.509718,552.13135
-211.49536,-211.3343,55.458076
-499.62415,-453.17834,-441.2152
-283.75192,-426.3399,-91.99615
-67.8797,-399.5015,257.22293
-168.06834,-387.08994,48.830956
-268.257,-374.67834,-159.56102
-123.04185,-240.75763,4.433605
22.173279,-106.83692,168.42824
-206.72183,-226.4313,-13.1937275
-435.61694,-346.0257,-194.81569
-246.6143,-359.1258,1.442192
-57.611664,-372.2259,197.70007
-146.67882,-297.28546,200.3316
-235.74384,-222.34683,202.96306
-104.32176,-193.28488,-31.546843
27.100306,-164.22293,-266.05673
-25.916515,-202.92393,92.76754
-78.933334,-241.62492,451.59183
-105.30602,-229.44734,166.71724
-131.67871,-217.26976,-118.15733
-112.81469,-275.04443,6.7243695
-93.95066,-332.8191,131.60608
-210.24336,-266.34573,5.189517
-326.53607,-199.8724,-121.227036
-113.36036,-113.420006,13.000227
99.815346,-26.967607,147.2275
-54.89753,-54.782066,3.0396543
-209.61041,-82.59652,-141.14818
-38.057087,6.5882235,53.68827
133.49623,95.77297,248.52472
113.97491,153.22461,24.32162
94.45358,210.67625,-199.88148
0.014047073,83.15455,-62.69074
-94.42548,-44.367165,74.50001
-56.130665,92.38484,61.018032
-17.835842,229.13686,47.536057
65.84472,228.89543,-67.183105
149.52727,228.65402,-181.90501
47.246746,269.13138,-70.42755
-55.03378,309.60876,41.049908
157.36789,612.98267,204.16422
369.76956,916.35657,367.27853
283.48264,943.745,238.45958
197.1957,971.1334,109.64063
346.32245,915.56244,141.2964
495.44922,859.9915,172.95216
271.55563,871.87683,148.46724
47.662067,883.7621,123.98232
197.77757,869.9067,147.22166
347.89307,856.0513,170.461
268.01535,799.1496,106.27174
188.13762,742.24786,42.082493
268.23404,832.88904,28.797121
348.33047,923.5302,15.511751
499.83224,871.19946,250.95015
651.33405,818.8688,486.38852
226.62857,649.94855,144.3535
-198.0769,481.02835,-197.68155
130.85733,476.30908,119.09188
459.79156,471.5898,435.86533
233.18422,219.79182,149.21048
6.5768547,-32.00614,-137.44437
173.22519,-108.20456,-28.777342
339.86957,-184.40115,79.887085
163.04121,-267.82755,63.11369
-13.787122,-351.25394,46.340294
-101.33642,-606.7148,-81.13459
-188.88571,-862.1757,-208.60947
-47.407097,-670.42334,-148.04459
94.07152,-478.67102,-87.47969
-69.16759,-644.8835,-108.1223
-232.4067,-811.0959,-128.76491
-140.59985,-830.8667,-160.34647
-48.793015,-850.6376,-191.92801
-298.66132,-946.4657,-53.164177
-548.5296,-1042.2938,85.59966
-242.76857,-858.07117,-146.49277
62.992477,-673.84845,-378.5852
-50.784233,-706.85785,-341.2183
-164.56094,-739.86725,-303.85138
-281.0196,-736.2917,-94.6843
-397.47827,-732.7162,114.482765
-262.73956,-603.148,-99.184814
-128.00087,-473.57986,-312.8524
-197.15607,-401.03104,-289.47046
-266.31128,-328.48218,-266.08853
-42.42758,-235.90332,-152.75214
181.46144,-143.32225,-39.41303
-114.15805,-357.61566,-102.68919
-409.77756,-571.9091,-165.96535
-225.4363,-470.4389,-209.90533
-41.095055,-368.9687,-253.84532
-140.80765,-316.5503,-140.97974
-240.52025,-264.1319,-28.114159
-93.78079,-166.53549,-59.954586
52.958656,-68.939095,-91.79501
-127.3274,-122.9029,-125.83831
-307.61346,-176.8667,-159.8816
-181.38713,-132.60826,-160.61119
-55.160805,-88.34984,-161.34077
-30.367762,-9.071968,-20.225323
-5.574718,70.205894,120.89012
-8.648529,-19.690708,7.392271
-11.722341,-109.58732,-106.10558
-85.59057,8.151001,-217.16855
-159.45879,125.88932,-328.2315
23.955544,195.56956,-126.79924
207.36987,265.24982,74.63303
147.14447,185.66685,-22.362698
86.91906,106.083885,-119.35843
-78.37387,70.01338,-164.19241
-243.6668,33.942886,-209.02641
-20.955639,134.14456,-82.09537
201.75021,234.34386,44.832645
198.52834,124.05939,-14.860359
195.30647,13.77492,-74.55337
164.71272,83.23502,-118.24598
134.11899,152.69513,-161.9386
133.19304,323.11243,-57.999447
132.26709,493.52972,45.939705
137.52934,198.09267,89.149124
142.7916,-97.34438,132.35854
-183.74998,-43.972412,-107.52121
-510.29156,9.399557,-347.40097
-213.62556,-47.76766,-237.22382
83.040436,-104.934875,-127.04667
-18.057775,-119.98638,-204.64856
-119.15599,-135.0379,-282.25046
-18.976135,-6.310147,-197.44174
81.20372,122.4176,-112.63305
6.7089014,71.09375,-155.69908
-67.78592,19.76989,-198.76512
-119.40541,-176.43484,-82.47011
-171.02492,-372.6396,33.824894
-154.71107,-259.04535,-100.767426
-138.39725,-145.45111,-235.35974
-55.57941,-114.8573,-143.57553
27.240402,-84.26275,-51.789127
-26.351957,-69.946175,66.650475
-79.94431,-55.62961,185.09007
-86.85639,-110.35375,39.965225
-93.76846,-165.0779,-105.15963
-171.89992,-191.09258,-96.068954
-250.03136,-217.10727,-86.97828
-182.26639,-87.14569,37.10892
-114.50142,42.815884,161.19612
-239.7025,-181.46184,-68.93593
-364.90356,-405.73956,-299.06796
-261.90652,-171.95378,-42.63138
-158.90947,61.83197,213.80522
-78.52245,31.001461,10.102855
1.8645673,0.17095299,-193.5995
8.85301,119.552025,-20.145508
15.841453,238.9331,153.30849
66.14912,178.34644,164.71274
116.45678,117.759766,176.11697
-122.19892,56.51066,140.2562
-360.8546,-4.738451,104.39542
-4.2536974,134.14029,284.53586
352.34723,273.019,464.6763
33.429123,232.3005,183.5588
-285.48898,191.58199,-97.558685
-18.697718,298.5196,195.28293
248.08719,405.45462,488.11758
192.803,405.7645,107.10096
137.51881,406.07437,-273.91565
158.37273,537.4313,199.3824
179.22664,668.78827,672.6805
161.41026,572.8078,413.43866
143.59389,476.82736,154.19687
61.279854,402.06027,161.02768
-21.034184,327.29315,167.85849
160.81125,252.2319,273.33997
342.65668,177.17062,378.82147
175.80301,291.76343,269.50055
8.949334,406.3562,160.17964
158.0187,246.01553,171.07257
307.0881,85.67486,181.9655
141.18227,206.28076,203.56029
-24.72356,326.88666,225.15509
196.47725,420.28674,16.417725
417.67807,513.6868,-192.31964
293.5444,389.68927,83.06245
169.41075,265.6917,358.44455
236.97256,230.05984,242.38606
304.5344,194.42798,126.32758
346.2877,269.38425,108.25147
388.04196,344.3423,90.17493
155.94977,156.57979,-23.013952
-76.14242,-31.182697,-136.20284
-104.14424,-25.996735,44.39253
-132.14607,-20.810772,224.9879
110.86923,141.97917,143.25935
353.88452,304.7691,61.530815
132.33888,207.30737,78.86053
-89.206764,109.84566,96.19024
-106.89957,117.75879,19.44892
-124.59237,125.67192,-57.2924
-23.521091,12.568718,-32.240395
77.550186,-100.534485,-7.1883874
36.80026,-107.5529,43.01999
-3.9496672,-114.57132,93.22837
127.39297,-167.39859,38.45475
258.7356,-220.22585,-16.318867
112.07547,-121.24097,136.2817
-34.584663,-22.256092,288.88226
113.64348,-122.32091,-36.79514
261.8716,-222.38573,-362.47253
128.86447,-151.84564,-164.08273
-4.142678,-81.30554,34.307068
181.9753,-210.48784,-63.382477
368.09326,-339.67014,-161.07202
232.67514,-230.87828,-7.974247
97.26024,-122.08901,145.11989
-56.37101,-305.10242,98.87056
-210.00226,-488.1158,52.621235
-100.038055,-363.67584,118.390724
9.926154,-239.23587,184.16022
100.298134,-236.5464,-37.19689
190.67012,-233.85693,-258.55402
134.76096,-239.5851,-37.187912
78.85181,-245.31328,184.17818
13.462895,-220.09473,45.618202
-51.926014,-194.87617,-92.94178
25.497776,-236.31749,-68.07584
102.92157,-277.7588,-43.209908
50.945766,-102.439766,-169.06178
-1.0300312,72.879265,-294.91367
95.87698,-68.10071,-108.61497
192.784,-209.08069,77.68373
63.347942,-202.90411,-109.982735
-66.08811,-196.72755,-297.6492
-65.100395,-184.92166,-73.38252
-64.11268,-173.11577,150.88416
-53.434917,-192.18546,-19.007082
-42.757156,-211.25514,-188.89832
26.380253,-184.18185,-160.53029
95.51931,-157.10793,-132.16159
-52.608433,-143.34929,-30.106054
-200.73618,-129.59065,71.949486
-157.8518,-189.0839,-103.86934
-114.96744,-248.57715,-279.68817
-80.28213,-74.73953,-105.9324
-45.596817,99.09809,67.82336
-178.30693,-9.135847,-130.885
-311.01703,-117.36979,-329.59335
-268.3001,-150.56847,-65.2907
-225.58316,-183.76715,199.01193
-200.59131,-192.81206,-65.687416
-175.59946,-201.85696,-330.38678
-43.459305,-140.11108,-153.0905
88.68084,-78.365204,24.20577
-137.63951,-170.67087,-47.492672
-363.95987,-262.97653,-119.19112
-224.83435,-146.15613,-10.363988
-85.70882,-29.335737,98.46314
-44.712593,40.304775,-48.65799
-3.7163746,109.94529,-195.77913
-98.90829,151.60524,154.17876
-194.10019,193.2652,504.13663
-104.52714,150.13486,66.69494
-14.954082,107.0045,-370.74673
9.347435,127.75752,25.92813
33.648373,148.51004,422.59354
-76.85179,-53.195232,254.87617
-187.35196,-254.90051,87.15879
-223.17477,-184.90797,54.03944
-258.9976,-114.91543,20.920084
-124.6484,-162.55746,20.369057
9.7007885,-210.19951,19.81803
-76.26462,-125.2894,-100.200294
-162.23003,-40.37928,-220.21861
-168.48106,49.285374,-62.73595
-174.73209,138.95003,94.74671
-65.22527,132.57565,-52.793213
44.281544,126.20129,-200.33313
-59.897224,196.48465,-137.91005
-164.07599,266.768,-75.48695
-54.374397,192.38663,4.394631
55.3272,118.00523,84.276215
25.48111,106.614586,44.618168
-4.3649807,95.22393,4.9601235
-111.18278,61.9614,-151.23344
-218.00058,28.698868,-307.427
27.29035,146.18861,-133.64496
272.58127,263.67834,40.137093
123.064766,83.03392,-37.0799
-26.455307,-97.614815,-114.29873
-48.20534,99.70037,54.517345
-69.955376,297.01556,223.33342
-4.863543,109.878,-19.28098
60.22829,-77.25956,-261.8954
-70.76272,37.223904,-117.90396
-201.75372,151.70737,26.087465
-133.7459,129.87508,43.225933
-65.73806,108.04281,60.3644
68.858925,188.44551,-10.3048935
203.4559,268.8482,-80.97419
102.23489,298.0164,-65.90472
1.0138785,327.18457,-50.835247
82.06049,158.62135,94.02094
163.10712,-9.941861,238.87714
100.495674,48.74146,55.065987
37.88423,107.424774,-128.74516
101.17727,108.81645,-58.682774
164.4703,110.20812,11.379612
3.7195556,-26.739504,-14.144667
-157.0312,-163.68713,-39.668945
-163.77798,-108.02465,-41.23688
-170.52475,-52.36216,-42.80482
25.785763,-50.634724,60.629158
222.09628,-48.907284,164.06314
49.021004,-12.651549,102.04158
-124.05015,23.603323,40.0215
19.050632,113.85229,75.081
162.15141,204.10126,110.1405
76.47911,139.80353,126.80417
-9.193197,75.5058,143.46783
-26.590504,146.607,69.247345
-43.987812,217.70819,-4.973143
4.935238,87.13732,60.922543
53.858288,-43.433548,126.81823
-21.852781,-30.260174,155.81987
-97.56385,-17.0868,184.82152
-40.861668,-78.25662,10.907469
15.840517,-139.42644,-163.00659
75.00503,-36.522583,-72.365654
134.16954,66.38127,18.275278
72.84303,0.7815274,-129.55565
11.516531,-64.818214,-277.38657
138.7372,137.00194,-275.70255
265.9579,338.82208,-274.01852
200.74963,268.9755,-114.31078
135.5414,199.12888,45.396957
-145.08665,56.50893,-142.34021
-425.71472,-86.11102,-330.0774
-216.25739,9.370331,-31.2148
-6.795067,104.85396,267.6549
-50.725048,131.80531,73.68142
-94.65503,158.75667,-120.292076
-55.436794,118.03393,6.4519525
-16.218563,77.31119,133.19598
-48.304966,50.758724,76.21022
-80.39137,24.206263,19.224459
-182.72673,-173.83884,-37.94284
-285.06207,-371.88394,-95.11014
-175.57622,-308.0758,-60.91167
-66.09037,-244.26768,-26.713207
-9.695388,-77.73743,198.39867
46.699593,88.79283,423.51056
166.10057,-68.06391,276.07327
285.50156,-224.92065,128.63602
-46.498436,-183.259,102.16413
-378.49844,-141.59735,75.69224
-163.30933,-275.49457,27.17891
51.879795,-409.39175,-21.334421
-93.14316,-418.3959,-49.90562
-238.1661,-427.40002,-78.47682
-326.28442,-387.01758,29.876677
-414.40274,-346.63516,138.23018
-92.47597,-288.82596,104.48982
229.4508,-231.01678,70.749466
-61.91828,-349.1983,85.89
-353.28043,-467.37698,101.03018
-284.25903,-429.9196,24.516016
-215.23766,-392.4622,-51.998146
-93.13072,-286.19492,9.790961
28.976206,-179.92766,71.58007
-21.61373,-95.13748,-3.8726702
-72.20367,-10.34731,-79.32541
14.736752,-10.7963915,134.43213
101.67717,-11.245472,348.18967
182.87407,107.81181,177.10056
264.07095,226.8691,6.0114226
-79.25724,181.17245,-50.9951
-422.58545,135.47583,-108.00162
-7.225314,137.7494,1.995679
408.13483,140.02298,111.99297
80.89665,184.97134,-1.0851645
-246.34152,229.91971,-114.1633
-117.465,50.228615,17.104366
11.411522,-129.46248,148.37204
85.6162,-28.620014,5.9058795
159.82088,72.22244,-136.56027
175.56468,12.7673435,-63.839962
191.30847,-46.68776,8.880352
182.28915,-135.2684,22.709373
173.26962,-223.85115,36.538727
11.6663,-4.8821893,-68.09791
-149.93703,214.08678,-172.73454
184.5403,72.78888,4.091382
519.01764,-68.50901,180.9173
223.7246,40.607044,-33.362667
-71.56845,149.7231,-247.64264
144.99547,69.92752,-96.092995
361.5594,-9.868051,55.456642
220.08394,-6.907034,14.777178
78.60849,-3.9460173,-25.902285
185.67375,45.935482,-168.36258
292.739,95.81698,-310.82288
344.89832,177.77713,-60.60605
397.05762,259.7373,189.61078
254.83194,328.91873,-87.025444
112.606255,398.10016,-363.66165
143.98318,296.6163,-249.1676
175.3601,195.13245,-134.67354
130.30107,317.05957,-158.54665
85.24203,438.9867,-182.41974
161.18901,374.86124,-73.63577
237.136,310.73575,35.1482
151.0127,345.0515,8.628168
64.8894,379.36725,-17.891863
278.60095,401.5732,10.828736
492.30743,423.77866,39.54865
119.726746,408.7757,-29.445816
-252.85393,393.7727,-98.440285
-42.866695,365.4132,-25.103344
167.12053,337.05368,48.233593
53.524445,367.14133,-179.04674
-60.071648,397.22897,-406.3271
-43.90398,290.52213,-213.65996
-27.736315,183.81526,-20.992838
-45.456875,183.0327,-23.294315
-63.177433,182.25014,-25.595795
-41.434193,17.082397,-175.26524
-19.690954,-148.08534,-324.9347
42.372215,-171.45897,-7.8586483
104.43539,-194.83261,309.21738
4.6752205,-221.22504,38.1607
-95.084946,-247.61746,-232.89598
-31.312798,-438.8165,-28.961788
32.45935,-630.0155,174.97241
-119.37807,-508.7673,90.51933
-271.21548,-387.51907,6.066263
-121.79543,-345.0163,10.344135
27.624613,-302.51355,14.622007
-3.3185918,-416.89407,5.744758
-34.262535,-531.27734,-3.1327026
-16.182814,-265.13513,38.44577
1.8969065,1.0070912,80.02424
-70.10924,-169.87773,71.66623
-142.11539,-340.76254,63.30822
-47.8117,-205.6953,-21.883505
46.49199,-70.62807,-107.075226
-1.4929761,-16.107637,-76.49964
-49.47794,38.412792,-45.924053
34.15284,251.89668,137.02122
117.78362,465.38058,319.9665
177.93097,473.82294,117.37951
238.07832,482.2653,-85.20748
56.132236,448.62024,16.76027
-125.81384,414.97516,118.72802
9.524956,511.14145,136.32695
144.86375,607.30774,153.92589
159.85738,494.1239,110.22165
174.85098,380.94006,66.517426
64.8595,376.68445,128.56184
-45.131996,372.42883,190.60626
-2.259193,359.8252,174.43503
40.61361,347.22153,158.2638
82.193375,279.94687,184.39377
123.77313,212.67218,210.52374
74.395996,-9.134972,277.94934
25.020035,-230.93684,345.37335
-191.48042,-399.14212,89.060715
-407.9809,-567.3474,-167.2519
-36.26807,-424.80295,-8.854197
335.44473,-282.25848,149.54352
134.21545,-439.26797,81.08991
-67.013824,-596.27747,12.636317
-189.33923,-497.09,-31.23453
-311.66464,-397.9025,-75.10538
-235.73332,-341.7111,-13.461403
-159.802,-285.51968,48.182568
-161.7407,-312.4662,41.273605
-163.67943,-339.4127,34.364643
-213.08992,-276.09607,72.83303
-262.50043,-212.77945,111.30142
-226.45963,-386.2596,-29.927223
-190.41882,-559.73975,-171.15587
-167.9778,-302.53586,8.841247
-145.53677,-45.33194,188.83836
-223.22122,-155.42395,-54.515247
-300.90567,-265.51596,-297.86887
-26.718937,-75.35511,-85.64573
247.46779,114.805725,126.5774
-55.458782,49.783745,67.81083
-358.39258,-15.239787,9.042846
-148.41809,76.619865,-12.280104
61.556385,168.47952,-33.603054
114.965324,163.78026,34.95125
168.37427,159.081,103.505554
155.74745,178.86662,29.86743
143.12064,198.65224,-43.77069
136.47531,120.947334,-11.173588
129.83,43.242424,21.423515
-8.331974,15.054693,125.68009
-146.49394,-13.1330385,229.93668
-95.177704,-31.304602,156.76866
-43.861458,-49.476166,83.60067
-10.569228,-92.63225,32.91041
22.723001,-135.78833,-17.77984
120.99219,-120.92213,35.398544
219.26137,-106.05592,88.57693
4.0047197,-148.1478,-42.490166
-211.25194,-190.23965,-173.55725
-20.0426,-105.254196,-120.48223
171.16673,-20.268736,-67.4072
70.33161,-159.15425,-35.7948
-30.503513,-298.03976,-4.1823955
-110.39421,-255.72581,-21.629004
-190.28491,-213.41187,-39.07561
-35.73771,-161.30368,-13.672521
118.80581,-109.19675,11.729966
-120.71349,-101.17779,-26.606798
-360.2328,-93.15882,-64.943565
-135.80624,-8.094163,-79.10536
88.62029,76.97049,-93.267166
140.0136,160.72026,-18.334007
191.4069,244.47003,56.599148
26.789183,89.03735,-103.94613
-137.82854,-66.39532,-264.4914
-63.43983,-19.889297,-38.08091
10.948886,26.616724,188.32959
-202.13579,-45.822468,-111.86124
-415.22046,-118.26166,-412.05206
-154.74384,-24.027908,-163.89005
105.73277,70.20585,84.27197
-75.67571,-83.2644,-110.24373
-257.0842,-236.73463,-304.75943
-174.80745,-217.27664,-136.96661
-92.53069,-197.81866,30.826206
-70.98302,-131.78365,-26.071642
-49.43535,-65.748634,-82.96949
-78.51713,-82.9688,-80.54653
-107.598915,-100.188965,-78.123566
-79.69984,-96.48153,46.136635
-51.8001,-92.77401,170.3998
-25.299908,-48.944813,-33.97932
1.2002844,-5.115614,-238.35844
-3.072935,-29.962011,-6.3571205
-7.3461547,-54.808407,225.64421
1.2355837,-29.122038,105.54676
9.817322,-3.4356673,-14.550688
74.38171,-36.50405,-31.229769
138.94609,-69.57243,-47.908848
-11.882524,-118.17769,85.842834
-162.71114,-166.78294,219.59451
-103.3097,-116.69764,11.284969
-43.908276,-66.61233,-197.02458
-104.1479,-143.09515,-65.39041
-164.38753,-219.57797,66.24375
-179.62654,-156.37114,9.82763
-194.86557,-93.16431,-46.588493
-14.447141,-251.99014,-161.04395
165.97128,-410.81598,-275.49942
114.71297,-134.87329,-23.974749
63.454643,141.0694,227.54991
-37.815937,-27.397108,-109.91557
-139.08652,-195.86362,-447.38107
41.291103,-97.40395,-70.79705
221.66873,1.0557145,305.78696
-14.149541,100.784515,77.96505
-249.96219,200.51094,-149.85143
113.18555,159.34604,14.974624
476.33328,118.18114,179.80067
247.09128,141.95035,11.81698
17.849281,165.71956,-156.16672
-8.151934,120.73187,-82.41634
-34.15315,75.74419,-8.665975
63.70292,134.79163,-17.634363
161.55899,193.83908,-26.602753
91.38092,346.69403,140.2596
21.20286,499.54898,307.12195
108.0904,355.45367,182.3572
194.97795,211.35841,57.592438
33.01993,340.01474,-55.77126
-128.93808,468.67105,-169.13496
-21.66053,505.73477,74.421234
85.61702,542.7985,317.97742
123.707085,650.8699,88.46723
161.79715,758.9412,-141.04297
284.7669,905.5467,-34.112083
407.73666,1052.1521,72.8188
209.63113,934.7222,2.1944742
11.525602,817.29236,-68.42985
203.35918,1011.643,103.89077
395.19733,1205.9983,276.21548
355.4618,1123.8289,134.4808
315.7263,1041.6595,-7.2538886
252.37308,1051.0311,93.437
189.0199,1060.4027,194.12788
296.46634,1110.7433,154.71252
403.9128,1161.0837,115.29716
162.54233,868.1881,222.72647
-78.828156,575.29254,330.15576
94.840805,467.83908,236.85774
268.50977,360.38565,143.55971
173.05511,299.96768,105.43666
77.60046,239.54973,67.313614
81.842705,-43.788414,92.24686
86.084946,-327.12656,117.18009
39.330517,-571.851,9.537752
-7.42391,-816.57544,-98.10458
-128.87497,-1018.612,-49.460014
-250.32602,-1220.6486,-0.81544244
-132.66866,-1246.3282,-97.519516
-15.011285,-1272.0079,-194.2236
-128.92674,-1279.0261,-214.90175
-242.84221,-1286.0443,-235.57991
-255.99344,-1251.4423,-228.33855
-269.14465,-1216.8402,-221.09718
-319.66998,-1265.0013,-359.01633
-370.19412,-1313.1614,-496.93222
-348.69556,-1184.8107,-385.55
-327.19702,-1056.4598,-274.1678
-196.73987,-1076.1721,-271.9844
-66.28272,-1095.8845,-269.80103
-141.89882,-1015.5922,-191.7755
-217.51491,-935.3,-113.74998
-214.71133,-956.8038,-154.31107
-211.90776,-978.3075,-194.87216
-176.66898,-756.7863,-173.92537
-141.43019,-535.26514,-152.97859
-125.7181,-664.29126,-9.410855
-110.006,-793.3174,134.15688
-152.7625,-677.87067,-155.02792
-195.51898,-562.42395,-444.2127
129.82784,-278.40485,-52.012215
455.17465,5.6142344,340.18826
110.198044,-247.13562,16.921467
-234.77858,-499.88547,-306.34534
-105.012665,-201.70708,-159.42546
24.753256,96.47132,-12.505572
140.82321,101.79903,8.762375
256.8932,107.12673,30.030321
55.326817,45.83339,49.313515
-146.24435,-15.461415,68.59717
24.097435,68.84678,116.06143
194.43922,153.15497,163.5257
228.23131,270.77826,138.82607
262.0234,388.40152,114.12645
201.2897,407.52963,73.90431
140.55598,426.65778,33.68217
161.79724,559.9388,93.065605
183.0385,693.2197,152.44904
243.23105,813.73914,111.55437
303.4236,934.25854,70.65969
340.51624,991.01544,230.58884
377.6089,1047.7723,390.518
343.01508,1160.154,340.85
308.4213,1272.5358,291.18204
229.01494,1471.7926,113.46561
149.60861,1671.0494,-64.25083
291.72687,1618.7672,203.00479
433.84512,1566.485,470.2604
381.2893,1699.0594,276.98404
328.7335,1831.6339,83.707695
369.76385,1691.7551,248.86708
410.79422,1551.8765,414.02646
185.62831,1357.5287,76.56022
-39.53761,1163.181,-260.90604
110.28567,838.16156,192.4235
260.10538,513.1499,645.7422
111.57653,132.13577,211.75276
-36.952316,-248.87836,-222.23668
202.31425,-425.2819,-107.16203
441.5808,-601.6855,7.912599
52.77122,-888.8548,24.420584
-336.03836,-1176.024,40.92857
-357.3038,-1101.2585,-99.758675
-378.56927,-1026.4929,-240.44592
-380.65317,-1169.9734,-172.94904
-382.73706,-1313.4537,-105.45216
-505.46024,-1265.2203,-132.3773
-628.1834,-1216.987,-159.30246
-521.8112,-1196.9298,-172.73714
-415.43903,-1176.8726,-186.17183
-419.1761,-1034.2311,-287.682
-422.91315,-891.5896,-389.1922
-423.9052,-956.46375,-205.31691
-424.89728,-1021.3379,-21.441628
-476.7349,-895.2012,-155.69159
-528.5725,-769.0645,-289.94153
-175.2945,-691.2765,-101.80438
177.98352,-613.48846,86.33278
-101.619514,-719.8065,-64.61245
-381.22922,-826.12714,-215.56128
-345.69403,-636.22217,-265.54938
-310.15887,-446.31714,-315.53748
-289.92792,-452.2745,-262.00232
-269.69696,-458.23184,-208.46715
-144.68225,-208.07254,-77.317375
-19.667557,42.08676,53.8324
-146.753,-64.11624,-134.78964
-273.83844,-170.31924,-323.41168
-96.38816,108.154655,-163.17531
81.06212,386.62857,-2.9389455
-49.801537,243.81595,-39.69814
-180.66519,101.00334,-76.45734
-52.182465,130.42323,-51.553585
76.30026,159.84311,-26.649837
-71.202866,63.9942,-41.91714
-218.706,-31.85471,-57.184444
-199.51755,66.01231,-42.451115
-180.32909,163.87932,-27.717787
71.74082,390.9327,58.19172
323.81073,617.9861,144.10123
35.45855,339.6685,-13.637415
-252.89365,61.350883,-171.37605
12.026404,367.56378,-63.5876
276.94644,673.77673,44.20086
117.32596,461.3725,124.69338
-42.290718,248.97337,205.18398
43.733894,454.26065,79.05076
129.7585,659.5479,-47.082466
146.09808,704.26776,68.32199
162.43767,748.9877,183.72644
255.7492,898.30804,166.81953
349.06076,1047.6284,149.91263
161.97919,1029.6188,158.83055
-25.102402,1011.609,167.74847
270.03162,1211.2179,249.10713
565.16565,1410.8268,330.4658
374.09384,1360.3622,183.35643
183.02202,1309.8976,36.24706
205.28691,1314.01,145.23582
227.55182,1318.1224,254.2246
351.15897,1341.2966,204.3551
474.76614,1364.4707,154.48561
343.18378,1086.0281,232.27852
211.60138,807.58545,310.0714
125.7598,758.7011,248.52069
39.91822,709.8168,186.96996
13.220044,301.05325,194.54071
-13.478132,-107.71025,202.11147
215.35168,-122.3551,217.24077
444.18695,-137.0003,232.37044
186.4219,-453.5424,57.471756
-71.34314,-770.0845,-117.42692
-58.85227,-917.0024,-75.45544
-46.361397,-1063.9203,-33.48396
-168.76782,-1258.6068,1.7534153
-291.17426,-1453.2933,36.99079
-196.12032,-1362.5106,21.392027
-101.0664,-1271.7278,5.7932625
-118.17457,-1315.5795,-73.24243
-135.28275,-1359.431,-152.27814
-239.15428,-1323.3547,-166.84653
-343.02582,-1287.2784,-181.41492
-421.2355,-1456.0436,-178.59804
-499.44522,-1624.8086,-175.78116
-463.02777,-1579.5083,-249.63972
-426.6103,-1534.208,-323.4983
-380.04904,-1432.7499,-290.56573
-333.4878,-1331.2916,-257.63318
-411.7135,-1371.3972,-269.41052
-489.93918,-1411.5028,-281.18784
-429.33133,-1167.7188,-260.14178
-368.72348,-923.93475,-239.09573
-202.61295,-842.1529,-161.66101
-36.5024,-760.37103,-84.2263
-168.6828,-736.3553,-177.81194
-300.86008,-712.34015,-271.39536
-94.59467,-456.75574,-132.8849
111.67072,-201.17131,5.6255374
188.12654,-49.11244,31.361809
264.58237,102.946434,57.098083
262.96896,242.4167,6.698492
261.35553,381.88696,-43.701096
145.89119,300.19897,-50.597153
30.426857,218.511,-57.493206
216.80435,450.5633,16.254988
403.18185,682.61554,90.00318
253.56882,695.75665,143.0356
103.95577,708.89777,196.06802
67.99435,698.40674,113.5162
32.03292,687.9157,30.964357
111.34502,822.486,91.44602
190.6571,957.0564,151.92769
253.84825,967.7841,210.54544
317.03937,978.51184,269.1632
229.19327,1001.8822,168.50102
141.34714,1025.2526,67.83885
306.01822,1132.6274,171.95877
470.6893,1240.0023,276.0787
461.89578,1314.1069,299.0185
453.10205,1388.2133,321.95883
466.3148,1273.1244,240.72855
479.52753,1158.0356,159.49826
451.66226,1156.6704,217.07564
423.797,1155.305,274.653
205.71568,926.4319,221.98642
-12.365616,697.55865,169.31982
305.65604,1017.31213,233.82953
623.6777,1337.0657,298.33923
263.08606,1030.9548,209.9174
-97.50558,724.84406,121.495575
88.54192,904.7531,155.00761
274.58942,1084.6621,188.51964
242.50336,904.35394,127.808105
210.41728,724.0458,67.09658
-24.59436,483.1746,89.98608
-259.606,242.30344,112.87557
-189.34387,205.44089,58.6771
-119.08173,168.57834,4.478628
-44.339542,-81.24924,37.49361
30.402653,-331.0768,70.50859
-79.1562,-574.3475,40.0319
-188.71504,-817.61816,9.555202
-44.346558,-915.76807,-45.622154
100.02192,-1013.91797,-100.79951
-249.94766,-1256.7952,-121.88517
-599.9089,-1499.6665,-142.97032
-307.44952,-1337.478,-251.66
-14.9901705,-1175.2897,-360.34967
-215.3171,-1274.0955,-199.81842
-415.644,-1372.9012,-39.287155
-496.432,-1277.5956,-187.1837
-577.22,-1182.2898,-335.08026
-438.09872,-1152.108,-353.02567
-298.97745,-1121.9261,-370.9711
-390.02316,-1110.952,-236.05428
-481.06888,-1099.9779,-101.137436
-538.3027,-975.1537,-129.41455
-595.5365,-850.3294,-157.69165
-466.42172,-1049.9646,-300.6915
-337.30695,-1249.5997,-443.69135
-232.24991,-844.8782,-370.91296
-127.19287,-440.1566,-298.13458
-286.55414,-379.65167,-127.541466
-445.9154,-319.14673,43.051655
-102.52223,220.13858,33.023678
240.87094,759.4239,22.995705
150.71083,930.49286,228.41747
60.55072,1101.5619,433.83923
67.530716,1209.8494,147.77235
74.51088,1318.1394,-138.30133
186.31305,1461.4572,172.67369
298.1152,1604.775,483.64868
148.90472,1508.7672,322.68262
-0.30577078,1412.7594,161.71654
-97.37893,922.89844,289.79285
-194.45209,433.03745,417.86917
-28.242844,-13.841259,252.93593
137.9664,-460.71997,88.00268
-6.3931885,-715.3362,-120.0208
-150.75278,-969.9524,-328.04428
-189.52634,-1103.9888,-106.74775
-228.2999,-1238.025,114.548775
-263.31876,-1113.5609,-99.916214
-298.33765,-989.09686,-314.3812
-205.90855,-791.584,-192.17459
-113.479485,-594.07104,-69.96798
-100.88258,-397.34784,-116.639465
-88.28568,-200.62463,-163.31094
73.2163,27.043232,-34.893555
234.71828,254.71109,93.523834
186.36423,550.57916,84.00586
138.01018,846.4472,74.487885
177.02556,972.73486,84.008514
216.04095,1099.0226,93.52915
62.130222,1178.3596,124.55344
-91.77684,1257.6948,155.57698
-309.91302,822.58575,163.05518
-528.04926,387.4767,170.53336
-30.206427,93.317924,125.400024
467.63638,-200.84087,80.26669
184.67665,-713.70416,66.43948
-98.28309,-1226.5675,52.61227
-217.32593,-1226.7545,-100.50117
-336.36877,-1226.9417,-253.61461
-211.76996,-964.4671,-118.60514
-87.17114,-701.9925,16.404333
0.3113616,-521.24835,-74.04372
87.79387,-340.50415,-164.49178
32.914932,-142.29118,-90.46574
-21.964003,55.92177,-16.4397
86.55088,223.34546,-79.49713
195.06577,390.76917,-142.55457
113.72234,616.14026,-54.743023
32.37891,841.51135,33.068527
138.91292,1231.01,107.20756
245.44695,1620.5087,181.34659
319.07593,1538.7007,110.26865
392.7049,1456.8927,39.19071
201.12221,1349.184,255.8354
9.534941,1241.4727,472.48526
143.89818,843.5972,343.77563
278.2614,445.72177,215.06602
132.21178,-175.70703,79.386284
-13.837862,-797.13586,-56.293465
132.32031,-966.54333,-106.078835
278.4785,-1135.9508,-155.86421
-34.54898,-1402.6998,-216.89142
-347.57645,-1669.4489,-277.91864
-204.18646,-1453.7654,-274.80566
-60.79649,-1238.0819,-271.69272
-42.37618,-1372.021,-292.0282
-23.955868,-1505.9601,-312.36368
-55.879322,-1150.4039,-262.70212
-87.80278,-794.8479,-213.04051
26.063305,-629.0276,-102.40434
139.9294,-463.20734,8.231832
243.21658,145.7489,-20.657835
346.50375,754.70514,-49.5475
297.32718,774.19775,54.54561
248.15059,793.69037,158.63872
408.59314,1165.5681,109.72152
569.03564,1537.4459,60.80432
408.63684,1608.939,190.87334
248.23804,1680.432,320.94235
129.99084,1297.103,127.9748
11.746478,913.7831,-64.988144
2.616389,500.5457,94.4737
-6.5137,87.30828,253.93555
142.91966,-378.54132,65.771355
292.35303,-844.3909,-122.39284
245.2849,-903.56384,-126.24375
198.21677,-962.73676,-130.09467
-80.93483,-1123.3741,-106.18997
-360.08643,-1284.0115,-82.28528
-279.40906,-1081.1362,-242.66895
-198.73169,-878.2609,-403.0526
-115.79799,-768.2662,-210.7469
-32.864292,-658.2715,-18.441212
119.77104,-571.437,-188.44252
272.40637,-484.6025,-358.44382
126.69088,-89.1266,-66.2249
-19.024616,306.3493,225.99403
192.3438,506.8034,158.47324
403.7122,707.2575,90.95243
278.078,1020.9999,-13.269241
152.44383,1334.7423,-117.49091
411.69003,1580.9879,114.61781
670.9362,1827.2335,346.72653
257.41125,1391.0504,196.18842
-156.12361,954.85693,45.6467
-261.11786,815.62915,122.96275
-366.11212,676.4013,200.27881
-18.764948,135.89783,113.4369
328.58224,-404.60568,26.594984
85.08447,-661.67725,30.566484
-158.41328,-918.74884,34.537983
-140.43925,-983.6535,-32.713898
-122.46521,-1048.5582,-99.965775
-210.69641,-1014.46985,-185.47661
-298.9276,-980.38153,-270.98743
-301.52118,-889.8559,-282.77856
-304.11475,-799.33026,-294.5697
-112.199814,-579.3091,-184.6371
79.715126,-359.28784,-74.70448
-94.9663,-314.1228,-50.5184
-269.64774,-268.9578,-26.332314
-16.015686,179.5523,-44.346855
237.61636,628.06244,-62.361397
268.4745,772.12225,60.475742
299.3326,916.18207,183.31288
158.81654,1092.4392,114.552246
18.300484,1268.6964,45.79161
-36.70928,1090.1912,84.974884
-91.71904,911.68585,124.15815
-92.85053,531.3307,101.31483
-93.981995,150.98459,78.47204
266.13623,-209.38431,-50.377335
626.25446,-569.7532,-179.22672
122.98433,-872.3318,-91.56469
-380.2858,-1174.9104,-3.902666
-151.09685,-1008.8319,-45.705734
78.092094,-842.75336,-87.508804
98.5832,-694.0483,-95.244705
119.07431,-545.3432,-102.98061
-78.7876,-509.9404,-80.107796
-276.6495,-474.53763,-57.234974
-171.01546,-203.7904,51.296288
-65.38141,66.95682,159.82755
109.106026,556.2309,149.56747
283.59344,1045.505,139.3074
290.29132,1174.4613,70.29694
296.9892,1303.4177,1.2864714
219.235,1422.1115,128.55339
141.4808,1540.8052,255.8203
-77.412384,1308.14,219.87724
-296.30557,1075.4749,183.93419
-190.53291,895.1937,248.27243
-84.76026,714.9126,312.6107
76.9891,151.6371,100.69846
238.74231,-411.65186,-111.21883
91.79013,-598.38074,-76.93955
-55.16205,-785.1097,-42.660275
-291.00018,-1081.7069,-55.244072
-526.8383,-1378.3041,-67.827866
-557.228,-1373.0931,-220.82375
-587.61774,-1367.8821,-373.8196
-493.6784,-1271.0417,-237.25867
-399.73907,-1174.2014,-100.69772
-410.02982,-1182.2509,-246.58481
-420.32056,-1190.3003,-392.4719
-367.3434,-891.6077,-243.28183
-314.3663,-592.91516,-94.09178
-316.07416,-590.22235,-138.77051
-317.78204,-587.5295,-183.44923
-161.58669,-202.9866,-100.41926
-5.391345,181.55627,-17.389278
-23.675999,369.84433,56.94104
-41.96065,558.1324,131.27136
146.40286,640.0521,6.9977655
334.76636,721.97186,-117.275826
219.89952,1058.349,85.43965
105.03267,1394.7262,288.15512
254.5361,1361.7793,189.44446
404.03952,1328.8325,90.73377
128.48398,1247.6362,190.16689
-147.06499,1166.4419,289.59763
60.878704,1177.9158,301.217
268.8224,1189.3895,312.83643
230.79716,564.306,211.15877
192.77193,-60.77748,109.48113
122.29526,-321.74127,58.993946
51.818592,-582.705,8.5067625
-76.608376,-904.38763,-156.31743
-205.03535,-1226.0703,-321.1416
-230.41364,-1271.7416,-281.8246
-255.79192,-1317.4128,-242.50757
-237.6063,-1294.2152,-233.54779
-219.42067,-1271.0175,-224.58801
-241.62892,-1109.4408,-187.95432
-263.8372,-947.86414,-151.32062
-88.369606,-770.25366,-133.9555
87.09798,-592.6432,-116.59041
195.82729,-402.72913,-74.916435
304.5566,-212.81503,-33.242474
316.12735,27.244555,0.33056667
327.69806,267.30414,33.903606
152.66481,454.37375,76.97032
-22.368452,641.44336,120.03704
305.01514,917.35345,117.687775
632.4065,1193.2701,115.338455
363.70728,1250.7767,201.65114
95.00805,1308.2832,287.96384
144.17859,1301.5027,267.49606
193.34912,1294.7222,247.02832
-4.68267,982.6248,89.8124
-202.71446,670.52747,-67.4035
-60.532005,212.45306,50.14397
81.65045,-245.62132,167.69145
280.46017,-506.40152,75.00191
479.2699,-767.1817,-17.687637
73.60844,-1111.8806,2.8780682
-332.053,-1456.5795,23.443773
-284.29526,-1396.3154,-69.246376
-236.53752,-1336.0514,-161.93652
-93.963264,-1129.2992,-148.38934
48.610985,-922.547,-134.84218
-97.58277,-877.13153,-151.55196
-243.77652,-831.7161,-168.26173
-222.80585,-729.8347,-200.20442
-201.83519,-627.95337,-232.1471
-163.74857,-272.20587,-83.77846
-125.66196,83.54164,64.59018
-36.487595,251.11237,17.32981
52.686764,418.68307,-29.930561
124.43247,764.5387,32.746227
196.17647,1110.3861,95.421524
301.96826,1248.9128,202.09518
407.76007,1387.4396,308.76886
466.5485,1529.4136,339.4847
525.3369,1671.3876,370.2006
318.52853,1604.9131,182.47443
111.72017,1538.4386,-5.2517457
-18.81971,1257.4332,126.066124
-149.35959,976.42786,257.384
-125.28514,625.64105,153.70976
-101.210686,274.8542,50.035522
48.324947,-290.07388,50.316227
197.86058,-855.00195,50.596928
-156.78937,-1176.9481,-144.72968
-511.43933,-1498.8942,-340.05627
-592.4053,-1475.153,-319.54538
-673.3712,-1451.4116,-299.0345
-430.74243,-1299.1278,-107.718605
-188.11363,-1146.844,83.59728
-207.42548,-853.0005,-215.78857
-226.73734,-559.157,-515.17444
-181.48314,-425.10562,-121.74671
-136.22896,-291.05423,271.68103
40.120266,-105.56695,89.956055
216.4737,79.924774,-91.773254
84.96182,350.11548,-7.1187925
-46.550056,620.3062,77.535675
102.10989,826.9434,171.10358
250.76984,1033.5806,264.67148
263.62308,1280.8358,139.67334
276.47635,1528.0911,14.675199
226.0223,1540.0072,180.11423
175.56824,1551.9233,345.55325
82.28041,1292.8774,215.91154
-11.007422,1033.8314,86.26984
-92.67271,681.0366,-78.49006
-174.33798,328.2418,-243.24995
123.570625,-167.20305,-194.17175
421.47925,-662.6479,-145.09354
-70.58854,-968.67316,-150.70914
-562.6563,-1274.6984,-156.32474
-504.7439,-1297.6713,-238.14487
-446.83148,-1320.6442,-319.965
-465.9499,-1430.3005,-351.9736
-485.0683,-1539.9569,-383.98218
-499.67398,-1305.3687,-237.62927
-514.27966,-1070.7803,-91.276375
-214.77238,-891.8564,-142.47841
84.73487,-712.93243,-193.68045
-33.00472,-525.4457,-97.32776
-150.7415,-337.96344,-0.9773657
-79.06283,-66.10535,101.54965
-7.384143,205.75273,204.07668
240.87859,652.329,190.40013
489.14133,1098.9052,176.72359
257.64417,1072.508,145.44995
26.14701,1046.1108,114.17632
479.01633,1412.9465,266.39053
931.8856,1779.7822,418.60477
566.7005,1553.9058,389.86328
201.51534,1328.0292,361.12183
0.30160904,1105.3217,137.44589
-200.91211,882.6142,-86.230034
53.836483,509.802,133.6497
308.58508,136.98976,353.52945
209.77217,-294.79666,158.43367
110.95925,-726.5831,-36.662098
-12.451202,-1003.2249,-125.77847
-135.86165,-1279.8667,-214.89485
-272.41153,-1314.1714,-241.07678
-408.96136,-1348.4761,-267.25873
-410.176,-1342.6167,-231.03278
-411.39062,-1336.7572,-194.80684
-434.25598,-1192.249,-186.1726
-457.1219,-1047.7374,-177.53818
-166.57823,-589.4419,-157.46909
123.96541,-131.14629,-137.4
-15.98643,-141.82268,-70.848915
-155.93826,-152.49907,-4.297827
106.22335,123.14596,73.295006
368.38495,398.791,150.88785
153.76494,739.5494,188.58157
-60.855083,1080.3077,226.2753
195.83313,1098.4159,92.61642
452.52133,1116.524,-41.04246
236.58582,1020.114,160.47566
20.650316,923.704,361.99377
-38.86296,834.7837,230.20007
-98.376236,745.86334,98.40636
21.065956,78.83495,145.28987
140.50815,-588.1934,192.17339
105.93454,-706.4756,134.20093
71.36092,-824.7577,76.22847
-47.20441,-859.40924,-96.648384
-165.76974,-894.06085,-269.52524
-348.80032,-1019.6093,-203.85576
-531.83093,-1145.1578,-138.1863
-334.27808,-901.517,-261.50366
-136.72523,-657.8763,-384.821
-159.00526,-479.84677,-149.12982
-181.28474,-301.82153,86.55574
81.21429,90.36933,90.7635
343.71332,482.56018,94.97125
226.10786,628.714,95.71736
108.50241,774.8678,96.46348
201.39409,1076.2408,141.75829
294.28577,1377.6139,187.05309
362.24915,1591.8561,129.89229
430.21255,1806.0983,72.7315
321.28714,1575.1993,272.0923
212.36176,1344.3004,471.4531
15.051561,1467.5616,259.78745
-182.25864,1590.8228,48.121834
-74.96994,970.3621,201.3516
32.318745,349.90146,354.58136
73.686615,82.19631,126.60038
115.05449,-185.50883,-101.380585
-10.018167,-580.5444,-153.69548
-135.09082,-975.5799,-206.01038
-241.62175,-1086.0065,-83.28296
-348.15268,-1196.4331,39.444454
-335.1437,-1176.2161,-180.39761
-322.13474,-1155.9989,-400.2397
-337.05496,-1147.9701,-339.74362
-351.97552,-1139.941,-279.2461
-246.75534,-1044.7894,-306.97156
-141.53513,-949.6377,-334.697
-265.5675,-780.4188,-223.66907
-389.59985,-611.19995,-112.64114
-220.74515,-356.3599,-164.85135
-51.890446,-101.51984,-217.06155
45.017006,-55.93407,-169.9757
141.92445,-10.348301,-122.88983
59.061813,178.63658,29.545095
-23.800833,367.62146,181.98003
18.741858,581.1496,192.82317
61.28455,794.6777,203.6663
222.40016,1152.8402,118.967155
383.51578,1511.0027,34.26801
428.85294,1437.784,264.55682
474.1901,1364.5653,494.8456
-15.133299,1046.8025,172.12886
-504.45667,729.03973,-150.58789
-126.34359,301.9303,55.67303
251.76949,-125.17909,261.93396
206.91272,-465.5162,-25.858677
162.05594,-805.8533,-313.6513
86.318085,-957.2929,-193.02977
10.580223,-1108.7325,-72.408226
-122.96141,-1089.5701,-227.89369
-256.49985,-1070.4081,-383.37543
-164.76213,-874.82227,-318.9583
-73.0244,-679.2366,-254.54117
84.581924,-397.29218,-102.68707
242.18823,-115.347786,49.167027
118.75778,46.466537,-31.981804
-4.672675,208.28087,-113.13064
207.9445,676.99603,41.788383
420.56168,1145.7112,196.70741
88.29283,1055.3137,85.76487
-243.97601,964.9163,-25.177671
-157.57787,626.8009,87.081955
-71.17971,288.68546,199.34158
113.4367,-16.842775,123.3564
298.0531,-322.371,47.371212
180.93687,-800.5395,84.68166
63.82063,-1278.708,121.99212
-8.490381,-1177.1971,21.127188
-80.80139,-1075.6864,-79.73774
-195.77612,-1261.0637,-159.25348
-310.75085,-1446.441,-238.76923
-158.84898,-982.6314,-218.90262
-6.94713,-518.8218,-199.036
124.38492,-287.62442,-16.238352
255.7201,-56.42155,166.56366
105.54366,239.44826,28.860659
-44.63277,535.31805,-108.84234
177.72783,915.14014,-39.48075
400.08844,1294.9622,29.88084
201.51477,1115.4518,239.37143
2.9410856,935.9414,448.86203
-101.55609,542.2062,124.53424
-206.05327,148.47098,-199.79355
74.528175,-353.46817,-118.401726
355.10962,-855.4073,-37.009907
211.26665,-970.04065,25.135073
67.42367,-1084.674,87.28005
-73.3575,-1115.9205,-5.285736
-214.13867,-1147.167,-97.851524
-242.37563,-897.82825,-217.58769
-270.6126,-648.4894,-337.32385
-32.810925,-512.2487,-264.67575
204.99075,-376.00806,-192.02765
-69.15934,-54.464428,-71.91679
-343.30942,267.0792,48.19408
57.10603,688.85675,83.36414
457.52148,1110.6343,118.5342
413.01437,1244.0355,209.86021
368.5073,1377.4368,301.18622
-7.4358277,1265.7402,263.2477
-383.37,1154.0464,225.31007
-115.2673,819.39307,163.1618
152.83537,484.73975,101.01352
172.94882,39.148422,67.18452
193.06227,-406.44287,33.35552
75.652145,-741.50055,-9.139526
-41.75798,-1076.5582,-51.63457
-37.23531,-990.57495,-153.28386
-32.712635,-904.5916,-254.93315
-52.30449,-903.46515,-179.2155
-71.89635,-902.3386,-103.49785
27.35254,-606.8565,-68.37523
126.601425,-311.3744,-33.25261
151.6457,-114.735916,-19.672646
176.68997,81.90256,-6.0926814
138.47452,429.53943,-43.495365
100.25907,777.17633,-80.89805
296.21008,1221.6293,74.279495
492.16107,1666.0822,229.45705
397.67566,1614.0676,143.27432
303.19025,1562.0532,57.09159
173.62808,1560.6233,285.5941
44.065907,1559.1935,514.09656
115.75243,1152.2188,422.80286
187.44067,745.2344,331.507
178.6813,188.41502,252.89299
169.92194,-368.40433,174.27898
77.50174,-631.93115,-22.212128
-14.918455,-895.458,-218.70323
-68.22634,-925.0427,-180.64392
-121.53422,-954.62744,-142.58461
-307.45508,-956.5351,-177.03903
-493.37595,-958.4428,-211.49345
-242.6148,-913.82605,-207.50534
8.146333,-869.2093,-203.51724
-76.587456,-785.60583,-236.60573
-161.32124,-702.0024,-269.6942
-233.2034,-692.8443,-281.85037
-305.08554,-683.6862,-294.00653
-120.24927,-309.31696,-116.191956
64.58703,65.05235,61.62262
149.52405,213.8455,32.968197
234.46106,362.63867,4.313771
316.8784,743.572,71.25784
399.29572,1124.5054,138.2019
233.54924,1225.736,165.30629
67.80278,1326.9666,192.41068
77.218994,1268.5355,148.22325
86.6352,1210.1045,104.03582
-143.4795,956.9061,62.087105
-373.5887,703.7138,20.139393
-22.419924,275.52335,169.4463
328.74887,-152.66708,318.75323
244.01018,-433.65445,15.317735
159.27147,-714.64185,-288.11777
-53.57035,-860.722,-6.8027434
-266.41217,-1006.8022,274.51227
-226.0578,-1027.1985,24.567259
-185.70341,-1047.5947,-225.37775
-255.84018,-904.4207,-200.59125
-325.97693,-761.2467,-175.80473
-155.26624,-493.50388,-142.78456
15.444458,-225.76108,-109.76437
-26.135546,20.130415,16.507141
-67.715546,266.0219,142.77866
-7.7117376,481.67087,94.326744
52.292072,697.3198,45.874844
104.2566,976.30396,112.72004
156.22113,1255.288,179.56523
143.0169,1323.0953,232.7144
129.81268,1390.9026,285.8636
167.79613,1292.3853,299.8012
205.77956,1193.8679,313.73883
-56.705185,773.73285,225.92006
-319.1962,353.58774,138.09921
-100.82019,-94.58965,137.4456
117.55581,-542.767,136.792
159.6331,-761.4365,46.205727
201.7104,-980.10596,-44.380558
-88.17404,-1252.6744,-222.0071
-378.0585,-1525.243,-399.63364
-397.0633,-1380.4999,-231.89824
-416.0681,-1235.7567,-64.16285
-471.32422,-1213.3365,-171.64008
-526.5803,-1190.9163,-279.1173
-400.67014,-903.7976,-247.85533
-274.75998,-616.679,-216.59337
-123.216835,-444.21286,-168.61441
28.326294,-271.7467,-120.63546
-118.99705,-55.70042,38.55993
-266.32037,160.34586,197.75531
-186.48904,430.73566,30.17612
-106.65771,701.1255,-137.40308
86.364395,1010.59576,15.251293
279.3865,1320.066,167.90565
71.64091,1211.7678,252.29504
-136.10469,1103.4696,336.68445
-156.57849,806.4301,282.79282
-177.0523,509.39062,228.90121
70.289635,69.520096,199.68372
317.62567,-370.33997,170.46692
144.31917,-623.166,8.852917
-28.987337,-875.99207,-152.7611
-247.40141,-1078.8835,-126.3555
-465.8155,-1281.7751,-99.94992
-398.2892,-1071.741,-131.60385
-330.7629,-861.7069,-163.2578
-225.21675,-631.63544,-109.53665
-119.67057,-401.56396,-55.815517
-112.49002,-232.24272,-95.269905
-105.30947,-62.921474,-134.72429
12.14186,193.9163,-96.391594
129.59319,450.75406,-58.0589
30.459478,737.37524,123.532265
-68.67423,1023.99646,305.1234
73.249794,1242.6084,96.943146
215.17383,1461.2203,-111.23713
146.79102,1385.9124,28.77193
78.40822,1310.6045,168.78099
-154.1544,977.8158,158.92986
-386.71704,645.02716,149.0787
61.16579,395.06,177.80469
509.0486,145.09288,206.53065
308.50174,-348.32535,239.75064
107.95011,-841.7554,272.97144
-168.42102,-971.41724,6.5812774
-444.79218,-1101.0791,-259.80887
-371.37674,-1070.1869,-256.9248
-297.96133,-1039.2947,-254.04076
-420.12378,-997.43964,-163.48718
-542.28625,-955.58453,-72.93362
-319.34613,-673.7347,-209.7923
-96.40605,-391.88486,-346.65097
-133.64032,-302.9084,-253.47812
-170.8746,-213.93192,-160.30527
6.4676137,157.36214,-112.63097
183.80983,528.6562,-64.95667
339.48505,801.9636,59.208508
495.16028,1075.2711,183.37369
326.40576,1151.7292,137.52354
157.65125,1228.1875,91.67341
23.172447,1150.8215,26.793827
-111.30634,1073.4556,-38.085754
-148.82335,823.1569,175.4797
-186.34036,572.85815,389.04517
166.78867,119.40538,199.51537
519.91766,-334.04742,9.985569
356.37018,-660.4276,38.301556
192.82266,-986.8078,66.61754
9.751467,-1347.8594,1.7056365
-173.31535,-1708.9022,-63.20472
-186.26773,-1436.2412,-78.419655
-199.22011,-1163.5801,-93.63459
-180.91217,-974.6788,-180.22418
-162.60423,-785.7775,-266.81375
-97.373665,-691.4589,-195.83366
-32.143105,-597.1403,-124.85356
149.68605,-89.625084,-108.33882
331.5152,417.89017,-91.82409
307.61444,619.4237,-24.792253
283.7137,820.9573,42.23958
291.73004,970.80145,38.279686
299.74637,1120.6456,34.31979
366.29053,1395.9976,133.85832
432.8347,1671.3495,233.39685
304.97684,1401.2634,297.4116
177.11899,1131.1775,361.42633
141.391,815.04816,248.8703
105.663025,498.9189,136.31427
153.56764,-37.484287,55.111847
201.47226,-573.88745,-26.09058
152.99117,-816.841,6.9659185
104.510086,-1059.7946,40.02242
-119.38711,-1124.5289,-165.7586
-343.28964,-1189.2649,-371.54453
-381.6393,-1239.402,-284.25583
-419.989,-1289.5391,-196.96712
-295.79382,-937.0595,-247.16914
-171.5986,-584.57996,-297.3712
-97.82856,-582.8363,-262.0952
-24.058502,-581.0926,-226.81924
-75.15797,-416.8399,-144.56586
-126.25744,-252.5872,-62.312477
-62.65705,-16.518644,-159.55678
0.94333196,219.54991,-256.8011
192.81793,583.26154,-52.998943
384.69254,946.9731,150.80319
376.40485,1279.6147,93.70669
368.1172,1612.2565,36.61018
233.70135,1464.505,197.66743
99.285515,1316.7535,358.72467
-50.255325,862.1341,170.97256
-199.79616,407.51465,-16.779568
63.525665,58.42205,-19.822697
326.8475,-290.67053,-22.865826
182.01251,-693.3968,-0.19177988
37.177525,-1096.123,22.482265
-152.3421,-1311.1066,-129.11806
-341.86176,-1526.0902,-280.71838
-243.09128,-1336.3381,-239.07396
-144.32315,-1146.5907,-197.43054
-50.77483,-887.4678,-157.50401
42.773495,-628.3449,-117.57749
-64.89182,-386.57803,-140.80711
-172.55713,-144.81113,-164.03674
-12.91932,150.94923,19.156195
146.71849,446.70956,202.34914
431.17392,839.8246,146.04924
715.62933,1232.9396,89.749344
385.89212,1323.2092,171.03299
56.15491,1413.4789,252.31664
316.17172,1468.076,360.23935
576.18854,1522.6732,468.16205
157.36372,1414.1044,245.74823
-261.4611,1305.5356,23.334402
-112.2496,761.13904,71.57618
36.961876,216.74251,119.817955
182.57755,-95.767235,65.68587
328.1932,-408.27698,11.553775
47.074482,-648.22864,-29.491482
-234.04425,-888.18024,-70.536736
-174.04225,-1122.8619,-182.53442
-114.04027,-1357.5436,-294.5321
-276.55307,-1204.1415,-193.01074
-439.06976,-1050.7358,-91.48695
-421.21167,-960.7963,-246.94943
-403.35358,-870.8568,-402.41193
-212.1942,-618.8025,-182.83838
-21.034813,-366.7482,36.735172
35.887836,-55.405975,14.388829
92.810486,255.93625,-7.9575167
113.47149,441.27936,85.33078
134.13249,626.6225,178.61908
317.99826,1061.6544,194.59167
501.86404,1496.6863,210.56427
337.87485,1454.5023,116.25564
173.88565,1412.3184,21.946999
12.448967,1315.868,204.37242
-148.98772,1219.4176,386.79785
-105.4842,1018.9877,228.95096
-61.980694,818.5577,71.10405
94.848274,148.29994,167.45361
251.67725,-521.9578,263.80316
90.71583,-790.4546,185.29323
-70.24559,-1058.9514,106.783295
-187.11737,-1227.0651,70.83664
-303.98917,-1395.1787,34.889984
-182.8854,-1254.6747,13.914502
-61.781635,-1114.1708,-7.060978
-361.79834,-1128.1685,-246.16327
-661.80786,-1142.1658,-485.25986
-352.49625,-776.64014,-122.56668
-43.18461,-411.11453,240.1265
-53.069344,-126.930176,99.044464
-62.954082,157.25417,-42.037575
162.96588,641.783,94.540794
388.88586,1126.3118,231.11917
292.60736,1218.8397,231.78278
196.32887,1311.3677,232.44638
157.82573,1347.9426,225.59961
119.32258,1384.5177,218.75285
-22.954815,1175.5388,337.77185
-165.23221,966.5598,456.79083
-205.84111,515.78,205.51837
-246.45003,65.00023,-45.754093
88.05918,-219.4245,56.994823
422.5684,-503.8492,159.74374
-66.84774,-1036.779,-106.1891
-556.26385,-1569.7089,-372.12195
-231.14288,-1299.4326,-197.93748
93.978096,-1029.1562,-23.753038
-210.3855,-1053.833,-179.13602
-514.7491,-1078.5098,-334.519
-337.0939,-866.66077,-270.13132
-159.43452,-654.80664,-205.7421
-250.71768,-437.82785,-194.21605
-342.00082,-220.84909,-182.69
-59.153854,160.931,-149.63324
223.69312,542.71106,-116.57648
222.25714,723.9819,-60.07455
220.82117,905.2527,-3.5726204
216.68204,1247.1494,96.30033
212.54291,1589.046,196.17328
243.25688,1436.5859,119.341866
273.9709,1284.1259,42.510452
-15.430616,1124.6714,95.38861
-304.8321,965.217,148.26677
-60.330807,364.9848,105.75517
184.17049,-235.24734,63.243572
174.08986,-599.62366,22.731213
164.00922,-963.99994,-17.781147
0.8568102,-1078.8766,-100.91123
-162.29561,-1193.7532,-184.04132
-220.51346,-1230.8937,-182.9012
-278.7313,-1268.0342,-181.7611
-217.99724,-1100.0671,-214.9465
-157.26318,-932.1001,-248.13191
-245.53542,-951.5126,-296.71365
-333.80765,-970.9251,-345.29538
-110.01474,-683.07434,-226.81235
113.77283,-395.23047,-108.33214
-42.784912,-157.38753,-93.29806
-199.34265,80.455414,-78.26398
156.34978,398.578,-38.668015
512.0422,716.7006,0.9279445
399.57306,931.3717,85.60361
287.1039,1146.0427,170.27927
361.53033,1349.9498,47.05098
435.95676,1553.8569,-76.17731
445.79065,1528.5503,158.19868
455.62457,1503.2437,392.57468
251.82977,1385.6017,219.54878
48.03497,1267.9598,46.522873
21.536427,710.6921,10.570214
-4.9621162,153.42427,-25.382446
68.73968,-153.38017,-40.799362
142.44147,-460.18463,-56.216278
172.2368,-635.9744,-203.63379
202.03212,-811.7643,-351.0513
-23.197153,-1217.4431,-342.48904
-248.42642,-1623.1221,-333.9268
-329.8013,-1332.4832,-378.87216
-411.17618,-1041.8444,-423.81754
-227.80244,-977.0368,-192.22058
-44.42432,-912.22766,39.381878
43.124767,-947.25543,-315.88348
130.67386,-982.2832,-671.1488
85.330925,-789.0291,-273.15527
39.988007,-595.775,124.838295
-51.313747,-641.514,-114.75277
-142.6155,-687.253,-354.34384
-62.944195,-363.1724,-265.33572
16.72711,-39.091778,-176.3276
245.30356,81.17954,-37.013794
473.88,201.45087,102.30002
155.78345,377.30136,-14.857687
-162.3131,553.15186,-132.0154
66.32033,744.94244,-78.41404
294.95377,936.73303,-24.812677
116.20401,1242.7512,54.28246
-62.545727,1548.7693,133.3776
157.69475,1593.6782,174.19984
377.9352,1638.587,215.0221
204.02216,1449.382,215.29193
30.109087,1260.1769,215.56177
-37.619476,916.1765,153.47809
-105.348045,572.17615,91.394394
-119.062515,-139.93497,36.635452
-132.77698,-852.0461,-18.123495
-95.14164,-933.6288,-45.391365
-57.5072,-1015.2096,-72.65858
-162.17448,-1331.065,-161.76752
-266.8418,-1646.9204,-250.87645
-523.9406,-1579.7191,-171.14772
-781.0395,-1512.5178,-91.419
-424.65887,-1299.2577,-201.65405
-68.278244,-1085.9974,-311.8891
-172.4573,-1059.0034,-141.36708
-276.63638,-1032.0093,29.154938
-335.37274,-821.4579,-71.32521
-394.1091,-610.90656,-171.80536
-225.86632,-240.8619,-17.533493
-57.62353,129.18274,136.73839
128.16191,435.21628,88.021484
313.94736,741.2498,39.30459
204.84563,1075.7548,242.35214
95.74389,1410.2598,445.3997
202.30984,1504.1279,395.44345
308.8758,1597.996,345.4872
330.138,1504.9674,267.2234
351.40018,1411.9387,188.95958
26.35854,1354.0739,359.04385
-298.6831,1296.2089,529.1281
-43.05101,689.9068,342.67734
212.58719,83.59024,156.22212
120.37352,-334.88614,91.807884
28.159855,-753.36255,27.393646
-241.92851,-1179.248,23.5678
-512.01685,-1605.1335,19.741957
-447.9924,-1579.0851,-67.9556
-383.96793,-1553.0366,-155.65315
-446.80557,-1430.0538,-201.67873
-509.6432,-1307.071,-247.70428
-289.76746,-1009.4778,-29.501394
-69.891716,-711.8846,188.7015
-24.185137,-296.3608,141.19905
21.521446,119.16295,93.696594
184.19522,259.51715,165.05031
346.86902,399.87134,236.404
241.13957,880.9596,193.15843
135.41014,1362.0479,149.91286
229.38388,1319.2041,239.08977
323.35764,1276.3604,328.26666
65.61491,1039.2948,308.86008
-192.12782,802.2293,289.45346
-52.02349,421.52094,200.42545
88.08084,40.812607,111.39742
139.58932,-383.54294,108.680695
191.09782,-807.8985,105.963974
39.560017,-799.411,8.970585
-111.974174,-790.92377,-88.02049
-120.50905,-876.5407,2.1162658
-129.04391,-962.1577,92.25302
-231.5268,-854.22797,-129.07693
-334.00967,-746.2983,-350.4069
3.6262116,-330.5718,-137.7913
341.2621,85.15464,74.824295
212.59271,223.99376,-45.689037
83.92333,362.8329,-166.20236
55.017315,652.10876,11.091343
26.111301,941.3847,188.38506
174.0219,1229.8663,307.92075
321.9325,1518.3479,427.45645
129.69684,1324.6913,300.6501
-62.538822,1131.0347,173.84372
60.60029,864.7521,292.07788
183.7394,598.46954,410.31204
113.76086,-8.04866,60.4357
43.78232,-614.56683,-289.44064
-4.81644,-645.9814,-237.59608
-53.4152,-677.39594,-185.75153
-85.64147,-885.33636,-162.84836
-117.86775,-1093.2769,-139.94519
-155.2235,-961.2872,-200.12398
-192.58014,-829.2944,-260.3042
-146.05496,-659.3067,-221.18341
-99.52978,-489.31906,-182.06262
-175.59369,-531.67175,-285.23175
-251.6576,-574.0244,-388.40085
-82.26221,-322.47815,-257.9191
87.13318,-70.93187,-127.43737
21.55031,85.801765,-10.834826
-44.03256,242.5354,105.767715
96.47286,505.75635,-43.021233
236.97829,768.9773,-191.81018
207.63103,844.9495,-34.99579
178.28377,920.92175,121.8186
262.62415,1187.8257,172.23232
346.96448,1454.7297,222.64603
64.008125,1171.1243,228.14566
-218.94824,887.51874,233.64531
-254.20029,412.33182,-69.799675
-289.45233,-62.85508,-373.24466
68.50477,-369.7825,-162.67241
426.46185,-676.70996,47.899845
-102.8578,-863.5438,-109.539764
-632.1775,-1050.3777,-266.97937
-435.2473,-975.2173,-174.44328
-238.31715,-900.05676,-81.9072
-247.58266,-872.8949,-149.89046
-256.84793,-845.7336,-217.87209
-244.21669,-520.4556,-252.34636
-231.58543,-195.1776,-286.82062
-0.43541726,44.91218,-31.737888
230.7146,285.00195,223.34485
116.01907,574.1259,2.549105
1.3235476,863.2499,-218.24664
159.91405,1228.5902,114.64715
318.50455,1593.9305,447.54095
238.49596,1491.0605,356.6817
158.48735,1388.1907,265.82245
-56.525127,1059.0305,209.74213
-271.5376,729.87036,153.6618
-11.46963,129.19885,-11.635889
248.59834,-471.4727,-176.9336
27.830133,-724.94464,-187.45691
-192.93808,-978.41656,-197.98024
-104.45736,-1021.4505,-101.72977
-15.976641,-1064.4844,-5.479306
-71.15698,-980.2465,-86.44051
-126.33733,-896.0086,-167.40172
-188.57796,-726.0482,-167.54564
-250.81857,-556.0878,-167.68958
-70.00591,-377.35434,-37.474697
110.81106,-198.61656,92.74328
86.80896,22.513948,23.373741
62.806854,243.64445,-45.995792
276.1133,488.3099,-5.894213
489.41974,732.97534,34.207367
441.13733,1092.2805,208.83363
392.85495,1451.5857,383.4599
315.04626,1296.5404,186.65158
237.23761,1141.4952,-10.156743
86.924034,1007.4738,38.621994
-63.389534,873.45233,87.400734
-0.21245542,510.69537,70.2732
62.964626,147.93842,53.145668
199.11578,-369.8992,-45.38879
335.26694,-887.7368,-143.92325
106.863205,-1031.5065,-51.86626
-121.54052,-1175.2761,40.190735
-309.53763,-1262.2515,-185.15607
-497.53473,-1349.2269,-410.50287
-182.65443,-1168.0499,-341.7315
132.22586,-986.8729,-272.96014
-115.522385,-768.5429,-183.02023
-363.27063,-550.2129,-93.080315
-17.634237,-98.116875,-10.393695
328.00217,353.9791,72.29292
291.0405,629.5065,30.317844
254.07973,905.0273,-11.656238
186.0247,1131.6108,102.80041
117.96967,1358.1945,217.25705
44.80178,1211.3689,269.22702
-28.36611,1064.5433,321.197
-97.6798,540.7113,171.24176
-166.9935,16.879255,21.286537
164.51108,-364.65082,-40.05411
496.01566,-746.1809,-101.39476
-13.201103,-1144.1099,-91.590004
-522.41785,-1542.039,-81.78525
-242.89726,-1196.9867,-206.7975
36.623318,-851.9344,-331.80975
-61.64969,-794.8923,-232.08318
-159.9227,-737.8502,-132.35658
-187.50278,-395.6921,-58.312313
-215.08284,-53.533993,15.731959
43.031395,271.93683,-2.3103118
301.14563,597.40765,-20.352583
380.95737,834.39307,189.11789
460.76907,1071.3785,398.58835
275.76013,1327.5138,304.15823
90.75116,1583.649,209.7281
347.36334,1670.4365,236.45686
603.9816,1757.226,263.18625
239.12694,1475.4937,232.60233
-125.72777,1193.7612,202.0184
-124.17649,957.15063,265.11826
-122.62522,720.54004,328.21814
150.19475,193.05002,156.96909
423.0147,-334.43997,-14.279977
-60.037918,-703.8765,-79.932945
-543.0906,-1073.3131,-145.5859
-392.15326,-1175.7361,-214.20216
-241.21596,-1278.159,-282.81842
-304.4025,-1290.0027,-175.94325
-367.58905,-1301.8462,-69.068085
-287.97507,-1119.4003,-145.22488
-208.36104,-936.9543,-221.38167
-189.9851,-1013.361,-258.07135
-171.60916,-1089.7677,-294.76102
-203.47949,-859.53546,-58.46182
-235.34982,-629.30316,177.83736
-89.450226,-562.82574,-165.33315
56.449375,-496.3484,-508.50363
7.6517353,-222.93365,-203.58461
-41.145905,50.481094,101.33442
54.398228,220.57245,134.41835
149.94235,390.66382,167.50229
229.36311,624.673,92.82998
308.78195,858.6765,18.159458
238.59415,1100.7827,63.80397
168.40633,1342.889,109.44848
317.59976,1321.6748,192.4677
466.79318,1300.4606,275.4869
199.32391,1397.86,327.92096
-68.14537,1495.2594,380.355
28.150167,919.04694,318.7136
124.44571,342.83456,257.07217
87.41658,-22.844238,89.83018
50.387455,-388.52304,-77.41183
46.434883,-599.5776,69.195015
42.48231,-810.6321,215.80186
-124.99725,-942.94196,60.19359
-292.4768,-1075.2518,-95.41468
-235.08092,-1062.6072,-134.8074
-177.68501,-1049.9625,-174.20012
-160.49248,-995.0342,-99.44266
-143.29994,-940.1059,-24.685192
-63.368057,-707.44226,-86.33148
16.563828,-474.77866,-147.97777
61.69101,-359.82568,-81.569626
106.81819,-244.87276,-15.161489
10.100218,181.48134,-39.730373
-86.62006,607.8456,-64.29984
231.76686,812.2347,22.628618
550.1538,1016.6237,109.55708
251.0829,1235.106,172.4575
-47.987995,1453.5881,235.35794
143.89427,1341.6066,125.194176
335.77655,1229.625,15.030401
-4.4991603,1069.9722,52.75108
-344.77487,910.3194,90.471756
-109.82841,379.64923,155.01204
125.118034,-151.02089,219.55234
133.66776,-563.6348,-25.663935
142.21748,-976.2487,-270.88022
-198.74632,-1091.7239,-70.93499
-539.71014,-1207.1991,129.01022
-333.29428,-1152.863,-13.462721
-126.878426,-1098.5271,-155.93567
-202.16362,-1087.5759,-108.90033
-277.44882,-1076.6249,-61.86499
-267.48334,-1057.616,-154.38565
-257.51782,-1038.607,-246.90631
-93.82112,-791.4661,-178.03189
69.87559,-544.3252,-109.157455
-17.695545,-306.86942,-68.91843
-105.26668,-69.41363,-28.679396
17.905912,328.60767,84.40779
141.07556,726.6195,197.49228
146.9982,1036.4379,123.90726
152.92082,1346.2562,50.322227
170.09407,1390.5364,154.53754
187.26733,1434.8165,258.75284
133.17305,1363.5779,227.72171
79.07877,1292.3391,196.69057
-264.3136,854.9417,282.84186
-607.706,417.54428,368.99313
-126.42158,-4.2775173,128.7273
354.86282,-426.09933,-111.53854
107.31356,-639.6626,-155.34155
-140.23572,-853.2259,-199.14456
-223.12064,-987.31537,-67.6069
-306.00558,-1121.4049,63.930763
-406.71432,-1167.2106,-166.80199
-507.42307,-1213.0161,-397.53473
-557.4071,-994.1009,-252.13156
-607.3912,-775.1857,-106.72841
-411.04684,-597.48627,-186.75934
-214.70248,-419.78683,-266.79028
-131.87201,-109.14498,-153.79965
-49.041523,201.49686,-40.809036
63.464706,471.77747,-9.321486
175.97362,742.0645,22.166813
195.35583,1045.6659,140.63618
214.73807,1349.2672,259.10556
321.67734,1284.7719,207.03351
428.61664,1220.2765,154.96146
-13.729676,992.6377,-0.69106525
-456.076,764.9989,-156.34358
-183.56522,610.537,18.872185
88.94555,456.07507,194.08795
202.45714,-151.98279,125.61469
315.96872,-760.04065,57.14143
-23.375431,-960.98926,-174.58221
-362.7196,-1161.938,-406.30588
-184.77872,-1288.0093,-251.83531
-6.837836,-1414.0807,-97.36476
-225.96098,-1202.3798,-185.73442
-445.08414,-990.67883,-274.1041
-325.59558,-1063.1619,-280.3207
-206.10706,-1135.6449,-286.5373
-230.29868,-825.6285,-209.57845
-254.49031,-515.61206,-132.6196
-15.124071,-307.8004,-122.43501
224.24217,-99.988754,-112.250435
149.91862,130.48186,-33.769344
75.59507,360.95245,44.71175
162.82983,526.96075,-35.429623
250.0625,692.965,-115.569084
297.58142,1008.84186,122.754196
345.1003,1324.7186,361.07748
317.1034,1318.7059,208.44284
289.10648,1312.6931,55.808212
108.25956,1157.8949,59.778088
-72.587364,1003.0968,63.74796
-59.142185,566.97626,186.36732
-45.697006,130.85571,308.9867
285.17062,-248.72198,-15.214092
616.03827,-628.2997,-339.41486
366.94067,-825.9895,-106.9127
117.843056,-1023.6793,125.58947
28.362318,-1131.5769,-30.679045
-61.11842,-1239.4744,-186.94756
-23.922844,-1108.062,-134.45157
13.272734,-976.6496,-81.95559
53.697273,-845.2781,-186.64755
94.12181,-713.90656,-291.3395
107.32444,-478.3098,-148.65398
120.52706,-242.71306,-5.968428
159.5472,-67.04425,62.17696
198.56734,108.62456,130.32234
294.92526,526.73785,89.016014
391.28546,944.8611,47.70869
436.475,997.2765,174.03008
481.66455,1049.6919,300.35147
361.13358,1248.162,186.36525
240.6026,1446.6321,72.379036
139.7558,1195.7819,101.62946
38.909004,944.93164,130.8799
-77.37808,646.2454,226.3914
-193.66516,347.5593,321.9029
132.97232,-17.084303,61.180637
459.6098,-381.72787,-199.54163
139.52975,-806.986,-181.0048
-180.55031,-1232.2443,-162.46799
-258.49762,-1238.2261,-116.17529
-336.44492,-1244.2079,-69.88261
-227.90204,-1186.4077,-169.82161
-119.35915,-1128.6074,-269.7606
-9.447877,-688.3818,-102.40096
100.4634,-248.15616,64.95868
-56.862595,-219.25096,5.661809
-214.18858,-190.34575,-53.63506
-58.34993,204.05127,89.96222
97.48873,598.4483,233.5595
165.89694,979.14557,165.0961
234.30515,1359.8428,96.6327
413.6793,1532.5746,280.63953
593.04913,1705.3022,464.64194
158.75035,1364.1539,331.11575
-275.54843,1023.0057,197.58955
-211.67874,578.4085,47.001614
-147.80905,133.8113,-103.58633
175.56158,-202.41795,-18.788818
498.93222,-538.6472,66.00869
-55.86357,-888.21674,26.131933
-610.65936,-1237.7863,-13.744825
-543.28284,-1296.3418,-209.85336
-475.90634,-1354.8975,-405.9619
-436.98642,-1062.4623,-232.84718
-398.06653,-770.02716,-59.73245
-290.6807,-666.98926,-126.417
-183.29488,-563.95135,-193.10155
-1.9778279,-29.096687,-51.086964
179.33922,505.758,90.92762
334.56815,593.1836,121.64984
489.79706,680.6092,152.37206
143.90518,878.33,204.30588
-201.9867,1076.0508,256.2397
251.94154,1458.1996,261.37045
705.86975,1840.3484,266.50122
268.03622,1549.418,254.28667
-169.80779,1258.4806,242.07181
-135.52528,985.78284,227.43819
-101.24278,713.0851,212.80457
37.038536,88.29879,30.151388
175.31985,-536.4875,-152.50179
85.47663,-799.24915,5.708659
-4.366592,-1062.0107,163.91911
-200.45822,-1305.0962,-119.62702
-396.54987,-1548.1816,-403.17316
-372.0031,-1482.3186,-278.5868
-347.45636,-1416.4556,-154.00044
-311.854,-1176.7096,-317.86896
-276.25162,-936.96375,-481.7375
-1.1410898,-642.74524,-301.61356
273.96945,-348.52673,-121.48966
248.55736,-184.63417,-77.391335
223.14526,-20.741613,-33.29301
42.672306,376.07788,-11.715302
-137.80064,772.89734,9.862404
171.61096,1003.88196,151.93098
481.02258,1234.8666,293.99957
364.7445,1316.672,248.56128
248.46642,1398.4773,203.12297
191.8955,1326.6233,208.6581
135.32457,1254.7693,214.19322
6.827159,939.11725,308.6545
-121.66718,623.4728,403.11353
51.264034,-55.73077,182.91927
224.19525,-734.9343,-37.274998
22.899494,-907.0023,-11.729352
-178.39626,-1079.0703,13.816294
-301.57193,-1123.7638,-64.01568
-424.7476,-1168.4573,-141.84766
-370.93796,-1043.4247,-128.17209
-317.12833,-918.392,-114.49651
-469.42966,-853.65216,-161.41649
-621.73096,-788.9123,-208.33646
-438.18832,-568.8684,-284.43597
-254.6457,-348.82446,-360.53552
-92.25434,-28.796104,-3.3755944
70.13702,291.23227,353.78433
32.91368,444.46005,73.15759
-4.309659,597.68787,-207.46913
8.898382,833.80634,-37.92682
22.106424,1069.9248,131.6155
172.28871,1282.0455,113.27915
322.471,1494.1661,94.94281
-62.837666,1167.7759,119.17357
-448.14633,841.3856,143.40431
-39.920635,608.3363,156.135
368.3148,375.2814,168.86597
398.1106,-252.68312,77.51389
427.90643,-880.64764,-13.838174
-19.721996,-1124.2925,-38.36834
-467.3504,-1367.9373,-62.898502
-392.40356,-1416.453,-167.70363
-317.45673,-1464.9686,-272.50876
-274.9177,-1320.9016,-290.67267
-232.37865,-1176.8346,-308.8366
-105.19715,-679.5745,-175.91826
21.984346,-182.31435,-42.999928
-74.616264,-169.63171,61.465336
-171.21687,-156.94907,165.9306
-29.010927,341.44067,12.417183
113.195015,839.83044,-141.09624
109.30097,1010.1986,-23.614273
105.40693,1180.5668,93.86768
231.00014,1269.104,247.81476
356.59335,1357.6414,401.7618
36.74494,945.4109,332.12778
-283.1035,533.1805,262.49377
78.66209,101.12417,-27.29403
440.42764,-330.93213,-317.08182
250.34978,-720.43024,24.385372
60.27193,-1109.9283,365.85257
-223.12262,-1232.4523,-91.02561
-506.51044,-1354.9731,-547.8929
-206.68413,-980.49664,-395.19067
93.14217,-606.0201,-242.48848
9.232903,-419.39954,-11.273837
-74.67637,-232.77898,219.94081
60.237553,255.21173,-100.872505
195.15147,743.20245,-421.68582
277.943,994.297,89.94258
360.7345,1245.3916,601.571
332.43677,1353.7502,293.60687
304.139,1462.1089,-14.357271
205.2523,1471.7546,153.03297
106.365585,1481.4004,320.42325
46.859833,933.69293,306.58755
-12.645921,385.98547,292.7519
132.68008,116.64869,65.5828
278.0061,-152.6881,-161.5863
191.6,-600.9935,-128.71425
105.19391,-1049.299,-95.84219
-236.52042,-1326.8833,-144.05397
-578.23474,-1604.4677,-192.26573
-421.8268,-1228.0332,-256.6705
-265.41885,-851.5989,-321.07526
-113.93021,-722.70874,-195.75974
37.56206,-593.8155,-70.44124
-65.37482,-321.4105,-61.463226
-168.31169,-49.00549,-52.485214
141.82706,383.53122,74.107994
451.9658,816.06793,200.7012
274.17703,855.8497,109.86455
96.38827,895.63135,19.027893
4.6502457,1099.701,-17.79109
-87.087776,1303.7708,-54.610073
-123.81018,925.05884,71.52955
-160.5326,546.3469,197.66916
-89.771805,251.1714,61.703094
-19.011015,-44.004112,-74.26298
54.70966,-628.38794,-101.40342
128.43033,-1212.7717,-128.54385
-198.90572,-1336.5845,-230.92299
-526.24176,-1460.3971,-333.30212
-411.1365,-1195.7521,-321.46457
-296.03125,-931.10693,-309.627
-250.45493,-742.4769,-330.0847
-204.8786,-553.84686,-350.54236
-152.26486,-138.59056,-89.7715
-99.65112,276.66574,170.99936
118.08993,604.74036,52.54642
335.83096,932.815,-65.90651
158.29015,1069.3745,47.472
-19.24646,1205.9308,160.84781
-264.97845,838.0474,-25.893967
-510.71048,470.164,-212.63574
-151.54373,239.3117,-67.44624
207.62299,8.459403,77.743256
60.79661,-486.94907,98.91632
-86.02976,-982.35754,120.089386
-60.73172,-893.397,-158.70027
-35.433678,-804.4364,-437.48993
-162.38876,-751.6087,-336.17947
-289.34384,-698.781,-234.86902
-193.41705,-344.49765,-207.87064
-97.49026,9.785694,-180.87225
178.9683,432.17188,-69.068985
455.42685,854.55804,42.734276
369.56448,944.18713,55.976772
283.70215,1033.8162,69.21927
266.63925,1085.252,168.0366
249.57634,1136.6877,266.85394
-86.09805,1008.876,148.36993
-421.77246,881.0642,29.885921
-94.98213,404.3312,83.70734
231.8082,-72.40181,137.52876
180.14163,-403.303,-4.24942
128.47383,-734.2121,-146.03098
-33.575256,-1018.5401,-178.8221
-195.62434,-1302.8682,-211.6132
-203.4819,-1187.7906,-178.81544
-211.33948,-1072.7133,-146.01768
-194.92075,-929.7774,-193.01103
-178.50201,-786.84155,-240.00436
-99.70138,-519.47076,-198.14537
-20.900751,-252.09996,-156.28639
99.90285,-34.63034,-41.909832
220.70644,182.83928,72.46673
276.63278,474.60474,34.539886
332.5591,766.3702,-3.3869565
282.20743,965.60077,68.5642
231.85574,1164.8314,140.51535
-59.701653,684.11865,85.02038
-351.25906,203.40594,29.52541
-48.963856,36.255802,-73.24642
253.33134,-130.89435,-176.01825
356.53253,-624.5152,-2.3992703
459.7337,-1118.136,171.21971
-11.619054,-1041.7275,-20.100277
-482.97183,-965.31915,-211.42026
-169.35126,-901.78955,-264.0027
144.26929,-838.25995,-316.58508
75.89134,-470.40448,-53.23598
7.5150323,-102.557785,210.10684
71.172676,102.894394,32.086662
134.83032,308.3466,-145.93352
134.04884,558.2021,7.3907003
133.26738,808.05756,160.7149
249.55812,1224.0757,209.58972
365.84888,1640.0939,258.46454
547.1955,1576.924,254.58147
728.5421,1513.754,250.69841
153.88628,1164.8866,229.72345
-420.76956,816.0192,208.7485
-80.5218,419.29034,282.81717
259.72598,22.561436,356.88586
248.7675,-340.7868,101.104004
237.80904,-704.1351,-154.67784
-106.97415,-974.8671,-84.72469
-451.75735,-1245.5992,-14.771541
-322.4841,-1192.9058,-86.5017
-193.21088,-1140.2123,-158.23186
-365.97803,-1057.6599,-183.0543
-538.7452,-975.1076,-207.87675
-281.61108,-899.62805,-38.18589
-24.476978,-824.1485,131.50497
-117.961555,-568.55676,-113.16878
-211.44836,-312.9589,-357.84836
1.949612,-50.974472,-8.763323
215.34758,211.00995,340.32172
271.1383,410.19516,161.80154
326.92902,609.3804,-16.718637
194.6075,809.5568,133.7815
62.285984,1009.73334,284.28162
222.32187,1266.6152,223.91034
382.35776,1523.4972,163.53906
236.69313,1541.6704,245.88144
91.02849,1559.8438,328.22382
200.07765,1477.7266,348.83527
309.1268,1395.6094,369.44675
291.2755,1377.4364,417.84473
273.4242,1359.2634,466.2427
81.030075,371.6054,305.89993
-111.36403,-616.0527,145.55716
-19.463606,-726.71924,27.406473
72.43682,-837.38574,-90.74422
-111.0366,-1239.5697,-150.28986
-294.51,-1641.7537,-209.83551
-319.0158,-1611.8519,-187.3592
-343.52158,-1581.9502,-164.88292
-410.1913,-1555.69,-242.94856
-476.86102,-1529.4298,-321.0142
-409.78302,-1389.8467,-310.65808
-342.7066,-1250.2668,-300.3022
-216.92467,-912.72314,-257.52795
-91.14273,-575.1795,-214.75371
-119.6605,-561.89136,-212.03082
-148.17828,-548.6032,-209.30795
-88.47658,-184.6943,41.420254
-28.774874,179.21458,292.14847
7.1785603,337.1646,111.44901
43.131996,495.11462,-69.25044
198.872,836.51465,87.18423
354.612,1177.9147,243.6189
315.1602,1300.101,250.73555
275.70834,1422.2874,257.8522
374.55615,1605.4653,353.67554
473.40396,1788.6433,449.49884
289.00278,1625.8433,264.01962
104.601616,1463.0432,78.54041
144.36447,1224.104,331.21127
184.12733,985.1647,583.88214
303.43625,517.7577,343.61682
422.74515,50.35075,103.35151
158.95404,-414.45312,46.52714
-104.837074,-879.25696,-10.297223
-261.89227,-1158.8895,-101.82433
-418.9512,-1438.5288,-193.35364
-390.43396,-1445.3435,-203.73006
-361.91672,-1452.1581,-214.10648
-426.45004,-1391.3473,-235.45818
-490.9834,-1330.5366,-256.80988
-347.6443,-1220.6259,-279.2373
-204.30516,-1110.7151,-301.66473
-214.12466,-865.07074,-200.23782
-223.94415,-619.4264,-98.81091
-203.91708,-539.28644,28.42621
-183.89001,-459.14645,155.66333
-19.485773,-190.1609,140.67676
144.91847,78.82465,125.69018
-25.255276,266.0495,-130.05676
-195.42902,453.27435,-385.8037
126.86741,805.1245,232.14774
449.16385,1156.9746,850.0992
385.46808,1372.7671,318.69574
321.77234,1588.5597,-212.70767
274.09406,1556.4807,138.95474
226.4158,1524.4017,490.6172
-21.767963,1128.4696,317.23605
-269.95172,732.53735,143.85493
-61.18091,354.1168,183.79155
147.5899,-24.303751,223.72816
62.27299,-456.43976,67.315155
-23.041887,-888.5655,-89.09412
-189.98253,-1089.6244,-121.53338
-356.92316,-1290.6833,-153.97264
-393.01346,-1312.8005,-252.11678
-429.10373,-1334.9177,-350.2609
-462.8349,-1141.0853,-362.76447
-496.56607,-947.2528,-375.268
-300.88144,-680.8197,-211.25142
-105.19681,-414.38666,-47.234833
-29.997154,-293.09128,-208.28435
45.202503,-171.79588,-369.33386
12.039009,29.686749,-40.00971
-21.124485,231.16937,289.31445
142.47403,372.18137,132.96498
306.07254,513.19336,-23.3845
282.047,626.0528,81.042694
258.02145,738.9122,185.46988
323.96057,1079.3728,131.61256
389.8997,1419.8333,77.75523
459.85428,1573.5381,217.53671
529.8089,1727.2429,357.3182
309.28366,1538.6764,297.63947
88.75842,1350.1099,237.96074
158.7135,1287.574,235.19286
228.67026,1225.0365,232.42491
218.53568,430.1665,164.40779
208.40111,-364.7035,96.39066
151.07944,-656.8645,-89.55771
93.75778,-949.0255,-275.50607
-211.36409,-1218.9255,-254.07098
-516.48596,-1488.8257,-232.6359
-495.01404,-1627.306,-372.9832
-473.5421,-1765.7864,-513.33044
-358.04593,-1579.0194,-397.5889
-242.54971,-1392.2524,-281.84732
-290.5508,-1262.721,-289.60086
-338.55188,-1133.1893,-297.35443
-320.02856,-1056.2004,-298.64435
-301.50525,-979.2114,-299.93423
-189.39857,-624.9287,-234.26411
-77.291885,-270.64594,-168.59398
-145.5121,-157.63176,-175.93512
-213.7323,-44.617584,-183.27626
-73.167755,137.61684,-231.07239
67.39679,319.85126,-278.86853
64.36997,486.29785,-118.0387
61.34315,652.74445,42.791126
304.84677,877.8545,182.34413
548.3504,1102.9646,321.89716
359.48215,1084.106,111.26694
170.61841,1065.2478,-99.35825
276.9462,1198.6704,-7.082405
383.27402,1332.093,85.19344
314.31937,1448.4023,111.447586
245.3647,1564.7115,137.70174
45.117237,1318.8511,171.9996
-155.13022,1072.9907,206.29745
-3.7020323,523.24713,76.69003
147.72617,-26.496412,-52.91739
114.28981,-459.9386,-50.391743
80.85346,-893.3808,-47.866096
-198.99042,-1181.8422,-99.6714
-478.8343,-1470.3037,-151.4767
-347.1192,-1338.515,-255.06712
-215.40411,-1206.7264,-358.65753
-182.63683,-1045.7762,-374.4639
-149.86954,-884.8262,-390.2703
-395.0226,-796.1602,-307.68747
-640.1757,-707.49426,-225.10466
-183.18623,-237.44666,-87.99009
273.80322,232.60092,49.12448
60.027225,346.75534,-31.061665
-153.74878,460.90976,-111.24781
222.80576,902.8842,231.43555
599.36926,1344.8691,574.1271
392.34723,1203.8187,205.8512
185.32518,1062.7682,-162.42471
198.27303,1279.7076,140.47682
211.22087,1496.647,443.37836
143.65607,1363.4441,401.07193
76.091255,1230.2412,358.76547
86.50766,666.6102,47.83623
96.924065,102.97929,-263.09302
49.300865,-271.97665,-49.582436
1.6776685,-646.9326,163.92815
-200.01146,-989.1349,-41.064358
-401.7006,-1331.3373,-246.05687
-357.9706,-1249.6388,-207.4886
-314.24066,-1167.9404,-168.92035
-363.57544,-1117.5673,-341.2097
-412.91022,-1067.1941,-513.499
-355.25095,-789.73303,-156.03543
-297.5917,-512.2719,201.42816
33.659245,-35.199875,99.28029
364.9102,441.87216,-2.8675854
250.86736,672.12384,28.516237
136.82451,902.3755,59.90006
184.09172,1096.3408,298.4505
231.35895,1290.3062,537.0009
100.01595,1121.9169,289.32852
-31.323908,953.5316,41.662003
46.789307,473.1035,276.85367
124.90252,-7.324641,512.04535
302.01913,-340.06888,400.14166
479.13577,-672.8131,288.23798
43.7859,-973.6572,41.24541
-391.56396,-1274.5013,-205.74715
-167.36453,-1194.6561,-181.3443
56.834885,-1114.8108,-156.94147
-105.897934,-1149.3616,-233.65501
-268.63074,-1183.9124,-310.36856
18.234564,-659.80884,-57.190483
305.09988,-135.70535,195.98758
226.59686,165.70386,10.581588
148.09386,467.11307,-174.8244
162.74368,819.5078,-111.28253
177.39351,1171.9026,-47.740658
278.19437,1350.4058,236.28294
378.99524,1528.9088,520.3065
55.920227,1174.0199,275.33536
-267.1548,819.1311,30.364176
-8.1507845,535.21014,127.39742
250.85323,251.2892,224.43066
139.38374,-319.89365,248.44072
27.91161,-891.0901,272.45135
81.90379,-1018.2976,60.888535
135.89598,-1145.5051,-150.67429
-152.7189,-981.40985,-94.37557
-441.33377,-817.3146,-38.07686
-205.62143,-750.985,-207.481
30.090927,-684.6554,-376.88516
-132.41756,-411.55615,-306.0385
-294.92603,-138.45694,-235.19186
-136.18298,128.51521,-110.613434
22.560059,395.48737,13.964993
166.04022,576.9518,-56.22008
309.5204,758.41626,-126.40516
168.2213,1155.9475,31.163126
26.922216,1553.4788,188.73141
-86.6847,1118.5503,122.57089
-200.29163,683.6219,56.410385
-76.7402,317.0865,-72.96628
46.811234,-49.448963,-202.34293
209.98894,-334.81915,15.573847
373.16666,-620.18933,233.49063
-142.06409,-1002.12305,41.710552
-657.29486,-1384.0568,-150.06952
-238.46703,-1110.7073,-179.53548
180.36076,-837.3579,-209.00143
11.226527,-606.262,-151.63301
-157.90369,-375.1717,-94.26595
12.498197,-145.77559,-43.529335
182.90007,83.62051,7.2072835
169.33017,521.42346,106.35827
155.76025,959.22644,205.50926
242.20015,1061.5154,179.61671
328.64005,1163.8043,153.72418
52.05095,1056.5697,214.8141
-224.53813,949.3351,275.90402
-17.211174,645.4494,310.9773
190.11578,341.56372,346.05057
144.79611,-255.69302,246.57669
99.47643,-852.94977,147.10283
22.940262,-867.3189,-47.977493
-53.59591,-881.68805,-243.05782
-185.92313,-1015.85236,-119.816216
-318.25034,-1150.0166,3.4253793
-188.43483,-844.0531,-119.57686
-58.619312,-538.08954,-242.5791
-51.209232,-434.96725,-200.37578
-43.799152,-331.845,-158.17245
-85.32716,22.042463,-29.796791
-126.85518,375.92993,98.57888
28.15313,719.2064,140.10367
183.16513,1062.4911,181.62946
204.69002,1136.7467,203.77641
226.2149,1211.0024,225.92337
-38.27794,1122.7102,162.6458
-302.77078,1034.4178,99.36821
-214.31873,605.42755,230.59685
-125.86665,176.43721,361.8255
67.00057,-341.49496,11.969266
259.8678,-859.4272,-337.88696
-52.8712,-1207.556,-99.93155
-365.6102,-1555.6849,138.02386
-336.96884,-1391.1802,-12.811844
-308.32748,-1226.6754,-163.64755
-358.79633,-1200.0605,-331.36682
-409.26514,-1173.4456,-499.08612
-172.29842,-724.09186,-222.7602
64.668304,-274.73813,53.56573
-8.353361,93.09382,30.3914
-81.37502,460.92578,7.2170672
103.20351,761.5119,92.50981
287.78204,1062.098,177.80255
387.04153,1238.6661,223.52393
486.301,1415.2341,269.2453
137.29712,1308.3959,284.33704
-211.70676,1201.5575,299.42877
40.55781,680.27606,201.30301
292.81635,159.00705,103.17957
198.35461,-356.34296,42.724915
103.89286,-871.693,-17.729744
-154.79189,-1111.7739,-131.64204
-413.47662,-1351.8549,-245.55434
-288.88223,-1320.744,-192.5478
-164.28783,-1289.633,-139.54128
-328.88922,-1218.2683,-300.72018
-493.49063,-1146.9036,-461.89908
-194.22827,-792.074,-275.3381
105.03408,-437.24435,-88.77714
146.74657,-195.12065,-13.020694
188.45903,47.003063,62.735752
141.71317,298.811,-105.8368
94.9673,550.61896,-274.40936
238.34038,824.49585,11.174355
381.71344,1098.3728,296.75806
401.2563,1268.1337,241.48413
420.79913,1437.8947,186.21022
326.5252,1416.7295,196.0515
232.25127,1395.5645,205.89279
280.13162,1420.5017,242.79758
328.012,1445.439,279.70236
184.9818,1030.8428,185.09273
41.94818,616.2367,90.48086
92.40896,213.31538,108.25069
142.86975,-189.6059,126.02051
109.70905,-668.1992,-59.449665
76.54836,-1146.7925,-244.91985
-110.858635,-1222.3854,-286.25128
-298.26562,-1297.9781,-327.58273
-356.03958,-1185.7941,-290.3776
-413.8135,-1073.6099,-253.17247
-409.04843,-1228.7292,-413.99844
-404.28333,-1383.8485,-574.8244
-343.53012,-880.7054,-536.7031
-282.7769,-377.56232,-498.58182
-13.5453415,-287.4686,-198.48254
255.68622,-197.3749,101.61672
245.9057,240.42795,38.265095
236.12518,678.2308,-25.086535
90.33522,775.0052,2.19799
-55.45475,871.7796,29.482513
74.73168,1107.2274,95.48995
204.91812,1342.6753,161.49739
185.55229,1467.8832,280.3049
166.18646,1593.091,399.11243
115.224266,1245.4928,348.27408
64.26207,897.89453,297.4357
-3.356677,321.7674,155.47029
-70.973816,-254.34602,13.508265
185.18207,-457.29388,152.90929
441.33792,-660.24176,292.3103
46.686104,-898.82184,25.545767
-347.96573,-1137.4019,-241.21877
-471.51025,-1258.8402,-319.6849
-595.05475,-1380.2786,-398.1511
-359.05426,-1023.67676,-129.84149
-123.053734,-667.07495,138.4681
-318.0272,-701.90216,-56.947586
-513.0007,-736.7294,-252.36327
-144.4256,-161.35136,-152.48901
224.14944,414.0266,-52.61478
23.82248,520.7924,38.575825
-176.5045,627.5583,129.76643
67.82556,909.87445,277.80173
312.15564,1192.1906,425.83704
72.698586,1196.1361,271.22867
-166.75845,1200.0817,116.62031
-236.94997,759.6165,23.353088
-307.14148,319.15143,-69.91413
74.49059,-148.8682,8.12631
456.12268,-616.8878,86.16675
-3.3515062,-971.1338,58.475048
-462.83664,-1325.3882,30.782682
-297.85837,-1162.9862,-93.184
-132.88008,-1000.5841,-217.15068
-299.3565,-947.0295,-203.92949
-465.83292,-893.4748,-190.7083
-151.64618,-425.6461,-40.323017
162.54057,42.182613,110.06226
-31.965288,266.48532,135.59865
-226.47115,490.78802,161.13504
-20.011745,780.27484,48.30751
186.44766,1069.7616,-64.52001
-37.464413,1080.0831,-0.23447122
-261.3765,1090.4045,64.05107
-264.4894,713.6086,204.41907
-267.60233,336.81256,344.78705
55.768143,-21.149298,124.194595
379.1386,-379.11118,-96.39787
8.686991,-664.32635,-73.508
-361.76462,-949.54156,-50.618134
-303.33798,-937.06177,-181.80586
-244.91132,-924.582,-312.9936
-44.892315,-609.87384,-178.30603
155.12668,-295.16568,-43.61845
169.96565,126.385445,-72.08346
184.80461,547.9366,-100.54846
207.18706,909.47266,-28.678005
229.56897,1271.0001,43.19074
177.69781,1212.5923,109.88793
125.82666,1154.1843,176.58513
-18.614853,847.30133,219.59679
-163.05637,540.41833,262.60843
221.10057,67.41264,131.9043
605.2575,-405.59305,1.2001748
468.66202,-638.4209,115.22997
332.06653,-871.2487,229.25977
10.8355,-1107.5674,-71.04074
-310.39554,-1343.886,-371.34125
-207.16805,-952.768,-312.03555
-103.94054,-561.6501,-252.72986
209.3382,-183.05852,-111.863495
522.61694,195.53304,29.002874
327.0342,487.19836,9.405262
131.45149,778.86365,-10.1923485
214.56929,1087.6865,-0.7688641
297.6871,1396.5094,8.65462
-63.460354,981.4869,-14.414155
-424.6078,566.4645,-37.48293
-17.998201,370.48325,25.942839
388.6114,174.50206,89.36861
423.99374,-315.6212,43.77505
459.37692,-805.7561,-1.8195907
-5.4690647,-1060.7235,-177.44824
-470.31503,-1315.691,-353.07687
-271.40677,-1105.1111,-383.2429
-72.4985,-894.5311,-413.40887
203.15018,-521.90314,-123.58744
478.79886,-149.27512,166.23401
381.6714,78.99344,-11.405496
284.54395,307.262,-189.04501
276.09628,718.2905,-11.08137
267.64865,1129.3191,166.88226
429.79587,1110.1803,132.01408
591.94305,1091.0415,97.1459
123.55915,922.7064,245.50157
-344.82477,754.37134,393.85724
-166.89359,281.69986,90.973465
11.037605,-190.97162,-211.91031
115.12368,-535.68524,-209.01146
219.20975,-880.3989,-206.11263
37.79038,-1047.8467,-161.40485
-143.629,-1215.2943,-116.697075
-188.21577,-1180.0795,-180.13525
-232.80257,-1144.8645,-243.57344
-125.21147,-789.96497,-108.59144
-17.62039,-435.0653,26.390568
55.00798,-185.84395,-216.6245
127.63462,63.371475,-459.63376
143.66109,487.09943,-30.0359
159.68756,910.8274,399.56198
78.46694,936.23926,169.38475
-2.7536745,961.6511,-60.792477
-148.8764,922.8428,73.36575
-294.99915,884.0344,207.52397
-24.177582,479.99915,254.61328
246.64398,75.96391,301.7026
107.26147,-442.8785,164.29796
-32.12104,-961.72095,26.893322
-242.35376,-1056.9506,98.54734
-452.5865,-1152.1802,170.20137
-275.3045,-1041.7976,-285.54523
-98.022545,-931.41504,-741.2918
-77.33712,-576.80634,-171.88942
-56.651695,-222.19762,397.513
-87.652306,-98.15465,24.133652
-118.652916,25.88832,-349.2457
49.582233,474.11432,-21.325855
217.81738,922.3403,306.594
176.21036,1139.4716,277.3922
134.60332,1356.6029,248.19043
335.05923,1571.7601,217.43077
535.51996,1786.9226,186.67036
358.42078,1664.5736,436.38565
181.3216,1542.2245,686.10095
106.005,991.1433,255.28613
30.688412,440.06213,-175.52872
162.4649,48.875553,-109.41337
294.24142,-342.31104,-43.298027
-76.09556,-847.5381,-230.80226
-446.43253,-1352.7651,-418.3065
-392.0891,-1327.4248,-249.46417
-337.74567,-1302.0845,-80.62185
-372.90268,-1190.4489,-219.43909
-408.0597,-1078.8132,-358.25635
-356.35522,-1037.0066,-320.20862
-304.6508,-995.19995,-282.1609
-109.18082,-670.2105,-88.19298
86.28915,-345.221,105.77492
-110.0419,-353.93246,23.24045
-306.37296,-362.64392,-59.294018
8.944208,44.6236,106.25302
324.26138,451.8911,271.80005
136.6803,710.3314,88.506386
-50.900772,968.7717,-94.787285
28.067911,1033.0325,79.64534
107.03659,1097.2933,254.07797
84.993546,1202.422,355.78998
62.95102,1307.5482,457.49957
-27.671482,931.9579,201.51541
-118.29398,556.36743,-54.468758
45.93169,-21.641611,73.35038
210.15736,-599.6507,201.16953
-31.342571,-857.32733,10.27157
-272.8425,-1115.004,-180.62637
-248.63823,-1208.5516,-156.76643
-224.43394,-1302.0992,-132.90648
-364.07745,-1221.6045,-113.30614
-503.72095,-1141.1097,-93.7058
-392.72882,-1047.0153,-254.36606
-281.73666,-952.9208,-415.0263
-358.08038,-819.5309,-356.42285
-434.42407,-686.141,-297.81937
-169.53146,-420.64648,-77.39611
95.361145,-155.15196,143.02713
13.092986,27.330698,-57.14855
-69.17518,209.81335,-257.32422
-170.48557,376.69302,-32.00513
-271.79596,543.5727,193.31398
62.479027,837.2328,172.72427
396.75403,1130.893,152.13457
348.742,1211.1394,181.72354
300.72882,1291.3877,211.31323
204.03583,1342.9062,213.14995
107.34282,1394.4247,214.98668
180.54678,1387.2429,241.61407
253.75073,1380.0613,268.24146
119.903625,1278.5409,131.67654
-13.943481,1177.0205,-4.888377
36.192413,1012.3606,120.348625
86.32831,847.70074,245.58563
23.970747,507.46338,239.09941
-38.386814,167.226,232.61319
-106.71734,-221.61504,-79.139114
-175.04785,-610.45605,-390.89142
-16.82725,-838.943,-168.45941
141.39336,-1067.4299,53.972584
-101.803795,-1200.5443,-139.95067
-345.00095,-1333.6586,-333.8739
-334.07227,-1242.2632,-221.67273
-323.1436,-1150.8677,-109.47155
-190.52171,-1240.1777,-153.64424
-57.89986,-1329.4879,-197.81693
-252.48729,-1205.0645,-196.33884
-447.07474,-1080.641,-194.86076
-264.7437,-996.39514,-294.68277
-82.4127,-912.1492,-394.50476
-243.50629,-929.35443,-283.04642
-404.59604,-946.55927,-171.59071
-285.91922,-728.368,-211.74205
-167.24239,-510.1767,-251.89339
76.42194,-312.64334,-79.51132
320.08627,-115.10999,92.87074
136.46867,192.77165,121.944176
-47.148945,500.6533,151.01761
174.17378,631.39655,71.44058
395.4965,762.13983,-8.136438
335.46082,1008.2085,155.28398
275.4251,1254.2771,318.70438
353.20056,1299.0344,214.7542
430.97604,1343.7917,110.804016
348.6917,1395.9608,266.0925
266.4074,1448.1299,421.381
329.14896,1420.7689,426.98575
391.8905,1393.4081,432.59048
275.7018,1063.4062,270.04883
159.51314,733.4043,107.50718
107.90258,39.011135,14.819383
56.292027,-655.382,-77.868416
148.24242,-752.4791,-31.721737
240.19283,-849.57623,14.424945
-81.32426,-1154.1512,32.882572
-402.849,-1458.7335,51.34064
-284.87384,-1502.4587,-50.913147
-166.89867,-1546.1841,-153.16693
-339.43985,-1463.5615,-231.15019
-511.98105,-1380.939,-309.13345
-291.5158,-1113.2991,-229.34769
-71.050575,-845.6593,-149.56192
27.477537,-495.68033,15.013569
126.005646,-145.70135,179.58907
96.669304,-110.9611,31.988195
67.33296,-76.22083,-115.61268
246.1997,358.74323,85.64403
425.06647,793.7073,286.90073
385.68127,855.8403,361.03754
346.29608,917.9733,435.17435
320.16766,1203.1464,362.1866
294.03925,1488.3193,289.19885
229.6357,1480.2778,279.5422
165.23215,1472.2362,269.88553
142.98744,1500.5624,409.47336
120.74273,1528.8885,549.0612
9.068153,746.9942,291.76428
-102.60642,-34.90016,34.467358
35.189137,-376.22632,-131.37881
172.9847,-717.5525,-297.225
-77.35571,-954.0505,-66.29512
-327.69016,-1190.5428,164.62926
-328.75668,-1292.8733,-81.84173
-329.82318,-1395.2036,-328.3127
-319.69138,-1167.9055,-230.3406
-309.55957,-940.6074,-132.36852
-231.2667,-731.57513,-222.59293
-152.97382,-522.54285,-312.81732
-141.02386,-308.55627,-207.35204
-129.07391,-94.56971,-101.88673
-68.44733,183.65556,-154.81924
-7.820732,461.88083,-207.75175
216.51216,724.6352,1.3508608
440.84506,987.3896,210.45348
368.90338,1131.4078,176.0319
296.9617,1275.426,141.61032
255.73413,1447.3302,191.0963
214.50655,1619.2344,240.58226
86.44765,1306.4934,227.8867
-41.61126,993.75244,215.19113
10.93104,763.1762,137.70032
63.47334,532.6,60.209515
137.53864,-110.119934,103.287964
211.60393,-752.83984,146.36642
86.60582,-970.0451,-11.134214
-38.39527,-1187.2556,-168.6386
-255.05438,-1349.7358,-245.87492
-471.71347,-1512.2161,-323.11127
-478.11343,-1407.6204,-319.71878
-484.5134,-1303.0245,-316.32632
-328.69733,-1160.8413,-304.41092
-172.88124,-1018.65796,-292.4955
-107.8486,-812.7212,-227.62628
-42.815964,-606.7844,-162.75705
2.4617136,-398.80704,-171.47037
47.73939,-190.82964,-180.1837
125.79872,36.050022,-62.491486
