ax,ay,az
-0.25627944,-12.784213,-14.641851
2.888757,-10.974134,-5.5428586
6.0337934,-9.164055,3.556135
12.280192,-3.8585436,5.804096
18.52659,1.4469677,8.052057
23.878609,3.7467566,13.9499035
29.230627,6.0465455,19.84775
31.190289,8.339504,13.895337
33.14995,10.6324625,7.9429245
36.215927,13.916758,5.1386313
39.281906,17.201052,2.3343377
29.448874,16.973478,-0.3245679
19.61584,16.745905,-2.9834735
11.874616,14.501421,-7.500103
4.1335745,12.256991,-12.016625
-3.0272121,8.488808,2.106326
-10.187999,4.720624,16.229277
-20.28055,0.9205071,12.489015
-30.3731,-2.8796096,8.748752
-29.408157,-8.220406,2.641925
-28.443216,-13.561201,-3.4649014
-25.928732,-14.950978,-3.442333
-23.414248,-16.340755,-3.4197643
-24.354876,-16.286486,-11.771814
-25.295502,-16.232218,-20.123865
-21.192736,-14.239053,-19.35357
-17.089968,-12.245889,-18.583277
-12.442561,-6.817206,-9.692009
-7.7951536,-1.3885232,-0.8007399
-3.0998487,0.47353968,3.7116275
1.5954562,2.3356025,8.223994
8.84284,5.129348,6.358068
16.090225,7.923093,4.4921412
24.393414,6.646562,-0.25178888
32.6966,5.3700314,-4.995719
36.05724,2.5206654,-10.11755
39.417877,-0.32870016,-15.23938
35.334126,-0.7539539,-13.238436
31.250277,-1.1792177,-11.237443
24.716026,-2.683573,-1.1118584
18.181774,-4.187928,9.013726
10.187513,-2.2744255,13.766363
2.1932514,-0.36092278,18.519001
-3.2727237,-1.0323468,15.900488
-8.738699,-1.7037709,13.281976
-11.68862,-2.9626625,7.7926135
-14.638539,-4.221554,2.3032513
-16.083841,-6.070135,-6.5578876
-17.529144,-7.9187164,-15.419026
-15.979656,-7.3586535,-18.152891
-14.43017,-6.7985907,-20.886755
-15.893784,-5.3307886,-13.993038
-17.357397,-3.8629868,-7.0993204
-16.839989,-1.9876281,3.4238493
-16.322578,-0.112269334,13.947019
-10.828064,4.170858,15.602046
-5.333549,8.453985,17.257072
-0.3642905,10.144914,11.545507
4.604968,11.835843,5.8339415
10.04724,11.433786,0.25599948
15.489512,11.03173,-5.321943
17.902504,11.034648,-5.266762
20.315495,11.037566,-5.2115808
17.195292,12.942024,-0.023660455
14.075165,14.8464365,5.1641364
7.4160495,12.147435,4.984393
0.75693387,9.448433,4.8046503
-0.44835964,3.6396306,1.256857
-1.6536531,-2.1691716,-2.2909365
-5.4128633,-6.5949793,-3.7074647
-9.172073,-11.020786,-5.123993
-10.992608,-15.07062,-1.4098809
-12.813142,-19.120453,2.3042312
-12.201439,-21.300035,-2.3513837
-11.589735,-23.479618,-7.0069985
-12.050867,-22.292515,-8.532339
-12.511999,-21.105412,-10.05768
-10.049572,-17.052631,-4.952134
-7.5871453,-12.999851,0.15341206
-5.2034516,-10.580056,1.8910985
-2.8197584,-8.160262,3.628785
0.9837987,-4.8703904,5.0000644
4.787356,-1.5805191,6.371344
8.009604,2.583445,3.8773623
11.231853,6.7474093,1.3833807
14.371054,9.789601,3.5247815
17.510254,12.831794,5.666182
16.063368,14.255604,4.943114
14.616446,15.679448,4.220028
11.078649,13.986928,1.632129
7.5408516,12.294407,-0.9557703
3.4058201,10.48591,4.590728
-0.7292111,8.677414,10.137225
-3.9686887,7.751817,11.816785
-7.2081666,6.826221,13.496344
-9.559299,3.2812746,15.306592
-11.910433,-0.26367217,17.11684
-18.879553,-2.430865,11.053885
-25.848673,-4.598058,4.99093
-24.440329,-8.890415,-10.450381
-23.031984,-13.182773,-25.891693
-21.248207,-17.102463,-15.716536
-19.46443,-21.022154,-5.541378
-15.804557,-16.569828,-0.25386524
-12.144685,-12.117503,5.0336475
-7.6058145,-9.791935,6.4302144
-3.0669436,-7.4663672,7.8267817
-3.6446798,-3.2647731,12.828858
-4.2224154,0.9368206,17.830935
3.5883565,2.518058,-1.0659103
11.399129,4.099295,-19.962755
14.103425,3.0639346,-14.763372
16.80772,2.0285735,-9.563991
18.409512,4.880119,2.2274148
20.011267,7.731596,14.018538
20.012571,9.472889,13.397738
20.013874,11.214182,12.7769375
16.41448,13.847225,12.73942
12.815087,16.480268,12.701902
7.112655,13.005657,6.741648
1.4102224,9.531045,0.7813942
-4.8989334,4.4478903,-2.1087089
-11.208089,-0.6352643,-4.9988117
-15.127776,-4.3288183,-7.8261714
-19.047462,-8.022372,-10.65353
-22.080315,-8.828253,-4.4251227
-25.113165,-9.634134,1.803285
-24.259605,-10.053563,1.0810753
-23.406048,-10.472992,0.3588656
-18.163805,-11.0060625,3.6798759
-12.921564,-11.539134,7.000886
-7.2859125,-9.184668,8.358668
-1.6502608,-6.8302016,9.716451
2.885059,-7.085803,-0.39601913
7.420379,-7.341404,-10.50849
8.861979,-2.7036965,-10.09851
10.303577,1.9340111,-9.68853
11.157444,3.9689205,-13.7627735
12.011332,6.003878,-17.837112
14.282273,8.939867,-5.901175
16.553217,11.875855,6.0347624
15.7444315,13.215958,14.976277
14.935646,14.556059,23.917791
13.04855,9.302081,15.859773
11.161454,4.0481033,7.801753
8.195758,2.7006142,0.23772629
5.230061,1.353125,-7.3263
-0.31576508,-3.0880313,-16.903532
-5.8615913,-7.5291877,-26.480764
-12.489456,-9.564144,-22.57751
-19.117321,-11.599101,-18.67426
-24.82827,-10.227278,-6.794874
-30.53922,-8.855455,5.0845113
-27.832106,-6.0751996,13.437113
-25.12499,-3.2949443,21.789715
-20.495672,-1.1036693,17.112389
-15.866352,1.0876056,12.435062
-12.307833,-3.306964,1.7233101
-8.749313,-7.7015333,-8.988442
0.7473652,-12.678309,-23.239853
10.244044,-17.655087,-37.491264
18.188423,-14.709433,-26.786402
26.132801,-11.76378,-16.08154
28.033306,0.6104166,9.078009
29.933767,12.984318,34.236958
29.796104,18.793295,33.34938
29.658443,24.602272,32.461803
28.484941,22.851671,22.524261
27.31144,21.10107,12.586719
24.100843,18.794125,-1.406676
20.890247,16.487177,-15.40007
14.638136,12.124674,-14.956484
8.386024,7.762171,-14.5128975
0.5857012,5.3430066,-11.638899
-7.2146225,2.923842,-8.7649
-15.570704,3.945734,0.53420687
-23.926788,4.9676256,9.833314
-29.345242,0.92765063,7.052869
-34.763695,-3.1123247,4.272424
-30.748547,-12.717204,-5.592317
-26.733398,-22.322083,-15.457058
-20.285292,-24.494028,-4.9108424
-13.837184,-26.665972,5.6353736
-9.4537525,-25.905003,-2.9117696
-5.0703206,-25.144032,-11.458913
-1.7472924,-23.447233,-13.603065
1.5757357,-21.750433,-15.747215
7.3432927,-11.11214,-12.990999
13.110988,-0.47359112,-10.234717
15.827849,8.114148,0.920622
18.544712,16.701887,12.075961
15.71414,19.246847,19.629553
12.883568,21.791805,27.183144
18.007013,19.300474,8.633252
23.130459,16.809141,-9.916639
25.707136,12.285873,-14.072871
28.283813,7.762606,-18.229103
21.310303,5.2098923,-9.994429
14.336791,2.6571789,-1.7597545
5.3070965,2.5763426,1.8640404
-3.7225976,2.4955063,5.4878354
-12.315931,0.8872988,0.49955934
-20.909266,-0.72090864,-4.4887166
-24.073322,-2.8559358,0.40978432
-27.237377,-4.990963,5.308285
-25.477215,-3.652149,3.5922825
-23.71705,-2.313335,1.87628
-23.534834,-8.499593,-4.4556327
-23.352615,-14.685852,-10.787545
-17.747551,-16.895216,-9.7365885
-12.142487,-19.10458,-8.685631
-6.1113477,-12.833631,-6.252315
-0.08020861,-6.562682,-3.818999
1.3817194,-5.3063726,2.4970222
2.8436124,-4.050093,8.812893
7.74137,-2.80226,3.512014
12.639128,-1.5544266,-1.7888649
16.477217,2.1916873,-2.2061734
20.315306,5.9378014,-2.623482
22.596697,8.688913,1.3430533
24.87809,11.440025,5.309589
20.10348,12.202193,1.6602014
15.328871,12.964361,-1.989186
9.996537,12.742429,-3.2543185
4.664203,12.520495,-4.519451
2.7706084,11.317819,-1.9000676
0.87701344,10.115141,0.71931595
-6.082199,9.433606,5.7236032
-13.041411,8.752071,10.727891
-14.070378,5.5923023,4.1172767
-15.099345,2.432534,-2.4933372
-14.2010765,-3.2056775,-5.7190013
-13.302808,-8.843889,-8.944665
-15.978641,-10.460849,-9.285397
-18.654472,-12.077808,-9.626128
-17.40383,-13.173059,-7.0811934
-16.153187,-14.2683115,-4.536258
-16.973427,-13.340041,-1.1040869
-17.793686,-12.411749,2.3281662
-12.68013,-10.456533,4.649723
-7.5665727,-8.501319,6.9712806
-1.0128293,-3.514391,7.684074
5.540914,1.4725372,8.396868
8.042008,3.4967692,-5.497687
10.543102,5.521001,-19.392242
10.998406,7.088181,-13.392694
11.4537115,8.655361,-7.3931475
7.369092,11.770507,-0.49727434
3.2844722,14.885653,6.398599
9.664654,10.052683,9.193619
16.044834,5.2197127,11.988638
14.393342,7.4412923,23.685053
12.74185,9.662872,35.38147
4.560893,13.44045,20.979664
-3.6200638,17.218027,6.5778594
-5.329236,10.051753,-10.923855
-7.0384083,2.8854797,-28.42557
-14.274512,-3.2256632,-33.029205
-21.510616,-9.336806,-37.632847
-20.77119,-11.394191,-20.83836
-20.031767,-13.451574,-4.043873
-18.81233,-8.955901,17.15122
-17.592894,-4.4602284,38.346313
-13.886613,-3.911125,34.944603
-10.180421,-3.3620346,31.54297
-2.9786897,-6.2582655,21.044706
4.2230415,-9.154497,10.546444
5.4299655,-5.9940953,-9.550988
6.6368895,-2.8336942,-29.648418
10.858637,-1.1140456,-30.8482
15.080384,0.60560286,-32.047977
13.325657,3.8874848,-10.851549
11.57093,7.169367,10.344881
7.847086,19.516127,21.437853
4.123242,31.862886,32.530827
9.436326,33.775555,26.02025
14.749411,35.688225,19.509676
20.104132,22.16492,10.893231
25.458853,8.641619,2.2767882
28.857954,2.6774876,1.5500599
32.257057,-3.2866437,0.82333165
26.700418,-8.698023,-8.018965
21.143778,-14.109403,-16.861261
10.12819,-16.974247,-20.323956
-0.8873982,-19.83909,-23.786652
-7.867203,-14.16223,-15.87302
-14.847009,-8.485369,-7.9593897
-21.296413,-3.7700305,5.3288774
-27.74597,0.9454202,18.617462
-32.66886,2.6972435,19.279663
-37.591755,4.4490666,19.941864
-29.488668,-4.2644477,0.9758981
-21.385582,-12.977962,-17.990068
-8.75374,-18.658154,-24.586794
3.8781009,-24.338345,-31.18352
10.543623,-22.485168,-22.91243
17.209145,-20.63199,-14.641341
15.913398,-14.243174,-8.001522
14.617652,-7.8543563,-1.3617027
12.364389,0.57438076,5.6495132
10.111128,9.003118,12.660729
11.40243,13.9768305,12.546282
12.693731,18.950544,12.431834
14.530081,22.473476,10.193772
16.36643,25.996408,7.9557104
16.246647,22.070736,3.5948703
16.126863,18.145063,-0.7659698
12.04795,11.27047,-12.249405
7.969036,4.3958774,-23.73284
6.426338,0.57012254,-19.838129
4.8836403,-3.2556324,-15.9434185
-4.6285467,-4.535623,-11.668185
-14.140734,-5.8156133,-7.392953
-20.128145,-6.5528097,-0.7330587
-26.115412,-7.2899885,5.9266768
-21.082172,-7.4867043,13.475816
-16.048933,-7.68342,21.024956
-15.497132,-3.8412054,9.967589
-14.945332,0.0010097963,-1.0897757
-10.874782,2.3812132,-9.250422
-6.804231,4.761417,-17.411066
-3.2131238,2.67881,-17.171743
0.377984,0.59620297,-16.93242
1.492339,0.049808655,-6.7886863
2.606694,-0.49658567,3.3550475
5.747147,2.492051,11.908717
8.887601,5.480687,20.462387
12.556517,9.002871,18.43126
16.225431,12.525053,16.40013
19.423986,12.078568,3.7880886
22.622541,11.632084,-8.823953
24.349937,6.2135887,-13.014047
26.077332,0.7950941,-17.20414
23.830141,-2.5997126,-10.969111
21.582952,-5.994519,-4.734082
10.355019,-6.870191,4.4302444
-0.872915,-7.745863,13.594571
-8.58951,-7.606488,15.692611
-16.30629,-7.4671106,17.790699
-15.519955,-3.8159914,7.8260446
-14.733621,-0.16487248,-2.1386104
-16.951252,-0.50466394,-0.66360587
-19.168882,-0.8444554,0.81139874
-17.895527,-1.6774619,-3.7720816
-16.62217,-2.5104682,-8.355562
-10.860821,-4.3387637,-6.4954844
-5.0994716,-6.1670594,-4.6354065
-2.851463,-6.4923263,6.1706686
-0.6034544,-6.8175926,16.976744
2.630764,-2.6409352,11.231154
5.864982,1.5357221,5.4855647
10.084983,2.213661,1.6899053
14.304984,2.8916,-2.105754
16.009537,5.5702124,-1.4505688
17.71409,8.248825,-0.7953838
14.400471,11.926991,3.31132
11.086851,15.605159,7.418024
5.2506657,13.780687,7.476691
-0.58552,11.956216,7.5353575
-1.4498177,10.125461,0.045945186
-2.3141153,8.294704,-7.443467
-5.2123933,3.952645,-4.4813347
-8.110671,-0.38941446,-1.5192021
-13.048422,-4.2486534,2.3941987
-17.986053,-8.1078005,6.307506
-15.96746,-9.989946,3.671799
-13.948866,-11.872091,1.0360919
-13.476633,-13.782184,-0.6491642
-13.004399,-15.692276,-2.3344202
-14.079362,-12.633928,-5.0698133
-15.154325,-9.575581,-7.8052063
-13.775558,-7.050898,-4.5910406
-12.396792,-4.5262156,-1.3768749
-9.061709,-3.5361056,-2.2129564
-5.7266273,-2.5459957,-3.0490382
-1.4313242,-0.090669535,-4.434704
2.8639786,2.3646567,-5.8203697
9.623964,3.2852178,-1.7545449
16.38395,4.205779,2.31128
19.112537,7.0913873,1.8299674
21.841125,9.976996,1.3486547
19.5406,9.326833,3.3215902
17.240074,8.676669,5.2945256
13.410544,4.989012,4.2228146
9.581015,1.3013545,3.151103
2.7206964,-1.4262788,0.53545797
-4.139622,-4.153912,-2.080187
-10.033349,-7.924149,-4.2392364
-15.9272175,-11.694475,-6.398337
-16.356794,-13.509504,-2.6001887
-16.786371,-15.324534,1.1979592
-16.75257,-12.185189,2.9542494
-16.718767,-9.045845,4.71054
-17.220442,-6.9515643,-1.0740418
-17.722116,-4.8572836,-6.8586235
-12.256081,-3.3063412,-3.1830883
-6.790045,-1.755399,0.49244672
-4.351394,-2.2453618,0.12923825
-1.9127434,-2.7353246,-0.23397021
0.004476432,-5.2633066,-1.6345961
1.9216963,-7.791289,-3.035222
7.823714,-6.3539,-1.4717957
13.725731,-4.916511,0.09163068
17.118206,-3.0097327,-0.37927106
20.510681,-1.1029543,-0.8501728
20.897774,2.7777112,0.14632726
21.284868,6.6583767,1.1428274
18.668537,9.017396,4.108429
16.052208,11.376415,7.0740304
12.43209,11.217571,12.510043
8.811973,11.058728,17.946056
4.185848,11.384633,12.852804
-0.4402764,11.710538,7.759552
-3.5756817,7.522431,0.13601121
-6.7110124,3.334423,-7.4873476
-10.858913,0.1326257,-4.6426635
-15.006815,-3.0691717,-1.7979792
-16.669666,-5.7849336,1.0131662
-18.332516,-8.500696,3.8243115
-16.011131,-8.2303705,8.600279
-13.689747,-7.9600453,13.3762455
-15.882987,-6.202827,10.114858
-18.076227,-4.445609,6.8534694
-13.280982,-5.1998415,-1.9483163
-8.485739,-5.954074,-10.750102
-2.197246,-4.2173696,-7.595726
4.091246,-2.4806657,-4.4413505
3.8786664,0.2498983,-0.8339523
3.666087,2.9804623,2.773446
7.9581203,6.2079797,4.8310795
12.250154,9.435497,6.8887134
15.051726,9.662674,7.39361
17.853298,9.88985,7.898507
20.667871,10.118482,3.3470814
23.482443,10.347114,-1.2043444
24.31129,8.077844,-1.316239
25.14014,5.8085732,-1.4281335
17.981993,3.041023,-3.1047854
10.823677,0.27340704,-4.781477
3.6746402,1.5063949,-5.027001
-3.4743965,2.7393827,-5.2725244
-8.119235,-2.0284832,-4.0905075
-12.764073,-6.796349,-2.9084904
-16.409525,-6.5664134,-1.3020427
-20.054977,-6.3364778,0.3044049
-22.204412,-7.109594,0.83249253
-24.35385,-7.88271,1.3605801
-21.508358,-9.658904,-2.6923547
-18.662867,-11.4351,-6.74529
-12.821025,-10.213348,-8.881662
-6.9791846,-8.991598,-11.018035
-4.137545,-10.269672,-11.739547
-1.2959061,-11.547746,-12.461058
6.550012,-8.322169,-8.268268
14.39593,-5.0965934,-4.0754766
16.750433,-1.8628285,4.0320725
19.104935,1.3709363,12.139622
18.970999,4.6179943,11.162596
18.837065,7.8650527,10.185569
21.215555,10.630343,6.1239505
23.594046,13.395635,2.062332
19.48337,11.683228,-2.0847366
15.372693,9.97082,-6.2318053
12.268818,9.783507,-5.9654512
9.165017,9.596199,-5.6991034
3.562141,8.435472,-5.0201015
-2.040735,7.2747436,-4.3410993
-10.649407,4.140981,-6.249568
-19.25808,1.007219,-8.158037
-20.378847,-2.599899,-3.1534262
-21.499613,-6.207017,1.8511847
-23.637,-6.78791,1.2699269
-25.774385,-7.368803,0.6886691
-22.930323,-8.923375,-6.477118
-20.08626,-10.477946,-13.642905
-14.259945,-11.005148,-12.391395
-8.43363,-11.53235,-11.139883
-6.6220407,-8.529957,-5.9682856
-4.8104515,-5.5275636,-0.7966879
1.490753,-2.9922457,0.79873633
7.791958,-0.45692754,2.3941605
11.587402,4.115295,8.417457
15.382846,8.687517,14.440753
18.67635,10.300543,8.895488
21.969854,11.9135685,3.3502219
22.263443,11.570485,-2.26083
22.557034,11.227401,-7.871882
22.35028,11.930006,0.45350546
22.143522,12.632628,8.779091
17.933321,11.381304,3.5433307
13.723121,10.129978,-1.6924298
5.0040517,6.4237003,1.0126091
-3.7150168,2.717422,3.717648
-3.949741,1.554128,3.3652587
-4.184465,0.39083403,3.0128691
-9.441815,-0.7320802,-6.8953295
-14.699165,-1.8549944,-16.803528
-19.485256,-5.9401793,-7.2656527
-24.271347,-10.025365,2.2722228
-22.090525,-10.075024,-1.2413129
-19.909704,-10.124683,-4.7548485
-17.263943,-10.140097,-8.316641
-14.618182,-10.155511,-11.878434
-9.00716,-8.136789,-7.4846497
-3.3961382,-6.1180673,-3.0908659
-0.8179396,-4.0642385,-2.7368665
1.760259,-2.0104098,-2.3828669
2.3082466,-1.4197489,-0.06340097
2.856234,-0.829088,2.256065
6.876586,2.3004801,0.54648805
10.896938,5.430048,-1.1630888
10.89164,6.600517,-3.396144
10.886342,7.7709856,-5.629199
7.3563514,7.9838305,-7.879936
3.8264449,8.19667,-10.13062
6.7717733,7.9525113,-6.892534
9.717102,7.7083526,-3.6544478
8.636665,6.006873,-2.4203272
7.556228,4.305394,-1.1862065
2.448106,3.145443,2.0517156
-2.660016,1.9854921,5.2896376
-6.7982645,0.3653581,6.53915
-10.936513,-1.2547759,7.7886634
-15.607015,-4.8369875,-0.9427945
-20.277517,-8.419199,-9.6742525
-19.981071,-12.465027,-10.3793745
-19.684626,-16.510855,-11.0844965
-20.419933,-14.520802,-0.255544
-21.155241,-12.530749,10.573409
-16.918592,-9.003835,6.44459
-12.681945,-5.4769197,2.3157713
-8.967424,-4.4107904,-1.2627741
-5.2529035,-3.3446612,-4.8413196
-2.5530164,-0.23610404,2.6381724
0.14687097,2.872453,10.117664
5.8403335,5.5269246,7.1626797
11.533796,8.1813965,4.207695
12.728815,8.384955,8.325099
13.923862,8.58852,12.442602
17.127361,8.343567,8.638504
20.330858,8.098614,4.834406
17.547947,6.406567,0.6138473
14.765034,4.7145205,-3.6067114
10.498841,4.5759053,-0.7391935
6.2326484,4.4372897,2.1283243
4.984641,4.3519163,-1.9116435
3.7366345,4.2665424,-5.9516115
-0.99270785,1.7336729,-1.8944827
-5.72205,-0.7991967,2.162646
-8.932462,-1.780629,2.8216
-12.142873,-2.7620614,3.480554
-12.833496,-3.6931317,7.745927
-13.52412,-4.624202,12.0113
-13.192856,-7.0056453,8.887079
-12.861591,-9.387089,5.7628584
-10.504808,-10.718942,-3.2477438
-8.148026,-12.050796,-12.258346
-4.260715,-12.332011,-10.652337
-0.37340367,-12.613226,-9.046328
3.0503004,-13.841347,-6.8200936
6.4740043,-15.069467,-4.5938597
8.440054,-10.740466,4.2570186
10.406104,-6.4114666,13.107897
10.919814,-0.5198957,12.587922
11.433513,5.371535,12.06796
13.49901,7.331548,8.680834
15.564508,9.291562,5.293707
17.184391,13.825732,8.041918
18.804274,18.359901,10.79013
14.979282,18.472597,3.1751413
11.154291,18.585293,-4.439847
4.883369,15.279008,-2.917189
-1.3875536,11.972723,-1.3945309
-5.106588,11.247975,2.2664452
-8.825622,10.523227,5.927421
-13.494961,8.878857,3.727309
-18.164299,7.234486,1.5271971
-20.28502,5.168068,5.9662623
-22.405743,3.1016498,10.405327
-18.476967,0.60991204,2.983296
-14.548192,-1.8818256,-4.4387355
-13.566793,-6.302466,-9.722463
-12.585395,-10.723106,-15.00619
-10.046267,-12.075857,-7.1518784
-7.507138,-13.428608,0.7024335
-3.903712,-10.715655,2.6952243
-0.30028623,-8.002702,4.6880155
-1.1250997,-6.72497,5.819982
-1.9499328,-5.4472075,6.9519753
5.804751,-1.6045421,5.7234774
13.559435,2.2381232,4.494979
19.900911,3.6463327,2.9057043
26.242388,5.054542,1.3164297
23.676382,5.5288453,-0.634406
21.110376,6.003148,-2.5852418
21.14014,6.043593,-3.3985665
21.169905,6.0840373,-4.211891
15.296036,7.189958,4.111447
9.422167,8.295879,12.434785
5.1430955,8.465769,14.393687
0.86402404,8.635659,16.35259
-2.8230658,7.8670588,10.444981
-6.510155,7.098458,4.5373716
-9.608277,5.3879404,-1.7400329
-12.7064,3.677423,-8.017437
-11.21789,-1.4791688,-12.668355
-9.72938,-6.6357603,-17.319273
-11.155375,-11.242715,-12.346715
-12.581368,-15.849669,-7.374157
-10.4216385,-13.410552,-3.279881
-8.2619095,-10.971436,0.814395
-8.014912,-7.9885035,-1.4704118
-7.767914,-5.0055723,-3.7552185
-4.4309535,-4.479826,0.58055043
-1.0940725,-3.9540923,4.916216
3.836114,-2.8857083,2.3721197
8.7663,-1.8173244,-0.17197643
11.793065,-2.2059546,-3.5962827
14.819829,-2.594585,-7.020589
16.44556,0.060420558,-2.8254092
18.071291,2.7154262,1.3697705
14.296765,3.9148023,-0.8155904
10.52224,5.1141787,-3.0009513
10.346444,3.8584478,-5.066572
10.170649,2.602717,-7.1321936
7.5910335,3.891974,-1.077457
5.011418,5.181231,4.9772797
-1.4756103,2.5151052,5.653205
-7.9626384,-0.15102024,6.32913
-7.8609996,0.7267286,2.126906
-7.7593603,1.6044774,-2.075318
-7.0725427,2.5251045,-0.6553683
-6.3857255,3.4457316,0.76458156
-9.11635,2.408011,-2.1930945
-11.846975,1.3702904,-5.1507707
-9.996624,1.3727311,-4.4857016
-8.146272,1.3751718,-3.820633
-6.2154403,0.41607067,-1.5321275
-4.284562,-0.5430533,0.7564326
-1.2727531,-0.46554834,0.6694551
1.739056,-0.3880433,0.5824777
3.8327188,0.22422741,5.6210384
5.9263816,0.83649814,10.659599
6.602671,0.4816801,4.3244076
7.278961,0.126862,-2.0107841
6.538078,1.3030542,-5.7194076
5.7971945,2.4792464,-9.428031
5.638572,3.684403,-7.0096784
5.4799504,4.8895597,-4.5913253
4.902271,4.62132,-6.544955
4.324591,4.3530803,-8.498585
-0.67405146,2.1086407,-0.8224159
-5.672694,-0.13579915,6.853753
-5.594405,1.1403646,10.161798
-5.5161166,2.4165285,13.469843
-4.862707,2.2098398,4.9114275
-4.209298,2.0031512,-3.6469872
-5.481992,-5.1899548,-4.5708213
-6.7546854,-12.38306,-5.494655
-3.4540775,-12.56583,-3.782984
-0.15346958,-12.7486,-2.071313
-0.27965447,-12.423284,-5.222815
-0.40583935,-12.097968,-8.374317
-1.4586401,-12.265372,-2.387066
-2.5114157,-12.432773,3.6000423
-0.4904742,-5.592252,5.7280846
1.5304674,1.2482694,7.856127
4.125503,4.0983253,4.6270657
6.720539,6.9483814,1.3980042
9.88973,8.309716,4.3133564
13.058922,9.67105,7.2287087
15.801432,10.044754,3.7894216
18.543941,10.418457,0.35013458
15.35742,9.804541,-1.9432669
12.170898,9.190623,-4.2366686
8.05125,9.08789,-0.88380027
3.9316015,8.985156,2.4690678
1.3733606,8.891226,6.968554
-1.1848803,8.797296,11.4680395
-5.1877804,7.208678,11.114063
-9.1906805,5.6200595,10.760086
-11.14408,2.5323222,11.551547
-13.09748,-0.55541515,12.343008
-13.506261,-1.1472812,9.777481
-13.915041,-1.7391471,7.211955
-11.78266,-6.3402305,-3.714104
-9.650279,-10.941314,-14.640162
-6.978752,-13.556147,-12.930582
-4.3071623,-16.171041,-11.220961
-1.5972936,-12.803098,-5.878787
1.1125752,-9.435154,-0.53661305
1.860447,-7.0863614,3.9359279
2.6083188,-4.737569,8.408469
6.3938828,-1.9087123,11.509284
10.179447,0.9201445,14.6101
13.001825,3.728847,10.336302
15.824204,6.5375495,6.0625033
12.181388,8.325774,0.91010034
8.538572,10.113999,-4.242303
9.427121,8.880747,-5.277928
10.31567,7.647494,-6.313553
5.730833,5.8908052,-5.736884
1.1459965,4.1341166,-5.1602154
-1.9178487,2.8511634,-5.9751396
-4.9816937,1.5682102,-6.790064
-3.5304425,-3.244335,-0.49982706
-2.0791912,-8.05688,5.7904096
-0.61856204,-9.402271,6.182859
0.84206706,-10.747663,6.5753083
2.8065362,-11.628423,3.566792
4.771005,-12.509182,0.55827564
-0.2662669,-11.926606,0.14516321
-5.303539,-11.344029,-0.26794922
-6.348156,-10.797983,-5.0895376
-7.3927484,-10.25195,-9.911011
-5.949917,-9.240924,-7.644486
-4.507085,-8.2298975,-5.377961
-6.081371,-4.251166,3.473635
-7.655657,-0.27243486,12.325232
-3.75089,1.1775041,10.259029
0.15387663,2.627443,8.192828
3.534366,5.0523033,0.20543143
6.914855,7.4771633,-7.7819657
9.267697,6.880324,-9.194359
11.62054,6.283484,-10.606751
9.441673,4.1676793,-12.947475
7.262808,2.0518749,-15.2882
3.5471835,0.41923466,-8.059428
-0.16844088,-1.2134055,-0.8306555
-0.9266163,-3.8610144,2.9665265
-1.6847917,-6.5086236,6.7637086
-5.491495,-7.1691256,1.6286305
-9.298199,-7.829628,-3.5064478
-7.15905,-7.0003266,1.4254316
-5.019901,-6.1710253,6.357311
-5.439823,-4.8484206,5.855084
-5.859746,-3.525816,5.3528566
-8.342827,-2.7057066,-3.0847595
-10.825967,-1.8855779,-11.522577
-7.8754964,-0.06326764,-8.89718
-4.9250264,1.7590426,-6.271783
-7.543243,4.088363,-0.08419593
-10.161459,6.4176836,6.103391
-9.349627,6.2585883,7.3525996
-8.537794,6.0994935,8.601809
-5.296177,6.955962,8.911729
-2.0545595,7.8124313,9.221648
-1.8825855,7.187646,1.0905895
-1.7106116,6.562861,-7.0404696
2.8927295,3.9591792,-7.114672
7.4960704,1.3554974,-7.1888747
10.031668,2.2746072,-3.7081838
12.567265,3.193717,-0.22749259
10.535262,5.136821,1.3066006
8.503261,7.0799246,2.8406937
5.4027095,8.547681,5.926829
2.3021586,10.015436,9.012964
-0.36879358,12.007636,6.649395
-3.0397456,13.999835,4.2858257
-5.283269,10.515058,1.9701638
-7.5267925,7.0302796,-0.34549817
-8.844738,3.0658638,-4.6160674
-10.1626835,-0.8985518,-8.886637
-9.556076,-0.3460808,-11.614758
-8.949482,0.20637703,-14.342814
-8.918279,-2.7280102,-12.030114
-8.887075,-5.6623974,-9.717414
-8.430074,-5.587184,0.6355573
-7.973072,-5.511971,10.988528
-5.5880246,-3.430255,13.381761
-3.2029777,-1.3485388,15.774993
-1.8868085,0.23704506,10.207845
-0.5706395,1.8226289,4.640698
1.6801846,3.909622,3.1113634
3.9310086,5.9966154,1.5820287
3.1200693,6.582315,4.5877914
2.3091297,7.1680145,7.5935545
0.43980542,8.249091,3.6311204
-1.4295189,9.330169,-0.33131346
-0.8540298,6.4024353,-7.7655516
-0.27854067,3.4747024,-15.19979
-2.755026,-0.4668129,-4.6092453
-5.2315116,-4.408328,5.9812994
-2.7565534,-4.86893,8.593604
-0.28159517,-5.3295317,11.205909
3.6484396,-3.8143134,11.336708
7.5784745,-2.2990952,11.467506
5.9671464,-0.8127406,8.112582
4.35578,0.67364943,4.7575774
5.7060933,0.12680209,-5.0883775
7.056407,-0.42004526,-14.934332
5.3707337,-3.5043392,-9.276678
3.685061,-6.588633,-3.6190248
1.9651093,-8.714293,-1.9625846
0.2451578,-10.839952,-0.30614462
-0.007798406,-9.010183,-1.6551067
-0.26075462,-7.1804132,-3.0040689
-2.545578,-5.397448,0.6376841
-4.830401,-3.6144822,4.279437
-1.1458467,0.1202585,-0.091898195
2.5387077,3.8549993,-4.4632335
2.1940238,5.5403967,-3.3514068
1.84934,7.225794,-2.2395802
0.97677714,5.3604636,0.35180432
0.104214296,3.4951336,2.943189
1.2049819,0.57716864,2.0106382
2.3057494,-2.3407965,1.0780879
1.3808984,-2.3136332,6.117955
0.45604718,-2.2864702,11.157823
4.0064282,0.18357876,5.165992
7.55681,2.6536276,-0.8258393
5.582915,-1.4355662,-4.3539777
3.6090202,-5.5247602,-7.8821163
2.610816,-6.1751413,-3.951197
1.6126356,-6.825507,-0.020371376
5.5895886,-2.0386107,-2.134827
9.566542,2.7482858,-4.2492824
5.5175233,2.9712646,0.58694047
1.4685047,3.1942434,5.4231634
1.3918138,4.852093,5.706116
1.3151228,6.5099435,5.9890695
1.708619,5.6010294,4.2144756
2.1021152,4.692116,2.439882
-0.5365659,4.2141995,0.10298779
-3.175247,3.7362835,-2.2339065
-0.34854063,2.6865473,-4.1380825
2.4781656,1.636811,-6.0422587
0.7678263,0.012023967,-0.51856637
-0.942513,-1.612763,5.005126
-1.1923232,-1.3160033,3.4520004
-1.4421334,-1.0192437,1.8988748
0.7661733,-4.8042455,-3.2357776
2.9744802,-8.589247,-8.37043
1.138482,-7.958906,-6.5912166
-0.697516,-7.3285656,-4.812003
0.41968182,-4.785083,-3.623067
1.5368797,-2.2415998,-2.4341307
-0.39528188,-2.7864506,-0.33910367
-2.3274896,-3.3313146,1.7559733
-2.8116097,-2.4654758,1.7537965
-3.29573,-1.5996369,1.7516196
-1.8341663,-1.8237147,-1.8511117
-0.37260258,-2.0477924,-5.453843
-0.46750337,-1.3621333,-8.160316
-0.56240416,-0.6764739,-10.866791
-1.2157466,-1.0812185,-7.6796308
-1.8690891,-1.4859631,-4.4924707
-3.0826943,-2.4810703,0.08646986
-4.2962995,-3.4761775,4.6654105
-0.5717701,-3.5613616,2.1347315
3.1527593,-3.6465454,-0.3959474
2.313975,-3.321167,1.962338
1.475191,-2.9957888,4.3206234
2.0715792,0.74114126,-0.43372953
2.6679673,4.478071,-5.1880827
-0.302179,7.1276083,-2.556742
-3.2723253,9.777145,0.07459847
-8.810694,9.33988,2.0900414
-14.349063,8.902615,4.1054845
-11.9567585,4.8782754,-4.9964542
-9.564454,0.8539367,-14.0983925
-13.241394,-2.2584915,-6.3189216
-16.918333,-5.3709197,1.46055
-13.662857,-4.072643,-1.37929
-10.407459,-2.7743971,-4.2190623
-8.216445,-3.5663912,-3.678336
-6.025431,-4.358385,-3.1376092
-5.894311,-2.241149,-1.2161844
-5.7631907,-0.12391295,0.7052406
-4.686485,1.402353,-10.492054
-3.609779,2.9286191,-21.689348
-5.581294,1.3637891,-11.503992
-7.5528092,-0.20104106,-1.3186364
-3.5657215,0.14280945,3.7517347
0.42136636,0.48665997,8.822105
1.8743552,-0.76111305,4.78031
3.327344,-2.008886,0.7385141
6.2536006,-2.3485422,3.5870926
9.179857,-2.6881983,6.4356713
12.086234,-2.619812,-0.3232815
14.99261,-2.551426,-7.0822344
12.3848715,-1.07481,-3.4467988
9.777133,0.40180603,0.18863696
4.659725,1.787022,4.720428
-0.45768273,3.1722379,9.252219
-4.081242,2.9663851,3.1822278
-7.704802,2.7605324,-2.8877635
-8.331078,0.46375534,0.4419612
-8.957369,-1.8330764,3.7717652
-6.5823355,-2.7208614,9.002438
-4.207302,-3.6086464,14.23311
-3.8260856,-1.587357,11.865164
-3.444869,0.43393242,9.497217
-4.5519123,-2.1354196,1.530113
-5.658956,-4.704772,-6.436991
-4.248139,-6.3641644,-4.5044923
-2.8373218,-8.023557,-2.5719936
-4.9019732,-3.7719047,-5.741087
-6.9666247,0.47974735,-8.91018
-3.499518,1.1440204,-8.181474
-0.03241085,1.8082936,-7.4527683
0.97412795,2.3869503,-3.8260884
1.9806668,2.9656072,-0.19940853
1.0344901,3.960241,-5.1738434
0.08831333,4.954875,-10.148278
7.6971135,3.366711,-2.22233
15.305914,1.7785468,5.7036176
18.476667,0.10842561,10.031695
21.647423,-1.5616956,14.359773
21.385527,-2.3131218,14.591213
21.12363,-3.0645483,14.822654
19.432182,-2.3965392,5.9574733
17.740732,-1.7285302,-2.9077067
15.120351,-3.6400917,-13.870526
12.500032,-5.5516076,-24.833086
6.4493732,-6.541254,-15.89378
0.39871383,-7.530901,-6.9544744
-5.0849013,-4.096636,0.38762856
-10.568517,-0.66237056,7.7297316
-11.487856,-0.8016042,6.47628
-12.407194,-0.94083786,5.222829
-11.264171,-3.650591,1.3753757
-10.121147,-6.360344,-2.4720774
-4.9164476,-7.137252,-6.912246
0.28825164,-7.9141593,-11.352415
3.5548239,-8.254209,-3.3838022
6.8213964,-8.594257,4.5848107
10.150121,-5.492567,4.964088
13.478845,-2.3908768,5.343365
16.369177,5.6581025,2.1351898
19.259508,13.707082,-1.0729859
17.209332,15.708775,6.1328917
15.159154,17.710466,13.338769
15.664369,17.169111,4.45967
16.169584,16.627756,-4.4194293
15.2240505,12.045768,-0.3830608
14.278518,7.4637785,3.6533074
11.374232,4.8419075,9.105093
8.469878,2.219974,14.557008
6.0971413,1.5577908,7.92375
3.7244048,0.89560765,1.2904919
-3.1273894,-3.3076613,0.07074054
-9.979184,-7.5109305,-1.1490108
-13.320786,-9.255939,-3.4571052
-16.662388,-11.000947,-5.7651997
-22.003527,-11.787599,-5.663363
-27.344666,-12.574249,-5.5615263
-30.192884,-13.901186,-7.050946
-33.041103,-15.228124,-8.540366
-29.400826,-12.092449,-3.12153
-25.760548,-8.956776,2.297306
-19.632742,-2.8541405,2.1244447
-13.504938,3.2484941,1.9515836
-3.3877437,4.823283,-1.8127427
6.72945,6.3980722,-5.5770693
14.839206,5.4502206,1.5673814
22.948961,4.5023694,8.711832
25.553818,6.03655,4.7652044
28.158676,7.570731,0.8185771
28.258888,7.09089,-5.719162
28.3591,6.611049,-12.256902
23.951782,6.6203265,-4.3856974
19.544464,6.6296034,3.4855063
10.123607,10.6302805,2.766056
0.702974,14.630862,2.0466232
-3.7390816,14.123935,7.2370005
-8.181137,13.617008,12.427378
-14.652833,10.102189,8.027512
-21.124529,6.587371,3.6276448
-17.133219,-1.9369483,-3.3632374
-13.141909,-10.461267,-10.354119
-13.693182,-13.49709,-1.9370902
-14.244454,-16.532913,6.479939
-19.841908,-14.581447,-4.695997
-25.439362,-12.629981,-15.871934
-17.584475,-20.190767,-4.6412745
-9.729587,-27.751553,6.5893846
-17.421589,-20.321968,-1.7733036
-25.113592,-12.892382,-10.135992
-15.849511,-7.4675527,-15.59135
-6.5854306,-2.0427227,-21.046707
1.1395272,0.88383293,3.9067688
8.864485,3.8103888,28.860245
7.5559616,9.745627,10.72447
6.247438,15.680866,-7.4113045
17.41064,12.631165,1.86511
28.573841,9.581462,11.141524
19.212597,13.051885,9.330791
9.851128,16.52239,7.520016
8.966947,9.516616,-18.877663
8.082766,2.5108423,-45.27534
9.175754,-2.468791,-14.259061
10.268743,-7.4484243,16.757221
-1.6622337,0.5999142,17.689484
-13.59321,8.6482525,18.621746
-12.049589,5.726245,6.972037
-10.505968,2.804237,-4.677673
-10.988517,-1.0866784,2.0917222
-11.4710655,-4.977594,8.861117
-15.97919,-1.8361756,-2.4499705
-20.487314,1.3052427,-13.761059
-22.018621,-4.5196466,-13.152103
-23.549927,-10.344536,-12.543148
-21.09973,-17.13379,-12.512727
-18.649534,-23.923042,-12.482306
-11.7106905,-17.673391,-5.0276723
-4.7718477,-11.423741,2.4269607
0.66466177,-6.630111,4.809508
6.1011715,-1.8364803,7.1920543
10.5450535,3.5075645,12.006234
14.988935,8.851609,16.820414
13.949333,12.252733,6.0691404
12.909731,15.653858,-4.682133
17.894405,12.617856,-19.996742
22.87896,9.581926,-35.310986
21.393496,13.613264,-3.6857407
19.908031,17.644602,27.939505
9.955972,16.245956,19.507963
0.0039110677,14.84731,11.076419
5.5868964,11.019622,4.09113
11.169881,7.1919336,-2.8941593
5.788397,6.434547,10.568632
0.40691254,5.6771603,24.031424
-1.9392167,-0.5116472,0.44311988
-4.285346,-6.7004547,-23.145184
0.40343007,-12.322664,-10.78417
5.092206,-17.944874,1.5768434
-0.18457848,-15.001727,5.887814
-5.461363,-12.058581,10.198785
-6.2040563,-7.0499196,1.4605538
-6.9467497,-2.0412586,-7.2776775
-6.655302,-3.4656384,3.4354992
-6.3638544,-4.8900185,14.148676
-5.0375295,2.7546902,6.8134418
-3.7112045,10.399399,-0.52179235
0.1513782,12.11528,0.59422994
4.013961,13.831161,1.7102523
7.9143453,7.1196218,1.7767675
11.814823,0.40792248,1.8432842
11.254216,5.7690935,0.35930753
10.693609,11.130264,-1.1246692
9.672024,9.56357,-8.660099
8.650438,7.9968753,-16.19553
10.166667,1.5008038,-4.7829356
11.682895,-4.9952674,6.6296577
4.234554,-2.9227915,21.490042
-3.213787,-0.8503154,36.350426
-5.1298285,-0.21144749,13.6575
-7.0458703,0.42742038,-9.035424
-3.9327986,-1.3693303,-14.784099
-0.81972724,-3.166081,-20.532774
-4.1803045,-6.40024,-13.339716
-7.540881,-9.634399,-6.146658
-7.377291,-7.3072734,1.4866992
-7.213701,-4.980148,9.120056
-8.027397,-0.09237753,3.1930182
-8.841093,4.795393,-2.7340195
-5.632651,-0.25637951,0.2778383
-2.424209,-5.3081517,3.2896962
3.306501,-4.7994485,10.239393
9.037211,-4.2907453,17.18909
12.290362,-2.7212663,3.5749705
15.543512,-1.151787,-10.039149
17.318382,-2.5208514,-9.219243
19.093208,-3.8898828,-8.399356
14.3873415,1.3035406,-7.647384
9.681475,6.496964,-6.895412
8.490664,9.253812,-2.212534
7.299853,12.01066,2.470344
4.1184587,12.831228,10.5834
0.93706495,13.651796,18.696455
-3.241319,13.035116,15.738441
-7.419703,12.418437,12.780428
-6.1015625,7.862059,3.7488341
-4.783422,3.3056815,-5.282759
-4.4747972,-1.6940031,-15.391281
-4.166173,-6.6936874,-25.499804
-6.8724504,-11.140606,-23.687933
-9.578728,-15.587524,-21.876062
-13.804446,-15.984875,-9.644548
-18.030165,-16.382225,2.5869656
-18.278536,-12.731702,6.739077
-18.526909,-9.081179,10.891189
-15.299289,-6.382855,4.9652815
-12.071671,-3.684531,-0.96062624
-9.867467,-0.93731415,-3.4635146
-7.6632643,1.8099025,-5.9664025
-4.9803696,3.1075835,-7.045286
-2.2974107,4.4052954,-8.124195
3.8672576,4.7549815,-6.2776117
10.031926,5.1046677,-4.431029
11.681376,5.0074205,-0.6567881
13.330828,4.910173,3.1174526
10.967278,3.3665092,6.321866
8.603727,1.8228452,9.526279
9.228124,2.8327684,5.663124
9.85252,3.842692,1.7999692
4.9645987,2.4057992,-1.6290232
0.0766772,0.9689064,-5.058016
-4.824588,0.08449381,-5.051324
-9.725853,-0.7999188,-5.044632
-9.141496,2.3672464,-4.1004443
-8.557139,5.534412,-3.1562572
-9.98746,4.252033,1.7276655
-11.417782,2.9696543,6.611588
-12.861903,3.736239,-0.062322542
-14.3060255,4.5028234,-6.736233
-10.761685,4.316398,-8.465427
-7.2173448,4.129973,-10.194621
-3.1809633,2.9880729,-5.976081
0.85541815,1.846173,-1.7575406
4.3882084,-0.2540645,-4.587497
7.920999,-2.354302,-7.417454
13.454533,-2.9158971,-0.29141915
18.987934,-3.4774787,6.8344455
18.025278,1.4966474,8.420895
17.06262,6.4707737,10.007344
15.105249,4.9776726,6.058482
13.14788,3.4845715,2.1096203
13.195233,2.021011,0.12895755
13.242588,0.55745053,-1.8517052
5.292409,-0.38014796,-8.860942
-2.65777,-1.3177464,-15.870179
-6.6087427,-3.7330582,-11.404269
-10.559715,-6.14837,-6.938359
-10.514722,-6.544806,-2.4925916
-10.469728,-6.941242,1.9531755
-13.431077,-7.821602,2.8842573
-16.392426,-8.7019615,3.8153393
-14.860961,-9.568161,6.2372556
-13.329497,-10.43436,8.659172
-11.804388,-9.287249,5.5769653
-10.279279,-8.140138,2.494759
-7.7581043,-5.979464,-3.0870795
-5.2369304,-3.8187904,-8.668919
-0.21611695,-1.6434091,-4.7460384
4.8046966,0.53197217,-0.82315904
8.829097,6.223545,6.1088915
12.853593,11.915254,13.041107
17.885109,13.624372,12.486817
22.916626,15.333488,11.9325285
23.957014,13.060186,10.89517
24.997404,10.786885,9.857812
23.046003,8.029792,2.3395064
21.094603,5.272698,-5.1787987
17.647987,3.0291882,-6.176649
14.201372,0.78567827,-7.1744995
5.253742,-0.44759062,-3.6504273
-3.693887,-1.6808594,-0.12635511
-8.149637,-4.9073997,-0.5784578
-12.605389,-8.133941,-1.0305605
-15.076272,-7.3569455,-2.4566016
-17.547155,-6.5799503,-3.8826427
-20.03886,-8.3019,-2.2801502
-22.530565,-10.023849,-0.6776578
-19.546694,-11.246233,-0.043927237
-16.562824,-12.4686165,0.5898033
-11.604705,-11.691709,-6.7422705
-6.646585,-10.914801,-14.074344
-2.213728,-13.637451,-4.3688407
2.2191288,-16.360102,5.3366623
2.6281254,-11.079623,8.583511
3.0371218,-5.7991447,11.830361
9.423751,-3.0114214,7.1220655
15.810227,-0.22376455,2.4138827
17.674946,3.0760458,8.253322
19.539663,6.375856,14.09276
17.381565,9.692714,2.9817388
15.223469,13.009572,-8.129282
16.539524,11.347675,-7.189428
17.85558,9.685779,-6.249573
10.140723,12.048098,-3.2573884
2.4258666,14.410416,-0.26520362
-3.3264399,11.298493,-0.21878582
-9.078746,8.18657,-0.172368
-12.875418,4.600601,4.930384
-16.67209,1.0146316,10.033136
-17.519167,-3.0460775,5.1940722
-18.366241,-7.1067863,0.3550086
-15.268042,-8.143051,0.57549673
-12.16984,-9.179316,0.7959849
-13.128733,-7.691376,0.07704357
-14.087625,-6.2034373,-0.6418978
-10.104212,-8.190616,0.20063464
-6.120799,-10.177794,1.0431671
-3.1943035,-6.6384335,1.4480318
-0.26780772,-3.0990727,1.8528965
-0.39661157,0.9692386,1.820845
-0.5254185,5.037647,1.7887928
4.7923427,7.1377482,3.8203592
10.110104,9.237849,5.851926
12.875941,8.872018,3.447303
15.641779,8.506187,1.0426804
16.356121,7.17587,2.2016568
17.070463,5.845553,3.3606331
13.732075,7.051219,0.58266246
10.393686,8.256886,-2.1953084
3.4996622,6.4980955,-6.410857
-3.3943627,4.739306,-10.626406
-4.8479204,5.014792,-6.779818
-6.301478,5.290278,-2.9332302
-11.3184395,2.5980797,-2.024148
-16.335402,-0.0941186,-1.1150658
-20.418612,-3.756362,-0.6426075
-24.501823,-7.4186053,-0.17014925
-20.152246,-7.55316,-0.13319942
-15.8026705,-7.6877155,-0.0962496
-13.518972,-10.296197,-5.4935384
-11.235274,-12.904678,-10.890827
-8.514086,-12.487607,-7.72069
-5.7928963,-12.070536,-4.5505524
-3.129446,-10.627077,-3.8106403
-0.46599582,-9.183619,-3.0707283
3.6452365,-8.711547,-1.7580223
7.756371,-8.239488,-0.4453476
11.8206835,-2.2354572,1.4434849
15.884995,3.7685735,3.3323174
14.906921,10.308448,2.3006945
13.928847,16.848322,1.2690715
13.411348,17.927393,1.320226
12.893848,19.006466,1.3713806
9.838215,18.126513,1.0083373
6.7825804,17.246561,0.64529395
6.1886783,14.907273,-0.62905836
5.594776,12.567986,-1.9034106
2.4614718,7.767096,-1.0862044
-0.67183274,2.9662063,-0.2689982
-5.8461437,-0.29989734,-0.35729575
-11.020454,-3.5660012,-0.44559327
-9.737161,-5.8014245,-2.936333
-8.453867,-8.036848,-5.4270725
-11.713481,-7.7454095,1.1829603
-14.973094,-7.4539714,7.792993
-15.274788,-6.1387534,6.507
-15.576482,-4.8235354,5.2210064
-10.917836,-6.4867735,2.0418398
-6.25919,-8.150012,-1.1373265
-7.6362343,-6.293152,-3.707144
-9.013311,-4.436247,-6.277023
-5.920921,-3.059922,-9.234941
-2.8285303,-1.6835967,-12.192859
4.239212,-0.28796124,-7.0355473
11.306953,1.1076742,-1.8782357
13.855928,3.0226965,5.898334
16.404903,4.9377184,13.674904
17.439962,7.3720074,14.574731
18.47502,9.806296,15.474558
18.499186,8.759111,0.50078195
18.52335,7.711926,-14.472995
18.537447,4.6816463,-12.817836
18.551544,1.6513666,-11.162676
12.054199,1.1356075,-1.875663
5.5568533,0.61984843,7.4113503
-1.4550177,-0.3841799,1.8337905
-8.466888,-1.3882082,-3.7437692
-10.996983,0.11659403,-4.6820526
-13.527076,1.6213963,-5.6203356
-19.078394,-0.36787066,-0.41532403
-24.629713,-2.3571377,4.7896876
-23.703453,-5.843264,-3.357723
-22.777191,-9.329391,-11.505134
-16.372105,-12.314684,-9.000294
-9.967019,-15.299976,-6.4954524
-9.079528,-15.2856455,5.166959
-8.192058,-15.271314,16.829092
-5.3169603,-11.756992,3.654153
-2.4418633,-8.242672,-9.520786
0.9269892,-8.226404,-3.5278
4.2958417,-8.210136,2.465186
6.164841,-0.18878326,11.130975
8.03384,7.83257,19.796762
7.9090047,11.362551,7.639695
7.7841687,14.892531,-4.5173726
10.670672,12.434089,-1.99375
13.557176,9.975645,0.5298728
13.959003,9.530464,2.2372575
14.360831,9.085283,3.944642
9.780536,5.653749,2.3386922
5.2002397,2.2222154,0.73274237
6.6389832,2.3037703,5.816087
8.077727,2.3853254,10.899431
2.0356522,0.97887176,9.174136
-4.0064225,-0.42758182,7.448842
-7.529618,-4.823309,1.4162112
-11.052813,-9.219036,-4.6164193
-9.557125,-9.605005,-2.4556332
-8.061438,-9.990975,-0.29484692
-10.545899,-7.3674107,4.0598984
-13.03042,-4.7437835,8.414748
-10.992916,-2.1099072,11.463873
-8.955412,0.5239695,14.512999
-7.39246,1.6694117,13.255871
-5.829508,2.814854,11.998742
-0.73661554,-1.0267013,0.9335385
4.356277,-4.8682566,-10.131665
6.984048,-6.6952643,-10.507449
9.611818,-8.522272,-10.883232
11.279051,-5.332767,-4.571785
12.946283,-2.143262,1.739662
14.656485,1.0652856,6.2367463
16.366686,4.2738333,10.73383
12.621837,8.504126,15.914795
8.876987,12.734418,21.095758
6.6775045,13.488579,11.457699
4.478021,14.242741,1.8196378
2.3231485,8.02172,-4.141673
0.16827573,1.8006991,-10.102984
-3.4433098,-0.8956856,-6.3922634
-7.0548954,-3.5920703,-2.6815424
-10.12441,-5.7644567,-7.303078
-13.193924,-7.9368434,-11.924614
-14.721751,-10.585516,-11.381806
-16.249578,-13.234189,-10.839
-16.734627,-7.8584623,-3.1341317
-17.219662,-2.4828646,4.5705523
-18.158895,-2.0812566,11.435541
-19.09813,-1.6796486,18.30053
-13.986443,-2.7498076,15.823516
-8.874757,-3.8199668,13.346502
0.7947202,-2.8592107,1.0240208
10.464197,-1.8984548,-11.29846
15.698996,-4.9037285,-11.470664
20.933794,-7.9090023,-11.642867
22.740532,-6.3767424,-5.6687164
24.547272,-4.844483,0.30543432
24.430367,-0.7705396,2.4227674
24.31346,3.3034036,4.5401006
21.774523,6.923485,12.297584
19.235584,10.543566,20.055067
19.273397,15.213812,15.948815
19.311209,19.884058,11.842564
13.922022,18.607176,7.36721
8.532835,17.330294,2.891857
5.210917,13.607079,-1.4592297
1.8889996,9.883863,-5.810316
-3.3725283,7.713238,-9.544147
-8.634056,5.542612,-13.277976
-20.841908,2.922189,-5.4011674
-33.05005,0.3017037,2.4758296
-35.70976,0.7282795,-2.542293
-38.369465,1.1548553,-7.5604157
-34.482872,1.6250011,-9.478651
-30.596281,2.0951471,-11.396886
-22.16141,3.6051905,-0.7196603
-13.726537,5.115234,9.957565
-7.738058,6.6611404,9.226201
-1.7495795,8.2070465,8.494837
4.799701,4.2842073,-2.6493793
11.348982,0.36136758,-13.793595
18.96645,-2.535359,-16.354965
26.583918,-5.4320855,-18.916336
22.27561,-8.307896,-13.398207
17.967302,-11.183706,-7.8800764
20.736921,-12.043166,-1.284329
23.50654,-12.902626,5.311418
24.355087,-11.249129,11.983657
25.203632,-9.595633,18.655895
20.12932,-6.931238,12.903004
15.055008,-4.2668443,7.150113
11.053466,-1.592544,4.4692526
7.0519238,1.0817562,1.7883916
-4.8829923,1.2655277,-3.8242238
-16.817907,1.4492993,-9.436839
-25.192652,2.1422064,-14.48506
-33.567196,2.835097,-19.53316
-37.386093,2.0366123,-9.519715
-41.204994,1.2381274,0.49372935
-38.969048,0.44752428,2.0670836
-36.733105,-0.34307882,3.6404376
-24.938839,1.3732936,8.272454
-13.144575,3.0896661,12.904471
-4.284859,2.8119462,17.0933
4.5748563,2.5342264,21.282127
12.508943,3.2610915,7.5245714
20.44303,3.9879568,-6.232984
28.459965,1.7177505,-8.941264
36.476902,-0.5524557,-11.649544
34.582764,1.1783135,-5.313007
32.688625,2.9090827,1.0235299
28.385887,8.138559,-0.09902179
24.08315,13.368036,-1.2215735
19.870571,13.093284,6.193178
15.65799,12.81853,13.60793
12.531319,15.535349,12.055985
9.404647,18.252169,10.504042
8.857526,13.454678,3.4804897
8.310406,8.657187,-3.543062
3.8351572,5.337895,-7.5437927
-0.6401979,2.0185227,-11.544619
-5.5521197,-1.831283,-13.528029
-10.464042,-5.681089,-15.51144
-17.8208,-12.570177,-8.981813
-25.17756,-19.459267,-2.4521859
-25.98593,-17.895575,-1.412651
-26.7943,-16.33188,-0.37311602
-26.058496,-16.321629,6.1737995
-25.322693,-16.311375,12.7207155
-20.043896,-13.358764,5.272319
-14.765098,-10.406154,-2.1760776
-2.4418712,-8.513583,-8.122868
9.881355,-6.6210127,-14.069656
14.251686,-4.2895274,-9.517735
18.622017,-1.9580418,-4.9658117
24.041512,0.31211978,-13.917108
29.461004,2.5822814,-22.868402
30.429482,2.7911565,-13.32341
31.397959,3.000032,-3.7784166
24.412073,6.1474833,5.7637124
17.426188,9.294935,15.305841
13.979418,7.880277,11.346348
10.532649,6.4656196,7.3868546
6.116101,5.9873695,8.426254
1.6995527,5.5091195,9.465652
-4.6970015,2.9649696,2.503317
-11.093403,0.42088044,-4.458853
-17.479973,-1.6919037,-9.923838
-23.866543,-3.8046877,-15.388823
-33.251896,-2.9890385,-11.357225
-42.637253,-2.1733892,-7.3256283
-46.5269,-4.9319572,-2.2971373
-50.41655,-7.6905255,2.7313538
-44.811275,-8.025438,6.757741
-39.205997,-8.360351,10.784129
-29.601301,-7.7729554,10.809215
-19.996603,-7.1855607,10.8343
-9.383614,-6.176291,4.3580284
1.2293762,-5.1670213,-2.1182437
8.361931,-2.7354846,-8.0966215
15.494486,-0.30394793,-14.075
21.658052,2.0507562,-8.556091
27.821617,4.4054604,-3.0371828
28.52593,9.184217,0.97910315
29.230244,13.962975,4.995389
28.482101,16.165932,10.509462
27.73396,18.368889,16.023537
29.036688,17.494698,18.035118
30.339418,16.620504,20.046701
25.692844,14.165892,11.554076
21.046162,11.71122,3.0612485
16.446672,6.1709924,-1.9391274
11.847182,0.6307645,-6.9395037
3.2888403,-7.5012984,-8.451473
-5.269502,-15.633361,-9.963444
-15.293779,-17.863388,-5.9905505
-25.318056,-20.093414,-2.0176575
-28.814592,-18.926142,2.9372194
-32.311127,-17.75887,7.892096
-33.783695,-17.196918,8.826215
-35.256264,-16.634966,9.760333
-29.704987,-14.678748,-1.8294791
-24.153711,-12.72253,-13.4192915
-14.575055,-12.870463,-9.536431
-4.996398,-13.018395,-5.653572
3.11574,-7.267216,0.1989539
11.227879,-1.5160369,6.05148
16.880339,1.1386746,-1.128847
22.532797,3.7933862,-8.309174
25.731304,5.8564487,-1.5246568
28.92981,7.919511,5.2598605
31.177547,14.395303,4.5069704
33.425285,20.871094,3.7540798
28.722048,21.762682,6.4613066
24.018812,22.654268,9.168533
21.860813,20.462582,10.83276
19.702866,18.270947,12.496947
15.083284,13.994564,11.11394
10.463703,9.718181,9.730932
0.37345564,5.8535485,2.79534
-9.716792,1.9889165,-4.1402526
-16.787573,-2.9686978,-10.134466
-23.858355,-7.926312,-16.12868
-31.418507,-12.981793,-9.687228
-38.97866,-18.037275,-3.245776
-42.034103,-19.694542,-3.3734305
-45.08955,-21.351809,-3.501085
-39.641872,-21.112865,-0.20184278
-34.19419,-20.873922,3.0973995
-26.740223,-19.238354,1.3198409
-19.286255,-17.602783,-0.45771754
-8.318918,-14.567735,-2.8157296
2.648417,-11.532685,-5.173742
12.638266,-5.5933,-4.615715
22.628115,0.34608626,-4.0576878
25.649437,3.1958673,-1.5867755
28.67076,6.045648,0.88413674
29.730381,8.812085,5.2650337
30.790003,11.578521,9.645931
31.891436,14.267141,10.933625
32.992893,16.955826,12.22135
30.13592,15.570875,10.911792
27.278944,14.185925,9.602234
21.959578,13.229805,3.6901612
16.640211,12.273685,-2.2219114
10.35137,7.747131,-4.7425294
4.062529,3.220577,-7.263147
-6.2047606,-2.8768616,-11.398283
-16.47205,-8.974299,-15.53342
-24.726913,-12.643311,-11.788161
-32.981777,-16.31232,-8.042904
-36.231487,-18.052702,-1.9211457
-39.481194,-19.793081,4.2006125
-39.729424,-17.102873,-0.804187
-39.977657,-14.412663,-5.8089867
-30.723656,-10.787887,-6.94298
-21.469656,-7.16311,-8.076973
-8.708651,-4.598121,-1.842374
4.0523543,-2.0331328,4.3922253
13.327403,1.4786797,1.4936064
22.602453,4.990492,-1.4050125
30.398375,7.4559393,-4.9384584
38.194294,9.921387,-8.471905
37.015415,8.846793,-2.1415615
35.83654,7.7722,4.1887813
35.183254,7.6629796,-0.11821113
34.529984,7.553762,-4.425101
31.398346,7.4143233,-4.8701396
28.266708,7.274884,-5.315178
20.148722,5.108704,-7.898735
12.030737,2.9425242,-10.482292
6.915334,-0.24762322,-11.204012
1.7999318,-3.4377706,-11.925732
-8.32559,-6.649352,-2.784239
-18.451113,-9.860933,6.357253
-28.099266,-13.090967,-1.1358699
-37.74742,-16.321,-8.628993
-40.428482,-18.065287,-4.7541237
-43.109543,-19.809574,-0.87925446
-42.82976,-15.562106,4.8664584
-42.549984,-11.314637,10.612171
-34.810715,-7.0675073,5.2315106
-27.07145,-2.820377,-0.14915039
-15.869515,1.9356376,4.846121
-4.667582,6.6916523,9.841392
8.503115,14.966024,7.214238
21.673811,23.240396,4.5870843
30.319786,23.041555,1.3384793
38.965763,22.842714,-1.910126
42.591244,22.676918,1.2202563
46.216812,22.511116,4.3507133
47.321857,22.881874,6.8602934
48.4269,23.252632,9.369873
40.5061,19.660652,10.258187
32.585297,16.06867,11.146502
24.628098,13.012095,6.9121914
16.670898,9.955521,2.6778817
5.1628747,5.930509,1.818647
-6.34515,1.9054984,0.95941234
-20.92014,-3.5929325,-5.0275407
-35.49513,-9.091363,-11.014494
-42.652203,-11.068338,-16.131664
-49.809273,-13.045314,-21.248833
-55.55976,-13.505151,-10.99758
-61.310253,-13.964987,-0.7463258
-57.659653,-16.410532,-0.62664443
-54.009052,-18.856077,-0.5069631
-40.95622,-19.2883,-1.5180273
-27.903389,-19.72052,-2.5290916
-15.441437,-17.638218,0.8301855
-2.9794853,-15.555915,4.1894627
12.901828,-9.455748,-4.0797257
28.78314,-3.3555808,-12.348914
40.09419,2.2673311,-5.745109
51.405235,7.890243,0.8586963
52.153336,14.041248,7.337366
52.901417,20.192106,13.815882
50.088535,24.375332,13.170838
47.275654,28.55856,12.525794
40.89771,29.276054,18.25753
34.519764,29.99355,23.989265
22.067228,28.744095,14.596376
9.614693,27.494642,5.203487
-4.4256406,20.273596,-2.8171387
-18.465973,13.052549,-10.837765
-29.10832,3.8524432,-10.489913
-39.750668,-5.347663,-10.142062
-46.50729,-12.535685,-8.928984
-53.263912,-19.723705,-7.715905
-57.142548,-20.90808,-5.139812
-61.021183,-22.092453,-2.563719
-55.523373,-21.279772,-4.1259336
-50.025566,-20.467089,-5.688148
-41.646183,-21.661425,-5.389333
-33.266796,-22.85576,-5.090517
-22.994877,-18.558552,-7.4306893
-12.722958,-14.261342,-9.770862
0.95634717,-9.471651,-9.2492285
14.635652,-4.68196,-8.727595
22.238441,-1.3972127,-4.342478
29.841413,1.8876132,0.042744365
36.88275,6.6708074,-2.2060292
43.92409,11.454001,-4.4548025
48.91521,14.238592,5.665365
53.90633,17.023182,15.785533
49.85339,18.31091,18.277145
45.80045,19.598639,20.768757
35.70383,17.88933,14.632996
25.60721,16.180021,8.497235
12.9623,12.471385,6.2335525
0.3173917,8.762747,3.9698696
-11.383308,2.5507326,-0.92353857
-23.084007,-3.6612818,-5.8169465
-33.34811,-6.8815994,-3.8423014
-43.612213,-10.101916,-1.867656
-47.94468,-8.835317,-4.5269814
-52.277145,-7.5687165,-7.186307
-49.178165,-9.819125,-5.4811335
-46.07919,-12.069534,-3.7759597
-38.543266,-10.839725,-3.2072368
-31.007343,-9.609916,-2.638514
-18.52381,-8.401419,-5.7066226
-6.0402784,-7.192922,-8.774731
4.9049034,-7.006101,-3.9794846
15.850085,-6.8192806,0.81576186
27.771908,-6.1535006,0.4750437
39.693447,-5.487736,0.13433366
44.604534,-2.3415987,4.6585245
49.515617,0.80453867,9.182715
45.424824,5.932872,7.0723877
41.334026,11.061205,4.9620595
37.744804,12.173301,2.2171948
34.155586,13.285397,-0.5276701
24.06641,11.881822,0.5923917
13.977237,10.478247,1.7124536
4.3828936,8.55821,0.19665954
-5.211449,6.6381736,-1.3191345
-13.817886,5.699643,0.028360693
-22.424324,4.7611127,1.3758559
-28.049278,-1.1987807,-6.414134
-33.674232,-7.1586742,-14.2041235
-31.821724,-11.642963,-10.631908
-29.969215,-16.127253,-7.059694
-28.139797,-14.638227,-0.62477463
-26.310379,-13.149202,5.810145
-21.501009,-12.187705,2.1088653
-16.691637,-11.226209,-1.5924144
-8.396307,-7.7915196,0.5712917
-0.100976355,-4.35683,2.7349977
7.1879673,1.5528466,-1.2351757
14.477085,7.462664,-5.205444
20.267632,10.849649,-4.3084383
26.05818,14.236634,-3.4114325
28.85645,14.102355,0.8541911
31.654716,13.968075,5.119815
29.964022,11.812647,3.2555788
28.273327,9.657219,1.3913425
21.593561,5.9792757,1.3986213
14.913795,2.301333,1.4059
7.7418556,0.09845008,-0.7141527
0.56991583,-2.1044328,-2.8342054
-7.59903,-2.3351142,-3.580463
-15.767976,-2.565796,-4.3267207
-21.938763,-3.327072,-5.197795
-28.109549,-4.088348,-6.0688696
-29.785275,-4.8826723,-3.062901
-31.461,-5.6769967,-0.0569325
-29.641752,-6.5063,-2.171583
-27.822504,-7.335603,-4.2862334
-21.004902,-10.70106,-10.518672
-14.187298,-14.066517,-16.751112
-5.8650193,-15.468174,-11.597682
2.4572587,-16.869831,-6.4442525
10.79209,-14.306181,-5.900132
19.12692,-11.742531,-5.3560123
23.981964,-10.210318,-1.9153203
28.836891,-8.678141,1.5252897
32.21758,-3.6727133,6.3687606
35.59827,1.3327142,11.212232
36.506836,5.8168483,7.4645777
37.4154,10.3009815,3.716924
33.349884,8.269226,3.3835275
29.284367,6.237469,3.0501313
22.738663,6.194525,0.63575494
16.192959,6.1515803,-1.7786213
7.6576376,6.6012754,-8.769383
-0.8776841,7.05097,-15.760146
-9.413858,3.496346,-9.822217
-17.950033,-0.058278307,-3.884288
-24.498186,-5.114671,0.48826554
-31.046339,-10.171064,4.8608193
-33.1156,-13.726489,-0.32548776
-35.184864,-17.281914,-5.5117946
-31.781017,-16.832535,-4.2502346
-28.37717,-16.383158,-2.9886746
-25.002165,-13.923412,-5.27223
-21.62716,-11.463667,-7.5557857
-14.779531,-9.4861765,-9.876832
-7.9319005,-7.508686,-12.197878
-1.1078758,-2.5047307,-5.048017
5.7163115,2.499344,2.1020145
9.521734,7.039335,7.7320986
13.327157,11.579326,13.362183
17.6183,14.664449,11.4814
21.90944,17.749573,9.6006155
26.689024,18.387716,8.716998
31.468607,19.02586,7.833381
32.23662,15.723001,7.9537683
33.004635,12.420143,8.074156
26.757605,10.68026,0.70441216
20.51057,8.940377,-6.6653314
13.241616,6.7658114,-5.519799
5.972661,4.591246,-4.3742666
-1.8274492,0.48326662,-5.70786
-9.62756,-3.6247132,-7.041453
-17.468739,-6.1652503,-4.847981
-25.30992,-8.705788,-2.654509
-27.200956,-7.1777525,11.57262
-29.091993,-5.649717,25.79975
-24.539165,-5.05128,22.56655
-19.986338,-4.452843,19.333347
-12.493017,-5.7814136,9.144156
-4.999698,-7.109984,-1.0450356
-0.06709369,-6.8622417,-6.1874523
4.8655105,-6.6144996,-11.329869
10.237071,-5.2863526,-14.923048
15.608504,-3.9582372,-18.516142
16.917953,-0.5449703,-10.056482
18.227404,2.8682966,-1.5968244
15.97234,11.871641,11.920225
13.717278,20.874985,25.437275
11.893344,25.472502,27.016037
10.06941,30.070017,28.594797
9.170531,25.763647,13.737702
8.271651,21.457277,-1.1193919
7.7903857,15.746122,-6.411912
7.3091207,10.034968,-11.7044325
-0.26294822,3.9157212,-8.432583
-7.835017,-2.203526,-5.1607337
-13.506594,-7.7353826,-8.324106
-19.178171,-13.26724,-11.487479
-22.957073,-14.716058,-5.5846915
-26.735977,-16.164877,0.31809637
-31.627813,-16.033766,2.7891712
-36.51965,-15.902654,5.260246
-32.526737,-15.192914,-0.1980017
-28.533827,-14.483175,-5.6562495
-20.154793,-13.6942,-5.041384
-11.77576,-12.905223,-4.4265194
-5.506251,-10.534654,-3.235867
0.7634075,-8.164028,-2.0451865
6.9295797,-1.7080221,-4.275571
13.095752,4.747984,-6.505955
15.664553,6.79387,-3.6537535
18.233355,8.839756,-0.8015517
20.209534,8.479786,4.137232
22.185713,8.119817,9.076015
22.571869,9.8574095,15.105185
22.958025,11.595003,21.134354
20.754177,10.932438,18.756569
18.550331,10.269873,16.378784
16.753883,7.208206,4.094989
14.957435,4.146539,-8.188807
9.06353,1.1858008,-3.3789294
3.1696258,-1.7749376,1.4309477
-4.3280616,-0.13528107,1.8338246
-11.825749,1.5043755,2.2367017
-18.433743,-0.25626454,-4.7680106
-25.041737,-2.0169046,-11.772723
-28.265186,-3.6784754,-4.185358
-31.488638,-5.3400464,3.402007
-29.82997,-1.9029651,4.581437
-28.1713,1.534116,5.760867
-24.629528,2.0696657,4.032343
-21.087755,2.6052153,2.3038182
-13.65859,4.7390513,-0.8330444
-6.229603,6.872836,-3.9698322
-0.4067493,6.6043057,-5.0154476
5.4161043,6.3357754,-6.061063
4.640183,3.1636872,1.4842304
3.8642616,-0.008400541,9.029524
6.4969263,-1.5857711,3.1655543
9.129591,-3.1631417,-2.6984153
9.177543,-4.647625,-1.4719363
9.225493,-6.132108,-0.24545729
5.6945324,-2.025259,4.5710073
2.1635711,2.08159,9.387472
0.5586898,4.77848,3.2932122
-1.0461916,7.4753704,-2.8010478
-2.7203965,8.260824,-2.3070521
-4.3946013,9.046279,-1.8130566
-4.1334558,7.418122,0.26805174
-3.8723104,5.789965,2.3491602
-3.6707695,0.7451995,2.5162437
-3.4692285,-4.2995663,2.6833272
-3.8217783,-6.764346,-5.5647593
-4.174328,-9.229126,-13.812846
-1.5750122,-10.616993,-8.976968
1.0243036,-12.00486,-4.14109
2.0817063,-8.81798,1.7784327
3.1391344,-5.6310234,7.6980963
4.6608467,-2.3703933,2.2015467
6.1825595,0.89023715,-3.2950032
8.174346,0.2241964,5.2923164
10.166133,-0.4418443,13.879636
10.132976,3.4652452,4.5503864
10.099819,7.3723345,-4.7788634
9.045627,5.8521276,-10.525454
7.9914336,4.3319206,-16.272045
6.4189816,2.3835115,-9.4364
4.8465295,0.4351025,-2.6007574
1.7576818,0.5571358,-9.682286
-1.3311656,0.6791692,-16.763815
-3.9350088,0.8700457,-4.260794
-6.538852,1.0609223,8.242228
-6.6561856,2.8188941,8.832189
-6.773519,4.576866,9.422149
-4.9022903,-0.09999465,-1.8985957
-3.031062,-4.7768555,-13.21934
-2.1685793,-2.8905737,-4.9486175
-1.3060967,-1.0042919,3.3221052
-2.4491937,-0.056794588,-6.3132486
-3.5922909,0.8907027,-15.948603
-3.7374487,-3.1023228,-15.486775
-3.8826065,-7.0953484,-15.024948
-3.5259216,-3.0303457,-3.4613876
-3.1692455,1.03456,8.101896
-2.3064117,4.156221,11.772133
-1.443578,7.277882,15.442369
-0.069942385,6.954863,15.724244
1.3036932,6.6318445,16.006119
6.192849,3.862224,2.9031734
11.0820055,1.0926038,-10.199772
12.490953,-1.1260955,-4.6849833
13.8999,-3.344795,0.8298058
8.831896,-3.5152338,-0.035278838
3.7638912,-3.6856723,-0.90036345
4.7210164,-1.3103323,-2.1427193
5.6781416,1.0650078,-3.3850749
2.1616125,3.9838266,11.497896
-1.3549167,6.9026456,26.380867
-6.8442388,9.862418,18.891027
-12.333561,12.822191,11.401189
-9.794515,12.319569,-1.9609615
-7.255469,11.816947,-15.3231125
-6.686041,6.8473697,-16.557793
-6.1166134,1.8777927,-17.792473
-7.5137906,0.9356295,-10.899154
-8.910968,-0.0065337447,-4.005836
-8.77078,-2.4274056,3.017198
-8.630589,-4.8483353,10.0404
-5.4481044,-7.254049,3.1956983
-2.2656207,-9.659762,-3.649003
0.96485543,-10.5557575,-3.8592029
4.1953316,-11.451754,-4.0694027
7.979721,-10.842455,5.8571115
11.764111,-10.233157,15.783626
14.1077795,-7.621751,9.348776
16.451448,-5.010344,2.9139268
13.358499,-3.3989284,2.1189485
10.265549,-1.7875125,1.3239702
11.238491,1.8224732,6.6693625
12.211432,5.432459,12.014754
8.251271,6.5396657,12.000269
4.291109,7.646873,11.985784
-2.6022372,6.749507,4.6101894
-9.495584,5.8521414,-2.7654045
-6.8225293,2.9477096,-8.004098
-4.1494756,0.043277606,-13.242792
-5.4100385,-3.8712115,-2.3465676
-6.670601,-7.785701,8.549657
-7.864058,-5.2132187,10.079072
-9.057515,-2.6407368,11.608488
-9.18227,2.9160798,11.768947
-9.307024,8.472897,11.929405
-8.360451,8.511446,4.2176094
-7.413901,8.549995,-3.4940023
-4.392392,2.067189,-8.581848
-1.3708838,-4.4156175,-13.669694
-2.2700193,-5.4233265,-8.637506
-3.169155,-6.431036,-3.6053166
-1.4840578,-6.4670696,-1.4561514
0.20103943,-6.5031037,0.6930137
0.47548386,-6.0702615,2.4566681
0.7499283,-5.6374197,4.2203226
4.618845,-1.7378002,3.0960188
8.4877615,2.1618192,1.9717151
10.455896,1.0265703,0.9567525
12.42403,-0.10867873,-0.05821011
12.995208,-1.2802937,-8.466628
13.566384,-2.4519086,-16.875048
15.243017,-3.6612904,-5.6793246
16.91965,-4.870672,5.5163975
10.2024975,-5.1189256,4.3144393
3.4853454,-5.3671784,3.112481
1.8737417,-1.6549491,-2.9887352
0.26213795,2.0572805,-9.0899515
-1.2453727,3.7296643,5.9079304
-2.7528832,5.402048,20.905813
-2.6579041,2.534235,10.000918
-2.5629232,-0.33364666,-0.90423614
2.6330578,1.2576009,-2.2148383
7.8290386,2.8488486,-3.5254402
4.624479,1.8982509,2.255215
1.4199189,0.9476534,8.035871
0.81296456,-2.0458853,-5.0954614
0.20601024,-5.0394244,-18.226793
-0.30548435,-4.076949,-9.773033
-0.816979,-3.1144743,-1.3192732
-4.735182,-1.196754,7.7171974
-8.653384,0.72096646,16.753668
-4.980161,4.5933723,5.870555
-1.306938,8.465778,-5.0125585
0.9562921,6.2921143,-2.318001
3.2195222,4.1184506,0.37655663
4.0715394,0.8974562,-0.8542337
4.923557,-2.3235383,-2.085024
5.3628993,-4.593463,-4.74405
5.8022413,-6.863388,-7.4030757
5.826897,-6.683663,-2.4928865
5.851553,-6.5039377,2.4173026
4.9588428,-5.375382,3.3944585
4.0661325,-4.246826,4.371614
0.75277436,-6.1695237,4.9134426
-2.5605836,-8.092221,5.455271
-1.298196,-4.0654974,-1.4409329
-0.035838373,-0.038869616,-8.336972
-2.201374,-0.061626535,-3.1738334
-4.3669095,-0.08438345,1.9893056
-5.963746,-0.15508685,2.7090132
-7.560583,-0.22579025,3.428721
-5.591622,0.6571099,-1.2976297
-3.6226609,1.5400101,-6.0239806
-7.0901146,0.87802744,0.8009542
-10.557568,0.21604481,7.625889
-10.462795,1.0106075,3.9993708
-10.368022,1.8051702,0.3728526
-8.21134,-2.4423547,-5.707972
-6.0546584,-6.6898794,-11.788797
-4.3353286,-9.977914,-5.8266234
-2.615999,-13.265949,0.13555047
-1.8324996,-8.092222,-4.3614244
-1.0490004,-2.918496,-8.858399
-1.699365,-0.2798437,-5.316018
-2.3497295,2.3588085,-1.7736368
-2.4317193,4.46603,4.3070836
-2.513709,6.5732517,10.387804
-0.524854,8.652481,1.0059471
1.464001,10.73171,-8.37591
3.5262563,10.285617,-4.221411
5.588561,9.839514,-0.06681311
6.7266374,8.369661,-1.8767632
7.864714,6.8998094,-3.6867135
10.58032,2.906719,0.5381964
13.295926,-1.0863715,4.7631063
11.589743,0.39711794,4.0223002
9.883559,1.8806075,3.2814944
7.255008,0.34020337,5.074133
4.6264567,-1.2002007,6.866771
2.0738747,-3.764993,6.6914735
-0.47870773,-6.3297853,6.5161753
-2.4575658,-3.4192524,-2.1290224
-4.4364243,-0.5087195,-10.77422
-5.8438067,-0.62280554,-3.8915145
-7.2511897,-0.73689157,2.9911911
-6.588885,-0.37528598,-10.600052
-5.9265804,-0.013680436,-24.191296
-6.195656,-0.1759695,-8.757487
-6.4647317,-0.33825853,6.676321
-6.1654663,-0.02399235,15.634905
-5.8662014,0.29027385,24.593489
-0.99817413,4.0814962,8.07629
3.869853,7.8727193,-8.440908
4.3074293,6.141015,-3.4353704
4.7450056,4.4093113,1.5701672
7.752774,0.65426266,-5.403503
10.76047,-3.1006963,-12.377007
10.338253,0.12024122,-9.331143
9.916036,3.341179,-6.2852793
5.0627646,4.5370955,4.7792807
0.2094937,5.7330127,15.843842
-1.5767548,5.4026327,8.926503
-3.3630033,5.0722523,2.0091653
-2.5844386,6.713725,5.1087565
-1.805874,8.355198,8.208347
-1.9645586,5.9659386,10.322798
-2.123243,3.5766795,12.437248
-0.72098964,1.1534054,0.5636152
0.6812639,-1.2698686,-11.310018
0.64279985,-0.7308691,-5.175189
0.6043357,-0.19186959,0.95964015
-0.87645376,-1.1944027,-1.9004377
-2.3572433,-2.1969357,-4.7605157
-2.7819,0.25526088,1.3814327
-3.2065566,2.7074575,7.5233808
-5.576373,4.110637,11.66421
-7.9461894,5.513817,15.80504
-5.2619696,2.864002,3.9409626
-2.5777493,0.21418703,-7.9231153
-1.3397367,0.5070561,-2.796663
-0.1016946,0.7999321,2.3299115
1.1902894,-0.9690331,-1.0577046
2.4822733,-2.7379982,-4.4453206
0.32844782,-3.573294,-6.85156
-1.8253777,-4.4085894,-9.2578
-2.4247913,-5.814411,-9.186597
-3.024205,-7.220233,-9.115395
-3.5688496,-7.2002077,-0.56990546
-4.1134944,-7.180182,7.975584
-5.6026483,-7.7371473,5.9926767
-7.091802,-8.294112,4.00977
-1.5242505,-8.42998,0.9956569
4.0433006,-8.565848,-2.018456
2.669121,-5.281576,-1.0668875
1.2949412,-1.997304,-0.115318894
3.4805732,-1.7930547,-0.70126086
5.6662054,-1.5888054,-1.2872028
3.4128737,1.5356983,-2.413742
1.1595422,4.660202,-3.5402813
0.46809822,5.2052507,-7.2102284
-0.2233458,5.7503,-10.880176
0.6477019,5.215814,3.9040608
1.5187496,4.681329,18.688297
-0.04721205,2.0666823,6.9243937
-1.6131737,-0.54796374,-4.83951
-0.6156597,-2.7438035,-5.6541944
0.3818305,-4.939591,-6.4688597
-1.5566852,-2.7175863,2.1629083
-3.4952009,-0.49558157,10.794676
-1.8690839,-0.85653496,0.370151
-0.24296688,-1.2174884,-10.054375
1.4485815,2.337998,-7.5378413
3.1401298,5.8934846,-5.0213084
6.8978443,5.3646975,-2.5660224
10.655559,4.8359103,-0.11073628
9.979654,3.7217295,-0.71852213
9.303749,2.607549,-1.3263079
7.193513,0.9063766,-7.998593
5.0832763,-0.7947957,-14.670877
5.0369997,-3.084811,-10.908467
4.990723,-5.3748264,-7.146057
-1.4940089,-6.255394,-2.44882
-7.9787407,-7.1359615,2.2484171
-12.4044285,-10.6082,0.88135266
-16.830116,-14.080438,-0.48571178
-14.698455,-13.64441,-5.415877
-12.566794,-13.208382,-10.346042
-10.37802,-11.362736,-5.337772
-8.189246,-9.517089,-0.3295016
-8.942073,-9.758974,4.6191
-9.694918,-10.000865,9.567821
-5.886856,-9.326087,-4.040991
-2.0787935,-8.65131,-17.649803
0.793522,-5.5545053,-9.813738
3.6658375,-2.4577007,-1.9776739
6.1060457,2.067313,0.30618718
8.546253,6.5923266,2.5900483
12.557564,8.051915,0.32513288
16.568874,9.511503,-1.9397825
16.153355,9.911489,4.2500095
15.737836,10.311473,10.439802
18.39582,8.656664,4.087502
21.053804,7.0018544,-2.2647977
17.283537,3.7960024,-2.1563528
13.5132675,0.59015,-2.0479078
8.310927,-0.16373248,-4.475968
3.1085873,-0.91761494,-6.9040284
-2.5310934,3.2831278,-1.3655748
-8.170774,7.4838705,4.1728783
-15.253368,7.1415753,11.680989
-22.335962,6.79928,19.1891
-20.366018,1.4157748,6.669495
-18.396074,-3.9677305,-5.850111
-14.3762,-6.890964,-6.895542
-10.356326,-9.814198,-7.9409733
-7.787107,-12.275369,-3.010404
-5.2179494,-14.736482,1.9200474
-2.0986679,-15.232595,-3.1713233
1.020614,-15.728709,-8.262694
5.191376,-10.255297,-1.8733402
9.362139,-4.7818832,4.5160136
9.585596,2.6669044,8.888842
9.809052,10.115692,13.261671
10.085598,14.046076,13.120239
10.362144,17.97646,12.978807
13.19096,18.893744,13.824159
16.019775,19.811026,14.66951
14.398573,19.218616,1.0012652
12.77737,18.626207,-12.666979
10.702239,15.02527,-11.849915
8.627107,11.424334,-11.032849
5.5926614,6.81402,-2.2312417
2.5582154,2.2037065,6.570366
-2.4418826,-0.91814595,2.3563585
-7.441981,-4.0399985,-1.857649
-6.914277,-7.175952,5.4126663
-6.3865733,-10.311906,12.6829815
-8.337131,-12.464054,12.937023
-10.287687,-14.616201,13.191065
-12.221599,-13.285507,0.4274849
-14.155557,-11.954782,-12.3364
-11.076736,-8.140711,-9.61997
-7.997916,-4.32664,-6.9035416
-7.408868,-0.5274955,-4.7087116
-6.8198195,3.2716494,-2.513882
-5.2219267,4.558126,-1.3417239
-3.6240337,5.844602,-0.16956602
2.9820397,7.1204944,4.979204
9.588113,8.396387,10.1279745
14.201702,5.163157,6.252446
18.815292,1.9299276,2.3769178
19.434702,-2.8115659,-2.0242953
20.054111,-7.5530596,-6.4255085
22.175673,-6.3020825,-4.853993
24.297234,-5.051106,-3.2824776
18.414806,-2.3065405,-1.2395756
12.532381,0.43802488,0.80332625
3.1375697,1.6777191,-1.1833907
-6.2572417,2.9174132,-3.1701078
-7.174085,4.15384,1.8127126
-8.090929,5.390267,6.7955327
-10.039392,4.624719,6.2469387
-11.987857,3.8591716,5.698344
-11.976582,-0.40748945,5.116943
-11.965306,-4.6741505,4.535542
-7.5016155,-6.941246,7.419297
-3.0380306,-9.208287,10.302983
-1.1283151,-7.9746594,1.1490502
0.78140044,-6.741031,-8.004883
0.13149935,-6.004801,-8.199601
-0.51840174,-5.2685704,-8.39432
-0.2334456,-2.527027,-8.132611
0.051510535,0.21451677,-7.870902
0.7658082,1.9645799,-0.15480216
1.4801059,3.714643,7.561298
2.6181614,3.4764981,11.230095
3.7562168,3.238353,14.898891
6.312192,5.5149693,11.018126
8.868167,7.791586,7.13736
7.8356695,6.085385,0.70371795
6.8031716,4.379184,-5.729924
7.17499,0.69197536,-15.220246
7.5468082,-2.9952328,-24.710567
4.8148518,-5.161962,-14.260637
2.0828955,-7.328691,-3.8107078
-2.76157,-7.4732227,-4.922144
-7.606035,-7.617755,-6.0335803
-9.571802,-6.7376823,3.293088
-11.537569,-5.85761,12.619757
-14.632661,-3.449753,9.884178
-17.727825,-1.0418383,7.148535
-13.958975,0.89765286,1.8496896
-10.1901245,2.8371441,-3.4491556
-13.062256,2.8122134,-6.3126945
-15.934387,2.787283,-9.176233
-11.950775,2.3017473,-10.105712
-7.967163,1.8162115,-11.035191
-2.629647,-2.126334,-1.5310886
2.7078693,-6.0688796,7.9730134
-1.1016421,0.035108086,0.41085616
-4.9111533,6.139096,-7.151301
-4.368193,12.79302,5.720564
-3.8252327,19.446945,18.592428
1.5699725,5.153561,-3.1016183
6.9651775,-9.139823,-24.795666
15.712303,-8.878467,5.9442186
24.459429,-8.61711,36.6841
5.0573273,4.700937,16.35728
-14.344774,18.018984,-3.9695406
-5.3981667,-1.6041883,-31.864204
3.5484407,-21.22736,-59.75887
6.8413563,-18.289381,-0.22187118
10.134272,-15.3514,59.315125
-9.728901,-0.34903118,33.784008
-29.592073,14.653338,8.252889
-16.613094,10.224024,2.152696
-3.6344237,5.7948146,-3.9473515
-8.814248,1.4376996,-25.118652
-13.994072,-2.9194152,-46.289955
-7.8317213,-4.2010813,-6.533963
-1.6693707,-5.4827476,33.222027
-5.662889,15.314067,26.404825
-9.656407,36.11088,19.587622
-10.802897,25.988255,-20.303484
-11.949388,15.865629,-60.19459
1.2549247,7.3236527,-0.6604811
14.459237,-1.218324,58.873627
5.518577,7.318517,18.832344
-3.422083,15.855358,-21.208939
6.9962516,2.9680443,-25.326357
17.414585,-9.91927,-29.443777
7.6951528,-11.234135,-3.6377068
-2.02428,-12.548999,22.168364
-14.878786,-9.29439,9.898463
-27.733292,-6.0397806,-2.3714368
-21.719608,-8.217627,-9.716515
-15.705926,-10.395473,-17.061594
-22.818834,-9.006561,-21.48067
-29.931742,-7.617651,-25.899748
-22.663425,-3.1618204,-10.890345
-15.394936,1.2941165,4.119417
-7.7347207,-5.182029,12.061806
-0.07450639,-11.658174,20.004194
-0.5101855,-10.064658,6.383715
-0.9458646,-8.471143,-7.236764
7.5354824,-10.30535,-16.416224
16.016829,-12.139558,-25.595684
20.427593,-14.397607,-7.8298316
24.838356,-16.655657,9.936021
26.18921,-5.8322554,16.152264
27.540066,4.991145,22.368507
26.33896,9.402251,12.039897
25.137857,13.813358,1.7112877
22.8896,23.31812,-7.158508
20.641344,32.82288,-16.028303
16.34776,29.925331,-2.936056
12.054173,27.02778,10.156192
7.2147117,21.228968,6.713893
2.3752506,15.430156,3.2715945
1.4878783,10.228204,-1.7018789
0.6005062,5.0262513,-6.675352
-2.837433,-4.082604,2.3231452
-6.2753725,-13.19146,11.321643
-5.7664948,-12.711404,9.294976
-5.2576165,-12.231347,7.2683105
-6.8040676,-13.165741,1.718734
-8.350482,-14.100111,-3.8307102
-10.953546,-7.950876,-8.401168
-13.556609,-1.8016407,-12.971626
-15.216462,2.4304206,-2.060934
-16.876314,6.662482,8.849758
-13.591564,4.9769654,5.744072
-10.306814,3.2914495,2.6383865
-7.5744233,7.6876082,1.0187378
-4.842033,12.083767,-0.6009108
-1.6577066,14.06,-1.7323657
1.5266196,16.036234,-2.8638208
9.667673,11.589657,-4.5049114
17.808725,7.143081,-6.1460023
16.910774,9.269342,0.2057157
16.012823,11.395603,6.5574336
17.078644,11.588964,4.4045653
18.144464,11.782326,2.2516966
10.174929,8.035764,13.096495
2.2053916,4.289201,23.941294
-3.8001206,1.5945975,15.284947
-9.805633,-1.100006,6.6286006
-6.3482056,-3.2513506,-1.0290892
-2.8907783,-5.4026957,-8.686779
-7.9709935,-5.019456,1.6529639
-13.051331,-4.636207,11.992953
-11.1690445,-5.226598,0.8289947
-9.286758,-5.8169885,-10.334964
-8.940507,-3.8886447,-5.0041523
-8.594256,-1.960301,0.32665977
-7.7814426,-1.5203226,0.15100671
-6.968629,-1.0803442,-0.024646338
-3.1856468,1.3644841,-1.7077584
0.59733564,3.8093123,-3.3908706
1.3547283,3.7522151,3.9176545
2.112121,3.6951177,11.22618
7.3482585,-0.8708837,-2.9746215
12.584395,-5.4368854,-17.175423
16.302998,-6.0188317,-12.386337
20.021599,-6.600778,-7.597252
19.724941,-4.20538,6.6814895
19.428286,-1.8099815,20.960232
16.116587,3.5564902,23.72834
12.804889,8.922962,26.496449
6.976316,10.254199,17.752125
1.1477435,11.585437,9.0078
-3.2008805,5.8744574,-5.252732
-7.5495048,0.16347797,-19.513264
-10.921617,-5.597427,-18.794441
-14.293728,-11.358332,-18.075619
-14.691983,-13.176861,-5.3807917
-15.090229,-14.995346,7.313732
-16.515757,-14.878107,11.481796
-17.941284,-14.760868,15.649861
-18.393301,-13.712914,3.2888079
-18.84532,-12.664962,-9.072246
-13.320959,-9.689623,-3.9654708
-7.7965984,-6.714285,1.1413035
-5.29116,-4.813482,0.21269917
-2.785722,-2.9126792,-0.71590513
1.7066296,-4.087372,-5.6828804
6.1989813,-5.2620645,-10.649856
7.6843395,-6.0125484,-0.15787286
9.169698,-6.7630324,10.33411
10.65363,-6.088958,2.7826085
12.137563,-5.414883,-4.7688932
16.124495,-1.8152387,-5.366273
20.111427,1.7844057,-5.9636526
13.104201,7.310982,0.39081442
6.0969753,12.837559,6.745281
4.5968204,13.79205,2.5494697
3.0966651,14.746542,-1.6463419
1.1037078,12.128779,3.10534
-0.8892495,9.511017,7.857022
-6.3751903,5.8194485,7.5535827
-11.861261,2.1277926,7.250136
-11.340209,0.35967183,-3.611534
-10.819157,-1.4084488,-14.473205
-10.289962,-4.7561436,-17.896158
-9.760767,-8.103839,-21.31911
-6.721124,-11.033885,-15.805264
-3.6814816,-13.963931,-10.291417
-3.1280594,-13.478159,1.1589373
-2.5746372,-12.992386,12.609292
-2.003448,-14.091177,14.496602
-1.4322588,-15.189967,16.383911
1.6610051,-13.872017,7.2080245
4.754269,-12.554066,-1.9678626
4.3739123,-10.816376,-9.2079935
3.9935558,-9.078685,-16.448126
5.6435423,-6.416774,-19.25338
7.2935286,-3.7548625,-22.058634
5.9772315,1.3367566,-11.428485
4.6609344,6.4283757,-0.7983356
5.3810277,10.455435,12.269135
6.1011205,14.482493,25.336607
9.359509,16.450012,22.343233
12.617899,18.41753,19.34986
12.9155,14.329019,7.2959085
13.2131,10.240506,-4.758042
11.549498,1.0977378,-12.373781
9.885935,-8.044813,-19.989338
7.259362,-15.240482,-15.16768
4.6327896,-22.436152,-10.346022
4.5402627,-18.682959,-3.5868165
4.4477363,-14.929768,3.172389
3.8854954,-4.724191,8.870318
3.3232548,5.481385,14.568249
1.7870021,11.644025,10.205909
0.2507494,17.806664,5.8435698
1.7358216,18.430725,-3.078824
3.2208939,19.054785,-12.001218
3.7223432,15.143047,-8.983786
4.2237926,11.23131,-5.9663525
2.236352,6.784689,0.9911792
0.2489113,2.3380678,7.948711
-3.2329435,-2.143809,6.3469396
-6.7147985,-6.625686,4.7451677
-7.19649,-9.143502,-4.4154453
-7.6781816,-11.661319,-13.576058
-6.664573,-8.715198,-12.294965
-5.6509647,-5.7690763,-11.01387
-8.646082,-1.8582385,-4.2897673
-11.641198,2.0525994,2.4343357
-14.647968,6.42942,3.6035275
-17.65481,10.806345,4.7727475
-15.174831,9.650342,4.389306
-12.694852,8.49434,4.005865
-9.227934,4.805748,2.5716784
-5.761015,1.1171565,1.1374917
0.6943649,0.895469,-4.845847
7.1497445,0.6737815,-10.8291855
8.595611,-2.0818956,-4.3599763
10.041476,-4.8375726,2.1092327
9.479413,-6.1280565,2.533043
8.917349,-7.418541,2.956853
13.347871,-5.744187,-6.162425
17.778393,-4.0698333,-15.281703
12.700609,-1.9303764,-4.9414415
7.622825,0.20908044,5.39882
2.5344312,2.3143265,5.201649
-2.5539632,4.419573,5.004478
-4.656124,5.991272,1.2729672
-6.758285,7.5629716,-2.4585435
-10.377306,6.1013327,-4.2214622
-13.996327,4.6396933,-5.984381
-10.134476,-0.8556668,-10.275558
-6.2726245,-6.351027,-14.566735
-4.9310536,-7.8807087,-6.8822513
-3.589483,-9.41039,0.80223244
-3.7684188,-9.974528,-0.03284024
-3.94735,-10.538652,-0.86789304
-3.6463861,-9.136366,-0.71721286
-3.3454223,-7.73408,-0.56653273
-5.563647,-4.3634186,2.5752826
-7.7818713,-0.99275744,5.7170978
-6.5177755,-0.65096295,5.35527
-5.2536798,-0.30916846,4.993442
-1.0051152,3.0068493,0.6328211
3.2434497,6.3228674,-3.7278
6.478972,4.616084,1.9172843
9.714495,2.9093006,7.5623684
6.439207,-1.817628,5.2173705
3.1639197,-6.5445566,2.8723729
5.879371,-7.7890315,-7.4587226
8.594822,-9.033506,-17.789818
10.801712,-11.292373,-3.6028953
13.008601,-13.551238,10.584027
7.706621,-11.820229,8.7933855
2.4046416,-10.08922,7.0027437
2.592484,-3.3628087,-0.26116973
2.7803261,3.3636026,-7.525083
1.4560047,5.0917535,6.241583
0.13168341,6.819905,20.00825
-5.706939,7.55611,17.808674
-11.545701,8.292333,15.609048
-11.400633,8.042266,0.4451997
-11.255566,7.792198,-14.718648
-8.127698,1.560668,-14.845447
-4.999831,-4.6708627,-14.972245
-3.8890572,-6.379508,-9.560149
-2.7782834,-8.088153,-4.1480536
0.31624362,-5.7693744,5.8058295
3.4107704,-3.4505954,15.759713
4.4901214,-1.5992812,19.758377
5.5694723,0.25203294,23.75704
6.634449,1.1414214,4.8023505
7.699426,2.03081,-14.152339
8.750166,1.9638934,-5.0596824
9.800906,1.8969767,4.0329747
5.3366694,4.879178,2.6733384
0.87243295,7.861379,1.3137023
-1.6082613,6.3976817,-14.497602
-4.0889554,4.9339843,-30.308907
-3.5878444,3.5287552,-10.570455
-3.086733,2.123526,9.167997
-2.1053598,5.2805066,10.458604
-1.1239865,8.437488,11.749211
0.3363931,10.159746,9.594452
1.7967726,11.882005,7.4396935
3.2350085,7.6716576,5.8411613
4.67321,3.4614105,4.242667
5.0878863,-1.1801776,-5.7987866
5.502562,-5.821766,-15.840241
3.3918643,-7.393729,-15.823728
1.2811664,-8.9656925,-15.807215
-1.857157,-8.4667,-9.730749
-4.9954805,-7.967707,-3.6542833
-10.163673,-1.8956336,5.4853272
-15.331866,4.1764402,14.624938
-16.03141,7.3242083,9.831179
-16.730953,10.471976,5.0374193
-13.96185,9.197785,2.3131714
-11.192747,7.923594,-0.41107658
-10.453265,6.7289376,-0.5635794
-9.713784,5.5342817,-0.71608216
-6.500693,-0.08020734,0.2051542
-3.2876015,-5.6946964,1.1263906
0.90333223,-11.228666,-2.876614
5.094266,-16.762636,-6.8796186
10.767533,-15.715065,-4.804635
16.4408,-14.667493,-2.7296512
15.600202,-7.035976,13.425698
14.759603,0.5955402,29.581047
10.407572,7.314453,19.318598
6.055438,14.033526,9.055904
6.69276,14.843529,-4.1242723
7.3300824,15.653531,-17.30445
4.4565783,15.05691,-14.902608
1.5830741,14.460287,-12.500767
-0.3021694,9.95773,-7.0165815
-2.187413,5.4551735,-1.5323966
-7.58549,3.0459154,4.0354896
-12.983567,0.63665754,9.603375
-15.39503,0.31908017,8.756556
-17.806494,0.0015027677,7.909736
-14.730578,-2.226292,6.1492167
-11.654664,-4.4540863,4.3886976
-13.088868,-5.093874,-0.7852673
-14.523072,-5.7336617,-5.959232
-14.963109,-2.786836,-8.046651
-15.403146,0.15999003,-10.13407
-12.842977,1.6924151,-8.634499
-10.282808,3.2248402,-7.1349263
-6.214788,2.8419368,-0.5471136
-2.146768,2.4590333,6.040699
0.4378738,4.6596313,10.718392
3.0225155,6.860229,15.396086
6.132926,8.642643,11.164783
9.243336,10.425057,6.933479
14.388286,7.7867804,-2.7067926
19.533113,5.1485662,-12.346834
22.21987,1.086322,-12.3960705
24.906626,-2.9759223,-12.445306
24.640438,-2.4660182,1.0966694
24.37425,-1.9561138,14.638645
20.657555,2.6219883,20.772371
16.940859,7.2000904,26.906097
9.7734585,7.8422923,18.630987
2.606059,8.484494,10.355876
-2.0140235,2.6862023,-0.33052078
-6.634106,-3.1120894,-11.016918
-8.709403,-6.3559046,-19.117939
-10.7847,-9.59972,-27.21896
-9.817239,-11.793854,-18.237032
-8.849777,-13.9879875,-9.255105
-9.840528,-11.13625,5.3090186
-10.831277,-8.2845125,19.873142
-11.7799635,-4.889459,15.519375
-12.728651,-1.4944057,11.165608
-8.633695,0.4423383,8.39304
-4.538738,2.3790822,5.6204705
-0.39743802,2.356239,-4.5729475
3.7438617,2.3333957,-14.766366
12.934502,-3.1502533,-5.883117
22.12536,-8.634033,3.0003436
14.867979,-0.0798706,-9.541397
7.610597,8.474292,-22.083138
4.9061265,7.0650835,-29.550583
2.2016559,5.6558747,-37.01803
7.5498877,6.781662,-3.9097943
12.89812,7.9074492,29.198439
11.297851,16.065699,31.884956
9.697581,24.223948,34.571472
14.146422,18.41065,51.83721
18.595263,12.597352,69.10295
10.089354,8.806637,10.944812
1.5834447,5.0159216,-47.21333
1.6175833,-11.759431,-67.30085
1.6517217,-28.534784,-87.388374
-2.7800226,-25.301744,-26.90852
-7.2117667,-22.068707,33.571335
-17.11516,-7.832524,10.119419
-27.018553,6.4036593,-13.332495
-19.398146,3.139435,14.78629
-11.77774,-0.1247895,42.905075
-10.63616,6.6075387,49.09551
-9.494579,13.339867,55.285942
-4.832696,8.565239,-0.45417997
-0.17081185,3.7906106,-56.1943
11.511496,-13.49524,-46.86886
23.193525,-30.78068,-37.543636
13.395601,-23.08091,-18.155094
3.597677,-15.381142,1.2334462
-4.181745,-4.1978793,-1.3139709
-11.961167,6.985383,-3.861388
-4.7240324,5.151633,7.15761
2.5131018,3.3178828,18.176607
-2.734901,16.466673,28.763952
-7.982904,29.615461,39.351295
-3.7172637,24.745005,24.006874
0.5483766,19.874548,8.662454
2.3267815,3.480986,-4.116374
4.105186,-12.912576,-16.8952
-2.104382,-12.334491,-27.612028
-8.313951,-11.756406,-38.328854
-8.512048,-17.711618,-31.985659
-8.710145,-23.666832,-25.642462
-14.896632,-15.658683,4.761574
-21.08312,-7.6505346,35.165607
-20.7564,-0.68059206,35.132458
-20.429676,6.2893505,35.099304
-13.586127,1.7205366,15.1293335
-6.742577,-2.848277,-4.8406386
0.6231713,-1.9561799,-10.749265
7.9890957,-1.0640614,-16.658033
8.38348,-3.2112825,-21.507778
8.7778635,-5.358504,-26.357523
7.206733,-4.5450172,-19.14906
5.635603,-3.7315307,-11.940595
7.1040416,0.043094944,3.8273525
8.57248,3.8177204,19.5953
7.58465,9.054036,21.424728
6.596819,14.290352,23.254156
8.655941,11.488373,19.145876
10.715062,8.686394,15.037597
7.323369,3.8451083,1.4904275
3.931676,-0.9961773,-12.056742
-0.40946293,-0.8786297,-22.044939
-4.750602,-0.761082,-32.03314
-7.5401597,-4.6868076,-17.463566
-10.329718,-8.612533,-2.893994
-17.566133,-4.583365,2.2339463
-24.80255,-0.5541969,7.3618865
-23.9827,-1.0715022,4.0497913
-23.162851,-1.5888075,0.73769593
-14.28132,-8.653479,5.487053
-5.3997874,-15.718149,10.23641
0.05091836,-14.830317,1.0482082
5.501624,-13.942483,-8.139994
8.529942,-12.100945,-10.265001
11.5581875,-10.259452,-12.389958
9.172123,-7.961547,-7.450478
6.7860594,-5.6636424,-2.510998
2.9928484,-0.4054623,-6.0049024
-0.8003624,4.852718,-9.498807
2.005742,6.575541,0.0768489
4.8118463,8.298364,9.652505
1.7233224,7.989907,20.800735
-1.3652016,7.6814494,31.948967
2.6574385,7.3449945,20.171585
6.6800785,7.00854,8.394202
12.819238,3.1464984,-3.3088584
18.958395,-0.7155431,-15.011918
13.218466,-2.101347,-10.14168
7.4785357,-3.487151,-5.271441
0.8626307,-3.8949955,-1.3285896
-5.7532744,-4.30284,2.6142616
-10.242743,-6.230674,5.1295495
-14.732211,-8.158507,7.6448374
-11.592416,-5.603681,5.732276
-8.4526205,-3.048855,3.8197148
-6.6796174,-2.0080724,4.9784517
-4.9066143,-0.9672896,6.1371884
-2.4954288,1.0631614,2.8657799
-0.084185936,3.0936608,-0.40570647
6.4707537,4.1176324,-4.609206
13.025693,5.141604,-8.812706
15.229551,5.6625743,0.049877323
17.433409,6.1835446,8.91246
18.290113,5.7044516,6.339331
19.146816,5.225358,3.766202
20.158298,0.24853507,3.2552865
21.169779,-4.7282877,2.744371
20.335608,-5.700785,3.7930837
19.501436,-6.673282,4.8417964
14.818759,-4.639159,3.94706
10.136083,-2.6050358,3.0523236
3.6000211,0.9384701,2.2106106
-2.9360397,4.481976,1.3688977
-2.8315022,7.03778,-7.4235516
-2.7269647,9.593583,-16.216002
-5.488029,7.664178,-4.4626927
-8.249093,5.734772,7.2906156
-9.381477,3.8218846,12.086509
-10.513862,1.9089968,16.882402
-4.5224705,-1.9862646,10.7172985
1.468921,-5.881526,4.5521955
2.5798824,-7.758138,4.4214425
3.690844,-9.63475,4.2906895
6.417341,-4.491159,-3.811304
9.143773,0.6523091,-11.913104
6.981211,3.318027,-5.9917426
4.81865,5.9837446,-0.07038053
5.7617726,8.173746,0.86902124
6.7048955,10.363748,1.808423
11.74753,12.579462,7.2608323
16.790165,14.795176,12.713242
14.924972,14.036783,23.172974
13.059778,13.278391,33.632706
13.777859,11.544513,14.092415
14.495938,9.810635,-5.4478774
13.286653,6.0983977,-13.9971895
12.077366,2.3861606,-22.546501
7.9284415,-1.308338,-17.613918
3.7795174,-5.0028367,-12.681336
-0.822515,-3.6838484,-8.774544
-5.424547,-2.3648596,-4.8677516
-8.99356,-2.5364556,6.506925
-12.5625725,-2.7080517,17.881601
-14.111878,-2.8739464,18.717926
-15.661185,-3.0398412,19.55425
-12.702801,-3.7033787,4.3448687
-9.744417,-4.366916,-10.864512
-4.788941,-9.530881,-16.127823
0.16665311,-14.694969,-21.391258
1.6098176,-14.361438,-16.716389
3.052982,-14.027906,-12.041517
2.9745564,-8.197461,-4.9346123
2.896131,-2.3670166,2.1722922
2.2867196,1.4608839,9.206145
1.6773083,5.2887845,16.24
3.5271873,7.1151133,7.1956654
5.3770666,8.9414425,-1.8486689
6.6760883,8.266768,-7.476903
7.97511,7.5920944,-13.105138
6.7125053,5.4161553,-11.82293
5.4499006,3.2402165,-10.540724
-0.38577718,1.5619707,-11.852754
-6.221455,-0.116275,-13.1647835
-9.641905,0.7016629,-13.574286
-13.062354,1.5196009,-13.98379
-17.07864,2.831977,-4.992543
-21.094925,4.144353,3.9987035
-23.716476,0.9492161,7.3898654
-26.338028,-2.2459207,10.781028
-19.571903,-0.9506949,7.5712523
-12.805778,0.3445308,4.3614764
-7.156615,2.1279166,5.049206
-1.5074521,3.9113023,5.736935
2.021744,1.1805246,1.8198283
5.550856,-1.5501881,-2.0971854
4.4574356,-1.2974756,-6.621668
3.3640149,-1.0447632,-11.146151
0.1452577,-3.3109806,-18.280254
-3.0734994,-5.5771976,-25.41436
-3.920541,-5.36445,-13.158937
-4.7675824,-5.151702,-0.90351456
-7.2456355,1.5383097,8.242036
-9.723688,8.228321,17.387587
-7.8348336,11.893941,13.924165
-5.9459796,15.559562,10.460743
-6.1914325,15.198348,5.38833
-6.436885,14.837135,0.31591693
-5.816995,8.9452095,-7.866421
-5.1971054,3.0532844,-16.04876
-4.7114625,0.62543726,-10.341895
-4.2258196,-1.8024099,-4.6350317
-8.37329,-5.271994,-5.0389886
-12.52076,-8.741579,-5.4429455
-14.299279,-8.258508,-5.4568143
-16.077799,-7.775437,-5.4706826
-14.483936,-5.844601,-3.5928426
-12.890074,-3.913765,-1.7150023
-10.418782,-6.0391884,0.556636
-7.947432,-8.164662,2.8283284
-4.0921154,-5.349673,-1.503813
-0.23679917,-2.534684,-5.835954
1.0099422,-1.7818805,-3.2693825
2.2566833,-1.0290772,-0.7028107
0.40258098,-2.3406162,-9.234645
-1.4515215,-3.6521552,-17.76648
-0.89872456,-5.0298367,-15.89298
-0.3459276,-6.4075184,-14.01948
-3.3784277,-3.852708,1.2643075
-6.410928,-1.2978977,16.548096
-2.520687,-0.81149435,8.747818
1.3695537,-0.32509094,0.94754153
2.19083,-0.40768862,8.568493
3.0121064,-0.4902863,16.189445
1.7727538,3.857578,-0.26391152
0.5334013,8.205442,-16.717268
5.2415266,2.483043,-8.240869
9.949652,-3.2393563,0.23553072
-0.38699684,-3.5329804,-2.8539388
-10.723645,-3.8266048,-5.9434085
-6.5974717,-4.6923532,-15.593602
-2.4712977,-5.558102,-25.243795
-3.3744063,-3.9964638,9.551278
-4.277515,-2.4348257,44.34635
-5.201466,1.5541975,15.592426
-6.1253953,5.5431256,-13.160814
5.4387064,1.4595544,2.5420442
17.002808,-2.6240168,18.244902
8.063738,-1.7800697,17.908018
-0.8753312,-0.9361227,17.571135
1.690637,-5.664513,-19.802572
4.256605,-10.392904,-57.176277
7.835153,-13.192954,-22.08349
11.413701,-15.993004,13.009297
4.511725,-7.363006,13.57337
-2.390251,1.2669919,14.137444
1.7335131,5.8297095,12.178112
5.857277,10.3924265,10.2187805
8.012502,9.390666,22.240143
10.1677265,8.3889065,34.261505
11.859419,10.324709,9.265685
13.551111,12.260512,-15.730136
15.283076,4.6348295,-19.74238
17.015043,-2.9908535,-23.754625
13.289478,-7.677802,-12.282198
9.563913,-12.364751,-0.8097698
4.381418,-6.6126595,-1.850184
-0.80107725,-0.8605686,-2.890598
-0.44097218,-1.6684977,4.0594583
-0.08085859,-2.476446,11.009681
1.8209693,3.6569684,20.453537
3.7227974,9.790382,29.897394
2.1652904,10.866373,20.836681
0.6077834,11.942363,11.775969
1.5896826,2.961449,-5.789513
2.5715816,-6.0194654,-23.354994
5.0913434,-7.557353,-18.926176
7.611105,-9.095241,-14.497356
1.166819,-12.189935,-10.074176
-5.277467,-15.284628,-5.6509943
-7.1879168,-15.934828,2.7680218
-9.098367,-16.585028,11.187038
-5.4768076,-11.287819,21.103672
-1.8552487,-5.990609,31.020304
-0.20292825,-3.7415442,19.435068
1.4493922,-1.4924794,7.84983
5.6315184,-2.2861216,3.2612367
9.813644,-3.0797641,-1.327357
10.024295,-2.9101703,-7.9220676
10.234944,-2.7405765,-14.516778
6.9719934,-0.6014914,-15.120214
3.7090425,1.5375938,-15.72365
-0.5305119,2.1525934,-8.83725
-4.7700663,2.7675927,-1.9508493
-4.9896116,5.3648486,2.4252136
-5.2091517,7.962043,6.8011723
-3.9118557,10.547296,13.666891
-2.6145594,13.132548,20.53261
-2.3031352,9.210705,17.387247
-1.9917105,5.288861,14.241882
0.33149713,4.363716,3.0830963
2.6547048,3.4385717,-8.075689
3.987442,2.5130782,-12.751212
5.3201795,1.5875849,-17.426735
4.659952,1.1642094,-10.62196
3.9997253,0.74083394,-3.8171842
-0.65636057,5.321718,1.4659495
-5.3124466,9.902603,6.749083
-6.967428,8.489412,12.009079
-8.62241,7.076221,17.269073
-5.2789555,3.6698947,17.0037
-1.9355012,0.26356822,16.738329
-0.59568423,-2.1355753,3.9439077
0.7441328,-4.5347185,-8.8505125
4.078561,-7.9264417,-18.178547
7.4129887,-11.318165,-27.50658
5.7401047,-10.701647,-19.87208
4.0672207,-10.085129,-12.237581
-0.6152843,-8.458528,-3.142733
-5.297901,-6.831887,5.952332
-3.9927468,-4.1922097,7.0069256
-2.6875925,-1.552533,8.06152
-2.8971584,1.6038893,7.574941
-3.1067243,4.7603116,7.088363
-2.8330677,4.9373465,1.0591516
-2.5594113,5.114381,-4.97006
-1.3042376,2.8156085,-13.54367
-0.049064133,0.516836,-22.11728
1.6861346,-5.25447,-19.236282
3.4213333,-11.025776,-16.355286
3.635035,-12.766105,-8.019029
3.8487368,-14.5064335,0.3172284
0.5391808,-11.711288,4.6108217
-2.770375,-8.916142,8.904415
-2.6051307,-5.079713,8.657745
-2.4398863,-1.2432834,8.411076
-2.8017,1.6412035,4.625974
-3.163514,4.5256906,0.84087294
-4.553927,3.4652984,-2.9814794
-5.9443398,2.4049067,-6.8038316
-5.3644223,3.4064863,-8.162339
-4.784505,4.408066,-9.520846
-6.23472,7.478001,-5.4138765
-7.684935,10.547936,-1.306907
-5.165018,12.691873,1.2678671
-2.6451612,14.835757,3.84258
-2.1542838,16.05801,7.3876014
-1.6634063,17.280262,10.932623
-3.200158,19.083456,6.450003
-4.73691,20.886648,1.9673836
0.7004106,18.771238,-6.541364
6.137731,16.655827,-15.050112
10.050819,12.120043,-4.5835137
13.963908,7.5842605,5.883084
12.853804,6.624485,6.8268156
11.7437,5.66471,7.7705474
9.110211,2.27611,-0.30679682
6.4767222,-1.1124898,-8.384141
2.818424,-4.9352775,-4.480935
-0.8398744,-8.758064,-0.57772934
-4.525099,-13.020178,3.3077185
-8.210323,-17.28229,7.1931663
-10.924482,-15.487816,10.06245
-13.63864,-13.69334,12.931734
-16.382803,-9.344801,2.7858474
-19.126965,-4.996261,-7.3600397
-19.900532,-5.5947213,-12.520565
-20.674099,-6.193181,-17.681091
-16.974379,-3.7387307,-7.8554153
-13.274569,-1.2842218,1.9704938
-6.596637,2.723679,2.2844377
0.08129532,6.73158,2.5983818
3.2435954,11.293343,10.402607
6.4058957,15.855104,18.206831
12.059,19.470263,12.002805
17.712105,23.08542,5.798779
24.861444,21.75168,0.5868712
32.010784,20.41794,-4.6250362
32.659492,16.130638,-0.34520504
33.308205,11.843337,3.9346263
29.456059,9.095585,-3.2943306
25.603916,6.3478327,-10.523288
17.74711,1.6311877,-3.7613392
9.890306,-3.0854576,3.000609
5.0222235,-8.780057,1.2534733
0.1541409,-14.474657,-0.49366254
-5.733279,-15.155842,6.750192
-11.6207,-15.837028,13.994047
-22.035416,-17.012062,12.728451
-32.45013,-18.187098,11.462853
-33.898346,-17.361324,-3.31352
-35.346558,-16.535553,-18.089893
-32.831238,-15.712216,-17.878637
-30.315916,-14.88888,-17.667381
-27.336082,-14.569171,-12.969034
-24.35632,-14.24947,-8.270799
-17.407469,-9.432747,2.9153914
-10.458619,-4.6160235,14.101582
-0.53351706,-0.80024636,13.777069
9.391584,3.0155306,13.452557
17.80113,5.833015,9.61801
26.210676,8.650499,5.7834616
31.111834,10.972084,0.438394
36.01299,13.293669,-4.906674
36.910057,12.120779,-9.763282
37.80712,10.94789,-14.61989
33.700386,10.280614,-7.9886475
29.593653,9.613338,-1.3574042
19.979294,10.950367,9.761757
10.364936,12.287396,20.880919
0.7360135,10.626067,14.487907
-8.892909,8.964739,8.094897
-14.544609,5.3011303,-0.8113785
-20.196308,1.6375219,-9.717654
-23.878288,-3.03316,-7.6389627
-27.560268,-7.7038417,-5.5602717
-31.277746,-13.886446,-8.498079
-34.995224,-20.06905,-11.435886
-36.250015,-23.7673,-12.390681
-37.504833,-27.465635,-13.345499
-31.29476,-24.681177,-8.316571
-25.084686,-21.896717,-3.2876437
-22.403505,-15.628327,5.7267656
-19.722326,-9.359939,14.741176
-13.060522,-3.6041164,9.242987
-6.3987164,2.1517057,3.7447977
2.2553573,7.3996377,-2.2646074
10.909431,12.64757,-8.274013
16.068024,12.39216,-10.793501
21.226616,12.136751,-13.312989
26.9009,9.881522,-6.8408513
32.575184,7.6262937,-0.36871326
30.2738,8.373471,9.597474
27.972416,9.120649,19.563662
22.200722,8.371278,11.526181
16.429028,7.6219053,3.4887004
9.189346,5.376001,4.4488783
1.9496641,3.1300962,5.4090567
-4.2575645,-0.61309135,2.367282
-10.464793,-4.356279,-0.6744927
-16.139454,-5.0977755,-9.718181
-21.814116,-5.8392715,-18.761868
-24.454899,-6.5798154,-14.306928
-27.09568,-7.3203588,-9.851989
-25.69888,-6.060019,-3.39666
-24.30211,-4.79971,3.0585146
-24.861069,-4.0378647,4.5166774
-25.420025,-3.27602,5.97484
-15.925028,-8.5112915,4.9386067
-6.430031,-13.746563,3.9023733
7.130828,-15.47666,1.3740242
20.691687,-17.206757,-1.1543249
27.830679,-16.42794,-0.6728666
34.969673,-15.649124,-0.19140825
39.197063,-10.355861,2.8016267
43.424458,-5.0625973,5.7946615
42.746582,3.252098,9.300775
42.068703,11.566793,12.806888
33.987072,15.910248,9.826869
25.905443,20.253702,6.84685
19.917036,21.132172,2.8805003
13.928631,22.010641,-1.0858494
8.027101,18.928293,0.46052113
2.1255705,15.845946,2.0068917
-5.69719,12.304627,2.5646825
-13.519951,8.763308,3.1224735
-16.772205,4.762985,3.6901395
-20.024462,0.7626625,4.257806
-22.213173,-3.6976814,-2.166389
-24.401936,-8.158132,-8.590736
-24.031841,-11.579736,-9.50872
-23.661749,-15.001341,-10.426704
-22.234728,-15.884393,-7.839562
-20.807707,-16.767445,-5.25242
-15.822892,-16.110582,-5.1603827
-10.838077,-15.453722,-5.068346
-3.2923827,-14.253677,-1.9708545
4.253311,-13.053633,1.1266369
11.364037,-6.3053617,6.730495
18.474762,0.44290972,12.3343525
23.154179,6.745566,12.445152
27.833595,13.048222,12.555951
26.583374,13.411412,4.1733294
25.333153,13.774604,-4.209292
24.15207,12.703431,-6.086487
22.970987,11.632258,-7.963681
16.354818,11.130319,-6.8366
9.738648,10.628378,-5.709518
5.180763,10.197773,-1.078752
0.6228771,9.767169,3.552014
-0.8847291,6.908695,14.186118
-2.3923354,4.050222,24.820223
-9.857971,2.7636526,19.456505
-17.323606,1.4770831,14.092786
-18.254883,-2.738431,-3.271635
-19.186134,-6.9538445,-20.635643
-19.588985,-14.09889,-23.503641
-19.991835,-21.243935,-26.37164
-23.369926,-22.818144,-14.245532
-26.748018,-24.392351,-2.119426
-23.602337,-18.89323,8.500365
-20.456654,-13.394108,19.120157
-15.785416,-6.316883,15.233615
-11.114179,0.7603419,11.347073
-1.9133596,5.9218926,2.4532466
7.2874594,11.083444,-6.44058
17.022823,12.835657,-7.843482
26.758186,14.587871,-9.246385
27.53216,15.436058,-11.659957
28.306135,16.284245,-14.07353
27.620293,17.232027,-10.998317
26.93445,18.17981,-7.923104
22.787148,19.72876,-0.8584473
18.639843,21.27771,6.206209
15.526386,19.927113,8.261577
12.4129305,18.576515,10.316944
8.32627,15.323278,9.363969
4.2396097,12.070043,8.410994
0.1712591,6.409077,3.9497967
-3.8971884,0.74797714,-0.5115061
-5.9564095,-5.8272514,-9.481567
-8.015631,-12.40248,-18.45163
-13.574403,-15.398331,-19.430624
-19.133175,-18.394182,-20.409618
-24.198933,-18.315895,-11.396189
-29.26469,-18.23761,-2.382759
-34.342464,-16.088501,0.12604451
-39.420235,-13.939393,2.634848
-32.01158,-10.720749,4.6427383
-24.60293,-7.5021043,6.6506286
-14.7056875,-3.7136066,4.6611996
-4.808445,0.07489105,2.6717706
-0.41770482,-0.06550809,-3.3117714
3.9730353,-0.20590724,-9.295314
12.363198,-0.7735959,-15.269659
20.753363,-1.3412846,-21.244005
24.148165,1.6654159,-14.704813
27.542967,4.6721163,-8.165622
27.445484,11.254668,10.392745
27.348003,17.83722,28.95111
26.258282,23.49612,27.534302
25.168562,29.15502,26.11749
21.58341,23.888735,20.729277
17.998259,18.62245,15.341063
12.411539,13.926764,-4.017384
6.824954,9.231191,-23.375368
4.2286587,4.5998425,-28.70295
1.6323631,-0.031505004,-34.030533
-8.482706,-5.106111,-16.325373
-18.597775,-10.180717,1.3797859
-24.240362,-8.706181,10.12181
-29.882952,-7.231643,18.863834
-31.059845,-4.7149096,19.14729
-32.23674,-2.198176,19.430746
-28.95154,-4.1454167,8.258953
-25.66634,-6.092658,-2.9128406
-15.419206,-10.0093355,-6.037918
-5.1720724,-13.926013,-9.162996
1.0393928,-15.316608,-18.739504
7.250858,-16.707205,-28.31601
16.429924,-13.574733,-11.340879
25.60899,-10.442262,5.634252
17.758066,4.211711,10.165439
9.907145,18.865685,14.696625
13.526811,19.539967,14.288407
17.146477,20.21425,13.880191
17.7353,18.40646,17.535866
18.324125,16.59867,21.191542
14.878738,13.304402,-8.5867605
11.4332695,10.010057,-38.365772
16.448177,2.722955,-18.077349
21.463085,-4.564147,2.2110748
8.931025,-0.851355,-0.43102184
-3.6010356,2.861437,-3.0731184
-6.6886883,-6.4333816,-7.6422124
-9.776341,-15.7282,-12.211307
-13.428364,-19.037537,7.2966743
-17.080387,-22.346872,26.804655
-18.304462,-18.17614,11.893618
-19.52854,-14.005404,-3.0174196
-8.830621,-18.357874,6.6555476
1.8672975,-22.710344,16.328514
-1.5172286,-14.587047,29.587057
-4.901755,-6.4637504,42.8456
-23.872019,13.13591,-8.310469
-42.842285,32.735573,-59.466537
-32.89973,16.312294,-73.03737
-22.95718,-0.11098462,-86.60819
-15.100329,-6.557556,-41.089928
-7.2434797,-13.0041275,4.428341
-3.9681556,5.024909,21.544718
-0.6928315,23.053946,38.661095
23.506186,30.056837,83.885345
47.7052,37.05973,129.10959
43.331715,43.532574,79.94532
38.958336,50.00526,30.782225
37.51264,17.940104,-52.27241
36.06695,-14.125055,-135.32704
26.544605,-31.23881,-96.77676
17.02226,-48.352566,-58.22647
-3.5847623,-28.525196,-18.56933
-24.191786,-8.697828,21.087809
-26.39277,-6.4369874,37.359375
-28.593754,-4.1761475,53.630943
-24.896595,0.5126377,85.52381
-21.199434,5.2014227,117.41668
-29.109108,15.813103,59.431305
-37.01878,26.424784,1.4459321
-25.036913,-2.0463254,-83.92332
-13.055046,-30.517433,-169.29256
1.3196437,-48.57691,-97.549965
15.694334,-66.63638,-25.807371
-10.535133,-36.787094,15.050139
-36.7646,-6.937806,55.90765
-28.59393,4.8213453,37.88775
-20.423258,16.580498,19.867846
-3.346285,23.25251,36.976665
13.730688,29.924522,54.085487
23.721304,32.011124,44.82482
33.71216,34.09778,35.563934
48.62284,24.097723,17.930513
63.533524,14.097669,0.29709506
52.36618,6.00654,-29.71507
41.198833,-2.0845897,-59.727238
30.949871,-7.772981,-66.62336
20.700909,-13.461373,-73.519485
8.861932,-5.753419,-16.30027
-2.977045,1.9545351,40.91894
-25.916723,10.552819,68.756065
-48.856403,19.151104,96.59319
-51.40635,12.133409,50.548603
-53.95629,5.115713,4.5040083
-34.62203,-14.025027,-8.427162
-15.287767,-33.165768,-21.358332
-12.570176,-37.436108,-25.683588
-9.852586,-41.70645,-30.008844
-14.249299,-45.610004,-46.734154
-18.646013,-49.513557,-63.459465
-15.152624,-45.04911,-36.58668
-11.659234,-40.584663,-9.713902
-12.769555,-14.745915,19.259127
-13.879875,11.092832,48.23216
-4.0861197,19.315395,44.80844
5.7076364,27.537958,41.384724
24.914124,26.65392,33.06421
44.12015,25.769901,24.743893
47.24582,28.2865,2.5228264
50.371487,30.803099,-19.69824
51.919327,24.224277,-32.825775
53.46717,17.645454,-45.95331
41.43425,14.472055,-22.991854
29.401333,11.2986555,-0.030399052
6.779483,10.0291,-0.98190665
-15.842366,8.759545,-1.9334142
-19.064096,0.39071873,13.701595
-22.285826,-7.9781075,29.336605
-29.118004,-9.449888,44.056683
-35.95018,-10.921669,58.77676
-39.900585,-16.49956,17.077488
-43.85099,-22.077452,-24.621782
-36.423294,-27.262968,-40.74727
-28.9956,-32.448486,-56.872757
-34.188892,-25.240545,-42.93023
-39.382183,-18.032602,-28.9877
-38.691,-16.427134,-17.47899
-37.99982,-14.821666,-5.970281
-26.914286,-9.812061,23.105894
-15.828753,-4.802457,52.18207
-4.3354387,9.119211,49.826653
7.1581497,23.041212,47.471176
28.07472,25.38326,9.181721
48.99129,27.725311,-29.107737
62.34451,22.493742,-32.83621
75.69773,17.262173,-36.564682
66.4959,18.960463,-16.236595
57.294083,20.65875,4.0914936
40.538387,21.787683,19.97357
23.782696,22.916616,35.855644
11.468121,18.474426,36.7889
-0.8464536,14.032236,37.722153
-8.728271,6.5148597,20.70104
-16.610088,-1.0025163,3.6799242
-27.067848,-5.100574,-17.303852
-37.52561,-9.198632,-38.28763
-41.065872,-13.883007,-36.242527
-44.606133,-18.567383,-34.197426
-45.2314,-22.34257,-18.12943
-45.856667,-26.117758,-2.061435
-43.064293,-26.486055,4.526227
-40.27192,-26.854351,11.11389
-26.554047,-28.815092,14.218975
-12.836174,-30.775833,17.32406
-3.180915,-27.324972,10.443565
6.4743443,-23.874111,3.5630698
17.080809,-15.0042095,-8.80725
27.687021,-6.13452,-21.177275
34.75735,6.6638794,-21.541183
41.827682,19.462278,-21.90509
35.871964,27.699337,-9.265385
29.916248,35.936398,3.3743217
26.940437,38.620186,17.516304
23.964626,41.303974,31.658285
21.470842,37.43876,34.300613
18.977057,33.57354,36.942947
12.464384,23.159206,25.581007
5.9517117,12.744874,14.219069
1.4171985,-0.22213595,-0.1548436
-3.1173146,-13.189145,-14.528755
-11.677426,-20.71373,-20.423758
-20.23754,-28.238316,-26.31876
-28.82627,-22.824396,-18.74311
-37.415,-17.410477,-11.1674595
-42.03283,-10.059766,5.872339
-46.65066,-2.7090554,22.912136
-45.293846,2.0785706,25.410103
-43.93703,6.866196,27.90807
-33.596745,2.5915542,8.35692
-23.25646,-1.6830878,-11.194231
-8.919542,-7.519056,-20.803024
5.4177175,-13.355163,-30.412046
17.767372,-15.251285,-30.08669
30.117025,-17.147408,-29.761337
37.49453,-16.601013,-16.007189
44.872036,-16.05462,-2.253042
45.789497,-2.061464,13.926703
46.706963,11.931692,30.106447
41.17166,21.37664,30.708683
35.63636,30.821589,31.310919
27.150461,28.722261,22.830334
18.664564,26.622932,14.349748
14.726082,18.980637,-4.221639
10.7876,11.338343,-22.793026
4.391865,3.6517594,-25.464153
-2.0038707,-4.034824,-28.135279
-10.862683,-5.768443,-26.41363
-19.721497,-7.5020623,-24.69198
-22.048792,-7.78554,-2.5824971
-24.376087,-8.069017,19.526987
-30.17532,-3.9045346,30.020655
-35.974552,0.25994825,40.514324
-32.746037,-4.1290855,21.387318
-29.517519,-8.51812,2.2603111
-20.257952,-13.961429,-3.4945514
-10.998385,-19.404737,-9.249414
-3.2013547,-17.90187,-28.14041
4.5954895,-16.39904,-47.030956
10.93756,-11.447858,-29.06408
17.27963,-6.496676,-11.097202
14.674321,5.406528,5.7235303
12.069012,17.309732,22.544264
12.522459,21.66887,21.716259
12.975906,26.02801,20.888256
13.492586,28.34546,21.407753
14.009267,30.662912,21.927252
18.091919,25.438217,-6.211533
22.174572,20.21352,-34.35032
22.823896,8.443222,-24.153841
23.473223,-3.3270776,-13.957365
14.187567,-2.1484416,-3.4309406
4.9019103,-0.9698056,7.0954833
0.6775828,0.6516005,3.9478748
-3.5467448,2.2730067,0.80026627
-10.714321,-0.16904187,7.9748735
-17.881899,-2.6110904,15.149481
-23.496685,-3.6227503,6.1419497
-29.111471,-4.63441,-2.8655813
-26.675411,-8.721534,-11.560149
-24.239351,-12.808657,-20.254717
-19.251623,-17.97617,-26.640596
-14.263774,-23.143806,-33.02663
-8.720711,-20.39519,-22.10628
-3.177647,-17.646572,-11.185929
-2.0739965,-9.48303,1.5408697
-0.97034603,-1.319488,14.267669
3.199962,2.2593613,12.802242
7.37027,5.8382106,11.336815
11.113215,6.33331,14.679932
14.856161,6.82841,18.023048
17.676807,3.7403889,4.1740937
20.497452,0.65236765,-9.67486
21.399124,1.9813145,-22.717228
22.300795,3.3102615,-35.759598
16.78454,2.5558574,-25.995674
11.268286,1.8014531,-16.231752
4.83301,2.9630601,-1.6595831
-1.6022658,4.124667,12.912585
-6.958903,9.201214,13.296403
-12.315539,14.27776,13.68022
-15.095803,7.7674394,9.878794
-17.876068,1.257119,6.077368
-16.08101,-6.8426104,3.0926952
-14.285954,-14.94234,0.10802273
-12.414863,-21.63387,-10.05856
-10.54377,-28.3254,-20.225143
-9.594188,-28.609457,-15.571829
-8.644629,-28.89351,-10.918626
-10.112692,-25.267954,-4.4425464
-11.580756,-21.642397,2.0335333
-9.96129,-14.101996,5.3364267
-8.341825,-6.561597,8.63932
-0.62856185,1.4011538,9.773069
7.084701,9.363905,10.906818
10.398522,7.2573934,6.8747177
13.712343,5.1508822,2.8426168
16.63292,5.983216,-0.35290122
19.553495,6.8155494,-3.5484192
22.085419,4.594119,-8.405249
24.61734,2.3726888,-13.262079
18.762922,1.1042567,-6.777705
12.908505,-0.16417517,-0.29333127
6.1677833,4.0267296,4.5354095
-0.5729387,8.217634,9.36415
-4.701372,5.3738155,8.040533
-8.829805,2.529997,6.7169156
-9.847568,-0.34305716,1.2437097
-10.865329,-3.2161117,-4.229496
-10.773278,-5.1131344,-9.849873
-10.681229,-7.0101576,-15.470249
-9.47905,-9.425533,-9.735018
-8.276842,-11.840966,-3.9996488
-6.462968,-11.768291,0.09507641
-4.6490936,-11.695617,4.1898017
-4.221015,-9.627174,6.6482024
-3.7929368,-7.558733,9.106604
0.2525154,-7.4855666,5.9326735
4.2979674,-7.4124,2.7587438
4.964173,-6.8244543,-2.0440836
5.6303782,-6.2365084,-6.8469114
10.420375,-5.1228266,-7.275377
15.21037,-4.0091443,-7.703842
17.126198,-2.3580523,-5.2542586
19.042027,-0.7069604,-2.8046749
14.084136,2.4936345,2.0272346
9.1262455,5.694229,6.8591437
9.793301,9.956338,4.0778575
10.460356,14.218446,1.2965708
7.74951,16.053278,1.9063319
5.038664,17.888111,2.516093
3.4459703,15.305379,1.5208087
1.8532765,12.722646,0.52552444
-0.12588893,11.23025,-0.5711145
-2.1050544,9.737856,-1.6677533
-7.975468,8.3420725,-1.8621013
-13.845881,6.9462895,-2.0564494
-11.611785,1.6521438,-5.3447256
-9.377742,-3.6418755,-8.632924
-6.5424304,-8.329684,-0.010882812
-3.7071195,-13.017492,8.611158
-3.2727804,-11.594089,7.647806
-2.8384411,-10.170686,6.6844544
2.1933215,-7.1301093,0.13976108
7.2250843,-4.089533,-6.4049325
9.352674,-1.9247831,-7.527164
11.480263,0.23996687,-8.649396
10.201428,3.5364437,-8.345004
8.922595,6.8329206,-8.040612
9.733984,7.2685995,0.1953047
10.545373,7.7042785,8.431222
9.442398,7.7860346,8.603933
8.339423,7.867791,8.776645
7.816314,6.101642,6.391036
7.2932057,4.3354926,4.005427
5.843138,2.7266452,2.0656433
4.393071,1.1177979,0.12585936
1.0084137,2.1708887,-4.8644104
-2.3762436,3.2239797,-9.85468
-5.203485,0.4433126,-8.891575
-8.030726,-2.3373544,-7.9284706
-12.308196,-2.9475877,-2.507543
-16.585768,-3.5578358,2.9135137
-15.320215,-2.993335,5.297436
-14.054664,-2.4288344,7.6813583
-13.751092,-1.6849787,5.533175
-13.44752,-0.941123,3.3849912
-9.109279,-1.0130167,2.2091613
-4.771038,-1.0849105,1.0333312
-1.4001417,-2.967438,-1.6661065
1.9707546,-4.8499656,-4.3655443
2.3729644,-3.0377495,-8.084537
2.7751741,-1.2255337,-11.803529
7.20734,1.2870802,-7.5374804
11.639505,3.799694,-3.2714317
9.59969,7.518372,0.984997
7.5598745,11.23705,5.2414255
10.54515,12.666893,4.9939313
13.530425,14.096735,4.7464366
14.536573,12.741675,6.5004506
15.542723,11.386616,8.254464
11.064027,9.249129,3.0148153
6.58533,7.111643,-2.2248337
6.6145973,2.6929305,-8.453711
6.643864,-1.725782,-14.682587
3.172795,-4.4252105,-9.8959465
-0.2982741,-7.124639,-5.1093063
-5.2785892,-8.104222,-1.3015236
-10.258786,-9.083782,2.5061684
-14.25686,-5.842286,1.3412207
-18.254934,-2.6007893,0.17627303
-18.278303,1.3636904,2.5449715
-18.301674,5.32817,4.9136696
-16.855938,6.517783,4.3221154
-15.410204,7.707396,3.7305608
-12.498896,8.6238785,2.6844687
-9.587587,9.540361,1.6383768
-2.7125258,9.184572,-0.8568932
4.162535,8.828783,-3.352163
8.500374,7.2005305,-3.7913458
12.838211,5.5722775,-4.2305284
13.137568,3.6704051,0.89180416
13.436926,1.7685325,6.014137
13.695356,-0.4087638,2.2035272
13.953787,-2.58606,-1.6070822
13.667233,-3.5407948,-1.845148
13.380681,-4.4955297,-2.0832136
10.543433,-1.7295619,2.256684
7.706186,1.0364054,6.596582
3.3111262,3.0214224,4.519738
-1.0839335,5.006439,2.442894
-3.5447025,4.2087913,1.954289
-6.0055304,3.4111245,1.4656723
-6.0400534,2.8287117,4.5698576
-6.074577,2.2462993,7.674043
-9.1902685,2.3766348,8.37508
-12.305961,2.5069706,9.076117
-13.00929,0.8472346,3.8773594
-13.712619,-0.81250143,-1.3213978
-11.508735,-0.265321,-1.4172193
-9.304851,0.2818594,-1.5130408
-8.197479,3.0328321,0.99654055
-7.0901074,5.783805,3.5061219
-5.0817633,8.735167,4.62346
-3.073419,11.686527,5.740798
-1.1657951,14.334099,8.467872
0.7418288,16.98167,11.194945
1.5474375,18.319857,10.032946
2.3530464,19.658041,8.870946
0.5553981,16.679312,6.8200145
-1.2422501,13.700582,4.7690835
-3.6444206,10.895365,3.8283787
-6.0465913,8.090149,2.8876736
-7.054318,6.947185,-4.944228
-8.062045,5.804221,-12.776131
-10.175708,1.8111192,-8.500573
-12.2893715,-2.1819828,-4.2250166
-10.0083,-5.038151,2.657267
-7.727283,-7.894251,9.539387
-4.549758,-8.126141,6.5276694
-1.3722332,-8.35803,3.5159523
-1.7955811,-7.977684,3.609397
-2.218929,-7.5973377,3.7028415
-0.7400374,-8.115801,-3.0999405
0.7388543,-8.634263,-9.902722
-2.3766742,-10.561531,-9.103104
-5.4922028,-12.488799,-8.303485
-5.6985474,-12.833665,-5.402236
-5.904892,-13.17853,-2.5009866
-5.1979756,-11.448379,0.5018451
-4.4910593,-9.718227,3.5046768
-5.3661723,-6.919029,5.609328
-6.241285,-4.1198316,7.713979
-1.6931041,-1.2564741,3.9204226
2.8550768,1.6068832,0.12686606
1.3322661,3.03003,0.4346124
-0.19054443,4.4531765,0.74235874
0.7214584,5.9316745,-5.8492827
1.6334611,7.410172,-12.440924
2.485973,7.9390564,-4.932373
3.3384848,8.467941,2.5761776
-1.8628789,10.541359,7.1848326
-7.064367,12.614826,11.793597
-5.314134,9.7258835,10.002263
-3.5639012,6.8369412,8.210929
-5.356032,3.977532,13.018412
-7.1481624,1.1181227,17.825895
-6.976038,-3.2205944,7.2297487
-6.8039136,-7.5593114,-3.3663974
-3.6601956,-10.886195,-9.869573
-0.5164775,-14.213078,-16.372747
-0.8932294,-14.536158,-14.786199
-1.2699813,-14.859237,-13.199651
-3.1588938,-13.6850815,-7.025472
-5.0478063,-12.510927,-0.8512938
-7.440206,-7.344496,5.90951
-9.832605,-2.1780648,12.670314
-7.2191935,-0.5230914,8.516888
-4.605781,1.1318822,4.3634624
-2.9764729,0.27224493,-0.705604
-1.3471648,-0.58739233,-5.7746706
1.3086989,-0.96465206,-8.761112
3.9645627,-1.3419118,-11.747553
6.157736,-1.2397454,-7.15268
8.350909,-1.1375788,-2.5578063
7.591724,0.941147,0.1178286
6.832538,3.019873,2.7934635
9.130542,2.572275,4.5497246
11.428492,2.1246877,6.3059435
11.292092,-0.35224167,5.642436
11.155693,-2.829171,4.978929
13.092096,-4.838498,-0.10515711
15.0285,-6.8478255,-5.1892433
15.043358,-6.3923087,-3.1950212
15.058216,-5.936792,-1.200799
9.655532,-6.518553,1.3706635
4.2528477,-7.100313,3.942126
2.9352114,-5.2207093,-1.4101294
1.6175753,-3.3411055,-6.762385
-1.1132329,-2.000811,-7.5391464
-3.8440409,-0.66051686,-8.3159075
-6.986368,-1.8597357,-2.5175254
-10.1286955,-3.0589547,3.2808573
-8.180426,-0.7976146,1.6545032
-6.232156,1.4637254,0.028149288
-6.1903462,1.1858343,-2.5226238
-6.148537,0.907943,-5.073397
-5.009382,-2.408921,-5.0481124
-3.8702261,-5.725785,-5.022828
-1.6292379,-5.581206,-3.9206178
0.6117503,-5.4366264,-2.8184078
3.959365,-1.3298597,2.3619587
7.3070593,2.7770052,7.5424485
11.266006,4.347146,5.302456
15.224953,5.917287,3.0624638
16.298872,5.9516935,1.9030836
17.372791,5.9861,0.7437033
17.563732,6.485148,0.6655821
17.754673,6.9841957,0.58746094
13.062708,5.447522,-3.408905
8.370743,3.9108489,-7.405271
4.7941785,1.8374091,-7.3191714
1.2176138,-0.2360305,-7.233072
-0.24635655,-2.8476813,-0.5632944
-1.7103269,-5.459332,6.1064835
-7.0648165,-3.6106195,10.361413
-12.419307,-1.7619071,14.6163435
-10.666993,1.0460007,6.9574456
-8.9146805,3.8539085,-0.7014524
-7.557287,1.6199841,-2.7739205
-6.199894,-0.61394024,-4.846389
-7.738054,-0.89077955,-4.8324533
-9.276214,-1.1676189,-4.818517
-4.7096004,-0.9884907,-4.2178884
-0.14298713,-0.8093626,-3.6172593
2.529389,-2.1752877,2.5707805
5.201765,-3.541213,8.758821
7.4810276,-0.9530038,9.535002
9.760236,1.6351436,10.311164
8.646895,4.1766796,10.675519
7.533555,6.7182155,11.039874
4.027342,6.212148,5.4913874
0.5211284,5.706081,-0.057099212
1.6210077,5.6508875,-5.5202756
2.720887,5.595694,-10.983452
2.4253848,3.9891667,-6.363232
2.1298828,2.3826392,-1.7430125
0.93725777,0.22201523,-1.540814
-0.25536734,-1.9386086,-1.3386157
0.15295693,-0.65636736,-0.05539704
0.5612812,0.625874,1.2278216
0.568529,-0.6520897,4.0912123
0.5757769,-1.9300534,6.954603
-1.8200976,-5.771144,3.8970916
-4.215972,-9.612234,0.83958
-6.516856,-9.01892,-0.6402731
-8.81774,-8.425606,-2.1201262
-6.525036,-6.3995485,-4.523906
-4.2323313,-4.373492,-6.927686
-1.8467705,-2.9154947,-6.256699
0.53879035,-1.4574976,-5.5857115
2.516909,-1.0677704,-2.8407342
4.4950743,-0.678034,-0.09569129
9.065451,-0.8564727,2.723053
13.635827,-1.0349114,5.5417976
14.797344,-1.2812693,7.4339743
15.95886,-1.5276273,9.326152
15.209024,-1.3415152,6.290928
14.4591875,-1.155403,3.2557046
11.293776,-1.5362705,1.7915318
8.128363,-1.917138,0.3273591
5.0415945,-0.364274,-6.567705
1.9548266,1.18859,-13.4627695
1.439895,3.6759496,-8.790404
0.9249636,6.163309,-4.118039
-3.5253658,7.5856776,4.6206985
-7.975695,9.008046,13.359436
-6.8685308,6.365314,13.163582
-5.761366,3.722582,12.967727
-4.6032763,2.0138943,11.33544
-3.4451869,0.30520684,9.703153
-2.7421052,-0.9707884,-5.8685403
-2.0390234,-2.2467837,-21.440233
1.2035524,-6.591484,-16.454508
4.4461284,-10.936185,-11.468783
1.222825,-10.350502,0.57204306
-2.000478,-9.76482,12.612869
-2.195072,-4.74872,10.70713
-2.3896613,0.26725996,8.801437
-0.5609154,0.7144334,9.447114
1.2678304,1.1616068,10.092791
7.1145387,1.0410253,1.7868114
12.9612465,0.9204438,-6.5191684
14.320044,1.2331916,-8.780412
15.678842,1.5459394,-11.041655
8.042729,-0.20701408,-13.26138
0.40661845,-1.9599676,-15.481106
-1.2325428,-1.2776977,-6.6614203
-2.8717039,-0.59542775,2.1582654
-5.522514,1.523017,12.016142
-8.173324,3.6414618,21.874018
-10.844021,5.696935,15.768573
-13.514717,7.752409,9.663128
-11.212574,8.2453165,6.591546
-8.910431,8.738224,3.5199637
-8.14147,5.6682034,-4.021749
-7.372509,2.5981822,-11.563461
-5.141593,1.9640961,-14.079444
-2.9106772,1.3300098,-16.595427
-0.72185737,1.6302081,-7.5889535
1.4669625,1.9304066,1.4175199
-0.3899335,1.1629726,5.444124
-2.2468736,0.3955202,9.470824
0.34695593,2.5583072,8.015574
2.9407854,4.721094,6.5603237
3.4818072,3.3117309,1.6205498
4.0228286,1.9023675,-3.3192239
2.5072737,0.91816455,-6.246582
0.99171853,-0.066038355,-9.173941
-0.58445996,1.3719697,-3.0918036
-2.1606383,2.8099778,2.990333
-6.301533,4.167022,6.0793624
-10.442428,5.524067,9.168391
-12.151656,6.7965927,4.7615933
-13.860886,8.0691185,0.35479537
-16.640928,9.252888,-2.0509784
-19.420973,10.436657,-4.4567523
-15.772613,8.526479,-6.3647733
-12.124253,6.6163015,-8.272795
-8.546423,1.1060266,-5.185932
-4.9685936,-4.404248,-2.0990698
-1.9587934,-6.0212736,3.9803193
1.0510068,-7.638299,10.059709
2.9959722,-4.368562,9.629273
4.9409375,-1.098826,9.198838
-0.17564884,0.5516469,-1.2443115
-5.2922354,2.2021198,-11.687461
-5.967108,-1.2724438,-20.646454
-6.6419644,-4.7469244,-29.605234
-6.871483,-9.351925,-30.081533
-7.1010013,-13.956924,-30.55783
-2.3809068,-12.197203,-17.050543
2.3391879,-10.437482,-3.5432541
10.513526,-4.8167315,16.4509
18.687864,0.80401886,36.445053
21.320469,2.7830079,36.929268
23.953074,4.7619967,37.413486
22.546156,1.5966964,17.888445
21.139236,-1.5686041,-1.6365968
16.192522,-6.380753,-21.672714
11.24581,-11.192902,-41.70883
5.7567863,-13.15407,-38.257645
0.2677637,-15.115238,-34.806458
-5.767379,-10.226543,-14.8668165
-11.802521,-5.337849,5.0728254
-14.387621,3.4007354,20.004597
-16.972721,12.139319,34.936367
-15.610514,15.728103,32.363792
-14.248307,19.316887,29.791218
-8.939889,15.255198,10.215433
-3.631471,11.19351,-9.360352
2.1233401,1.9792501,-18.440128
7.8782883,-7.2352295,-27.520123
7.580326,-15.605303,-24.10474
7.282364,-23.975376,-20.689358
3.931879,-21.503437,-10.777331
0.5813943,-19.031498,-0.86530596
0.678121,-10.2179575,8.546534
0.7748477,-1.4044164,17.958372
3.3181324,3.252,22.37333
5.8614173,7.9084167,26.788284
7.350242,11.409469,20.208057
8.839067,14.910521,13.627831
10.271741,12.257246,-1.4479886
11.704415,9.6039715,-16.52381
10.078209,-1.2037358,-20.096552
8.4520035,-12.011442,-23.669294
6.2630186,-13.974167,-16.239336
4.0740337,-15.936892,-8.80938
-3.1825085,-12.554502,1.6246034
-10.439051,-9.1721115,12.058586
-14.268006,-8.443075,15.998674
-18.096964,-7.7140393,19.93876
-12.502273,-6.635517,15.886209
-6.9075828,-5.5569954,11.833655
-4.391809,-5.1251607,0.7881805
-1.8760349,-4.693326,-10.257295
0.5592988,-5.403591,-16.296824
2.9945743,-6.113839,-22.336208
3.3481796,-2.9609458,-17.369955
3.7017848,0.19194737,-12.403704
0.97233087,4.2136393,-2.9304335
-1.7571231,8.235332,6.5428367
-2.0711758,9.131353,15.525398
-2.3852286,10.027376,24.50796
-0.78540784,7.8025565,19.501461
0.8144129,5.5777373,14.494964
6.326599,3.7359843,2.4994147
11.838785,1.8942314,-9.496134
13.261394,0.9387528,-12.481807
14.684001,-0.016725978,-15.467479
9.014037,1.416913,-12.443988
3.3440738,2.8505518,-9.420498
-1.4225787,1.6759566,-7.887303
-6.1892314,0.50136125,-6.3541083
-13.05705,-1.7789525,2.1904497
-19.924868,-4.059266,10.735007
-20.397472,-5.4427147,11.292873
-20.870075,-6.8261633,11.8507395
-18.949188,-9.809696,4.9232707
-17.028303,-12.793228,-2.0041983
-13.213439,-12.872848,-9.916192
-9.398484,-12.952468,-17.828373
-3.1871364,-10.122868,-18.22402
3.024212,-7.293267,-18.619667
-2.3644807,-3.0478568,-7.9964437
-7.7531734,1.1975533,2.62678
-9.737765,3.3661304,5.27261
-11.722357,5.5347075,7.9184403
-7.2979746,3.1339037,10.090868
-2.8735921,0.7330998,12.263295
0.96546155,-3.7298322,4.9656363
4.8045154,-8.192764,-2.3320227
12.0641985,-8.210468,-6.597139
19.323881,-8.228172,-10.862255
19.009356,-3.292727,-5.0922008
18.69483,1.642718,0.67785376
14.80955,7.539713,1.4861547
10.924271,13.4367075,2.2944555
7.4697948,15.803335,8.644217
4.0153193,18.169962,14.993978
-2.5080988,13.513048,14.38779
-9.031517,8.856134,13.781602
-7.123979,3.180957,4.7208776
-5.2164407,-2.4942198,-4.339846
-3.377658,-6.683307,-5.854637
-1.5388752,-10.872395,-7.3694277
-6.2679853,-10.070921,-8.837867
-10.996983,-9.269465,-10.306271
-11.792204,-5.972155,-6.2271714
-12.587425,-2.6748447,-2.1480722
-11.946056,-0.8755221,8.480364
-11.304688,0.92380047,19.1088
-8.722621,3.2317305,18.78813
-6.140554,5.5396605,18.46746
-3.612467,5.3626924,15.197816
-1.0843801,5.1857243,11.928172
3.8957536,3.529906,2.7079155
8.875888,1.8740879,-6.512341
12.814018,0.74498844,-12.185795
16.752148,-0.38411105,-17.85925
15.653252,1.5187676,-7.4881606
14.554355,3.421646,2.8829284
12.921803,6.861493,4.7971077
11.289253,10.30134,6.711287
9.624728,10.282579,6.667317
7.960204,10.263819,6.623347
11.763895,7.2899294,10.6194
15.567587,4.3160405,14.615453
14.338252,1.8895403,5.1487327
13.108917,-0.53696,-4.317987
7.34389,-2.4140873,-10.750876
1.5787257,-4.2912593,-17.183918
0.2739257,-7.1170745,-8.586372
-1.0308743,-9.942889,0.011174294
-5.879812,-8.714831,5.6367316
-10.728749,-7.4867725,11.262289
-11.125935,-2.7014775,11.413484
-11.52312,2.0838177,11.564678
-8.471737,1.9303304,7.2383556
-5.420353,1.7768432,2.9120336
-4.4225006,-0.3112676,-4.895847
-3.4246483,-2.3993785,-12.703728
-0.48163962,-0.91797346,-13.997278
2.461369,0.56343144,-15.29083
4.348517,1.1185014,-3.5733314
6.235665,1.6735715,8.144167
8.065696,0.8064387,11.370156
9.895727,-0.06069407,14.596147
13.666595,2.6539848,13.327716
17.437464,5.368664,12.059285
16.145779,11.668806,15.79217
14.854095,17.968948,19.525053
12.99474,17.357246,6.253342
11.135385,16.745546,-7.0183687
10.201493,10.223129,-9.301684
9.267602,3.7007124,-11.585
3.7508438,3.2671723,-2.386886
-1.7657828,2.8336425,6.811009
-8.37427,5.487594,6.9835997
-14.982758,8.141546,7.15619
-19.691668,6.8809104,11.796377
-24.40058,5.6202745,16.436565
-24.716892,3.9422827,6.036421
-25.033207,2.2642908,-4.3637233
-22.461332,1.6655536,-15.812828
-19.88946,1.0668162,-27.261932
-14.931049,-1.4564047,-18.768057
-9.972639,-3.9796255,-10.274182
-5.1271157,-4.931062,-8.843719
-0.2815925,-5.8824987,-7.4132543
2.9528673,-4.265543,-2.551006
6.187327,-2.6485868,2.311242
8.312753,-4.466104,9.101156
10.438179,-6.283622,15.89107
7.956027,-6.5378885,9.10422
5.473875,-6.7921557,2.3173714
6.3846903,-3.9848025,-3.5514321
7.2955055,-1.177449,-9.420236
9.098886,0.190457,-6.8764787
10.9022665,1.558363,-4.3327217
10.096808,3.4859564,0.61838835
9.291332,5.413596,5.5696163
5.874511,7.899847,6.4232993
2.4576895,10.386098,7.276982
-3.5738304,9.429221,6.027961
-9.6053505,8.472344,4.77894
-14.254955,4.0696454,1.9213748
-18.904562,-0.33305338,-0.9361907
-23.17453,-3.6849701,-7.908493
-27.4445,-7.036887,-14.8807955
-24.834906,-6.841476,-18.47355
-22.225313,-6.6460643,-22.066305
-16.233496,-4.406279,-10.783849
-10.24168,-2.1664937,0.49860704
-7.862563,1.1152809,10.153277
-5.4834466,4.397055,19.807947
2.2895339,4.21863,11.831969
10.062514,4.040204,3.8559904
13.23623,1.3991853,-1.2543447
16.409946,-1.2418333,-6.36468
14.990428,-6.34802,-14.113514
13.5709095,-11.454206,-21.862349
15.062589,-13.527758,-13.753074
16.554268,-15.601309,-5.643798
8.4598255,-10.14335,2.3214908
0.36538255,-4.6853905,10.286779
-4.3138323,2.3042133,-0.3933796
-8.992936,9.293651,-11.073284
-9.755683,10.815193,-1.3998212
-10.51843,12.336737,8.273642
-16.36285,7.890183,-0.70052874
-22.207272,3.443629,-9.674699
-19.129858,1.5279197,-15.297285
-16.052444,-0.38778985,-20.91987
-16.047617,-3.2742748,-4.690807
-16.042788,-6.1607594,11.538257
-15.602808,-11.019508,1.1199682
-15.1628275,-15.878258,-9.298321
-6.2780757,-12.709912,-2.3625202
2.6066763,-9.541567,4.5732803
6.946993,-6.3455024,13.864528
11.28731,-3.1494381,23.155775
11.594014,-0.9239477,8.303138
11.900719,1.3015429,-6.5495
12.18367,5.0586286,-10.046201
12.466622,8.815714,-13.542902
12.234263,8.606334,-10.683812
12.0019045,8.396954,-7.8247237
5.2612643,8.222291,-5.6090593
-1.4793762,8.047627,-3.3933947
-2.722224,7.407884,3.6804116
-3.9651015,6.768126,10.754387
-1.2044195,5.162534,13.688198
1.5562625,3.5569422,16.62201
-0.17363933,1.984004,6.4166083
-1.9035411,0.41106576,-3.7887936
-1.6180221,-1.6311504,-9.633395
-1.3325031,-3.6733663,-15.477996
-4.0253925,-7.1867766,-11.961659
-6.718282,-10.700187,-8.445322
-5.8830495,-13.186117,-5.066915
-5.0478168,-15.672048,-1.688508
-3.6773822,-12.630645,1.5540283
-2.3069477,-9.589241,4.7965646
-1.8936896,-4.519251,3.405588
-1.4804318,0.5507385,2.0146115
2.9835784,1.1515603,1.9922951
7.447589,1.7523822,1.9699788
8.970146,-0.11335964,-4.681709
10.492703,-1.9791014,-11.333397
12.5808735,-2.3087444,-8.612279
14.669043,-2.6383872,-5.891162
11.328653,-1.9291428,5.2054486
7.988264,-1.2198985,16.30206
5.223798,0.031222085,10.7769165
2.459331,1.2823427,5.251774
3.2742524,4.578421,4.6069345
4.0891542,7.8744216,3.9621105
1.4863,8.218107,6.198753
-1.1165546,8.561792,8.435395
-0.13462354,8.455117,-2.945956
0.8473075,8.348442,-14.327308
1.9164312,7.292429,-11.326168
2.985555,6.236416,-8.325028
3.144122,6.231122,0.059659407
3.3026888,6.2258277,8.444347
3.0526662,5.2704587,2.714174
2.8026438,4.3150897,-3.0159993
2.6456358,0.4081906,-1.8593669
2.4886281,-3.4987087,-0.7027344
6.425822,-5.3588743,0.84231627
10.363015,-7.2190394,2.387367
12.394929,-5.5339704,-3.1774964
14.426842,-3.848901,-8.74236
12.552871,-2.6195493,-8.415199
10.678899,-1.3901975,-8.088038
7.3970485,0.38294533,-1.8663547
4.1151977,2.156088,4.3553295
-3.0776088,4.472653,2.4745302
-10.270415,6.7892175,0.59373116
-12.877422,7.148531,-2.3863811
-15.484492,7.507853,-5.3665648
-12.508207,4.4086337,-1.9428718
-9.531923,1.3094147,1.480821
-7.4734025,-0.7502327,2.311673
-5.4148817,-2.80988,3.142525
-0.27406675,-2.3320947,2.883829
4.8667483,-1.8543093,2.625133
7.0903654,-1.8411254,3.7799096
9.313982,-1.8279415,4.9346857
10.620539,-3.281134,3.5055504
11.927095,-4.7343264,2.0764148
12.8157,-3.1553435,1.5655708
13.704305,-1.5763606,1.0547268
10.172694,1.0336648,4.9640026
6.641084,3.64369,8.873279
4.1856833,5.2836933,5.7040515
1.7302823,6.923696,2.5348244
-1.6533351,7.0922537,-1.712028
-5.0369525,7.2608113,-5.9588804
-3.8534298,5.9558086,-6.782639
-2.6699073,4.6508064,-7.606398
-3.9236336,1.869404,-9.505886
-5.17736,-0.9119984,-11.405374
-7.8722095,-5.6730304,-8.378489
-10.567059,-10.434063,-5.351604
-10.706124,-13.177695,-1.8952276
-10.845187,-15.921263,1.5610664
-14.430396,-17.149242,-0.049437664
-18.015606,-18.377224,-1.6599417
-18.047304,-15.589639,-4.833276
-18.079,-12.8020525,-8.00661
-16.055584,-7.497093,-5.7384167
-14.032168,-2.1921332,-3.4702232
-12.950003,1.1333462,0.24435012
-11.867838,4.4588256,3.9589233
-4.721569,8.808374,-0.37493208
2.4247,13.157924,-4.7087874
5.141429,15.034508,-4.0857196
7.858158,16.91109,-3.462652
8.651751,14.316312,0.12289458
9.445344,11.721532,3.7084413
14.321406,9.655323,2.762171
19.197468,7.589113,1.815901
16.660183,8.049919,8.343317
14.122899,8.510724,14.870732
11.674677,7.9958076,12.87661
9.226455,7.480891,10.882488
5.8680553,4.48654,7.8704405
2.5096562,1.4921882,4.8583927
-2.759138,0.013993788,-2.1689556
-8.028058,-1.4642359,-9.196471
-8.707848,-4.930994,-10.737049
-9.387637,-8.397752,-12.277626
-12.978182,-13.857363,-3.3285747
-16.568727,-19.316975,5.6204767
-15.568544,-19.772554,3.0625794
-14.568362,-20.228132,0.5046819
-10.474328,-16.680876,5.4433527
-6.3802934,-13.133618,10.382023
-4.68778,-10.5826235,5.82034
-2.9952672,-8.031629,1.2586571
-0.19868967,-5.974311,-3.800819
2.5978878,-3.9169924,-8.860295
2.0044775,0.15027213,-3.4151304
1.4110675,4.217537,2.030034
3.9335449,7.298696,0.4825136
6.4560223,10.379855,-1.065007
7.599868,11.978414,-0.10233948
8.743712,13.576972,0.860328
10.013676,14.695294,5.836001
11.283638,15.813617,10.811674
12.183387,14.952466,10.3027315
13.083137,14.091315,9.793788
9.615028,9.249729,7.301738
6.1469197,4.4081426,4.8096867
3.8120415,0.5837343,1.335054
1.4772191,-3.2405827,-2.1394958
-1.2240614,-3.550702,-2.5965865
-3.9253418,-3.8608217,-3.053677
-8.49288,-2.659643,2.5066795
-13.060417,-1.4584643,8.067036
-14.493415,-0.2486454,2.6447284
-15.926413,0.9611735,-2.7775793
-13.222767,1.1771482,-1.1828456
-10.519121,1.393123,0.41188806
-5.675204,-0.38722643,5.5231743
-0.831286,-2.1675758,10.63446
3.1575983,-4.446693,5.261482
7.1464825,-6.7258105,-0.11149668
12.285161,-7.0058208,-7.469928
17.42384,-7.285831,-14.828359
22.216154,-7.5681963,-11.67323
27.008469,-7.850562,-8.518102
24.456207,-4.6359177,0.65040493
21.903946,-1.4212732,9.818912
19.006214,0.29042515,9.001111
16.10848,2.0021236,8.18331
14.861756,3.2111921,8.879104
13.615032,4.420261,9.574897
11.01368,7.126781,2.2833903
8.412267,9.833365,-5.0082903
3.4489903,8.036897,-8.288791
-1.5142866,6.240429,-11.569291
-7.8474827,1.9396436,-6.3399744
-14.180679,-2.3611417,-1.1106576
-17.391514,-5.6680326,-0.8721346
-20.602346,-8.974924,-0.6336117
-22.69705,-10.289499,2.1139424
-24.791752,-11.6040745,4.8614964
-22.774189,-12.426997,6.617844
-20.756626,-13.249921,8.374191
-14.128035,-11.580518,4.638625
-7.499442,-9.911115,0.90305877
-5.2588825,-5.747331,-5.8255997
-3.0183234,-1.5835477,-12.554258
0.8363949,0.5776697,-10.777066
4.691113,2.738887,-8.999874
5.162531,6.4009166,-3.7171226
5.633949,10.062946,1.565629
5.224325,9.228784,-3.6455216
4.8147016,8.394622,-8.856672
8.5256605,6.066424,-10.060514
12.236619,3.738226,-11.264357
12.068869,2.4172924,-7.958852
11.901118,1.096359,-4.653347
14.854119,-1.2165622,-1.3354931
17.807049,-3.5294282,1.9822819
14.378531,-4.33359,8.315834
10.950013,-5.137752,14.649385
5.13617,-4.432198,9.001757
-0.6776738,-3.726644,3.3541288
-3.381783,-5.00988,-0.7723775
-6.085892,-6.293116,-4.898884
-10.685347,-7.5630183,-7.0023737
-15.2848015,-8.832921,-9.105864
-13.283893,-7.0865936,-8.684082
-11.282985,-5.340266,-8.2623005
-10.684656,-5.57396,1.1877387
-10.0863285,-5.8076534,10.637777
-6.892123,-4.5168333,6.6194177
-3.6979182,-3.2260132,2.601058
2.0916235,-0.90554565,-1.8825576
7.8811655,1.4149219,-6.3661733
10.265736,2.2704773,-5.31206
12.650306,3.1260326,-4.257947
15.128885,3.5220675,-6.1627893
17.607466,3.9181025,-8.067632
18.177526,3.3596983,-1.4275221
18.747587,2.801294,5.2125874
15.404671,7.293005,9.401797
12.061675,11.784822,13.591108
6.7992835,14.330584,10.333279
1.536892,16.876345,7.07545
-3.1526337,14.978624,-1.1265966
-7.8421593,13.080904,-9.328643
-7.9668055,10.740567,-12.972412
-8.091452,8.40023,-16.61618
-9.658637,5.6166196,-10.698509
-11.2258215,2.833008,-4.7808366
-15.241848,-3.8954782,-4.2973623
-19.257874,-10.623964,-3.8138883
-15.727502,-14.298951,1.7406301
-12.19713,-17.973938,7.2951484
-8.623378,-17.096016,10.926069
-5.0496254,-16.218096,14.556991
-0.43412122,-14.286094,10.268983
4.1813827,-12.354094,5.9809766
9.837528,-6.8650365,2.7776444
15.493674,-1.3759801,-0.42568788
15.688799,1.1743524,-3.0414796
15.883924,3.724685,-5.657271
12.114982,8.340875,-1.6827785
8.34604,12.957064,2.2917142
6.108428,17.643076,3.8593526
3.8708165,22.329086,5.4269915
3.158773,19.587305,6.590493
2.4467466,16.845589,7.753968
0.75389665,12.676419,5.015466
-0.9389533,8.50725,2.276965
-1.6192639,3.909144,0.63801813
-2.2995746,-0.688962,-1.0009286
-5.9739065,-5.718516,-4.5390744
-9.648239,-10.74807,-8.07722
-12.822608,-11.211522,-9.513063
-15.996977,-11.674974,-10.948908
-12.67629,-7.573922,-1.7802712
-9.355602,-3.4728694,7.3883653
-10.043317,-3.8078763,10.664096
-10.731032,-4.1428833,13.939827
-7.929214,-0.9137893,11.824811
-5.1273956,2.3153048,9.709796
2.662892,4.1089363,5.7050757
10.45318,5.9025674,1.7003554
11.231103,4.261016,1.8059525
12.009027,2.6194642,1.9115497
15.272983,5.0425506,-5.372968
18.53694,7.4656367,-12.657486
19.283735,7.452564,-5.832381
20.030533,7.4394913,0.99272394
13.255052,9.488635,3.9275908
6.4794083,11.5378275,6.862528
5.174437,12.146571,3.4075212
3.8694656,12.755314,-0.047485102
-0.9731179,9.419686,14.10742
-5.8157015,6.0840583,28.262325
-11.2043295,1.2989295,8.525946
-16.592958,-3.4861996,-11.210435
-17.035305,-5.226571,-16.340162
-17.477652,-6.966943,-21.469887
-21.979706,-8.168134,-8.49474
-26.48176,-9.369326,4.480409
-27.547066,-12.036115,-1.4402918
-28.612371,-14.702905,-7.3609924
-22.241533,-13.338831,-5.6774545
-15.870696,-11.974757,-3.993916
-3.5615773,-12.081849,4.29435
8.747541,-12.188941,12.582616
10.498559,-9.267697,11.4760065
12.2495775,-6.3464537,10.369396
18.445845,-0.3961566,-0.1323431
24.64211,5.5541406,-10.634083
29.285215,9.534705,1.9681631
33.928318,13.515269,14.570409
23.017076,19.526724,3.7754295
12.105836,25.538177,-7.01955
14.636121,25.079386,-4.2131333
17.166346,24.620605,-1.4067837
12.631514,18.68791,13.99932
8.096682,12.755216,29.405424
2.4884946,4.8425035,3.4090343
-3.119692,-3.0702078,-22.587357
-3.310387,-7.4704256,-11.989018
-3.5010817,-11.870644,-1.3906803
-11.2834215,-15.7657795,4.2997227
-19.065762,-19.660915,9.990126
-20.447914,-22.05702,3.2701883
-21.830069,-24.453125,-3.4497488
-23.818289,-20.854027,1.4173782
-25.80651,-17.254927,6.2845054
-23.904419,-13.1619835,-1.2641671
-22.002327,-9.06904,-8.8128395
-18.710688,-5.4815793,-5.2801504
-15.419049,-1.8941183,-1.7474611
-10.236089,-0.81025267,-3.6359072
-5.0531297,0.27361298,-5.5243535
5.524572,5.8561816,-5.3359094
16.102272,11.43875,-5.1474657
23.578281,14.521941,9.116256
31.05429,17.605131,23.379978
32.930428,13.689751,18.717005
34.80661,9.774276,14.053922
32.58151,11.359394,1.4608706
30.356407,12.944511,-11.132181
23.024826,15.0276985,0.34037355
15.693245,17.110884,11.812928
4.246768,11.688025,6.8462315
-7.199709,6.2651668,1.8795353
-13.271083,-0.16928346,-8.031503
-19.342457,-6.6037335,-17.94254
-21.548325,-4.0560336,-3.3029077
-23.754194,-1.5083338,11.336724
-29.602125,-0.98471177,14.0222435
-35.450058,-0.46108976,16.707764
-37.94441,-3.4674797,-7.0658817
-40.43876,-6.47387,-30.839525
-28.079939,-10.515768,-34.577118
-15.721116,-14.557666,-38.31471
-10.5057955,-22.639542,-11.019121
-5.2904754,-30.721418,16.276466
-2.2128882,-24.345745,2.1045814
0.8646992,-17.970074,-12.067304
12.311167,-2.6369145,3.2935941
23.757633,12.696245,18.654491
16.079033,16.988188,21.04802
8.400431,21.280132,23.441547
8.10138,11.531565,-17.63384
7.802338,1.7832309,-58.708252
9.385995,-0.006089141,-23.252478
10.969652,-1.7954092,12.203295
2.938041,1.373095,24.69004
-5.09357,4.5415993,37.17679
0.26086763,1.1663588,10.194858
5.6153054,-2.2088816,-16.787071
6.856705,-7.1294436,-27.738165
8.098105,-12.050005,-38.68926
2.2269645,-15.016971,-26.609152
-3.6441762,-17.983936,-14.529046
-6.6276875,-12.49717,21.08469
-9.611198,-7.010404,56.698425
-11.2066345,-6.568262,46.848183
-12.802071,-6.1261196,36.99794
-11.008012,-8.72569,-9.316526
-9.213952,-11.32526,-55.63099
-17.527554,-7.962591,-50.41122
-25.841154,-4.5999217,-45.191452
-29.257597,-1.2701552,-20.936592
-32.674038,2.0596116,3.318269
-16.185879,-4.13803,16.612316
0.30228093,-10.335671,29.906363
8.704661,-6.55479,20.244482
17.107243,-2.773819,10.582372
20.434252,8.992032,-15.0320635
23.761261,20.757883,-40.6465
14.521665,25.514566,0.78971314
5.2820673,30.27125,42.225925
6.4828477,20.522835,49.71544
7.6836276,10.774418,57.204956
16.830196,-3.9772737,8.7481575
25.976767,-18.728966,-39.70864
12.573018,-8.983145,-56.11325
-0.8307304,0.76267564,-72.51786
-7.2822747,5.506998,-13.370119
-13.733819,10.25132,45.77762
-17.230879,-6.504539,51.98018
-20.727938,-23.260399,58.18274
-2.767235,-26.014526,-6.55824
15.193468,-28.768654,-71.29922
15.116032,-6.5175962,-37.98343
15.038594,15.733462,-4.6676364
6.926694,11.994608,41.205868
-1.1852069,8.2557535,87.07938
-3.8288267,-9.967809,47.510746
-6.472447,-28.19137,7.942115
0.3545704,-18.39414,-66.57103
7.1815877,-8.596909,-141.08418
12.481521,3.7278514,-47.042114
17.781326,16.052317,46.997707
-15.4440365,5.911651,81.094666
-48.6694,-4.2290144,115.19163
-31.417458,-10.3276205,-3.1539645
-14.165514,-16.426228,-121.49956
13.068078,5.024634,-75.28803
40.30167,26.475494,-29.07651
30.521881,20.483067,55.193363
20.74209,14.490639,139.46324
0.95231616,10.560962,55.29281
-18.837458,6.631286,-28.877617
2.8644497,17.768587,-82.9897
24.566359,28.905888,-137.10178
24.26058,20.112423,-10.656266
23.954802,11.318957,115.789246
-16.859058,4.094973,47.79438
-57.672916,-3.1290114,-20.200485
-19.995335,-6.2845855,-31.633642
17.68225,-9.440159,-43.0668
18.851856,-5.0285273,47.0625
20.021465,-0.616895,137.1918
13.183793,7.8610835,8.882707
6.34612,16.339062,-119.42639
17.50026,11.8823595,-43.6771
28.654665,7.4255505,32.073994
3.7983108,-3.9678073,46.88133
-21.058043,-15.361165,61.688667
-4.9287224,-2.1934528,-29.948822
11.200598,10.974259,-121.58631
2.3116336,16.200562,-0.6706869
-6.5773306,21.426865,120.244934
-22.488123,15.708438,59.71137
-38.398914,9.99001,-0.82220155
-16.333794,14.321841,-40.308933
5.7313266,18.653673,-79.79566
-1.2280943,6.028992,4.2594995
-8.187515,-6.595689,88.31467
-2.670711,-8.684719,25.907135
2.8460932,-10.77375,-36.500393
7.3402133,-3.835007,-9.375844
11.834333,3.1037362,17.748707
0.30665523,2.5628295,19.39896
-11.221023,2.0219228,21.049215
-2.7698884,9.993983,-13.781864
5.6812463,17.966043,-48.612946
-4.3881254,15.442914,-2.4324715
-14.457497,12.919785,43.748
-4.5462904,3.3920214,10.933195
5.364916,-6.1357417,-21.88161
16.258121,2.3214388,-12.198399
27.15107,10.778418,-2.5154183
14.026607,5.7092175,5.6587663
0.9021443,0.6400174,13.832951
9.759229,-6.466915,-4.008389
18.616314,-13.573848,-21.84973
14.952424,-7.229852,1.7868783
11.288534,-0.885857,25.423487
4.5996957,-0.6017097,16.53127
-2.0891428,-0.3175624,7.6390533
-6.3078775,3.396377,-1.7895284
-10.526613,7.1103168,-11.21811
-13.78013,9.2435255,-11.191143
-17.033648,11.376735,-11.164177
-15.825712,10.417942,-3.189348
-14.617778,9.45915,4.7854805
-14.450439,2.8960638,-7.298696
-14.283101,-3.667023,-19.382874
-6.1566734,-9.3473215,-15.53201
1.9697543,-15.02762,-11.681149
2.056143,-17.83763,4.099856
2.1425316,-20.647636,19.88086
4.690098,-19.098322,6.087665
7.2376637,-17.549007,-7.7055297
2.2474277,-7.1494637,0.42239714
-2.7429276,3.250327,8.550518
-1.770455,0.9928715,-8.405062
-0.79798234,-1.264584,-25.360641
7.6376734,-1.1860288,-19.904053
16.073328,-1.1074737,-14.447464
8.972131,1.3003259,5.418301
1.8709322,3.7081254,25.284067
3.7320316,-2.0615857,8.0567045
5.593131,-7.8312964,-9.170657
3.4149094,-7.2851043,-7.9936466
1.2366877,-6.7389126,-6.8166366
-5.4828644,-7.382869,-2.2378068
-12.202416,-8.026826,2.3410227
-16.965004,-5.866169,-5.180446
-21.72759,-3.705512,-12.701915
-16.033665,-8.744606,-12.825125
-10.339738,-13.783701,-12.948335
-9.18797,-15.525865,0.32614878
-8.0362015,-17.268028,13.600632
-11.423633,-10.715179,-4.7270155
-14.811063,-4.1623306,-23.054663
-5.733423,-6.314918,-13.483645
3.3442166,-8.467505,-3.9126284
2.8921013,-8.324802,5.558613
2.4399858,-8.1821,15.029855
10.463533,-3.7424152,-0.09685316
18.486889,0.6971641,-15.2232
18.490404,2.9359865,7.0543556
18.49392,5.174809,29.331911
12.980381,0.21524683,8.014861
7.466844,-4.744315,-13.302189
9.437349,-1.399904,-21.712898
11.407855,1.9445071,-30.12361
4.3620863,3.0952106,-13.626288
-2.6836827,4.245914,2.871033
-1.746868,-3.7947948,3.2795613
-0.81005335,-11.835504,3.6880898
-2.3920302,-9.065132,8.011703
-3.974007,-6.2947617,12.335316
-5.075945,-6.210165,13.577359
-6.1778827,-6.125569,14.819404
-10.300411,-12.722625,6.9820504
-14.422939,-19.319681,-0.8553024
-17.565653,-23.092873,-20.270655
-20.708364,-26.866066,-39.68601
-13.869251,-21.307764,-24.677166
-7.0301366,-15.749462,-9.668323
-4.205477,-11.849564,4.268848
-1.3808178,-7.949665,18.206018
0.43419996,-3.1961532,14.576741
2.249261,1.557472,10.947377
5.0598307,10.677657,8.256117
7.870401,19.797842,5.564857
11.181284,18.797129,-0.18492796
14.492167,17.796417,-5.934713
13.80716,16.685698,-1.2401954
13.122154,15.574977,3.4543219
14.443574,9.363156,0.59589595
15.764993,3.1513357,-2.2625299
15.093416,0.84579057,-0.67110044
14.421839,-1.4597546,0.9203291
5.256154,6.6475058,0.9644204
-3.9095306,14.7547655,1.0085117
-11.071442,10.280702,5.0079694
-18.233353,5.806637,9.007427
-20.893248,-1.2436714,-0.035312828
-23.55314,-8.29398,-9.078053
-18.211065,-9.4158325,-23.660435
-12.868991,-10.537686,-38.242817
-9.522838,-12.725845,-4.3611784
-6.176685,-14.914004,29.52046
-6.3226123,-15.161934,24.370714
-6.468539,-15.409863,19.220966
-0.10167476,-11.209392,-10.455973
6.26519,-7.00892,-40.13291
11.650052,-4.3503394,-20.832884
17.034786,-1.691822,-1.5333166
14.441987,0.93543667,9.248094
11.849189,3.5626953,20.029505
11.281864,10.169472,11.797927
10.71454,16.776249,3.566349
13.674152,18.872602,6.3264194
16.633766,20.968956,9.08649
12.12019,21.063236,5.841757
7.6066146,21.157516,2.597024
3.118287,15.2557955,-3.6496637
-1.3700403,9.354075,-9.896351
-0.8356006,0.96041065,-6.6422424
-0.3011609,-7.433254,-3.388134
3.2532167,-6.3157997,3.3698606
6.8075943,-5.198346,10.127855
2.378881,-0.066697195,11.892851
-2.0498323,5.0649514,13.657847
-9.464769,10.713988,10.932174
-16.879705,16.363026,8.206501
-16.783453,16.531982,3.4913092
-16.6872,16.700941,-1.2238828
-14.58092,10.890903,-13.92809
-12.47464,5.080865,-26.632298
-5.3578734,-0.20847715,-17.324535
1.7590626,-5.4979453,-8.016553
5.3881454,-8.767713,2.8058634
9.017228,-12.037479,13.62828
12.660231,-11.288175,8.968465
16.303232,-10.53887,4.3086495
18.46079,-6.2700157,9.669395
20.618347,-2.0011618,15.030141
17.289276,-1.711291,6.4132175
13.960204,-1.4214202,-2.2037053
12.641245,-1.1084963,-11.297246
11.322285,-0.7955724,-20.390785
9.00834,1.5426477,-3.4597597
6.6943946,3.880868,13.471267
-1.1209042,8.246505,20.928308
-8.936203,12.612142,28.385351
-12.259601,13.506661,7.369097
-15.582997,14.40118,-13.647156
-14.420525,8.824863,-13.137085
-13.258052,3.2485468,-12.627013
-11.614285,-0.79949164,-8.090928
-9.970519,-4.84753,-3.5548425
-4.3485537,-8.368633,0.5078206
1.2734116,-11.889736,4.5704837
1.8714298,-12.38476,9.660699
2.469448,-12.879784,14.750915
4.041626,-8.348412,10.869089
5.6137667,-3.8171482,6.9873567
4.157881,-0.7581087,4.632991
2.701995,2.300931,2.278625
3.7154043,5.889602,-10.549634
4.7288136,9.478273,-23.377893
10.208265,11.598193,-7.6811256
15.687717,13.718114,8.015642
16.128986,7.369976,7.7370214
16.570255,1.0218381,7.458401
17.967539,-1.794622,-1.7958326
19.364822,-4.611082,-11.050067
12.710357,-3.8965104,7.219589
6.0558906,-3.181939,25.489244
-4.6597114,-0.9368152,11.28174
-15.375314,1.3083085,-2.9257643
-19.661789,2.5837195,-16.112068
-23.948265,3.8591304,-29.298372
-27.313982,-2.835408,-19.464695
-30.679697,-9.529946,-9.631019
-26.630322,-9.694492,0.22291048
-22.580946,-9.859038,10.076839
-18.119017,-9.492953,15.9522
-13.657089,-9.126868,21.82756
-9.782511,-8.728435,24.224669
-5.9078403,-8.329991,26.621832
-3.6185899,-7.896346,-1.9607736
-1.3293394,-7.4627004,-30.543379
-1.6225939,-11.989876,-45.107834
-1.9158483,-16.517052,-59.67229
4.711587,-9.499854,-17.71859
11.339023,-2.482658,24.23511
10.390091,4.085172,17.709673
9.441159,10.653003,11.1842375
12.917918,25.277775,37.68249
16.394676,39.902546,64.18075
13.297804,39.088726,46.702465
10.200932,38.274906,29.224178
9.529562,14.523641,-24.734734
8.858192,-9.227626,-78.69365
11.110012,-4.918028,-32.138393
13.361832,-0.60843015,14.416859
-9.466505,-16.740461,-12.0168
-32.29484,-32.872494,-38.45046
-23.206543,-29.947388,-15.873394
-14.118244,-27.022282,6.7036705
-14.614927,-4.53893,42.792236
-15.11161,17.944422,78.880806
-25.192572,15.488772,47.479828
-35.273533,13.033121,16.078854
-14.935356,15.140961,-7.816861
5.402335,17.248749,-31.712006
-1.8355213,-2.0788417,-36.608765
-9.073378,-21.406433,-41.505527
-12.880323,-4.1690874,-13.90893
-16.68727,13.068257,13.687667
-12.055487,13.370725,-12.7249975
-7.423706,13.673193,-39.13766
-1.8441528,0.54056126,7.4395056
3.7354002,-12.59207,54.016674
4.2725587,9.839236,56.08235
4.8097167,32.270542,58.14803
4.814313,12.26393,-2.8018444
4.818909,-7.74268,-63.751717
21.800035,-14.189886,-29.22337
38.781162,-20.637093,5.30498
22.246246,-12.52744,5.805861
5.7113314,-4.417788,6.306742
-5.8342547,-0.25275546,-7.7242694
-17.37984,3.912277,-21.755281
-18.431551,7.1319222,-12.82186
-19.48326,10.351567,-3.8884397
-26.535336,10.124773,6.0065174
-33.58741,9.897978,15.901475
-20.631723,5.2228575,15.75527
-7.675729,0.5476252,15.609062
-1.7011542,-6.078613,5.4180846
4.2734203,-12.704851,-4.772893
6.278912,-3.7848897,-9.513189
8.284404,5.1350718,-14.253485
11.332926,-5.40104,-11.047529
14.381448,-15.937152,-7.8415728
12.984111,-12.430886,4.307021
11.586774,-8.924622,16.455614
7.253331,-2.8765888,11.543516
2.9198887,3.1714442,6.6314173
1.6589407,1.2614217,7.6546044
0.39799255,-0.6486008,8.677792
0.7175049,5.483682,11.631091
1.0370172,11.615965,14.58439
-1.5552449,4.290575,-4.5383887
-4.147507,-3.034815,-23.661167
0.8562213,-4.3182673,-25.866262
5.8599496,-5.60172,-28.071358
7.467338,-3.343657,-10.363597
9.074727,-1.0855942,7.344163
3.793019,-0.28614038,8.461591
-1.4886888,0.5133134,9.579018
-0.15278998,-1.6457025,10.103262
1.1831088,-3.8047183,10.627506
0.6430127,-4.4218593,-1.9451133
0.10292948,-5.0389857,-14.517433
-1.806798,-0.11359352,-20.190348
-3.7165253,4.8117986,-25.863262
-3.9894202,4.2805314,-13.139265
-4.262315,3.7492647,-0.4152665
-3.3915913,-0.2379689,-10.295239
-2.5208678,-4.2252026,-20.175213
-2.4993255,-3.667841,-7.1585116
-2.4777832,-3.1104794,5.85819
4.2020516,-6.0077505,12.273046
10.8818865,-8.905022,18.6879
14.72723,-12.255502,14.502086
18.572573,-15.605983,10.316269
12.589593,-3.407281,-5.9700985
6.6066136,8.791421,-22.256466
5.8000383,11.542347,-26.143448
4.9934635,14.293272,-30.03043
-5.132994,9.599123,-10.01665
-15.259452,4.904974,9.997129
-16.702045,4.267443,3.9147792
-18.14464,3.6299126,-2.167571
-8.398558,3.5498059,15.157516
1.3475254,3.4696994,32.4826
3.288283,0.4473335,15.717906
5.2290874,-2.5751045,-1.0471896
10.370928,-10.539611,-10.900828
15.512768,-18.504116,-20.754467
8.361388,-13.9099,-15.695827
1.2100077,-9.315682,-10.637186
-0.22980206,-2.6607304,-27.163816
-1.6696118,3.9942217,-43.690445
6.6062922,3.712806,-4.297643
14.882196,3.4313905,35.09516
7.877403,7.7165523,39.913197
0.87260926,12.001714,44.731236
4.589958,10.355741,10.978894
8.307307,8.709766,-22.773449
15.748703,2.633996,-18.593822
23.190098,-3.4417746,-14.414199
14.356138,-4.946658,-7.8004026
5.5221786,-6.451542,-1.1866069
3.4119234,-3.8848464,-2.6353261
1.3016683,-1.3181509,-4.0840454
-1.0868887,1.8211603,-4.5911126
-3.4754457,4.9604716,-5.0981793
-5.144564,4.6735373,6.340936
-6.8136826,4.3866024,17.780052
-6.7652764,8.67418,12.66964
-6.7168703,12.961758,7.5592275
-4.9521785,12.323749,-1.0973287
-3.1875288,11.685755,-9.753678
-4.707148,5.6209354,-12.953127
-6.2267675,-0.44388402,-16.152575
2.9692822,-12.937538,-26.391098
12.165332,-25.431192,-36.62962
19.576862,-17.855265,12.598372
26.988392,-10.279339,61.826366
10.614061,8.365811,44.52662
-5.7602696,27.010962,27.226871
4.076669,16.22537,9.902702
13.913608,5.439781,-7.4214673
5.457862,4.222547,-17.269228
-2.9978838,3.005313,-27.11699
-4.750807,-1.145545,-56.486977
-6.5037293,-5.296403,-85.856964
6.4414797,-5.88317,-2.2444613
19.386688,-6.4699373,81.36804
8.525039,2.0053327,56.96988
-2.33661,10.480603,32.571716
9.989107,7.015948,19.167755
22.314825,3.5512927,5.7637954
15.320923,4.644345,22.854998
8.327021,5.737397,39.9462
2.505219,-3.614622,-27.968092
-3.3167214,-12.966865,-95.884
6.5239935,-18.766932,-60.805984
16.364708,-24.567001,-25.727968
4.3578305,-10.31662,12.346216
-7.649047,3.9337611,50.420403
-16.013994,20.734076,33.99598
-24.378942,37.53439,17.57156
-19.111694,27.383501,13.152333
-13.844446,17.23261,8.733106
-8.9530115,8.127147,12.320268
-4.061577,-0.9783158,15.90743
-5.0523167,-5.0436325,4.5003743
-6.043056,-9.10895,-6.9066806
-1.4213506,-20.639652,-16.3093
3.2003548,-32.170357,-25.711916
2.429531,-21.170567,-18.110798
1.6587071,-10.170778,-10.50968
4.490341,-10.642406,-6.90387
7.321975,-11.114034,-3.2980604
10.25059,-3.5571148,14.814594
13.179206,3.9998043,32.92725
7.698475,12.086045,30.548338
2.2177434,20.172285,28.169426
15.320184,4.288321,16.798246
28.422625,-11.595644,5.427067
27.599068,2.050076,2.5603888
26.775532,15.69547,-0.3062207
7.0145965,14.869555,-12.672716
-12.74634,14.04364,-25.039213
-24.957548,-4.755528,-44.40904
-37.168755,-23.554697,-63.778866
-31.842205,-20.329088,-54.652008
-26.515656,-17.10348,-45.525146
-13.160553,-2.3540814,32.602764
0.19455001,12.395316,110.730675
1.571482,24.66827,97.864204
2.9484138,36.941223,84.99773
15.341255,15.236533,15.63591
27.734097,-6.4681587,-53.72591
20.636015,-19.153236,-54.58902
13.537933,-31.838316,-55.452133
2.4403439,-23.006363,-70.32109
-8.657247,-14.174412,-85.19005
-4.764181,-13.32606,-49.063004
-0.8711162,-12.477709,-12.935957
-11.497267,3.8883574,55.69453
-22.123417,20.254425,124.32501
-23.777554,36.63975,94.46569
-25.431692,53.025078,64.60637
-9.620893,35.429173,-0.24152702
6.190284,17.832846,-65.09097
11.461078,-4.2488017,-59.932884
16.731873,-26.33045,-54.774796
2.9573956,-26.903336,-36.11194
-10.817081,-27.476221,-17.449081
-16.642174,-30.54466,-16.278664
-22.467266,-33.6131,-15.108247
-23.84748,-23.678274,1.575897
-25.227697,-13.743447,18.26004
-21.665344,5.696345,35.464775
-18.102993,25.136137,52.669514
-8.597852,26.083513,54.39937
0.9072896,27.03089,56.129227
2.8571968,18.487051,18.88419
4.807104,9.943213,-18.360847
16.204107,-0.09281665,-54.08395
27.60111,-10.128847,-89.80705
28.446335,-10.659154,-62.5096
29.291557,-11.189462,-35.21215
12.583784,-5.715827,7.6095257
-4.1239896,-0.24219194,50.431202
-14.387934,6.734271,37.78362
-24.651878,13.710734,25.136038
-18.975231,12.688831,17.524284
-13.298585,11.666929,9.912529
-8.183024,9.644467,14.838793
-3.0675852,7.6220546,19.76494
-4.013406,3.0957112,3.2290757
-4.959226,-1.4306325,-13.306788
-1.9656389,-11.964865,-24.805487
1.0279483,-22.499098,-36.304184
-4.537849,-17.54466,-31.765205
-10.103646,-12.590225,-27.226223
-13.227043,-8.149095,-16.146189
-16.350441,-3.7079647,-5.0661516
-13.528576,-0.7807092,7.5608373
-10.706712,2.1465464,20.187826
-10.935224,6.559951,26.368155
-11.163735,10.973355,32.54848
3.5630388,5.872697,19.28689
18.289814,0.7720385,6.0252986
30.977612,-1.8434389,0.3242602
43.66541,-4.458916,-5.376778
37.81792,-2.0902274,-14.015906
31.970432,0.2784616,-22.655035
19.587753,0.13039257,-18.230268
7.2050757,-0.01767647,-13.805502
-6.7157764,1.3166728,5.1865716
-20.63663,2.651022,24.178646
-23.59943,5.9667974,9.242307
-26.562302,9.282652,-5.694389
-18.569523,7.078525,-4.5557165
-10.576747,4.8743978,-3.4170446
-10.628504,2.1482534,5.8002043
-10.680262,-0.57789105,15.017453
-7.2748456,-11.82847,-0.18353345
-3.8694298,-23.079048,-15.384521
-1.5039768,-28.355692,-16.000498
0.86147624,-33.63233,-16.616474
-4.3095226,-22.434462,-1.6435016
-9.480522,-11.236589,13.329472
-3.184025,-3.0610037,16.895905
3.1124716,5.1145816,20.462336
12.380593,9.272575,11.626087
21.648716,13.43057,2.7898378
19.891916,19.57542,-4.9464693
18.135117,25.720272,-12.682776
15.355142,27.854685,-11.316921
12.575166,29.9891,-9.951066
11.271733,18.11312,2.0197246
9.9683,6.23714,13.990515
5.1394835,-3.6515963,13.569314
0.3106672,-13.540333,13.148113
-0.5464611,-15.945057,0.8374256
-1.4035894,-18.349781,-11.473262
-1.7923276,-18.272799,-10.671462
-2.1810567,-18.195818,-9.86968
-8.104532,-11.137598,1.046784
-14.028008,-4.0793786,11.963249
-13.98867,0.46123716,11.496844
-13.949332,5.001853,11.030439
-12.948356,2.0267794,7.1830864
-11.947378,-0.9482941,3.3357334
-12.484347,-6.4369845,2.6084177
-13.0213175,-11.925674,1.881102
-3.0943563,-8.425577,2.2741334
6.832605,-4.925479,2.667165
11.226133,2.0664465,4.680438
15.619661,9.058372,6.6937113
17.481932,11.04539,6.826646
19.344202,13.032409,6.9595804
20.175776,15.517059,14.210796
21.007349,18.00171,21.462013
15.806589,19.984938,18.828775
10.605829,21.968164,16.195538
13.868919,20.948744,9.173304
17.13201,19.929321,2.1510706
15.353181,15.403617,3.2337127
13.574352,10.877912,4.316355
8.246149,2.3403337,-8.002863
2.9178197,-6.197448,-20.322374
0.031269975,-10.253798,-14.050329
-2.85528,-14.310146,-7.778283
-11.309412,-12.891526,8.079451
-19.763544,-11.472906,23.937185
-17.793877,-5.584539,16.875027
-15.82421,0.3038282,9.812868
-10.937824,2.1577146,2.3242462
-6.0514383,4.011601,-5.164376
-4.253819,-0.17285478,-7.0869484
-2.4562,-4.357311,-9.0095215
-0.75182813,-10.0838175,-12.37338
0.95254356,-15.810326,-15.737239
2.059561,-18.581854,-11.048667
3.1665785,-21.353384,-6.3600955
4.672067,-13.671339,-0.6241551
6.1775556,-5.9892955,5.1117854
6.576933,7.1464777,0.3907693
6.9763103,20.282251,-4.330247
6.264335,22.372156,-1.512337
5.55236,24.462063,1.3055729
4.7230396,13.505119,10.658187
3.8937197,2.5481772,20.0108
2.4404047,-5.4583077,17.893179
0.98708946,-13.464793,15.775558
-0.59731483,-13.024034,1.1812539
-2.1816814,-12.583285,-13.412703
-1.4043514,-7.6977334,-17.9904
-0.62702125,-2.8121817,-22.568098
-2.4950948,-0.48320606,-11.135735
-4.3631682,1.8457696,0.29662916
-9.383425,-0.3826098,2.233996
-14.403682,-2.6109893,4.1713624
-16.08207,-6.397242,7.6092563
-17.760456,-10.183495,11.047151
-13.10148,-11.527631,7.48069
-8.442502,-12.871767,3.9142294
-6.9490404,-10.772781,-8.662075
-5.455578,-8.673796,-21.23838
-4.6292415,-7.1294203,-15.829835
-3.8029048,-5.5850453,-10.42129
2.355407,-4.0919285,-2.5321274
8.513719,-2.5988119,5.3570356
10.503159,3.347043,6.223485
12.492599,9.292898,7.089935
15.311547,15.195396,7.4302983
18.130497,21.097895,7.7706623
12.275891,18.959837,6.08087
6.421287,16.82178,4.391078
-1.6112733,7.144312,-4.333501
-9.644025,-2.533386,-13.058288
-12.85977,-8.250799,-18.322508
-16.075514,-13.968212,-23.586727
-21.478561,-10.225844,-15.893912
-26.881607,-6.483477,-8.201097
-22.97417,-4.2808957,-2.5529568
-19.066732,-2.078314,3.0951827
-9.348588,-5.9141808,8.697953
0.36955664,-9.750048,14.300723
3.4004345,-6.6222825,14.857157
6.431312,-3.4945166,15.413591
2.7775452,-2.400344,0.9216423
-0.8762218,-1.306171,-13.570307
1.2878242,-4.742225,-20.613241
3.45187,-8.178279,-27.656178
13.435732,-7.640635,-18.251722
23.419594,-7.102991,-8.847268
21.724197,-2.5870638,2.5047255
20.028803,1.9288634,13.856719
14.653175,10.928042,14.657234
9.277547,19.927223,15.457749
5.7187014,19.91404,13.207041
2.1598554,19.900856,10.956333
-7.5863724,13.878067,7.6531873
-17.332602,7.855278,4.350042
-22.770226,2.3237805,-9.507981
-28.20772,-3.207585,-23.365673
-25.338827,-6.7476654,-27.28021
-22.469934,-10.287745,-31.194748
-21.79408,-7.3363748,-18.16604
-21.118229,-4.385004,-5.1373305
-25.631937,-5.4413714,3.836777
-30.145643,-6.497739,12.810884
-24.342424,-7.5602098,13.733427
-18.539204,-8.622681,14.65597
-3.9098177,-7.6887727,11.5292635
10.719569,-6.7548647,8.402556
12.185901,-5.8212028,6.2275715
13.652232,-4.887541,4.052586
15.966028,-1.4499741,-3.6707006
18.279825,1.9875927,-11.393987
22.449993,1.4336556,-11.165723
26.620163,0.8797184,-10.937458
22.653257,2.8389158,-6.757085
18.686354,4.7981133,-2.5767117
15.586315,9.774753,-2.9427257
12.486279,14.751391,-3.30874
8.254771,15.248925,10.780824
4.0232635,15.74646,24.870388
0.66050214,15.766873,19.91698
-2.7023394,15.787288,14.963455
-5.1968403,12.830755,0.9669369
-7.691341,9.874222,-13.029581
-14.817631,3.9392712,-10.070164
-21.94392,-1.9956797,-7.1107473
-24.200779,-3.4115024,-8.6961565
-26.457638,-4.827325,-10.281567
-24.341547,-2.7266557,-7.911573
-22.225458,-0.6259865,-5.5415792
-18.230104,-0.51122713,-1.2149961
-14.23475,-0.3964678,3.111587
-10.351272,-2.269779,1.8964825
-6.4677944,-4.14309,0.6813777
-0.6855994,-5.00638,-0.5735916
5.096596,-5.86967,-1.8285608
12.288714,-7.224385,-0.12161277
19.480833,-8.579099,1.5853354
18.093414,-6.4259725,0.755974
16.705997,-4.2728457,-0.07338735
15.747917,0.38810214,-5.4372206
14.789838,5.04905,-10.801054
13.267981,6.71809,-6.1972027
11.746124,8.38713,-1.5933512
5.165646,4.0642366,-1.0191078
-1.4148316,-0.25865647,-0.44486442
-4.549854,-0.5740162,-3.397079
-7.6848016,-0.8893684,-6.349223
-7.3703003,3.3019624,8.675529
-7.0557995,7.4932933,23.700281
-1.7873126,9.1901245,27.70465
3.4811742,10.886955,31.70902
1.7086223,9.587372,10.193882
-0.06392961,8.287788,-11.321258
-7.872303,0.4889333,-19.35665
-15.680676,-7.3099217,-27.392042
-16.019085,-8.611387,-14.448208
-16.357492,-9.912853,-1.5043726
-12.718854,-6.719932,2.919553
-9.0802145,-3.5270114,7.3434787
-2.955927,-0.84198076,6.7490983
3.1683612,1.84305,6.1547184
7.287774,5.018326,6.5433044
11.4071865,8.193602,6.9318905
12.031008,5.8570757,0.8040321
12.654829,3.5205493,-5.3238263
16.791216,1.1696568,-8.467857
20.927603,-1.1812358,-11.61189
14.083024,0.9505179,-2.7715225
7.2384458,3.0822716,6.0688443
-3.582084,3.693427,4.394649
-14.402871,4.3045974,2.7204134
-18.195196,5.8916035,4.0326276
-21.987522,7.4786096,5.3448415
-20.245981,4.537357,13.64393
-18.50444,1.5961038,21.94302
-10.721467,0.6219317,11.728346
-2.9384942,-0.35224044,1.5136725
-0.10478311,0.6356633,-5.2165756
2.7289279,1.623567,-11.946824
7.123399,-6.431488,-8.19485
11.517869,-14.486543,-4.4428763
16.982693,-19.08903,0.28955844
22.447517,-23.691515,5.021993
18.990858,-16.34446,3.2335298
15.534199,-8.997403,1.4450667
11.662236,-1.70204,1.134292
7.790274,5.5933237,0.82351744
11.5073,7.8367853,8.9886675
15.224326,10.080247,17.153816
17.532972,14.771335,13.792384
19.841618,19.462421,10.430951
15.242726,20.09931,-1.4606365
10.643835,20.736197,-13.352224
5.6364427,10.315139,-11.278084
0.62905025,-0.10592003,-9.203942
-5.7890506,-10.090295,-2.6676867
-12.206999,-20.07443,3.8684132
-11.537836,-24.627073,2.3635776
-10.868673,-29.179716,0.85874194
-7.113668,-22.804108,2.309997
-3.3586626,-16.428501,3.7612524
-4.5181193,-7.1255064,4.6654515
-5.677576,2.1774883,5.569651
-11.250897,4.9087224,4.923206
-16.824219,7.639956,4.276761
-17.30968,7.300628,-4.4243345
-17.795143,6.961301,-13.12543
-9.689462,3.5520933,-18.884983
-1.5837791,0.14288592,-24.644537
5.617693,-3.3360546,-16.465078
12.819164,-6.8149953,-8.285619
19.121233,-5.863555,3.3320003
25.423304,-4.9121146,14.949619
28.32932,-1.5297785,19.005163
31.23534,1.8525577,23.060705
29.245884,7.1665916,11.052972
27.25643,12.480626,-0.9547629
18.368782,13.726772,1.4715358
9.481134,14.9729185,3.8978345
-4.3098717,13.150449,0.7546157
-18.101208,11.327936,-2.388678
-25.301956,7.934557,-14.605125
-32.502705,4.541178,-26.821573
-32.617474,0.5734466,-17.613947
-32.73224,-3.394285,-8.406319
-30.2622,-4.940363,0.22415064
-27.79216,-6.4864407,8.85462
-21.234804,-10.114618,8.907603
-14.677448,-13.742797,8.9605875
-6.5272326,-13.955913,1.4355825
1.6229829,-14.169027,-6.089422
8.373249,-11.468528,-12.193216
15.123514,-8.768029,-18.297012
17.480993,-5.153929,-11.479852
19.838474,-1.5398294,-4.662692
19.308914,3.488802,5.0761776
18.779354,8.517433,14.815047
18.866348,11.461606,8.47674
18.95334,14.405779,2.1384332
24.158031,13.265673,-2.2763567
29.36272,12.1255665,-6.691147
26.683512,8.900004,0.81788874
24.004301,5.674443,8.326924
11.436728,1.8609985,-3.2399187
-1.1308463,-1.9524459,-14.806762
-6.09338,-11.356848,-19.44879
-11.055795,-20.761026,-24.090706
-16.92011,-25.25842,-17.805725
-22.784428,-29.755817,-11.520743
-25.056234,-27.346458,1.1950566
-27.32804,-24.9371,13.910857
-27.010489,-18.118193,16.562168
-26.692938,-11.299286,19.213478
-24.786083,-5.565415,-2.1955311
-22.87923,0.16845554,-23.60454
-12.380107,0.32424027,-15.570148
-1.8809835,0.480025,-7.5357566
0.21554315,2.565165,-1.5536444
2.31207,4.650305,4.428468
11.511913,1.6721665,-0.6365295
20.711758,-1.305972,-5.701527
31.519981,-1.8401982,7.191769
42.328205,-2.3744245,20.085066
39.24723,-0.45757255,10.941603
36.166256,1.4592793,1.7981405
33.694466,0.3344514,-7.377858
31.222681,-0.7903765,-16.553858
21.854204,-0.9495923,-8.758314
12.485728,-1.1088082,-0.9627711
3.2115192,-0.29508922,-2.1909716
-6.0629106,0.5186491,-3.4192014
-13.253726,-0.18728907,-4.665771
-20.444542,-0.8932273,-5.912341
-30.561895,-3.6113496,-1.6713771
-40.679253,-6.3294716,2.5695872
-38.23058,-9.551963,2.3042705
-35.78191,-12.774453,2.0389538
-28.770761,-16.992609,-3.726357
-21.759611,-21.210764,-9.491668
-15.1856575,-21.414242,-10.250432
-8.611704,-21.617718,-11.009196
-1.971929,-17.29395,-2.7542098
4.6678457,-12.970178,5.500777
7.377601,-4.604433,4.7773137
10.087357,3.7613118,4.05385
14.871004,12.684924,0.85978824
19.654652,21.608536,-2.3342738
19.51478,24.105423,2.5086558
19.374908,26.602308,7.3515854
20.31206,28.185778,7.23875
21.24921,29.769245,7.1259146
24.261436,27.449516,8.06396
27.273664,25.129787,9.002006
21.356287,19.913778,9.996662
15.43891,14.697767,10.991319
6.5845766,10.089512,8.547191
-2.269545,5.481367,6.1031218
-13.069358,1.9831953,4.7238307
-23.86917,-1.5149764,3.3445396
-28.122892,-2.9017344,-2.9671156
-32.376614,-4.2884927,-9.278771
-31.090248,-7.5624485,-7.520061
-29.803885,-10.836404,-5.761351
-28.480001,-11.495528,4.0708084
-27.156118,-12.154653,13.902968
-21.793707,-9.695822,15.811624
-16.431295,-7.236992,17.720278
-10.026336,-7.155858,7.2075453
-3.6213748,-7.074724,-3.305188
4.8320208,-5.8658733,-12.73814
13.285416,-4.657022,-22.171093
21.293385,-3.3142247,-9.02294
29.301352,-1.9714274,4.1252127
31.86846,4.5120187,13.356494
34.43557,10.995464,22.587774
35.06326,20.125982,17.903923
35.690952,29.256498,13.220073
27.876755,31.53891,12.621304
20.062557,33.82132,12.022534
13.300413,31.757475,4.5074353
6.5381074,29.693579,-3.0078428
1.8192023,22.781605,-5.441952
-2.8997025,15.869632,-7.8760614
-12.084898,9.104533,-3.7316885
-21.270092,2.339435,0.41268474
-25.930508,-2.2857714,1.6332787
-30.590923,-6.910978,2.8538728
-30.733248,-10.403789,3.6485524
-30.875572,-13.896601,4.443232
-26.003237,-14.763828,1.8096447
-21.130901,-15.631057,-0.82394284
-15.744016,-12.878094,-7.388317
-10.35713,-10.12513,-13.952692
-5.953267,-9.255759,-9.950011
-1.5494044,-8.386389,-5.9473314
4.3752217,-8.402991,-2.878924
10.299848,-8.419594,0.1894839
13.249135,-2.3234825,0.3230061
16.198423,3.7726288,0.45652828
16.675276,5.9806967,4.1547627
17.152128,8.188765,7.852997
18.65768,7.507875,9.115233
20.163233,6.8269844,10.377469
20.196434,9.755471,6.7022634
20.229637,12.683957,3.027057
20.287035,14.719043,-7.587852
20.34443,16.75408,-18.202509
13.920155,11.391468,-8.258973
7.4958787,6.0288568,1.6845624
-2.4178255,0.26294047,3.1848998
-12.33153,-5.5029755,4.6852374
-14.243052,-9.178463,0.24121484
-16.154573,-12.8539505,-4.202808
-21.07141,-15.444793,1.407594
-25.988243,-18.035635,7.0179954
-24.915798,-14.046244,-7.3184075
-23.843351,-10.056851,-21.65481
-18.784353,-9.489958,-11.438793
-13.725355,-8.923064,-1.2227757
-10.679981,-7.7799306,-0.95423895
-7.634606,-6.6367965,-0.68570226
-0.101254106,-2.4176145,-6.8637424
7.432098,1.8015677,-13.041782
9.455681,1.0972165,-1.6649221
11.479263,0.39286536,9.711938
13.994839,0.76557153,5.645502
16.510414,1.1382778,1.5790663
21.518307,4.088518,4.0709953
26.5262,7.0387588,6.5629244
24.02457,9.066599,7.1143303
21.52288,11.094487,7.6657495
19.007141,13.69922,4.7770753
16.4914,16.303951,1.8884009
10.45453,15.48342,0.059445713
4.417659,14.6628895,-1.7695096
-5.1490746,11.913261,-4.039215
-14.715808,9.163633,-6.308921
-18.821386,6.479472,-3.5196793
-22.926966,3.7953112,-0.73043776
-24.579027,-1.3299056,1.1177858
-26.231089,-6.4551225,2.9660094
-26.434732,-11.528166,-0.12657233
-26.638376,-16.60121,-3.219154
-24.395628,-20.128033,-8.252191
-22.152882,-23.654854,-13.285227
-18.462706,-22.639545,-10.25783
-14.772529,-21.624237,-7.2304325
-12.131268,-16.068443,-1.640817
-9.490006,-10.512649,3.9487984
-3.8921232,-2.4158432,4.6030345
1.7057604,5.680962,5.2572703
9.766693,9.8203745,4.978472
17.827627,13.959786,4.6996737
19.357647,14.143084,2.9897153
20.887667,14.326381,1.2797567
24.891161,15.553523,-0.8599471
28.89456,16.780636,-2.9996
24.37316,14.049769,1.4322424
19.851757,11.318903,5.8640847
9.304467,6.6265025,2.3685765
-1.2428225,1.9341018,-1.1269315
-8.318883,-0.22458662,-4.0487623
-15.394943,-2.383275,-6.970593
-23.502718,-4.5134544,-2.8176184
-31.61049,-6.6436343,1.3353565
-33.25105,-10.250229,2.0645182
-34.891605,-13.856823,2.79368
-32.562714,-17.943777,-1.8994612
-30.233818,-22.030733,-6.5926023
-26.42936,-23.100235,-13.706285
-22.624899,-24.169737,-20.819967
-17.83519,-23.721514,-15.851481
-13.045481,-23.273289,-10.882996
-9.258099,-19.804272,-5.328127
-5.4707174,-16.335255,0.22674182
2.328409,-9.839818,0.3734106
10.127535,-3.3443801,0.5200794
16.952818,-0.31512344,2.764404
23.778101,2.7141333,5.0087285
28.642685,7.285226,11.356247
33.507385,11.856428,17.703917
34.42187,17.977083,22.159378
35.336353,24.097736,26.614838
32.30743,29.273874,20.180828
29.278503,34.450012,13.746817
25.308931,33.684742,4.923751
21.339361,32.919476,-3.8993142
14.928428,23.21231,-4.612472
8.517496,13.505146,-5.3256297
6.161992,5.852368,1.0697342
3.8064888,-1.8004106,7.4650984
-2.9981368,-4.4043446,10.967516
-9.802762,-7.0082784,14.469934
-18.561152,-9.069199,6.577341
-27.319542,-11.130119,-1.3152516
-27.534992,-11.653134,-6.6056576
-27.75044,-12.176148,-11.896064
-27.423601,-14.165099,-10.087098
-27.09676,-16.15405,-8.278133
-18.225122,-15.111186,-8.3717985
-9.353483,-14.068323,-8.465464
1.5680141,-7.994211,5.5371227
12.4895115,-1.9200996,19.53971
14.9669075,3.1859524,21.137388
17.444304,8.292005,22.73507
22.482853,12.431006,4.925272
27.521282,16.56991,-12.8841
29.62381,15.741868,-12.60442
31.72634,14.913826,-12.32474
29.39271,10.117361,-6.4591374
27.059078,5.3208966,-0.5935343
23.785593,3.0531235,6.35537
20.512108,0.7853502,13.304275
15.291867,-0.4574761,14.833829
10.071626,-1.7003025,16.363382
-1.6045431,-0.9221925,7.9699154
-13.280712,-0.14408255,-0.42355216
-21.922653,2.1509364,-2.744841
-30.564596,4.4459553,-5.0661297
-33.18077,5.253723,-4.3204503
-35.796944,6.061491,-3.5747705
-35.39264,2.3774767,-6.267027
-34.98833,-1.3065377,-8.959284
-26.064861,-3.9871953,-7.593721
-17.14139,-6.667853,-6.228159
-8.696524,-5.8499293,5.6916075
-0.25165623,-5.032006,17.611374
6.218929,-0.71984106,18.581625
12.689513,3.5923238,19.551876
18.190313,9.394546,4.5679793
23.691242,15.196905,-10.416275
27.725502,13.484679,-11.360489
31.759764,11.772453,-12.304702
28.327835,8.539869,-4.714763
24.895908,5.3072853,2.8751755
19.994976,4.54725,4.4941707
15.094046,3.7872138,6.1131663
7.7184677,2.9917583,5.756221
0.34288958,2.1963027,5.399276
-7.0146146,1.3569503,-7.4388995
-14.372119,0.5175979,-20.277075
-14.718945,-3.8743434,-15.601515
-15.06577,-8.266285,-10.925956
-17.90813,-14.219213,-7.240592
-20.750492,-20.17214,-3.5552278
-14.592731,-25.693222,-3.3627455
-8.43497,-31.214302,-3.1702633
-7.7795477,-28.308323,10.527228
-7.1241255,-25.402342,24.22472
-9.472024,-15.071089,5.4248037
-11.819922,-4.7398357,-13.375113
-5.1710014,2.5173035,-16.175297
1.4779195,9.774443,-18.975483
1.6245832,13.958897,-2.778412
1.7712469,18.14335,13.418657
7.416844,19.755718,13.6111
13.062306,21.368048,13.803538
18.707188,17.906965,14.988974
24.35207,14.445886,16.17441
21.4952,9.9079075,8.349034
18.638327,5.369929,0.5236586
12.776394,2.749924,-7.8175216
6.9144597,0.12991948,-16.158703
0.54224056,-2.0780826,-17.020676
-5.8299785,-4.2860847,-17.882648
-12.218477,-6.088147,-15.769116
-18.606977,-7.8902097,-13.655584
-20.517078,-14.791822,-9.5684395
-22.427181,-21.693436,-5.4812937
-18.862387,-24.198696,8.578899
-15.297591,-26.703957,22.639091
-14.2591305,-20.814709,25.671658
-13.22067,-14.925461,28.704222
-9.207754,-9.141055,6.706919
-5.1948376,-3.3566504,-15.290384
2.2946868,3.825287,-23.321087
9.784211,11.007224,-31.35179
10.752876,9.589494,-19.918734
11.721541,8.171764,-8.485677
15.671118,9.156525,3.910018
19.620789,10.141309,16.306007
24.051533,12.529617,28.66433
28.482279,14.917925,41.02265
25.391876,14.7094,27.3415
22.301472,14.500875,13.660347
20.184765,15.19349,-4.0648613
18.068056,15.886104,-21.79007
11.917183,12.976022,-20.56514
5.7663083,10.06594,-19.34021
-4.9284234,5.547686,-23.169851
-15.623156,1.0294324,-26.999495
-19.87177,-9.603427,-11.386124
-24.120384,-20.236288,4.227247
-26.931505,-23.489832,11.282987
-29.742626,-26.743376,18.338726
-28.622152,-23.121853,13.3363495
-27.501677,-19.500332,8.333972
-22.952223,-14.505421,10.771845
-18.40277,-9.5105095,13.209718
-12.423911,-1.141736,-3.415048
-6.445053,7.227038,-20.039814
-2.5342157,8.9711075,-19.230362
1.3766217,10.715177,-18.42091
4.7230034,11.835648,-8.179359
8.069385,12.956119,2.0621908
12.354824,12.952935,7.235011
16.640162,12.949751,12.407708
16.366999,11.321372,19.510824
16.093836,9.692993,26.613941
18.262856,12.936351,25.645033
20.431877,16.179708,24.676125
12.541794,20.790064,2.130543
4.651712,25.40042,-20.41504
-3.3004098,7.8711495,-41.542908
-11.252532,-9.658121,-62.670776
-15.270112,-27.334763,-53.884243
-19.287693,-45.011402,-45.097713
-23.373108,-40.84193,-9.8954935
-27.458523,-36.67246,25.306726
-23.11192,-19.160011,75.4284
-18.765316,-1.6475616,125.550064
-15.984163,15.207741,86.09135
-13.2030115,32.06304,46.632637
-4.4825096,18.761604,-20.413397
4.237993,5.4601665,-87.459435
5.90388,-3.9988384,-82.102715
7.5697675,-13.457843,-76.746
3.6871998,-8.076047,-58.99207
-0.19536774,-2.6942513,-41.238136
5.3792386,-6.972853,2.4138734
10.953978,-11.251557,46.066925
5.990974,1.3088409,77.12218
1.02797,13.869239,108.17742
0.03177932,22.268232,63.135704
-0.9644113,30.667225,18.093988
13.01013,10.903187,-24.550627
26.984673,-8.860851,-67.195244
25.93275,-23.790754,-54.45085
24.88083,-38.720657,-41.706463
5.3033395,-34.31846,-30.577967
-14.274152,-29.916264,-19.44947
-24.377611,-23.181086,-17.9371
-34.48107,-16.445908,-16.424728
-35.10986,-3.8737247,4.4743457
-35.738644,8.698459,25.37342
-29.888935,21.113146,40.16251
-24.039227,33.527832,54.951603
-11.703577,28.789627,39.13159
0.63207215,24.05142,23.31158
9.963454,9.162494,-9.120305
19.294836,-5.7264333,-41.55219
28.131851,-18.765728,-53.59992
36.96887,-31.805021,-65.64765
32.31931,-27.4939,-36.812286
27.669746,-23.182777,-7.976923
6.038048,-7.0181227,20.244884
-15.593136,9.146147,48.466022
-25.703604,16.66853,37.57765
-35.81407,24.190912,26.689272
-25.39989,22.075428,16.692692
-14.985713,19.959942,6.6961136
-2.0408785,14.708857,3.5900478
10.903956,9.457771,0.48398188
12.386956,-2.9285884,-19.234093
13.869957,-15.314948,-38.952168
14.398317,-28.836704,-36.283733
14.926678,-42.35846,-33.6153
9.506218,-38.51387,-13.05908
4.0857577,-34.66928,7.4971404
-5.2789383,-21.953047,16.94478
-14.643635,-9.236812,26.39242
-15.948157,-1.6403126,18.235212
-17.25268,5.9561863,10.078003
-7.991645,8.443148,4.318162
1.2693896,10.930108,-1.4416794
16.602314,12.317561,10.196577
31.935238,13.705015,21.834833
29.845758,17.001774,17.37068
27.75628,20.298532,12.906524
20.247824,15.511714,-7.6615505
12.739189,10.724781,-28.230116
3.8122344,-4.6403174,-45.40426
-5.11472,-20.005417,-62.5784
-12.460827,-26.943682,-50.857002
-19.806934,-33.881947,-39.135605
-17.57257,-23.386715,-1.0126492
-15.338209,-12.891484,37.11031
-9.522257,0.046346292,52.643173
-3.7063043,12.984177,68.17604
7.193717,13.8750105,51.124725
18.093739,14.765843,34.07341
18.080408,12.119605,6.4388723
18.067076,9.473367,-21.195665
10.641768,3.7987,-44.41531
3.2164595,-1.8759661,-67.63496
4.879008,-7.5712633,-50.43981
6.5415564,-13.266561,-33.24467
3.2907324,-3.9746428,5.8694167
0.039908174,5.317275,44.9835
-1.6260433,16.604479,38.52288
-3.2919948,27.891682,32.062256
4.624944,24.181385,16.031721
12.541883,20.471088,0.0011867519
20.039225,8.768515,2.9028363
27.536566,-2.9340582,5.804486
25.610264,-11.125416,2.6388438
23.684006,-19.316578,-0.52672267
13.827647,-20.492884,-10.25937
3.9712873,-21.66919,-19.992018
-3.323726,-17.32528,-22.290836
-10.618739,-12.981368,-24.589655
-12.861673,-4.6099553,-5.9521894
-15.104607,3.7614582,12.685275
-14.803953,11.66883,28.762516
-14.5033,19.5762,44.839756
-8.666061,20.027613,30.859058
-2.8288229,20.479023,16.87836
6.039207,9.480988,-9.160556
14.907237,-1.5170469,-35.19947
21.80028,-10.459418,-37.297775
28.693321,-19.401789,-39.396076
22.104078,-17.783377,-21.052898
15.514835,-16.164965,-2.7097216
2.4338112,-9.479321,6.578582
-10.647213,-2.7936766,15.866884
-11.7308235,4.9670134,18.104942
-12.814433,12.727703,20.342999
-11.911159,13.07154,18.534317
-11.007883,13.415377,16.725636
-8.127086,8.849678,6.8719063
-5.246219,4.2838707,-2.9820573
-1.8960028,-2.6852756,-8.38084
1.4542137,-9.654422,-13.779623
-0.23369671,-12.0210705,-19.723024
-1.9216071,-14.38772,-25.666426
-2.6548867,-13.145223,-22.152569
-3.3881662,-11.902725,-18.638712
-6.1737947,-7.043097,-2.1635854
-8.959424,-2.1834688,14.311542
-9.303817,5.802321,25.253006
-9.648211,13.788111,36.19447
-5.0569363,17.409084,31.606108
-0.46566215,21.030058,27.017744
2.0564523,21.293924,13.4005375
4.5785666,21.55779,-0.21666825
4.526909,17.970064,-14.86401
4.475251,14.3823395,-29.51135
3.3449273,13.446209,-26.690128
2.2146034,12.510079,-23.868906
-0.99966824,12.22673,-4.5786047
-4.2139397,11.943382,14.711696
-5.5175347,10.31235,10.97312
-6.82113,8.681319,7.234543
-4.7190957,5.700781,10.96908
-2.617062,2.720243,14.703616
-4.613902,-1.612596,14.412068
-6.610695,-5.9453316,14.120526
-4.210249,-9.633314,-7.197547
-1.8098035,-13.321296,-28.515621
-1.0154788,-13.866762,-22.36083
-0.22115432,-14.412228,-16.20604
-4.535945,-9.31619,-5.0777507
-8.850736,-4.2201524,6.0505385
-6.7772026,-0.982369,8.154237
-4.7036695,2.2554145,10.257936
0.25616983,0.6358785,6.839052
5.216009,-0.98365754,3.4201689
5.5604277,-2.4593782,-1.5198892
5.904846,-3.935099,-6.4599476
4.6318774,-3.2657168,-8.920011
3.3589087,-2.5963347,-11.3800745
2.466064,-0.28029913,-10.358428
1.5732191,2.0357366,-9.3367815
-0.4424039,3.0001347,-0.8307672
-2.458027,3.9645329,7.675247
-2.0994651,5.0788465,8.6688175
-1.7409035,6.19316,9.662388
-2.511074,7.9584417,10.64633
-3.2812445,9.723723,11.630271
-5.182737,8.140257,10.106364
-7.0842743,6.5567536,8.58242
-5.1192703,3.6238744,3.5512235
-3.154267,0.69099545,-1.4799737
-5.8242674,0.9074029,-3.5186014
-8.494268,1.1238103,-5.557229
-9.800046,-1.5121323,-10.60344
-11.1058235,-4.1480746,-15.649651
-9.047196,-6.137936,-8.20286
-6.988569,-8.127797,-0.7560692
-5.564288,-4.9727216,8.185118
-4.140008,-1.8176465,17.126305
-0.8479739,1.9817348,14.0632305
2.4440603,5.781116,11.000156
5.606304,5.2243276,6.4331436
8.768548,4.667539,1.866131
9.803168,2.2538095,1.7943845
10.837789,-0.15992002,1.7226379
4.246174,0.068254136,0.6447442
-2.345441,0.2964283,-0.43314952
-5.562564,-1.3348192,-7.018709
-8.779686,-2.9660666,-13.604269
-5.1216006,-1.4580138,-11.1985655
-1.4635148,0.050038952,-8.792863
-2.929023,1.1962252,-1.396101
-4.3945312,2.3424113,6.000661
-0.48191592,3.625556,8.888875
3.4306061,4.90867,11.7770195
5.223081,5.827257,10.656632
7.015556,6.745844,9.536245
3.689532,2.2979043,2.9063644
0.3635081,-2.1500356,-3.7235167
-1.5798067,-3.9668632,-7.36448
-3.5231216,-5.783691,-11.005444
-7.082589,-6.4716787,-11.658853
-10.642056,-7.159667,-12.312262
-6.8160825,-2.7205906,-7.978505
-2.9901087,1.7184858,-3.6447487
1.2235599,7.2832317,7.676701
5.4372287,12.847978,18.998152
3.541163,13.036679,16.807756
1.6450976,13.225382,14.617362
0.64174247,10.535252,6.4144588
-0.36161268,7.8451204,-1.788444
-1.9699982,1.7721169,-10.005575
-3.578384,-4.3008866,-18.222706
-2.2894976,-8.761449,-19.955564
-1.0006115,-13.222011,-21.688425
-2.8119173,-14.074432,-11.437028
-4.623223,-14.926854,-1.185631
-4.5318437,-9.674302,2.5515563
-4.4404626,-4.421625,6.288833
-0.9431222,-1.5658004,8.014083
2.554218,1.2900243,9.739333
0.96107835,0.74797004,11.454287
-0.63206136,0.2059159,13.16924
-3.3119988,2.2650485,3.374576
-5.991936,4.324181,-6.4200883
-9.254719,0.9834333,-16.724253
-12.517501,-2.3573143,-27.028418
-11.858416,-2.5991328,-21.341183
-11.199329,-2.8409514,-15.653949
-11.112442,-1.4849677,-1.4726554
-11.025555,-0.12898394,12.708638
-10.503545,2.3238153,13.887766
-9.981535,4.7766147,15.066894
-5.0158005,5.8251524,10.247223
-0.050066248,6.8736906,5.427552
1.8688691,3.5164757,0.6113281
3.7878044,0.1592609,-4.204896
6.669625,-2.105641,-12.015968
9.551445,-4.3705425,-19.82704
9.405365,-6.0451283,-12.130689
9.259284,-7.7197137,-4.4343367
4.593661,-6.3055534,-0.22716132
-0.07196294,-4.8913927,3.980014
0.75046283,-1.3893796,0.20213445
1.572869,2.11255,-3.5756552
1.8904794,6.201757,3.6658
2.2080898,10.290964,10.907255
-0.4721389,8.966563,9.171979
-3.1523676,7.6421623,7.4367023
-2.8235037,3.4025652,0.22806144
-2.4946399,-0.8370319,-6.9805794
-1.6496001,-3.494037,-8.159588
-0.8045604,-6.1510415,-9.338596
-2.935998,-7.2276893,-5.984653
-5.0674357,-8.304337,-2.63071
-7.667624,-7.3022966,-0.73982304
-10.267813,-6.3002567,1.1510639
-9.328355,-1.7204341,3.5832746
-8.388897,2.8593886,6.0154853
-6.4004498,6.516524,8.993218
-4.412003,10.173659,11.970952
-2.3643293,8.407394,6.4977264
-0.3166553,6.6411304,1.024501
4.8009677,5.4499936,-3.3968973
9.918591,4.258857,-7.818296
10.616703,1.1406039,-6.6852617
11.314816,-1.977649,-5.552228
11.603087,-3.0256433,-3.8617444
11.891366,-4.0736628,-2.1712205
15.278114,-2.5540183,0.08033791
18.664864,-1.0343738,2.3318963
17.1567,3.050524,6.148281
15.648537,7.1354218,9.964665
14.250147,10.78303,6.849308
12.851756,14.430638,3.7339506
10.565942,11.137629,1.689644
8.280127,7.8446193,-0.35466266
4.1081915,5.606499,2.1743429
-0.06374413,3.368379,4.7033486
-1.6213843,1.679672,2.8075948
-3.1790245,-0.009034991,0.9118409
-7.622116,-2.154288,2.5929549
-12.065208,-4.299541,4.274069
-12.392934,-6.9072566,1.0333732
-12.72066,-9.514973,-2.2073221
-10.431074,-9.590517,-3.3686655
-8.141488,-9.666061,-4.530009
-7.231337,-5.713903,-1.1107523
-6.3211865,-1.7617447,2.308504
-5.7861032,-2.2854877,3.309751
-5.25102,-2.8092306,4.310998
-3.5858057,-3.3119013,3.895514
-1.9205915,-3.814572,3.48003
1.3805244,-1.7987921,0.6487289
4.6815615,0.2169398,-2.182505
7.124314,4.2486863,1.5711014
9.567066,8.280433,5.3247075
11.656782,9.825518,7.6635594
13.746498,11.370602,10.002411
14.987326,9.425589,5.9263434
16.228153,7.4805756,1.8502756
16.122625,5.540973,-0.14153829
16.017096,3.601371,-2.1333523
17.06583,0.66181916,4.957792
18.114565,-2.2777328,12.048936
14.316161,-1.7230072,11.721238
10.517759,-1.1682816,11.393541
7.3689775,-2.1250546,2.1443887
4.2201953,-3.0818274,-7.104764
4.7164307,-2.5556645,-3.7786565
5.2126665,-2.0295017,-0.45254898
0.34851784,-0.025721235,-2.5545328
-4.5156307,1.9780592,-4.6565166
-3.2458668,0.45428634,-3.1896286
-1.9761028,-1.0694865,-1.7227408
-4.0780044,-1.1259457,4.810235
-6.179906,-1.182405,11.343211
-7.6585736,-3.2765756,-1.06038
-9.137277,-5.370796,-13.464267
-2.9972157,-9.507429,-17.307379
3.1428452,-13.644062,-21.15049
3.3976946,-12.827014,-14.434619
3.6525443,-12.009967,-7.7187476
5.018247,-9.741865,-1.943998
6.38395,-7.4737644,3.8307517
7.356107,-5.255946,8.66518
8.328264,-3.038128,13.499608
8.901702,0.6289682,11.394248
9.47514,4.2960644,9.288887
8.143714,3.412315,6.243259
6.8122888,2.5285656,3.197631
5.5688524,0.093738794,-0.7896949
4.3254156,-2.341088,-4.777021
1.6620109,-2.8273547,-8.707773
-1.001394,-3.313621,-12.638526
-4.5931206,-1.851586,-12.513889
-8.184847,-0.3895509,-12.389253
-6.7130933,1.5207223,-2.7093596
-5.2413387,3.4309952,6.970534
-10.213635,3.289451,12.706205
-15.185933,3.1479065,18.441875
-16.608685,2.4542537,8.233443
-18.031437,1.7606008,-1.9749892
-12.409422,-1.4857608,-8.128296
-6.787541,-4.732045,-14.281455
-8.624077,-8.03157,-13.380179
-10.460613,-11.331097,-12.478903
-8.757432,-9.1838045,-11.522747
-7.0542502,-7.036513,-10.56659
-4.3120713,-1.9415212,-1.0538663
-1.5698929,3.1534708,8.458858
-2.2886512,6.6975894,9.530485
-3.0074096,10.241708,10.602114
1.3133875,10.736133,7.734645
5.6341844,11.230557,4.867176
7.495025,11.175503,4.0617504
9.355866,11.120448,3.2563248
7.2567472,5.514907,-2.9865751
5.1576285,-0.09063393,-9.229475
2.597792,-3.7485611,-5.409453
0.037955254,-7.4064884,-1.5894309
-1.9839069,-6.118865,0.79422736
-4.005769,-4.831241,3.1778858
-4.9910283,-5.0996723,1.126141
-5.976288,-5.3681035,-0.9256038
-6.9259214,-3.6935508,0.08820205
-7.8755546,-2.0189981,1.1020079
-6.7898536,-4.4018164,0.6822428
-5.704127,-6.784692,0.26246774
-2.5825806,-8.724725,-2.590018
0.53896546,-10.664757,-5.442504
0.19737405,-8.660952,-4.226691
-0.14421736,-6.657146,-3.0108776
-0.9476823,-4.2075253,-1.2254217
-1.7511473,-1.757905,0.56003404
-0.015145962,1.1402303,-0.5832179
1.7208554,4.0383654,-1.7264699
3.9976423,7.38788,3.703313
6.2744293,10.737394,9.133096
7.59303,12.54062,9.637379
8.911631,14.343845,10.141661
7.272415,13.601949,5.7212
5.633199,12.860051,1.3007386
4.035712,10.572685,0.9554954
2.4382238,8.28532,0.61025226
-2.1186075,5.950715,-2.1602418
-6.6754394,3.6161098,-4.9307356
-9.6927395,-0.26849148,-6.126887
-12.710039,-4.153093,-7.3230376
-10.688273,-5.0908,2.5550826
-8.666507,-6.0285068,12.433203
-9.105005,-6.5221686,13.385515
-9.543504,-7.01583,14.337828
-7.940373,-8.067632,3.3634157
-6.33728,-9.119408,-7.6107345
-3.6896555,-8.230601,-8.013097
-1.0420314,-7.3417945,-8.415459
-0.84629047,-6.012708,-6.2472825
-0.65054953,-4.683622,-4.079106
1.5972251,-4.4137063,0.658836
3.8449996,-4.1437907,5.3967776
5.148667,-2.931831,4.704026
6.4523335,-1.7198713,4.011275
9.815294,-1.0641968,1.887187
13.178255,-0.40852237,-0.23690067
15.602938,-0.3072006,2.7066708
18.02762,-0.20587882,5.650242
18.014896,2.8430886,5.660089
18.00217,5.892056,5.6699357
15.550933,7.3904495,6.7441463
13.099694,8.888843,7.818357
9.70686,7.3378506,4.4543242
6.314026,5.7868586,1.0902913
3.4749916,4.1868677,1.2847726
0.63595724,2.586877,1.4792541
-5.154665,-0.06238261,3.2285814
-10.945287,-2.7116423,4.977909
-11.692766,-3.4106877,3.278101
-12.440262,-4.10975,1.5782527
-12.148965,-3.3589733,-2.5750184
-11.857667,-2.6081965,-6.728289
-12.030544,-2.4076073,-8.839235
-12.203422,-2.2070181,-10.950182
-9.84196,-1.056294,-8.022425
-7.4804974,0.09443035,-5.094667
-5.5848756,-0.30416718,-1.6309696
-3.689254,-0.7027647,1.8327278
-0.7587273,0.3499551,3.8301346
2.1717994,1.4026749,5.827542
6.638325,3.9073045,4.8563733
11.104851,6.411934,3.8852053
12.608083,7.8687468,0.9427797
14.111316,9.32556,-1.9996457
15.650824,10.734103,-0.9163288
17.190332,12.142646,0.16698816
15.764007,13.501319,2.7729263
14.337682,14.859991,5.378865
8.941599,12.665731,4.5041304
3.5455163,10.471472,3.6293962
1.1743273,6.719715,1.7703404
-1.1968617,2.9679587,-0.08871534
-4.549157,-0.34697682,-0.4360734
-7.9014525,-3.6619124,-0.7834314
-8.740708,-7.046137,0.8768003
-9.579945,-10.430281,2.5369925
-9.911224,-10.889371,1.2005795
-10.242504,-11.348461,-0.13583344
-9.569802,-8.887126,-0.47314972
-8.897101,-6.425791,-0.810466
-9.723199,-5.547573,-3.1529624
-10.549296,-4.6693554,-5.495459
-10.87574,-3.876887,-8.34713
-11.202184,-3.0844188,-11.198801
-6.0293083,-0.3797447,-6.062999
-0.85643363,2.3249295,-0.92719626
0.31636712,3.4399984,0.19345227
1.4891678,4.555067,1.3141007
4.662867,3.0785882,1.4173518
7.8365664,1.6021093,1.5206028
9.511849,3.0317922,0.10423074
11.187132,4.461475,-1.3121414
10.86384,5.294605,-0.2504331
10.540548,6.1277347,0.81127524
9.21735,8.361027,0.34874687
7.8941517,10.594318,-0.113781534
3.568566,9.223653,-4.602798
-0.7570195,7.8529882,-9.091814
-3.588155,2.8733516,-5.6093197
-6.4193583,-2.1064036,-2.1267421
-8.759314,-4.7008295,-3.174089
-11.099269,-7.2952557,-4.2214355
-10.950517,-10.010013,-2.7995715
-10.8017645,-12.724771,-1.3777075
-10.1656685,-14.564586,-0.4871628
-9.5295725,-16.404402,0.40338188
-6.9062605,-15.872523,0.26227716
-4.282948,-15.340647,0.12117243
-1.1715528,-10.938566,0.44813567
1.9398425,-6.5364866,0.7750989
6.040631,-3.7641478,-3.4301245
10.141418,-0.9918085,-7.635348
12.73259,1.651761,-2.3728392
15.323762,4.2953305,2.8896692
15.905192,7.8112497,5.1200137
16.486624,11.327168,7.3503585
15.556508,11.715987,6.5484653
14.626391,12.104806,5.746572
13.681027,10.365967,3.9117947
12.735662,8.627129,2.077017
10.269567,5.7588263,-0.79185045
7.8034697,2.890524,-3.660718
1.3097656,0.3900034,-4.0650673
-5.183938,-2.110517,-4.4694166
-10.212783,-4.746419,-4.9104004
-15.241507,-7.3822575,-5.351373
-18.3123,-11.15632,-0.8296812
-21.383093,-14.930382,3.6920109
-20.501183,-16.34448,4.1759415
-19.619272,-17.75858,4.659872
-18.287676,-15.812945,2.6054876
-16.956078,-13.867311,0.5511031
-16.175446,-12.060297,-9.542306
-15.394814,-10.253284,-19.635715
-8.163732,-7.08157,-18.768303
-0.93264914,-3.9098556,-17.900892
0.75171876,2.1309965,-6.07143
2.4360867,8.171848,5.758032
4.0771127,12.586499,6.051997
5.718139,17.00115,6.345962
10.818928,17.7934,6.1070814
15.919717,18.585651,5.868201
16.982395,16.257587,3.5985935
18.045073,13.929523,1.328986
18.070112,9.481284,-1.9697492
18.09515,5.033045,-5.2684846
15.080971,1.4632576,-1.0949044
12.066791,-2.1065297,3.0786757
5.009991,-3.2999408,1.2261057
-2.0469763,-4.49338,-0.6265086
-9.151131,-6.8124886,-3.5036817
-16.255283,-9.1315975,-6.3808546
-17.911037,-10.077824,-2.2808568
-19.566792,-11.024051,1.8191409
-20.276962,-11.597803,3.8982525
-20.987131,-12.171556,5.977364
-19.752289,-14.371893,5.537425
-18.517447,-16.57223,5.097486
-13.83578,-15.896577,0.63991374
-9.154115,-15.220926,-3.8176587
-4.0218577,-14.16489,-8.291668
1.1103989,-13.108854,-12.765678
6.198067,-8.666264,-12.254464
11.285736,-4.2236724,-11.74325
14.333527,1.1129495,-5.7441063
17.381317,6.4495716,0.2550377
17.392765,8.1881485,5.2457123
17.404213,9.926726,10.236386
14.881034,11.5747,7.722286
12.357854,13.222674,5.2081857
10.299858,11.786356,2.6924434
8.241861,10.350038,0.17670096
5.1473236,6.834403,-1.8380932
2.0527854,3.3187692,-3.8528872
-1.5809981,0.22770014,-3.3642457
-5.2146945,-2.8632953,-2.8756156
-7.8905015,-4.0262628,-1.3808444
-10.566309,-5.18923,0.11392695
-13.786468,-5.420512,1.6177658
-17.006626,-5.651795,3.1216047
-18.772083,-5.4472466,4.637412
-20.53754,-5.2426987,6.1532197
-20.347271,-5.5975127,1.183606
-20.157001,-5.952327,-3.7860076
-15.50768,-7.360976,-6.2386336
-10.858359,-8.769626,-8.69126
-5.7445946,-7.2257767,-4.12426
-0.63082963,-5.6819277,0.44274002
3.954028,-3.6784143,1.5324491
8.538885,-1.6749011,2.622158
11.101638,2.2960334,5.237797
13.66439,6.266968,7.8534355
15.210982,6.7131534,8.497837
16.757576,7.1593394,9.14224
19.792347,6.0881457,5.8174777
22.827118,5.0169516,2.4927158
20.852257,4.43504,1.7000818
18.877398,3.8531284,0.9074478
16.892708,1.766558,4.647629
14.907971,-0.3200621,8.387899
10.410936,1.0942894,6.161231
5.9139004,2.5086408,3.9345627
0.40045667,3.929304,-1.2592689
-5.112987,5.349967,-6.4531
-8.647563,4.2819753,-3.1146183
-12.182138,3.2139835,0.22386388
-15.742098,1.6619419,-1.4057326
-19.302057,0.109900214,-3.0353293
-17.89023,0.07807124,-1.1331468
-16.478405,0.04624226,0.76903564
-12.095721,0.53873116,4.202957
-7.713037,1.0312201,7.6368785
-1.358742,-0.94790816,3.6023202
4.995553,-2.9270363,-0.43223816
9.322976,-4.37363,-0.43583724
13.6504,-5.820224,-0.43943635
13.952066,-5.2298074,-1.4128298
14.253734,-4.6393914,-2.3862233
16.029434,-3.006977,-1.3301133
17.805136,-1.3745626,-0.2740034
16.552849,0.8052818,5.3109603
15.30056,2.9851263,10.895924
12.016321,5.717928,9.508778
8.732081,8.45073,8.121631
7.4102025,9.74162,5.260618
6.088355,11.032479,2.399674
2.221989,9.885648,2.5623243
-1.6443774,8.738816,2.7249744
-7.0626564,3.6574311,0.40819085
-12.480935,-1.4239544,-1.9085928
-17.458153,-6.437431,-4.708021
-22.43537,-11.450907,-7.507449
-22.97707,-13.393826,-7.792449
-23.518772,-15.336743,-8.077449
-22.128147,-15.705333,-3.3503125
-20.737524,-16.073923,1.3768234
-18.915071,-11.86276,3.1143506
-17.09262,-7.651597,4.8518777
-11.336375,-1.8537225,4.5981126
-5.5801296,3.9441524,4.344348
0.11364525,5.336505,3.097249
5.80742,6.728858,1.8501502
9.943126,7.223364,-2.8926892
14.078833,7.71787,-7.6355286
18.160294,10.821474,-4.876521
22.241753,13.925078,-2.1175137
22.27112,14.643563,0.14124307
22.300486,15.362048,2.3999999
20.777544,13.699693,6.1565347
19.254568,12.037297,9.913159
15.6765,11.996631,10.1652565
12.098433,11.955963,10.417355
7.960284,7.5380173,4.661822
3.8221362,3.120072,-1.0937107
-1.382478,0.32472342,-2.3607771
-6.5870924,-2.4706252,-3.6278436
-11.864927,-4.143994,-6.910507
-17.142763,-5.8173623,-10.193171
-21.49974,-6.369207,-6.9950223
-25.856716,-6.9210515,-3.7968738
-28.296722,-2.8512943,1.3791648
-30.736727,1.2184627,6.5552034
-25.760717,0.91038346,6.2064853
-20.784708,0.6023042,5.857767
-12.89056,-2.082826,2.9813516
-4.996413,-4.7679563,0.10493618
3.320203,-5.8291607,-3.3025188
11.636819,-6.890365,-6.709974
18.880793,-6.8262024,-5.651804
26.124765,-6.76204,-4.5936346
25.79974,-3.5703862,-4.072738
25.474712,-0.37873226,-3.5518417
21.081848,3.943056,1.4293698
16.688982,8.264844,6.4105816
14.726683,12.219355,10.349794
12.764431,16.17377,14.288914
7.728968,17.262476,9.683032
2.6935053,18.351181,5.0771503
-0.4203026,14.574019,2.9222085
-3.5341105,10.796858,0.76726675
-5.731905,6.151934,-1.9414715
-7.9297,1.507011,-4.6502094
-12.2167635,-2.508772,-8.917539
-16.503828,-6.524555,-13.184868
-16.384336,-8.414564,-10.01496
-16.264845,-10.304574,-6.845053
-17.24127,-8.071633,2.2588024
-18.217695,-5.838692,11.362658
-17.290464,-2.984763,11.397499
-16.363234,-0.13083355,11.432341
-11.030724,3.8427134,5.894628
-5.698213,7.8162603,0.3569158
-1.4571741,9.907985,-3.257687
2.783865,11.999709,-6.87229
8.437407,11.707388,-6.56832
14.090948,11.415068,-6.2643495
14.660581,12.735203,-2.545933
15.230213,14.055338,1.1724834
15.218226,12.982936,3.8016076
15.206238,11.910509,6.4307942
14.6131525,8.939006,7.966901
14.020066,5.9675026,9.503007
11.844587,2.0891097,5.441678
9.669107,-1.7892832,1.3803488
7.408342,-5.583001,-4.783417
5.147576,-9.376719,-10.947184
-1.2024853,-9.094031,-13.718329
-7.5525465,-8.811343,-16.489475
-11.496208,-7.4597435,-13.371948
-15.43987,-6.108144,-10.254421
-18.480667,-8.194134,-4.7507477
-21.521463,-10.280124,0.75292575
-23.16114,-11.809141,-1.3586918
-24.800817,-13.338158,-3.4703095
-20.53866,-12.814382,-5.198077
-16.276503,-12.290606,-6.9258456
-10.609286,-12.216739,-9.270096
-4.942069,-12.142872,-11.614346
2.1352258,-9.520105,-9.574558
9.212521,-6.89734,-7.534771
12.20544,-1.7256172,-0.6094492
15.198359,3.4461057,6.315872
14.611713,5.167482,4.1287837
14.025067,6.8888583,1.9416951
15.862145,8.660458,1.6442072
17.69918,10.432014,1.3467264
15.961333,8.753584,-1.5593764
14.223487,7.0751524,-4.4654794
10.910235,5.445515,-7.978367
7.596984,3.8158777,-11.491255
6.706209,3.2329843,-10.608505
5.8154345,2.650091,-9.725756
-2.1560264,2.6113052,-5.4439635
-10.127487,2.5725195,-1.1621714
-16.182926,3.0747974,0.022948641
-22.238367,3.5770752,1.2080686
-23.379957,1.1170367,-0.19877483
-24.521547,-1.3430018,-1.6056182
-27.24914,-2.2689388,-0.09962111
-29.97673,-3.1948757,1.4063761
-25.287142,-6.090192,-3.669911
-20.597555,-8.985508,-8.746198
-16.984507,-10.353147,-4.8996367
-13.37146,-11.720785,-1.0530757
-11.326081,-10.562716,-0.27812555
-9.280702,-9.404646,0.49682462
-4.7923164,-8.221629,-1.293974
-0.3039314,-7.0386124,-3.0847726
2.1390953,-1.8303994,2.064599
4.58218,3.3779378,7.2140937
6.9917636,5.6123333,4.8096313
9.401347,7.8467293,2.4051692
14.288737,6.607955,1.9523518
19.176128,5.3691807,1.4995344
22.551216,7.157288,4.5034804
25.926306,8.945395,7.5074267
21.796803,10.2595415,8.972736
17.6673,11.573687,10.438046
14.538378,10.911932,6.868547
11.409456,10.250178,3.299048
7.784106,9.109338,4.6976795
