ax,ay,az
-53.615677,15.690576,-4.256515
-61.60859,17.526388,42.609142
-85.63213,43.12839,11.549747
6.8416305,20.594944,-17.052097
16.360281,-8.18604,-7.731045
52.24703,-29.956703,-0.8893972
22.515047,-30.573814,-0.87841105
-17.244305,-20.365429,-2.6048791
2.764506,18.122505,-14.078882
-31.841825,-15.429244,-32.755825
-26.674273,5.884099,-9.951413
-38.47962,6.923665,27.58849
-7.967719,7.786165,21.74857
-10.344013,14.889682,-12.927228
29.130266,1.6992607,-20.306843
-18.61607,5.052251,-6.618549
-42.250294,4.9078455,20.68075
-16.120659,14.325919,-11.432319
-15.866593,-22.994308,-31.648567
-22.14311,-15.187411,-14.362452
1.7192477,42.464886,-23.806498
-25.944078,32.240486,-14.491226
-63.684704,19.054136,-1.9443058
-15.069691,31.249954,5.8274484
16.773697,25.879316,-5.4090056
-0.50258124,19.4266,5.321655
31.546413,15.454422,-8.565997
11.444472,-36.534935,-47.995995
6.4117303,-56.281887,-10.597557
7.495818,0.93533933,14.083027
-1.5622286,37.691444,-12.223024
-40.66499,19.958113,-8.59611
-24.81573,14.04452,8.803948
7.773366,6.418098,-4.9346566
-7.620145,1.9098265,2.6097703
-65.66406,7.739106,-7.449794
-0.110663556,9.87097,-45.569126
6.3297386,-26.688038,-16.230408
18.548891,-32.16498,37.71979
34.147964,-4.5100083,35.523746
1.9890575,-6.751507,-27.32017
-37.85529,-7.1942353,-61.855152
-43.89515,8.355329,-58.906567
-7.8543334,45.247036,-12.952425
-8.13575,72.19708,50.072823
15.78677,47.48581,43.12071
4.9951954,10.287932,-11.694485
-8.247966,-26.992458,-53.011387
34.697735,-38.61669,-44.043304
2.1570826,-26.257706,32.359356
43.94646,36.78067,65.789986
31.592915,18.917545,17.800991
-46.40938,3.5972612,-22.370728
-49.623577,-31.445297,-24.9776
20.150606,-4.2094655,-2.7838185
4.3361554,-0.65497816,21.55582
-26.44823,15.175878,35.472576
35.619347,1.4962264,-29.0205
42.371407,-67.97671,-58.391476
2.2617943,-4.750682,4.0453625
55.683506,20.588373,38.73221
30.506117,-3.6721761,-5.256213
-23.397789,-24.100979,-38.72134
-37.43917,-5.137641,-18.930275
20.76251,34.845104,22.644773
27.768646,35.534164,22.939644
10.321876,14.947743,7.0185065
12.344347,-20.750303,-9.330471
20.244856,-50.419895,-3.2195027
11.8790455,-46.98223,-11.166558
5.1447177,-25.808279,4.073684
49.68722,13.961084,40.54105
43.870632,22.788336,13.869739
3.710052,7.6656804,-23.402279
-82.83799,1.6899586,9.998428
-68.88075,-4.785998,18.773376
3.9778333,27.074015,-10.148741
30.492094,29.887049,4.0031786
10.084527,13.938115,6.2418723
15.600741,1.7771593,-7.7468076
9.600094,-33.811893,4.63036
17.226355,-43.421577,7.722303
70.32639,-32.7922,-11.497735
32.59479,14.916507,-9.752656
-16.783722,-4.640746,12.292177
-37.599728,12.577791,-15.076728
-27.996317,8.341596,-29.671293
-29.090483,9.571328,0.7336338
2.1854808,-3.0070567,1.7399194
-3.1011944,-35.66569,-18.519909
12.9473915,-37.59037,3.055996
67.99746,-19.480484,8.9100275
95.0925,-21.102169,-8.919697
64.89847,-38.179565,-11.353371
-53.345684,4.321708,-18.83804
-67.65766,3.5396533,-13.979686
-35.4172,2.0985646,3.263442
16.529848,19.373665,12.764623
44.217365,11.00299,9.820211
5.8031206,4.8040442,-0.04357012
3.703671,21.599,-11.525627
24.972443,-20.14809,-22.742996
41.853676,-36.79399,-0.84474653
8.040826,6.3833995,6.252458
-5.7155237,-4.636728,-6.3066764
-51.871307,-0.08788019,-17.966827
-67.78346,-3.1854172,-20.34763
-10.513146,-6.19594,2.6661339
-18.39646,-4.971901,41.13751
38.02911,27.166546,2.4232554
56.63738,22.063538,-48.085873
1.8695936,-44.24555,-11.746882
2.4053133,-61.210808,-1.6383572
71.22925,-34.679565,-28.941313
9.331048,-28.582708,-22.040495
-15.763292,14.155657,-22.8643
-9.70897,25.919163,-24.069164
-0.67146844,25.10888,21.855017
15.361402,14.498184,56.393307
21.294195,40.070854,-4.5237484
-7.298386,25.18382,-52.6678
-20.261332,13.881942,-34.248093
-48.815067,-21.337324,3.2524798
1.7620106,-37.441612,16.279919
56.228188,-9.494345,-11.984638
83.48927,30.75355,-43.36073
63.879635,9.732388,-10.1256485
-35.673416,-27.61944,25.90719
-43.43742,-36.786846,14.301775
-43.079628,-11.289287,-21.620302
-35.476288,46.624664,-15.60927
-5.3935685,76.437065,-4.1295567
-42.43103,60.86159,36.552242
-41.85372,47.7895,42.92037
-9.893771,6.6922326,1.2310805
19.293554,-33.022038,-34.85376
-16.671621,-53.57156,-29.742851
-20.173033,-56.53344,-21.151827
2.5804346,-50.24857,7.7710185
20.40867,0.09405484,48.87988
26.40324,56.528324,23.960754
-15.464851,74.92414,-20.216177
-91.13571,39.968952,-2.5793276
-119.91099,-15.901134,0.8134808
-1.855936,-49.707706,-3.3094068
26.102676,-19.945215,-5.143815
57.650814,31.047703,-10.823274
57.85475,12.796553,10.267274
-5.3776045,-11.816939,35.82503
-15.273123,8.065142,62.032124
-27.81625,16.477453,22.434948
-47.608948,22.416431,-17.599752
-109.85592,33.036537,-32.16922
-17.569843,18.008327,13.284903
17.028671,35.008015,78.29689
-7.9802585,20.28077,58.553455
20.63852,-10.186371,0.76133364
-29.279652,-49.28207,-17.616714
-50.28269,-77.734505,-14.996416
-25.587582,-38.417812,7.1678224
14.087369,0.09302613,26.758245
34.54888,31.923336,26.57851
32.166603,33.190674,4.890847
-13.062783,-10.73305,26.041874
10.855209,-14.2361145,26.120182
0.00035879744,-38.230785,8.306134
-22.83313,-51.287457,-0.95043594
-23.752323,-25.742207,-10.674841
-3.9099836,3.4174898,-10.48542
0.9138875,9.93134,34.6144
-24.04913,15.665603,79.36366
4.3227973,7.915184,33.922108
8.042659,-18.204872,-9.538634
7.529019,-24.240393,-4.2780404
43.923145,7.297999,1.2047596
40.91713,20.068933,1.8084838
-11.626469,13.604834,30.351744
-29.198298,-1.82809,41.503708
-63.374893,-4.590325,16.28334
-80.10248,-22.714407,-3.5712874
-29.543917,-27.373032,-11.977682
47.991222,0.06819397,-12.126374
99.7244,19.58606,19.69952
33.318745,-3.402567,33.030148
28.437542,-7.1303897,5.5924764
29.448076,-8.0875,-3.4631424
-19.910511,-27.879469,0.8227026
48.06377,-1.8123575,-25.65116
49.345295,0.82348716,-18.803864
36.485962,-9.431402,14.07624
10.7202425,-4.081899,32.580494
9.41934,23.173416,20.998533
-10.998363,50.780365,-27.163868
-25.759747,23.536823,-42.85743
-26.537752,-12.285136,7.788444
24.394115,13.142071,16.812164
51.528408,-10.810445,4.3483953
30.972536,-28.552925,-3.4376462
50.10658,-33.53821,-13.838227
-7.615365,4.763972,-39.196594
-21.660406,4.814384,-8.161984
-25.618406,32.151962,29.83121
10.463017,75.220604,20.072514
44.30477,42.71905,-16.788979
49.982998,-23.047668,-12.509294
-2.6747537,-50.905067,5.156529
-66.48939,-58.750698,-19.257946
-5.921726,-23.088085,-20.387661
24.971807,27.428717,-21.806587
35.244675,37.880768,-15.564675
16.64215,2.5670383,10.6408615
-24.74488,-10.0781975,16.622154
-30.88648,-14.374827,-12.323792
10.395356,-8.451331,-34.959114
36.545837,-6.227426,-23.494692
27.503216,5.733182,-5.1116548
-3.081839,27.653587,11.090446
25.66659,47.19763,17.773273
31.069324,8.330591,-12.33359
33.6868,-40.476208,-34.840576
31.5061,-66.30851,-26.852749
-1.5729144,-47.940807,-7.618792
15.36163,2.862939,16.213737
-5.3998575,50.303913,27.406303
-58.305252,69.78564,0.44899613
-78.63529,60.11637,-0.13033396
-26.356794,45.406498,11.233407
-31.539274,-6.800041,14.313452
17.014608,12.16061,26.007654
64.46818,-8.23477,10.588496
47.6777,-22.441341,-36.601093
7.5710435,-44.209187,-14.266125
-6.4912205,13.939361,17.65202
17.678322,35.937767,12.248058
-16.265131,14.394903,15.380799
-74.33717,-18.676546,-0.5935912
-69.15755,-30.07872,-9.503586
-55.57997,4.308541,5.323846
-13.868582,29.659443,14.09514
81.59367,30.876837,-10.011204
43.14156,16.953152,4.436627
-19.817371,10.274038,18.651407
-24.861008,4.5250554,-10.824636
-36.68244,-12.649493,-29.985023
-63.45251,6.8633895,-13.70347
4.8555727,19.830204,-15.911363
54.77159,5.011252,11.636042
74.22942,-21.819462,54.996197
83.13654,-34.348415,29.919376
31.826056,-28.945168,-24.765726
-19.709642,-25.952246,-36.37347
-89.62447,12.724522,-8.448995
-79.79644,38.28427,31.3894
-41.09265,36.187614,42.805443
29.086319,24.974255,18.514412
24.774698,-23.6597,-34.284943
5.2950125,-50.42945,-26.793394
11.002652,-43.983807,6.976158
44.26891,-19.199955,18.886274
0.9356546,1.3382709,25.323936
23.05937,5.4262896,5.226759
16.035686,5.058041,-17.394484
-26.654444,-14.864152,-6.87418
-29.913546,12.226179,23.228065
-32.981625,-4.131835,22.630116
-32.233433,-4.8342767,-0.31074604
-31.560698,-9.594124,-14.457705
18.042358,-1.8505182,-16.187569
13.3455,-9.035359,7.482423
12.771703,-33.283493,30.708897
96.89741,-16.263618,17.695127
23.035166,-22.46402,15.426028
-29.457785,-8.616078,-1.4030669
-68.5032,-26.23264,-46.454258
-66.10647,3.5005403,-28.890911
3.039425,32.585697,9.506501
51.01415,27.211956,15.384948
39.774025,7.200201,23.301367
-50.02758,-43.702534,-12.401121
-34.98859,-40.048466,-42.04761
-53.046913,0.90609646,-23.56168
-3.733192,21.876728,9.819659
74.877174,-0.60927904,9.72536
39.939,-3.8235042,13.331355
18.717514,-16.219454,6.7891
1.6742444,-16.744568,-20.856176
8.011893,-39.432785,-23.140785
14.881026,-40.324627,-22.612825
-10.33702,5.6188397,-39.338966
-36.800663,45.526455,-12.098467
-41.997547,42.906834,50.66148
53.50342,36.73129,21.221176
32.89321,-29.58762,-25.511448
-21.170464,-55.598408,-27.346867
-18.499002,-31.4381,-1.31946
-16.955582,-26.852417,-23.664349
36.68478,-22.670834,-6.129015
56.588882,-1.2886479,23.257284
28.97425,26.302946,29.763306
-56.069416,35.003193,18.268024
-62.050888,20.675642,15.447756
-16.690908,8.664383,-21.153599
27.40521,-11.0847,-39.01476
27.7929,8.4785795,-17.84412
25.6896,18.937366,-2.015139
-1.1709348,17.577766,18.780619
-9.70032,14.642097,25.633678
22.20177,3.5367188,-18.685074
3.9027517,-2.4347477,-43.023655
-53.72529,-5.1327457,-25.898533
-72.66688,0.8718667,3.3768344
-27.240416,2.3466966,20.483694
3.2044692,2.8728292,18.061846
29.962734,14.68547,-12.147493
24.20318,-2.741593,-1.1966497
41.3327,22.60496,3.6465652
28.659006,0.7784245,2.308017
-33.85257,-17.83238,-2.2424383
-52.576725,14.241421,-4.5749235
-30.875715,36.829567,-40.872997
-21.474506,47.80654,-29.88973
-12.137698,16.308903,24.000677
53.509956,-1.5503987,30.58662
43.735752,3.710219,0.19104981
32.544872,-1.5073779,-16.61907
-22.461859,-16.646273,-23.709415
-15.502124,-9.839177,0.6034276
-28.049944,-4.41539,25.232422
9.699523,6.9789643,-6.310496
20.701012,-5.7429075,-31.987566
36.202316,-25.583403,-13.54478
-2.8313138,5.9079714,4.2320223
-7.431242,42.5819,39.29295
-32.74541,48.948513,59.101982
-20.668802,47.100746,2.4297595
-47.726437,6.1191974,-54.65742
-30.70815,-63.690228,-25.989212
28.333632,-43.851425,3.4840403
56.478855,-26.544243,-3.9669907
95.67043,6.7923894,0.92723703
55.622753,43.067123,12.886887
9.229682,49.916935,-16.99313
-73.34182,6.729436,-2.3810678
-26.350866,-9.957271,12.963004
17.752224,-26.101824,-16.23381
18.060993,-38.866688,-39.30392
31.615023,7.896657,-28.50749
40.188023,25.615856,-16.619476
-20.573923,20.649391,5.5130615
-8.392669,18.974794,24.139109
24.531092,-1.4986705,-12.709971
-5.7724833,14.9939995,-39.278877
-45.27765,38.271393,-33.343006
-84.325424,15.913084,-14.354246
-26.212704,-9.656091,19.17564
16.875053,-26.47637,22.72464
47.452114,18.742872,-22.32929
9.178983,32.50169,-36.70476
-34.166958,18.631613,4.5674295
-32.71818,-12.161819,14.060747
-11.579854,-41.971077,3.620411
-46.040016,-5.4530344,-1.6491487
-33.734867,28.912468,-24.54679
-16.763384,-2.4887133,-17.17023
25.700613,-14.44028,22.07557
69.771515,-23.14465,23.265924
45.75188,-10.62174,7.1852164
-13.625028,23.842192,8.488381
-61.413284,37.61982,-27.98208
-97.378426,-9.620759,-32.444347
-27.085548,-1.7443277,3.6838896
54.89332,19.189001,49.702263
87.592224,30.03918,44.043198
13.363762,10.513771,19.477314
-30.853748,1.1826305,-26.583693
-93.34636,-4.359922,-27.670973
-86.629074,8.082564,8.956429
-13.163168,61.766953,8.57103
33.53946,40.587067,-1.9251684
32.474667,-20.333693,12.858927
49.673412,-26.15169,18.752634
14.697518,-15.751836,-8.85826
17.943926,15.591829,-4.5566063
-39.500988,38.76152,10.083849
-42.36032,9.275074,12.875107
-27.445316,-1.4320769,13.200552
-37.324356,-28.208113,18.287817
14.189902,-15.75179,15.781591
33.89822,-2.9056163,-6.3889256
3.4619174,27.529024,-4.7078905
13.751588,-1.3567677,31.47589
-11.073396,-2.447986,47.52236
22.71095,10.126508,17.214216
32.110783,-38.762875,-47.548454
1.73354,-53.78257,-55.517265
-33.99813,-10.05713,-27.33116
-22.432526,22.502476,23.516363
6.3916516,39.005024,49.685123
0.2791177,50.88889,25.396423
51.52391,23.055145,-12.89344
6.95488,-26.457424,-23.352957
-27.547815,-55.417217,-6.3721604
21.787706,-47.63917,-4.4304814
48.710968,-13.740477,5.5886555
70.908005,-8.811139,-1.4464635
-14.710908,25.446466,-14.397516
-46.184845,49.122223,4.9491153
-33.20136,34.606018,67.67596
-55.69585,9.370167,40.96653
18.068443,-4.3579326,-43.73776
-34.56995,-20.82291,-39.132446
-3.7188988,-2.6329086,-2.0568957
29.303852,-25.503763,26.868883
-0.24440555,-63.79157,35.31803
-1.2745552,-24.91214,-1.1837294
3.0600317,28.903547,-30.63598
-14.176869,28.716831,-15.807722
-29.753946,5.040587,23.874725
11.093693,-25.88513,18.37107
8.456337,-41.396873,-0.52623004
7.5235505,-19.027166,-22.295797
7.2163787,5.9124837,-22.874146
12.281559,11.508443,-2.454805
12.056644,4.422112,12.510414
-25.986347,-21.488342,18.407892
-45.94653,-11.373715,3.88727
-27.788399,31.766901,-26.106316
8.643784,-5.817766,-15.7702055
-18.917013,-41.711674,5.9770455
-15.044781,-31.163696,12.570321
61.604336,3.0305216,-15.45752
42.68575,-5.4328732,5.6820226
9.689003,2.3590114,3.1173344
28.079422,-13.775176,2.3039496
-5.7004333,-22.093185,7.1203103
-28.587725,-11.838918,23.466011
7.6481,19.790682,-22.804914
-2.5445435,-17.593153,-33.39123
-21.07097,-20.233685,-27.05522
-5.912409,-35.12335,-8.21623
26.418606,6.6941476,23.368116
31.571096,34.255146,7.7336483
42.681435,30.86861,-34.47059
3.0688245,-31.633228,-19.424454
-28.370253,-47.145798,9.146001
-30.89023,-30.359526,16.06775
-1.9981102,-3.8460755,-34.1247
20.360579,10.19919,-32.645588
15.872146,0.12880541,-18.828281
16.716589,-22.139862,-5.6248
-12.290924,17.980364,13.453253
-44.713707,41.262394,19.81682
-1.7365199,21.209742,-25.602144
15.730182,-18.345123,-18.591213
23.63956,7.255361,-15.038561
3.3990285,-55.59706,3.918817
4.284938,-43.01486,34.30236
65.75972,-0.17723115,13.62589
55.609135,25.630314,-22.587488
-37.966373,16.346857,-4.5987062
-71.57761,43.31792,11.621646
-67.67288,14.60505,16.57734
-63.963356,19.130243,23.863901
38.569588,-10.372676,-15.606236
75.70721,6.6122646,-36.048874
43.4083,-16.954443,-4.2310863
14.430882,-7.1725645,46.746613
35.3137,-4.642036,40.492012
17.23381,1.7453375,9.379683
-6.6257925,-6.8126197,-2.4720857
-13.537254,-10.13807,-22.04015
-39.606304,-12.64,-6.1859097
-19.98443,32.183422,32.65872
14.677604,40.61286,38.432823
42.98968,33.614346,30.831484
-6.300266,-12.911978,6.2660923
-14.401,-57.38305,-19.742756
32.9964,-54.661163,-14.0329895
25.300339,-29.907763,20.38439
3.2438865,-1.2755839,27.322706
-27.788351,27.67118,17.4539
-48.925205,33.056946,-19.742105
-37.23541,16.701862,-25.907293
-26.911575,-27.068668,-1.857436
34.205532,-15.684146,25.988947
76.173935,15.295518,11.146102
51.966652,17.633875,21.36812
53.47047,-15.469303,31.541138
6.974751,-71.00535,-19.909702
-39.696938,-84.964966,-45.583
-56.374214,-11.730718,-16.930912
-60.111694,63.76936,-2.503412
14.580155,66.11184,33.20399
22.343954,29.307768,56.276836
67.24428,8.086874,23.77182
40.534645,-24.870087,-35.85356
0.95662826,-44.855007,-22.561668
26.637651,-40.85799,-18.418682
-2.6996331,-22.897594,-19.44312
2.2639196,-9.68682,7.284193
-0.65893066,81.41071,35.157608
0.27018332,56.70754,-8.567126
-44.706787,-12.626918,-26.202179
-24.619274,-40.684303,-5.5054064
3.602126,-49.34663,18.10097
-23.11669,-14.360032,25.314596
-17.101536,12.89017,1.4810438
24.56985,29.345531,-34.08494
10.476641,14.239423,-7.64251
-34.236988,6.427082,-0.0633234
-18.818035,9.736021,17.040714
0.06591986,-23.279362,8.309353
15.565111,-28.066074,-11.442441
31.446968,-10.693932,-26.991167
-29.934883,-1.002778,19.704166
-79.01921,9.899841,15.944676
-51.67251,1.4557414,-0.54425645
-13.159999,43.49952,3.227018
4.607532,65.82338,7.182134
21.189058,57.849403,-2.2374418
-27.61136,-23.254366,25.60324
-48.593037,-57.096043,15.822
-21.954882,-25.017666,-20.584179
3.0441244,14.358347,-35.232838
15.877973,53.001186,0.40661302
9.636635,68.58762,26.420221
5.6539025,36.018383,54.176586
-15.118588,6.645391,51.464733
-23.12661,-14.541263,-24.838415
-65.63444,-42.296623,-61.271374
-36.737797,-60.33116,-13.817918
25.281767,-12.287105,1.7794304
49.813145,12.970011,17.61394
27.557133,45.27135,35.77563
17.796667,40.65936,14.0443125
-31.216398,13.076822,-36.016296
-73.95685,-9.793347,6.655435
-31.086817,-8.21991,37.297844
50.73981,11.407571,-2.2991383
21.783947,-26.29783,-30.273003
39.9531,-32.89867,-11.575226
38.602287,-29.284628,0.55578727
25.901127,-27.678602,32.397556
0.9684598,24.872696,31.141514
-44.500896,74.60839,22.477085
-76.93551,43.0358,-12.487109
-85.0328,13.762437,-6.853532
-36.12277,-5.3370156,18.643322
31.491976,-11.987963,48.77765
82.410355,-8.925798,9.06193
88.659096,3.29092,-25.078146
33.8366,-17.565376,-3.3472652
-55.616047,6.981465,26.93101
-22.300695,32.946526,29.388084
-44.705643,14.175988,23.145834
-71.58192,10.233862,-2.2127492
-35.657146,7.4871206,-36.329624
38.06903,-22.573353,-31.894567
6.693464,-25.977755,38.389038
71.45526,1.2299315,32.17875
41.06554,-4.6767783,-2.133038
-7.719429,-17.163088,4.5460243
-26.127644,-9.76763,10.525676
-21.703348,-29.408579,-6.4602222
-26.37457,-19.716116,13.558511
-12.663384,-2.9757712,3.912691
-11.368849,16.90688,-17.12582
-30.86628,14.750114,3.054218
1.8702292,21.016083,30.52828
41.453064,1.324215,29.358198
18.112806,-33.07595,9.703025
-1.68898,-50.4303,-34.92295
17.11831,-39.34746,-60.56596
-1.8120291,-41.09619,-37.598885
33.30079,-7.9097757,-1.2874491
-25.484583,-1.6792107,9.98737
-54.17416,16.077795,12.239861
1.049279,34.48238,-14.315295
22.71865,5.7969027,-20.268682
-5.3613515,-14.948986,8.290163
26.005064,4.757168,17.892584
4.9270215,-28.87233,-13.83487
-73.092804,-29.89883,-13.242037
-30.075188,-14.751188,1.8155888
26.380991,-2.5465095,-20.153212
41.627953,-21.021399,-13.77277
-17.866653,-11.548519,5.4151263
51.943882,6.623616,-12.659185
-4.862018,-24.200115,-21.301281
-14.739703,-16.288097,-3.1538613
37.928535,13.308481,-6.8099947
-12.685445,6.684225,-16.323917
2.3236217,-1.3672942,-18.678362
30.694191,-39.371376,-14.488858
7.372908,-22.777018,-6.278464
16.882624,-12.939316,-12.869319
-7.3290944,6.3695483,-6.264668
-3.5472941,-13.623864,-2.469982
19.789558,-8.337773,-19.11153
40.69174,-1.0059463,-30.682932
34.653038,7.5861955,-1.553826
9.814782,10.162169,15.423881
-8.624334,-0.65312654,-2.2571514
22.31464,-22.008173,-10.179634
-16.37715,-34.399704,-18.837513
27.998026,-17.616362,-36.49406
55.21922,-31.663918,-19.9747
51.523895,2.0529232,27.137423
41.69661,24.94104,3.4019797
27.76394,15.169429,-28.533861
-45.720528,19.044516,-16.570946
-60.903145,10.018006,-11.986564
-12.026349,21.304134,-2.2833002
2.2744482,-9.452408,8.867627
48.84572,-25.733103,-21.388458
44.774086,7.0157933,-39.369377
43.2954,19.7581,16.540873
47.43039,-6.4990015,43.579826
36.723637,13.6911,4.4734864
-26.10779,-0.29235077,-16.92674
-24.959932,27.17792,-13.780968
16.546867,52.777573,-14.355203
-16.587223,37.931606,3.1662064
4.644654,18.355288,44.32567
7.8749146,-11.22129,51.71898
-20.6684,-5.6398196,12.638053
34.13022,7.7966585,-54.09095
40.282585,-6.4405475,-59.486675
13.296197,-2.8302944,-0.07139252
24.344696,20.726702,45.369987
4.9408655,41.946545,31.61838
-18.76059,43.140957,9.658388
3.2927663,35.542686,-37.53487
21.892834,-12.200206,-35.45608
14.110223,-24.507978,7.0009117
2.4763055,-9.128837,14.771258
54.12144,6.4044647,-14.974504
6.8031507,-21.316742,-38.27598
-19.388706,-28.879171,-13.476425
36.990814,8.077506,18.963202
20.280588,13.240035,44.93843
22.727728,6.2449455,39.028427
6.308868,16.319202,-8.9908285
13.29732,21.305908,-25.521114
-25.150455,15.22386,-18.308304
-53.99624,27.115553,-12.356391
-10.274635,40.27124,-0.3849871
12.193729,23.506285,12.17936
34.276535,23.761646,4.00926
44.63432,-7.942515,-21.93634
-21.837824,-42.760685,-0.15035309
24.500864,-47.193657,13.112597
24.82356,-24.906033,1.3292618
-15.875738,-6.6159835,2.2861638
1.016368,36.227203,-20.540892
-19.52431,39.38746,-28.205442
-44.024895,48.613277,25.73428
21.962624,43.449448,46.728756
21.212994,-5.4611526,18.967966
-4.5046916,-41.64916,0.7817809
6.934788,-71.46175,-38.399834
21.481337,-51.76622,-64.02399
-21.658792,-8.112219,5.456287
22.557404,50.556507,59.85977
18.118376,72.177345,44.706123
-65.379684,53.758232,5.727675
-41.351185,-3.5424826,-17.025232
-5.607345,-22.248283,-11.243969
-32.455048,-26.270525,7.2931557
-2.543965,-6.3492637,13.936028
-10.805989,9.633614,-3.1255488
-26.549723,1.0163656,-19.096657
-35.146538,18.526632,3.325526
-25.583134,10.913676,37.710564
-19.060713,43.914658,47.57484
-41.332138,31.445406,9.337422
-37.77936,15.979167,-42.9839
-30.345938,-14.365104,-27.96853
-30.703655,-19.732838,-3.7987278
18.182682,-9.204152,9.018708
-9.813238,29.460562,6.251794
-19.998058,25.747469,-15.496606
-5.502772,32.32596,-25.41231
-29.86757,27.316036,5.4514217
-33.868256,11.760714,46.31743
-15.060826,-8.899728,8.510299
-41.25216,-11.737575,-42.58569
-52.987404,-6.7407537,-51.41303
13.967745,-13.76733,-23.249811
48.442932,3.0194576,20.903507
26.261257,33.896534,49.50057
24.180267,32.137363,7.6807528
-4.098062,16.637342,-28.844038
-80.87876,-6.9837713,-31.187386
-93.25124,-10.871443,-35.833057
-78.57348,-21.046291,-3.5721073
-39.506752,3.8896284,31.952578
19.578892,56.68674,15.278923
12.343784,35.722935,-6.619313
6.4799333,-3.9175572,12.286892
31.43908,-11.123001,19.192022
37.323174,-34.820305,-8.295506
-82.697914,-47.918015,-18.436012
-53.61336,-12.910669,-17.910559
-2.3601575,-17.104,-27.884272
12.460742,20.50336,7.558222
57.668716,50.71388,33.138493
43.541878,65.62546,15.063604
-36.093464,14.149419,2.5794525
-65.38996,-49.268112,-26.617847
-40.450108,-58.007915,-19.80472
-7.3317366,-70.07649,7.8224254
35.59056,-53.486603,5.215852
86.73481,-15.9951105,-12.778152
-6.266779,-18.18277,-22.583416
-5.0984864,10.116418,-16.598734
-15.28861,16.794998,6.43209
-38.472473,6.9581866,41.87696
-33.56505,39.54266,19.967598
-22.140955,14.116367,-52.97813
-30.339128,-15.692918,-58.61902
39.28842,-46.16352,-0.21270092
83.790146,-33.69787,17.616793
44.85029,-37.81526,17.32596
37.567173,-19.860744,8.403902
-0.14603728,-24.39039,-30.167423
-7.5770583,-20.361916,-33.60104
14.054385,35.123245,15.185754
11.416679,28.526287,35.19582
1.5297531,6.548398,15.77601
-63.676075,-11.229158,-4.3504634
-21.834885,30.465378,-17.150352
5.060789,5.330732,-10.69518
7.4600196,-12.189708,18.674915
83.022484,-8.547287,38.720234
100.17766,-21.811895,-2.7320912
31.626144,-11.869774,-17.483387
-17.554173,-11.35219,1.8837302
-20.422836,2.6470017,19.141954
-58.436058,-1.2144045,20.048162
-44.23339,19.189026,9.7156925
15.915989,43.550915,5.882041
32.4902,25.097492,8.04366
24.025354,-4.7882347,9.225837
121.99143,-36.556744,9.32142
65.729164,-24.648603,13.565493
-15.215414,-29.857567,10.936354
-65.05834,-22.607826,15.132245
-38.316826,-1.0087457,21.698666
-36.031796,2.4938357,9.588291
19.3179,10.840761,-1.8670404
62.665447,24.170261,10.221888
26.450449,9.643806,29.044777
52.38864,-21.26212,7.2514043
9.53123,-22.126534,1.75244
-39.3233,-16.571342,-15.003699
-40.12895,3.1371038,-27.811363
-32.416412,15.739895,0.98100156
-32.633366,28.228735,35.94628
16.782331,0.55884767,54.465355
41.28258,-32.81293,28.674236
26.756128,-34.720505,0.71681637
5.625732,-11.56007,-22.26483
23.958914,-19.338215,3.8526592
42.4478,23.315672,30.402096
48.47705,6.50739,4.3033986
18.781813,-3.1083703,-0.16536762
-37.355957,12.0029,36.03514
-36.30114,-13.932011,34.27706
-51.670998,-38.671616,-9.56923
-28.65229,-61.9571,-26.079062
1.7897853,-13.529616,-32.27043
35.26619,27.067675,-6.043143
24.202541,21.179295,41.408096
52.18246,15.957859,57.6431
45.38831,6.6957445,20.577414
39.79338,-18.36238,-19.026554
-17.980862,-49.169003,-19.220533
-7.3369594,-24.037855,-12.848084
-1.6865046,-29.672632,-13.848181
-47.293007,-13.893227,-2.1187992
-59.62823,8.64573,-7.5292764
-18.775108,59.688145,-0.13208605
5.152932,59.293747,19.187847
57.11391,5.304066,12.210653
25.707195,-45.63373,5.6794014
29.752445,-83.08375,-17.875044
13.072463,-88.53851,-50.33734
33.832024,-45.578762,-17.629303
-9.096128,17.259426,37.88694
-13.291019,54.89328,18.127321
-95.23718,56.638863,-19.081394
-66.013145,71.72389,3.5883892
-45.77254,20.189968,6.1513453
-7.839039,-18.130983,4.975357
59.417835,-30.146145,11.479575
77.66802,-8.057204,3.0549242
38.24822,-26.60417,-15.943682
-24.869265,-48.207626,20.791683
-17.970581,-4.2889695,19.048668
-36.56477,44.437473,-13.852872
-84.939,64.6888,-9.986571
-51.209198,72.81324,-18.249037
9.622424,28.109373,-18.778233
-17.702662,-37.902817,21.011911
62.884247,-17.213125,8.051224
69.89014,9.805786,-20.693644
1.7922387,9.510887,-15.5998
-25.889729,-8.191982,-12.407113
-68.51164,-22.36754,0.9328931
-46.15662,12.53876,19.13075
-39.345394,20.413414,2.4222698
-1.136216,32.192932,-33.0821
-16.425581,20.629946,-32.135525
-5.3264685,3.4629595,-16.837948
-4.3378057,6.3774476,8.713886
5.1701274,27.784607,15.959237
-12.006706,23.760826,-2.5111313
-12.12019,35.13685,-24.568523
-34.6243,-4.398171,-18.154644
-35.929703,-11.346267,8.435528
6.521029,6.256308,16.52137
-20.870098,6.384924,7.8012447
-27.742155,32.842308,-10.8816595
-34.230877,26.743052,-46.357243
-62.225872,22.035498,-18.99292
-18.874073,14.514675,9.119394
30.525778,5.592531,2.9265168
17.364288,-4.7692127,1.5538862
18.004818,-17.186678,-2.0350568
13.59491,-20.600752,-25.615795
-41.920696,-18.185741,-11.722479
-47.253357,-12.322259,3.075698
-17.102476,5.055536,7.4846416
4.580481,32.692356,1.6571721
-10.5896635,26.609907,-12.482238
17.844103,31.254007,-0.22816393
2.0386612,3.4893453,39.561424
-1.0228252,-39.41909,22.226465
21.626234,-49.890896,-16.18383
-29.536362,-38.940765,-34.95865
-19.433453,-6.414494,-36.669743
22.51622,-3.9113119,-15.861135
-8.009484,5.442356,41.447693
-22.343992,38.386147,39.29191
8.868911,60.501625,-8.858895
-49.737587,18.531189,-20.522116
-58.006393,-24.066294,18.196484
6.9611025,-48.63067,13.937859
106.78246,-46.79829,-19.19908
95.63969,-13.931144,14.006255
31.219988,21.171133,20.529438
19.295298,12.466996,-10.328301
-55.426727,-24.81174,-15.347557
-116.06024,5.1006274,-0.50320834
-73.66768,12.94783,-20.343117
-10.374863,7.422714,-2.853915
63.050114,7.4031653,23.060572
114.69457,-14.637735,15.842072
93.87224,-31.705486,21.925053
26.826311,-70.56753,11.167807
-15.990627,-28.924515,-25.614567
-58.408047,3.8368287,-32.999832
-31.793434,49.69253,-8.543125
-5.981128,54.08852,13.688316
34.242214,26.560799,39.906357
64.40216,-22.477604,34.47245
74.619026,-54.545322,12.9316435
28.626621,-34.453724,-31.641314
21.842375,-32.31141,-31.243662
32.12839,-0.5008134,5.0786643
-22.070358,27.311525,41.892773
-23.640099,37.299286,19.341362
21.2103,12.371578,-19.726084
5.5674396,10.1733675,-16.40259
7.6621737,-4.6991243,15.168693
61.911716,-27.983713,1.1475441
81.14238,-53.720585,-8.067613
25.107777,-30.738218,-18.888083
5.5691457,-3.929443,-35.660683
12.122488,22.284866,-26.362242
10.992038,19.497578,28.278736
50.25832,15.405997,50.92375
6.266434,5.500008,29.476868
-15.582243,25.542728,13.4504175
-39.062046,28.545475,-28.386877
29.1305,5.0998583,-46.092327
21.610453,-21.728632,5.140885
26.756569,-29.287521,51.376526
67.002625,-9.046861,28.08754
51.57798,16.091743,-7.2443347
3.6029174,11.53129,-19.394604
-0.34212777,-12.7526865,-16.625141
-30.885605,-49.033897,-4.528601
1.8710574,-8.946654,24.324932
-9.463688,51.446728,-11.386681
20.686205,72.49813,-27.52105
9.628496,49.81358,-15.55452
28.374353,-14.104434,25.205648
-25.718725,-48.606506,31.584122
-34.55838,-51.94974,-16.627426
19.668394,-1.7990735,-71.180435
30.3563,-3.755541,-13.57151
82.67531,-3.3396318,29.352303
31.271753,-27.38537,5.867792
-2.187771,-11.975444,-16.277153
-52.551235,7.173558,-16.902216
-52.222378,14.297183,5.9311757
-55.66858,46.466187,1.8178768
6.631897,22.587742,4.008235
18.761189,22.48629,16.970015
39.95559,20.969175,-0.082791105
55.529106,8.960642,-13.586686
43.3095,-17.236273,-19.267704
13.080611,-59.825542,12.422994
-41.75795,-56.410435,17.93172
-48.591515,-13.562905,-21.33289
-20.845243,16.521427,-10.760628
-25.281431,44.234657,3.0149212
-3.173797,50.313133,-12.338938
-72.53561,17.125368,-5.973081
-58.17324,-8.143587,18.649036
7.621734,1.9410877,6.5530643
54.92886,13.467548,-19.256172
33.51916,-4.468978,5.0748534
30.828285,-32.308414,6.3665843
-19.390608,-66.57382,5.4580574
-47.9741,-31.261509,5.966024
-2.3994484,4.076659,-16.275787
-35.115864,55.89977,-45.679268
-40.645077,61.29766,3.4844618
-49.17859,37.495888,25.965252
-45.690567,-3.637253,24.632797
-0.9069862,-36.498707,17.491724
-19.924068,-4.1630216,-22.450731
23.17711,-10.937682,-46.02824
-0.25040352,-13.757342,-13.264108
30.011322,6.7084017,28.207687
31.59857,2.2627852,19.84853
-61.615585,24.34305,-12.017953
-86.08314,4.9940534,-33.5732
-42.046104,15.951542,-25.079292
43.23648,10.422032,28.921526
37.033554,19.157637,36.506435
13.729959,-18.493578,-1.1691849
-16.60581,-33.88514,-9.706723
-46.880486,-20.393589,-36.408257
-39.33982,-23.931976,-54.60302
-24.755508,-15.881274,-15.345452
18.341341,26.60247,40.85544
21.482012,39.683876,43.266384
0.23353678,25.636007,8.49049
11.115742,4.6612844,-25.420738
-28.917152,-37.834755,-30.560394
-40.99401,-53.952896,-21.825565
-10.16175,-13.955288,6.007835
33.4006,37.48565,22.171825
27.325153,21.151556,35.522575
29.432375,-15.241401,19.566927
17.316187,-65.328224,-16.799408
11.41672,-33.421986,-39.31603
-33.161602,6.7411222,-17.601992
9.232786,28.200432,-11.255397
-9.66322,19.323994,-12.422178
-0.21705954,36.736347,12.916279
41.4213,2.9469538,15.700196
20.345207,-23.206419,18.410374
-35.083187,-57.572758,2.1001024
-7.299869,-62.33634,-34.669727
-9.034523,-41.894577,-44.045166
-46.902992,18.685938,-4.561782
8.608452,44.357693,15.570465
-2.0293198,20.943922,2.3516884
-21.640575,5.219901,-3.6455302
-17.891687,12.395566,5.6464396
-33.98211,2.033752,7.217449
-26.075243,-12.564215,-5.3707633
-21.362234,-34.36207,7.514589
28.682444,-22.49556,21.118282
21.977997,7.4372444,-5.438095
34.24452,12.263515,-7.9839187
18.690079,15.441463,0.71303743
-2.486102,20.001162,23.365654
-36.685802,20.834856,24.831276
-58.564655,-1.1364413,-1.2019898
-24.413992,0.5148278,10.82253
-5.368452,27.249437,21.21644
-13.988868,12.522264,2.838857
11.093885,-23.700298,-1.545331
16.119726,-66.08109,1.922598
18.488497,-35.460728,-7.4465055
-24.890484,24.034178,-13.101184
-49.07018,31.209915,8.5289955
1.6322343,-5.970764,1.6398861
-23.261982,-21.64299,11.526142
-10.563457,3.0362315,20.427834
-57.184826,15.875145,1.232681
-24.57917,25.480326,-0.42196143
-32.637524,28.680496,2.8010702
-38.409035,-23.357298,13.22115
-10.353039,-53.230835,11.889578
-17.10643,-24.523544,-0.09115112
-36.19107,22.28723,-21.109661
43.378986,5.438097,-26.720701
58.994804,-34.84272,18.120804
27.216429,-43.751835,48.810642
8.985773,-15.476399,10.337028
-34.990738,15.043643,0.14103656
-22.392632,-11.754569,8.080456
21.31993,-22.211258,6.9209886
-23.787468,-19.01911,38.7513
-30.234276,16.52115,48.193947
-11.162028,24.970827,11.69012
-5.1675825,-1.587736,-12.976467
39.004993,10.331077,-22.047247
49.936768,-14.782428,-19.367247
10.670352,-21.225998,23.538612
-8.942039,0.31983456,38.44602
2.391159,28.984138,11.260689
24.297005,5.590533,-17.726322
12.80923,-12.481326,-21.226402
-29.593832,3.0754974,-5.9157243
-8.480696,-18.66096,34.610386
47.133526,5.499722,12.442904
61.532978,-9.646067,-35.67526
11.523091,-36.536728,-38.522842
9.782309,10.117095,5.4360175
0.28780726,17.056782,28.833416
12.565894,54.986053,21.038143
3.1076252,5.2308016,13.103962
-7.7422156,-25.168823,-19.802416
22.123283,-21.961287,-18.572994
13.509417,-22.936335,-3.170146
22.998993,-41.50107,-2.4566493
62.09895,-17.784784,9.705437
37.960938,25.023577,22.281176
12.270935,70.434105,1.3153281
-39.35199,34.832527,-11.8691845
-41.291416,6.679308,-13.546417
5.6331367,-2.8478868,2.312147
34.144615,-2.1917753,-9.233843
27.033396,3.3742504,4.14707
25.321493,32.42633,-17.930382
18.038849,-3.653319,-31.173458
8.56556,11.32366,-2.8956468
27.457293,31.972958,5.99901
41.95253,15.72721,-10.557682
-17.148136,12.54717,-3.1419709
29.10254,1.853726,-30.504011
13.2176485,7.105375,-30.98986
-20.382446,-2.003735,7.147034
18.307426,-12.86102,9.398427
89.225136,-13.070889,3.084648
58.414494,-14.300242,5.300729
57.17824,17.429495,-26.353615
12.399065,-14.28589,-40.209957
-58.89724,-4.357744,-2.2621403
-24.823668,59.21385,12.143299
-4.1745086,66.28253,-14.953235
-0.6185108,42.765007,-20.246178
14.024897,-5.2334037,-8.658655
4.860714,-37.834343,-15.798522
1.9941777,-26.762499,-2.5819597
42.755306,18.233644,6.264914
16.50652,3.7493503,-1.7483646
38.48148,-14.787064,-7.1362624
17.104763,2.1199243,-32.009872
-13.290324,-14.716639,-3.8419907
-44.045498,-4.9139447,34.34353
-38.575844,32.71031,7.9103575
23.293186,63.09727,-2.88598
39.40206,42.6775,32.909275
22.480106,17.70638,41.17613
37.464252,-6.4746237,5.7418084
-15.5124,-41.797623,-11.542232
-68.57735,-20.105783,-22.162785
-57.28762,-1.3820127,-39.884235
-39.463184,6.7815213,-5.8269796
-15.567488,17.148523,30.054369
24.529688,29.80085,14.4196825
-7.571161,14.515273,5.1774554
-35.487213,-36.51234,1.7216815
-5.577284,-40.699623,-11.126161
22.540382,1.8464962,14.125973
-18.145727,8.876448,29.919031
-10.623095,-7.622088,13.421853
-60.41461,-50.78411,-21.392284
-55.781235,-18.143839,-15.441211
-39.21487,37.552048,16.271877
-30.454134,44.044186,14.229877
-32.862797,29.93853,20.762787
-6.2282076,-19.215475,-13.676161
29.058212,-34.302753,-25.196428
73.64436,-19.202545,-8.146954
25.826416,-17.97449,3.3712506
26.580198,-17.469782,7.2338386
-41.98625,-30.456589,15.539979
-56.84319,24.808897,18.177387
-65.77404,32.69081,-7.687017
-59.260696,10.275388,-9.182804
-18.466576,24.499619,-18.983997
-8.947487,10.937748,-3.577122
-42.13807,-10.301047,26.016872
23.449102,5.0421815,37.514954
9.672699,12.277097,0.27659875
-0.8134043,5.659303,-12.159862
-0.4133028,-28.697142,2.281955
10.821777,-42.699844,11.398805
36.750706,-21.115555,2.869562
-17.544582,-14.18141,-17.578451
-27.464622,10.145261,-30.070904
-26.039385,19.576952,-28.9751
-32.89377,25.283018,11.00838
19.660477,31.333294,42.866615
4.7965155,14.156332,17.500835
-36.88813,-29.954239,-15.219713
32.833324,-30.721828,-28.281168
61.51419,-34.44698,-15.860328
35.071484,-23.678885,16.063343
51.95614,3.3218267,18.419106
-3.9198103,44.971634,-18.240942
-36.166916,34.48975,-25.186123
-41.928967,28.415249,-23.55628
9.216026,0.6049873,-4.0274677
16.11925,-0.74946487,43.664047
6.1189213,-9.769412,25.197243
69.95202,-35.438854,-29.946892
32.459347,-28.808027,-12.072127
34.410805,1.5489446,-7.1866574
52.831997,29.884478,-2.0579915
-8.068432,33.034306,25.791805
-23.291197,47.26917,5.2044907
-25.074331,20.87115,-23.962889
-2.0461519,7.9089375,-10.87131
28.699665,-10.556569,-7.2958965
71.583466,-32.163254,-29.766483
21.630743,-41.20637,6.1695104
16.793957,-1.9541645,9.990019
28.417324,29.1934,-15.071358
-13.853816,37.846424,-18.29456
-33.855774,45.424915,0.28422606
-2.9187386,29.129248,9.044225
16.296724,-34.26413,26.8409
27.682512,-31.157467,32.97769
25.059826,-20.348764,-8.992073
63.180084,-9.363246,-34.215027
38.278385,21.400618,-10.420526
-9.925617,13.3746195,33.297802
-4.978898,13.819204,39.5066
-19.551197,-8.172114,21.496698
22.430532,-3.6485817,-10.018961
2.3568528,4.41849,-30.984835
-5.1806865,31.390194,-0.956495
-17.437546,46.48691,14.389209
-27.822084,31.423222,24.040676
-28.023195,22.456295,5.7585473
-5.9509106,-1.5970844,-29.14147
-1.1475716,-10.704986,7.085447
44.321007,-26.059313,26.887655
69.00399,-0.5812076,6.593083
25.983831,-10.894485,16.65412
-24.15209,24.874704,31.952969
-6.2337003,62.847637,5.752882
-46.294903,26.98057,12.608893
-61.6988,-13.792667,38.256466
-9.150369,-26.468756,-12.116908
15.391693,-22.43997,-41.1776
-1.899441,3.3410752,25.173412
72.27749,29.509676,51.48675
79.80242,21.48574,18.117231
-19.026527,-29.712809,-3.6037898
-72.14428,-25.551298,-41.621162
-91.980415,-16.56754,-10.669252
-87.2829,18.252123,30.070845
-16.385624,34.547535,14.349737
51.25916,6.0255365,-13.463831
33.79781,-31.684134,16.550228
26.185339,-12.672291,41.60686
20.761515,-4.40265,3.26705
-33.17537,-14.838812,-22.286543
-51.719326,14.182767,-32.753017
-37.798347,12.887044,-39.15423
-52.00361,6.3883586,-13.737212
13.040779,30.811079,23.126295
75.48716,22.100447,5.9590483
26.431124,7.2240405,-2.564037
-21.41175,-33.55264,-16.615425
-66.10426,-78.64796,-47.09114
-79.26745,-35.57993,-43.96748
-12.517662,19.552471,-1.5680647
25.431688,79.394165,32.330994
28.410513,4.576226,37.03607
33.900078,-37.29255,-8.180258
-6.4346557,-60.872498,-41.18625
-55.327614,-48.03159,-20.451544
-70.13805,6.0118556,-11.792128
-20.00776,25.743385,-9.326961
-7.77734,25.218344,12.513682
7.4223046,7.64158,28.121284
45.917675,-22.156515,16.18052
-16.548244,-32.201736,9.852662
-58.91629,-29.77403,-3.1093698
-13.544013,-14.426087,-32.008835
-16.476622,-5.477673,-29.143604
-5.9613786,21.329775,-21.791061
-7.027183,19.577175,-11.178655
-16.250793,-39.03211,42.34298
-19.653788,-42.16301,35.22148
-9.4154215,3.3065395,-14.940201
-12.158313,26.391571,-38.878788
-33.37817,9.015682,-12.145514
-6.491582,23.494436,23.054232
14.982329,-3.9124744,44.29961
-9.66363,-25.698439,37.73359
-13.3676,-5.103205,-17.30974
-53.638412,-25.765667,-47.816723
-36.441044,-50.86646,-13.838291
55.705685,-35.41297,20.311174
28.380272,7.219861,31.807495
16.630764,12.96228,14.174548
4.5626974,6.722497,-16.13845
-5.8540397,5.632312,-40.57705
-24.344042,-50.048367,-34.312862
47.591206,-28.426617,14.014231
56.958557,-3.7390933,40.740303
43.810074,28.951393,27.019665
45.49396,-6.0376153,-5.127478
25.543997,-57.612747,-34.573093
-16.065998,-59.53374,-22.496344
-53.13522,-26.336357,5.7180705
-43.063137,47.638813,12.921032
-20.27613,79.17765,16.849974
19.735058,18.05784,28.625769
24.539194,-35.644012,28.447329
17.649054,-73.28484,27.66944
6.159951,-51.622498,11.974244
10.638789,-13.53365,2.276556
-15.06133,11.3828,-20.082579
10.023602,-8.867932,-23.030258
38.76024,4.160957,-3.074998
0.29487047,15.534831,32.540478
-21.42003,40.486942,37.55574
-57.842632,3.7030425,-7.9043508
-16.780157,-32.128098,-24.170853
59.034424,-34.539375,-18.895063
29.155037,16.666246,-2.547542
5.412289,44.932663,13.940826
-1.9857856,34.23406,15.828533
-55.465443,-11.330387,-4.0523443
-80.06251,-22.531616,-25.174408
11.852755,6.5267735,-6.8223653
52.17433,13.263475,30.35572
34.901546,8.444515,49.61877
41.86406,3.1152685,31.385235
11.586913,-0.8708924,-8.754194
-20.637522,25.78573,-37.282825
17.884987,8.61979,-20.630709
19.477808,10.319255,15.065909
-22.929804,-1.6280811,29.61422
2.6121607,-4.2021546,14.599917
21.31736,5.6542945,-15.600415
-16.16353,27.428053,-44.590557
-31.061438,10.567473,-19.767109
-31.470135,27.153675,12.958325
29.645689,56.367374,10.51434
22.910418,-1.5781803,8.850932
6.507683,-30.518003,8.066658
68.15561,-19.377304,-30.40341
40.39957,-57.96339,-48.549263
-21.552216,-35.05222,10.456844
18.728504,12.450498,26.805367
-21.525797,10.779096,-28.26672
-56.90416,13.619033,-11.953362
47.150265,16.53072,-11.940001
64.32537,-4.4144144,2.0717854
36.641365,-1.1864853,18.33951
4.0143104,-5.2081194,-17.722075
-30.916475,2.8013415,-29.767658
-40.549744,1.8570486,-19.80215
41.111385,25.645735,7.948129
33.874123,8.231719,28.798714
9.905125,-30.334455,18.98661
14.751544,-35.854053,-14.72274
-19.655598,-57.566387,-14.468021
-43.43491,2.5283625,-19.21227
-26.962542,35.78751,-15.733396
-14.048007,10.764434,16.402267
27.925491,-10.678752,40.08332
57.31253,7.08265,21.1211
17.445944,-44.61784,-21.19171
5.9370856,-46.323093,-53.921513
34.608288,-31.667646,-61.60429
13.423699,-36.428772,-25.579472
24.33121,-17.848072,31.046364
32.527233,26.829908,41.655834
36.751232,26.045984,-0.4431947
5.833279,-3.0246804,-39.1447
-19.417685,-18.902475,-46.634506
-44.48889,-20.869347,-17.99318
-38.63151,-15.101433,26.6977
3.865492,12.953605,17.701035
26.159647,0.47792125,-12.837667
42.08521,-33.902508,-21.70526
59.174526,-22.12139,-18.724964
30.206964,-32.08958,3.9651566
-30.473558,-17.660723,13.785121
-69.45396,11.738531,8.472345
-36.237644,33.72529,-0.4803422
-11.138677,8.922015,-6.2290835
27.73633,-12.874485,-13.039267
26.848793,-12.425569,4.8877773
1.6327981,-38.43798,10.491463
4.3495946,5.879915,1.5929967
8.713532,33.718006,7.5173845
0.30321193,16.521753,19.715296
15.156699,-17.99823,-0.43025875
7.04302,11.407912,-2.8112328
-26.939783,0.5809137,35.459045
-19.26684,23.37993,43.785645
20.229597,33.967793,-1.2443482
-16.047262,4.3910093,-26.52228
-74.16557,-2.6294878,-14.522058
-59.64652,-13.473807,2.9237623
-22.844015,6.7202206,10.3734865
7.023515,30.086645,17.98425
18.179638,16.90912,-7.629916
81.73815,14.905902,-36.654224
23.4467,-1.2625517,0.6809983
-11.434145,-24.343002,47.81158
-22.42957,-27.86029,39.361454
-72.923195,-5.347802,3.8341603
-27.904816,-2.8099651,-33.192226
-35.12627,-13.409837,-20.207409
40.52996,8.737507,21.02101
19.620113,31.926033,49.328983
-8.124276,28.529385,27.353584
13.465869,30.077639,7.1897383
-50.32895,31.355036,4.104856
-69.4222,6.473962,-8.612025
-46.325462,-23.24143,-7.625934
-51.390488,-6.6460924,-11.310043
12.579989,3.0855968,-24.589714
-2.6198454,9.610545,-20.045702
35.763474,24.43361,19.970419
53.197258,35.445267,34.648853
3.2761812,-17.964214,19.223528
-8.281728,-48.62863,-5.661876
-3.426447,-2.4142294,3.1931837
-31.351137,54.13224,-2.1390774
-21.332745,69.69268,-2.1508002
-35.673645,33.931465,-1.3740901
-80.45102,-20.646444,1.1033376
0.45223758,13.923508,21.334833
43.744408,21.747208,23.053612
18.09468,5.019844,0.29478508
17.78807,-23.224915,1.9002489
4.48704,-29.296366,-11.159216
9.961496,-14.905913,-16.9304
-20.516275,23.844501,3.3187394
-24.483473,44.48736,18.325165
-28.281544,20.704224,20.759798
-42.358463,-0.4142297,-7.007724
-22.19848,-13.956053,-31.970371
51.911926,0.34796727,-9.577894
2.588549,-0.9078427,9.243455
-21.109488,4.8040566,-20.297098
-12.73318,-15.98449,-48.25303
-33.99493,-4.6128664,-18.286907
14.075687,42.380116,-1.8521576
2.9945061,15.441005,-9.357916
-12.1255,27.789242,2.2680836
-44.360706,37.40606,-14.677983
2.1606126,3.122331,-21.510803
-12.183054,-12.656723,-3.9433649
34.807518,-13.053029,3.1159074
67.57061,-12.511188,-23.682022
32.692947,-63.170444,-19.795975
7.311482,-20.478075,-22.99249
-41.217358,23.954489,-31.94444
-46.58862,43.455734,-15.503315
-16.525377,41.07119,25.527292
31.599033,15.322816,16.96389
45.171238,-45.296303,-7.056958
39.20642,-70.222374,-11.536163
48.03043,-23.762487,-23.948534
-8.92748,-13.574022,-21.775085
-8.6046095,17.759834,-19.804857
42.57938,22.58689,-8.3535795
0.6385895,33.43707,6.60195
-69.49761,7.1612024,15.33494
-24.931843,-3.1429083,-7.2809944
15.002411,-58.35273,-37.98003
-2.2925706,-21.13653,-34.256763
27.849792,20.253902,-12.183556
38.40754,24.309875,20.284021
70.39551,24.7919,30.486197
74.08174,8.067753,6.290184
-5.2166424,-26.230806,3.380524
-51.73762,-32.299534,3.062874
-56.828587,18.23776,-22.177671
-8.167143,6.730261,-11.349453
-12.92182,-3.2859483,15.226419
22.071154,9.477483,3.8469768
1.8107096,2.1257021,-0.42277646
-34.130184,-7.872489,-0.753245
-10.219462,12.67577,-3.8674583
47.300568,-3.7956893,3.4218006
-2.1629913,-40.967197,9.016526
-11.29805,-11.904852,-7.010848
-29.366568,1.5329741,-19.795616
-52.451225,-1.2649629,7.1464634
-30.840935,5.4411283,3.7252243
5.1300206,-6.159574,-8.882426
17.46716,-4.1469026,5.584229
-5.8518643,33.651047,2.7118137
39.036926,39.259197,1.5139325
15.182354,-2.592968,19.165705
11.9695835,-43.906918,15.578444
-25.409628,-52.280926,-22.111654
-53.98299,-21.209602,-25.004192
-2.1625974,58.706165,5.6163273
24.553907,53.191093,31.918419
-18.674576,11.144164,30.74447
4.6105423,-0.8052729,17.137867
-41.39206,-16.689816,-8.358829
-19.43654,-17.023895,-0.9824833
31.044825,-21.4051,2.9983413
49.604748,15.308789,-8.677752
24.861872,0.31458873,15.763722
-13.650767,-4.0284977,18.662836
-33.3588,8.304331,-13.398293
-30.200277,33.257725,-16.56862
-14.563082,40.563694,12.132315
9.976427,-10.514335,23.228348
15.207258,-27.449957,4.7620444
-17.035355,-20.531769,6.1641383
-19.53964,-5.175344,-33.56201
-13.09767,44.80629,-37.121777
-21.52467,22.79777,13.964851
6.310263,26.975805,20.202364
37.007973,-7.015189,16.22862
47.321,-13.1096525,9.970972
36.095947,-7.8330536,-7.50728
-14.667481,-20.52229,-13.097756
-49.744648,2.8583348,-21.632824
-32.236675,20.51554,-0.30524418
-17.778694,39.931725,18.969828
21.974735,40.185867,27.357399
74.75638,32.053772,17.839432
65.522446,-17.47899,-7.895061
41.322784,-42.80515,-3.6754584
-37.9927,-21.229427,-7.128249
-39.85968,-20.255777,3.2048879
-40.990936,3.7082489,33.812645
30.746954,12.078672,25.98352
46.89047,3.1943426,4.52356
8.346492,-7.402361,37.529484
-13.286021,-3.5460184,39.193542
-13.822589,21.552027,-7.678362
29.588112,-0.7626405,-13.16745
-19.282043,22.960838,21.001038
-18.281576,-2.4724221,8.172529
-26.315968,-22.931381,-6.9941998
-15.523344,-34.38119,13.971342
13.156573,-9.07863,14.092493
43.39011,0.91799104,16.950895
-6.965287,-37.88573,9.85458
6.7896256,-6.343611,6.5019937
37.36225,-1.5312855,-2.0029502
23.012516,14.691898,-2.247611
-3.6817706,22.645758,22.12362
-32.30278,-5.4641066,22.028032
-41.286877,1.4415512,27.259338
23.571394,-5.943411,28.440016
56.50922,-23.668953,21.086155
1.3144804,-26.925383,13.604715
-0.0023080679,-8.029977,1.1442086
11.140799,-8.166297,10.523146
-16.506672,-6.4489517,29.095802
-26.724417,18.640942,0.9571428
6.5035596,19.164883,-3.4299326
-3.6613183,26.796968,2.672604
17.378813,1.4676238,-5.486692
20.123304,-9.9617815,8.520942
-29.34829,2.556665,24.584156
6.0790873,27.784811,28.163845
-5.3943033,38.23595,-2.2128274
-45.75454,-5.5682697,-20.895441
1.6178331,-5.469918,-32.565994
18.376581,4.78595,-27.865498
27.580118,7.096927,30.678928
75.884575,18.742336,27.590406
40.680424,-19.433699,-3.8020477
-1.7735982,-17.86225,-9.165423
-7.9724936,-17.836878,-28.02975
5.263751,-7.0560813,-56.05381
-19.799822,-12.762953,-27.08189
-18.066164,38.79063,-3.3133585
17.387205,57.730602,11.551495
-23.444487,0.14966308,12.873489
15.28963,-20.706131,-27.726217
28.682566,-19.295534,-71.59196
-31.614586,-45.54069,-33.077797
6.8652115,30.913517,10.441321
24.915703,31.934256,4.113626
28.799698,13.213349,-4.8195224
-12.8196,9.709257,-13.748731
-33.409065,8.839768,-27.998512
-51.10382,-33.91635,-30.03213
-31.084364,0.8853175,-16.973404
11.0138645,57.17755,-13.448989
6.615339,49.592472,4.946889
-13.051696,16.40321,21.828623
59.211533,-15.52131,-1.0128148
41.420975,-13.423348,-28.141716
-0.053633858,-6.3922105,-17.830345
-14.299049,16.180933,-11.933194
-11.368278,10.999797,-2.147456
-67.56991,8.399438,13.055172
-16.178413,38.582973,-0.33497682
8.735562,37.121784,10.382344
-10.313473,13.44667,31.95762
19.10763,-24.837358,-13.233989
40.98368,-43.596996,-54.192448
26.110004,17.694597,-23.509975
20.885729,31.805607,8.735737
31.229403,28.791407,29.504358
28.132544,8.980945,39.225227
-15.05633,-12.650024,18.68832
-55.763573,-40.34158,-34.523712
-93.081985,-24.048117,-56.350544
-21.392805,34.39204,-2.724826
70.44656,44.89622,44.890377
53.421566,33.651054,51.206547
6.768406,12.59428,18.962517
23.956896,-51.323772,-35.809425
29.478718,-48.691044,-41.665855
10.425055,-6.897222,15.20724
-18.171272,8.769698,38.924
-50.28218,12.388311,20.799236
-84.86348,52.09124,-24.519678
-27.845036,49.84798,-26.997618
37.801056,46.551266,18.857454
51.497055,4.075449,34.326786
49.48246,-53.09155,8.790409
30.664404,-96.52782,-12.02755
17.060648,-58.001396,-18.597998
19.082832,-13.151212,-21.938297
27.033339,1.9439113,33.66239
6.0323114,15.440064,55.49364
8.050722,-3.4346397,14.910932
-38.583557,-18.937468,-20.016487
-36.28802,11.65782,-30.216423
14.403504,4.5995426,-6.5863123
-12.003115,-24.705528,15.166032
60.97624,-25.04613,61.720577
57.747116,-22.57804,34.60181
73.19422,-22.74512,-12.961258
-14.434441,-70.64153,-19.621393
-7.3032093,-46.96154,-10.825558
-32.642113,4.9460526,9.434872
-80.62786,62.15071,35.004013
-66.76597,58.072174,42.378017
14.389349,33.4657,17.823528
37.25449,-23.874542,0.63523686
32.414043,-49.328537,-7.867708
46.200264,-48.95819,-8.843752
-4.172262,-30.467329,-4.7612257
-26.82972,-14.472244,0.39359453
-41.67315,-8.13165,-0.059856083
-14.366204,13.167474,1.662463
-1.1367047,30.11947,15.5796175
21.379454,-7.761133,0.46862036
16.56788,-32.87048,-12.696621
13.567115,-42.265762,-26.756721
-2.5651371,-25.477007,-35.37715
-8.90317,-11.839178,-3.2470763
-3.2336972,4.866559,7.613666
21.669703,-6.49836,15.052715
18.07097,-16.187902,12.964668
-27.14189,1.4590389,8.296684
-25.655485,-23.860796,-17.196827
-27.067085,-34.068016,-29.607351
-29.554592,-7.404064,-17.107405
-16.038618,-1.0903069,-27.465357
19.62639,10.219718,-9.321055
21.446728,10.798426,20.708998
35.57521,5.446961,30.596214
0.008390374,-12.473992,22.90477
-15.289482,-21.40272,-8.2020235
-1.0111836,-24.196545,-34.422825
-29.12215,-10.233225,-17.466137
-53.214546,10.555079,-2.8333294
-19.793552,12.15332,4.184521
-21.129875,8.308006,9.604896
-10.220214,5.4836965,14.656214
29.161003,-16.898817,-3.2496245
67.96508,-33.68395,-10.187659
26.636635,-28.224571,-4.931738
-38.06833,-28.833916,-23.184639
-60.970856,-42.88673,-18.246185
-94.067444,-17.850637,-9.371095
-46.70695,36.341534,-17.24021
-15.27981,38.75807,-21.668573
4.8019743,16.382113,6.993204
60.41784,-11.32376,12.062139
63.0658,-32.0216,1.6806389
16.802748,-63.7364,6.9321094
15.431081,-28.1804,-18.995659
-10.248122,7.3581896,-29.435137
-78.53274,31.329191,2.918837
-65.53574,65.15856,23.17601
-40.45775,42.643524,8.41838
-5.5533943,-7.4092546,8.770314
-41.869175,1.3586345,-19.819487
-11.464335,-8.860573,-33.995415
16.930004,-1.3756068,-5.2400637
40.554523,22.15954,14.583654
42.36112,-11.876104,-10.154966
-3.5953343,-24.696217,-1.2782848
-57.92378,3.667006,3.0620995
-41.15999,33.683685,-20.56543
-11.440647,25.600603,-7.982838
-16.361351,19.30186,10.461453
-4.7344856,-5.7072687,10.451473
-6.0799065,-12.178346,-6.752855
10.474135,0.26729634,-16.68394
7.9125013,4.3516855,-10.872397
3.6204426,-17.892515,-7.176267
0.67440706,-11.823294,-2.9755502
26.150764,13.662016,4.8104067
-33.07535,7.2031956,29.04874
-32.1187,21.17247,9.252976
-2.9799044,9.013204,-42.70045
-50.31679,-1.8163267,-41.060974
-51.702824,-5.123899,7.377071
13.181004,28.499254,19.608986
84.885345,6.7544317,1.0671968
100.50328,-3.4740753,-12.973789
87.9805,-12.335584,-25.740341
16.288765,-37.650303,-13.008563
-33.3052,-31.194118,25.975267
-45.414246,10.505724,-12.174581
-54.300957,20.88594,-20.157724
-86.446396,27.501104,-7.05206
-4.0126977,39.608566,-13.275767
40.57724,9.905432,6.5495124
65.17696,-7.9283357,51.692696
84.15074,-36.48888,12.916438
50.227116,-65.7541,-37.135967
20.637203,-45.313488,-17.99099
-11.592434,25.37512,-22.562536
-3.148955,43.79315,-5.864248
-28.602547,36.81345,19.334515
-60.921783,37.70934,12.828305
8.615121,6.453151,-5.257626
25.594368,-10.574239,-0.5317982
57.765835,-5.3706594,-3.194787
56.412712,-15.822019,-22.756025
28.278152,-21.297411,-10.3674555
-7.8218646,20.564678,0.3266047
-33.887222,-4.8257113,-10.593465
-39.172436,-12.752133,-20.862728
-33.577827,20.142544,3.8902285
12.272731,21.149265,-7.3803787
43.251717,13.615809,-22.125782
36.741158,5.45487,12.64571
71.20427,-20.933973,21.402584
63.191483,-74.13163,-11.662381
12.929871,-57.541462,-28.762735
14.650017,-12.505183,-18.175604
-19.045551,25.081818,7.313283
-14.380347,60.11719,30.42076
38.081646,60.14003,38.436176
-24.63735,10.062948,24.041056
-59.745285,-9.287145,-1.3066734
-32.879025,-40.190845,-11.5421915
-16.63048,-24.243221,-19.241108
-22.202894,16.375103,-3.7100778
1.2021202,14.945782,5.5904408
26.626434,30.28306,23.95502
89.18797,17.096344,36.903835
56.955456,-2.7108312,29.094702
32.37798,-38.384,9.011681
-17.80044,-26.399603,-14.232939
-59.22976,2.6797562,-16.666122
-103.26144,17.166327,-8.517165
-36.194656,57.95746,23.213388
39.210247,36.749077,36.34982
8.418261,-17.672302,41.78399
18.147038,-45.22863,18.66596
29.901783,-41.189236,-21.223965
22.083944,-38.107548,-3.3980267
10.067334,2.4709005,16.922277
-18.339811,39.04568,14.73202
-76.73265,33.58346,1.6942732
-89.57152,4.4056106,3.7254188
-49.388252,-16.410126,-7.730219
15.012563,-0.6866151,10.560935
19.389956,-2.3741503,38.095062
42.263344,-14.525356,26.891218
36.648693,-10.693867,6.287343
-22.141352,-3.1965456,11.810219
-7.186649,7.1506796,-1.4019035
3.289311,-16.211668,-19.65034
-30.162283,-43.190914,-18.284176
-2.7041447,-3.320355,20.947666
22.608389,52.819084,38.213165
13.199395,77.06249,32.426857
-15.544883,22.115746,19.394873
-23.019026,-27.422617,-1.1876167
-66.075775,-47.064003,-11.365221
-28.405233,-7.0378094,0.20377752
33.33006,32.444866,23.221304
44.960403,36.538834,10.984082
44.27653,31.168262,28.709366
16.4285,-8.010361,20.391453
24.796053,-39.087246,-17.036833
9.054045,-23.177631,-6.953433
-19.460371,6.078659,-2.808982
-46.017433,6.5758038,3.5568879
-40.508198,23.834566,8.054524
18.21506,46.764503,4.1343155
18.15879,6.850706,6.10167
9.015933,-3.1816127,9.686901
-24.00039,-21.7295,-6.870652
7.4821143,-24.138908,-24.270292
-21.734026,3.000255,-9.824107
4.910052,28.162746,-16.678616
23.450352,-3.0184617,-19.739796
38.054153,-33.174763,12.343399
19.596262,1.8121911,5.955734
24.049204,10.187519,-7.742014
9.263246,15.152942,-1.2698327
-25.414303,11.849662,-5.146433
-35.957798,13.178057,-28.120049
-33.51094,6.2658615,-9.999876
-6.2721305,19.087528,13.22282
26.58677,14.174703,12.973271
6.313802,-48.194298,-9.717201
-3.7619877,-25.187244,-23.424232
14.710957,6.557778,-20.09442
24.077686,16.57919,-1.1139165
11.755678,27.861586,-0.9286995
1.0044677,17.720747,-8.144134
-28.503653,24.841688,-5.734913
-50.34454,-15.787957,-5.4820085
6.934033,-40.455418,-1.0064636
7.366535,-40.751472,6.651506
33.05326,-2.4451723,9.583133
55.318207,29.672594,-8.475185
-1.5918033,9.776983,-4.6413593
34.456383,27.492462,6.3090115
7.7261744,-3.6067483,-4.201152
-24.118706,-33.607513,-0.8549842
-61.304924,-9.479514,18.895006
-36.43978,-13.445693,-4.3124304
4.4406605,2.5894825,-6.1240273
-28.719679,12.475736,11.877184
26.466413,30.823639,1.9239613
12.76981,-14.145898,6.6033263
-33.753082,-12.031058,6.821354
9.712991,-14.144152,-14.519535
-13.855002,-30.288607,-40.23304
-14.45781,-15.922663,-27.824867
-18.642452,-16.562399,-4.3453298
26.753578,-10.082017,11.065415
-45.84855,10.61796,15.319811
-44.06182,63.89937,-3.0846298
-18.19227,28.420965,-23.237452
-26.267263,-6.678624,11.823582
-3.569894,-27.05396,3.0638545
23.53729,-33.685196,-33.37263
23.845993,-1.476487,-24.336195
-13.3937235,51.766594,-7.8566847
-9.740696,60.669323,11.26888
-29.261177,49.63678,27.678566
-54.565098,26.968637,18.557642
-23.80043,-14.884717,-1.537667
-2.453683,-46.134373,-3.4435356
24.730473,-19.014591,2.7974074
69.05337,-9.957314,-8.306338
32.132164,-24.189985,10.555733
18.14454,16.345556,32.555363
-24.484226,42.19759,-5.2669325
-37.45873,26.161095,-11.565818
-53.13433,18.359818,-4.9875517
5.1049423,5.6338625,-6.305366
-17.000011,-33.82396,-12.227334
-6.1189065,-36.23286,-4.139989
24.715303,-6.4298415,3.2239614
22.574955,33.517838,-10.998504
18.781326,35.48695,-0.101361714
26.584305,26.388273,25.555641
-29.576147,-20.46753,9.525539
-37.342247,-13.190279,-2.097964
-3.6739104,10.548585,10.080116
31.402328,29.636625,12.151638
11.762321,3.5864792,16.967367
8.538806,-28.92061,35.413723
12.044013,-5.3286443,25.777555
22.221752,10.661339,-8.202578
11.751301,-22.23714,-41.142582
19.031824,-29.975224,-39.47795
7.838294,37.19222,-1.9945056
23.130697,52.789238,40.10798
2.4407456,33.276386,26.579502
1.8581207,3.218866,-8.644205
-20.683744,-18.837677,-15.454087
-14.200855,-31.234465,19.144632
-8.841575,-5.87582,11.252825
2.4973648,23.892982,-17.08684
-7.2767096,15.253707,-20.351252
22.423302,1.4022412,15.10301
54.68432,15.037606,23.070532
49.942783,-38.01767,-10.225821
13.724747,-27.954239,3.0578046
6.225971,21.880997,2.02661
-4.865154,26.905806,-8.587566
-11.008419,32.872734,16.88358
-44.70255,26.119501,34.459843
-15.919455,5.718151,4.9899173
-9.954442,-61.131454,-20.172972
1.6600102,-38.49726,-8.08891
44.733524,-0.75726944,-2.8534098
27.540808,5.267745,-1.601495
12.442529,-1.8595626,6.501325
27.17251,8.044587,5.981435
17.933634,7.822989,-8.337805
-53.17425,-20.313831,1.552696
-31.606339,-35.89287,-0.09181983
-36.719162,-41.03332,-1.1240457
-5.72326,-5.466464,-8.931738
33.218605,34.775467,0.44080865
66.32296,18.392645,-2.68716
8.165443,0.2292136,13.321065
-46.418133,-3.3771632,6.0086584
-44.788525,-28.770105,-27.298332
-31.674904,-35.81351,-36.905785
12.125125,-17.300207,-10.655171
20.84854,22.483751,6.1011453
11.466368,34.845333,26.711218
12.000594,31.290586,8.014677
14.650284,4.1703377,-12.060103
-8.963141,-36.084503,-17.214846
-18.883795,-47.91296,9.6031275
-5.817396,-46.10967,25.765053
-23.892937,-9.203948,11.9990835
0.10571334,4.1183114,-15.230015
2.7241719,-21.90767,-28.042921
-5.3203077,-16.282751,-1.6366509
-1.2848312,13.901196,-15.562229
6.529296,23.565159,-13.613511
5.6711383,27.34082,17.052908
4.6894717,-14.667422,35.020306
17.803297,-36.397305,-10.000731
24.338955,-30.88621,-23.946873
19.626766,16.103447,0.7945283
-21.123241,8.074181,5.6522293
-39.853836,2.418161,27.015911
-46.999706,17.510475,6.437615
-54.358448,9.01947,-46.89747
-40.490356,12.501535,-26.625452
6.8365626,32.541622,15.064868
51.02159,27.997396,8.243106
40.178955,-37.214252,6.62254
15.483783,-19.032757,-20.132174
21.90971,-17.737364,-48.116474
-6.814126,-26.105444,-11.476153
-21.305527,8.640945,31.915472
14.810342,45.70029,20.320574
-18.583208,45.424164,-0.054794103
-27.527756,56.632614,33.424572
-40.776905,38.286636,7.912053
-41.221466,-43.286118,-25.139793
-31.685724,-32.459908,-16.447235
60.09028,10.327224,-14.816338
34.700092,-3.9259138,3.2506561
73.54492,-23.802807,42.226894
27.370184,-5.233513,25.481674
-3.8823376,6.957028,-29.620817
-79.782,-11.284191,-41.873158
-73.74093,2.4768589,-22.66213
-12.936651,45.730865,11.910957
10.664692,69.676346,24.35982
9.86419,30.029886,-10.32911
19.417828,-21.0508,-14.897689
57.7888,-11.713647,-1.1785347
56.08009,19.418615,1.0056013
29.731136,0.5355957,12.057347
23.016771,0.6762672,0.2628103
-30.480919,11.522407,-27.22316
-71.79002,-7.183138,-14.605131
-52.351368,0.5095245,14.674111
9.01317,34.68369,6.2966986
8.466241,16.380615,4.2962265
19.955107,14.543778,42.488342
14.938439,28.482288,16.968002
10.676449,8.244464,-41.759243
4.85903,-33.29306,-35.745064
14.729697,-13.167309,-16.58046
35.614304,-19.062391,-39.682304
18.079948,-37.66799,-17.25959
3.1118748,1.1300237,-5.3838277
33.8672,30.972925,-3.7201595
2.3084314,26.774109,16.768452
-24.514698,36.714725,33.528763
-2.6738594,13.931823,5.0097036
11.365478,-29.345592,-16.803934
-10.580979,-20.924295,1.2113656
21.81624,5.2420273,3.9106367
41.422775,3.4562476,-2.7517898
-2.1665056,-13.232178,1.4447818
-4.817737,-4.763312,12.241396
-10.841512,-26.396923,13.564447
-28.840492,1.2361104,4.7528358
-7.1230993,33.382996,15.872445
2.7454908,15.299461,16.659344
33.81532,-23.114237,-5.341638
-4.0605216,-20.413382,-4.493984
-28.197237,-2.8747942,-8.799926
-5.080636,21.790686,-23.135828
-10.350013,33.948112,-24.689817
-11.982977,-25.60319,-8.167747
19.13265,-48.018852,20.31498
6.485919,-26.5376,13.494727
7.650478,-10.506505,-12.416123
-18.418055,-19.384893,7.442423
-33.222225,-38.90062,-11.995875
5.2924047,-53.456013,-2.5235476
-5.3025293,-27.861998,37.43963
5.7043896,26.380926,29.772581
34.31064,23.483501,1.6121937
34.224728,-15.191419,-7.8746066
5.032274,-32.39591,1.8805759
-42.775265,-23.702911,-6.154192
-45.670616,6.829899,14.843529
-47.705956,5.0552096,26.662252
3.3630302,-13.036199,-0.21865413
23.901749,-49.72244,-20.422007
50.403458,-42.72641,-16.216837
37.852802,-12.267278,-25.542305
-26.901329,-1.7600732,-22.23405
-48.501842,-9.352934,4.133976
9.531312,-20.39575,-4.446297
1.8243809,-38.51333,-16.886885
-10.77989,-37.648285,-9.5537
27.971855,-0.7536327,10.142045
13.006748,13.956659,-1.5139236
-13.218782,10.478659,-17.908552
-15.828124,10.478502,-19.8592
-10.252394,-8.647841,-11.264476
0.11866233,-6.9706798,9.85749
-4.2965665,-48.500328,14.709324
0.19332838,-57.68686,-22.346413
11.902537,-22.309574,-28.557056
26.962439,20.48955,26.165531
9.194872,41.809895,60.393414
-22.33179,55.745567,51.370205
-33.417576,40.93857,10.092442
-47.143536,-15.172252,-28.383791
-12.350429,-35.842762,-25.574112
50.739037,-70.364395,-24.626328
38.39717,-54.865894,4.2519517
17.793139,6.857628,14.284532
49.54705,62.38298,22.172268
61.612503,43.825207,7.4713798
-16.752058,56.292477,10.99125
-17.823164,17.857605,19.008854
-91.29965,-12.067444,16.869747
-65.11773,-32.20197,6.5271134
9.532174,-9.680012,-12.5627
71.10023,22.065403,-3.7214508
54.6401,59.4568,57.36287
0.07507531,66.51662,56.38169
17.412455,4.9336905,27.719099
-39.124546,-28.354557,-20.072422
-47.042656,-24.188608,-46.267265
-39.683002,9.545138,-15.600006
-30.852354,12.436004,36.39524
40.080738,40.229225,48.867527
81.389824,32.610134,15.041659
69.77784,-40.790047,-5.723096
49.063522,-27.99403,-8.19078
4.793971,-0.92481214,-26.708336
5.58136,2.6403823,-11.833015
-19.369846,19.192743,-24.705662
17.764778,28.871681,-23.40341
-13.812586,38.185555,44.62318
3.5773354,75.936966,56.13116
-29.439575,47.53345,-11.477096
-33.19965,0.75104576,-51.319946
-23.44375,-20.287966,-39.65596
5.8078747,14.382134,19.216553
4.8294835,17.15563,51.313118
33.266983,-5.8987036,16.36798
46.3273,-11.199222,-20.350021
3.245837,-46.133152,-23.606834
-55.17253,-19.137688,-19.310057
-16.074635,42.895367,-33.798332
-52.90966,49.45256,1.3088479
-41.932396,36.61434,24.654322
-10.870545,-2.8754988,-19.8753
4.6320233,-42.628513,-42.82884
2.159822,-61.097584,-27.296934
33.4791,-49.064323,-37.55731
63.41463,-35.491226,-36.63985
0.81621915,26.218042,-4.342333
-4.594191,45.031128,-8.079459
-18.73059,20.514366,-2.5257096
-93.41254,2.1788845,2.2402105
-24.664564,4.7003617,-17.564684
16.055828,-22.200956,-30.000101
8.365575,-41.514427,-10.049926
36.17181,-15.1693945,3.0116549
11.658167,-41.66862,-12.158011
13.394279,-44.610268,-13.105033
0.23398365,-11.03384,-11.125395
-40.033886,-10.636429,-16.172413
-36.590252,-13.404764,-2.9943137
-27.582066,13.399729,-6.8514447
2.8704753,-9.328529,-19.003176
-41.01159,-22.349518,-5.179616
-10.960003,9.669154,4.333949
-3.320265,34.148872,22.003355
12.740237,7.394518,11.634238
-11.027157,-19.797966,-4.4370313
-40.59156,13.05017,-38.5768
-48.695316,-6.068553,-38.27123
-2.1169024,-5.0110817,-2.1962712
26.959808,-26.926636,8.838148
-21.725658,-25.441528,24.36735
-29.575228,9.112049,4.5929327
27.023485,-14.513739,-5.9241514
2.9816053,-10.556947,-33.07956
21.175377,-9.446329,-15.1861315
43.213814,21.07587,47.385803
4.5657864,7.1909695,38.434345
-16.13594,-50.724583,7.0320067
27.611454,-28.120419,-16.256891
31.337013,-12.079762,-16.778337
6.556119,13.30521,12.714862
-7.6921887,12.394419,23.272291
-40.485775,2.3244808,4.5455594
-54.619602,32.58561,3.298548
-22.657455,-10.313614,3.7312307
24.573957,-17.710468,-3.345251
64.14378,-23.258448,23.449816
82.83312,-4.6228123,33.439342
112.46016,6.7066154,14.280149
25.915976,29.776611,4.8475065
-48.561077,58.65339,25.65472
-48.402424,77.14865,29.517393
-47.930428,86.10556,28.274609
5.400223,33.75339,39.94238
43.44471,4.366777,21.449245
53.723892,-33.030052,2.4686427
27.632298,-26.357664,4.1546702
6.5774465,-4.3978696,4.2888775
-21.145447,17.63651,5.9695063
13.498476,34.140614,5.840884
25.646412,8.788743,-11.20307
14.938742,-34.82068,-14.061613
-18.045298,-26.543333,-4.9890456
-10.671503,-18.264706,13.362625
-38.30953,-11.34011,19.605942
-11.769811,29.150478,-4.661896
36.57352,56.501793,-17.557388
-42.64697,27.135077,4.110707
14.400767,35.72339,33.134014
43.729614,46.044712,24.757992
-11.396996,-11.8968,17.819563
-10.634793,-36.871323,15.872089
1.2004567,-42.289932,-20.005571
-14.850629,-34.72671,-41.868553
7.987562,15.926421,-1.1949509
22.13806,56.7484,29.474403
-15.617498,46.57804,46.175365
-53.179497,9.806953,14.281173
-48.90972,-20.392374,-18.701166
2.163409,-11.018227,-29.719257
-18.667093,-28.4673,-0.96805704
4.335946,15.539317,-2.1087084
8.25097,27.739985,-23.71652
41.02828,20.433792,15.441622
60.73218,48.418877,38.27644
59.381546,6.4894075,24.135134
-55.910233,-59.462757,-8.159637
-64.59659,-67.90973,-29.977133
-54.111362,-27.281431,0.31252933
21.371826,10.681621,16.510069
57.588306,14.179576,10.597752
28.009935,21.762472,5.1752663
-9.092475,0.03849071,17.806732
-20.290087,-7.920114,7.0958967
-1.855111,-37.254204,-44.061214
-44.839725,-36.53505,-25.39736
-23.154423,11.602384,-1.007829
-7.339824,-9.849268,9.395618
14.913297,-29.602526,21.130196
32.425865,-7.293832,-19.806973
69.279945,34.05322,-59.713272
-0.2743567,7.351139,-6.462133
-51.675728,6.704015,46.73102
-38.449684,-31.364729,-1.5638555
-47.62749,-53.94137,-38.42383
-40.12381,15.019278,-3.3101315
37.599564,27.07475,-9.929575
33.171806,-0.06648836,17.998394
39.68334,0.31234416,68.02339
68.29245,-14.831855,17.509216
-13.996945,-31.400728,-36.566593
-76.75028,-45.312508,-20.892904
-26.11403,-20.72167,-5.7672105
-29.175055,10.483501,-18.350863
-43.081333,27.223274,-2.1374357
35.59277,85.381165,21.881023
-1.600965,26.343657,-2.3794122
-23.517853,-13.805973,-10.451509
18.041325,-52.822666,-6.1544595
43.254375,-60.850746,-9.417963
22.338095,-36.401188,-27.567953
20.988062,-2.9722266,-27.1988
-16.39438,58.881798,-15.735629
-3.436997,48.824387,7.9789677
36.31722,31.869534,11.482201
-10.583587,-4.0805216,16.872272
4.365716,-1.0076331,22.184101
-15.21762,-4.674352,-29.733517
7.2640724,-58.12524,-39.747875
15.296924,-25.978231,11.52956
-37.22295,17.53171,4.234507
8.544928,54.00723,0.9587308
-14.536042,43.000515,4.7976866
-32.410343,17.721298,-12.354846
-3.4840858,-3.896668,-32.84375
37.772648,-46.350143,5.491625
22.124697,16.848557,18.816174
-2.2795706,-3.773605,6.7336802
-20.376173,-10.551685,7.573317
-22.10082,-9.529405,-7.313358
29.458729,3.33024,-21.865509
36.21903,42.697823,-2.2851403
-5.6941504,7.182307,20.079613
-0.40723172,7.866677,5.6808844
-20.740112,-29.014572,-17.792686
16.150309,-30.585377,-19.50237
20.931818,-1.3922772,-4.953375
-6.4663544,-0.56921303,7.213632
-10.838734,30.344082,-14.654569
-22.25807,11.470707,-15.04723
-15.279382,20.193974,4.200167
16.74084,16.873093,15.068415
-35.270325,4.969556,37.292923
-14.958444,-12.130321,27.131952
0.7717297,-24.17255,-28.069632
-1.5901065,-5.390198,-54.987003
22.510445,-0.26817498,19.58771
22.278358,33.923626,77.98822
1.75321,43.869076,16.02235
-59.295258,-27.397038,-39.570343
-55.70776,-9.16431,-64.07527
-17.745222,3.9590423,-28.010704
28.928137,9.448676,18.273685
70.86765,-32.411972,22.368822
56.020004,-17.224173,22.86115
35.33944,-2.8318117,-16.49539
-3.6345913,-13.832105,-5.8157997
-27.195116,29.060606,10.598546
-46.834732,8.176838,24.114893
-37.784855,27.05302,24.974354
2.0546603,-4.9501815,-0.50450605
57.984875,6.467874,-6.050552
40.132854,2.0937934,25.456955
46.28622,-16.118843,33.626987
44.457962,10.124913,12.421629
-2.2537692,-30.464626,12.24759
-35.85038,-12.780692,-12.087994
-33.69404,-39.212784,-46.96357
-20.075098,-6.5010433,-22.047274
-6.8142195,62.263763,24.502172
55.195698,67.75625,37.40564
50.002136,69.99356,30.863028
-53.776203,-31.334606,8.591875
-17.40506,-69.4185,-40.29853
10.443057,-81.34469,-25.201683
8.031288,-11.184177,17.747824
52.139603,19.340633,0.06813893
2.3621233,7.0718155,3.5313473
-50.29402,63.978447,23.512383
-44.53869,35.314503,9.683532
-62.857178,8.884704,5.026096
-35.16751,-45.420937,-8.309704
37.710804,-63.424065,-36.302757
93.04158,-66.42108,-32.88891
49.267086,-39.328976,11.787354
67.1446,31.08386,43.092556
29.44577,22.122711,6.489905
-76.93824,-2.9570124,-26.167883
-100.794556,-10.291452,-39.780827
-86.84516,23.406206,-27.404284
-13.99121,57.13479,-6.8650446
31.721954,38.42003,20.024075
55.452618,1.7235026,36.44752
6.9530616,-62.49511,6.3407254
16.336084,-48.4528,-35.836063
27.303883,-23.2492,-26.756004
-10.406994,-25.806433,4.973171
12.317294,11.994927,-5.0579486
4.511008,-4.2515945,-17.053219
-86.36665,42.392387,16.876463
-66.23219,74.08849,15.668073
-40.58425,9.366665,-13.80875
-53.007935,-29.759111,-14.246692
6.477957,-27.599642,4.566955
59.37976,-27.167269,14.9754925
116.62986,-30.732605,19.561066
49.36686,-18.287195,-7.970385
-11.955671,-46.344074,-39.439766
-7.155899,-39.6496,-6.9492183
-79.689476,-5.629017,6.516678
-34.650448,35.458164,-9.092692
-38.2432,27.791788,14.48596
-37.758995,4.274559,1.2586627
-1.2719463,16.573847,-27.997967
-2.3045783,0.4701092,-13.236969
23.054573,6.762583,26.438646
54.777916,-7.936913,16.86337
39.560238,-43.759266,11.268105
44.502903,-19.106718,-16.756685
-9.189326,-31.187557,-51.68757
-71.319275,-3.7686484,-31.313616
-71.58004,38.44472,25.210688
-42.314796,66.05141,29.691208
-25.320116,37.122414,9.340635
-0.8172936,-6.7285438,23.08151
38.263382,-8.939237,-10.347169
43.725758,-45.78359,-15.242869
28.844284,-31.090548,9.046656
6.8463297,-26.588717,2.801105
-7.34057,9.274488,-15.187856
-61.380333,15.882601,-24.793005
-15.6072,43.71055,-11.568632
3.142555,25.203682,4.871495
7.564269,-7.629978,32.860344
31.725142,-2.0163295,14.825491
-15.372461,-50.262264,-22.93829
-5.141839,-14.978513,-16.286509
-24.598663,4.9559474,1.2426121
20.417086,20.825846,26.542856
32.39975,43.60427,56.282936
43.178368,27.392653,23.047264
16.207388,13.582079,-22.253962
-30.281252,-41.393887,-28.269747
-39.190178,-20.68322,-7.4941826
-16.99335,-20.45107,21.78779
28.189318,30.970018,14.018802
24.218576,68.034515,-14.689572
24.303713,12.941166,-20.918999
8.751699,-18.951674,5.9658012
-21.633192,-41.285675,3.327623
36.045216,-20.744585,-5.672254
-43.866943,-30.941477,8.708957
-7.165196,-10.45137,23.538595
-12.712154,40.85722,-3.8781793
-22.630663,33.341015,9.165604
-23.97237,52.941902,39.903873
5.777777,65.67495,18.252121
14.481686,42.521793,-5.619831
8.280748,-10.839714,12.999912
33.48983,-36.305447,-2.3401873
29.551886,-46.55441,-10.474624
-2.0102603,-21.030472,23.53513
-41.039036,9.568938,34.38802
-10.573582,29.070103,6.0605025
-25.68952,41.41719,9.80411
-22.73113,-7.942568,-0.83815885
31.29872,-30.578516,-10.574424
23.880608,-21.535778,13.154782
62.597687,23.960413,17.732233
77.43502,40.20076,4.7022753
-4.44853,-26.69313,14.906571
-32.311733,0.9683548,-6.4508805
-0.6608023,8.13664,-19.455967
-27.91241,21.265951,10.598843
18.808756,45.49373,25.225252
22.724724,31.121258,29.077368
15.878808,-12.130797,21.583908
-17.447123,-23.849815,24.039162
8.543844,6.8181863,-8.485426
-37.635914,2.4982128,1.2081618
-5.6254706,18.799507,21.241814
11.2434845,15.360959,10.491469
27.238108,-12.296747,7.2682962
11.442663,-6.2582674,-0.08576821
-31.548244,26.50067,-16.440887
-19.602314,21.473969,-16.472658
-34.173428,-19.200243,-2.1245499
0.98211116,-5.1517577,-16.016727
44.327087,-5.6359696,-14.9047365
9.48741,16.607527,8.725938
65.157,18.789335,1.6740091
42.447216,-14.265165,6.177665
7.7019744,-2.4182634,4.6956306
32.411938,-52.885708,-13.036601
-23.90943,-32.8188,-17.51719
-34.414364,9.548194,-11.915164
-4.2732844,30.001965,-17.064878
-21.757896,18.76204,5.277211
-25.249954,-2.619121,18.13361
-29.880663,3.78036,-7.482406
33.753887,-24.820484,-14.497093
44.09993,-41.807304,-9.495158
57.256275,-30.418203,-23.068525
45.543896,-41.989437,-37.148746
-17.83089,-13.773592,-3.696037
-6.839799,27.972086,-3.2916696
-18.938915,52.10898,-22.643417
-57.988018,7.9664807,-12.293408
-33.67892,-24.746147,-22.181887
-36.099926,-30.391836,-13.297097
-14.630526,-17.26031,27.655357
42.486195,16.42735,19.157675
65.74033,-5.1274486,-3.6963744
54.80273,0.9804344,-1.2016758
5.1253963,7.68239,2.8495762
-59.954086,23.189327,-18.028328
-62.516018,29.571058,-12.084907
-77.21487,13.322381,0.33107305
-18.059383,-4.816231,4.2950726
2.1743426,-26.536444,-1.6326228
46.25254,15.020485,-7.162621
98.57622,23.815325,27.05893
53.646053,0.0065078754,47.3701
42.177734,-28.34587,3.4624486
-37.838593,-43.042473,-68.14695
-95.2588,-60.162476,-37.748337
-24.576729,-11.5594845,0.9015781
65.452446,-6.6835036,12.970167
22.453215,41.72234,24.418583
32.634632,54.723446,25.821802
25.946648,6.2405114,-18.902899
-73.127174,-2.1014373,-31.826416
-103.9512,-38.519176,-15.191785
-25.426699,-43.694912,-16.975548
39.22412,-36.21119,-15.654694
19.153639,-30.923569,3.794313
93.02084,-27.165262,-1.7721295
37.75082,-22.299143,3.5420918
-53.46656,-1.879386,13.39482
-79.36317,18.27369,-1.3219186
-56.71732,19.288406,-14.340179
-14.788248,25.968126,-13.665327
56.920086,2.0874834,16.032516
65.33849,-0.44673595,26.986395
21.058586,-12.995485,19.132261
-12.492507,-14.221982,-18.442137
-21.9418,-37.930656,-59.39935
-12.769958,-23.550991,-33.654137
19.999352,0.71053165,-5.571028
31.795937,6.8524218,38.684574
21.203342,34.671585,43.114918
-34.35024,23.117577,3.0486095
-73.1889,38.331924,-11.481205
-69.51324,37.20556,2.8103454
-55.20649,43.02567,4.955143
-18.13013,16.152868,20.133602
0.3015213,-40.47228,31.71445
61.641434,-26.163443,-10.044667
37.95688,-105.63397,-41.308064
13.41713,-69.33976,-6.1859326
-13.500294,5.3587503,-4.348104
-22.375092,54.198593,-6.8272004
-41.201473,57.933655,7.8153834
-71.56397,31.166456,28.859852
-55.785713,6.884806,-4.958966
3.8788593,-80.13518,-9.550044
54.58627,-68.88592,3.0857203
66.66405,-48.572598,-9.888297
70.577255,-27.519623,-31.59729
44.818855,12.869665,-13.481326
-13.640759,39.278366,7.9575844
-37.908825,44.19875,20.670677
-47.932728,63.40087,37.497192
-31.587696,60.022007,22.380877
-25.411346,22.153355,10.723894
8.318813,-2.6345897,12.969939
41.650906,-35.17696,19.969265
13.169464,-39.646023,-4.5841713
11.877016,8.889177,-8.723073
-32.980022,37.98419,-1.5064443
-42.5875,0.77409387,-4.6257887
-46.419582,-16.72642,-7.459721
-14.676573,-25.955988,11.39492
18.822447,-43.27665,-20.804026
7.5484133,-39.59977,-17.360857
13.456594,-4.068468,-55.56231
58.99126,-0.10924085,-37.05862
14.809259,28.697498,16.492323
-11.260592,51.962193,13.702873
-38.956306,56.692665,1.295069
-64.00337,4.1003833,12.554722
-23.111513,-22.55125,10.3865795
18.382849,-21.846537,-13.036485
48.59619,-38.910458,4.780483
45.5201,9.807208,20.22475
15.171713,49.853756,35.766502
-24.918411,68.00465,44.872814
-86.58872,44.68545,23.317503
-48.462067,-11.683774,-38.13806
-17.089739,-85.015976,-50.766197
20.796787,-89.28623,-8.80588
87.50835,-45.538647,-25.749336
86.54261,-27.70342,-30.672382
50.583134,24.46955,-17.05474
5.307797,70.63666,-21.388466
-54.444786,81.175095,-17.168686
-100.11854,81.30725,-19.072273
-28.53839,32.912426,-13.716875
13.505116,2.4565535,-6.7196193
38.958305,-10.605807,6.2101126
33.332485,-9.367322,-15.81889
41.997036,-10.00442,-4.3617435
31.826426,-16.511375,50.604404
44.33063,24.77134,24.963951
-19.909674,-24.193445,-4.0880814
-87.6893,-15.895678,-2.350627
-69.691475,5.535009,-27.35936
-42.840923,-22.468084,-31.16193
-13.848275,-13.280693,-3.2964785
65.804474,-34.38854,-13.415416
74.41752,-52.110058,-45.977837
78.13366,-46.24144,-27.871967
68.4033,18.417746,-0.020731388
2.2386773,40.77228,-21.017687
-23.973032,36.694542,-8.579177
-57.651142,46.043606,-5.2371216
-49.03603,26.652796,-33.442604
-36.26755,26.787384,-14.47778
22.771542,35.108532,20.131882
54.39754,41.500042,21.579561
20.872713,8.260753,17.142145
14.421829,-7.8322706,-0.9245841
23.189548,-22.117262,-3.5498083
-15.371146,-28.049097,-13.487624
-8.154392,-3.3695095,-16.5648
41.22835,1.1257726,4.3515654
5.2224126,8.382381,57.45314
-30.687326,7.1351304,10.208091
-53.88499,-20.630316,-38.013573
-41.608685,-1.6178188,-10.840031
-20.79033,-27.259232,-1.5511823
24.563166,-29.8417,-3.8794608
79.351006,-48.1281,-7.599688
70.365585,-41.516613,-27.347292
55.638954,-37.287212,-34.30065
38.97005,-0.60214674,29.570913
35.767918,60.726048,69.06498
14.759136,52.42134,45.814575
-58.134743,30.164463,28.400427
-95.76495,27.316965,12.023031
-25.945839,21.383284,-5.9315233
-19.24235,13.559575,17.468607
67.98348,28.974731,54.17809
118.19836,1.5557075,44.63414
95.27926,-56.561626,22.85347
-37.007286,-79.52962,8.08897
-51.639965,-60.87799,-28.838179
-48.313297,-4.609019,-44.545177
-87.15486,35.057774,6.147937
-1.1926512,54.82728,27.638994
13.318637,26.048353,26.913631
26.517967,-10.589594,-6.230276
6.4191713,-68.6196,-24.83007
-6.246758,-48.363537,-41.26609
-43.68831,-5.200815,-38.0322
-24.152397,7.8168235,-17.911186
-24.067753,38.541702,13.345494
4.801855,53.221966,51.271748
18.970688,63.149353,21.13154
-19.918465,57.571022,2.9722311
-17.272615,45.88605,19.45276
-29.075321,18.187263,34.128296
-10.06173,-39.46642,41.242535
19.130724,-29.99586,26.205061
63.200745,-18.151726,2.1552243
63.45464,-31.3893,-3.8712766
-1.6341913,-20.169601,6.453517
-22.310308,-3.7096357,4.4778266
-67.9136,-9.786293,-28.783226
-90.7812,-13.281338,-16.759916
-11.205201,40.207996,5.2637043
54.688538,-2.4680502,1.6875037
45.434517,-23.025309,-5.367658
44.920963,0.90252507,-6.824638
9.373042,-31.354261,-16.005991
-64.5084,-18.98743,-13.80222
-77.63373,40.905083,-10.377919
-2.5339928,61.57181,-1.3984752
-5.9861054,29.164652,26.162361
10.7689295,-18.41049,47.045128
20.488537,14.154308,3.693956
28.715553,-34.755104,-51.96889
3.4962864,-54.437946,-58.502586
-28.421534,-59.760357,-52.226646
-36.311253,-22.28992,-18.005001
-41.162388,25.598484,7.561739
-48.849415,50.95264,-7.0650353
4.7152247,22.344858,-15.570838
40.43007,8.250662,-12.383298
31.594746,-14.178751,-11.368763
55.866966,-57.238144,-7.001067
60.373554,-47.761856,1.978974
11.004424,-5.776001,13.630623
-4.1039796,19.945724,-6.4380946
-68.165665,42.520542,-11.902234
-46.728977,19.203129,0.9596087
1.8590767,-27.809538,10.708762
6.449507,-48.517826,1.3281809
18.243425,-41.077065,-11.6186
65.49645,-23.043598,-16.724234
77.865364,-21.0959,-0.22894646
49.104046,20.493876,5.266996
-30.03963,43.921413,-5.4699492
-89.894035,81.39869,11.420789
-56.728943,71.04293,16.568314
-58.438168,35.77868,-7.90936
-50.852844,-17.743252,-9.425598
-45.422955,-30.901709,-6.4219666
-23.090183,-12.241497,-28.768587
1.2922118,-44.587627,-29.725775
72.598274,-22.639944,-29.088717
76.86054,-49.8364,-24.223076
53.623302,-34.390408,-4.3906007
61.924694,7.4874825,33.040646
46.493954,46.68284,24.830322
-9.25721,55.602898,24.50257
-29.172678,32.286987,63.835754
0.6769497,-5.920041,52.437702
-32.691345,-27.536331,17.235695
-52.90633,-9.179884,-9.479166
0.8491091,-11.129141,-29.285599
-50.72224,-13.288664,-20.023273
-8.166008,25.654165,35.68132
25.431036,35.28764,42.09707
3.461281,10.291628,5.059755
-24.953527,-0.7789447,-13.034569
-10.666592,-12.930132,-13.089002
-0.73829687,-45.150826,-13.7908745
-23.05389,-15.259062,-5.9291296
-4.770596,53.51021,4.438597
45.29066,46.565884,13.602369
38.01252,33.924656,23.383972
51.971066,-2.0715168,3.2455106
7.0020103,-51.442165,2.9579642
-23.512787,-44.944244,11.881275
-52.675888,-12.10191,-18.477
-45.24481,29.146406,-23.023401
-33.898163,48.90752,11.087063
23.872444,54.120457,36.891804
32.402687,18.689049,40.054085
23.68644,12.348794,33.235703
20.51582,16.090715,-3.7745492
-12.238945,2.6008015,-1.9103144
-9.832435,-5.1014757,21.681866
1.9414834,0.5801063,20.289967
-33.00728,4.9078617,24.868126
-6.09675,6.090573,55.95424
61.741394,-11.092674,41.48065
57.319633,-18.670603,11.573946
12.674284,-15.186601,19.355082
10.613886,-9.240824,8.766267
-16.261204,-12.915578,-13.593281
-6.58706,-8.97898,-6.4800067
-27.686445,14.107932,3.8699176
-11.775512,23.651564,-13.997559
-34.346107,16.361649,-0.86750543
-0.46170047,15.19547,31.873436
53.446888,17.761438,33.49023
31.621275,-17.11498,9.419609
53.694103,-1.5586646,4.803072
58.151012,-19.99022,0.9808649
19.65754,-22.399147,8.871647
14.48976,18.308258,8.149245
-17.2309,14.519128,6.1886687
-21.319908,19.894081,7.1050897
-10.082232,27.737843,3.7349486
-50.587852,13.605518,14.136419
-22.055252,-0.38101727,-4.861437
4.859585,-54.750698,-9.609255
-9.325308,-11.793003,-11.314663
39.447998,10.695901,5.9674606
80.63779,18.297472,14.07086
66.96341,-9.143852,17.018713
65.838326,-44.20143,26.756313
-27.684114,-10.3621025,-7.733311
-55.611225,20.584044,-23.181158
-64.29717,29.06779,-5.961093
-26.046864,9.757408,19.069927
41.302666,29.829247,20.908413
-1.6586984,8.495788,0.39905313
-49.070606,7.237066,2.1212134
-43.150562,-2.1659973,-10.924083
-79.853325,-28.149727,-22.31404
-15.876193,-25.589426,-5.6977515
10.003771,-12.554802,-14.942088
22.241518,-10.565763,-18.505686
35.8416,-19.207577,9.2428055
45.647076,-24.363298,-9.401639
48.518505,-31.132565,-28.125635
21.321514,-43.07648,-18.855972
15.709959,-5.7800717,-0.84510547
28.694754,5.353004,3.3610806
19.75603,-15.896378,-3.882236
25.542324,-7.171445,12.767678
5.0853806,-3.216897,-0.39354628
-39.171566,-9.907243,-4.2666144
-60.673588,7.4134693,-0.9600106
-40.2914,15.958089,-12.027562
-20.658295,6.3550816,1.0660996
13.582268,34.29671,44.882057
12.438761,37.69713,20.002987
-0.76624984,-4.261518,-42.969284
-22.972912,-12.573035,-41.464077
-25.183596,-21.22256,-20.07368
-3.0052955,-50.97025,-5.1168594
15.598451,-30.360626,13.925976
17.134954,-11.68137,12.472342
35.409077,-14.09986,-4.1101074
2.1488726,-25.221472,-11.148383
2.885921,-7.4515,-44.80394
-26.83803,-2.825321,-29.02097
-23.535557,35.772846,6.4235015
-6.6412077,55.987022,-7.884129
-12.460498,9.415488,-4.7764964
28.15529,14.626789,26.615679
46.117466,-0.2846124,21.964748
25.669888,-17.195662,-26.790958
-30.367147,-31.666538,-30.76121
-5.1188126,4.7582526,-5.4264603
20.17942,-7.9777393,7.0690207
8.1350355,-23.024263,6.4240417
-2.1738026,-5.341465,5.51311
26.78055,-15.696923,-32.09621
-17.84339,-36.020515,-24.235512
-0.693678,-9.271489,17.536522
1.607328,0.6956523,-0.9948535
-24.182377,-14.150833,-7.758741
-12.651752,-9.933744,-6.1294203
-4.281822,-6.735468,-11.101241
-9.503287,7.8823085,-12.745968
-56.308205,16.620447,-10.394561
-58.95018,12.595906,30.430927
-22.105953,15.645685,34.39871
-22.723694,12.200197,1.0235052
-18.41912,-20.39699,-31.024628
-30.14511,-6.3564625,-3.583838
12.407486,-6.8767333,23.417736
40.91283,1.1809366,25.02499
43.075035,10.991375,20.404778
29.596296,-20.828077,-12.122082
14.475658,-32.723537,-38.02705
-42.23142,-29.198366,-1.3166485
-44.24635,28.022259,19.538752
9.016157,23.9866,-13.444626
-7.3454275,-17.466667,-2.097157
-9.600437,-25.343374,12.642721
27.88762,-5.588624,-12.546088
-34.811703,-1.8205693,-10.218362
-52.057934,-3.8696952,10.638653
-64.97257,3.56376,-15.742181
-67.89685,13.859946,-31.885506
-41.7613,47.887955,8.025486
-20.852556,43.246716,29.49883
-4.692322,-2.0447617,7.0234356
-26.055748,5.5942235,-9.043753
-47.8443,31.46147,-10.163773
-74.548,-8.536213,-10.595075
-52.383102,-2.5954685,6.0391207
23.460228,1.3457664,16.415285
40.055996,-10.487312,4.171509
14.011525,-11.380895,-13.934583
-5.349601,23.46802,0.35183275
-26.690485,12.38706,15.925055
-48.108395,-0.879166,6.0523224
-7.222301,6.0144186,-14.134903
-38.181644,20.14505,2.2312121
6.5374384,21.048208,40.500988
29.225018,-21.719288,39.45694
54.58093,-42.948868,22.729698
18.422428,-49.188526,8.900586
9.240214,-26.71708,-20.520876
-18.514706,9.735074,-6.2013955
-19.362682,8.087528,31.615929
-24.491943,40.343758,22.793726
-23.218424,20.910358,1.8495115
-40.688305,14.721225,11.808788
-11.773835,38.20306,-5.216328
-13.600576,-3.3490615,-22.202293
0.7764292,-15.705171,4.1812515
14.463976,-0.1894154,24.466988
-9.19105,1.2040112,5.5856404
-2.7769687,-18.625912,4.204343
4.548504,28.302353,21.040224
-13.545268,48.830715,-8.413444
-4.160409,23.570597,-15.907974
-44.508392,23.445713,13.926636
-38.933468,20.688595,12.923358
11.5210285,22.023615,-6.499731
15.921862,-2.1849816,-1.1894321
59.65105,-0.89624363,-21.62276
31.784721,-7.9144297,-26.980364
22.041624,-26.44822,2.62653
35.138348,-19.79766,-3.0152435
11.28801,-10.4915085,-21.137314
37.71217,5.099355,-20.598381
29.997208,37.19934,10.72181
18.442709,28.741604,22.94335
-6.0904527,-32.354057,-13.7336035
63.164223,-42.957043,-29.651752
64.885796,-36.34663,-25.079628
77.57115,-9.791503,11.290516
49.191982,13.359389,-1.7329748
55.48909,-19.141739,-6.1370463
28.66376,-4.917254,6.0245004
10.062815,26.89405,-7.6190963
-45.381733,21.125568,-29.493868
-63.594402,25.55088,-8.922588
-1.5864404,40.239143,7.517267
7.842092,6.9532843,7.010125
29.191133,-9.594391,9.3696
53.019,6.829183,-7.4813976
74.32346,0.3553886,-17.007036
54.82318,-25.081068,-19.564434
26.804924,-24.365973,-14.838599
35.22014,-32.58363,-21.030088
4.4751854,-22.602543,2.1164186
-0.109650396,18.271326,21.182589
18.276518,39.765995,-13.703244
44.083324,12.315135,-11.492647
51.273605,-2.0411232,20.78544
48.41843,3.6940463,7.0721035
20.767933,-29.00336,-18.622591
6.1794686,-46.30964,-6.5079327
13.924968,-10.843372,-27.035275
1.3842423,2.814843,-2.7397766
35.01113,-6.6272564,29.805353
39.56305,4.2026377,17.768867
7.173881,-1.6091663,-13.514733
-73.48971,-13.215854,-21.794912
-10.8357315,11.533821,-18.672049
20.529306,-15.426906,-14.174372
17.733957,-38.328842,-1.4348083
57.85032,-30.213978,-14.592993
21.52314,-15.160512,-23.757477
15.797441,0.39744186,-35.18876
-12.698223,0.82532465,-19.696714
-12.609788,-3.477726,8.828665
-47.61213,-7.3577404,18.360695
-39.807426,23.926643,-21.467178
-46.663204,26.582235,-31.197731
11.196243,40.72701,10.910369
19.244848,31.134098,20.198372
-30.192518,-22.91481,-9.108502
-42.936985,-53.59635,-10.6435995
9.540581,-40.99382,-20.755198
9.526554,-44.20226,-46.308884
9.078049,-49.861176,-7.9128604
32.438698,-16.871569,21.220732
50.088852,-8.523674,0.47300974
26.382696,-26.09671,-22.493896
19.073572,-28.490116,-32.45587
41.1999,-40.14935,-21.445158
-28.534168,-16.103804,-19.201107
-19.964975,3.898288,-10.497453
-43.527134,21.417955,-16.319157
2.4086664,14.049079,-17.152834
-33.394722,-27.618364,-27.001507
-31.680738,-35.52461,-24.47762
-46.15679,-7.600088,12.933779
-23.654829,40.79629,17.084206
10.812039,52.28282,-6.978438
-49.234222,6.0619206,-12.867697
-63.641556,25.718447,2.056832
-77.57439,20.379658,5.6030684
0.333504,3.0006804,16.525154
28.274725,-29.301552,21.52136
24.315248,-67.19756,-25.682602
-2.4312148,-92.50563,-60.089222
-86.19559,0.4829696,-42.492386
-11.449797,118.61644,-10.953211
3.6685238,132.74379,30.84633
-21.95563,58.92641,43.838184
-5.061426,-9.268059,-2.3964114
-22.685318,-48.2824,-45.001938
-21.051683,-44.71772,-41.44872
49.228054,0.02542909,-13.427528
40.908443,29.832628,5.390517
28.520514,43.91003,5.745078
-34.31821,23.942074,21.671959
2.5832891,13.660532,11.168329
-85.61444,8.027579,2.4675896
-15.550733,13.972636,-3.4912558
15.657418,3.3444557,-1.1827826
31.972532,3.09059,3.4808326
-7.7760034,31.585518,8.538121
-39.108215,19.248135,26.423283
-79.946625,7.066874,30.950636
-45.925343,10.951879,-11.742628
28.609257,24.898266,-19.679436
-11.790895,35.829193,16.281994
26.025066,65.72119,15.141896
49.718376,49.27449,28.050512
-1.4414222,10.264434,49.71351
-39.10682,16.81685,-0.5034118
-24.902668,16.373425,-33.42579
-9.9401655,10.869215,13.219285
4.9950585,21.004454,41.777298
8.7730665,-10.307207,-4.256241
6.1651006,-37.110744,-18.0439
10.4988,6.2189937,6.91986
33.472324,14.933974,24.711039
43.781033,-6.1631374,28.852747
2.2544951,3.7464304,15.231363
-9.281231,9.540974,-4.6069646
1.0403843,-2.5123916,-28.901896
1.1971008,-6.939769,11.849479
27.73769,-10.536374,35.153847
48.22443,-30.17644,10.411848
18.220171,-24.155413,-14.304673
10.992468,-21.893263,-32.722477
38.91123,18.19955,-2.9269679
-9.222613,46.851357,48.722874
-18.744211,41.075787,19.34465
-59.724194,40.34872,-12.357695
-40.74035,1.4558818,1.2824339
11.005877,7.9686565,-0.2612227
25.532185,-10.03611,11.827536
37.809227,-20.911716,37.473568
53.783894,15.516479,35.75665
39.7203,11.848415,4.5767937
-39.805424,14.490025,-12.078944
-18.832302,8.920445,13.556461
10.464934,-2.7349408,0.87676996
3.050311,4.4149785,10.009678
8.018137,-1.9607692,40.861958
24.931068,-48.27767,1.2524114
40.211052,-82.49701,4.3283134
12.949269,-43.26164,-12.156563
27.804506,3.572958,-18.909393
25.34266,9.711064,13.979852
25.98274,5.600035,43.481037
43.822414,-10.177326,29.562845
-2.4071136,-47.984123,15.592308
-40.268936,-41.914093,-15.624342
-13.908506,0.23865367,-39.2435
1.8270793,3.920695,-7.0364113
-6.6378126,-1.5618546,41.22882
36.060493,14.559559,22.806166
-3.4769566,-10.79772,-3.4362187
5.0907526,-25.676802,-17.275894
-10.761794,-58.998592,-20.906622
-16.692446,-47.701405,-17.368687
-35.899193,-9.479904,6.943392
-51.82812,15.207102,-11.329418
-11.855914,23.87595,-22.392467
-35.6863,51.11847,7.173739
22.32861,35.46584,23.797077
-9.55067,-17.737886,15.209644
-62.46735,-45.203556,-5.524758
16.907597,-30.381706,-44.393417
47.928387,-34.70578,-37.696167
55.41553,-4.108898,31.290081
19.138123,-5.591067,24.780722
-2.9884434,-42.26676,-4.1137524
-66.68953,-36.14504,-16.586655
-34.084408,8.926369,-12.543262
13.016793,6.407022,-0.22287288
32.32644,-46.978016,17.451412
62.11032,-22.908424,12.043611
49.16632,-12.45567,-22.336296
10.412974,-2.1848838,-14.234971
-25.182545,12.889644,-11.705723
-17.801579,-16.719275,-0.99316984
-31.810446,14.8011265,4.4774323
-16.773533,51.05404,-20.616732
-34.466576,30.403553,-26.502518
-27.481716,4.773972,19.191023
34.12997,19.97154,44.274918
2.0520473,36.606236,24.31613
-70.09871,15.392092,-3.0904458
-78.75549,-1.4422355,-22.826004
-58.784138,-6.934631,-29.068094
-11.140308,34.20952,9.248193
12.934688,51.365208,25.813662
4.700958,3.604022,7.595187
-39.65465,3.1424525,3.4611144
-74.21087,-21.974743,0.87355494
-24.562185,-20.92634,-9.972622
-39.36351,3.7093594,1.1056802
-1.9431093,19.69715,23.781416
25.10449,13.41574,-4.338409
-3.8399425,2.3977158,-11.091587
-2.6750572,13.309677,-11.005242
-25.1306,-25.185827,-12.001349
-37.51987,-60.14011,-0.944042
-9.708171,-28.095737,16.667887
28.122417,25.18304,5.6020484
29.057354,14.0375595,0.53041124
22.43111,2.9173653,39.015934
-21.211815,25.686853,19.70439
-24.3262,16.534931,-14.41179
-39.123257,10.216289,3.9291122
14.370219,32.1326,23.81513
21.184011,8.172665,12.931837
-4.9428935,-1.8446832,-17.152939
-43.95715,5.964603,-18.320955
-41.265297,8.2198305,3.3568785
-4.1920786,4.2776966,10.230064
23.430464,45.04226,27.942951
3.5812335,31.119452,42.188477
1.5046557,5.650922,24.647675
-30.099718,-20.271502,-8.718741
-33.066597,-47.2079,-30.414282
13.753577,3.377061,-18.108788
24.836397,59.404373,25.812601
13.503139,36.201244,37.87067
38.415592,-0.83478284,42.10641
30.616135,-27.710836,21.30559
20.824198,-35.401443,-7.639208
-35.393326,-35.53295,1.4286718
-0.6660713,6.2305565,-11.152996
0.97927904,28.239466,4.6193647
21.355955,27.3682,50.01977
26.696075,42.148,40.633644
40.773544,7.360601,-11.025353
34.656315,-64.356705,-28.220343
-19.506437,-41.139553,-4.1281214
31.754465,-29.565113,6.479695
-7.901003,21.85719,18.746954
-33.473274,88.06525,21.76666
-12.285032,66.29294,18.055119
-19.010607,-19.750406,-2.4150364
-28.436064,-54.004852,-12.990748
23.744318,-41.09899,-23.259201
58.92116,14.377624,-19.318949
57.854378,40.650597,17.69692
26.03259,56.57469,14.547429
-31.939875,35.42979,2.8792758
-36.116783,20.982254,-2.3813567
-1.1345114,-0.45633543,-24.190413
-11.385847,-12.628265,-22.877962
-28.08615,-12.2623625,-3.259868
0.29953519,-10.470036,8.897167
61.904854,-7.9613614,15.496959
36.935493,8.243318,-8.525865
22.239592,18.306988,-30.314402
45.152786,5.096543,-15.829575
25.88784,-34.1652,29.838772
27.577972,-50.526035,31.485163
-17.413393,-35.07515,0.40723026
-42.38838,-1.7939682,-24.483814
12.1432495,14.555135,-14.757443
59.435455,12.2426195,12.301182
35.672977,0.028833685,32.44451
21.071602,5.117003,26.989098
-24.610703,-12.295299,-32.312904
-34.983406,-15.640638,-38.695145
-3.807374,18.851458,-16.320808
46.47752,-13.224988,10.667353
-0.98126537,-54.008167,28.121819
-2.4799252,-19.51612,-4.569707
-28.547104,0.3853824,-28.417982
-25.745466,-6.676187,-26.005339
23.239145,3.6275356,-14.820388
29.92075,19.09558,2.5817811
-17.039452,-7.79441,30.649418
-5.3043103,-11.767564,-5.70169
65.27697,-7.912418,-47.287083
60.887478,-37.37868,-13.652758
25.076958,-40.123352,10.510943
6.473891,-43.42945,-13.63844
-53.374737,-25.222757,-27.295464
-54.45415,24.362417,-5.5163174
-24.063808,18.078558,-9.322543
-25.902493,-4.738534,-0.737866
-2.573848,10.406922,37.872154
19.558683,-4.484131,11.835195
53.272995,-28.1378,-32.199696
59.768433,-31.008137,-26.556538
29.143469,-33.76124,0.44477224
27.20355,-27.199415,21.463623
-29.196047,4.838995,21.349958
-12.935339,4.2533355,-2.9517345
-55.755745,-5.462016,-10.014556
-55.481007,-0.22637315,-2.385683
-30.953936,30.916882,-3.316069
-28.858124,8.987684,2.2096565
-0.40718848,4.0227804,9.973951
48.47476,6.0082235,17.57512
65.11582,-25.66579,34.19502
63.739372,-39.135677,13.215127
35.43946,-33.71236,-24.671398
-57.581165,-19.465256,-27.963057
-88.717,28.715128,-10.1876545
-69.71189,74.62567,4.020375
-55.97972,42.51999,13.012209
-36.266724,-6.904658,21.617514
53.171417,-33.52376,-9.268287
84.98263,-26.546219,-26.287436
54.60353,-19.998463,-10.494028
12.436402,-37.442123,-10.697176
-12.4618225,-20.69262,-23.987988
-60.08276,20.577898,-13.975755
-77.350525,65.5588,-4.0078135
-39.49753,74.281815,-14.413301
-49.19762,29.84648,12.792322
-31.54022,-12.337341,24.153381
23.162552,-52.41518,-10.957383
5.3049793,-53.895847,-35.723026
0.46959543,-46.794506,-28.935362
83.539955,-23.187225,-1.7902756
65.1322,-12.004798,5.6170154
-8.038638,20.470854,-5.8874984
-49.927498,16.863857,-15.023453
-66.35112,16.784399,-6.1235766
-67.4022,27.799023,5.3718843
-47.720867,22.260384,-2.6533196
31.510042,-14.4887,-18.115036
59.8326,-28.848598,-4.887834
38.267498,-3.0600412,-19.946962
2.3821995,7.082563,-3.9531772
7.7438517,14.36618,18.573685
-37.485886,7.100393,-2.574628
-48.607433,9.120238,-27.604753
-30.244793,1.4225963,-25.191856
13.0716715,-2.0875735,-16.09988
14.188819,-0.9350521,-5.010413
37.156208,9.932637,19.024435
52.266586,28.335144,8.883826
9.318814,33.51714,-16.650497
-44.52329,15.25702,-20.55591
15.389044,1.5871203,-3.5412493
4.6451974,-17.980715,-1.4865999
-24.243546,-5.600025,-5.453388
-8.125284,16.243357,14.06541
-11.620179,39.755573,38.301693
10.790381,27.728348,33.413857
-26.191309,4.5516505,6.6865606
1.9724897,-21.313496,-22.697206
12.589449,-18.017237,-15.366874
-15.291202,-7.4439936,14.600953
78.232666,-6.637099,16.203304
53.507984,7.582038,14.386165
37.477505,-1.7263395,13.70067
-7.241569,6.5859995,-12.828899
-45.23637,-2.8380244,-22.505789
-57.38666,14.534565,-14.381271
-37.561695,22.7399,-4.7975817
3.1163912,-15.585436,2.8512936
29.272106,36.339344,24.697384
61.08396,76.06716,16.76097
24.049526,23.040443,6.8310423
-2.2056673,23.076874,3.550568
37.93721,24.586899,-14.694256
-15.716716,-11.607835,-16.881058
-46.284943,-37.578773,11.98733
-24.636272,-19.219604,30.828321
-17.570166,-11.402998,9.449032
-45.34409,8.616854,16.369003
-3.339559,72.2014,-8.212518
-15.151714,38.62387,4.184254
31.184315,11.5320835,16.021631
69.883896,10.353351,-1.0400393
78.22754,-29.282108,1.0351934
14.841265,-31.578663,1.9748251
-5.4788194,-20.131992,-29.719334
-22.27863,-18.901688,-4.454745
-23.168745,-19.458906,24.492907
54.35927,14.631981,4.3054137
43.196655,35.246906,-17.498896
13.555161,15.404272,2.138774
4.692783,13.089301,12.455586
-14.6673565,-12.918018,-19.675867
-9.831375,-37.760376,-5.0483494
6.1587753,-5.8438287,11.774385
37.869064,1.8775512,-14.060871
11.191922,-7.3696456,-5.295121
34.031445,4.4810905,11.022115
37.652164,15.687792,3.762761
-56.913467,-2.8165987,4.823306
-44.547993,29.636732,12.413516
-7.6130095,21.117907,13.025684
-15.73609,2.1616545,7.867496
41.57468,-22.865353,-5.825768
43.32753,-34.330387,-10.791507
22.13976,-14.953615,11.263771
-10.461696,25.09359,15.440628
27.213444,24.968687,-8.060594
-11.793575,-19.262993,-7.5132437
-8.201233,-7.0846076,0.74801934
-4.7370844,9.018925,12.527119
5.003549,2.8347344,11.621008
2.2489493,-2.605346,-5.8695283
19.109396,-20.554071,-19.615295
-44.47037,-41.810154,-30.061874
-18.623253,-9.1739025,2.1483774
-9.897347,3.8764806,24.376282
44.105076,-5.504464,23.713575
38.915886,-12.080503,6.9220963
32.1802,-25.695032,-20.256935
8.833952,-23.809198,5.511788
-5.913694,14.173303,35.312656
-13.473847,33.096855,43.882942
18.677685,17.25794,19.79334
-44.722855,-0.62388,-10.842087
-32.031082,-3.164264,-10.359789
-5.3589506,-27.88601,-9.061429
16.66113,-18.730244,11.380031
52.327774,0.80483204,29.879492
30.286974,4.742166,18.024467
-21.861294,1.681665,1.7208089
-36.922764,16.76543,-17.39914
-16.066877,-13.811629,10.688355
-36.790955,-7.206648,19.717373
-3.8757734,-18.680363,-12.173382
-26.385136,-21.141277,-22.01016
-32.11476,-16.096664,4.716953
9.044317,22.139734,14.1945
26.989511,23.048534,41.762566
-44.347286,-9.17246,18.023817
-38.128754,-19.015919,-26.934826
-13.084373,-26.507406,-34.35355
-31.308504,-35.404472,15.75576
29.130266,-9.435116,15.214217
36.249565,-3.1803243,-24.111183
19.288452,-14.214497,11.796015
17.601732,-15.120864,36.31254
11.435936,-33.734657,8.035916
-32.323673,-49.872665,-21.529959
-74.88674,-13.316071,-36.49598
-1.1493002,13.692663,-30.32767
9.659562,-3.6963086,5.8960657
-36.625813,10.5942545,21.377958
7.531243,4.155043,20.373522
-24.344128,-1.4616021,1.8554704
-65.61775,-5.219504,-6.109508
-45.766808,-12.800436,-4.0530133
-23.312181,-6.645901,10.051918
31.196928,33.70525,4.6102433
28.407057,30.205204,-1.4929767
-25.114082,7.5362816,13.082444
-28.019371,-7.841253,14.967327
3.3243032,-10.434821,-6.4110084
-5.9655657,-32.705914,-1.0358205
-7.428595,-22.028067,-25.365547
14.980453,24.935406,-54.580486
-42.400177,46.467773,-25.930956
-42.745377,59.844025,-6.91708
-16.393576,29.359076,-10.401125
-17.89487,-22.537853,-7.063236
-24.613863,-57.047443,-22.230028
4.6146083,-28.451635,-53.084953
83.71562,-45.36137,-33.613255
63.50222,-31.784214,9.980632
37.69258,10.244765,22.01588
13.778044,21.38355,-15.185429
-63.61613,18.380436,-9.178771
-78.4537,6.1705065,-16.035345
8.29443,-10.249374,-28.812107
64.323456,-31.633553,-13.637468
52.843838,5.2680044,9.56718
64.48721,35.43898,-3.059092
-29.1777,7.885494,-9.218693
-51.678318,-3.0954552,0.79400784
-17.72976,19.670132,1.2411879
-46.0307,33.2444,7.3896537
-81.205414,26.027933,0.3877636
-3.0748444,35.457317,-31.507519
12.495464,17.87739,-11.634884
-0.4727724,-20.24744,14.027548
24.799526,-24.52086,-15.705714
5.345583,-50.619358,-33.379326
19.509886,-9.425587,-22.014404
63.85469,17.034838,-5.149896
55.833717,23.6071,25.646898
-22.937744,38.132504,22.455801
-33.641594,27.74124,3.1673477
-55.096672,14.884837,-13.010648
-42.48452,-18.354546,4.9189267
2.910639,-43.095886,-37.19061
80.17461,-41.6018,-33.36473
91.43186,-5.2890077,34.33094
118.86454,10.836147,57.98263
82.50245,-24.142923,7.0960827
-9.815813,-23.765028,-5.6857734
-63.62911,0.18880951,-10.778828
-33.24173,27.014622,-10.638609
-80.54962,39.227253,28.10062
-35.192127,71.56345,40.703533
50.163895,25.327667,23.441917
22.373035,-30.161396,18.435745
20.456669,-36.52625,-4.123826
31.97824,-9.512953,0.9128381
14.848252,-7.1023874,12.743143
-20.440474,4.082333,11.460272
-9.791472,18.76806,1.2100617
-10.361433,20.207935,17.093597
-26.656277,18.984732,-14.128967
-27.36466,6.683041,-33.44455
-36.982914,-29.194376,3.3882146
50.41277,-24.020435,42.6531
59.587772,8.839749,47.485928
47.35613,-16.670378,24.093798
46.894413,-24.876394,-17.17119
3.1667106,-42.946148,-12.616162
-27.175997,-39.134727,14.456055
-38.720478,-19.151623,-2.810919
-58.36492,4.8211045,-24.172287
7.82353,35.135418,7.8464327
20.55734,35.576214,25.787975
72.11543,19.71176,0.33263654
2.5873423,-2.0921774,-15.116455
-2.28413,9.196125,-17.190207
-30.687452,-15.660404,-29.741997
-14.701248,-23.925531,-2.33469
-4.675849,-1.4928137,15.645188
-4.668256,37.18819,18.705647
-13.385945,4.435935,-11.865066
-38.076534,-25.917133,-26.641613
-28.510235,16.544096,-34.38
4.589785,29.611958,-13.399023
-14.773349,25.853651,21.312187
5.367887,-3.7135067,25.841763
40.22288,-20.485998,-19.660648
7.250922,-40.845634,-40.912624
-5.005141,-30.294157,-15.778263
31.02935,-14.6658,37.89303
10.04734,22.765448,41.267754
10.195845,49.08943,-15.147274
2.742157,42.336018,-19.080023
-21.193806,-5.7900505,19.363644
5.2607083,-32.25111,13.121211
24.710255,-43.14694,-15.504629
23.506618,-8.474268,-37.289406
22.862114,40.966087,-15.789794
-6.3569255,43.3007,9.7946
-24.221981,32.470074,41.907722
-16.276327,38.649635,14.89647
8.177894,-9.016144,-24.945229
6.6705155,-22.355679,-23.475767
-9.67425,-34.264797,-33.491703
0.20134817,-27.453049,-32.68182
-20.610624,14.358119,20.395761
-25.567255,27.599718,40.62641
-4.422613,45.232933,13.775249
-44.364174,22.986673,-18.059774
-28.516317,17.167263,-10.048439
22.361042,-10.782713,-5.3307204
22.634068,-42.29917,10.927954
6.215533,-41.345757,-3.9533653
-53.32653,-28.137243,-36.238964
2.5068643,7.9743304,-21.852238
-4.945681,15.119368,8.498205
16.159138,-6.5850873,38.780533
-7.5373206,8.837256,32.012165
-45.49497,18.26491,-8.576902
-0.56701475,23.078028,-22.575275
-16.647942,-22.48944,6.106021
17.45243,-23.55807,19.8574
23.066547,-0.6403576,16.811935
-33.208206,4.9198346,14.229137
-17.517172,22.319538,-7.168721
-6.0618353,5.8033085,-27.547909
28.905174,-22.324661,12.481706
25.589628,-21.675447,39.489838
15.522311,-13.755121,-15.318214
-10.082616,-49.046432,-23.317656
-18.156622,-36.97223,5.7716794
-2.1715512,37.366173,10.756141
-48.843826,37.316883,-11.937611
-55.327118,34.50443,22.60476
-20.757278,35.966908,35.276913
-22.396664,-27.52652,-23.630817
30.408772,-77.50576,-40.94945
36.17508,-73.24755,-5.063599
45.6309,-28.657228,4.8167877
55.232723,14.063286,43.678387
-25.080456,60.793125,48.318615
-13.544826,70.181145,-0.041113246
-50.177467,10.433797,-38.13159
-90.28804,33.43468,-21.723389
-60.312073,20.787413,15.600766
20.501556,-5.1337214,19.305235
26.158031,-30.877651,-11.092438
82.59084,-56.4416,-33.7399
70.08373,-43.38023,8.292769
18.640802,26.739357,31.210798
21.239424,35.98452,-1.6382973
-46.45052,4.9939103,-10.389816
-73.52141,7.634571,-0.25776294
5.406872,25.715265,-20.97516
-48.62337,-21.368101,-14.893022
10.532498,-8.23556,-1.692509
4.9935403,-11.055693,-37.871727
18.226843,-47.189693,-46.97371
-12.320892,13.061978,4.2454076
71.61733,64.62479,37.365982
50.32359,59.62544,28.603962
1.7495797,17.828205,13.238195
-34.341854,-0.3221024,-34.31614
-45.57173,-16.441198,-36.42728
-78.54752,-29.193096,-3.1903431
18.694025,4.364365,17.493698
87.47261,-10.31936,15.787848
64.040665,16.973467,16.072363
78.83815,50.13841,-8.180157
47.899555,27.609173,-3.8101332
-21.617687,-14.290323,17.210985
-65.296974,-12.93486,0.79886186
-66.29741,8.883914,-32.7334
-76.994095,27.655886,-20.1306
-10.046894,30.251947,1.1747472
52.079636,8.705282,11.080176
20.089933,-34.530235,24.273136
20.917843,-50.020584,3.863298
19.154167,-25.905067,-37.1709
22.752552,-3.9528947,-19.650932
46.397705,-19.769901,17.46645
29.03322,-8.477266,10.9304285
-14.051545,1.6327647,3.864823
-58.47838,40.297157,-9.618693
-14.736238,40.5647,-14.951586
34.652103,-3.6421845,9.25429
75.23616,-10.302103,20.981678
47.99263,-7.2234807,-1.5542758
-13.984932,-28.400152,-10.799162
-13.485479,-9.995711,-7.487023
-15.412372,19.368618,-11.449681
-52.30074,34.60811,18.730358
-10.455197,59.33831,45.710045
20.798597,53.837753,23.93478
33.806454,4.898574,24.439058
34.165424,-66.22168,10.122124
67.49781,-66.236206,-44.682682
-14.07911,-37.21897,-29.119415
-3.6139565,8.701326,24.546186
-30.205887,40.47083,30.99729
-58.325584,15.800877,8.0865345
-15.8349,5.2712274,10.930461
35.972614,13.190854,15.197729
41.770878,-11.134779,7.343877
-5.755176,-29.045061,20.420769
33.182205,-30.92311,4.9143176
32.69015,-17.797836,-9.56413
-7.7012095,1.7051113,17.816153
17.619947,26.850903,17.400986
-17.462025,41.56032,9.534995
-47.625072,36.468708,10.907388
-33.064697,15.055982,7.981691
25.0212,-26.050575,-8.5729475
16.211027,-25.714737,4.60557
52.87886,16.164444,17.820719
108.86983,20.15888,20.506168
63.288326,-5.2429743,6.2456274
-20.05477,-32.941032,-38.2142
-96.050026,-17.584393,-51.69516
-102.289665,25.225424,13.060955
-78.65075,45.604565,17.426132
-1.2654119,20.838032,-9.777878
62.65697,-26.903776,-2.5001464
73.006645,-28.206015,31.14496
71.606224,-10.961895,7.0452595
17.937328,-25.01552,-21.728498
-27.42704,-37.3795,-16.686625
-1.5548847,13.467916,-20.596529
-58.077766,45.25475,12.085687
-63.588295,40.11177,42.516434
-63.937977,55.658047,13.060936
-68.903915,46.89258,-13.81189
-45.78792,8.537805,-28.129705
27.8479,-26.69956,-21.96531
63.692043,-28.516766,-3.2005699
83.71958,-23.854746,-14.058297
92.9603,3.8612142,-31.358793
38.870667,18.36412,-7.628437
-15.525841,6.613303,22.090199
-47.874992,21.297228,23.83338
-85.08553,46.110382,-16.786934
-71.03266,50.849167,-20.51016
-56.1205,22.296377,-3.9811237
74.343025,5.0556765,11.183845
44.67978,-21.350782,14.084339
7.851966,-21.126314,0.27105477
12.980658,-27.845089,-26.598246
-23.044407,-29.052103,-15.532217
35.01212,2.5821278,4.9419384
-5.545457,13.943706,-0.3721164
-73.91075,48.46667,-4.588963
-69.027855,51.572643,-0.9551895
-41.31328,2.609861,-13.637033
-30.534712,-11.098931,0.27192047
28.090233,13.877274,-2.014348
52.979427,18.023943,-12.176668
38.640564,-40.385895,3.009022
17.857912,-55.16622,-20.524393
18.08617,-19.064026,-51.743946
-51.830593,-0.42610195,-30.513512
-53.880424,16.417734,20.826685
-22.428133,20.302479,18.08451
-22.053474,11.200859,17.111933
-36.584286,-26.641415,8.572089
-10.58841,-14.75237,-9.893487
-27.750906,4.1415744,-34.026253
14.470781,-4.0553803,-3.7270787
32.27278,13.407862,11.8422575
55.848774,6.0782804,26.330502
38.22846,3.0882683,17.452833
-12.283503,-59.541588,-14.268823
-26.287647,-24.375988,-31.593878
-55.257797,-1.3697693,-0.34039277
-41.60246,15.663027,2.964363
-1.0825593,52.84495,43.160007
-27.707699,33.932846,20.313677
-30.167755,-0.5033656,-18.801188
-5.6384225,-6.6070085,-3.970901
-37.52944,-18.465775,14.586088
42.564774,-29.550861,-13.585239
36.650116,-22.02963,-19.810665
4.2736645,0.91255456,36.880985
-43.743347,-7.5250206,24.67619
-52.710644,-13.632914,-16.063349
-51.470066,-19.896233,9.957011
-23.048494,-11.030465,10.873203
31.467604,-9.138003,-9.036105
17.907513,-26.99781,14.016858
40.047615,3.5001419,18.760527
57.800556,-9.463951,2.3407843
-12.6234455,-30.54748,29.771303
-10.243589,-35.665844,20.944414
-22.59047,-29.34197,-30.093544
11.061823,-41.33501,-18.575106
18.931524,6.4233546,21.61178
5.132688,2.176121,8.810049
-29.358538,-13.615259,-0.5917239
-2.4020445,10.363539,7.6967406
19.72894,-2.6128607,2.697337
26.67269,-22.068876,11.171144
19.097334,-43.33525,0.56422114
50.68525,-11.562697,13.5463
8.3298435,10.379779,42.184002
-16.03505,9.074567,3.0582135
-37.4571,-3.2032602,-39.374313
-52.34099,-7.657928,-22.186737
-27.458662,32.452423,16.783508
66.72854,39.08025,42.107048
63.3178,0.13215707,33.738865
49.37645,-41.24931,11.865716
68.95386,-48.920303,-30.296541
52.33752,-55.970997,-21.881416
-9.378104,-36.380314,8.01411
-16.1883,32.28268,-3.5479367
-27.665655,38.790268,12.128804
-15.614695,13.724759,23.233603
9.272572,-12.384896,-5.5639334
58.987183,-3.4115162,-1.6435002
43.7469,2.0947244,8.5869875
48.715336,-6.447247,-8.064251
23.624477,7.4514337,0.12982039
-2.5031881,-15.760081,18.583319
-22.986069,0.35576674,-6.5390553
17.599733,11.100737,-15.234984
37.67674,-8.794891,2.4303734
52.172165,-23.99971,9.165084
20.924538,-30.986948,-8.823037
26.932364,15.191051,0.030686844
-13.277451,42.788025,-4.0130363
-42.036556,51.64816,-15.168456
-4.167571,0.65234363,4.3794546
8.699196,-13.009573,-3.701433
40.76986,0.70630515,-11.513373
19.533844,0.19229046,-2.762672
-15.644781,0.564986,16.011517
23.261925,-27.556814,-13.883139
-14.007861,-21.654757,-19.158556
-25.561054,-11.513991,-3.9091334
-36.300373,0.07396248,-12.110687
-28.183416,3.148749,-10.813677
26.181494,-1.3244584,-14.206505
43.69539,23.723864,6.647275
2.569804,14.029132,24.274105
14.059071,-0.88895583,5.403954
30.782936,-43.633595,-27.42092
17.90174,-90.842735,-31.596857
-5.6083655,-32.97213,15.675432
-48.559628,33.193626,20.805641
-50.721004,69.494835,-7.2070556
-86.0825,31.149202,-26.809431
-24.08495,0.40284827,-5.1410317
34.564102,-15.212383,-7.079701
31.441263,-29.264812,0.38331148
34.278065,7.3382916,-2.5190825
12.886355,-23.706814,-11.487524
-53.90191,-32.673664,-30.84542
-18.521257,38.2757,-27.73752
-50.26267,66.138306,-4.917914
-27.318668,63.728046,18.25291
18.80396,8.377964,2.6182988
-33.66428,-56.139652,-28.527899
-59.551422,-74.05079,-18.766233
2.0004086,-15.088207,-17.447598
-9.874849,27.493351,-23.482851
-10.295921,0.87468827,13.432165
24.861374,11.727079,10.580755
24.624063,-6.0862722,-19.089746
-32.229706,15.396939,8.850828
-36.71132,8.751851,0.87334865
-22.929653,-15.235423,-25.29612
-43.689987,-49.463852,14.9608965
-14.74667,-47.567722,28.095375
17.464872,0.80851334,11.472739
49.166016,29.25856,6.4371104
40.438713,19.904598,13.775852
8.043399,-16.701246,-10.180727
0.1888023,-42.43404,-6.0007997
-18.053305,-15.794606,-4.5430617
-30.312801,46.238632,-6.136385
-16.136713,64.84985,12.09126
-8.393205,56.746315,0.1599364
-63.060295,8.15286,-2.5668588
-70.85449,-7.5978556,2.3472795
-27.216988,-15.413744,-14.932001
43.42684,20.98171,-12.10977
30.422136,-29.306112,1.9912977
58.92071,-25.559374,29.820835
29.570292,16.359955,5.702358
-33.85813,-1.950119,14.222676
-82.69999,36.778027,7.333141
-24.863241,39.849533,-10.004922
-49.824535,40.73315,8.207373
-28.996561,22.151411,21.246561
48.03322,1.9295967,10.606478
37.84955,-9.818699,27.922668
25.512058,-12.91599,16.766336
41.319527,16.868835,-17.522043
17.695814,-33.526424,2.3114464
-36.927807,-10.71329,33.359333
-62.870354,40.57159,11.424872
-47.21252,59.245586,-0.45618707
7.5130534,46.591545,43.878716
36.332115,-5.0063477,35.178707
5.475048,-43.699802,-9.371358
-25.798328,-40.332214,-13.267419
-15.367751,11.601502,-14.193765
-10.939718,15.320365,-3.6026134
-6.5940633,30.107561,28.315254
-26.36666,61.7336,25.988392
4.9384403,15.438898,16.92277
-33.27676,-16.311577,15.896831
19.27281,-41.709175,-11.919454
44.994286,-39.425022,-8.273493
11.367702,-35.656105,18.041025
-1.6811044,9.095236,-6.490659
50.46578,36.25774,-12.782576
-24.170267,31.361034,20.579672
-15.832552,40.462624,4.0895023
-15.18092,17.466192,-13.082194
-28.204708,3.3675854,7.2075567
0.029865282,-19.157488,4.054863
43.345963,-51.955044,-15.764158
53.78917,-14.819265,-4.017036
10.009224,17.479414,-11.19076
-31.47759,14.846662,-15.567511
-48.885258,-2.8334682,2.2884028
-48.105896,18.293646,25.283869
-11.657524,30.203543,-15.557703
15.125427,2.9219627,-29.374842
15.306679,28.714512,-11.037109
65.358086,-17.511902,-2.340186
65.278046,-37.888054,2.8946915
33.11769,-26.845272,9.816665
20.1466,-2.8255508,-4.5421367
-12.476264,12.301165,0.2891866
-55.630444,41.44242,-12.980979
-24.706614,59.071617,3.510327
31.99883,8.881222,6.1662116
-12.470865,-11.055042,-15.860086
8.189912,-19.546215,-30.33451
31.71882,-43.383373,-36.87286
79.48133,5.330533,-12.594198
39.252296,30.505457,-5.643787
8.465411,14.906164,2.646786
-19.064728,21.032383,6.481116
-41.866257,3.710233,-12.06073
-27.999407,-5.449716,-39.48698
33.496765,-28.053265,-8.701298
78.80377,9.853201,8.330802
50.5086,-7.6298275,-3.4865565
21.790663,-18.548952,-19.93765
35.22004,-8.677762,-48.943733
-7.5006375,-14.4704075,-22.018705
-20.146263,-9.208898,29.499561
7.6340675,7.9042115,20.860731
29.124006,10.159517,-7.68189
-15.863796,-8.18952,-6.2682085
-25.36865,-29.704092,-13.755024
-46.66613,-12.987793,-16.515997
19.13787,-2.148642,15.6788645
19.500282,-2.517151,12.62639
22.471899,-8.810273,-11.234576
49.034397,-6.728104,-1.1641501
-14.612333,-15.120616,2.697261
38.450554,-11.499482,-13.964779
3.9490433,0.13008305,-5.0308113
-27.905346,24.141375,44.322834
2.4046075,20.498947,17.113424
34.09621,-11.198262,-21.778334
-9.009656,-6.681875,-16.888363
-0.5479935,-10.758095,-19.429935
36.59749,-20.358047,6.639047
-9.928544,-20.314924,43.050987
11.465282,-5.3069572,9.198617
4.237905,10.300417,-21.38023
19.892311,-0.03689705,-11.991071
28.747034,19.824345,30.872957
-42.36088,30.360538,42.491917
-44.508335,-8.086846,28.66726
-4.409222,-41.514507,-9.228029
-10.136806,-47.03847,-23.585215
14.950443,-8.259076,12.74715
23.097145,-9.949696,36.708183
91.18266,15.280582,28.859129
7.2624507,-1.8348199,13.793476
-53.514824,-24.92294,-29.848515
-32.666706,-33.438385,-50.233257
-39.250706,-4.0061693,5.9963045
7.2609797,24.080048,29.028267
34.72656,-16.049091,19.948935
-8.360098,-17.082932,3.6574433
-17.15403,-31.569899,-12.218702
-17.015749,-2.3602896,-24.720484
-11.365485,-4.725277,18.542252
33.898968,54.917767,35.81442
18.42863,38.139236,7.0860777
3.080997,-12.926375,-8.5057
-35.612038,-2.6836915,-7.26676
-23.161798,-16.72076,3.004176
-53.5463,-27.069084,-4.231338
-26.964088,-35.80614,-14.136353
-42.50103,-15.54022,-1.1921481
8.155114,13.736883,12.762708
48.850704,13.89078,-3.6091573
25.579292,-3.9035919,0.49480456
-2.044856,-2.6206567,15.234575
-48.81661,7.291704,13.599732
-47.4569,10.06081,-30.209192
-38.616734,18.843794,-17.459557
-36.46841,41.8335,-18.62195
-3.0950863,26.922337,-36.31932
-32.27085,-22.328995,-14.388463
-34.73648,-41.07833,21.50109
32.74201,-54.487232,-3.9671795
6.589394,-25.821377,-27.222841
-39.364765,12.595675,-16.70216
17.119957,4.3051167,-9.899257
11.033223,11.67704,-10.519357
3.3588402,17.158123,0.8584946
-38.38071,15.671276,-2.6904187
-83.909546,-5.0454917,-14.297182
-51.543327,12.347285,7.950417
-43.168423,19.152246,1.0293161
8.581318,-9.189828,8.438547
30.176064,-16.916386,14.197025
24.065125,15.52687,12.340156
-19.334661,-0.6775125,-28.483124
-75.55774,-3.8059034,-12.508012
-6.607638,19.586695,12.003439
-3.3237624,21.54535,5.384102
-24.284286,6.211664,10.317917
-1.4158907,-8.989388,5.898345
-19.720594,-3.034789,-19.224583
4.1834383,-12.06325,-6.641352
20.1287,-4.0790772,12.648391
51.64638,31.080889,23.836239
1.487594,62.471848,20.828844
-21.47947,23.043406,-9.280909
-34.32072,-25.080357,-15.95183
-67.52539,-51.707817,0.44473338
19.963055,-36.03671,-9.680312
-12.026634,12.506466,-15.284576
30.047894,33.43303,5.2684336
25.676033,33.65719,16.107971
44.54215,-3.5365467,-0.44233128
12.747551,-24.013056,-6.1949477
-11.688934,-26.833786,15.6078615
57.419323,-17.490036,-7.203115
78.18456,-4.7371125,-28.386951
61.01986,-12.520191,18.589325
2.8966293,8.201453,19.181572
-36.466896,3.0649784,3.1393824
-42.24479,22.727016,9.791068
-19.532078,28.815565,11.866848
28.920593,19.61339,-1.1374809
56.515614,-28.06319,26.280207
34.449352,-51.73671,4.809672
42.243668,-36.607327,-20.310333
9.106841,5.610352,1.3661661
-20.678059,47.172115,15.343094
-18.406404,32.68028,13.871717
-21.189077,15.238195,31.166622
-12.478517,18.033506,8.149803
-4.5259132,31.763636,-27.83245
22.44132,11.409367,-14.517514
4.7513676,-30.435823,25.748636
38.00333,-29.52217,26.494795
26.350561,-12.24613,8.922956
16.739393,20.216301,10.961236
25.332245,37.6721,8.419336
20.248514,-6.9464417,5.020022
-34.919224,-15.862391,-8.363338
-43.547802,-15.630382,-32.139805
-23.941696,10.006898,-18.222378
27.201786,30.556679,19.71957
31.076384,4.2219534,1.6128646
60.20717,-12.423233,-8.984133
56.997944,-34.237476,9.3680525
18.354214,-36.97074,-17.956501
7.680183,-25.08399,-15.126756
-4.2323856,3.255669,-5.948194
20.546143,5.815239,12.265221
-6.441563,16.129986,12.876539
-12.577064,16.642069,23.759693
-48.50987,28.516665,8.796725
-12.197482,19.170698,-36.221996
-2.090164,-7.147445,-26.058245
3.4231598,-12.165951,-0.5642539
7.3351836,-32.509014,5.4933043
27.98929,-5.4478426,-4.597944
94.47908,4.1139827,-19.802258
50.815178,20.274048,-9.644105
-26.150293,-10.82525,-5.645431
-61.19344,-16.44356,-4.823105
-65.19536,20.467903,9.037092
-91.91159,25.1776,4.270979
-17.114086,8.400432,-27.83438
48.108547,-21.505394,-17.761177
40.46508,-13.0462475,32.099636
53.48713,-1.0269527,23.418612
34.04559,-9.793177,-15.587127
-28.20691,-10.801829,-34.999084
-6.296376,-1.6591082,-32.045944
-24.556257,22.11703,-20.91158
-45.962906,-2.7842634,19.103838
0.46309695,-0.829212,24.46705
10.510732,-3.7035162,-20.564072
-47.843708,4.12604,-22.52898
-17.09435,32.1429,-17.125385
56.513317,20.749907,8.36995
45.645054,17.216938,35.3788
37.839905,-30.59384,6.2343373
-0.4883602,-49.357582,-52.465584
-11.101621,-51.24212,-47.29589
-29.597195,13.217681,32.07094
-41.845425,94.108376,46.72738
-64.260025,55.56752,31.592798
-31.239595,-0.08303462,-10.5280285
-30.6932,-65.75518,-35.72043
-11.4684305,-55.06822,-22.75775
12.9981,9.912749,-14.210397
61.48024,29.464825,17.22205
34.887787,44.557976,14.885774
32.543728,25.149313,4.770165
10.41502,6.499757,0.21929823
-3.014974,-18.292374,-13.981913
-21.797857,-53.410336,2.4448657
-5.84647,-52.520157,-22.323189
7.5727057,3.2965877,-16.561043
-42.130142,67.7139,23.146278
21.811888,45.73206,25.406878
17.7165,11.32302,16.768457
10.688467,-31.384094,5.328597
27.579304,-14.250471,-8.963978
0.9205362,14.611875,-23.443682
-9.48316,12.538722,9.028732
17.6353,6.405289,26.883236
6.0091166,20.528223,5.610831
-72.359116,-28.056885,-0.16519578
-58.076565,-4.0946774,-15.683383
9.35305,20.734785,-11.14866
30.240313,52.058678,7.3716235
30.547121,25.42239,19.4761
64.963875,1.676993,26.989008
53.54143,-57.078033,-0.122368746
19.953054,-58.74445,-13.781479
8.278602,-31.191252,-28.927923
-28.953545,-19.965315,10.559375
-35.904755,31.013678,26.331724
15.041652,31.079596,6.8638935
-47.02224,52.32723,21.300447
20.305326,25.634874,16.745613
43.666477,-20.944649,-12.583068
-5.575721,-31.73619,-8.7544
37.964382,-73.91608,15.252787
29.293156,-2.2326021,3.927121
-44.094997,27.721712,0.5570972
-65.39029,45.236214,-5.6307645
-42.615307,28.672274,1.6449355
-34.578762,19.544088,17.563726
2.8093872,-1.764643,11.35025
27.529003,-24.90651,20.779293
33.498337,6.4189315,-5.165591
-16.1499,-18.802769,-20.777016
44.141098,-20.3238,-14.208899
46.947903,-32.168274,23.498844
-0.7653183,-11.833657,38.664764
-32.337765,14.271454,18.963207
-79.37486,37.07546,-18.508837
-69.31612,2.6117496,-32.53351
-17.31178,-31.21333,5.782515
29.416292,2.322209,42.076252
20.255615,-10.224495,45.84935
29.017214,-9.1241665,3.445598
61.52583,-34.810818,-19.976461
25.692356,-11.773635,-14.959266
20.176981,8.729426,12.832152
-32.789494,38.62906,22.012388
-26.35737,-18.909708,22.62643
-22.968506,-26.52974,-22.878498
44.511307,-27.891308,-34.982834
27.094997,1.3328738,4.2275763
37.555214,40.447296,15.472234
13.768676,13.078055,14.239617
15.510339,6.9814906,7.3648114
-17.242163,-10.129997,-0.39115393
26.482018,-13.052237,-20.682974
-18.132769,-44.84687,3.8349733
-9.138369,-19.16394,16.610842
25.31621,3.1028771,1.2572944
-41.77041,13.902298,-5.627149
-60.673347,29.878841,0.9225695
-6.180019,62.54116,-5.2217374
8.05099,38.6063,12.887222
4.13365,10.702181,28.610615
-22.88094,-11.220195,-7.9084387
-16.528868,-33.103825,-29.625544
-32.2799,-19.60524,0.05048997
32.86186,-2.397862,-18.809687
50.663876,-13.8374,-6.491359
53.795025,33.06,39.211895
15.229503,25.954248,28.838411
-42.095924,16.757996,-33.6075
-66.60072,-16.420969,-34.629555
-54.537918,16.3754,-33.402756
-12.223098,8.29643,6.21445
1.7889166,-3.8780353,48.78227
60.72702,2.762885,25.660135
74.17395,-0.07135868,-21.93978
-29.721804,-26.637371,-37.625294
-25.73848,-42.557213,-6.248942
-78.66759,13.256976,-4.700801
-54.695568,46.82392,-12.98799
-34.524456,41.1703,-7.6602683
11.096064,26.520699,10.10286
-7.7864375,6.721314,19.24971
38.61086,-22.616623,-20.726757
-21.215723,-55.349194,-39.625053
-44.339424,-33.223095,-12.575458
12.644752,-19.875124,-12.118423
47.814922,5.827464,-14.649033
-60.01114,19.064093,13.092285
-38.833027,36.35232,13.109331
-70.83468,45.475304,-6.998916
-68.848,16.955952,-28.767591
-73.60748,27.026052,-27.446516
-21.678188,-2.0918827,-23.641823
-2.1137497,-27.002302,3.775899
51.913616,-7.7700615,14.6949625
77.355736,-31.777948,-13.143428
44.64457,-40.150707,-33.781895
-25.51022,-36.309334,-29.771662
-31.773933,-6.7624803,-30.069258
-44.322365,44.123837,-4.1731625
-63.442425,78.8857,10.865873
-43.574116,64.287506,-11.729397
-20.36049,1.8823453,4.3474874
-11.593034,-28.995636,-8.891238
47.20428,-29.585295,-18.524824
27.962704,-74.98579,-0.3580875
29.246563,-46.49747,-12.825419
60.41507,19.22912,-19.252779
-31.422743,45.658928,-6.7663493
-59.529816,55.898903,3.2614214
-58.551155,8.353933,1.3171784
-43.20089,-39.15061,-9.347817
33.136078,-21.865974,-18.869514
40.221035,2.3614407,-34.129276
19.4083,20.570215,-12.452208
25.01961,31.53919,22.197294
34.30977,18.247787,19.375187
2.496984,-0.52559805,19.528122
-30.79059,-31.96839,7.2452335
-30.1519,-40.501423,-23.500399
-0.4590616,-31.633776,-29.647984
24.765348,-1.9498193,15.983225
26.201756,24.231562,37.064346
0.38312742,31.544504,27.599697
1.0783293,49.829426,22.234829
16.728441,14.661042,20.299746
12.496712,-55.176476,-0.82817477
13.265131,-73.77428,-25.339632
14.3768015,-36.7629,-12.930508
1.6300194,19.054405,11.249439
46.727386,61.556873,38.7802
40.457794,27.963259,66.96816
9.54864,-4.121407,53.519287
5.0479126,-48.722744,-3.2441492
-11.099006,-66.31987,-25.398006
-3.0158105,-48.19321,15.600148
43.67828,-11.793366,39.77033
35.20236,28.692598,11.281299
8.389522,14.4756975,5.7396193
-3.000231,-2.375399,37.98405
44.22264,-2.7899642,49.92912
-1.3029919,2.763874,17.399958
-64.7158,11.108277,14.793302
-50.97703,24.374657,10.800069
-32.920647,22.567942,-19.368614
41.786743,12.683058,15.118483
77.31563,5.5712423,51.541676
90.87209,9.337432,35.540535
29.447609,-24.0591,14.149722
-26.64664,-42.10562,6.00355
-58.148502,0.1912967,-1.334991
-31.023474,27.585318,2.125217
-2.997091,52.8149,31.961166
-14.726849,52.976013,43.38068
5.214096,-4.0559955,30.428415
66.59901,-36.612328,22.29794
66.54562,-23.753746,10.376716
24.639,-10.724951,-3.2732651
-21.982506,17.22856,16.143957
-0.4549723,0.736265,11.668527
-3.630556,-12.060809,21.14617
-15.572155,11.576938,16.63468
-7.7702427,35.411755,-6.036491
-28.125086,16.50191,0.981818
-12.395311,-20.255123,17.765968
18.030764,10.506224,10.337176
27.969398,23.900724,5.5714555
-6.0495386,30.115396,9.82696
1.8387778,16.667646,4.7261715
-39.572525,-30.62136,-24.489714
-43.2563,-11.249854,-3.2430048
-32.287056,23.95456,1.7729807
-8.054615,16.810177,-12.055063
15.162084,-6.084431,-4.149524
8.423232,-14.103983,2.3736537
-9.308698,0.43961382,-13.062941
-41.02739,-29.69199,-13.568306
9.093793,-15.191082,-13.280112
17.378443,-28.27785,-27.60587
-11.76709,-50.487537,-6.6951623
19.826645,-22.210934,17.616163
19.364075,4.9761486,-2.5009053
-0.22582355,33.921326,-15.218441
-32.1736,54.205627,-6.084721
14.358057,-0.106883705,-40.44214
-15.734431,-31.004803,-23.203236
9.061496,-10.699513,4.46382
3.3198156,4.5224214,-13.502184
8.790708,-28.270168,-24.607382
-13.6481905,-17.880226,-23.065418
-17.703358,-9.804179,-25.49525
28.367691,-26.515858,-2.6478448
45.65576,12.030885,18.073786
-2.0162747,7.892533,-32.757637
10.761616,-34.25637,-51.691628
-36.070717,-26.735888,-42.819595
-8.726912,21.966122,-19.786669
5.753475,-3.647313,-3.3745785
17.390322,-7.8628945,5.5798817
52.596016,2.0537066,-20.709553
35.55008,-34.50421,-36.85505
-2.5096562,-25.4466,-19.101967
37.87095,9.174712,-22.740084
7.2064276,-12.611569,-8.620979
2.5953593,-32.21446,-10.747332
33.889183,-4.7381973,-33.381348
57.81081,18.550222,-32.038635
19.684822,9.923561,4.834798
30.54271,7.5821958,14.20605
32.83486,3.5405443,-12.19121
-25.183434,-34.78142,-21.16132
-36.017056,-41.675453,-29.29494
10.207774,-21.291079,-54.743313
19.482317,5.443299,-13.877748
26.81951,37.158276,21.209238
67.75347,23.4635,-2.6483765
-34.371506,-3.8536203,-18.932009
-41.555855,-27.440754,-32.378414
-22.698446,-42.557896,-40.374943
-15.457738,-16.719019,-32.96311
68.25951,6.5326233,17.323496
74.43689,6.212984,10.438392
45.439342,-3.6717203,-32.145676
4.351232,22.499102,-52.072334
-34.075844,6.2563767,-36.91143
-13.998706,-19.534243,-3.1011884
2.1557922,21.069666,-17.14183
2.989486,24.920248,-24.089012
-37.123444,9.071455,-3.073595
-29.713858,21.018042,0.34012595
50.973095,3.009469,-9.503418
34.21612,-32.63763,-8.906416
26.431463,-19.050241,-23.587362
-22.327166,-14.389262,-16.745455
43.403004,-13.792546,12.204242
11.452186,35.26887,34.500446
-26.770582,55.608654,1.9260637
-47.190792,26.707134,-30.453568
-80.37533,29.056894,-13.418841
-40.385685,29.935259,-2.0342035
33.320774,-2.7067823,9.881118
46.843796,-20.507244,14.30372
58.963074,-19.125,-0.66874045
7.795496,0.9799027,-4.286613
39.936684,-11.79607,-12.382262
-8.560412,5.3865304,-8.022497
-45.13499,21.274588,-9.950498
-50.23975,24.038498,-8.869613
-74.12229,51.667004,-1.1142217
-50.648884,43.031303,22.619957
-11.766131,11.542931,38.432125
23.204405,11.262772,22.473198
10.162691,9.395379,15.085455
31.168592,-23.449295,43.126255
37.975555,-32.15679,19.373884
9.468764,-17.66196,6.804279
-37.24199,1.4793775,30.395487
-38.674255,36.516113,29.399645
-77.40457,64.96257,20.911934
-92.54244,65.691864,40.630527
-47.57664,47.99956,43.232513
13.323666,-12.3697815,30.059023
18.391268,-64.01893,24.043756
68.71038,-65.83763,12.232823
62.74006,-23.759617,-14.870201
-14.285494,1.6931893,-2.719076
-29.071243,60.26707,42.15811
-41.621292,58.93504,46.54761
-81.72006,17.948801,10.783428
-73.13414,-7.0392966,5.1455564
-19.478075,-8.478709,15.025046
45.990925,-6.116893,18.220947
43.510906,6.8194027,26.86481
4.9435635,-46.717415,36.0724
-10.5613365,-57.624245,34.928547
-51.126698,0.07369273,35.151783
-46.121048,57.143852,26.2118
-45.417145,38.95704,23.26722
-27.994951,-2.9425163,16.625757
13.497472,-22.597502,11.554896
-28.593983,-19.84249,8.803836
-18.769745,19.102283,13.301191
-16.788055,21.667786,-2.7284894
-28.54778,-22.449392,-15.555989
-55.57248,-31.472486,28.945305
-26.76972,-7.2088366,44.289207
26.855099,2.9975502,29.475517
20.60359,-21.425293,3.0241244
38.643562,-22.51748,-19.341518
-51.52187,-41.712013,-31.756268
-101.57463,-27.870607,-0.65906674
-56.00927,42.311504,-2.8340952
-47.642418,58.53903,-7.319613
-6.479314,14.076135,36.836613
22.943602,-13.469073,30.708704
50.32297,-73.3198,-9.540228
-35.202305,-78.74087,-23.641672
-5.8620067,-31.332201,-26.697216
58.484364,5.2868867,-11.910221
37.09886,29.4194,-3.407054
-8.223868,26.87336,-6.4268055
-60.955853,18.11978,-8.504406
-59.183506,13.135386,-10.686388
-8.55164,15.055752,4.8043165
54.34403,24.894463,10.811645
71.08013,-23.544575,15.522663
69.101974,-63.284466,-22.302528
48.02179,-44.68459,-29.300514
-52.07679,-29.142534,4.565795
-42.63213,19.66648,15.019418
-33.443893,33.88316,2.1095471
-33.233025,-14.043941,-6.949852
21.576546,-1.9091035,-11.023723
38.16834,-1.9348453,-35.176903
1.9861062,-0.51048446,-23.960186
37.52329,27.438606,26.670004
58.05075,57.25432,14.210941
7.174158,24.273869,-8.023254
-35.022793,3.261642,3.8006177
-19.754366,0.718399,-6.562453
2.82912,-27.164902,-19.18767
-5.08719,-29.575361,-25.853909
7.9849076,-23.115625,-20.891865
22.198263,-19.050552,3.6291578
30.159174,32.05115,19.800217
42.39861,54.179344,4.581818
31.979683,8.141348,-11.247736
-36.713745,-11.654113,-16.55982
-34.21353,31.994522,-4.316981
-25.383787,21.908524,17.988825
-1.5786058,8.000622,11.65984
49.581196,-9.103253,-23.198185
48.12202,-42.032524,-46.78048
42.24508,-47.768906,-16.635511
31.954329,-30.654585,0.92260873
26.202145,13.821536,9.325047
-17.44047,23.618397,19.590693
20.891567,38.94216,-13.133781
36.32368,13.8312435,-28.164188
10.103849,-26.86228,-12.820235
37.32857,-44.36951,-5.7388067
-0.5070058,-57.720215,-18.015373
-48.755497,-15.517484,3.583811
-30.700855,64.493385,-3.3958144
-19.823072,83.25341,-1.0826887
-3.3081648,56.211594,33.60143
12.76447,3.2787359,26.047009
15.653348,-23.63411,-23.65706
-43.515076,-32.32077,-11.21642
-19.487843,-22.954973,13.985655
66.56639,-33.62794,-4.1741486
42.477543,-48.06518,-26.486412
11.872201,-21.703104,4.2452393
46.344044,22.177013,1.6459585
15.532519,-16.314259,0.31027573
-32.2795,-35.01034,7.043609
-64.197945,-14.403528,-6.70889
-36.53272,34.24137,-7.9167314
43.191593,44.878902,-1.7866629
28.754969,33.19601,25.604645
86.29743,-42.96993,20.869513
53.5845,-87.064,-12.398335
15.63673,-87.344124,-48.837322
3.584396,-60.123554,-38.94885
-5.0910993,1.0401962,-2.2080495
1.8087565,76.24713,24.753075
-4.363621,73.318665,29.751324
-4.9819417,45.179657,-1.9794898
-19.915644,7.3343954,-5.051403
-0.99519295,-20.751461,-8.702795
31.569977,-92.00014,-17.234716
43.767822,-72.77135,-27.789318
36.119953,-50.414024,-27.820911
65.548035,-8.454551,31.691355
47.060078,23.666319,39.94342
4.4347625,17.887402,10.745711
-33.86485,21.058205,-6.5061693
-24.152803,22.956543,-14.309626
-10.2325,-3.0073128,-11.975013
-0.2009987,-9.205065,-2.2143552
3.732278,-25.946413,-9.166406
82.281624,-9.50665,-2.313684
-9.254537,-13.506908,1.9286684
-27.095201,-16.323408,-3.1562943
2.614417,-33.39378,-12.976647
-31.657127,-9.42551,3.8889434
-17.511166,29.119724,19.065187
-12.770959,33.595333,1.2103132
-2.3533907,-4.763842,13.778627
-32.008194,-5.272016,16.926971
22.5465,22.891006,12.93119
27.385195,30.921965,14.124781
-8.499586,18.712822,-10.748845
-22.17275,12.131661,-31.948454
4.7650337,-34.585873,-30.802393
9.345211,-46.75712,11.244533
30.260935,31.481104,27.873747
53.294144,49.494877,12.509573
16.184845,23.889297,27.792511
-26.405787,7.0549397,-1.6921573
-74.62824,8.478663,-26.125786
-129.05403,-7.403773,-15.5505295
-64.41604,10.639389,-10.8336315
-14.369617,0.7850361,6.8676505
51.69037,-5.939271,18.127676
103.67507,-2.7007399,-11.50066
41.418144,-46.386093,-27.055414
-44.88083,-34.890182,-8.732803
-67.469986,37.620148,-10.940418
-64.30395,63.556717,-5.006599
-43.890366,65.91288,19.239233
-25.382294,50.631237,27.503424
9.534591,-3.292735,9.076943
2.7583487,-37.591606,-19.806889
-46.02405,-22.693516,-47.992607
-6.5326915,-6.6787405,-31.454958
-11.159202,43.71214,28.744545
4.6323657,55.789314,50.992706
22.264061,44.382805,13.852966
-34.26035,1.9050002,-0.45372587
-59.719646,-14.825904,6.556404
-14.589073,-47.921726,-29.217592
18.766941,-60.357906,-41.496128
22.436571,-17.452984,-7.3697457
54.658165,37.267796,11.073578
10.332841,58.392776,1.9165025
-14.994758,17.456686,-4.0512953
-10.64824,9.723676,-4.7458253
-71.14027,-24.720228,-3.2507474
-85.311615,-23.642092,-24.420872
32.24078,1.6094974,-17.208784
43.480198,-11.083365,25.599745
31.366909,4.6532226,14.683085
4.8718877,27.410925,-20.769773
-20.205389,22.914368,-9.78584
-90.76213,30.234537,2.3741717
-76.63897,14.781643,8.583592
2.0904784,-5.9515996,18.575644
53.725605,-15.482991,19.883945
75.77963,-10.530133,2.0066595
36.168793,-2.3330262,-2.6560783
0.57700086,20.272396,7.5620704
-34.07775,16.400412,-2.2616293
-101.479965,-1.8559414,-8.04574
-78.84795,-18.377817,10.304851
9.036721,-27.924088,-0.39398915
100.62022,-40.73837,-11.6452055
83.294655,-21.206347,-1.2466362
73.34011,-10.128872,14.884424
38.46102,17.716011,21.592928
-36.80134,21.44569,19.786678
-91.458244,28.394583,-3.5510304
-61.85631,28.188549,-29.396168
-41.521996,22.383554,8.189907
43.868565,22.286894,11.159587
98.43769,-6.2907166,-5.5284905
65.64533,-32.603813,11.368111
25.74038,-39.786976,10.684506
23.651588,-23.851274,-9.553035
23.53527,-29.79379,-3.8127074
-73.850426,5.462599,10.719098
-35.456337,42.464012,-9.513368
-7.9755425,39.538918,-15.365671
-17.540382,62.856888,-8.0308485
21.756361,68.35596,25.609518
26.929596,33.336666,33.22964
67.583015,-36.680035,17.80283
46.774464,-77.53201,-10.385085
38.74781,-85.70433,-38.755352
1.0307195,-36.67924,-23.493044
6.9030623,40.105,8.484798
5.54797,75.730286,13.504565
-12.251061,43.58108,20.92982
-10.147738,26.728024,20.013062
-48.007126,-9.847712,-4.4352875
-41.00927,-12.676358,-21.70015
44.4201,-6.2902775,-21.278904
39.379093,12.90313,9.513606
24.208857,40.327858,8.286491
11.455779,26.179567,12.40982
29.519176,16.337152,5.6407266
5.160141,-23.452076,7.253508
26.521788,-5.991669,-21.716717
-31.434546,5.343142,-18.638067
-25.18872,6.8123636,17.061966
20.366337,45.9979,17.754202
9.487548,37.064934,17.282892
1.9603275,-18.072529,2.4755237
19.880224,-26.246937,-16.599585
7.543655,-11.485361,-4.28307
-1.6729057,-28.622936,0.6755928
2.2932613,-12.907086,12.485483
53.94213,14.78075,15.156084
-20.18715,-2.6970143,25.702986
17.3576,18.203417,5.634041
-25.752422,-4.2077403,-35.569828
-50.5024,-23.781454,-31.505558
-14.319685,-11.686465,12.820698
19.330065,22.485584,15.037116
20.333244,40.39816,15.024693
19.966917,-0.97302234,23.24405
14.21067,-18.349703,-14.122685
11.380525,-54.152756,-20.63145
-33.44434,-38.27481,4.2836137
-13.283781,20.75494,-9.163615
45.127563,21.3521,4.3158216
-5.6689515,10.069792,6.6492176
-33.23925,7.409247,6.880829
-41.155556,4.2059093,12.577402
2.1188421,12.097227,17.99014
-1.7977123,19.766886,30.806454
-38.286854,-4.3641543,15.730371
13.65371,2.8193486,-1.3817728
-40.9725,-30.704105,-13.195393
-54.74396,-58.616898,-12.328778
-20.76852,-3.3376522,-0.18663368
31.932274,40.35615,15.524778
66.93592,33.684364,31.515402
-7.3008733,-3.9431403,33.810684
-8.910689,-4.1498923,-18.699076
-60.595055,-26.356579,-21.852491
-91.46344,-28.441156,2.5142078
-19.71309,19.555775,2.948094
-12.67196,21.03909,6.4624386
-2.1278794,1.4000111,28.118917
61.15289,25.965586,8.610319
30.68761,-10.9397,-32.144333
-34.01582,-27.36822,-10.221712
-44.757607,7.472606,2.679577
-25.162357,27.936047,-0.19220012
-50.297947,14.776426,-4.1076975
-13.369446,-7.1681604,3.3634803
24.266798,-8.11315,-0.63660556
-35.20244,-9.996156,8.34982
0.5966112,7.200838,20.56477
51.028633,-9.653527,19.397009
-26.584528,-25.54728,-4.6929727
-50.67774,-14.880008,-17.516003
-26.651705,5.558753,-3.0597527
-13.292964,25.299696,29.139328
4.62935,11.421895,31.320263
28.325344,-33.21795,-4.4227147
4.0044556,-38.096428,-7.8222847
-44.432,-9.472375,-20.28936
5.6631646,-10.317318,-34.62731
46.495125,-45.780094,15.795678
2.4802756,-47.186214,21.847542
35.489754,-3.8305905,-23.840933
-41.30969,3.8574045,-34.019993
-20.51236,22.354399,-4.154357
34.997894,22.235369,10.671982
39.823452,-22.460579,10.489285
-30.53262,-33.421825,2.7260108
-9.388249,-23.729809,-23.478086
33.990326,-14.294992,-21.593576
20.49402,-18.460392,20.814941
30.70975,1.2210629,31.065258
10.985879,6.09397,-12.32066
-53.057636,19.254766,-14.136244
-68.8627,12.240782,-11.96019
-65.629845,-1.5171653,3.4310234
-24.474775,-7.257798,-5.0564647
34.206192,-37.714367,-8.322573
48.081406,-44.17309,-18.986755
46.245846,-47.667137,-30.441967
39.31326,-39.616615,-17.348125
27.746058,-10.676438,-0.5746191
-9.134616,52.01942,0.7143541
-40.867596,56.623173,17.290045
-23.07117,15.812268,10.438066
-4.418143,-29.602793,-9.84927
15.447059,-40.573788,-10.673825
54.574364,-50.026455,-22.786407
23.497112,-26.338076,-25.324436
43.974117,-1.7775024,-21.42231
70.72974,-5.169535,-12.318114
47.472416,10.778398,20.049128
-21.789639,14.693789,13.57424
-55.039692,12.242587,-38.661488
-32.59764,-21.969412,-28.524683
-5.7386417,-14.745239,-10.171974
12.320097,-12.563077,-16.128649
-21.728298,-34.050266,3.8834808
35.16878,11.974264,1.6276592
26.722168,23.695555,-25.680382
28.490217,-38.38876,5.3797154
-21.37184,-22.152239,6.75963
19.57521,13.020025,-14.3839855
42.663006,2.09519,-15.49863
2.3001916,32.714333,10.197991
8.629966,-5.666142,-3.1408176
6.780364,-32.62044,-20.808887
-64.27989,29.291365,-2.5959828
-34.08021,37.68927,33.980682
22.341274,29.03795,16.63245
34.830883,-4.4715633,-8.004187
3.2361686,-19.459995,-22.520058
17.247364,-27.399248,-22.595001
-13.409663,8.559242,-12.751433
14.822559,41.12959,15.105542
45.495327,43.434334,29.737494
-27.045357,14.271813,10.5227
-57.841923,-15.840404,-5.9627023
-0.12504478,-11.265359,-42.231556
20.271872,-15.958318,-38.13746
-15.725453,-0.8737905,2.133961
25.888628,-26.287348,19.422462
13.5364485,-31.9674,36.109886
56.629826,12.559021,13.177951
11.303237,37.43748,-13.463982
8.120671,7.433992,6.7571025
6.463878,13.228596,1.2131912
-46.469616,42.88337,-18.624273
-44.10206,47.50194,-7.299276
-4.3580794,70.724464,6.088921
-15.039681,63.676167,-8.245216
12.197043,-32.310513,3.230517
11.288134,-37.64299,3.4484518
40.018036,-37.34602,-43.14672
28.817324,0.7746025,-30.573427
-20.150621,37.09061,20.891264
-31.338114,52.234894,16.940287
-63.501156,54.309147,-3.9919384
-79.21872,37.172195,-6.4767323
-20.307913,30.659533,-28.497648
65.960556,-23.51209,8.727363
37.47089,-36.484913,46.6135
55.958855,-16.662813,28.22823
33.117504,-21.149132,-3.3406737
19.484066,3.490973,-6.633617
20.812962,9.904398,24.995289
-32.348507,-7.887294,21.565035
-59.8957,-19.332066,-7.0851803
-17.18051,17.79369,-9.164466
-19.649582,19.29797,18.339006
3.5630283,19.361217,43.05832
30.7293,23.567709,2.2183144
-17.885477,-26.363407,-35.961124
-34.184082,-35.123104,-0.34198228
-7.4424844,-5.438441,2.8196666
23.185915,24.298206,-4.6483965
-16.5344,1.9022593,11.075249
10.800737,17.313896,-5.539288
-41.60214,43.081783,-10.728452
-0.95541024,19.621513,8.400154
21.160658,28.55296,-1.7491844
-5.854146,15.886111,-11.229979
26.345535,-5.849065,-3.4754312
73.46112,-25.65101,1.7655437
22.506123,-21.836134,1.6992387
-21.356161,-4.9748178,1.4798034
-8.809128,26.32772,12.879927
-13.187082,28.486336,10.433996
43.23543,9.057846,20.864626
14.48091,17.35198,12.377166
3.9580345,-16.07254,-3.6734102
14.072308,-51.760567,11.480489
10.833534,-59.181557,-7.0996246
-8.320191,-30.561518,-9.047862
-2.1657958,9.232965,4.5838156
10.509875,16.9732,25.750805
11.534032,24.492529,40.725876
-30.655987,-42.231186,31.694418
-19.783962,-24.178915,21.064075
-16.360037,-24.243193,-16.797617
-47.602924,-49.47823,-19.870491
-73.179924,-3.868006,-4.084277
5.914502,24.523827,-2.0676363
22.572536,46.632275,15.508393
20.798403,23.238686,54.159523
56.70231,-4.9941325,45.926746
13.78221,-32.4034,-11.78429
12.7669115,-37.509453,-33.152576
3.8381114,-25.879751,-1.5534804
-34.67864,-2.6941273,23.689161
-42.44205,17.991768,22.382635
-91.37108,41.667324,13.852612
-29.6884,25.29754,-8.174855
-7.337386,-2.0348792,-6.8722863
31.620047,2.286445,8.65009
20.560043,2.2717211,16.677292
46.360405,-3.1949646,8.657169
1.8089336,-29.79677,-19.560207
-15.882776,-41.145958,-28.841599
-33.733444,-10.538772,-7.940207
-29.55388,21.553194,1.0507978
-42.021427,18.294468,-2.2215335
-30.132753,8.437106,-10.125125
25.177996,1.811887,-1.6279472
-4.157884,12.064623,23.041157
-26.520731,4.897401,9.676323
-55.72749,-3.7961748,-28.1187
-3.9034042,-33.244514,-17.05841
14.55729,-9.800723,27.505344
15.568192,46.346626,50.340942
59.137184,15.171562,31.7783
43.347385,-34.47689,2.439031
-8.999739,-18.849787,-27.227541
-20.096487,-14.345779,-28.321243
-22.450178,-12.107637,-6.4076915
-65.41836,13.370492,17.860239
-26.625572,38.666332,3.4877894
38.301716,20.280703,-0.41115084
62.755684,6.4997897,-5.0626683
95.173615,-3.4060817,-8.033035
64.97902,-10.868697,5.06673
-50.864372,-26.98635,9.46228
-61.37328,-5.419432,-10.331579
-7.215419,-7.479336,-42.66979
-10.171563,28.569801,-23.435266
16.580973,57.428165,14.714335
47.321537,6.4368234,25.073397
24.939253,-24.000835,-5.1684732
-30.487282,-9.503052,-37.795135
-8.05706,-3.6723206,-15.823773
-51.253185,-5.3721414,1.6649296
-6.1275887,-32.089077,-6.71072
-9.172649,-5.168519,-18.967394
-4.106415,46.682747,2.8596528
50.660183,60.904118,14.833634
-12.022269,14.223544,-6.65027
-28.95548,-20.607216,-9.495928
-19.417118,-5.755077,-30.52889
10.656227,-13.807681,-18.112192
24.372387,-7.614535,7.8085113
24.42059,22.500849,-6.4383793
46.930416,-14.200101,-12.661993
50.0375,-41.896225,4.12742
-8.4298525,-17.43602,-14.465954
-24.436153,3.7677395,-20.340368
-17.15464,10.292691,-3.586769
-20.212416,12.405476,3.0046656
-10.046606,-10.942734,-15.012318
-24.146927,-5.5693455,-9.24669
5.380053,5.682482,-1.6570903
-3.8399224,16.575064,-14.584761
-5.944325,-3.664743,12.351893
16.844412,-13.549472,39.266235
9.640805,9.438017,29.827164
8.22246,-29.346535,8.90518
-5.48274,-59.501106,-26.131742
-4.393618,-41.966835,-61.472427
-46.634315,8.089897,-20.73998
-3.5069442,60.731224,33.370632
7.2751074,55.698162,25.016235
4.9855404,36.085083,35.60398
9.052026,-4.4198456,16.340828
49.144253,-51.485874,-26.20113
34.4568,-79.54405,-14.704342
-35.71672,-23.59982,14.042896
7.71355,31.122625,6.937462
-59.388798,29.521374,-11.460474
-45.664204,39.387184,6.363148
27.800083,45.152718,12.870177
13.005148,1.4918666,-7.5206213
5.570399,-40.480648,-19.160227
40.99746,-37.589607,-26.736677
89.968605,-25.852005,-8.45637
36.836933,-8.291864,47.31929
13.4186125,0.1761051,15.79257
-61.974037,-25.880661,-21.825296
-76.41768,-8.025818,-12.120068
-29.825497,17.41987,-1.5821124
10.824556,43.783607,-1.491272
-50.007835,15.524184,15.409811
4.0344863,2.3387766,0.97507036
77.531586,6.3154325,-17.741352
14.839693,-19.584711,-5.2548413
32.831917,-31.242283,2.7631965
11.41672,-37.19932,1.670335
14.559582,-18.562622,13.110593
-3.0923738,6.132277,9.393596
23.421759,39.238503,-9.862152
8.500638,36.629723,-9.557188
-65.50931,14.762357,14.959037
22.414778,-9.61377,35.770515
46.22099,-14.635865,27.407717
-18.69022,-16.405434,-17.935596
3.0428603,-38.860622,-22.722395
13.331358,2.0159683,16.804167
24.379292,-3.6070144,28.749458
-17.921217,11.06501,2.072142
-8.450018,-8.669444,1.4447916
7.144274,13.223493,6.172557
-26.271051,-4.533598,-5.203698
-4.3449473,-21.34425,22.0058
62.898216,-9.195428,44.414307
66.323524,-9.156118,2.1352046
9.328307,-34.64454,-40.373184
-29.503391,0.15306802,-25.87651
-46.685642,19.225224,-7.5043592
-6.935654,14.692804,26.878517
-24.548708,32.49601,40.493053
-17.142216,28.690912,44.96979
25.546648,12.981224,28.131458
25.079433,-12.374224,-6.851126
19.765339,-26.518467,-36.6516
35.982662,-25.855818,-31.019997
-9.9304495,-1.3360538,12.645054
-40.002773,41.021847,32.192604
1.366456,41.488846,-0.38189057
-3.0453298,0.5857312,-21.652266
7.649294,-19.601093,-16.813133
4.5818596,-10.415251,5.9738116
-23.954945,2.5330374,20.00267
0.1753683,24.316437,0.36953187
-16.770908,16.57107,-36.948116
-20.977116,-0.12580806,-21.187708
-17.442469,12.118091,-17.508808
19.96879,13.83001,14.7686
13.945711,27.307878,46.081753
34.951687,-10.382839,30.024702
5.7840695,-21.848463,-12.886024
-34.486504,-12.853495,-27.199461
-40.72958,12.939155,-21.395355
-33.905106,3.5356445,-0.7796199
-32.042606,1.9304186,21.498268
-12.896323,38.042572,29.251112
19.013025,25.555965,-6.9341774
22.666054,-6.911892,2.6040747
42.211452,-18.665508,28.667227
89.64052,-30.430054,-5.7715216
31.35155,-53.3028,-47.318832
-75.64818,-33.578552,-31.362097
-47.405987,-1.8344125,-22.397436
1.875676,30.021315,-3.687289
-27.06156,41.369995,12.404372
-16.58865,44.80198,-2.503596
4.7958584,3.9167738,-23.04449
9.794021,-31.798695,-21.450193
37.125065,-28.81155,-23.80663
37.26688,-38.969067,-21.69732
-28.682886,-6.6970854,-3.9314582
-4.3014812,46.201557,7.288825
-51.650814,38.17012,-1.366699
-39.02642,7.831081,-10.087457
-4.8815775,-16.97906,-15.043944
17.995113,-19.31948,-37.255993
2.6937046,-33.717243,7.0112214
37.47902,15.295468,17.236086
41.676655,12.294999,14.480039
35.403076,-29.019081,3.9859028
-14.797719,-25.721502,-24.40071
-49.483936,24.91336,-40.182114
-96.87422,26.98619,-13.930495
-41.437763,49.972275,7.707354
5.4486685,3.132751,10.940746
-33.193855,-20.719826,14.836776
24.90465,1.9887112,-8.789223
15.290531,-13.823044,-41.302235
14.414935,-20.10236,-43.494698
-22.21638,-31.764914,-34.939655
4.7395043,-3.697658,-1.1461389
26.893026,4.141262,27.764097
-15.141528,32.08919,8.90193
-22.804085,18.70612,-46.303837
-60.735214,-8.933406,-31.403345
-72.19789,0.8715679,9.434802
-4.161577,8.733239,8.026362
31.017765,33.102367,10.601979
55.550556,-6.4532595,21.359446
101.79469,-51.665478,1.047641
57.568123,-45.812347,-21.335773
-14.595051,-7.1846256,4.596874
-17.37532,37.62664,6.583272
-51.45293,50.825306,32.827503
-70.922104,51.527973,20.750187
-33.304756,-14.663049,-17.659784
42.887733,-9.956242,0.21865965
-3.8964438,-7.4893827,16.462738
32.219715,-7.438325,-0.66445327
35.006306,-5.635796,-3.342819
15.783099,-18.11647,15.434368
-5.489597,7.586318,12.69147
-14.061061,3.124717,2.9335485
6.217358,5.137316,15.790226
18.026424,-16.380621,12.023059
31.838684,-47.58428,-19.40151
19.648159,-18.133038,-9.866575
27.72148,32.8965,20.681208
-9.775023,47.549046,21.505247
2.3676367,25.993914,29.413328
43.3808,3.2886605,9.801487
28.986435,-23.044977,-33.589066
-37.64993,-37.33615,-22.366606
32.89177,-7.4908085,19.99079
46.52368,16.256845,52.01701
25.208075,7.2296515,32.76888
-42.031734,1.7837478,-14.833826
-12.892045,-5.324663,-25.60504
-67.54504,9.804057,1.0186543
-2.7951026,16.864086,12.558045
16.67388,-1.5762726,8.056011
18.095541,-11.524481,11.9588375
13.282313,-27.867836,-11.937114
52.94367,-38.67406,-16.274996
41.496407,-26.021202,9.797595
-10.003966,-24.95446,-18.563086
-39.446976,-6.975026,-19.971783
-57.79735,32.180443,12.124057
-53.182568,61.652973,14.441248
-34.589672,60.37403,20.208305
-16.362492,7.7769113,17.344526
-0.29108816,-41.769104,-8.217726
51.69774,-56.32831,-9.448594
47.13293,-56.472733,-3.369016
11.516149,-6.7706084,20.911148
24.613266,30.858692,22.730577
5.3090467,18.987768,2.2791295
-25.058912,43.513424,6.4339066
-25.41571,28.367111,29.178068
-18.962414,-11.725978,24.28747
-54.10442,-40.903538,-13.865592
-3.782003,-14.79419,-26.261251
46.77996,-1.9249595,-9.905318
-16.450285,-14.159483,4.648871
-30.938814,9.008867,3.3628752
-11.133321,-8.837135,0.6919721
-33.152637,-37.37738,2.1650622
6.5988703,4.1245017,-18.706432
13.30617,32.32304,-15.946337
4.1360426,5.861725,23.522514
-15.994536,33.27255,24.944958
-43.77849,2.8838015,-29.645796
-23.708515,-36.68643,-44.361263
9.039138,-6.537619,-18.853823
43.87216,17.288631,14.741208
35.38757,39.377407,34.5953
4.2192154,36.004025,13.0491295
-13.886864,0.1258704,-23.101692
-25.54765,-31.88741,-17.705877
-53.189865,-16.715458,-16.012377
-0.17000079,14.619567,-26.338453
5.6652393,9.960403,7.916984
21.959242,-6.149945,24.303152
81.872765,-6.2457175,-7.4274054
-25.845726,-22.757662,-2.5297287
-67.49602,5.4325495,5.477533
-38.6211,2.687746,-36.520893
-39.394257,-14.918263,-19.40919
-28.401983,1.7222135,3.841858
-3.4577289,26.45583,2.4290645
25.661396,16.091778,23.997192
18.35758,-0.9911795,37.602474
35.509502,-13.304366,15.769828
25.188114,-14.44432,-17.384665
42.624195,-25.336342,-2.8356977
28.566181,-21.718992,5.8284183
-18.459154,2.8164983,1.9632261
-23.162788,34.394424,4.3843775
-33.278545,56.260086,-3.0051894
-54.507923,12.730523,-5.8193827
-33.200497,11.162033,19.7224
22.647028,13.776294,29.928719
40.915073,0.24333785,6.930438
33.34193,4.2617116,-11.368
16.722061,-17.87893,-14.690159
-18.946194,-27.711933,-14.749038
0.10309145,-6.4438424,11.172864
6.557559,28.102468,12.53332
-20.224308,29.664438,-0.6975498
-8.744557,38.084854,26.417023
14.427895,10.9727955,14.895192
14.953182,-15.327225,-11.696719
-44.83167,-8.593656,11.085641
-4.463902,-36.315186,-5.4437203
33.925934,-41.503326,-19.238764
21.145697,-35.762604,4.2845078
52.447693,15.345246,21.445736
59.47363,-8.988555,10.011837
6.6287494,-18.103554,5.646111
-36.70275,40.475224,-16.10806
-25.557384,21.120543,-20.719053
-18.667356,21.641275,6.5295835
-29.137419,-0.77373916,22.737074
-26.995882,-10.312997,-6.582511
49.217007,-32.066513,-18.573267
30.193026,-1.3390414,11.22042
29.229162,16.128313,20.372887
16.635248,-6.1855006,13.381893
-6.8831334,-2.6203156,-6.406116
-13.778066,17.562183,-34.976105
-51.012287,3.7083864,-18.804876
-65.466225,16.243196,10.648017
5.7622943,15.604199,-6.2362614
2.0856116,-0.40700227,0.84931636
19.81713,-11.2347765,16.040638
45.103462,-34.53507,3.2285144
28.72089,-62.502033,-9.7480135
4.51551,-7.736347,-19.865038
-9.396887,-17.602104,-21.96493
-72.3513,-22.160587,2.7334037
-60.671764,-14.216633,18.601118
-8.358924,10.896345,1.9789819
64.66924,10.123591,-15.172518
0.96267396,8.310007,5.7848263
29.173965,0.14721711,28.497677
-9.984488,-5.056686,0.19081895
-6.8807216,31.541275,-18.838272
-11.043187,23.19057,-30.193695
-2.5037596,-31.80336,-14.078377
-6.416984,-22.151861,11.697398
79.43712,20.621819,10.772593
35.381294,6.0856385,5.302953
-8.176671,19.88322,-4.495037
-44.689915,27.719934,-12.85163
-43.089012,16.19242,-29.829226
-51.429432,-3.7596278,-14.624687
24.445744,22.43111,13.817873
2.085002,-2.0373724,20.369322
-13.215811,-16.830729,10.672302
5.722743,-20.804012,-19.218246
39.917255,-29.430855,-23.883183
40.84931,-13.957198,-1.2819141
4.849357,17.418707,5.676289
-10.889999,28.887262,-7.741583
-83.301315,5.432572,-4.2883515
-81.33124,24.167353,7.740473
24.06963,45.12942,19.22623
22.29314,20.073114,28.569248
48.862114,-22.935677,24.11276
85.076965,-63.089447,-16.36999
103.4375,-68.3274,-25.049162
-18.775429,-30.41346,14.809974
-35.855637,17.189888,8.22931
-44.10831,39.941513,-0.7966834
-105.66559,14.232163,8.741735
-70.19026,12.905707,-1.4479694
8.366566,23.739931,-12.545185
-5.8007426,16.041199,19.609785
32.06777,19.115908,36.304234
35.63588,-30.306744,3.3519018
21.504776,-75.262375,-26.605509
38.826096,-69.86988,1.0769881
66.589485,-45.585945,9.408175
22.08838,-10.251207,17.68626
30.534777,-9.7119255,21.443975
4.2491817,-9.481946,8.474637
-15.809123,18.088907,9.252483
-36.580933,51.721294,3.4675663
-45.712837,39.75347,4.842109
-66.00393,5.1588507,11.600039
0.91128165,-17.45264,-2.846839
63.168213,-49.964695,-9.269341
61.45214,-76.881905,8.057741
40.240128,-10.038713,28.654238
9.277448,26.323473,15.400105
-45.54876,24.546757,-0.39187458
-33.714184,45.61305,-7.0862827
-64.807274,21.244564,-18.542656
-29.853123,-3.590517,23.15794
15.500116,25.70849,29.74768
34.064735,5.492564,8.891708
35.066856,-42.04268,12.474173
37.409233,-66.17811,7.7815304
21.09867,-52.290215,-20.750042
-19.776289,-15.229423,5.514276
0.1880451,10.268067,16.179125
46.445335,42.43407,-1.2195956
-5.3935227,41.671577,0.54706925
-26.291515,35.570168,28.656885
-43.321724,37.1909,17.167795
-49.933388,3.6096923,-12.069286
-27.791433,-9.047808,-11.037433
56.323696,-0.13373324,3.3306897
57.311665,-7.5374775,14.366624
63.038784,-6.996468,6.43085
33.901943,-8.919153e-05,-33.78419
7.0360093,0.89665395,-35.838932
-26.557749,0.9432625,13.827539
-15.6963625,22.658314,27.535723
14.604641,22.742836,19.906733
-3.9303098,22.39875,-10.032697
11.701041,4.74853,-21.458544
8.5620575,1.4024628,-24.503944
-2.949352,-5.8152304,-1.2914461
24.328041,-4.877468,8.104108
22.414413,-35.08996,-26.391924
-1.4512974,-15.274531,-19.766201
14.842342,13.624706,-12.39159
47.450897,31.879707,-5.863046
13.409532,32.013447,34.28839
11.322389,17.492085,24.32607
-59.8655,-8.1405,-32.011936
-94.22067,-32.798267,-33.566376
-87.9455,4.43166,-14.239375
62.57982,28.532806,-11.176372
88.3757,28.68607,11.242867
31.645067,11.387268,6.8312097
8.746442,-10.165294,-4.9671655
-12.884686,-25.069492,-12.388782
-7.161853,-13.672627,-18.646563
-14.331131,2.516068,-28.18423
9.3400345,16.694443,3.446776
9.316012,32.63274,31.95175
34.830555,17.656368,12.58817
46.95232,7.210175,1.7882937
-25.244843,-17.394428,-20.063442
-56.990063,-43.086338,-54.11454
10.053318,-9.223864,-52.64882
-14.2954855,18.82268,-2.495756
59.542538,36.29753,23.183983
16.38785,24.945757,0.66116834
-61.832027,21.028917,-26.531599
-81.97074,11.776967,-36.2553
-35.071743,-29.680975,-14.96712
-48.6062,-22.937803,-5.6902313
58.411762,-28.433855,-35.885666
41.89686,-24.105068,-20.991432
36.60637,6.276271,14.573811
78.40945,36.06765,-2.9058344
52.309605,0.8638087,-15.008016
-47.978996,-28.21593,3.542783
-73.91715,-21.032639,2.1520004
-108.95731,4.414948,-28.083897
-72.456726,32.72978,-21.55353
5.8088,26.93251,24.155523
17.372847,16.173002,35.391026
19.816996,-10.567777,16.783148
24.08616,-25.08506,-45.496555
30.474901,-51.10848,-51.937763
9.010386,-44.246925,-3.446448
-11.269429,50.409325,2.6779816
-18.029789,53.59769,-5.6202826
-61.166134,46.781387,-0.66488725
-7.9787045,47.2936,24.817026
-50.00525,10.669666,-1.4677625
-31.65595,-38.453964,-13.127958
-23.46312,-28.681246,-6.2843146
24.001835,-14.619119,1.8697139
93.36623,-9.106669,-4.5610566
50.780174,-1.6049062,14.618971
72.34948,22.51956,32.86544
-48.079243,9.148556,13.854087
-90.94571,32.403214,-1.7645683
-83.36472,21.960733,19.887808
-38.95446,4.9329915,41.255375
-7.311283,13.727132,14.356621
14.15955,2.8622174,-19.115772
5.3647118,-31.659332,12.124246
5.2207894,-26.68518,27.322817
22.827124,-12.648441,-25.62984
-8.054289,-13.400395,-32.577442
-12.693809,13.566577,33.58756
22.214064,48.684,37.887924
39.077858,51.70127,2.7332327
-50.990093,-5.636291,-7.603809
-74.1134,-31.374245,-9.3053
-83.77766,-2.5493765,-26.511791
-24.05911,15.059147,-2.114286
64.66775,-9.956317,35.399044
122.616615,-33.733253,53.959694
118.30264,-34.121704,3.2041423
48.011738,-21.79604,-27.703129
13.514099,-31.998646,-13.444269
-46.46683,-27.329803,18.66663
-32.059433,28.395742,10.534649
-89.086716,95.05607,5.946299
-69.567024,95.654274,28.882868
-29.741243,61.18852,18.88324
7.0721297,-26.933762,-8.9771385
56.542816,-62.841213,5.2066417
100.17159,-58.053226,22.270288
42.05572,-38.186195,-20.671207
21.763058,-18.531034,-22.37534
-4.584909,38.93218,22.364513
-27.279016,42.67569,16.843058
-82.16076,31.178326,3.6786447
-64.53519,19.028473,15.331467
-23.183788,-7.798649,-14.401519
19.863653,-36.656364,-35.833733
69.309746,-50.76798,11.642928
106.490524,-18.17847,28.829676
98.94698,9.969904,8.108753
9.368143,0.32378885,-13.631013
10.646698,-37.60762,-28.679003
-73.246284,-35.455894,-24.794556
-65.743866,-8.9913435,-12.599138
-62.78412,29.855839,23.88028
-22.117025,58.746346,37.708508
47.33994,46.816772,9.878468
52.61524,-3.7149594,-25.619648
-2.5820603,-75.11076,1.092669
5.6449895,-23.586544,17.953865
21.525106,1.8569833,-29.723482
-30.940977,-26.166225,-24.92134
-5.29278,-9.909169,2.2837977
4.4189386,24.34564,-16.392498
17.39257,0.17670926,1.3081449
-22.607676,15.178716,42.51565
-18.712717,5.6387568,-12.966214
-40.754425,-45.59156,-52.391544
-15.817198,-51.849514,-8.631796
66.84801,-11.199546,12.6895895
93.25019,6.5215907,13.071191
53.516533,27.70478,0.35366958
-22.556814,21.78771,-3.2152627
-84.15734,2.0395665,-8.182702
-91.85508,17.678898,-1.4534206
-47.89471,25.278559,13.129091
-15.594386,20.12153,-6.769924
24.844616,-7.8119793,-20.2215
65.94712,-31.10174,-11.904164
64.5256,-64.10573,6.70935
70.64917,-31.209291,12.664938
44.23777,30.848646,-3.8485236
-39.471504,34.016933,-37.190273
-71.58244,23.153856,-27.848032
-69.1137,9.065027,-12.229126
3.3613882,-0.595555,11.681246
-42.488983,7.01803,15.565019
-37.82754,-5.839374,-22.498604
-17.898289,-10.326877,-29.838995
48.216522,-25.01409,4.7409606
111.02984,-27.892096,35.366463
80.386894,-3.9938896,9.304608
-9.317261,7.5483074,-9.161946
-107.879906,34.640945,-28.266855
-86.509674,19.257257,-27.710241
-120.98563,20.0946,20.329178
-58.89771,40.93947,36.24184
26.992228,41.219486,9.04051
34.63472,18.042728,-0.43609735
17.736757,-19.0465,-12.353595
65.800804,-40.60172,-28.65452
52.045578,-56.61695,-0.043887526
8.156008,-36.389442,15.903819
-28.471237,-10.968513,-45.87298
-20.683699,4.4617443,-60.610615
10.460551,48.90768,3.4956732
27.19897,67.84731,37.312595
30.131231,-3.0186486,23.705359
-44.498722,-38.821236,15.734239
-29.777336,-4.6337447,3.535212
-5.3387785,-18.816395,-26.984606
-49.37756,-13.355314,3.126755
-30.243202,18.970531,19.29516
28.915981,12.543682,19.07316
54.178825,30.579105,27.245213
-20.478865,49.6567,11.936871
10.82969,-0.43492535,-26.408157
-37.97576,-65.18393,-36.895905
-3.854167,-38.90074,-0.79267687
19.311447,-28.41098,11.962034
33.50195,-25.56791,14.754536
2.6102388,-15.72566,14.428285
1.7678297,-37.921135,-21.004755
-6.4582458,-8.481395,-11.092126
58.579723,38.989674,20.785767
-15.04734,52.690823,24.290632
-20.258408,16.265306,18.08064
-16.472292,-44.82837,18.29549
5.5943537,-25.417,-20.352749
45.537914,-44.878258,-13.646279
28.315369,-8.4582615,5.385424
31.794338,9.6880045,17.294275
-14.657663,-8.490892,10.244941
-22.160221,-30.050457,-30.128515
43.14595,-12.02187,-34.225475
48.809006,37.21521,12.584217
-3.3301232,18.648739,36.18981
13.985918,-1.50199,15.910645
-0.3362878,-24.00027,-6.7071543
11.91052,-13.591201,-2.1372344
-35.996037,-19.000048,-18.720839
-34.59341,-33.313595,-25.611393
17.991926,-9.607174,6.0563736
4.8953867,-45.95473,13.581628
90.659874,-28.629967,-1.2570791
22.598337,3.3280332,2.483134
7.308476,21.639223,16.785686
-52.803497,24.350306,7.4153943
-39.64689,-3.179382,-4.682955
-63.357883,17.42093,6.9038515
-20.584852,14.205945,1.9244703
3.8529642,28.193289,12.4446125
63.078014,0.09179952,48.667355
22.86755,-52.49692,12.806167
27.12221,-62.081673,-25.426872
42.14672,-62.251923,-27.389187
22.474442,-7.792198,0.16548686
-10.341817,62.680443,47.68323
31.308214,90.250626,22.87711
1.5417681,56.21481,-4.0843234
-76.75959,-9.713156,4.0238004
-52.042225,-16.54959,-17.155964
20.473824,-21.04353,-14.694385
5.8028517,-21.768,14.515143
67.33571,4.21636,0.578159
58.78432,-15.014152,10.645559
2.07983,11.064193,40.516823
-44.97455,38.1438,17.551065
-65.96523,17.889765,-28.629793
-76.44846,-23.645332,-5.531564
-44.324913,14.704512,19.230934
10.755439,23.628971,25.276152
56.8833,2.0472672,35.283703
36.559143,0.6331261,15.976537
7.0224843,-19.742998,-26.94934
-20.02647,-24.862219,-20.11985
32.512444,-25.520384,10.87105
6.763096,-7.503962,26.237661
-32.536316,24.290285,-6.3640394
-64.48887,25.742067,-8.06482
-24.782984,44.709427,5.723741
-40.00561,33.179855,-3.9113958
3.9714453,32.411594,5.7180037
-6.8307853,29.684025,-10.478152
23.721231,-8.310264,7.4717894
36.99398,7.237574,8.596837
32.084396,5.1500235,-23.375374
4.818959,-2.224852,-17.541224
-62.983162,-8.9423,-10.159398
-18.430136,8.915316,-8.924146
-28.97723,31.514975,13.205472
8.825796,46.285645,29.146542
21.04495,35.914593,23.941982
-0.9370765,-25.544352,-8.191473
-53.736023,-55.004776,-17.878973
4.106733,-34.129093,-20.20919
41.105038,-5.551464,-35.430172
61.21355,-5.81718,-15.611325
30.920355,19.269562,18.927734
33.522953,15.630113,36.518425
-28.971666,-8.667636,6.330672
-64.24762,4.0638633,-26.938263
-61.740307,9.390334,-34.53087
-37.806118,7.938228,-26.440357
-0.9684644,6.110279,-7.5308127
29.470098,-8.374085,14.886182
22.263014,7.223071,18.493778
17.177868,6.7913346,-0.7274905
12.677242,-31.042597,-26.381212
-20.786438,-61.128593,-20.14143
30.77302,-43.821198,-5.023998
71.19549,-26.263796,8.124171
24.711893,-1.3056628,16.288834
3.7605731,35.446133,3.681498
17.560287,13.104737,23.11429
-31.209244,-9.944361,18.377787
-28.705744,-1.8931605,-0.878482
-5.0403266,-7.104732,-10.061178
11.037638,-1.1482884,9.768327
54.586876,-9.151008,17.933393
104.87311,-1.0493256,-19.214668
64.117004,-22.051218,-28.687784
-16.483837,-29.074291,12.115354
-46.88324,3.531348,4.2103724
-41.822224,-1.1549338,-19.384552
-30.52489,20.388357,3.6909382
-21.683926,44.374393,28.90948
-9.662166,26.264364,21.240646
19.377855,3.126813,1.5240524
53.931572,-13.827065,5.727641
42.02838,-28.873495,-6.4977846
-26.085886,-11.565973,0.16285175
-49.268456,3.0025666,20.719614
6.180178,14.049422,5.894023
4.952681,28.633991,-12.777569
-5.578575,14.362787,-7.4870853
-32.296875,2.669516,8.59405
-41.11281,16.976273,8.612972
-13.625362,-9.754022,-5.7739444
-43.027256,-14.772856,-16.732311
12.169545,-9.7466345,-10.355862
47.967125,4.5818315,10.9282675
-1.9487338,7.796217,25.52354
16.139524,5.2351336,29.519981
33.951073,36.195595,-1.5045354
-64.8037,24.467903,-16.750446
-87.553795,9.881421,-1.4513724
-61.92785,47.899384,12.355598
6.137055,15.419095,-5.5895476
6.113117,-27.151966,-11.240896
3.481159,-51.425365,12.40021
50.580017,-18.529587,12.663716
13.786592,-11.722149,9.260513
-52.611706,9.19947,11.26345
-12.680891,26.62342,0.216285
-52.50672,36.7907,-0.41499835
-72.9426,50.72029,5.1504536
-65.43661,41.69325,12.520187
-1.0733588,7.911737,-6.0221395
45.501152,0.701542,-8.026799
7.286964,3.2252443,11.425248
7.9705634,-10.366853,-12.442662
13.594786,-16.134394,-33.396317
-13.594138,-6.471277,-26.989347
-2.357147,-3.1411083,-12.222658
-2.4376235,32.557297,8.5506935
-17.31098,11.647169,5.1675897
-45.956272,8.679828,-10.495705
-13.372479,7.164086,-3.836171
14.57008,0.68429977,-9.288231
0.49418393,-21.50509,-0.4211659
13.126818,5.7570853,6.4696746
45.540367,14.837508,-1.6430995
59.715267,-15.662498,-7.4029775
-26.812214,-16.31553,13.613081
-64.35563,10.856111,-13.429632
-31.74367,-9.638851,-34.048122
13.9763975,2.5552385,13.59174
68.58309,63.30567,33.65114
42.748817,35.942116,15.291658
-17.091444,-19.909332,-6.096871
-19.96689,-32.792324,-41.584038
-28.49901,-48.28808,-65.822975
-24.74941,-4.361402,-34.555786
3.2255237,11.758496,11.625933
78.60664,-4.6884093,4.537353
114.34927,-23.646328,6.2881455
87.49465,-27.821526,19.000854
57.999485,-15.270908,-7.9818277
-64.680984,-49.389843,-21.913727
-65.4827,-15.246195,-5.098691
-26.385408,33.455017,23.260338
-13.459499,40.793194,25.174395
18.200352,37.2002,1.749436
22.70767,-11.452656,-5.628085
53.143753,-54.209927,1.0464602
68.89903,-65.27586,0.7292727
-12.78657,-63.135197,-25.528826
12.85212,-55.0651,-20.591524
29.6753,12.613175,9.381606
-13.065152,69.34808,14.90882
-27.218714,41.200108,35.9598
-13.266635,4.5997343,13.663031
-24.014368,-54.066315,-33.464993
-30.155836,-90.90648,-49.349426
18.751469,-67.44077,-34.467697
91.50983,-5.8092303,-4.742118
105.286064,-25.914196,53.224144
42.396423,-10.954527,55.0848
-11.292215,33.30789,-0.7967274
-75.83888,16.493578,-26.841742
-120.94744,27.99059,5.426441
-52.054977,34.77737,12.522968
-12.457253,14.110367,-1.3880281
21.418507,-28.39944,15.844751
125.320435,-55.77264,6.9565067
96.61407,-58.45122,-6.0204005
34.782703,-69.75709,-27.434528
-23.780756,-22.828575,-18.947859
-42.309826,50.3091,0.031166233
-34.056496,66.82063,16.682535
-43.31937,73.5587,20.446583
-33.44979,24.352972,7.6956525
-71.86243,-39.296505,-25.22856
-9.758954,-71.298225,-40.406555
26.294159,-73.51922,-17.573368
62.486637,-19.873793,11.223509
58.60478,34.386353,12.37502
-6.6026874,54.414043,9.901679
-30.12619,46.812675,10.500534
-40.851006,43.028934,11.124651
-77.341606,-17.699944,5.7475014
-49.439926,-42.896694,8.042646
-27.070475,-12.948075,-2.6339948
27.627943,-31.633308,-19.019958
25.89204,-42.392048,-6.809279
69.37562,-14.035927,25.989447
5.873413,28.222845,24.28685
10.169277,14.472416,-26.067955
-34.93939,28.971773,-19.44123
-55.611176,56.584183,15.36409
-6.1392136,47.910393,18.35871
-30.219975,31.43498,14.321954
-49.483295,5.9621696,-41.354034
-28.943892,-11.7115555,-62.00782
-16.485718,37.822144,-15.290135
43.58755,56.115685,22.392084
20.494635,24.86033,26.349806
15.981996,-10.471302,16.678244
-1.3908155,-15.816526,-9.687418
7.5149493,-20.910645,-42.570034
14.98582,-5.9626393,-3.5066864
-15.864062,46.856815,41.695396
-13.577381,23.63038,31.964766
-3.2415967,-17.436789,-6.0356627
-13.111404,-24.381536,-29.65565
26.522856,-9.019921,-26.248873
18.46291,18.164104,-4.9040966
-5.6339536,5.47767,29.286352
45.20226,19.192944,16.322687
2.1202614,13.368171,-11.4675865
4.2087173,43.305164,-25.767609
25.689785,31.54129,-20.6978
-63.374355,9.541138,16.900799
-96.60963,20.479057,12.85765
-38.408257,52.428623,-9.008643
9.343167,11.840152,3.8170328
28.934113,3.586334,-4.3441944
76.88121,6.8611383,-22.642975
58.894943,-19.802671,15.800844
0.04040592,-27.221071,14.94022
45.440773,-14.637837,-29.24681
22.0477,-0.43716866,-37.667885
-58.24368,23.206274,8.757812
-30.611364,29.324348,20.40378
12.277781,-3.3801348,8.210299
-4.4686947,-15.971286,-0.7786872
48.950848,-18.467348,-8.080036
57.021736,-14.91052,-7.957252
9.942055,-24.938156,1.8276453
43.33443,17.15215,-8.236983
4.1754375,2.2205153,-0.59650195
-11.086608,-11.081332,18.957117
-28.244967,19.20397,-0.2223074
-7.305004,9.019406,-27.097874
1.1037359,10.511907,3.7043562
4.4658732,-14.626462,23.985016
17.164385,-30.242193,15.007972
-7.4638414,-18.032942,2.561087
-3.7422888,6.5310054,-33.903908
-18.800447,11.151994,-22.4953
-13.408772,16.866259,27.530153
17.749441,11.460236,43.944935
40.486496,-16.699608,7.916623
-45.792133,-31.282768,-14.86806
-17.660894,-3.1107874,-11.318384
-4.698061,-33.84838,-3.6795943
-27.566185,-47.606575,-2.2225075
20.110678,-10.605059,0.75042677
4.2480955,8.065712,-31.02082
-35.22377,1.1793786,-0.81735605
48.967255,-0.605963,45.399975
71.35964,-2.4109714,20.718613
11.491896,-8.471078,-24.843182
-48.58085,-20.4395,-31.962002
-0.6865177,1.259498,-9.981218
-31.673662,37.588737,36.702065
-53.87602,50.483536,35.350914
-37.639473,36.67203,30.692114
-63.088802,-0.87574774,22.373434
-5.6165147,-10.862998,-21.038519
18.066656,-32.820168,-15.83135
-7.4069085,-28.037683,35.810894
17.235037,-18.987963,24.55966
19.986214,4.730876,-18.729822
-20.173122,6.9886374,-35.38248
-6.200624,45.40518,-1.4770939
-59.288418,28.991594,40.579567
-36.39404,-17.82451,24.146978
-40.065025,-5.814603,4.583477
1.6171876,7.1583023,-20.682446
5.662242,-11.2467,-4.4503
55.80083,-38.38538,28.16669
46.333076,-45.00851,30.96852
30.074612,-35.62027,11.973181
-46.6018,-13.912817,-19.184301
1.2288225,61.206127,-41.92861
-55.3329,89.42229,-10.785831
-92.78644,58.00055,50.068134
6.681609,5.742076,34.21965
-10.482265,-42.73097,-17.652334
-24.301527,-62.50427,-31.286251
53.023727,-29.988316,-12.128672
71.30411,12.400381,4.790793
47.288406,17.33871,34.93262
-45.12364,6.3075037,25.498444
-66.11471,5.156524,-26.536787
-64.1272,-4.221298,-47.63057
-31.865316,-3.248947,-4.1383986
5.3396993,27.094595,39.96895
15.378528,16.489504,40.049442
55.87782,10.5127945,-3.7983663
34.288486,-20.048525,-33.381985
-21.127703,-50.62465,-27.822176
40.451046,-32.64112,1.5426676
27.486897,-15.355546,10.112207
-12.230786,-13.58515,-8.088785
-41.515022,10.672221,-32.172993
4.232461,24.893404,-21.12816
2.4845314,38.847343,1.8043247
1.980035,37.4179,24.660603
-1.3972596,14.442358,-1.3695272
-48.5041,-5.347687,-33.186455
18.912308,-34.017437,-57.611298
50.291943,-40.0204,-59.50703
59.385857,-19.618654,-13.99843
-5.688402,-11.1789255,30.174345
47.779797,19.42555,12.385865
64.599846,-9.896065,-12.874023
-30.416586,-27.524418,-15.968825
-34.42069,26.771458,-16.126684
-35.14749,38.662212,-23.801838
-39.948402,24.896696,11.050063
-6.1577196,30.20252,3.0442767
85.282394,-6.8792114,-40.39913
90.41609,-32.1124,-11.13778
34.058697,-50.367546,16.839903
79.69184,-22.294785,-4.482687
33.045498,8.082064,-33.803997
-40.67235,-20.175728,-16.053547
-66.65042,-3.2004774,4.238848
-73.64715,12.505821,-3.9786658
-39.126896,14.726728,-19.962698
0.701187,9.972993,2.3835351
13.149541,-1.8313335,42.61626
40.74922,-8.416174,12.265426
115.661026,-27.735802,-28.747875
60.20727,-36.935253,-12.236154
26.784935,-8.283735,6.4370203
-33.40589,26.968672,-15.696408
-76.11604,22.506615,21.601595
-97.69598,13.693699,35.17112
5.8599935,20.021257,4.0523806
35.384834,8.715201,21.7466
66.270996,4.261754,47.634075
63.676365,18.367188,11.918772
60.5497,-33.594368,-28.735628
-32.94897,-34.397457,-36.51693
-27.554714,5.9412494,0.47917148
-37.034485,-8.246525,27.764362
-68.97921,2.5721195,8.741357
-16.934969,-13.1412735,6.816763
-20.365562,-1.9830409,20.966717
7.877066,35.04504,18.281456
16.581787,46.935555,1.7053077
10.6304245,6.780739,9.645162
7.801636,-4.410149,17.329655
-9.142691,-16.546335,-30.257349
-1.6302252,-7.8621182,-36.842606
7.4475584,37.86078,27.323502
-3.6202965,62.691353,47.892334
-39.744106,50.00862,15.589666
-50.765156,11.61751,-1.0280713
-18.054296,-20.00097,-3.498177
-5.9356422,-17.802486,9.465596
26.488989,-21.110271,12.591821
69.50206,-1.2557956,19.839296
57.666344,2.2298856,30.812654
-18.24903,31.36672,1.397475
-57.32364,6.9097385,-50.85536
-52.08077,-27.771448,-13.906111
-6.3556457,3.3902702,52.170815
18.103273,11.483423,18.087185
31.492006,-12.863113,-26.01385
-1.9572278,-26.392136,20.039568
-15.864669,6.9644713,29.021072
-53.95037,19.977062,-3.9496017
-29.745018,18.527527,9.250725
-29.732586,24.557018,34.64359
7.5521717,6.212044,0.16118288
24.112747,-15.723821,-28.47802
19.965235,-29.873652,21.288994
32.609848,-13.708151,48.51759
44.75906,0.12458013,1.2268403
-25.476068,1.1370515,-7.893772
-80.457596,-3.377904,29.625818
-49.937225,-26.54197,17.872135
-24.430355,-5.861993,-17.483728
-37.22355,21.307302,-7.3919683
23.491438,34.899593,30.848745
22.792065,41.52674,31.70502
66.47945,-42.03107,15.2713375
21.116068,-89.88383,21.2068
-13.494586,-60.34973,-17.01043
2.6233537,13.431225,-42.108006
-29.811483,38.02685,16.835886
-7.8009963,55.79324,60.020103
31.476755,57.369705,33.230946
18.849447,-20.32307,-3.3533783
-20.121353,-47.64217,-13.428136
-10.247725,-36.675865,-31.042986
9.55697,-42.020756,-34.015453
-8.927957,-35.24157,0.44012204
10.091426,13.913447,41.703148
50.386444,80.71493,48.941593
20.111446,39.638577,27.559774
-33.323257,-32.32654,-13.346378
-29.90645,-73.01329,-30.336237
-76.28479,-85.77678,-31.38406
-47.413933,-28.785261,-10.034684
45.897636,19.657505,6.8785377
4.705879,36.341785,5.7192807
46.701332,11.089954,13.028345
0.5667938,-24.020687,-2.8274226
-16.528784,1.7735143,5.1499023
-14.601122,19.481022,-8.521521
-26.645464,-8.6437235,-20.536613
-20.92891,-9.317942,1.1073929
10.072324,17.60639,16.487944
-14.418481,13.762725,12.578375
-7.0972896,-24.15908,-7.615398
24.220407,-25.73373,-40.288296
37.356945,-31.318703,-41.083862
-3.6110988,-28.177343,-14.054831
19.35044,-23.018559,21.668657
26.527721,25.757998,-1.7416751
45.87156,12.951442,4.3295107
-21.61371,5.148653,17.647764
-16.591328,11.691991,-14.690452
-16.838005,7.7107763,-53.34674
23.86316,23.674034,-46.878483
7.0968184,4.543891,-4.9620376
81.284195,-29.250582,11.1631565
43.462868,-31.168228,-10.625368
31.90089,-5.7242765,-29.426205
27.930292,33.280334,-20.644968
-75.03354,29.045057,-20.810553
-45.664375,45.830776,-7.7535987
-57.60668,26.50962,11.391486
-34.748795,33.00889,-3.873028
29.889069,8.448249,-30.32771
39.31144,-44.96039,-16.590515
87.77174,-67.956825,2.1047
76.638794,-69.678085,-20.71611
46.751034,-31.239143,-18.202986
-5.974352,8.166193,-7.669253
19.710758,71.50132,-19.222597
-55.07244,77.6815,-11.377043
-92.13735,48.82443,2.2676651
-52.391422,34.843643,-15.387628
-16.372322,0.022521298,-20.963478
29.488493,-10.813143,6.103391
112.022736,-11.849447,16.66
95.79405,-36.70192,-5.496683
46.392334,-36.50315,-7.624772
-26.145016,-7.582622,-18.19761
-7.5818706,30.577776,-24.621754
-33.871323,42.514606,8.816953
-35.06104,76.78783,14.2750635
29.642073,35.813778,-11.272405
-36.1653,-21.77428,6.3927293
15.535206,-27.174305,8.758543
49.799294,-45.730843,-21.547647
34.286217,-58.13324,-28.250195
0.71880704,-31.998512,-7.6225724
21.011337,-9.812717,15.404942
43.01556,-7.6086564,22.983932
53.950336,32.012703,6.1324296
10.803087,22.827353,13.469594
-84.82744,-4.789278,-9.7397
-107.1044,-10.296283,-27.222067
-22.051245,23.835749,-19.63936
2.1659703,21.07711,25.9042
88.762535,-2.5369554,17.790956
46.495644,-12.986108,-15.820311
-20.556755,-53.168705,15.557639
19.086142,-47.297657,-10.032936
20.752924,-26.767769,-49.36482
-28.54979,34.85467,11.327019
-11.318078,55.89506,49.35785
11.530431,83.00755,-8.75515
-25.561651,56.47284,-18.761604
-73.72418,-15.387469,7.703712
-32.459057,-18.980375,-30.140266
-54.10123,-23.505877,-29.26993
-4.7539864,-24.988031,26.009283
95.34997,-1.415236,19.395493
75.95715,-23.92774,10.78913
43.844788,-23.985353,39.104
2.7130585,14.91199,34.06739
20.335,47.2718,-8.06339
-109.70376,15.095509,4.3045807
-82.31567,-34.32513,7.7411213
-24.892244,-56.665108,-21.586292
-32.186626,-35.493008,-4.033952
52.16349,15.116581,8.889932
83.47737,-13.120393,-2.345501
52.851543,-14.354835,3.9509337
66.92842,-30.363836,31.476559
-21.623165,-23.016794,-2.4581218
-14.7233515,3.5681055,-20.544233
-80.73501,-10.760352,3.6382117
-23.54053,13.556163,19.687101
-46.859398,11.624585,20.617857
-53.215405,24.828165,24.350554
-30.152233,34.37046,13.091672
22.038052,-27.983778,-16.488148
33.459415,-42.726204,-12.172162
37.657066,-18.903189,5.9396086
22.91625,-22.47945,10.629916
-34.60895,-15.93531,17.157238
-42.19632,27.193907,6.816519
-37.2559,43.2717,23.303003
-5.47639,8.122648,41.70344
4.177174,-29.456564,4.7730374
-2.8155487,-51.90029,-18.124369
11.784448,-38.99176,-18.19924
33.196926,-20.578997,-0.37258607
43.437294,12.069214,17.89422
-36.071518,2.7714436,4.6882243
-87.42422,10.807198,-10.681235
-46.759087,29.601057,-6.8798184
-29.825657,34.957375,0.6163447
22.783916,22.759827,-4.3302884
3.9095566,-5.692644,13.151892
9.129869,3.469348,10.723873
-56.534588,-7.9330583,-23.413866
-12.642225,-41.700455,-19.766203
1.7771243,-27.120012,-9.668494
-1.7962743,-10.487446,-3.7605968
26.462603,10.443598,18.45027
5.3705773,23.61189,16.337027
22.871637,18.405403,3.573727
-31.008034,3.0907745,-2.5031288
-71.44422,-33.860435,-12.348112
-66.63885,-25.436234,-9.419981
-52.009438,-28.669186,-14.296372
-6.321467,-2.257115,-13.738544
29.717407,3.5819716,7.0406704
69.92263,-3.6714704,2.085848
-0.0109450985,-38.526997,-1.2642488
-2.1893296,-31.69603,11.025864
6.9778066,2.8053558,2.0348976
-44.82538,21.665684,-8.80595
-51.037003,24.271507,-32.87016
-38.072906,39.548862,-15.563603
-70.94448,49.616272,14.822248
-20.199968,35.3638,18.496151
43.66118,42.99059,8.8211
23.05656,-38.45859,3.6361618
31.697258,-72.27515,-14.110154
18.48408,-47.49161,-36.428707
5.856039,-40.72775,-20.407993
5.1214423,15.470038,-7.2824326
2.3339376,57.26854,-6.1787367
-13.881391,45.95595,31.514975
-11.77524,29.319813,35.707104
-27.954214,16.086895,0.92997336
-4.8880725,5.296296,-25.12218
-14.971983,-30.61103,-30.02209
19.904766,-51.34945,-21.42885
75.89867,-34.081287,7.1557703
85.50005,1.3732158,37.66223
70.35752,4.5570245,14.596761
39.277306,10.32238,-7.0168333
-54.16001,24.817467,6.7492986
-55.821068,28.475975,3.4791138
-56.75555,37.858944,3.6185591
-38.431667,74.91205,29.522085
-45.5365,55.648693,8.563913
29.25276,-3.884096,-37.374527
53.028957,-36.833324,-15.522383
32.707436,-33.34617,12.681151
57.442818,-20.060888,14.482538
-6.2507777,-1.9974426,16.71217
-6.797935,29.79818,5.8195224
-1.7476295,49.225662,-0.45499986
-89.24693,48.599438,-5.5882163
-70.89862,60.991055,10.810079
-92.85145,49.68374,-6.731379
-44.566498,-39.290142,-11.241593
72.71737,-16.26889,-4.5066047
128.80476,-25.283838,-1.546207
105.56283,-13.045377,-5.48068
66.40077,31.226437,12.844019
18.390068,12.782555,9.286042
-46.45606,-3.9566865,-16.105886
-120.65454,20.225523,-38.109035
-50.051075,58.06605,-30.298141
-27.860214,45.862614,24.429983
-6.00998,27.362213,35.636475
42.054596,19.158388,-1.415971
56.08852,-11.963439,-13.783969
54.105934,-37.171524,-20.612194
54.040127,-38.450535,-6.7559447
17.56029,-16.283783,21.111515
21.983232,-9.51409,17.98137
-19.217197,6.0039186,-12.773779
-46.345913,35.795937,-6.486236
-71.382614,31.780476,6.651315
-39.719692,34.957176,19.191612
-44.166946,17.347685,-1.6983556
-14.984688,-4.7142134,-20.622541
20.529997,-22.368687,-21.054012
45.90615,-6.364835,-3.193161
54.179417,19.366615,31.464367
103.46693,-3.1084757,12.843335
29.50172,-4.3820925,-28.575787
-74.78724,-14.030361,2.0005436
-71.31552,-0.7194554,10.718056
-41.58956,-13.736133,-8.756194
14.374189,-7.1267138,-1.2842484
18.474752,-9.037499,8.550256
19.593544,-4.6575484,4.5897493
71.243515,26.344036,11.6216755
67.56541,28.236866,21.956732
34.04798,-6.3558197,10.213112
8.404609,-21.879894,-20.087934
-40.413868,0.5925889,-24.22808
-33.840023,12.304143,-19.527163
-8.072482,11.362357,-0.3244591
-4.2625923,0.055795424,-10.81849
25.04757,12.583562,-15.342032
-1.7067024,21.408567,-0.40323332
49.867622,4.7765107,7.616474
20.029577,-27.56706,-17.817972
-53.097477,-37.798958,-26.984156
22.874044,-20.54452,2.2668645
31.418827,10.887298,3.6864352
34.625343,9.060744,20.879463
78.08137,-12.267936,8.749894
38.3008,-9.797228,-1.3894163
-19.328665,1.6438282,-9.805537
-62.48667,2.8175664,-17.263288
-11.413831,6.9411187,-8.600808
11.122042,10.013346,20.51252
12.393376,2.8450627,28.24043
38.267357,-32.865993,-4.6696577
30.271286,-8.0246935,-11.686819
23.695728,-8.961095,-2.5304387
-0.4990483,9.322954,14.623631
-8.020597,9.818291,21.278128
-31.228891,-20.38464,14.277692
-61.480755,7.9590964,-15.621799
0.026273005,12.696858,-34.48054
3.2897034,31.14123,-6.5194626
38.1362,2.1669767,17.334433
49.29463,-46.455566,30.158117
15.31469,-59.17535,1.0491998
16.43921,-41.05896,-34.327595
26.145931,-22.411736,-34.06266
19.42003,16.92663,-4.9804354
47.2314,36.326283,34.995758
-63.876358,27.279312,24.865389
-80.70342,-19.884277,-13.135517
-55.113552,-16.909262,-39.155754
27.332254,-20.805882,-14.827101
91.34156,-30.264135,16.94912
81.36106,-17.738792,26.241592
19.045734,-27.423294,-0.84966457
-26.101831,-16.739565,2.9396024
-65.26846,49.284313,12.713406
-79.4221,74.19077,-3.103491
-48.250484,30.928617,12.451311
-23.900162,5.2093053,15.770893
18.845177,-21.798847,-8.34512
53.603523,-50.170902,-26.653217
36.324955,-31.68303,-20.185328
72.3365,8.08465,-15.417911
6.591732,22.333776,17.070717
-25.93997,-2.4672453,43.25423
3.083242,-0.7618907,18.278885
-98.19414,-28.444477,-15.13991
-48.87566,-30.859224,-26.880846
-28.388552,13.75381,-1.0645618
2.8332043,16.026106,29.67072
13.420674,30.090586,38.90659
45.24541,-18.621334,23.15915
-21.112402,-32.219746,-20.704082
-36.722507,-39.613583,-9.757226
12.596855,-61.499744,-17.28354
11.516502,-25.908901,0.08339497
-13.527572,12.891185,31.450642
-52.952694,26.841501,23.295927
-44.32324,46.847324,8.149546
-66.48553,37.125072,9.39222
-20.498884,-6.9855785,-7.909257
20.631016,-31.489464,-8.036688
-19.005367,-13.988951,15.432749
23.098375,15.156153,27.90775
48.240597,-8.5589075,16.779224
-3.5342221,-28.303398,-10.164201
12.027307,-29.99484,-33.80516
-49.2247,-20.359951,0.3785724
-58.21832,1.096669,45.10669
-46.51442,14.14552,10.883232
-55.03664,-2.0542972,-16.662663
-63.569695,-14.6400585,-4.890538
-15.878757,-32.239594,8.115774
60.345432,-38.859673,-21.53089
87.27208,-51.34857,-14.128682
8.649433,-41.1397,19.433336
-14.83047,-33.59116,23.948202
-67.12864,-24.15934,14.253331
-58.01969,38.59004,-18.480106
-41.985428,59.69386,-28.123745
-53.31432,20.969606,16.157242
7.1296024,-20.39494,46.657494
66.81125,-13.621827,8.044199
61.294777,-37.543697,-3.6371922
10.386147,-12.034745,-5.4673386
0.7487647,13.78032,4.9386024
-13.300339,15.798631,36.889206
-18.571535,-11.074542,27.372469
29.33122,-46.127914,-12.113939
-38.014473,-18.536303,-13.176734
-48.52499,-10.64147,3.7074802
3.421113,0.3913494,-3.5552785
10.821325,2.3193564,19.00266
25.86246,-6.585887,-1.9160261
4.587686,11.363534,-17.765287
-9.661786,18.288034,-23.803135
-34.44018,-18.483295,-16.694418
30.116861,-22.64169,-13.247895
50.096245,4.3218794,-10.517736
19.503977,27.703053,16.122032
60.32392,1.646945,19.302624
43.777237,-39.29657,9.963253
-66.82799,-29.190903,-12.78343
-84.66549,-1.6114311,-34.782436
-20.47467,44.74994,-23.576836
-27.155584,70.11432,20.51015
58.875977,59.350803,50.844727
92.53314,11.576211,-1.1892395
34.931755,4.028746,-42.36905
-34.785416,7.9390297,-47.231777
-12.788618,-31.695784,-6.5046825
-4.9204636,-26.828022,15.660603
23.114706,7.0232005,3.850608
-11.298988,47.426643,-15.851875
-42.620872,40.25528,-5.790215
7.2066684,29.786058,11.579586
35.229443,-15.492209,4.4615254
31.164312,-49.38471,-8.467479
27.796993,-6.7464476,-22.20534
21.6432,21.668373,-30.402285
38.532818,27.37064,9.629691
-32.271317,34.076656,31.763966
-14.242784,34.70983,10.876835
-27.873096,15.218199,-13.861755
-32.119415,13.462526,-5.524312
-1.7420888,31.85992,-9.791321
14.485613,-29.437122,-16.643751
32.104675,-29.361433,-28.126102
0.66004556,-21.20829,-49.731552
-6.2901254,14.148127,-26.692177
-19.706999,40.264904,22.630373
-1.8456193,33.4581,46.557198
-1.7646699,37.326622,27.12597
-53.773113,-8.843125,-16.168873
-16.96715,-8.314849,-37.307407
12.035194,-13.1871395,-18.122744
13.847471,32.783566,20.687733
57.388763,50.794758,29.799152
24.185003,42.60592,20.758844
2.9796407,31.15349,8.914328
10.150764,42.11361,14.641842
-30.680635,31.505386,2.0087574
-94.894264,16.890093,-21.333118
-69.219475,7.436279,-1.5042056
44.797478,19.308352,30.643917
62.945084,14.851042,29.14061
34.040867,14.206837,13.156054
73.68572,11.780015,11.843663
52.81331,13.151169,33.875534
14.517563,30.787899,24.078178
-21.251064,19.983833,8.368542
-37.39488,15.47498,-5.591544
-61.09582,5.5853324,-16.375082
-18.474512,15.890084,-24.344728
10.816986,19.669256,13.769689
43.39747,41.79305,37.792774
62.95944,25.32878,20.780855
28.166653,-12.625073,3.7129931
-2.0667143,-38.102856,-20.232471
15.416578,-41.93812,-38.592617
44.529827,3.775085,-10.128353
-16.32499,25.481266,22.909187
1.4008341,46.053875,-1.9424874
-21.074041,11.778475,7.0759025
-6.6201053,-33.728123,20.755327
42.770664,-19.737173,-8.211193
-8.814755,-38.837208,-26.546808
11.227578,-14.475996,-19.250326
44.491787,32.973263,4.607915
61.475155,23.31107,30.468618
12.003156,-8.282483,11.218846
30.061844,-57.65892,-5.5551233
9.318713,-42.82085,-4.712779
2.9898725,23.523619,-4.5619836
26.190172,35.74743,6.754687
0.43469924,-6.4135833,16.787376
-12.247017,-16.96427,16.006573
-42.43175,-1.3775895,-12.989006
-6.9493537,-10.258529,-31.993568
-20.790071,-25.353697,-13.904339
45.96288,-40.077705,1.35038
38.81213,-63.730087,11.70717
34.393833,-29.967016,15.296881
32.53503,21.603659,-14.675841
-15.972688,13.545195,-38.1226
-12.977542,-8.45231,-11.350855
0.33927664,-1.7131534,12.314105
-42.4105,1.9184009,-3.2572396
4.481074,-23.867455,13.982165
-13.704781,-17.12991,-5.3618407
-7.978424,-41.222023,-26.742939
51.38911,-45.08948,-41.08258
17.45615,-18.660612,-15.863701
5.693026,6.2295017,9.1625805
30.843157,26.47097,-2.9088128
-14.921106,15.254315,-5.6316442
-22.835873,4.4177465,6.318378
-43.304356,1.3614733,-12.719317
-70.83539,8.201329,-27.239483
-40.48945,13.319791,-21.036541
-14.303407,6.2026877,-3.8202538
15.590841,-3.7239218,-2.0038562
34.72426,-26.529099,-11.772469
1.3245695,-41.783207,-13.067671
12.623911,-45.469193,-18.822845
1.1920764,-35.863968,-29.573874
-44.104767,-33.88595,-9.844976
-15.995737,14.8759365,3.0930429
-36.172966,32.17084,-0.3682902
-35.78893,28.15399,16.167294
-13.107099,5.863159,9.3153925
-20.034542,-31.451077,-12.461599
-54.296352,-46.954735,-11.137044
-34.6855,-0.41205794,6.4696455
-4.2908144,23.505867,-11.579492
23.384983,10.21979,-30.301819
-6.589686,-25.896149,-14.482876
34.580162,-7.5610933,13.7696295
-30.74758,2.576714,20.192406
-22.637068,-24.996933,7.783618
-30.25444,-25.136135,-25.487303
4.0560565,-24.110554,-30.70048
19.860706,4.545541,14.304626
27.715797,7.156887,13.22321
12.677165,5.727868,2.8017054
-24.561226,-16.523191,-6.1145678
-46.0516,-5.4895663,-3.001129
-10.282765,7.2341156,-4.934137
-16.409916,32.138134,-32.740326
27.88392,40.732067,-25.2842
13.485502,-8.923904,12.590097
-34.156765,-36.63593,20.16209
-6.392729,-1.786783,0.7188768
-37.62274,-7.8774376,-9.797907
2.710227,-13.886343,-9.308176
-4.056108,9.733357,-6.47857
-12.372338,-7.174393,15.279576
12.815149,-13.786339,10.527271
1.9571683,56.227055,13.349764
-52.60291,72.55263,15.873746
-35.56213,5.006503,6.7502785
-13.059851,-30.126957,-9.463204
16.619865,-29.990042,-16.39249
17.12617,-47.624496,-8.500084
69.7071,-22.221054,14.263309
58.100285,-5.1359324,-8.175259
-22.161804,-9.089845,3.394712
-49.68694,11.902557,22.669052
-4.11941,10.055138,14.872205
-42.484962,15.350593,-15.107934
-0.19642964,24.807463,-20.65742
8.328427,35.44922,18.115408
5.3130164,-2.285853,21.103737
4.990957,-22.50684,-5.967761
-4.546513,-38.90604,-9.373808
27.526997,-20.14864,-23.260725
37.5231,8.391184,13.845867
35.23987,11.886513,41.076942
-21.129131,19.783655,10.692208
-65.46238,-13.0928545,10.037891
-27.925615,-27.899345,-0.056883037
9.901358,-7.935697,0.06095979
33.495865,19.126608,29.223734
76.06633,35.342808,45.437725
15.522838,-21.179438,21.754732
-12.46677,-25.526052,-2.2647507
-19.089155,7.4679785,-5.327465
2.1045995,16.904652,11.331943
4.7954507,42.043713,44.630333
-4.0391283,21.406315,25.38998
-14.905383,-10.989887,-11.154978
-13.696288,-15.458422,-3.598882
2.5895855,1.3290098,36.490753
39.22163,11.360084,31.641624
-7.2251687,-12.80102,-3.2371185
8.087713,-18.80547,-16.106627
10.3927355,-1.4011059,-6.718223
-2.7555761,8.370909,5.107057
10.6334505,22.979364,41.420677
59.943985,21.079262,35.135437
40.022068,-8.619862,7.7784243
-10.9484005,-12.747283,-4.942453
-1.2568768,13.131897,6.0064344
-12.213968,-1.9763297,18.803656
-34.712208,32.81594,23.73106
-4.9452915,34.301945,7.2247815
-21.902239,-8.231374,-7.16955
41.79651,5.5645947,-3.6935039
48.00165,23.24404,-2.9941595
16.78305,16.691193,13.311529
22.6164,-11.136342,26.905363
-20.49279,-20.80973,11.302393
-11.11772,-17.279984,4.6753907
-12.3977165,12.681347,9.259056
27.294218,24.34249,-4.33505
-5.3862386,6.0643106,-2.8331015
24.535158,8.815707,23.550858
31.217142,-7.376768,7.8245234
-20.287207,-17.540457,-24.814976
-11.033025,-3.0448499,3.973101
-15.591952,-3.402723,7.554779
12.765601,-21.370956,1.9453954
8.663043,-10.742106,20.79292
6.3737917,-10.594526,13.373684
4.8664036,-8.869655,-8.632474
-7.855444,-3.3062563,4.261863
20.716509,28.90778,-10.866166
-14.482419,15.017739,-40.203823
7.1167374,10.830815,-4.0403104
23.071299,55.82322,37.277077
10.759861,21.838766,16.623484
6.068207,-22.569735,-17.14587
46.20882,-44.115627,-20.859583
10.405999,-45.42301,-4.286687
-3.0176008,-15.723191,3.6092181
-4.417796,42.096527,-11.29434
24.356636,47.858444,-16.230232
-46.160294,10.68411,-4.831572
-24.776615,-15.870719,10.938827
7.73511,-21.200651,7.6920924
3.5183477,5.781343,-17.839586
24.308136,0.6103887,-22.926908
55.20509,16.788977,-24.616375
21.344322,-9.735757,0.7171022
8.191485,-16.3183,27.024128
-22.587582,9.064632,19.032013
-19.397064,15.456042,-21.24039
-23.841288,35.181755,-57.26712
