ax,ay,az
-250.38422,-97.702194,-906.738
225.99069,93.12774,-360.10736
783.303,52.28683,54.45665
611.788,-510.0894,61.8548
-397.56662,-497.33868,1234.2108
-1035.348,263.88522,1714.6117
-609.9403,-165.80835,388.78387
-270.91467,-586.0097,-624.063
-188.1104,508.6745,-750.8414
363.24243,732.2118,-331.01474
501.71338,-473.37973,661.2471
52.173695,-876.5042,1414.4495
199.5041,-801.3098,1253.4353
797.49225,-784.38055,670.48224
808.1984,522.4067,224.72542
309.18054,1477.8492,394.70813
99.78271,344.0513,628.2828
-496.58954,-647.9139,35.90223
-1194.1029,-101.89773,-44.967453
-382.87296,497.65613,3.6543944
474.34488,267.69608,-684.49335
386.268,468.8871,-282.6533
-25.722874,1128.6786,646.1439
-487.18887,385.97867,750.78564
-347.14694,-356.0546,678.83185
-382.5095,535.13257,-31.279327
-363.99048,487.0867,-1271.2452
460.78217,-97.68282,-1320.6189
493.59552,686.2518,-253.97935
-321.68842,608.01733,587.6571
-780.61914,-444.65738,771.81396
-1199.6302,-199.7231,537.03955
-1113.1349,567.97174,90.07339
-244.64294,341.7585,-633.4768
310.3216,16.257643,-1432.5133
939.03156,53.923622,-1055.3721
1317.3815,-104.6528,142.53706
225.85985,-183.43132,556.12756
-625.3886,-247.68454,1168.2218
-185.71512,-553.5231,829.50494
127.99999,-1099.1873,-1261.0972
163.57133,-603.65125,-1266.0277
286.11932,897.928,403.25345
510.49072,556.8329,845.8923
768.66626,-590.9925,878.2763
330.16504,-139.31026,983.70966
-40.00303,190.48352,323.67804
418.45547,-100.59741,-855.10004
532.21906,264.83948,-2064.2332
314.57693,88.539474,-1889.6415
126.38437,-567.8201,212.99937
-634.62537,-197.48878,1552.8823
-1646.8782,23.170876,1302.15
-1319.1586,-193.37878,181.56386
375.9904,329.45514,-1074.9937
1234.999,763.0912,-824.85187
732.64374,-49.13034,-151.15636
-412.1744,-783.5236,-189.30263
-559.39655,-640.6417,308.28403
524.0553,-927.9735,504.0073
355.20938,-1252.0782,-694.31226
-82.24604,-733.68146,-1191.0427
607.9581,219.37657,-205.51701
1105.8179,276.82974,782.3185
791.85895,-505.62552,1361.5798
-345.98456,88.29952,999.36414
-1442.5105,619.5314,-268.05643
-741.3592,-493.4976,-975.6326
826.9322,98.85461,-878.3338
1124.6359,1883.4521,-203.94385
873.21783,1202.7955,1283.774
-213.4117,74.5856,1738.7687
-1218.4957,33.178032,-26.246624
-357.19278,77.58403,-1459.4814
209.8909,628.24023,-1529.1934
180.66576,459.97137,-754.9417
406.09,-376.7232,578.07324
203.7626,12.477376,1071.4845
-183.83061,865.8869,1211.5001
-514.71606,673.3051,1265.2751
-666.4434,149.92694,-111.699646
-481.92334,179.80884,-1643.362
-259.39456,92.3575,-1313.5541
74.17092,-428.34372,-99.21362
316.58105,-1217.5345,1202.1384
-253.64279,-1224.2341,2211.3215
-1012.58484,-659.9907,1002.2235
-1201.9156,-547.1281,-1104.893
-886.963,77.29625,-1727.5696
338.55945,2.7180052,-1193.3057
1334.7432,-779.52527,-55.76661
687.38367,-108.10361,946.03613
231.62112,467.72174,1243.9529
391.9261,-48.83274,577.36176
-389.73737,-507.0095,-365.36038
-722.9623,-447.72696,4.4414334
48.423923,143.56921,443.0074
-41.615337,597.15295,-407.2763
-654.33154,364.57562,-538.9594
-424.76123,2.9360108,-205.19319
-47.45659,-186.55154,-565.55695
218.49121,-199.16736,-509.19168
464.65628,302.70758,-463.06107
589.83136,85.85039,-686.65686
744.0786,-925.3558,-100.66788
-78.195305,-517.7819,791.1662
-946.5995,144.78366,439.93774
2.7949402,-463.14914,-730.3595
716.4365,-244.27274,-913.66595
289.62018,731.2794,9.064205
293.6209,696.19745,803.83386
71.525055,3.5635402,1008.26746
-539.3671,-592.1068,856.8631
-523.9145,-508.448,287.32193
-433.83954,-225.28503,-441.3093
-643.94434,-211.30113,-790.67
-312.85965,120.14054,-690.74176
280.7235,524.5478,-102.496284
512.5585,1019.0541,797.40784
325.22516,1717.0902,1071.1166
-254.11015,1559.8822,330.833
-358.41617,471.78998,-508.73706
223.5927,131.91423,-638.04724
981.8187,634.6627,-431.05368
953.0537,315.53366,338.40857
210.70013,-430.58856,1466.1615
-98.65728,-227.2161,1294.0156
167.77719,435.93076,206.38223
467.21405,462.43008,-1080.9792
339.52118,48.234,-1471.2507
535.91455,109.98518,-221.98288
239.29156,467.62573,682.8405
-224.38127,485.09848,829.34393
420.6301,135.46245,416.97888
284.55853,-346.22473,-683.87897
18.176922,-582.26746,-1062.4365
264.03137,-375.50662,-566.9896
-265.92624,-206.7997,-288.8603
-371.51312,-766.7891,296.12323
-85.10406,-913.2242,1248.8767
-559.6461,-307.66455,1200.427
-791.7779,-345.16763,383.44748
-866.7018,-455.7644,-400.2968
-754.16766,-1025.6129,-949.45435
220.25507,-1926.7543,-621.80145
218.63344,-983.10376,346.216
-496.37943,50.809834,821.7425
-345.49792,-192.81136,137.63805
49.88633,276.60254,-1092.7239
155.57718,804.26465,-974.24146
126.86882,455.96118,118.98104
234.72472,161.28156,576.92303
-142.76654,-140.23775,461.43076
-530.46484,19.843891,-57.22822
-197.73741,636.3313,-975.02576
-103.61246,316.9414,-1639.3271
-72.217766,-8.88846,-913.30396
567.52466,156.15721,-63.632267
928.6144,-489.6693,-287.60907
84.65907,-654.7512,-235.75499
-615.15967,-81.434204,11.098746
-464.5597,-382.28552,-21.611126
-341.94476,-421.6202,-267.13516
17.886261,301.8117,-452.85376
759.7393,321.06497,56.849617
1049.226,214.4569,514.2591
97.95815,673.27045,699.0657
-359.57007,586.4529,983.1571
204.59518,211.48709,511.9917
95.13909,-57.605125,-534.8437
248.06587,-416.51575,-665.3379
311.24124,-153.85197,165.20555
-130.44554,382.87454,805.54193
-69.46294,527.0189,1000.0219
-280.28592,285.03583,1061.5884
-527.68677,16.98087,1333.3739
-579.23804,401.92276,1075.4036
-353.0421,504.24164,-237.54391
684.3542,-476.2773,-691.7676
876.7221,-553.2179,244.20586
-163.98813,612.2136,738.3789
-593.31616,427.13522,191.61957
-158.62958,-658.2909,-638.6764
361.42645,-395.57086,-1083.9843
372.41867,253.41762,-499.81906
-108.37708,55.07288,620.74994
-792.7601,-506.76062,1086.6757
-1246.0769,-601.33,707.3927
-852.74396,-78.97987,-105.09579
-638.1576,2.6503832,-412.41403
-230.94507,-166.44316,-386.5471
954.49945,-559.253,-602.565
807.3297,-1063.8245,-395.1611
161.88126,-260.95102,422.58575
128.97383,784.8976,830.0673
-49.356487,568.6974,172.40631
-8.768791,-114.64061,-254.79176
-172.64734,-117.05666,-238.43027
-24.779867,91.06272,-519.2708
462.53806,148.71059,28.955275
289.81918,314.59604,1097.4116
51.225903,112.864395,845.9065
-415.3406,255.47258,-1147.7855
-381.4174,628.49036,-2713.2175
763.6977,572.55786,-1519.8245
968.0333,759.1208,335.6767
-67.742966,656.629,426.53693
-862.4682,243.20435,-75.83055
-1203.5654,21.574146,-210.0511
-817.85474,-56.055367,-434.63528
610.48987,790.70026,-1030.1091
1637.9742,917.574,-1731.4575
1134.908,-805.2666,-1485.0809
338.91177,-1330.7806,-75.02561
413.37946,-291.37903,969.0872
544.7153,262.72192,931.1011
-105.60013,319.2677,153.25319
-591.2326,554.9359,-640.27136
-116.66374,620.2176,-600.69403
-6.2530665,-9.38367,154.19736
-88.55215,-136.87135,935.878
444.5627,214.35901,1197.5038
255.36911,-60.73396,524.358
-75.284904,-147.78868,-358.0757
-109.93754,113.804375,-25.763031
-17.901176,-53.588875,718.08276
643.65344,-552.4412,943.1598
841.1039,-553.27576,1117.3179
267.89905,-326.93393,1248.9059
-633.0273,-388.62756,1313.3556
-539.3786,375.6504,638.58887
-9.07075,812.427,-392.381
-616.4426,-370.88144,-110.30011
-1005.98914,-907.927,537.3279
-803.59106,-435.02795,194.04286
-266.17368,-655.841,61.117916
303.55063,-981.97156,166.43764
214.91196,-856.6377,-355.4603
-120.73414,-704.7692,-587.33124
-658.2552,-162.13441,-687.168
-812.09503,-121.60436,-807.4008
-237.48557,-950.1144,115.39585
-135.7238,-911.6651,626.2394
-154.3208,-43.05273,-478.93152
384.30124,461.91208,-1067.4844
523.92487,389.00735,-538.93365
42.618305,-32.73778,-76.64274
-104.39015,2.575914,-102.86605
65.1814,375.87656,-633.2151
-69.74627,-80.71581,-604.9673
-159.51726,-443.5664,63.746834
-143.60092,-134.34752,606.65393
140.73793,-267.46683,661.16156
223.36937,127.94256,34.116657
66.08275,1077.9203,-285.13806
421.19675,875.9595,261.92007
261.524,262.3977,594.5098
81.14899,112.01768,-491.89493
221.88353,248.24995,-1620.2334
111.171715,1106.229,-1280.398
325.54114,1775.4993,-324.7543
405.8721,829.7528,804.9558
219.41576,-257.3425,1038.5289
57.189453,-454.40976,167.60968
205.49908,-314.36636,-143.28833
115.552216,500.55826,-342.14404
-820.3796,649.2115,-512.83
-808.27264,50.219177,122.127365
60.488956,297.3543,664.03796
185.77774,587.45984,955.56683
54.798145,624.1337,995.9175
-135.12128,96.68686,718.3851
-117.656075,-916.8036,649.5775
343.72684,-752.71344,158.12004
245.99991,16.282694,-135.6507
-161.50302,27.130087,664.9388
8.708947,-315.00757,620.9159
254.41245,-441.31506,-622.95306
-104.35804,-507.91733,-1043.6514
-569.4116,-414.19467,-617.74695
-224.14146,83.47977,-451.58405
196.26271,427.03656,-256.62653
-405.37115,247.09685,291.55814
-1014.3927,-631.05756,786.28345
-556.04834,-1316.4565,744.91156
451.7508,-410.44266,-397.2028
878.89374,696.43646,-1139.2811
718.1973,630.1761,-347.2717
573.79126,-355.03802,373.53464
271.41064,-1304.8605,572.36896
381.40326,-883.78253,231.03656
340.52222,-402.97137,-447.82028
-598.6869,-721.5829,-700.9536
-915.0072,-95.55358,-1036.7365
-230.38951,756.59174,-1026.3219
445.52847,198.96042,82.7538
13.563796,106.14123,1156.2743
-852.9028,825.3139,1082.0433
-488.20288,-49.52053,206.5227
57.48258,-951.4648,-701.2925
-440.1188,-156.58496,-1296.002
-444.75977,657.24097,-1122.9084
335.41473,671.6469,-164.25972
87.17736,163.8025,752.775
-315.31235,250.64505,783.1358
-282.39822,1138.5681,-357.55634
-411.43106,1256.3518,-1591.9774
70.948654,680.63794,-1422.553
539.8138,214.50465,-65.12229
615.3512,18.909082,911.93427
833.7631,268.51654,957.1694
1073.057,69.32786,556.38354
1067.4851,-543.9832,-170.33208
743.6448,-138.44736,-1079.1796
381.9232,684.42316,-1469.985
-0.45671368,147.68243,-538.64465
-309.36145,-455.192,1338.995
-383.36142,430.05423,2292.9497
-134.93353,530.7333,1429.4246
127.28507,175.67627,226.19887
267.76645,1065.7178,-408.22238
464.86023,879.75977,-355.80496
461.07486,-691.34753,604.5984
226.2644,-1162.7822,1698.9305
-233.21281,-139.31522,2325.3547
-790.7042,435.82092,1651.3291
-1200.1832,-202.73885,133.35756
-390.60507,-1252.7483,-331.3561
801.9284,-1994.1492,-337.12775
358.5431,-857.03955,-41.776894
-8.004061,727.7089,1425.7961
-89.38377,108.51633,1233.2462
-972.83215,-972.41846,-1321.2588
-1064.7043,-969.96625,-2369.5305
-322.90762,-408.79657,-2004.4609
152.0974,-122.637115,-1492.0205
392.2645,84.9391,82.89235
224.54143,338.60187,1425.1605
-226.07755,-539.0833,1176.437
-470.03583,-978.39734,-95.310104
-740.74023,-259.5331,-1478.4265
-1122.2156,198.82234,-2252.4917
-1041.9438,417.04233,-1830.1765
-160.37057,-85.29577,-171.85281
729.8595,-226.45427,1033.2479
637.94385,952.5842,149.14102
101.583305,960.53455,-1227.8845
194.38237,-536.765,-1326.2874
211.17798,-1093.2881,-857.6359
-340.71118,-523.5764,-30.364794
-401.28943,480.12646,757.423
-83.42454,1132.2554,306.9732
-91.36394,683.30634,-723.47797
108.46184,414.5119,-761.5004
1156.4585,503.1292,-333.36032
1767.4623,335.6769,-251.22739
763.325,396.6113,852.45416
-413.46866,288.5368,2136.9478
-457.42853,-108.709236,1512.6105
-364.36575,-133.19476,255.00833
-499.19626,85.057396,-305.1188
112.89607,418.3588,-280.82416
751.45465,978.4701,263.41113
600.24164,1166.6411,1462.3727
275.91064,865.97577,2174.6997
238.91255,668.1256,875.1372
-176.45778,82.3303,-388.32132
-718.5858,-925.12573,-340.053
-268.50592,-834.9209,-300.8919
-331.05762,-472.633,75.45836
-1048.0441,-1016.9363,979.36536
-710.744,-1000.98047,1256.9486
136.40976,-129.4888,369.2755
693.2573,676.0738,-278.16367
381.682,564.14795,-449.50784
134.28986,-208.85966,-760.65424
618.61066,-322.5259,56.014458
235.45114,41.806545,1416.9526
-407.56088,-151.49934,1448.2792
-694.85297,-622.5064,-209.05423
-957.58936,-265.47916,-1699.461
-199.41411,162.06766,-1517.8192
632.54425,-261.98203,-812.19543
254.52052,-760.3053,176.86446
-252.9935,-590.1797,1079.8934
-159.41498,246.40506,287.90692
241.92964,500.66675,-1433.2625
698.8815,269.35715,-1948.2208
904.4946,726.6186,-1225.6914
360.6841,755.3204,-108.453865
-503.16345,315.13416,990.54785
-956.5725,61.201054,840.99695
-1033.7991,-708.0918,-652.5381
-357.38333,-1012.3294,-2015.538
315.2556,-639.8973,-2267.8518
570.35223,-371.65604,-1428.2537
872.9816,432.88608,33.966614
760.5399,1157.0385,1400.4296
570.4418,610.2296,1381.3429
182.1166,-58.876923,-50.58068
-120.59465,72.004524,-1257.4325
50.211823,-79.810074,-968.4018
301.35812,-101.50852,-90.35506
481.92944,65.107796,682.266
269.84653,-650.63995,1773.2483
31.414747,-1207.355,1733.1963
-361.44193,-923.3611,469.4163
-133.45189,-205.16473,-263.532
679.48267,256.56836,-219.04309
260.56323,-275.35703,228.47902
-559.0938,-992.3902,949.4712
-1094.0287,-684.14966,1111.4648
-1255.4338,27.303339,542.66864
-373.2651,88.940285,558.75714
192.49934,-20.174707,325.88638
-231.46059,473.39264,-375.58286
-260.25,1356.071,151.25856
219.58574,1573.2875,729.45447
353.6747,704.52454,413.59488
164.01881,-43.478127,-39.454254
3.3156307,144.78061,-726.9374
7.4221425,-133.43459,-882.4088
201.2716,-635.2798,-216.3797
97.161606,267.5044,141.29364
-208.14014,782.1994,525.89514
-166.89084,413.73087,618.0729
-263.372,231.7245,-327.93716
117.852875,-583.21606,-991.8373
989.9965,-719.2956,-1093.5406
1088.5521,651.6825,-1201.5162
1134.7949,1131.0122,-408.54974
893.5066,-22.968645,974.74585
-159.79105,-970.5117,1164.8071
-382.10236,-711.0765,465.31894
-119.97418,-222.84053,-222.19162
-508.40488,-430.34235,-711.059
-709.1859,-614.8226,-565.75836
-796.3902,-221.14746,365.49478
-946.8081,268.36456,1338.1558
-1064.1511,923.20557,750.245
-1230.2838,874.1513,-626.0239
-722.04645,-193.16599,-1210.9657
0.5521285,-340.84015,-1900.9156
205.92075,76.90806,-2021.9628
210.16605,-3.5106342,-584.57446
482.28934,-44.744648,472.90976
665.64307,-262.63458,574.2067
421.91284,-454.75137,821.0492
299.9912,-140.53783,1208.1682
283.23422,588.4852,670.5333
493.7206,1056.7489,-169.3658
398.5761,766.0885,176.36322
-490.92584,667.17786,201.67798
-325.2898,944.96857,13.944146
863.7629,755.2878,134.45886
822.7306,-591.763,-831.217
-140.93782,-1733.3198,-1331.8914
-721.1557,-1047.6947,-248.18939
-968.2853,-634.4869,1071.9131
-841.96326,-830.2467,1211.8433
-326.51303,-695.7895,3.5020425
-28.405136,-1223.0958,-773.4883
287.65732,-1130.7198,-674.0671
652.77954,294.07663,-482.81964
543.4948,1208.6123,540.10236
-14.656752,755.2061,1349.6138
-811.175,-43.1404,554.0417
-310.9662,-26.04548,-393.73233
689.3829,770.14575,-791.6259
375.9026,1630.5334,-532.6443
116.49831,1173.0585,426.6969
-179.50018,-209.90825,972.282
-429.2694,-779.40234,186.67728
-30.702856,-552.0035,-653.2608
146.95436,64.37933,-394.25568
325.61343,76.300674,84.88905
65.178635,-182.00961,547.08875
-455.02545,185.43958,541.6429
-45.034195,-15.6856365,119.3125
557.496,-15.424735,-190.03906
784.11255,364.0902,-210.52185
902.66974,-424.23163,-57.875187
592.87213,-1210.0377,-523.42755
3.9141867,-773.7501,-180.10632
-93.65037,-242.82181,881.2771
-413.079,-631.0659,711.1239
-1296.3414,-838.33295,136.72348
-774.73114,-284.50845,-61.80507
352.9596,-9.970342,-443.17093
71.598656,543.38635,-789.8586
-143.35767,1435.8514,-261.38995
87.86966,1140.5295,395.75186
-383.68066,352.71252,411.74582
-969.42334,328.404,103.28076
-885.03186,377.24567,-217.82639
-357.99033,204.55548,-201.92702
382.30087,447.94458,-329.61182
1157.1196,203.07262,-493.4118
1222.3527,-940.69464,-92.44125
39.449726,-945.05786,188.01321
-344.45935,-14.360302,366.73425
1370.9685,265.41495,1041.0662
1428.9547,790.6135,686.9547
-479.55713,1111.611,-475.12228
-975.6106,-72.84146,-428.3869
-523.749,-803.4248,-433.81244
-57.36919,70.28761,-714.0671
460.59402,398.17572,-86.63486
480.0791,-401.11682,-25.46712
-149.82755,-758.2203,-944.84705
-541.6429,-526.37714,-912.52954
-640.8004,-261.54404,131.57317
-442.55148,-28.252037,780.96643
19.52782,417.73965,1091.9224
-405.2099,585.56647,1107.5688
-315.47934,40.33857,953.3371
922.0358,422.56467,791.86255
1337.7618,1107.024,253.57744
860.41583,446.3895,-365.42188
32.46893,122.533,-1027.9875
-544.80914,321.7616,-693.90674
271.41443,-201.91258,422.5648
978.73834,-458.84216,293.33105
-80.64756,82.917114,102.06256
-1082.8904,-184.35031,684.82776
-1488.6984,-1297.0991,582.799
-1784.2593,-1192.1074,75.41478
-910.563,-506.68384,338.02887
578.9441,-723.44586,171.23218
1082.6925,-504.75378,-1182.158
352.26016,395.3232,-1337.37
-301.66162,470.27402,-95.967705
-109.60819,-341.66153,417.97144
-195.26686,-607.2843,-245.83452
-861.25323,16.957949,-1069.9575
-588.6089,299.5746,-795.391
263.6392,646.3715,-10.196339
124.94906,289.14676,-92.87524
-13.939517,-1287.7462,-319.75806
91.44806,-593.10394,-276.0737
-124.78858,1259.0809,-718.5666
597.51025,899.15753,-623.80963
1271.0137,90.49124,-57.41907
170.66379,99.88896,-253.03389
-646.0913,297.23456,-156.33234
-464.2784,182.3055,774.35785
-816.72186,-176.05424,1301.5559
-689.70703,-260.57745,895.8669
-244.24518,-289.3273,11.735296
270.4587,335.05502,-840.5254
1393.957,1400.9113,-453.74393
855.0339,1246.9622,1057.2433
-441.8583,257.92697,1519.1984
-271.30518,-322.46707,259.88104
263.44833,-654.6516,-1087.5409
442.17633,-955.5257,-803.1072
634.96405,-370.3851,226.03838
853.75226,51.23193,500.75284
220.07509,-739.0953,512.5823
-721.8904,-178.25133,435.89786
-724.57465,1239.421,44.37368
-11.163066,892.74756,-302.6791
461.03723,164.32487,-541.2949
308.0557,320.1319,-211.54626
148.39229,545.2942,971.61115
-14.028085,473.34204,1591.5273
-159.73088,659.8602,812.4479
-259.51468,123.76706,-185.44247
-657.57086,-1634.0271,-837.7646
-644.7905,-1769.4481,-871.01544
372.28616,-756.1975,63.0597
539.98615,-856.73724,739.4941
-490.69147,-761.5035,868.18036
-347.4351,-86.700806,841.73706
388.08994,258.59097,548.08704
679.6389,109.52431,31.650665
582.19965,541.9332,-974.8091
316.92932,821.57465,-1461.3778
427.94232,-223.02672,-795.78503
-184.8418,-246.05162,-326.66962
-1195.6702,-22.26861,-663.82715
-687.55304,-433.38016,-733.47723
620.0538,181.80013,-425.43375
482.5836,695.72015,-507.77667
-140.60172,11.441554,-108.8015
-331.00455,-839.85095,619.27466
-843.52386,-424.19034,566.48517
-436.971,-153.6845,176.75333
61.15099,-511.02103,-246.44658
-268.71872,574.64,-760.21075
292.34714,1603.9237,-964.6775
1235.053,817.66504,-383.48245
993.5881,-279.1623,658.63513
145.29185,-1.1474732,564.99976
-111.06972,811.821,-703.89825
243.72733,359.07532,-851.5419
642.26746,172.9445,128.0363
537.5448,553.4623,630.97186
135.27759,-212.60574,556.56433
-546.18256,-436.79123,181.20734
-1101.1082,-180.88782,-309.17535
-665.82764,-540.614,-323.98282
-355.16623,-482.93057,269.69077
-413.591,-58.390823,770.2236
44.683884,535.5578,1391.5421
553.51263,690.2311,1600.7509
212.02602,-87.56959,714.76733
-418.0985,-838.37085,-48.605076
-618.2329,-695.2501,-346.2918
-931.3309,-172.55803,-405.25134
-484.4284,214.94368,-86.7079
134.73405,288.70834,470.1573
-165.22566,-399.356,802.62286
-186.19867,-547.7357,459.53043
-448.32532,-229.34715,-523.71735
-798.0829,-737.4488,-678.2863
-388.18158,-535.3333,357.02094
97.735245,497.98035,629.03156
641.7981,862.4712,248.38179
890.686,574.07855,-348.25293
950.38367,273.4693,-835.0606
1322.0826,141.28485,-455.48395
871.00006,-449.80328,-273.9415
-63.055344,-904.0135,-334.22656
39.745426,-682.9595,112.71509
377.4473,50.831196,400.3347
259.53372,856.91724,-173.42114
519.7743,585.4717,-865.3418
549.3365,260.0305,-794.4865
-112.51697,225.78519,-338.23035
-370.37137,-168.3654,-230.14622
-448.3684,-601.6649,-739.6233
-496.34378,-1059.0806,-712.37195
-69.5568,-540.8436,86.553185
-320.0882,567.1817,268.3967
-788.5257,1261.6326,552.03015
541.1194,1409.5126,796.26074
1617.7542,753.0427,-448.33072
837.67804,330.4437,-1419.7794
122.48189,537.28064,-1074.6063
-140.73491,241.16264,-404.60306
-146.04959,-681.06116,631.4604
-385.91266,-662.7491,1296.5717
-866.2996,343.94366,752.3929
-917.72406,617.188,210.14911
-752.8645,129.92845,358.17053
-449.04327,-296.1335,384.91718
-217.90178,-306.9305,174.08319
-54.4405,-275.05386,-318.33282
-220.84642,-908.10223,-358.44424
-101.27626,-745.6998,881.63574
355.08994,466.23065,1526.9242
204.27625,233.16988,863.95233
260.62262,-682.68994,-174.38702
82.57766,-710.76886,-1194.9897
-465.13443,-705.55536,-1286.5918
-212.55618,-580.53613,-534.4037
-89.58441,-218.7677,132.01566
-431.85565,-244.54842,224.3183
-637.2237,-414.44852,-1.766983
-718.41364,-370.95718,250.52805
155.67693,-354.26825,779.6204
1083.9843,-476.83792,423.85413
722.23944,103.5376,-380.44177
797.3759,1450.8237,-253.22012
943.4686,1387.42,-127.108734
-568.48706,68.9565,-432.4672
-1153.319,-7.065017,-249.98016
339.65805,444.45444,-321.58304
845.80914,395.68826,-620.9454
97.40239,706.5028,-245.60748
84.22441,745.3613,261.8915
522.8305,-256.18182,555.7133
12.046856,-1165.4064,203.94066
-720.5783,-618.1132,-954.6333
-32.845306,403.2949,-971.7894
532.4508,559.95276,151.93619
-305.03006,215.79317,112.7499
-768.51135,-119.389755,-556.367
-480.63394,306.53745,36.262585
-137.76053,706.42755,1237.1578
558.7789,331.04056,1324.382
866.7936,-157.9332,488.87646
160.20648,-703.14026,124.98896
-241.8395,-493.99756,380.37158
-47.74938,-36.12559,235.88618
-224.48222,-614.76074,50.586536
-842.57294,-939.8647,229.62283
-1339.9053,-580.64075,263.75623
-678.51184,-250.74379,698.52527
6.0638347,863.0737,1002.1493
-329.9503,1632.4443,228.35336
202.045,504.7261,-428.3722
702.8784,-170.34425,-361.9948
108.556404,237.6052,-412.44647
192.86679,-637.17236,-661.474
818.5773,-1615.7466,-831.33954
898.1234,-1024.0585,-203.86143
372.68307,-657.1239,798.07623
-229.04437,-847.71783,221.79192
-163.86253,-107.616554,-867.4707
530.2961,1249.0687,-672.53143
911.7679,971.2231,-169.59238
690.6838,-497.4518,114.52114
439.80728,191.80984,526.5465
-59.86419,1396.9958,197.25835
-355.56757,314.31622,-499.04025
246.59668,-528.9854,-282.876
191.97578,189.55743,228.97656
-617.0538,230.9306,232.77089
-855.3314,-74.48002,-212.48457
-505.4843,895.1945,-305.7358
238.0985,934.445,-137.90503
452.8893,285.25568,-619.694
284.1608,1382.9073,-975.83044
526.7914,1599.035,-94.11501
640.698,82.65607,739.2795
463.5394,-430.8417,-132.23145
671.0541,73.6537,-1387.3402
841.55164,350.36655,-1703.9529
-262.2815,299.5953,-1237.6927
-777.1853,378.20813,-149.38759
-180.08453,201.90474,794.5016
-670.42303,-782.37225,1374.1571
-1014.8438,-1216.9105,1270.6107
-806.676,-487.22845,26.150637
-735.60474,-348.9649,-907.1989
-126.885506,-307.15878,-818.1277
116.340904,556.21423,-620.0495
-78.3881,239.50551,-77.44232
-415.08295,-707.9672,1004.02246
-676.45874,-1058.4233,1431.2494
-153.15143,-2357.5864,874.37195
-283.50305,-3176.689,193.67802
-1249.4564,-1528.7987,-40.619923
-1346.7471,328.3237,724.3559
-562.9701,579.4535,1602.5366
-45.783886,203.1317,1191.1508
145.97874,124.078255,599.2587
758.2596,-338.2507,420.47723
954.50903,-553.1573,270.80508
610.9255,1069.0475,408.5777
330.3514,2116.498,344.85217
-464.97656,868.7671,-132.063
-626.4111,245.84482,-764.8178
331.6442,659.403,-1399.1896
958.6953,-265.07,-1295.4194
1103.4165,-1192.1713,-161.70573
410.24988,-452.99484,616.0599
-642.39594,40.108334,848.2818
-389.95963,143.49876,1203.2112
319.1611,637.4786,625.3836
11.162339,349.916,110.08384
-524.8076,209.31921,-124.93739
-34.764812,1178.7656,-1020.2733
982.65845,1312.9745,-692.90155
770.58167,-138.35324,-125.41803
71.086266,-957.647,-248.38318
769.4817,216.06337,-207.56564
1365.2119,948.8498,-686.3155
663.3974,67.631996,-1049.3245
57.403835,-112.038055,-1360.6246
-143.10214,-301.3786,-1228.2402
-685.2547,-1562.6401,286.3344
-613.90015,-1437.1548,1366.9443
-280.2449,-416.5221,669.6464
-906.47076,-472.63632,-542.40125
-394.56094,335.97104,-632.5754
1169.5496,2078.3003,-169.94736
1027.4991,1457.3491,67.12474
-804.71735,-187.36658,401.16772
-1630.9739,-302.38727,614.68134
-152.31276,-722.5774,576.8021
563.4037,-1781.4788,-94.02014
-323.0958,-1353.7461,-803.64935
-333.29443,-160.53642,-330.97238
-262.2418,-62.060806,-12.327081
-619.7826,94.942795,114.930405
-339.33533,1064.0573,1070.0576
155.46973,1178.1074,1037.62
501.90527,55.742752,-263.96512
383.2377,55.48452,-929.7437
51.82486,829.1836,-715.74774
-486.29123,-111.39303,-155.40816
-1433.3193,-564.06635,337.1096
-1527.9661,283.01096,-95.37296
-182.72983,368.34262,-809.8404
1118.1487,398.06705,-981.852
966.50555,820.1821,-869.52216
448.9967,218.73637,491.3134
265.2397,-364.4782,2184.305
225.82332,608.11615,2013.8523
118.153015,620.2109,976.58685
-173.99464,-239.80478,-278.30753
174.58669,251.15736,-1512.3859
627.165,1222.7942,-1042.1278
595.81445,1141.4025,76.93932
-158.003,25.498175,227.6591
-769.38763,-411.7154,107.02855
-217.2822,-698.74084,30.898077
600.35895,-1698.9493,-425.47556
1226.1705,-1437.5078,-1097.7454
941.26196,-243.82611,-1032.4943
130.33139,-527.6386,-135.89929
-169.73431,-863.48883,794.68536
-239.74565,109.212135,676.16327
-231.20276,-107.3515,-243.16257
-201.19763,-958.43854,-419.37698
-216.6368,-246.49902,174.26617
-69.04418,268.6168,1136.6141
465.00986,-49.261784,1945.8406
353.14783,199.10484,2068.452
-381.61664,165.79749,1217.2472
-435.3683,-335.6643,-525.2492
-298.2526,83.42719,-1509.6284
-157.18484,659.03564,-1073.9686
-408.9515,250.90677,-320.85074
-1350.8282,-141.46178,679.92993
-1369.2048,-281.18497,1794.5953
-584.6819,-759.01324,1046.7853
268.39352,-840.89996,-902.896
1229.6132,44.21339,-1256.8729
1351.1313,991.6457,-785.8257
751.0632,733.6604,-215.65114
178.68884,449.64075,812.8053
-187.9575,571.20935,435.3697
-389.79135,-192.67795,-966.89124
-593.295,-233.16771,-1348.0339
-41.866814,792.07874,-986.1166
1267.5671,861.6904,-162.16135
1509.0714,-272.28156,602.18005
278.12457,-725.9577,394.6259
-559.48376,-58.337727,-169.9968
-271.79257,122.80272,-430.93182
352.77,722.1962,-185.73268
605.32874,1625.8293,449.00375
445.4798,1370.4888,531.0684
63.87269,590.81824,555.74896
-515.3859,-115.33582,1170.0018
-684.29663,-1037.3817,989.91693
-521.4142,-2072.101,-396.30917
-143.38647,-1477.5797,-1264.6846
-4.018061,24.652727,-628.6448
-519.42633,68.26733,535.6358
-683.2958,-25.13334,1074.032
-944.29,976.5819,193.29762
-990.71173,916.0882,-1004.5077
-188.40912,-322.61633,-1025.8936
-23.86459,-26.98958,-936.9781
-91.74047,751.1669,-922.2547
331.48724,202.82909,-351.66028
-111.4582,-504.17606,-69.59067
-934.4265,-1080.644,-111.81979
-490.45914,-1095.1732,-657.8914
130.29233,70.80823,-2021.5538
479.15625,874.63007,-1862.3513
1422.9537,450.64258,85.6036
1244.65,-246.36153,1527.175
-105.611755,50.595573,2321.9392
-772.38416,581.20306,1952.9875
-949.8107,-740.18054,-29.610638
-343.18704,-1915.4735,-1354.584
555.0902,-931.81,-796.4804
480.71146,-1.5782026,299.91476
-39.829006,151.01283,1006.13776
-410.117,714.26764,1434.6237
-179.05952,741.0149,1508.4885
270.225,-214.03012,775.9178
475.69397,-424.84753,-201.87822
984.6662,-581.40674,-202.77277
1279.7007,-1079.8663,692.4599
578.3957,-685.6376,1193.8237
-364.25793,42.48947,317.4971
-577.9258,815.1377,-1312.7976
-655.58844,1224.7351,-2140.4917
-675.7407,1293.1034,-1350.622
277.1281,1353.0414,442.7657
1082.5675,689.27527,1293.4861
655.30316,431.02682,865.8284
160.45775,943.27856,546.3685
79.32202,372.22098,-83.53508
84.68221,-585.3469,-1007.2587
626.02997,-568.47394,-1619.028
1218.3083,-82.19187,-1531.4293
476.6693,235.75092,-141.98709
-1185.8479,472.65283,849.4744
-855.57904,197.47884,527.31024
878.5749,-875.7102,-102.84726
207.12984,-652.7737,-367.7527
-1163.3383,400.60876,34.97759
-1045.4313,264.606,246.28732
-958.7277,-639.9189,-199.31532
-876.1361,-1346.1084,-380.26926
-214.77797,-969.1725,-429.15137
185.23868,241.84053,-785.5339
-3.4250982,1135.1006,-426.1853
-134.89445,49.081673,186.49245
-396.8486,-1470.9762,350.55975
-691.628,-887.7696,728.2537
-501.61942,230.81606,825.2142
28.76917,-147.13947,479.8441
515.7364,-1241.0704,125.16111
539.3738,-466.01898,-147.22441
324.69452,507.11526,29.780653
130.03943,72.720985,499.7685
-587.16205,343.04758,821.12146
-1248.0145,210.6471,752.3696
-645.4485,-539.1632,31.11726
58.036346,-450.61514,-666.7533
517.2556,-343.49667,-208.00627
1306.7334,-378.0011,1092.1719
1383.4884,-192.7451,1676.6735
463.62015,609.3315,992.72504
-502.4255,1371.9543,-656.21423
-589.2169,713.9609,-2327.7422
37.470905,179.41685,-2081.0334
994.9102,770.58936,-422.23853
1371.3597,657.26117,932.88074
14.153253,-296.17917,1239.1608
-1282.0372,-412.38074,93.473305
-427.4095,-103.672745,-1542.4479
620.4668,-251.58911,-2058.523
177.88858,638.8051,-832.2804
12.486702,1345.788,686.4592
736.3898,104.976326,1235.873
1015.89655,-501.49313,1024.742
529.05597,-105.22228,664.85236
47.512802,-155.13524,248.9611
-359.1855,-496.96463,-154.94023
-480.8109,-521.6843,245.78102
45.215336,434.63318,876.56836
-245.98082,879.0236,947.0686
-1292.3208,-76.11819,558.0507
-1149.3853,-827.4224,-49.769787
-288.77194,-690.1618,-417.7293
79.31064,-2.849239,-724.36633
209.1329,413.78265,-1175.8083
101.03191,10.113423,-853.23114
-501.20505,-323.58224,344.5772
-1260.4757,15.505019,439.6521
-911.5005,632.1778,-1261.4625
143.39497,1158.9186,-2539.1636
268.85474,1341.4283,-1868.3844
741.04175,746.4286,-213.2271
1396.9595,-229.03598,1349.2968
947.3234,-74.68864,1880.064
355.5067,681.9884,1434.9226
-123.862755,230.10086,707.92957
-523.4055,-1024.3195,-594.46826
-174.43484,-1347.8229,-1105.5729
933.20087,-389.273,-94.77305
871.3154,-210.37547,472.81042
-749.67737,-1266.26,-217.2156
-1629.3866,-1335.3522,-912.8417
-810.2786,-357.29703,-871.0027
808.3627,402.5482,-423.61584
1694.4279,676.91156,92.22593
1337.0162,64.759605,231.73082
661.6236,-566.7461,483.7733
55.049717,39.244568,584.00104
-247.4667,651.6425,-175.5693
48.333595,1157.7728,-570.4494
-853.2167,1680.9185,-226.9421
-2012.9221,397.19128,477.05603
-697.80865,-680.39014,1021.6418
428.78836,323.60794,695.4396
75.461044,1130.1195,401.60083
26.464674,414.06686,437.02444
-97.952934,-843.5147,180.28328
175.29741,-385.1922,419.21597
763.41583,741.48804,644.4984
165.76094,-135.73459,321.41006
-744.38794,-1124.6489,711.2862
-1021.9131,-307.35532,344.67136
-474.84305,-85.72028,-1135.2483
654.9798,-1310.2214,-1074.8096
914.92487,-892.384,172.17609
329.48618,6.5587735,801.64087
-19.177689,-469.62476,1158.507
252.5295,-204.0695,1279.4325
478.5406,-161.5026,199.2757
340.2667,-242.12305,-772.4888
121.62845,708.03973,-963.9803
-73.30979,668.3932,-597.0361
141.72972,-187.96204,499.15027
-274.36404,-582.1009,734.69965
-709.6869,-173.66672,147.67209
-104.264694,880.1275,-238.07776
299.409,1185.0677,-451.91074
441.90292,396.17545,-192.51561
284.4922,42.643173,710.5804
-6.778085,315.0079,1183.7991
-345.0918,-193.19565,772.2299
-899.1126,-891.8095,167.7455
-1125.575,-999.1865,-739.0677
-669.59357,-981.493,-1322.4521
-257.17017,-412.2981,-1382.6696
-672.4021,-310.22452,-886.88556
-701.11176,-1170.1412,370.4874
-561.4381,-526.14026,815.5521
-322.54822,1236.4897,-466.59006
707.20825,1554.7471,-2167.3586
883.8794,823.16174,-2601.5818
382.6549,402.44043,-1637.9358
652.4364,259.74698,-256.27036
758.37177,-202.67297,62.37009
17.3332,-972.42523,-274.69702
-204.3268,-702.6906,-4.589919
64.31794,685.6076,138.21254
143.90855,1709.5643,251.61795
526.11395,1782.6501,630.743
417.1821,814.53284,910.4713
-267.0046,-611.1839,1045.8473
-657.267,-1496.1782,379.5235
-777.23706,-1369.4669,-857.6562
-51.048313,-1152.8468,-1200.5775
763.37836,-1201.5123,-476.50314
575.52905,-856.60004,491.55634
193.73251,-856.05347,1401.679
-357.24423,-1206.9481,1533.9117
-391.42416,-846.00366,859.9747
617.76416,359.4263,727.95044
702.0535,1507.6198,1116.0934
-11.331205,1778.1494,1311.1641
154.35368,1057.4088,1209.241
179.69022,275.74945,593.0779
-74.06393,277.29892,-99.54726
460.5759,460.13565,-493.8984
214.32399,757.0668,-441.46655
-563.8465,1423.3182,333.6379
29.539139,2103.6917,626.0618
618.29724,2044.898,13.957226
11.695508,681.99365,-204.1933
-672.7812,-538.9963,-254.1934
-501.59702,-541.25494,-420.1113
237.58545,-430.53305,-42.26216
727.6004,-239.02203,66.11279
733.2065,-40.332577,-254.20676
76.84148,-736.44293,-42.49151
-1353.6682,-1237.1561,-184.882
-1810.6185,-772.4546,-1302.7297
-637.14154,-180.04266,-2354.3352
-47.6714,-302.902,-1938.3086
-277.17126,-800.8915,-199.7963
-194.26398,-429.14014,613.3493
11.109732,140.59792,171.81265
108.930176,-355.3846,-529.00275
-27.394491,-941.9197,-1410.5544
-556.66974,-698.982,-1772.9314
-1082.1891,-29.935638,-955.54846
-248.20801,673.6006,474.8273
1247.6205,248.84305,1209.0271
999.6986,-927.34625,1145.7708
-121.237366,-515.00397,919.9884
145.09511,532.7137,926.94617
1076.9673,137.90411,1264.9292
616.5387,-428.32855,975.0033
-293.193,17.682743,389.1575
-15.301661,391.9137,-2.600856
76.263084,365.48572,-611.09576
-560.63617,58.553986,-744.2624
67.25303,-508.76572,-504.4227
700.48157,-439.7457,-404.60956
122.20398,-52.390186,192.42331
676.3479,170.46452,1186.3109
462.14426,380.37195,1304.5051
-552.4577,325.3198,888.4139
35.497356,386.49973,505.14606
-60.337368,130.27798,-781.1912
-696.5902,-466.07587,-1768.9172
-451.78363,187.39871,-1034.2408
312.38043,1037.2415,155.84988
402.38382,355.092,612.18536
-312.22546,95.169395,49.169903
142.5656,814.97015,-749.6802
795.76025,556.3885,-431.27356
337.19244,404.02283,548.0167
-119.673546,889.9516,1140.3016
-13.138147,479.20462,872.3734
-145.61594,-63.922585,-103.40974
-497.226,84.52602,-162.08665
-311.6716,226.14447,665.19745
-777.9459,-445.91367,532.3254
-1362.8047,-1271.8704,158.81564
-502.3411,-1040.4564,550.2863
326.91537,-813.4516,597.3787
186.88123,-789.96967,427.01724
64.94039,-115.16076,289.1021
176.47592,78.86317,-474.0688
108.07177,-235.15579,-887.9321
87.28796,40.55828,-159.96716
-426.25638,278.64426,306.8367
-1029.1613,-254.90988,-260.92584
-490.7488,-250.2598,-613.9095
422.12204,437.5743,-744.95233
1122.3778,136.14366,-1522.9324
931.12866,-238.37624,-2053.9517
86.61473,-150.75378,-750.9769
116.37445,-37.268345,757.15137
431.19733,282.68134,119.676994
509.33813,-96.53814,-431.12592
1192.7445,-514.8918,-356.4181
1458.148,-828.2611,-796.2272
254.73346,-1335.8173,-31.033676
-405.65015,-1006.46594,1544.7786
120.25067,-866.40497,1422.5758
204.83853,-729.9384,37.16086
-330.94162,320.33453,-460.3259
-249.97708,1089.3982,-701.81177
732.71716,989.6963,-984.82666
838.5907,451.16852,-245.99269
-156.0093,92.46727,775.8028
-891.8785,-450.91153,1037.4624
-1211.0669,14.218927,407.1669
-959.9414,1475.1957,-347.21954
64.24242,949.6741,-674.44226
662.1497,-53.757004,-353.5916
-33.533806,148.7102,358.7551
-598.95953,364.24698,952.58496
-614.81854,714.0052,656.4097
-688.902,1170.9939,-464.83676
-154.6583,1192.4187,-676.1187
109.02574,778.1431,-583.6133
-513.0994,446.02017,-603.338
-489.1438,325.04553,-36.704163
-307.8317,181.39792,30.06723
-592.43896,-98.15682,162.39296
-161.6275,107.165436,780.4314
290.84152,536.4444,614.9766
268.38983,-160.57962,715.84656
628.69214,-639.4352,1663.337
526.1684,-507.7708,1638.6823
-80.49016,-1027.6722,721.8503
-263.1659,-870.5607,177.33
-297.81833,-133.36636,-138.10388
-204.92294,-436.637,-687.6129
-251.26973,-859.37067,-758.2136
-253.17581,-535.9933,47.8997
79.86102,-681.3043,569.8286
-108.788414,-1244.9163,301.6158
-383.8274,-608.8099,-167.3452
301.08463,652.63947,-253.58633
1068.7899,713.12164,-141.6256
569.7668,10.759291,-205.60086
-271.52475,52.85547,-318.5231
-172.19427,147.70242,-761.6542
71.72627,-806.6525,-1247.2596
-93.797516,-1135.2102,-997.5264
30.242813,-275.63882,-611.6732
276.90585,-183.81664,-399.1902
347.6163,109.946434,191.16455
235.56476,1249.619,506.16998
-179.71307,916.79926,379.34784
-353.43268,201.76175,435.18613
-287.99988,419.70563,195.77751
551.4917,-70.37391,-434.4631
1053.0734,-548.58075,-529.0562
-107.25877,-25.45598,266.12354
-466.73196,120.28681,542.83044
-38.57014,-302.01437,-838.52594
14.813,268.86887,-1801.1895
321.02493,1489.8262,-620.51447
288.28983,1267.0092,514.839
229.52238,277.65512,311.39084
694.2988,393.85928,53.604424
284.81485,387.30487,-91.74328
-616.24603,-959.1326,-183.5725
-221.92209,-1116.9503,-115.109085
546.17993,515.6442,-129.21516
783.8677,1027.9231,480.5046
480.22403,481.1875,1679.7708
-630.62445,-41.44978,1764.3167
-1062.8904,-879.05286,619.89014
-36.805138,-924.07837,180.43839
861.6783,369.71472,863.5821
1107.9857,813.8573,1584.7137
1006.45984,291.5995,1720.996
209.97716,235.15953,1544.0614
-663.3033,-74.749985,924.4163
-1476.0322,-493.59265,-755.3082
-2542.342,-930.3353,-1909.859
-2263.8079,-700.0851,-1451.0469
-461.15622,352.4227,-796.7717
787.4888,119.3379,-370.44162
766.7733,-31.865404,72.89129
79.51269,268.0401,-237.38498
-128.59947,-207.06184,-1128.0225
704.02496,117.28667,-1266.1868
906.57776,667.7935,-1291.706
66.17367,296.49158,-1457.3301
-320.5989,-611.971,-642.8167
-312.40036,-1207.198,-114.30574
-319.19897,-887.56555,-611.18915
-668.89307,-469.00504,-960.8536
-625.8394,-201.90915,-513.3544
369.8064,83.39837,248.12148
799.8263,562.1942,679.3023
613.2844,182.36252,1269.4783
25.56069,-1038.6702,1338.995
-850.4458,-1004.04987,177.67868
-767.613,-344.33185,-817.9233
144.92714,441.77786,-829.26117
663.2107,372.93018,-629.2792
356.68652,-843.2341,-364.9408
275.18393,-287.31247,812.7968
763.6287,852.1434,1803.4448
468.88116,445.77362,1406.7108
-530.1119,-196.64326,491.029
-681.18506,424.6491,46.124134
231.5888,1651.7866,318.09293
895.40344,1462.5308,422.60223
654.7176,667.0381,7.102277
98.53604,443.08627,163.13396
-283.92267,333.21112,628.69006
-130.03873,-33.24591,-46.37369
559.84015,-121.56181,-768.0323
926.35583,756.3057,-419.0999
217.25462,829.0168,369.4343
-480.3291,-89.57767,1236.3973
-265.068,-362.8577,593.63385
-236.19693,-577.56366,-1112.2477
-578.4106,-599.5613,-1257.1339
-630.0552,-204.14433,-207.07224
110.65439,-409.23337,756.43097
1034.6539,-898.11755,919.77844
768.28864,-1242.5703,-107.49309
-157.96295,-1423.7977,-615.04364
-296.86444,-751.8083,346.87772
-12.494495,434.31036,1043.4579
-199.50746,848.4526,879.93054
-243.5341,330.8514,831.8431
-473.08286,-358.7399,689.9228
-790.4095,-663.8418,335.15292
-695.4084,-182.0698,102.79961
-745.5473,-28.471752,-461.37817
-178.45093,-685.1752,-1165.8845
153.51591,-35.40001,-1628.7085
-396.18866,465.9318,-954.2942
-198.27258,-484.6545,275.7714
82.37168,-512.61914,-376.63406
-371.0904,-279.92462,-1242.2373
-733.3467,-7.833164,-369.87375
-896.75085,665.6029,-163.43172
-620.75446,396.0689,-1323.0438
112.725815,126.90527,-1281.856
55.851955,511.7183,-318.12897
-255.58452,925.49316,-210.12009
291.07114,725.01227,-283.40857
959.21875,294.54205,-208.87674
1255.5696,338.2644,-171.44376
644.10596,6.6913967,575.2992
-48.274628,-282.05066,1595.684
341.4408,-138.84796,862.3628
589.341,331.83643,-820.1872
-33.367252,848.8712,-1266.3833
-434.6265,518.0462,-722.0192
240.89278,149.90883,-131.74277
783.28955,132.19675,247.82458
628.19696,295.00723,957.361
458.79434,498.52194,1117.3336
-15.045013,241.31184,478.6238
-446.73505,37.382275,-104.62272
-87.282196,236.25305,-658.8965
799.2877,587.0519,-185.02571
1007.062,501.51196,1007.24506
-31.835976,-320.7977,1566.5994
-840.97754,-1230.6338,858.04614
-512.7136,-1523.4266,-216.18733
-116.73903,-847.5649,74.5827
-289.0868,-182.67387,832.5642
-557.7839,-366.46753,1046.8667
-442.39804,-452.4177,1062.8093
-98.408966,-78.86949,1045.5374
146.59282,499.72617,476.00357
-122.19754,516.8059,-378.62183
-928.17645,68.80195,-356.49384
-904.7767,315.90796,-219.5516
-61.36231,432.21387,-432.47787
325.98035,79.697334,-766.78015
132.59026,-597.9588,-1548.7931
3.4991336,-1140.1177,-1910.7958
522.88446,-229.21696,-1174.3049
681.3567,489.92328,-308.5404
223.86195,-193.8447,-139.56152
35.87675,-319.89902,-234.21706
-45.384964,416.74527,-136.11812
331.02676,454.937,136.67131
755.35925,-233.62877,120.61301
175.43758,-247.36856,-252.46718
-566.3755,463.2562,-326.1799
-526.3685,164.23112,254.96594
25.577198,-358.3871,1191.6377
522.35016,501.71423,1052.6012
105.20892,864.64923,-208.19064
-765.5796,-60.068737,-382.82614
-444.25784,-534.3439,603.0156
617.8891,-87.559814,742.843
1138.9319,-113.709,161.39
554.359,-516.51215,-189.81879
-329.68,-156.17079,-649.9023
-148.05629,-108.36384,-599.9777
-50.477177,-170.9719,141.55537
-599.16565,347.71457,530.62445
-501.51868,701.9595,550.36066
-312.67828,501.76608,388.26096
-449.1516,15.138309,100.00985
395.5175,201.46964,-358.9064
826.55,230.99504,-618.00275
-99.22719,112.16059,58.573727
-345.19882,566.73895,517.3731
-361.50937,296.49905,0.2957557
-593.52905,-548.06335,51.00843
-53.126987,-562.7515,247.28632
1060.8833,383.1017,-786.0622
1531.7445,245.3147,-900.40076
257.15015,-1166.7887,710.6817
-1133.8798,-1233.4751,1427.5966
-869.9545,-523.3239,1047.7081
-143.0143,-377.28622,723.7994
96.94171,178.33386,231.9073
316.34467,161.54958,-481.75812
480.36044,-356.24667,-1175.9684
495.27222,355.64975,-1446.6646
579.7374,720.47327,-781.91077
259.81165,276.11838,36.074837
-857.5513,191.23885,-357.3831
-1268.8995,3.545596,-1299.6528
-490.92108,-566.128,-1062.5564
-277.73468,-513.83295,76.17993
-98.894585,206.98189,832.77185
364.8327,292.70386,1206.6937
-406.6785,-223.54149,1113.5361
-866.9165,-351.34894,36.192825
240.69331,319.5489,-1339.3218
903.36945,165.96391,-1250.8195
688.07263,-454.79767,178.81822
280.04785,-77.79508,916.7414
-43.961994,-105.27821,1148.9629
114.92336,-79.63246,1081.7915
176.51616,498.2782,-345.86264
73.418755,573.4141,-1710.3575
130.18141,513.26404,-1346.6475
283.11572,718.4503,73.68785
513.646,284.39175,1333.2109
115.05918,-778.44617,1722.9037
-975.1557,-952.58716,1476.6029
-1060.4421,-362.9444,885.9783
-286.00098,-496.44754,-29.64773
-229.14413,-726.3838,-136.06586
-78.26654,368.9103,670.8519
166.19102,753.5103,985.7394
-136.42525,-264.02914,439.08725
-364.3477,-62.93682,-680.68274
-184.2238,775.2111,-2060.135
502.28082,83.29942,-2590.3953
970.5595,-618.1386,-1305.9305
516.9326,441.4294,277.80286
-372.5298,887.37115,972.9535
-554.324,-220.06552,852.5386
-12.230671,-915.78033,-150.61081
730.01514,-839.63074,-537.28394
1004.5255,-673.2081,-335.47964
206.63638,-274.86172,-479.9856
-577.46014,432.95657,136.98288
-798.32666,393.7358,845.54865
-814.90955,272.22452,348.06607
-628.6024,504.4333,61.368565
-72.03741,-64.6986,4.476575
289.74908,-250.8252,-235.51561
174.2503,1130.7986,586.3974
221.60323,2021.4348,1125.7435
-169.1213,400.19226,714.52405
-592.6541,-863.8481,81.74784
-47.75658,496.00162,-1098.0809
771.40845,1234.6135,-1191.7325
1214.5554,513.404,-152.33328
502.34988,753.05615,-634.7495
-536.75995,604.54333,-1280.7849
-685.634,-945.32367,-310.6793
-915.6016,-1313.9225,-83.819016
-648.6077,-1176.719,-782.87604
93.6908,-1335.2748,-1296.0883
210.75038,-376.68802,-994.0879
607.977,100.677246,790.9479
1095.8723,-486.4514,1705.4828
829.9728,-638.7755,989.64355
113.86344,-375.4571,292.31064
79.33296,-603.66,-55.944614
851.7347,-1142.6433,-125.66375
1040.6655,-794.43475,236.96237
694.20667,-56.411644,578.317
669.61224,-128.39769,347.809
935.57654,-185.31297,493.83243
950.4683,730.9234,713.39496
40.196854,1280.6931,341.44952
-876.8428,1058.6279,418.28012
-520.21423,1235.4802,901.3555
-543.27423,727.58765,1130.1156
-1489.2305,-318.12268,336.30698
-1879.7175,83.09206,-1132.3164
-1278.3408,744.3876,-1617.7128
459.96338,721.1529,-921.9717
1548.2733,1016.8808,134.3238
814.33215,1185.5884,728.4623
-130.19313,470.9421,660.3598
-678.63696,-193.68805,279.48492
-940.6162,-266.1687,-169.26698
-1018.542,-910.2413,-412.1055
-1225.4789,-1438.7308,-173.23642
-484.44833,-781.10175,660.6989
617.27405,-487.6238,925.08093
-258.14505,-1169.3003,9.931637
-1247.0317,-1155.7228,-446.19427
-31.029293,80.14468,-404.04507
1353.9193,569.0618,-860.0925
1030.5697,215.38098,-662.92725
46.249687,530.4099,142.86205
-35.473347,508.67065,-111.745964
256.20053,-168.69496,-623.3273
400.45895,-29.44835,-350.00595
571.99493,295.442,-602.756
-181.3097,-98.3045,-1366.2319
-896.81757,-382.9017,-786.0925
-143.58736,-376.47836,806.754
265.33456,-480.15106,1296.7588
-651.24854,-824.78265,949.24493
-993.7135,-490.8644,708.4291
95.836426,971.3559,-23.526949
795.59753,1914.4486,-822.97784
282.61356,1669.2241,-811.64136
-98.05688,1018.5207,-158.74904
-180.77895,390.2801,95.07431
-536.70703,181.94826,-21.100279
-152.13327,261.69553,124.49826
1041.5416,-803.613,-138.68365
1062.4971,-1763.2335,-469.20892
417.60025,-883.99677,282.60178
786.01385,-219.1132,1832.4603
627.8768,-318.3642,2139.7236
-625.9791,-26.475159,621.8309
-866.68536,827.983,-282.9249
-137.22334,1072.5769,-160.92195
481.08685,206.33128,-426.28952
548.4374,-409.27063,-712.9409
44.87359,-686.3522,-555.3248
-178.87665,-589.34467,-83.2124
-454.12762,61.241745,47.952843
-718.8833,242.94638,-577.0347
-549.717,-244.26001,-1159.8687
45.03889,-255.18513,-1284.6957
1104.2435,-110.14875,-870.52185
909.4699,-1257.5626,-103.10566
-535.5064,-2166.5632,410.1198
-1090.072,-1254.347,-94.14042
-686.8192,-694.78613,-1116.2626
-583.35535,-927.1688,-1083.1335
-1042.7747,215.03175,-151.61095
-998.01654,1075.4816,699.1234
-405.09683,133.69206,981.556
-109.667305,-267.39862,1342.2239
451.1019,653.4653,1573.6914
856.64874,1524.995,506.16693
289.58258,1697.5746,-241.38939
120.938484,1956.4839,246.94687
440.96832,1847.3925,64.306465
-70.00503,212.09859,-998.9939
-196.58977,-1151.3643,-913.48755
935.8494,-750.3805,67.175
1834.7344,-425.90045,397.8167
2138.1338,-457.108,1087.9138
1508.353,439.13672,1937.486
177.11592,617.29047,1768.2341
-380.45023,-17.225395,1657.0154
-175.81972,-22.726675,1128.4865
249.8431,-141.48041,-613.4814
280.6597,-451.52292,-1635.5251
156.44121,-184.68286,-1084.7039
575.8656,316.82925,-244.08829
334.22818,262.39536,-149.37497
-829.7736,-27.253513,-330.16418
-1199.63,-100.644226,-184.34993
-1056.952,62.986984,-271.10797
-1301.911,97.8411,-400.3062
-1262.4537,-253.18889,477.8762
-1127.386,-318.11813,1491.0074
-1946.9973,-455.9124,1194.1212
-2454.1104,-703.588,817.8579
-1084.1938,253.16484,542.75793
-136.36621,1187.8447,-383.7844
-400.57556,695.34393,-747.3593
-180.77255,759.3192,-516.5302
218.3803,1357.0681,-270.7806
429.29764,706.6946,-307.24918
662.9554,454.21616,-1005.1908
896.99225,951.35016,-1718.9791
809.62726,364.19858,-1829.2268
673.14087,-379.51862,-1349.9148
1046.5253,-715.62836,-822.6214
872.64307,-1462.4962,-850.2125
-53.17819,-1990.7113,-606.32025
243.94136,-1467.5815,34.890995
1484.1157,-657.58685,-465.97366
1181.345,-843.3846,-965.84283
-78.15374,-1336.9417,292.50146
-23.266935,-700.88916,1452.0883
350.26645,330.94186,1110.5309
313.93784,252.65149,646.358
793.28107,-98.785,398.68356
414.05664,-163.35655,-318.5981
-547.4606,-507.1992,-475.71088
-592.5961,-280.6047,687.5679
-266.88647,49.855038,1428.099
154.67136,-12.525414,721.6098
212.55768,910.08307,178.04796
156.39246,2133.3481,553.3057
631.0973,1829.0226,850.6993
560.78784,390.47797,529.7901
-185.48244,-47.936535,-118.407394
-856.89166,775.60516,-799.3591
-1648.6614,584.6907,-741.15704
-1127.2704,52.82359,-316.95737
247.93486,257.7503,-623.646
9.6542015,16.225115,-669.91
-224.39912,-83.07301,-92.26373
481.38925,-137.37013,274.55078
779.73584,-536.71423,-85.74165
340.97922,-706.9741,-465.24734
-340.4731,-476.17987,-393.67654
-131.07202,-302.78918,-738.8281
326.7974,-675.89154,-776.29895
-444.73923,-633.64404,-250.96072
-1045.3276,-582.11444,-19.572258
-279.26157,-954.4852,7.749509
53.83736,-589.06665,-155.37355
-252.33762,101.57673,226.57481
-279.4528,46.61258,1333.2689
-263.5086,-682.31305,1766.5969
-446.17874,-1179.1499,1389.8811
-941.86224,-736.2688,684.1777
-700.16003,208.99117,533.60175
-87.19735,916.6201,1009.8911
-18.334127,1250.4889,567.0664
260.76697,1127.24,-41.167393
599.5019,938.8828,255.65845
738.2195,1029.9801,239.88177
539.58386,707.58234,-306.68765
77.78094,392.70123,-221.88214
-110.468155,1232.2249,3.1126347
189.08713,1680.7917,-504.35214
581.63776,741.8757,-829.355
552.3732,370.54404,-120.40029
-21.763235,326.87418,451.80212
-604.6218,-586.1836,84.82674
247.00568,-1530.667,-159.26749
1042.9955,-1764.9738,-342.9114
759.43207,-961.79315,-509.01614
687.5317,-68.93063,-161.93265
182.22519,-71.5222,-12.953779
-575.37024,-127.77624,-569.77655
-1287.0305,-107.1229,-1083.285
-1104.2712,-252.05806,-671.33545
-31.769926,-117.883415,168.35466
-205.67352,-542.52637,725.781
-425.11255,-1559.928,1024.4951
212.35161,-1167.1707,676.6257
72.160095,335.44928,-408.86176
-292.47086,728.6366,-396.14658
0.78020346,149.37471,730.8585
-0.05623387,74.207,575.59155
-17.282255,729.8635,-130.72629
68.93976,1049.4834,-194.81973
-291.14587,655.68317,-160.79736
-34.121803,781.0671,102.40941
287.98593,1379.8027,-174.73643
-15.02721,1308.3959,-1352.8853
36.479347,589.3282,-1981.42
153.59671,-150.308,-1448.0223
373.409,-809.5942,-748.735
641.05615,-1267.2571,-542.7459
-78.04728,-835.7896,-170.79288
-556.6187,144.79271,454.1762
164.2497,845.8553,339.56296
542.174,336.82272,-384.1214
452.2656,-1403.9951,-372.45868
215.8435,-1521.04,-13.147966
94.95236,35.285324,-499.74945
760.6112,-260.08502,-583.7913
923.882,-975.44666,472.2553
612.7138,60.04916,739.0554
1070.6,412.3665,587.50256
1467.0272,-115.42577,1569.0696
718.357,-65.26731,2235.8691
-367.28397,171.05656,2089.1965
-413.3457,-268.98264,1589.0732
-305.71146,-1208.8516,1193.0657
-855.60693,-815.44147,1211.1433
-1193.8458,281.74457,604.3096
-685.4701,11.205583,-98.56844
-242.84648,-237.70848,-394.8472
-792.89386,362.63406,-683.0491
-953.7685,567.41266,-696.97174
-502.2904,1077.7792,-325.63657
-375.78214,1368.1512,-47.55163
-266.92877,36.505066,215.35901
-252.02975,-625.8821,333.22565
-296.3192,275.29395,-671.7009
-269.00266,683.2327,-1207.018
-584.69006,119.15426,-1108.1646
-642.0751,-477.24878,-1923.89
144.96536,-616.4782,-1791.4907
367.00323,-402.30005,-348.97083
-190.14073,115.154526,257.9544
-84.27233,191.47408,-434.5271
510.31415,-165.51619,-1186.135
1045.7714,-33.81404,-787.2847
1105.3547,71.49516,381.72644
237.92056,-277.89017,896.72687
-469.23834,-355.92615,379.01074
-100.7116,297.82144,-214.59991
331.67868,730.14606,-226.49243
7.5358567,66.04,115.98156
-190.03679,-643.57135,42.488052
353.58926,-246.46167,-283.72733
640.5821,472.39627,564.9416
219.54913,690.6211,1937.7788
-286.6533,1020.2005,1640.3699
-596.7462,1165.4941,430.79816
-389.2986,706.3508,136.61157
229.95998,388.8708,-56.92477
586.63965,328.32864,-465.2917
722.724,-30.312292,162.32222
480.8591,-448.99622,887.86566
-145.2229,230.87305,281.80972
-47.044292,905.3993,-600.553
156.05794,-28.688051,-829.5925
-523.9949,-564.12854,-610.0335
-1064.4736,-314.61777,100.63264
-922.77277,-1005.9167,682.8971
-558.31824,-1548.3755,257.72858
-390.87985,-1249.1621,-825.11334
275.7396,-1043.5062,-1285.2896
1000.24536,-621.0115,-699.2533
687.6632,662.07947,85.12464
638.1196,1383.2979,642.5267
443.17673,530.0772,532.85803
-598.30347,-349.22787,2.20849
-890.4491,-471.47433,320.5015
-357.823,-170.2374,1012.16504
38.49832,-186.67311,921.66345
167.01703,-886.5122,475.7784
163.63316,-1314.4116,287.4037
225.8674,-812.4522,-76.79489
368.0009,447.46347,-647.40155
-7.869991,1096.6296,-820.1801
-329.57526,313.52545,-615.61163
-150.42157,-322.54697,-264.2011
-155.31204,-345.51505,218.16689
-308.61588,-650.561,813.30255
-1000.0397,-142.83961,624.9212
-1399.3749,1286.8511,-793.1376
-535.65955,1863.8782,-1843.9032
260.4855,1501.9751,-1853.6688
570.53143,1329.9111,-1323.2749
929.72723,915.80426,-210.48741
1002.00696,-42.310295,383.01892
725.3415,169.04698,-287.94275
613.09265,424.06857,-710.144
-102.78125,-435.61798,-384.48764
-1246.043,-640.8544,-100.96203
-1018.32416,-506.23,81.88552
-12.612411,-882.6127,303.32877
518.53455,-1457.7458,502.77393
793.459,-1273.1118,408.73697
925.9343,-461.93976,395.72934
606.8463,-525.9291,1010.4667
628.0286,-599.531,1703.4226
1413.4303,-25.539381,1321.0068
1120.2955,-353.677,395.43665
-70.16827,-585.6241,753.2476
-859.0925,852.6515,1439.503
-1350.6736,1613.8329,1260.0221
-1279.1787,780.4568,832.8116
-1266.0608,609.74615,-9.885606
-1036.6418,1007.2701,-781.499
-336.76114,646.23444,-787.7083
-56.299137,-135.83788,-770.28314
486.52478,-504.26486,-972.72076
471.1999,63.97926,-1029.4447
-531.33563,630.9603,-1221.1315
-462.81937,20.728783,-1066.4138
105.69488,-712.83594,-161.37735
-92.7045,-812.3649,519.2102
47.2921,-728.0146,390.4613
678.12524,-510.9686,-49.85312
1091.4857,-581.6807,3.1358285
1055.9535,-543.09656,250.98322
573.0366,-201.28395,266.0398
221.49503,-732.5368,323.3842
-291.73013,-619.4641,295.24664
-702.1768,753.21045,-356.74005
-96.12728,1114.6691,-838.5953
568.0592,966.621,-571.6004
289.4419,847.69525,-714.12024
-242.68849,300.71262,-74.92026
-267.58252,-251.6337,1329.42
-93.52011,-907.7335,1187.0377
143.18037,-1052.7142,357.2824
-7.9224854,-986.3247,129.81535
-412.2292,-1328.1774,388.89102
19.43738,-682.4613,866.21075
175.0396,755.8321,1192.2875
-728.83997,1679.7051,650.1088
-854.57715,2030.3969,-475.83466
246.14198,1653.7305,-867.6153
1100.9333,610.35095,45.180656
857.39746,69.667786,1245.1014
-108.08156,438.35187,912.0255
-328.32288,24.205475,157.52156
-106.34101,-736.3794,-373.50647
-264.29285,-302.60733,-1824.7919
64.289955,-1.8957318,-2699.5344
238.31436,1.845877,-2493.443
-10.67081,150.19716,-2100.8271
142.226,32.945145,-799.6278
373.41486,-88.45544,665.6056
223.72124,-433.01224,538.20044
13.826212,-532.8972,-210.31355
-164.2834,-311.5339,-466.06488
-815.44946,-460.2698,-94.74126
-589.77527,-312.973,542.7841
839.38837,-409.26788,645.1249
911.0692,-906.5448,622.96106
335.12683,111.780655,267.04666
1070.0299,1708.8369,-343.60846
1150.6086,1730.9015,-101.54498
-158.83241,652.2999,953.7282
-1101.305,272.66843,1406.6719
-985.9518,306.09375,913.04004
-942.0129,-328.30807,442.63065
-1733.4885,-859.55133,-91.84144
-1635.077,-1572.3883,-310.2091
-919.5995,-1632.6608,-516.01306
-854.71606,-524.55865,-832.5582
-516.26166,11.377091,-264.939
-393.36853,47.958035,521.49335
-1059.4424,-158.29878,1006.3482
-607.6343,-99.67023,961.6698
756.52997,517.37,373.69583
649.07916,589.37115,-33.4005
147.26903,-19.554068,168.6071
711.3529,-210.39078,150.37608
1337.0306,271.53903,-590.1285
1437.6333,591.53046,-930.3566
874.5278,587.4366,-749.4953
441.89774,18.609917,550.7734
793.8277,-427.0636,1946.953
956.8137,131.06853,1413.9475
1227.6742,-45.76077,1263.9362
1071.8014,-816.3282,2083.9902
-406.4428,-98.41915,1503.6865
-866.9617,973.77435,-428.0179
-484.14777,1347.5244,-1789.3044
-518.42456,794.8826,-1818.1719
156.73505,-527.60425,-912.41095
568.44836,-362.99966,299.16202
8.890204,708.78687,729.1572
202.96095,898.96326,273.00156
623.61523,239.33344,-807.6279
-334.31824,-911.39197,-1662.486
-1352.8124,-929.68555,-1652.5354
-1466.0164,447.32864,-1678.8247
-1095.7954,678.57336,-1843.7882
-99.600395,-672.9573,-1555.296
551.32446,-672.3892,-1124.6946
193.18497,180.39508,-454.2963
515.7186,-177.2925,627.0173
1037.1405,-639.4627,893.5954
189.16084,-480.5342,1055.0789
-553.6139,78.775505,1295.197
-643.5468,143.31104,183.37383
-5.6481457,-364.36548,-544.1874
914.00604,-772.56616,-199.92773
358.80658,-1062.9774,-12.013147
-364.44485,-691.94666,307.70273
-315.46893,-189.70886,861.10034
-675.1512,-205.83844,1203.7439
-699.03735,-133.28783,1003.2797
-42.834835,301.32465,326.97836
177.65733,266.931,214.9577
277.94986,-300.0883,1092.432
544.08215,116.96433,1849.2489
123.38483,656.9908,1652.9905
-714.0561,471.17007,230.83577
-602.0385,724.85376,-1703.0177
-63.623817,410.7668,-2379.1758
-204.14961,-458.21564,-1552.6161
56.112152,-34.25079,-638.1139
492.095,929.4251,220.32782
79.4849,1009.6971,1238.9866
-382.23117,514.4689,795.7258
-211.73764,410.46677,-759.6801
186.59941,613.90533,-1386.448
-92.16898,9.105722,-765.15137
-287.49603,-488.0213,270.2346
-237.5231,-253.09274,642.5708
-751.2012,-877.98914,646.1563
-600.76764,-1052.5232,-34.407516
321.63156,-152.00775,-1733.3757
930.6999,30.39373,-2385.3213
999.92004,238.91077,-859.4597
881.7831,514.9249,1452.0199
518.1198,92.09226,2422.5396
-45.33273,-395.16708,1465.9973
346.14844,-477.62943,-327.23102
1170.9346,81.13945,-1156.0297
812.38464,868.40295,-502.97702
-598.31793,1169.46,74.48543
-1276.2446,324.03732,242.08165
-958.95056,-910.2627,561.0269
-617.21454,-825.9936,251.93567
483.10193,-201.3903,-458.0573
1147.9274,-20.344105,-498.13562
165.96916,-52.263958,13.460709
-363.59653,91.8768,802.6307
-393.66388,623.59033,1045.7689
-995.6031,247.3166,533.9224
-1303.4137,-768.9188,-154.59668
-868.6836,-493.27798,-1154.0748
113.35302,256.6098,-1416.6932
860.7871,-212.54909,-242.72412
645.867,-707.5606,708.9055
141.04752,-466.26492,984.5512
224.48701,-385.59784,1057.928
950.749,408.81256,27.133583
1115.5721,1131.4746,-545.57605
-110.99612,282.04865,299.80637
-944.5464,-217.485,429.32632
-271.70236,173.60655,336.51544
215.6303,-21.474264,463.61023
205.8366,-986.1167,-95.41023
547.1776,-1187.8612,-753.88135
934.5612,126.74523,-422.68036
731.32086,1014.7638,786.1886
-75.261795,1223.8691,947.6624
-323.49927,1240.0636,-251.32726
-497.2354,-32.28352,-1209.1299
-987.7951,-1034.5216,-1105.4736
-317.57346,30.230173,-612.5424
536.575,714.6381,-456.461
-17.35705,-528.0482,171.141
-895.3702,-881.2651,1110.8126
-973.28577,57.119934,1239.9609
-861.8758,34.91063,-33.497074
-564.04034,-466.3586,-1947.9209
367.48843,-317.80295,-2164.7197
851.64404,507.88495,-703.3087
62.41118,1327.8716,188.30057
-788.2947,1115.9233,254.6896
-506.61047,-378.08438,296.38666
0.058207758,-1755.3823,-494.61902
298.99924,-1099.276,-1396.466
807.3441,215.36717,-900.9083
943.61127,-381.0622,43.57497
331.34644,-1091.757,991.7787
-857.861,-24.150816,1844.2152
-1439.9615,616.7466,2351.098
-662.9398,180.60448,1585.3992
171.383,168.33023,-695.90234
488.49268,181.0573,-1335.8828
882.3251,39.967796,549.2462
1035.6193,459.74908,1819.6619
617.8124,419.23032,1391.9531
321.1512,-884.0179,757.24274
68.667465,-1294.7402,84.52482
-166.3596,425.90036,-171.88203
-156.63445,1654.1438,219.75575
-398.05157,1107.8597,107.8111
-303.40326,430.04144,105.21051
-460.32373,189.9017,11.456528
-1032.5966,257.02917,-741.7645
-326.61096,779.5633,-1099.236
409.1041,666.833,-1082.5474
316.74258,-1321.217,-794.11127
397.29974,-2330.3828,82.50943
139.31094,-275.30515,783.1505
-439.25574,730.39496,509.45538
-74.896904,-202.1804,-422.74347
663.7615,-203.58289,-1235.3657
699.4338,316.1231,-1103.5701
707.7196,652.6407,-300.19177
335.87692,921.5075,-216.51968
-196.91895,400.30438,-438.47333
-381.14255,-566.6379,-336.6792
-492.41333,-179.87863,-738.67944
209.31621,424.25412,-938.4865
911.5917,-205.8509,-587.02405
941.94385,-471.64117,-294.5475
353.3253,51.38061,723.8405
-386.6147,481.13177,1649.1082
-188.15945,-189.81409,972.1446
378.5905,-811.51764,-96.58082
731.41547,-354.14563,-354.7172
656.5448,-673.51984,-407.36685
310.23895,-1048.3713,-250.22087
-185.2769,-577.22125,501.72372
-965.7058,-553.1135,1219.0435
-1375.3345,203.72429,959.8477
-1062.8788,1763.4603,-606.3823
-170.40309,1329.2296,-1556.7423
708.7521,-85.749855,-117.45029
1015.7133,290.80273,2075.7812
503.7577,980.0724,2804.6465
-653.02997,-259.62485,1917.9852
-1355.7815,-1332.2332,297.58502
-1051.6439,-482.03314,-702.2684
-417.01297,334.31586,-1086.6318
-24.501019,178.68935,-1619.8792
70.43761,-179.32251,-611.16315
-130.29889,54.165405,1330.2177
-199.50677,424.11725,1382.7562
-56.51708,645.4234,-122.45424
-11.048628,901.01556,-1387.2914
466.6004,262.5603,-1268.1404
930.6673,-323.70502,-290.54675
335.0791,126.27688,555.5427
-502.38333,317.22772,522.07715
-490.38815,-224.38104,-797.1082
-227.11465,-268.56488,-1983.5493
-500.6709,405.62747,-1450.006
-609.4531,447.82913,29.954445
-365.10193,404.72546,572.2494
-68.39012,975.352,300.48984
163.92314,183.17188,-88.740944
-178.18694,-1408.3849,-605.369
-82.70539,-1631.8312,-748.67633
800.324,-1263.3539,-561.82513
1482.6667,-687.67664,-109.258766
1378.9209,-439.87457,924.2075
58.72578,-742.0536,1520.3818
-1236.7445,-869.695,771.0247
-1333.1235,-537.8649,-275.55124
-577.23956,770.88116,-257.9283
246.40865,864.13043,312.19424
738.4272,-2.0912828,306.49274
628.4579,530.36395,128.4096
24.55125,364.8125,243.26242
254.3679,-880.0284,216.61047
588.1231,-980.3326,-281.92126
173.68626,-71.512344,-61.944504
188.7001,150.43056,1330.3403
681.10736,95.13236,1703.5239
1132.1162,767.9526,1274.3256
487.09598,975.21643,1363.1985
-1075.3759,647.25385,1060.0834
-1064.0018,679.6229,202.02144
614.5358,948.26794,-774.285
1124.743,1139.8986,-1096.9297
58.65064,957.5882,-669.9566
-874.91907,90.83384,-767.2384
-1237.9008,-878.5818,-1469.1588
-668.39404,-827.2769,-1972.0043
19.39609,-382.92618,-1699.083
-456.967,-832.04114,-696.7358
-1043.2576,-912.5125,143.15587
-843.4814,565.2535,106.792175
-149.17961,1231.5375,-38.970463
471.24576,184.40504,174.80173
46.272007,-268.48062,-269.3408
-198.47209,227.89311,-914.2275
935.71356,376.91663,-455.79315
908.0176,173.98788,411.53958
-241.05229,-33.786716,598.02814
-215.52356,-636.0313,377.34467
-167.12169,-784.67206,-200.25095
-619.2259,94.824684,-546.81854
-171.92403,688.5589,-216.43172
854.59033,435.03165,101.16785
1275.1919,163.53436,631.02167
789.8609,462.95004,733.34827
135.43448,216.54669,-6.0075245
271.6193,-430.31238,-767.8571
292.10242,-95.15515,-900.4653
-324.19128,-116.41389,188.96318
-90.46346,-1074.5768,1208.7753
674.1308,-926.97943,1125.0632
366.74924,130.65416,1213.028
-706.7086,208.45624,1656.9006
-1029.4529,-239.08311,1011.9657
-308.0702,-96.48674,-111.64739
297.3278,87.03676,30.759506
-120.18641,-367.7194,710.3145
-615.2314,-337.20148,338.59708
3.8568804,188.22955,-596.2974
778.5344,38.530376,-491.06345
615.34705,183.5484,325.9939
-213.8378,564.90204,320.08868
-349.24417,148.7875,-187.6268
270.67822,-605.6729,-204.78122
135.00162,-708.31305,-125.54782
-207.57579,-373.12686,-77.69568
-265.13254,-345.363,-149.57649
-290.46542,-38.665833,-687.9058
532.6898,137.72302,-696.5416
970.84326,-51.173405,-322.68445
29.863308,187.12064,-477.9913
-546.2984,340.9286,-666.3843
-419.14053,294.76953,-841.2203
-422.56985,163.34204,-781.5642
-556.83527,-81.15017,2.1198945
-468.5355,-307.0568,868.90594
-380.9467,-811.0338,1041.1112
-704.7513,-572.0338,487.2484
-621.2899,257.99045,-217.5353
83.67408,-75.619026,-526.3861
-23.846945,-623.4877,-428.75916
-851.6694,-302.7141,-540.6466
-708.2192,-18.531992,-370.12805
165.57253,192.79092,1025.5553
540.8104,745.00854,2015.1359
118.84779,420.53564,1080.0787
-503.2204,-306.55566,-298.04984
-560.6049,541.4764,-673.1389
71.48076,964.221,-371.6686
1174.6705,-383.3536,67.730156
1304.9138,-392.27664,156.17174
256.52762,1169.3724,-142.05426
-221.39357,1316.7068,-472.71167
-2.5414293,671.2885,-600.4851
513.57025,677.1276,-185.27455
802.2581,84.08174,498.1548
36.806915,-1204.4401,725.63916
-462.35852,-1514.427,217.56667
216.72453,-104.27148,-572.6103
456.50787,1314.0286,-434.61655
-72.87399,1446.9714,447.63855
-516.61206,1265.0223,-126.8244
-318.71832,941.7445,-1360.2767
757.192,172.98257,-1132.5002
1253.753,-183.7603,-726.0188
644.02014,-52.968555,-927.5871
-262.97256,-232.0753,-933.95514
-1028.163,-453.19666,-754.1215
-666.39966,-957.9396,-302.53705
706.127,-1427.4592,475.77902
876.7803,-554.96344,172.64275
-422.09528,380.43362,-1068.5216
-379.5461,-336.2998,-1371.6741
462.92343,-1432.3259,-770.91376
234.97398,-1090.4426,562.48315
-298.1571,-524.6575,1963.4259
-854.29456,-818.2931,1872.2393
-663.2302,-890.56244,1180.0083
21.258617,-104.080605,1189.5576
-110.02047,387.68677,1281.6571
-536.9658,-269.11172,1563.2013
-464.75342,64.54249,1696.6786
212.47945,882.70435,894.11566
1021.81964,611.50446,323.17166
949.202,941.4026,-41.613968
324.34598,710.94574,-476.40927
40.475555,-435.5169,-457.63242
-362.76337,22.63408,-104.34489
-239.07228,699.40546,525.90405
96.75123,265.0242,652.175
-303.57336,124.07378,-38.952415
-72.753815,153.09814,-785.872
676.2889,236.38377,-1097.6658
531.17676,660.3623,-1067.0792
-417.86197,1037.1617,-781.15686
-1120.3423,949.2958,-735.2899
-1035.803,-319.32217,-1145.4054
-201.07268,-1789.1057,-1408.4669
595.358,-1755.1166,-1387.7118
693.14856,-665.10315,-493.69263
244.73618,36.816544,748.12854
-366.4035,210.23001,696.43945
-140.39595,-66.03416,-330.91193
149.9247,-437.07288,-1082.4738
-86.37382,257.73462,-1264.2908
378.1312,471.13403,-810.06146
863.39233,-239.97044,542.82935
621.3103,152.2001,1746.5881
149.09709,647.07764,2078.8486
45.002346,391.8183,1935.7488
153.91959,473.4906,1710.2223
-294.71747,732.2648,1420.4608
-624.725,161.47156,343.50314
-399.9719,-835.406,-500.0692
-189.19115,-417.6114,130.34007
-678.17096,613.93097,937.4431
-1330.2656,11.7138195,485.70767
-872.3529,-176.47386,-433.76675
-53.8893,1379.472,-574.56537
366.35303,1642.4364,52.99808
-4.246804,56.7171,950.50037
-757.4729,-778.3526,843.9142
-311.97183,-545.0094,301.3249
257.6212,-788.7485,40.04164
-830.1543,-658.4127,-1220.3289
-1533.13,172.84265,-2667.7842
-11.0727625,127.3676,-2781.7573
1421.5078,-246.51294,-1649.8118
1259.7765,-295.759,-538.7125
465.83282,-791.468,-351.65677
-111.13882,-1479.4528,-414.2035
189.34274,-594.6201,-391.79523
914.27716,948.4277,-720.02057
843.471,771.12604,-887.0208
228.20464,168.67049,-505.41727
232.01863,127.65294,-201.47816
584.952,-547.48004,62.859577
403.27914,-1371.9552,445.09735
97.01729,-710.9879,363.92236
122.140205,-43.40296,-358.76953
-38.967373,-838.21173,-555.7788
-253.10075,-832.67883,300.04013
346.9547,15.141341,1359.5391
1124.738,511.82095,1936.9474
890.0884,1351.1029,1778.0504
389.1841,1615.6646,1371.4363
522.4186,905.07513,1005.1293
666.78296,780.21326,833.7248
-71.73675,1027.1962,1005.49005
-1255.8065,339.58984,1105.6008
-1815.3993,-755.2522,767.2753
-1504.8573,-972.5259,15.330041
-199.25386,-675.97266,-556.7818
997.13574,-623.95685,-340.32904
1058.0563,-137.2318,460.7232
178.35452,465.61417,1015.9086
-1026.6489,-152.05351,1077.0931
-968.6852,-1002.4059,556.63605
-524.1427,-505.4262,-431.70282
-589.55444,384.8038,-1177.3198
-158.3728,317.94226,-1454.738
-78.92013,-38.96658,-1376.461
-496.7905,-94.990845,-743.4239
-418.69525,-349.50308,112.38436
-143.45734,-457.50198,-75.39901
-362.11346,8.361995,-832.7417
-386.78864,-8.003187,-1122.3258
235.08488,-406.93353,-1159.205
589.9075,408.98868,-814.80225
551.49146,1165.4058,-166.75967
70.51717,363.1284,25.501257
-632.7786,-305.3936,-875.6489
-531.32666,177.53288,-1536.552
335.69034,626.01953,-713.2111
833.6952,292.4842,597.8028
605.0419,423.73907,1695.4303
113.021484,436.28033,2114.7734
-436.2664,-713.8634,1210.0511
-219.06473,-477.08597,-414.7818
758.2536,998.77625,-1275.0615
1169.7677,730.722,-754.9325
617.54205,68.40639,363.0635
-162.58344,552.68427,1430.2576
-157.47975,273.49078,2151.8223
332.6027,-411.31403,1330.8824
534.1551,-374.41248,-550.7115
476.7621,160.37418,-1432.4462
288.38638,892.72363,-1338.5459
231.0361,1167.0613,-591.9284
130.86214,937.714,648.9637
-367.3725,-138.5793,1156.3082
-1007.1457,-947.83746,290.6069
-1140.834,-807.3439,-965.15936
-202.42615,-1182.9617,-1591.7366
556.4618,-1484.0662,-1170.7689
288.1731,-360.45316,752.1796
-249.07838,635.2721,2033.3933
-1353.523,-167.78496,1034.7959
-1588.7549,-757.76373,-351.21304
-230.3018,-409.5261,-725.6102
353.21695,-896.6198,-397.99777
-42.697968,-1272.1785,-200.96872
-527.92084,-381.5503,442.3448
-937.2201,-19.351576,1024.7573
-1200.5446,-500.7294,81.85629
-1155.2292,-133.50269,-1308.1108
-569.2651,364.27963,-2010.5469
131.30394,-56.967426,-1611.6117
1226.0117,-345.36942,-189.35205
2492.7039,423.17386,1207.8123
2075.2314,1405.2328,1363.0654
493.93362,1555.5187,494.7107
10.089512,1046.2748,-143.7276
466.47992,203.10153,-117.17881
875.04755,-68.02204,324.72638
832.3982,491.23956,683.07086
351.6478,440.00247,630.4129
-8.143976,-307.8217,39.77841
138.41812,-275.32425,-186.93674
770.2717,405.74136,360.96368
636.70355,392.78482,639.71326
-345.6984,305.9678,377.19623
-488.26053,302.71036,301.48944
-71.453026,-197.68892,565.56085
-198.6336,302.93045,267.44775
-512.6845,1472.9913,-380.29807
-533.099,1231.77,-1051.8083
-464.41357,-606.12714,-1535.7062
-502.08182,-1952.4785,-579.8982
-279.39948,-1257.6754,1007.9657
58.24642,-349.2008,1383.2781
-587.33203,-119.2316,675.15985
-1275.7085,429.67828,-326.83368
-770.20703,281.20834,-1329.0746
-105.53014,-450.9282,-1933.5099
79.20927,-111.80038,-1697.5233
38.067463,-52.498806,-772.30005
-65.38249,-996.20026,189.0035
-59.264336,-407.70715,548.0909
615.0219,1293.0774,152.5455
991.54126,784.60657,-214.44775
413.5657,-529.4089,343.09158
392.6305,-51.925354,1384.6858
613.38727,105.20417,1819.5507
-77.79173,-468.28024,1207.5627
-1042.6763,-438.4443,96.18588
-1309.6674,-425.73624,-792.89465
-1059.4087,-423.36423,-1409.7252
-269.98276,-402.79318,-1022.2721
846.57983,-427.84073,618.5568
659.8761,-588.3433,1305.5731
-106.61388,-604.0,199.62144
520.2192,162.00476,-797.99054
1274.8026,213.2538,-943.9894
754.0416,-817.6188,-658.09717
-156.3573,-788.77124,-35.259266
-677.59564,360.94653,421.56665
-534.22766,820.3693,735.9965
-62.566322,847.5277,919.8431
-39.0134,1392.6012,180.78636
-39.030125,1444.03,-1124.7393
124.68883,882.7407,-1488.507
-251.96362,597.765,-317.6871
-485.32544,99.27263,1029.3069
-315.6213,-522.87067,1264.3267
-204.67007,-424.22223,689.9059
-56.908886,-230.36806,340.72638
69.33464,-539.13257,-104.789696
697.2036,-815.5733,-869.17664
849.02344,-459.69672,-677.99677
24.89623,123.942085,-161.64258
-267.99274,-71.36257,242.28743
19.860708,-245.57744,387.73358
632.9612,-115.12061,-245.48581
921.3341,-330.13025,-297.00818
265.0704,338.17517,424.3008
-408.82062,997.85376,858.48016
-799.97894,195.90053,575.38074
-1029.3373,33.91783,182.12703
-809.3421,912.1649,-219.12448
-561.92,749.9556,-1090.2062
-299.75754,-281.76468,-1534.6276
164.1859,-341.73138,-924.6934
515.60486,521.1138,95.10538
507.6593,835.74677,397.83856
-44.591698,711.093,166.8148
-477.16214,751.80145,-302.42688
-764.3873,356.64514,-1273.7002
-945.01514,-666.8703,-1261.4164
-202.98767,-1089.2278,648.50446
602.02795,-786.70197,2036.3136
654.3332,-793.0421,1089.8087
532.959,-493.25214,10.757322
231.20291,31.966793,-169.92734
270.1691,124.23234,-306.83316
886.6926,303.2542,28.5551
972.2395,268.59924,348.8308
487.4424,-263.86777,286.20752
-240.04814,-614.2236,466.12317
-116.42422,-625.51764,1139.4047
793.6964,-895.687,1323.9233
463.84976,-640.19635,139.00714
-330.60678,355.7404,-354.02438
-552.91986,228.12598,447.37457
-637.25964,-986.2385,205.90523
-644.98956,-1479.1163,-553.71454
-513.6072,-798.6725,-329.267
27.63559,17.005337,169.72566
484.50366,485.76855,927.04785
473.19473,652.0927,1313.0822
-155.80127,670.88293,252.28189
-927.48975,664.16095,-672.14056
-574.55493,450.87137,-379.4229
-135.77838,433.61636,-220.9461
101.657745,403.78918,-1059.6318
988.08246,321.622,-1500.839
1339.5028,687.0061,-1006.27594
1058.4899,854.1208,-284.48474
533.94086,729.8174,566.5048
-149.25696,468.7448,630.5513
-323.26047,-404.27817,-648.2547
-446.44623,-1102.0294,-2011.8257
-693.377,-798.0592,-1346.2035
-322.4005,-357.62018,282.6575
47.720444,-424.87103,146.80753
-223.5883,-331.18326,-492.4259
-394.21454,496.3555,-347.5957
-217.8152,815.07166,-551.97876
11.034693,-61.955547,-771.10205
295.34424,86.13844,-77.694496
384.78906,1137.0066,469.07233
-45.688705,628.1132,393.78452
-672.34467,-694.1353,728.4374
-595.3877,-1233.4161,1003.83057
409.20538,-1322.8213,118.513054
984.68835,-1101.3912,-333.066
645.273,-83.211464,739.3245
148.62245,599.6955,1504.0392
-107.82822,464.78146,1597.9137
-456.86057,770.2656,1372.9365
-884.8109,732.01184,634.5689
-521.026,145.04607,-168.42531
-339.60056,125.09435,-392.69714
-342.68466,204.04126,79.62255
294.74536,-81.62704,290.56586
696.7729,-299.2453,147.64644
680.11,128.81621,-141.46141
547.35443,293.57648,-741.4245
642.2827,-328.90335,-990.24066
569.93286,-450.09702,-143.07018
-3.573875,217.27635,675.1922
-700.2507,502.06403,162.37427
-910.8818,36.209503,-204.32347
-808.93414,-54.00477,109.20356
-1029.4896,-147.87762,27.262314
-895.0626,-718.1387,-352.6174
-437.87567,-604.42004,-772.3703
-87.206245,-86.58472,-1027.9939
-22.751045,452.0963,-868.7266
-228.27159,1274.9021,-381.1776
-283.60782,1061.6884,84.86165
-484.92422,13.577843,15.594341
-352.58865,-201.11746,-31.436813
392.27615,-265.69727,364.01312
600.75146,-829.6906,127.40852
239.57094,-1289.9567,-372.1143
294.56723,-567.26843,-242.42067
636.0142,696.37823,-248.83545
564.8831,683.5357,-380.11063
525.6961,357.40015,-45.109856
718.74475,333.33438,-6.8314595
867.7843,-270.74847,-203.13222
1003.6233,-487.01398,160.1194
855.0571,448.4039,444.7443
440.0669,392.2572,644.4463
-168.9493,-940.6672,1350.236
-586.7347,-1306.7404,1885.3602
-814.75793,-381.14218,1367.4713
-675.0014,766.39435,338.70316
-5.6056848,778.96936,-327.54437
222.47713,345.55957,-565.8573
302.1166,402.06024,25.100008
7.949241,181.20386,1319.2745
-321.5589,61.397243,1719.3784
-43.511047,-252.87372,196.17714
-805.61346,-1256.8005,-1365.56
-1337.3882,-1257.0513,-1263.0183
-484.598,50.882206,-1122.8602
245.37926,527.04584,-1427.3793
754.9259,134.78885,-877.67865
284.13867,175.4981,-555.1376
-706.9213,-62.229816,-1214.2987
-313.2471,-397.10156,-997.17236
679.00824,-11.775572,-139.04506
1017.2974,223.28325,-25.727964
464.58197,-124.42948,105.29693
-578.6897,-532.39325,11.268105
-946.12695,-458.6505,-380.66962
-772.845,21.31826,-282.16483
-671.68994,496.60916,-457.81815
-55.869186,497.23517,-933.4746
428.27603,84.4303,-934.24805
510.71375,-87.1803,126.88631
950.06604,50.32953,1828.3627
824.20703,615.3363,1816.011
152.99562,597.963,201.27332
-223.4056,-213.53719,-365.0018
-112.194435,-237.78294,11.102823
357.04736,-365.51053,761.3902
26.606562,-661.4619,2070.4294
-529.909,246.18814,1659.7258
-126.90741,1117.1781,-726.331
51.567783,879.1974,-1724.8517
-92.62107,475.3437,-857.68286
276.94614,547.8368,-8.707719
852.3031,246.96367,899.6246
1060.4366,-350.72705,1746.6068
606.3787,-320.9743,1459.9307
191.92542,-199.80182,393.37286
-314.83157,-168.2804,-552.48456
-1038.0059,339.8102,-982.91583
-1016.3089,905.5161,-645.83154
-613.8316,812.39703,544.23663
-595.13513,-46.927624,1351.4792
-976.8326,-780.60095,172.66867
-1047.3857,-813.8801,-1543.0867
-602.8311,-800.639,-1055.102
-124.714874,-250.12407,503.70648
174.09117,465.6717,819.1049
254.10266,255.27257,549.41473
225.3267,184.43633,-338.1016
239.43477,91.65217,-1726.1613
893.3396,-289.6567,-1358.0533
821.0018,-84.393166,254.24873
-394.38657,290.23306,644.1493
-565.86505,-92.0908,24.457806
-273.4478,-592.9794,-298.97467
45.380447,219.2651,-517.62445
614.0488,652.16156,-698.8032
612.2524,-653.4725,-560.77386
592.34204,-1275.0317,-133.43648
799.3323,-59.58691,622.3231
714.0527,973.2315,877.8207
379.15674,518.05975,389.02695
-87.78694,-205.1006,-33.791534
-382.04544,-490.04745,-269.1173
46.753544,-650.2761,-302.66025
297.98584,-236.13802,73.93807
32.17377,490.3805,867.0074
207.37772,532.6789,1606.1324
9.504549,443.31784,850.2636
-587.0398,458.02347,-957.0006
-908.0256,19.186026,-1164.8292
-1227.7764,-108.44473,-398.1741
-820.9296,-170.05118,-281.43076
208.66507,-864.52765,-36.375057
623.4903,-1338.9062,417.94714
432.00314,-802.79724,469.12604
363.6542,246.39413,-396.0056
456.62448,670.2544,-1409.1416
603.26025,640.0465,-1025.5762
592.18396,591.15216,99.3826
-36.738026,272.30588,808.73975
-629.67035,-138.8219,1079.4736
-326.47293,-224.48848,643.17096
443.3615,-446.99747,-219.63538
540.92114,-1286.8579,-316.03467
-100.74102,-1575.6396,-118.424515
-360.42938,-961.83655,-256.62805
-104.936455,-80.251015,338.22787
-191.24239,670.52435,913.227
-355.9332,533.2847,13.086674
138.47003,-113.863686,-691.80255
316.8202,-241.21469,-180.0959
-326.59732,437.29086,405.05136
-685.4189,834.83435,890.35876
-854.5877,329.3823,605.5086
-987.28973,273.9201,4.390677
-484.5342,816.7313,-22.432371
-200.30582,478.6389,-534.874
-207.77528,-420.1763,-1101.1637
17.734726,21.135967,-919.1137
-206.56313,1002.43805,-70.14354
-570.2599,1179.5825,270.69604
-723.3657,1237.1061,-413.94092
-455.7737,634.0421,-1107.3109
40.099823,-477.12057,-1361.5168
-78.95465,-702.1831,-975.3299
236.45703,-411.8704,-628.6039
999.90936,-322.48804,-222.51718
474.7447,151.73767,93.35037
-61.420673,1131.787,-16.604807
671.0082,1235.1295,-92.76271
751.72015,143.53128,-435.35483
437.28317,-1053.9646,-31.033152
1030.7059,-1774.889,1149.0994
948.7949,-1730.125,1675.8417
-35.119522,-910.7911,1509.839
-410.88318,-6.448405,837.10223
51.62901,17.28136,-114.43451
217.06865,-171.46936,-330.9155
-371.96924,714.329,284.37354
-231.63507,1044.823,681.5254
506.48047,294.55084,771.3315
952.3921,578.12915,441.09583
1438.0764,872.7832,208.81628
1202.1967,-158.46602,540.30414
456.38165,-611.54785,354.5116
326.06836,-379.5855,334.6818
139.8486,-602.4766,920.55853
-788.2655,-503.323,917.661
-1438.1411,-49.524475,290.5736
-743.44366,-112.421715,-510.47092
-245.74191,-524.18243,-991.0623
-1100.6411,-342.08902,-302.99585
-1363.8896,113.70596,1031.8114
-817.1398,-18.872858,1121.6785
-545.27783,-233.67963,430.86206
-218.40376,141.67915,-55.12258
-83.6432,608.2286,-859.6954
-193.84644,384.8603,-1351.6588
-169.09026,531.86304,-583.95026
127.802345,419.24948,834.4532
231.24005,-1106.849,1037.2968
-419.70914,-1227.3116,-109.63456
-818.76135,546.32745,-1147.2708
-267.49222,1123.4207,-1391.0709
429.04813,173.7775,-880.8529
954.0138,-63.008327,103.85215
1065.3423,485.5534,711.45197
169.3767,441.3884,-7.0692234
-409.6847,57.31936,-1177.4933
77.78871,-159.89006,-2216.115
123.20844,-245.22478,-2947.4106
-119.89676,154.30046,-2384.0002
735.46704,889.3947,-966.71356
1488.8512,635.58167,416.7593
934.846,-242.74213,1409.7378
719.54584,-608.20746,792.37683
1134.7239,-819.7882,-1075.5063
1338.2422,-730.61035,-1377.5153
832.3215,68.68511,-100.8903
-138.7182,423.35526,710.2713
-823.2033,-693.3872,419.1418
-1626.9612,-1105.5431,-157.74971
-1163.0016,-311.16776,-44.901665
87.19769,-360.834,132.6803
14.325625,-451.12247,628.8282
100.226974,-146.99626,1859.5809
672.68506,-42.58296,2596.607
279.61136,106.80567,2159.7559
-606.3231,214.67104,1105.1481
-746.47296,275.99576,271.55582
-514.43146,262.3035,94.05111
-305.599,497.46326,957.3144
247.52348,889.8637,2128.3342
163.62637,592.69403,2251.238
-950.5913,110.805756,1346.8317
-1261.4052,384.7702,96.22056
-302.21625,912.3408,-1047.7799
316.5537,755.3978,-1184.4653
170.16875,330.27408,-225.39134
-128.36157,-41.890247,442.50513
-535.8437,-786.79785,359.6453
-1089.5413,-791.2943,-278.6692
-681.3291,-81.84918,-1335.9246
578.4487,-25.696548,-2264.6746
658.9164,-43.99597,-2203.0706
1.6646535,321.60687,-893.9046
180.66473,489.35373,529.56476
310.37637,-35.746166,706.8006
125.40169,-473.5222,-306.6612
369.9475,47.18132,-1326.9912
89.062195,253.50114,-1931.3984
-556.4607,-442.7764,-1496.8336
-425.92798,-1104.6622,-198.29092
33.58117,-1142.1035,384.11194
-41.97244,-767.0013,439.9428
-534.3124,-225.26083,-7.368926
-338.7188,352.5016,-952.8049
-91.6213,-34.519352,-788.1742
-410.34772,-519.734,403.56824
248.57451,109.82613,1060.6097
728.90234,269.4778,881.7419
-144.9132,-315.13522,476.94547
-131.40901,-640.1121,19.353346
654.5661,-576.4215,-278.83078
502.53058,82.0625,55.776096
162.76099,1084.7861,1161.3278
577.8292,1745.2953,2002.583
745.02014,1221.277,1505.4127
557.75543,103.158264,553.71814
1069.229,51.749134,71.49312
1087.1698,232.7944,112.739716
178.66574,-477.53174,685.8346
-340.4417,-1025.691,1263.2898
-562.8156,-519.16504,980.9587
-919.90295,547.8422,-235.04955
-835.6058,1169.3081,-1921.5043
174.17664,750.6627,-3139.7449
765.3232,-163.16426,-2486.0142
453.9902,223.07207,-554.1858
885.07947,1434.2948,707.045
1016.7505,1307.0913,645.0377
-589.7525,693.34015,96.09375
-1554.8254,751.13965,-469.84164
-964.45496,440.45493,-1013.13684
-330.0222,-1082.8618,-579.42316
-62.117645,-2413.4578,275.9938
-408.34036,-1818.2288,57.001614
-1140.2482,-987.2909,-768.53253
-1221.3893,-1025.8777,-1039.5239
-437.1274,-141.358,-527.0299
170.18237,1253.3405,91.19476
147.6667,1385.2595,419.28873
204.23033,570.36176,486.76932
573.8844,-403.93558,43.681248
372.75742,-1461.2024,-264.62366
-276.82156,-1748.1804,-193.5468
-5.0726676,-779.54816,-533.5077
348.27853,29.052233,-354.69714
216.95807,146.69861,922.28503
431.8586,149.62392,1764.8658
473.41946,-140.48224,1359.5244
165.62665,-497.22104,980.11847
298.7268,-307.6198,1227.551
949.3383,94.51729,967.4705
915.2668,188.46558,600.9339
-6.1587977,264.05206,926.03033
-1039.8643,469.9615,787.0177
-1699.8282,79.29495,-115.5136
-1025.4178,-687.4647,-474.36456
703.73334,-250.67607,-394.05222
1650.4813,982.15405,-418.3218
1189.625,1659.3256,60.37796
793.7648,1868.4617,767.99493
906.59186,1170.4113,786.27924
163.6338,-81.695854,230.77884
-1112.8027,-172.24695,-443.0724
-1339.9838,184.75641,-808.814
-892.3808,-431.2326,-478.51715
-867.0775,-999.257,226.73265
-799.9949,-528.3983,798.3916
-630.9864,288.98978,439.21643
-910.1269,311.45853,-609.6359
-749.3564,-4.8965178,-1340.6967
686.33453,45.68027,-1870.653
1796.2424,126.04161,-1354.8181
1299.8896,521.71155,377.52368
423.4752,800.19775,1204.6334
-244.00746,-62.50655,309.2997
-703.6045,-1191.4602,-914.042
-568.3457,-1081.9204,-1212.4456
-103.66891,-648.57135,-926.7368
134.92094,-636.2035,-489.28345
217.88112,-242.82964,205.44373
221.18843,-307.22452,472.37448
-312.6827,-601.7831,-280.56827
-527.15717,83.115776,-1337.1475
356.9675,624.94073,-1485.0881
1159.7338,117.635925,-633.2658
862.42847,-437.13916,545.1413
81.04842,-439.13028,1169.5564
-417.05905,-666.8866,394.51138
-577.74713,-907.4874,-736.88983
-185.17632,-369.0556,-982.27246
584.4196,381.24277,-384.8987
682.24646,164.21265,998.1138
237.7601,-174.28326,2408.4946
96.941315,845.8315,2364.1494
-530.4237,1530.0862,843.6878
-1237.1115,595.2693,-141.10318
-1242.7656,-472.00937,-136.41093
-826.2989,-307.92084,-269.0094
139.58643,391.39218,8.603203
646.217,629.53125,569.96375
548.79346,717.41583,39.674084
268.57886,765.55756,-754.30225
-317.96158,1090.5851,-1008.62866
-422.9363,1261.1409,-1169.848
-28.430933,527.3859,-720.1486
425.83243,-121.29387,230.759
990.2563,-106.285675,836.7768
776.9405,-40.66496,590.6938
-146.02068,-147.1016,110.19003
-337.31848,-138.63498,127.48131
-167.1305,74.07773,-273.7647
22.856075,-10.13616,-696.77295
544.3423,-671.829,31.575937
1032.6741,-880.14325,592.4394
1220.0525,-665.48224,1.1833434
924.0066,-714.38184,45.60948
340.7161,-100.63997,800.5452
-276.78113,560.18396,498.88455
-809.8855,85.62031,111.32902
-1312.8153,-649.42676,386.89325
-1331.793,-908.3534,239.5453
-745.4857,-882.6632,-284.19778
-503.43735,-450.86716,-546.52264
-270.60382,211.53659,-167.25928
195.03903,504.73813,524.2511
264.5795,393.4278,551.79095
370.79913,-371.89764,20.443459
421.09604,-598.37085,-627.987
-190.81538,165.43855,-832.02747
-748.445,217.69272,-51.267086
-674.9982,246.34546,62.43909
-448.43842,553.85364,-656.276
-278.55676,302.87518,-50.794266
176.3448,75.237656,416.28973
497.74554,-172.8677,-285.8336
414.2222,-177.63081,164.358
630.7351,431.3272,1126.9044
556.395,525.604,917.4019
137.66473,-27.751036,283.71115
384.3224,-282.84976,19.228743
323.61847,-391.46426,-104.85357
-551.3281,-763.54004,-188.40169
-1303.5153,-868.8759,-52.63598
-1098.8059,-307.56616,15.706434
90.29155,688.9003,302.24573
664.7224,1642.5522,707.37604
531.4873,1332.798,633.0332
655.0222,-57.35143,128.68204
130.32086,-578.51404,-169.1572
-633.126,-93.55689,507.89246
-546.88776,296.05154,477.99887
-458.87946,257.40128,-1128.9226
-391.21167,97.59499,-1877.2823
18.448023,133.08307,-1714.8059
121.43081,364.42517,-2085.657
112.11021,306.33344,-1770.679
185.25943,5.515528,-222.08624
176.26569,269.17392,477.79913
525.0374,537.5634,52.557964
388.16913,453.44608,59.206593
-402.89395,-60.921585,230.67381
-126.59369,-781.3305,215.2005
576.8535,-689.59717,261.9746
383.7141,-874.9798,342.29517
-188.61949,-1419.2272,248.75328
54.889988,-1013.09283,-174.1204
1464.1294,-166.34514,87.22534
1877.2388,254.18607,591.36017
529.4967,326.70828,363.3226
-363.51147,300.23724,437.96393
-313.88327,-229.93985,820.7439
43.664135,-779.0261,1156.6305
202.71867,-477.07233,1247.6227
-586.0978,404.88547,254.93138
-1209.5499,467.82504,-799.62964
-1086.541,-624.52704,-507.07687
-813.35425,-861.2833,143.04953
-240.60536,-58.186146,-38.865513
392.42773,402.0667,-508.9833
993.2323,415.18695,-251.7706
927.2531,130.45097,449.60208
235.2692,177.20383,601.2268
115.37407,624.87366,294.71866
-376.6623,361.0336,154.9516
-1151.6138,-357.13748,373.19553
-819.9106,-236.15923,263.69522
-240.19525,319.56448,-280.3749
-27.691433,318.57764,-588.44543
-123.83944,180.54259,-1005.80536
-458.02197,235.41264,-1255.6476
-331.7609,584.2469,-881.2174
355.3074,767.67426,-322.8535
670.879,321.76938,378.7954
389.8782,29.702341,694.17474
-14.861478,-199.98247,-18.751862
-263.9196,-724.3743,-640.9356
-250.74226,-1040.9357,-445.58398
-447.98145,-688.9807,-437.8878
-278.6921,-34.604465,-370.287
286.56714,575.8919,504.71115
161.80511,1296.5427,1131.1292
-535.37695,1207.7684,749.9816
-780.7657,156.10036,-16.59488
153.50273,-407.28925,-35.10765
925.75836,-62.15108,803.63776
508.18246,108.81007,970.9707
-199.66203,-356.32617,533.3423
-211.51346,-760.8953,558.68164
318.98718,-605.98486,511.1628
588.0278,-4.972351,129.54279
538.1833,691.6524,-251.64413
486.19415,1038.8607,-209.417
603.63794,285.28317,683.6993
667.5218,-468.4566,1247.2465
296.7541,106.47416,622.4306
-440.72855,309.26648,73.47434
-777.07587,-148.8585,-72.143776
-457.6082,-144.71881,-209.66696
-100.809654,-352.3024,-311.33878
-88.62597,-878.8833,-708.8145
-464.232,-940.6955,-1351.5322
-694.3155,-144.80995,-1814.1194
90.09903,715.03735,-1540.9595
935.17126,802.9289,-689.4927
509.85934,683.3206,-300.30594
101.03999,522.313,-401.55118
165.35092,227.5283,-69.752464
213.16383,229.6011,82.60641
178.31442,-9.283845,-379.8513
-618.54315,-853.0814,-421.17227
-1671.655,-981.9407,-167.47954
-1892.0292,-456.64902,-164.78145
-766.91797,-691.8503,-337.11307
505.90112,-1002.2253,-281.9555
518.54596,-262.7259,-398.11148
30.356737,215.5021,-452.16104
-114.879425,-135.72261,510.37534
78.853,-204.65059,1101.2064
0.8974296,-177.02316,703.99945
-315.54456,31.814795,540.0439
-149.23395,280.32193,702.0831
475.04147,440.13864,265.18863
1139.0872,823.66864,-115.25601
1229.0529,568.0162,633.1535
764.8563,72.04225,1148.51
260.37634,217.26315,789.3221
7.21394,1.3438609,425.8872
-34.308018,-1073.4347,163.90506
53.656437,-1373.941,-417.39685
408.2708,-557.6072,-1035.8285
360.70178,75.851685,-1011.19464
-180.61823,-149.62535,-432.46167
-431.67642,-491.6262,438.8553
-293.9977,171.61665,697.41693
-256.05087,745.2224,-220.22636
-669.69366,774.66583,-909.5638
-735.5574,1003.7168,-411.90952
-58.454468,1200.3048,103.65449
344.5152,977.0749,-55.360973
181.78264,86.95164,348.8207
24.064997,-667.477,1319.0983
-92.42652,-566.25336,1083.9856
-507.32394,-371.29785,-372.93045
-1094.9275,-291.72693,-580.84656
-722.0778,10.374982,533.01135
346.5515,73.17021,1029.8164
431.0287,-279.69598,1453.38
-359.46112,-478.8907,1465.4863
-795.53595,91.4744,470.82642
-249.78827,823.3646,-215.46608
110.36286,867.5865,-111.94493
-31.751827,513.7075,-172.80943
388.60678,-10.998362,-771.72266
716.2552,-374.33017,-505.47125
566.1885,-583.2588,-157.96602
596.0219,-277.26056,-1348.2178
818.76447,963.9265,-2679.6917
933.31116,1607.5873,-2379.4944
1474.2543,1116.0669,-753.9923
1442.8154,147.95277,743.4526
-7.806128,-1064.9147,1303.1656
-194.38942,-1823.3838,324.66293
687.23126,-1555.9354,-1235.6224
85.277756,-602.73456,-1017.8959
-1053.953,-194.82669,241.53316
-998.40375,-373.51782,108.57888
-79.276306,-427.4768,-194.66183
530.4829,-556.2448,347.45776
525.0015,-605.9334,-313.8086
213.50093,-197.39786,-1318.2882
-37.45988,548.8583,-883.4612
-334.2956,836.406,66.26055
-818.7641,616.3438,880.41943
-1117.3698,548.27106,1197.9987
-991.60004,-33.290615,681.5187
-414.4833,-1026.4122,112.36978
-199.43521,-953.57153,489.8258
-700.86774,-229.33282,1330.8683
-770.83746,-221.45094,1563.3746
-477.0438,-440.92563,1307.3224
-907.74225,-337.39877,1100.6002
-891.38983,-327.4704,422.9532
405.3827,-172.76285,-722.2274
1134.7065,382.4366,-424.1764
518.28705,1077.3517,537.82263
-303.27505,1258.032,247.22054
-276.03223,802.30365,-214.76656
-89.925415,556.6973,-306.72305
19.283344,282.77124,-525.0179
991.19354,86.27187,-949.82965
1518.9856,802.3729,-999.9546
1064.5582,1315.6417,-596.7794
390.56418,1064.1464,-566.6497
-180.98196,686.12726,-729.6878
137.83583,-76.32825,-561.05615
419.84744,-734.42645,-613.2955
-53.55133,-513.2203,-1103.5809
-537.57983,68.97858,-1143.4912
-467.67688,-148.04437,-648.97003
239.6643,-475.19095,115.834694
253.55919,464.798,643.40265
-414.6515,991.42505,177.78893
-129.73264,509.32626,-716.7635
610.1592,-84.397575,-224.35995
442.97656,-533.5752,1749.1644
-519.53033,-143.90778,2528.025
-1451.9133,20.194712,2055.5356
-1926.529,-583.45,1665.6921
-1837.5471,-1176.8359,919.6904
-683.5782,-1239.3141,135.71234
760.7572,-588.53973,173.80038
1062.9979,38.761242,858.2664
524.80426,190.95673,980.68567
-20.90152,19.758759,1054.6469
13.095922,76.808,1287.6018
551.71063,439.7894,298.27133
1098.1244,951.0179,-811.70135
1136.9855,879.954,-480.93787
829.6749,-395.40698,369.79108
664.90314,-1534.6561,709.27313
272.2953,-1464.1349,763.7126
-193.75475,-811.25494,-319.40283
-135.0648,11.274139,-2513.1663
436.28998,1151.5474,-3381.475
689.69763,1454.8281,-2353.2166
628.78125,770.5871,-1315.3768
580.9286,116.76218,-1050.6903
-40.707684,-445.45374,-889.2223
-517.9343,-705.0859,-1187.0996
-312.70078,-676.58606,-1847.2186
-393.87054,-440.28485,-1412.854
-1051.1884,-172.63353,152.91284
-1495.39,152.58165,864.8024
-1466.4641,373.6491,406.50906
-1183.8805,-32.842632,234.46896
-381.01654,-149.77263,-274.9969
716.18616,347.56094,-1007.53516
916.7437,514.8009,-513.0214
-8.482213,244.76599,877.9898
-768.5072,-202.19218,2029.492
-1253.0177,-888.9302,2342.7327
-1374.3883,-1215.672,1805.137
-379.06964,-618.8116,622.8316
761.70386,90.627556,163.57361
1191.8188,740.9776,798.906
1387.2814,1140.1576,1125.0498
1464.3612,376.96017,1011.628
935.5212,-427.48648,908.11414
423.59644,-290.03403,503.5085
667.5198,312.24512,-501.60138
989.70087,656.7023,-897.4842
628.95917,48.593147,-305.61203
171.63632,-390.4656,-122.356674
199.32898,-258.31134,-487.7279
-257.0139,-359.20618,-884.6798
-557.2552,-203.09378,-1264.8767
-82.497635,-4.0863857,-1660.1841
-35.480644,-118.9448,-1091.7146
45.325684,125.42527,410.38934
160.37486,847.1639,1063.9784
-441.1311,634.50867,793.21423
-901.0592,-673.17444,-45.665897
-834.72675,-675.1795,-958.07495
-535.8758,-20.049683,-760.56396
-283.69553,-372.61063,180.01613
-326.7453,-116.16738,990.02484
-475.59283,626.2185,1258.8909
-1068.8579,621.4148,801.9724
-1432.631,250.24156,325.4345
-529.7536,383.6017,261.18988
479.34866,1155.4287,337.628
448.9033,946.90015,621.2131
-206.11052,57.227497,666.45306
-823.5922,-376.17245,281.65533
-1328.7211,-897.6005,10.762876
-951.38806,-767.9474,-514.62146
345.9808,-25.302114,-1025.6887
1072.6713,-146.79321,-629.6814
1122.1276,-422.41428,135.8323
925.84656,123.99665,842.41077
564.1955,531.70355,1304.3854
377.32013,169.14568,621.69617
104.69251,-130.68605,-931.7289
-105.80986,201.25827,-1823.7452
401.35364,341.7895,-1685.7711
976.00653,-485.40436,-1310.7036
864.8774,-1754.3425,-1057.6018
271.9209,-1393.4027,-709.69604
202.8539,781.2905,-407.9655
751.85205,2033.4407,-653.1097
689.8258,1462.7191,-542.94916
473.43436,120.03471,344.2516
803.17456,-359.91714,1001.975
761.029,34.306725,1565.2434
-569.8619,-443.7569,1742.4718
-1946.4735,-798.324,1047.5237
-1890.3494,84.63968,-64.68151
-1058.5334,392.88187,-912.0878
172.49318,-90.0012,-634.5761
975.76636,199.95741,337.5696
668.3678,727.4385,1237.8169
271.318,536.72516,1786.6256
99.76049,190.48602,1487.7177
-203.56577,309.97266,894.41455
-517.7379,307.6195,208.18806
-510.96295,-387.58005,-761.656
-208.88766,-766.08136,-573.7805
-101.093124,-552.6178,355.82742
-460.60577,-728.54535,-119.2843
-568.2973,-567.6763,-1365.4485
110.24985,504.97855,-1626.7725
461.30264,915.21124,-1248.8441
18.04952,555.5078,-1330.9276
-210.64612,271.07056,-1705.311
-248.91228,-399.73343,-1416.6964
-423.01364,-723.77655,-358.4004
-255.937,-88.95002,141.9325
143.83463,-133.59262,-228.68114
128.89412,-760.70026,-453.02905
-19.656,-591.38904,-400.14053
394.5859,-287.00528,-54.854465
898.56537,82.74588,539.8852
1177.5557,915.52295,725.74695
1305.1334,1351.2092,691.7118
727.1673,816.3124,798.75
178.08852,-308.4812,819.46936
214.51364,-740.45294,948.2432
-635.7323,-636.1729,1287.5537
-1888.84,-1274.6321,1334.7395
-1819.6521,-1471.2675,581.8493
-900.9155,-478.54938,-75.7331
-96.78712,3.6212044,271.9157
282.29932,-360.24683,439.1426
246.24168,-402.36682,316.29733
278.31476,100.25911,946.9722
672.9949,616.56384,1098.3068
432.1995,1208.4675,-24.347643
-589.31995,1372.9296,-737.7939
-915.487,519.2208,-331.2376
-432.8112,-98.073784,363.10257
-33.11991,-283.99323,1062.9144
83.56445,-515.5936,1356.5133
109.48557,-243.64948,614.51917
85.94191,439.89612,-317.8892
234.28697,971.06866,-815.7279
671.48676,418.47638,-1322.8904
708.5862,-777.4896,-1553.9746
158.95404,-1344.6705,-1459.8743
-226.0301,-1251.5116,-1399.8682
-54.822876,-252.71265,-1091.1299
374.8412,770.06824,-677.0332
412.53067,406.9281,-435.35895
399.01834,-239.032,-145.45001
399.9435,-214.41646,-112.57837
-10.108229,-203.80241,-376.82938
206.95638,-201.07193,-599.4046
601.6787,459.7926,-680.22723
492.31274,1273.6628,-466.9661
530.28784,729.5813,-66.84991
161.83713,-484.74786,162.25134
-462.1695,-847.66095,121.58077
-690.38776,-1100.5397,217.96034
-916.8439,-959.13574,309.00644
-959.9124,155.87888,390.64532
-502.94952,688.67694,716.01935
-36.87704,397.74197,931.7442
-45.385334,434.1454,1057.4077
-482.5909,314.78317,999.9911
-257.02872,-528.0501,824.4638
528.57263,-200.31581,705.1264
329.01035,1656.9423,533.66895
-456.37128,1861.2493,678.6299
-660.8655,45.53662,473.66534
-431.49683,-962.58716,-563.96796
-289.2893,-723.585,-772.24365
122.11034,-212.0319,-104.088806
666.1133,806.40295,-10.268389
872.36646,1818.9261,-214.53098
937.1373,1355.3186,-326.9495
782.9373,246.14616,-419.53174
794.9385,-245.3843,-259.02576
548.22736,-966.0167,-64.31476
-521.9082,-1787.1962,-10.374542
-1015.89923,-1647.6696,94.360504
-590.16455,-598.70325,-374.53043
14.248068,184.40108,-1380.3083
505.4793,435.55853,-1850.0935
244.76413,763.63354,-1615.0781
-176.56554,161.76851,-808.2702
-114.18432,-554.81274,-78.067154
61.932877,-239.80894,231.13806
394.81885,-348.59674,504.6475
544.69617,-679.68475,544.8667
-229.8169,-652.6972,237.5088
-1439.3873,-512.2925,-170.2067
-1331.4313,-70.97363,-211.83028
-505.41565,555.8561,-206.0516
-455.50146,914.72687,-172.85428
-548.5521,846.1255,624.7538
-418.04306,1151.9208,1311.4092
59.331596,1094.4081,1209.7278
618.5108,-120.40057,744.7704
187.31345,-763.5104,400.53354
-628.73346,-363.58014,412.9755
-529.39825,193.00677,470.81604
262.62106,128.75638,1076.0795
669.36084,15.99589,1743.2257
86.30961,597.7794,1222.9666
-186.7194,191.95052,684.4211
192.66457,-587.16125,1078.2947
407.7986,22.103666,1317.0181
619.1579,309.5995,498.84805
656.46423,-344.18604,-836.1491
789.17236,-200.09541,-1679.8431
560.22015,-32.06741,-1741.5012
230.12431,-764.1937,-1351.7742
592.7041,-586.8495,-1067.7188
742.93964,544.64215,-912.9869
790.0763,628.0972,-486.5037
550.1254,-87.2177,-558.64215
231.40619,315.16138,-1494.3403
711.3321,897.5695,-1526.9592
278.03003,129.85834,-320.56183
-1516.977,-723.51166,470.2573
-2270.4128,-667.99536,4.443425
-1357.7527,-295.12695,-621.0208
-92.773735,-413.05957,-58.114857
481.29288,-706.21387,820.91736
267.93954,-910.7573,1029.6785
-600.6645,-1094.7804,913.8276
-1524.5333,-807.8916,1045.5494
-1075.2941,-362.968,1123.7057
91.81898,-66.25311,834.45
406.33502,699.1618,559.48596
-124.38366,1289.5696,-33.4681
-648.7567,610.15784,-410.9781
-233.67346,-65.45245,-5.3718224
288.4401,-94.75368,369.38477
155.24901,-212.62021,525.2915
183.51021,-115.72635,575.28046
402.86948,316.70117,15.198869
715.22723,168.08257,-1069.6058
973.4285,-640.6075,-1154.3619
825.2725,-502.82697,-116.46997
547.7514,417.19702,366.09445
365.41022,57.794205,51.08793
464.9178,-957.66235,-110.85781
587.54376,-168.53394,-385.60544
747.80286,1387.9165,-1131.8766
552.04706,1788.8245,-1221.005
-578.3101,1842.4736,-834.36816
-1052.2373,1179.0322,-848.28595
-260.87454,-286.51898,-985.6659
266.53766,-562.6506,-957.24304
145.91393,45.818497,-605.6774
213.78035,-20.57329,117.57313
338.21896,-143.0458,998.9148
-182.65755,-208.05675,1144.0192
-903.7194,-960.2033,502.81216
-1067.2607,-1655.049,178.34192
-943.6343,-1061.778,234.4361
-454.0338,378.2577,66.054756
456.3484,683.9634,143.50414
503.7838,521.13074,706.83527
-178.39912,565.60443,377.18427
-570.8141,-108.59825,-215.76407
-313.45273,-205.80226,535.4689
254.30334,519.39935,1225.285
491.97806,599.4614,889.106
519.60126,-202.37059,559.53143
80.09696,-476.33728,298.02893
-521.4006,-176.89627,28.198973
-196.30246,-524.28937,386.01974
520.7914,-456.87512,521.7326
200.1307,539.527,-55.440872
-106.68712,835.3646,-246.84306
-210.21507,88.16452,-114.434456
-928.84894,-73.6638,30.308432
-710.5356,-5.0230546,497.5996
-431.91547,-704.30963,511.05957
-673.88776,-849.25323,-628.4677
-120.99929,-177.0208,-1468.693
556.99176,-99.00748,-751.1963
591.65155,-787.87415,230.70372
266.50937,-909.166,-41.11156
106.56262,-508.52362,-665.65765
-30.955656,-28.56679,-317.50446
142.84277,981.9582,-32.629288
770.60626,1437.3031,-427.1415
1180.9359,676.366,-337.017
745.52234,178.98111,-71.11585
-181.91217,148.81076,-409.56354
-446.49893,-492.73022,-9.681532
-623.9102,-553.5742,747.97125
-712.8784,740.36456,15.452771
81.51224,1236.7477,-934.9326
611.2319,212.17065,-1442.9938
506.2629,-362.47873,-1559.9624
716.3789,261.08148,-258.44467
731.96857,450.0207,1010.87683
159.30508,-181.84178,813.76404
92.65179,-53.849728,-45.329887
287.43445,181.3964,-261.18033
26.85563,-728.5369,538.062
-379.41382,-940.7774,1252.772
-699.64417,-467.5972,1274.4877
-626.6353,-831.3189,1184.6409
-307.3126,-611.55237,1201.4202
41.786575,137.46632,912.95276
390.82956,17.39001,657.14166
129.1472,122.6544,287.30692
-112.236595,761.2631,-391.66086
442.7506,411.18472,-146.64345
2.2027643,-391.5394,369.11453
-1315.9359,-374.7779,-324.8712
-936.2222,-65.91407,-1249.543
285.69702,51.102108,-1295.1157
205.0068,28.983425,-726.6611
-633.8728,-16.702345,-60.88697
-1219.1588,12.536133,84.42735
-1101.2892,672.4716,-627.3843
-261.63348,1855.3298,-1663.407
496.64938,1661.2297,-2067.085
782.15906,394.6215,-1365.7991
386.41,164.87323,-141.96234
-328.1588,125.39967,862.13336
-641.37445,-979.46686,1164.4357
-847.8701,-1513.2466,406.5779
-720.9847,-603.6805,-630.3893
-344.08536,-34.055737,-842.6756
-408.04233,292.56174,-390.50293
104.084595,972.626,432.8534
1039.6703,427.00226,1256.4336
598.17004,-575.4913,1010.5228
-294.9471,-262.35626,-122.841156
196.61409,470.3523,-516.972
1353.4407,-317.65735,122.412704
1401.2655,-1090.966,553.6103
696.70557,-119.15712,774.24854
207.7801,-197.68336,1309.0552
-231.23286,-1124.3795,1415.1763
-40.890816,-494.2748,529.74927
1019.0946,709.6384,-425.72134
1934.0026,941.457,-131.22679
1701.3177,1057.489,905.3853
1284.2478,1162.7516,1739.1472
1080.4454,-365.10165,1800.0483
-64.0453,-1336.9911,177.0377
-719.8625,-481.52695,-1609.9446
-261.50174,392.36285,-1563.1721
-106.936554,866.86127,-1069.1749
-119.97156,868.4177,-1285.5574
-6.904786,339.96393,-662.2366
-564.49646,-374.16202,738.79803
-1663.9955,-484.98117,1022.124
-1646.6149,-552.73395,228.65826
-1043.0118,-1054.3274,-854.76715
-1184.3984,-925.1611,-1198.3607
-1053.4174,-145.59981,-179.61479
-1155.592,-216.22316,864.309
-1589.4266,-1139.4689,684.578
-971.3093,-634.00934,-223.10727
75.05104,321.19406,-358.75024
774.9527,63.443558,212.1998
453.4638,225.5157,178.20503
92.38292,824.7642,-81.16315
760.56964,584.77795,689.4882
310.0253,113.041534,1110.722
-771.72534,68.29206,-97.59057
-425.88776,-312.07166,-990.92523
-93.046364,-516.79553,-1226.781
259.59583,57.419662,-1157.1746
1235.629,209.48114,92.549614
1195.7035,60.09616,1219.153
533.3624,301.07224,735.68774
453.1706,608.3559,-897.46405
840.91895,343.1708,-2325.3247
1171.5974,-26.292376,-2142.8867
1183.5288,671.65564,-873.4435
656.545,825.2262,-394.91833
-140.4285,-415.21844,-698.0151
-216.48286,-618.5509,-919.7795
221.39864,-71.337524,-760.8737
196.77483,-602.40326,-23.859108
-513.15454,-355.8599,362.0249
-893.1502,1147.9077,278.32443
-711.4622,854.526,509.82095
-935.63324,-226.41653,587.6155
-1095.6493,91.258286,768.0373
-443.23016,-15.726474,1467.464
-6.6384773,-798.7288,1737.7565
-28.6441,-789.51013,1580.5648
288.14093,-162.28918,1981.8119
-49.914524,137.40259,2518.6797
-744.78143,33.421722,2082.8008
-470.9185,261.102,610.42096
98.26036,35.216274,-493.2669
975.6906,-591.57043,-88.73706
1721.4105,318.4033,793.3738
1208.0588,1210.3616,1103.5176
110.5718,166.32452,480.50665
-757.35815,-506.90503,-821.2461
-750.9684,-185.0864,-1622.7284
-79.16339,-269.5044,-1330.3362
28.128435,-96.400955,-619.5278
-105.713356,506.70865,-211.40796
96.01506,245.03482,154.591
-67.88313,-603.61053,81.91087
-136.60416,-488.77072,-293.88068
535.8335,-65.324295,-577.56323
756.5288,-409.2176,-1673.4547
340.14325,-197.62427,-2366.0244
-167.6894,744.98267,-900.1362
-1137.1505,684.54987,609.7938
-1941.5222,-109.78754,82.04119
-1518.9672,-179.60704,-1220.6921
-771.1085,64.071556,-2041.585
-619.6012,5.8436294,-1475.211
-87.40499,280.77835,-55.26328
655.45496,503.97455,168.62254
533.0763,-323.4221,-268.25974
-197.6183,-861.8406,10.349672
-455.75305,0.4379184,510.778
333.68283,594.46466,548.3124
932.262,540.28455,477.7872
847.895,319.95578,585.8433
695.65857,-644.95953,863.1027
123.156654,-977.75903,1155.3774
-69.62031,-73.21795,1243.2985
429.46497,712.5408,1049.8352
306.83417,1085.1698,215.75424
206.19763,753.0055,-555.3084
648.825,-141.678,-348.82504
207.03917,-1034.0588,390.93146
-631.7844,-1198.6086,1091.197
-196.56378,-506.6872,893.2936
304.21762,-234.173,-365.8501
-333.98135,-210.8358,-951.9587
-797.7911,600.4239,-542.6811
-44.50788,1059.6417,-584.0929
1060.9896,52.112446,-719.7979
1069.4342,-286.28043,-266.10672
813.2258,238.44408,10.385024
857.8527,-339.67545,-134.8683
288.89236,-725.9009,-109.84372
-259.77402,-79.681076,563.4101
-655.239,-277.5062,1287.8318
-1229.6506,-1478.0809,928.3867
-1125.9673,-1022.1548,34.99785
-397.7121,635.9827,-419.4459
188.24858,707.7371,-701.9975
717.73413,-166.0117,-239.48112
898.24725,254.18492,831.95056
40.714863,1321.1838,787.0781
-926.8047,1146.1285,107.490456
-846.8552,723.88947,-198.96323
-71.31019,-133.6262,-503.10126
492.53824,-1306.6526,-641.46893
487.16223,-422.5931,58.237236
449.80173,424.93582,821.0497
111.63425,-724.7591,671.6524
-759.1297,-996.62787,535.6707
-888.44446,514.7521,251.64046
-334.30533,1284.164,-372.07095
-201.34344,881.9076,-416.5543
-476.54965,625.9797,-63.43394
-405.89627,287.0815,-229.74037
104.20438,-420.1532,-1244.6827
250.8627,-462.46655,-1182.3599
76.65072,-99.00364,-23.160852
-296.47177,-541.9056,140.96657
-299.89465,-331.36157,47.593777
638.2686,857.5204,315.37506
819.2343,1004.53625,-28.268322
-79.4462,494.37167,-586.9144
-442.33514,527.03784,-167.70572
207.68842,479.15836,300.68048
697.5403,-411.02368,56.685043
388.18268,-503.6755,320.03906
192.1407,217.8894,634.4506
-89.81401,-325.07498,-18.830643
-514.088,-622.6639,-700.53503
-643.8473,496.9237,-689.42847
-343.00992,887.1148,-544.19574
144.29503,124.45852,-210.09758
309.87894,264.09338,379.40576
789.82605,463.839,374.31412
1060.3496,-503.44995,-59.190174
417.5609,-697.98615,-47.245377
-287.25427,-460.47754,92.07839
-744.8596,-979.1795,-512.75586
-818.8463,-1430.9504,-923.60156
-802.13306,-942.3908,-196.77744
-925.76294,-70.93943,537.4346
-556.088,13.62639,399.86526
-77.18968,260.244,-174.18668
343.6217,311.36658,-495.42453
762.2146,-755.62494,-531.91626
581.6572,-920.4684,26.679285
231.12369,-165.26884,810.46454
-96.26254,-475.73566,390.63495
-397.2245,-1206.8224,-574.89197
45.15198,-785.63074,-643.6698
872.07153,-63.413692,-195.57614
1001.0311,385.979,7.311014
731.02313,1378.8956,437.95352
764.1649,1594.4904,919.9497
713.688,327.4113,755.4721
38.608635,-74.02349,927.68933
-806.4246,862.8494,1107.8132
-1006.1458,680.36237,233.86417
-929.0427,-516.19806,-234.0626
-820.2424,-325.38724,378.77527
-352.6666,597.44696,629.8363
72.85327,202.78706,417.42545
141.23793,-273.67798,663.5429
-105.91326,349.4951,894.2911
-318.8488,546.3802,665.78955
-3.162793,501.27554,659.8174
189.94319,781.0084,746.26685
-41.613106,325.7517,66.37398
-30.999233,-344.2193,-584.7824
189.08505,-281.22,-238.97691
361.22665,-661.61127,-10.58772
281.80453,-1563.6956,-582.37225
337.98053,-805.49634,-563.4245
622.17786,707.94147,366.55972
871.64624,372.2952,330.03714
1212.6931,-219.23093,-551.2851
1313.7312,901.9737,-1018.0205
1175.5117,1066.8622,-1479.7108
847.0981,-477.68295,-1556.7653
340.19022,-809.13904,-664.1251
-262.53052,-296.9714,-51.29147
-836.8386,-443.2816,-859.86005
-1010.0717,-482.39258,-1697.531
-412.63965,-125.77214,-1223.0781
312.79916,-330.2403,-509.67255
-144.20512,-918.9358,-97.08778
-989.3697,-784.8574,410.4352
-1384.7709,-61.495785,559.9378
-1429.117,294.53064,68.813896
-855.6413,401.68884,-316.63998
-526.84656,598.8059,-251.20583
-1085.9655,203.51106,-65.55229
-1508.4865,-206.29695,398.05618
-863.6625,-293.3256,683.4467
-192.49481,-713.0818,-48.266182
-388.20074,-314.6463,-644.6509
-646.2443,1287.232,-244.97339
-238.78613,1858.9773,371.52585
622.7629,711.544,1311.1885
673.4652,218.70752,1953.6064
-126.58062,591.86395,1214.0603
-419.78815,235.11423,322.69675
36.634186,-77.37881,227.69745
462.0287,420.68304,520.7363
752.6403,839.5644,639.85706
1067.9792,430.2904,231.22517
1141.4019,16.541647,-105.6242
1276.104,-153.17093,-278.22214
1084.0436,-389.32443,-294.66696
882.7462,282.55328,31.070807
1021.16064,1054.7236,-59.54534
160.6123,895.0572,-603.39966
-613.1043,122.86027,-460.60226
-370.2238,-767.0053,252.1323
-383.45688,-880.796,-32.447937
-308.68304,-824.62665,-593.39874
116.222664,-317.07166,-379.19995
481.67435,745.12756,-249.49713
945.23456,340.53564,260.83948
569.9694,-194.1802,793.74866
-446.11646,388.7652,157.52156
-708.7689,481.31418,-156.78125
-605.6949,254.21869,229.32187
-704.4215,-463.56036,236.08702
-1313.5725,-1396.892,466.15826
-1568.32,-1207.7424,608.60315
-569.4076,-656.9205,316.32584
-101.693825,-502.91968,123.35482
-690.9334,-544.2834,159.54465
-374.98843,44.6897,510.03543
906.6426,774.7845,177.06361
1137.1769,670.5465,-850.98114
553.3735,227.04994,-979.52
441.90662,-261.25314,-271.56207
323.76965,-687.3644,19.135027
-10.099959,-1015.3432,-130.61722
50.559628,-282.1583,-974.99634
771.935,444.20514,-1997.1465
1450.5944,-435.90778,-1210.0361
1124.4199,-882.10675,169.3789
113.11456,-470.9678,494.4485
-80.778145,-743.0403,-40.242477
262.17798,-819.6135,-844.724
218.05232,242.74748,-742.3559
277.82068,879.43677,-411.91458
197.40553,448.42242,-622.40137
-60.017235,-367.19995,-588.1682
-239.82712,-462.08978,-303.86426
-388.43408,148.87291,-175.0114
-613.9314,144.62468,300.95963
-861.3828,235.95482,651.06976
-524.2708,693.43164,113.01878
345.82758,882.8424,-7.681183
524.2957,578.1617,783.4812
-662.9435,-137.4547,1515.3165
-1533.6421,-418.41293,1845.052
-1386.0042,195.0469,1391.6985
-812.43005,289.40262,-108.2182
135.80144,-733.0769,-843.97
100.946556,-764.52075,602.26794
-849.3031,-1.0514448,2194.1084
-1017.0271,134.83191,1860.1158
-465.71326,65.852516,372.55838
382.92407,638.89557,-288.46304
1076.3916,1107.9103,310.5763
857.84753,503.88428,1002.1992
310.0025,142.31519,1233.5359
103.97387,98.31152,903.1079
167.9648,72.532845,-252.91734
458.86392,114.91432,-1417.7731
768.45245,-276.7314,-1932.7349
1108.4773,-76.20406,-1859.4265
1549.3274,563.9573,-875.7415
1762.956,752.37115,-33.50232
759.7254,285.62872,-279.5447
-1132.351,-479.98386,-688.1639
-1733.228,-103.368614,-1048.4443
-936.0857,363.90338,-1677.7295
-163.85847,-292.24158,-1559.7638
-46.654987,-488.22275,-295.6397
-480.16382,167.09534,652.32935
-664.2871,512.60114,252.85233
-357.90543,476.3585,-771.9041
-317.8371,559.35675,-888.29706
-655.00684,-140.42447,-131.27171
-620.2452,-1222.2775,1005.55145
-425.975,-687.54047,2015.4683
-449.6117,640.0162,1707.9458
-368.01697,592.213,572.8727
-497.15558,-465.78845,-381.7047
-648.82117,-940.33154,-698.95496
-1.7867223,-597.6159,-378.909
907.97516,0.57179594,633.9095
1039.9404,146.446,1500.5687
345.91013,200.42801,715.5378
61.104435,343.23926,-371.3266
343.7238,324.76395,-579.3337
421.8728,833.59375,-535.0124
947.62494,597.3605,-236.01485
1491.9827,-321.45178,315.8602
1087.3054,-234.75458,283.25784
300.93008,-278.91983,-670.23706
58.017532,-695.0845,-1361.349
128.15352,-360.8939,-1084.3632
315.0908,67.76555,-486.09314
978.2126,-155.5524,33.60658
1068.5255,-262.85153,596.4798
455.85706,-30.28427,833.28485
-12.975379,-86.93302,39.564827
-313.00616,-605.5164,-1032.5458
-983.42676,-918.4425,-738.9581
-1495.0728,-356.54153,42.82594
-680.3078,-15.034793,166.16696
-147.2077,-326.95584,475.95212
-643.35645,-639.0523,570.34296
-678.38043,-830.3588,93.16285
-395.1471,4.906153,374.91382
-305.03674,1153.697,1201.9915
-253.26761,640.14026,1128.1151
-515.4361,-251.03067,807.56604
-966.64545,110.48038,1175.0797
-1046.9816,234.72096,1291.6448
-517.8765,-470.61588,818.03845
-16.702776,-412.86224,201.74388
-55.947357,366.71658,-424.23825
241.79813,471.58655,-512.07166
473.81943,136.63646,-215.2966
473.40036,409.4372,106.80883
1260.4194,709.3947,426.04532
1619.9325,304.03046,254.83945
882.2448,288.06165,22.049301
684.4867,810.7632,-228.50677
1300.9797,748.42523,-552.2397
1097.2723,638.522,-305.88235
-138.62486,933.96313,-468.8207
-936.67816,1113.6674,-1368.2871
-517.8527,849.0691,-1347.3462
335.45557,43.758823,-385.0039
792.8202,-583.06805,283.0786
962.95935,-794.5369,333.0683
139.47432,-625.5866,-214.58849
-1108.668,-426.62692,-584.9084
-1086.4376,-634.3083,-660.51465
-858.30695,-188.89198,-803.4011
-1125.8721,259.1758,-539.25354
-1443.8734,-572.5427,-254.60493
-1792.24,-1320.8622,189.99815
-1631.5093,-866.94073,883.8017
-955.50494,-149.5039,752.63116
252.5178,-190.35254,166.26822
827.47296,-102.877914,46.80527
205.96404,606.71436,-9.356913
600.60077,466.14474,-322.6071
1284.5693,-211.02065,-517.83026
596.7819,-196.80542,2.636539
-91.085266,-247.30133,695.23303
-195.02025,-310.2489,-101.73018
58.86239,-74.749084,-1120.1166
672.39404,-391.88345,-950.5855
761.13153,-1018.4991,-597.6864
-162.79935,-847.4522,117.771736
-604.6502,259.75986,433.566
225.05447,1226.4364,-30.917183
551.774,1158.3279,-82.65389
96.47775,312.23898,-439.91608
231.7778,-302.978,-1025.0406
479.86002,-455.08008,-943.0279
145.55501,-496.5561,-151.22324
173.23994,-392.30112,562.32916
489.80933,-70.59919,160.41858
169.56316,544.0732,-288.2894
-70.33813,939.6931,-295.05844
184.39886,556.85266,341.9459
-173.86734,159.40337,1756.6672
-1257.4863,452.64328,2323.9065
-1329.1694,441.57123,1694.7194
-667.1665,-28.534307,453.25107
-616.0377,-186.94066,-182.78235
-464.69467,-237.0343,432.27206
-185.82076,-207.97969,1035.4786
-234.90997,-629.8655,1077.2788
71.8707,-973.5481,792.74036
1150.8488,-49.265198,298.24374
1318.2928,1220.2754,-170.19014
52.31789,1742.6571,-394.41214
-231.0339,967.79126,-464.78745
337.4403,-291.46573,-259.76663
380.2664,-617.1245,153.94128
858.2663,-82.21365,182.86348
1401.3198,131.75217,-22.625153
748.1889,-748.1932,-79.3633
59.39372,-986.6877,-160.37868
378.22614,47.64082,-380.04636
516.46265,464.58722,-451.97357
-538.9339,253.35709,-253.35612
-945.09906,526.6097,-251.2491
-99.280426,1154.2723,-695.5748
142.48721,948.1807,-1078.1807
-26.42578,-76.585846,-1093.7902
-632.87427,-649.1287,-873.9541
-1731.1879,-741.8671,-463.93896
-1899.7931,-573.6174,-430.6386
-785.636,-431.10654,-814.56586
19.430843,-401.34225,-624.76227
-463.72638,-76.84401,248.12433
-564.6854,98.16097,724.9745
-86.81699,-68.92848,575.0415
110.09075,-504.51724,670.3398
689.7909,-494.62027,860.2653
1232.9232,131.98209,762.5826
863.25446,281.2717,340.84256
260.3867,4.8695865,-133.42105
341.14212,-614.11066,-97.37797
535.2889,-1111.9927,57.85949
322.7758,-728.1687,98.33922
109.11189,164.67467,-95.34279
-17.90345,407.00937,-748.8694
37.221848,-472.21204,-952.28827
462.84753,-547.1521,-189.51294
843.961,416.804,588.378
185.20988,378.0754,830.1543
-926.2224,-332.31003,346.27127
-693.09674,-417.22565,-726.74963
127.826805,-2.8426468,-1060.252
76.91673,168.22849,-575.7354
83.35317,163.73308,-152.14363
401.60962,633.63385,245.0304
5.9783826,1146.9971,330.12543
-538.9801,1159.3267,-55.209045
-528.2374,660.58624,-616.8926
-422.43997,-201.04227,-954.4687
-427.50836,-466.30545,-477.41254
-103.18416,-158.171,144.70174
-66.899506,-392.40915,283.60648
-876.1733,-749.0357,563.9185
-986.06323,-21.520931,747.79877
-219.33849,926.9767,362.4848
319.14438,465.88766,25.638334
536.6215,-285.50275,146.76997
559.7182,-45.64165,297.92953
537.8275,251.54323,525.0313
265.1166,212.30135,981.35144
-148.53925,102.2011,1022.3768
-409.63535,-95.95831,676.55493
-252.74205,-431.4627,139.49664
563.8423,-603.8489,-365.69757
1049.3828,54.629707,186.92436
511.60226,829.69745,1167.394
300.31317,925.0983,775.97943
866.4157,788.12494,-436.4007
752.90405,679.245,-694.00323
-59.66971,469.08853,-241.90771
-661.8107,86.87646,3.9974716
-958.6093,-99.73681,109.1883
-1107.0399,1.2227697,136.57054
-501.77316,325.86807,-187.83293
206.15852,241.58896,-1045.5493
-481.37793,-702.9378,-1162.1794
-692.8853,-1009.72473,-163.33226
468.1308,-86.374306,257.12286
932.70996,682.31494,92.898315
453.4342,514.44574,47.29852
190.16937,62.810905,-0.8459368
269.99637,81.10314,118.17173
446.55283,-20.543318,503.52832
522.7646,-628.8653,672.50433
3.7638657,-876.8787,273.56625
-687.7972,-797.758,-267.11957
-1051.8174,-385.5951,-500.1486
-419.17575,105.09448,-109.62278
1103.4773,-3.720262,551.87714
1482.1553,107.72286,483.9297
913.27325,-55.53243,33.043434
502.14206,-668.74603,151.53183
-357.6981,-796.50305,309.55908
-889.5525,-663.01416,-370.95352
-612.087,-442.12802,-1421.8147
-901.1434,-604.1951,-1520.4025
-1393.5374,-503.87772,-490.6616
-945.9483,307.8224,226.16164
-52.70916,390.10867,169.9463
519.8145,-132.29877,-159.1932
711.5464,-115.31024,-894.60583
473.96863,129.8677,-1451.693
-476.21933,180.9022,-771.6851
-1049.8738,286.0395,228.99173
-810.5345,258.77362,166.41083
-1070.4702,14.056152,-276.3001
-863.88306,-374.56046,-593.0781
372.78046,-832.94257,-823.092
1051.0361,-637.4977,-491.9266
1283.0989,226.64803,444.81033
1566.4548,878.60956,1338.2491
1163.9697,1029.5419,1347.5004
-191.61584,1017.5975,811.7312
-994.149,1217.5176,235.09413
50.152206,1123.5583,-62.27452
1293.5333,-125.58607,567.07764
825.85803,-893.8222,1480.1332
-335.8702,-324.34283,1674.6218
-1036.4877,-652.16113,1079.0957
-785.31165,-1063.2246,74.22718
665.0907,204.24013,-527.3227
1095.7683,1496.0208,-657.91266
89.27258,1104.6993,-657.82623
-155.62633,286.05118,-46.597126
-82.725525,564.25916,588.0692
-787.4832,565.3989,628.10394
-1346.7612,129.73265,-99.84462
-1045.6678,-350.37402,-1372.4966
-672.4335,-1001.00977,-1170.2831
-331.27026,-863.9684,349.11697
612.51263,-494.4503,1212.6028
1376.5404,-268.1231,1006.52716
500.86743,-27.10676,461.94727
-981.0902,231.50937,-177.31856
-507.54425,248.88872,-1428.5016
729.5187,-284.6779,-1969.8713
1004.51025,-223.46283,-830.242
940.22705,95.54904,599.07184
160.35852,-288.37143,970.061
-885.0423,-811.3374,389.14734
-772.89795,-837.58105,-647.35974
524.5386,-239.88794,-1548.1754
1537.2034,288.86392,-911.13403
992.1071,222.45607,385.99677
-235.1673,-290.80734,775.97284
-908.2304,-598.56976,737.0322
-815.97955,-195.02132,312.53842
-289.69687,488.14136,-527.32776
345.35196,848.7575,-939.19293
650.7815,765.02185,-171.41658
334.91693,274.60165,1081.9233
42.43583,-282.42285,1498.2183
-247.07799,-67.68662,929.83716
-509.68213,768.2586,-320.8584
-238.69073,1052.4425,-1300.9424
-131.70325,340.46454,-789.1922
-232.14912,-385.90054,455.38654
-203.66142,-77.02755,898.205
-412.43927,104.07233,422.75574
-371.53598,-718.5561,166.79652
-215.42311,-1129.8657,407.57327
-495.97388,-861.9409,204.33058
-275.76083,-704.74426,410.41138
590.6094,-329.0445,1236.9846
791.62854,425.4594,1223.5278
-106.90066,1005.9892,932.2422
-649.98816,1184.055,463.20596
-140.79181,751.4338,-968.1596
221.46013,-34.552147,-2060.6274
290.90616,-356.54803,-1527.2977
494.22864,-30.925829,-234.03603
366.59262,234.93889,595.0656
-345.0406,-908.8952,285.28723
-674.2845,-2032.8882,-1188.7402
-85.857895,-763.38605,-2368.5957
657.6521,782.69354,-2267.9148
836.19183,917.9307,-1001.40564
392.08154,947.87787,268.4885
-6.4080195,917.9965,377.94763
-663.15845,125.07025,428.47824
-1268.0571,-736.162,407.92163
-954.32623,-802.10864,-457.81778
-399.12653,-392.5502,-1088.8798
109.06088,52.82368,-480.48428
345.53122,359.89847,769.26
305.9646,445.36618,1150.147
205.79907,265.58582,979.862
-32.854958,236.91193,432.59775
193.80896,958.37946,-434.09198
840.8523,1156.8748,-182.97948
951.0761,192.62318,758.4853
269.5386,-630.0056,1423.2191
-694.3727,-906.496,1425.1906
-987.82477,-913.17346,368.25388
-219.90689,-615.0767,-732.0953
302.8218,212.37444,-759.9665
236.19994,962.63727,-129.0388
278.39838,768.88416,677.89044
-63.9907,-238.44586,1264.0542
-251.47627,-719.7396,1145.0428
486.74658,-39.88197,404.2536
1092.1024,136.04042,-766.6194
967.93555,-669.7103,-1432.1761
484.34598,-1017.96387,-716.4784
-160.48058,-415.92538,698.7037
-474.40488,55.634293,1261.3167
-33.758774,-37.69155,553.79694
535.69684,-33.562565,-423.99084
552.6276,100.51469,-805.64813
225.30136,80.594154,-471.84872
-23.21871,-174.87135,220.8075
-114.024185,-27.711557,903.83215
-557.92395,409.4532,862.08636
-1422.8074,641.81335,-56.466312
-1739.2295,545.3752,-1249.7826
-1383.5819,-104.78933,-1665.7145
-686.0047,-403.0118,-568.27936
154.65422,-150.56175,805.2184
275.5204,-134.52257,1265.8464
-748.30975,-529.35895,960.42535
-1649.6201,-335.58542,79.57192
-669.5354,442.26425,-1014.14703
1060.1996,582.07336,-949.1659
1433.3141,534.3098,274.26053
440.01025,778.8914,741.7535
-400.20264,900.6553,375.65924
-174.97058,182.71942,-8.328152
-64.81399,-814.84973,-401.8944
266.0152,-828.557,-635.75586
844.4626,-183.92154,-408.56918
645.1553,118.961075,249.47954
427.8872,11.558506,547.51117
330.2909,-74.42162,338.1135
269.5268,-498.98956,135.52885
-266.36642,-260.667,-360.1287
-899.2947,802.5216,-977.5352
-355.01666,1015.64514,-725.9352
606.30164,492.8212,75.504166
920.32544,-33.083138,-241.96744
664.96027,-352.52985,-1257.8126
264.19574,-638.10455,-1281.9626
-210.63857,-164.91547,-1009.71533
184.90295,805.8614,-837.2643
906.4361,635.42615,-236.29431
601.26636,35.976727,-54.138565
11.211116,-63.41962,-537.8722
-675.2154,-289.1345,-849.3309
-867.1804,-1000.93207,-559.9179
-478.11157,-918.18134,-409.62848
-184.89029,213.66661,-875.51294
449.25763,555.1816,-738.31396
502.98236,157.04878,381.0563
55.473114,-84.58347,1374.3788
588.7914,-290.82263,1766.6943
1013.4882,-436.60895,1371.4602
398.12003,-303.75986,344.12225
-492.69437,-54.795147,350.95505
-1018.38824,131.50247,1462.8058
-737.48706,23.513458,1809.7885
-255.36517,-686.7299,1300.997
-563.6888,-999.07776,806.7173
-898.01135,-361.5345,709.9048
-8.625085,150.46964,558.0983
967.7254,1.3672671,674.37805
631.1524,149.62433,1845.7871
-187.1051,856.4342,2328.0786
-622.84216,779.2361,1145.9838
-885.35815,140.76135,210.40388
-751.8127,-58.119736,-179.76067
326.75443,16.513918,-1107.3481
1499.4945,117.30656,-1278.9247
1411.5553,195.20734,-318.91165
259.30515,-156.07288,5.2555943
-412.5828,-651.71716,-619.52966
-249.50504,-34.852093,-1322.1669
-91.06568,673.5952,-1511.9335
274.21753,560.83734,-1199.1741
240.84027,854.69073,-675.8491
-605.218,1274.7191,-577.66486
-618.7426,852.1815,-732.536
-381.02563,-46.90667,-681.6821
-857.6426,-389.72165,-693.759
-749.9732,-355.09668,-759.7665
-465.6204,-802.2027,-838.3046
-436.3865,-1158.0913,-480.57602
186.23462,-845.4184,-312.2314
683.7497,-572.52295,-690.941
403.01926,-55.631687,-439.18048
84.16017,1136.6082,-29.990345
96.172066,1025.9407,-31.572594
154.83577,-372.05252,240.20163
-95.941734,-640.9689,878.4983
-464.24277,-272.30612,703.3165
-505.7669,-619.8085,173.05348
-607.78796,-1044.2872,611.10077
-491.95056,-1012.7134,541.66907
187.60088,-553.894,65.37172
609.98785,430.4596,1000.66626
890.811,1106.6523,2232.4182
983.067,709.2712,2055.3318
469.96582,186.4014,1013.24115
157.0259,185.97238,-26.081787
467.0468,245.4989,-923.1143
946.91797,220.71855,-1057.0795
735.94617,26.825266,-40.879604
-147.53168,169.85576,446.0836
-577.979,915.48065,-823.66345
-394.96698,1082.497,-1376.374
98.587845,259.4715,-787.2976
533.64417,-639.41943,-830.1915
438.03735,-493.1091,-441.1306
75.53858,205.24191,271.25253
-307.8843,69.61599,247.07826
-398.83286,-334.2706,-111.34789
-483.68546,106.34674,-463.7736
-817.42487,589.9609,-685.6633
-120.43013,-8.558726,-710.4974
696.24524,-693.90265,-379.666
304.03406,-745.3989,147.5511
-38.51643,-588.56323,588.913
-91.42507,-324.38272,683.04694
-156.09235,-245.92615,317.82886
112.75867,-713.22375,-20.656563
203.13301,-1160.3115,153.83234
-90.221146,-346.9815,809.61163
107.07871,928.81464,634.19336
-58.449566,860.8933,-544.0691
-670.9889,-190.35277,-558.9257
-155.41241,-384.8453,201.37697
633.99634,164.7761,50.584694
974.9262,161.60457,-3.5677567
693.71893,476.92947,551.3234
237.25449,817.19415,777.13336
664.7222,308.22574,585.7318
470.52866,359.86902,521.21344
-449.1209,957.2039,971.2642
-414.97388,520.61816,1382.4667
-523.87164,-659.66925,1066.2218
-1060.9872,-925.6334,115.52316
-667.082,-58.39364,-935.3478
257.44247,711.7746,-1291.2218
783.9093,686.8184,-868.6537
44.71455,513.17755,-491.7166
-948.256,278.02866,-576.8755
-782.27747,-188.77058,-445.11295
-569.61523,210.38249,-394.1284
-473.52267,667.69403,-835.22754
-474.91736,-122.75373,-731.10455
-1179.9656,-960.1402,-340.02902
-1280.0045,-1339.6393,-104.01728
-375.82074,-1762.581,640.5559
-164.17897,-1518.6183,1236.9664
-277.1488,-151.01575,128.26222
-2.634734,736.4214,-1595.1431
147.72795,363.43387,-1056.592
514.6075,299.6487,1059.3362
244.35117,785.40186,1745.9716
-483.1935,583.39215,755.6147
-730.8452,-275.38818,-515.95294
-599.028,-378.46945,-1365.9272
504.52795,434.29373,-1353.2733
1308.7712,568.016,-798.7827
942.68256,-46.25548,-286.68896
199.87857,-389.54578,435.80826
-178.80629,9.6495,1347.6184
407.36166,475.2489,1169.8926
754.79596,-129.8115,-260.4558
407.77872,-688.4035,-762.04
77.36142,-248.60504,105.00454
212.04295,218.21568,803.94415
810.34143,39.79933,1303.4275
892.6842,-536.0099,1484.1815
377.48492,-511.93463,199.80086
-3.145953,437.99078,-1123.4352
270.7469,1300.9717,-402.61295
537.89056,1289.8939,866.6992
203.78079,397.09076,1124.2053
-491.10367,-931.3108,714.2568
-1086.7424,-1336.6525,-112.919876
-746.3462,-460.55612,-866.02637
-337.28198,-3.0758853,-1288.7727
-321.0443,-646.54095,-1534.5868
-103.22667,-921.5687,-1155.1589
115.28222,-48.290653,-315.19168
290.41635,452.03644,301.6842
522.83606,597.1579,257.89178
823.5296,1262.0679,-620.40656
575.22363,920.07104,-777.20184
-150.75505,197.15434,-17.79457
-100.10039,570.58386,337.9609
496.36707,351.93353,883.71576
179.7186,-843.9322,909.7103
-464.59988,-1229.5933,-301.72885
-86.43675,-401.1647,-1174.8706
672.87714,476.5246,-958.04364
922.4504,748.9528,-31.413969
660.704,919.6355,1126.2688
30.758186,789.28894,1668.866
-503.50156,-297.87686,741.71356
-319.93665,-831.5092,-975.6956
-423.62024,52.555134,-1766.6627
-1305.121,419.5795,-1033.89
-1360.3213,162.62804,-144.01105
-854.92664,-30.845163,35.904915
-969.27423,-776.2527,301.60797
-729.5933,-993.4367,485.34717
539.5027,-48.444775,119.09127
1448.3424,335.4645,-40.63884
1280.4896,-161.26851,181.74489
853.8481,-95.47852,352.69455
523.66986,317.3591,802.57806
-98.498116,46.630596,1209.7754
-888.0153,-401.181,485.78955
-965.1424,-632.62524,-733.09186
-628.3807,-799.06445,-944.4149
-357.54645,-731.4734,-9.936569
323.17175,-498.64233,1411.7004
781.30676,-242.64752,2010.5726
696.12366,-309.93845,1209.1442
993.64325,-117.07254,10.493268
1117.7856,682.1784,-784.41614
326.44275,574.5507,-756.13605
-168.85774,-201.14722,-448.66666
-232.86243,-168.3341,-69.839455
-675.366,246.43886,821.22
-1198.0444,149.94437,863.4662
-1305.5387,119.61077,-525.16565
-324.2743,355.6596,-1528.0199
563.261,442.10123,-1045.4166
174.72157,997.3867,411.92422
-364.47787,1026.2878,1648.8639
-1147.3717,117.01222,1659.7987
-1272.6714,-217.00201,629.6918
-12.167266,-83.26306,-415.57474
225.45166,299.1715,-680.65137
-462.771,508.742,-176.37312
-362.58398,421.37088,423.36023
84.59239,652.24115,629.7333
434.75833,459.9395,558.5625
952.7503,-30.262035,-151.25021
1343.5967,-28.788574,-1514.483
1113.6404,-164.94312,-2143.3477
873.605,-98.5458,-1417.032
786.6587,729.0224,-96.022026
-85.76089,862.5147,861.1429
-1076.9495,-232.98288,283.51907
-1064.6345,-1063.9493,-1906.6938
-557.4201,-935.9618,-2995.676
125.20695,-1077.1334,-2132.6174
744.8603,-1428.4711,-1202.9458
813.6159,-784.28265,36.1448
120.70398,-80.59007,1345.6256
-899.85205,60.49527,1014.0723
-696.52264,283.11963,-647.97015
-248.3466,616.545,-1224.8245
-849.23615,608.32855,98.40524
-919.7238,323.08746,1217.5299
-743.0623,-145.29936,1394.509
-786.1474,-1163.9547,1660.9341
-182.54138,-1442.4152,1394.6106
382.1869,-276.31567,-181.92873
487.4391,784.9696,-1183.6606
636.0189,1071.395,-297.07562
882.63153,1005.8188,1223.5232
865.90076,935.7171,1695.1039
136.24893,575.5253,558.91705
-533.8922,-60.946262,-980.9469
-480.747,-875.13184,-1283.1768
-364.6502,-1806.1367,-403.91547
279.40268,-1274.174,275.4758
1096.491,493.92386,868.44684
520.4276,924.77124,1405.636
-225.79843,-459.0084,901.27576
215.92033,-1505.1189,195.68576
590.3253,-817.5977,497.7093
646.5946,-0.24217011,1282.4375
1039.6173,-157.67104,1477.5746
799.6966,-638.307,1025.6746
25.111046,-1029.1571,760.29175
90.47131,-410.50644,760.1909
647.2939,908.6198,-219.0907
974.6213,1132.772,-1633.9207
1018.28033,639.1549,-1704.2538
759.08795,1086.0502,-943.26654
418.78894,1782.177,-308.17368
1.252073,1181.7941,-420.37802
-256.83734,287.68784,-1282.6696
-331.52966,397.84985,-1663.1206
-874.46564,624.985,-1519.0906
-1498.0868,192.54636,-1323.332
-1585.3314,-552.7423,-1068.1193
-1809.8384,-958.2538,-943.59937
-1876.1752,-717.31006,-737.48596
-821.0659,-74.63184,-347.98227
-103.60981,112.49514,47.95715
-466.6206,-569.69275,802.8443
-321.69775,-143.74593,1645.5365
140.52167,1006.2599,1643.3549
-329.39413,-16.990713,1528.695
-1217.432,-1511.1099,1263.7864
-935.9233,-1093.2439,138.56088
540.7902,-367.22656,-341.75183
1587.4269,-534.8929,306.8051
1637.0969,-375.83594,1221.8457
1062.4889,285.38913,1506.0697
966.0778,377.87222,965.2239
1417.8292,353.7294,229.77211
939.1277,500.39853,-257.9717
201.01051,430.08832,4.463045
81.146,493.2432,545.73004
-6.9179487,710.5,500.33908
-345.84528,666.8511,-486.01474
-770.97217,97.37609,-1555.6057
-986.501,-181.5036,-1621.5936
-809.8881,644.2812,-827.93115
-293.3279,970.363,36.989063
66.78236,287.2777,141.79723
252.04752,-51.288147,-410.15536
308.63135,-435.48123,-977.259
118.05396,-496.07843,-958.0892
-144.02289,427.108,-999.0302
-300.01315,758.99554,-1462.4525
-362.98288,115.56942,-1116.9791
-725.8808,-45.37634,-129.27946
-1073.3397,-85.70905,209.44984
-1205.5892,-1024.6213,-258.34262
-886.43933,-1015.33246,-262.40182
217.19969,-96.50934,472.32437
767.39526,-65.96199,776.3421
445.8877,-31.397596,1135.7097
135.59462,40.147766,1778.4966
-394.32227,-490.42392,1377.3679
-831.2423,-1400.6553,1029.614
-359.33752,-1257.9692,1641.9302
342.68396,343.54984,1767.0322
623.4082,885.42017,1504.5734
1032.223,293.50842,1057.8192
1463.7732,200.8555,274.67456
1811.3429,215.58229,314.2442
1837.433,295.5908,558.91516
1197.8661,905.0012,-533.6901
625.6437,941.21686,-1960.7252
283.56863,254.84727,-1977.6383
342.41486,232.46423,-996.7053
836.5981,879.7495,-1091.7587
593.1157,828.2844,-2018.7189
-313.0284,280.29343,-2036.5829
-433.15277,313.75092,-1953.8442
-265.8244,20.549482,-2332.2334
-569.79224,-202.02788,-2061.9539
-670.3963,145.07619,-1157.6211
-969.7002,-99.61461,-474.1728
-1656.9797,-1442.0045,-62.003433
-2216.8328,-2592.818,314.46902
-2257.6729,-1776.1293,616.30676
-1687.4314,-843.6112,1179.7811
-1265.2312,-328.70193,2065.761
-1243.9963,437.9381,2375.8596
-1083.5345,19.136145,1468.4459
-261.28894,-633.45966,653.124
1248.6344,-493.1814,1098.9998
2206.6458,-79.10634,1584.293
1758.0878,410.6753,1637.0455
1317.1761,842.9203,1696.8313
897.7766,1003.68195,1215.404
-530.5,568.7824,342.25836
-1254.5784,-113.242676,-10.295929
-209.6876,-160.40146,171.99374
933.40625,-300.4927,-90.2341
773.2622,-788.7882,-433.58188
241.38638,-522.1944,-393.37323
442.62048,-39.41885,-819.0418
970.9026,262.99402,-995.6799
1002.9347,481.35812,-859.5745
262.7249,597.88416,-1490.3446
-235.68362,298.92233,-2005.7731
176.74261,-55.873768,-1092.0371
628.0704,262.8515,398.9654
215.79584,87.68024,801.0972
-146.82242,-121.85001,443.19156
118.14724,370.17102,-128.2678
349.79913,603.1916,-667.5774
461.7201,824.82153,-301.17642
-71.75858,1558.9255,516.3486
-532.2822,1717.0544,608.293
-407.9881,312.33478,77.83351
-493.45834,-938.094,-397.04666
-370.70013,-822.3013,-386.09995
-422.19165,-596.87427,-62.515503
-835.3851,-831.41284,409.8007
-1055.2621,-480.8971,1129.049
-1152.912,315.28793,868.83563
-884.1913,-13.766137,-187.98077
-555.1086,-408.43677,-37.76555
-493.86993,496.7147,980.40936
-292.2658,637.31104,1611.4907
167.34239,-577.9888,1751.9928
512.4462,-854.44977,1313.2543
227.93729,-106.315674,605.76715
-165.42336,2.0267847,9.348794
216.04976,-453.47467,-647.2316
836.86285,-263.30795,-967.672
1102.9031,202.5686,-847.8628
943.636,123.562744,-832.41046
429.28665,218.82082,-1594.2936
275.42044,444.72556,-2457.327
533.79,447.61023,-1915.2073
792.18317,464.349,-893.0945
861.11176,284.62216,-662.697
340.86963,-498.85904,-716.4677
-204.77138,-1605.4159,-588.78735
-218.81192,-1636.9681,-791.7894
-202.72997,-1105.1892,-1018.903
-264.58347,-1120.488,-745.43866
-420.43408,-660.006,-612.184
-423.9617,206.63132,-361.03433
439.1668,625.07465,245.80452
780.8554,756.67633,502.0824
-512.8465,633.21014,393.1086
-1658.1321,555.5415,767.14996
-1623.1141,663.96216,1320.6055
-791.5942,686.81464,1376.9521
-347.70685,693.8333,1601.5972
-711.9702,111.293304,1764.8301
-399.66833,-230.7525,1403.4574
437.74518,519.10406,760.0084
914.35114,558.1122,422.70285
1231.5637,174.72691,564.8898
805.7721,786.8542,490.38202
-44.605064,915.45264,683.6084
-217.0144,-144.5292,1146.0878
-33.558796,-204.41252,632.05817
289.334,638.61176,-491.0964
571.5111,375.92252,-756.94635
378.01648,-191.47298,-604.0999
-92.17265,-404.35812,-532.4554
-278.07465,-747.5282,-52.227432
-220.65843,-748.8279,302.56308
-109.72371,-230.61792,590.9229
32.568436,-193.80588,99.10288
190.3736,-840.7804,-1393.8354
951.99866,-390.01007,-1735.2507
1357.1019,826.84955,-183.86714
632.1955,243.35373,1315.0627
-605.2309,-1126.2573,527.4465
-1291.4695,-1109.6704,-1141.0122
-513.6812,-808.66895,-1265.6486
276.13544,-578.48346,-364.65372
692.9798,656.4242,-52.102478
1058.7694,1628.335,119.17829
464.24762,749.7337,632.74133
-695.31537,-57.49784,-75.86271
-1019.19183,610.4976,-813.56683
-520.8841,693.8674,-468.26443
-410.32123,19.946161,-447.45
-573.39056,57.942123,-445.22443
-803.4628,338.71667,-7.5955095
-1313.9496,238.67863,-160.0609
-1266.0135,171.6904,-1154.4714
-281.6679,-76.63138,-1715.7598
222.29913,-597.32806,-1057.5154
68.44436,-150.51595,552.15436
97.20351,471.7306,2140.374
-106.399895,-263.54074,2688.2769
-669.1436,-1022.3355,1613.3146
-927.0963,-859.9859,-248.66429
-39.937447,-689.2864,-630.952
941.5465,-1014.06415,240.3128
1225.8561,-1096.2455,309.72153
1441.394,-550.7057,144.91579
1337.0797,-145.79321,719.5901
874.9893,323.9296,694.26447
564.1058,635.92816,147.49644
596.00464,-2.8661697,2.1862557
409.07773,-45.247467,-254.50037
506.99597,1001.4056,-340.61398
614.4378,968.6678,34.384136
-375.2181,-341.4459,-96.77446
-1456.856,-640.0098,-779.449
-1445.5577,257.96738,-949.8605
-292.26553,427.85553,-849.4471
470.44104,386.68356,-765.4196
707.29614,774.1823,-39.45631
1105.9752,-6.788747,877.3849
551.9569,-1043.6003,574.67737
-492.41986,-346.7752,-616.7759
-584.48486,658.74255,-854.0649
-159.05888,131.93526,-267.19376
-514.9515,-417.46237,-2.953335
-1148.5756,236.83922,435.64105
-924.4681,217.8901,1149.1135
-271.17502,-346.9748,693.67615
508.11414,61.65557,-410.3567
943.0036,546.22485,-574.6444
502.1128,481.3399,-409.43643
248.50937,517.0634,-517.15485
694.6315,494.30112,87.38713
819.1187,-184.93668,1191.994
85.33564,-373.98257,1265.6727
-479.0621,-65.863556,847.70154
-145.75084,-678.71533,557.36194
66.955734,-316.7172,-112.12809
107.186935,1352.1696,-415.74478
509.9565,1402.7834,-73.77537
63.555275,308.8028,0.69547266
-882.76776,99.20194,-252.5338
-372.6799,413.64734,-201.47757
530.3333,300.54245,130.55707
222.52502,277.55188,-120.92867
-477.24277,124.85857,-647.0034
-885.9277,-893.098,-294.0986
-1072.1794,-1355.1232,-94.2629
-744.7619,-536.9952,-858.69244
11.522535,441.35214,-1530.93
395.70404,448.8731,-1349.3765
341.39014,78.15031,-300.69717
15.698712,15.042777,774.4021
-573.8766,-796.1947,934.7272
-1115.4325,-1281.7318,211.56036
-917.056,-395.22412,-353.0216
141.55608,31.57354,-4.92672
373.59454,-147.92023,350.90555
-164.68527,95.49147,162.97385
203.15192,96.33905,290.2776
825.5406,-526.29333,420.2125
611.55945,-782.3911,294.04636
516.9487,-393.1976,636.2344
895.40497,-212.1922,769.4993
596.5081,212.39345,34.548122
309.71048,664.1904,-361.436
-103.43217,28.664015,-39.631226
-1210.6156,-481.21442,-120.539474
-1149.7413,-381.12808,-488.96582
-442.06918,-241.77669,-838.98035
-162.12231,98.7862,-769.31287
266.62445,555.2273,-231.46309
668.92957,549.26666,-177.45558
662.3188,-153.26497,-43.446297
-20.786848,-115.86381,128.47185
-94.62785,716.99786,-143.10124
803.10535,513.07275,13.391138
527.30676,-173.74008,439.985
-596.0041,134.25526,688.46063
-650.1525,547.8834,975.74963
-406.88934,331.72794,749.2765
-433.47168,574.5444,-22.866257
275.9052,975.3057,-151.5147
1004.8674,243.92883,293.91574
847.5064,-415.86444,667.45465
361.22946,151.32262,723.3787
145.17596,601.14465,298.99014
-226.99829,574.0477,-426.594
-771.22784,670.61414,-1134.2449
-487.88354,339.05695,-1106.7314
-169.15521,-581.3401,-634.2701
-401.04056,-1232.1832,19.521484
-240.60649,-1202.7572,860.7168
28.884731,-840.4564,773.8382
-417.1757,-238.35477,-116.05711
-831.4304,453.4473,-948.75775
-178.96063,307.98456,-1343.0461
366.93982,-425.65332,-897.6285
610.0138,-228.28665,400.57394
939.6442,-205.52469,1553.1569
-80.246735,-1399.1432,1387.4823
-1020.269,-1468.3212,365.71313
-551.9537,-113.13859,-222.2176
-310.86002,221.36917,-350.24646
-499.63202,-82.878235,-962.9329
-195.91364,661.4558,-825.4966
885.0466,1176.2072,617.00446
1568.8398,437.0631,1008.9783
1018.65204,-118.029564,312.2632
405.28052,-11.976777,-170.48842
46.60479,-115.528015,-205.75034
-991.40674,-80.941055,19.580145
-1328.2323,-0.4821944,46.61855
-226.19832,-724.0826,-193.81906
759.596,-742.8414,-556.0471
1556.6742,519.6941,-656.96906
1421.117,1292.9374,-462.76852
352.23547,999.14514,-239.3236
-332.30963,96.94489,75.883606
-756.6289,-522.3011,514.3889
-1086.3746,-309.52115,470.67645
-1259.352,432.34552,-428.96564
-904.2283,416.06882,-1129.9867
-205.20226,-1014.09357,-1044.8588
240.66614,-1294.3506,-298.444
422.2498,-13.550625,1066.9675
542.72986,-21.086939,1998.9479
255.3972,-1058.9911,1688.8696
-233.33775,-856.34845,653.1873
74.59552,609.4848,-116.65222
448.64816,1336.897,-257.71872
127.616516,1134.5299,117.04529
-264.86835,652.3281,883.6938
-423.99457,-141.44916,1075.1118
-555.2614,-297.59937,471.69244
-218.45782,270.11035,-26.748722
502.50095,648.00024,-302.5505
317.3907,576.6378,-476.4541
165.90564,803.3828,-343.53687
937.76685,945.54926,-460.49612
863.8299,-272.45828,-983.5692
17.364973,-1230.8531,-934.2433
-82.236534,-473.62122,-605.3262
324.03683,206.71162,-378.7622
-217.94478,195.18011,-401.4756
-908.7558,369.54105,-485.71796
-500.97427,188.22818,-15.855051
-563.43066,-322.52744,43.623528
-409.08487,-114.4918,-184.97226
470.65616,634.227,-287.87717
717.37885,427.39993,-540.4561
563.0651,-434.74597,-90.90267
334.7144,-786.1812,611.7813
110.58629,-1097.6355,396.20337
-715.98645,-994.3306,90.616035
-873.57007,-213.25063,143.18059
398.76453,271.6264,-180.32971
638.8737,125.35557,-438.65402
-61.019306,-30.40779,-264.9151
110.337814,-0.9691678,345.10516
351.33197,31.664705,915.9297
-160.87067,550.8005,870.4984
-366.14175,987.87994,693.6499
-175.78188,234.47314,218.37166
-337.85074,-423.28723,-423.39005
-516.1054,321.7195,-177.22395
-61.732475,326.6812,617.0611
-21.156586,-1324.8861,501.2762
-908.6827,-1724.5232,-315.8032
-685.9147,164.9949,-793.2602
585.6072,1494.9332,-1021.0728
958.74347,981.567,-735.7157
805.6557,304.4178,61.975796
663.619,-288.3319,533.7958
267.7422,-302.26816,559.385
253.36848,817.04553,560.88043
600.16724,688.892,316.1898
290.39026,-1128.118,-473.35754
-854.7519,-1763.9298,-226.44312
-1030.6252,-672.81805,859.60736
385.65286,-98.86395,496.4154
959.2249,-141.79404,-437.79156
137.46735,174.93431,-847.60284
-105.56496,-186.60416,-1081.1733
336.7549,-668.6533,-1092.7428
179.1672,-19.41029,-440.10526
-203.76373,151.21246,642.6909
-625.7679,-815.06244,742.9965
-1364.5969,-761.4639,292.27283
-1229.3898,700.4691,150.36551
-322.28796,1100.7202,-353.6346
-138.60265,172.40292,-937.13855
-356.3271,-100.1183,-654.3097
68.002205,-25.021185,125.27678
423.80212,-421.73428,889.822
256.92032,14.885209,1472.329
250.29869,1210.4103,1116.5308
126.815735,1346.1277,317.9803
-605.61285,744.29034,176.4858
-1203.0485,405.89008,381.1743
-667.9908,-475.9325,320.97934
499.36325,-962.25433,-16.916437
1178.5717,556.9018,-25.023588
1026.9386,1396.05,264.8376
261.05222,397.3141,224.16345
-248.23592,24.105455,239.79033
194.55328,241.20041,99.053894
634.5639,-99.87377,-438.0021
158.91194,-413.41003,-505.24338
5.9916797,-69.89433,-420.05478
629.9017,8.105164,-660.0773
641.7501,-385.32233,-796.7416
91.81109,-536.8393,-608.88135
-449.88507,-786.05676,-455.152
-509.84335,-693.7409,-650.4263
632.2838,279.3336,-756.60205
1317.4613,898.17944,-393.80704
443.883,255.69267,-164.03668
-617.6767,-762.28595,-42.13079
-1156.665,-534.182,794.36957
-1310.4214,532.3916,1268.2943
-1333.5233,405.06653,595.76587
-976.1736,-399.3649,-143.89009
-235.04959,-891.856,-244.2649
241.90665,-1156.6372,-29.088917
490.22827,-420.73358,295.40417
600.23376,631.7845,736.68604
19.342466,475.70502,570.95966
-793.13464,-110.30426,328.92386
-880.4048,364.5008,-93.128
-384.57483,589.82874,-1000.13727
203.60158,-307.26285,-705.4007
623.0959,-580.7868,120.71038
758.43634,-269.04794,266.55838
32.704876,-107.88155,190.13481
-464.42032,309.024,-99.355576
403.27094,720.40753,-930.7522
1044.963,610.34814,-1586.2792
1045.4048,700.39703,-737.0182
735.56464,1227.5221,762.8635
22.728727,602.5394,1259.0126
-671.9347,-698.631,480.3183
-807.51434,-721.272,-407.40842
-247.68626,-76.52616,-628.8781
119.46897,15.543796,-757.1107
97.04165,-330.9864,-385.8896
57.72966,-473.44888,484.79468
-138.30989,-566.54407,937.4078
-389.27063,-644.74084,919.16504
-95.159744,127.79989,441.95578
613.2772,420.98972,-274.70258
702.99243,-501.066,-543.5895
189.23734,-713.58203,-139.53648
-77.1813,-161.96223,365.1346
-9.497732,-201.31085,452.4188
-92.48769,-253.52676,355.77023
-312.6673,426.54547,142.30951
-325.72495,681.7919,-139.92741
-209.83527,694.2117,14.8159485
-151.88055,865.72327,425.406
-72.55449,343.97656,716.88153
-185.90688,-122.22334,664.8281
-229.20146,-273.62354,247.07451
162.8817,-718.023,26.956251
541.44214,-888.64545,-152.05711
916.8342,41.484066,124.335335
976.37866,1413.7195,1019.9777
92.49852,1226.4408,963.7068
-1206.2911,-216.17523,103.7076
-1360.4183,-416.5544,-631.6752
-187.83376,384.0007,-1108.0487
854.0461,156.40489,-1061.2278
1408.0348,-96.53157,-507.46375
1145.4973,415.58377,569.8227
-85.30119,-198.84984,1305.5153
-872.667,-867.74713,583.6765
-479.0567,-147.93022,-699.5265
229.44412,23.851095,-1334.4147
351.60876,-581.7065,-1410.9747
-38.42545,-373.79507,-1100.1544
58.871727,421.35577,-683.3996
647.04156,277.29785,-468.31097
457.21704,-395.1878,-211.3208
-180.21129,-611.91003,-52.017254
-736.4331,-630.24524,-253.62851
-1084.338,-375.72058,-294.89926
-775.059,-308.083,-249.68698
-859.999,-442.57452,-420.95227
-1097.5715,-78.78353,-86.61578
-512.51825,620.53674,281.09344
238.57855,559.9947,-20.116093
835.9303,-488.34732,-81.299164
842.5154,-684.46454,242.4973
268.8678,337.12106,807.3639
-148.34103,597.6246,1403.675
-486.74234,-219.2325,1188.5009
-877.52783,-201.65582,456.58084
-583.1914,377.80124,-208.0117
313.79236,307.86044,-14.55464
429.83795,419.2467,835.4755
-483.95923,689.5947,793.38745
-935.2654,515.474,53.991848
-130.45007,165.07893,-139.85117
633.94696,84.1608,345.27832
458.49564,-187.88623,97.67998
81.44154,-687.5133,-648.25775
226.5312,-261.60904,-620.0597
530.1325,66.18537,-21.918148
587.0808,-437.56992,667.761
339.1816,-276.51685,507.2878
-174.98294,42.859158,-120.13462
-8.201136,-550.40765,-146.8109
722.8147,-737.33435,285.6266
658.9624,224.54694,497.7149
170.62633,924.1435,-46.819466
568.0113,1017.19855,-892.6272
1101.6042,1369.6229,-1122.9005
666.1469,756.87994,-621.8151
105.759766,-848.774,-99.36082
29.65574,-448.6214,247.34538
235.45522,1198.9749,6.0198526
160.86684,1302.3383,-828.43066
-501.12006,539.2041,-1248.8937
-858.01587,20.477247,-1130.4691
-453.37814,-267.39447,-926.59265
165.26231,-291.57092,-340.38385
381.95428,108.41615,891.94116
-361.13318,10.338972,1380.3198
-1236.71,-866.2429,1049.9277
-1046.5234,-849.71686,807.5301
-538.25793,-405.12912,352.13925
-41.205593,-713.3763,130.10274
-84.469154,-754.2751,250.07478
-1189.8855,-53.306602,686.8298
-1204.2908,84.761116,893.6625
-139.71849,-400.94067,9.424593
61.138714,-223.12479,-924.2932
167.05353,-137.6657,-681.42883
841.4243,-642.4651,347.6629
934.2106,-481.86478,871.33514
409.45438,135.90318,868.0623
118.659164,-135.6627,387.7661
-39.375298,-772.9724,-391.9939
-8.417998,1.0043837,-576.06934
234.51013,1321.677,-346.29947
825.1442,868.32007,-22.520222
1402.9536,-145.21326,238.94041
1018.3136,134.1453,285.59412
635.05206,378.3321,-175.8849
594.67773,550.0114,-821.0558
-146.09659,1095.5095,-1490.381
-548.7212,408.818,-1735.7513
12.652592,-449.28564,-672.86774
-256.29126,385.6711,118.129135
-961.8856,657.7692,-148.58905
-634.10706,-709.1561,-647.79913
-257.88687,-989.8228,-789.49805
-242.29277,-294.71017,-310.73837
55.630123,-213.53194,235.21193
224.0343,-112.36321,389.02902
-105.040634,-66.73745,310.27194
-292.09598,-205.37302,735.0984
-396.16656,-205.41977,1379.8553
-718.8455,69.1929,1351.7437
-962.60657,140.07173,558.845
-938.7268,-522.2228,215.51695
-434.16266,-239.21736,979.6067
-190.01031,1289.2668,1062.52
-316.44098,1705.8807,73.17815
-136.98065,538.0785,-467.86176
-156.08963,-289.78262,-472.0969
120.18116,-530.7283,-131.75279
650.1333,-933.7238,760.2764
128.7878,-450.71924,1058.6671
-156.92276,16.729124,417.53656
741.1123,-544.9077,-13.091901
1096.9866,-317.6873,-7.9348807
337.5276,437.277,235.17993
-268.28778,329.00217,301.04382
-54.27776,268.65182,-63.345825
527.416,994.90717,-199.19972
1031.4827,1153.2834,-178.231
945.58636,-104.05963,-664.7215
134.1922,-770.03186,-1174.3131
-188.62744,-12.454824,-1303.5048
286.6987,108.19141,-1169.222
179.22531,-410.99512,-914.0283
-543.8371,-340.62015,-1174.6337
-580.883,-110.71353,-1739.5625
-88.889656,-101.046394,-1743.6359
-87.7849,-263.11795,-1096.7491
139.3461,-891.4277,-320.83905
449.6994,-1267.9067,388.29053
-487.79013,-75.58254,802.66437
-971.67224,1186.1565,383.36252
-600.56854,833.3384,-261.57254
-1127.1832,-142.49329,-84.02049
-1119.167,-725.166,910.68713
-277.81888,-697.5479,1747.8239
-343.7479,-365.66522,2054.8684
-310.8309,128.60716,1838.7286
467.67508,316.09128,765.53955
919.3577,53.67634,-133.83342
679.212,376.65143,73.50672
353.54395,793.6907,713.27765
621.2758,267.98126,1343.2565
666.7183,-270.3984,1888.5735
215.32826,-73.31785,1576.403
-30.016674,-102.08967,222.29344
-37.506714,-478.8186,-1336.5212
249.43553,-545.86,-1912.4535
812.66034,-456.77988,-983.80634
1318.4932,107.62089,333.17975
1277.1805,1036.4646,975.2981
1099.8401,936.9396,168.4996
1012.3664,-441.02188,-1297.6396
-31.818352,-870.87744,-1681.71
-1274.6156,639.439,-1133.3191
-1300.7444,1117.7754,-435.02545
-1060.0747,-333.29303,-135.23676
-765.0814,-664.7633,-224.19907
-304.75046,117.55619,-819.3259
-689.3451,-10.721969,-1151.867
-1173.5035,-181.52109,-379.15027
-934.5202,250.81505,305.1213
-8.724956,330.7272,525.2325
800.4999,113.45786,623.9684
350.06378,15.84078,450.58478
-92.05032,-366.00317,-201.30745
81.97497,-910.0998,-823.9426
-132.48277,-735.12445,-288.56165
-147.29764,-424.55078,883.1205
-227.31139,-365.32446,1232.2551
-685.98584,238.07076,1007.1862
49.840855,735.4931,689.3937
925.25104,417.40677,-64.80988
494.5223,-64.99127,-283.27817
58.794273,29.626738,543.71906
-209.01286,320.41898,883.8868
-575.9807,-25.247574,293.94473
-440.15515,-241.56284,-101.68422
105.78924,-14.179024,-244.98174
970.5371,-542.5069,-4.63067
1182.7117,-673.6953,494.25732
442.12418,182.10672,119.613075
815.7496,122.641624,-454.0668
1323.1543,-52.013985,-606.5912
745.81177,605.4408,-465.00854
839.78156,824.7597,-342.89075
603.8304,422.53543,-1109.9429
-497.57828,30.128227,-1686.2489
-514.13605,-417.30145,-1219.197
63.536438,-631.88995,-753.42175
-247.39276,-13.111069,-359.56528
-711.06305,717.22974,-178.11963
-478.4875,708.79083,-869.35834
-690.7134,346.95346,-1162.6742
-1144.2269,732.9706,-29.813747
-942.10535,1181.4144,967.6066
-1351.1506,306.31006,1113.8992
-1989.457,-119.39839,967.7838
-1650.647,555.493,374.0062
-849.11896,285.97168,415.38242
-454.8396,-329.36023,942.0575
-1017.61096,-120.9966,629.29034
-635.418,-333.6066,534.87555
851.3127,-858.6964,925.19476
1409.5239,-635.44977,1311.9315
1974.5035,-741.355,1342.0686
2293.5527,-1579.8317,315.27725
1807.5875,-1531.2548,-631.2991
1698.4698,-791.0652,-239.91907
1148.1255,-852.783,317.68637
-403.84796,-823.16956,117.847
-1166.6667,197.06482,-8.65076
-512.55194,1165.3989,-33.514263
-74.68033,1456.3059,-5.319272
-230.61343,1895.1163,177.78027
-174.22414,2263.6418,-53.743454
-69.18585,1150.8297,-132.00539
-178.2631,368.42398,27.424744
-152.9416,612.73145,-338.17856
-29.055044,-530.14905,-805.7167
71.62888,-1845.8873,-949.8918
238.46889,-1331.6396,-714.8855
452.3261,-159.24527,-174.31071
640.72046,-11.084022,244.21024
79.56845,-388.0886,450.88425
-184.76994,93.07012,456.8654
388.45932,778.39386,-311.75275
109.65705,919.34155,-1411.1282
-280.32117,820.91376,-1190.9349
-56.61559,424.87885,-118.6135
-219.6737,-5.375316,328.0319
-1006.78687,97.75023,-44.45369
-1440.2467,-57.19181,-833.5832
-667.54083,-1007.08624,-1157.7599
309.84528,-1050.4647,-919.43445
303.7968,37.701057,-562.42596
-245.14073,-57.78809,-42.76465
-746.8561,-1156.3591,212.93193
-1073.7015,-1155.7019,103.87845
-629.7707,-631.5482,381.7116
-24.757938,-549.1173,929.1135
-46.310238,-338.32016,1177.3044
70.25498,-284.194,1215.1884
224.00638,-423.07486,1524.5558
-15.813559,-186.46832,2147.2993
82.164314,164.63466,1863.2589
642.5448,177.57014,544.98486
1123.92,26.027372,-174.77585
1745.3185,535.12225,40.997765
2072.8384,1657.1124,370.45135
1493.7776,2061.2332,542.6496
517.3011,1428.4299,123.21418
-168.41568,780.14246,-1306.0363
-118.208435,118.34493,-2460.051
-214.59164,-504.1387,-2114.2307
-857.8921,-469.2165,-1102.0415
-1082.9266,-374.9792,-636.0831
-1141.8232,-368.24646,-835.5403
-939.7449,-261.95325,-1266.9332
-266.85422,-497.1959,-1540.9418
-224.92516,-927.3631,-1077.248
-54.03449,-423.05255,16.917234
653.5014,736.5446,1133.3647
14.312416,647.7985,1907.6735
-1558.1552,-448.22668,2037.6847
-1901.1389,-1044.4187,1547.5428
-641.95026,-586.9211,353.28006
628.53705,25.521963,-274.39264
684.5598,370.96515,480.15878
125.67001,871.25726,878.6008
-151.91681,636.65234,637.4472
-5.9768324,94.789505,221.47781
566.40784,-161.16692,-688.3145
957.89575,-682.43774,-1430.0664
554.4991,-845.72906,-1351.8398
432.1257,-348.3162,-645.2567
651.94525,290.24332,357.5878
-89.14193,780.1419,833.5909
-981.9656,783.2024,142.06686
-603.4639,302.19714,-612.08325
172.08667,174.97267,-503.72156
519.55975,543.18036,318.11722
860.5951,414.1684,754.97406
305.69885,-614.89343,336.99524
-1000.4208,-1350.8057,446.11554
-1312.7156,-898.84326,317.9691
-555.27057,-163.90407,-690.0055
249.71599,-10.663311,-776.5037
553.7312,-133.74622,297.76486
690.5025,141.04869,1253.7957
589.60675,588.12695,1271.1208
241.46404,832.1234,460.7563
313.44205,845.94946,-748.5635
636.7686,547.3497,-1264.1995
979.7965,363.73068,-463.49756
1200.4666,421.0343,359.94815
555.6046,34.469845,348.06934
-744.3231,-1038.5527,-68.6727
-1259.2856,-1504.1761,-579.2938
-613.2505,-642.0606,-888.3048
72.99298,380.05377,-572.4251
375.04974,655.16296,-34.557945
593.20435,384.03418,366.70462
422.79205,91.47138,533.8525
-253.61652,-350.7865,494.38757
-577.6882,-547.76355,412.49362
-220.40958,4.762076,-4.111872
-53.912273,271.36432,-79.70941
72.73829,3.0850723,706.44086
313.58646,11.04927,1348.0529
-150.57951,163.80042,1028.7936
-677.9191,76.65507,-70.515
-749.2408,298.42673,-1017.8391
-620.5387,779.80963,-965.1578
-114.504555,790.3166,-381.49472
546.661,348.08157,-190.19646
793.86115,-202.04547,-80.26864
35.16553,-421.705,579.02216
-1026.6339,-868.3948,850.57544
-1187.3805,-1325.2751,-249.01997
-775.50464,-772.47125,-1160.6425
-370.15137,-22.357874,-681.39557
98.24904,299.8558,126.422966
154.68279,145.17293,370.5017
-414.7676,-213.95192,387.94385
-318.68076,-192.51396,236.18507
523.96936,299.80283,-444.14423
878.99854,370.87622,-722.8226
550.02856,-442.7218,-552.5564
584.74976,-527.9821,-660.8665
1150.6555,71.11807,-563.74677
909.9559,-127.305954,-189.9516
242.1657,-436.02505,-104.061295
-185.85223,-84.826805,-474.8768
-264.0338,150.95238,-590.12274
370.74738,392.3921,-522.67163
793.8892,842.8428,-573.2667
350.53134,624.23425,-53.83717
-551.3134,-51.699238,155.32063
-1125.9207,-634.60345,-425.62833
-1169.8162,-921.99207,-733.61084
-1186.6412,-843.4402,-442.95505
-945.5558,-410.9129,243.22836
-387.07214,104.81951,1112.5123
-52.459625,51.962414,2078.1824
12.525788,-246.86082,2138.1165
-136.57758,-125.34915,1032.7594
-170.88078,229.43524,255.05388
-15.471201,544.8519,480.46756
-105.45963,889.5267,1015.9244
-185.19505,798.6511,1378.0819
-102.818726,6.487176,1366.9768
364.67276,-510.26053,234.71915
1214.2408,-17.906448,-820.1528
1463.8295,628.9302,-582.1733
1142.5239,752.65314,-135.3241
827.1981,904.2348,-8.043224
498.30353,902.1072,-253.20973
376.50925,435.16727,-882.3038
179.92113,-20.914526,-1747.154
-256.60272,-388.1836,-2185.256
-359.0592,-566.7718,-1378.3928
82.58758,-152.88528,-24.36731
311.49078,304.00012,533.7906
-262.81885,-169.11685,320.8604
-659.1918,-722.3501,0.1532879
-734.47565,-215.44638,-250.24391
-519.34155,213.77377,-177.98094
49.611286,-197.30766,239.6426
74.10949,-366.08987,539.7943
-143.74994,-29.689596,564.9264
-128.62141,127.16679,640.93933
-43.913994,222.76025,511.85696
-354.05103,281.80115,-15.868435
-681.6706,-340.75668,-252.56721
-408.62668,-796.9384,159.26398
117.110825,-55.885075,700.6852
321.73373,604.8927,906.1107
-133.32448,24.028412,860.18384
-396.378,-682.668,538.9707
-270.434,-222.2703,-226.33815
224.1456,408.73425,-827.5965
1111.3236,186.23128,-675.8115
1151.8785,-181.10399,-666.0993
536.12085,-277.3809,-565.8436
260.167,-185.70685,36.274906
-22.259401,64.619415,-120.724495
-341.07388,-212.61884,-698.54645
-485.9719,-840.3209,-716.1542
-597.9552,-218.26463,-233.23698
-339.08923,1052.4438,282.76184
-554.78345,1173.3046,219.93358
-1022.20294,625.8089,-459.60107
-595.04987,497.8338,-1139.8486
-442.836,469.828,-1301.0043
-277.3885,-216.15201,-564.1581
405.15457,-995.50745,251.07819
683.61426,-1029.7909,183.54958
722.73895,-539.18024,371.25504
440.66196,177.92502,446.25864
-367.5006,746.3077,-270.78455
-912.9652,562.71216,-285.33182
-270.41135,75.04401,335.5851
758.96075,263.6183,452.05063
772.8943,553.1497,277.46072
364.90433,121.39236,591.5082
85.78799,-572.02606,837.5871
-188.08318,-941.71045,284.6581
-62.244015,-370.02325,61.231686
125.91214,692.47406,678.8447
70.46681,410.57376,982.0308
53.565117,-798.9513,675.9919
69.807526,-738.6513,304.53268
143.76888,-42.06033,39.363182
222.0244,-78.87975,-131.40448
231.81253,-24.200392,141.34697
218.84435,602.12616,498.45444
314.946,904.37,-115.597755
370.11603,-196.31285,-850.05896
76.95695,-1227.6362,-694.6502
-385.22025,-644.2603,-505.71097
-505.87573,-120.95018,-306.58917
122.88904,-72.78127,537.1991
705.9937,42.477966,941.1577
423.35242,-254.0372,339.78098
-163.09998,-368.49554,-391.06958
-276.60062,203.31511,-762.46204
52.23129,647.36426,-544.1316
32.73833,180.67075,-16.101713
-542.3245,-254.6604,159.7916
-1177.7928,190.4023,-176.4685
-1017.6439,301.7011,-94.249596
-222.56833,-242.62862,538.4394
-27.877047,-493.00143,674.2646
-165.59613,-137.48279,411.21027
-37.193226,329.35687,360.73264
165.52231,386.88785,355.90146
366.84222,126.97235,-362.2694
623.9394,-219.177,-1113.9882
582.977,-55.32924,-804.762
166.33423,604.02893,-360.9143
12.224088,515.7397,-390.13147
279.47037,-328.1863,-405.80368
778.50824,-274.42413,-339.82495
730.85266,439.1168,-268.90436
191.67767,662.9343,-293.05646
-82.26851,599.84296,-678.86633
-356.43988,325.6531,-1066.6902
-182.67181,226.80453,-544.8503
-56.28446,88.38162,624.55115
-514.6545,-465.26633,855.71643
-637.1056,-854.75726,-76.01379
-763.56384,-981.0673,-344.71945
-774.36444,-795.52386,466.92963
-482.1718,-469.18768,992.8381
-327.6155,-385.87872,1136.9069
-383.65146,8.446972,1061.3776
-546.97363,697.24963,318.10336
-237.99239,734.38513,-546.6935
91.78248,405.7363,-576.5368
114.79587,197.49963,62.187138
140.83464,268.727,494.74185
367.9981,173.80516,932.10486
554.9691,-485.89398,1252.7704
289.77414,-564.3067,328.61194
427.53952,58.211403,-637.29346
861.9069,904.4009,-549.0741
855.2532,1354.9628,-663.4231
649.7956,738.7976,-145.75655
723.08203,71.51284,1515.2236
907.3926,-81.48982,1612.5984
793.8009,65.18813,-41.124516
669.6742,340.6755,-1118.6624
132.58766,135.56865,-1280.5382
-446.0653,-706.3864,-987.73676
-262.14496,-1543.1799,-429.8184
-162.67809,-1220.7958,-34.498035
-169.61275,170.48474,-287.48672
170.80815,697.28204,-1174.1455
246.25899,-84.2037,-1137.3818
233.18181,-648.36346,-110.13673
117.1818,-220.4322,131.6438
-531.215,385.0658,148.2324
-888.79553,125.62304,572.01483
-935.191,-434.46442,202.82202
-1030.7865,-108.22376,-479.73245
-697.324,641.1473,-295.96957
-295.95908,642.68506,122.87434
-423.38754,12.049818,815.90063
-461.19995,-629.6363,1542.6879
-195.94469,-744.36676,1041.9158
-84.01739,-379.7302,2.5298166
-54.212196,-393.10638,-502.60196
-92.62554,-342.1923,-425.3035
-254.12344,138.3432,-30.039812
-675.02216,128.2147,734.3117
-990.7995,-398.25204,1298.8708
-692.97437,-788.3276,520.1747
43.998764,-520.16644,-653.2443
362.81183,567.6756,-629.89465
151.21962,1569.5924,356.10266
210.85591,1029.1858,860.4
37.201874,-393.66086,633.4163
-149.69205,-471.13828,332.19635
342.9125,667.3739,-294.34552
998.3253,1161.1272,-1099.8752
1273.1405,550.4821,-1418.201
910.8551,-157.4307,-929.9584
446.13113,-350.74213,-25.879694
188.17671,-108.28979,341.7418
72.93268,107.091,-174.96965
487.26096,111.66373,-797.12585
1119.0906,177.6684,-529.2307
964.11786,412.6423,349.28812
234.85355,1048.5098,703.895
-354.9801,888.0236,395.3422
-610.7046,-620.0301,127.03228
-328.1825,-1374.1445,-333.37628
371.2403,-960.2312,-953.18475
968.2482,-714.3294,-784.8599
550.7887,-466.16287,-243.37764
-446.83167,243.06105,-63.11061
-787.0982,668.17395,34.249695
-1028.5552,671.5777,158.2917
-1378.0027,421.70514,-211.59341
-983.144,-255.07065,-950.0928
-429.4892,-607.67096,-1167.9646
-115.8783,11.088029,-795.2878
-96.263466,400.65546,326.73422
-962.5016,-633.1561,1776.1797
-1555.1184,-1587.8593,2115.9258
-1323.5919,-1101.8485,1114.2277
-616.50793,-189.22252,78.88799
614.4961,144.18182,59.756424
1542.6715,543.2391,268.10223
2049.955,1198.1853,462.71716
1760.2477,1047.8561,878.4306
873.84296,308.2935,734.5277
484.71582,-275.46396,-343.35385
106.668304,-396.17654,-1271.4467
58.576233,1.9826752,-880.58624
493.42264,512.1245,-224.8589
454.79703,332.57858,401.9648
-105.35994,-431.8854,928.0348
-598.096,-263.4682,304.59158
-339.3035,243.8717,-555.94025
-157.43532,48.58744,-1121.6462
-389.94827,34.447487,-1445.0315
-83.38489,272.88312,-826.9612
-4.0423465,47.998966,499.0829
-891.36017,-947.06213,1299.1443
-1524.3613,-1324.7535,734.56665
-1372.8884,-587.0152,-148.74655
-914.42224,13.105633,-90.94621
28.190268,573.04333,182.44286
511.70987,611.19073,272.40103
-57.33175,-111.77856,762.3134
-539.7596,-478.8973,977.3041
-145.81573,-251.02086,303.2469
708.297,-173.59566,-120.56014
887.23206,-105.69742,144.09904
738.9494,350.09103,-110.435555
806.5094,354.0589,-456.69522
475.77014,101.390625,149.20335
7.507386,-187.89027,487.92706
41.367783,-476.6973,-93.36387
109.07889,-183.04753,-505.6852
216.25687,648.14386,-475.65417
1011.70807,1452.9321,-153.46838
1229.0006,1007.38556,213.91568
138.12968,-429.08362,-182.23557
-215.68987,-1002.26843,-843.38605
252.62492,-161.13585,-989.9963
95.3649,284.4364,-823.01715
354.17383,-310.6094,-684.03156
1027.5536,-195.2768,-730.4081
1013.1115,547.8354,-231.2049
502.0054,853.9977,460.5215
-344.90363,708.2151,254.71117
-941.2692,140.44994,-45.496502
-1069.5522,-132.71259,-581.518
-688.9423,389.24237,-1632.2144
-386.8675,458.8667,-1140.8533
-1361.9238,-70.41392,343.02942
-2279.895,-197.55258,647.8654
-1678.658,-163.71329,403.19342
-632.4708,-212.67194,216.00694
-199.1132,-223.85954,130.85237
191.75632,-51.50213,445.5376
485.4457,-275.84894,946.2535
-26.80862,-1112.2958,1607.9521
-606.5666,-888.9821,1601.8538
-753.1433,67.39773,518.269
-442.14438,-38.894104,-195.52507
243.67963,-197.94623,63.027393
962.1188,136.92131,762.7959
1501.3744,2.5699482,1409.4844
1351.3778,83.188225,1515.141
743.1299,334.16705,1126.4335
6.9059367,-60.323757,352.13483
-454.08307,-138.83543,-977.7754
256.09775,276.00845,-1985.4354
1436.584,259.58685,-1553.2953
1499.0652,363.0732,-181.65292
493.36978,704.05707,671.03467
-451.95813,378.48178,251.22466
-911.9753,-220.58427,-905.1034
-840.8897,-491.78796,-1518.5764
-413.43936,-124.87164,-945.2313
-57.351494,472.7497,-10.859029
-89.96726,34.00673,802.8664
-209.69737,-554.29474,1374.6394
-5.9736357,18.727188,977.23083
-215.15445,625.0567,-147.02641
-530.66895,517.4399,-938.4134
-22.915277,19.071924,-1176.928
368.16364,-653.3105,-854.76495
498.28223,-530.0436,17.918001
888.1382,133.34033,300.6828
843.003,-131.33887,88.0861
244.2031,-745.78455,-3.436582
-154.33861,-211.95212,-531.9068
421.6861,854.3961,-830.125
777.7408,434.8331,-243.06213
-130.46822,-656.6071,466.94348
-527.6287,-560.1577,399.84735
-529.748,-219.84462,-232.16266
-750.8643,-635.80914,-653.7459
-298.08713,-1110.8789,-676.7923
15.18004,-786.5682,-452.55704
-199.6011,-446.4696,163.56897
-203.0416,-123.16248,939.9813
275.60043,978.21387,973.30853
346.47244,1430.8124,373.04535
-593.79834,880.612,-254.42007
-680.9302,437.8679,-572.21375
-86.16626,16.312607,-628.201
-357.09644,-451.07428,-198.00925
-292.11618,-313.92133,442.67737
167.84836,149.1125,292.7214
232.27211,348.94083,-6.929775
194.18225,650.28,-119.94444
125.68238,977.556,6.882419
-45.24514,668.1015,674.63434
-345.3822,-369.40994,1085.1628
-259.41766,-885.16833,888.0039
-213.2418,-439.07846,177.00952
-548.0259,-111.87992,-544.0845
-120.4723,-3.0826197,-239.49727
667.29346,286.945,507.1739
175.71005,106.544464,830.96533
-933.0261,-405.7118,1347.2375
-761.221,-110.18616,1332.1631
9.5451975,366.88135,295.4884
262.37784,486.33264,-395.75568
544.37024,655.758,-603.65424
763.9164,555.2447,-731.89856
450.25732,-176.52293,-398.94785
21.21009,-615.49335,33.10563
43.69194,-367.52573,53.93994
112.49949,-514.8725,-137.69458
99.54995,-482.3626,-601.81396
628.2068,-47.485123,-615.5365
850.7573,216.72311,79.90245
343.12482,208.36073,526.7199
109.71849,8.278732,288.58676
81.83709,416.96976,-730.7341
59.39916,667.668,-1437.7319
486.0616,579.835,-1243.9479
1129.2366,454.69028,-795.4986
655.0802,-452.51093,-176.31093
-421.14603,-1229.5723,458.8922
-429.70422,-970.9504,493.17657
-404.28583,-267.8028,-280.4308
-922.89886,-254.0307,-745.3155
-965.00684,-541.55066,-400.89047
-728.95624,53.659763,142.37224
-773.5575,911.86896,373.112
-749.0385,1177.0752,120.12046
-556.1174,568.1073,145.73474
-585.5309,-479.40723,96.54894
-544.34875,-1085.3822,-376.85977
181.42278,-984.57874,-221.8866
753.50433,-538.3269,98.83372
96.889206,-257.1513,-6.346253
-250.52046,200.41678,150.71553
175.24365,689.4028,562.0249
-7.198791,329.28964,632.974
-401.56598,56.55216,427.29196
-257.95578,513.52124,254.86913
156.55266,163.56354,354.40146
-10.869559,-280.23135,532.2382
-186.203,184.89336,57.960205
394.23004,-72.63287,-562.7068
432.28995,-485.89172,-138.64178
-11.468507,-35.174408,934.5969
184.61555,89.77487,938.0067
425.19226,-519.6532,-263.6238
432.9732,-617.8872,-856.2985
935.30505,172.75186,-209.93698
1374.0656,488.22372,511.09332
931.66455,348.01593,527.11584
276.34283,220.82462,215.5227
-422.2415,-53.636066,-159.18939
-771.24744,154.83562,-242.08022
-205.4615,954.7651,102.3043
-131.68616,1131.9562,59.98819
-674.4015,1.9412577,-424.07782
-655.8783,-493.7347,-365.5045
111.56614,112.96443,120.116684
778.01337,-149.73279,89.02934
333.7343,-632.40497,-167.79321
-260.96918,-220.37476,-460.73227
-502.18817,160.45317,-704.2428
-704.6134,-286.57617,-179.05911
-390.11002,-410.03632,448.04303
161.42609,315.3286,427.60107
175.06815,28.158762,-58.655228
-212.36574,-634.919,-367.21
-44.49464,-14.182015,384.9111
219.71655,618.1458,1036.5292
-36.720642,357.67297,464.56107
-144.90103,57.969025,-219.74849
6.4501085,-157.67044,-730.8814
550.841,-965.25464,-1095.1438
1172.4646,-941.965,-782.2412
1086.6583,568.1895,-400.52353
599.6418,1179.9154,57.842556
88.10217,762.75507,632.9766
-361.4584,314.86234,107.05407
-634.2313,-711.1794,-692.2862
-810.12024,-1064.0183,-413.35727
-843.116,-8.625272,206.95915
-628.36597,588.5108,515.416
132.59378,261.58633,437.33264
972.35223,60.467884,108.718155
764.4641,212.97853,-256.48352
-126.60195,-214.52943,-676.2026
-251.5808,-1046.2474,-565.47943
317.7081,-755.57764,433.19443
-105.59161,309.9595,869.3121
-709.4449,637.6538,649.16437
-207.80891,337.17712,909.2097
58.079567,254.42503,546.9608
-87.89485,105.08903,-112.18413
-58.88801,394.92773,-191.95486
34.721546,1023.3318,-740.9443
74.06122,361.84537,-852.74866
49.104755,-537.85614,94.45724
129.98778,-476.54776,631.64154
205.51633,-385.18832,614.8717
135.97745,-710.9879,510.55942
-69.78528,-803.19055,230.37091
-43.73471,63.587685,115.92324
208.43245,734.8137,135.05487
155.00728,196.50858,172.53482
156.03687,-346.4787,384.35562
16.530558,-279.94183,139.61673
-562.9246,15.51014,-438.61426
-108.75378,211.01912,-808.0583
708.07043,283.5926,-1430.1537
436.15707,326.06113,-1320.4099
97.2031,474.94003,-4.326811
-270.27762,715.23535,223.25836
-414.3652,12.38626,-507.9575
254.12605,-698.4924,-664.0017
602.4539,-408.8985,-840.842
389.21143,-526.8737,-751.89325
132.11513,-524.07227,200.33841
-195.13333,-55.125404,972.2456
-674.592,-311.8212,788.4435
-1094.9609,-700.15875,145.36726
-1284.958,-284.77893,-333.8645
-1381.378,442.35593,-318.70013
-913.77264,706.2477,457.50446
146.00479,487.7293,1604.1724
806.73785,322.90546,1735.6976
418.2329,324.47336,725.75055
-431.4564,0.7223153,133.49777
-330.69046,-317.4158,130.33807
136.63324,-196.60083,-105.03614
76.809555,-78.33445,-152.53528
178.63556,224.05118,720.6886
-121.97478,654.1279,966.1469
-1000.69714,149.27165,40.74477
-1200.4503,-643.5901,-253.29788
-363.33655,-205.5214,-362.77225
492.14014,551.97595,-344.07028
690.058,633.79956,298.01083
621.0347,544.44977,265.9182
482.27167,67.4267,-405.86667
542.64465,-643.9761,-812.5017
592.3947,-781.5755,-1045.3453
695.03735,-831.6736,-1364.227
1063.8756,-695.16455,-986.16187
1081.3691,149.15088,308.20575
912.8693,532.9917,1016.0323
503.4755,141.96066,446.95517
-125.83481,-244.17024,-296.2808
-395.92795,54.628754,-309.44666
-476.08536,951.11487,-368.225
-444.41132,990.6894,-578.19794
68.52061,76.13684,-114.31972
518.7935,-545.8129,-22.90541
458.75253,-336.818,-399.0499
398.44287,117.90903,-238.78094
-413.80862,257.7583,-799.117
-1201.1808,180.58783,-1492.4703
-369.89062,15.038143,-464.6367
321.8883,-83.94413,751.65845
-62.43949,-57.354332,719.2009
-528.4225,190.08293,-43.675396
-579.68304,507.91888,-685.0669
-642.89636,718.4968,-681.96704
-1195.7262,303.5496,-132.82855
-1388.0432,-488.02408,608.7977
-865.24304,-625.6173,1038.1677
-398.58105,-510.6869,975.7154
-472.92087,-461.53397,1030.4825
-469.59894,-476.15225,1469.7032
91.39548,-589.7233,1281.5521
484.22897,-375.89587,965.4492
768.8713,294.35373,1625.8512
1064.4309,840.7594,1576.5035
1447.6271,586.9285,636.4655
2204.9663,24.153854,343.48483
1913.462,78.410446,-272.8833
961.85065,334.81107,-1292.8833
965.8246,-151.86433,-1311.8527
836.59515,-685.6728,-852.95044
181.02084,-416.7918,-508.4072
-305.46774,154.0027,-372.07312
-849.04987,384.5732,-1157.3109
-1081.8236,261.05664,-2250.8503
-576.7157,-189.109,-2222.8684
-162.73584,-1077.7871,-804.994
-545.9548,-1370.37,762.89355
-1131.9658,-536.7927,544.68665
-784.71686,201.03453,-384.35837
-40.680473,342.50635,-200.33456
-281.60043,613.9434,-349.27545
-690.98785,488.06558,-279.12012
-415.709,-348.26968,1337.2101
-278.18643,-628.3824,2083.5132
-561.6364,-665.6702,1106.6351
-449.39313,-573.1586,38.21079
33.99666,163.95357,-542.2491
-74.939545,342.79694,-560.6898
-342.4591,-14.232402,107.21593
-182.13333,418.60437,1152.1113
-135.71661,1235.0674,1569.3744
-3.9496703,1128.9276,1083.4657
433.64072,199.81932,388.21008
711.31323,-274.1632,-100.88845
817.8291,-48.949932,-59.73384
765.7549,87.402084,333.33224
646.8762,10.121161,499.92233
394.5252,-160.30449,-125.68842
433.00278,-476.19403,-950.4915
1105.4772,-422.49435,-1085.9279
1209.8158,247.7119,-1254.4542
1460.06,569.8719,-805.9731
1740.3889,292.31516,464.88632
108.13554,215.99074,480.8118
-1157.458,299.6038,-744.5477
-725.0038,267.8725,-2147.1848
-520.5933,158.00623,-3024.389
-636.7563,331.4883,-2491.5476
-889.1968,661.59595,-1270.6498
-1210.0013,-0.2215691,-250.61584
-1288.9797,-1097.7938,718.4797
-1390.4714,-1175.5759,1093.2457
-1243.7024,-669.5648,908.67926
-970.36206,-570.43945,910.0486
-907.889,-698.2497,1008.56604
-641.8279,-621.64087,1738.886
-248.40526,-191.41585,2831.606
-163.0393,609.8742,2521.8276
17.844225,426.95975,1454.9382
702.00836,-370.22156,681.05566
1049.4557,-114.05681,-247.40459
1138.7239,53.248764,-274.88937
1488.711,-69.65963,867.6629
950.5592,191.89879,1596.7933
-238.44574,171.56798,1258.502
-365.2662,97.72815,99.42451
436.31732,427.0081,-1231.4082
935.5491,750.1677,-2037.6423
821.5346,228.47003,-1872.6266
192.65904,-616.5209,-989.0169
-292.49225,-196.271,-487.6793
-108.10779,709.4513,-689.2574
225.3104,630.96875,-1129.5409
549.50183,345.43558,-1477.5366
359.8067,640.078,-1162.4817
-118.341995,690.2534,-137.40343
-153.98325,196.41287,431.7071
-510.25775,424.76926,-277.75735
-291.02386,905.4279,-924.7132
446.2491,198.84941,-791.058
-280.5709,-87.58376,-1089.5121
-731.29816,424.0435,-1064.6847
-269.8894,-93.897026,289.30765
-665.6387,-1069.7568,1324.4954
-1039.3264,-1460.8226,1257.6029
-1001.6287,-948.29095,963.7482
-1083.0317,-249.73204,468.8425
-591.1682,-194.7698,184.40921
336.44003,-118.53864,727.5119
532.7655,-199.06021,1748.1085
-47.330383,-212.5667,2143.8264
-428.22916,58.25769,1334.245
168.66913,-363.5596,692.747
873.20056,-781.93713,274.60522
1147.9762,-215.301,-43.273785
1919.2429,313.93646,684.2658
1691.5876,17.931383,1056.5562
355.67523,218.90993,72.06524
450.28384,1057.3135,-637.8388
1321.8988,1053.9941,-634.86884
1105.0109,765.33984,-1175.408
271.75266,938.7928,-1612.953
-350.751,916.4162,-1550.441
-1101.6663,330.12473,-1798.3044
-1713.5247,-427.59668,-2000.0424
-1506.4277,-717.1421,-2024.6489
-716.82904,-560.8628,-1827.7139
-110.66401,-67.14446,-1013.26337
233.11597,313.49857,330.98276
-60.24711,-429.52435,1666.074
-1451.6262,-1360.355,2147.4775
-2032.6729,-761.3119,1557.3127
-1113.2783,319.30402,649.14667
-125.32229,384.2802,-227.15182
493.67682,138.50688,-405.43497
653.0028,-87.075096,873.3014
733.35864,-349.24985,2123.8262
645.62335,-169.54253,1791.0455
153.04573,44.72097,786.14795
281.33774,36.44699,116.729774
771.23553,161.3538,-544.4562
1089.2524,189.36795,-858.6101
1308.2637,-469.91992,-539.6293
590.3766,-1363.0631,-153.40211
-540.36444,-982.35834,-176.8597
-586.7897,226.8751,-464.71005
-161.94432,395.34265,-717.54
-403.9943,275.39685,-1206.3564
-379.7319,819.2836,-1126.7401
314.1008,746.04114,-41.719288
622.7782,135.80397,788.63367
281.61264,247.87279,430.09003
-84.86136,458.31934,-551.578
-164.21892,-60.319756,-1131.5496
-428.3577,-248.14401,-1269.5728
-533.7474,24.613613,-603.37225
-297.44046,-414.69553,640.51117
-525.5669,-936.63525,851.48505
-909.01434,-672.5971,455.9271
-645.3207,-240.94124,913.0562
-130.20427,-79.883835,1365.582
180.78369,189.69533,1470.1842
446.8745,638.4213,1944.8446
189.7277,362.17416,2017.5778
-315.9181,-312.639,1293.4083
125.63687,6.528972,463.0334
955.661,340.21188,-227.11453
1170.5475,122.30977,-795.52893
1092.3213,597.89026,-998.6948
477.592,501.12772,-896.7153
-373.57996,-574.66925,-835.6396
-336.60764,-177.97603,-944.1306
266.08713,941.86554,-1194.9163
803.7138,607.8281,-1365.1377
451.02957,245.48749,-1281.5239
-239.95401,452.63446,-976.32855
-341.8237,-42.03701,-573.1655
-694.9627,-21.223818,-368.713
-668.1851,571.10834,-193.38428
-302.3358,89.494064,-88.21698
-631.3358,-860.01495,-611.21063
-483.26175,-962.61786,-460.02307
299.61343,-373.06918,1026.9463
213.9786,-627.91534,1873.1646
-552.49414,-1294.1073,1209.4509
-671.6375,-623.26013,47.229927
-131.86449,72.3977,-414.25134
50.05681,-191.08385,-158.0225
-43.24147,-92.96432,367.31403
25.55675,-0.006132359,1015.9523
-146.98618,-21.039715,1103.569
-121.089645,880.92694,424.1249
371.92685,1442.2439,-367.09735
650.78656,846.77454,-574.9171
538.2653,601.1324,-68.811134
108.50584,659.4982,524.20197
-413.41623,45.333572,472.7039
-690.00366,-330.4434,-636.4214
-528.70325,-267.49277,-1748.9126
97.70075,-660.48706,-1353.4014
554.768,-905.2633,-145.54343
284.6007,-157.23428,772.59045
193.79488,395.36282,961.06696
84.69281,-350.0264,338.92764
-786.5512,-591.8442,-210.70493
-887.9726,272.58563,-104.83062
-83.80375,221.13934,158.92375
621.2579,-489.97348,-93.44844
1146.2137,-51.599136,82.27904
991.5998,521.4134,1151.8651
258.03983,-154.87997,1541.258
-359.31628,-130.62854,313.01477
-246.48308,772.1135,-1241.4454
669.353,631.2897,-1234.9691
1025.8025,362.91898,-235.72336
113.4434,681.26825,786.0208
-927.92456,150.0316,1406.956
-1465.2732,-861.04755,989.7348
-1151.417,-473.44168,195.16553
-273.84586,40.440525,-238.98451
-61.948013,-574.9344,-513.73975
-91.17377,-680.6883,-785.43854
264.72736,-122.51905,-404.43375
382.8075,-481.05963,489.39575
-224.85684,-1172.1676,595.4259
-517.5048,-208.9626,2.6881852
331.05286,653.3611,-340.51233
1259.569,170.55536,-775.2245
1498.5228,96.16638,-1147.4087
789.8524,-259.55374,-394.31937
-401.01102,-950.3255,324.7424
-1100.7054,-340.6376,-312.64954
-1138.7297,956.5713,-1550.7578
-1002.8048,910.30994,-2319.2725
-760.70703,-107.82993,-1679.3894
1.0271021,-263.31494,332.35983
551.41437,-97.79349,2140.7236
426.4531,-111.44007,2183.103
310.69904,301.65036,780.52496
316.41022,628.6688,-421.8597
645.89044,377.08215,-664.5834
1291.3793,500.10162,-163.46272
1368.309,1075.3284,851.35223
917.3149,265.78308,1818.3707
292.24017,-1172.8907,1616.9493
-182.05823,-409.32544,296.14792
-156.21754,938.897,-653.2399
-71.42733,781.3158,-905.89166
-76.648125,730.243,-800.0906
-331.09467,583.85736,101.804794
-960.4857,-661.7058,1062.496
-1350.5109,-1452.477,583.3068
-928.9351,-1015.8398,-1061.659
-219.28296,-1037.387,-2199.8813
168.29503,-930.89954,-1648.2715
614.3924,253.55801,-181.8865
546.80133,279.81686,417.5781
-615.8997,-661.34406,197.81837
-1091.0067,-381.00818,-40.31439
-112.34092,565.2367,-123.96392
319.48108,418.14963,306.91074
12.370319,30.782413,780.6804
194.53447,11.641594,891.36395
326.70023,-529.19,823.0787
-53.1557,-532.83246,451.45038
-608.6122,627.03864,-87.364876
-971.868,1326.474,-710.5096
-606.3365,512.0945,-1361.5327
71.15465,150.25365,-1497.6348
204.74664,608.7,-482.73257
-36.877552,-123.84794,871.1411
-423.70844,-674.2836,708.5669
-391.3142,385.13922,-315.78073
-74.85417,1110.167,-174.93706
-437.15076,328.84515,479.08594
-802.4254,-425.9296,667.05383
-546.76105,-499.19614,1074.6814
282.91476,-571.41473,1427.1779
1112.3516,-348.5631,962.08105
1041.9384,191.7753,147.71465
982.15686,209.41972,-98.990974
1585.307,201.7921,265.7638
1598.913,1032.9669,419.93356
842.3819,933.59784,169.16043
587.1511,-134.8079,-601.90845
621.79205,194.23326,-1778.3309
228.22916,905.32153,-2097.9504
294.87045,575.4498,-1373.4193
967.4274,90.61739,-149.55896
755.2548,-536.78613,1041.486
-727.3072,-1307.2762,1277.1575
-1740.4951,-770.834,291.0478
-1299.9321,219.56221,-701.89343
-775.52936,-425.44763,-294.08328
-592.7305,-1282.7089,661.2404
-249.1042,-630.5781,1022.9474
-399.97064,305.29907,635.078
-750.3709,260.6406,44.030785
-451.53104,260.77048,-200.73428
-28.341124,818.0764,-582.6332
-101.423454,595.579,-917.1931
-205.64743,-253.40845,-695.98785
43.544857,-572.7734,95.4007
82.81453,-756.3217,896.10944
-108.34933,-1006.3105,1044.1056
-281.12555,-373.44147,444.39618
-474.63937,327.3311,-469.67218
-250.41476,-108.57919,-744.2803
233.81856,-443.9238,-284.75732
383.63516,40.53737,282.61234
168.98538,201.91496,927.10706
-292.58096,48.368767,1365.0232
-505.44257,359.78607,781.554
140.25609,536.34375,-296.87885
792.5558,673.79047,-607.1745
856.17914,929.2728,-89.32528
644.222,546.9033,457.56186
-13.4592905,-327.13724,365.4879
-317.2619,-957.20123,-141.99733
-144.0521,-491.2314,-609.89124
75.98245,93.61938,-916.454
671.8324,212.90724,-924.58545
797.0431,709.3798,-791.31323
106.3789,557.00574,-623.3737
-408.18427,-243.09094,-357.67377
-294.888,-95.83461,-214.10678
146.82721,403.838,-533.1028
234.53464,-264.0743,-1087.1086
-159.09906,-481.2503,-1300.5325
-493.11026,324.36282,-1000.1295
-632.0406,-187.70212,-111.3471
-494.00323,-949.33954,184.96542
-176.73361,-449.97415,-861.95074
334.65628,139.4187,-1238.333
657.782,-46.29212,-77.35683
171.37709,-600.48285,1225.6582
-172.10553,-231.53554,1698.4409
-277.9819,270.81595,1695.8444
-700.4531,-290.2259,1771.9647
-636.86505,-328.41904,1441.7225
138.79723,101.022865,626.57275
845.1295,215.41528,221.86067
795.0391,843.19464,371.6167
-60.58736,1015.1382,404.74524
-817.8382,158.75168,439.67377
-1076.5975,-141.64151,457.51166
-909.3745,539.9346,-10.19269
208.82831,374.492,-321.98642
1083.6006,-454.16525,-182.86751
822.74646,-86.11346,36.475124
553.1773,32.70072,494.74542
262.45416,-557.21716,536.38293
-276.93137,-280.94827,-408.97293
-209.52519,122.04331,-1015.0894
575.04047,-103.4681,-370.71814
861.41364,-74.308876,503.28842
557.6476,726.3135,457.2227
405.81628,1101.104,-48.007107
477.10138,302.11096,-509.20932
639.0699,-444.5773,-1108.0111
413.297,-570.0541,-1454.5996
525.4958,-692.9297,-1348.5756
1065.9156,-478.86642,-787.0728
298.46625,-109.53247,-218.64856
-1284.7872,-376.4459,-51.164707
-1846.9038,-66.49728,-442.90295
-1302.3513,651.89343,-1207.9559
-804.34515,209.1986,-1185.4456
-684.67786,-251.56068,-204.72502
-538.7722,403.8892,1345.2551
-653.55396,738.838,2381.922
-1040.0557,-452.27585,1483.1748
-1158.5868,-1556.4951,-189.10114
-505.9243,-1093.1475,-268.2377
476.36514,-311.23038,990.0224
781.5849,-161.55292,1695.5059
544.40576,254.11182,1762.7026
192.56305,536.4702,1528.5015
335.04535,71.0131,935.80774
890.47156,499.78378,105.98222
722.2071,1160.364,-543.74677
212.04735,536.6438,-700.0417
296.25873,431.23364,-729.6695
418.20673,1332.1578,-422.09348
283.55814,1100.3732,56.66639
35.35853,117.33193,-229.9937
-422.1344,35.551823,-1388.328
-59.20211,-298.51913,-1868.4629
497.73938,-811.85297,-1044.4373
-189.72878,-370.3856,-331.5763
-499.28265,-136.263,-40.309155
44.367104,-454.86853,-30.395103
-104.021255,-524.01117,-414.319
-453.556,3.381915,-726.7744
-83.5954,196.76855,-331.13342
204.87898,-389.49976,600.822
-314.5456,-192.32883,708.3168
-1234.6381,151.81693,-201.5375
-1805.6693,-435.21646,-776.02203
-1432.0007,-303.1864,-406.13132
-203.01845,641.3127,374.2054
780.58044,407.41995,934.88165
833.29694,-690.9725,837.3415
412.6156,-552.04956,630.2148
391.3563,144.38795,955.1099
391.2845,276.54608,718.9317
-421.2185,551.3388,-449.7672
-447.23672,101.59376,-1302.2212
663.28955,-1076.4823,-962.967
1144.0511,-1070.9968,191.1809
1191.5769,-544.67554,1016.82715
970.9526,-835.75964,870.7415
238.82788,-960.0235,273.9142
-132.1092,142.13695,321.92206
206.17477,914.63544,507.75015
465.77933,310.84344,-139.7127
127.598366,599.94653,-846.8513
174.56366,1022.89514,-845.34314
805.34973,237.53308,-422.9442
773.8554,232.54465,-29.937014
245.39418,619.53186,55.366108
-54.907433,173.76228,41.603573
-508.79822,-487.89294,85.415955
-1036.3439,-188.56242,-60.32733
-836.2818,618.2297,50.911945
-494.45486,966.44,156.7892
-590.2505,785.1742,-337.7124
-292.15152,-346.42484,-548.55695
256.44672,-1267.6665,9.427505
293.1502,-1292.5002,886.34753
-232.72578,-995.6093,1278.5088
-790.65295,-430.92212,423.93985
-776.597,-118.856735,-798.46576
-575.90454,317.06027,-711.5232
-529.94257,254.81738,218.66565
-392.59683,-779.769,561.4725
107.328896,-381.44006,260.4246
871.9918,615.8739,-202.56345
815.8328,73.758194,-302.8659
-193.00877,-220.01245,-49.132366
-856.7704,427.5988,372.536
-395.67252,-0.9617821,895.99915
409.2812,-1121.5785,755.81805
490.61304,-672.28296,-8.638828
507.50784,368.76218,-583.13367
732.7911,735.961,-821.41516
668.70087,1303.1613,-962.40454
823.242,1551.6252,-748.0667
1170.1322,752.2217,-84.86277
738.59344,92.51005,370.43027
-23.82256,432.17258,399.52417
-319.07812,202.2693,-231.2361
-534.9339,-925.9958,-1036.9087
-273.2963,-661.6592,-954.45044
168.62465,209.8489,-211.94914
-290.8848,-80.836975,445.859
-907.69476,-201.31143,414.18506
-571.91473,-168.88431,32.19738
208.15894,-812.478,-5.154321
213.59567,-606.4231,41.686337
-199.9746,732.08246,79.819824
-12.215344,908.1398,34.78812
-55.553036,-184.73276,-403.80795
-651.7863,-372.2587,-704.08624
-136.34282,-84.521385,-491.27814
520.39703,-258.68738,-136.387
-129.72778,89.00048,134.04628
-265.37143,508.0433,466.48557
95.77461,241.75098,779.91345
-116.613106,82.22609,693.8849
149.79381,372.1237,355.1884
916.643,341.26324,-174.44852
713.13226,-239.26108,-495.00983
-119.66741,99.62169,-10.501362
-267.32996,491.9603,668.2462
-574.0526,-733.6366,1092.941
-1324.6078,-947.7102,1111.8992
-1006.553,805.4826,667.0679
453.09833,1605.3987,478.82855
988.8029,834.7682,387.8737
184.09975,301.50308,-145.3873
33.728497,-356.40265,-606.1365
2.4789798,-1179.9321,-599.3227
-434.65323,-391.198,-343.44748
-123.64304,181.19229,-381.37598
326.1638,-379.68036,-844.13696
519.99677,209.93614,-1417.5363
701.957,777.9377,-1376.0768
468.15533,-429.07712,-253.76135
-475.59116,-1425.4479,795.3628
-837.70905,-366.22382,535.90735
14.882115,893.27136,-728.5419
143.11748,828.9267,-1469.4589
-633.3663,443.7811,-633.67645
-843.2717,-405.2664,942.72644
-425.63898,-1491.6265,1763.2
-359.31238,-1271.1035,1598.0057
-569.3533,-106.20504,638.22455
32.232597,-165.07365,-547.17474
539.53094,-959.3032,-898.08954
115.249435,95.99587,-403.8777
80.43293,1021.0037,738.3043
296.34402,-266.68967,1635.2502
-150.28195,-898.31866,1677.1501
-52.485622,32.218014,1101.1444
564.71893,436.29993,-321.70752
532.2021,297.6807,-1342.462
270.07443,549.8565,-628.1708
-43.734528,442.48468,625.20734
-223.59491,-413.9376,918.08984
94.984505,-464.8023,671.8702
901.58704,284.7228,125.11772
1533.1827,112.204605,-490.42886
1135.8364,414.19177,-226.7631
871.8703,1411.1298,346.0969
982.40753,598.8992,288.687
-75.41293,-663.10614,-386.9235
-1413.4247,-739.56116,-1064.8408
-1035.4868,-740.4001,-1667.0378
305.08267,-693.0992,-1806.6232
499.97537,334.85645,-1052.0044
19.453362,803.38434,-332.0253
-437.0124,-412.25253,282.6293
-964.80664,-742.2945,380.33447
-552.017,113.219315,-205.57854
-372.85345,140.77908,-836.7018
-848.9051,-378.13852,-1395.0444
-320.7707,-347.82837,-790.2196
52.712433,-90.42078,415.27832
-754.70056,-427.0462,665.86523
-1373.8729,-548.8458,144.6479
-651.27747,235.59502,-523.42126
212.56105,831.25024,-319.30807
-308.9513,1155.9011,1023.14154
-569.42957,1370.2839,1971.0111
144.20227,384.48807,1597.9874
328.58218,-525.3882,859.20245
283.65942,-32.373577,406.7644
398.68948,372.90686,55.122993
394.03024,273.57373,-343.37225
232.5038,605.34247,-621.71466
151.40121,732.38403,-344.58304
341.88617,-85.21867,134.57274
325.91135,-409.75656,356.93106
746.20685,56.50889,695.4274
1231.0995,306.57584,695.02905
593.2488,527.2243,-390.25894
145.34953,484.22223,-1049.9259
370.37817,-228.67436,-582.4408
-143.66745,-892.08575,-362.16156
-972.0893,-543.401,-329.24777
-588.9552,52.29493,-588.86017
302.7276,-326.50574,-1331.4362
554.5391,-580.64136,-1178.0115
452.77386,-83.40145,-208.307
286.3198,257.99948,387.28778
-51.74776,528.1743,792.35205
-595.3662,809.73303,849.1097
-939.2494,-15.165384,337.73355
-768.20935,-1447.3557,100.63876
-499.28928,-858.9039,-15.57332
-275.64142,514.95575,126.20336
-395.7937,-53.43514,678.39014
-1335.4922,-1086.3694,864.70703
-1267.7129,-643.3746,883.00916
77.331184,889.2806,520.4184
507.56265,1342.0464,-313.8191
625.8342,447.34454,-377.1174
944.15265,-212.86649,469.4465
286.8037,-389.7344,997.9503
-811.0965,102.22282,892.68317
-814.1188,299.09525,220.58714
-66.25031,-554.9252,-724.4886
463.6585,-616.38885,-625.71655
1024.2378,383.72205,-99.93778
1284.7958,647.4729,-264.5192
1084.0028,178.35974,130.08032
750.00555,100.468124,1043.461
755.16895,119.536766,1049.1433
773.6073,-185.00996,177.89491
254.67357,196.91415,-759.7517
953.88525,543.64606,-961.2148
1552.8104,-248.63445,-395.51788
255.36206,-595.8377,164.37625
-575.4357,5.702204,366.35635
-735.6734,509.7433,-412.7324
-913.38226,201.98528,-2199.0574
-777.05743,-113.78151,-2792.2988
-704.9007,306.41226,-1599.8365
-935.1041,-95.57683,-186.84642
-1281.2872,-980.9484,933.7012
-1160.8335,-953.8725,1118.8207
-639.3099,-654.6667,147.13986
-265.5438,-430.38498,-424.89075
-348.30298,-287.02658,30.188528
-829.4617,-492.38644,701.2428
-734.8331,-631.6869,1345.3007
-8.739243,-334.2581,1464.6606
37.696327,-410.14502,901.83246
-440.38232,-352.45087,273.2944
-292.4203,1223.0137,-346.00378
1056.4929,2198.5833,-545.1318
1908.927,1072.0704,27.879435
706.0509,-349.8503,940.479
-330.0014,-1047.2642,1368.7045
-149.64745,-573.28845,476.40314
465.62537,155.25958,-1240.2196
1256.811,-6.690407,-1737.8501
1477.4092,-293.54602,-1004.8275
923.5885,-456.8314,-313.98767
123.07577,-271.46878,520.12897
-98.6401,37.264565,777.6273
243.19936,-69.15458,-79.68598
252.88202,169.504,-750.3137
148.65701,713.6206,-504.15854
51.18004,616.49615,-466.7641
-824.57935,-123.03843,-598.7313
-1497.9789,-377.61246,-322.7919
-672.4975,-174.41164,-257.55673
173.31186,-417.8368,-245.08638
-248.4399,15.115453,-604.5429
-206.14659,630.2808,-609.44794
454.657,15.222315,264.76547
-115.12785,-382.23972,878.3031
-882.0844,-376.432,1224.3481
-926.97266,-362.262,585.7174
-794.24976,-240.3163,-606.9834
-507.6833,-244.32997,-398.06638
-28.023315,146.03986,532.1668
551.2237,230.02847,1133.8295
381.72998,276.31458,1433.9496
-301.71136,1202.7958,1051.6375
-341.2747,1344.7393,261.36377
64.5552,391.02664,-310.31232
774.7317,-332.34814,-429.80524
1511.6407,-629.3533,-60.613438
1136.9132,-524.38074,464.458
7.659276,-84.086876,359.16428
-206.3882,226.87198,-318.60434
659.4312,186.87967,-869.51086
1069.6204,454.50058,-1452.6626
988.35095,659.02924,-1274.8988
772.3601,208.60596,-476.74237
-125.42303,-137.06555,71.71905
-765.6479,130.98953,895.13995
-1040.311,955.3107,676.654
-1121.8442,721.1048,-923.34033
-854.5082,-533.7482,-1818.0986
-794.7245,-891.8235,-1467.1997
-342.896,-814.582,-562.24866
444.00455,-610.9193,378.13464
654.3267,-31.56544,908.7122
193.53325,368.8957,787.69855
-351.83957,281.1358,410.51807
-417.19278,-220.44702,377.93442
-0.23622158,-352.87204,912.9956
153.07101,356.12955,1378.9049
-211.80174,967.12964,1272.812
-330.21115,634.67175,1098.4579
-262.91592,-191.15523,556.74286
161.7701,-548.60266,-548.66754
1105.9606,-278.52087,-842.38556
1361.5676,-174.11858,-247.1389
563.86743,-588.9766,386.19418
-250.72974,-356.263,993.97003
-596.3039,773.1477,556.4645
-612.77686,774.1265,-888.9367
-201.39542,-101.21937,-1424.3928
