ax,ay,az
53.723713,-43.31217,133.2575
52.142933,-13.853407,-23.516745
29.41335,97.54182,-113.71098
46.914837,175.77127,-62.56425
159.60144,148.37753,150.46284
159.78351,81.42758,250.08853
93.346695,110.68188,219.72404
61.66376,140.8269,174.0856
25.544977,114.385025,125.92444
131.59125,96.37853,210.13797
182.18704,79.030464,232.87964
38.753754,90.198494,199.16933
3.5980747,145.68967,205.20914
75.45912,153.04932,181.89874
121.60176,56.3414,282.3586
110.520035,22.781315,298.43878
24.47252,132.17741,163.53552
-37.64038,150.84836,166.6587
-2.9206192,85.13595,209.5888
120.92412,55.688534,263.96063
95.71451,15.183555,255.4572
-50.589485,94.63458,111.08713
-31.425087,219.42868,73.433525
-13.203595,124.6672,171.47707
36.585587,3.2938125,340.36688
140.29669,23.760597,384.88724
39.00443,30.779102,230.1007
-46.057423,64.239716,145.37149
60.876255,125.84432,147.8929
140.87701,48.19149,273.58432
95.77714,-66.31263,376.67892
31.929571,-54.534897,224.8089
-9.417774,-61.23825,134.45471
2.8193004,-99.3327,134.6884
101.643745,-41.495777,162.78297
79.20244,-102.06281,298.72604
-28.460398,-184.58272,256.9564
42.8156,-87.70694,81.84347
49.57863,-97.13996,11.384501
-47.92317,-130.99973,53.511333
50.042244,-40.542343,88.59353
71.74727,-108.43179,72.615204
-17.438555,-232.37646,126.74516
38.199245,-161.62247,98.43847
15.506929,-124.63437,51.855537
-75.308975,-180.55412,110.850334
-38.478027,-107.74616,15.984729
-26.885908,-83.886246,-42.072018
-117.14154,-215.0783,28.465021
-94.50468,-178.8292,-34.502754
9.458145,-125.903114,-43.9106
-65.80018,-254.35251,-40.908302
-71.45779,-213.74573,-131.95755
21.87776,-129.00058,-120.06789
-73.69908,-206.44168,-85.30418
-25.117918,-154.17642,-90.27845
72.801445,-53.671597,-178.84491
-61.68523,-88.24911,-275.93994
-52.87722,-17.359472,-299.87204
26.21594,79.681206,-283.6515
-53.582806,-6.1670604,-158.80019
-85.03201,-1.1917099,-172.0947
-88.15999,101.86363,-309.60043
-150.73738,51.513527,-286.2138
-112.97248,-3.2292106,-204.84117
-1.226437,43.82707,-154.74338
-53.236187,46.18279,-151.48004
-196.37627,60.299984,-243.37251
-155.69257,80.526024,-304.45093
-72.40029,1.2709459,-224.08832
-38.796566,9.602571,-140.12666
4.929371,156.81845,-167.91469
-121.66711,210.09207,-200.43588
-170.09514,84.43704,-115.96915
-6.242186,-9.045844,-27.374895
36.968388,16.439074,-20.471476
-96.16129,82.700096,-114.34165
-208.27138,197.53946,-252.1579
-127.29826,127.247894,-155.69438
-49.504,-125.868484,28.10318
-47.160603,-112.311844,-16.16195
-95.32454,117.716995,-231.47504
-236.12846,208.63889,-401.423
-132.541,140.12242,-312.42896
94.098755,-7.2583637,-80.27222
106.74869,-76.926216,64.06216
28.301329,64.55544,-26.879375
-55.207333,205.19981,-234.60138
-25.353146,120.025375,-172.27698
167.37234,-7.357615,31.616901
240.80148,18.266987,132.10214
47.747673,76.90727,102.30301
-91.89191,155.42175,-95.7069
16.223404,102.51187,-120.8165
114.251274,-164.81284,64.17156
122.17663,-151.50142,97.220985
82.86614,121.45062,-75.716286
-70.06729,174.65099,-264.9695
-28.619415,73.38991,-216.92676
219.38666,-33.40971,-48.87142
191.49121,-85.7836,35.225403
73.50273,85.039825,-18.19126
74.906654,236.6914,-146.95357
82.64032,54.258118,-11.981441
215.28758,-157.5683,202.10704
258.393,-99.931694,126.91819
101.900925,45.81287,13.1149
24.12523,106.68503,-35.641125
128.65933,44.96074,30.61153
237.41655,-109.52299,246.14333
161.16698,-80.03221,235.70357
56.49861,119.73336,84.73162
-21.481579,90.90017,50.707214
16.427084,-90.196075,122.78648
144.10596,-163.95642,282.2323
33.60562,-141.35619,274.94882
-103.401085,-25.049013,131.24188
-60.65105,-5.777147,26.39078
28.667015,-183.15173,50.589676
99.695175,-258.7579,207.56705
62.659107,-120.673805,193.54704
-28.510353,44.423504,95.696846
-26.240314,28.773954,84.07309
43.346703,-176.61728,93.508026
88.87296,-276.67133,142.41583
13.378778,-94.81672,54.647526
-108.5775,116.809,-44.876766
-98.96799,42.892296,100.36185
-29.169935,-184.75697,208.07846
26.236202,-271.1921,169.9228
-60.533707,-147.85898,46.102566
-169.13904,143.3585,-95.9795
-108.35923,210.80772,-19.7425
-57.580677,-89.36851,200.18771
29.951107,-190.52414,302.35513
16.290085,8.33637,148.81485
-177.12617,135.45322,-8.260447
-157.99655,146.6181,15.742521
56.526012,25.496588,104.09581
88.37985,-167.99617,251.92424
-47.851604,-65.67625,170.10162
-119.37012,196.68523,-67.72175
-100.92309,120.0756,-19.668064
65.00333,-75.48527,90.29448
211.70131,-90.86133,110.6712
66.57842,-49.638897,127.972176
-118.35168,65.52717,69.55155
-6.703267,41.447834,75.81938
134.6813,-251.81436,113.02573
111.67495,-298.97867,48.706844
69.936554,-18.981098,-54.045666
-46.45133,101.312996,-44.485767
25.415218,-7.9901633,126.807205
263.1034,-150.60378,110.60817
202.07262,-217.29823,-47.99502
8.717251,-50.225266,-160.90385
-17.426252,172.53143,-197.63054
73.66382,35.86393,53.356876
126.37676,-232.9583,228.17963
78.58996,-208.72572,83.233765
-93.45495,-42.41313,-118.0616
-179.19763,86.40685,-233.05925
1.8611823,92.999725,-116.89737
78.36636,-111.49418,41.484093
-20.884863,-123.18509,-27.361292
-77.79178,155.49422,-178.48167
-139.14673,205.8282,-233.07036
-54.240097,73.41622,-169.22583
129.46721,60.609367,-95.91695
58.801613,114.36981,-67.22313
-112.480385,204.98256,-47.684444
-115.53677,241.65364,-66.94198
22.007906,102.507256,-28.470476
139.46394,-14.2170515,22.968044
14.38629,60.38225,-74.19085
-139.44737,211.4175,-133.94803
-111.65373,244.08722,-88.89949
-65.55532,91.39042,-22.490826
-31.34777,-65.247574,5.3099923
-77.03429,-10.268984,-143.44939
-177.37393,172.4266,-273.46347
-164.14633,215.28339,-244.29279
-62.423195,119.219444,-108.335106
-30.633232,-12.727411,49.157722
-91.7485,-14.605892,-86.03918
-132.21603,140.65172,-254.31793
-187.6181,147.97945,-187.09357
-87.18882,100.64573,-129.7045
77.1315,51.666477,-32.962566
-111.187546,-45.437428,-48.966156
-254.46072,63.945984,-188.82582
-158.50867,142.71652,-201.09413
-147.33765,-18.999767,-123.20131
-82.244644,-84.71817,-30.982754
-73.74248,35.94705,-92.14411
-253.43495,71.09398,-127.93188
-237.07074,12.791392,-75.20775
-49.511974,-5.556184,-98.545586
-56.6746,-95.24989,-33.552505
-137.64328,-65.7615,-57.15156
-84.263374,153.6573,-170.75183
-90.213394,96.03691,-72.87873
-76.56078,-100.18289,26.16426
119.88277,-18.403252,-45.240772
89.69346,41.890873,-109.940285
-85.283905,26.825481,-73.48851
53.195656,140.0929,22.293922
134.1426,33.12688,163.7851
63.966858,-168.62221,235.27599
126.237686,-69.23647,58.55594
12.355612,7.0194573,-77.70954
-98.500626,-44.05896,3.9043288
95.12235,59.78846,-18.631245
124.19166,27.750593,40.676212
-56.802456,-182.06387,185.76416
-20.759167,-33.334576,56.045162
51.98071,64.55862,11.376477
-56.48043,-140.82253,138.30379
79.59837,-29.748188,150.89412
203.35797,58.54528,178.36148
-37.7557,-122.0938,226.84546
23.417053,-19.728523,161.09839
208.40388,78.7121,75.919174
81.92623,-71.385635,136.48946
128.11382,20.564972,179.37752
210.65533,112.384575,169.02939
43.527206,-113.547066,304.4292
101.53583,-104.7549,253.08313
236.22844,62.796345,92.45414
33.262188,-66.30794,209.66786
-13.922855,-39.766994,201.5715
115.685776,119.65546,153.91362
-11.508263,-77.244446,281.65244
-52.3706,-101.117195,169.17406
92.29419,89.63737,83.89586
-27.044521,-75.12448,196.21135
-67.78572,-73.04299,174.97493
129.87068,144.89078,129.70709
5.835557,-35.9218,200.12163
-21.165771,-156.80627,257.1944
152.36223,-30.034254,108.48271
-0.3284833,-78.34812,8.946198
-78.4123,-56.480545,40.962585
96.78023,73.05061,-24.14283
89.38042,-114.5254,119.743904
-57.815308,-286.8217,172.84818
12.765491,-38.542686,-147.64656
31.64088,43.842342,-195.63202
-66.1516,-117.70331,-74.78513
98.060005,-72.00954,-72.968994
110.21292,-165.02585,-2.6398785
-102.107864,-262.24084,-56.16311
21.851362,0.5296032,-241.33585
136.61534,34.941357,-249.6189
57.105766,-204.47014,-47.999947
199.38773,-124.05306,-12.039039
187.28363,59.704594,-168.62471
-30.382727,32.68958,-165.37233
39.557297,75.38195,-205.42654
192.14911,65.687645,-156.21599
145.44841,-118.247765,42.540394
44.31569,-25.444204,-83.45784
16.497725,152.43428,-216.21323
-54.097797,2.3085294,-140.83627
19.396273,-109.91521,-80.65
195.8941,-67.37156,-33.56008
49.247986,-57.20029,-71.79527
-89.75117,60.947742,-168.68512
37.33403,135.3024,-192.28456
98.29559,-67.30879,-52.751347
115.5684,-230.43092,126.37299
129.06377,-102.192696,15.76545
2.6953921,56.346413,-160.90692
-29.840176,49.572723,-126.15762
107.64428,-7.881471,-62.61604
167.54926,-122.162415,93.42903
20.053934,-191.32283,61.760757
-89.68445,32.51892,-227.41278
-46.392597,174.88469,-195.30211
-79.97243,-38.04202,67.819626
51.770073,-98.78804,248.11833
82.35446,-45.018333,228.36726
-216.3527,-95.54788,67.68864
-169.84831,74.818665,-90.59655
17.560898,134.87949,-96.66868
-62.783344,-95.50817,148.0231
-90.531044,-2.2181642,142.53848
-77.947464,238.08128,-41.593987
-193.07153,110.52602,33.525932
-84.8256,15.088576,62.18774
116.15121,99.2506,126.10543
-70.215034,26.114271,232.58691
-188.54803,118.47545,78.90362
-41.02633,274.69592,13.341574
-73.0136,55.18125,123.68147
-106.95926,-20.07038,136.21368
-6.142788,167.32765,33.78297
-132.39899,110.25108,-38.79678
-175.44687,39.47909,-7.379793
53.754898,98.90411,-25.15035
-14.103505,-49.827717,29.042753
-177.47115,-106.051506,43.004623
-86.24168,89.06069,-165.8705
-58.0561,91.71496,-135.74203
-85.737045,-20.692223,25.451286
27.197447,23.409945,-7.861328
3.7942436,6.155057,-8.107145
-182.96056,-93.868904,-77.47716
-98.6241,64.29776,-249.12608
14.942839,171.57365,-212.36078
-74.90292,44.627506,-96.506714
-40.235855,99.747955,-110.74537
-34.194717,135.7903,-195.44029
-132.856,26.216604,-229.42227
-41.064075,40.381485,-155.44536
27.17265,84.507355,-130.56178
-94.743225,48.761013,-129.65703
-118.027504,56.82529,-150.33577
-48.824223,114.70308,-209.21356
-14.66631,65.902885,-134.41963
-10.365933,18.219828,-125.555824
-23.432909,86.043076,-178.16237
-23.783558,93.55297,-150.0923
-28.506878,17.46799,-125.04679
57.064342,-16.220085,-27.470583
86.667595,-40.25333,26.87676
18.162127,-24.28639,-5.02331
97.64512,104.201195,-83.07324
121.638084,130.85152,-128.78596
95.26168,15.49538,9.535821
170.92856,-17.256649,78.82812
124.06975,-11.085813,52.719162
-23.166367,-48.78142,26.266777
-18.77119,-6.3050275,-54.81091
110.12073,27.045694,82.809105
86.778244,-100.780785,322.3239
18.691265,-104.44569,286.58435
16.551792,8.675586,127.51892
-86.74645,-50.59579,51.435863
-48.605854,-68.92452,87.5581
67.27136,-32.59357,185.16396
-61.214024,-96.77481,249.15932
-134.81921,-97.24987,210.23381
-88.42759,-97.539635,84.14439
-87.136604,-186.03468,91.90817
10.199528,-135.61871,132.95244
36.78073,11.80655,98.17833
-89.910774,-12.567591,175.0613
-74.868416,-27.355156,139.22742
57.539505,5.0417876,82.97701
34.990322,-150.82005,183.85515
-34.320755,-128.91844,102.643875
31.875708,74.95294,29.966766
-44.097637,-31.23094,133.73544
-38.43527,-98.69665,181.8138
172.0922,-7.3717914,200.56044
9.6589155,-138.83617,185.895
-139.56277,-107.61113,75.67501
41.520927,94.81107,-45.46368
13.290586,-13.879324,42.57839
-37.046646,-72.986984,210.15727
40.2642,77.906975,142.12878
-124.957664,-19.646671,92.37361
-158.3155,-130.22551,66.411804
74.60243,9.572594,-49.556717
12.565466,-40.810165,50.039806
-138.90282,-118.68443,119.373375
-53.58102,36.455822,-20.06456
-54.810226,-61.278656,-45.349457
-142.9384,-193.75998,-33.357296
-12.544787,67.25279,-92.98336
-13.8756075,153.71254,-99.25924
-180.88733,-25.651424,-50.488567
-13.189695,-35.515614,-78.676186
49.81356,-51.714962,-168.3133
-118.43935,-90.91992,-176.41829
-59.78878,58.075684,-260.87518
-0.8357552,113.610016,-306.20303
-25.888235,-67.194756,-134.90671
43.65174,-61.210533,-160.60558
70.597206,62.55561,-277.26605
-50.42298,-6.4896226,-266.31747
-41.164654,13.922286,-319.16306
115.52687,35.48688,-243.87485
91.97497,-90.19933,-111.576385
75.39841,-53.40081,-101.54975
112.60262,5.314012,-125.75819
49.807102,-92.449524,-173.5598
99.42449,-111.37012,-171.99019
163.28523,-45.178043,-159.8216
103.97896,-14.384183,-89.567444
64.030205,11.172031,-7.2981105
48.57258,-34.963737,-8.52257
15.309764,-119.46846,-8.612675
30.386406,-58.489555,-75.42303
35.289608,68.743645,-87.54143
0.97290003,76.03852,22.634748
53.71126,3.2658541,78.1252
81.9885,-81.29741,56.625072
70.34718,-106.07173,-39.5922
50.35352,29.077309,-149.48227
67.00505,121.766884,-77.15582
147.35573,44.8675,53.62726
145.58191,12.6632185,63.981808
129.6623,11.836869,46.142677
100.04489,44.329525,-19.575964
191.50125,169.13644,-21.821205
243.88606,139.00754,59.208965
126.52526,50.93614,87.81682
173.4546,114.6858,54.62333
134.16812,154.17088,-6.4668565
51.256943,173.00198,-1.6969272
84.32056,217.24336,-52.490288
27.62616,164.26843,-96.06974
8.593424,141.56084,-52.86434
70.84465,273.7481,-73.66932
57.55065,320.64075,0.5203655
-7.0189257,220.4102,97.88395
62.033943,207.92639,29.825047
117.88185,232.7578,6.9828386
56.179928,227.011,55.825493
78.37251,349.32556,96.39567
94.069565,354.49124,153.5729
0.089765675,119.09881,114.75992
19.963882,88.38487,-0.7128868
45.813114,202.28036,-54.32355
-76.341705,197.59703,50.598007
-34.488373,188.95067,196.93497
13.567677,102.952354,169.01184
-54.21796,-43.496773,110.15443
0.429358,32.81479,42.8685
4.793751,183.21562,-5.5287247
-29.72798,96.29293,89.69804
25.127604,-6.6995254,120.90855
27.742987,-2.9506104,97.84668
-35.871025,-74.553925,128.16399
-51.425358,-119.57166,162.4363
-10.613878,-76.79537,197.0432
-1.4483974,-117.54317,211.16702
-40.316357,-187.51663,250.58131
-53.540565,-154.06538,343.20575
-70.19341,-129.55574,373.56735
-97.19705,-175.4038,336.4449
-113.96616,-220.02412,249.32465
-176.14484,-209.27682,153.07527
-172.62482,-201.94513,229.3275
-150.23807,-272.2941,328.76047
-163.2423,-344.3068,337.75183
-133.4793,-384.7918,245.4691
-168.86383,-352.55496,113.83107
-186.75226,-277.4473,165.19127
-123.125275,-303.38327,240.47592
-56.00097,-369.04312,298.36267
-45.254997,-383.76733,242.4445
-135.89328,-360.96118,38.74436
-175.99905,-296.36536,-0.9268979
-65.42025,-230.23724,45.800747
74.39816,-247.11946,137.77692
47.647022,-296.77112,159.15309
-58.377846,-224.7031,-20.591349
-59.112827,-166.32115,-51.41052
-49.948807,-225.39725,35.142384
-11.488587,-132.90681,32.66713
-22.713072,9.956234,19.801617
-216.51013,-3.0527127,-43.104885
-256.80847,39.857468,-63.11498
-126.956085,81.08517,-22.609314
-164.22508,17.07982,-11.203835
-214.74936,80.813866,-70.31331
-170.83977,236.51431,-248.87917
-193.62811,197.22258,-217.45287
-187.73662,62.738735,-45.976643
-122.423004,83.912674,-100.13272
-155.27187,124.55267,-210.37955
-243.46162,134.13367,-320.42032
-183.3238,231.89522,-380.1694
-70.34138,235.5162,-234.57253
-141.09645,115.89559,-89.59255
-150.37344,156.90216,-149.81403
-74.79812,237.42429,-311.73032
-113.6534,156.93564,-307.7659
-14.664023,166.47977,-175.50737
95.88804,217.57607,-117.35707
-28.350296,84.347725,-45.47078
-76.04267,64.82836,-122.81985
48.01161,184.15538,-329.8712
66.52914,99.69115,-273.70108
62.14744,37.798866,-166.8869
197.39038,120.530365,-191.43002
185.70181,12.052486,-177.32959
84.87142,-111.879364,-185.22166
175.0588,-33.60081,-224.9434
181.18228,-64.663414,-228.70628
98.57013,-156.74413,-218.23904
171.76396,-87.08339,-246.4832
144.3001,-92.453926,-299.40305
39.999325,-153.87671,-284.22498
130.52066,-56.95296,-334.2994
162.05807,-24.896046,-366.38113
60.478188,-120.14648,-258.43423
127.01601,-62.422153,-287.09598
215.67891,-0.39559776,-250.08792
168.68832,-79.95034,-137.98143
203.24512,-33.51505,-256.07153
210.68106,-5.914411,-319.78552
88.77726,-117.12429,-246.51534
127.04945,-47.9025,-165.85864
182.03194,54.203644,-93.73464
23.048891,-47.353077,-70.650246
12.159252,-45.417934,-141.64531
99.57404,53.62102,-256.0963
8.956299,-12.738998,-146.35464
15.144521,0.104630575,10.609069
103.91297,113.40523,18.58228
33.020428,25.170485,96.63202
-15.040423,-28.997013,48.86954
69.946,119.14343,-79.97458
50.67652,140.20662,27.76774
22.93996,113.545135,168.83487
128.82019,190.8642,246.35216
51.857365,83.17019,256.29877
-68.42533,6.475186,144.10983
49.63514,183.0529,67.80857
61.561604,218.48953,89.324905
-26.525219,101.00814,148.71616
64.73304,65.38852,191.8353
68.08513,50.05432,256.17914
-2.920215,21.678246,340.4968
34.621265,43.223724,257.28683
25.88243,85.130394,151.63737
14.946347,78.46051,165.26349
11.079164,40.792572,121.421715
25.214975,11.672981,149.18417
33.610607,-45.42435,213.51602
1.1870072,-103.31338,148.13536
51.358868,-44.378296,48.557114
55.22814,22.382437,-13.510075
22.950817,20.452757,76.055145
89.07303,65.369514,162.81432
115.38015,52.556595,152.31387
36.946636,-71.5939,233.47008
-11.407674,-60.690197,251.78227
6.624142,85.31244,212.31335
-16.710321,52.280632,281.74435
-57.911377,-29.874207,238.3471
-63.534378,-18.82828,136.4752
-178.0059,-124.57004,124.51427
-244.31444,-123.3011,120.69728
-96.764496,-7.275569,126.857796
-133.26381,-86.76438,81.01251
-188.31229,-97.75738,22.223156
-105.73816,4.770339,-38.0699
-218.34251,-95.21078,-8.322852
-177.01302,-124.80243,89.63912
18.365501,29.72502,52.783558
-56.970795,-50.812393,138.94568
-164.37944,-147.23767,245.79572
-67.14836,18.51101,170.12141
-37.912003,1.4699686,175.6197
-122.47233,-134.40388,118.9357
-49.487568,22.951876,-22.273148
-6.4825387,68.23499,30.573341
-88.43989,-87.05598,153.82977
-14.9690485,-17.753864,195.06464
22.602873,-37.075928,185.20741
-90.35721,-178.57033,103.72895
-20.02953,-66.23697,-83.176956
21.831915,8.107974,-155.8515
-41.154404,-68.23228,44.96007
74.69255,-11.635866,127.58829
90.68127,7.103376,23.07211
-36.467823,-112.939064,-8.937445
-29.390379,-25.24181,-93.44966
83.24976,127.923935,-102.32607
79.41899,55.006985,50.03614
44.406887,48.213314,75.78583
126.09116,132.62033,9.133788
58.086414,54.19964,-39.747616
23.828531,78.48688,-76.11504
157.58377,292.14835,-75.45997
96.79205,309.5784,-47.380993
36.071354,206.78546,8.593274
137.42749,215.25189,-25.840326
147.18974,212.16626,-79.27494
112.81211,159.98868,-48.815018
100.873,193.27751,-91.27771
83.259026,212.63458,-72.08404
40.908943,133.55128,16.90319
-11.956327,166.7266,-13.059756
12.795403,240.58157,-84.76665
-14.126848,228.50023,-160.45859
-17.90196,230.11201,-161.62616
58.77439,201.02847,-68.8676
21.373096,138.92047,7.476852
9.579615,155.3428,6.1412764
30.640852,175.48108,-109.93996
0.26329723,118.911545,-163.57195
47.945847,113.7962,-77.57285
112.107,141.26617,46.11854
127.13537,85.123405,185.18068
122.48615,28.42029,171.82843
96.62311,29.920135,34.825016
43.59978,-7.2161446,-31.707598
-17.907648,-43.24367,-42.60888
45.37881,-6.748026,10.800941
80.75174,-60.228947,62.891075
-10.283276,-185.62708,44.741856
0.72129595,-202.98026,-30.219265
-52.25704,-172.81415,-80.590034
-113.671585,-137.85188,6.4170685
-24.054338,-49.366276,22.50904
-33.38981,-53.52099,-34.84592
-83.84083,-212.8166,9.068816
-62.422146,-286.963,-10.304617
-10.549535,-255.5494,-16.68869
-14.053599,-284.97583,42.60196
-52.050873,-261.32962,38.8469
-33.65509,-225.70958,48.805042
-89.05544,-306.20605,52.124985
-104.31893,-277.51404,-5.00768
-64.819374,-222.40364,-74.59428
-201.43364,-322.43335,-85.297615
-237.58119,-305.90698,-85.15183
-121.65695,-224.82524,-107.61516
-177.7446,-310.51642,-61.165825
-181.92165,-321.7207,-100.26514
-46.142567,-249.28865,-252.1739
-79.375336,-386.82938,-208.55779
-90.936935,-445.5212,-117.52878
49.42295,-221.45796,-136.33672
-15.216568,-206.16136,-44.889038
-129.96185,-323.11447,-56.437138
-37.120743,-218.68208,-169.85101
-62.755817,-200.19733,-119.19631
-127.18241,-172.30222,-90.98946
18.11393,-3.0302384,-87.04593
-14.569723,-107.58954,-21.686775
-90.28069,-243.31635,7.0716596
76.56749,-104.244835,-37.13174
11.009274,-59.261074,-57.201847
-62.025494,-87.99422,34.083874
93.75414,-18.713804,55.98732
74.95259,-106.56575,88.7164
41.05224,-232.73236,184.82803
101.45721,-105.73595,76.37705
77.893974,-14.665204,11.165629
41.67789,-73.99289,53.74193
98.949486,-22.999084,12.311433
79.78534,-1.578794,64.60921
6.81341,-1.4734739,113.553795
83.850716,156.36046,57.559887
74.689674,193.26765,-10.018903
-18.185389,144.51933,-37.393627
47.67039,254.75206,11.256427
52.68925,334.25763,74.40274
-48.14971,319.88895,108.52355
26.280214,328.51776,15.0569
61.730236,253.57497,-80.72626
6.9249167,164.6754,-31.522211
95.0076,273.85712,-43.436047
74.12763,337.59335,-35.062824
14.90031,244.73155,31.124102
65.07957,256.56375,-38.89348
49.6675,262.76495,-76.05505
-13.9415245,206.49405,-57.017418
18.707735,277.20148,-61.86364
92.38942,259.81726,-6.2818837
-2.4610462,101.876205,16.984762
-19.772575,76.733246,-6.6208525
35.913944,87.99396,-50.00336
0.70303607,78.26713,-101.70131
88.80677,123.42232,-109.14567
103.71156,107.595726,-116.91595
-19.209429,63.470196,-76.29619
-15.540977,84.01048,-65.84116
26.766111,85.6753,-132.19064
-20.912027,25.702742,-101.475586
-23.00894,25.006145,-119.17362
2.4749017,92.73671,-151.23962
-20.115992,58.126762,-12.822132
-0.68678814,-3.836326,27.760756
35.905647,-22.587463,-16.765162
-12.36524,-56.926483,-53.3753
-89.01054,26.477694,-153.36763
-83.42741,101.41568,-116.33017
-121.08578,-19.490755,22.292864
-66.31465,-141.98119,97.47492
45.97686,-166.93951,50.339336
-71.99753,-126.45974,-94.63814
-115.341545,39.51904,-218.37749
-52.630543,152.90729,-243.96545
-61.272682,28.28256,-49.413326
-69.56589,-59.34669,65.07297
-104.957344,-1.6517671,-103.7027
-137.39711,47.95723,-195.79146
-53.369072,125.49917,-151.88199
64.988976,154.52477,-19.557589
23.205225,54.25222,96.41135
-75.09747,40.78747,14.80366
-50.092888,122.54013,-34.778965
23.099741,83.0933,16.675776
38.88912,31.768377,65.93659
43.777252,51.478733,100.50595
-50.729244,74.08546,14.01657
-109.71147,104.60727,29.640224
-48.44714,68.9463,152.60817
-82.99176,28.246056,155.76044
-88.9943,77.651825,109.56394
-113.068634,133.69936,-6.771425
-92.3657,124.35511,41.93876
-1.9619243,45.725967,216.50705
-10.557049,-37.205086,213.03996
-0.86702895,-22.817852,108.61793
-26.268326,85.79186,-91.91361
-34.829784,173.75105,-132.45175
11.503127,157.22183,75.420364
33.140312,66.13909,216.89641
57.863743,20.856133,224.39809
61.57397,34.1747,69.45006
18.198782,78.16558,-54.35599
42.375748,148.98007,57.334305
101.131996,163.54117,181.32312
26.865215,63.410397,278.8975
-42.56087,-63.39042,308.19858
-39.91817,-65.73445,197.89441
-2.3071203,-20.949802,211.44202
-19.030235,5.8961697,300.0064
-33.99035,35.20321,378.3246
-23.13058,-40.626835,433.5294
-62.93121,-164.05872,330.3985
8.099021,-160.39594,202.1529
8.592232,-72.283806,115.44137
-26.027643,-21.755955,123.09927
62.44492,-2.5356572,185.21945
75.71598,-67.02706,173.01363
82.8517,-150.48233,154.37782
160.34834,-104.78285,73.18671
142.49077,-52.946285,24.302532
70.088844,-64.187706,41.243427
110.84078,-92.77546,-1.6112522
124.54267,-181.89827,40.802322
98.838005,-268.05972,68.126175
100.55957,-207.91617,-59.22196
87.43507,-134.04617,-171.8273
68.04253,-161.76158,-215.8205
113.9787,-155.22086,-190.83821
205.60083,-165.90102,-116.945915
110.87831,-186.00533,-90.64982
42.20562,-78.62419,-156.65985
69.11903,-18.041409,-210.76491
21.902718,-102.03788,-108.046715
105.40054,-106.88239,-31.477577
162.94095,-26.358997,-62.871765
16.009003,-65.83377,-49.076744
-70.6809,-92.29284,-108.14002
21.184126,-2.541219,-164.84029
55.998955,-18.560238,-101.137474
-9.351092,-60.617783,-89.11012
-11.530032,-21.599878,-48.463554
-94.304245,-82.956055,38.26453
-161.6038,-127.86737,34.789074
-33.68946,-31.112276,-26.971638
-55.468414,12.910799,-134.97153
-122.58773,-3.587116,-172.05396
9.137403,-7.919052,-135.32494
17.127075,-99.82652,-70.0027
-0.13150792,-159.11865,-17.298098
102.15532,-61.248604,-133.87903
93.090385,-47.206974,-156.64236
42.460953,-102.685646,-99.00923
106.59162,-53.329388,-149.17223
113.68189,-73.8634,-82.56464
5.117533,-148.15521,-40.841694
38.257767,-84.04531,-95.0426
65.3745,-50.118942,-77.350044
-35.739037,-128.12694,-39.676323
17.562609,-78.44594,10.865977
62.821312,2.8217607,46.625645
-63.936646,-54.464687,7.4577374
-76.10401,-53.110023,-132.69646
-40.785114,-4.298542,-247.99622
-76.276375,-21.167755,-140.10463
-19.898916,13.04096,-4.678931
-0.62541115,31.588705,89.96781
-26.620008,-69.55569,203.67209
24.69811,-90.08716,120.31265
59.864716,-15.854347,32.53222
23.20191,-33.499992,70.761765
-6.826269,-28.070267,64.44771
48.924923,21.736578,57.6718
3.1364021,-37.653236,8.935949
-56.763607,-57.512375,-42.21398
29.846226,30.73777,-84.15913
-25.315655,21.477179,-118.929375
-118.383446,-66.2693,-45.771103
-78.033325,-60.855972,-51.044556
-76.08464,-17.706606,-100.07061
-87.03093,23.706182,-135.43085
-72.512436,109.16078,-241.49292
-58.809425,102.0544,-181.88239
-87.2278,34.478233,-69.05935
-45.07056,101.02866,-27.357904
34.6302,125.10416,89.93664
-111.0137,10.5913315,104.06789
-145.43024,61.00248,-15.206113
-69.81484,213.70963,-96.85267
-176.64583,224.7751,-45.189804
-146.25682,244.47243,15.775868
-97.82166,245.40762,-48.653496
-198.32161,67.410545,-51.208572
-166.19052,-22.25887,-61.56887
-48.129204,91.73339,-69.49405
-42.601803,139.17924,71.69622
-46.309505,134.0424,116.78068
8.081421,155.10449,50.661022
-41.23674,69.67115,-15.622082
-76.85899,32.91812,-69.56704
10.694783,167.11041,-34.68585
14.825921,173.90897,23.76487
23.961967,75.52173,67.67558
121.760605,57.86764,67.19889
81.71231,5.787859,-3.927108
64.45786,4.3063583,-52.6583
167.69664,96.25945,-124.47233
150.68967,107.3486,-138.0553
94.95883,55.507885,-33.89611
54.507763,66.791626,-9.855431
-10.184906,72.47465,43.44685
-57.144005,22.283451,62.63954
-53.371513,69.55201,-14.764196
-25.725792,97.6124,45.34716
-67.97185,47.03315,99.50222
-30.063549,104.71897,126.40151
-2.4251723,99.133095,119.46493
-99.38431,-42.75925,12.432138
-67.22066,-93.38641,-71.34494
-49.35488,-84.63494,-128.28575
-84.852745,-81.67533,-55.58154
-2.4641385,-68.46475,45.87827
25.39613,-114.40801,50.842354
13.814852,-163.1687,65.273315
62.062725,-58.594486,-23.700968
105.73994,132.10057,-72.140686
107.82787,158.52914,80.981895
87.0733,111.21494,124.563156
94.89501,109.45777,82.41369
8.922325,24.109165,80.25872
-51.236805,26.642199,67.33551
55.484425,133.05994,107.22739
1.2885906,75.92165,115.324585
-90.9522,6.6938767,120.37603
-51.384747,86.28057,85.242165
-69.16297,102.21635,30.5219
-57.842045,53.837334,84.575264
-39.394344,70.918495,88.56365
-67.63996,21.750536,144.67477
-73.69242,-47.241756,215.26097
-37.46556,0.37091663,200.96992
-16.46104,-19.064556,253.29277
-59.695778,-111.46614,186.40286
-20.301823,-48.17209,38.48119
4.8869367,-8.338845,46.91833
-78.8988,-55.24607,133.61697
-39.625946,27.78446,175.00221
1.4390128,-1.363183,117.518776
-50.759403,-115.59466,45.323498
51.967136,-4.3072205,-12.61228
136.95976,101.03606,-19.872284
99.24134,58.019337,112.75825
147.9215,34.163654,132.85983
148.34238,-16.177223,40.99722
69.20972,-105.438614,36.536545
61.126537,-55.55024,5.5885983
74.048904,-9.138335,34.514866
30.049894,-131.73166,86.79575
-6.6273484,-223.30296,28.384989
12.319345,-236.20305,-16.412594
-25.044827,-245.37775,-63.714005
-11.092903,-174.52289,-94.36959
58.506893,-98.616714,-97.38616
39.64592,-131.10007,-78.142235
42.12481,-158.60298,-7.0354886
18.128428,-116.13812,-45.489494
15.3691025,-60.522682,-93.93565
56.454967,-37.37733,-88.78822
38.91084,-18.556076,-115.59696
65.68321,3.4074614,-43.063576
62.332798,10.035009,-17.584265
46.41027,32.55378,-53.117397
92.54478,9.180575,-50.68727
49.668407,-32.10182,-84.605194
14.875165,-10.59178,-3.10056
66.82751,28.971506,80.31993
51.466167,67.064,103.05066
39.342777,40.847794,135.06921
31.482298,-5.1562424,-27.75943
-27.676853,22.126118,-181.04741
-72.1753,43.255684,-184.90123
-75.04203,93.000854,-156.69856
-42.106453,107.737335,-45.058002
-112.99601,9.635957,-24.656107
-112.69853,13.125876,-95.67042
-54.422333,44.86491,-151.96855
-82.91574,7.7361255,-185.1059
52.526592,51.804474,-119.658714
79.4447,12.897537,-32.018974
-27.149529,-95.8835,64.2877
34.55536,-18.331373,51.00176
27.448938,76.90282,-12.179517
-43.817295,98.01048,41.315163
-34.1481,161.93956,-6.3142514
-62.6726,142.13638,-52.782307
-166.37428,2.3207808,5.676022
-186.13853,-10.698036,-30.686607
-132.04219,61.00651,-71.26872
-194.64394,9.847982,-118.38071
-181.89183,44.575783,-226.9871
-55.561333,94.94077,-202.9259
-78.114716,0.64993435,-89.847244
-0.9418278,9.106567,-35.61701
97.86148,-23.590557,-96.10668
-0.5814757,-155.33519,-180.15948
65.20979,-101.84688,-175.95146
127.78946,-9.441271,-133.16884
60.001255,-74.20458,16.098404
72.37247,-105.715775,41.809666
53.433136,-63.896362,-136.05864
-3.8952968,-84.67939,-162.46748
-29.379454,-57.4076,-93.36655
14.650504,-8.320131,-32.87015
8.146512,-98.38184,19.201847
9.251915,-188.03885,-1.200891
104.31157,-206.82922,-6.607091
103.61542,-231.33531,24.651163
167.84778,-163.20914,53.101013
267.21265,-93.079765,110.21736
214.39792,-171.12244,181.30539
209.42749,-177.4807,188.69247
223.39456,-101.499374,93.1757
156.75456,-125.10382,35.154175
153.60512,-131.41284,39.186806
162.6899,-110.93371,11.099769
101.657074,-159.19614,84.99913
77.677025,-134.18857,151.7317
93.063065,-25.715048,64.860054
58.52616,-21.021103,-22.730988
26.744003,-37.472218,-112.82623
82.14485,27.099806,-108.345055
83.37801,17.202106,30.84883
58.029015,-37.305176,112.938255
108.57073,-69.04062,116.6693
64.04139,-102.723595,67.02299
25.368908,-51.290318,48.410786
85.52733,40.933643,62.52903
90.46231,82.50315,104.35679
72.00237,81.33687,183.39041
36.464657,78.299286,114.81434
-50.198837,60.005787,21.76064
-103.45438,44.05896,6.4777975
-81.57851,100.59495,22.407162
-73.52114,73.86222,120.5549
-137.49734,-21.993677,116.67
-137.9097,14.77193,12.866872
-86.04559,76.765724,-70.65598
-93.4221,101.10148,-114.666534
-60.880096,114.63649,-51.772602
-56.384464,108.33187,-56.34363
-95.827354,141.35866,-106.166855
-64.99239,132.50294,-67.1075
-54.95839,136.75792,-112.96477
-38.14373,246.54976,-149.54523
-73.03171,286.1678,-94.60767
-117.0389,259.89975,1.1764437
-52.85638,236.03194,136.11491
-93.97456,185.94453,140.30884
-141.24968,141.96309,93.30538
-128.32127,128.42934,38.542927
-122.80535,147.04271,-11.258183
-71.6736,149.34113,53.25812
-76.63434,143.11002,93.43246
-87.78838,112.907555,130.727
-118.45529,50.632587,87.93795
-158.56775,40.49184,-29.318596
-198.16064,36.267796,-26.252403
-257.23898,23.838394,-13.068735
-187.74832,28.316505,12.19252
-138.19536,-20.628447,11.936924
-153.59863,-50.220352,-61.753353
-107.355125,60.12526,-123.27268
-68.65698,162.32005,-123.96588
-32.13011,115.7897,-6.1921616
35.206585,54.130432,77.38629
0.46913686,5.105819,100.79516
-98.10967,-64.35884,115.10174
-71.817474,-14.581621,10.763314
-10.010587,73.56667,-61.415123
-11.774996,25.10113,19.958353
-90.92842,-25.760302,61.219383
-137.88943,-16.087847,45.584538
-163.83998,-22.000172,25.386553
-156.15157,0.19186063,-40.155743
-53.129936,13.498054,-36.40421
-119.5139,-12.527445,-9.273608
-116.45782,35.923,-28.779644
10.606221,101.45306,-21.998932
31.965963,59.78445,23.555912
135.79968,69.23206,27.06651
198.18907,139.0576,-53.79848
128.10631,84.89674,-17.872234
102.32999,51.094185,57.362736
173.98102,76.3655,77.15478
139.06975,-26.089073,178.35617
21.996948,-83.06565,153.18753
47.615673,59.461304,3.990156
38.433887,118.76771,-38.84652
-22.801718,51.5644,13.099648
33.21825,34.298435,120.561264
-34.725605,-69.85271,125.66029
-201.74411,-191.67274,7.7770677
-148.85349,-164.25484,-77.6342
-95.282326,-168.34593,-50.073326
-105.16827,-220.54892,91.6634
-82.897156,-194.56108,77.765045
-81.17065,-183.4812,-18.110565
-45.09026,-222.38736,-28.471916
-13.3325205,-190.95732,-93.724014
26.502575,-137.15843,-65.81562
-15.129659,-167.27472,-38.16392
-15.734806,-190.68059,-80.6173
82.08394,-165.54913,-38.801838
55.76833,-175.26822,-62.325348
78.67159,-141.65712,-119.30371
142.22296,-20.722841,-146.5024
105.85383,-15.985404,-105.7776
79.06487,-153.93944,49.888443
74.07769,-210.21701,106.94043
71.61597,-180.06827,74.92974
26.777685,-194.48741,14.395343
-34.361507,-162.69878,-82.43797
10.550598,-82.623184,-55.583393
52.103367,-104.19426,35.438747
68.21717,-183.03372,40.682693
93.01017,-197.48695,-109.86407
39.93337,-144.66765,-256.58923
51.080772,-101.293655,-159.56694
123.94245,-55.38071,-41.946693
219.62312,-20.155754,-13.895892
252.58247,-45.35072,-26.371859
149.33699,-0.5212231,-131.08319
148.066,113.76946,-167.04778
139.89125,132.41632,-113.149635
144.66705,99.60822,-24.488022
187.05736,58.98504,17.840994
54.353764,1.9356138,-85.51967
9.165771,47.890198,-149.44551
63.06812,91.98692,-125.06787
81.98335,25.792871,-47.51024
159.31459,51.708755,26.915657
191.35458,158.62856,-41.129772
124.28448,154.96959,-54.04176
70.3524,112.01672,-34.729168
138.62538,100.97356,-84.09944
169.12128,-12.222207,26.302576
50.63224,-60.11113,64.25037
66.12706,124.7518,-54.630306
130.12343,163.04115,-10.254091
68.184,15.064817,88.36006
132.24152,40.506176,48.782368
96.621605,105.9268,-56.1543
-62.385445,108.251114,-75.88933
42.364174,215.41393,-52.76868
107.329384,187.65096,49.362724
-0.77960515,-13.8120165,233.62833
-17.622759,6.9200625,152.73422
-6.3368015,72.624596,23.208214
-111.02631,-17.521065,48.69134
-115.66502,49.080196,-11.016293
-38.50501,87.757416,65.85999
-172.2983,-98.29059,192.14816
-161.37231,-63.778595,81.879166
-29.888422,82.064354,-76.51832
-151.8666,-34.1794,-65.182175
-134.70686,-76.416916,94.40836
18.530928,-11.655792,166.63551
-109.29385,-113.919876,154.89206
-124.07015,-52.916172,53.99729
75.57909,164.62564,-91.19581
31.287199,82.767555,23.150503
-17.639095,-36.711067,141.76491
10.591226,33.805027,105.22744
-86.741745,-38.286694,183.48618
-98.54303,-35.058956,128.03632
50.334103,201.78427,-40.38487
36.847034,182.49564,-36.75669
-85.9513,49.27502,9.295232
31.74823,131.34605,84.76119
-24.550209,163.5532,107.66202
-200.7914,135.26106,66.6235
-97.97499,186.02057,-1.0726044
-48.706787,114.33857,-30.615866
-73.94103,-31.231497,81.375275
-64.69961,41.0827,77.04047
-94.72321,149.17926,73.90237
-114.881294,93.08338,132.75366
-32.841724,75.937805,52.454712
14.053731,101.75897,16.08633
-48.031693,75.53473,24.350632
-63.978104,115.60828,28.431252
-73.047226,113.60418,84.439186
-113.83781,17.848345,113.85794
-85.700874,35.93073,105.92887
-20.609789,119.595726,53.313007
-90.146225,152.30424,26.27207
-149.29086,80.10028,124.15621
-169.65648,-38.13254,164.9614
-176.275,-93.26445,72.05742
-97.45544,-81.18102,-72.53982
-105.87329,-53.291695,-144.03711
-107.902664,-99.37448,-47.627483
-82.58832,-144.15083,-16.783455
-61.999203,-125.72774,-52.687584
-58.905197,-54.53572,-98.38197
-40.035694,30.081747,-228.28801
47.6916,0.94057864,-205.97911
32.97401,-128.99937,-42.707783
0.93671584,-189.86703,30.597013
-33.562973,-169.10556,17.717585
-75.94813,-155.42175,-14.195206
-41.31115,-146.9562,-32.140583
-6.737301,-157.12398,-43.34931
-31.56959,-87.76445,-78.473854
-50.5341,52.378223,-158.89833
-71.79429,87.71262,-214.50392
-93.79677,-47.397915,-150.72563
-37.004524,-211.04926,-144.31609
-33.88619,-228.10226,-191.39339
-10.082875,-162.45695,-118.905396
71.22158,-39.72804,-69.930916
137.86176,9.957549,11.95816
143.11511,-74.25692,59.476864
48.80876,-83.77071,-29.274637
51.833836,-3.353416,-94.4747
77.728806,107.42278,-192.68114
95.93437,124.41751,-175.60745
172.98727,-3.099723,-75.2931
179.36777,-98.31769,-48.46375
115.42819,-120.61216,-24.345875
76.05823,-67.72231,-128.04634
124.11916,52.418476,-178.68668
153.23389,34.82028,-64.266205
113.821175,-41.132114,8.336862
121.41652,37.07536,64.14998
94.33823,55.019543,45.57213
34.327896,-15.938651,-10.220017
100.40467,11.722468,-20.79832
91.53064,21.90857,-127.196686
-3.3979516,9.202297,-172.26166
23.195066,50.16997,-80.08464
50.736588,6.821413,-11.759773
85.6966,-99.92794,25.310001
127.253525,-93.117905,-30.549032
133.00793,-40.63216,-38.122314
161.06029,-42.733128,66.45897
175.37643,-19.48599,126.60276
137.41354,-60.14358,175.41676
-18.337078,-158.89604,100.40502
-89.14377,-68.53427,-78.037415
-53.27733,45.851234,-129.57683
-100.1956,-54.297253,5.383848
-25.300121,-129.4197,166.41922
0.98740685,-116.48794,150.40878
-143.7323,-147.31972,82.77762
-112.922356,-26.23683,-22.519556
16.17588,148.32423,-96.39491
35.937473,62.62115,67.136635
23.975704,-40.49101,171.07837
24.058338,11.2552185,105.3672
-5.496024,3.527078,35.395218
5.5026584,-7.6118283,-42.952427
34.834293,37.764862,-16.702847
-9.30271,5.303931,82.42741
-30.673027,1.9246198,159.17003
-22.511969,44.259007,253.38632
-87.40089,21.408455,202.66805
-110.97142,22.058796,44.672085
-93.15672,42.109486,-41.233036
-174.46236,25.510952,-47.751648
-176.42572,39.55843,81.18376
-143.8065,28.570187,124.15932
-184.34079,-43.428936,44.072563
-156.60379,-42.220276,5.8550696
-167.8119,0.046049237,-30.043268
-182.85506,4.9798417,70.15343
-144.95453,14.551117,155.99037
-163.60541,-4.0461545,109.916725
-196.84525,-79.82107,28.736353
-193.09239,-108.08699,-124.31139
-137.36578,-49.92187,-142.15202
-86.01176,-5.2604966,-68.26383
-43.622517,1.5205704,-51.825565
1.2179719,-28.370428,-40.586624
-19.85343,-47.69841,-106.319916
-24.012573,-11.868974,-135.03433
15.367974,2.171314,-106.14579
16.999437,34.47042,-104.56871
58.667698,85.539635,-76.30756
72.548965,46.25495,-73.763794
60.552273,-13.101132,-15.785969
165.87291,2.6004775,42.06978
186.48698,59.13857,-25.618544
130.02824,84.81664,-42.985825
129.63431,80.25122,-49.128017
118.91857,63.157433,-24.402216
140.00539,17.122532,40.99046
140.47508,3.8407948,-36.46173
130.34032,43.916676,-71.39435
150.49619,90.700195,-45.86358
185.91614,122.95539,17.58874
258.71216,119.65116,218.05829
242.4127,86.326004,280.8394
182.99243,54.754864,200.51035
139.49252,41.056335,109.26265
72.35538,54.00137,40.21426
116.8624,93.22933,97.01093
164.61397,77.399864,167.59619
100.837,-7.309887,195.04495
54.575653,-40.800365,120.189514
45.637768,-1.7157302,-5.5935106
85.2286,46.30901,39.916935
90.46948,75.16741,154.41545
1.8101335,70.601425,231.62022
-32.23858,61.271664,211.65279
-31.076632,41.205643,88.24764
-11.990993,6.2852855,55.765533
20.156763,63.307514,72.361244
-47.757915,143.20178,94.23487
-92.25659,97.45542,139.60565
-98.462166,16.385468,132.00899
-116.297775,17.426952,117.3031
-97.25068,64.64566,30.872534
-111.87108,74.23099,-59.342854
-113.002914,38.883446,-18.432262
-85.86701,2.7707076,17.485796
-69.37148,-28.036436,80.21539
-94.76339,-54.086796,92.00653
-132.06787,-33.16751,-24.562502
-112.029274,-13.394262,-58.846874
-113.640305,-19.905651,-55.652225
-81.60827,24.127132,-14.609275
-43.69782,42.429,41.6933
-92.35505,-15.796936,-11.8014345
-120.44908,-67.85978,-80.77628
-108.680115,-69.638855,-163.09795
-58.974136,12.243038,-153.57565
10.811437,102.62335,-85.84334
-27.593672,73.37003,-94.20371
-70.87171,3.0431814,-86.04326
13.218717,-7.4683537,-128.53276
35.72121,5.190733,-125.06503
13.589535,61.80209,-94.74574
41.291664,152.06053,-170.5416
55.5624,109.84345,-91.77319
60.680595,-48.52014,-0.7987428
70.77084,-45.21341,-90.8
98.07624,64.30728,-136.3678
48.27232,63.90812,-148.9619
57.084923,52.15807,-122.35354
129.11893,21.80266,-59.53432
72.22899,-36.621384,-44.841637
99.50316,1.1278826,-87.6738
162.31973,68.22655,-217.46255
171.40152,102.77675,-246.23549
231.83115,89.85297,-164.79097
216.54031,19.134104,-74.18697
172.04927,-12.6373825,52.336437
174.22108,15.9801,10.810552
146.1335,2.4292128,-124.19539
89.84567,-58.80244,-127.24887
61.694065,-25.114885,-104.35906
66.32285,73.67292,-12.882002
5.495144,56.21166,98.452446
-44.69899,-20.52757,73.916245
-28.137154,-77.64199,39.311153
-79.15627,-121.12066,-12.08518
-85.02613,-98.349075,5.7999706
-48.907143,-89.46905,102.37713
-73.364494,-153.28935,107.59864
-48.112972,-224.32968,103.48815
-88.803635,-234.9859,23.444233
-175.37729,-132.63593,-48.25056
-139.49658,-62.491734,-8.349811
-146.76752,-177.79477,40.79353
-179.45593,-294.59113,81.414345
-161.68422,-280.7567,-16.864347
-218.82481,-233.79654,-74.455765
-211.64833,-145.13324,-16.092957
-142.36812,-73.992485,-44.459866
-149.70158,-151.352,1.3660244
-168.04446,-200.8103,21.36871
-168.51411,-82.124054,-87.518394
-163.62804,-38.58619,-114.357124
-204.0162,-104.32334,-139.72488
-157.34166,-101.54909,-125.55618
-118.332634,-121.51349,-57.240215
-175.53221,-131.44884,-59.438927
-89.71308,-35.908413,-80.856735
-75.98253,-31.784506,-162.41458
-117.48407,-89.22827,-171.6331
-27.876566,-40.722313,-87.483604
-46.242523,-22.002422,-36.681957
-98.201614,-16.884281,34.70434
-26.432327,20.616426,-0.42979154
-9.547677,-45.93674,-60.940533
-23.545176,-101.61529,-56.646942
48.785088,24.441422,-80.57652
69.917305,116.35053,-11.104198
44.298637,11.248573,56.77385
65.485535,-21.694632,12.830947
99.68351,-14.299122,-69.72248
43.80593,-59.44352,-126.46845
40.630974,28.453922,-85.31699
181.95561,100.4547,0.99294585
178.31854,47.656506,108.163414
137.46802,2.968321,133.82272
158.679,3.8896782,61.232033
118.96464,12.608325,50.076477
148.1774,63.28055,15.583996
155.12137,142.84758,-21.17276
66.41062,108.70426,44.164654
83.86757,55.981506,71.50573
161.98303,69.805984,60.442036
164.02837,31.47751,92.620056
169.42986,16.251331,96.11736
220.34598,12.715065,138.4712
216.69392,-59.502903,245.75401
172.78174,-38.41476,262.54785
191.9666,36.570732,220.89406
128.10446,11.794144,141.09671
56.70606,9.215799,88.97771
79.412926,66.40266,142.08087
25.314337,50.240753,226.19933
7.532752,2.9139228,347.05286
-35.270325,-29.094893,337.57108
-81.80992,-61.949707,206.2998
-37.482178,-42.180115,113.21126
-41.464577,24.764503,66.50275
-33.368023,85.13823,158.83078
-84.81415,70.34497,214.44618
-132.70155,30.782892,177.55649
-106.76878,2.3731253,154.22087
-109.010574,-22.68529,94.90536
-65.37955,76.498405,114.36498
-60.782436,144.87466,150.67361
-100.111984,81.17252,148.88957
-89.290596,88.61751,98.74529
-109.816025,142.81982,-106.60601
-115.29211,185.61934,-199.59468
-88.28003,187.11487,-126.036575
-96.42188,130.234,-43.83326
-74.02719,95.723076,98.6201
-71.788414,102.12759,96.11071
-78.496704,163.80005,-33.37155
-69.56468,193.45824,-104.795784
-116.58457,225.84836,-227.58258
-72.14788,285.02902,-260.27185
-63.069496,203.89717,-156.78671
-149.5666,140.21736,-94.660736
-102.375755,147.2596,-98.18155
-118.76856,59.884506,-116.78969
-166.62688,24.661987,-66.721344
-62.3468,124.735664,-83.770836
-49.145195,174.55252,-138.13979
-119.60467,159.79999,-169.60683
-112.3489,183.97511,-284.9424
-129.1361,118.51762,-230.54483
-225.71265,18.512354,-74.99124
-198.7798,81.376495,-78.91153
-99.72251,101.24476,-85.94469
-136.18027,-6.9862943,-104.37237
-50.366264,5.56289,-198.17502
36.18374,66.69143,-233.20285
-41.01619,66.77959,-192.10686
84.61379,136.95691,-132.40195
164.62627,76.15064,-85.42957
17.546581,-149.08641,-21.2016
-5.305977,-188.45468,-20.65043
46.851826,-119.56831,-124.15728
42.60221,-135.50027,-81.0297
70.3979,-109.1437,-76.08236
114.1245,-43.587406,-158.68616
106.42164,-64.430435,-99.72125
137.6376,-24.627737,-158.27689
173.3128,4.5817847,-218.44455
77.8297,-137.91061,-172.48087
60.63721,-185.28755,-125.047386
183.17467,-146.92636,26.76425
153.78221,-213.96999,147.68062
136.17606,-213.97949,130.81342
262.598,-103.91842,-19.571402
209.62584,-104.62127,-114.80927
146.83057,-109.07825,-81.581764
201.34985,-18.468678,-56.98804
147.87628,-77.505554,93.74673
105.72141,-216.16554,214.57423
116.46004,-221.93292,114.64743
106.14713,-157.49443,59.37741
73.37526,-92.04545,71.7863
105.85157,0.5277765,42.257244
153.33629,3.128191,40.18932
45.867958,-95.54146,48.912136
34.83854,-80.75775,23.106127
71.49434,-35.057835,-16.275717
0.28983948,-48.035213,44.49069
63.388206,-17.217852,125.30934
95.643105,8.68075,80.79868
7.976303,-15.860281,98.50912
15.029226,18.540806,88.22561
91.98602,104.08147,-0.55289036
112.77974,62.309505,55.46726
50.184593,-1.3037692,110.13073
20.717644,20.512047,187.66151
-3.4498563,-47.783447,296.73813
-16.860384,-110.44785,219.43091
40.74746,-43.932037,83.38391
10.122121,-1.3227738,-0.31137875
-4.3074293,32.69867,-5.433663
102.13095,78.17071,77.24433
93.249504,24.511208,148.68233
41.347435,-42.517334,152.48186
51.761406,-32.41086,27.637363
6.4873877,-7.6997185,-46.902733
43.732418,-12.764148,33.171177
114.502884,-20.435375,52.11208
96.92658,-38.445457,84.74657
72.39827,-80.87021,96.947495
20.1916,-82.20303,14.014418
-18.759426,-57.0098,47.96266
-26.587055,-25.190348,97.16311
6.366566,-12.40004,123.798935
-24.066067,-77.77181,124.217636
-100.381516,-120.73198,46.963966
-59.415012,-74.80075,30.25495
-53.1175,-7.214405,-9.205525
-85.760605,54.044197,-7.119823
-98.43915,69.241425,58.222874
-147.30418,-10.306386,66.53865
-162.84042,-97.16126,119.31766
-149.50783,-112.643196,109.60809
-172.63045,-78.57503,60.498592
-195.38786,-24.618448,63.028385
-193.95148,20.994331,25.374317
-170.31726,38.925278,44.403816
-144.60382,1.669903,43.782047
-155.70848,-42.976124,-10.231808
-146.48236,-54.193977,15.664563
-179.51881,-30.530897,4.057344
-199.1928,14.893166,29.900595
-142.76979,23.108456,108.85852
-138.83563,55.144165,103.00107
-129.70805,85.321655,57.121414
-153.41707,75.09481,-60.86657
-156.92882,123.89828,-73.5193
-87.74329,162.48271,21.97618
-99.49154,120.85029,92.231
-163.93005,37.798584,171.8426
-199.4845,-11.161339,81.11492
-161.97215,27.4518,-17.51107
-101.46871,92.70297,-16.051874
-44.04792,130.59465,-41.013287
-4.759922,91.574455,13.946148
-19.507446,-17.940857,40.443474
-37.67604,-113.256424,12.500837
-40.38497,-157.28284,3.5448618
-38.90128,-136.71901,-31.67694
-26.459837,-103.257164,-8.341595
0.8637162,-145.94333,8.115515
-22.512102,-152.77464,-63.974266
3.6521626,-52.55061,-144.69102
56.39964,-6.2364507,-219.0931
31.60961,-16.216162,-216.26534
76.60065,-15.292376,-172.5689
93.532524,-25.337837,-141.49554
81.86175,-37.42018,-33.895294
134.7913,-21.990677,-49.82984
171.17502,5.6319885,-177.81828
163.47853,-20.171738,-197.14229
130.25562,11.952997,-245.67601
167.98451,96.69432,-216.25
155.394,46.93276,-125.649
117.781,-34.71188,-146.89005
162.9308,-72.209816,-148.19785
126.74232,-120.850784,-182.90474
117.54486,-65.802475,-183.53093
181.309,64.4007,-149.25603
140.38507,87.85854,-152.05835
101.19421,76.537445,-154.43146
137.52428,103.02668,-283.74088
105.88392,100.18318,-339.07837
83.26461,122.2303,-272.69107
111.68745,145.48601,-217.53316
79.79955,44.225906,-59.232304
17.248682,-32.270485,-5.275401
6.7273536,85.352715,-124.57255
25.659672,200.57893,-207.90598
-24.193853,221.64581,-267.46844
10.831948,247.6305,-234.81425
31.607864,184.57576,-107.177666
-80.75762,71.88181,-22.424849
-57.30224,93.65079,-48.648167
-33.08272,136.86998,-158.85329
-67.397835,100.71626,-163.25273
-13.938797,139.98401,-126.519135
26.984472,222.48866,-111.32129
16.217989,207.79597,-18.88597
29.703283,184.31255,17.710764
55.29346,170.0831,17.65953
44.508316,94.6605,23.868078
60.45298,67.05064,25.634165
118.23666,99.35495,133.44551
134.50742,69.10221,213.15877
74.89152,35.505302,175.57928
63.266933,16.09545,120.38245
49.694366,-23.628178,107.0095
10.797509,-0.68592316,165.11855
42.648575,9.518334,190.03915
-32.908924,-100.72804,205.4845
-96.3505,-223.9463,211.68774
-15.067854,-215.45786,131.89914
28.225092,-200.10483,168.94417
9.159123,-264.52588,245.74171
37.831482,-198.539,191.15884
79.82424,-159.2211,181.38759
-24.971277,-258.25894,164.0462
-17.207542,-192.3325,80.620186
72.59917,-135.05957,88.660774
-52.915985,-236.54442,161.97638
-54.965096,-203.68112,176.25618
-3.6193168,-136.6717,131.69716
-96.323524,-194.49367,171.81427
-42.39037,-155.78664,154.2262
3.248026,-65.865456,25.453403
-118.71193,-119.2772,125.83438
-145.28546,-112.12297,205.72906
-77.362625,-24.93551,163.47229
-126.17728,-107.00203,243.83467
-152.15244,-134.99857,151.19518
-90.16565,-19.980865,-14.874109
-137.05371,-10.552719,-76.75919
-120.71425,71.032455,-104.53983
-8.731825,192.79416,42.277493
-34.99208,80.93457,151.09235
-66.253586,-11.668638,139.66043
-39.098278,21.805464,127.264915
-94.23743,63.215385,94.85031
-85.54277,190.91933,142.77246
-4.389584,255.09973,202.50954
-73.17784,189.93677,210.05843
-114.04342,191.94852,145.24501
-94.642746,253.2683,45.034294
-132.36055,267.91858,99.629906
-120.50135,223.13394,180.18616
-117.07672,151.85289,241.94054
-129.63127,60.561554,321.40005
-132.59766,49.54108,234.68031
-122.591995,119.93703,146.90285
-113.12975,120.267715,118.03417
-105.8803,142.55228,79.035446
-77.88593,177.12193,92.10477
-102.84203,119.5035,48.391163
-96.4941,61.78513,44.731018
-42.00114,-10.761122,42.171482
-57.325676,-82.09896,-0.8114302
-92.65873,-79.894554,42.470432
-19.340553,-60.196007,17.908772
46.57487,-49.869194,6.0531435
29.186378,-75.58529,26.2351
27.784687,-129.14287,-79.85684
-4.2162952,-139.11633,-134.21439
28.345963,-122.06786,-117.91063
118.24129,-125.9094,-62.572952
167.49228,-197.6326,56.555416
159.87885,-260.35605,-9.092368
128.47249,-213.51567,-173.88527
182.64801,-136.93367,-236.28795
171.11076,-46.650455,-226.91339
157.38864,10.60735,-123.55723
151.74358,-44.60891,-66.22412
13.583995,-131.25218,-64.61261
-38.114235,-158.62085,-78.31474
-16.098946,-88.500694,-164.7803
6.096873,-6.498491,-227.73184
41.51278,1.630728,-248.61954
36.453598,-4.915966,-224.9279
49.144325,-28.894722,-182.92662
62.84018,-84.00457,-225.58386
101.65628,-63.737476,-319.61942
123.88403,-7.7134523,-372.8775
51.363018,-7.1639233,-342.9683
64.21362,19.467087,-276.7355
94.35826,77.73774,-272.17215
37.058037,78.462036,-281.17563
65.763245,81.187485,-295.95172
84.8332,167.43318,-322.722
41.30692,176.10919,-211.66223
49.402237,102.17316,-55.421665
58.19591,85.27839,25.377756
56.05027,15.988038,38.6961
48.565857,-20.189205,-68.37226
45.384033,81.54506,-164.91656
60.76837,129.81003,-130.477
84.00652,132.25647,-48.47142
144.00293,130.56735,12.571156
79.91589,5.436151,53.233196
13.502146,-75.65824,57.968277
156.36044,21.435757,17.39808
135.94774,27.424547,41.966064
64.24532,-61.661926,75.553055
144.8065,-16.64049,-56.765995
82.20895,-27.515995,-127.68047
10.364482,-100.184235,-113.52597
73.11869,-3.0452073,-171.3376
92.62579,-30.197666,-83.73519
-1.4975904,-175.56805,64.418945
-9.910856,-120.28315,88.21016
8.697053,-102.493744,57.97256
-17.611937,-172.24666,45.701653
97.0222,-90.9204,24.11056
85.41784,-22.996655,-31.407885
-14.170545,-35.83517,-9.4941845
70.576355,40.276344,4.0497594
90.24944,24.17523,36.910366
-2.7123852,-95.67932,147.4041
26.43729,-45.833294,109.48918
29.935045,27.391655,47.31039
-36.317287,6.0701566,157.96793
74.44137,110.24928,211.21605
106.9775,168.66129,208.69116
-37.86762,-4.773537,223.1643
-80.57296,13.981058,62.64471
-55.443863,128.39699,-3.1878734
-125.73587,15.551305,130.76779
-127.69449,34.64083,204.61208
-20.108679,103.80757,212.75125
-126.86004,-31.132551,138.88464
-184.49611,-51.621323,36.675728
-63.130184,41.416477,-27.906282
-89.08626,-26.280949,63.981136
-123.04686,-50.999496,171.2352
-111.3521,60.9989,101.33917
-193.50136,3.7256746,119.59886
-205.6636,-79.278885,129.37181
-102.641335,-23.78767,26.297525
-107.64587,-55.367085,53.550335
-159.20792,-71.769775,78.32649
-134.05049,7.0667963,37.65305
-115.94481,-50.110023,111.56852
-154.35397,-135.45943,144.88603
-176.12666,-92.38358,54.84164
-192.2607,-103.70812,-33.054794
-229.24733,-107.23756,-32.818336
-161.14558,-35.037567,29.411274
-141.36641,-34.669476,-35.925896
-185.57373,-51.58231,-104.82138
-170.05862,-35.761497,-104.880135
-166.79602,-35.52061,-80.13574
-99.30972,-94.07605,43.57485
-38.716236,-107.09593,57.598293
-32.52852,-91.90982,-8.799142
-30.205957,-179.03197,-77.645874
-41.397564,-189.42375,-202.53395
26.518581,-98.22402,-227.71323
101.226,-52.054478,-191.17154
52.362473,-51.755432,-137.90398
20.901438,-26.11009,-165.8942
64.63489,15.873767,-294.34723
52.370678,-33.65766,-268.60504
84.88905,-61.04243,-182.49384
148.14774,-8.11561,-103.66617
68.50196,-75.87776,16.859316
15.097029,-137.05405,-10.041841
118.63771,17.11676,-107.811264
134.04736,131.06613,-140.11288
41.426422,148.17596,-133.23743
89.76503,195.36116,-45.003418
82.55922,114.48125,55.518524
0.8299013,50.312454,125.2321
79.63031,188.94035,108.19542
58.05898,247.15395,35.988567
-24.171602,185.98018,28.855015
70.70615,242.61029,-33.20453
91.926994,255.15343,29.571873
32.22772,169.50954,206.964
98.6977,235.50673,162.71922
114.85565,238.28938,112.00132
18.312307,99.54043,119.37462
47.179882,187.21646,105.85781
138.45752,301.50586,204.12997
77.98158,190.65724,293.7139
75.50631,172.55719,223.17542
153.67065,223.98294,50.90399
58.318752,174.84686,25.189808
54.15018,247.18498,131.97481
123.23976,334.79626,179.29605
-19.138956,178.4261,282.72903
-79.2419,67.93932,262.41266
-11.533796,160.5097,116.93402
-89.02222,177.17706,194.27254
-154.14935,209.62288,182.25131
-78.169174,277.79956,81.3076
-110.56671,104.053825,161.4748
-192.51274,-13.709951,149.21626
-128.1269,53.929672,94.33158
-149.88326,-45.20839,110.359314
-211.75417,-138.1247,136.23843
-112.26705,-93.77709,141.78874
-149.44519,-155.77711,83.00908
-239.57034,-176.92075,34.79803
-101.8549,-99.17096,-38.83914
-66.083885,-168.05383,-26.240826
-121.58734,-267.90524,58.32507
-49.512367,-238.44794,19.081894
-34.01374,-224.86316,30.162561
-22.938482,-266.12006,52.396458
55.42675,-245.12538,-95.47439
70.91734,-249.52611,-190.69469
53.607143,-316.15887,-172.0659
121.02104,-242.334,-148.16002
199.79794,-185.22131,-63.04629
125.31826,-315.37363,-67.601074
113.24566,-315.4262,-206.14113
209.55688,-205.96893,-324.31635
156.89073,-186.62053,-302.5786
153.7607,-129.93478,-163.6672
251.0209,-86.37903,-133.18385
206.92241,-160.45807,-115.63309
136.68057,-184.13649,-169.41986
156.90158,-78.57954,-286.93945
144.48401,-69.94447,-184.42107
117.948845,-167.25691,-85.99784
165.6203,-170.06966,-63.188572
146.6976,-152.92584,-70.71831
89.89172,-109.329475,-173.26358
186.67343,17.254997,-209.93802
222.73878,14.789415,-183.01279
131.38971,-48.43823,-186.8469
188.01166,9.21958,-159.9619
177.0747,7.3628864,-80.53199
82.84846,-41.56298,-42.09739
177.25555,7.452245,-67.80389
150.51506,76.88975,-109.18281
58.755013,154.4491,-130.70894
119.22496,259.92392,-134.8825
101.38161,282.30847,-68.30212
26.832079,219.7447,-22.521774
1.8139955,230.43486,-157.09871
-39.467815,262.42532,-196.40807
-116.90582,239.60947,-100.507164
-37.185318,277.64255,-7.6020217
50.501225,274.6718,119.31567
-120.85325,166.041,102.06465
-183.1171,197.29768,25.729567
-84.82668,313.40326,16.6254
-129.18498,234.00137,151.64587
-170.13708,105.11934,338.88763
-130.27444,117.86556,260.80606
-212.52463,45.54685,177.86577
-287.29526,-59.265667,157.88121
-162.77832,50.401184,98.045944
-123.07305,50.61659,143.0337
-225.10526,-100.76359,178.2013
-151.98381,-51.314045,190.70581
-101.12733,-57.248623,202.86758
-220.75276,-186.48335,190.20235
-135.64552,-50.886105,98.895454
-89.907974,92.00954,-3.2986205
-274.892,-12.333197,75.17476
-210.42616,3.3040872,121.68305
-81.95495,75.66481,71.37802
-161.03258,-56.495323,100.140625
-141.08635,-82.921326,15.586765
-38.735046,32.29374,-134.0551
-64.34415,-69.10112,-23.333464
-61.909573,-127.82188,68.37265
65.36814,10.654873,-3.986427
1.1798372,-87.48631,-30.048952
-86.08726,-160.05702,-137.89874
94.03077,25.261942,-194.03722
79.844025,-17.367615,-49.26824
-9.06398,-135.60645,99.08025
98.06325,-39.609173,58.882877
0.54990345,-96.722435,-39.49026
-87.080956,-221.28313,3.361289
87.742096,-53.26315,-73.49994
136.84958,34.458736,-119.05551
9.595456,-117.40169,-16.396624
11.125811,-112.15723,-102.59989
56.83,-73.10813,-136.73804
-5.4708633,-165.52095,-31.067669
19.294447,-86.252686,-26.943756
43.895077,27.893501,-47.008057
-36.6299,-86.558075,-15.627915
22.38867,-115.76548,55.513687
111.64122,-8.246677,58.62404
19.626406,4.7078047,14.982583
-19.075361,14.775096,37.549294
27.593601,42.02515,15.808064
-19.478172,-61.740906,95.15685
9.176482,-171.49295,228.98549
99.453575,-137.43007,120.85084
99.604095,-194.194,17.785336
85.79458,-283.37637,-62.37652
128.24155,-170.93193,-131.17073
187.85777,-124.52457,12.409209
139.98409,-187.39803,100.69998
134.50108,-112.89911,20.410788
155.56851,-86.16872,-99.869446
39.37928,-210.41934,-140.44391
66.11406,-132.31464,-116.91985
162.32764,14.041885,-117.04967
51.542725,-118.53892,1.2383726
10.407011,-182.08789,3.6336238
120.576126,-80.57478,-133.55556
106.74276,-110.69044,-46.474655
99.75825,-41.994194,-2.6624174
184.50665,130.74841,5.4294467
116.973236,31.26051,154.71526
10.173751,-15.534916,131.3242
10.365106,154.1485,29.592657
-80.182076,164.029,-7.260124
-115.03511,226.26541,-62.305817
29.09722,338.18475,-40.182907
-30.60919,166.1173,91.585144
-85.91032,124.68772,167.61864
74.80486,331.1061,98.17034
18.555351,278.3279,157.2271
-75.88045,183.40466,281.9092
13.05017,297.96445,237.32303
-60.468,199.53558,327.05524
-184.67763,75.40634,380.71198
-117.60646,204.70024,174.03532
-163.76802,140.8964,107.292274
-266.31216,-9.36382,122.649284
-137.22858,108.48944,92.3135
-113.900764,98.901276,145.18285
-258.07245,-60.64236,153.33319
-199.35997,10.79854,29.795553
-152.20926,22.136356,-91.77604
-289.0788,-68.81553,-49.94349
-232.45865,59.27909,13.912145
-136.49367,121.6231,31.104052
-201.78598,-64.09842,127.06328
-160.6931,-151.16196,49.004044
-89.339386,-64.506294,-159.98305
-84.51635,-70.479614,-170.23643
-77.21919,-63.68331,-176.68428
2.3434422,24.167158,-209.81241
4.577719,-45.760937,-190.17778
-109.0082,-71.57839,-286.4
-14.56787,104.66446,-383.83017
41.17243,142.29959,-367.12338
-78.37483,28.00389,-288.398
5.870575,99.1842,-329.3278
66.24048,176.88742,-382.96442
-81.13637,69.44687,-256.68613
-25.186453,132.37851,-305.76007
68.830124,212.74384,-366.12598
-97.41654,42.269283,-246.113
-97.49105,66.539986,-247.92224
22.428064,189.16095,-199.23517
-122.04979,21.365448,-102.91162
-156.05713,15.529586,-194.10875
-0.5181094,182.04782,-292.63477
-129.00352,74.54587,-215.91501
-156.72041,100.05572,-127.87146
75.94419,298.2362,-114.45746
-58.79006,125.34943,-13.801599
-112.553116,-3.1573174,10.405254
141.93304,195.27786,-113.6573
47.626183,151.20178,-24.922318
-21.004795,40.653343,130.58022
189.24693,186.04053,112.09278
170.39182,51.371223,223.63159
54.364807,-193.50475,283.4427
190.32886,-12.236174,131.65125
242.60938,18.370317,169.43137
121.76108,-168.56503,260.84418
266.51392,-54.364864,247.8904
297.15253,-89.173744,289.97598
110.002525,-263.9505,318.78857
256.38553,-72.229546,214.8375
305.1976,-1.7128227,121.110016
105.16022,-210.96727,228.96985
188.41876,-163.13658,234.75523
265.71173,-123.00132,186.8158
125.50311,-329.90784,318.5925
192.58691,-310.83893,252.55354
268.49515,-202.04529,135.19424
89.988174,-309.47864,195.42738
85.842804,-199.18457,123.56552
198.26595,17.783428,32.555794
82.48142,-127.840675,46.975395
80.5281,-156.5482,-52.25167
205.28963,11.211425,-137.96446
65.22905,-88.51851,-33.82359
42.263866,-85.09099,59.948673
181.72397,22.97423,92.98927
18.12824,-162.65959,152.03874
-48.48379,-193.09924,74.53584
71.93351,32.43043,-106.83511
-5.6848674,33.85804,-45.81732
-32.519638,-27.400232,95.10287
37.353832,23.048103,23.99371
-33.369522,-88.18795,14.849844
-123.53391,-175.78825,-24.335278
-22.32458,-25.201742,-162.03691
47.606552,-14.6731205,-98.85561
-28.352804,-130.02013,-47.129955
51.70775,-68.56871,-68.67274
54.714115,-54.617218,-91.292
-61.366814,-123.21958,-170.50745
8.657167,-48.889893,-238.29768
1.3739846,17.524586,-290.1522
-118.37533,6.5112333,-217.01459
-121.41308,28.40961,-103.25991
-75.73642,50.094658,-62.320374
-68.41046,-31.018745,-16.781685
-81.6192,-82.27188,-84.85566
-61.002895,54.976593,-213.74495
-58.03648,107.071,-173.93695
-92.70554,108.311646,-78.58568
-26.791822,195.57188,-30.607185
-61.63496,130.53267,19.473782
-180.01482,74.20094,34.544605
-70.29752,178.18463,37.86857
-69.06985,208.03755,69.66078
-155.14774,146.0409,124.5502
-67.20576,179.17067,68.13015
-80.44389,160.11754,38.976048
-152.46146,15.077614,142.28633
-100.965515,83.386246,126.779884
-50.725906,159.53737,135.05093
-120.27761,-5.1951838,135.46944
-115.25737,9.080858,8.964081
-31.867538,118.829506,-41.154068
-121.08381,32.636456,-5.070708
-114.05817,71.9346,56.270157
31.275167,133.77327,61.17777
-34.28428,-82.04282,102.25214
-44.064407,-186.16208,171.56927
105.786026,-77.403625,101.69305
91.48681,-109.17797,93.90176
86.32292,-141.2997,59.761257
162.0882,-28.109186,-90.15318
97.18562,-69.657425,-21.909006
55.729652,-101.71346,22.610418
124.334785,64.53084,-42.244476
36.811687,-10.481247,48.201782
-118.01043,-130.378,49.890232
-59.16011,-2.9685943,39.95287
-36.471287,-74.48682,169.54434
-79.57302,-178.2457,222.14745
64.26891,-40.701916,142.82202
48.379246,-67.13922,-8.68834
-80.105934,-163.13454,-54.51749
31.395031,-43.78406,-80.052345
71.55844,-16.070349,-112.718185
18.912064,-109.665,27.447723
73.24854,-85.652664,38.085087
100.43626,-79.67336,-13.579852
75.754135,-98.58035,26.489765
110.8053,56.870586,-15.513929
128.00917,184.80292,50.028366
12.657976,126.74675,98.308495
-30.71866,111.44402,50.424004
-49.817657,95.63368,69.622574
-176.55508,50.922207,68.93177
-185.43785,121.745445,88.10054
-166.10089,153.42944,61.533806
-226.77399,119.23564,-17.166973
-212.33327,100.66229,-0.9102045
-206.56108,66.30151,-7.034237
-206.3849,82.19574,-41.52865
-195.90324,80.95955,-0.080688775
-269.31177,28.545124,7.897282
-237.99974,68.868774,17.648247
-198.85524,118.335945,16.795258
-225.87415,116.75913,-58.025932
-177.18217,151.16914,-121.94731
-190.73106,138.07214,-196.91498
-181.63654,76.972404,-119.45257
-114.77841,78.15107,-2.3309085
-109.076485,18.349058,9.547927
-124.70735,-131.27962,9.549398
-79.878525,-104.315956,-166.53856
-2.775338,4.6035347,-238.08165
-11.134027,-0.8405931,-133.61035
33.54972,71.68609,-133.41148
109.84949,113.36368,-107.796234
58.682644,-8.897551,-81.31052
61.27176,-29.64628,-73.47505
150.76814,49.137028,-37.8527
159.96446,41.770763,21.344563
165.61646,-6.7881374,91.7797
168.31613,-48.676083,35.117157
102.83463,-136.98465,-9.357322
89.35468,-143.00331,-11.475612
75.38366,-39.168087,-96.46515
21.009161,-49.97767,-96.30095
-10.814335,-118.06448,-90.831985
8.805784,-112.40089,-111.03173
52.01704,-113.363,-79.08459
32.524315,-130.93234,-114.91549
52.277287,-121.09006,-149.45561
99.59477,-95.80831,-134.88272
85.48789,-58.16211,-36.40611
113.90044,-7.0130105,57.996304
170.50505,12.369541,26.160305
192.40701,-22.566908,3.7008715
242.81349,-34.44346,-66.97893
272.1301,-4.3724723,-105.175545
244.20142,-27.76134,28.461561
249.63646,-6.4158573,76.36681
258.38605,71.927574,90.85822
209.94986,-6.435938,154.27856
161.50233,-34.0118,117.91627
205.93939,99.21229,110.708664
177.6995,94.22582,129.57724
65.84664,-12.595482,159.02193
75.98141,-81.25693,145.12183
15.694827,-136.47577,-0.05785157
-84.90821,-126.93586,-64.3546
-38.5679,-26.462961,-99.79614
-32.340813,-0.8450278,-92.48619
-50.641903,-36.771793,-48.690163
-8.982288,17.71241,-131.92395
-57.494267,18.044922,-147.4764
-71.681885,17.698118,-164.79007
22.277536,115.918015,-202.05972
9.420722,83.08175,-70.44468
-39.831005,16.29866,31.405575
18.27158,96.4217,53.4624
44.63075,106.39569,54.691326
-16.177197,35.972103,4.0358806
25.785,81.75738,-37.301205
15.993314,120.12895,-101.91629
-71.46866,101.341675,-101.64519
12.262867,142.52121,-40.56508
9.495974,101.56602,-10.240651
-56.578194,3.9691098,39.248238
21.875114,72.113815,-20.504797
44.751034,123.8464,-22.62888
15.3191185,66.66134,95.940094
58.285583,69.00158,82.23214
33.254562,-18.600603,91.50496
-85.12904,-159.8513,83.886925
-84.99747,-49.861717,-29.733938
-55.876945,85.571594,-40.138237
-121.964264,23.39027,-16.467634
-73.40484,33.137886,-56.78159
-18.87697,34.66835,-64.0209
-163.5782,-76.06325,-44.30325
-143.98822,4.207957,-39.29776
-51.219696,84.27262,22.629375
-174.05217,-60.80911,168.748
-169.40143,-95.68391,193.18507
-112.907875,-27.02162,57.89132
-156.0401,-78.64035,5.1260676
-100.904106,-33.637753,-63.095753
-9.371103,84.27261,-119.99109
-23.689163,10.334052,-16.740202
-59.313377,-53.115982,20.596733
6.840527,-27.169268,22.554296
39.98891,-99.74528,67.54035
18.55816,-128.44467,63.835796
44.196342,-75.61032,42.816532
-18.092293,-106.32146,50.777668
-56.70651,-59.136723,80.64603
60.78464,28.39605,75.413956
17.346367,-70.37315,84.06367
-68.665405,-121.40659,56.15851
-36.387432,-26.365095,-45.544083
-77.27563,-3.4962976,-14.220421
-49.474453,-19.439547,66.68861
-7.1332216,-22.862804,79.748344
-48.80905,-135.04231,103.814156
-73.826645,-222.29167,30.370182
-40.456886,-143.72607,-22.206127
14.485936,-90.40086,103.490654
-12.8730955,-110.17797,199.66937
0.13282396,-109.7971,186.57439
20.309505,-105.847206,119.645096
14.27074,-66.1399,46.087643
109.36814,21.475594,19.135853
151.12811,48.458977,49.707474
115.43495,-8.036476,143.24739
119.35221,-40.75578,174.39937
100.8935,-45.32116,154.51753
76.23036,-75.7912,189.7619
112.979,-26.093937,122.232666
159.45168,49.712883,54.60962
155.85762,0.14851181,119.136154
151.94698,24.44457,151.56415
202.5952,91.7396,184.83418
137.65059,28.539127,167.511
72.62162,59.88824,105.285446
160.69278,125.90327,135.34163
82.51582,43.923912,239.25644
35.2822,19.716494,325.42596
135.40866,50.582935,215.1757
60.104202,-22.369032,112.19424
13.78483,-21.44595,76.77154
82.81809,126.751495,-37.43353
63.53147,143.4635,36.22198
25.188782,77.28078,119.80688
50.196537,103.05699,46.99337
-40.102116,3.3999758,35.38736
-158.66342,-69.52523,-50.711197
-73.379196,80.25599,-163.96976
-57.056366,92.33877,-160.36438
-130.96901,56.349617,-187.82535
-46.035107,148.68109,-225.7611
-78.1002,65.12487,-204.42259
-144.98701,12.20705,-155.77917
38.62669,179.43091,-134.6214
27.345873,133.41997,-114.16523
-99.87807,-24.144445,-35.314762
-8.412716,34.182247,-74.48043
-16.982355,29.022898,-125.12279
-100.31494,-62.14625,-94.83247
-61.330143,2.7140906,-182.82716
-68.49133,7.445002,-154.50822
-163.54561,-112.09053,-51.273396
-118.89962,-66.29843,-104.24875
-62.654263,17.02564,-160.90628
-160.4097,-57.781227,-217.2188
-147.60745,-52.1691,-249.87585
-68.52797,22.74297,-222.94003
-93.98343,-36.345028,-113.11115
-74.358315,-69.944,13.35617
-42.173985,-33.63767,-41.50224
-112.27493,-62.442753,-94.01728
-90.62786,-60.427895,-90.643005
5.792802,23.135153,-167.25546
0.93798226,7.050363,-107.494194
-65.17474,-99.17051,23.485413
-105.04605,-110.80069,1.1157428
-75.85764,-129.67647,-65.721214
-104.52313,-156.21405,-126.31667
-79.582985,-56.49036,-174.00198
-35.290142,-38.882095,-172.28069
-144.94275,-148.53558,-122.72383
-117.76868,-155.10748,-104.35218
-73.1277,-96.25783,-159.19322
-125.978264,-87.833824,-140.0868
-84.076416,-18.204992,-105.2784
-84.31755,64.05406,-116.92965
-138.11891,-5.744784,-42.988827
-136.23758,-45.849236,-12.222115
-82.68257,22.42125,-87.38198
-64.05103,11.911311,-132.04929
-70.970505,21.920937,-178.87294
-3.0620742,112.73009,-193.1375
17.924534,97.15198,-132.77547
-2.2061532,63.196457,-72.87142
47.917336,73.55122,-52.353386
40.07943,43.578766,-109.19681
48.341286,81.97128,-132.41046
118.72634,158.83105,-129.34148
102.35341,173.07098,-119.51741
94.76182,148.65082,-50.886173
90.116646,107.46588,-88.191696
48.78929,47.323864,-104.344376
34.699585,37.975586,-112.20229
77.25862,165.16847,-177.00543
112.88243,206.50027,-85.364044
45.823868,105.731415,-18.52941
54.140926,88.93736,-29.389847
93.93513,89.236595,-23.427757
52.63091,97.20922,8.802127
121.901245,179.3322,94.83773
190.93434,150.50662,130.95073
121.455246,41.052277,167.90419
122.91051,50.21337,131.87556
143.44472,104.71755,20.203535
75.00664,106.31735,56.189835
104.897415,149.37589,69.421265
135.83467,194.64445,51.96486
84.35576,134.44746,127.17523
90.42401,146.39694,154.15671
133.98427,173.93938,207.58716
102.14822,44.419796,260.27234
39.550476,-13.391126,259.07452
71.30304,29.195602,278.7082
21.796474,-18.32674,312.98578
-42.603344,-78.90608,353.2601
-2.0660055,-91.223656,265.3533
-63.140736,-160.50032,151.78912
-54.297302,-182.15071,174.12265
42.066563,-97.467575,224.4598
14.703234,-137.96683,302.91528
-19.75282,-270.7916,345.44867
-30.65,-281.49448,236.18216
-68.8893,-247.15326,133.20949
-112.90816,-203.899,116.9164
-84.837456,-106.12567,151.13983
-50.633224,-119.859535,215.71332
-132.25948,-203.7874,162.6804
-127.359375,-189.85797,78.34575
-80.9822,-162.85896,58.3405
-120.105095,-153.66959,40.65408
-86.70943,-121.09023,55.778755
-59.60723,-105.66237,56.03112
-52.57952,-100.25854,76.68299
3.9860406,-80.72,63.794655
37.550243,-66.44788,27.876265
57.271954,-80.63842,111.80256
54.619873,-106.638405,129.33237
35.106525,-118.21002,111.704285
19.997847,-102.83923,125.77969
25.199064,-34.197334,28.840202
104.98329,22.116875,-88.049095
160.54774,41.309082,-190.33266
159.2777,55.787315,-177.92448
177.75482,34.0704,-33.16235
145.3665,-1.4624215,63.797577
158.8233,-55.692707,102.851906
218.8481,-125.71224,56.568966
180.66362,-127.53912,-19.842915
196.47765,-22.96174,-63.305553
225.11046,84.808304,-87.20036
171.38715,111.77491,-89.51039
133.09486,115.77708,-158.82997
56.68351,104.527374,-200.36404
-21.464819,84.40509,-114.50179
-41.379383,106.71984,-58.702084
-18.406803,113.67745,-7.2637978
-3.389994,52.427475,28.771774
-27.487417,72.796684,-97.24943
6.8632483,172.01003,-227.44014
-5.9973445,200.22173,-289.61795
-34.378437,218.17598,-265.21405
11.959238,190.88298,-153.4671
-32.499813,96.519966,-39.71063
-89.22076,21.549852,79.87011
-50.542034,-8.583075,14.678641
7.6790166,35.604126,-116.185196
8.80031,85.76976,-126.83929
-30.834646,111.85706,-158.22856
-45.447086,109.92295,-108.34988
-25.175432,71.80461,-44.200478
-0.2957757,77.19506,-91.843994
-9.636014,65.31516,-123.953964
-67.83505,6.2102575,-161.02113
-60.59721,7.8272257,-147.52423
7.2180223,8.567151,-56.223877
-59.837536,-7.8954797,-14.688413
-87.04353,22.697886,4.143267
-76.85906,16.564556,-19.4351
-123.333855,-14.382865,-15.357887
-49.03661,18.361904,32.206234
-25.857029,42.94571,32.258423
-56.614594,-27.55269,104.160774
-41.65592,-97.34067,74.93406
-52.067596,-101.17507,-65.3681
-33.842194,-64.68636,-103.70329
51.03196,43.74811,-119.78259
118.661606,68.84202,-46.89727
63.41205,-48.402733,6.344259
47.788902,-47.119846,-55.695442
69.41126,22.019403,-42.599094
-44.498455,8.847441,0.15611362
-82.2865,45.759212,30.5177
-42.24026,59.307255,34.314934
-136.68205,-26.6949,17.996893
-134.71184,-3.093246,38.62287
-44.705147,61.317944,-10.564388
-94.170044,1.0700994,-18.860462
-90.2152,-0.5969282,20.68231
-63.971798,50.58515,17.645472
-148.04295,-19.117723,151.05818
-159.10104,-31.031862,178.84825
-74.761665,40.770653,49.712574
-82.64495,-16.654423,14.6517515
-117.32004,-9.439631,-69.969955
-19.248142,135.92473,-88.32937
-34.0805,130.17633,35.784496
-137.26025,63.24188,109.62583
-87.76127,75.79174,102.13205
-126.868614,5.36001,83.968864
-162.17625,-20.351002,146.3095
-24.806368,139.63194,122.822495
-8.853195,173.83142,63.674076
-69.15958,40.036297,96.48759
-57.335495,-16.120972,-27.129187
-69.7394,-55.38527,-78.62925
-101.85409,-117.22002,74.878555
-80.544975,-131.31728,140.60675
-65.30948,-221.06972,190.1015
-109.57097,-350.9931,179.91533
-90.30655,-300.25568,65.61241
-26.633274,-177.92099,-39.482243
-36.058388,-92.11426,-165.68396
-24.139265,9.568744,-192.2532
-15.34038,0.6688679,-138.54044
-92.43592,-104.52914,-87.32154
-93.34581,-136.47134,-0.016266495
-66.37864,-135.65002,32.532074
-87.499306,-143.52316,53.99514
-35.78278,-74.466896,25.715681
0.8056883,-6.6234293,-13.55116
-28.4358,-29.16763,41.471928
-47.703987,-37.31582,-12.776483
-68.54968,-61.805428,-61.965763
-122.5453,-162.86569,-51.91568
-157.92813,-176.83763,-93.13971
-118.313126,-116.23906,-50.584785
-108.37284,-149.55823,8.238368
-112.891396,-179.9076,-16.925652
-23.061264,-113.77487,-146.26152
-1.3850273,-62.121296,-245.69632
25.096447,-23.080694,-165.83035
156.5761,22.49132,-81.52774
152.15263,-24.689182,-1.365881
121.940315,-111.68014,58.29811
150.89551,-94.26229,-32.927723
156.80588,-8.613593,-70.36009
184.83713,75.353745,-33.431137
220.68364,154.19048,8.690313
237.5687,129.18211,87.403656
171.74884,43.762886,96.530655
129.11154,68.90419,90.03816
134.77974,94.96878,45.477413
82.78448,27.556679,-25.249714
89.65491,40.44277,-0.43145344
121.605675,82.19716,46.807636
63.03708,47.822216,101.12354
93.18005,68.797325,127.47767
171.14404,98.8267,53.69246
116.762726,47.324215,55.059193
71.97282,-19.929165,151.54317
69.063484,-17.468557,160.8299
74.192345,-68.952385,148.30191
48.880108,-208.05699,54.80246
58.911713,-194.303,-64.93269
81.33181,-132.6791,-84.64813
19.82536,-130.27611,-97.61009
118.47334,-85.13939,-29.681894
184.80768,-102.514465,-24.782755
131.03204,-145.1459,-120.20529
140.94229,-50.31323,-220.03569
97.94471,53.045334,-279.79626
98.1979,69.50678,-161.1181
147.19061,74.16115,-100.00752
109.77663,49.715946,-108.43401
33.34283,39.496487,-126.40091
41.18345,135.79716,-263.6873
79.50296,221.07901,-222.67015
57.86486,164.85516,-23.80796
38.04311,124.29194,71.2598
32.29224,109.30355,108.5855
-46.05314,13.555348,78.85776
-59.0156,30.067188,17.513689
40.834736,98.95753,-3.191348
-29.264103,46.531296,7.5424066
-52.081844,45.554005,70.63125
-19.647661,90.50228,108.720634
-107.149994,42.022,119.19456
-78.04345,29.657566,93.75164
-61.795284,74.39427,-8.125002
-103.77323,53.600937,-39.66323
-68.09026,97.18344,-41.31012
10.859418,203.55034,-5.004903
1.6567465,181.77159,97.81411
-53.980434,158.07474,69.74868
-1.867348,204.3249,34.789135
-9.080591,207.47144,77.116
-13.840621,225.46704,94.65824
57.402954,217.62541,142.1175
-27.657156,122.673096,164.08855
-102.97904,79.03085,107.61935
-51.978245,109.59865,20.561047
-55.465744,129.40906,13.173095
-15.038925,127.392715,95.585075
30.912983,90.486855,88.32343
-21.833698,23.799093,60.294235
-47.850933,13.20114,72.50352
-17.14837,80.63035,46.80289
36.34198,116.2503,75.41168
19.079548,82.67764,101.920944
-6.989074,59.544327,86.50778
5.454525,31.624577,104.38526
-28.784319,-20.30674,71.088234
26.481165,-27.473934,48.210888
92.99141,-7.735522,52.58543
29.239746,-0.92996305,43.37859
20.215525,5.198498,108.79389
35.258537,11.843373,120.3138
16.322266,14.291186,71.35303
28.381989,14.585848,-9.248869
-1.5907092,11.290294,-76.09787
-53.17923,-10.9728365,7.7447376
-64.49983,-16.114573,41.55071
-11.854524,17.056982,39.02058
-33.035484,-25.302843,35.18353
-132.4682,-76.76258,-85.055214
-110.35225,15.001242,-148.18349
-121.71977,89.792336,-145.97241
-136.80443,79.535,-102.18832
-40.489445,32.050552,-67.86345
-57.784573,-75.72019,-183.99802
-63.26948,-138.78046,-267.19604
18.280956,-104.04993,-270.58722
-4.3722973,-35.192413,-248.85571
-7.632414,-16.41879,-152.95128
-0.8664462,-40.696884,-103.597755
-52.353367,-39.784626,-72.0158
-47.693512,-9.809573,-48.865616
-12.606456,71.74556,-80.65756
29.305622,98.4024,-44.794743
49.843914,43.415325,-6.1575027
83.66204,68.37628,-0.61804616
85.65372,57.63107,-9.696163
1.5132877,-14.483145,-54.09952
18.579956,10.0380335,-14.5967655
20.67345,24.802479,4.7972403
-31.132425,-2.4925048,8.571454
30.449892,10.423832,85.36368
51.37027,8.267062,87.67352
1.1190625,-67.63469,115.28245
-25.484716,-124.01011,93.18295
-32.026505,-74.47008,25.286469
-59.20732,-46.762875,115.9144
-77.3955,-59.413155,154.07576
-27.42331,-66.71939,181.1401
-33.307835,-167.29228,198.69139
-74.23209,-214.92072,81.15845
-17.289602,-129.79573,51.64008
19.885988,-141.38055,80.35081
0.6469455,-220.62405,129.43025
26.395647,-273.9629,164.83138
-23.88823,-358.58734,100.66458
-41.990845,-372.28516,76.574715
76.1825,-255.69891,26.855581
81.416954,-192.66017,44.99514
52.549686,-207.96155,102.25363
62.95324,-157.65964,11.149708
18.19602,-158.66356,49.194393
-47.407913,-178.4884,90.66087
-36.52622,-61.79395,43.275448
-17.153187,-50.835438,88.46894
-83.324234,-126.259674,88.50408
-43.62741,-59.586258,103.180916
-13.256602,-43.88565,133.02017
-79.71226,-104.38551,108.63193
-32.969475,-83.736305,55.705265
-35.28743,-88.8796,16.69634
-130.63704,-81.36042,46.038292
-51.448547,5.6803007,-4.257108
-24.719492,-3.2304163,-91.30103
-91.94008,-54.20637,-122.80033
-9.374353,2.2912626,-190.41078
-40.34712,-6.7792654,-151.69522
-101.24707,-99.56548,-7.1955147
-7.4720597,-70.157875,3.0167363
36.074238,-90.95615,-18.26392
-52.07493,-188.48586,-68.592224
-51.94851,-90.46796,-217.8526
-13.315516,-2.2620828,-240.54926
-117.56219,-36.08176,-158.60704
-30.827452,9.962133,-86.332436
-19.643658,-25.35883,-77.840576
-191.45848,-146.62059,-149.88733
-117.01354,-59.04886,-220.97789
-78.4886,54.715717,-253.74011
-130.06999,-12.145195,-145.91133
-69.56974,-53.74125,-66.583755
-69.16149,-71.79694,-107.619064
-111.89704,-128.96338,-137.04884
-20.840206,-66.90388,-307.13376
23.360245,32.1199,-372.0899
-31.256521,12.569817,-211.04828
-5.6060233,49.39785,-171.57518
20.85265,131.05867,-127.863945
-4.272394,84.542885,-69.30927
20.863209,116.62702,-84.67794
95.40874,205.06998,-76.50835
51.97189,157.60016,-81.46122
30.397343,170.43715,-3.5200646
92.29449,218.01358,49.364838
48.48463,191.25739,24.83693
45.122753,174.26375,75.41548
58.710392,160.9691,42.775578
62.762753,189.87737,15.99402
130.58319,216.99013,88.48877
129.2003,211.55206,102.93296
113.772026,201.14206,105.26679
132.74553,171.83417,32.203228
139.80101,185.94151,-22.288485
136.10416,192.77977,40.22138
119.359055,185.13527,48.720066
121.54465,172.08076,96.94087
68.54356,74.08539,124.68177
-6.231738,33.105877,79.445915
43.968845,86.01312,81.20772
55.43426,83.211914,60.726643
11.347988,33.467297,113.88869
45.50533,2.1529195,124.39059
31.70227,-0.65840083,31.579945
48.288578,-11.023556,30.16049
101.61356,-0.5393839,-18.771938
92.59665,27.872175,-30.752844
107.203316,0.40472892,53.919033
93.75237,-18.994022,99.220764
77.40491,19.163948,133.0702
64.259575,53.05074,13.552659
38.33229,66.85981,-94.60507
54.87271,65.93304,-42.421947
58.310547,69.25219,-45.61112
44.75415,63.799973,27.341965
-5.650901,-3.9802847,128.35974
-24.593544,-11.392936,43.71924
21.981396,58.395992,-67.3837
-12.930209,67.59669,-87.79254
-10.651722,117.76548,-33.882656
95.055695,205.72197,19.244717
85.54251,154.4409,97.480865
36.66866,63.274044,132.55847
49.80543,77.3437,-9.121245
51.902626,97.71868,-4.2152176
85.74321,112.38824,110.804565
112.3878,133.2606,103.404625
106.94443,52.779587,185.08212
71.48068,-3.0614586,169.66824
39.631725,47.615894,34.932648
44.629826,56.862328,24.41316
16.073486,32.09777,7.627272
20.915321,11.841758,-1.5962435
4.2932544,-59.38099,-15.560796
-46.607243,-116.15875,-46.29727
21.035635,-70.98989,-91.52161
48.269173,-39.533787,-162.8146
-23.088915,-77.105675,-82.41906
-4.947907,-49.172424,-23.349209
16.169195,-16.127222,-7.0613437
-62.575188,-63.623764,87.69363
-113.88689,-56.75165,41.955727
-127.1119,-27.305517,50.92904
-191.56215,-73.518974,140.43893
-194.58168,-54.973846,112.533554
-91.81157,-11.620734,155.12796
-127.55277,-111.36631,159.7659
-189.82884,-158.7284,53.450954
-142.2171,-104.47478,2.7886376
-184.0814,-130.83951,41.262184
-129.89197,-123.68479,133.1461
-20.115454,-116.06359,149.28587
-99.18697,-237.89491,92.65277
-120.46247,-260.68982,3.805015
-67.594345,-134.32378,-124.32269
-78.798874,-70.311745,-125.94336
-71.07425,-60.483963,-10.741587
-51.74911,-47.99619,34.36008
-74.51929,-105.700676,59.787308
-102.15091,-136.64099,9.691872
-47.97444,-19.647429,-108.640305
-2.8052728,43.401295,-111.941605
-5.8382545,-9.4066,-92.93059
64.01849,-3.2333484,-52.569824
56.551987,-1.4613916,-8.503314
-18.950745,-46.562473,-29.322203
14.227911,-13.27834,-58.441093
8.445942,18.144184,-80.9678
-74.5082,-24.017937,-32.48631
-90.32078,9.410384,-22.461153
-54.045208,53.21727,-5.3518515
-64.01888,9.840096,45.368374
-64.32444,30.157906,-55.49767
-61.27428,43.223877,-106.61289
-144.82175,-25.607395,-108.77961
-132.56082,22.34966,-129.64983
-59.17343,68.71282,-52.615406
-129.6358,-45.312702,-15.946695
-130.4289,-38.025303,-65.60975
-14.345244,90.11427,-138.2618
-24.179096,110.464165,-105.29009
-32.909527,128.56926,-27.828362
46.980686,149.94038,-45.582024
8.037295,70.590195,-16.710733
-49.255844,23.969059,-33.7178
-27.969543,98.02407,-83.51079
-53.57062,111.39639,59.559746
-64.057556,59.704044,157.97986
-22.817402,68.813866,106.12457
-27.36344,16.889986,55.873966
-54.517376,5.2443533,-21.088762
17.296827,98.27311,-19.311665
54.659138,60.517544,54.294308
3.5468974,-36.5743,101.632576
71.84046,-17.326183,99.244514
89.09159,-1.168802,38.948368
36.72284,-52.285637,24.29475
113.468414,-43.268814,-46.41351
140.2578,-47.651432,-92.13213
92.232635,-125.26266,19.761827
105.107445,-118.899704,47.73273
142.85783,-72.52604,10.020337
112.848335,-131.27509,-38.642567
79.23258,-153.83418,-151.6438
120.982895,-75.64012,-199.33774
92.071884,-28.83793,-181.52472
76.57319,51.492756,-117.57897
149.19067,84.593185,-23.97527
100.68059,-41.660545,-4.9086757
63.150757,-92.71373,-20.597015
108.83324,-19.342072,-24.218372
75.86287,-15.111473,22.357069
70.99321,-69.12427,61.109554
90.19506,-102.563736,15.333744
66.57574,-139.30223,-5.259074
83.92039,-83.89497,-57.737576
163.01749,53.472244,-96.70696
217.25345,26.425026,-3.789054
186.07938,-93.58659,45.955235
190.26086,-86.1114,27.599308
158.87346,-68.9962,39.13452
94.0342,-74.37068,65.99954
180.43486,-18.107971,58.291016
170.66463,-19.915134,40.28711
79.268486,-59.68277,97.69453
118.33097,-27.25785,137.4788
108.681595,-23.083303,96.165306
123.429,-77.19585,81.09246
176.02441,-49.961338,59.48538
119.430016,-9.703584,80.91157
74.17326,-9.6092825,160.44975
74.576065,91.03755,144.03099
59.710396,112.78049,163.5759
-29.04043,-1.3779453,171.76042
-65.20015,14.395016,103.67132
-20.927269,75.41423,118.51611
-57.908092,52.25195,130.62286
-24.65608,42.1612,165.41933
25.376371,16.011478,164.97762
5.4185357,-34.15022,76.18456
34.73315,52.13788,13.891643
43.906612,210.46007,-69.26376
58.18281,237.37195,-37.540142
40.837925,161.48082,89.481926
-25.396732,102.61308,102.45829
-23.227463,110.82967,91.16252
-22.92672,168.02042,54.49867
-13.5848255,173.50821,-2.9526293
2.7780802,79.461395,36.252144
-42.327827,30.588863,-3.572015
-16.040033,61.040306,-91.75737
-6.74153,59.601723,-51.88764
-40.51376,45.10197,30.129805
-18.838772,29.377827,105.57923
-117.09742,2.3535514,69.68587
-201.60922,11.094255,30.047768
-205.32976,55.569202,33.80677
-213.78958,54.678925,-49.078957
-184.97298,20.538116,-71.586365
-208.64185,31.27921,-87.31824
-217.92056,19.921276,-100.33214
-204.0618,-24.271671,-31.67321
-190.09605,-56.032955,22.174986
-169.29918,-99.51764,14.4792185
-206.42635,-101.212234,-67.65806
-241.95557,-67.4652,-74.005875
-218.16492,-31.085148,-36.630116
-184.078,28.217636,-25.16434
-192.37628,13.008723,-17.776043
-223.54192,-84.65554,-113.133575
-260.12576,-148.65208,-188.81937
-221.38202,-152.49898,-235.74742
-157.96414,-133.97241,-238.84425
-133.16481,-177.31148,-112.86805
-103.95925,-231.2154,-84.91386
-103.410484,-162.74416,-156.3716
-113.60077,-90.63185,-183.52113
-117.97629,-65.98293,-201.10666
-38.8931,-43.53114,-196.19005
-23.072254,-141.64558,-155.11736
-128.6789,-249.69362,-107.07642
-117.13981,-263.10687,-75.197395
-82.59531,-287.86627,-82.20416
-25.001925,-273.62076,-68.324524
43.6397,-201.94089,-123.13391
5.227958,-155.33885,-229.17786
18.399708,-139.37897,-153.72485
78.45919,-106.183075,-148.13614
108.61975,-111.79679,-197.50558
66.70217,-190.1684,-126.155304
8.749448,-197.54495,-114.42541
63.00797,-175.01459,-18.727129
82.53903,-191.7344,49.854195
108.50513,-102.73145,-7.9703803
146.1617,1.7806733,-76.5168
57.067432,13.628612,-182.32104
70.87462,72.130745,-159.30667
123.89096,108.10934,-59.566387
56.860207,68.3811,46.03837
29.549145,40.90777,148.7347
14.450834,9.232772,131.68634
18.19762,68.65676,81.54793
79.44582,216.37256,50.820175
100.29566,316.11945,41.816998
85.399445,313.76855,54.211773
39.00829,246.19759,28.399672
4.116506,262.9497,34.27625
1.9940892,309.26358,103.71557
-34.800426,295.70264,168.86354
3.6561997,308.18594,203.37292
52.050507,342.77252,144.04085
37.234646,346.18558,130.31464
64.92168,319.38535,182.76842
56.00417,334.19897,108.63058
11.141708,338.80954,88.958984
-64.55241,259.77777,144.61723
-88.93461,227.46037,190.65271
7.6109414,219.75116,267.76233
53.950817,195.77309,240.89415
54.00246,260.6495,135.47284
67.07078,321.15118,20.002226
51.25201,304.11472,34.041313
58.837215,268.8337,182.98973
47.563427,203.42342,250.34604
-58.105854,93.68677,293.56766
-117.53441,-1.7730039,238.35904
-90.727394,20.332876,127.70634
-25.332014,94.265656,132.4317
8.695048,119.0291,85.01327
17.55718,131.5831,32.87011
37.019737,98.08221,-24.099747
26.468435,17.656124,-56.82014
87.85132,-23.662626,81.70306
96.560455,-51.15316,179.05406
53.454674,-145.66939,204.43744
87.28583,-223.26183,125.02319
81.55901,-204.18585,-77.462
74.468636,-149.4714,-201.77196
89.20335,-46.411167,-312.01584
111.70316,22.97772,-321.64758
89.060524,-126.152405,-129.55023
14.33352,-294.1478,-9.797588
41.762226,-249.32074,-20.86677
59.162884,-243.80873,-57.9921
13.864376,-266.29794,-147.79884
94.02467,-140.28204,-236.97644
101.91675,-116.55139,-267.41132
7.317794,-171.48442,-201.16884
59.257782,-122.59566,-177.2384
63.865814,-146.57413,-242.46426
-25.05223,-262.2907,-215.294
-25.540169,-238.36824,-239.49849
54.949715,-150.04901,-223.91188
84.687874,-138.31354,-107.80448
41.77786,-109.26749,-136.86201
38.945744,-87.90722,-185.9692
25.012075,-77.17727,-214.25015
65.03909,-11.656999,-194.60585
141.29639,27.725235,-78.72811
83.849594,-14.432307,22.355722
40.283154,-66.50448,47.675087
65.24751,-69.28074,-49.28288
46.285255,-20.959953,-96.82394
22.740211,71.92563,-51.811897
27.930347,175.29092,-22.86521
38.10486,163.27649,81.81678
-3.6973293,4.0111775,186.5248
-18.13117,-42.025024,158.47916
53.79496,9.442816,100.094246
15.3464775,-58.818924,118.132225
20.214933,-72.60843,185.01529
116.40263,13.794111,168.11517
25.791862,24.186415,98.20201
15.9576025,65.40698,64.095024
111.69349,139.89667,19.202131
30.310106,13.376496,115.447586
-23.7587,-111.20339,263.64285
7.85755,-73.68622,309.0091
-49.330887,-164.26123,414.9894
-76.93347,-225.29053,379.15555
23.7565,-59.56436,143.74924
17.429403,-6.674076,-32.797855
-62.783737,-23.647943,-94.33877
36.50064,77.97302,-16.297888
32.26771,-16.633057,135.66716
-121.37931,-215.11665,239.3124
-78.81799,-201.40985,242.93306
-80.5414,-204.1972,267.6079
-106.53524,-194.61266,307.8484
38.619804,-19.23294,169.71805
-10.95004,10.631477,47.631306
-137.40913,-91.78407,21.902534
-75.24837,-48.846382,-117.00807
-52.30599,-51.517387,-141.29657
-101.67883,-168.98499,-25.908054
-62.111324,-160.38103,-4.486689
-18.674374,-166.30656,74.03542
-58.035923,-222.48492,110.76515
13.024761,-91.58099,22.716911
82.93263,40.616997,-77.291466
3.4016917,25.223164,-179.46373
21.91015,31.002398,-152.09377
-22.067572,-11.239333,-42.854458
-183.05804,-126.29468,55.700863
-156.78665,-123.98822,14.158048
-92.31575,-75.48587,-96.26799
-93.69798,-78.9145,-80.271034
-89.09803,-23.776375,-138.30545
-91.82024,73.958824,-180.1171
-121.75428,82.032455,-123.65246
-174.5704,33.079536,-143.05217
-178.00273,14.313296,-145.2715
-206.9897,0.49263734,-97.56447
-242.13145,25.434353,-48.603718
-152.3907,105.692444,-22.22742
-109.512955,152.32726,-99.11267
-153.86848,154.1526,-198.08292
-133.25885,213.17781,-283.46185
-117.038704,339.1871,-354.89197
-89.04229,317.1139,-199.03508
-81.21263,186.74954,-12.60187
-110.630325,111.076385,27.132235
-126.09494,17.062836,13.495025
-121.8189,84.544914,-129.3849
-1.7242004,289.86465,-218.92639
19.478727,311.32806,-211.08524
-0.6240018,281.1687,-203.85739
69.18527,303.4669,-208.58755
-15.413823,185.27339,-163.28851
-64.391304,82.34031,-65.698814
-1.4948214,165.5881,-101.97789
-39.230816,142.0743,-42.85688
-24.543148,100.06712,61.019073
79.83437,225.6527,-18.634165
70.052864,217.07523,-39.18695
54.603756,148.54549,-43.70702
123.72915,200.04988,-94.72956
113.679115,138.44608,-47.80813
38.181736,4.2158217,34.83816
62.31017,12.598394,98.46275
105.579216,-23.320936,163.05927
84.36903,-82.406906,139.0651
126.76092,22.2033,64.08993
126.74534,64.060356,69.642334
125.409996,37.734936,182.63126
195.84628,23.52675,288.83878
108.35237,-114.18389,267.4617
8.4421835,-254.55417,229.109
6.188772,-251.79976,183.78595
48.40889,-170.85303,199.92653
148.36003,-130.99646,234.88501
139.98656,-114.83886,118.94252
123.02586,-87.662415,48.91393
180.93776,-110.138145,19.93585
166.1696,-122.70612,73.08031
126.11599,-122.80346,205.43904
113.60828,-120.74656,220.64473
101.30415,-155.26695,273.58536
101.59005,-219.70587,261.41138
122.3931,-90.96041,100.3114
119.069534,49.269894,10.723592
88.27666,37.185574,-25.565733
80.11844,27.517641,1.6550233
60.7909,-45.98147,86.28048
6.5645614,-91.84609,136.32385
9.989943,-59.769005,156.24289
11.376719,-96.93893,107.3015
-7.7449856,-73.47906,26.010952
35.239937,35.24927,-34.23982
10.821402,71.23989,-36.14542
26.00436,80.285164,40.006405
97.43616,67.29668,46.196896
10.202521,-28.235123,38.72154
-84.01419,-66.97133,23.512535
-96.4398,2.7173948,-68.48501
-89.24927,-9.897957,-7.434634
-78.279945,-89.783195,52.01237
-63.962315,-61.16327,-75.80213
-70.01374,-22.112383,-191.61273
-120.65587,-6.93617,-226.82825
-57.495964,53.411396,-128.37056
0.8488146,-9.870407,25.701984
-93.727585,-154.17288,84.83989
-117.409004,-240.28687,49.250416
-102.2905,-255.80443,-33.620174
-92.92397,-115.43584,-112.1241
-39.16549,1.4606599,-198.0168
-97.67259,-60.79632,-202.68253
-144.14183,-142.51712,-152.05809
-82.03785,-149.80492,-176.27487
-100.23336,-162.489,-149.28316
-125.35519,-201.41844,-95.00564
-43.33093,-170.1027,-100.42752
23.938295,-172.55585,-69.11063
-29.06558,-184.635,-86.9902
-33.294533,-34.142803,-168.85394
33.10311,34.469448,-187.34541
-0.88996243,-60.166245,-178.81853
40.9623,-51.671562,-157.32791
77.40215,-48.021915,-68.8094
0.33713993,-126.10024,71.86742
85.17288,-60.534946,114.40603
147.54353,17.906698,-1.981617
31.907711,-33.79622,-86.790726
55.82437,18.433987,-135.81435
152.00337,143.14195,-135.91768
85.76408,96.35352,15.43278
22.311754,22.044971,53.41516
36.08119,5.156915,3.6089408
-23.523483,-93.644005,12.528407
-15.982259,-25.325905,-76.70549
141.91492,197.83563,-102.62804
87.83955,147.90535,-6.1453657
14.486635,71.519554,46.05132
112.05999,191.71024,16.424784
-26.0439,168.1418,-11.02815
-90.22243,148.15909,36.603767
54.22885,248.57983,30.893433
-15.375704,134.90836,90.39097
-83.89486,12.893263,195.79555
16.33718,106.62546,125.44418
3.629878,126.9685,104.9122
-31.552525,131.0627,66.83516
94.20635,248.46318,-57.97738
52.116863,170.29735,43.378883
-87.32302,54.604458,106.246475
5.5729284,190.46698,-3.5012386
-7.335479,133.12202,10.26935
-146.18755,-34.45073,32.864716
-18.638012,132.6649,-9.674441
57.729958,242.71024,-22.782473
-60.70987,186.4651,4.560849
5.9158416,240.24643,-43.71835
29.21108,209.89816,-142.71957
-89.074486,89.469154,-99.05742
-59.272045,155.47777,-130.98782
-24.708952,195.72748,-89.37112
-75.86436,19.612707,151.72057
-42.47847,-5.2264028,109.09449
-1.9902977,84.90172,-56.34747
-99.5722,83.36722,-117.96491
-35.405643,206.59406,-169.90683
123.61283,249.6972,-93.879005
-36.60692,31.635921,44.48655
-133.71516,-57.132854,86.23358
-51.16356,-48.79297,27.367634
-125.41499,-96.19954,-27.882278
-87.28736,9.441729,-54.899666
-0.59392285,67.49465,-91.48556
-92.44713,-52.505367,-39.915268
-42.364204,-27.125227,-39.325687
22.731056,52.431137,-132.4063
-105.5241,-56.754093,-58.123444
-133.21379,-86.292816,-10.893734
-66.75398,-33.569805,-0.35938656
-119.48458,-148.06517,114.43479
-119.41038,-139.73497,58.330204
12.128799,-40.02734,-74.513626
4.972084,-120.88362,-152.37881
-20.979542,-119.89168,-192.90718
46.25773,-45.66795,-136.03159
-33.974598,-91.685814,-53.428787
-49.697063,-116.13922,49.824326
48.891026,-157.05804,88.28185
-20.289814,-257.91837,43.77102
-0.041119657,-183.407,-11.78377
113.794,-34.369114,-98.76793
73.93708,-91.36468,-53.109295
88.20519,-154.02792,28.791351
131.45546,-87.86073,-38.57365
44.439316,-124.73737,-22.25772
-3.4579425,-140.53056,30.704449
84.181984,-34.96804,45.474945
120.25471,-89.50546,119.31218
83.408165,-175.1902,114.016136
134.18503,-118.22196,72.7876
142.71846,-98.53316,34.005108
132.15315,-37.978695,-14.63124
215.10046,63.362415,14.541895
165.1831,-16.664045,84.59011
87.75247,-131.79172,155.98805
134.10779,-129.07068,120.75204
104.38044,-113.58715,36.95238
107.56264,-80.61641,34.795383
184.31354,-12.920298,1.7664105
170.3627,-9.484644,47.04647
146.4319,-55.561127,143.18474
164.03275,-52.40948,144.27437
187.41399,-71.528305,215.53825
159.77985,-122.446396,220.09943
132.66447,-74.22612,160.13867
144.94637,-14.75152,184.0993
106.36691,-6.700304,162.40901
107.64011,19.402903,169.13104
95.5287,-8.2602005,133.46317
23.730352,-31.84544,78.10219
36.95849,10.811731,127.734055
17.241383,12.95023,152.52037
-15.759912,9.139506,245.80894
-35.210636,-3.9723792,283.58102
-89.21972,-28.594393,185.25888
-59.78513,25.1543,95.810165
-62.263424,142.34799,-13.564901
-76.053665,205.71037,39.65027
-65.18984,149.96523,120.5394
-110.578804,102.951546,101.43029
-139.19304,80.522354,115.2041
-169.18219,63.486626,53.332634
-144.53412,118.826904,63.696487
-101.59555,129.95619,110.687065
-120.23854,111.86019,45.28409
-122.21772,162.01035,24.67858
-139.96494,171.03947,-7.1751437
-168.22832,146.9,-34.15171
-153.5344,142.68495,-1.1869614
-153.09247,110.11593,6.897718
-145.01775,62.14636,76.49983
-117.618576,43.521202,119.573715
-100.99869,75.35749,46.80705
-57.41937,64.187386,-26.484964
-74.70456,25.92141,-125.30351
-71.86992,57.607,-153.57765
-35.25635,42.26022,-82.58827
-60.272644,-11.2623825,-0.9791411
1.4605176,-38.22202,71.5182
9.991785,-91.19597,24.402891
-48.20085,-85.20342,-61.254948
-16.721006,6.767045,-132.26598
9.434281,56.897892,-163.12524
34.321777,6.8083677,-67.31146
6.4120197,-73.09549,-75.96868
-81.40483,-99.12157,-164.2765
-99.568054,-70.3272,-157.00784
-62.34506,-22.048391,-158.66559
-11.387061,-26.802307,-73.87387
-25.209171,-101.20285,6.680363
-89.492256,-128.40585,-61.987003
-68.403336,-58.666126,-116.12877
-67.13124,17.716644,-171.31024
-63.171402,49.592297,-143.42155
-48.25456,17.652517,-69.05931
-135.72946,-64.713165,-90.74059
-144.79642,-99.38572,-99.10854
-132.11147,-91.633286,-167.85088
-125.48133,-67.6274,-202.85802
-65.7655,-13.801098,-199.69705
-75.57579,12.618115,-258.0139
-57.730667,-6.106145,-178.87602
-20.942986,-23.590158,-126.198044
-15.467205,-60.542324,-136.04306
-29.524555,-141.36076,-107.85664
-68.613075,-141.94856,-183.81018
-24.597927,-80.50083,-206.0329
13.933771,-67.78605,-149.95348
-4.4103036,-35.409184,-124.58347
22.123272,-45.124996,-138.21066
-0.32776222,-104.46179,-226.26299
-31.886692,-58.149555,-238.03612
-25.466421,-4.043893,-194.69688
-61.829384,-13.892702,-147.00629
-57.907505,-36.456036,-83.57801
-70.6098,-87.859,-152.8223
-102.94313,-116.27084,-218.31903
-73.11478,-56.942673,-238.68098
-48.18158,53.566635,-248.80159
-30.627281,79.05356,-142.92807
-22.4483,48.988663,-101.50108
-13.083482,29.751728,-103.274704
-28.16426,-11.533288,-94.07487
-64.640114,52.714565,-143.66199
-28.633924,141.2914,-88.024826
0.7705557,96.32446,-20.92314
-26.770811,79.37384,2.4521604
-17.130697,110.42432,22.645689
-22.575232,125.382,-76.39831
-9.268864,160.80359,-80.90821
41.94217,148.90291,6.361836
10.783756,120.523865,31.590025
30.575108,145.33711,77.71408
64.55295,177.14618,42.705868
67.59079,194.97516,51.074276
128.67986,205.57774,103.97323
119.15179,207.74997,60.286655
124.78169,191.77528,100.36292
163.99873,199.52365,113.18219
172.0277,199.8318,136.73915
197.4887,91.862595,205.76808
179.81392,15.737116,139.65715
190.05511,77.87801,158.75682
213.60963,124.78912,222.37775
205.10854,133.64282,287.4018
256.3169,119.02114,376.05887
251.31926,32.3869,278.2848
193.75584,-23.40733,187.90216
199.4815,25.823475,167.91924
172.1687,41.14391,238.83769
156.83318,-85.33134,424.26367
155.93916,-163.49063,401.52225
116.457466,-103.13078,262.00974
110.84489,-34.133698,170.60933
114.70981,25.710123,135.94832
174.81882,-4.097791,197.38458
196.9034,-134.47118,223.28383
128.78952,-208.00229,210.01497
125.91412,-224.26463,169.26352
119.8351,-209.09235,139.75186
145.51472,-170.48209,172.55792
195.44553,-156.95042,118.86074
169.36577,-158.99377,81.060356
169.26659,-155.80748,150.80798
171.77782,-125.920815,127.63802
133.81058,-159.57378,72.89751
64.9113,-221.77708,40.387905
34.152985,-175.59267,9.958198
40.043526,-163.14821,70.035446
-6.769579,-169.90764,108.19261
31.267185,-122.27965,108.20433
64.80355,-134.43701,61.002914
-26.684082,-135.53754,-18.41267
-44.45049,-73.0573,25.086344
-44.73766,-37.23935,100.27836
-90.290825,-98.24925,191.04904
-79.41897,-182.5678,214.71567
-122.76705,-175.55121,88.36544
-168.16766,-126.665535,14.663822
-112.528694,-24.765497,-39.829483
-81.242355,83.02409,-58.597847
-84.404625,48.699577,7.095846
-111.950645,-46.892143,25.452349
-122.14855,-99.92725,24.453415
-126.97887,-94.56583,-23.630915
-140.80449,-33.027355,-70.64483
-116.8297,-25.964365,-52.38435
-156.21576,-59.513424,-111.36451
-149.70607,-23.459496,-178.85115
-115.936554,4.495564,-221.68793
-180.0459,0.18010259,-261.25726
-162.00963,2.637734,-189.0169
-125.45963,-29.276579,-121.393364
-145.08705,-79.55386,-45.89887
-106.14645,-77.64483,-13.5431595
-75.0205,13.168962,-140.99623
-64.11594,71.41241,-169.77702
-34.533154,71.75527,-154.80167
-16.967813,105.69802,-120.2067
4.62556,134.91922,1.1518704
3.1540363,138.69601,42.31196
-16.78438,65.0326,83.66146
-22.510439,-37.782642,20.66355
14.807683,-16.146624,-109.502686
72.35768,51.13108,-123.64948
47.992737,74.52215,-152.03876
38.79498,103.00329,-137.981
41.07961,71.00496,-142.84764
-47.057514,10.797304,-201.45715
-55.288376,82.01501,-195.7411
-7.3528795,151.33885,-178.21637
-17.810083,109.49939,-83.34438
17.666254,76.3797,-47.974228
20.070856,75.12636,-190.66597
-50.40258,96.0939,-292.6035
-62.989998,180.20236,-337.32922
-51.183662,240.51506,-279.27982
-86.91304,155.64363,-131.36961
-147.59312,72.836006,-66.022964
-152.89757,99.74649,-26.90484
-174.42493,123.55475,-64.80774
-206.49138,159.9009,-157.39833
-157.84692,217.76715,-196.44142
-189.38078,198.69751,-192.69424
-220.77504,160.67014,-96.03063
-179.71786,157.23108,-57.72137
-207.3224,71.86689,-56.881397
-195.51773,10.417941,-14.1163645
-137.46925,76.80233,-45.02344
-156.12444,71.3791,4.167325
-155.55035,55.608955,75.96254
-78.398926,136.48509,21.421041
-68.614204,122.29414,6.4761434
-125.010506,69.90874,-0.60564464
-101.190506,144.05852,-33.532707
-54.924347,154.90486,22.127663
-73.13109,66.65619,107.60466
-34.5562,46.950886,159.00252
-33.068157,19.132275,120.441574
-89.391014,14.903851,34.74922
0.4912068,102.792816,18.819662
23.12362,111.819626,71.07076
-31.455324,23.626942,160.28871
5.6131086,12.605945,138.18074
-10.014756,11.23315,87.59409
-35.864388,-44.406536,122.21111
19.275518,3.0092394,147.75165
65.53418,17.175447,225.1573
47.061207,-62.84121,236.80505
62.03242,-47.911285,162.45114
118.85254,-16.41359,151.9707
96.56828,-40.855854,136.20786
80.218864,-43.59335,145.67293
108.63569,-77.25515,207.72763
59.929317,-181.72368,272.3453
79.796715,-221.10313,363.48303
155.70595,-202.07396,352.84134
119.22037,-215.98868,228.00305
121.83742,-208.38509,125.820915
100.87579,-153.3496,26.473333
78.76823,-128.81564,66.29266
136.44064,-181.33014,176.34291
108.1968,-258.40488,135.89543
65.99042,-310.0946,27.559631
48.228867,-269.31146,-81.19818
75.09452,-159.42592,-70.17766
105.91186,-110.8986,-0.6006338
92.87424,-118.10887,-31.033665
117.30894,-121.10757,-101.63615
93.82418,-130.27528,-182.77928
61.55846,-114.80057,-164.53328
111.488144,-67.700745,-48.171803
128.18971,-81.09044,9.830368
64.1551,-134.22029,12.111283
33.336452,-95.71377,-97.78911
26.850561,16.19346,-245.61697
7.7235403,60.414486,-259.69656
32.100163,82.70276,-257.21066
80.98645,101.789,-214.93419
53.118042,11.840096,-143.09529
-1.1207738,-54.99895,-131.7232
49.34231,-40.101036,-109.26754
42.06929,-39.38068,-131.71115
31.45001,-27.387691,-168.74864
85.67201,-4.4125066,-210.39015
41.935966,-19.950619,-220.35707
47.68879,-17.850616,-175.7187
87.71481,18.521275,-203.95259
11.337356,-29.802225,-201.09311
-14.469729,-74.771095,-191.23404
57.393673,-31.660017,-204.24727
41.946625,-47.304592,-118.928024
28.051973,-71.92428,-88.75066
60.319405,-20.625248,-143.8396
33.28056,-17.934427,-161.76305
43.447674,15.605368,-197.38695
120.63988,149.97595,-177.86565
115.22325,140.8834,-58.85036
30.954962,39.16142,25.531197
61.851604,25.002747,34.60128
43.052986,57.83041,-43.394062
18.384012,139.7855,-96.938156
90.59271,219.0097,-100.743034
20.675325,205.17471,-64.97311
5.6307025,134.00713,23.824242
46.80331,124.214195,19.033375
24.615269,138.01987,42.916626
54.324913,153.5929,111.97001
87.15052,184.77003,132.73282
63.60953,130.68724,209.37796
36.890434,92.547424,245.94974
68.64109,144.75655,220.4592
58.48392,156.80501,239.4692
23.125713,137.08342,251.91647
25.210299,146.60094,308.63876
7.2398934,111.30413,405.41092
-15.71702,97.86197,433.89246
19.620062,115.80886,453.69687
-12.319935,58.665356,380.24167
-73.569824,54.091,284.21204
-28.718739,100.828285,284.88876
-68.58456,89.47714,301.6082
-58.887077,81.79354,347.746
2.3311465,86.51425,285.44818
-62.80716,36.29525,209.21303
-98.292404,13.070495,176.7378
-83.62214,81.332085,106.46562
-66.50349,86.61044,188.60083
-64.2335,8.727212,242.777
-36.80744,-27.759193,158.01952
-77.323235,-74.08971,114.204
-165.1667,-73.392166,62.46515
-120.95276,42.280926,51.74775
-112.50196,15.846831,90.971855
-168.21785,-117.40609,116.1912
-150.19972,-168.43431,144.91109
-173.94218,-210.45241,70.657715
-175.23535,-180.84166,-19.26261
-76.48485,-92.86729,-76.57652
-83.54912,-89.189,-146.10475
-102.50129,-112.28788,-118.916245
-59.590412,-62.775677,-150.50642
-57.115723,-52.857517,-182.27794
-70.25164,-134.95012,-132.5523
-77.94497,-103.29372,-158.72116
-59.203846,-13.873327,-119.480415
-87.964516,-4.2716455,-107.72689
-41.713314,52.195248,-196.60008
61.790443,75.76716,-234.21425
2.022499,-0.23003227,-281.36545
-20.632076,0.50387824,-306.07123
38.072365,2.3936808,-241.824
2.0289495,-94.440544,-104.02924
6.3518224,-138.35616,-22.685623
30.813051,-166.4123,-89.83337
-59.774387,-239.87653,-126.68895
-57.428696,-179.86115,-148.6378
30.742035,-53.362118,-197.62634
44.627026,-107.179886,-135.61507
9.018633,-245.38036,-113.165405
-36.66629,-322.2348,-148.13506
-50.50282,-383.3741,-160.35553
-23.373625,-330.63635,-196.46936
104.27742,-163.95107,-147.37517
160.92654,-104.86208,-113.77104
99.54604,-110.59931,-100.87103
132.53993,-54.506584,-102.74552
160.4198,12.352519,-219.27147
145.65634,30.051884,-213.27354
121.53795,-8.991797,-161.5771
67.46279,-10.998125,-147.27855
60.549892,16.847464,-75.03959
101.681885,66.09061,-100.02938
164.39848,181.7799,-109.9972
187.5262,201.0839,-68.83399
158.66548,158.93944,-61.460293
162.31342,147.92097,-18.272926
105.11927,67.60489,-2.9929898
26.604834,7.362457,20.973696
29.48568,15.0544,11.110575
-28.581387,3.083639,-78.74927
-66.04408,14.880471,-101.014244
-41.886097,86.17037,-78.735916
-67.57351,111.109985,-32.177834
-71.58568,60.763836,-17.207478
-78.52537,46.06449,-85.87629
-124.05329,56.882565,-66.304054
-129.55609,60.673817,22.020868
-93.69806,101.01662,114.749886
-85.6845,89.82449,214.60144
-138.57297,22.091026,172.52109
-141.06471,21.057192,80.22764
-77.46286,70.79502,29.815664
-73.19861,127.5215,5.146201
-63.06738,135.40942,40.842216
-71.93273,48.952484,29.956915
-123.10566,-51.773933,61.830803
-110.347305,-84.68037,91.55331
-119.18628,-52.756233,31.70195
-122.38132,-0.29348958,18.514484
-59.750523,36.498474,-19.273796
-50.628166,14.170005,-12.9081135
-71.41813,-13.131129,15.836939
-33.879257,51.01092,-48.752903
-37.342937,76.236755,-64.67994
-83.12437,-2.9598472,-41.360622
-59.969715,-11.908058,8.149249
-10.72993,24.062042,104.06875
-20.960905,9.15715,118.91333
-40.651356,4.666155,87.87295
-28.985355,-24.866653,48.13235
-89.04646,-48.301647,-5.478781
-88.92097,31.536184,18.640532
-47.052242,99.76575,38.851463
-67.96543,64.42433,105.29121
-32.05176,7.106006,136.98663
-35.871014,-3.3742802,32.711506
-17.859846,28.720367,41.512466
60.322678,102.18744,69.316536
120.50924,137.71498,113.045944
136.94537,62.815845,171.66714
120.26213,9.313718,110.86509
170.87631,15.564996,91.26119
181.16562,18.056755,97.428406
172.06773,75.86449,128.8588
195.07259,97.820114,180.61656
142.69704,4.2621503,165.48688
101.64867,-29.908995,127.20528
123.82802,-11.44433,81.71486
59.648293,-30.609066,76.21673
-2.4933257,-42.63594,113.685974
20.70519,-103.75006,123.30925
-21.184137,-179.43858,143.47246
-51.568966,-175.92336,155.53174
-65.08432,-108.40146,63.60523
-71.98783,-18.796556,8.978036
-58.076405,43.27934,15.265534
-75.6052,74.67832,30.6422
-44.37238,87.5946,103.33953
-44.68125,108.42158,115.62949
-56.277336,85.72533,139.7263
-63.31277,38.034325,141.44133
-64.93095,84.159004,51.979206
10.723257,153.12085,41.182823
-25.0684,172.84726,70.06478
-47.557964,165.92863,104.708626
12.404245,110.44593,77.26383
-56.644222,31.431593,5.9152975
-77.29887,47.93458,-27.664328
-20.521816,87.645454,-57.412308
-22.959131,-12.193772,27.607443
-0.10417454,-124.16437,76.56682
20.038197,-129.03166,-45.01287
-4.4673486,-95.495155,-188.24654
22.179167,-17.41016,-317.64404
112.241196,76.63322,-294.9226
140.56203,35.258175,-148.96901
112.01201,-29.87523,-115.56188
155.5249,-14.5981245,-138.50864
138.76077,-58.952408,-144.4017
92.64097,-45.634377,-122.895905
186.57552,22.689163,-73.94219
167.9907,-35.950542,-47.784058
117.38483,-43.221294,-51.925545
172.82938,78.29466,-158.38828
90.44321,96.71174,-218.71243
24.109198,35.308887,-164.9361
47.977142,60.671032,-139.5035
8.593882,36.549786,0.3953652
-0.00019986989,-37.55052,124.74516
71.739204,-10.37034,65.54789
107.3556,-34.75591,-9.582332
50.515343,-91.56937,-110.375824
33.94799,0.63244134,-155.47719
69.92409,62.18119,-37.703026
57.22294,-12.499344,90.33779
89.22201,-69.65037,98.97013
118.10712,-104.74457,-7.1357136
27.65826,-118.196434,-101.47987
24.016268,-27.81401,-92.67885
71.15311,54.211044,-53.198902
21.875265,19.046892,-6.252321
-10.32165,-7.1823106,-30.80461
-19.236208,37.645752,-146.48277
-25.848822,72.337204,-120.58938
-66.21182,81.126945,-48.426414
-2.2191644,102.62782,-12.235417
101.7957,85.39694,59.32068
32.909973,24.41342,46.084373
23.859112,44.641064,11.424305
35.04122,102.46906,-43.341
-4.1198506,101.487076,-74.85709
18.475597,94.06236,-59.244534
-4.59978,81.58654,-45.71469
-53.47976,15.9716625,91.49692
-41.656933,-49.08712,124.62019
-9.361623,-55.93381,14.265575
-28.287506,-73.79472,-24.292273
-70.46469,-102.87803,-60.28287
-53.578335,-71.4136,-15.725803
-36.0473,-92.217445,75.2669
-68.85482,-166.28952,97.45906
-58.032867,-159.50223,45.06646
-99.2758,-163.04865,-99.49161
-173.19006,-192.8319,-87.4995
-117.94577,-171.30002,35.97888
-121.513885,-181.78352,66.42814
-168.95982,-240.9263,98.31933
-161.25586,-231.24475,45.159393
-162.63593,-135.05113,-7.6548223
-125.55411,-56.25924,6.8618417
-114.383286,-57.5227,-35.280773
-153.64156,-106.81578,21.60742
-205.72963,-133.27756,56.45189
-219.11073,-111.81868,-24.52955
-187.06636,-82.216385,-9.9701605
-164.49709,-40.20838,-6.4653416
-97.90534,12.959442,10.429587
-125.728645,-34.023304,60.896362
-193.82388,-104.706116,19.281376
-128.45045,-119.55932,13.710266
-151.82784,-128.85931,-31.652205
-173.26546,-55.99936,-57.661835
-114.79559,-0.41569927,3.108977
-173.51384,-19.67117,21.178417
-174.41447,-9.348022,106.828575
-127.926285,31.896816,71.04106
-159.45938,64.94841,-1.4842846
-140.97116,59.740623,85.9789
-132.3484,69.718414,64.09555
-159.42436,43.21351,103.05885
-154.16411,-15.312131,150.22404
-111.581436,14.178913,52.306637
-81.04585,26.579554,36.150845
-111.44382,30.714338,-57.635887
-29.441648,149.16414,-97.328735
94.73818,195.47397,34.79153
70.130974,114.49133,46.728985
114.28475,67.29363,-8.015784
125.05424,24.04044,-66.96772
24.420301,26.40857,-49.7336
86.46546,91.42586,7.6873093
109.43213,85.24299,43.276524
101.424644,37.189236,146.98622
151.31783,23.87446,74.201675
146.19777,49.18182,-47.401955
212.0664,114.57937,-38.506145
235.4377,162.45537,-37.50403
214.61403,83.34952,60.651608
190.5461,-45.00043,108.23648
206.74281,-90.43633,97.84612
283.2971,-86.565895,100.35548
274.28018,-46.50526,13.286601
312.73938,2.898576,-13.952966
326.3666,29.885754,-29.431015
262.09085,32.767128,-39.316887
238.4321,18.489521,-45.185513
204.23792,5.324755,-88.189995
181.0926,-16.831646,-44.829453
196.091,-0.32708922,-10.310564
177.20876,28.114029,5.545243
164.49623,33.48273,-15.051613
194.09311,47.82872,-91.12712
168.79219,29.451727,-93.47579
125.93591,27.378525,-56.497612
59.94118,53.92246,-14.495346
60.9316,27.305414,52.609623
106.81611,-20.691772,95.640396
104.493996,-81.43633,58.2395
136.53525,-106.62452,-46.055367
110.484344,-42.37299,-145.65549
124.9439,21.748579,-119.66118
138.3926,40.696598,-50.79859
94.32203,9.5586405,-12.833553
67.60951,-48.441433,24.718954
-18.082903,-75.90173,-68.33436
-19.403515,-45.94406,-142.9653
28.477606,5.5737705,-129.43317
44.215965,12.084142,-90.14401
46.792664,-8.866821,26.264727
-34.84809,-1.3195145,8.414105
-93.99196,64.752266,-82.31745
-96.85012,89.06919,-77.27117
-116.680145,41.11155,-65.34828
-90.68279,23.810768,-6.3395123
-100.59699,-17.120481,63.177574
-152.24263,-20.17207,89.79074
-90.163,69.72304,32.074604
-93.39016,85.38734,-110.57994
-163.92628,75.01608,-138.96568
-146.34947,125.767624,-149.43181
-164.25381,123.225945,-133.62155
-204.83229,43.29312,6.7834263
-177.18695,-13.622214,41.776814
-135.43648,-53.109653,54.790913
-132.68231,-55.759403,21.91593
-94.38065,101.91729,-83.80179
-44.68137,198.7378,-46.352375
-98.21529,123.652054,-10.012385
-83.025215,117.96528,-8.796084
-49.623253,78.28661,-19.90646
-166.92212,5.5760612,-28.510456
-121.604034,52.86603,44.830757
-33.40594,43.410324,101.772224
-94.63702,-56.341488,176.64687
-81.4681,-65.31629,143.56126
-113.13082,7.218695,1.561963
-155.07219,58.268806,-17.592161
-113.03352,104.68406,-36.411156
-109.5418,81.0418,-7.4562507
-169.30006,-25.438232,83.71327
-210.3963,-61.552784,64.70108
-150.50583,-25.600586,35.081196
-97.785416,-3.6479983,38.61917
-49.63978,13.25595,73.45631
27.896278,41.58455,109.97262
48.74336,46.92342,89.27284
40.233135,52.06814,117.222305
67.648285,39.440975,160.56271
74.36204,-10.672088,167.92137
43.036655,-70.88213,271.9318
-2.174466,-131.12825,349.84964
-35.48496,-99.98605,338.80383
0.2157483,-30.274103,320.9909
-24.98091,-25.436327,204.0993
-37.686993,-23.69471,96.603615
-41.267975,-9.617756,9.102128
-78.36743,-7.526772,10.374123
5.4431214,-8.451906,174.14957
-17.68912,-72.89461,247.67685
-76.91421,-191.2133,254.70164
-45.129833,-169.61548,138.60751
-20.108322,-27.94228,4.1443777
16.129412,44.84116,37.763252
11.968925,61.763836,27.439909
45.645336,55.320446,49.673687
23.68525,-23.347939,62.654945
-26.285769,-50.13318,-9.334915
33.50028,31.015636,10.969482
42.28505,8.919066,43.41471
60.042194,-5.113607,26.17282
127.91877,72.205475,-14.989257
55.62769,31.972467,-73.66127
57.075836,32.485176,-121.46997
173.12885,105.479836,-177.10939
102.3702,42.664726,-162.37988
41.811165,-42.70906,-129.12788
37.98196,-39.544193,-197.71136
29.473906,-61.91651,-205.4239
79.70018,-45.143013,-252.6477
141.73505,90.27432,-374.27228
148.59583,104.17695,-356.86874
76.87438,80.78701,-352.04163
148.18074,130.30003,-303.4344
123.187065,34.16755,-192.8279
5.925971,-56.047836,-180.02669
51.247093,-22.396152,-185.31654
5.312005,-31.888868,-177.41086
-1.7408563,3.6640751,-119.412766
62.755505,107.82819,-95.23051
5.742752,68.59308,-133.7124
-69.39365,9.347003,-204.53354
-66.03936,46.72447,-313.0424
-77.957886,10.655589,-262.58124
-92.42054,-75.422195,-128.23415
-68.274185,-131.32869,-83.91393
-75.29772,-219.2943,-18.230482
-70.68614,-272.56445,-48.638035
-30.977211,-154.75397,-188.42664
57.77295,-46.282738,-172.40253
57.853462,-59.206203,-87.34809
45.337757,-98.70782,7.9177566
38.576077,-210.40685,59.245743
-56.791737,-302.6697,7.279046
-32.187656,-294.8962,-5.179569
-1.3560271,-278.78488,-26.687464
1.1665761,-239.1604,3.5903578
36.862762,-158.9987,23.159006
70.21454,-88.29661,-14.54947
102.04942,-63.947857,35.65441
97.08855,-78.28141,0.6402835
93.75969,-104.33991,-21.865808
45.502605,-162.98425,56.4914
12.847957,-173.05006,99.31769
74.86531,-124.773,160.6095
89.8171,-158.36736,110.97472
40.21242,-173.07512,8.833669
92.865295,-79.78081,-19.48487
103.406815,-9.127577,-40.8991
62.23313,-5.5943227,66.08518
67.78059,-33.611183,162.63992
-13.69254,-112.59869,157.03009
-27.90144,-158.24507,139.07825
20.15325,-63.107937,68.26865
27.257496,20.062254,114.27514
15.919106,31.109488,173.27452
39.017323,63.24112,139.24805
45.483757,23.935106,151.75102
-70.73286,-40.35537,113.95975
-67.54377,37.27077,100.12529
-56.980022,51.27955,170.07669
-139.52353,-56.847374,227.54091
-79.04323,-12.558052,230.53104
-69.78309,56.359123,152.50041
-152.05376,65.11201,89.5962
-80.45091,182.36711,9.157943
-39.85817,237.78696,-43.308277
-115.814064,134.51878,82.37434
-97.509125,95.381546,170.17557
-93.724655,109.81949,187.91489
-126.11751,46.90528,225.01073
-52.402287,94.00949,123.522
38.503696,222.80653,59.616756
-16.44704,206.48578,93.677414
-54.954605,245.11302,56.58759
41.86393,340.5905,50.44021
-27.370638,235.05475,70.341545
-93.271,169.30493,79.35175
-42.55379,242.01892,70.39938
-97.83656,215.62032,83.48252
-56.828846,234.02835,114.37596
29.8808,314.69144,17.906025
-5.0466437,256.163,-34.59712
-11.836188,202.38626,-50.069893
60.08511,270.23593,-136.9965
97.24071,260.32837,-71.29192
66.57651,157.20561,25.41592
84.29462,160.83665,27.489195
112.42988,163.53227,5.6665783
80.058365,179.39236,-98.02621
100.09479,329.0485,-173.94742
116.45198,347.76486,-136.85114
58.13636,224.65443,-19.122513
80.08715,179.3512,23.514547
72.374825,143.21109,-75.769394
-12.695647,89.05424,-102.36559
11.885712,103.67448,-80.316154
30.242552,102.14441,-53.036846
-12.3516035,42.580452,7.0271454
-52.497364,26.557642,-30.471292
-65.21158,47.215446,-89.524796
-57.266052,18.874676,-91.46272
-91.25226,-24.83266,-103.69807
-94.80655,-45.216248,-76.61381
-146.3653,-114.28107,-38.59484
-191.8815,-123.150116,-24.400614
-115.33001,-56.08992,-11.691287
-136.63307,-48.2455,-77.329384
-129.79366,4.012343,-161.9351
-61.182888,77.94792,-219.0885
-92.340324,52.106796,-173.06696
-69.955734,-50.358948,1.2343007
-58.526264,-152.67865,30.143715
-82.266884,-225.31065,-29.231163
-95.20432,-262.01236,-84.491394
-74.22549,-187.05994,-140.86682
7.846043,-103.26146,-63.560875
4.474073,-94.38783,-34.32776
27.013424,-90.12485,-60.267136
52.50585,-115.13534,-63.461926
11.183081,-123.83247,-67.95796
70.38943,-80.304184,11.00622
119.64577,-106.039215,73.80891
96.22104,-209.02956,127.12451
84.13832,-249.85645,105.793465
83.44629,-203.67398,-35.135548
120.0999,-135.57478,-66.823494
157.16843,-93.20722,-18.247269
132.39285,-112.54246,12.848454
88.66252,-180.71082,47.47769
30.052778,-222.92944,44.36798
20.683691,-181.2324,38.241337
39.723618,-133.85303,42.028305
-11.535234,-122.9846,12.722578
-3.9413676,-112.053505,26.173153
-3.0326965,-89.34921,79.000175
4.3240547,-75.285736,128.50095
44.558506,-127.48209,129.65302
-22.954872,-181.52924,60.48262
-24.778442,-190.1224,51.12959
-18.779455,-174.14537,81.04863
-38.05529,-132.78165,108.08545
25.415276,-114.3066,86.894295
22.364635,-111.31737,-7.3058286
25.21182,-74.78975,-60.273636
68.802086,11.237855,-81.479355
60.764114,65.73147,32.398483
47.05542,32.768085,211.26714
5.6951857,-25.271595,251.69386
-48.973167,-109.74151,248.94582
-47.67066,-164.74846,184.10199
-32.570103,-98.760574,92.12502
-16.316109,-8.811468,61.355373
-2.5124695,19.900333,24.868656
1.3858683,2.9908447,16.781757
-10.4194145,-78.79126,17.084902
-53.919235,-117.19895,-7.1720543
-32.088264,-44.202812,1.1147825
-13.088149,-40.640316,9.030341
-17.143204,-103.98465,31.75905
32.837334,-93.73117,28.612726
26.569551,-41.39575,-42.77159
-10.785389,5.006485,-74.97566
-25.73249,52.878616,-111.92262
-26.450321,46.774536,-91.18962
-50.49684,-44.018692,25.970894
-90.65148,-67.02859,51.86147
-63.22567,-17.646723,24.305082
-40.665257,-45.62732,-32.81863
-31.965351,-34.338844,-136.72986
13.951733,61.405052,-163.65253
12.887272,91.56959,-137.59863
10.315932,101.83435,-100.90004
41.751976,74.43734,-77.94712
-11.0955715,-46.669666,-86.20811
-44.067066,-69.87731,-77.39348
-17.887396,22.065022,-101.90267
-17.342316,47.482956,-88.12772
2.8020074,32.703793,-72.408714
13.541866,51.763245,-165.16608
24.983648,45.22771,-248.79318
30.99142,73.28616,-321.97107
57.13364,182.18898,-315.2321
96.747116,160.88632,-185.80064
52.57162,10.785668,-43.510612
53.270126,-33.72076,4.163951
72.49162,9.740657,-113.03177
50.77577,54.670353,-211.74835
94.93422,112.60647,-212.40887
107.57484,151.91554,-187.99557
70.925865,136.63716,-130.7722
35.158962,116.17311,-103.7427
-1.2296426,114.08571,-77.97657
-16.941498,72.38107,-15.346287
-46.88848,52.147205,-4.252316
-38.703373,76.8831,-11.304644
-4.8390284,99.43761,-10.186135
23.315817,166.20808,-39.735363
93.4617,212.89127,-85.10674
99.725815,169.18904,-100.59688
87.79414,127.87206,-43.577946
127.14987,123.720604,31.356192
86.27348,87.27907,144.53668
72.906876,34.906185,259.87482
90.20928,4.187447,227.90576
24.926607,-17.516651,139.63368
-7.508475,12.709057,78.89773
-15.344076,107.43307,50.370426
-6.187028,118.73588,94.33275
-21.360224,-1.4585854,126.9909
-74.79305,-79.47705,125.36955
-82.366196,-101.38399,98.059814
-105.06875,-77.344154,71.65527
-66.32295,0.30283237,133.24815
-7.6257167,-12.586072,145.14697
-18.291748,-49.258118,109.3368
-19.492092,-27.894997,102.87518
-37.090534,0.18953961,25.419552
-17.551168,17.305773,53.439056
1.5417742,-16.74925,132.0512
-30.562038,-59.965973,136.56075
-70.64652,-99.93064,203.8977
-102.28509,-100.150635,165.27151
-48.274822,-42.81707,92.86609
-8.813234,-39.808147,61.808334
-19.800648,-17.219965,-15.761526
0.5413621,35.362103,11.632497
-17.916815,-1.8247641,56.3601
-44.02898,-38.08651,87.40645
-23.412977,-54.67189,96.18973
-53.903877,-90.60147,46.844704
-77.26166,-49.2193,35.787724
-26.676397,54.587196,-11.777288
-28.072264,119.42677,8.074004
-12.0972805,108.72461,130.1848
5.5730753,47.114117,171.90962
-29.14984,-9.123628,167.4497
-22.212381,-5.2047563,122.02234
-24.600973,25.157192,100.44118
5.7710686,-3.7049477,169.07555
15.9741745,-35.343525,133.34955
3.6397362,-12.275061,34.024612
0.7792189,23.079416,-51.3512
-41.807865,91.25788,-115.40659
-8.250974,142.5164,-17.820656
-14.832989,94.51053,63.199265
-27.65424,57.24355,72.26831
16.853584,75.4676,67.84598
3.0889664,92.85625,-0.6670936
26.39971,109.49301,-6.658823
70.58718,138.00893,-7.1247535
79.60087,159.6533,-0.9596784
55.35009,114.5113,-7.295943
28.975698,96.777435,-102.48793
13.819936,134.62054,-112.37801
-31.857729,135.08636,-95.7594
-70.72101,166.71361,-115.02307
-47.016323,188.33754,-66.069725
-43.155155,160.15054,-18.100641
-44.86145,140.01266,-6.422752
12.201635,83.15882,-42.459312
-3.0619738,44.023754,-108.479935
11.529476,35.770767,-87.78145
30.045403,7.56376,-46.539326
-3.5183172,-1.7674185,-17.480267
14.055784,-3.9284596,-51.974525
-6.1634703,21.223839,-177.64888
25.46957,68.51371,-203.99063
50.982265,94.06975,-237.67685
64.16627,122.89109,-225.2786
127.45615,105.36142,-85.14165
91.70224,29.69722,-44.533802
78.05005,-6.911864,-7.0569863
77.18492,7.3819175,-12.629119
52.81561,73.8486,-32.61509
75.8138,139.90129,68.15008
38.72051,147.82512,63.753494
-22.053219,120.34545,9.358591
-79.07004,40.31884,-57.339664
-126.069046,48.28521,-89.37557
-125.90989,74.53485,30.758928
-155.79323,-65.75596,76.72928
-170.67691,-177.9129,108.39829
-134.00781,-242.46092,99.50118
-104.84428,-280.0362,-32.018307
-26.395136,-208.14276,-61.387985
35.693363,-194.99712,-45.417828
-1.4592232,-268.02417,15.977754
8.532111,-278.69174,84.142555
11.70686,-235.86783,55.316006
-32.84472,-248.17622,111.69787
-55.86734,-310.9694,146.36702
-82.34323,-291.5591,80.529045
-65.543015,-284.41977,88.315254
-88.99775,-339.50388,73.71214
-64.75292,-324.43713,81.11003
-7.6172824,-357.69504,76.15253
-53.95898,-398.15594,-60.753307
-8.784946,-336.269,-120.92774
25.455069,-290.5239,-104.867386
18.905024,-269.49808,-13.9932165
49.03288,-237.48915,22.863094
-3.960658,-218.36946,-69.69841
-21.244518,-201.73656,-74.00969
36.64209,-120.635704,-89.13006
85.19312,-58.886387,-39.567356
98.42262,-91.38079,48.80517
76.96446,-133.08118,21.407894
57.719936,-181.61668,17.683296
21.011953,-205.97961,-39.94677
-6.451272,-97.730034,-113.68883
-1.3780936,35.7423,-105.75473
-46.28413,27.413378,-97.36839
-53.18102,1.8175342,-67.33133
5.7640014,27.304407,-81.466095
-9.118106,40.154648,-126.07844
11.270676,72.93827,-130.23032
71.99037,130.88797,-172.65448
86.54261,118.81986,-125.37845
73.09589,36.273663,-40.48208
74.864296,62.594944,-67.98421
133.76106,132.72603,-91.24342
122.96031,135.12054,-126.65755
115.85151,150.42001,-96.913414
152.5598,139.20305,-14.517088
129.25314,129.68875,4.546582
139.56436,153.64618,-7.390661
129.61441,129.25677,-117.31228
86.52577,144.05244,-235.11151
120.60432,213.58054,-243.80614
134.78006,236.1307,-170.18925
127.13778,228.42776,-24.194754
125.73444,163.90263,49.44186
56.364555,57.81401,23.433695
56.644497,0.9094377,28.595936
104.36199,80.50476,39.815926
116.475334,203.7459,87.56595
99.07892,183.07297,123.65392
14.024778,143.90186,102.750114
4.881954,156.73682,111.067406
-9.835214,182.77087,71.76654
-30.293016,230.36603,92.225296
4.0890546,205.81921,200.54797
-35.14596,120.11775,250.15196
-46.46476,53.209003,261.27896
-46.050777,45.669865,186.48651
-51.28958,79.16966,123.92544
-31.300049,79.76746,121.01965
-59.46997,58.7117,95.61525
-68.59795,54.389576,181.53197
-44.246674,50.599407,269.34973
-60.414913,47.51511,249.25526
-58.585777,28.78425,276.2149
-54.809757,34.79774,226.4955
-60.192978,86.5055,161.80273
-59.196762,65.7508,169.42503
-104.95414,35.67731,107.434296
-65.34032,25.681606,97.01091
-75.71975,-81.58614,49.83834
-142.54292,-142.05614,26.107452
-89.85276,-92.28895,112.56633
-72.541954,-73.211,128.62357
-56.672253,-99.00193,171.70044
-52.21041,-142.08182,87.15406
-99.12571,-151.0004,-96.0322
-151.59816,-123.45898,-134.77167
-184.14441,-86.7551,-89.596375
-164.08284,-87.971565,57.57534
-157.19957,-204.7382,98.7654
-188.44612,-291.4821,-6.9700346
-216.33693,-277.70413,-66.79372
-213.63582,-196.6634,-180.86412
-172.59302,-88.80635,-264.1229
-122.41512,-85.133675,-254.77959
-162.99629,-125.700325,-212.50284
-168.8296,-131.66133,-130.87326
-154.6846,-117.69631,-149.72835
-181.01694,-122.6823,-183.3262
-115.02937,-122.0593,-163.24951
-97.74196,-83.611755,-144.34427
-110.75027,-84.03669,-84.13123
-95.01917,-71.096146,-84.58935
-42.77164,-24.219927,-107.466385
16.634338,-30.38912,-161.46211
-30.900242,-40.058155,-254.32455
-48.795612,9.695451,-226.87714
-26.951502,65.51206,-186.32266
-2.5355327,64.48904,-143.92458
45.179142,4.73151,-55.62635
34.02962,-3.9111233,-45.456486
39.034344,91.05521,-66.60341
85.44709,170.41942,-70.34192
78.351364,181.83488,-26.587168
71.45592,134.79181,52.152622
6.4413214,78.95418,0.06548748
-44.322895,83.69811,-79.772675
26.701813,143.31975,-62.971386
65.23839,202.44398,-32.82124
104.01775,161.00873,56.06695
100.57108,95.97389,116.18011
101.72407,132.52316,69.72239
163.25058,180.91069,6.210239
130.7122,203.07045,-19.539003
101.330086,219.512,57.761276
102.123634,207.29187,113.46718
81.445786,178.02469,114.47484
65.85583,157.05757,99.74315
63.214695,185.37985,35.47862
91.373604,192.44554,37.11578
119.63404,113.15347,33.7379
118.83511,79.66859,85.07212
95.84952,134.13483,215.57384
69.31707,197.30972,179.28479
74.92752,212.50993,108.865875
47.075165,207.838,23.06864
1.5246029,278.2828,-89.57691
99.71271,319.95587,-38.038643
160.48099,240.88892,61.248135
138.69194,162.82086,163.09459
169.08563,96.76905,164.07796
106.79312,-15.070861,12.231212
56.785572,-66.184326,8.046909
114.51635,-32.05779,127.881836
160.55368,-41.678215,191.72328
158.68022,-84.28063,118.90864
109.882866,-53.097736,-47.859486
118.28301,45.73371,-72.09761
150.93407,118.17728,-62.862057
127.673195,143.59692,-70.89348
116.2122,59.921497,-14.015339
92.34473,-135.53488,-97.782036
72.49583,-257.75986,-133.06984
42.586742,-248.3044,-69.82731
29.904043,-146.36935,-92.92673
93.020294,-76.67808,-62.29264
6.6938014,-124.79533,-100.41027
-82.79431,-165.54004,-167.64557
22.847534,-146.56224,-213.07735
41.449635,-136.29092,-250.74136
-25.073978,-145.81949,-118.17649
-27.185677,-128.23154,-31.516857
1.94181,-137.80069,19.199207
-9.300804,-196.81445,97.29981
-58.65743,-246.31984,58.518738
-84.83615,-279.60236,-40.92277
-79.33975,-212.44325,-164.69852
-40.833637,-59.51918,-181.14984
-19.297953,-8.690203,-38.85657
-65.59392,-86.45137,58.174057
-86.66396,-191.05402,55.41355
-57.112526,-277.69943,-20.57598
-66.997475,-250.54552,-194.23752
-17.306692,-110.01458,-230.0739
3.8699868,-30.593245,-30.241022
-22.396235,-41.165012,158.02652
28.283262,-84.061935,101.31374
-26.78004,-112.45427,-74.750404
-73.544205,-91.564575,-47.751328
-17.892193,-63.036167,39.32138
4.9756126,-103.88574,177.2891
-37.693207,-159.01982,292.92972
-67.08889,-85.64283,151.49556
-47.667793,-47.37411,20.857906
-73.481064,-45.272175,-66.450134
-43.546688,97.16503,-25.70267
-38.066547,100.405396,179.38792
-95.39385,-28.3533,256.39905
-60.63877,-59.301796,276.31512
-68.26281,-91.17391,237.10976
-118.118935,-26.621138,146.51666
-64.708595,126.27428,101.70545
-71.04672,142.587,112.818634
-158.96039,87.91583,223.0007
-135.67862,54.326725,209.88124
-118.7118,-29.413855,123.44276
-116.11368,-96.110405,125.86841
-65.11843,3.5880976,85.480675
-48.40975,108.250786,124.485115
-32.403618,74.7269,188.22098
11.169214,50.13779,127.483986
31.506634,48.748974,68.7161
-39.322014,45.440536,29.949282
-77.446884,87.28341,29.8157
-9.444665,66.88598,86.02889
34.216022,-29.663467,165.8247
28.284132,-88.01946,222.87997
15.485994,-78.45484,175.19716
-14.1838455,-12.959761,119.272095
-12.591907,43.96894,81.99138
10.502242,85.99104,-47.696472
-11.419995,67.02734,-82.73398
-60.135616,-27.632652,31.969547
-128.19461,-72.62883,110.813225
-118.04637,-66.09698,102.821556
-94.41758,-39.935158,-5.1618314
-86.00111,-27.04234,-83.51349
-57.806522,-35.180447,-130.53116
-109.03862,-30.025728,-205.1704
-87.60617,-16.56361,-241.71463
-22.857857,-11.758819,-269.11264
-45.54827,-32.101597,-231.82707
-78.270706,-60.07577,-173.30666
-86.18989,-75.7077,-121.840294
-78.82611,-93.851944,-52.080288
-42.47656,-81.351845,-157.66968
3.837625,13.208422,-357.5405
-13.467147,68.00382,-434.8735
-35.969997,92.944916,-406.6341
28.118475,133.21434,-301.04596
94.81292,52.642582,-192.4535
64.43929,-114.077934,-93.5453
74.44293,-254.56883,-62.442993
96.996796,-265.05365,-188.03802
74.203995,-161.09492,-249.07675
126.09899,-34.06711,-225.26862
160.4642,36.78037,-187.17508
180.97194,-8.452631,-102.84863
178.9408,-30.481588,-149.53416
134.79031,15.069301,-171.51825
132.6817,26.912222,-92.04633
136.96059,-9.880658,-49.625755
124.06266,-70.03071,42.933365
74.53537,-87.13246,12.484675
85.863205,11.000903,-108.88392
158.05916,95.57488,-96.64535
151.37349,86.84028,-59.49373
146.05649,77.0503,-32.169117
125.57763,19.247044,2.5374346
59.88572,-9.596588,36.695217
81.18579,22.099396,50.987694
80.09675,13.867888,1.8440602
55.757645,62.335266,0.3237103
112.519714,133.44989,39.747547
109.25383,153.72075,56.25099
92.36229,172.93527,103.37276
81.99432,152.98744,68.67881
29.533676,72.53302,17.714687
1.7928301,54.329338,33.768272
-23.75743,133.44777,73.82888
-16.321306,158.59476,223.7513
-25.454187,123.8666,257.66013
-37.09859,105.09523,135.19267
-31.869335,67.45936,53.756165
-62.64979,76.00993,41.880527
-15.458821,143.5298,146.20874
4.7305355,118.89679,218.7207
-80.914276,44.30012,272.73007
-119.25587,15.975603,285.88074
-104.99914,23.25871,166.9871
-81.632774,64.633736,150.65019
-24.673346,96.19654,162.6582
-10.575534,90.79847,135.37393
-82.30055,19.223942,146.0784
-120.813255,-41.910015,91.79986
-83.20002,-8.242086,78.78323
-50.433926,-10.986579,79.18096
-63.414364,5.719,37.729584
-62.477184,50.16169,82.59631
-123.89536,5.944183,85.10596
-138.59624,59.3069,34.871914
-12.521733,119.35223,-23.404703
-51.02485,43.42164,-53.237175
-109.9444,21.10751,14.191045
-44.883522,42.6434,20.364618
-67.76448,-11.849819,113.80525
-62.987465,-69.89266,195.58592
-4.0639052,-22.667011,69.322205
-53.997086,-0.34589574,45.293182
-91.21463,39.191,-13.305531
-18.854937,182.09532,-60.50183
-11.581876,141.63974,94.84333
-83.33886,0.49037558,115.935555
-84.82736,-1.6249367,32.524326
-93.69165,-37.39448,8.869423
-134.03865,-51.366882,30.398191
-45.31082,47.96564,69.15397
-31.315966,28.242792,48.61046
-120.824,-47.104343,10.888667
-50.13033,-25.52513,-86.97541
-52.220352,13.425421,-145.68687
-92.52378,64.729225,-62.579754
-33.87811,96.409,-82.714066
-79.23655,21.547792,-95.20209
-106.45882,-34.142124,-1.5097302
-53.146313,32.99137,-60.413826
-12.535461,67.22573,-128.40154
-29.185698,62.973473,-143.01472
-12.719781,131.72343,-208.80446
41.68626,130.8982,-178.85634
-23.772377,23.105354,-135.37012
3.2405114,18.034376,-132.42357
64.89705,20.97067,-159.19756
7.254295,-48.347668,-200.93274
48.14837,-24.897945,-136.35571
86.98829,4.841772,-86.94723
75.913734,0.22363439,-64.97789
110.65185,-15.910289,-119.641655
70.36514,-77.731735,-223.3644
38.732895,-89.20485,-168.54753
102.090065,-35.168957,-123.41093
120.63049,-33.29817,-75.61027
113.670425,-106.248634,-6.006885
117.581924,-112.302986,-83.16442
126.706795,-93.05532,-150.98933
122.28393,-87.91897,-128.27733
133.67224,8.040724,-59.713146
195.43456,21.21577,47.875084
112.162025,-114.316765,91.55277
39.88008,-179.3543,73.47481
91.30662,-137.77101,38.285072
59.01701,-81.71605,21.192537
78.28888,-28.197948,50.15252
96.7732,-12.055545,11.85914
23.085146,-73.803795,10.204853
24.435081,-112.34879,54.366272
57.776928,-91.49715,-8.574123
60.09371,-120.9834,-20.162392
42.63272,-154.12436,11.761977
65.22282,-120.82038,57.739906
110.058624,-114.0388,151.46611
85.21536,-104.767876,171.18259
87.33723,-39.91588,154.18068
84.04562,-39.251606,94.35666
29.754807,-44.62279,52.393505
30.405403,-6.7814603,130.21284
17.663345,-34.850502,203.40947
-5.883739,-70.76626,237.12175
8.446375,-95.54674,160.52795
-11.570298,-106.56943,30.340052
-10.731291,-48.0566,36.727364
13.360576,10.4883795,48.152557
-2.5015476,-4.153378,85.93637
-35.71525,-92.42657,146.4227
-79.32872,-149.88498,66.80567
-63.90079,-123.94374,46.007065
-55.049694,-110.409134,63.32247
-55.01696,-101.79852,54.756615
-8.805745,-93.361984,103.92086
-48.11277,-106.29887,54.3531
-58.331116,-82.10257,5.851638
-31.86938,-58.483665,-47.644794
-39.810474,-19.571012,-107.4607
-29.145306,8.331519,-33.62889
-72.252365,-34.231342,-3.4621875
-93.70483,-39.049423,56.655964
-63.479637,-30.050821,96.482796
-46.218998,-36.68892,-22.426428
-21.98053,-3.2416277,-119.200195
-19.058405,28.187185,-179.86775
-33.81834,47.587395,-135.6404
-22.099554,57.932438,-46.99407
-55.131897,39.45521,-109.00859
-94.596275,19.937717,-171.05591
-96.3643,24.552225,-186.46295
-129.31154,51.386917,-152.78305
-62.078915,101.135185,-59.967457
9.980342,151.50874,-61.15233
-17.254206,140.37555,-60.11125
-9.439025,105.42205,-106.76051
-15.8225975,132.66393,-203.05125
-19.322147,164.09749,-160.05194
-12.386159,174.1093,-124.872574
-16.313128,163.9954,-56.78052
-69.17292,76.441536,-0.61230236
-113.201645,42.343163,-100.352196
-27.268478,124.06852,-146.81265
-6.580515,160.64734,-136.2005
2.2644374,139.41728,-61.770164
38.632477,71.073975,28.931505
-35.06756,-22.983109,-16.637985
-31.28209,1.1519642,-53.827175
0.52153605,99.69921,-114.45082
-48.96211,99.714424,-107.051956
-23.888494,53.62407,31.455688
30.070139,95.846466,76.807915
3.6671643,79.61916,107.3351
-27.724983,-24.767015,29.951456
-15.949697,-9.652849,-94.74605
-0.3657422,21.332983,-40.684803
-14.500243,0.5155162,8.86983
16.030926,64.86492,45.70825
42.46242,93.48746,69.79114
-4.1496997,53.61674,48.29094
36.70914,99.86125,23.304852
46.985123,127.971504,-27.621365
32.563984,123.406906,38.016193
130.90892,169.55804,119.359505
137.72739,110.28209,135.16019
80.21316,-5.6060333,150.74521
80.5861,-0.15562299,9.75346
74.20678,60.706924,-43.09952
71.60413,113.18508,69.9319
123.85829,160.49052,79.192825
155.68333,109.94047,108.29915
158.99933,-2.5750477,98.39434
160.22826,18.285152,39.07381
160.97961,79.13985,107.034325
131.77968,51.644016,150.21588
62.113064,40.07913,110.48297
70.74816,24.383247,26.241495
37.16043,-11.132787,-31.998936
56.363876,22.711643,-1.9983294
128.51978,88.92955,-30.941143
79.41446,73.44822,-50.393322
123.79263,-11.978087,-18.71268
109.08855,-67.55938,16.013418
45.95787,-95.23092,110.79231
59.099743,-99.61447,107.64827
18.702158,-96.796776,57.429737
0.7555469,-95.363235,58.407692
-12.812861,-59.519886,63.010353
-18.281115,-67.25755,129.28131
-30.28116,-137.66653,149.11256
-21.97898,-196.22482,109.02588
-5.0361953,-204.72757,83.3723
-56.519066,-174.23582,56.85768
-72.523186,-133.99127,108.19644
-71.43948,-121.281654,168.73387
-107.117455,-159.746,135.06273
-151.54018,-211.31314,76.124306
-187.34349,-219.16866,11.5460615
-205.8168,-155.33707,41.777817
-185.47702,-133.23003,159.0857
-182.20364,-195.64099,236.72334
-200.03746,-225.49307,258.30045
-190.24364,-192.53416,110.39593
-206.62473,-120.83229,-25.291525
-177.78781,-28.854992,-24.356333
-144.97871,22.777187,-27.351097
-155.59778,-28.532114,98.34136
-150.15195,-102.56478,194.80673
-153.43323,-105.26173,129.2192
-124.664444,-102.946754,91.41551
-121.220276,-109.85665,50.904007
-127.838104,-78.985245,53.418777
-137.09274,-85.374626,81.68334
-175.47624,-76.60822,48.562813
-120.10211,-0.09640044,26.136023
-68.74663,-16.245924,15.014857
-69.39044,-61.59292,24.031464
-58.688744,-60.257515,-6.2887406
-85.527626,-65.46882,-30.521046
-89.69991,-19.703009,11.133043
-95.14813,16.265583,-42.63542
-160.0397,6.4023404,-68.803925
-155.49321,22.331173,-44.015766
-100.55631,68.87693,-89.69602
-56.672363,79.216286,-10.834428
-27.283709,13.78826,84.85072
-57.998585,-45.701157,59.829987
-63.597916,-68.63348,-28.156315
-86.99841,-24.429798,-177.52956
-103.82358,85.27818,-214.38872
-35.318375,123.84646,-161.13353
-13.564797,75.91153,-83.82947
-11.131349,14.48749,-36.17567
-0.30669165,18.159092,-167.78311
34.334213,78.08607,-238.40623
68.093254,71.88168,-126.129745
60.63222,57.967407,-46.963516
108.68627,63.55117,-36.29753
101.84224,-10.235752,-95.16512
61.444702,-22.298761,-204.84135
143.18108,97.84857,-281.64304
174.9384,99.02772,-286.28983
143.01207,11.459842,-204.27039
187.12665,32.28687,-147.7604
165.92213,10.031827,-121.3847
115.32479,-37.309265,-135.65717
177.82619,39.42291,-252.8428
197.99754,67.577446,-284.3387
163.1392,30.930523,-261.59244
220.72038,92.57684,-245.51758
259.6208,62.26562,-115.45325
173.57687,-78.54376,-31.816065
171.67685,-30.460426,-87.32331
217.81577,15.691208,-138.55635
143.53516,-26.625467,-122.51302
202.35657,73.75782,-84.38805
260.30185,104.80032,-83.80382
119.86479,-16.26646,-128.10294
127.64816,18.734211,-208.93053
178.55565,156.17798,-235.60782
109.75042,132.02464,-94.377556
132.838,113.592415,23.320236
195.43178,154.04443,43.663513
134.77531,42.03159,113.90298
62.696625,56.555573,47.802704
147.27226,248.00284,-71.8082
145.27455,217.21527,-42.403244
43.56532,137.48245,-34.949417
78.27223,197.32404,-41.837467
3.245319,126.33214,-8.104563
-57.584057,42.419296,35.245106
99.50854,148.04149,27.663788
85.68182,101.50603,78.48761
-3.2248166,-40.483936,236.57825
83.65552,71.65066,235.22336
89.34774,131.40651,190.3033
-15.226493,51.71683,151.43263
-13.780956,129.75897,-54.308613
-19.66843,143.47536,-140.50867
-152.05609,4.260326,-2.043961
-106.51285,61.788307,88.831
16.496946,88.185425,116.042984
-118.25982,-104.378,117.69314
-119.21192,-68.10802,29.638136
4.0809407,72.08003,-47.28796
-114.21822,-4.682207,31.88288
-89.924835,-9.605265,111.12472
29.088203,64.720085,21.608126
-96.14506,-62.291412,2.5659008
-118.58125,-92.44272,-2.7818506
22.554647,79.29635,-20.094645
14.858464,1.2752781,155.80687
-42.161747,-108.31383,174.93196
29.131136,-23.433928,78.40494
-32.79246,-128.10468,117.38629
-151.3146,-197.82642,133.13783
-17.192667,19.541355,111.72502
-27.862377,35.381897,132.70494
-170.76958,-87.06085,198.03004
-56.923256,1.206051,123.32598
-54.409275,-21.689526,36.860348
-163.53156,-92.13892,90.20692
-33.683815,57.735897,40.89278
-16.454456,65.65254,59.990982
-131.56374,-79.541336,211.82791
-36.43092,9.307772,119.28878
31.392828,67.55366,-19.567919
-87.20949,-94.78751,-18.254347
-96.354935,-37.8199,-95.877174
-15.120174,80.69232,-90.517746
-131.37645,-6.887968,23.976387
-141.8025,46.415302,45.412697
-17.913528,103.36088,-12.910061
-130.225,-75.50302,-63.14646
-119.39095,-100.90996,-80.26568
14.7413225,25.448996,-81.465164
-57.642677,-47.75388,62.027683
-32.94037,-91.84158,181.78178
55.764496,-46.160618,90.94014
-50.20712,-157.74826,32.74416
-88.90767,-148.15656,-41.02572
23.635721,34.770016,-91.32543
12.788561,-37.92959,95.56444
-57.881588,-165.7398,166.42833
18.081799,-78.83919,34.52326
-4.0905557,-96.78152,-7.806738
-95.431076,-85.34835,-0.4860529
46.3937,88.5582,29.369478
32.19319,29.809639,96.81215
-113.84042,-112.895805,137.3106
-29.965004,-31.835655,99.77555
-20.913696,5.7186213,55.57657
-91.055435,-69.95294,92.71813
-41.005745,-20.004648,68.73626
-15.250342,-13.155399,72.348145
-80.366875,-108.4206,175.53987
-37.61104,-26.394096,137.3739
42.4029,7.838692,113.38543
-58.917477,-134.2479,151.22945
-62.804794,-108.86967,94.63307
-8.866037,-69.488884,136.0652
-143.22966,-170.05223,241.62471
-133.93193,-139.76395,209.19482
-22.971558,-89.45701,13.884881
-104.13358,-148.36256,-129.32617
-64.61019,-74.07004,-129.10179
82.58179,53.358482,-63.76053
19.76392,-32.185074,128.31705
-10.3225155,-131.96045,131.40138
47.12117,-108.493835,-38.145847
-40.623924,-150.99965,-30.216803
-66.48457,-103.35128,-45.519417
78.87509,48.92688,-74.402626
69.40685,-26.804657,-17.25011
-6.441636,-118.26203,-50.729282
89.71669,-30.216951,-163.78613
71.51186,-43.547997,-240.58437
16.685905,-89.72477,-216.61845
125.08395,-15.296567,-149.91055
63.887825,-64.993324,-73.33913
-37.097126,-157.07562,51.516575
28.45418,-54.025944,12.646178
6.4159174,-12.590816,-126.975174
-48.475887,-33.543667,-217.5472
-12.1589155,103.38528,-397.03906
10.503055,135.65541,-354.32132
-11.206185,9.176273,-149.01572
54.311707,-9.325422,-136.76938
121.66273,-61.7211,-152.88405
76.306076,-158.48206,-198.94473
106.402145,4.9408293,-280.9152
117.26711,176.80853,-267.95438
53.44989,87.907295,-57.979595
92.43058,-8.0691595,53.284473
115.974556,25.66435,-167.43906
60.93186,106.1046,-144.81601
52.49218,136.78583,-37.02014
38.39785,122.262794,-173.3628
-21.065134,74.75875,-51.586803
-31.73938,19.205872,-21.56852
25.94611,30.226503,-280.35022
39.71993,81.79987,-311.19492
-52.650303,135.45549,-233.54813
-12.159673,142.31137,-111.514206
79.635765,135.32413,-52.65828
25.353874,124.316864,-70.41612
27.254677,85.388245,-26.067066
87.43569,139.38821,-163.45258
122.07016,219.68169,-119.962715
40.774826,177.21367,78.182884
20.974987,105.7358,96.90209
113.86386,85.69423,216.00426
-1.8035249,100.34879,145.28058
-18.363691,158.12543,-118.36385
65.37764,191.44214,-208.20724
-97.04551,167.27853,-57.10158
-112.62063,156.27916,275.5861
26.517536,121.92767,347.2586
-7.3003016,42.656273,249.6301
19.96262,82.178185,141.64822
-5.0948997,192.5827,-103.15263
-100.13172,175.34512,-14.962886
64.16455,154.4234,307.6048
142.61436,165.34845,370.84427
7.361385,61.361115,304.205
-36.506084,2.5034266,114.34684
6.0543685,151.25536,-67.81781
4.0755043,204.31787,90.062744
71.96475,84.52731,358.69354
187.85172,110.51406,278.2652
56.10154,94.2512,-29.117632
-65.8082,15.174323,-45.702847
41.06175,170.77882,71.70136
100.633934,188.70413,106.252495
102.69749,-25.465187,288.87772
141.10255,-26.768932,248.16354
123.34801,30.024796,-39.480892
55.792465,-26.855232,-14.802499
68.93962,77.05618,102.87102
153.44864,130.48174,86.30302
99.335,-96.44671,80.22063
28.587603,-181.89336,94.00438
93.29456,-93.198135,51.281815
21.875834,-104.27478,-11.2420635
-33.013943,-76.29209,89.36997
13.097681,-49.40887,128.4111
-19.679396,-134.72661,43.543972
27.705656,-82.74555,4.45762
41.51309,58.007545,-65.96302
-135.03946,-17.22499,-3.4059503
-222.8336,-141.78539,102.05882
-60.643204,-99.00537,64.42154
25.959538,-77.00276,-5.052119
-34.563328,-125.11065,-58.259743
-34.31124,-36.602104,36.865517
-80.04535,-11.913309,161.80263
-109.55102,-168.59756,92.7632
0.35453382,-90.451126,-81.61436
26.303772,52.402153,-195.10149
-117.277054,-63.993626,-33.636593
-175.659,-164.16573,184.68109
-118.1279,-175.62238,185.35266
-131.00737,-239.70316,126.36411
-146.79625,-234.98605,-82.59376
-113.861305,-125.3368,-156.88979
-133.77948,-185.62201,62.4031
-138.98938,-264.22946,28.318552
-87.96367,-210.53265,-25.705736
-135.83571,-299.01538,71.84913
-151.33417,-272.92975,-28.557205
-60.70945,-135.86003,-141.45103
-167.88611,-260.83328,-85.895966
-227.31154,-253.04419,64.66833
-32.51967,-86.041534,46.024487
-30.252987,-178.18634,-90.11903
-81.45437,-226.75238,-69.5101
27.556927,-103.27693,-91.26953
-30.458014,-143.93053,55.400894
-66.7685,-236.1054,309.70447
73.18957,-217.22658,154.90793
49.383774,-278.2062,-35.3809
-71.45039,-311.00592,-62.210327
-71.660706,-156.70172,-38.44462
-57.020157,-76.82604,89.02976
-73.38119,-80.99425,85.91437
-20.256989,-53.617153,-61.31583
-27.737297,-129.7074,-156.95627
-138.47469,-134.56422,-107.21211
-98.812614,12.182898,9.388801
-81.78577,36.639755,48.622673
-154.27486,11.833246,56.14356
-102.383026,33.678043,2.9499142
-139.28818,9.835368,-62.345184
-187.93349,27.714262,-63.574013
-114.47794,128.50148,-149.03258
-96.84401,127.03028,-138.9947
-93.430275,15.21254,-38.188057
-52.18912,-10.502264,-115.078674
2.9011934,-14.939361,-156.60126
9.677186,1.2869024,-186.12233
14.380142,103.31402,-239.53813
35.6421,138.92177,-173.45273
21.54174,104.797516,-127.55289
64.642365,63.964573,-83.52914
68.519226,49.43708,-55.410233
-1.4872562,123.21876,-107.16852
10.396797,177.47296,-197.26831
53.943306,91.87423,-216.09013
146.41711,57.40371,-122.4481
240.87245,135.56082,-154.7248
120.9623,144.8164,-272.91458
47.891125,199.12523,-316.26172
154.94139,318.19254,-311.58176
172.83694,272.08005,-163.88023
126.693794,186.25659,-53.151917
93.63174,296.81882,-157.28075
54.02757,336.87952,-192.39554
14.873647,191.10452,-149.53758
118.696724,220.17097,-131.75282
201.43608,313.49326,-78.17184
51.532715,270.5527,-107.812325
5.71818,252.31496,-159.74791
37.313004,173.1883,-132.68008
51.76628,71.29203,-36.79552
170.88174,177.95395,40.88384
168.2777,285.6372,-13.700879
92.517784,251.54092,-39.2794
137.08932,250.03903,-53.953213
150.23717,200.1724,-32.67552
106.63593,103.06283,81.27248
93.343666,171.43271,22.789839
81.352844,200.97635,-18.243683
37.175686,18.69132,129.33559
34.996964,-18.768238,196.44655
137.91646,104.568016,170.34366
114.39472,92.62997,88.70498
49.97567,96.71425,-25.497744
145.75432,149.75284,-24.385962
106.87378,117.89027,68.80734
33.354954,127.22741,170.41315
53.51701,141.36865,214.95
18.280586,32.31465,232.907
55.213303,-43.808365,246.81123
94.97038,22.57511,184.74445
57.24959,61.638844,221.94472
53.206104,32.67467,278.5767
107.680954,-16.330875,243.29417
105.29184,-150.38432,236.18546
3.8862813,-193.98087,129.81418
-23.514809,-81.51478,78.866394
-22.480902,-71.58798,147.52686
-2.902131,-98.67468,207.10657
58.390976,-102.11749,295.00296
-8.115341,-150.34645,259.05298
-45.279217,-48.00904,133.24576
28.084267,44.051712,84.3028
-0.66802627,-126.51226,189.34923
-23.882654,-260.77036,307.6518
13.260993,-201.2578,222.35268
-86.045685,-186.564,144.56009
-121.245125,-228.17737,110.28914
44.865643,-171.36098,54.80603
99.615395,-155.9187,104.32969
17.18415,-172.58621,75.3807
-17.054745,-89.82131,14.999388
-26.929678,-135.26797,76.21373
-62.130527,-261.02606,60.74782
-46.68515,-206.72514,9.673174
-61.627106,-103.57581,-22.321129
-128.92876,-54.825397,-76.448326
-6.9131246,-7.137603,-62.576504
50.970963,-57.08561,-47.816006
-69.1817,-161.84378,-110.38356
-90.302055,-111.07468,-188.3297
-97.19773,-41.00689,-134.36143
-40.448593,-109.14597,70.13466
29.623352,-127.98764,138.98463
-46.959133,-64.580284,4.246958
-173.5834,-41.09676,-132.01292
-170.85709,-11.878617,-144.88501
6.6638846,-13.378553,-10.146405
12.441332,-80.4268,19.56889
-159.06087,-38.2822,-136.13876
-218.10542,39.76666,-231.73074
-163.04059,-73.206314,-125.94986
-39.89587,-226.7612,94.50824
9.698869,-164.10379,113.114525
-129.35052,14.860866,-37.15866
-193.66705,64.11795,-126.28663
-20.181768,-39.06276,-125.92196
41.327965,-162.52524,-5.567226
-67.40274,-96.63209,-16.89935
-129.42612,117.580414,-220.63553
-165.11397,85.752846,-220.10864
-87.36898,-109.42498,-5.216233
84.016975,-137.97704,194.05537
21.005713,-91.45805,153.54239
-189.9319,31.69098,-150.56813
-162.54584,137.3008,-279.67978
-82.48934,-40.247498,-76.17724
-24.388844,-192.34326,197.5267
36.077007,-56.22775,157.01141
-167.27661,-9.133547,-117.963104
-252.30472,-145.77628,-144.85114
19.702179,-166.24242,-16.070057
181.85556,-173.36024,103.98762
73.82887,-159.81262,111.368355
-40.45103,101.427216,-120.02921
-8.969589,142.61874,-235.77794
103.83247,-225.84526,-101.858955
249.66296,-302.19464,-14.365517
244.95059,-22.618484,-38.81917
-6.7078857,87.217125,-63.52925
-13.639588,0.6018973,8.710785
296.61047,-179.14592,131.1364
310.73395,-270.70572,121.35952
123.55841,26.077715,-105.09333
-10.187842,272.4988,-353.1585
-28.799446,-1.6777289,-184.08003
207.58673,-273.2741,158.63388
303.53687,-142.30685,155.81396
4.828229,54.509537,-67.606705
-214.77074,148.11499,-285.30237
61.164238,132.63396,-190.09093
280.39758,-92.03074,129.71779
91.46912,-95.28795,192.76352
-55.039654,251.6024,4.0214005
-118.87613,265.4528,-114.38776
-63.23536,-33.93314,-8.418749
104.45351,-85.06778,85.65585
-38.76535,110.42219,-7.852359
-271.23502,302.9034,-107.58321
-148.74368,385.2461,-181.41544
-31.250141,218.42891,-192.53976
-83.11379,-10.722801,4.848907
-102.418205,213.53502,21.482004
-107.42346,574.54596,-148.89221
-176.8129,466.35553,-65.450035
-167.28333,211.47221,92.63374
5.3594017,155.7419,156.312
-129.34526,203.16452,39.28463
-308.4095,404.6085,-136.55573
-180.22618,464.85486,-85.33091
-140.16008,55.6264,65.91699
-32.851944,-155.51587,122.36634
32.493042,112.20682,9.944951
-272.03516,197.15663,-110.927704
-410.52542,85.43094,-132.7459
-118.84753,35.227196,-20.017073
-10.907407,-125.34406,275.92776
-188.76079,-77.90991,212.88873
-276.37384,316.76434,-265.94064
-289.03052,272.91104,-308.3049
-158.0464,-117.22958,29.836172
89.1792,-145.78976,186.57617
13.577814,-30.683437,151.1992
-262.83002,33.36243,70.38165
-146.22382,68.2984,64.54179
93.61912,-106.359604,96.33249
124.13611,-210.96254,134.66576
57.87741,54.400036,21.137125
-106.85235,227.5256,-126.56987
-66.94759,31.309832,18.468327
175.75095,-149.51503,121.68883
162.30893,-209.4871,97.27222
-93.802155,-160.77695,70.971
-90.21689,117.905075,-64.317024
217.07191,143.0823,-54.536613
309.16083,-285.61807,158.79492
151.20535,-389.63348,166.48087
53.11054,-82.64139,-103.96925
49.15114,66.65644,-225.78346
183.19041,11.392681,-63.69568
316.78262,-172.87209,76.32966
212.61319,-277.2108,68.03404
137.09126,-43.311886,-31.05667
140.83002,221.82507,-142.2074
143.98141,140.10666,-15.70452
264.6829,-35.228706,195.11185
331.46106,-14.565538,133.239
220.57597,47.86346,13.130045
45.896713,79.99096,-70.36671
88.14211,49.327435,-60.16173
253.05882,-108.05739,82.170494
239.28497,-159.4655,81.7454
175.07208,27.296602,22.554028
135.55832,129.04356,-8.789515
110.51928,-28.071861,8.657785
177.54088,-162.81029,52.647175
249.9881,-98.55183,6.1746254
182.0691,25.765554,0.9671201
107.415565,75.94775,-74.0512
218.19934,57.725285,-81.76551
320.38538,-95.65001,111.84977
163.65532,-231.48093,55.530857
29.802725,-83.52989,-112.386314
110.66947,60.44344,-106.24211
196.32257,-34.952347,-22.54316
235.89148,-173.70241,95.40018
101.55633,-181.72221,78.78744
-62.863663,-40.676346,-39.754738
-12.355521,108.16322,-173.58931
71.62496,52.49238,-185.89047
130.96283,-111.556946,25.6921
130.15808,-6.813222,4.1303835
-3.5127683,122.1923,-149.71457
-140.0933,-40.668842,-64.87046
-22.511602,-84.15183,-35.85658
176.01904,-26.484144,-88.868225
74.59845,-94.74147,-125.11378
-19.13695,62.310253,-162.09073
6.8001943,260.07156,-118.26031
-62.534794,62.500984,-44.035458
38.195145,-84.32865,3.9242027
96.34622,37.062443,-35.374767
-138.22156,115.6409,-129.82715
-153.89275,152.43636,-94.58241
-12.602303,42.626328,76.451485
-5.74349,-186.26396,197.39418
-14.4107895,-98.27016,85.15143
-160.86868,134.61044,-120.6742
-288.16394,36.115345,-43.13444
-27.584122,-61.10801,171.24422
175.08714,-29.817461,261.05063
-152.73161,-158.2385,203.56238
-364.158,-100.506256,16.59357
-92.3026,40.34173,22.94398
44.264977,-148.79807,156.00282
7.313938,-250.47919,232.0687
-15.02526,-77.12603,261.22995
-186.12274,-34.56749,125.34826
-143.13603,-105.73048,70.01418
19.85669,-121.48527,127.20873
-142.54549,-234.55652,180.00565
-196.9289,-177.87137,133.38829
-102.750946,64.60853,-8.634893
-254.19481,-55.515804,94.25104
-311.3579,-246.06163,175.56482
-72.28653,-109.59823,101.67612
-78.328026,-18.032583,59.664368
-264.26492,-25.186726,-12.6616
-209.32304,41.530018,43.803986
-165.09337,-85.18456,169.02199
-67.82842,-213.18997,196.05742
23.488775,-20.027338,49.69665
-261.1331,104.34004,-150.92503
-410.025,104.984085,-127.72851
-91.94774,92.36266,-9.005991
-0.8196312,-88.61862,173.39635
-252.93864,-153.95955,255.81381
-292.5159,96.61065,-67.80378
-257.42334,159.92093,-197.72365
-186.15453,-87.29207,76.306854
32.496906,-57.782642,124.021
-49.37804,132.35068,20.174185
-355.52795,164.06543,-94.89564
-235.22711,231.64264,-194.25952
34.350338,106.54336,-37.616055
-78.56532,-100.00624,64.755226
-93.951324,128.75655,-47.697514
-87.177376,291.1895,-111.70758
-230.49445,55.239838,50.338993
1.5235257,-55.68732,213.24632
157.28542,4.652057,78.224945
-115.02012,106.240364,-38.690277
-233.93433,298.30496,-177.03394
-106.04516,252.21307,-222.57245
-48.834026,-112.0342,87.36563
-31.499685,-173.95578,77.96557
-54.045475,100.71077,-200.41739
-190.7789,158.55511,-255.2888
-130.46701,81.798,-182.25987
100.73953,25.75163,-17.697678
75.326454,-44.904057,47.405834
-52.787224,88.72131,-92.044304
-34.89747,261.51416,-240.62401
-32.95724,127.56017,-204.14938
63.825066,-2.1317837,-50.873306
176.37189,113.32391,-86.52183
51.31841,226.18597,-189.32205
11.999382,207.72159,-191.51396
146.7777,92.277084,-174.1991
258.397,-8.679556,-32.168453
271.87988,63.311497,19.532145
183.96617,200.01492,-66.632385
103.54037,129.8671,-4.3052115
139.67415,29.708822,-52.1457
277.3973,99.35948,-182.78476
216.69025,111.26194,-181.1155
107.1771,145.96178,-217.64273
235.65071,223.23073,-192.45143
279.56265,47.06513,-52.567207
226.28763,-91.848236,23.132694
266.46835,58.935337,-55.61629
207.6343,120.58809,-118.809105
126.30935,-8.091522,13.972096
213.49658,-69.35704,98.406624
211.2427,-97.83211,123.1842
115.00656,-110.11701,123.09673
124.147675,20.203186,-52.397175
122.089294,28.53773,-88.527176
84.45485,-132.69476,0.67747164
179.81166,-110.53889,25.18337
219.1569,-13.571597,86.48484
23.343088,-44.80194,64.09457
11.047818,-106.821655,45.362392
141.63237,-193.07492,63.187912
91.63261,-241.7581,53.085297
34.260273,-126.0463,46.028446
18.881289,-28.90728,-6.3060536
0.8621095,-143.02238,68.25075
67.219086,-309.05975,127.670784
85.06226,-290.31894,-18.192543
-26.976427,-133.32126,-99.5042
-45.62549,-54.11649,-53.88696
3.8088336,-104.601265,32.057987
15.191802,-237.4329,91.99628
-24.741428,-308.25934,67.779236
-58.604763,-208.77136,47.97671
-75.922806,-93.686,9.720702
-89.15125,-127.925735,74.62944
-8.000517,-257.79483,228.10185
-27.109411,-274.85233,143.6836
-83.51,-215.28014,45.70106
-117.32667,-190.94353,33.80493
-156.50252,-160.21553,6.8387885
-53.124367,-169.55685,82.9425
-67.14713,-191.31038,102.38566
-209.774,-149.17923,67.18648
-176.53412,-79.623215,53.128418
-76.30138,-114.27641,85.390625
-106.569214,-212.17438,164.18602
-109.51859,-155.09032,85.72569
-78.147194,-11.889116,-17.295862
-108.330696,4.59295,11.762128
-65.24854,-44.142128,23.659254
-8.2839575,-45.795036,8.121508
-105.9447,-32.91577,-81.92613
-161.28275,49.358807,-129.0272
-4.7929664,122.446465,13.078921
-21.856972,34.802513,106.18203
-86.13958,-3.1698864,85.059235
17.89225,104.052895,-81.84733
-24.416016,114.02734,-139.33734
31.509495,110.75579,45.781395
195.84232,190.98187,88.772644
117.284195,96.27984,136.19426
23.279245,9.384496,94.890915
119.830414,129.7623,-90.8642
126.57717,122.28474,-58.30302
47.11864,76.97024,-35.314407
165.59805,251.75456,-94.65656
193.39223,282.10388,-95.089096
46.92172,162.0319,-83.65094
133.94829,271.6205,-101.21526
218.65533,319.17444,-96.93584
123.03135,211.4339,32.732956
195.3896,280.8177,55.299717
152.576,309.38553,-9.83782
-18.917353,211.95995,48.35146
114.76944,248.69882,19.753185
176.67712,216.68758,-8.461398
27.53653,99.07932,14.447815
17.450478,262.13803,-93.774475
15.303936,351.80722,-47.603638
-75.607834,145.31784,140.50116
1.5556183,161.5769,119.42916
34.06847,244.12532,20.456842
-174.81477,184.22475,2.3392065
-134.41574,292.43198,8.463784
21.832159,256.23846,94.664856
-105.740776,-14.634027,204.47447
-96.80178,5.13108,111.013306
-81.386826,98.50423,-86.438644
-256.7487,-17.024576,-59.38631
-106.833115,20.093979,36.51285
41.59249,69.692184,59.73936
-111.328064,-115.0546,165.54155
-167.40315,-94.674545,59.46724
-115.89984,54.47553,-106.077225
-131.27242,-71.78237,7.781633
-103.481865,-110.141716,43.30176
-14.843777,-63.98888,63.511642
-161.69853,-205.91324,89.54588
-184.24751,-161.68103,-92.509224
4.138222,-98.55773,-160.7349
-67.334045,-282.62912,-61.75302
-30.746,-196.3385,-108.359024
57.93325,-39.62833,-211.57529
-136.45305,-245.00784,-110.44384
-82.095955,-278.81345,-16.231798
123.59049,-182.18144,-86.46345
-40.980206,-326.07428,-59.837173
-96.77562,-237.8102,-102.8472
20.448017,-14.019032,-215.36214
-57.68506,-100.537346,-66.724594
-41.263676,-113.794014,-47.164566
25.94903,-21.79896,-159.48906
-79.76136,-147.7551,-116.088036
-73.68909,-156.12784,-173.51575
110.76532,-5.9819393,-140.96135
30.00544,-76.76382,20.031809
-63.748497,-121.330055,5.4196377
68.83224,-50.364662,-79.06613
18.153105,-138.24205,-87.575806
37.541855,-85.64495,-25.711668
158.99301,119.5925,-40.546406
81.12473,90.97821,-57.252888
36.89995,3.6216328,-18.456347
82.79212,28.371344,-62.717113
38.60448,39.196346,4.612964
-2.9255621,45.309353,156.22734
25.232845,96.24195,185.75446
42.3748,78.74659,200.85553
13.487674,-43.255272,206.57996
-7.80106,-50.03223,100.13723
71.756294,82.802795,-75.45792
11.511727,76.6745,-103.08767
-38.7802,-44.37698,43.077446
88.227325,-43.724712,113.75886
61.574368,-49.151237,151.49846
-9.17024,-133.38472,138.25757
28.698307,-62.77167,-53.267994
121.50818,-3.5386946,-77.656746
62.61297,-146.80995,89.00376
18.923428,-125.16793,147.8401
120.21423,17.72811,155.65692
7.8698053,-111.194435,180.14374
-35.329624,-173.12714,124.693214
78.913376,36.859024,-49.663975
-8.9628315,40.42227,-44.021484
-68.41819,-29.274197,107.05917
82.0374,92.52712,71.15698
9.271369,-34.128254,87.40152
-177.59995,-182.28534,144.2854
-37.552834,94.91373,24.92122
41.440094,150.33414,90.71225
-61.769978,-80.06326,247.43086
11.391778,48.570477,123.9838
37.37298,96.225426,39.360435
-141.91139,-106.92578,69.68069
-35.294716,39.28084,-4.473271
92.630394,155.21097,-1.0948545
-129.8256,-31.408463,130.40808
-107.34809,67.233826,96.14446
15.67437,208.0752,-15.068806
-55.28034,37.17529,57.89947
1.8073695,95.898735,19.15889
62.026524,229.37354,-91.296165
-51.27158,12.717635,17.403362
-76.81546,-24.12171,36.783504
17.286861,162.16124,-38.160686
-115.28634,91.26654,-38.986706
-266.3364,61.824615,-141.20375
-120.50136,192.58609,-199.06602
-32.357807,131.22864,-45.527462
-81.06135,97.07885,84.55951
-51.86466,203.52097,17.170881
-108.97622,119.50438,-86.31927
-141.68489,-0.54981875,-120.100426
10.904089,86.14799,-203.27031
19.957205,112.04218,-173.29248
-93.846954,67.13285,-75.718185
-56.234802,124.99054,-147.93997
26.035084,32.380478,-151.46301
-59.760357,-128.81181,-135.30374
-87.492355,61.6599,-226.60345
20.258982,288.8207,-220.91707
-93.53277,119.350006,-95.19622
-112.45958,-32.361877,23.538141
31.228725,27.32541,-2.14678
-92.2021,30.16378,-112.12987
-123.0728,142.64865,-248.951
14.171616,241.28716,-333.62183
-21.90061,8.747709,-161.72316
-30.456053,-147.91525,49.852295
81.45467,-16.64919,43.19466
40.588886,-6.6054235,-22.796972
-37.50579,-71.234215,-93.414604
133.97693,61.59986,-172.7998
200.8602,57.832916,-73.786476
14.431244,-95.667,75.90719
54.976,18.586685,34.65657
150.51038,76.37359,-5.8105726
47.983856,-130.72694,62.00583
173.10847,-93.010796,31.752031
274.39648,5.015835,-27.286055
86.91503,-179.17769,53.157898
139.59966,-178.56357,25.429855
255.91553,-120.813255,-18.715586
88.68597,-307.18176,111.71859
69.91875,-149.04874,33.72619
190.03313,155.66605,-89.86581
14.06734,-82.81573,14.905085
-52.536892,-273.24973,6.968543
159.14502,-159.9118,-100.01946
35.9317,-309.36688,-22.34714
-34.849644,-288.55804,96.517166
216.8414,-21.92616,98.28138
83.1395,-218.57018,175.2292
-17.392923,-352.935,148.9523
227.61893,-97.09781,-111.7475
73.824394,-170.02985,-130.81348
-20.681015,-255.45435,-11.64507
231.92131,-16.899796,-32.08314
84.53391,-160.18706,142.41972
-60.855217,-321.30347,219.75142
203.7482,-37.22786,-20.915506
185.06902,-83.20462,-56.758015
-28.184282,-238.1179,-66.88668
147.74657,-0.5325453,-160.30016
115.993416,-10.612219,24.7968
-96.78353,-143.89775,248.50026
76.40812,52.14558,196.56955
-12.145105,41.57769,40.26026
-180.5422,-67.98495,-36.719185
27.092907,132.99081,-104.163605
12.259433,126.8847,-10.943718
-132.43059,-33.705807,159.15755
-32.6935,87.47509,31.536034
-28.591105,133.88585,-38.78664
-157.00102,24.483372,68.43171
-104.78571,169.0126,-12.794987
-50.81921,270.37106,-6.634255
-148.17134,103.14373,136.27856
-142.63872,125.05965,122.889366
-84.20712,210.53554,71.08384
-224.08221,199.86545,38.41658
-226.5727,303.27814,21.322815
-91.51852,254.47046,91.63489
-182.28781,46.438534,209.55032
-178.22937,84.05909,167.85777
-107.61319,226.21356,8.260776
-158.76334,182.49368,45.824825
-73.54131,118.34313,149.96953
46.72517,91.5492,209.05232
-6.1465,26.223698,262.84637
-95.13848,82.9217,139.25108
-50.726337,134.7615,16.205387
7.7273035,-20.211863,55.914803
1.5236231,-52.301132,74.871544
-3.0199518,90.13521,82.60305
-150.80109,97.94182,133.73529
-177.72946,65.86326,185.6528
78.89596,34.32687,209.09764
31.90708,-89.92342,179.58508
-133.84126,-90.48219,84.92397
-34.488358,28.665718,-31.0032
32.621353,-76.16623,69.98748
59.774235,-271.1823,213.20178
90.33521,-205.30557,63.772312
4.989456,-67.263275,-49.880997
-85.99544,-28.96546,-37.10765
34.127075,6.1086254,10.212111
138.8943,-84.82686,160.79921
17.506779,-221.3117,140.00696
-21.849964,-134.01894,-51.798225
-1.1741773,-103.15643,-148.94673
-64.87456,-245.95773,-106.24264
24.291584,-184.21567,-41.27507
80.59267,-39.342995,-85.198784
-86.97453,-86.84352,-63.23796
-73.98083,-103.18713,-15.446215
94.58828,-21.244886,-88.31971
93.74777,-65.90649,-59.010136
40.131363,-28.959229,-110.15019
79.41988,170.24976,-233.24089
9.637537,81.92135,-114.9642
-9.307818,-94.16096,-18.099977
202.55904,-40.39172,11.357935
115.08737,-48.8114,20.239193
-81.93709,35.089603,-106.01328
38.440525,229.3172,-164.25691
106.72925,76.62671,-47.591446
126.98789,-90.573105,44.999817
184.21829,59.97744,-122.25938
-17.70217,132.00443,-330.54022
-109.95969,84.17174,-265.42142
155.53131,68.619415,-104.882774
185.23175,-71.76911,74.03785
27.55656,-131.29572,48.74593
-8.271741,71.028046,-302.6921
8.353463,87.243675,-382.18024
88.03499,-51.262024,-200.86998
189.20737,23.516228,-80.18252
110.32122,93.973045,1.7386389
-111.4231,115.94359,-78.95282
-58.868332,185.70721,-166.38197
52.396057,62.38682,-167.8508
55.967438,-52.75773,-167.32684
128.9949,139.77461,-186.63179
31.56898,222.51416,-184.95619
-43.05449,77.132195,-57.49081
88.73369,17.71649,20.49687
109.582436,-4.860468,9.458844
1.2932714,51.142883,-63.924232
-9.23533,202.50099,-245.77531
11.850121,141.78694,-210.34567
15.092271,-51.537277,11.305598
68.06663,-12.936789,9.29346
19.695463,94.49956,-97.113
-131.0589,77.51331,-165.72115
-102.32968,111.52709,-156.8686
44.36282,98.409836,-15.801899
-30.671339,28.039675,24.368944
-110.43334,116.69178,-70.49698
-126.74124,206.11067,-211.6071
-194.40677,122.23244,-207.52454
-103.67205,45.006252,-89.129395
-55.657227,90.691826,-103.12218
-165.89648,88.37808,-42.684593
-255.07944,21.905293,-53.9528
-188.71092,-2.5230708,-140.44675
-81.66467,-62.89073,-28.224764
-121.140274,-48.832153,12.886191
-99.60052,104.69387,18.10413
-97.20436,78.47665,41.574722
-139.95628,-105.40769,-0.2777744
-10.140019,-122.197655,-33.341698
23.057878,-9.125359,-113.023384
-83.85771,23.131935,-47.26057
-71.48186,-48.490585,103.01482
30.617846,-127.82133,132.70627
52.091316,-216.72412,223.74992
-56.793224,-197.485,196.35645
-87.09901,4.645931,50.73754
-41.71295,51.36966,63.794956
-21.730404,-98.618546,83.767
53.951286,-99.6528,111.868935
5.808359,-25.263353,110.84393
-106.141045,-54.89777,73.48153
-31.16923,-77.66294,143.80476
19.034893,-113.90294,195.7763
-11.354788,-127.25112,234.29419
-32.60539,-22.939503,209.44214
-53.770435,6.19456,180.44461
29.89398,-127.92066,233.13249
84.560074,-199.18175,176.08778
39.11544,-61.025036,122.70466
-14.2511635,41.571297,182.561
-29.822205,-2.5985234,300.46005
113.56465,-68.76955,395.8192
130.2899,-147.5275,311.86697
-26.95385,-103.868805,112.07595
-13.676765,17.552908,30.029657
20.873055,-40.467236,158.13617
100.506874,-196.801,363.94037
189.42287,-172.60483,301.11194
65.01539,-56.556732,43.8357
-38.713863,-44.661346,-1.0040605
30.39744,-26.978586,79.58096
170.25288,-53.799976,270.59134
154.28873,-118.57392,348.3271
19.656494,-46.905277,175.379
-50.31049,-5.9648747,125.21678
-34.546947,-81.935005,60.685627
75.46094,-97.42476,47.68301
48.41782,-62.25905,146.02924
-75.87133,23.041027,105.06295
-77.31295,102.96063,90.79214
-63.44269,-57.21214,189.45209
-13.215353,-180.98936,229.34607
52.137512,-19.195505,18.951572
-85.97606,90.744354,-219.27371
-205.86545,69.9189,-198.90771
-26.966702,62.652363,-62.544025
92.82369,-24.396538,111.07558
-58.11179,-60.065342,86.49801
-211.9597,196.65416,-198.66853
-225.08174,314.27332,-247.28337
-111.01053,74.5402,-14.96173
37.508102,-47.752724,112.16235
-44.363277,22.374182,-33.2286
-294.60367,140.69308,-339.1125
-247.20134,228.31262,-394.76044
-38.459084,89.76931,-51.05557
11.757171,-61.46898,195.68497
-1.4123684,85.17056,-3.9431305
-135.24905,226.38118,-301.8394
-185.5457,135.84528,-336.11636
12.291698,2.7017918,-229.93796
60.941544,-90.95309,-104.64206
-35.894665,-34.482124,-58.329353
-62.984028,156.39201,-206.5468
-72.845825,135.13742,-220.77925
30.704393,-116.98594,-19.471462
170.82678,-223.07074,14.412027
135.47717,-72.47797,-148.60188
-5.874542,128.80397,-314.9735
-50.841473,153.2412,-299.51572
56.455364,-45.546955,-91.37565
140.8411,-173.80774,42.276505
95.08325,-54.84824,-48.62681
-71.05542,83.87726,-256.1617
-45.413612,94.13595,-289.985
225.84717,-25.466385,-52.411827
235.76799,-190.14412,122.21234
123.317856,-120.49981,-4.3223395
99.73764,110.52971,-280.73895
31.543573,89.11351,-296.22058
144.22021,-82.440506,-54.07332
315.44147,-89.24895,-0.9321909
247.29721,-64.74009,-51.076565
170.26253,-69.463486,-143.74586
249.63237,14.283178,-287.2777
299.70792,-5.108564,-150.71452
268.5006,-61.614273,27.788666
309.89444,102.9131,13.612757
281.78677,134.7064,17.856934
176.07591,-22.708704,44.249718
316.49362,67.641716,23.469088
328.65857,133.05493,78.501
51.30743,30.567558,256.93362
67.51849,184.95944,240.37733
100.871826,173.52321,127.00368
-120.62992,-144.23929,185.42505
-89.814835,17.008562,50.41756
-58.25998,267.1218,-120.07104
-262.05896,10.659945,13.862991
-142.49002,-84.56321,12.113791
65.86973,17.646257,-79.996666
-147.59105,-163.02174,5.4158783
-222.73792,-62.1021,-61.88172
10.244756,183.01219,-125.38814
-51.803204,-128.43294,58.385826
-18.045105,-195.93184,66.237206
177.839,140.98079,-96.48747
-80.00258,40.96185,-50.795357
-107.48788,-63.09916,22.670715
199.79303,76.75024,-33.359455
88.76218,-50.170166,48.786976
-41.843307,-49.64691,151.31302
78.90394,196.22638,93.282524
47.31018,6.5380206,176.46468
12.081538,-262.59344,243.03333
143.2831,-111.79319,66.08269
76.92281,-40.754887,44.697655
-53.728043,-83.74119,129.6918
110.05162,30.758356,95.40012
205.92026,-37.929176,100.92545
75.2131,-197.71393,97.20241
60.06107,-32.223625,23.789686
27.266626,129.5988,3.6583009
-18.10118,13.406604,124.82179
104.61381,-65.36938,197.15552
85.48971,-9.653002,96.38375
-64.532135,5.161812,47.441143
-133.7594,43.064262,25.09489
-49.749313,102.328735,17.957188
34.12535,1.9553688,98.02639
-59.546944,-33.547646,80.61065
-102.18263,144.55602,-32.498543
-133.45331,141.63351,-96.42217
-132.84116,-57.875164,-64.03904
15.863157,-92.44229,-44.764008
5.4492188,-18.155197,-23.22636
-143.43217,43.249844,65.323296
-72.1067,155.31306,37.06083
90.9852,85.35792,70.87335
42.922363,-152.08829,143.78316
9.44604,-24.077354,-49.016148
-39.41967,230.34654,-157.70563
-205.77979,164.66049,-11.514974
-82.61988,94.42725,111.468
91.52531,12.738233,151.33293
-106.92208,-126.84001,121.912445
-234.43752,58.709747,-61.743977
-127.71744,256.82227,-183.58058
-160.01163,10.622177,-8.1572895
-88.22189,-210.37025,146.1519
17.395359,-151.74554,63.05979
-177.9247,-71.716,-56.42701
-252.02275,24.889334,-136.64589
-173.68207,63.307083,-179.5736
-143.40552,-65.015755,-41.95417
-167.73279,-178.78964,32.747627
-222.43538,-125.67481,-103.998955
-223.97397,-60.147137,-162.00139
-189.91629,-82.23761,-116.97288
-55.966125,-147.29308,23.27047
-19.672482,-200.34668,75.844
-138.54213,-111.82032,-39.826515
-167.3477,12.029474,-104.09211
-168.61626,-46.080013,-58.52484
-181.6623,-165.72945,51.8527
-127.606415,-124.01138,38.99163
-193.82622,-71.6657,10.293475
-310.7587,-80.92085,46.6776
-224.5348,-23.766819,-36.097614
-181.87605,-82.48124,-75.596405
-213.53883,-208.01735,-8.268197
-187.6247,-115.721176,-59.552185
-168.00749,3.9917285,-73.83705
-185.57288,-33.618168,20.376081
-154.37071,-24.904694,-14.048189
-77.61546,-44.28632,-54.879913
-188.0115,-119.26539,-63.8324
-158.26828,16.706785,-70.283325
-28.157022,102.40651,-27.906242
-106.803764,-52.9928,19.095554
-12.672647,-68.52398,-8.433583
56.185394,19.26555,-105.4202
-94.182106,-40.50921,-20.861185
-43.787235,55.585953,-37.565327
103.55539,195.84036,-166.73001
-4.4283023,-13.352118,-39.659496
-27.46082,-65.90292,-22.247095
133.32285,114.99427,-34.22882
63.574932,-1.5680863,69.30378
49.185482,6.4590707,-26.682451
191.60583,238.5286,-131.31744
99.83242,85.94008,-46.148495
107.37972,-21.828566,36.328213
336.17554,142.40071,-40.001907
205.67284,39.90585,-82.90566
55.355663,35.83444,-64.63078
234.28972,279.41132,-147.92729
220.11426,185.10347,-6.152268
181.07338,40.319576,178.91623
316.5118,209.79924,21.566517
224.33627,179.13185,-17.144932
68.01819,5.40741,21.116531
195.63957,124.23973,-19.5767
230.04993,110.287575,121.14895
94.8836,-7.4168777,153.99731
160.2987,167.39508,-32.164494
100.91248,136.0695,-122.24401
-53.52853,-44.188274,-66.72381
155.77547,143.5494,-35.842934
273.00183,206.51236,0.47182852
117.304436,-0.049160514,115.69677
184.70755,16.239073,97.00924
249.18219,13.5181055,19.436556
165.07391,-89.28306,80.782234
229.31003,61.78409,44.568874
208.49484,151.49358,-7.096148
69.68661,-10.590449,68.31286
92.065475,-24.291021,47.86294
158.04716,18.518064,64.65313
92.059525,-72.395676,79.11958
62.346436,3.2453966,-3.8363078
133.54526,57.635662,59.399513
133.7339,-130.58992,173.92467
190.84065,-139.72816,168.68762
191.44745,-17.739689,75.561005
13.309243,-10.490168,25.388767
-5.107533,19.208714,80.52166
16.993301,-11.660776,141.11926
-54.82781,-108.07126,200.96681
-58.877373,-88.47036,158.0836
-54.210663,-56.3524,19.099873
-34.143135,-117.943924,84.0622
-24.159143,-126.40989,178.60948
-45.782757,-17.286266,134.11276
-35.140263,51.542233,95.935265
-111.517586,-1.4328521,38.751244
-145.55045,-77.461845,49.483776
-27.679886,-106.518074,41.188328
-13.733175,-76.55289,-3.9528165
-4.9870276,51.56804,-6.290782
31.740643,157.31152,-33.96044
-48.06383,84.44819,35.052826
-58.037014,-5.6121674,61.231777
-17.514973,46.173786,11.157501
-40.736897,129.26546,23.90627
-88.67785,163.90413,-24.51248
-86.25344,146.03691,-30.550003
-59.163273,38.303097,34.243443
-67.326996,4.588175,18.737982
11.367209,122.7892,-46.90755
30.88986,97.19899,-78.845695
-37.045506,-31.672594,17.875845
11.585603,-20.524044,89.82929
0.40647823,16.869682,37.68602
-46.330513,0.67714876,30.501955
18.496159,8.506608,-34.20923
28.900524,27.369944,-81.4005
-28.390932,28.104866,-41.688686
-19.707287,94.54263,-111.65289
31.28406,101.69149,-71.973724
36.799454,-53.605785,16.900227
52.41634,-126.0917,-28.747702
40.500935,-99.502235,-29.096725
-67.70159,-45.89393,-51.281086
-73.20498,110.56395,-100.77485
-12.177084,155.6827,-117.97892
-91.091835,5.088938,-129.18944
-112.53956,-31.73807,-142.21921
-61.07687,9.585906,-200.92508
-146.9028,3.1089892,-203.93735
-148.3668,56.97606,-163.8141
-79.24419,16.40377,-140.83286
-97.24108,-169.09471,-42.200962
-69.165565,-211.33037,-46.17236
-57.62792,-75.14955,-158.68526
-132.6848,-20.373522,-169.74727
-168.19952,-15.218057,-191.33353
-81.071335,-3.3364236,-141.28922
-86.78187,-98.39618,-101.1846
-123.971565,-88.679436,-246.35796
-33.99913,-29.442463,-304.60284
-85.82731,-157.70738,-219.51163
-75.33515,-222.23764,-83.75683
85.450584,-140.78763,-34.70952
33.36067,-128.40196,-44.577396
-57.715744,-142.35843,-41.4795
-47.810284,-82.97458,-180.0734
-92.2919,-85.74852,-192.05524
-113.823746,-108.973366,-87.27713
-46.421017,-2.391248,-94.97959
-16.835276,-1.8723271,-47.00415
-51.877678,-174.43172,-54.93403
31.31516,-223.8324,-87.34279
105.64817,-192.33302,-25.285336
6.894482,-168.08258,18.521997
4.26844,-85.069176,85.27309
32.72504,-82.25614,122.67107
-40.742764,-131.45638,145.61644
-29.764946,-93.64032,140.29825
-13.109754,-13.033466,27.011559
-20.626585,27.383251,20.45142
59.055817,-11.780888,96.72482
89.555405,-86.94446,122.64733
55.89408,-166.46875,142.08861
81.38293,-146.62079,79.41085
155.86383,-15.414881,37.376984
158.37657,-22.88086,94.5857
76.652245,-124.3568,132.93568
133.91063,-68.94274,149.04387
144.47899,-23.540556,134.74857
31.874311,-73.76529,117.77995
77.13452,-16.835476,46.456
75.951485,25.292213,-9.823962
14.600021,-7.195315,111.18289
62.31108,88.32977,123.703156
93.44334,147.172,65.70093
53.749233,-37.66262,147.89578
72.32225,-120.93494,141.45808
141.4959,10.815873,115.594284
31.737743,56.727062,116.05466
5.4664335,136.88782,68.524055
124.73183,192.77368,98.823784
9.654924,14.393729,137.05116
-23.44419,-6.2245836,98.74484
79.36386,177.50266,-0.37332404
3.2103832,166.89394,25.163406
17.322802,118.40793,164.13957
63.20859,173.54132,133.9502
-106.70999,111.22049,87.2644
-152.21297,140.57584,45.368958
-49.084667,298.69763,-28.410498
-100.13295,217.69304,101.92792
-113.858406,138.90514,214.21255
-34.655823,238.44102,161.12071
-89.05666,151.61415,130.20186
-108.02933,31.569988,48.875214
21.310835,112.5687,-14.563855
-16.890356,67.77737,100.821655
-121.78716,-10.748734,228.90671
-36.2697,73.98979,240.10439
-85.61083,71.12981,172.59952
-145.10551,53.96719,127.17073
-50.631035,137.5584,77.66001
-121.643364,97.738304,81.16606
-162.42633,1.8906895,163.79579
-91.64647,50.651024,123.77848
-104.3377,15.492784,116.18678
-119.686386,-92.58779,84.31267
-78.98059,-14.645359,-36.150707
-87.56575,30.919115,36.395187
-140.4224,-0.6071579,144.19017
-56.858784,52.07774,197.63118
-60.53625,-24.5066,219.86934
-218.34102,-163.10396,144.33789
-166.70595,-66.59637,43.455124
-109.76549,19.514896,-54.355335
-158.28612,-51.1456,-69.45956
-81.36887,-67.106926,-62.478016
-90.39795,-106.08001,-108.01877
-161.88927,-181.06111,-116.646324
-96.68785,-130.72612,-197.08397
-89.35653,-62.995354,-253.56837
-89.48147,-78.09068,-193.98856
-9.838944,-84.52944,-229.89087
-7.619583,-99.43359,-246.38377
22.64151,-85.88148,-249.56726
137.31232,22.861153,-282.87082
163.75453,22.490574,-176.35146
98.06466,-33.32645,-127.62413
104.688354,24.490963,-176.60222
104.0235,10.059086,-211.826
17.15571,-27.531685,-266.71805
69.19227,18.682348,-268.77466
104.23973,10.479344,-277.00845
24.903913,-25.780638,-265.95844
62.699333,-7.446619,-209.68393
84.229095,10.466384,-187.39601
65.80211,-17.128546,-154.94244
88.23149,-9.516154,-241.30484
56.671684,-14.352464,-312.26773
60.674553,-31.24898,-243.26245
149.55226,57.75461,-238.13853
153.33412,48.79693,-135.13759
82.72748,-5.091072,-53.059895
108.60292,114.80305,-207.20146
136.07568,160.01244,-274.1854
77.37085,128.9992,-212.88132
128.16345,193.93114,-154.74689
181.68636,115.41151,-92.84049
73.30429,-65.20692,-104.20142
110.51366,-37.168453,-121.57039
188.50452,70.7561,-88.85263
137.58107,130.24977,-38.29951
194.61449,190.48967,16.267797
165.74731,141.92587,48.925472
79.20558,50.003418,82.81214
104.5946,67.30044,24.506966
49.37498,49.68318,-23.268635
42.02227,28.220467,7.8477044
119.28061,122.16456,-27.82012
94.9062,105.76457,80.130455
62.683178,89.331276,219.8839
151.83049,222.82394,151.32304
151.46962,145.73524,129.81288
-10.784818,-2.4293804,153.06992
51.158627,77.23751,170.81342
126.92269,58.38417,247.85986
5.088045,-54.9179,239.20877
68.953545,-21.04618,106.382
66.79669,-26.151787,-60.596535
-52.65867,-26.599825,-122.43911
6.3038087,156.01086,-93.874626
-10.256071,241.66318,-9.031961
-98.86426,94.41638,142.46024
-76.43765,-25.898111,138.19977
-94.8807,-101.58536,129.49266
-151.09792,-138.91151,205.63562
-15.627726,33.597843,184.634
109.406105,102.04229,319.81543
33.029575,-73.08097,447.05533
26.973007,-60.855976,293.44867
69.34167,12.36768,158.66821
-41.954277,-37.560406,128.63982
-91.32396,-3.708305,92.41162
-57.352444,-53.40533,99.93618
-146.2043,-216.71773,216.01953
-46.532253,-214.58003,222.48373
103.98319,-134.69453,83.869865
38.33275,-127.2821,85.2011
65.48338,-141.26016,124.207886
76.66848,-218.08095,155.692
52.80202,-299.70233,272.00305
69.82846,-249.5553,294.71594
37.93636,-217.52754,248.45929
47.95901,-220.955,185.55455
56.091663,-96.098145,53.480762
20.800291,-7.880859,30.626772
-45.531353,6.393649,89.86264
-77.38083,55.55921,77.9665
-104.51385,-64.87822,39.190445
-183.55106,-196.64938,-55.193394
-145.3811,-90.79077,-127.95969
-92.02404,-48.73868,-129.53003
-77.01946,-124.83537,-100.72555
1.2703624,-159.98543,-39.5499
-36.64961,-165.9694,-33.916935
-78.643524,-87.63776,-29.436659
-46.548973,31.877316,-31.440973
-90.31734,51.122696,3.7042356
-120.6603,11.049935,75.588806
-162.25778,-9.481064,-59.483265
-203.46887,-58.575214,-234.60812
-150.77957,-60.250084,-314.70575
-73.730515,15.5148735,-328.54242
-21.620653,-0.5823865,-171.8651
15.482178,-79.25138,-26.072392
32.118824,-106.10391,48.60539
20.120481,-118.127815,123.523384
-35.481434,-117.417625,59.625008
-60.06158,-76.84663,-29.614275
-53.00203,-35.519783,-67.39566
-88.685165,36.794083,-129.69112
-101.88532,137.02846,-107.648
-146.91673,125.672485,-116.08333
-105.58912,44.501926,-142.87729
-48.499428,-18.67131,-124.58452
-121.89399,-61.4925,-126.69712
-87.616,-20.55376,-66.06123
-47.672012,29.125088,-77.70633
-28.52676,29.928122,-52.98465
-28.542566,34.040546,6.4137077
-83.82916,61.50279,-53.35659
-64.906166,91.73355,-15.605491
-22.432293,61.185486,28.004032
-22.208902,3.4101613,67.72753
-91.2751,-63.674522,65.55126
-109.51675,-94.17013,-104.43885
-75.76472,-30.367641,-144.30086
-73.44435,51.68384,-118.44204
-51.955093,84.543594,-71.56189
-48.33686,0.13286683,40.59851
-97.57743,-38.124302,-17.073112
-89.99948,46.12504,-49.385998
-98.165405,43.79186,-68.34767
-149.049,35.442543,-119.05723
-74.43169,38.675705,-74.16662
-109.88997,-24.670712,-84.202736
-157.70062,-5.389315,-83.574036
-45.513443,81.55296,-169.5457
-4.8919716,105.5407,-244.73912
31.819284,100.593765,-150.06432
49.98786,111.50291,-80.533936
31.683588,109.408554,41.58666
59.234425,124.74193,148.06732
66.52233,135.20642,143.68488
15.544372,116.99395,40.44097
-13.567414,185.39124,-185.7421
42.341843,251.32414,-240.71812
70.51211,166.54245,-48.30644
38.84091,117.23878,79.97606
66.2653,126.72148,61.745747
63.185635,62.01607,-6.336952
19.502842,108.58718,-7.842882
108.40267,284.56073,42.03006
149.93701,314.50006,75.49507
92.37287,207.20425,92.858536
95.80138,168.41641,-16.51083
88.26815,164.54126,-29.915731
69.69544,136.05757,120.35717
113.40788,150.82562,171.2152
146.52322,133.89075,246.49657
92.960464,65.68653,259.22794
70.494255,70.0837,110.97068
98.21454,78.60624,10.65125
73.231255,24.158096,-35.14481
75.713264,20.733511,-7.2812147
70.84669,-20.336401,47.691372
-2.01122,-143.6691,60.66561
55.000168,-176.92656,97.27769
145.08379,-167.40424,66.1014
96.97434,-169.00208,-12.512064
86.04673,-115.24845,-120.24912
104.30917,-62.246758,-199.73273
90.57103,-90.35805,-79.26968
96.745895,-124.870155,-17.940325
110.01907,-119.81492,-54.351376
76.635216,-172.36862,-23.768215
27.073254,-219.69962,-6.980494
104.20928,-162.65434,64.735245
132.72281,-146.50923,107.89208
26.726728,-195.88521,38.90835
25.97802,-173.91139,-39.749332
10.4405985,-141.58179,-99.92177
-34.616894,-117.01971,-56.603447
40.4582,-80.2957,48.507397
40.709156,-105.483894,103.84836
-16.029448,-159.66966,114.80412
-38.489555,-170.37732,35.32782
-54.211258,-127.76777,-23.133072
-22.37166,-54.62948,-14.504446
-5.6913724,17.47848,-23.182032
-9.968495,-3.1649098,8.188168
-59.270603,-59.118683,-58.55504
-58.00054,-34.410267,-176.09532
-5.05728,-7.001694,-148.09624
-68.69752,-16.04725,-73.40572
-39.370323,-22.992273,18.755934
12.11331,-35.148933,100.47384
-68.58446,-55.958233,148.49237
-24.077818,9.379392,134.27708
24.506165,118.401955,5.526866
-53.839977,97.21719,-55.559147
-73.98613,32.467922,-36.934788
-60.078434,47.59621,-17.710331
-72.99763,18.979065,42.089005
-96.43981,-38.357468,6.2733526
-73.0453,-6.5331388,-66.448326
-27.461424,20.89869,-69.819145
-21.70307,48.11567,-63.485355
54.31044,106.85184,-25.176905
103.98505,82.415634,-21.22727
73.25379,16.84783,-25.987785
73.998405,23.548244,-62.925358
51.50549,37.706635,-102.21181
28.630104,10.556541,34.58514
75.1878,32.683662,94.63912
112.61045,57.41301,32.94636
42.32358,-10.443457,-2.9760437
22.815742,25.372854,-108.31012
112.28395,195.61516,-120.118065
78.490456,156.82704,-3.9284027
-5.643487,12.048082,93.4416
32.881176,19.516272,121.129944
-23.048231,-13.231091,103.066414
-85.32135,-37.212387,104.434715
44.19021,66.46914,7.6006947
47.41322,33.599865,-25.277658
-7.6497493,-115.511856,127.168884
23.00315,-130.57422,133.7633
25.597342,-109.80246,98.33217
19.845121,-128.74393,101.41255
33.957123,-25.908213,-22.547785
53.294064,69.84003,-44.92633
-34.942493,17.70653,10.314593
-34.887444,50.931442,26.841003
35.69016,103.87915,74.28877
-32.394928,41.762856,50.694763
-43.73321,82.72434,-1.3488952
-38.93319,134.84073,-0.020152295
-78.83755,82.69796,78.72368
-17.576933,75.20182,220.33243
-0.3748825,42.062435,256.01584
-62.624462,-78.19298,204.76004
-63.588062,-102.84566,86.94249
-72.98731,32.45001,16.202362
-104.24416,90.84878,137.64633
-155.47627,32.94474,164.61954
-152.00835,16.687223,129.00734
-138.25017,-27.384186,106.022995
-176.04692,-42.326385,42.043785
-89.22311,56.000893,45.98313
15.065229,86.02484,37.48742
48.349556,13.336794,69.585915
37.186985,-50.082123,23.717445
21.491884,-80.83062,-84.70224
53.19149,-91.47609,-45.730213
51.603165,-63.620487,-15.554823
44.387257,-1.1320412,-0.47466016
26.830143,-15.143806,24.163357
-8.665015,-79.233604,34.435673
28.691944,-85.01848,75.05323
9.878411,-89.25074,69.29266
-60.238636,-61.166462,11.988854
18.8819,5.1599493,-16.928808
27.482388,-57.096386,17.484308
-37.086273,-159.84688,98.708664
2.2631266,-132.41125,44.390526
-27.538275,-132.73846,-52.577766
-55.181175,-165.10843,-1.4556993
6.858669,-17.89187,-17.118887
45.3223,115.43833,9.961626
32.79743,29.447165,21.943035
62.408104,-17.04426,-143.68634
96.63444,-2.7539368,-161.5727
25.527266,-68.26628,-151.51248
55.782715,-6.451145,-131.6292
146.92796,88.66862,-4.814825
79.233635,51.569126,9.542693
56.567688,65.05482,-37.529465
54.860092,45.762886,-119.434235
-5.586355,-52.42461,-124.48704
57.999756,-12.893396,-69.51202
44.640907,16.79768,-84.31269
-48.837986,-115.6993,-12.559694
-19.446898,-141.44772,-7.614122
14.846513,-51.815895,-97.33642
-12.125028,-29.68299,-130.0954
-45.168118,45.62543,-207.32603
47.368702,149.98485,-227.19257
74.53318,92.23467,-130.3833
-15.141885,47.027046,-41.660122
46.410236,109.401634,5.0384674
44.172794,21.72886,53.153114
-65.74088,-90.43792,126.02274
-68.6035,-31.279627,109.18476
-75.186844,43.728706,23.330952
-119.11278,84.73782,9.872597
-95.714554,127.91769,-38.440804
-82.75018,98.61397,-96.995316
-122.44908,-29.801058,-102.494484
-95.184395,-55.55672,-133.50948
-51.62631,-5.092063,-76.12076
-105.61232,-44.551132,-70.61556
-147.96803,-31.076971,-187.2471
-133.98753,29.406485,-244.91446
-166.82428,62.774685,-250.02263
-123.05197,135.10864,-170.83473
-58.709045,136.03914,-59.275875
-137.79875,-13.518889,11.218775
-117.55016,-83.01736,-57.221672
-33.269947,3.6441417,-207.51918
-65.096565,29.103489,-216.75882
-61.225853,80.86379,-236.5096
-12.779468,176.92734,-223.99535
-61.651794,62.07067,-46.404667
-137.2031,-38.951622,12.996744
-98.3289,37.723896,-22.550068
-83.34124,25.286177,-38.883205
-134.33998,0.5093096,-122.885445
-69.35539,73.92332,-176.4997
-53.862984,58.488243,-160.32155
-105.54849,8.4390335,-106.90923
19.505003,9.879168,-90.0028
61.4348,-58.879444,-115.42652
8.623745,-99.03979,-107.94521
73.34841,-18.767876,-109.26117
47.09025,-15.901041,12.30269
3.073454,-85.07797,187.50345
83.660194,-34.406364,120.09276
140.82764,38.7732,14.905013
102.24093,34.267456,0.1021139
155.45982,123.182816,-57.835804
258.57822,177.04797,-26.24976
153.17926,17.368364,-4.50338
103.54857,-41.220737,-61.474014
128.53995,-12.7870455,-18.431574
39.728226,-112.60224,122.720055
80.33381,-103.120476,303.18903
165.54248,-18.4666,334.7545
95.11,-88.41878,256.08966
70.963005,-106.97473,129.04347
139.60497,48.110294,-62.859123
80.68674,109.40734,-44.965065
-12.874127,70.568016,58.358368
12.097718,96.20751,134.05902
-6.98786,3.215361,256.6088
-36.564095,-107.68961,266.82147
109.65958,-24.947868,192.84128
190.3349,-2.5279872,83.58135
104.62573,-52.56922,-10.345891
155.78455,-6.751076,-17.81206
148.33688,-37.470108,108.50053
13.955573,-151.26686,289.4555
54.45765,-94.14776,269.84988
28.462137,-25.43108,148.70146
-88.19521,-74.143684,126.142136
-15.476931,35.76478,68.38994
50.03811,163.06586,-8.470656
-50.647854,35.756485,34.08729
-60.57463,-5.7390056,-28.507286
70.77431,90.715645,-91.54396
23.460775,-19.802605,46.416187
3.7339094,-60.31979,148.79968
162.16676,5.277381,192.2686
78.3766,-95.112976,161.17749
16.267443,-56.81303,56.200974
136.65752,164.90717,-38.45239
90.34106,201.17049,38.137253
86.262184,123.387054,201.05383
136.1014,139.40842,120.64471
19.81216,43.668743,50.4879
-62.252388,-68.19989,42.996746
19.600586,14.790556,-7.872025
66.99877,58.926823,31.07539
7.480094,50.29498,39.473938
22.991,131.04442,37.10617
45.088924,153.52493,72.858696
-28.858135,49.14498,81.1683
-17.096142,34.703884,40.81621
26.040428,38.095955,6.623207
1.1903353,-40.00401,76.54401
67.32474,-24.117617,133.14413
113.389404,23.560884,108.65554
70.28396,-15.624556,131.99805
47.35427,-36.396988,106.75387
19.70767,43.295055,57.485344
-39.54612,19.017517,169.62494
-107.87632,-72.916626,207.59523
-58.46493,-31.306908,110.88418
-61.36088,-17.437962,-28.84843
-149.61305,-12.187475,-189.15709
-132.41238,52.200344,-185.00758
-113.589294,32.31276,-105.150314
-40.634285,8.399424,-47.52577
-17.110601,3.2992215,9.464531
-136.40512,-127.63358,78.44532
-114.07165,-172.96268,216.05255
-6.4210377,-66.55281,270.38757
-32.979393,-53.657738,224.03828
-98.10404,-89.55243,180.74857
-159.19841,-85.05723,44.375748
-184.97992,-80.06001,-53.6151
-181.9816,-94.86565,-70.596985
-212.01237,-61.35926,-99.25215
-176.68974,-29.82783,-31.056719
-198.39207,-92.02425,-5.9963126
-240.9472,-154.40344,-54.746174
-203.8236,-166.36789,-114.097725
-144.22853,-152.61281,-142.3309
-59.997787,-129.24951,-56.674065
-62.21184,-54.565533,-20.928183
-54.694706,27.575489,-4.903736
-69.22125,40.40317,10.757376
-86.03928,43.53596,-23.154272
-40.46184,55.174946,-111.403305
-117.42846,11.647143,-266.675
-162.9496,-48.17582,-274.0858
-115.49047,-50.855534,-170.67972
-116.40059,-49.81834,-98.2237
-121.13616,-89.813705,-9.449911
-95.00542,-135.60184,-16.591717
-65.16933,-100.29807,-151.25616
-8.451806,-39.188614,-199.964
10.804791,-32.665005,-137.42303
24.986591,-56.900116,-71.800644
64.88961,-119.26917,-122.43037
29.617258,-149.4392,-302.91397
48.948513,-143.82478,-349.8457
100.765915,-82.11395,-279.3635
147.44109,-19.460402,-146.473
145.90372,-99.563354,23.144135
96.18898,-190.42628,42.363106
149.55833,-191.63818,-16.583637
168.52382,-134.9051,-133.33194
190.96243,-78.59847,-193.20404
225.43475,-50.096073,-151.27548
198.92818,-24.834743,-147.0143
