ax,ay,az
-8.618928,-22.89796,20.649096
-9.954571,-22.928366,0.59543717
-18.700201,-21.544188,-1.3826922
-16.402004,-15.343849,5.1486073
-2.8151407,-2.1310031,-2.3635037
2.0369513,11.134171,-12.24228
-3.0424275,14.4349,-12.453862
-6.564787,2.506516,3.5314412
-18.49074,7.205351,7.3032265
-23.187277,23.886925,6.4361353
-21.110847,21.07086,16.041315
-27.972702,20.465708,10.309668
-27.783985,30.019047,1.8525283
-29.972727,29.23568,-7.797989
-28.584015,23.13552,-19.421032
-19.024317,14.248257,-4.706127
-23.696095,5.3640604,2.1384284
-24.99639,11.633984,5.490178
-25.116539,16.671324,13.807821
-27.987309,16.39626,1.4409436
-22.668928,17.168459,-1.1326594
-23.112028,13.444741,-4.9507027
-24.278425,11.950695,3.2049208
-19.32063,10.771607,22.593637
-15.98103,8.011056,9.486994
-7.542492,20.413376,-1.6852121
3.2648816,25.392677,9.6527195
8.198489,13.24803,9.14235
8.561553,15.289,-2.2512865
10.875148,19.139065,-8.870335
21.98884,25.7117,-12.349305
33.48741,23.214512,3.3612158
24.605711,12.435271,14.367978
3.0201921,12.72897,5.707185
3.5066996,-1.7611684,-9.906336
10.468995,-2.2519987,-19.041584
13.650057,8.237283,-9.003599
20.014503,-3.0075498,-3.0042427
21.883808,-0.32123816,7.099516
22.799732,-0.6393494,15.905665
22.161537,-10.577862,1.2311697
18.864246,-5.898294,-5.1689677
15.484689,-6.7851906,0.36173308
18.225933,7.2982116,-9.312839
14.872363,19.144821,-22.41534
4.840901,2.6869674,-17.556564
3.413014,3.4665182,5.871772
-2.3533583,14.122181,15.151794
-8.895592,9.120377,-1.856503
-3.2791462,1.720334,-14.083119
-10.127732,-11.986323,-3.687582
-10.955715,-25.559704,7.798597
3.875404,-9.78734,4.3150034
8.379156,4.2430296,7.877906
17.314165,0.59920204,3.1275268
16.661722,8.311638,-3.9444745
20.083801,13.992031,-0.031315733
34.12532,10.679431,-8.906385
26.90044,12.4235325,-5.0163054
27.96171,21.270418,9.01248
29.73807,24.908829,14.015195
16.999884,16.047834,17.012531
17.804724,8.444136,-4.065861
26.0693,10.9896555,-26.912895
26.119202,9.994845,-9.139054
9.186227,6.0609956,16.115587
-9.411309,0.5961788,14.815124
-7.595368,-8.860856,-3.8265955
-2.876897,-13.68436,-17.291
-22.27542,-14.865628,-6.6911526
-51.31367,-16.842848,2.5498095
-57.843357,-12.00264,-3.5486403
-43.790928,-2.8591802,-3.542791
-28.297447,-11.355216,-0.49496713
-26.308802,-15.741235,1.4541708
-33.67903,-13.854465,9.504916
-28.851582,-6.7140565,5.5277314
-7.0021367,14.736391,-9.602143
15.567333,16.98721,-2.2207263
31.73879,21.476433,9.130353
37.967667,20.454185,19.137829
32.497833,3.0703845,19.90773
28.387234,7.9831223,-7.658095
32.257637,0.30065024,-22.061047
29.82143,-20.47232,-18.6761
18.989471,-26.643919,-13.850783
5.3190002,-29.188473,-7.7749968
-12.394003,-28.602947,8.40526
-18.085192,-35.251556,27.166794
-17.892939,-35.61687,20.5899
-16.491524,-25.576508,11.2210455
-11.39184,-25.828596,8.735917
-20.034653,-21.07376,-5.731195
-19.860735,-7.2475553,-9.057407
-2.6613264,-4.8098764,2.314821
9.547042,-3.82158,7.1039453
17.750013,0.24202493,5.4746017
17.759802,3.3593185,-1.849645
17.16783,4.2041826,-0.2573896
31.823729,-6.795104,3.142663
42.538124,-10.872064,-2.002583
24.717354,-6.2467275,1.20655
-1.1364682,-11.065633,4.1544914
-11.55585,-15.9019165,2.331623
-7.944338,-11.3966,-1.7193577
-5.937252,-11.754697,-8.575526
-4.988845,-12.8725815,-5.5641627
0.64959043,-15.702591,-3.5296776
-12.384951,-24.6182,-3.443752
-20.804764,-14.597727,3.5776434
-11.040854,-2.6621006,-3.4650257
-8.511845,0.5083442,-17.226887
-2.8209703,6.1692066,-20.57047
-15.506557,0.49517193,-11.050513
-32.894493,-0.051414233,2.3445528
-30.521143,8.45069,1.0249705
-43.56334,6.5656548,0.3192661
-33.423386,9.509898,6.0293026
-12.715725,4.036364,-0.7211886
-13.561983,4.555947,-11.973225
-12.935348,24.636715,-8.781187
-25.248352,16.343557,5.9978538
-31.091785,15.502407,16.15287
-26.422115,28.019009,9.954368
-24.325512,17.330597,0.06011537
-17.905619,12.912881,-3.0545511
-19.720406,-0.0063114846,-16.10912
-20.672497,-0.070526384,-23.02138
-9.181052,16.807209,-5.2756443
-18.771832,-5.2946367,11.949138
-25.711311,-7.992345,17.621431
-8.985683,9.318222,17.876556
-11.537174,-2.7390082,4.5509515
-16.115355,-3.851965,-6.2551627
-15.59179,0.39155704,8.594789
-24.296406,-3.8623636,17.483965
-23.64717,-1.4164742,11.732736
-20.578566,-8.84774,-6.7647834
-18.677492,-11.146863,-23.255056
-12.825384,0.31593943,-1.7802677
-8.728737,-6.959497,8.510591
2.0698583,-8.275514,0.3649628
23.242397,3.2216651,4.2779126
30.155355,0.19820412,-2.6110635
21.250727,6.5717955,-5.8025575
23.563862,22.705912,-1.6801524
27.280872,35.00018,-2.8730552
37.31191,43.399925,2.305131
45.521652,26.403679,-4.000206
38.22311,14.2722025,-15.7057
40.217045,26.91992,-7.047535
38.215332,28.113762,4.1561556
37.368187,22.684172,12.032048
45.456245,8.916781,8.951748
42.812683,-5.449765,-6.884097
41.08325,-2.1438677,-6.197714
40.5374,-5.6533823,0.15922716
26.04791,-3.041634,-3.3436909
10.594705,2.1598527,4.2618623
12.339084,-3.0115414,13.468568
20.958527,3.2019093,5.380352
22.941532,5.7816005,0.31486702
9.659254,3.467833,10.487165
-3.2408538,-1.5867374,5.186999
4.779556,3.7764761,-7.4611173
13.681743,14.067604,2.2172246
23.3155,3.8823376,1.3970499
16.781246,1.9034005,-7.5793953
1.0321808,-3.2788105,-1.8105457
12.29213,-13.227091,9.611358
20.691916,-11.490949,12.06109
23.240585,-16.575464,1.690214
16.376568,-18.638767,1.0729717
-2.623694,-22.164762,-3.3507276
5.2560787,-23.840998,-14.865512
22.566675,-27.834362,-10.358878
22.244617,-44.312386,-1.8905772
14.894115,-38.42526,8.703365
-1.7888576,-28.104836,17.051214
-8.697712,-25.054365,6.7385597
-7.7669883,-15.99384,-7.975593
-16.439167,-15.934989,-16.255014
-18.550966,-2.8654392,-16.030184
-26.470095,3.0001693,-5.2038136
-34.208797,-13.916549,2.8329077
-37.694283,-5.9828672,3.9055793
-45.95746,7.724113,-6.356311
-41.987907,3.0887375,-10.006134
-31.90444,-1.7703962,-2.4623513
-32.373463,2.0873647,-4.1037307
-34.05162,5.6994185,1.6473095
-27.854574,9.962609,4.591625
-18.46181,17.242468,3.8696012
-5.3945775,15.622057,4.275022
4.8430715,13.947026,-5.001936
3.9881585,1.082332,-7.890279
-5.119427,-6.281063,-5.0396323
-4.730445,6.5528345,2.0898986
2.694604,0.3594724,3.8276067
4.371112,1.1364425,3.1095984
4.376147,16.97841,8.737296
-1.7641302,15.603363,5.0442586
-9.069611,14.80328,-1.2361451
-7.1004086,4.886141,-7.0944333
2.3175128,3.7285435,-7.166374
7.395666,17.241987,4.7998524
-4.479598,8.457134,10.859527
-17.276773,6.887171,4.77279
-17.415422,14.954637,-9.149976
-5.195124,14.692087,-10.221021
8.61032,12.400067,10.880268
0.565119,10.5125885,16.75647
-11.369492,13.863627,5.942311
-10.940799,8.320795,5.802104
-11.445992,-3.693759,4.924649
-14.621601,-2.8215892,-3.0430446
-4.656435,1.657025,-8.139561
2.589913,5.077604,6.1523895
-6.108836,-3.0230634,20.839624
-0.1529902,-10.129123,6.2602787
7.1391935,0.43551382,-1.0354997
-4.888825,-10.609214,6.282349
-7.8003087,-24.944416,0.10740446
1.359238,-16.238281,-10.643339
-5.9629397,-24.364742,-10.807114
-12.351965,-29.939308,4.4771233
-14.271787,-15.717308,5.265754
-16.180355,-13.934179,-12.464896
-14.489595,-1.849868,-8.535431
-17.308111,-10.162379,-5.5576825
-5.4639773,-21.075197,-12.278305
-8.728608,9.875492,-9.609802
-19.321198,3.1552327,-3.1764152
-12.128809,4.337737,12.512677
-8.359978,28.126425,13.744444
10.737521,3.68677,2.723652
25.406744,-6.694609,-1.3495783
22.764772,-2.1746926,-19.142097
19.220896,-5.5521812,-21.404385
13.774724,10.147924,14.009592
23.223843,-4.7031865,28.435717
33.77723,-9.375426,6.2257824
25.360092,32.19385,-14.742126
11.889387,25.831932,-19.61653
6.57772,2.351154,-9.873529
15.13676,9.925389,0.48397103
10.927781,1.4252366,8.008506
-17.561726,-2.8602626,17.575546
-18.488214,1.4521447,10.870758
-5.1864223,-5.7551117,-8.361272
-13.830297,3.6703417,-9.218401
-17.499004,-0.8472064,1.6230774
-19.22283,-13.054021,3.727194
-21.513388,-0.8390485,4.575677
-13.5357275,-12.013733,2.6974049
6.6542087,-16.637512,-5.554581
20.359964,-5.019652,-11.2298155
12.897445,-11.611463,-15.822788
16.580338,1.2701683,-4.055935
31.202538,10.115219,11.851351
40.05959,12.718727,10.072908
41.707855,23.864874,6.6249075
38.68531,11.987649,0.06705521
48.48619,7.8455777,-8.503262
54.449528,20.06974,-7.0156674
31.477869,21.921478,-3.5773914
12.395153,10.119067,-8.16875
16.694368,-1.0177876,-8.582424
14.41184,8.187416,0.61940086
16.164587,10.016288,10.442396
18.559029,-4.8094482,7.408204
8.660918,-7.8403153,-2.5662746
7.024789,-7.004112,-9.7115
-1.9782112,-15.55735,-10.71374
-4.2390647,-31.372341,9.356617
-0.62400734,-27.205774,14.988274
-15.507176,-14.806376,-0.49443513
-17.106745,-15.974138,-6.2477665
-8.877433,-14.09339,-10.465905
-1.5515761,-17.014252,-5.3190207
-2.1949592,-19.193329,4.4726543
-18.192715,-24.252424,10.668543
-13.342061,-33.228737,17.452953
-2.0890613,-20.545576,15.614999
1.5341557,-9.24639,9.524624
-3.0420835,-4.949193,0.5311088
-12.85062,8.94264,-5.365804
-4.8528414,-1.6037503,-2.5056646
-3.6615472,0.35335028,3.7003758
-12.527201,13.754212,5.574254
-28.81592,4.5784426,-0.33777747
-43.26369,8.579725,-0.18877305
-33.145252,-3.6124923,-1.4842997
-26.202345,-5.148536,-13.845029
-24.655972,17.103367,-15.677975
-18.242785,6.1820545,1.578796
-25.501472,-7.959751,8.074083
-16.328213,3.5162039,10.042998
-9.568835,18.134146,11.911247
-26.742947,17.957409,5.326962
-25.512049,6.3729672,8.043781
-24.70837,5.506414,-6.681332
-20.307375,24.795038,-22.58033
-16.028435,24.169216,-9.790594
-17.23049,10.33136,9.800506
2.6045933,29.122267,12.18007
-2.4356456,22.866133,-4.927302
-21.826725,-6.7311635,-3.7118058
-8.6733675,4.7189617,10.244586
-1.5448921,23.286514,5.43965
-1.8372624,26.015738,-1.5779666
0.60187113,18.24111,4.592842
2.8633573,11.605128,2.5827875
15.864174,7.266988,-7.260995
17.313242,7.3335567,-4.206812
10.300044,13.514428,-6.191658
1.6090145,16.024178,-6.972663
4.789144,20.10196,5.926461
15.964149,6.596819,7.1265383
2.1615942,-4.0321302,2.1769671
1.5113688,5.1900463,-11.874358
22.488762,-3.100265,-16.59607
30.079468,-15.110091,12.240701
30.984812,-9.082246,13.437814
23.593979,-2.444192,-4.544699
21.620947,2.0873773,2.4980931
36.182816,-3.8235295,0.49205422
32.291893,-12.701142,1.7088778
17.870134,-8.136048,8.449578
19.092596,-7.580523,-1.1701912
19.5199,-12.349805,-0.4556114
25.077364,-8.54769,-8.2137
24.194569,-12.5010195,-21.33889
1.0720466,-21.661945,-6.1932883
-5.961843,-14.48809,-2.3933132
5.0088162,-14.03297,-10.088872
3.9765477,-15.32516,-3.4648182
-9.038894,-26.516714,3.891606
-11.063142,-44.279667,13.581345
-4.0478234,-26.826136,9.739154
-8.162172,-19.52695,-6.3461924
-8.976397,-21.007,-5.4097147
-9.322715,-12.785958,4.6507444
-13.945538,-24.401623,7.472922
0.57156885,-14.812979,6.595633
14.964033,-8.967597,0.3786211
11.462767,-8.899007,-17.534893
2.8492322,29.771738,-19.680822
-0.76903707,27.608822,6.308032
-2.2326064,11.864944,18.218681
-10.189809,23.078732,-1.8429754
-12.25888,14.800896,-19.893108
-9.806795,22.92432,-10.016749
-6.304308,22.518276,11.985705
-14.519156,6.9136314,14.797391
-26.534624,12.43348,2.8450363
-24.146313,-2.296663,5.6293125
-23.137665,-3.3347416,7.675387
-13.589072,10.489669,-11.572091
-7.101155,0.82567805,-18.440983
-8.9746895,3.6615174,1.1734587
-15.235092,5.7191067,19.440622
-15.5144615,9.177194,13.938073
5.6686845,14.563095,-3.7282453
7.652867,11.751624,-10.231988
-8.366261,20.612984,-7.994348
-10.357963,28.215124,-0.31821927
-6.4718723,26.918056,3.6750112
-0.47103724,23.579887,-3.3833733
7.380765,21.433258,-3.6658294
2.2765973,18.853464,6.5623016
-11.786348,23.124266,0.9677616
-16.07606,21.07434,-5.5044937
-3.0056953,6.862449,5.688405
10.52354,1.3560722,7.265394
1.6928917,1.5217007,-1.4096557
-10.891468,-0.28878856,-1.1292192
-10.646503,0.08045717,8.637047
-9.383258,6.107499,4.3436255
-6.950217,0.5173674,-2.228631
-10.932466,-13.524578,-3.183494
-13.278903,-17.107166,-11.198377
0.5933387,-20.298128,-6.5430956
13.273772,-22.790905,4.6573443
9.276453,-17.2007,6.23631
-9.295074,-13.610547,4.403176
-6.8863482,-16.229094,2.1172996
9.118817,-16.579678,-3.9625874
7.9571767,-13.406935,-5.892433
7.7093787,-6.7324495,-8.412723
11.729075,-6.699306,-3.8757749
15.478165,-19.152086,4.19609
8.524992,-26.045248,-6.999971
1.3238136,-26.8793,-5.0209246
11.497268,-23.475563,6.7582607
5.146249,-9.858454,7.775154
-0.3500896,6.954635,9.612867
12.122996,-2.043049,1.4352784
4.753673,-23.840105,-2.4060373
6.4035354,-29.271719,-6.942892
20.87828,-30.0319,-11.491478
18.771727,-21.424694,3.8763142
14.263847,-15.606723,0.18437302
13.092708,-16.589706,-5.098818
21.935705,-24.390213,2.8130224
15.433849,-20.949324,-5.15839
-4.2602854,11.857927,-4.3704143
-3.9937875,14.348319,6.629386
0.47998035,-3.8373234,10.564167
0.89462245,-2.481589,4.3883367
-6.826267,2.2766793,3.503353
-6.0031295,17.764482,15.229556
-0.032300267,22.215658,10.349357
-9.883643,18.955303,-8.80244
-14.969067,31.241762,-16.867552
-21.825478,12.905823,-8.767359
-18.704197,-4.6081996,0.8952049
-9.641041,7.8530107,3.3063216
-23.478437,-5.64289,4.670208
-22.147215,-10.002569,9.3853035
-21.289045,4.2495546,0.49614194
-24.55398,2.0397727,-22.595633
-4.7803493,14.389744,-19.548466
-7.1516557,20.871288,7.338527
1.1389672,17.670969,13.493163
25.274931,26.760225,-1.7656099
36.077114,20.85034,-5.363973
49.162823,7.833734,6.055429
26.767452,5.9523544,12.887381
19.527964,8.009867,6.825023
47.49056,-0.94562477,4.223795
44.942158,-9.776659,-3.4025197
32.592876,-9.748933,-12.480258
22.291195,-12.648697,2.5513155
12.962573,-12.355727,9.641642
16.731169,-25.62618,2.6881382
14.4681015,-27.865427,8.702233
2.2652955,-7.479363,17.882397
-3.8660028,-13.54352,8.7595415
-2.1842349,-12.045842,-7.888296
-1.0350822,3.6914213,-2.1613333
-5.6488547,-8.562829,1.3691484
-1.0740432,-18.920725,-10.150173
-4.093396,-2.0943007,-0.19706988
-21.149279,14.593844,5.7031713
-11.36749,3.4155352,-2.672063
-0.3716623,-14.764644,-4.3887863
-11.568364,-9.988132,-6.2860723
-15.589406,2.9731429,-9.278542
-12.849772,2.7258615,-10.115753
-12.798731,-3.1558602,2.0630863
-16.178312,10.544258,7.8482127
-21.073517,24.914364,8.548753
-19.531572,7.3836327,5.776077
-11.442109,13.267683,-4.0478477
5.0695176,33.3575,1.875516
20.123236,19.61275,4.1492167
9.56699,16.809212,6.1318555
3.608131,23.799429,5.281515
9.071667,36.653507,-11.671649
-9.203681,46.078053,-10.469491
-12.269028,28.602165,-1.5980054
1.7062994,29.646788,-5.187357
10.320948,45.607735,-7.500547
13.614469,34.374386,-1.9950649
3.587762,30.774637,9.677458
4.6544814,31.278568,11.093774
7.4935093,5.860405,-1.0826819
2.7295697,1.5650403,-9.88683
5.167724,2.775719,-3.8161302
9.705642,-2.9816353,3.0926216
2.6633162,-4.179338,4.424356
-15.466081,-23.725258,4.1172676
-18.010433,-21.856607,-4.453885
-9.782056,-13.660357,-12.757177
-15.936092,-19.53974,-14.457042
-16.1883,-6.4887815,-9.558379
-18.09126,-6.4925914,-5.5412264
-17.86629,-15.224218,-3.3389657
-6.2144957,-14.567003,5.3550186
-12.090291,-22.133913,9.8600235
-8.153236,-16.62503,5.2366076
-7.8291893,-8.250037,-0.92623574
-11.141276,-12.815264,-5.929122
-5.7250032,-12.417887,-0.6881232
-18.537182,-19.269482,6.8965077
-15.539997,-22.662046,14.491158
-13.355927,-19.87162,18.841967
-28.453745,-29.178932,1.4800663
-27.313208,-28.480951,-1.0296315
-34.64615,-29.004244,10.354642
-35.404842,-27.217508,-5.908875
-13.898304,-8.922184,-11.726129
-10.876647,-15.278042,5.208283
-4.0316715,-23.872885,7.082442
5.3420362,-12.519846,-0.5257547
-4.2313957,-6.088144,-10.262075
-15.476938,1.2702891,-5.19328
-18.642843,-6.6171293,7.396026
1.7691078,-14.983498,-0.9849822
22.782755,-16.229584,-12.784929
21.015938,-24.534557,-9.982456
13.198863,-11.671791,7.1996565
-2.7800007,-8.447008,5.857227
-7.40099,-4.0524044,-8.753419
12.544217,10.630667,-3.3004992
13.866999,7.2388954,-1.7972821
0.06354478,28.049812,-0.42310596
1.1081847,31.142818,16.173647
8.677867,18.601349,14.351731
7.4297657,22.148127,-7.789244
-6.6088095,7.79794,-19.922836
-17.150457,18.599535,-10.7704935
-11.751821,16.652554,1.8178447
-0.63355523,1.1728605,0.17929113
25.261885,14.728598,3.613975
44.10097,-0.6411837,8.076284
29.270067,4.266547,-7.6161466
20.255827,17.348185,-16.996016
10.234793,5.755144,-8.866326
7.7117186,18.75031,4.868043
27.44985,0.79513085,11.996275
25.197052,-3.430482,6.5542397
26.05859,12.814439,8.05581
37.802456,-8.86723,-0.94572794
25.836266,6.4121795,-17.78092
18.726673,11.2237625,-17.445652
13.753299,6.3053327,1.2897744
-6.173244,34.46665,21.221191
1.9679344,17.852476,5.1614413
19.06532,14.164759,-13.921723
17.308681,20.226913,-8.055712
21.678724,-1.2521399,-0.063636266
9.594839,22.042349,4.8117204
0.62027884,21.871485,0.7260045
8.031483,12.125293,2.745305
0.56979734,24.108126,6.547011
-6.1591406,-7.2675643,-3.3973336
-6.5916123,-7.062244,0.53621733
2.9723454,-5.178845,9.350765
9.222212,-23.111372,4.612072
3.2591326,-3.9457672,4.1248903
1.143622,-20.609678,5.695691
0.5603026,-31.449972,6.914958
-0.79123837,-12.248447,9.859748
-19.13343,-32.266254,3.649044
-33.688763,-26.613668,2.1263752
-9.696824,-18.42136,-10.600076
-1.6740212,-29.123875,-20.701529
-20.200575,-7.3144364,5.451822
-20.547344,-16.255167,14.129612
-14.886215,-22.845541,16.850082
-2.2343328,-6.7028,17.83094
8.310715,-16.52378,-3.7848265
1.0929639,-19.013288,-10.238678
6.5183587,-16.53894,-14.650596
14.395959,-14.220305,-5.1082406
6.6262145,-9.707129,15.459796
0.82517904,-15.487532,0.9442171
-13.479278,-14.895813,-4.2837634
-8.667174,-5.8244634,12.959068
11.391799,-2.124192,4.9065843
1.6165291,4.8312964,-6.881968
-16.514147,15.635922,-0.9971382
-33.437344,11.454764,-1.6751266
-33.26322,2.4319196,-9.925435
-11.677096,9.093525,-9.414077
0.9686204,20.23881,-7.9194865
-6.9774084,19.781149,-2.1128175
-21.895102,15.087297,7.1007557
-27.284073,10.538963,-1.8797609
-23.903625,3.9538884,-8.811221
-14.550827,6.4220576,-0.67452943
-6.065687,18.840832,-0.75671345
-0.7768507,17.434034,-8.421898
6.6418705,1.7378625,-7.743482
12.045505,1.636173,4.8489094
-2.7700279,5.626732,3.2731104
-14.110296,15.955472,-6.9467025
3.8181052,18.71684,6.4310436
12.648412,-11.87585,10.085647
7.446372,-4.79236,-5.290448
5.4348087,13.19006,-9.907672
5.966069,-3.2325368,1.9443576
21.378242,-1.3960907,17.185427
17.380913,-4.896058,8.086192
-2.649161,2.340957,-10.6401
-4.0511208,12.536394,-7.8028812
5.09483,-16.053917,5.5405273
33.840073,-3.5756826,10.309589
51.60234,13.38547,8.738804
40.927616,1.4052737,8.410948
16.077717,17.228941,10.942979
-1.0120618,9.032637,1.5318835
6.712084,0.55498046,-11.914607
14.860488,4.6026497,-3.2322803
12.581734,-9.13498,7.086691
0.5198312,-0.43364993,3.111879
5.618905,-7.0587606,-2.984012
16.079498,-18.176912,-2.5167923
2.6080832,2.1148973,-1.0788578
-7.277196,1.0107813,-0.1683078
-7.5727205,-9.439059,-2.131316
-1.5911252,-12.794076,-9.933222
-1.8364067,-1.9712311,-11.065394
-13.015429,20.708954,-7.8545055
-6.081957,1.2741234,3.1020105
0.39165756,-13.405224,10.141324
2.5813518,1.4681984,-2.7433774
19.803333,1.5248349,-8.850097
13.968927,-0.079131715,-0.6242038
-7.7760005,4.3609385,-0.875451
-12.805167,10.622042,-7.4934883
-10.54326,2.1805756,-4.9312053
-7.640389,-5.5452285,-6.3679376
-14.537808,10.144997,-10.049497
-12.610633,14.264234,6.840191
-4.6395893,9.302258,15.715592
-14.92133,5.14361,1.086208
-13.696985,5.4588223,-5.5131626
-13.612953,14.295597,2.2758274
-15.868882,12.440058,4.293169
-9.423232,15.803998,0.4060892
-18.438377,16.263077,-2.8205113
-16.190598,10.518873,-7.596568
-13.395167,3.131759,-0.7959382
-10.112177,4.1866593,5.2784758
9.559249,17.27963,-3.7068079
4.5407944,8.574879,1.1164281
-1.4634923,15.792836,11.444177
-3.1193848,25.773157,-0.17747632
-10.737375,14.335999,-1.2356
0.2182421,23.13971,4.4095097
5.5346003,17.647007,6.0863204
5.5973415,5.623861,5.139019
10.45304,3.961264,-2.852886
5.8776913,-14.145001,5.2138495
-8.870135,-6.513504,-2.1360857
-16.996988,-0.18660435,-11.458506
-15.377415,-19.06803,-7.494384
-11.100889,-16.158115,-3.239865
-0.97725564,-15.996844,18.39892
-1.4770288,-20.052092,16.68932
-10.683352,-18.158817,3.5131028
-12.042378,-29.117296,-2.4457145
-12.565368,-20.437326,-17.468395
-9.760561,-1.3414279,-5.3976564
-8.569613,-7.0252075,18.384766
-10.714463,-12.546846,16.728971
-6.5725718,-22.007961,-6.759618
-17.960173,-25.84418,-23.213095
-28.584583,-18.170057,-1.8072777
-15.346752,-15.503625,13.750632
-14.738817,-3.3010767,-5.8428664
-19.804243,-2.6295705,-17.229116
-8.914822,-17.436958,-11.964857
-10.454278,-16.111166,-3.1811981
-2.0444748,-4.6620293,3.9330614
18.86854,-15.924041,3.7955823
14.646535,-20.005035,1.9120263
3.415757,-7.9113955,-2.3217611
-11.891588,-11.71665,-5.033691
-15.86272,-10.826645,-0.5016108
4.543925,-11.87623,4.068368
6.9015107,-6.7432547,0.27229083
-8.960837,-5.2484255,2.2033138
-7.2046304,-20.939701,7.0586
-4.4419127,-12.54198,-3.7255907
-3.190348,-11.527926,-6.0611696
-2.6992931,-22.828047,5.2906713
-11.25048,-10.234469,0.8349429
0.48476556,-0.32638752,-5.6899424
11.582997,-4.933612,1.7867559
16.046444,-10.978707,7.2321672
17.564695,-2.683819,8.873785
11.745229,13.329776,2.0544705
20.95707,15.452797,-2.9701595
27.475254,8.70323,0.8900721
24.79739,-5.5221267,4.12594
27.332481,-0.8903889,4.8534694
29.029537,11.580295,-0.91552496
21.36755,-7.6546893,3.9689767
26.650677,-9.033408,7.951382
38.664948,5.4486423,-3.8844028
27.531904,4.4408665,-9.131683
20.350317,11.731627,-4.799321
13.682165,11.855089,0.84667206
1.2680961,12.200612,6.2503185
10.315995,22.396036,8.864281
8.278125,13.680699,2.2691224
3.3800626,12.188743,-12.086926
10.598277,23.247671,-12.7416
12.559185,21.071665,6.013214
14.483193,26.086742,2.1966496
10.674433,27.012918,-15.890104
13.982276,12.109364,7.219065
12.740814,13.169543,28.110416
7.9581113,23.23994,7.245127
9.925893,24.510107,-7.7914395
16.185858,17.58096,-10.849832
19.397251,7.933397,-7.64992
11.476615,17.180502,6.0978513
8.266771,21.45942,2.3878517
0.72922397,5.906234,-3.8801644
-3.5085282,6.2493305,2.413114
10.006748,8.642796,-3.933542
23.93747,4.2470136,-11.481665
14.351481,2.5309973,-9.0428505
-1.4914122,-3.7313097,-3.3959935
-7.1594887,2.6514778,4.8938637
-16.97355,8.309343,4.6137414
-14.452825,-0.12534083,1.8746924
-5.538087,-2.4982426,8.593163
-3.6670487,0.07252508,2.8610961
-4.071543,8.849577,-8.488599
-1.9621052,0.2987228,-6.029005
-0.50170696,-22.82265,-6.769731
-19.443357,-13.272656,1.2672694
-27.844973,-0.6482067,11.813819
-21.030224,-3.7134733,5.594031
-34.32316,-3.4515412,-6.568159
-43.575104,-3.2438715,-5.180035
-42.981266,-0.12690996,2.1962736
-36.213657,-12.895893,-4.1779947
-22.644089,-26.769098,-2.781465
-14.131109,-15.523259,4.5677805
1.7988226,-9.548526,7.432216
-8.334184,-18.06564,1.183873
-23.81793,-26.435257,-9.2980795
-9.496689,-19.618357,-13.198408
-14.835855,-10.329646,-7.095371
-15.437231,-20.297186,-2.4519477
-1.1576271,-28.130274,-8.089893
1.584621,-35.119934,2.540845
-1.490287,-41.914593,12.684297
-10.606226,-23.94556,10.69806
-4.749974,-2.7485392,2.4071288
-2.9531562,0.21290502,-2.183278
-14.075194,-3.5212662,8.269062
-2.2383037,-6.707878,5.761345
10.415201,-2.1852584,-0.68671685
10.535138,3.3351274,-0.39158705
5.8810678,3.2310908,-4.602742
5.197907,-2.5669277,-8.51051
14.503642,4.6601477,-3.5572178
4.648861,17.74241,7.4525948
5.3016014,2.9597287,8.410876
20.05896,6.386262,-1.4742036
15.00352,24.232233,-3.710553
16.701477,21.113298,9.722732
12.516101,15.821037,9.072123
7.4819636,4.7195935,2.9876535
14.084505,10.790605,11.904938
5.148384,12.343703,10.142929
1.8676449,1.882246,-6.1047916
3.7091923,20.332336,-12.836811
-4.2693586,18.86913,2.0345078
-9.664206,12.67303,7.0565586
-7.4503646,29.041916,-0.7409125
-4.9008718,23.987652,1.9514078
-2.73223,25.650564,4.4240556
12.059323,23.292223,1.9179024
21.853497,18.422876,-7.465116
22.173603,43.961685,-11.109972
16.42066,33.055477,-0.3222046
20.270681,13.000503,-6.209271
34.163548,26.821491,-11.1641445
19.150372,22.975718,2.7597315
5.1745696,21.966234,3.8032534
8.8631,11.891631,1.9310915
8.254809,-8.824286,-3.4079533
6.584611,-1.8948439,-10.836928
0.28621098,-16.86704,-7.6069202
-11.6831255,-18.397566,-1.7159817
-17.735765,-0.88269347,5.322756
-12.957933,-22.15005,7.2359157
-17.827557,-12.491209,8.391916
-34.285023,4.755321,-1.9414626
-27.949259,-6.0398836,-13.500961
-18.673082,-6.2132826,-2.0979056
-30.223978,-20.94814,5.5167236
-23.966946,-11.970711,-1.1973267
-6.728229,11.956607,-3.502124
-12.230994,-7.918478,3.69205
-24.354855,-8.029918,7.482664
-20.505045,-1.1057159,8.536521
-7.1179056,-24.218958,7.538021
5.2341404,-18.159214,-3.7554777
2.021764,-16.825994,-5.2722583
-4.085002,-18.240868,-3.1676786
-7.7863674,-5.4453945,-8.052453
-13.633223,-29.835796,-15.547476
3.6404402,-27.816214,-17.953398
15.534882,-13.85624,0.22550346
10.232463,-33.36729,10.96977
2.6307967,-28.798347,4.117949
-8.21321,-22.40422,6.8189864
-10.174022,-12.683931,9.056893
-1.7654692,6.352835,1.5778469
7.170769,-1.8498747,-0.8696511
-0.4241664,1.1372614,-5.8178897
-5.3451176,7.7153063,-9.670994
6.907268,-5.2520833,-1.2904093
15.172456,1.2898589,8.569346
10.336856,2.0612395,3.2227046
4.6867495,-5.2067876,-6.200558
10.904015,2.348685,-1.2010498
16.186077,-1.0363195,8.934159
8.620598,5.7598996,9.50382
1.6921268,6.8800697,3.9330683
13.486417,-7.9400225,-0.61287886
22.226477,-1.1360458,-5.2670426
16.437098,-5.9523215,2.4958375
10.915671,-13.075495,5.3513126
11.345722,-1.0587082,-6.26648
19.846603,0.80010676,-12.070611
23.168335,6.9318266,2.9652712
24.010258,11.497437,14.593575
29.941294,7.891076,0.042984236
37.330894,6.2277775,-1.5137001
31.72056,-2.344277,1.9265054
20.707275,-2.9016936,-3.5088255
19.602776,0.24010815,3.8152204
8.0078535,0.033426315,4.461936
-5.397831,-5.2125735,0.71466213
2.256015,-10.101054,3.513573
7.628232,-0.5559069,-1.5276785
1.4113104,-0.3839752,-4.256076
-2.255648,-4.7810817,-10.91044
-11.655545,1.2971724,-6.9599195
-18.050043,1.9889659,11.765235
-23.910494,-1.9591103,12.173564
-23.92279,-2.247035,3.6663404
-8.203629,5.829748,-4.909872
-12.0469055,14.563577,-4.257044
-10.539898,8.63645,-4.1000586
-3.2760828,5.4425874,-9.155579
-22.245625,14.516279,2.7590773
-20.35615,15.314824,11.868866
-15.406468,4.54476,-0.3286581
-14.496575,-3.8317535,-16.12833
-4.6711226,4.7170267,-15.410568
-9.09068,11.044844,-0.13046603
-4.7872925,6.954143,11.506129
-6.228588,12.07111,8.87256
-15.85725,21.152761,-3.5816221
-15.721433,23.291134,-9.126099
-11.087112,16.316946,-0.65461236
-6.42769,9.683744,6.854314
-16.555824,6.4695096,10.28592
-28.336296,5.2023077,14.849521
-30.209661,4.6574826,10.196746
-31.52983,4.784637,-4.1274347
-25.975664,2.928013,-13.903606
-26.992205,-0.64114356,-12.09987
-28.939178,9.324707,-6.004695
-13.549459,20.898563,2.9145048
-5.230092,17.7928,12.931326
-8.117932,9.45768,9.868688
-13.792273,8.265658,-2.0765977
-7.767737,7.053057,-7.222308
3.5248713,-1.3159112,-2.0590591
-0.6123012,-4.280501,-2.329939
5.8565855,-14.982842,-5.065856
22.365177,-28.629732,1.629967
21.145275,-26.611605,-4.1780486
2.2996895,-21.15406,-13.3361635
-13.650172,-13.135378,-0.31545433
-11.744761,-9.863828,9.683812
0.46646586,-5.638128,-1.4636549
8.284156,3.3473656,-6.2643933
4.5070696,-2.2498631,1.3627944
4.408224,-1.4676585,3.7665913
12.528493,12.066501,-3.7529035
7.6036015,14.562536,-12.282203
-3.4250796,13.410715,-0.7828292
1.9275023,9.40832,9.616598
11.624478,8.705284,4.1732383
20.3899,4.19392,4.615601
17.792725,-5.234688,2.0035908
-1.1350417,6.0881886,-1.2742517
0.22895145,7.4747906,-4.1993556
8.337668,-4.959746,-4.1961727
8.847367,-13.005468,-1.2695444
16.011425,-20.173317,-5.3094425
9.5073805,-10.534846,6.9100995
-1.0635167,-4.598511,16.375359
-4.687597,-7.210606,2.23412
-4.0311112,4.9131107,-11.979293
9.423483,-3.1542826,-7.42614
14.037492,-23.684212,4.709299
15.829994,-22.180851,13.84826
17.277885,-17.617409,16.554981
7.3532205,-11.169292,5.9336805
5.866474,-15.866323,-4.349095
7.915483,-20.260921,-18.199842
9.791381,1.7701133,-13.066378
3.6140423,-7.592471,8.61505
-2.0857143,-29.76009,9.172784
11.613278,-12.879164,4.567996
11.113417,-16.760578,2.2988517
-2.0755062,-28.010271,-9.377407
8.4829235,-28.012215,-21.6338
15.462113,-25.361408,-9.248459
-3.0094671,-2.1083212,21.400246
-11.6639,-1.1577785,29.909254
-14.422963,-5.9994636,11.427646
-8.545323,6.7994394,-4.8850875
4.4544272,1.083652,-17.57476
-4.426428,-1.3088052,-16.680689
-5.2195816,13.196132,2.5218258
3.687674,16.393976,10.372928
12.405917,6.4971,6.8041067
20.015162,-14.106828,0.275114
6.132011,-4.064811,0.20439257
3.6455793,18.422863,7.1144667
11.016414,9.202169,8.630821
7.3786016,10.340014,1.9635019
16.277407,6.158837,-0.9818323
15.091562,-2.427736,0.8882294
13.8365755,5.0949297,-3.721979
14.019105,6.8532796,-9.035014
1.3471166,9.211799,-4.6448917
12.453513,-0.8310744,10.217683
20.642746,-3.5859993,6.245291
4.341424,18.755499,-5.421549
-18.131847,9.501778,-0.90561134
-21.510382,-1.3173889,-2.130356
-12.827421,8.685126,-16.986086
-10.295802,14.599087,-21.954994
-7.270225,26.330843,-11.9557
-11.176341,16.31422,3.0138936
-10.411101,15.43719,21.29606
0.85143113,35.04541,1.727455
12.68007,27.7009,-20.336266
12.839643,13.038312,-7.5255404
6.9261985,8.053846,-8.207678
9.84853,9.218232,-5.5123773
20.241163,12.605396,7.688685
27.92081,13.489681,9.599202
20.57541,17.406906,3.5448072
6.052175,8.827654,-7.3042965
-0.080579035,-1.6081619,-7.5980563
5.203618,-4.6399193,1.8006305
16.263315,-1.6467193,3.2137792
16.363348,4.2795343,6.949526
-0.4488539,-6.8974414,8.0204315
-14.45527,-5.3355093,6.0241823
-15.258011,-5.3196154,8.994507
-14.284126,-9.723613,6.863121
-19.18055,-6.5831604,19.230835
-4.163577,-5.2601733,16.502832
13.841265,18.580738,-0.47303236
-2.2828789,19.92796,-0.7354615
-6.064073,4.048189,-12.430747
-2.6484828,16.112364,-11.700749
-2.153379,24.507627,5.4122934
19.06527,20.42412,4.415907
25.264956,22.95105,-7.769736
29.928217,23.791164,-6.482927
24.29783,0.3726442,4.068557
10.6058855,-21.822502,2.539136
10.307142,-16.175127,-8.004836
-11.272753,-6.5541153,-15.561769
-14.573448,-4.6483755,-8.987439
-1.6465319,-16.402744,-3.7556472
-4.66826,-22.174402,-0.9585516
-7.206991,-13.230409,-2.898823
-23.235418,-17.947483,-9.108914
-23.9451,-21.940838,3.1988003
-2.1663606,-20.978539,-1.537981
0.88851357,-26.651276,-9.527075
-2.3154974,-39.147987,2.997535
-11.754565,-50.476387,9.617164
-30.820446,-36.392757,10.742542
-42.73117,-12.426566,9.514381
-39.83872,-19.751009,9.732872
-30.953564,-26.487263,-2.8191125
-37.462837,-12.100595,-7.107229
-35.39885,-6.861295,10.77793
-25.632212,14.734722,13.0306835
-32.2272,28.495573,-3.5651834
-40.175694,20.52375,-7.891988
-30.539034,19.952015,3.1649013
-17.021246,3.9811413,5.077154
-26.382324,8.626378,-7.971434
-32.10818,19.26978,-14.1078825
-19.698,4.17821,0.06524546
-19.513641,7.785816,-6.466623
-26.38754,-1.600216,-17.804764
-18.187407,-15.52903,-2.7763014
-9.470847,-7.4037213,0.1528742
-7.091185,-10.018172,0.11372495
-6.839902,-13.989306,-2.008115
1.706607,-23.71983,-4.9966664
10.674361,-33.450127,6.965534
4.102762,-26.448986,-2.2887013
4.242161,-18.929028,-6.8991423
-5.891967,-22.092144,8.414787
-16.210037,-25.45425,7.1193175
-9.9863,-16.58923,6.347147
-11.914619,-8.039371,2.9639728
-2.9480975,-1.9091296,-1.5927463
9.147314,0.39243153,0.82863015
6.159775,6.879429,0.40469784
3.1696122,17.999287,9.851522
14.271472,22.661667,11.304854
37.25669,36.92553,-0.03749191
32.417812,36.440918,-5.750471
17.373596,24.082054,0.017227339
32.81736,23.46342,12.350429
36.37144,21.250652,6.9488344
32.535793,26.898788,-2.3877933
32.45711,23.428843,-6.1628084
19.311563,18.638853,-7.116437
19.896324,29.834747,1.8443551
13.083836,28.47351,6.0475264
-8.388847,21.590778,11.004351
-4.944878,14.415939,13.151674
1.4905171,4.5862308,-2.7837222
0.20379886,6.577008,-11.728506
1.7159908,13.746603,-1.5212396
-6.6479335,22.940092,4.3440313
0.39665088,24.12677,3.8328512
4.568892,13.38307,8.38127
-2.671673,15.812028,11.233446
3.1658409,11.857487,-5.587643
-1.7369685,3.6831381,-26.36203
4.2535734,12.5457535,-15.499969
10.317057,11.51042,10.990394
-1.421039,8.515074,10.644702
3.7965999,5.3257184,-5.7064843
5.9672384,-2.4236598,-9.103823
11.697455,-0.7208982,-9.541616
18.622608,1.5715882,-10.70151
4.7439775,1.3937709,2.4978175
10.783813,-4.518453,23.833656
20.878216,-5.4175844,19.406773
12.324587,-1.6283565,-0.52441496
16.314749,-5.3078437,-14.709303
23.106197,-4.6779075,-14.947516
18.049595,0.6360671,5.3198996
2.2240279,10.293402,10.455584
-16.034101,13.443404,-0.50507647
-1.2611345,3.1671202,0.7722106
22.089247,-8.820847,0.7197761
32.47604,-14.165241,-10.978899
34.672256,-5.140946,-6.9728384
21.155401,-2.730501,2.2122726
24.87467,-5.617911,-0.6962719
14.755789,-3.4160585,6.500311
1.4662862,-18.430704,7.46372
14.644981,-32.175106,-3.1617837
10.0113,-27.558857,-4.3596125
4.0548773,-26.135359,3.093274
-1.5339295,-33.946396,8.910783
-2.2148015,-31.336805,-2.7617328
18.04824,-27.576902,-10.751169
20.60752,-30.886213,-0.64067936
5.7928076,-20.324955,-0.463592
-3.4403098,-14.869524,2.5111132
-15.445754,-13.234011,8.845579
-6.355366,-4.136181,4.5143857
9.412375,-4.4787393,8.357461
-10.389433,-2.5692644,-6.7076845
-38.455288,-13.040448,-23.029118
-52.659985,-30.300034,-13.896797
-30.135244,-12.709641,-8.621113
-12.997611,-3.437497,1.1597396
-29.964174,-13.545355,10.530446
-31.061195,-5.731118,7.3913546
-38.2032,2.2277024,-0.46921337
-29.877272,1.9456102,-3.2811596
-7.581733,-5.348104,0.43316853
-21.85588,-8.479566,5.0992193
-22.789524,-2.1454346,0.2908258
-3.0670536,-4.087728,-5.539699
10.010847,-16.073402,4.1981936
22.73048,-16.896149,3.7311573
28.651356,-3.0672455,-4.8571935
34.594883,-3.9361334,2.0162413
31.169271,-6.092504,5.0126004
21.41774,2.9033926,6.337269
20.712593,1.7276238,13.894991
12.0596895,1.7570437,14.5591
2.3309002,-0.57669985,6.895801
-2.4457252,-11.452394,-6.374688
-8.084677,-17.838537,-8.97938
-8.0146885,-19.805744,1.5615224
-4.598071,-11.977987,6.217842
-0.6515563,-4.262188,-6.5901513
-0.20187917,0.9723549,-13.562611
-8.394849,8.307907,-0.7572504
-9.901098,16.93487,4.580119
3.771518,20.040415,-4.8808336
7.2544503,3.8531888,-14.354859
3.8252618,2.9982212,-7.0026336
6.3427935,15.836835,6.6855726
3.6298184,12.023801,1.811193
15.420603,14.105235,-3.25574
19.235003,12.073282,-8.399908
0.27316236,23.56775,-17.317286
-6.111815,43.446613,-6.462487
-19.294065,24.900585,13.384453
-21.43205,18.409616,18.657488
-8.089587,10.1268215,-3.1252701
-23.023853,-0.33055592,-12.10866
-22.937262,14.744704,-2.6895518
-13.843232,6.779241,-5.999618
-24.126703,7.9950695,-2.0736217
-15.554463,18.808737,6.873044
-30.833927,12.59906,11.701142
-45.291286,5.0933013,10.604019
-32.633335,1.3064176,-0.4545412
-30.58955,19.759474,-3.7555947
-14.06989,31.112055,-0.52768475
-19.625002,18.689528,-5.268125
-21.250977,15.183235,-1.4564223
2.9986527,16.748901,0.08257597
14.357121,14.525289,-3.36172
15.724315,5.0013075,-4.504116
-10.46673,-2.9834943,-9.450871
-13.40037,1.5470796,-4.8642797
9.499531,-0.45201588,-5.795232
2.308175,3.3931744,-2.0342474
9.569527,8.191379,7.756348
18.833773,-2.6544058,3.7834518
12.521338,-10.88546,3.3842466
22.57145,-17.724659,-3.4758477
22.081675,-12.694974,-12.96923
30.616314,-8.734142,0.3281528
39.424614,-7.4385343,9.5957985
23.668652,12.526841,3.1928415
19.880701,5.7093887,-6.805911
20.547462,-18.96709,-11.021345
25.457603,-32.06159,1.9462233
31.38986,-28.524168,8.634748
19.973444,-4.4827485,0.8379058
17.31987,-7.3274775,-3.7592747
16.413551,-9.559275,0.79348165
7.2055016,7.8173203,4.855094
9.945002,16.373034,8.768961
1.9139847,13.226204,12.5550785
-19.455385,7.075968,11.669948
-21.47043,23.03936,11.435598
-14.882081,10.512177,-2.5498827
-13.97919,-12.91312,-13.532258
-21.24817,5.0328426,-1.7782803
-36.74241,13.976544,8.518457
-33.48654,13.822234,6.066071
-17.766617,9.763519,1.5750802
-9.683807,6.6356606,1.9720782
-26.913801,9.714696,10.624456
-44.02428,-9.778734,18.978638
-25.956682,-9.072217,7.618379
-15.697947,-4.326421,-6.904358
-22.81377,-17.94176,-6.400097
-31.606728,-5.6077228,-5.7571983
-36.626076,-1.1921487,-12.38257
-25.597557,3.383394,-5.604025
-14.430515,3.4077137,8.711784
-23.64135,-14.75783,-1.5358264
-21.20701,0.22198926,-9.061775
3.3806524,2.7755244,3.4967577
16.916111,-2.8831625,9.154634
22.643904,14.352403,4.6133637
14.943684,-0.33978182,2.311207
11.083227,-9.823131,3.8151512
26.09437,-11.043281,-1.6000394
32.535427,-19.133677,-16.88885
31.52587,5.4268265,-22.595333
23.011276,8.147758,1.5172321
10.196913,-1.9764928,13.339907
11.622755,1.3303216,-1.0836374
28.06639,-9.686371,-4.590268
47.407608,-6.268862,0.11743944
48.15953,-9.803257,9.691987
32.334488,-10.810539,8.158546
26.541231,1.0007818,-0.93155795
22.375528,-8.683422,9.181822
23.157322,-5.001083,12.439023
30.669641,5.0434756,-6.8201027
12.8394985,8.044497,-12.12726
-3.7217317,18.60187,-9.8675165
6.6406193,21.933119,-10.742424
10.053576,17.082523,6.218545
12.602954,8.652357,18.460623
19.063816,2.4402587,4.4543815
6.530475,3.2393637,-15.474822
-0.58008015,-1.361603,-7.2057548
3.3943484,-12.321058,7.5036087
20.971127,-15.298359,-2.8740377
33.38239,-3.079815,-4.479303
8.447122,2.6660585,8.408407
-7.3543773,-5.124303,3.5057902
-2.2078884,4.618347,-0.29394594
1.0249106,12.49717,5.503229
-3.8385189,4.464039,-1.126211
-23.651632,-1.0511712,-5.3608384
-28.425617,-8.965011,-5.1170745
-28.345877,-11.70907,-5.1597285
-42.172478,-14.648426,-4.1563954
-31.883202,-25.57212,-8.991838
-28.172855,-25.500944,-8.193595
-44.419018,-25.6737,0.14589006
-39.17223,-34.584347,6.725874
-32.185925,-28.910334,7.3093257
-30.125051,-22.948435,-1.4370393
-14.1033945,-21.334162,-1.499382
0.8722458,-14.438898,1.3756902
3.8505554,-21.0793,-10.391744
11.857626,-17.991373,-10.728009
19.67025,-3.041012,4.6050587
22.775183,-4.769694,13.195797
24.475105,-5.0346355,7.571595
17.514269,1.191404,-3.9038053
24.324802,6.9104214,-6.4672112
40.10941,6.015483,-5.029615
48.09298,-10.271023,-7.5302505
42.720486,-12.237242,-2.1514025
21.613987,1.499938,2.3913102
20.42958,-4.6619616,-6.32999
23.887863,-7.6636105,-5.6270514
6.0780025,-3.183545,2.4247384
-2.925992,-9.908995,6.3436384
0.53528637,-6.5879545,4.2375307
-11.845159,-2.2911336,0.18245201
-22.231586,-6.8889313,1.2192621
-16.79808,-3.6787364,-5.189388
-30.4,2.8719275,-1.607098
-44.728165,7.9577594,6.3094816
-47.915756,15.77229,-2.3997388
-42.853683,22.598719,-5.1571736
-29.558008,20.87,2.7649612
-44.362206,11.251955,7.402228
-53.295013,11.203828,7.9281836
-37.11279,2.9765959,-6.0068107
-41.36393,2.6572645,-21.979528
-51.91829,15.064185,-10.266226
-60.74558,2.9245386,10.952026
-54.927876,8.769262,17.64574
-29.162249,22.013548,7.768733
-25.342802,20.88745,-5.32502
-23.459246,19.269518,-6.4828663
-21.058784,15.134258,0.795396
-26.804981,15.906181,3.2168427
-14.777049,10.410958,7.9843807
-8.2999115,4.962438,12.932695
-13.441165,9.753621,9.135502
-8.776587,17.390026,4.7813253
-0.107237786,2.2270925,7.157768
1.8849292,-14.909106,7.8334947
-6.7142215,1.9963311,-5.021355
6.700826,5.9202857,-0.8686806
49.904884,3.0500104,0.65669817
67.59958,10.098293,-5.5455465
47.880604,0.06943797,6.5122013
34.651493,14.8432455,0.51491416
51.225597,26.077387,-3.3539045
62.921974,24.849682,5.423286
46.944115,40.533543,3.810569
22.532604,24.682812,2.4084208
16.970484,17.612057,-11.114251
28.596735,26.464506,-15.567337
26.251286,27.924547,10.016556
27.162611,35.601707,7.3474164
34.87481,19.135498,-22.791906
40.05722,4.1796083,-22.702791
51.057228,1.313358,-4.7013283
33.14711,-0.06225783,15.3058605
17.762115,-0.30709958,22.410795
29.6457,-8.381969,-3.800274
30.66329,-16.594286,-22.344185
32.780205,-33.90316,-22.99748
18.694439,-19.6025,-7.13123
-1.6262434,12.528558,20.963152
10.093122,7.318455,15.82701
17.176891,1.1836534,-0.81873935
4.901169,1.0187532,-3.4021873
-4.772675,7.93552,4.4814587
-16.003275,10.703088,13.375406
-15.50506,-13.507223,6.712542
5.441791,-14.469258,-8.736243
6.837271,-14.168512,-17.190046
-1.782406,-22.771927,-4.70207
-6.648855,-3.6805995,16.763365
-15.929094,-8.554376,22.468328
-6.7987795,-26.988165,0.5938128
-1.103429,-31.656649,-14.273143
-5.72073,-28.41765,-8.592366
0.8360484,-23.801014,0.8997597
9.38841,-32.206017,13.383805
7.9565196,-30.855944,1.882952
-0.54243535,-24.404816,-14.506727
-4.7427063,-13.894956,-9.1759815
-7.5674963,-10.854039,-4.452521
2.6946504,-18.13604,2.8401628
8.376063,-10.32656,10.549268
-1.9382228,-23.71171,-0.1456738
-2.530327,-28.869368,-14.441724
-0.83099073,-2.3362055,-8.133947
4.732195,-11.821998,10.548358
8.042974,-16.811241,15.886318
5.0149574,-7.02696,-2.4708252
4.7846274,-7.52276,-19.10401
6.1742263,10.981985,-8.464128
-4.5437593,-2.7128334,12.857139
-25.915375,-22.82023,12.5900135
-25.877563,-3.041053,-5.242487
-18.322363,0.20502721,-10.277425
-19.305298,-6.270187,-1.4317476
-27.9304,-9.86555,0.93378675
-39.008995,-12.597108,-7.688907
-24.645584,11.220384,0.1985135
-14.023571,14.914997,6.066747
-17.605017,11.351987,-8.658517
-12.137413,35.63067,1.0476235
-19.029127,23.189339,16.264406
-20.2853,10.713644,8.175114
-17.81828,24.941938,-5.849157
-23.700533,15.804338,-6.7127223
-16.7214,7.934103,10.10155
-21.539635,8.842844,13.338633
-28.735949,20.043087,2.1006124
-9.66191,37.07138,-1.5883025
2.003405,23.059765,-7.9445615
-0.028465603,17.593193,-8.474092
-0.38639453,33.07399,8.034282
-3.7790785,29.183496,14.590035
5.205521,21.288212,4.0679827
-1.8709216,18.771187,-9.355163
-19.382183,12.635771,-12.918998
-8.006784,8.427594,-6.240422
-7.3780785,4.069106,-11.972354
-9.10749,8.107974,-11.081776
0.39246103,13.657926,8.015604
-10.404082,-3.3190215,1.9760065
-15.879292,-8.552687,-12.893866
-13.864443,3.1876576,-3.9779856
-5.3485293,5.236198,7.146364
17.785774,3.806447,15.147413
8.807315,-5.116433,16.16662
-0.4025681,1.5120116,8.250845
8.810407,14.489739,4.27831
8.24747,0.08309522,3.2554462
18.004902,-11.79147,5.5118856
11.611699,-22.541601,-4.814765
8.324415,-24.118504,-16.22332
29.980328,-3.1328325,-0.82218933
25.474926,1.2485509,16.947096
20.535675,-0.5945287,6.2865057
23.548363,-15.638323,-17.987265
25.01229,-28.185144,-10.484931
42.873077,-8.46112,14.992279
32.205795,-11.20233,9.781938
17.439312,-11.157384,-4.040374
23.354118,-6.443973,1.1073253
9.901801,-19.160881,-6.1762033
15.678947,-3.484089,-12.494229
24.287487,-12.698843,-8.272606
13.871077,-22.460102,-10.271864
18.976038,6.6723266,3.8892872
-2.363262,-0.9008234,16.685205
-14.055934,-3.7569754,11.252929
-10.7190895,5.2974877,-4.4850736
-26.354862,-5.393699,-12.33253
-17.701935,-2.4113598,-0.649276
-22.22605,-18.502834,7.0280166
-28.365583,-11.074083,-0.7494101
-19.377903,9.29608,-6.683734
-31.123253,-25.2638,-3.7637131
-33.520367,-20.508026,-1.5192804
-32.06259,-7.057345,3.361162
-35.777546,-23.304844,6.50765
-28.972115,-20.797462,6.59014
-36.308636,-30.635258,9.45438
-39.821182,-16.243238,11.870647
-41.949593,-16.325514,-1.6347965
-49.873344,-48.847633,-14.870811
-29.376526,-17.786474,0.3517606
-28.273483,-8.908397,14.262297
-40.62804,-31.16823,5.4308634
-23.70766,-15.795268,-8.6747055
-7.981497,-15.098041,-8.468357
3.0416763,6.873754,1.3607681
0.6239908,10.576525,-0.3824171
-9.12774,-8.383431,-6.6160455
12.410312,22.591393,-12.280591
30.746138,15.920191,-20.687183
25.35114,9.085514,-6.09722
26.897972,45.211433,12.173639
17.342527,33.4969,8.028559
17.348492,18.904873,0.15309642
30.643204,24.902124,-13.028692
18.828325,29.652391,-10.746738
26.516008,58.74492,7.854157
30.386087,46.257126,7.30263
11.707649,18.916277,0.8050306
23.45299,33.152405,-3.7034822
23.96583,19.939983,-7.2716956
19.036749,10.581138,3.360963
37.582615,13.964427,7.561336
46.805813,0.12476967,11.45318
57.79192,7.4115543,19.458712
48.76064,7.5514235,3.3818839
22.406507,6.2207456,-2.4672985
22.182167,11.122477,-0.7871285
29.18575,-3.9704587,-9.450444
44.135433,4.0870953,-1.7724357
55.210556,8.789081,4.3213577
33.41688,-8.781875,9.444323
20.590687,-2.1806004,-1.0125039
26.014898,-0.7401496,-23.38767
24.133522,-2.8866358,-10.178186
27.076466,2.4057453,4.55634
16.722355,-10.620586,6.8036127
10.466473,0.8123495,7.4694443
11.556258,18.656773,-3.3079362
-7.1824536,9.19487,3.5080001
-9.149082,15.260147,8.490499
-7.0103827,4.3647275,-0.4941339
-10.559558,-6.9435716,3.448399
-1.8411193,9.669398,-4.7329674
-9.918411,-0.38694978,-14.400666
-25.67471,-11.66302,-6.0826735
-23.185644,-23.046143,1.758545
-24.68044,-29.93128,1.5973543
-20.379072,-7.5553527,-2.1429944
-15.779582,-18.44429,-6.654315
-22.773037,-35.87468,-9.148256
-22.759373,-26.980091,0.21064183
-22.590393,-29.383583,0.73591745
-18.570494,-20.259975,-6.872785
-24.84113,-27.114157,5.6359158
-33.35183,-34.528908,11.008386
-27.375889,-1.6420066,-0.475
-16.31541,0.83160794,4.9776573
-13.0526495,1.1654589,11.316638
-21.603561,16.060463,0.00858994
-17.794579,11.863776,-8.882565
-8.261984,20.5985,-5.9805045
-13.643879,18.247963,-2.0430067
-18.248367,21.393171,0.9967732
-5.6136928,33.611496,7.87463
1.4134651,15.071543,6.8996167
-5.723992,15.243077,-2.1200366
-11.202123,26.591095,-5.2443275
-10.061103,24.93561,1.9416053
-11.03065,24.265226,20.570457
-14.675099,5.4263306,28.097218
-20.992401,4.1658,0.27359426
-30.654488,3.8488028,-14.621465
-22.00128,-7.0661597,-14.033652
-16.98904,14.618104,-20.475922
-24.157017,9.253077,-3.051713
-15.479945,1.7055936,14.353178
-2.597029,2.474254,18.20162
6.9386663,-15.484994,9.024093
8.7488785,0.12768887,-6.4880404
8.185519,-8.247637,-6.268092
15.014092,-21.923979,-4.2602153
11.191497,-15.120433,-5.4725747
13.231634,-30.316315,-1.1009806
20.07687,-16.6264,4.378363
12.23194,-13.211515,10.982621
8.043154,-19.00884,12.333248
2.9369206,-8.1145525,-7.0791087
0.08134566,-18.823824,-18.583223
-4.523633,-4.6584163,-9.2278185
-5.9680996,-3.110863,-2.5003018
-3.92629,-13.163943,1.6486422
-11.315127,-3.307108,4.5400395
-4.0783134,-22.203115,0.5320495
-9.001602,-17.063354,-3.443927
-14.094579,-9.737418,-1.5684978
-5.7137322,-8.768077,-3.4756389
-6.330509,9.838169,-3.655163
7.8683286,-5.976459,1.4925386
12.09951,0.8394213,-2.7960126
9.684471,11.403437,-5.5045323
12.444066,8.833323,0.04307273
11.458307,20.006956,2.454196
16.973518,-1.7326143,6.9297886
16.037565,13.112354,11.355698
24.747887,31.309778,3.83669
29.51249,11.168644,-5.7772455
17.583458,10.684309,-13.210959
12.122092,-7.379474,-20.012426
9.30096,-3.4254255,-10.142896
9.951423,5.7016954,1.639656
7.9065385,-14.530575,10.964027
11.929693,-10.022459,16.337837
16.519196,-16.99585,6.92589
-3.0968652,-28.5097,2.234075
-18.759039,-18.587646,-5.315169
-7.145067,-16.060413,-2.7312217
3.017942,-13.094854,10.413595
5.7812643,-12.701935,1.2284085
6.9352665,-10.6043825,-15.723639
-8.456449,-0.26210886,-18.943056
-19.93741,-6.2507215,-2.7500706
-22.829245,-5.66929,10.816794
-10.74608,1.0692061,10.249849
10.867104,-0.11847222,1.6257521
5.2927413,10.609628,-6.850072
1.7525071,6.2657914,-6.39843
4.2166295,7.346707,-16.120184
-4.3627405,24.723839,-11.268588
6.229331,11.997415,12.583796
12.438005,9.458259,16.79622
1.2276038,27.618998,9.45396
2.3548858,29.24924,-1.2702521
0.045000713,30.456297,-0.5556188
-2.5936563,16.022293,11.65092
-3.2058375,6.3878813,6.4327993
-12.589889,24.054092,-0.3727302
-16.371243,9.137338,9.448985
-18.717243,4.422697,9.583569
-14.462414,21.92915,-0.4823828
-9.888412,16.66732,-3.416828
-9.6189575,29.18309,-6.456368
7.03974,24.605392,-2.3341165
13.090998,9.7195,9.562082
1.0147566,12.63044,11.752986
-0.18336087,-4.9284477,1.6344405
7.8997607,1.9969258,-15.181126
24.612478,14.252285,-15.263434
31.740461,-12.607915,5.925078
20.367779,-20.42305,13.788578
14.659845,-16.348757,5.1040883
12.999887,-18.098782,2.818579
18.64257,-7.976788,0.30988625
25.593878,-24.999994,-6.187638
23.541073,-35.51645,-3.3963566
18.27491,-12.89846,-0.2848645
9.234315,-16.316458,7.9635725
14.073434,-19.599985,7.6334963
12.74528,-18.316082,-2.804246
-8.168265,-29.398508,0.7899423
-9.776751,-20.19229,-11.869772
-5.559898,-22.473558,-16.81559
-17.407272,-30.990988,-1.0422441
-19.001709,-24.581812,2.5120351
-17.223888,-27.990376,9.930663
-21.582209,-20.525585,5.681265
-27.09551,-15.175777,-17.031845
-40.46049,-26.447824,-18.164345
-39.960445,-27.309101,-2.0126672
-37.61193,-23.479021,5.9451885
-41.968433,-16.328646,12.064333
-38.831673,-11.52459,14.977201
-43.295666,-10.319291,5.1657014
-34.045128,6.561755,-7.021456
-15.854062,16.700857,-10.725285
-14.418349,19.753933,-9.060804
-10.443538,26.931295,-4.60464
-10.010908,19.895159,3.8700874
-11.0918,28.505188,9.515541
4.3309207,29.096243,0.7746316
10.127847,15.171309,-12.377051
0.63720113,29.765583,-7.317312
-3.6657324,22.660248,4.699688
-5.1617665,18.942911,1.5733985
-2.3989935,31.283522,1.7735147
-0.008371145,23.171843,3.4870276
-3.1044352,37.461605,-3.2847846
3.1864,43.301193,-7.4078355
0.2529032,40.044765,-17.596989
-15.6406355,43.703827,-10.090018
2.8375213,15.61864,5.9498434
21.507978,11.610775,8.224516
5.5343823,16.242537,18.593657
-8.084041,2.6415207,19.396645
1.1672263,17.372995,3.3328295
38.69503,22.440538,-13.468962
51.806812,35.01589,-19.950556
36.697197,29.28343,3.7001593
37.754993,-13.390913,13.776222
30.679617,-4.3003387,-0.27225086
36.113113,7.802097,5.794122
40.815174,7.573879,3.3803713
29.542362,6.9810786,-3.8537128
48.485672,-13.657567,-13.17176
42.828236,1.5137864,-12.471846
24.588013,-5.1299896,13.419038
26.352955,-37.90277,14.645251
18.606564,-12.37451,5.291808
33.476967,-10.697422,-4.432825
29.418919,-16.45535,-19.768993
8.968037,2.599805,-14.475645
11.411042,-9.102884,-5.8890734
3.3684916,5.493834,-0.49680707
10.79226,-5.4503403,11.046724
9.683558,-22.428255,8.388833
-13.758292,1.2210419,-0.92287636
-4.755902,-13.984756,8.228775
-9.507651,-17.605032,14.156044
-18.060453,-17.230585,-4.993208
-0.14082547,-21.323158,-13.665988
-2.6989834,-8.620223,-2.2596936
-7.414668,-16.47082,5.502525
-24.7188,-4.860102,4.565017
-31.603369,-3.0627108,-0.4291104
-13.745949,-17.263071,2.5227563
-18.179619,-9.634384,4.5359306
-20.484362,-24.266754,3.5741448
-32.259594,-12.027198,4.478023
-39.112682,7.329766,-5.361326
-19.552948,-3.7617736,-8.580385
-2.983468,11.115254,8.77045
2.1753345,-1.2214199,8.289134
-5.24907,-7.9420004,-12.03529
-13.027986,8.021796,-14.816235
-21.929413,-10.464792,1.110576
-15.217748,-1.5342742,10.160256
-1.9053797,3.4130466,9.177864
-5.588752,-7.171118,11.270041
-13.987715,5.210247,-2.8801777
-22.272894,-5.3744335,-13.528562
-22.128826,-5.848976,-4.8997273
-12.261475,-5.030699,-4.456916
-2.3519897,-20.136278,0.27847284
-3.523722,-5.700545,10.455894
-12.679942,-8.931452,12.57825
-16.01851,-18.398489,0.31833667
-20.122444,-10.932932,-7.1145077
-24.756933,-22.518715,-3.7310538
-23.600538,-20.847734,-6.9681187
-24.795525,-21.087273,0.4454289
-17.068584,-14.889655,4.9830832
-16.05735,-0.68378,15.733978
-21.659935,-24.492498,28.976627
-16.295197,-26.982191,2.851803
-11.566669,-15.654798,-17.806025
4.655407,-1.2542938,-18.181414
8.237498,13.128937,-11.580619
-11.299001,-9.971812,5.909861
-13.038336,-6.7831845,4.4415674
7.7496586,6.85014,3.1831882
25.669142,6.371865,3.363969
33.840137,18.652933,-17.576366
28.421196,18.265985,-12.634523
22.908392,20.613115,10.617961
37.36947,15.990493,5.2851977
49.874428,0.5274629,1.9414976
57.556114,7.8417535,6.092907
54.83357,5.2283773,6.2484684
43.833744,0.83419645,4.0075464
46.964462,12.924863,-8.6551695
39.091423,13.725985,-6.8631244
28.243433,13.810429,4.225675
24.477886,3.5123365,-0.6032891
8.436068,-4.2384963,-10.014041
-2.8510008,5.442813,-5.262874
-27.508936,-2.4501858,-2.3541276
-45.05667,-4.3460684,-7.899957
-38.319656,-2.7455382,-10.682208
-48.489376,-11.074719,0.3502506
-45.79628,-1.8418399,9.1474
-41.143864,5.092094,3.3171685
-46.188236,5.2888303,16.303411
-25.701977,4.276488,10.944651
-20.71486,-6.492104,-17.354609
-22.177324,-1.4144536,-17.479942
-1.1383013,15.836687,-4.087021
5.1505833,21.924826,3.158073
15.704284,32.396095,6.1162677
18.3767,37.274075,4.828649
2.5477982,27.10576,7.24523
23.829,15.778994,-0.39639705
46.238052,4.8443108,-18.827955
44.432945,7.4931626,-6.3726225
50.027496,6.6416845,9.842661
26.000439,-14.693121,4.8001056
-7.1160283,-24.388355,-0.53449994
-9.211524,-12.838437,-3.0648687
-18.505352,1.7178787,-6.8513985
-20.041702,8.112398,-13.013327
-23.067478,7.910985,-4.0847917
-35.760914,2.185448,12.975132
-38.46589,-15.843494,16.702179
-48.65205,-16.631691,15.972047
-38.558537,11.53197,13.493065
-9.672375,17.544498,0.9422123
-2.4856563,22.039148,-19.658699
-0.6837656,39.890457,-21.16823
14.751424,24.376812,2.3281891
21.26583,14.593579,8.547093
32.179756,20.576166,6.4814835
42.309456,17.395386,3.1972687
27.59196,10.913423,-7.415527
21.658716,-16.915125,-0.9979059
20.928875,-32.597343,-0.47539726
17.228224,-14.233848,-6.0783243
18.373875,-20.137562,6.4538474
14.847948,-41.528355,15.804495
10.031954,-35.592697,3.4436116
-2.5166974,-33.99006,-12.356128
-13.137413,-37.916817,-8.498265
-12.783081,-31.509157,-0.5747462
-19.236713,-29.290245,3.6018133
-28.902676,-17.97207,8.235664
-31.256893,-7.694472,4.6419806
-28.924974,-0.5030818,1.1345748
-24.159887,27.056593,8.613823
-28.8478,28.803066,8.122179
-35.983467,6.900101,-7.525332
-28.584167,8.190023,-5.736221
-14.794695,15.598846,6.2070704
7.9074545,18.788708,8.476221
19.478876,17.175362,-3.0429966
13.502384,9.533597,-19.39563
21.02648,0.6991545,-15.153695
25.106985,-9.609251,-1.4229763
28.835886,-23.802513,11.867968
41.891357,-19.6765,11.476161
35.73328,-2.2280207,0.88380134
35.95002,-7.809213,3.4535055
48.799538,-10.469534,3.7792327
40.09933,13.008285,1.5307901
26.190144,32.387585,-0.3735734
14.301761,26.846111,-0.42223212
9.797709,11.338462,4.5597935
15.701481,14.689451,-2.5148637
7.462437,23.418839,-6.3822627
-2.6513634,4.4725347,-6.692138
1.187172,1.659938,-14.336993
-0.8440485,13.307658,-13.807921
-10.025915,-5.2131658,-2.401204
-6.8640103,-9.549327,10.173539
-10.228286,-3.268969,0.43404827
-14.799459,-1.2796497,-13.807615
-3.2784739,3.7813544,-6.7047014
-0.85204375,-5.1597443,1.1059421
-0.108524576,4.070007,5.267827
-6.9914603,9.851604,8.926285
-15.910582,-7.6394215,7.2957983
-1.0172689,0.039681304,1.7060947
-0.86147827,10.467528,-1.6458273
-17.938166,12.354659,2.4628
-10.859014,18.588984,8.434685
6.111104,7.565093,2.206715
7.09763,10.808514,-3.493036
4.1686068,15.763886,3.0132816
-5.0226383,-4.1570134,7.4706435
-1.8726401,-0.7687501,-0.031805135
12.963163,-16.429728,-14.727081
1.7351134,-36.252922,-2.9166946
-0.80048263,-21.543665,16.97558
-10.978978,-30.222378,2.2132885
-24.611778,-26.202375,-13.279223
-2.6047318,-23.626825,-5.672599
0.15192594,-30.784868,1.4315342
-10.022741,-13.955138,6.4952884
-12.394747,-22.715977,6.130438
-4.5178537,-28.036758,-1.3855773
18.017687,-10.860671,-3.0632105
6.7146635,-11.149526,-4.4001045
-10.610068,-15.964104,-6.119572
-3.1480348,-14.362892,-4.533416
-11.56395,-3.0611084,0.9298367
-19.930666,11.444354,2.2504256
-17.836992,6.771387,-1.9588495
-18.792532,0.3331734,-0.9950929
-16.268457,8.587521,4.1732035
-22.822044,17.239002,1.7547774
-25.879738,23.46865,1.2941217
1.0700831,23.17816,2.58054
14.272259,17.379875,-1.7234585
-4.177648,18.227583,5.6095204
-22.626505,19.294834,5.0684295
-33.743263,26.379015,-2.224319
-36.459686,36.301445,-3.1631188
-35.64529,34.516266,-6.1157885
-20.22968,35.500782,1.7242988
-6.79423,28.615162,4.895305
-4.0675707,11.80982,1.6604973
5.0243416,4.802871,2.9529784
6.88528,-3.8924308,-8.497147
15.887921,-8.911066,-8.888923
29.722027,-8.544743,0.33723512
22.67251,-18.65804,2.169246
12.587815,-21.07945,13.384296
13.362223,-20.435667,7.002177
19.458931,-22.626522,-3.3995843
20.038712,-8.099833,2.8070095
15.288674,5.6990175,0.73647034
9.779835,11.339258,-1.240797
-0.9787119,8.980578,-4.249476
-2.3675737,-0.2572015,-8.209896
2.6889513,4.3218694,-4.2475104
2.5227294,9.057993,0.80315727
3.3939188,6.6702437,4.796423
-0.6022392,3.389769,-0.20874685
-11.852173,-0.11229196,-4.1588535
-18.712637,2.8310847,5.8319144
-21.051756,-2.0852926,1.821229
-20.824665,-3.651236,-9.090984
-9.157816,-1.1480008,-3.1470602
5.0562277,-5.2407765,0.8811353
14.807509,-8.129373,1.0076149
19.008377,-17.075777,-4.216322
16.77639,-10.001702,-11.816791
19.101097,-0.08123653,-6.2669106
15.742305,-13.952034,1.3026229
15.285966,-9.090076,12.737465
36.8219,5.9795914,21.440193
44.47322,5.749877,7.684079
32.00119,11.003081,1.6701638
23.78434,3.3042026,3.6158557
15.12838,1.0643033,-2.1694
22.271355,8.791308,3.7259614
17.276768,-10.138252,6.8050613
-9.307527,-18.571695,5.996401
-11.278199,-13.636432,6.7086596
-17.170906,-23.929407,7.267132
-19.567682,-35.250854,2.6927724
-13.100853,-29.391119,-20.595194
-19.947226,-23.920492,-27.179632
-14.820233,-24.038303,-6.5557985
-16.567375,-3.5128298,7.9686766
-21.393095,9.060561,8.496625
-14.250212,4.9257627,1.090904
-16.043156,3.0919356,-4.453082
-15.866016,5.207427,-12.772596
-9.792103,18.213152,-15.478255
-0.49106982,23.28313,11.469863
11.460172,13.421731,21.38656
13.78706,1.2271695,-2.2884932
10.756684,7.6414423,-12.642083
6.970115,11.170797,-10.234965
-0.933237,-12.293668,-8.501912
-15.906609,-21.698345,-13.326584
-12.664668,-37.42456,-9.273941
6.267604,-46.544064,5.5458426
-7.58385,-25.37413,13.910602
-24.4336,-28.734934,17.509937
-22.59154,-6.9512515,-0.0040964233
-22.237587,9.939849,-14.483782
-14.458795,-17.666445,-2.857434
-12.246503,13.096705,3.3774993
-10.204765,27.230724,10.4600115
-15.314791,-4.5012503,9.143457
-27.02734,8.381381,-3.2325044
-3.2185614,5.6362505,1.0412953
19.987455,-7.077675,9.894788
17.971268,2.8330843,16.133516
19.066084,7.4215646,6.8843045
19.07751,22.459421,-8.696913
30.279186,10.790545,-0.1224112
39.20024,-3.6196687,8.44936
21.461603,21.399984,-1.1287775
11.506231,19.25048,-7.354805
8.5760975,-1.5728872,-12.18872
7.890557,3.1835396,-14.149207
13.823726,19.676249,0.79503745
0.16832852,27.342495,12.98349
-15.713487,19.103857,8.831964
-25.610785,16.73576,-4.9112267
-28.193312,33.742928,-16.138872
-13.258959,35.344055,-11.791974
-9.754701,17.555658,-6.1233473
-13.746023,23.267189,-2.7045295
-17.305058,29.47909,8.968437
-20.230398,22.407856,11.271458
1.3101622,33.69987,-0.8424248
23.235762,37.598717,-13.822603
18.044329,22.199745,-11.617227
8.758785,6.944197,-3.9097834
16.840437,4.803908,-0.45608255
26.361826,12.541148,7.1362863
25.672447,8.393496,13.536995
28.108984,6.402397,19.370924
36.482754,7.9753428,7.379209
34.02732,11.367716,-8.298976
12.241932,13.691055,-4.7624784
-3.867484,-6.7634583,-0.05260897
-8.04488,-23.404083,5.227524
-6.662687,-27.997025,4.097842
-0.28291845,-24.485302,1.2754984
2.5358996,-18.170647,5.268796
-0.43002912,-20.777382,-3.7256012
-8.313875,-18.164543,-1.5180368
-11.494532,-27.373573,12.332778
-6.214206,-26.072365,5.5287075
-6.5055027,-11.08165,3.6287374
-14.182959,-14.216698,-2.623753
-15.444484,-15.653293,-10.9909935
-6.2649546,-19.742092,-6.7126412
6.693149,-15.138686,-9.795109
10.532777,-7.496073,4.418795
13.869257,-12.77761,15.231645
15.272124,-4.2743473,-0.41359577
1.9631219,-6.6719456,-13.666414
-2.9636555,-15.166113,-19.395454
3.947278,-1.6028442,-9.427889
-4.2327967,3.5980074,4.516465
-13.162254,7.5229173,15.833571
-0.49627683,4.1031036,24.471338
2.5474796,-12.513244,9.977139
-11.761025,-13.407613,-10.458544
-19.84378,-14.872616,-13.983084
-18.146612,-13.913765,-3.338837
-12.279184,-5.4442744,6.0140176
-11.677223,-5.57093,2.7864306
-10.7754135,-2.1074793,-3.0065746
-5.3232517,-0.3971167,-5.088139
-1.3875351,-3.926268,-3.0706787
3.9547677,-10.262899,0.07828887
2.8787665,-26.015905,-7.2125688
3.1037807,-17.100342,-9.720109
13.11997,2.697891,3.6257296
3.0320644,-2.0849707,20.421316
-5.6682577,-4.5671883,20.542559
-4.109089,-5.300682,-4.5831003
-6.750858,-9.849347,-18.411465
3.9430587,-8.602106,-10.716734
-5.270261,-11.245126,-2.3263345
-10.873514,-7.9366555,-0.8706095
0.0401787,-5.681272,-2.2821023
-6.931297,-14.410644,4.997956
-5.506479,-14.001008,3.7170866
-1.3598622,-15.075333,-8.165021
4.029167,-11.222366,-7.227118
6.024011,-0.7622755,-3.440468
-7.5679507,8.476603,3.8814218
-4.606487,24.747002,-3.709751
0.6541886,17.002298,-19.172178
-8.340695,4.454464,3.2832403
-15.129665,3.5565383,9.460009
-20.320196,-6.8758197,-7.533932
-10.86004,-9.619869,-2.9344146
-2.4878287,-3.314481,2.5306537
-2.6730685,18.45937,6.8125067
-0.6390384,26.30281,4.49435
-10.740621,19.56537,-1.4170508
-14.671304,28.316336,4.509308
-7.0291576,29.413727,1.2700388
0.32321593,44.890358,2.5855896
-0.39951205,44.093563,9.999188
-2.7633686,34.713406,1.5206848
1.2812228,47.086826,-0.048813913
-9.018187,30.312368,1.2538218
-18.937016,28.6445,4.053497
-18.35676,35.757378,7.9464445
-16.175869,18.40024,-4.86512
-6.624409,14.446314,-8.29584
-1.4900925,-1.9191767,-0.7926402
-2.8012397,-14.658891,-3.5835752
-9.79897,-5.096886,6.380207
-5.9686627,-6.8997126,12.088802
15.058537,-1.935786,-0.50056946
25.750628,-9.325867,-1.0591063
31.194744,-13.658131,-9.581415
20.399275,4.3872876,-11.056512
8.479502,-1.6602278,6.33727
17.233505,-2.5620284,8.831262
23.683752,-5.933425,10.445181
32.427963,-17.46518,-0.41872913
24.79963,-13.127243,-2.4243894
16.858173,-15.668644,11.506409
34.07069,-7.0937214,-12.62073
36.288895,-7.1588774,-20.191252
29.607433,-16.06729,-8.054128
18.786854,-8.632615,-6.87109
11.194957,-12.35988,13.703931
23.590963,-13.946563,14.197301
21.62653,-7.968937,-3.3406606
13.747262,-13.228079,2.2009063
-0.011551379,-27.785288,2.6180794
-16.993408,-30.562054,-6.8099394
-17.465961,-25.737215,0.6726582
-18.878155,-26.064833,7.058628
-18.63103,-22.689732,5.8296256
-11.950978,-16.837343,0.90572166
-2.5576646,-6.5928464,-3.0577242
-6.177418,-7.8558545,-0.12625536
-20.332685,-14.516116,-13.091356
-25.479252,-8.977337,-16.030655
-24.053185,-9.574771,7.8442893
-24.818283,-6.1382184,20.012447
-15.76032,2.314058,15.874321
-6.1286044,-1.4608207,6.9883933
-15.583934,-4.703724,-5.054616
-17.293879,-13.96811,-11.062788
-5.559175,-1.6965753,1.0451396
-3.362361,30.579092,15.870789
-7.624716,28.071144,12.125937
7.6449256,27.38909,-1.1583292
24.257992,38.641197,-12.839864
7.6438766,40.250275,-19.167482
-6.82105,41.299103,-8.8388195
0.65507674,29.979637,3.8674498
-1.965702,33.08996,-4.944827
-12.228923,35.69812,-3.005518
-17.155794,7.7643332,6.9003954
-16.089396,1.6416248,-4.9645267
-17.285261,4.2401166,-8.120155
-26.005075,-5.3582134,-1.0712181
-24.274937,-5.2148266,1.9096766
-12.9934025,-10.549349,1.8235563
-9.127564,-11.531106,-2.1398492
-16.007166,-9.882191,1.7983204
-13.854209,-21.864786,2.7145383
6.0076504,-18.252398,-11.181401
21.517443,-4.23575,-17.477211
19.101303,-12.768444,-0.12973233
12.000876,-16.559193,11.283503
11.302287,-9.4137125,6.9130726
18.57794,-12.98542,6.104681
27.680893,-19.027378,4.8388286
27.213346,-24.61141,0.03951694
25.276953,-17.605297,-8.340972
19.934406,-13.360328,-8.953944
9.035059,-23.283308,0.44107586
14.817235,-21.066502,0.054584797
25.94385,-16.15247,0.21983463
28.789635,-13.731674,10.103562
28.127663,-13.096748,9.921041
16.73396,-14.477239,6.232116
9.625208,-2.9849324,-1.4023616
6.679351,-6.325843,-0.703609
9.311428,-12.883864,7.461957
16.772213,1.953183,-16.91821
9.010778,-4.9935727,-29.377989
-0.89737815,-4.5506296,-11.319768
-3.3189764,6.889978,5.828433
8.599434,8.813623,14.365835
28.393614,23.193363,5.898428
15.16424,12.800423,-0.7802083
-5.891975,16.95193,3.8336492
-1.0768393,29.708977,8.2043705
-6.4008937,14.692531,8.673988
-4.0591545,22.058903,3.3167121
-2.030797,17.14363,-6.602501
-11.118079,9.817767,1.5695628
6.5433955,14.638492,14.054077
11.49705,-5.4198055,13.829966
0.29265746,5.465809,2.831419
-0.04526263,26.36445,-15.089884
-5.0449896,10.3376255,-6.1442494
-7.628361,12.534075,2.798881
-14.494961,10.089661,-3.0151474
-28.374575,3.9361138,-1.261018
-22.958849,17.101696,-6.0090313
-17.357716,12.161367,-2.170268
-20.521301,17.60955,6.922967
-19.437788,20.217949,9.915517
-30.347921,17.355488,9.966137
-36.57144,25.470724,-9.151327
-32.377274,6.9786367,-20.83203
-32.910595,-0.9178772,-4.309957
-17.486235,3.536148,10.416729
-8.463811,-2.234226,10.505895
-19.805286,11.316367,12.711009
-18.021883,13.334707,8.294243
-5.4797654,6.243706,-3.0202613
8.465561,12.997198,-8.811755
11.553225,3.041072,-15.915134
8.912584,-6.138314,-12.736443
13.42446,-4.2671747,-2.9696765
8.228344,-3.2594771,9.440474
-3.8079991,-7.5196466,24.927984
-2.5567229,-18.538382,14.628384
6.8392105,-3.6558406,-9.219964
14.555731,2.0425737,-14.086315
8.4409895,-20.9003,-12.521654
-8.51944,-23.240889,-1.6783891
-2.9047785,-21.487932,5.117759
11.202761,-22.385637,6.65063
9.738383,-29.274622,14.9447975
0.85832316,-35.64758,-8.306575
-13.720423,-23.015432,-21.997786
-15.526544,-21.232553,1.6201506
-6.20727,-5.65719,2.0123963
-5.057844,14.9968815,-3.405118
-2.6067483,-2.4810548,7.040381
-10.755259,-15.703963,4.407326
-11.99838,-18.552969,-2.7430098
4.591307,-4.485752,-9.975984
-3.5917213,14.439501,-1.4328585
-4.9000874,-11.674374,11.625987
6.7315903,-13.307448,2.7407207
-1.4835713,4.8430424,4.4128857
-2.751502,-10.171059,5.7074766
-9.246338,-2.494378,-8.708266
-10.134037,10.657867,-14.363021
12.076495,8.208367,-14.8589735
18.3363,7.479525,-7.4631433
16.643473,-15.29615,6.046251
17.690475,-8.637403,1.3014086
13.346714,26.199537,1.0501575
10.061189,14.953599,6.0141363
13.123112,11.982402,-9.02542
16.496244,21.282936,-7.165945
11.943312,13.728914,8.809449
10.030895,29.76215,2.6313226
13.80872,33.205322,-8.289332
12.64112,25.336983,-16.639835
18.72865,26.686127,-4.4105573
21.384806,1.6791745,26.212261
6.5646777,-3.670149,10.265773
4.400952,8.881517,-18.769144
7.2515874,-4.1873617,-11.08622
6.612857,5.2411776,-0.85552084
-2.0535605,19.026556,12.715758
-10.197526,6.574476,26.966589
7.8415504,-9.750566,15.551913
9.833393,-28.372948,-8.200189
-7.1019673,-14.454919,-19.593845
-8.135066,-0.4994978,-14.386103
-0.095490314,-20.389458,3.304049
9.003914,-18.483152,15.423245
4.8324356,-20.74372,13.1986685
-2.8172162,-28.436842,7.2912135
-1.2281235,-18.201818,-7.9476466
-3.724388,-24.715025,-23.799627
0.7767278,-23.57275,-19.066607
7.296138,-16.284958,4.0807347
-7.2554607,-21.05657,18.895992
-19.696342,-11.910827,3.8922303
-7.3281393,-19.753325,-7.0428877
3.2370844,-41.671227,-0.3037499
-7.4349847,-27.429039,-4.008728
-16.88493,-20.716095,-8.396243
-8.601467,-25.117256,-3.0110018
4.909115,-20.745255,5.550691
10.188003,-19.157026,12.030568
-0.37973845,10.543887,10.4897375
-13.114409,16.418816,6.1388264
-3.7040892,8.957914,-0.57040316
0.47043774,29.093658,0.27265283
-9.147084,14.049201,6.4554467
-6.901673,-2.8585575,1.3253942
-15.846818,-4.0522985,-1.3483886
-17.245218,3.2375143,2.2792037
-1.6190056,33.088776,10.9630995
-0.8344241,15.137806,12.235222
6.7483807,-2.5297425,-4.732251
4.2919483,26.220896,-10.710304
-12.892186,20.617537,-2.4624887
-11.623215,19.807575,7.3793135
-8.733847,26.647655,12.875606
-8.516011,7.4944363,-4.5791492
-10.706021,12.032153,-16.7248
-10.514886,10.053516,-6.476579
9.3283205,6.7009935,-2.436392
16.3174,17.817608,5.805687
-0.66512716,0.27902523,14.745779
-11.889237,2.0147946,3.1569579
-11.798177,21.827692,-12.069657
-1.0832599,22.35114,-12.468225
3.9695964,20.699686,4.0966578
-8.331242,1.5959318,14.977786
-15.282381,-9.080764,4.175636
-14.642049,5.8895507,6.542361
-4.607971,5.2822905,7.2106433
13.118961,10.326489,-2.973848
11.877753,16.880959,3.4870403
10.013234,-2.359765,-6.8045344
10.254739,-2.0392425,-9.96547
1.8792605,-8.241929,2.241749
3.7201524,-10.701929,2.5164537
6.6115417,3.115816,15.46707
0.29930937,-8.6285715,16.785715
-12.736151,-2.9143982,4.8018084
-18.06251,-8.919606,1.0406924
-10.085566,-20.572603,-14.968756
-14.412782,-8.125918,-26.625378
-17.431292,-9.345424,-19.806725
-8.634491,1.0624416,-2.3455286
-22.9091,-3.2764125,13.422481
-23.659628,-32.565796,9.768038
-3.3592525,-31.052765,-0.22446376
-2.7631805,-11.238427,-12.28206
2.50669,-10.605269,-16.826904
0.9839525,-22.927042,-11.365911
0.5831688,-21.932487,-5.537547
15.868923,-17.634203,5.649323
17.608406,-12.06303,6.5671225
17.097673,-13.216796,-5.232425
12.56571,-7.1913695,-10.468164
15.585839,20.597773,-1.0535975
24.66671,9.484385,3.390842
13.124932,3.8447807,-2.86253
15.081481,27.254309,5.216145
28.719688,16.093178,18.304802
16.692137,14.478365,2.9915645
4.5047064,19.33005,-15.541324
11.49162,21.881865,-9.202995
19.392086,37.997437,1.4617659
17.57824,14.110478,4.7417417
9.330194,19.193132,-0.7131852
4.96875,51.454422,1.7955225
0.31125265,35.34016,9.01074
8.619978,31.46697,9.842171
12.449192,25.194841,3.777022
3.3088737,4.984664,-8.250207
10.989211,8.100054,-7.318838
16.832153,25.659496,-4.510588
18.972094,31.244148,-0.33161467
11.26599,10.346047,8.191218
0.2027869,-5.3184724,9.584078
-1.1850212,-3.0042515,-0.008200631
2.4460409,9.333348,-22.665703
11.646844,8.682914,-21.07644
12.553128,-3.9680276,2.9867084
15.800367,-0.47128567,7.841135
8.537428,-5.3597426,4.6766806
-8.876211,-14.518624,5.7172613
-8.440859,-18.70896,1.3461238
2.4410465,-21.728088,-7.3753347
1.6807526,-9.823077,-12.033104
-14.3116665,-18.247547,-13.419287
-15.096249,-27.773918,-13.482165
-10.128213,-26.86966,3.6124337
-20.900469,-30.929028,24.025814
-21.89351,-13.288285,20.644361
-17.804697,-11.471744,-2.4060512
-8.702094,-18.580084,-18.397074
4.3515744,-15.153842,-15.706067
-11.746829,-20.087336,-3.5861223
-17.375261,-2.735633,17.204361
-7.914476,4.1417255,29.051617
-13.278973,-3.4161804,20.300442
-9.910464,5.4543834,2.5751927
-13.530926,2.4567578,-6.4672847
-14.770355,14.022531,-10.962184
-12.941381,7.971838,-14.172657
-12.776627,-4.5208535,-9.456718
-3.2162,25.656967,2.082294
-18.149773,18.35109,14.17588
-18.300587,-1.3349909,23.224928
8.279428,-2.1380816,18.022491
15.50243,0.5266919,-13.8415575
11.797105,21.458332,-21.869188
2.065954,10.961164,-2.0357175
6.38239,4.1295543,5.290846
14.533139,11.244426,8.865557
0.8415127,-11.594599,9.383377
-6.9079576,-6.241397,-5.1272235
-10.897516,0.17114976,-18.58396
-3.3297393,-11.748276,-3.9889255
9.369036,-13.147647,12.37147
0.02494148,-20.703491,8.22341
3.8305151,-8.321537,2.3642504
12.128741,-15.107643,1.4131514
9.344941,-35.618,0.42733267
12.211522,-9.555074,-1.4200097
4.733083,3.6138902,0.56044006
-7.66672,-2.975163,6.716201
-1.9689258,-2.4203367,10.763849
11.446644,3.3045394,13.810466
11.240166,12.565865,12.065177
0.5768354,-2.8996692,-5.1853333
-8.652148,-11.373233,-14.523123
-5.2998323,-12.472584,-4.226902
2.3990154,-16.503279,5.8964553
-0.2490748,-6.0839124,6.7704425
-6.545824,-9.077235,4.2673583
-9.309494,-4.6409445,-4.157662
-7.482182,-0.97711176,-16.480389
-10.466433,-20.394651,-10.940381
-3.4605355,-19.930458,4.6107635
14.386428,-6.465052,14.389908
6.3852563,-1.9731317,4.6182003
7.2996583,-4.7005167,-15.283023
26.176111,-13.222009,-18.33855
20.018757,-13.017635,-10.0628805
16.122482,-8.669742,-1.2153665
15.509362,-4.447286,-4.9375315
6.0677404,1.7812238,-6.080822
-1.0151876,-4.0434103,10.202004
0.8118158,-8.83646,9.958045
12.575554,1.2681222,-8.612786
0.2655119,7.41542,-16.037548
-12.75483,2.5532687,-7.467863
-7.416624,-3.4370127,-3.0076392
-13.260854,-1.1969312,-4.41101
-14.058597,0.6599742,7.117508
-16.978254,1.9832618,10.514726
-21.80026,6.813887,3.296669
-2.7182941,2.0219016,3.4420683
2.2206266,-7.90073,-2.6028485
-10.513664,-11.065044,-13.562957
-13.825877,2.5054493,-13.567513
-21.566069,7.810275,-0.53027475
-23.836668,8.91065,15.419803
-26.835417,26.883415,19.548353
-32.950768,28.119713,4.3517385
-26.13439,22.262505,-3.3389766
-24.299105,16.223583,-1.6942611
-21.40976,6.7718444,-11.326952
-10.804265,7.438458,1.3968203
0.23473695,1.2832866,25.601086
3.676835,-5.1924143,13.480566
-7.2830553,10.849617,-5.414981
-8.77155,23.29668,-4.451665
-6.92732,15.433946,4.511272
-15.22016,17.00768,11.726974
-14.545471,17.98725,-2.6834433
-2.723894,10.8698845,-13.02065
11.898935,2.6735992,-6.8622847
18.7792,2.6882987,-11.894133
7.397982,19.66282,-10.871682
-0.6816947,11.345987,-0.9227894
14.022673,-1.076584,7.2007337
29.858013,2.0359092,10.020704
33.818554,-4.8556876,-0.74932295
28.458271,-2.9971905,-3.0195549
28.728268,-8.770759,3.3159153
40.22551,-19.855608,-7.1389904
38.684666,-9.634848,-1.5436602
22.210073,-10.711322,14.742286
9.707135,-16.435774,2.4598083
9.383716,-5.433206,-1.1740549
15.814853,-1.3669169,1.2917731
25.733988,8.075167,-3.0511968
21.042774,6.6321607,7.1970205
7.158234,-2.4135802,2.9401543
7.5220475,9.865095,-6.827605
2.5257876,-3.151238,-3.0395875
1.2597275,-9.633897,-13.987946
-4.0529585,13.084146,-2.9026086
-15.995408,6.781143,19.846481
-4.325369,-3.468914,0.050822943
-1.4381148,0.1091593,-10.056369
5.6869626,0.0028387,-4.222441
23.123379,6.5417843,-4.8982306
16.66198,1.4124116,-2.4229093
20.906357,-11.980069,-3.9196382
29.542843,-5.1088557,7.565888
16.745016,-3.566575,13.894359
4.510812,-9.579134,1.6193266
-8.500261,-2.0899918,-4.2825446
-11.477064,-3.1415968,-5.3926845
-2.7260017,-10.508588,-9.405725
-3.608191,-8.730911,-11.458266
-2.8335953,-3.929756,-3.490011
-7.9323997,4.723029,10.430876
-23.91921,3.646032,8.467427
-29.35966,-11.836475,-5.752339
-29.075186,-10.713329,-3.4740639
-31.91014,-1.4105853,-2.0353613
-30.273071,-5.0949025,-8.376485
-22.632141,-1.8740271,-6.266958
-8.526608,-1.5444106,1.6052189
-2.4933047,-10.290889,11.661284
-5.9231844,-9.921349,7.4319015
-11.381307,-8.765027,2.7267628
-18.593758,-7.1906695,2.2072866
-9.2009735,-16.227451,-7.2225084
-11.540479,-23.480959,-5.92955
-21.08292,-0.49053782,2.7652202
-6.515016,8.089907,-1.0096565
-12.241754,-1.5650315,-4.2626987
-11.482332,-2.2840462,2.9774845
12.555388,2.3245342,6.641728
1.2223846,21.578058,8.072465
-7.456762,22.157108,8.496354
-6.3342457,12.564668,11.210638
-13.562445,21.189087,17.387215
-1.7863834,11.431088,10.316966
-8.962758,3.5388355,0.34008676
-24.140575,5.2866716,0.42552662
-13.424274,6.954934,-5.7084346
-9.637342,16.423199,-10.451263
-11.790401,6.228143,2.2921832
-12.228442,9.894774,11.6113825
-11.167114,22.506117,4.359328
2.2366483,10.39514,-10.354683
10.399297,21.080246,-16.565895
3.7760437,20.831947,-10.3022785
0.9791717,-11.246997,-1.5357276
6.383595,-5.4799085,9.802823
13.5795,6.325231,16.44132
20.124329,-2.639297,15.920729
21.189508,-6.9248414,2.4350414
25.01936,-18.932934,-23.046352
28.86582,-4.904813,-26.476517
28.008823,6.7647543,-8.117981
25.716366,-14.956994,7.643641
11.031317,-14.16868,12.795036
0.76252,-19.312283,4.7291613
-3.8295422,-27.804153,-7.2880836
-15.130167,-13.676551,-12.215671
-16.425539,-1.4940543,-14.371952
-15.025549,13.189559,-10.213341
-5.7888994,12.686527,4.598033
2.2182345,0.21517752,11.679494
-0.11363664,8.873376,2.6474297
-4.1719284,13.309999,-14.520092
-18.577589,0.03201521,-12.269967
-5.1061625,-1.4008738,0.28611365
10.919872,5.057131,0.6931826
-2.8430696,3.096503,6.2688046
-0.2880974,-9.006992,7.445623
7.427568,-10.262123,5.404088
10.795381,-1.0775352,2.1136463
22.867071,7.3919444,-9.461625
20.03462,6.0078144,-9.174163
9.514353,1.8751222,3.6200068
7.521019,20.417757,6.581387
13.232573,13.093957,-1.3411777
29.381475,-3.9487603,-2.593405
13.985398,15.333521,3.6250782
-15.487672,15.587435,4.3175163
-11.989453,5.705738,3.5109327
-6.3401327,12.157689,5.3559594
-1.5772691,7.945579,0.25690496
1.8877437,14.916261,6.551535
-6.945975,16.082611,9.930099
-5.659393,-0.38011482,-3.2641485
4.8442206,3.400193,-12.252127
3.995928,-3.945918,-20.26155
3.817727,-11.134343,-3.2361207
8.887429,4.422366,18.657307
12.868163,9.179181,7.7684407
23.126314,10.892007,1.7019186
21.929558,2.3140535,-2.3047717
16.67487,-3.705376,-13.241399
17.114592,8.492573,-2.2567728
18.35675,-3.6132743,7.701972
35.551662,-8.2265625,8.885163
48.10137,7.2912817,7.689336
34.183453,-6.137818,-3.070646
15.96154,-14.804824,2.854301
10.950498,-5.2498794,9.865869
6.9006114,-5.1043096,0.08078515
-0.17211384,-10.37338,-0.14026907
-2.0789592,-15.743794,5.260535
-4.2573214,-4.502169,8.90566
-11.995926,-8.660184,14.465719
-23.324337,-24.851154,4.939267
-20.916597,-13.562782,-10.316801
-21.324135,-9.705616,-4.968816
-35.02234,-12.352504,7.834055
-26.106035,-18.978462,12.192199
-18.43052,-17.26468,-3.0311837
-12.779933,-3.3857484,-25.680399
-0.91632825,-15.572703,-17.817125
3.328037,-27.759008,-4.623245
12.758676,-26.27537,2.3743768
0.069216706,-7.2458234,17.570621
-19.45228,4.8779244,8.3391075
-13.4064045,-8.130748,-6.0403867
1.2357539,-7.8225007,-10.80568
1.0356818,-12.574412,-14.689284
-12.279411,-2.402878,-4.832495
-11.550912,4.7070193,10.4711895
-9.037034,-1.3041167,22.31916
-10.230804,6.2546124,9.449278
-14.904164,-13.959675,-11.433491
-24.190435,-3.7228966,-16.604025
-12.738305,2.8324142,-17.270958
-6.485702,-10.774098,0.42979956
-9.633523,5.849729,21.804138
-2.9148595,-9.547162,15.455134
-14.790228,6.391003,-4.108176
-21.411482,14.220276,-13.569497
-3.0985878,-8.2485075,-16.01476
4.8382154,22.463377,-18.645597
11.564817,10.2377615,-9.897663
5.8876433,1.3510125,11.22483
-2.0137355,-6.645152,17.229
13.051451,-30.046183,-0.9626497
2.9025168,-8.818171,-7.609801
-2.5894706,-38.531292,-8.175592
9.500007,-26.00231,-12.551271
11.608875,15.352147,0.7890734
13.147469,6.845156,12.2571
-2.5901418,2.7268841,8.9678955
-9.0905695,-26.075161,-3.125637
-5.079463,-15.046916,-1.7325732
-5.436557,7.411347,4.4327154
1.393822,15.520314,-0.487822
-8.064198,38.045002,0.12975428
-15.140007,30.796858,-0.43678534
4.1348286,18.251846,7.001067
16.176012,-0.3028129,14.494981
6.2377257,11.8935175,4.910531
-4.6438184,35.607883,-3.5584755
3.2044642,21.474594,-2.2152495
15.439076,16.034943,5.408995
2.998595,5.713299,8.652216
-4.567973,9.97912,1.3608325
15.695602,11.893166,-6.458838
20.212704,0.9904823,-11.712566
1.3495306,15.52034,-12.570687
-7.169063,7.683792,3.2170522
-3.1185946,7.705171,10.332297
6.2933526,22.263586,-6.9448643
10.349205,19.035149,-18.613888
-1.4869365,20.135948,-12.298589
-9.196346,15.240507,-0.37199888
-15.5,14.3647785,-2.8385475
-21.854965,13.387318,10.009969
-18.599546,5.77607,21.5983
-8.776193,6.6403666,2.2405112
0.3309272,3.2263334,-13.652831
-23.019695,-12.965362,-13.91912
-43.748405,-21.308489,4.5125203
-33.396305,-22.407057,14.540347
-25.090904,-26.94231,16.00406
-19.686787,-16.586939,12.792177
-29.741844,-18.714415,7.591247
-29.975151,-14.65692,-4.902184
-7.4606576,-5.304906,-19.00531
-2.4989262,-25.059492,-5.2655535
-0.045088604,-18.34851,1.0113623
-1.2398217,-9.9222765,7.7352147
-4.619539,4.9522443,17.798016
5.0523043,26.211742,5.8364487
1.6628703,12.050585,-9.413271
-1.5295378,10.778465,-14.088766
1.9132878,6.771158,2.395985
10.858298,-0.33906966,13.017987
24.383602,8.416091,-1.8992606
10.0608225,3.5413625,-7.7060347
6.161323,1.1700438,-9.361379
16.235163,1.4088215,-5.343893
11.9819355,-2.0973203,-7.7743216
17.71466,0.43123195,-23.186277
17.68988,-13.509608,-8.85935
11.515337,-20.398335,12.604364
7.440313,-6.923399,19.376993
-9.505327,2.6875865,4.176918
-24.645096,7.8689885,-5.2863674
-20.349262,-2.4269748,5.803002
-7.567479,-7.1364126,-3.1208234
-4.988891,4.357729,-8.339602
-9.3024,3.9190385,6.871278
6.58249,1.1316311,16.634344
32.211353,13.038325,14.799556
38.285885,15.847334,1.6978943
46.08473,13.203536,-12.375371
49.13738,20.611565,-12.088036
43.19074,22.266079,-3.7002256
52.344994,18.508812,11.280617
57.379642,9.21113,6.8913374
57.931164,-0.5235902,-12.351852
55.73742,1.0994431,-10.385741
27.749641,-3.5388985,-3.1734724
-3.6803098,-17.101881,-2.4464412
-8.197544,-15.481527,-5.1680202
0.03331095,-15.441869,1.6485529
8.087298,-26.416548,15.740782
-5.0916386,-29.804062,14.820616
-28.568285,-24.470299,-0.3848897
-31.896358,-16.129818,-5.9620843
-24.376005,-25.6487,0.48897222
-10.300771,-44.470524,0.24165776
-9.373946,-28.872242,4.410318
-10.420854,-11.829415,19.43969
-6.413734,-26.26038,21.328215
-8.503576,-15.008031,4.6559024
-1.3152632,6.146258,-12.737139
8.307783,5.8377476,-14.15772
3.9414055,4.6605554,-4.744676
2.965535,-3.51201,-3.0485005
19.405134,8.374469,-0.67082256
20.360598,14.084073,3.0033567
12.070762,-9.972379,-1.5934006
5.5763674,7.945878,-8.920521
-1.2741969,34.525703,-16.56555
4.7722282,10.935858,-10.821695
-0.7555545,-9.850578,4.461967
-21.086874,-0.067027874,1.2262304
-28.310333,-4.101732,-9.47126
-31.0969,-15.042862,-0.7527353
-27.980955,-11.075391,0.60833186
-20.157896,-21.178675,-15.808845
-34.93107,-14.655875,-11.175791
-47.208828,3.6561496,0.98747605
-35.129375,9.884586,0.1256111
-35.3515,25.808401,0.77590495
-40.559868,25.345842,12.394737
-25.475142,17.322178,17.644133
-20.367495,25.870619,3.5522344
-20.521137,37.037876,-5.3164067
-27.428175,36.597298,-5.4400697
-24.72138,15.907382,0.85868484
6.587476,12.515269,13.511523
24.656828,25.050453,14.088497
27.86756,12.425209,3.441297
17.625973,20.616861,-5.6064115
12.311968,27.390703,-10.687009
20.397753,16.255247,0.7819269
26.724985,32.877556,6.193915
32.178375,15.601827,-2.9045334
23.998018,1.8751419,10.281488
17.01064,26.004734,9.224371
30.1811,22.830969,-7.5115747
30.858463,23.830034,-3.5761437
6.2468443,29.649725,-6.447136
-3.185892,11.862185,7.7817645
9.134098,-8.453046,25.62736
17.85129,-11.092892,5.9759893
21.886108,-6.4238358,2.0069892
22.96056,-11.143767,8.909383
1.4632053,-18.209135,3.5423923
-8.900296,-38.366985,-5.1548753
4.0156612,-36.907013,-12.018336
-2.9871216,-14.574991,0.94165856
-4.2950807,-23.8496,9.254612
7.692768,-24.557556,-3.836097
1.3675448,-17.067575,-8.568823
-4.7365937,-25.547703,-6.518593
-1.027982,-20.299417,-13.560564
-3.3748698,-13.72286,-9.010828
0.5842999,-8.569436,-1.750772
-0.22409274,-3.948927,10.584604
-11.926858,-15.060229,12.075187
-13.135064,-4.128113,-9.025946
-15.693427,13.278772,-12.796391
-21.096502,-4.4657803,-12.0259285
-18.668718,-19.332499,-3.3595958
-18.184422,-12.059405,6.738308
-17.84078,-1.9335232,4.1463437
-22.353842,-7.8194346,1.5042219
-29.314808,-17.60208,-6.4527097
-12.497154,-11.658126,-9.644092
2.8683171,-10.409307,-7.1552386
1.3139685,-18.550495,-12.74691
-8.116077,-14.303802,-14.933481
-8.120501,-0.53237736,5.212581
2.9455435,0.72854793,25.197186
-1.9843202,-0.5952616,14.217853
-8.800181,3.755719,-10.72461
-18.295029,-7.817442,-19.727552
-14.444072,-12.173261,-5.736709
-7.823979,-3.0968463,14.428077
-21.257374,4.762829,18.12689
-23.284946,10.797859,16.69812
-17.384352,-7.5755672,7.9161363
-8.645508,-3.108005,-5.042584
-6.7107196,32.99918,-1.201295
-22.01387,37.905605,3.0760465
-27.110231,33.724594,6.8085656
-19.387434,25.839941,11.113788
-13.612406,13.403879,9.834437
-2.6553628,29.964565,4.175409
6.780039,23.896751,-16.193636
17.169352,14.162805,-19.752901
24.208529,22.583136,-4.154163
9.988365,-16.043983,-6.8779454
-5.198967,-20.280893,-2.882519
-4.1876373,11.497796,-0.20711543
6.553783,5.7773476,-8.550419
13.717902,5.3343663,0.50078946
10.466755,-17.523632,9.667229
18.733164,-17.697796,5.2900467
26.630518,13.322346,6.805652
9.748571,-17.261747,4.1547027
11.19563,-9.260722,-10.216735
23.7944,3.7436886,-6.781621
24.998724,-30.956089,2.536735
25.15852,-9.80654,-5.5575614
16.827322,-9.344766,-14.848748
18.967358,-20.946808,-1.231896
19.709997,0.11853235,13.672944
15.096395,-20.360067,16.098576
15.856537,-14.169906,4.2782674
10.349294,8.061841,-18.776379
22.383116,-21.704182,-17.853079
26.760466,-22.148962,-6.936449
16.084326,-16.669828,8.226409
30.612795,-17.242449,15.797804
24.746601,3.4818442,2.277697
14.856239,-8.729213,-1.3540515
19.661903,-7.9799337,-2.8123178
2.052235,7.5046535,-5.410319
10.123556,-5.3956146,6.063386
20.151947,-2.1591222,12.538681
9.844881,14.0802555,9.910501
8.544075,16.240656,5.572535
-4.55525,17.599983,-11.366268
2.3538444,18.639275,-10.284629
18.987352,14.1606865,2.3427403
14.284354,13.100647,-2.2587245
8.748119,17.738325,8.263741
-1.9050425,27.628513,20.55617
-6.2437186,28.375784,8.323635
-4.1850414,16.156961,-7.701508
0.84906036,10.1573105,-11.570627
6.567695,6.6306157,-10.0095625
2.8421876,11.062449,-1.4375618
3.4311054,16.142258,7.692215
7.6532393,14.928734,6.619343
3.3643725,16.853083,3.5033844
-1.7375013,7.6138525,-3.4632075
4.343158,1.794482,-6.5737667
-2.372253,-7.8190417,-3.639176
-11.734325,-18.233412,-1.6145613
-5.119958,-3.1472855,-2.8354793
-10.095651,1.5766232,-8.677062
-19.901682,-6.356409,-7.0222983
-20.76401,-5.6713586,-3.7498279
-23.81919,-4.624172,-10.250831
-27.722076,1.1146013,-1.7861452
-29.885199,1.0302626,12.510788
-34.042213,-12.143101,9.089671
-33.0809,-8.334794,8.41139
-28.747673,4.5461316,10.805376
-24.451267,6.1680117,4.4287786
-31.786161,15.305988,-15.562165
-42.10237,19.46302,-21.537157
-39.027134,7.074594,4.119991
-37.163128,-5.3496265,18.380974
-38.386654,-4.2638593,11.907122
-38.633682,-1.2022196,2.2388358
-29.885416,-8.808253,-9.303388
-24.42845,-9.020891,-18.891102
-22.611639,-5.611629,-18.538221
-13.370757,-10.84717,3.9920723
-23.664364,-12.630849,18.247047
-29.409855,0.27664608,-1.2188556
-9.8800955,11.133642,-5.8310785
0.29733604,4.3127947,6.470525
0.91555876,-4.288021,-3.8981762
-5.209182,6.2225437,-12.795696
-5.3403497,6.1344867,-3.977307
6.273755,-17.111551,0.9016678
3.2454731,-26.441317,4.011849
4.8680058,-29.81663,2.5757632
12.770956,-25.039268,-4.017549
10.458876,-16.744778,-3.6560924
16.449503,-17.87799,-6.1445513
19.011375,-12.697907,-3.7774296
11.282837,-14.074934,12.688038
6.677102,-9.676158,22.143131
6.2044806,-5.4947424,8.524091
13.552181,-7.899046,-1.9172273
22.2431,6.1169376,6.42623
18.655106,13.46579,1.9544322
11.4375515,25.79148,-5.5731955
18.036854,32.575447,0.84034246
24.799208,13.267924,8.375754
19.70191,0.70828795,8.8719845
10.415635,1.3763334,2.1904933
6.608016,7.9214177,10.08078
18.346542,-1.846946,7.910108
31.770996,-12.881252,-16.680721
29.578045,-14.227252,-18.270578
24.239176,-17.922215,1.4525502
21.123518,-13.554028,8.662348
14.97228,-22.308723,-4.4823217
14.045907,-25.853138,-14.319496
15.953504,-21.853916,-0.4784666
25.309832,-40.37323,12.787808
24.281727,-43.33827,1.4234236
6.7484283,-34.12914,-4.96594
13.125359,-33.890205,-4.759622
11.282538,-27.88089,-10.704768
-1.6512461,-28.63149,0.12772703
7.187485,-26.579336,10.497729
14.643128,-13.434843,5.0310245
27.603453,-2.3255715,-2.2305856
27.027155,4.858068,-9.162432
8.325254,1.8579061,6.139017
12.714886,11.2798605,16.639076
18.177212,19.123083,0.39346233
11.674354,8.665598,-8.302786
3.2734094,20.740284,-16.655146
-7.2897053,26.952831,-12.963058
-15.285571,24.634764,1.1221374
-25.27633,35.468155,6.451924
-14.520549,26.537764,10.920571
0.7773867,27.394241,4.823134
-1.65078,36.55734,-9.232181
-9.914143,19.517717,-8.8237505
-25.898514,19.938152,4.650362
-28.274881,31.81862,14.483494
-26.264673,31.52731,11.621542
-23.44886,31.568558,2.69089
-8.579437,24.126234,-3.2656534
-18.599604,40.835876,-10.25335
-31.846262,51.85748,-2.9934866
-13.583898,25.32676,5.706566
-7.265746,19.046776,-0.6987586
-8.341313,30.832296,3.7199414
-5.710734,41.661385,12.539823
-2.128599,43.4892,13.750405
11.079736,26.50616,1.8322234
7.8696465,14.381173,-23.331133
11.155767,4.533576,-16.74895
18.767403,-6.601346,4.5209517
13.271883,3.8232276,4.604702
22.823273,15.442437,1.5517495
26.2776,1.3033805,-1.2885004
28.992651,-9.464927,2.817494
31.369242,1.9303043,-4.3811755
8.992952,2.58266,-10.823775
15.724109,-8.325552,6.539177
32.83645,-22.359789,12.416592
19.06624,-28.68477,11.566413
6.8437324,-26.118029,5.606222
-7.854214,-37.383156,-9.483455
-9.985411,-29.605719,-9.065342
2.0801055,-16.41676,-12.71346
-8.868642,-25.04917,-7.650288
-23.034163,-31.557121,13.071398
-20.818462,-33.65201,8.600782
-21.31799,-24.771088,-9.956197
-13.7946,-20.372807,-8.364838
-8.735246,-35.189987,7.199624
-11.992055,-20.128109,5.434757
-1.0876379,-8.75656,5.545386
-4.5782056,-33.200806,2.0930877
-9.396917,-30.096298,-23.129122
-2.394998,-26.810768,-23.177307
-7.925142,-32.273556,0.09652331
-15.253042,-25.648827,10.549399
-20.767397,-24.611197,6.3519664
-18.181416,-16.472862,-6.8017254
-20.839336,-21.14616,-4.373131
-23.339056,-42.34773,7.8616757
-3.9509947,-33.70818,0.78457254
-10.87181,-12.3107605,-11.331934
-30.127304,2.6441793,-4.2372966
-28.554394,13.881003,11.644237
-27.666122,3.7370327,3.5384953
-16.161932,7.3606286,-10.203919
-14.595451,14.687905,-6.814239
-20.816332,11.91599,0.9985745
-12.666748,21.858055,2.8211286
-3.7376182,15.327445,2.1853848
13.287077,9.3578615,7.4952035
17.076239,13.745009,7.3236437
4.177488,19.983236,-1.7839766
7.810377,40.437046,-2.564608
14.9019785,41.61646,8.975667
12.496337,36.40685,6.520023
11.546362,36.461414,-16.241785
3.0955927,25.397621,-15.389473
-7.8908095,32.759373,6.59334
-5.2951717,32.35129,12.586532
3.5199292,28.368221,11.623637
10.384947,34.581985,8.390759
4.7959657,18.932598,2.8089168
4.094372,17.315008,-1.8918598
10.067153,12.445412,3.06024
10.672509,0.29318026,11.836957
17.520111,5.2761927,7.263272
19.016832,-3.8590913,-6.317693
27.165854,1.5920677,-14.6609745
22.259737,4.902666,-10.3024435
4.7587514,-5.908941,-4.7566657
14.715103,-2.0625014,-0.09767639
16.060965,-9.562074,-2.003584
17.418472,-10.642311,1.2209245
23.256771,-3.3159664,4.731974
9.059969,-7.0514956,0.4668406
5.6003466,-7.9887204,2.6499157
5.5291142,-0.4360498,3.4834476
3.0101705,10.454568,12.815909
7.9839706,11.171286,10.316953
7.3087864,-1.0023568,-12.918891
9.498537,-13.240204,-14.853481
7.4939117,-18.375711,1.3348293
-3.0357769,-12.708007,3.9729612
-12.318751,-0.638335,3.6056209
-21.752089,-15.269061,2.8364666
-18.078424,-27.871172,-3.2391753
-15.650969,-11.736847,3.8847098
-22.89155,-16.330221,6.7200565
-15.617295,-24.990362,5.079255
-11.838827,-16.945,-1.3747001
-13.710309,-16.232504,-9.788973
2.2137303,-19.549974,3.680895
5.9480023,-15.529687,2.1577647
-2.75191,-5.139539,-16.147297
-1.5043404,1.1252145,-13.9216175
-1.9108745,-0.7074077,-6.0235558
-4.9624653,4.7288475,-2.971435
-4.292556,17.785336,5.094916
5.558201,11.23861,5.9602413
4.142398,7.343987,-5.8016787
-14.025271,27.75753,-11.073823
-22.49223,35.827763,4.2407546
-14.807463,15.377944,13.974427
-4.147633,-8.7702675,-1.8553425
-4.8023324,1.0665282,-3.80718
-0.82758784,16.620922,4.9100757
1.0557381,3.6710932,-2.5379784
-12.65842,-1.8214506,-12.293596
-12.087521,-1.9024656,-1.3427776
-2.6892395,-1.1782631,14.628875
-4.2805037,5.523014,-1.3196114
-1.8171643,-1.6372705,-9.262492
3.4445484,-0.97320026,4.6106615
2.9260483,2.8453424,2.8328087
9.1625185,-12.55661,2.6319745
13.527589,-11.582928,4.8814225
3.838446,3.7322316,2.6336856
-3.9392483,7.965254,8.045494
2.443076,8.039354,4.5058193
11.539142,6.3810887,7.322455
12.970905,8.380125,16.37499
11.9974575,3.6949663,8.506707
9.40335,3.6497407,-6.5645566
6.434893,14.056775,-17.530283
1.7727575,-3.327675,-4.271434
-6.1848803,-11.486231,8.249615
-8.88622,4.574709,6.1162558
-5.872302,2.7848215,8.040932
-3.5815835,8.569109,0.42271963
3.3819292,18.825813,-15.08394
16.70075,11.497257,-16.349081
16.557688,8.8099375,-4.1413693
-0.04545051,2.2550073,0.7810511
-4.3152113,-0.33558077,-5.106873
5.1753664,-0.989576,-8.194958
8.711415,-19.859205,-5.979848
7.429756,-14.077521,-5.2945895
-4.385674,-6.7714405,0.25994056
-15.336429,-6.2567906,7.493623
-15.496415,6.3029203,11.561236
-8.263428,-2.9226751,4.254857
9.502739,3.5566316,-13.175775
3.5904958,12.968177,-16.911133
-7.459509,-0.30353877,-6.0112514
2.4315798,1.7476718,1.0164677
-0.635868,-1.5124433,2.0492904
-2.5872152,-2.6000767,13.060639
-7.990477,3.115312,20.003134
-13.666262,-13.357077,4.1809626
-3.2450998,-3.2603874,-13.086424
-10.041653,3.5341306,-12.64275
-7.307139,-21.987661,-5.235625
-1.5865779,-19.492569,9.589431
-18.462503,-18.377459,20.626
-16.988287,-17.444246,8.759476
-16.855585,-18.165188,-9.3915205
-19.315393,-33.724026,-21.178864
-13.2258415,-27.98222,-12.313877
-25.835085,-28.548998,3.8670363
-27.390017,-28.826931,11.717813
-22.508087,-27.706839,20.05703
-17.528627,-38.002594,6.597871
-0.028962824,-18.904482,-8.624429
-2.8609586,1.3863693,-8.519378
-11.271101,2.7872183,-5.4056354
-6.3058095,-8.401432,17.560093
5.648493,-24.884031,21.657978
15.312409,-11.124849,-10.277525
7.653875,-7.9681487,-17.24676
0.06878707,-24.868462,0.86581624
4.7898083,-19.181725,8.821906
10.932934,-15.827626,5.1244807
26.121552,-17.431524,3.7550304
35.96763,-14.851948,11.553825
21.561357,-14.861976,2.5289047
6.3156962,-5.7549,-6.896049
1.071479,-12.476134,-1.7058462
8.9700575,-7.602727,-2.4440389
17.753778,19.045135,-6.7669735
19.828367,14.29599,-9.194706
18.754044,9.000053,-1.6233093
2.786916,5.9679904,-0.13556546
4.117806,7.219796,-15.331685
19.948051,19.78713,-13.209126
16.650877,16.42619,12.106934
8.5215,26.995813,12.533892
4.244181,34.64712,6.680696
10.513578,28.444519,13.258414
9.971441,30.20578,3.122847
4.788909,20.908737,-10.815157
14.01171,20.241375,-11.661128
9.186399,23.477068,5.30778
4.399635,17.582458,20.370922
17.806282,16.400167,12.567518
19.963121,14.06233,-7.726155
21.728914,7.7962265,-11.085369
18.75425,-0.35219646,2.0978613
0.7596379,1.6918696,8.266663
2.952028,2.3677564,-5.062803
7.802361,-3.9752247,-13.486819
6.456719,-16.64646,-0.07860769
13.036841,-14.3632765,-0.4844556
12.051192,5.821701,1.0958838
10.551487,-0.6769933,8.382831
9.712918,0.8893018,-3.7672436
10.250216,10.193151,-14.676158
17.515606,14.25604,-12.773259
16.03079,29.642391,4.3331127
21.436388,22.61698,12.151192
28.96156,37.771133,-3.7087183
6.280604,53.16598,-10.870225
-2.88046,34.129715,-5.8664136
7.075322,32.420193,3.130429
-7.7398033,22.349121,11.954595
-16.02204,21.424246,4.066428
-5.680217,22.64804,-14.208417
0.82369626,15.744234,-16.058508
0.42382088,30.454535,-0.35322034
-26.501665,22.021152,2.7366586
-41.523293,8.836449,-9.471906
-25.818562,0.38827205,-11.512959
-21.841934,-6.5746045,5.3920665
-11.93589,11.173647,18.229214
-22.564684,3.9440515,10.204511
-41.1176,1.3396378,-4.982513
-29.308336,14.630959,-14.070974
-29.770927,5.401685,-8.142782
-24.881311,12.844203,-0.39260614
-15.855233,3.167443,1.6765605
-16.527418,-16.618977,12.333649
-19.08365,-15.015115,16.42192
-30.489988,-18.231474,-0.899035
-22.316854,-6.885352,-22.853933
-9.763469,-11.103216,-19.134745
-25.663088,-22.647678,3.9032547
-34.211628,-6.951602,7.5634313
-24.123476,-9.645795,9.725469
-16.92912,-12.689746,18.281244
-6.544825,-8.781114,2.447816
-6.9444966,-18.642181,-6.857942
-3.9845843,-14.79851,-0.8892472
16.944168,-15.973332,2.9687378
25.382004,-14.785307,3.934784
24.884537,-3.4904857,-11.397198
16.579672,-11.029806,-9.032147
9.792591,-16.026482,13.136519
25.770557,-11.594876,15.026991
31.597462,-4.6801143,3.742155
21.942076,-6.361198,-6.9569373
16.456581,-13.618173,-12.5974865
21.91799,1.7941933,1.0447347
42.534313,-1.9064862,12.154142
41.624607,-24.257404,5.9124465
26.79742,-18.292732,3.1612546
17.216202,-6.7853565,-4.47552
14.014247,-5.666191,2.4254167
18.907213,-24.757183,8.032151
11.0108185,-28.18613,-2.3318882
8.755254,-1.934386,7.7440114
8.820946,-12.112095,5.689949
-6.4019203,-34.189514,-11.34837
-14.415457,-26.348768,-9.34065
-12.662094,-23.720245,3.562891
-6.7358794,-23.775019,14.678576
1.0272825,-12.4589205,2.4756916
-10.2116375,-6.520361,-17.333925
-24.368988,-4.288806,-8.484023
-16.762192,-9.578813,2.5181046
-9.9795475,-11.262991,9.668926
-7.357377,1.1884388,12.385295
-7.7566524,6.518965,-8.277441
-15.127669,7.864569,-11.592428
-15.599037,14.094121,-3.2988732
-17.131258,24.402729,-4.608381
-17.538923,28.559605,6.8550696
-12.283068,18.74715,2.181257
-15.681188,13.988163,-0.86166364
-9.535511,3.9175398,15.0108185
0.029433405,-15.695615,3.2561018
-5.0326552,-11.942612,-10.944036
4.7437706,0.4517974,-9.758235
2.2046282,-2.862647,-6.8705187
-16.69558,-8.4567,5.2924027
-14.528953,-6.901181,2.1348827
-10.545244,7.5926065,-7.6371603
1.8835068,16.01172,-3.7707975
2.2859442,-0.4811282,-9.724033
-18.77381,-4.0386386,-4.506744
-26.918465,5.3598323,8.117433
-33.690968,-2.1778207,3.7173283
-32.086964,0.27284098,5.1053095
-20.765982,10.579132,5.792859
-22.343742,12.152887,0.21541883
-13.885356,7.4208393,-1.176897
-1.6285927,-7.1387095,2.3458261
-10.174749,1.4164159,6.877989
-3.7618668,21.469624,9.448904
3.3806062,19.400858,6.0051575
7.1050572,11.180482,0.46283647
25.117123,0.26552,1.2743539
17.721874,-2.0070484,0.32435495
10.174692,12.098231,-0.29047182
15.22635,20.817202,-12.931595
17.322685,26.934742,-15.814786
23.918266,25.70594,4.9049587
19.396774,9.649791,14.454588
5.897648,17.760351,14.012961
-2.5821576,20.262865,-3.5309768
5.15034,-9.2296915,-11.707159
9.461415,-6.969167,-0.5611894
3.590848,2.6082885,2.4770586
9.678851,-11.195582,2.5946147
7.13765,-8.458437,-6.56403
-8.926175,-15.610407,-8.06076
-8.105496,-15.509842,0.26383486
-1.4051747,-0.9117023,2.3201714
-0.16065976,-22.95347,-7.879036
5.363308,-19.84919,-7.425089
0.8932319,-10.723762,18.182402
2.3877363,-26.834454,14.550103
14.184285,-11.289959,-13.517391
7.509341,-11.228568,-15.648059
14.828052,-11.651786,-0.117844164
30.797842,13.295266,-0.95432156
24.616806,2.7748458,-9.635251
22.498756,-6.016457,-3.321042
17.435379,-9.921782,12.845746
13.562494,-25.503042,10.339659
17.455145,-2.3402948,-6.772317
14.786184,4.645865,-4.8453155
20.817785,-9.5991745,-3.5865293
25.12038,-0.17850648,-3.8908687
22.446583,-3.092188,12.531958
27.675116,5.2311544,16.070461
24.23181,14.285038,5.6114974
13.43925,-3.4111223,-2.8694024
15.221223,2.850591,-10.486617
12.328519,11.776533,0.38250342
7.366485,9.491074,12.242725
14.4298525,19.084492,12.713039
14.508193,13.9551115,2.9812117
9.776978,4.6247625,-14.080721
7.6379356,-4.67897,-5.116665
18.248438,-18.773848,-1.0395417
30.84231,-7.232789,-17.171022
10.679743,8.827061,-6.958692
-9.855049,8.225051,11.678741
-6.905179,4.587572,11.135289
-8.645799,-2.4369836,2.5630436
-3.440884,3.5584602,-7.8738947
-3.5268464,4.851372,-6.4830956
-16.159773,8.555527,4.046318
-17.290636,21.385073,6.4740467
-36.275917,1.2719069,-4.037776
-42.981388,-2.6625037,-16.617874
-35.5879,6.7981067,-12.090424
-47.01569,-6.6105204,-2.7642813
-43.75194,-5.5011625,1.8433411
-47.604855,3.326376,4.1295605
-43.85149,9.381836,-4.32982
-25.486225,1.2786093,-2.8973956
-24.258554,-18.735577,2.4524686
-16.36693,-11.588484,-4.9875255
-23.088501,-1.9233401,-5.6449885
-40.339787,-6.3531537,0.763237
-31.109331,-8.988013,10.388526
-18.598465,-3.222322,5.425141
-5.2424593,7.2383275,-4.5712137
2.965861,-6.3009167,-3.8162482
-0.6548617,-8.231015,-5.7191057
1.5645691,0.5672388,4.1818
-8.444196,-10.688234,6.932453
-7.795691,-12.302314,3.2976923
9.580814,-3.3121378,5.610338
13.650925,9.123907,-0.7076253
13.675382,-2.0072706,7.4798603
3.811867,-19.323742,8.15743
-5.1520624,5.467013,-15.599265
-2.1884646,17.190613,-17.909351
5.990105,0.093357705,5.2569127
10.791415,-3.1106994,13.1015
1.0332541,3.639461,1.0654876
-5.181642,12.905238,4.2170105
0.009933682,7.1171002,2.8245049
1.859078,3.147657,-1.6853188
2.9845448,1.7164955,14.781001
8.933969,-10.629991,5.16879
8.949904,-6.310107,-10.020284
13.055459,2.4352438,-10.031125
20.995646,19.028814,-18.89399
18.118738,22.511637,-3.0307138
25.234253,3.465962,15.1103735
29.13589,14.881155,2.0202227
20.554764,23.859432,-6.7914433
24.29359,18.45077,-8.991136
24.833893,22.485142,-2.6485612
17.605358,11.926051,14.099221
12.15876,14.474193,9.37705
6.957818,17.387007,3.3586802
4.607451,1.5491161,2.3688748
-3.6874297,4.138955,-5.4066997
-10.843662,4.4927697,3.529708
0.71198434,2.1750388,8.708309
9.763931,4.449718,2.806138
-3.8759375,-4.7318754,1.8584566
-9.533839,5.542398,0.036928076
-10.431466,18.420609,7.1321607
-29.87397,9.575002,11.23007
-31.821434,19.83222,5.4342527
-10.291726,13.449619,6.510172
1.8631731,-7.6930914,0.67348117
-7.672902,6.5044017,-4.135946
-16.466864,8.495408,3.9508343
1.0514419,5.8050203,-0.8374888
5.1589823,8.558587,-3.6935482
-13.18525,-5.00049,1.4860753
-16.084509,15.725852,-8.42924
-20.528913,27.052792,-5.0471487
-17.188208,-2.3154032,7.757397
7.1816297,8.339978,3.4079282
9.6683235,4.1933794,3.031227
3.0291257,-18.36583,8.767919
6.588474,-7.2500787,4.3634715
-5.152113,-15.64871,-3.9210613
-11.309435,-7.402195,-3.2691624
-2.3104022,-0.41192102,1.3286271
-0.15725632,-26.721983,-5.8670306
9.686046,-23.19381,-17.497427
16.04985,-28.512125,-9.409735
3.736697,-45.085438,-2.4038653
6.453613,-37.46119,-4.9838347
6.822444,-42.463223,-0.23498942
-4.071227,-36.40997,-5.73761
-3.8079307,-22.247103,-10.949367
-6.73672,-29.62907,-8.59326
-6.0393853,-33.162403,-9.690846
-12.502721,-41.258915,-2.4245465
-16.010872,-53.223675,3.4949229
-9.127741,-37.18024,1.7300663
-6.9754987,-25.46275,0.6985043
-0.37165636,-33.47119,-1.2091676
-4.0560255,-22.655,-2.0318596
-0.21473317,-13.250339,-5.2437897
17.87159,-6.791707,1.2696407
24.183517,-0.29563084,10.719873
14.971672,1.9024055,1.4755846
1.7429183,9.682328,-5.202956
-4.691855,-1.7087977,0.556578
6.4157014,-5.2327385,2.9517517
30.967722,11.529479,-0.43809497
33.13749,14.795559,11.159605
15.969428,10.827726,24.542446
7.9709787,4.7560697,9.321901
22.216146,6.1662874,-9.404346
37.01776,16.801172,-11.575354
33.588757,22.458345,0.6464778
30.391146,19.072668,10.580586
24.002697,19.647308,-0.41097444
14.066651,24.69991,-6.1485767
13.511768,12.655604,-2.5576997
23.953705,23.752157,6.1177216
25.153645,26.651703,11.388409
16.947685,14.8618965,2.1809154
20.012585,22.212076,-1.4104785
25.91519,-6.46141,-14.037288
25.103184,-7.4263906,-19.01305
5.841238,3.009203,-0.35483244
-2.7022328,-0.84522384,11.35491
7.8614507,24.035784,4.3990326
-0.66780436,14.362903,-3.4064717
-12.893059,21.845015,-5.691813
-19.867647,22.471945,-12.405063
-20.557274,-13.206428,-5.5311475
-18.19248,10.231454,5.3426623
-15.327086,24.419662,11.797121
-16.52056,16.613798,7.994627
-22.406773,23.16196,-1.8958552
-10.733838,23.06286,-0.25846702
-11.901615,29.438671,1.2355912
-26.92729,13.380221,10.658003
-24.66008,13.189909,9.230827
-17.31262,25.849094,-10.401559
-23.594961,-7.0348463,-13.725686
-25.970852,-21.178345,1.4243739
-16.63435,-10.331431,13.420986
-20.046507,3.0618937,-0.86313593
-21.699268,-1.3279057,-9.383173
-23.526997,-27.856228,-0.12642118
-22.939142,-6.7070727,-4.3484187
-21.199118,-2.0507915,-6.187151
-27.59486,-19.73588,-0.52934414
-16.860624,-5.977806,-4.095401
-19.744722,-5.0130625,-9.864568
-25.608131,-2.293048,0.13152646
-17.101503,-3.5865116,12.652905
-17.775501,-1.1990637,11.451972
-7.380945,8.848104,-1.8947499
-9.438122,1.9659262,-0.2386672
-14.677414,-3.4502702,10.639149
-8.306826,1.0439208,0.866758
-2.2999556,6.570319,-7.565588
9.93463,-1.9899126,-1.3209255
-3.4030855,-2.1118128,7.4897113
-6.6899333,1.9502771,-6.757929
8.244771,9.294913,-18.281008
7.495843,23.13223,-7.278608
15.001354,11.51753,1.9001395
5.3581405,10.688277,6.309151
-4.1925435,9.613374,4.932878
13.189098,1.3247738,-1.9616576
10.388431,10.9621725,-9.192198
10.153796,-2.3022537,-10.074492
14.868353,-13.324928,-8.482548
6.9815745,-17.0768,4.952245
1.598608,-25.56949,14.147115
-12.556027,-15.668587,-2.0192738
-2.3127062,-13.021521,-10.165151
4.6682177,-9.0273,5.957746
-1.1638235,-6.575562,12.573828
9.111606,-13.386612,2.8728814
-3.336444,-2.0035524,1.4471163
-6.02255,4.1102486,-2.354165
0.2787708,-0.32537374,-8.541587
-4.019828,-2.4019942,-3.6399438
3.0524118,-9.710545,9.508837
1.8804212,-8.818272,12.101387
3.0838237,-3.17322,0.51802635
16.759972,-3.1993716,-6.035748
26.255863,4.357734,-10.584265
23.74838,14.428228,-4.0464473
12.50962,10.850248,9.282069
1.903009,6.1019135,10.944039
4.8064547,-2.676353,8.233477
17.298403,-8.28636,-1.1176755
12.085153,5.9353733,-5.7544427
5.960026,4.1367226,1.8554201
8.425508,-0.32390964,2.2196383
5.7397375,3.5426707,5.9091225
2.9811325,-1.7306602,11.204138
-4.4476724,10.165194,3.9184396
1.7487936,8.635804,-0.67569935
11.496911,-0.14033253,-5.1760025
0.5564105,12.0739355,-3.4577048
6.7242727,2.311202,8.727459
16.386518,-3.2839916,8.743083
17.059015,3.6249352,3.6823258
29.509851,-4.7206864,4.9476457
19.272171,-10.928824,-0.37832546
15.946473,-13.399621,-8.812915
30.55333,-13.322072,-18.425005
17.360104,-13.291204,-22.629156
13.13552,-2.6255898,-14.3472805
14.715723,5.7108374,-0.61305183
6.7903223,4.985325,16.937471
9.290698,2.8219223,14.206391
-1.7288854,-5.7054543,0.37316403
-11.880393,8.18196,-9.026946
-13.336423,4.3113174,-13.232681
-18.024485,-13.431997,-0.13595557
-8.86562,9.404983,9.017523
-6.2526493,17.6555,-0.10297817
-14.384602,12.641136,-3.8527126
-14.450718,9.659429,5.0800943
-15.048634,-4.3444405,-0.8881592
-4.5851455,1.8857985,-8.572403
5.1860113,-4.682564,2.9850461
3.1708505,-6.791307,16.818863
2.4944534,13.954978,15.860759
0.6389088,1.226719,10.19698
3.954091,-6.1988125,1.8102016
0.78900445,4.9742126,-15.549915
-0.5143743,2.5966158,-19.060947
4.739624,-6.2746077,-6.4669676
13.889746,-19.83905,9.217437
18.67614,-17.480877,16.507687
1.9584012,-11.446101,11.580267
3.701595,-18.7937,-0.57200754
5.704826,-21.054253,-5.035206
-10.416988,-7.3522234,3.3658972
-6.5910726,5.431531,2.2972784
-5.9108,-14.225456,-13.640912
-6.937378,-7.9961867,-15.438932
-3.6300368,16.793583,4.437891
-9.593877,-4.723613,4.7028675
-5.395091,3.0566468,-5.4059625
-6.6572647,18.234505,-4.154673
-17.276485,0.1967437,-12.354929
-21.00326,18.3982,-8.905878
-20.432207,15.921133,1.6446271
-21.542238,1.6305743,0.26615804
-25.934608,23.726368,6.798718
-25.236668,7.3929257,5.2492156
-25.811317,0.85152125,2.0739384
-31.100412,13.887415,0.21053798
-33.02413,-2.2177858,-9.757019
-25.168604,12.603202,4.3445034
-20.524422,20.32479,17.244965
-20.499577,-0.6604294,12.54238
-6.208934,8.865982,4.3043036
7.856551,17.77574,-15.417141
-0.055325113,19.43995,-13.468279
-13.062923,22.089952,-1.4803493
-3.039632,6.7653327,0.72408867
1.7665485,6.4475136,13.609414
-12.221222,14.813437,0.7153236
-8.48488,3.6967738,-14.190527
-3.6711464,-4.2731595,8.7433605
-8.841321,3.73225,14.846249
-3.211924,12.4826975,6.915982
1.5874071,10.550502,7.834024
6.2157884,1.0612638,-3.9846168
12.889692,-11.883267,-7.092321
6.5447035,-18.569916,0.067815885
-0.85489416,-12.563848,-5.0800223
-4.177005,-14.45063,2.2049794
-10.698111,-17.553846,13.851745
-9.845648,-14.4816675,2.3188837
-12.630498,-34.015686,-7.1772842
-15.501382,-39.628067,-7.6226606
-1.4992901,-27.831375,-12.245256
2.7788742,-34.177746,-4.5306563
-7.2599754,-27.742966,0.63929206
-0.9142183,-23.229239,-4.5166984
15.067229,-26.86987,-3.3490868
13.432718,-17.541103,-11.72744
1.5555357,-24.41296,-12.176011
12.822734,-30.050303,-3.0596404
35.268085,-15.245473,-2.0320683
23.208988,-6.932052,-6.308206
16.259638,-6.2109275,-9.07558
26.746153,-12.196656,5.6365075
24.260048,-13.348445,13.657675
30.747036,-4.71464,5.731588
25.14569,-4.7437367,-5.7064676
20.144548,-8.388314,-13.161442
29.17243,-8.377686,-4.0526056
24.642775,-6.2267017,12.90105
19.575716,1.8161088,16.648209
2.162272,5.7969036,4.9033113
-12.728913,6.8218203,-7.5655303
-0.110965334,12.794065,-8.196639
2.073575,-4.3910623,5.348481
0.86841446,-21.245386,9.590381
7.095157,-8.621141,2.3604536
-2.1113372,-8.496094,0.34557918
-2.522995,-7.7516117,5.3802276
2.9424527,-0.80833626,12.137369
-1.9218769,-11.996056,2.3843694
-9.796785,-20.917885,-11.060904
-27.24268,-34.413963,-2.552193
-29.29872,-30.859777,4.683421
-7.4223957,-5.751813,5.555106
-4.671959,-2.8569949,9.482836
-4.438831,-10.770406,0.56845254
14.203208,-10.923851,-5.595449
13.512988,-0.46848008,-7.4674444
5.436822,2.0738683,-10.686022
7.4800487,5.08132,1.5970116
15.87317,23.353186,4.1321797
28.618887,23.757446,-1.2892227
33.39449,9.044697,4.02065
30.985294,8.629898,-6.297169
30.961006,27.128439,-12.959418
34.588066,38.79168,7.6551347
21.54758,28.60127,13.067049
9.370706,28.316116,-2.3992
5.2657366,40.517136,-3.8123727
-9.884747,34.14554,-1.5594196
-15.737308,37.966316,1.4019008
-26.247433,45.384056,5.287253
-34.595158,37.724483,5.5491357
-19.523376,41.33781,8.289573
-13.538545,34.607002,-7.461417
-17.6343,34.0148,-17.56737
-22.546988,38.801548,-2.4940906
-28.706179,32.105274,8.522569
-26.529362,40.598866,9.598685
-23.79893,38.419773,6.5049205
-17.507345,31.962648,6.805602
-12.840432,43.105587,4.414536
-19.597212,45.659996,0.067876324
-10.736555,48.23367,-4.6614847
-4.7906094,46.699062,0.26251408
-15.620053,25.609322,16.418766
-12.875223,13.180376,7.257558
-12.626835,10.127514,-11.302789
-16.83988,6.990823,-8.8796215
-15.622373,-5.141072,4.041922
-22.81749,-27.07235,2.9569163
-29.500305,-29.138258,-6.636451
-27.795607,-30.102531,-4.1374803
-27.274782,-34.016315,-4.436124
-23.72943,-17.968622,-14.124031
-4.9063644,-10.996682,-14.34713
14.39432,-19.678555,4.9784193
22.606249,-29.053139,17.63797
34.65772,-36.39476,10.131534
51.257774,-42.136395,-2.4041376
60.072727,-45.21841,-11.743103
69.08691,-45.225822,-11.435841
75.68292,-44.23777,-0.6495912
80.01444,-23.316755,3.5473826
89.61187,-7.430685,-5.618769
82.940865,-9.585297,-5.412493
74.8536,9.3926,4.341464
75.94675,21.828823,7.639089
61.221497,12.165076,-1.6929973
48.096207,17.080883,-15.366203
35.697174,30.735004,-13.669149
6.2028117,33.176823,0.54626596
-4.6532755,23.140226,11.412426
-2.7963564,-0.9443422,4.4072165
-19.030638,-10.663649,-1.5046054
-38.79691,-12.1799755,12.313375
-45.611088,-31.897972,17.481512
-47.81918,-32.363422,8.304094
-61.48911,-31.618479,-10.567959
-69.89779,-41.676483,-21.753258
-69.691185,-40.55063,-4.4986587
-70.17039,-45.392387,0.041777406
-51.16997,-38.577072,-2.344081
-30.678322,-26.471367,10.875685
-48.03432,-29.853336,8.661463
-53.393425,-28.739847,-0.11105256
-28.1944,-27.453508,-8.461574
-22.567831,-27.2152,-15.047101
-17.455202,-24.252762,4.425385
-11.211102,-23.997778,21.018433
-7.9947553,-15.140601,6.2556376
-3.0568416,-12.07575,-5.7983227
-15.03862,-14.159061,-9.012991
-8.970625,-4.283711,-6.580726
7.466285,10.589381,1.7848512
16.855097,23.499962,-2.4847069
33.804417,19.114319,4.722836
25.230331,12.270497,23.53626
12.010101,8.560718,10.681455
28.308811,-2.1001866,-8.44971
38.89806,-2.8853507,-8.263126
25.199823,-0.6559047,-11.6162405
7.471533,20.763224,-2.9858863
13.858034,49.79629,1.0699261
26.786114,46.29814,-2.6856432
18.182613,42.468163,8.889895
6.941907,39.71025,4.3989806
1.1116428,34.22693,-4.0687637
-10.094707,47.239872,-2.6478007
-30.31473,49.91047,-0.9861702
-37.387276,35.923065,6.3433747
-26.03075,32.587856,3.0484924
-30.037514,28.688824,1.3545977
-49.985855,10.233997,12.144342
-65.0268,3.5826044,6.2486243
-66.23925,-7.156702,-4.6328063
-54.2964,-24.560335,-11.917474
-47.791393,-25.358646,-11.444552
-47.854824,-27.985687,4.0473456
-45.550457,-14.291533,4.5578628
-44.749855,-12.618735,1.1866744
-32.43709,-29.248487,7.449209
-20.905586,-26.096138,4.3612957
-22.513992,-24.571346,-3.6678445
-17.136663,-17.262577,-6.455573
-6.814286,-20.229523,-4.817848
7.6165667,-30.313421,5.7484574
26.780153,-28.947151,15.024429
35.34627,-27.521582,4.913907
43.345802,-10.5240345,-13.092498
60.153076,11.04772,-15.979125
65.86379,14.0232525,-6.1650133
65.114,-0.5367256,2.0430834
59.433163,-4.3482437,5.847776
49.144012,1.8132156,1.9517478
43.228863,8.241072,-0.06553195
39.147118,15.284871,0.79727036
36.35827,10.642688,-4.980366
25.091814,19.969915,-4.360467
23.820099,20.922173,-2.897549
22.083065,10.658917,-11.584666
5.426568,28.396624,-9.741788
1.3318353,29.114805,0.109541185
-8.950762,14.0958605,7.4227657
-33.184765,11.523165,9.834859
-50.19532,12.754773,3.490714
-54.5945,16.08694,1.6627622
-46.234966,1.2718421,-2.5484884
-35.91578,-9.221572,-12.454253
-26.078249,-4.2265205,-8.615274
-19.098,-11.605707,-0.5560018
-13.779104,-10.604213,6.2548566
-2.054239,-4.076551,16.457394
3.6323104,-17.98611,9.973081
6.2287436,-38.506283,1.5984615
23.225874,-41.45004,-1.3621026
31.739748,-20.877623,-11.297666
23.973595,-14.97723,-14.593301
16.62224,-25.27162,0.67151713
5.767642,-26.396126,19.34069
19.929165,-25.866423,12.451099
47.719135,-16.579273,4.4628444
44.474808,-22.63569,3.1132255
28.018448,-22.670025,-9.390235
17.190374,-4.259357,-21.168732
19.625704,-14.996304,-15.334817
36.156387,-20.474672,5.6750145
38.48018,-19.529219,12.579861
30.342663,-15.48395,8.6563835
16.68149,0.10512728,3.412405
-3.442996,-3.5693715,-7.3293304
4.3688817,4.1133175,-11.744512
3.750551,21.326176,-13.309678
-7.652426,29.338932,-7.9313855
5.227003,33.486233,8.807325
1.2789407,29.600698,7.772922
-9.908341,33.06667,3.0215364
-13.768795,32.893093,8.490163
-26.885088,28.031677,6.148937
-29.650646,21.368307,5.374566
-26.765402,20.22682,8.131562
-28.462093,27.226873,6.412155
-22.446974,24.486305,-2.9926493
-21.293505,36.58598,-3.4410827
-17.961227,49.829517,5.846366
-9.042585,39.299366,16.698673
-19.456274,31.430773,16.794313
-24.637106,30.256048,-0.329197
-16.880833,27.268728,-9.015733
-19.226538,17.509428,-19.58935
-14.09504,-1.7456102,-17.651388
-8.828299,6.0515585,-5.8839717
-6.2017837,23.45707,3.5908518
12.736359,5.650262,20.092476
25.674416,1.0380962,2.4874077
24.505133,13.255353,-5.640794
29.5882,6.7897453,10.2665205
41.433624,0.05412722,-4.470045
43.55077,-8.429802,-9.761654
37.526962,-11.037167,-6.451834
27.586079,-2.5081549,-7.802952
27.702566,-9.209126,10.71353
39.79612,-3.4149554,8.935411
27.840738,5.602396,-5.9786644
13.183706,-7.4329786,-8.352621
15.034788,-3.3673184,-15.788843
14.519939,-2.7219775,-12.48825
16.43793,-4.250107,-1.7486672
-2.2852638,-2.0335011,10.437268
-31.06104,-23.407454,12.301893
-32.08943,-27.167967,-5.755284
-20.656584,-27.88274,-0.4990424
-7.8575416,-42.354004,0.93946296
-7.328644,-36.399174,-12.354889
-24.730185,-27.8386,-2.1413522
-29.99803,-14.925822,5.4427
-25.765162,-10.511345,18.10706
-20.746597,-21.70712,15.018033
-20.849571,-11.141764,-1.6171614
-30.738749,-9.877786,0.7590368
-36.867027,-5.8190236,-11.65167
-51.051964,9.855119,-8.188362
-53.849426,-2.928092,0.12423318
-34.55129,-1.2323606,1.8268981
-24.97369,-4.4864354,25.143656
-30.089834,-9.414073,15.473161
-28.2935,16.95677,-6.5187345
-14.610366,14.898229,-13.052559
-7.844837,3.5778816,-17.210047
-9.039266,-10.16326,-7.431033
-7.6183577,-18.983446,3.8697407
0.6417256,-4.151773,4.4222627
-2.5600274,-25.089619,-14.297088
4.381308,-37.935154,-21.530067
21.548176,-29.544464,-5.6016884
23.93234,-43.91524,2.5584998
32.000435,-40.947617,-2.9091158
22.189898,-32.23746,-9.373396
9.7609,-27.384039,-4.1995783
12.409358,-17.629175,8.674797
7.56041,-23.078697,7.5427394
1.8507617,-11.932972,5.6587014
-6.7015023,6.048369,12.439282
3.5316277,14.665568,3.4271033
25.098465,26.322596,-5.400392
32.28722,24.947613,-12.997514
38.154423,27.904318,-6.122462
28.037842,21.97162,18.624126
12.428039,18.643372,23.029783
19.934494,25.06553,15.461264
31.779055,8.233463,-0.9726697
32.04265,0.49321616,-19.57149
22.218828,4.641313,-16.001568
2.3277483,16.15025,2.4366786
0.71928656,22.116053,13.973045
11.891957,2.8007782,13.485947
1.0896282,-5.1296053,20.94282
3.8653393,-6.6057677,19.622473
5.3428197,-1.181328,-7.2130704
-3.0077393,15.160264,-17.01699
6.8207474,22.731533,-14.537377
13.936881,22.299044,-0.5644203
16.682968,2.5196583,21.22852
3.6562693,2.7941008,13.692232
-5.188243,15.374889,2.2689261
3.3179255,5.331959,-5.27413
6.962803,2.637935,-9.545014
7.0864606,4.707166,-3.279197
1.0163748,17.338366,4.609267
-13.033501,20.047224,12.792331
-30.044346,13.241868,0.6762297
-34.074177,19.64414,-17.09988
-20.213144,10.083273,-14.233674
-2.0923164,8.609832,-5.0934997
2.535387,24.929234,4.950928
-3.1509564,38.732548,7.8198156
-0.75781167,41.98868,2.1537147
-0.302226,24.831715,-8.264552
-3.1231492,16.324347,-11.739566
2.5132396,16.910461,-0.22818111
-2.6327364,8.801244,0.16765279
-10.735884,2.0811577,-1.0459913
-11.1775675,8.291903,0.95547736
-24.21128,5.394559,-9.869912
-29.67506,-15.345638,-14.248066
-23.884142,-14.045656,-0.74641013
-18.267202,-15.189961,8.547878
-16.58241,-25.394878,6.316543
-32.095707,-21.004293,0.40379956
-24.255037,-18.951653,-7.7615123
0.94204247,-10.656868,-8.6226225
0.8802065,-14.739197,-10.9822445
9.068927,-20.320013,-11.586585
19.78026,-6.5265145,-4.2348404
16.15112,-8.265204,2.389374
17.678944,-7.202165,14.578025
8.039238,-13.43063,16.284805
3.5912802,-16.055822,-3.5872772
18.870647,14.550643,-16.828005
26.340916,13.58046,-5.759333
32.76595,9.743143,14.042406
24.947197,3.9542649,12.094483
2.5759149,-26.368874,-8.141333
7.5966606,-15.429906,-12.964233
15.190857,-14.057923,-7.4137783
8.225254,-19.705473,1.0320774
1.7825909,-2.889457,11.336132
-12.357792,-15.392683,5.973092
-10.582427,-14.55396,-5.8295183
-6.0901327,-8.46894,-4.1334286
-18.109089,-20.364767,6.0686293
-11.762892,-12.535397,11.717158
-6.91589,-22.579924,6.0616484
-11.454888,-34.59777,-8.506532
-10.806877,-20.94104,-3.8409433
-20.3822,-23.968918,1.2683636
-9.689543,-7.2669153,-8.811293
8.530066,5.487293,5.2612867
2.209364,-26.918133,16.033533
-4.4656057,-19.816427,8.404021
-17.258543,-2.0063312,0.908103
-11.400784,-1.1112646,-10.524608
12.105506,11.979158,-0.06674742
10.44993,-3.8202384,15.505382
2.5275118,-9.753837,4.9616127
-4.9877324,-1.7862599,-0.3442811
-15.053041,-17.5162,-2.058385
-15.598495,-8.665603,-1.1812199
-12.70808,3.6237786,10.078644
-16.356588,-9.599043,4.798444
-16.434128,-6.028695,13.442573
-10.227035,-6.722499,17.718246
-11.277692,-6.5147357,-6.2806897
-14.156654,13.251269,-5.0695987
-16.221207,8.91583,-8.291852
-15.18604,1.4839852,-16.648008
1.811698,19.355114,1.6927047
9.687211,23.858335,7.681316
2.7595396,14.892223,2.804392
17.61046,20.473124,-1.0287032
26.567553,27.43671,-14.107568
19.511597,39.379627,-15.670849
18.469135,44.10385,-6.0498376
-4.8012285,31.405998,7.6572356
-17.48064,35.093803,16.125687
-12.135094,33.474438,-0.19473176
-21.591324,21.331392,-8.499601
-10.187012,24.782993,-6.187157
-1.942739,17.635715,-7.0889926
-4.0978513,5.3665056,-3.1106453
2.7926576,1.108101,-4.8068466
-4.168751,-4.960964,2.0982912
12.794079,3.8692045,17.383696
32.685062,6.7711973,15.348467
16.800745,1.7817417,-1.4424211
12.790625,12.755058,-5.393654
2.678169,0.66046804,0.7457747
-1.9698514,-7.037955,-2.2015257
17.780022,9.722667,-0.9711903
3.0460408,5.029753,5.8960023
-5.712634,7.1972675,8.362698
-1.0173994,3.9364204,0.96948606
-14.165325,-0.18708804,-11.32391
-4.763805,12.061198,-8.931123
-5.75685,-12.824228,8.939153
-20.281898,-20.457857,15.2027235
-9.1964445,2.4269342,2.1221883
-11.821358,0.96846026,-8.576317
-12.420529,11.909219,-17.816597
5.813493,21.203037,-17.300959
-5.6929703,19.433514,3.217781
-12.211385,20.54506,18.9257
3.0868886,-3.3252358,10.278019
3.8665416,-3.8978627,-8.914514
16.150408,4.737538,-12.621675
27.034788,-19.50125,1.1551877
23.334576,-15.029071,5.540512
38.55364,-5.4443808,-5.904917
41.49266,-16.80082,0.8140046
38.378574,-18.42672,6.911796
45.865513,-26.872314,-5.9275546
34.21146,-26.383362,-13.192116
30.640911,-22.150166,-12.853423
28.049334,-34.553757,-3.1449084
15.619634,-39.42128,4.0529165
20.12654,-48.062893,7.981905
3.6256423,-55.72218,6.907573
-27.616028,-53.758514,-5.946756
-32.156784,-52.235226,-7.176056
-31.42481,-38.48261,-3.960033
-16.664528,-35.9866,-8.257547
-8.205893,-38.30605,2.0385756
-28.176315,-19.754923,11.635395
-27.710526,-17.381975,6.970523
-18.833376,-14.469188,7.6462526
-5.042418,-0.50975,4.735271
11.610295,-0.36778933,1.7761707
3.4847288,17.583454,-0.56863105
8.355047,39.53262,-6.1193237
10.84574,49.80862,-7.793448
-1.7985867,56.501747,-7.157011
-0.6704099,40.9961,11.123448
-11.095465,35.653877,23.687008
-14.018851,47.25698,1.0774602
8.590031,44.823032,-14.482025
8.600922,43.786728,1.0575545
1.3281587,38.971836,7.266016
7.291746,30.507898,-1.9027803
3.8911223,27.271286,-7.9966407
17.20201,19.256594,-5.93749
29.291412,13.829452,-4.14326
19.119137,0.9991363,-8.15539
5.794532,-17.413916,4.9130955
-16.196983,-21.177603,2.4418523
-21.516644,-21.542759,-7.9856515
-8.715024,-21.283121,14.148741
-11.776596,-14.499178,13.896004
-26.346092,-12.40669,-6.974447
-24.032635,-4.261875,-1.2860754
-12.085465,13.48645,2.8795388
-4.3569646,11.093549,-2.481614
1.1690397,-8.584131,-1.1789396
-3.8548145,-7.405572,-3.8422513
-9.548166,1.3659364,4.9207425
-8.508152,3.1483102,6.6971526
4.6914353,1.5115789,-8.011549
8.792133,1.5505435,-7.6220293
-15.262062,15.017624,-14.146273
-16.832201,5.7038417,-9.803967
-2.4002848,0.82545453,20.697668
-3.5556283,15.840495,17.928322
-2.4820004,6.591004,-4.3891535
-12.526946,3.208368,-10.311797
-24.514317,18.253681,-8.624553
-12.620044,20.695917,4.64937
-1.6104212,8.914664,4.9504795
-2.802863,0.25254914,-7.2735
-5.6955705,9.542573,-9.497156
-6.1632085,18.909733,-3.2539327
2.3043385,1.0589821,10.159169
2.2997537,-5.3182,2.6694698
4.3305507,7.5283217,-11.142223
14.7484045,9.350297,0.6517104
12.196851,9.144255,3.4492004
12.342769,-1.2135781,-1.274763
3.882872,-2.152047,6.0562057
-10.015834,5.1352463,6.718038
-10.412042,-3.6175594,0.7915704
-10.50635,-1.4176205,0.61096597
2.4189813,-1.3485754,2.6442263
12.908659,-6.9875197,-2.5969286
8.238194,10.815503,-9.369706
11.420124,17.275522,-6.9078784
7.927847,0.8248971,2.7454824
-0.9646216,1.4885813,4.6859784
4.5857005,3.5504339,2.9709241
4.6707516,-0.41265577,4.240903
2.210476,7.1257963,4.228238
11.434218,0.40228376,-1.1626053
6.684718,-15.446811,-11.544271
-0.6403866,-10.007175,-4.4880166
0.10578187,-11.269369,15.668736
4.268382,-25.699633,11.2159815
18.65315,-26.216494,-0.12274903
14.055036,-31.83274,6.042269
-3.6867657,-42.279892,1.9371856
2.8179004,-29.346544,-9.928022
9.999772,-17.528969,-7.1258674
2.5231004,-33.285053,4.2380943
10.823378,-23.90954,6.724426
17.093586,-10.566281,13.514223
11.710942,-34.708973,11.575143
12.689365,-28.84871,-12.277798
13.48864,-10.055187,-14.385025
14.387594,-14.276091,-6.2182174
12.133736,-11.639353,-2.2477522
4.1446466,-17.039896,11.884097
-7.324998,-19.441423,13.822666
-7.108667,-5.9542303,-2.9179819
0.18075487,-16.634302,-16.145119
-9.496124,-10.937426,-9.670489
-12.290965,19.978466,11.8700075
3.9838016,5.7261367,20.62616
11.156579,-10.3657,4.843318
6.381598,-1.8718424,2.9862962
-3.479752,2.0766332,7.8320704
-27.369516,9.595959,-9.7581
-40.204987,-3.8120503,-12.98546
-17.215256,-9.905266,7.3169312
3.8891845,9.236888,26.32734
-3.1551313,-7.634669,14.330361
-23.138063,-24.605392,-19.372948
-33.27909,-7.4504857,-23.587006
-21.237722,-2.5677888,-4.174201
-6.607138,-5.134798,1.5563004
-7.424513,-10.609243,-8.033093
-16.103827,-16.814358,-7.2696815
-18.724451,-14.490569,2.0628755
-24.734009,-9.635146,-2.1090846
-20.206505,2.9540005,-10.842232
-4.328032,7.3791366,-3.9724643
-19.04985,12.733083,5.243376
-26.777355,13.392916,0.11476334
-13.138568,15.6621,3.3584452
-4.3233523,28.722433,8.174677
3.8260458,20.508156,-6.607151
0.87233514,18.55345,-13.668139
9.907185,22.332966,-7.692486
13.9356785,18.72295,1.5189611
-8.096482,22.40913,9.22233
0.1205296,16.072989,-1.3598119
19.758596,14.806618,-13.831514
15.309283,16.717796,-2.2694063
2.7489233,2.3608274,10.110412
-12.690167,11.824808,5.7662864
0.9707822,17.099361,5.1289763
17.225554,-0.8232251,4.696747
11.21193,13.36062,-2.8020105
24.353683,27.568136,-9.39659
19.331436,27.113234,-13.750764
-3.38178,22.248993,-9.483495
3.6254802,12.050292,-1.7003982
9.756704,34.450275,0.3957643
14.198234,45.114136,1.3991274
14.894998,26.99761,0.22098793
10.817544,27.604677,0.5375391
17.301298,28.60945,6.037257
7.292623,24.592607,10.671011
-1.9559062,9.362586,8.885216
2.7133906,-4.14595,3.773738
18.933002,9.465636,5.791401
30.311,8.184782,13.831159
11.745704,-5.077681,8.770698
3.235915,-4.3157754,-2.1975348
3.4675877,-3.4843075,3.9025133
-3.6617506,1.4405375,-1.3732702
-4.689674,7.2085447,-11.863437
-3.5650413,7.3526936,-7.5187936
5.34994,2.0608735,-4.7534432
8.526401,-12.687142,-1.4695278
-6.4879937,-17.923973,-8.822957
-21.312239,-9.684587,-8.284903
-23.259466,-9.839063,0.09059609
-8.08776,-11.627868,-4.193034
4.076916,-7.6864514,5.1940036
-3.882656,-9.61636,6.732825
-4.4116387,-14.433664,1.3794867
0.3008731,-20.68029,10.734374
-2.8263266,-12.158591,3.410304
-5.390524,-0.7215403,-5.0822496
3.695312,-12.052223,-1.6451125
24.146713,-11.611723,9.102025
18.086035,-3.157143,14.426354
1.8870575,-6.487927,-1.9088708
4.4826355,-12.303119,-3.2420106
11.627592,-16.515095,-7.1141634
16.037834,-7.426825,-8.8426895
5.2964783,-13.689335,14.81803
-5.2743025,-25.668592,16.298437
0.9632865,-6.7915845,1.0508057
9.442347,-2.2380486,-9.790867
11.682707,-3.8044267,-4.5670986
3.1683903,-2.9323616,7.0694184
-4.592823,-5.0850377,3.783017
2.9509747,13.599555,0.025164481
4.0844736,-2.8433726,-1.9826438
-2.2469778,-14.710293,-7.918665
0.79757655,14.278917,-4.853414
-0.54100966,14.650665,3.2614396
-7.4255204,14.6073,-2.9019895
-6.9169273,18.675978,-5.381466
4.3535776,15.870019,-7.100199
4.665043,21.712519,-0.9935318
-10.952493,13.77973,9.785854
-12.7112255,21.862537,-0.8394596
-1.4187999,25.427258,9.938238
3.9405622,-3.170138,17.091858
3.9776392,2.104298,-5.8814898
11.5881195,15.481072,-9.870936
15.245118,5.6291094,-9.894591
10.15863,9.1138115,-5.738677
13.466112,-4.246935,9.089189
21.559412,-5.3285093,10.244198
14.664565,12.764574,8.239325
-8.24958,-9.302046,-0.9728871
-20.144806,-16.043684,-6.5191383
-14.29789,-19.82181,-4.235217
1.9868942,-33.03768,-4.3831315
10.474538,-20.39467,1.6313415
-0.054038752,-26.665743,-5.4574294
-7.8656898,-26.864313,-13.3860035
-6.322831,-28.800526,-6.6272783
-10.342266,-36.61798,-2.44502
-17.823675,-20.979422,-3.7739885
-16.949196,-25.044737,-8.594762
-13.603457,-26.038242,-1.9077753
-9.69337,-25.035814,5.229732
-7.636593,-26.280684,-0.14401917
-12.640476,-20.185535,2.162276
-12.889623,-22.065166,-2.548196
0.18999632,-14.201814,-8.849701
-0.35448807,-24.49635,1.0379069
-19.270044,-18.148455,6.0299034
-17.929585,0.76881456,4.707694
-13.074146,-11.476857,-5.182165
-11.70159,-5.7956896,-14.627268
2.9764059,-7.3662434,-7.360105
3.144096,-7.275327,-7.054826
-9.04471,-1.406762,1.4888244
-18.332615,-23.108162,18.57882
-10.261327,-13.198278,6.1414795
-4.954401,2.6502411,-8.550433
-21.874893,-0.9191959,-13.4105
-21.509027,6.4180884,-8.574363
-16.968523,13.125629,3.0430033
-13.067287,21.41684,3.3177245
-9.301625,18.942646,3.6448233
-16.884752,22.593204,9.067837
-14.631107,29.754969,16.400179
-8.06988,15.726039,11.717536
7.074166,13.812812,-1.750527
19.487617,16.764408,-12.635872
12.687417,18.048172,-16.912329
3.9546397,28.924501,-1.9001584
-9.846344,23.310778,20.877987
-6.6848025,14.278601,26.921734
20.639658,11.701,8.644696
19.420565,3.6769075,-0.2065433
8.224582,8.373377,9.473237
-0.5731765,9.094552,2.5886605
-12.363442,5.2367234,-8.549184
5.652268,15.725596,-8.670279
16.731297,11.129598,4.4545746
8.071683,0.6199524,18.171553
10.70539,5.14769,6.3381977
16.518686,6.6367235,-6.801506
11.660531,5.3799076,-9.889287
9.980028,4.782684,-13.691021
6.6623144,10.754276,-11.116805
-6.65472,15.161016,4.4281917
-5.1422863,4.1490836,14.701011
2.5532823,-1.1306609,-0.50341696
8.218793,3.5241592,-15.38692
4.732919,6.869111,-7.4868145
3.5809805,-12.040323,-0.4148618
20.084038,-25.982824,-2.5263433
7.799587,-12.333195,-0.31337926
-13.381731,-10.93215,2.2936883
-12.93871,-22.19252,7.953076
-9.937273,-33.004025,1.0148753
5.5908394,-20.702536,-11.732168
5.367315,-8.030567,-9.189584
-14.719018,-22.088163,0.4554284
-21.254837,-17.77484,3.8179002
-18.04985,3.546416,-1.5787176
4.2827725,12.730568,10.099961
18.67099,16.317463,4.1924458
-2.1823804,17.443676,-7.5365314
-8.377467,21.20463,12.122696
-0.67820424,33.44603,12.550952
-0.32313654,39.15418,3.3876317
-0.9657252,38.757618,2.427298
-13.343681,25.222252,9.77057
-17.956404,5.26193,14.340202
-11.387885,10.544145,-9.945887
-6.7508516,24.86634,-17.590773
1.6801249,18.115732,5.26226
-1.3966204,4.5920944,8.494798
-13.150958,5.9287486,-2.5044317
-8.793618,7.3902636,-5.3772736
-3.9249907,8.961687,-7.3645663
0.044258405,15.322847,-12.110045
-3.4814634,5.09449,-13.367767
-16.075323,-13.582144,6.3049984
-6.59007,-13.670826,17.526472
3.744476,0.61695886,6.732885
6.7547655,8.649208,3.514639
7.6593304,7.9159546,2.005774
12.38735,10.024716,-1.344058
16.883318,15.292327,-4.847576
10.138385,14.421482,-7.1149626
9.600173,10.734356,-0.7765627
-1.056707,-0.16578233,10.170526
-3.2248745,-4.859478,6.2350698
19.000628,1.3710669,-6.530699
32.194717,-6.667456,-17.723242
28.493195,1.0844972,-18.35719
11.805571,3.3762333,3.4905126
9.405489,-10.343256,6.6075797
23.705902,1.6296909,-7.166713
14.630593,1.7643816,-0.47811303
-2.0450892,4.121158,8.138523
12.215415,7.5885353,4.4532437
24.487444,-8.54318,2.4335942
20.118504,-3.5457711,-4.6218824
24.453197,-6.566413,-7.338292
28.177164,-16.736204,3.4343145
28.90082,-5.720336,-6.3153286
24.422674,-5.277332,-15.339122
23.713682,-14.88933,-1.3882335
28.97016,-28.167442,15.864018
18.73685,-28.229786,6.6427383
10.877985,-26.22073,-20.13713
12.961626,-35.015064,1.9339554
15.018876,-29.183653,21.638525
21.467571,-36.432022,3.2649517
9.316443,-34.07621,-0.41653287
-4.851689,-22.255394,-7.6842246
5.910732,-16.279781,-15.219524
0.7861217,-3.068885,-8.78142
-2.195296,-21.103153,5.0255017
8.505291,-16.777956,23.150396
4.6705785,-6.306437,17.21972
-7.4664674,-35.86075,-9.874989
-33.67644,-32.3491,-20.587835
-21.194822,-27.562943,-8.89695
7.9614234,-17.350231,7.5914273
-12.123006,-1.3865911,18.13084
-20.065384,-12.889286,16.724874
-14.424928,9.200156,13.206325
-14.9532795,4.872432,-0.13876155
-12.815408,-3.0256114,-18.776855
-22.01533,14.612629,-12.863889
-25.16325,0.17037779,0.088265404
-25.30166,19.974901,8.534071
-24.571585,16.65369,14.905925
-18.696398,2.6242461,16.918827
-21.188828,18.20765,8.795136
-17.147661,6.74102,-15.81246
-12.9971695,26.467636,-19.193068
-20.782387,19.20468,3.3736708
-23.862978,-13.898489,9.827522
-28.69238,-5.288924,-3.4273758
-31.793842,1.4555373,-9.174772
-17.808664,10.695846,0.77426475
-2.848788,-0.5319516,-1.1956872
-5.1152434,-15.001605,-7.0652833
-2.0157611,3.4734886,-1.1160156
4.4496427,12.335323,-1.1097983
6.5659637,7.6438074,10.160729
15.090411,17.730999,13.685444
6.75776,23.948366,0.4380062
6.832716,18.160442,5.5742364
10.726608,17.531118,-2.4591918
7.3799233,9.511528,-13.471132
16.835714,4.4342794,-4.3164625
1.4706807,-8.109543,-7.724477
-11.841209,-12.55219,-5.975121
-5.731221,5.61619,-1.1561946
-6.5846586,-4.725024,-2.6216648
0.035844654,-10.153467,-6.5214634
-3.4957862,0.022201238,-13.486403
-22.274157,2.2971554,-8.639102
-9.459419,6.023359,-4.677953
11.327832,2.742998,-0.4831355
5.3882155,10.381566,-6.124731
9.061375,15.227948,-5.209948
16.937489,5.9576035,0.42777932
15.879726,0.95375466,-4.1310678
5.358129,8.578252,7.2903495
-15.384423,26.05186,2.576861
-17.224863,24.17149,1.4357489
-3.7573092,16.52202,13.168299
-3.8461857,6.8475075,5.5086913
-10.185258,9.134574,6.952564
-7.4921093,16.919594,9.387136
-7.704015,8.522854,-1.1211154
-3.1500037,25.691303,-5.7947598
4.772982,16.563848,-3.1456492
-2.9395761,5.9376974,2.9844809
-9.640637,16.779415,10.9075165
-14.864176,-9.017994,8.703233
-2.035538,-4.352175,4.022013
17.296618,-3.276059,3.4288728
6.333659,-14.210745,-3.8921914
-2.2235813,13.763771,-8.77383
-9.5881,2.6474838,-2.8467746
-3.542116,-8.7463665,7.0701866
14.488371,-2.5120203,13.180237
3.0390286,-16.386251,-0.03078279
-4.207904,5.824016,-15.872844
8.493055,0.6194986,-3.972473
13.23422,-16.604618,-2.0813096
6.941573,7.85538,-10.810183
11.76838,-20.439487,5.7415485
21.435097,-27.433376,16.267576
10.327433,8.606625,7.6504807
-3.948803,-3.9253948,-1.6603156
-5.0860953,1.1102847,-7.465476
-5.2583804,3.2219627,-7.530369
-2.4285543,-12.271852,-11.610519
6.529051,11.555551,-10.389387
3.2619455,2.0312977,8.302845
4.406474,-16.902266,17.67758
19.088957,3.3660846,8.30164
8.240095,-10.628104,-4.2889543
-2.898777,-20.038721,-4.680146
10.143209,-7.4702253,1.7755741
16.094189,-15.60811,-1.7054772
20.261568,-0.046787858,-4.080865
27.052984,9.536225,-2.7722054
24.509153,-1.5580571,-3.9148445
18.052307,6.756727,0.18892251
1.8589246,-5.3052874,16.224993
-14.970359,-23.885635,17.228947
3.3773572,-14.120311,-6.7590303
12.977206,-16.614973,-6.5390115
-2.124575,-28.906609,16.09384
4.1847672,-26.345583,17.809849
-7.89998,-29.798178,-1.114797
-28.361235,-28.017353,-10.779935
-14.73496,-14.696936,-13.359046
6.0470047,-19.767624,-8.3952265
16.522282,-21.498972,3.5159514
7.3766074,-1.5388681,1.785335
-12.202547,8.7051935,0.6268224
-15.308485,5.7556553,-3.257106
1.0260037,6.9647174,-10.113077
22.993322,12.070783,-0.3974549
26.218008,20.339865,11.203494
3.2240891,16.44999,-0.61110413
-18.592997,3.775267,-10.442812
-17.652355,10.016909,0.18303338
4.570618,18.223736,10.803553
13.393587,15.764285,9.118
-0.39173967,19.792162,-9.134373
-5.5317125,26.628992,-11.803547
-11.576115,19.514645,-0.17728215
-18.465288,16.603792,-5.732774
-12.873367,35.4602,-10.1853285
-13.544165,39.61668,-8.707765
-13.249209,31.620474,-9.228754
-16.70502,26.802011,-1.6251657
-35.85781,17.785543,-2.3505042
-20.835707,35.296577,-4.539432
-2.6503594,42.96099,5.5953703
-22.19726,23.865282,4.3957977
-22.291847,31.443123,3.6900465
-21.956835,32.263653,8.228725
-26.886036,17.184069,3.8103557
-13.795453,7.686506,4.079208
-23.719698,-10.115794,7.9174867
-34.58223,-14.741905,3.9185543
-27.665037,-12.490252,2.0577986
-17.541294,-19.18354,-0.25143546
-1.4563729,-26.806662,11.149803
-6.7870502,-40.80121,27.734074
-15.072111,-34.06808,-0.9975309
-13.141516,-16.529503,-21.04784
-6.7209606,-24.4915,-2.2450569
9.676174,-35.210472,0.106825106
21.436409,-40.170242,-5.3566275
27.812716,-35.920277,-4.8484797
24.38916,-22.98756,4.549799
25.276361,-18.800995,12.254959
22.2596,-13.869207,-3.6881332
16.923746,-6.865742,-10.486092
19.300083,-3.870213,-11.045684
5.5632796,-0.045117702,-16.239054
6.637606,3.9639628,-9.291519
28.270063,1.6854758,-4.189283
33.11764,0.6121975,-4.342408
31.209087,6.379256,-12.323083
25.71882,3.0225084,-13.269822
23.294258,13.038483,2.4764264
33.59602,32.309803,12.81121
23.408884,27.463013,11.293922
3.759552,24.651371,9.874842
16.638954,13.620437,10.149311
30.119984,0.886179,4.8922544
18.937239,13.776601,1.0827501
8.804382,4.7779193,-3.1373196
3.169385,-8.037888,-3.9477723
5.8145847,-4.4894485,5.8636413
3.3985333,-18.138262,18.98171
-2.0165784,-21.696905,16.963846
2.7927217,-19.55793,-4.1965194
0.11189413,-20.016865,-0.7932949
-9.55477,-7.0605145,14.563809
-12.862491,-1.6525451,2.4255047
2.334162,6.419576,-4.556422
6.0789776,7.4712844,3.5489602
-10.668597,0.6780645,4.37268
-15.9204035,7.6049438,-0.32767838
-5.7296643,0.5091985,-19.677013
18.182047,-3.195716,-26.300854
23.169662,-5.961,5.4752645
10.229966,-14.202672,1.472265
11.211257,-7.420831,-17.221857
8.01649,-22.642038,5.295849
6.442631,-32.835983,6.8556356
-0.3986206,-26.317183,-3.6600432
-16.347536,-37.524082,0.83306044
-11.834053,-20.963297,3.325538
-9.30324,-2.4913065,7.9488015
-20.327057,-11.819153,-1.8502988
-26.330933,-0.3685508,-6.8365827
-39.99878,3.9038115,2.9692202
-35.46555,9.813097,0.26746482
-14.689606,30.50823,-1.0550232
-13.993787,18.718546,-0.7771352
-9.166195,13.219198,-1.0012642
-12.011455,28.399437,-1.8340861
-9.54966,29.831398,-11.004996
3.7498324,23.094236,-4.8162427
-0.16981792,5.2451015,6.9403396
9.540175,-0.22655259,6.172914
15.900099,14.607268,9.973178
7.232394,16.26089,4.0621576
13.880747,11.044957,-14.946894
6.669053,4.541325,-16.042
-5.2580357,-8.514302,-3.889894
-0.94889456,-16.30683,7.8433475
0.214637,-13.111319,19.220728
16.558228,-5.2849593,12.66308
18.285603,3.2541246,3.3587506
-0.9961353,1.6262048,7.5322275
-5.7620716,-2.4828959,-2.6135798
-14.872583,2.5253024,-9.494622
-8.845157,1.5722029,-4.6096206
8.030333,-1.5331975,-11.596895
3.799785,-11.554082,-8.48541
9.906663,-25.64798,5.2058706
9.128425,-21.737253,11.661449
-10.411107,-21.887753,4.053284
-10.61219,-26.011862,-14.292632
-10.112498,-15.108613,-17.969088
-12.416602,-20.50242,0.6095902
-8.071451,-31.286318,15.158923
-12.456141,-19.070902,6.3413615
-11.193833,-9.56628,0.46818942
-11.714346,-20.607948,-8.061764
-24.597794,-22.955421,-20.185814
-20.056988,-3.0448904,-7.3877087
-13.328556,4.4870925,16.02763
-19.563437,7.6790676,25.440834
-13.230482,19.865406,15.098128
-12.315292,22.442465,0.4223449
-21.340069,10.330947,-7.9680243
-10.165572,2.1947405,-8.46351
-9.730373,12.968438,-9.13091
-20.170204,15.912414,-5.2779174
-14.167559,3.7944937,6.6965
-2.5574994,0.6816415,7.8865023
15.532469,14.755779,7.5594926
-4.3182764,14.583667,13.059429
-40.775597,-1.2262324,0.39311716
-36.11184,3.7817454,-18.74376
-20.388071,1.7585064,-17.7368
-1.7399629,-8.751372,-2.624182
-2.2309384,-1.0899109,6.245451
-23.366394,6.794621,4.367805
-14.045423,11.35063,3.3903458
3.9209697,9.441751,1.1869503
0.16349083,0.01958019,-2.2880874
-5.6994495,5.271385,-12.135366
-8.672436,14.920467,-6.8742514
0.8115672,4.235735,16.55011
20.570797,1.1207806,21.448374
25.387201,13.374641,6.390274
24.992146,11.513693,-13.381613
31.079153,8.793974,-14.626796
31.563389,19.102972,-4.3039675
31.959198,21.436512,-8.5881405
36.33556,13.926061,-7.253828
40.984707,8.337479,7.5247607
36.414875,6.9170766,4.6873436
22.085024,15.540197,-2.2414446
22.89375,14.085624,9.574699
16.262053,5.950702,17.012648
2.6662364,9.580088,5.4651465
11.734653,-5.5767517,-11.703144
21.532059,-7.604743,-9.677372
26.589642,14.144426,7.656984
27.526009,8.213273,7.0940466
20.722692,13.322031,6.1028614
16.729216,9.074617,3.8829806
17.07413,-10.403135,-9.588698
14.145486,9.451146,-9.061224
13.61151,4.5966306,0.40361878
18.800001,1.3415148,15.322772
23.248833,14.680191,1.1351292
28.728424,-4.8459167,-16.158829
18.947906,0.31439447,-0.07274656
10.835724,-3.2721252,0.14832288
13.839782,-16.765259,-0.029945895
2.8855088,0.5458517,6.295432
0.040296383,-6.0555463,2.0415733
-2.160018,0.8077827,6.5102715
-13.626294,11.583918,-8.956679
-15.134419,-6.935209,-22.30983
-20.345526,-5.379062,-0.75210214
-27.030201,-1.0037539,3.5354152
-21.101536,11.072252,8.78845
-12.94425,23.78097,10.181958
-10.897872,22.61385,1.3086482
-10.890558,22.714195,-1.9287199
-1.7917807,15.983896,-19.584127
6.1517925,23.897333,-5.564625
-9.867869,25.187838,15.121703
-28.79749,3.1426497,15.0191145
-31.120153,-6.5843363,14.805654
-18.845413,-14.714118,7.477312
-4.4584193,-22.375223,3.6797805
0.8964789,-19.562218,-3.272809
5.1798863,-25.364399,-5.278437
-7.612054,-15.368097,2.8536797
-16.287838,-2.4789739,-1.1760614
-4.1990905,-12.388619,-8.093802
-10.086381,-9.486869,-6.9835424
-15.753258,-14.764497,-14.193502
-15.163256,-24.498323,-9.6779175
-27.467255,-13.261088,0.64700174
-34.329567,-12.785581,2.5313513
-35.43444,-16.762407,6.6735725
-28.601849,-17.322506,-4.5473886
-14.562404,-22.407722,-3.0569327
-20.05762,-23.985435,6.1962366
-26.827997,-24.272936,-2.7823303
-11.5971985,-13.77404,-7.9819994
3.6532793,-6.2870746,-9.66292
4.8874846,-13.819104,-4.050855
-18.102787,-10.299449,10.358167
-37.65855,-6.1918626,7.9281917
-24.936352,5.6426477,-3.716823
-13.340541,18.300064,2.0259247
-12.773282,6.299637,4.042404
-7.069513,1.8709507,1.2250924
-3.67013,2.6119044,9.753773
-0.7811828,7.435274,10.39268
-1.5453314,7.799511,-3.5157273
-9.531696,-13.247292,-7.4800787
-3.2799385,-13.936117,0.25460634
14.685977,-9.209916,-1.4606596
29.125727,-10.732769,1.1233171
35.973057,-2.1783962,7.4679
29.656218,-19.80699,-0.004485322
21.36724,-20.108862,-8.598422
32.360493,8.075294,-7.1701126
37.904728,0.64193493,5.32112
31.164587,2.2030823,7.681787
27.787628,8.106972,-8.860445
6.908673,5.26947,-8.363495
-1.9111167,21.747261,2.838887
2.7249978,5.944514,-2.3873363
3.5579174,-0.36238474,-9.465127
12.915827,15.50913,-11.443762
5.991237,0.32309043,-7.802654
-0.45956978,4.3740277,2.5402374
1.4989154,6.7095456,1.7762347
3.3967044,-2.6845815,4.551287
10.303956,8.224038,9.385459
1.329923,-0.031896126,-5.5871935
-3.548918,6.0137935,-13.813289
-6.560163,20.49523,-11.920637
-25.257366,12.71043,-2.8921304
-28.067415,33.284588,6.7058806
-22.907028,27.15918,-3.0015564
-9.256571,-2.8639956,-0.617214
12.696967,8.823617,11.904437
11.669498,5.603948,2.9627092
4.693153,7.842793,-1.0192907
6.7115345,16.91757,-1.5730386
13.00652,-5.24692,5.090062
22.97267,-6.5104556,16.033342
33.57667,-5.628159,8.953571
36.49984,-12.805509,11.005036
28.362358,1.9742228,-4.489403
30.323036,13.7661,-17.812918
42.369495,15.658632,4.101228
39.38285,8.233113,14.212095
26.626892,-6.6918497,11.953857
22.67383,-13.308342,-2.938194
27.073706,-9.157029,-14.073651
28.205126,-8.823471,-4.050303
18.670725,-19.785387,-2.1779
10.946166,-26.275883,5.9676743
9.409709,-34.59059,14.706349
9.807181,-35.73659,4.9250903
6.327191,-27.422365,3.7787724
-8.317438,-30.386341,-5.2650986
-14.581683,-21.146261,-15.047374
-17.434216,-6.223063,-5.385939
-27.461632,1.1242336,-2.007551
-27.449146,0.95662296,3.6971512
-23.432976,-7.7849,10.90518
-29.38415,3.2972083,9.873796
-39.50505,2.1340535,2.8267438
-33.2878,-15.338787,-2.9778602
-18.672565,-8.827264,-5.1378913
-17.246664,-2.1773465,-16.94984
-17.887327,-5.551159,-8.956489
-4.310187,-12.150035,16.034134
13.836355,-1.1400278,12.208201
15.502259,16.92877,1.0977741
6.491289,6.2376933,2.3680062
6.192525,6.217031,1.1159904
14.038247,27.612406,-3.3521407
17.757904,32.589855,-8.973794
10.471706,22.152864,1.039317
2.166858,13.998666,4.906948
10.790248,20.862133,-3.631868
26.402111,26.499916,1.9922035
23.949375,10.687888,-3.5602837
9.466587,-3.8436866,-2.6820152
-4.0562177,3.626185,7.4023957
-13.717252,-3.0298522,5.6161385
-10.201049,-22.392046,11.5100765
-1.1810567,-9.888674,4.752406
4.4511123,1.5000464,-3.2826529
-0.8773602,0.5544947,-2.082548
-12.217105,-4.4910383,-10.232781
-14.72938,-3.9804747,0.30224353
-20.305557,15.912561,9.621123
-21.746954,6.3226414,7.757048
-18.762175,6.710568,10.531511
-22.074408,33.721786,-3.9613228
-25.478157,34.48769,-18.386454
-31.804102,35.57014,-13.8375435
-33.44551,28.124016,-0.2275989
-37.899208,29.709608,3.2186143
-45.76606,43.94649,-4.074557
-25.255245,26.739323,1.2760638
-7.458842,22.214481,2.0415611
-14.9872055,20.611277,-10.724262
-13.3090105,12.671153,-7.7671084
-17.224745,20.669151,-3.8490167
-23.327002,14.959242,-7.5550766
-24.7711,10.042846,-0.9587047
-33.724216,4.0792866,12.542716
-33.41136,-0.48633823,12.036237
-28.567068,11.237842,-5.5441875
-19.123922,2.8455405,0.19343221
-17.73031,-9.548678,12.204036
-18.031536,-4.8920746,-1.6257932
0.02056929,-4.5109005,-12.027846
10.732373,-3.5946434,-5.5328727
20.792889,-11.711107,5.765323
31.277344,-14.405057,-2.474112
25.475857,-6.9890013,-20.497992
20.777496,-21.586494,-4.35684
20.058537,-27.233908,9.158801
18.233715,-16.157251,-3.308662
21.641047,-17.62333,-8.0142145
19.642422,-28.988447,-9.548134
12.230203,-35.27433,-1.9329925
12.095447,-28.073439,1.9924912
21.779362,-23.21223,0.24479817
29.673975,-32.44594,2.5259843
23.256914,-35.430458,0.3171208
13.435824,-29.101227,9.20158
2.6737127,-29.003422,8.254098
0.3426947,-27.970993,-1.0746228
4.1481357,-24.953386,10.240619
5.2654567,-18.092598,10.549933
5.833748,-16.188835,-0.71068794
-8.893769,-20.572866,-5.7848043
-22.229265,1.4071339,-7.794719
-23.06694,15.589775,6.0728564
-17.14983,7.6968503,14.941181
-6.118225,3.6896787,6.0683775
2.9868176,-6.578213,-3.3929398
10.024028,8.877232,0.09435125
-1.8201497,7.6943326,2.2939696
-7.6945515,-9.182678,-5.955008
11.60596,4.0583863,1.1132754
1.5628101,-18.952955,6.867792
-10.685362,-26.299421,-4.9927607
2.0023415,-11.15108,-12.319223
5.9931903,-19.930098,-6.1174846
17.901703,-17.15835,5.513427
11.599905,-38.1745,5.747448
2.0899773,-41.9413,-4.6603394
15.497244,-23.671925,-9.360249
9.2060795,-29.994535,-7.8721457
7.9186163,-9.909326,-2.4385655
-0.7085247,-4.478354,0.91359705
-18.391403,-13.024664,2.4552414
-7.280816,3.0874593,5.7681427
3.2784698,-0.43132475,0.2614649
14.608944,6.9873147,-7.281399
23.014719,16.986816,-3.9997761
29.759687,17.940697,8.727479
41.070095,39.683956,9.718475
27.955154,41.674374,3.7234406
10.559599,39.785957,8.532678
15.201969,42.378593,1.5966895
30.399977,42.016605,-10.5280905
25.571169,47.416584,-7.5791698
9.497925,28.144972,-4.5655394
6.172473,13.906066,-2.7592578
8.693455,11.281387,6.451269
13.095805,9.615204,4.0155616
13.92322,9.7367115,-5.496817
10.32339,-2.713494,-7.156133
9.169515,4.6774397,0.4569148
10.835168,11.920755,9.854878
6.3946986,-0.056863032,2.214465
3.6023734,-12.224828,6.0837946
3.612223,-16.704382,7.867515
11.504215,-10.976508,-1.7091829
15.931438,-7.3767376,0.7397349
3.3369908,3.728322,-12.792902
-10.505871,9.9422245,-11.08074
-21.05809,7.7906666,8.968504
-14.679606,2.4197485,6.130331
-18.663275,7.0149975,-5.16407
-35.776867,23.270096,-7.7653856
-33.27281,18.202234,-2.1562812
-23.035963,15.608051,5.227815
-11.801356,14.389974,15.0031595
-14.468187,9.238876,19.110224
-25.358433,11.834712,12.285708
-20.962944,4.9293065,-7.063947
-17.057514,5.6485047,-21.388266
-13.51572,5.69063,-10.197884
-4.8297477,-14.301813,8.891823
-0.25082773,-21.355888,11.756164
6.408489,-0.075120516,6.0970654
6.803535,10.763588,4.8430758
-8.378022,0.30539554,0.15643024
-24.30636,0.11690205,-5.8899336
-20.223328,9.754021,-3.9424877
-6.5491753,19.691118,7.543942
-3.1831102,15.339832,7.818605
-13.84029,-5.640473,2.08083
-20.34448,-4.8545775,-0.4397761
-18.067566,-1.8890557,-11.436989
-26.819164,-14.981653,-17.60224
-17.15314,-11.849759,-12.054273
-6.5223556,-11.201675,-6.680015
-10.32738,-10.555613,-1.7684262
-3.113685,-5.3472505,7.354545
-8.837449,-17.245996,5.3855567
-12.483475,-20.261932,-3.5063276
1.4127712,-23.940838,4.4572244
19.223461,-30.095467,8.710325
29.596556,-4.426474,-0.6133618
25.91392,0.02802247,5.125611
11.813004,-13.808186,5.100297
11.514034,10.412364,-4.324061
28.200157,21.629229,-7.220402
19.902742,18.111996,-8.847036
1.8314366,24.095377,-0.42747247
-9.834663,21.820133,1.5037608
-3.4860125,32.805756,-3.5652936
20.562492,34.505875,3.8293045
19.026396,14.607159,1.2884288
14.20913,17.376123,-8.8926325
15.429819,16.371147,-5.7435265
3.9176726,1.3412043,-4.7985625
-2.0821042,5.3021345,2.3931587
-3.4069643,5.191598,7.1841483
-1.5298227,6.415537,-6.4590564
1.3181705,9.049709,-6.7900147
-9.006377,-4.537679,1.6491513
-8.871882,-0.91601276,-0.7864303
1.5452572,5.3754473,-7.158512
-2.1197605,-4.8441496,-6.901011
-3.740141,-3.681543,14.163373
-6.469537,-3.8720865,15.906497
-7.9388037,-11.754801,-7.535324
10.21039,-10.902494,-6.125264
24.846752,-16.967499,0.5603928
29.919323,-16.955793,11.015038
32.703186,-8.214458,21.626225
13.548076,-17.232878,4.0828
-5.3513656,-22.372017,-7.1615653
-7.813748,-23.756626,-10.931949
-5.497748,-25.57154,-14.955095
-0.0064516403,-25.346825,2.187455
-8.844971,-29.006193,5.10785
-8.045294,-15.874596,1.401797
-2.2683778,-11.7023735,9.238297
-6.1862726,-18.454414,-9.543254
0.501513,-0.44860157,-14.443316
-12.623213,10.750201,10.463754
-15.555438,14.762645,13.805215
0.8707024,23.913992,13.626808
-6.8003693,12.714468,10.979548
0.57355505,15.162357,-8.224213
6.7158885,23.488384,-10.724226
-6.7272468,19.238283,-8.170438
-2.6939404,31.400593,0.6017734
3.726302,27.931213,18.007658
15.019779,20.440453,7.7143283
11.060502,13.45634,-0.5578004
-19.392776,-12.731909,-7.328701
-24.47415,-15.9072695,-6.122558
-13.07139,-16.23244,19.827316
-2.9189048,-24.286045,12.999807
3.1438084,-16.818676,6.281127
0.5416,-11.92739,9.987887
1.3916129,-1.390511,-10.349799
2.8254929,2.2085674,-12.804763
7.6924577,-11.115189,0.76660967
1.9763204,-18.68888,9.569156
-5.069609,-24.139214,-0.21632586
4.166703,-19.579216,-19.078756
2.9370208,-0.41907153,-13.135377
2.468226,4.476853,0.13544616
10.77234,-17.931326,-3.9706872
16.729046,-16.52897,-10.763269
9.600556,-3.5571578,-1.7371613
-3.2117271,-14.856782,0.21959303
4.5625486,-4.986192,-11.476994
4.5529494,-0.6334622,-11.818363
-2.382301,-10.339983,-1.2818635
2.1792173,-13.525734,-0.83252054
-0.4350095,-21.952173,-5.1819873
3.7702074,-8.288715,12.229818
15.418929,2.1466737,22.800575
10.214799,-2.0476055,9.295411
5.2508335,3.220645,-7.172059
5.522344,4.984667,-14.797669
4.9374914,10.400788,0.99723816
10.822063,9.8480015,1.960401
10.3694515,4.576192,-5.8390627
4.126349,4.742189,1.8528836
-0.4316866,-0.41852885,-4.9953327
-2.6367276,10.793705,-3.9216278
-5.4254966,21.44483,-5.4572306
-5.5326385,17.870049,-5.5738473
3.4264588,13.395808,8.105087
2.389181,-5.2062497,-2.4206345
-3.9150546,-11.481814,-5.1292834
6.196562,-17.332876,4.580942
5.465697,-31.41726,-2.3607972
-6.157325,-8.215632,-1.3558959
-7.3046446,4.4475665,0.33734915
-10.850652,2.0498896,0.68179107
-10.15223,15.456645,4.1622553
-19.859596,9.107806,-2.5096729
-45.22397,12.815469,6.252474
-53.02398,24.03636,6.079939
-48.633663,21.268959,-6.5678573
-40.344467,30.147392,-1.2563977
-35.290634,31.629934,-6.556317
-37.935562,26.46289,-1.4258717
-34.076965,34.00526,20.405525
-32.838074,42.852886,15.35103
-36.983204,35.469463,5.47768
-29.974531,14.2666235,-4.902593
-20.01441,7.0358596,-14.5308275
-22.328712,7.6993585,-2.9292097
-25.096445,-0.38482252,-3.8106747
-16.871231,-6.765061,-5.694765
0.7861721,-5.88841,1.7784609
6.4959946,-6.115274,1.5671457
3.5911565,-18.51048,8.445814
12.946527,-27.372868,4.7689347
26.237135,-26.229776,-10.855504
41.597755,-29.632383,7.0150723
37.787716,-36.991222,15.870082
15.390177,-36.943115,-9.887268
7.4284716,-22.79283,-5.070084
5.2568555,-15.305336,2.8722246
-3.783775,-28.672588,0.24262019
-1.7299436,-25.689318,8.586189
11.176099,-16.569649,3.5005488
13.419702,-29.269434,8.408978
4.3918343,-21.27351,16.752022
-8.273279,0.8934779,-9.838068
-10.139759,9.124952,-13.875989
-0.7142227,8.997007,2.9322567
4.5358396,3.4963887,-7.691562
15.178119,6.119061,0.041958116
22.463907,7.870827,9.192794
13.34393,-1.790287,3.3214638
13.767704,2.336313,-1.8965006
18.788435,11.280689,-19.544447
14.391163,2.822105,-9.791571
12.659838,-6.5352,19.468739
15.261234,-6.7227163,17.339096
30.997444,-4.220239,-0.47336844
41.450592,-4.264425,-5.5637903
24.701921,-0.7716651,-0.405952
7.0843625,0.23798886,-3.4538412
10.72337,-3.2345324,-13.367628
21.176659,4.876482,-9.290966
18.058912,4.3760624,-2.3820472
9.748357,-2.4013722,0.88331926
20.689026,6.229755,7.6493793
33.83033,-1.7185374,1.9766563
14.535045,-4.6593375,-4.256029
6.460022,17.118956,-5.930148
13.684241,12.479159,-5.2482867
7.366851,-1.7437437,17.312376
12.410913,3.722339,13.6284895
18.368832,8.538441,-9.442273
17.695913,3.2162557,5.6762114
12.552745,-5.0706835,10.534021
10.378675,0.9703086,2.9362805
24.022337,13.469095,7.446278
36.340614,15.934811,-0.8831389
26.797142,13.240635,-3.5251095
11.516621,13.064037,-3.7814205
6.9119816,13.28039,-13.525495
1.7748722,15.33114,-5.5938025
0.40253565,12.65454,1.368711
4.069823,6.6434994,-3.391103
11.183698,26.455212,0.3138798
11.433749,27.005688,-4.305385
5.1195803,4.4912353,-11.673488
4.9325113,16.739937,-8.243304
6.068711,20.486668,1.2684438
-2.4081943,19.853592,9.91787
-14.069735,27.685984,-2.9327154
-14.566026,7.9714866,-12.823998
-18.39542,15.307925,-6.1726294
-20.5863,24.137125,6.351552
-16.867329,-1.0226038,10.757059
-16.636683,15.765678,-2.7408276
-13.411639,23.46099,3.9869998
-13.80963,5.6420445,8.897381
-21.06641,17.201477,3.347687
-17.11579,1.3091022,6.567094
-5.852911,-16.71845,1.5390099
-5.6424947,-5.0237255,6.4522157
-5.7381496,-6.7241645,5.5465565
1.5685031,1.8993324,-10.578633
6.222143,11.115225,-6.4469914
4.5218177,-0.12672555,3.3616188
-1.9988261,9.979454,-1.460672
-9.823319,27.779205,0.35907915
-21.396435,4.770426,8.458732
-30.53131,-11.352061,-0.614124
-21.937233,9.542386,-11.660432
-15.646615,6.242004,-1.5288433
-19.682013,-6.6302924,5.128712
-20.08005,-10.355496,-2.392106
-15.754307,-15.067794,-11.088965
-9.768885,-10.887906,-12.314642
-9.200081,-34.970337,-9.21665
-12.704696,-49.42331,-5.3821144
-5.0398445,-27.117851,10.825739
4.1507335,-27.330275,6.3892694
-14.345086,-27.315323,-10.067897
-22.179226,-17.594263,-0.77354354
-5.0122533,-24.804462,4.8825765
-7.8942432,-25.006,12.212122
-13.886124,-26.67448,15.79
-18.969057,-24.671993,1.1156249
-28.138607,-7.721436,-4.1103196
-17.179853,-8.805586,-10.190295
-9.889049,-11.844209,-7.8412304
-9.532722,-4.355972,-0.5405245
-6.984165,1.8099374,1.352744
-15.1875305,-0.15503545,10.318812
-21.285532,-9.883932,-0.7037077
-10.169505,-1.1139797,1.403393
9.229667,7.0772233,21.172897
9.543613,-4.3213663,10.409084
-3.4377265,-5.1575217,-3.7618532
0.026928848,-3.841265,-8.739874
4.6950407,-13.630175,-1.612895
-1.7327907,-16.544853,6.1537423
2.7436414,-10.420607,0.39653817
13.2211685,-6.391414,4.2818694
11.72224,-16.506266,-4.830904
1.9532996,-19.406755,-10.428677
-2.3752227,-4.7831345,8.928559
-4.499989,-1.6924173,8.75973
-6.564887,-5.1598396,4.805813
3.9353886,-10.201328,1.9190761
13.147044,-16.72556,-11.428559
5.249757,-11.788698,-0.7222438
-5.1659694,-7.5329766,-4.854186
-9.561038,-5.4293604,-13.335061
-4.5143905,-4.492108,5.9030547
5.5862913,-9.191481,0.67271376
18.038666,-12.491271,-3.9375448
32.795765,-18.090899,-1.6378219
27.443193,-20.50414,-4.650073
6.092861,-11.055857,-1.9378215
-0.24586223,-7.5319157,-7.497733
6.4568048,-11.06771,2.9038568
2.9715595,-8.467669,13.546565
-4.076819,-3.1732647,-8.261759
-2.8787155,8.770319,-10.377533
-2.5475526,7.6955853,4.5923295
-3.7560718,3.0995128,-5.481445
11.046479,20.767662,-1.2976918
17.388865,24.385756,3.180147
-0.4142729,28.108881,-6.111075
-9.260183,38.824394,-7.082905
-14.039655,25.483273,-7.1261606
-14.705274,30.643658,-0.100252345
-15.695062,31.94222,-5.379611
-20.116518,18.584297,-3.9579751
-17.185715,32.920956,6.3496556
-25.616306,25.337372,0.050384507
-24.465834,22.4757,8.325915
-16.078148,30.196241,4.8374333
-18.734549,18.127304,-12.5749445
-9.254389,29.628023,-1.3307104
-3.0943718,18.646694,7.4319196
-6.138779,-3.4761088,-1.398904
-3.406398,8.396373,-1.5622287
5.173195,7.473335,7.5382867
11.443632,12.571795,22.462147
15.643357,28.540525,23.553644
14.563442,17.9182,0.38661975
6.195983,9.915245,-6.2439075
5.082389,10.385991,-1.8031912
9.787659,0.46038675,-3.968815
21.03955,-0.89895314,9.062272
21.488577,5.096741,20.274384
22.333576,4.0037265,11.959803
30.51789,0.87178653,-1.4268925
18.750875,1.0300279,-16.180214
21.040052,-7.217352,-10.09588
35.323994,-11.892576,6.759087
30.889664,-0.08787741,3.0735817
18.267403,-1.9006566,-3.0470278
13.924211,-13.721429,-9.005863
26.650621,-20.947224,-5.643249
27.128159,-17.274965,-5.193546
16.407276,-5.9029512,-9.248252
19.625216,-2.897309,1.756891
29.377172,-1.6904033,-4.0627613
39.488037,-5.6402993,-3.111461
34.535454,-5.362741,12.063164
16.638912,-2.4136474,6.931692
12.933592,-2.083362,-1.6344459
27.99228,11.916842,-9.213043
40.561222,9.062225,-1.2077504
36.501987,-8.724148,7.618033
26.396318,-11.760511,-0.8932839
10.12925,-6.547019,0.6648671
2.331259,3.5631723,2.1516826
8.955163,1.4076732,3.9427235
3.1721036,-8.031078,0.033617854
1.0086703,-7.768272,-6.730249
3.9077587,-7.659264,-4.042029
-7.8988,-11.023957,-8.537289
-26.369568,-1.3542058,-1.9808599
-33.91597,-0.31300932,10.551751
-31.645592,-11.274223,5.088699
-31.163145,-6.419579,-3.329677
-17.906763,-4.62166,-6.895569
-10.675864,-1.278305,-4.20272
-24.303179,-8.318756,4.1253457
-29.344942,-13.108038,6.878903
-22.9685,-0.07210596,5.1744027
-17.198488,-5.2068696,-0.07223676
-18.885412,-7.7042623,-5.791781
-26.317432,1.4206632,-2.0068026
-29.040262,0.6625369,-1.7957541
-30.741354,-4.101419,-6.957269
-23.476568,-4.0265927,-5.759673
-15.401526,-1.773467,-1.0068333
-21.340214,-2.7612076,7.364214
-21.182768,-4.597676,4.8511434
-26.682428,-4.532025,-2.4901958
-32.169296,0.40536824,1.72975
-28.320086,2.7025619,0.56789005
-33.568115,-5.815216,0.66785645
-30.103695,-5.01467,6.5954547
-23.390749,-1.2367686,1.5593083
-27.10778,5.207402,-2.333573
-28.498955,12.3319,-10.5768585
-25.396261,6.158019,-12.346186
-22.842438,11.059186,3.462724
-21.942932,5.7950163,-1.6377014
-17.394117,-3.1759942,3.7441735
-11.708722,5.3734484,12.945857
-4.148536,-2.6368995,-5.0684466
6.391498,-0.9814388,-9.237661
3.8889656,-1.2211401,-5.1801395
1.3883744,-17.569069,8.803515
13.830957,1.4157056,10.596009
10.235763,0.43734217,-14.213233
-3.2759578,-14.872981,-12.462697
-4.92258,-0.53498507,-2.424852
-8.537289,-5.558544,-2.4213967
-3.967666,-0.22643708,1.3777986
3.1239817,1.4429878,-4.4782124
-0.9841686,-15.988478,-3.7156677
-4.1143866,1.5634954,5.413924
3.9648018,4.918014,-0.81597036
18.849901,-0.24500534,-6.651398
14.8824415,11.836031,-1.920632
-0.9514852,-6.394998,-1.7354531
-2.1367786,-1.9975755,6.020142
21.431252,12.228309,21.200207
47.030533,-2.9862428,9.928334
51.931046,8.100411,-8.8112
43.52001,1.620004,-9.110733
28.490088,-11.890935,-1.9174087
23.3834,16.222988,7.0330586
30.151709,16.846977,2.8342571
36.57958,0.97914094,3.322756
22.005505,2.4748883,6.5776014
4.0008736,-5.4105973,7.5408163
13.216247,-1.7984775,15.57172
23.496101,2.057798,2.4752598
24.847202,-4.15821,-5.1053247
25.100012,-0.35926867,0.22062069
23.809193,-10.800888,0.32408157
9.879867,-18.614182,4.0138073
0.9982557,-16.602182,1.6971445
5.970752,-9.939358,0.9050474
-9.76978,-5.2842436,8.040802
-20.555098,-25.575836,4.8392625
-13.438595,-21.699457,2.356237
-9.90398,-12.454612,3.895859
-2.8351226,-27.113321,-2.507224
-0.18393397,-23.200855,3.2015257
-1.9857908,-22.75097,1.4174628
7.6504326,-20.796442,-14.352521
15.058351,-9.387893,-6.7027693
5.5636797,-9.497972,3.1206203
-6.662362,11.202151,-4.904176
-11.490715,16.71179,1.7281761
-3.1768384,4.8075786,1.7720337
-1.4598069,23.24998,-1.676357
-19.603909,23.11286,3.624396
-25.246784,14.235758,-13.429189
-15.998495,6.3313227,-15.137926
-1.9171131,-1.6735476,-2.529744
17.73902,17.860256,10.282393
10.451533,20.290915,16.320934
-3.454832,12.751758,-1.4120824
0.045640986,18.312271,-8.667274
-2.8436892,8.780218,-11.291895
1.0469542,5.5444517,-14.578129
-2.4670022,8.99934,-0.19170159
-9.679214,4.8102307,9.45388
-12.098058,18.620867,1.9214286
-16.404629,18.030855,-4.5306168
-2.5193002,7.538292,-5.9865437
3.7545042,10.486943,-10.540415
-2.7681727,10.429282,-3.8979275
-3.0664952,24.4139,5.466069
-7.9954343,18.237186,3.077154
-4.8074837,2.6538713,6.619019
1.8524144,12.268782,5.8759604
2.385352,12.873098,0.8793001
10.936672,15.700417,-2.3751006
9.4063835,16.087605,-1.9090513
2.2494009,11.332868,4.476893
3.3562639,14.531889,-0.8633925
4.6526666,7.9384995,-0.51824373
8.330417,8.298244,3.0726166
17.096899,16.519028,-5.5026727
16.34986,15.257818,1.0436609
4.524622,3.182054,7.4845905
2.4830167,-2.7215075,-1.0495676
6.871632,6.007269,5.6049023
5.726532,7.238097,6.707312
3.1505823,4.0251956,-3.212379
10.051242,-0.86640066,-1.4995586
8.3771515,-1.8824502,-4.147393
1.3588496,-4.9260435,0.3961774
13.680024,-14.900393,6.874862
11.522779,3.1673157,-2.7731109
-9.967312,10.930064,-2.9866457
-8.356023,-7.7858386,-3.0639534
4.32323,-5.1232023,-4.81537
7.684364,-5.0421715,0.70133436
13.635698,-11.055797,-0.7974011
5.5633144,-13.467975,-4.3511453
-9.100857,-17.118687,-10.974604
-10.5843315,-4.9005747,-5.257847
-15.069526,-3.4077146,1.7704678
-11.688838,-16.420723,-10.19308
-14.241362,-2.8060296,-13.38717
-35.918148,1.882535,-2.2445648
-31.467098,-21.432175,13.543024
-18.323174,-27.78332,14.670746
-21.890232,-25.474525,6.4471583
-21.68044,-12.428913,10.696014
-22.698124,-9.764927,5.2126555
-8.94334,-25.35608,-5.1456857
1.2098976,-10.005626,-5.068028
-5.3254247,-19.719812,-1.9902952
-4.8985667,-51.33236,6.7102957
-6.0367455,-33.152203,15.124065
3.077755,-29.062613,10.54429
3.9805439,-40.628998,3.1943858
-9.023306,-28.876925,-4.517861
-2.0468426,-30.531403,-11.880017
6.6503143,-17.533495,-3.3645272
10.907107,-15.754692,0.8368556
4.228402,-30.361502,-1.0298603
-8.348691,-1.8033813,0.46419448
2.9259586,-1.6526476,1.3323497
-0.923586,-10.684774,5.1272497
-10.309285,16.038214,6.6432967
-3.558316,17.103764,2.8614664
-10.786913,23.081282,1.8784368
1.9621803,20.63048,5.6971407
17.529514,9.156398,-1.0018357
-1.5806123,36.40969,-9.359582
-7.092676,30.93821,-1.9622252
-4.2722306,12.497862,1.6467704
-10.76395,21.770687,-4.020926
-0.8815512,12.465268,-5.204109
2.3814704,16.97873,-4.2734885
8.565286,24.335136,-0.86204755
23.558739,15.312958,-9.709406
18.803562,11.484875,-7.4227495
12.992492,-7.501598,5.871402
0.7716337,-6.9743567,2.832152
1.590528,8.667327,5.7320137
9.718695,-2.3033724,4.764771
-8.955337,-7.9140654,5.844401
-9.094936,-2.5956516,1.5395463
5.289922,1.6947855,-14.033375
2.210473,6.2965245,-6.60434
-1.4821042,2.3894172,4.9542255
-1.4713861,11.409798,4.3339734
-0.26797652,18.2588,3.9018984
5.9127584,7.5579696,-0.73538715
4.9058437,13.534073,-8.16747
-3.6528435,15.612396,-7.7836056
-2.9056823,18.166565,-3.283683
8.787611,31.78426,2.188251
14.32658,21.907207,4.5876417
9.208683,4.222509,6.1246343
9.643473,-6.2465916,5.519955
15.581761,-0.20025098,-6.05204
17.038582,27.856401,-8.437223
8.935214,22.407938,-2.3193984
2.4691377,-1.8510755,-1.3757762
10.309601,-1.7368301,-2.5592349
14.895494,3.3280196,-3.3861542
7.690779,17.542133,-2.7134988
4.3539915,26.35513,-7.4972453
6.033618,24.115025,-4.782127
6.8280706,18.383112,6.346278
7.359206,9.78461,10.143944
1.2863619,14.524501,7.2381325
-9.35728,21.459436,-1.982718
-8.256034,13.7515,-6.8185077
-8.126441,9.126859,0.872418
-12.879751,11.065515,9.1418085
-6.8421316,2.6662533,1.737458
-4.69631,-2.484873,-7.909564
-3.4985263,-0.96871454,-1.327731
-2.6385555,-5.9863415,2.9663923
-4.240667,-16.751904,3.6872911
-4.5673013,-19.512539,5.8412137
-12.200829,-13.684246,-0.32128546
-16.414185,-12.142689,0.78326774
-15.397329,-18.747938,8.659766
-15.218996,-21.949852,1.7248403
-17.780037,-17.92373,-10.3107605
-18.033873,-15.023227,-6.340731
-14.297412,-12.17737,7.7480717
-7.917648,-18.407787,10.593109
-10.866526,-22.56623,4.833829
-10.983501,-19.023666,2.5543277
-2.3075626,-21.234785,-3.0965157
-9.420411,-17.782766,-4.4499283
-11.47249,-14.218992,6.002309
-14.219807,-8.759971,4.5226398
-12.497418,-1.3979775,-4.8711424
-5.1145496,-5.1074576,-4.4527926
-4.659291,-3.6686134,-8.812367
4.1699734,-6.8470507,-9.348029
2.8933005,-15.118909,1.2429061
9.668894,-12.82782,9.720153
19.31377,-12.888291,7.402541
9.154148,-11.982041,-2.329931
10.852472,-16.94343,9.709585
15.528616,-33.399,12.542125
9.478946,-24.192007,-4.016932
4.930962,-7.051662,-4.3838134
6.089205,-8.779117,-6.027757
11.4362135,-11.701896,-3.0122948
11.662814,-25.85445,5.7393036
13.051346,-25.317772,12.499349
14.244131,-17.241636,3.4666777
10.703659,-16.163635,-9.060522
12.919102,2.4017649,-2.6108932
10.351877,4.5639677,-8.906882
9.655042,-2.8666532,-6.411822
19.09567,-3.9562922,6.063481
6.346578,-8.250373,1.820772
-2.069876,2.4953108,5.0820613
15.141787,7.2147593,4.9837723
11.625301,-3.1221473,-0.9170978
4.157942,-1.2976382,3.2357771
5.2423134,1.115007,-2.0838523
3.1719816,6.233441,-4.3819056
6.9959855,10.364853,-4.330807
0.033442587,-3.342368,-7.06074
-8.105444,-1.2079238,4.550126
-9.186399,3.007281,3.0578563
-15.204163,-8.731941,-13.429902
-12.397583,1.52666,-12.944502
-3.3314414,6.7146306,2.6426644
-4.658817,-3.8461583,12.9553175
-16.430515,3.385594,3.7935214
-21.030102,10.718454,-11.288887
-4.468242,17.363468,-0.9336777
-0.52704066,14.348352,6.3275476
-9.522469,2.477353,-10.641188
-7.9830856,20.271465,-14.032341
-0.79875875,28.656836,3.5560832
12.748315,14.414485,8.662224
0.66032356,19.155916,-2.357674
-21.421534,22.590591,-4.523315
-16.947838,28.021103,0.54200494
-1.7146537,25.976297,-0.551816
16.521313,8.983051,-9.740503
13.852684,12.866096,-4.4416423
-4.0248127,13.870219,7.855816
-4.567583,9.265797,3.6966326
-6.7048664,11.83154,-10.534478
-8.966905,16.976385,-12.241074
-7.393918,16.043402,2.1801863
-8.532423,5.847507,10.658697
-0.914126,9.616365,9.078416
-5.3560977,8.82794,-2.6276553
-11.28253,-3.520201,-8.866119
-4.301434,6.0348067,-7.0175285
-2.6675084,5.5660977,-6.759069
-0.23693113,-6.6589212,-6.3932023
-0.08919989,5.124989,-0.6902625
-9.204254,3.4937682,5.332138
0.5058859,15.182066,-0.73547626
13.846959,19.732075,-0.7784281
4.972633,-2.7666805,7.114879
-0.88728327,5.591753,4.21937
-3.7917783,-21.0868,-8.066339
2.5787914,-27.017464,-2.7184548
15.344625,9.756808,17.789127
19.085754,-12.891185,15.322149
25.527641,-8.667863,10.7319565
20.576883,0.9220571,15.421342
6.714827,-25.878794,-2.401162
2.1743624,-13.878211,-9.310535
-5.21209,-5.388156,7.44914
-4.0823855,-8.202336,18.933178
-4.1769805,-8.972761,19.485714
-13.36944,-18.399498,4.026736
-2.9850488,-10.358414,-6.266139
4.196411,-12.5844755,-3.984069
-2.6643407,-13.637101,3.0883303
-3.2581851,9.495985,10.013619
-8.333518,-1.0725849,2.451328
-6.718628,-11.07989,1.041646
2.1101105,-2.4501557,15.867776
-13.332816,-2.7198048,4.017882
-15.260587,13.635874,-13.685068
0.0042674225,10.36976,-4.8975644
-14.678597,6.127936,-3.4468682
-23.503628,18.48504,-3.5740583
-15.147105,7.6461554,-3.3903239
-8.02297,5.907774,-8.174229
1.5666932,10.138068,-7.3431296
1.2977285,6.482063,-4.8403683
15.505769,15.831385,0.7647138
30.573706,16.048952,-2.591859
25.450047,16.718742,-8.117317
20.084322,27.750433,-1.339643
0.20921345,24.586016,2.9118924
-6.129045,25.717335,-2.0361767
5.927477,29.41339,-10.147537
0.7020959,20.824337,-9.713051
-0.19684544,15.316617,-6.2518225
1.5342476,26.956118,-5.4401865
-10.257573,40.329502,-5.308786
-10.504345,27.028954,-4.313084
8.690223,10.451506,-2.230804
27.563929,3.063083,-2.4066932
21.701687,-7.4867206,0.047436684
2.670259,-8.842081,-2.7509558
3.8595116,-15.570088,6.4981294
9.750149,-13.807825,10.787056
16.132853,-3.6305358,1.8836361
23.928034,-22.127209,3.5092182
18.346313,-15.547563,-8.041197
16.31736,-1.7446011,-7.494659
18.4601,-19.70447,5.8368573
22.845345,-14.272199,3.535825
30.565262,-9.373678,3.7596598
30.390419,-6.802201,-1.5190601
23.709648,-4.2789116,-7.2975597
16.899202,-27.741528,-0.53372246
11.878554,-23.16795,-4.455687
16.321863,-13.148272,-5.4725566
18.099834,-26.285414,3.3788269
-0.4665477,-26.694166,-7.4848967
-16.576162,-26.915302,-11.700119
-17.523798,-19.319271,5.482308
-14.221569,-17.952639,12.168278
-25.818333,-29.267029,12.5423155
-24.971342,-26.1326,5.9967914
-14.190492,-38.729424,-1.4215626
-27.134726,-42.44731,5.9514356
-27.415817,-24.496557,2.4676242
-27.816936,-21.202972,3.0462136
-33.65297,-18.291113,9.345314
-32.761948,-22.486883,0.051304523
-33.209084,-11.178971,-1.5742396
-24.75737,8.959171,-0.13209629
-21.21782,-10.441669,1.6721772
-15.79084,-16.623667,-4.3707786
-13.599738,-1.0392153,-8.107935
-22.012722,-1.435684,12.549568
-19.194244,3.3211849,14.918285
-18.504242,3.4312258,-3.3410246
-19.01997,10.5891905,-11.140909
-12.132351,18.243406,-0.20733954
-19.198633,-3.5091465,14.850554
-22.82413,-2.7347004,4.85603
-22.639517,11.018549,-10.072634
-19.745445,5.34338,-4.117589
-7.0815883,-8.519095,9.008163
-14.07459,-13.741915,3.938515
-8.425329,6.072046,-12.96143
2.3409119,14.953357,-7.9252763
-15.923709,-1.193576,1.9976538
-9.192193,-14.45539,-4.775043
7.378461,-5.3895326,-4.003448
-0.8052191,8.139242,4.3245106
-5.2180047,8.423098,3.007948
-4.6479235,12.861675,-2.5674942
8.345035,4.230183,-6.9937434
22.419565,-10.34484,-2.4797225
23.928905,8.225722,2.0611606
24.611664,32.40926,3.4801412
16.43107,36.43859,11.301868
14.998408,23.24934,0.21531984
26.93414,19.73725,-5.2899055
28.507935,38.350185,0.90052676
27.518282,39.993027,-5.997118
26.194342,37.77308,-3.200099
18.092714,42.30481,1.0443801
25.176455,27.336487,4.8925943
29.650185,18.80483,6.959175
19.364721,33.03411,-3.9765728
7.3700037,39.3965,-2.14386
3.5827649,20.925308,11.176467
23.38531,-1.9606925,4.672268
41.766598,11.980863,-8.596725
33.679424,35.770096,-10.564643
13.954382,25.030886,-5.392311
8.209616,8.730186,2.2403965
14.14803,-4.0280337,4.729607
16.932913,-6.1924214,1.1159503
8.382855,3.948185,-0.25251597
-5.2298293,-9.201153,3.088495
-16.29534,-16.018541,-0.36938816
-14.381261,-9.21271,-3.8346372
-4.798061,-31.193142,2.4087918
-13.6564455,-26.105587,0.307581
-28.068718,0.49275264,-12.919639
-36.067684,-13.240058,-6.4513836
-28.207941,-19.659178,2.6584291
-12.495291,-20.732813,0.76458126
-14.369359,-28.862919,1.3504847
-21.841791,-16.290878,-8.232884
-31.584007,-14.373234,-6.761588
-36.17368,-19.886923,-2.3773026
-21.743587,-8.089415,-10.855219
-11.570801,-10.671421,5.523227
-18.829172,-22.000885,22.004133
-21.99086,-21.527594,-1.6211903
-16.84431,-35.27872,-12.054375
-13.459775,-34.402832,4.2035875
-3.7185616,-19.786137,-2.1911361
-13.946388,-24.572958,-7.853487
-24.57977,-20.248102,-2.374876
-9.14945,-25.13732,3.0150063
-6.71325,-34.759193,13.635092
-5.850383,-16.839247,2.6495247
-8.089876,-13.512516,-3.1429245
-5.1935687,-20.622646,9.196203
7.5799475,-13.3313,2.065098
11.574477,-21.669287,-4.174946
17.549223,-28.090384,7.2418118
18.353794,-19.86844,1.4677022
9.879394,-19.934122,-11.597129
8.179826,-17.03682,-3.769849
24.593283,-15.854235,3.4020033
34.07752,-19.212555,7.183068
33.65933,3.2960548,8.285798
39.181873,24.626808,8.208004
32.972153,18.448532,13.184617
21.547062,17.702206,7.2045245
22.58953,20.53812,0.13039741
22.105595,23.026865,-2.7796583
19.532782,33.72509,-8.983104
22.90572,34.530087,-3.6531718
18.73296,32.071804,0.8209638
13.95573,35.30661,0.5062337
16.235205,25.514675,3.6797903
12.158805,28.40832,1.5519754
19.064278,36.190613,-5.3079314
32.554752,23.612604,-12.570282
31.060051,24.365295,-8.127872
20.275414,20.813747,-4.8382726
5.093459,11.965634,6.1229
5.323914,15.240006,18.932775
16.17613,15.751344,0.21078585
9.588401,24.047485,-16.084904
-14.647491,14.707062,-10.895297
-27.011257,-5.90821,-1.9804264
-22.356792,8.05305,-1.081333
-24.586203,17.194742,2.1563425
-29.910444,10.762916,10.740288
-32.17522,7.543443,15.213728
-15.401524,-0.42732438,12.686846
7.327549,5.2954817,-0.9027995
-5.0109973,4.4421625,-3.199431
-18.99896,-4.683555,-10.149467
-17.71173,4.5595064,-9.096324
-11.357396,6.4145527,13.7678795
-0.29138273,5.9492865,0.6934149
-11.923927,7.684216,-12.022073
-22.726946,3.3948631,-11.684661
-16.605135,11.290917,-12.889612
-10.216626,9.78914,13.175164
-5.2245297,5.1606255,19.909163
-11.876861,9.287621,3.283507
-11.770042,8.046221,-10.437809
0.35741434,10.0492525,-5.634645
4.637726,-1.1523918,11.340637
5.587278,-7.006623,-5.801231
5.958106,0.71966815,-15.659903
17.775171,-12.134669,-1.1153889
33.28184,-10.217193,-1.6920784
20.80291,-10.29297,-2.3426487
6.6671963,-23.281076,-0.83701766
4.7203126,-6.109731,-3.546597
5.942325,-6.7783275,-3.978517
10.711637,0.3899945,-4.815602
1.9566464,7.6111965,-4.071471
-7.182021,-4.3941045,-4.151558
-7.2643285,15.483625,1.856607
1.9270856,-1.8840612,8.515346
10.395519,-14.186887,-1.2813021
10.886779,-0.6500857,-7.746117
9.061182,-17.110115,1.5191642
-10.42175,-7.1018276,5.0202675
-24.260033,-11.550031,-0.712864
-14.927573,-18.451176,4.836499
0.27458084,4.99241,9.016649
4.4937453,-6.275752,-5.344599
-8.44285,-5.16872,-13.213962
-13.117947,-8.510871,-9.538516
-13.408293,-19.497198,5.520568
-14.868663,0.47205612,19.407404
-8.478898,-16.55577,5.059522
-9.895903,-17.111328,4.585025
-11.609968,-0.13617383,9.482109
-3.1706812,-1.81495,-1.2641218
5.124391,8.383419,-5.867813
2.3637996,-8.094666,-12.418707
-3.3227305,-6.871547,4.1336436
-6.2356524,7.262934,15.188808
-15.02556,-3.3591413,2.2490966
-11.923383,7.732723,6.867803
0.046831403,-2.339359,8.254095
2.2013597,-13.782116,-3.3413994
-3.9857512,-0.41264984,-10.750051
-18.935766,-12.782658,-13.56469
-23.107698,-11.231265,-2.7021432
-8.280969,-11.302995,5.223522
5.6099305,-12.072259,6.2879844
7.2342205,1.1225655,17.17779
3.1420386,-13.399064,9.099328
6.6315126,-8.213181,-7.705404
4.501881,-2.1948652,-12.129567
-13.121428,-8.613403,-9.631119
-23.241966,-0.9857064,4.771701
-21.038134,-13.490359,8.318918
-9.124963,-6.5617595,6.77059
-3.0019536,-0.73276037,7.272609
-13.268354,-14.279142,-8.303352
-8.884552,-3.8558106,-14.657502
-9.67515,-10.483787,-10.439777
-12.810574,-10.7693205,-3.60526
-0.05487073,-1.9326847,9.544386
-3.0469615,-4.8782525,3.2834966
2.7652788,10.817686,-3.3174827
12.4754,5.5680356,2.106194
-10.386222,5.7752028,-1.198519
-22.053255,5.8853354,-3.9903173
0.49562556,-19.538122,0.84183663
6.293477,-4.4253006,-0.005836433
4.466213,12.643888,-5.205321
7.681025,16.559504,0.10396385
-4.713113,18.688911,1.624162
-14.636104,10.423083,-3.6834893
-17.129408,20.959526,-12.575041
-2.6461487,18.999504,-9.50979
9.345625,-1.5497338,11.3676815
8.495955,-7.554476,10.474812
-1.0307182,10.002115,-0.48502293
-15.432004,20.90252,1.3390288
3.9600797,7.4905,0.7355974
19.53781,4.508723,-1.8217567
14.206917,4.8539944,-0.9796144
19.696758,10.191113,2.9553678
12.490879,16.29851,12.406184
5.1389933,-1.2962612,8.674346
11.939032,-8.994999,-3.1725645
7.7059107,-12.979327,-2.5425508
6.6825953,-20.168217,4.152927
12.430154,-18.618908,3.4002826
14.619025,-19.446775,-2.6848443
19.46068,-11.070793,3.559624
14.677724,-6.8544836,1.2898824
3.8110158,-7.410295,-9.128639
-10.061202,0.76101124,-2.7828965
-6.6438913,-3.7629776,8.193454
21.5905,-6.555242,9.1666355
18.937681,8.957851,4.5101113
3.6737354,9.092133,-0.8525899
9.706088,2.791723,-4.2165484
10.95606,-4.169313,-3.7931852
9.828307,-14.475838,-7.0282726
19.402931,1.8939154,-0.65521944
32.2687,5.067281,8.13464
40.028587,-0.81709766,-4.553379
36.0404,15.716602,-6.645509
22.781876,19.393232,7.5388765
24.161745,11.6628685,4.49938
29.667635,1.5271757,0.73538834
30.511677,-2.1913772,1.5699232
33.822586,11.716887,2.9112031
25.915104,10.085842,3.7364619
20.288242,-5.0625777,-12.085043
17.369379,5.613859,-13.936361
10.921891,10.108131,-0.19799061
15.955572,10.314676,6.383706
16.620398,18.491957,14.75538
-2.388558,-7.1182528,13.585807
-14.611101,-13.756551,-3.2191477
-8.713602,2.4395506,-11.297788
-0.8745762,4.0041223,-4.128123
-1.9954237,17.383074,1.6862828
-11.263152,4.5533595,5.0736575
-10.265483,-3.3689873,-3.460429
-13.78634,7.2518125,-13.69295
-30.67316,-19.306618,-5.6151648
-23.35492,-17.54696,2.4555464
-8.312551,-3.4394107,-1.7250465
-15.085315,-4.200895,-9.478311
-21.08579,4.7639594,-6.813686
-17.08946,-17.16003,0.5311277
-4.0516453,-9.5328455,-6.909933
-0.30231395,7.794228,-5.516835
-18.365646,-9.861939,11.070104
-23.64422,4.2689185,1.2437353
-26.067978,10.404703,-14.797723
-32.260536,9.248624,-3.127014
-28.961075,8.61432,16.360325
-35.373062,-3.7484753,10.475109
-30.96851,12.199718,-7.5258737
-20.930384,13.044367,-5.8541694
-24.279003,-0.8737982,1.4447526
-25.731329,4.8729153,1.9316193
-24.039621,9.102147,-1.6982827
-22.709742,15.907695,-7.214155
-23.263657,18.114544,-8.9240055
-21.85086,11.040671,-2.2975543
-31.923874,8.292937,8.774815
-26.22997,5.1591754,12.678443
0.19555739,0.6774556,1.4067684
2.908693,-5.742436,-10.298496
0.31683862,-6.776653,-7.988272
-12.436754,-3.6142888,5.7177625
-16.710438,8.825905,7.663742
-0.92883205,13.678187,-9.358746
-4.1952305,-5.717229,-13.541272
5.6790333,-12.694668,-4.5703735
12.897927,-17.48996,3.3661907
-1.814268,-9.845686,6.171553
-0.09075161,5.764475,9.300255
5.398607,-7.1168003,16.948439
9.910483,-7.7075453,6.210813
10.445055,-2.5711315,-8.24933
-8.21571,-4.072944,4.1892376
-11.561041,8.047036,7.496757
-1.3994671,11.447918,3.1947453
-9.747568,14.79532,11.381512
-10.458,14.939967,1.9930698
-4.1182833,3.4722543,0.5196746
2.5179665,12.586149,0.6763041
14.54913,23.978064,-14.352326
12.385789,16.32414,-3.4656072
12.357908,5.4283605,6.6087923
16.215788,2.027264,-1.4856855
7.2094226,5.8650165,6.5753803
10.145023,2.661365,10.490572
22.114977,-10.732543,-1.4845392
21.104715,-17.776571,-8.393634
8.222034,-14.383508,-3.724541
1.0089414,-12.324266,17.945572
22.614824,-9.08594,14.865828
31.873981,-1.9839901,2.352101
24.177324,-4.8848896,8.582275
25.967968,-10.768165,-6.5180855
17.639431,-12.737055,-18.368694
28.44341,-5.7930546,-11.66181
38.073727,7.4731765,-2.1499248
12.052728,-4.1733522,8.094059
1.7469666,-10.251746,4.128278
-0.31642133,-6.771141,-9.2315445
-1.4730282,-7.210819,-2.519859
17.593388,4.738557,-0.61218
13.180022,0.34580243,-12.241715
-5.184448,3.4106777,-0.82326925
-21.146482,6.561226,7.7860103
-32.93636,-6.072315,0.15338896
-16.194487,-0.22338447,-12.321054
-15.812947,-1.9472054,-17.842129
-23.036736,-4.9901757,-1.432488
-0.5767271,-2.054043,12.122237
9.049448,-8.993975,10.44079
6.886783,-14.175109,1.1257662
-1.8483759,-26.36006,-6.803608
-15.648511,-24.317322,-0.747482
4.4821076,-11.957305,-0.19701657
16.739857,-21.685743,4.448468
-1.0866463,-21.614222,13.42008
-1.7022225,-17.289442,1.4946342
-5.7375913,-25.475893,-3.7785738
-9.00598,-19.906096,-2.6474674
8.741474,-17.656652,-7.8897085
6.5896745,-15.55453,-7.830918
-3.5528896,-6.9706964,-5.020667
-8.825119,-2.4383855,-3.0159686
-19.826818,1.801236,-3.166543
-7.0733705,-11.658593,4.7701097
13.873638,-13.311932,6.7402873
12.751691,-0.05441055,-14.580887
-9.295343,-1.522246,-15.206167
-32.49123,2.6234539,1.9582037
-20.241386,-0.89222294,4.832645
3.1895964,-10.676799,4.597952
10.944092,-6.210585,1.727043
10.962977,-9.096907,3.3613791
-2.8811908,-4.3936105,10.534204
-10.117017,9.485983,4.184197
4.3321085,2.4114265,-10.710776
4.890984,3.230629,-12.91684
-7.4251394,16.249975,-8.02405
-5.892309,15.023044,-0.9638966
2.7035854,21.291737,-2.314256
21.61818,28.866583,-6.09122
21.761637,26.44577,12.574917
4.261972,28.955584,10.619793
7.985,23.60611,-8.425385
10.845636,14.332749,-5.5970755
3.4357524,10.850768,-2.564036
1.4280097,10.913537,-0.6030107
7.0230036,16.272196,8.1722555
18.055328,20.659605,15.534244
20.741798,15.896118,4.857695
10.690508,17.545206,-2.2684948
8.621886,19.805176,6.643106
2.3367667,-5.5527177,1.8067164
-6.4486527,-8.935759,0.65411955
7.1543226,14.465215,12.768299
4.3947115,12.415714,13.794731
-12.894739,15.820447,2.7020416
-4.6903257,14.834386,-2.9612842
-0.98761684,-6.704369,2.6030688
-7.693699,8.578953,12.375584
-3.0073912,18.784046,16.49252
-9.770696,-4.541385,13.772694
-21.925507,3.6024659,5.401977
-17.846357,14.245479,2.168036
-5.8716207,14.66785,-1.5828589
10.147615,34.20194,-18.564926
15.149932,16.71721,-8.381911
5.143181,-23.675528,12.606721
4.2099047,-15.065511,1.8135641
10.096905,-0.60506254,-4.118126
9.276822,-10.704409,-7.065522
-4.927344,-9.420953,-17.873417
-19.740383,-9.384344,-9.815492
-10.853955,-6.146778,-3.800597
-0.8904534,6.0400953,1.5356406
-8.719235,-14.986165,12.257393
-18.091324,-31.390726,2.7825334
-17.604933,-8.816038,-8.572943
-14.303734,9.069673,-9.084293
-14.542856,15.516819,-1.383422
-15.483673,10.405322,-0.93749523
-13.578777,-5.1126814,-10.320743
-12.582036,-4.27599,-0.6420611
-12.758952,5.2329803,-3.4433115
8.447193,2.9826052,-8.310117
26.948412,-2.3976593,8.52711
20.484348,-3.8594465,1.7459822
17.723394,-2.0374343,-7.2430186
13.426045,6.2184486,-5.4135985
13.542374,7.2969713,-1.9744818
29.409231,-9.828947,3.4696429
27.271433,-17.376345,-1.8734359
14.466704,-17.974117,-2.4790459
9.002219,-20.204151,-2.9664526
-6.55171,-12.039472,-5.319532
-11.192314,-4.3518095,0.85844105
13.382264,0.04668662,7.849736
15.61452,-9.824468,9.658898
-5.7821627,-10.803797,6.0126605
-7.4092813,2.5442424,-5.5521626
-8.245573,5.175523,-9.86634
-8.214976,4.961536,1.3024592
-10.90984,1.8587867,3.1298428
-15.021072,11.439284,1.2558118
-2.5565097,24.318357,1.0620067
4.9889116,14.842765,1.1790369
6.879682,14.65022,10.070163
13.82941,28.174263,2.9909317
15.336431,27.723488,-8.868556
3.5197525,31.543818,-8.174246
-19.180445,25.524738,-14.925625
-27.99167,3.7827969,-5.2194314
-3.614114,6.2485065,16.954098
8.252079,12.736206,5.702852
-8.029877,3.8537586,-6.1238904
-12.608137,-4.498048,1.656787
-6.5611353,-13.793886,1.6477642
1.441501,-9.928135,6.8196774
6.8638186,1.3623223,5.2361007
-3.6923819,-7.7125087,-5.9227715
-6.726985,-11.609207,-3.173592
-2.9449334,-12.844736,4.2758923
-0.5003188,-32.882786,3.497004
8.887566,-39.181316,-7.599494
-5.609821,-37.52369,-13.760677
-13.193745,-36.84607,-0.5316562
11.110171,-21.357466,5.061051
6.586054,-25.979828,-3.5900297
-11.250381,-31.425137,6.0869064
-2.6533122,-25.358397,5.156088
-6.8940916,-43.04351,-10.7618
-16.833237,-32.755207,-1.0909336
-17.697266,-17.159086,10.346399
-20.1856,-26.483671,3.6994994
-9.451125,-10.323732,-2.505205
-4.7964,-10.805141,-0.55375165
-13.185755,-29.536732,10.704194
-10.555674,-28.43081,10.19536
6.014644,-24.076868,-3.123975
16.590603,-11.1480875,-2.9210424
7.1360703,-16.904856,5.897956
2.6585271,-37.089287,6.1510634
-0.7585652,-20.738472,-0.24925445
-17.478653,-6.37953,3.4297738
-8.5154505,-9.566132,-1.5645478
7.164856,-10.759232,-8.1708145
-0.26528344,-12.599098,-5.8628545
-13.17741,1.000031,-5.8861575
-21.178823,9.163433,15.036985
-11.406563,9.870527,18.248547
5.748098,16.940498,-12.015825
14.451006,6.7364283,-14.529641
13.585124,-6.1446166,-2.1703763
10.354913,-1.3009807,5.7223067
14.381215,6.8533764,9.78112
15.303404,16.874903,2.7683983
7.1287136,17.004356,8.996426
15.328573,5.217355,3.5776987
23.874088,10.464823,-11.655346
7.3062463,21.720322,-5.608717
1.7720413,28.227749,-3.410391
6.1930346,31.553362,-0.69143414
0.7342259,29.187912,4.7860417
1.1330668,28.865984,2.180291
-2.3115296,26.311699,6.0683403
-10.9138,32.697647,-0.045384314
-14.24638,35.69042,-14.630126
-16.071922,31.926718,-13.22901
0.0018336334,19.556267,-7.4422026
6.6954365,10.311076,-12.305848
-6.723359,38.17806,-14.389142
-20.361765,29.726639,1.7540205
-26.67072,4.423709,14.494728
-1.0567335,23.596333,5.9546623
3.1341026,18.822287,-15.747449
-22.545519,4.1437817,-10.77611
-29.980577,-0.5023734,12.018774
-21.143618,-3.9794276,7.3709183
10.192111,15.784832,-2.027099
18.157623,19.027498,4.336396
-8.498087,6.6569843,14.072603
-10.383037,1.3409771,3.2023182
-12.187215,8.83877,-7.7764745
-12.823663,23.20045,5.1145344
14.416603,17.109375,7.2697353
12.579082,11.715526,3.1412761
-3.5936987,4.4490447,10.279013
0.012519519,5.725085,7.1593456
3.5219483,13.09256,-0.6891378
-5.270378,1.9103459,1.2081449
-21.356937,15.242503,-0.7155655
-12.178283,21.219778,-3.678639
8.786677,2.6516604,-6.76027
12.230318,6.985583,-6.602477
13.079223,1.0141858,5.290678
17.923101,6.195811,5.3521934
20.511326,18.571985,-2.5615804
28.963516,7.3714485,-4.7319484
31.099916,19.715223,-4.444101
27.285625,16.27515,4.244031
23.99434,5.289839,1.614749
20.735264,13.248842,-8.784432
27.341408,-1.1842676,-2.2592862
29.226376,2.5311582,-1.9252497
25.154285,12.26758,-0.07300883
23.798685,-0.18802421,6.968418
22.36307,3.9437206,-9.037687
15.48899,-2.1536674,-16.957855
11.914698,-2.255575,-2.1517053
7.3482847,3.8926287,14.179341
3.6756687,-21.789152,13.729726
8.508142,-21.760258,-3.7358801
18.466522,-14.76917,-8.313048
22.090961,-25.37376,-3.7258809
4.1349125,-23.865475,-1.3316013
1.142155,-36.281036,7.3066645
1.7064859,-38.032753,12.603413
-8.571779,-26.357124,10.367523
-6.5629144,-34.584473,1.5399948
-5.316212,-17.392223,-12.607779
0.40234956,-5.55037,-16.473
2.9073815,-25.66369,-6.6338654
-5.537405,-25.562962,0.556011
-7.803375,-22.462091,-5.7017355
-4.4961534,-17.58898,-7.3799953
6.5371323,-10.634314,11.214268
9.555493,-17.867548,14.704846
-5.20882,-14.993938,-5.937527
-11.293703,-15.459217,-5.0750875
-11.127249,-25.617664,-2.2089245
-13.099386,-25.196993,-6.828371
-11.161555,-18.645393,1.6452286
-9.957293,-15.986741,9.201113
-8.31199,-27.089602,15.773264
-4.8747444,-20.846199,0.99611807
-9.623445,-4.805457,-17.924805
-20.869133,-14.972537,-7.255756
-26.092302,-27.554274,9.3647785
-9.001631,-22.458624,8.55737
4.348387,-11.28415,-0.39490986
-5.434659,-17.270084,1.4600306
-3.143168,-17.990574,6.7680235
-2.2705808,-7.2733645,2.4630218
1.3422084,-8.809721,0.85528934
17.698711,-2.2814643,6.592348
15.544421,10.259846,5.805077
12.609287,23.65126,3.8973746
9.4629755,26.429193,-0.3782313
2.2985156,-1.622456,-5.687543
11.2730665,0.83368564,-4.6051006
11.626982,21.03592,4.7440324
8.9422455,19.185331,8.213516
12.725869,30.055847,-2.913719
12.236271,34.252552,-6.822872
10.769695,31.493721,-0.7242434
-1.9919641,23.219543,4.286117
-10.226046,21.118044,-2.6550903
-15.70909,36.389767,-7.5185094
-17.424738,32.692398,0.3763397
-11.744186,26.913946,0.66559386
-11.043955,30.246435,-3.5774398
-11.960827,29.665224,-9.137124
-10.209645,25.926447,-11.608186
-4.3081436,24.540447,-3.814542
-9.979412,29.790554,-2.8037176
-14.811181,26.493086,3.6506448
-32.260338,12.829803,4.9282403
-60.6936,1.5422102,-6.9334607
-57.797832,3.9765024,0.8084466
-40.155266,4.7344327,5.303346
-21.53957,-10.878233,2.807198
-12.115764,-13.865458,9.525334
-11.620173,-6.7709036,1.7504275
-13.408669,-4.365101,-4.1984878
-22.171515,-8.577092,5.7103753
-14.921943,-12.932578,1.9997854
-8.169536,-6.191517,-9.234363
-9.762416,-6.6749377,-3.8605554
-4.385488,-3.6208882,8.858967
-7.096241,8.47387,8.247863
-0.70718277,12.973113,-1.0115219
6.158095,5.6345186,2.3322794
1.7217929,1.4623156,2.1615293
5.235015,9.891662,-3.686847
4.7791324,-2.2535524,4.523323
5.198375,-10.785937,3.0620985
7.5621176,-5.0213795,3.0810826
-1.0422733,-10.698371,5.718262
-3.8109717,-1.6083355,2.589726
8.514224,-1.944653,-1.4526689
4.68205,-8.166174,-8.190253
-13.151415,-4.247068,-2.2743409
-7.819515,-14.037974,-13.341834
-4.101062,-18.385384,-12.828435
-12.3271,-16.317703,8.402464
-17.145218,-7.42667,6.505416
-16.005714,1.1148983,5.360681
-8.101055,-3.5362158,-4.3938103
-3.92729,-7.6151013,-16.563766
2.1186965,-8.801914,-2.3140514
-0.056776565,-14.48779,6.4475365
7.45497,-15.245652,0.79440284
19.832247,-12.454213,5.4611435
13.671748,-21.956783,12.853237
19.018507,-31.441822,8.488395
21.682095,-24.958445,-7.09167
22.466146,-4.4616055,-15.533671
25.715506,1.7880533,-4.974998
22.945816,-12.568905,-1.6566994
36.005493,-12.630001,0.18946853
33.386677,5.199243,5.2340994
11.494338,4.7943993,2.218618
7.989771,-11.152432,-1.6841376
3.0303912,-10.86045,-11.999879
-6.2096453,-0.6908687,-1.3978312
-11.263052,2.4458084,16.64538
-9.380946,5.6132383,11.873956
8.7808895,14.725326,-4.592411
-1.5919433,12.754321,-14.077365
-28.904581,6.9782887,3.423943
-30.614738,4.82698,1.7075152
-27.559921,-1.9076434,-9.417681
-10.312405,-1.0533495,-1.4899001
5.889618,-3.9474635,-9.450832
-3.866814,-4.948088,-1.4703705
-9.339427,1.0247045,13.376704
-8.361256,-8.02177,1.5165749
-0.2684215,-4.8767705,-0.65748537
3.3642988,-0.2141933,5.333136
-8.066082,-8.841846,9.406874
-4.5025296,-8.247593,3.1336899
4.20719,-17.055021,-15.610423
2.023477,-9.078586,-10.937248
-0.32894325,0.67579377,-0.75037384
1.8786893,-10.032131,4.0190687
1.3896366,7.7304707,14.194732
1.0469515,15.708075,-4.183432
5.4426064,13.04214,-15.743119
7.476307,19.478466,-5.3619547
12.897351,11.236218,-6.877978
23.17726,13.576446,9.757404
26.753159,12.240333,10.733291
9.191034,9.902297,-5.0321345
0.9668163,16.30371,-0.5232509
25.647774,13.197818,-4.10432
38.412907,14.632605,8.549701
26.610613,12.389858,12.60994
1.1715076,13.182155,-4.3423204
-7.0848565,7.6360507,11.488127
13.4557295,-7.2762475,10.560068
14.368104,3.1747563,-12.511476
8.35273,10.110397,-7.469615
11.043522,12.9714985,-2.6715384
17.656935,16.541424,3.6632059
25.159487,8.739497,14.126118
14.18643,16.249662,2.7473102
6.7930374,7.3807206,-9.960225
14.943154,-6.888051,-17.24681
16.855501,3.1722093,-19.015436
8.975691,-7.185779,0.801353
11.310021,-8.762846,17.895037
14.292257,-4.512613,15.861355
9.04998,-12.79224,4.871934
8.004665,1.5251288,-1.1789267
3.9418178,-8.174024,4.0078754
5.124523,-10.1295185,-8.368338
9.009055,5.448424,-9.747108
11.5171,-15.015351,10.490078
18.351835,-11.496465,6.3199873
12.057314,-8.244136,6.606283
-3.0317702,-11.28678,6.2123547
-1.2570063,16.673635,-8.2329235
10.802097,18.6235,-5.789638
5.5281377,13.922345,-3.222583
-12.157002,4.365148,-1.6569376
-24.600449,-12.866369,3.739215
-19.004969,0.3509917,1.4600345
