ax,ay,az
-54.74857,-32.303745,15.062287
-36.521973,6.441307,-3.696489
3.788337,4.132947,-30.924686
39.420517,5.733392,-32.01051
-29.062103,-19.59594,-28.970762
-69.08725,-28.717215,17.712927
-41.206436,4.276906,41.54287
-7.5211916,-3.7009459,29.487915
19.087896,3.4283528,19.855947
-22.317993,-3.3517416,11.99549
-13.044425,1.5861686,-1.7980949
42.01813,23.068361,-10.938382
2.6451087,11.955181,-20.247032
-17.736801,4.37296,-2.593302
-31.902815,7.0344853,36.884624
-29.127165,18.932158,35.579723
38.405567,21.677729,0.9604418
4.9813395,28.894253,-34.657143
-19.056025,-5.0398645,-1.9765792
24.171894,17.958359,13.862901
33.698513,51.73439,-18.441288
40.561195,6.896067,-30.110876
3.1307626,20.362057,-39.190994
-20.747448,14.888785,-8.128557
-37.27218,38.877655,-0.28597194
-57.445007,60.764565,-23.523827
-1.616617,20.996265,-21.164562
13.967986,38.876755,-37.84211
-9.823199,30.829031,-36.558506
-2.9601355,23.415634,-28.962608
-20.448374,30.858984,-44.85489
2.157736,4.5766068,-18.446653
22.782055,18.805492,-7.221949
-45.22713,10.03768,-15.49299
-42.470287,-11.550183,-8.099556
18.854445,24.376421,-26.681797
44.363842,23.195553,-32.05604
40.250732,23.76439,-38.059406
0.7002183,26.388767,-7.326777
19.343391,1.4307781,35.96774
31.717878,26.798332,5.4064374
2.6431231,-7.0773478,-1.9744635
39.26171,-37.811478,-21.954739
53.634525,13.055203,-46.291176
54.38895,3.4918427,-3.5537314
66.927925,6.44639,-10.680055
12.385417,16.787184,-12.111356
11.047724,-10.647515,24.295647
21.437822,23.890987,4.6721096
-26.734568,19.294304,-3.7107987
9.522273,-22.430191,-23.265793
26.114523,-0.048052445,-46.07241
7.361632,-23.90436,3.8091884
28.553442,-12.562295,-7.252598
18.947998,16.097052,-38.09136
34.243492,-28.50283,-7.548532
11.283977,9.759481,-4.8024993
-39.363976,-17.413816,23.69485
-9.723868,-47.534203,16.755175
18.951887,-4.7189746,-19.105288
23.31485,-37.78313,18.60406
-4.706308,12.078697,14.284077
-6.9889417,9.589868,2.067765
36.252544,-22.918217,6.313152
-8.187958,9.375923,-9.585099
-56.91197,-39.709988,19.796293
-39.978775,-20.062191,10.322126
-27.831795,-12.570011,-17.375517
0.22835456,-38.566006,12.4367485
-26.632393,8.938151,13.191815
-43.937817,-5.4711804,10.135319
16.533472,-6.5608935,-1.275942
-13.326166,12.471488,-24.07622
-51.901596,-23.896338,5.909612
-45.539577,-0.90725887,8.421826
-29.832113,5.6281176,7.803308
13.488006,-23.007702,32.11206
-19.936548,-0.123317376,10.828813
-21.042484,-14.628374,-15.481701
39.315174,1.1339844,-43.0798
15.040869,17.655626,-40.547802
-39.27382,-13.5513,17.56574
-74.46507,15.926152,35.545956
-60.857628,6.127292,50.9497
-2.0967834,4.1686015,35.17014
-11.713299,33.905823,-42.59896
-36.744473,-0.6878646,-12.888007
8.533854,26.639635,3.7409127
22.227049,44.18866,-20.197279
-13.862508,-2.26766,32.252632
-62.90267,1.7729745,18.104643
-48.304966,-11.586407,-1.5413018
14.564989,-9.783622,7.4510484
-22.349312,1.1505872,-3.5199587
-11.977259,-4.3398657,17.825796
24.506014,44.81885,32.741665
-10.604867,27.545382,31.482712
10.706029,-9.657127,18.344862
-26.059444,-3.4453034,-2.7179022
-28.818207,-31.256973,12.464057
44.844242,6.3880863,50.23126
1.5297914,38.946632,49.044415
-13.714335,2.4308658,36.40653
25.677114,14.81245,1.2581737
39.692,-1.9078068,-23.597816
30.6483,-2.7840972,-26.2183
-17.608068,26.148207,-24.540392
-8.079672,-12.968157,42.33895
6.5101295,12.462147,37.231834
-4.915327,6.080779,10.677166
27.87918,-17.73718,-1.3121071
34.581203,29.757784,-41.565456
42.778755,2.0658305,-1.8584837
20.809574,6.8987174,11.851447
-22.45584,0.96115017,-2.3592308
32.706825,-27.505812,-4.49355
54.662838,20.330988,-10.618975
33.28855,16.302092,-15.825328
31.85086,7.721725,-20.231428
11.746469,4.4914885,-1.6484213
37.784138,-2.614381,7.4572353
40.016636,40.895367,4.2631655
-8.874231,30.674175,-21.57856
3.7667508,-4.3749976,7.7620363
15.481971,1.891193,59.115982
4.003341,11.112233,36.177647
37.285892,44.389484,3.2483134
56.38682,38.296207,-16.890743
49.61836,9.760486,-9.113921
20.240784,26.77024,5.750395
-26.95783,2.356783,-8.221062
7.9775615,-6.285385,-2.6826668
36.51952,27.425768,17.901096
26.183224,40.449265,3.683504
54.847427,35.54073,-11.589195
53.133495,7.50874,-29.110056
61.327454,8.7990265,-29.954084
42.1096,19.914707,0.38407472
9.19388,-1.1301277,7.3721995
41.103203,-1.093327,-7.500841
25.566807,11.551441,-20.743639
21.456354,9.318007,2.2639742
6.7680545,24.968525,2.834837
7.1832438,33.994,-26.611835
65.074356,33.916004,-3.43183
-1.9454457,30.164745,30.534313
-21.016294,16.942137,5.5932703
33.539944,34.065533,-13.294092
23.131672,25.83481,9.092373
24.040195,6.443203,19.573772
-14.4102125,29.921284,20.414463
-11.401167,10.791141,-2.9711914
35.90709,-1.812742,-14.53615
3.2505376,28.387484,-13.600211
-29.178066,10.924687,6.7782955
-16.375477,25.52777,4.3434086
12.195603,23.193277,-38.398724
-10.045839,-0.6764339,2.6219532
-57.366413,33.009773,8.578925
-14.423558,9.660508,-1.0744501
30.87062,18.682026,11.753602
-11.672337,11.828909,-5.081923
-35.811756,-22.055897,24.345222
-27.953962,10.223997,-2.0575135
-20.71127,-18.651676,-8.688842
6.1551533,0.3601003,18.805223
-24.164574,26.083542,-5.560634
-30.489418,6.013301,5.6975956
7.4142118,20.451471,10.048042
-36.801605,-10.133212,26.707447
-61.304,-21.066818,47.56574
-49.90523,-20.138844,24.201433
-2.8440347,-27.13827,14.589749
49.04641,-4.398716,12.855118
-13.091359,-0.49334535,11.156105
-32.44557,-18.684027,23.809444
6.098203,-22.37373,22.135136
-8.137829,-25.028643,10.0651455
-23.398607,-16.089048,20.624098
-43.56683,-1.1872765,34.51006
-4.569308,-26.168922,32.623585
38.71643,-7.9879656,21.201292
-2.1708193,-23.588894,19.019518
-1.5423315,-38.250603,20.224285
17.460146,-5.210389,12.658157
17.427052,-37.45777,8.698708
-0.06906851,-32.10345,15.393826
-41.04019,-46.977863,25.67476
-1.2863047,-53.89241,27.129652
35.98103,-25.765057,9.19233
-2.5832741,-54.959183,-18.259056
-1.8953487,-43.86746,-8.712611
17.6442,-16.813208,-13.758485
27.254923,-19.479033,-10.3936405
4.838779,1.8544747,16.208666
-50.143925,-3.8659556,-0.6396225
-18.531109,-46.155113,14.176102
12.789548,-25.72755,19.381685
-2.8686695,-15.080114,-11.248812
2.8310435,-9.382803,-28.743322
2.0566142,-3.2079604,-17.730928
20.419516,-33.86414,18.435743
0.22607933,-11.696042,3.3736825
-22.82979,-25.651382,-16.038174
4.3258142,-46.757595,23.207277
-7.6598306,-19.04971,22.544855
-5.197161,-23.326057,-13.2619
8.981402,-15.428571,-6.524298
-7.7933474,-19.588127,-11.471477
2.613638,-25.103931,3.8203936
-10.718956,7.986953,9.890179
-35.91813,-15.579862,-20.161453
2.4727027,-29.494955,-24.406797
7.0039043,-8.467074,-13.177619
-10.228985,-1.8113097,26.993784
5.8417387,28.013521,14.672263
6.5540056,-7.421636,11.71905
22.034426,-36.234886,37.117683
7.780526,-12.689027,-10.281424
-2.7837875,-15.1462755,-27.044554
34.118458,1.1990253,6.6358757
4.7068286,2.8867621,43.962322
-6.124396,1.1679889,53.82422
1.8320435,1.2646745,11.737142
-20.805258,-37.28518,-15.557034
1.571487,-16.662186,-0.7877308
-27.552874,29.885977,9.333456
-34.11069,4.682393,48.384304
11.353315,17.1433,46.691772
-8.283603,19.284693,16.529493
-19.178913,0.8640209,53.400864
-17.31232,44.167423,13.787099
10.672133,22.157198,-15.441158
31.349321,15.59789,13.748061
-20.746847,37.537636,24.90848
-30.768724,20.503876,41.528915
-10.544941,30.11827,29.536509
-15.992048,-4.85622,39.443077
-4.1762953,-9.018433,34.37963
-8.677563,28.027016,15.022696
14.360251,3.236497,19.963535
36.602413,34.85136,2.559548
-18.582747,46.774395,9.566505
-26.559015,-29.049345,46.919678
-12.1157465,-1.5258818,6.958565
-6.5967903,3.886753,-24.068937
10.585991,-31.242575,21.53678
-22.276602,1.943057,13.752237
11.936902,-24.759779,13.655116
50.642326,-9.215969,-0.5356376
10.126851,-5.807027,-11.628325
17.208794,-20.787312,25.135918
10.496583,20.223629,-14.537377
18.395845,-30.306284,-2.7478645
15.777939,-36.86446,27.042217
-41.88856,-15.6217785,1.7211393
7.0160837,-22.104633,17.241724
53.872635,16.586657,-7.4866576
43.90833,8.412103,-25.819073
22.59413,-7.2194486,-3.0833201
-32.571423,-0.21172617,-12.945248
-13.019163,-23.462795,-5.630317
-7.539105,-12.673256,5.593478
-50.47405,5.9061055,16.514217
15.821504,-11.415368,28.15608
57.709835,22.40529,-51.196465
26.281044,4.3556423,-76.302536
9.385241,-17.42199,-26.319077
-30.095497,5.7233243,-42.92076
2.0391834,-17.951893,-22.001127
4.9051356,-0.19382335,-4.120769
-51.23647,-28.64986,3.2055511
-24.444855,-33.7759,16.94863
3.4611528,6.5877995,-36.806564
53.30785,-27.47538,-64.086395
30.457514,-25.000425,-58.338364
-42.820995,-28.85515,-34.564075
19.025946,-44.59837,15.015763
12.231754,-18.25921,12.01415
-39.846336,-37.824894,-8.678954
17.420538,-43.447956,-2.2449083
24.664047,-6.362916,-28.80781
18.287777,-28.973747,-40.268414
16.916245,-9.822135,-40.202606
-17.10855,-24.516796,-22.715755
6.857991,-49.260532,1.8880216
-8.2873,12.587164,-22.499691
-23.676453,-35.188908,-0.92623025
-0.4761149,-27.886948,-18.868307
-1.7654613,-15.018055,-24.193052
52.22039,-35.609333,-11.699035
27.267876,15.572191,-60.50164
-21.71062,-29.539093,-35.625984
9.623765,-24.282728,-6.70251
-14.674004,-12.470885,-8.631698
10.187312,-47.700146,-12.368875
25.353329,-30.723553,-19.343945
11.024362,-44.001564,-45.00992
30.753244,-33.486156,-37.297092
-13.208133,-11.156558,-32.965565
10.273538,-27.091066,-62.4419
33.57361,-27.589415,-19.254107
-26.991377,-40.717083,5.515792
-22.483414,-38.322235,-9.754144
3.1343973,-5.844264,-37.058666
34.71269,-36.763756,-37.078526
70.0568,-18.163929,-36.46533
17.588287,2.6003776,-31.0311
-6.0140753,-31.628439,4.236532
17.437656,-8.80415,9.473282
-34.83672,-25.127165,33.744034
-33.154644,-13.608526,19.189293
-3.4125545,-6.9703293,3.820961
-18.943644,-55.853043,8.812944
-2.7759879,-33.763382,11.551381
-4.68562,-10.305843,24.299515
-3.7535665,-1.1287304,11.149459
20.836992,14.424613,27.18885
20.210957,16.612625,37.426086
-7.0541735,17.835571,24.336151
-2.142663,15.379495,11.745091
27.857033,5.1537313,13.327301
9.841963,16.21929,32.460125
-2.21148,38.65431,38.863018
33.120857,50.005535,13.7970915
61.537506,56.75093,-14.284622
49.80937,30.629559,-9.030357
16.030418,23.597551,9.6405115
3.8354027,30.417969,21.127073
41.24405,13.869741,22.522285
47.21576,18.936092,29.299532
20.86331,25.381807,5.3495364
44.343006,35.286892,0.27296323
51.427803,46.43417,6.563179
32.228622,29.27088,4.2924585
-6.8282843,22.321663,42.93332
-42.71888,24.934746,21.747784
10.5281725,25.97094,-8.4807415
29.202942,44.574062,-4.9500637
-24.831024,27.324585,11.501968
-17.48851,21.117273,27.000422
18.509226,57.87917,-5.864513
35.22087,26.087103,-4.983392
14.739994,21.917278,5.2898245
-29.141947,32.92377,29.713472
-11.898575,6.5174556,58.601818
-1.7390007,28.803864,37.23613
-41.7359,-7.0592256,26.708084
-33.202934,1.7901008,9.161378
-6.141322,39.05762,-2.4470367
19.289455,4.4708886,-0.28296146
6.279787,7.4001675,10.662013
-38.008068,-6.13836,16.290863
1.1239035,14.252901,-8.454902
-0.51571226,33.426216,-17.83217
-25.95422,22.731544,-11.047196
-14.389231,48.24468,-8.696665
-25.19271,44.97314,0.87283915
19.231415,23.806343,6.640427
-1.9502941,26.887003,-38.810917
-62.18341,2.1183689,-42.95106
-33.255146,-18.709805,5.226739
-9.777325,29.621756,0.8306198
-17.486996,17.772966,16.473352
-55.75671,14.268137,39.82812
-40.90877,22.072224,2.5353684
2.3165493,-12.214168,-31.576284
-18.247227,-4.47443,-43.840214
-33.92832,-31.788902,-35.542786
-44.88978,-24.57387,27.515398
-30.602095,2.9241996,64.79052
1.5281564,-10.084083,32.364235
-2.2302606,4.8518386,-31.236916
20.3588,-11.626296,-71.78623
38.100323,-38.894993,-46.2984
-1.6872599,-12.919569,-24.230362
-28.257837,-28.62288,17.550026
-26.828115,-39.014977,43.353153
-5.402909,-15.758454,24.559837
15.1707535,-23.774326,-3.2367547
-4.630145,7.4712777,-68.05733
-13.543659,-22.442184,-56.637367
-8.915704,-41.382927,3.7429292
-54.182686,-5.8504634,11.596177
-70.15671,-26.771702,-17.425451
-29.566595,-12.725001,-33.099327
-49.756035,-44.227337,-19.225487
-50.49542,-48.345604,-17.062866
-31.369997,-8.654331,-44.413235
-52.792458,-54.08025,-48.57487
-16.094357,-27.874746,-7.7161074
-30.874245,11.78097,-30.941013
-59.227726,-12.382892,-34.144638
-17.74523,-16.743418,-15.6397085
-40.849884,-40.91418,-27.730942
-43.72233,-14.365751,-8.537264
-3.810681,27.962435,-29.31622
6.5779505,-1.8018996,-46.330856
25.65877,8.077161,-33.689945
11.804863,12.675306,-15.516663
-27.409328,0.20374069,-12.273448
-35.708103,3.8509104,-20.61309
-31.259304,-25.37956,-2.5732253
-43.730614,-7.716356,16.002464
-40.92798,23.36035,2.704672
25.898972,18.62512,-44.82222
39.63601,34.06248,-57.318047
-11.054026,-2.437495,-23.05004
-3.9118893,-24.340359,0.26769492
-5.046332,12.798941,-32.485016
1.5462505,-19.634943,-35.728123
25.46494,1.8874035,-21.64884
-9.6319065,17.541977,-38.998234
11.029854,-12.263476,-20.670452
57.676712,27.796267,-30.059425
28.131216,2.1216855,-22.448895
14.219173,11.632345,-30.346073
12.490206,17.679789,-81.843376
33.861134,-31.281952,-70.77385
25.77003,-5.8981075,-42.543423
-41.189095,-5.1563773,-7.983044
-0.19117773,12.927253,0.6795982
45.78703,38.36253,-54.25489
33.253082,8.441075,-77.773094
15.779362,0.1076049,-43.56028
1.095026,18.212309,-55.919815
46.61948,8.29472,-35.833138
8.041521,2.1920347,28.846558
-31.987137,17.220554,21.174791
28.12751,32.0035,-6.561483
51.703403,51.366905,-32.79687
87.30609,11.405323,-22.090193
39.59614,27.6853,-10.254552
-33.15047,44.090813,8.790289
29.985447,16.932013,21.727497
29.615942,69.63469,-18.706795
-8.735971,27.949572,-1.9482627
-4.836617,18.24877,8.211845
-9.587075,23.77711,-0.41474175
17.3833,-27.990625,13.3748045
-14.93347,21.555344,-2.324082
-51.95604,-4.585309,-1.5711193
-17.039047,7.5908647,28.294464
-23.70684,48.467194,23.43544
-32.36259,0.03264204,26.554222
-40.80918,31.048582,27.820185
-35.421906,15.758539,-23.98749
8.502556,0.11532425,-23.7667
-24.84111,29.788301,-21.344814
-58.502445,-14.759074,21.311533
-24.31323,20.179262,75.65783
-6.3692417,49.23588,37.802994
-11.329749,17.126554,34.35577
-24.221338,33.390587,9.183837
-16.932236,-1.5213543,0.69073606
13.156541,6.0898967,23.387173
-1.2220702,19.701324,42.602093
-24.199408,-14.86599,54.70558
19.047007,19.134811,23.129354
23.573288,-1.4750996,43.00437
2.761618,-11.10437,21.063253
13.122561,20.934954,11.987808
-15.787103,-10.192329,70.484924
22.926739,15.289641,66.49376
38.70288,18.584108,60.381695
-28.93885,-41.985775,66.2747
8.51462,-20.87011,46.633614
53.73367,-2.6126883,40.664795
58.68922,16.418022,43.176136
37.670868,28.047348,33.591633
12.29677,-20.57949,46.21331
41.802486,1.8230264,30.05735
23.727621,8.793654,11.490818
14.320499,-13.733908,22.647093
23.401299,3.4586782,19.331572
15.416827,-10.66664,41.9194
40.22664,5.0042634,52.50957
23.475649,10.965913,21.78042
28.331753,-22.071657,-4.7318616
51.921402,-9.204951,13.994105
18.933868,0.7238117,27.802025
23.487383,-7.127555,22.244452
29.708899,-8.391411,22.544199
18.935354,-31.144321,29.008665
11.222503,-9.325857,35.923252
-28.372236,11.966218,-1.0766587
4.807687,-29.690044,-2.9505246
22.711683,-4.1925216,10.161913
-48.286053,-1.7022587,30.292137
-28.906462,-21.171757,55.56748
-1.5812272,17.721258,4.719683
-2.5539474,-9.125302,-4.3098655
25.819752,0.13849615,8.269477
0.784004,23.200644,-9.052199
8.39845,-4.430244,2.6823862
40.23133,15.938078,-12.296976
19.512829,19.187782,-15.946959
3.466869,12.27125,21.200619
-1.3027508,13.277625,-13.076844
41.521557,0.6518537,-31.488972
38.25286,0.29801333,20.661674
-38.311646,-0.24854286,4.8839107
10.92124,6.335265,-24.296314
58.592285,10.586967,-27.635834
4.2195807,-8.757309,-9.540454
-22.823917,3.2027164,8.629007
-29.745539,12.125861,-7.796926
-10.271865,-27.80289,-3.7958736
-17.829018,-10.631279,-36.394554
-32.300705,1.4566964,-42.091072
3.6320102,0.482455,-17.723412
-0.60226804,17.860928,-48.22244
-10.068774,-18.544645,-36.973354
-37.028713,-3.964797,-20.568892
-40.59944,-8.7485075,-45.349743
30.286272,-30.74445,-55.684345
-17.741886,-15.951156,-30.264252
-66.55471,-56.752155,0.6615874
-23.764065,-37.35073,-11.85986
-21.847858,-30.046412,-33.454174
-3.587115,-58.705853,-32.09236
-46.960922,-33.431343,-36.145256
-66.72675,-45.13004,-26.886791
14.255384,-17.359594,-6.288352
-2.4660373,-7.390916,-17.447086
-35.4309,-51.697933,-9.71354
-23.712255,-11.371355,11.336521
4.2587104,-2.1829329,-1.7055941
41.421085,-9.057606,-10.169301
-1.3231121,-3.042117,-9.408326
-17.83077,-31.524612,0.017364541
13.14145,-11.277207,-4.5925813
-3.155354,-26.221308,-33.341328
2.338431,-35.032436,-19.985231
-15.762521,0.6370015,-3.2743428
-23.105225,-17.244585,8.2122345
24.186987,-12.184294,18.753366
-16.037111,1.9527391,-27.521193
-20.91167,-27.95763,-21.90357
39.946156,1.0098034,-19.94668
38.99361,36.29929,-57.978283
26.807941,0.5594394,-21.963802
0.42939058,6.207102,-19.227228
24.464994,9.395566,-21.393028
37.980778,4.4802265,-8.032114
-21.004005,1.3581231,-31.110474
5.607825,-24.790403,-15.489071
9.926052,12.294587,4.4873147
-15.044065,10.0614395,29.441673
14.283672,-0.000748216,22.87041
0.8919648,19.920544,-22.826073
32.70479,-13.58093,4.7642894
52.551678,12.66592,9.413166
-4.621091,31.414322,-4.9859047
-8.061856,-0.19428411,22.958279
-17.3617,11.927668,12.815609
-18.964113,0.62417835,34.384007
5.059706,17.203964,33.330143
0.021812828,33.57982,-8.944496
25.295115,-11.569665,12.571676
4.6533375,11.55147,17.25218
-26.988981,19.262207,25.825481
15.672081,6.220501,18.385944
25.39901,31.635798,-7.639276
23.476734,2.6251664,19.397543
5.599912,12.134075,6.5319653
2.4420877,22.930872,-15.449517
67.396324,-3.9926558,-14.330001
41.91243,13.188353,1.2823299
4.849419,-1.545099,29.469133
32.484623,25.655544,7.1109505
13.928397,26.98014,6.2121606
17.906748,-7.7974486,43.18605
5.472755,61.02922,35.568817
-15.389331,29.749668,24.849646
30.323423,-2.2899044,7.5883107
14.7997675,15.374496,-24.22339
-22.320938,-22.762323,20.726856
-15.203223,14.768074,55.834484
-15.163895,2.7145689,57.672108
9.087408,-3.2557564,65.77758
-10.350015,26.254837,16.641994
-30.760683,-17.24667,-22.889095
37.818813,10.161125,-47.371532
15.551745,24.267643,-42.55385
-28.646536,12.013323,8.2576475
-4.2597814,47.308044,23.191242
-5.9644136,9.765637,23.89553
14.736078,-10.650871,19.32397
-13.509859,4.6858277,-8.66214
-8.897192,-19.4291,-3.9369562
27.722948,3.5791965,20.566504
-26.590788,6.6020093,28.206667
-7.109081,-2.850695,50.855637
7.202678,28.168911,28.650423
7.376398,-14.386559,-11.03288
23.748991,-46.409134,-17.056889
-44.31062,-28.739037,-12.779896
-30.978859,-19.891508,28.626053
-2.3474417,28.826017,21.37948
-10.77958,9.385444,-10.504038
-6.4622693,-36.0041,3.975968
-64.94705,-14.755946,-0.07144341
-8.005355,-20.193754,-12.631407
60.753162,1.2709919,-12.111935
-13.145295,6.302302,-17.617483
-20.31431,-9.17541,23.44693
-15.681627,27.39865,42.21626
-33.405064,5.1269417,4.0227604
-15.712803,-14.656142,1.6119176
-42.48728,17.541096,-9.991384
-33.775417,8.447991,35.654175
-4.419096,22.56398,43.944614
-29.496979,25.738657,4.1354017
-25.53348,-3.3779745,45.342705
-4.2338204,33.97618,28.695631
14.0805,24.206928,13.781352
11.385648,6.005812,12.589326
-20.038116,29.10207,1.3380862
-12.2425995,11.719392,20.831446
-8.06945,36.150036,35.092968
-13.247241,42.823616,27.999535
-0.6152561,28.94522,-2.4030054
-14.057563,39.090546,12.295533
10.536975,15.598615,15.790744
25.537573,30.039257,-24.615784
-42.17347,20.04625,-20.913979
-32.879032,-15.905612,15.871058
2.1702511,26.088825,19.528622
-5.883308,16.52892,-0.27741912
41.50559,15.713819,-17.860132
44.87125,42.033306,-17.30866
7.8539286,0.6613734,15.095708
-12.042716,20.615004,33.572746
-35.537273,20.478415,8.392017
-10.0299835,2.7522254,-0.70048803
10.128989,33.162975,4.1099443
-3.2475922,9.241403,-21.479525
-9.753808,0.35618353,-30.480297
-7.0725527,3.9512694,-29.945217
-12.89917,-18.449911,3.404085
-41.675533,-4.624921,10.32269
-18.215744,0.3420279,-24.018917
19.098679,-8.613396,-17.856764
-2.0950537,3.9975667,-11.540857
-9.259786,-10.443614,-11.105228
-20.737595,-0.4447426,-43.267704
-21.931847,6.099001,-30.712633
28.364136,-12.701776,-8.643941
-5.307735,12.724607,-10.661001
-49.823326,-6.412755,12.431572
21.235054,-10.586748,-30.950762
20.028,10.9029665,-30.633373
-36.124958,-16.822823,1.6714737
-13.499845,7.009511,-28.692158
20.832308,24.610046,-29.910185
40.111347,-1.4304895,-11.291176
31.092049,25.217316,-25.649002
22.642345,16.131075,-16.34734
42.013138,-12.247962,-15.443684
38.792084,18.295183,-46.321144
10.807415,-15.577253,-3.732706
-5.469777,-3.821652,-5.4724336
20.438116,25.811728,-42.902958
48.955235,-17.643797,-23.843584
7.797407,1.3146906,-18.035725
-22.910906,-9.192416,-15.662928
25.083593,6.900256,-18.433912
26.644844,15.296649,13.041158
-16.668447,-27.926556,18.222904
-28.022161,0.27527943,-14.299005
-11.007115,-23.340883,-15.281866
34.507336,-34.053196,-21.3795
22.916355,0.15750355,-8.51711
-8.959375,-19.782084,33.732082
12.57147,-2.624873,39.4724
36.99578,4.729515,-10.944243
45.358917,-43.078693,-29.22928
-8.744096,-43.998123,-27.33765
-12.997879,-47.620323,-24.923536
64.45195,-23.203716,-5.910719
16.689804,8.415741,21.87196
-26.057713,-31.94669,39.8129
25.845005,-6.155973,0.8184011
31.685133,-16.525566,-22.953775
34.322098,-48.991936,-36.959248
4.421453,-12.69861,-50.61694
-17.350718,-31.50134,-19.843956
35.931606,-4.679744,-8.632393
23.037453,5.362104,-34.60502
-10.532413,-45.388157,-40.949013
-8.22102,-30.204556,-26.238953
-3.7180645,-40.791725,-30.602823
28.513182,-26.995457,-46.58475
3.9971611,-8.35689,-52.599632
-5.9625006,-34.08581,-26.631712
38.225792,-1.9801219,-15.749543
4.4372196,-15.190184,-6.6158075
-22.47323,-28.680223,13.497408
-5.337892,-7.608245,-13.04173
29.345293,-6.5275993,-18.391903
48.371246,14.661388,-17.865313
-17.99071,-6.153707,-21.71662
-29.166883,-17.245031,0.56807655
20.651508,22.73699,22.031553
11.376112,32.20318,22.75143
10.869713,20.471142,-12.347677
-1.2685201,22.96392,-15.110532
-27.710438,-5.0380783,15.277055
-9.543213,2.9390864,17.82956
-10.660412,17.701086,-16.748768
-1.3349776,-22.724857,-13.604935
3.2424824,-11.428621,20.967714
-22.280115,-20.527147,22.197071
-3.4144297,-14.604142,11.986475
0.18947802,-2.6538625,-17.002916
13.250573,-22.028582,-16.59213
24.561953,9.107943,4.1053166
-27.598396,-16.543594,8.879328
-15.543186,-21.08154,-2.9135602
7.827046,5.443984,12.969086
-10.616656,-22.286139,44.55371
-4.73196,-8.030089,-6.8157997
-1.3989445,-11.027702,-32.070232
18.013634,-45.06818,6.6927285
-2.8602536,-21.803673,31.781715
-59.38218,-20.059162,52.10335
-22.515125,-31.638863,60.869915
35.71706,11.46831,25.555296
10.520521,-14.976266,35.124302
-26.443764,-30.490799,37.567158
-32.921528,-18.044325,-13.29433
-19.055,-49.160465,39.197514
-16.570345,1.3974332,65.08043
-31.474821,22.870855,60.19982
7.805831,28.1323,41.376938
21.217785,15.652779,-19.880651
-8.152977,-34.242226,16.961437
-36.32517,-17.345236,42.212162
-71.243935,-17.74693,28.842886
-5.591841,-1.6533216,49.071808
24.519115,15.855774,58.339592
-41.26885,2.1439922,57.113113
-29.838434,-18.648018,42.379536
3.8105392,-17.610363,-10.761054
19.849222,-16.569801,-17.042513
3.0236497,-13.581587,12.713486
-27.065102,11.925257,17.490261
13.971229,-10.478582,29.168955
19.056374,5.3306084,13.501111
-13.464621,-9.1530905,9.68459
20.712053,-12.090856,-26.735062
51.17722,19.792116,-71.43196
43.068153,-10.875444,-22.3567
-23.875917,13.722158,22.02868
-68.42672,11.393054,44.94117
5.042598,9.449451,23.237411
10.685149,28.680695,-15.424371
-10.134719,11.789965,-13.116946
4.210775,24.137457,-26.117447
-19.68276,16.084396,-2.7070217
24.205751,17.977476,21.93796
-11.93941,41.62353,-1.0369704
-74.99714,18.79174,9.300158
14.470617,11.739994,-0.44019473
42.2205,36.641857,-51.170456
6.1199284,7.1859555,-29.577526
-22.75835,17.680696,-20.637777
-26.933489,43.3394,-46.84061
32.989502,39.02973,-16.331194
5.734013,62.32714,-18.95721
-43.562164,16.807842,0.9311466
-4.2669535,33.402447,8.573442
-0.24733695,49.63476,-37.884808
-3.4751496,-0.8473342,-14.110465
-17.881237,17.220823,-9.537232
-41.58906,1.2029626,-14.929309
11.354496,24.067463,6.5075884
-0.12201215,41.958015,-6.629011
-37.665043,2.0593395,-0.18961038
-11.297209,22.66461,-7.3185654
0.038035065,20.253996,-30.934963
4.678234,-2.4440947,-6.4486523
-37.82599,19.895548,-26.127792
-27.405949,8.229527,-14.074341
19.464336,0.9855727,24.947231
-25.57213,15.088087,1.6741793
-36.148376,-25.202555,11.43228
-34.140488,-6.394817,2.1601987
-36.027607,-8.6186285,34.28725
3.7080412,-17.110352,29.173838
-16.86716,11.151274,-13.858254
-27.751938,-56.648132,32.421333
5.693341,-31.905838,-3.4436004
-8.154859,-4.005808,-10.489453
5.216704,-29.968899,11.054445
14.507446,0.56216097,-11.8853245
1.2184126,-39.66527,24.143152
13.070028,-28.183355,16.203337
0.99972326,-9.72806,-28.881418
39.93238,-37.40979,-30.919083
45.78398,10.293379,-9.485798
-14.632489,-15.21086,29.054647
-14.35336,-26.437096,33.31416
-32.424866,-5.756113,6.9161777
-4.210676,-44.382973,17.846367
53.15907,12.3348875,-18.521143
20.219955,5.847337,-46.107975
9.061262,-42.450783,-16.52533
-27.357203,-18.324501,-4.529457
-56.138367,-38.739876,37.731895
-12.923054,-3.7879388,20.270487
-18.46607,-1.6743307,-33.0386
14.145412,-40.295937,-33.955685
18.297771,-10.957656,-31.658129
-32.068314,-21.033478,-45.58861
16.447996,-22.943853,-51.453957
16.55001,-18.880749,-29.383457
-39.87987,-33.208076,-9.619777
-55.32559,-17.078741,17.819302
-35.5442,-18.26627,5.923657
20.049416,-3.4125383,-22.265842
3.1597931,20.113121,-22.26696
-23.394548,-8.26655,-26.193073
-2.1672108,-3.6932943,-25.695833
-30.38392,7.4244294,-4.209069
-23.953268,2.8780003,41.832443
-12.790833,58.376633,36.65869
-20.831614,45.416805,-2.7586987
18.390427,9.455458,-20.223955
-9.505908,7.7863607,-32.84453
-29.613176,-16.473734,-20.530396
-12.396442,28.002575,-5.4399652
-20.71369,16.24561,-16.350397
-5.468222,-17.35797,24.60711
-52.41818,8.762166,35.53395
-42.75532,-8.596829,-18.28473
56.133293,9.046183,-4.966492
32.68194,9.084565,-28.681665
1.7828106,-5.3707175,-25.934025
10.982783,9.627055,21.38903
10.790702,-13.432519,12.300843
25.223263,-2.2999861,36.214344
-18.50959,-4.2276363,30.11059
6.644376,-11.12852,1.8027122
84.42471,9.098631,-2.938594
53.35347,-17.729248,-0.4877454
29.526077,-3.8436375,24.753473
29.124088,28.861986,48.023434
33.44512,35.523155,39.40872
41.74874,28.349066,47.18666
-21.472256,13.549434,62.369694
-7.434896,20.279667,20.559187
60.1432,25.866547,0.055090845
38.711456,30.894863,8.062877
24.280546,27.39996,44.185093
-28.221863,41.146603,92.23135
-44.397312,20.380375,90.18586
13.803577,-1.454394,58.51201
-31.05042,11.567953,21.780142
-36.4706,-5.7758307,16.971554
19.517885,6.616518,57.95622
20.070984,23.936071,60.60137
7.3821764,25.329096,17.489582
-38.20153,5.110746,21.69705
-44.325886,-26.829353,28.0794
-11.899826,-15.7829,12.157917
-9.195141,12.772437,-7.9834967
4.6183543,18.427042,24.42779
5.463131,31.000227,44.88083
14.3631,43.926495,-2.3966625
14.025205,11.50796,6.4994006
-41.127483,-3.0221982,-19.906733
-33.07789,-6.7562246,-36.391167
-17.785118,-0.7345918,5.7210064
-49.369995,8.70032,13.964834
-13.749684,10.158352,19.39825
-5.3366714,35.418114,-2.015674
3.8717136,27.220516,-11.896167
38.887455,22.471195,-29.076519
8.030435,27.662237,-57.806362
7.218998,5.3477383,-1.6488376
-18.479858,10.900704,37.231544
-46.73903,8.816128,22.076935
-19.666664,-8.259516,11.69347
-23.95139,-4.7805595,-43.525448
26.165154,-19.239841,-54.29072
47.6754,21.622478,-43.135757
-26.625788,32.28524,-42.645485
-24.886162,-23.912428,26.228756
-31.476595,-10.581885,18.84116
-67.873436,-31.302364,16.516167
-22.460585,-5.783142,21.995562
-1.0311815,24.22935,-22.820269
11.7178335,4.123296,21.308659
18.135513,56.324154,-7.762631
-5.6912193,17.863432,-44.37351
-0.46028534,-20.794588,1.7148782
-45.166477,-11.84567,15.412135
-73.700294,-26.560665,50.75848
-42.146866,-3.660132,63.094643
-14.2844925,-23.936865,34.205795
28.154705,-23.38417,-14.928628
15.520202,-1.5719384,-54.541874
-16.280758,-29.842169,-44.206375
-4.740861,-21.750118,-9.957382
-24.89682,-28.409508,45.468872
-42.699455,-46.736725,80.81695
-42.465183,1.472078,47.983356
-25.710262,-7.061919,-20.210949
26.645481,-30.245861,-33.757854
-0.032302562,-2.130086,-9.024101
-12.559861,-20.45529,16.930986
33.113853,-16.377365,23.721123
-9.980188,-26.135996,12.511938
-40.419052,-46.46794,27.380754
-20.591877,-2.3427787,16.63791
12.960813,-20.228275,-8.095618
38.438572,-34.828873,-40.490284
2.7303042,-8.22735,-48.277397
-19.409761,-12.4568615,-10.329959
4.9223285,13.324032,-3.817696
28.817432,5.4411726,-0.57870555
1.8650128,-22.80704,29.138233
-33.01383,-6.5075884,33.601585
15.916319,-36.245296,7.555423
65.04034,-33.07393,8.231861
52.060143,-8.578249,-5.6804094
54.39414,-39.127163,11.9945345
49.18632,0.09169609,29.018984
38.981377,-26.95616,-15.155637
35.84505,-64.855194,17.514204
-21.6286,-24.052784,20.282305
0.3279844,-61.127842,-11.643719
72.98479,-31.187645,-5.7517424
51.85828,-35.78009,-46.66675
40.753284,-40.44261,-48.611122
27.141022,7.219291,-1.7198247
21.408014,-38.983868,16.268867
27.013798,-6.376233,5.5721307
-19.887728,-30.3409,0.5097043
13.1404505,-40.280975,10.323001
64.86839,18.4283,-6.100394
40.97844,-18.74151,-26.468973
23.56314,-5.7045493,-11.572961
5.9259505,-17.585138,14.010177
33.373962,-21.90511,7.1040325
48.34134,3.317063,-18.35413
6.648904,-24.461622,-30.047457
23.989038,-12.800081,-18.767485
28.968456,21.05619,2.0555687
24.729431,11.301547,-13.3903475
25.033957,-2.2669353,-27.665503
-5.355693,6.82216,-21.087599
26.630188,-4.6238904,-25.592848
14.43263,14.028129,-26.606249
-17.61575,-0.7789607,-48.912518
21.02085,-5.651355,-39.118942
27.254475,44.41178,-12.253666
24.055248,23.689137,-28.298754
9.153641,43.792934,-37.01475
14.146137,44.139374,-78.54568
49.683727,7.5859776,-39.366623
39.63159,51.03123,-0.076149665
30.282866,24.810316,-56.732952
29.369926,-1.3112524,-37.341927
35.721558,35.12148,-48.162098
60.67993,29.11585,-24.325317
54.66087,57.406113,-26.604214
21.66169,34.196365,-86.82384
17.055084,-5.9349637,-17.060528
19.279196,45.136143,-25.250448
-5.2858477,21.994724,-46.257942
-1.3315389,13.438303,-17.601833
7.5443153,19.704477,-45.78458
-3.450004,2.8918889,-5.433447
-15.127737,41.660873,-4.190266
-8.537582,1.4239055,-47.08383
33.96287,11.165001,-26.417183
13.179939,30.770855,-22.556137
-26.395393,-2.343116,13.148728
-14.839241,47.789165,7.3489547
-0.9641359,12.764426,-25.235939
28.89298,24.773304,6.8617682
0.031211048,68.449646,-22.606314
-20.003378,13.89001,-30.43455
20.275648,15.6095495,1.3521554
18.481009,13.887056,-7.266458
42.382366,29.519993,-17.455275
44.187317,43.22534,-24.11781
34.734665,11.303508,-15.743949
47.006306,9.738005,0.059920024
8.2278385,21.344992,-0.48901704
33.556915,13.652059,-15.623982
60.714855,28.511679,-20.629019
12.179366,24.157785,-4.092814
-22.04169,-1.7388067,24.889248
-23.901493,10.917487,23.792055
12.177753,-9.063109,-1.9958177
7.2412224,6.1072936,-10.682843
-49.987804,2.8715153,-7.422739
-41.12239,0.70599407,3.68486
-10.824943,36.411846,15.658755
-37.230335,-9.766042,44.908913
-65.08364,-2.5006936,45.48994
-58.394596,15.470556,1.7393376
-3.8610897,-0.55289096,-8.467259
16.538109,20.408358,-21.998093
-37.627438,3.305295,-9.263723
-52.06273,-15.598688,23.270697
-27.693785,17.097704,-0.5377656
0.63920724,5.1797533,3.1784186
0.24408485,4.697676,12.62542
-25.870955,24.277472,15.4538145
28.500977,-4.9019046,30.918386
47.306053,22.519987,12.517015
-23.443096,3.9022057,12.809149
-17.110437,-9.618671,10.374241
-4.1602483,13.261066,4.0540266
-2.3378358,-23.747444,36.56875
8.068572,1.4375557,29.296484
-32.376568,3.4606125,23.212223
8.827783,-13.87174,23.967209
45.739513,-5.1774983,-17.325825
-8.6497965,-38.76387,8.711015
-23.019444,-29.971138,28.851797
-23.168594,-21.471989,44.057014
-8.546809,-38.348034,78.80604
-12.414966,-6.398327,23.896557
-29.54991,-13.843123,-2.6711953
17.285831,-13.608484,7.1656556
28.392431,20.08478,12.924282
-8.005102,-7.0042143,14.678816
-48.446472,-8.93362,19.82096
-55.86881,4.2267194,61.1142
-11.56681,0.69591916,65.540184
-21.734907,6.649113,32.70301
-37.93898,-28.562408,26.090607
-1.3086038,-27.622044,25.39945
-3.1108203,24.523722,-2.6232603
-14.31223,-3.1071522,40.29968
-28.979366,-12.820278,52.60994
-44.25932,7.487842,9.583421
14.988354,-11.486023,36.965813
-12.399229,0.08063084,24.178526
-59.68488,-21.079517,-9.165574
31.378279,-20.393103,-7.7017646
29.807875,-6.0128045,5.6291776
7.436603,-28.945286,8.428486
25.212057,-14.305613,4.915183
-27.672504,-46.24701,27.858912
-25.218143,-62.94584,43.3988
-21.46124,-7.7678103,0.7108516
-24.846811,-18.693216,-27.140028
7.9388843,-29.113325,-12.690175
-0.6179109,-0.34259054,-1.3169212
-8.869636,-10.924576,39.170696
-23.68175,11.652389,-0.40380734
-19.163565,-10.229851,-29.11388
14.478276,-37.36407,-10.427847
0.48933125,-0.84785086,-48.987316
2.2086165,-42.634277,-25.197021
31.11051,-26.056028,-12.0414915
36.163406,3.0802872,-8.042022
31.093725,-12.968158,22.574202
1.1056328,-2.6702464,-12.010578
7.380878,-45.921608,-24.501055
27.375938,-33.139153,4.746617
-30.586094,-6.8351355,2.4042892
-13.645328,-12.043839,9.518161
45.349903,13.362421,-0.7495098
33.217087,-2.2570956,-16.114796
39.17552,-0.8946652,10.633745
-2.6567488,9.409157,-1.7597655
-24.270685,-44.098354,1.7536768
22.495827,-40.554096,-9.150317
16.964962,-8.214498,-9.2366085
23.392628,-19.651114,22.851284
40.686962,14.511069,-40.550343
29.66766,8.773609,-33.057934
-3.6080904,-10.156122,6.9265757
-34.205482,8.599454,-16.88894
5.4056783,-18.194595,14.448222
21.611094,0.57867247,13.463938
-10.542408,13.349225,-2.9249475
-2.409103,3.1887484,29.52281
3.041354,8.47151,-13.866711
22.796265,-33.490032,-29.55889
15.469189,-10.2056465,17.154469
-42.484306,20.635933,1.1619804
-16.607555,-0.31912988,13.021764
5.387801,20.56122,3.3912935
-5.526949,14.444908,8.200516
-5.8183503,13.477566,27.207201
-22.259647,16.55372,-20.684092
16.538673,-12.339196,-42.213276
-9.000323,16.776224,-41.4108
-66.07192,12.80316,-4.660902
-21.771267,5.867309,-14.785951
-14.691825,26.797573,-13.791843
-29.15032,-10.241605,14.233082
-46.054653,21.501598,-14.949098
-44.94746,19.376312,-8.173125
24.72588,-8.849462,-7.8365417
4.1653767,28.178915,-13.944763
-47.278217,-5.702156,8.867794
-51.236576,4.052626,34.470127
-65.02604,1.0812399,6.526992
-34.33863,-28.001217,-8.3556795
-41.81258,15.006067,10.754467
-54.45667,1.7095164,3.7345493
9.141878,10.748699,3.3354325
15.628718,14.427265,-9.804195
-9.784057,-15.588056,10.418177
-8.845075,21.327564,19.212914
2.882367,16.150864,10.450777
28.669672,11.6285305,6.5405645
-6.112346,22.487072,-7.4232326
-35.877632,-6.565534,-4.1035767
3.6837678,19.285831,-30.73157
-5.9950356,26.37265,-36.54221
-31.452333,28.300371,-42.302486
-14.429696,62.21747,-54.31992
-1.9815944,34.637573,-18.452824
7.2492056,33.545826,-8.016706
-26.972712,44.31159,-12.963653
-47.15554,18.808292,6.4889545
-9.885809,27.02126,-4.070326
1.7962389,13.529965,-24.735962
10.729887,2.734502,-17.574774
-6.8769236,27.120575,-21.981237
-1.488418,-10.10169,1.6727855
25.608448,-19.222805,14.946752
-17.383787,-1.1621007,-5.8258286
-0.036718644,-38.334637,-1.2910845
31.011219,-8.673875,-20.57061
19.620092,-2.4886308,-22.535479
38.686756,-16.211498,-10.271233
12.848401,7.4563875,-4.348498
-2.100644,-33.069687,35.72935
32.021675,-4.7101264,29.839178
19.096092,5.7874656,-1.4907919
11.565064,-30.962276,3.3359325
20.357445,-2.1867838,1.6786
9.083655,-19.651043,18.364376
18.191183,10.62412,21.388788
7.3367815,33.514652,-12.495684
4.5268846,-0.86334133,16.12521
6.7701607,33.85697,32.57221
-14.24969,23.347685,5.605158
12.00514,7.5715957,-5.7739687
11.572308,13.811576,2.1296074
-2.1176987,-3.356282,27.00119
10.604429,31.445543,11.3844385
13.652318,22.559269,1.9764138
48.469357,8.069722,0.58054066
24.105385,35.019817,-0.332533
-31.10534,10.708237,14.327206
-16.080193,20.669989,-0.4796654
-1.8213952,26.258461,-20.024208
14.477212,13.920375,1.372436
-0.5689488,45.55933,32.613003
-16.714478,20.963753,-8.888605
34.34229,4.8385344,-41.757584
12.797504,6.1079273,-16.992292
-19.041714,-16.752193,11.335612
1.6301092,10.155164,26.591286
0.2958932,-5.757663,19.523277
35.62577,-17.065804,4.0666194
10.080534,16.47316,-12.325745
-14.664126,-3.5608752,-15.49342
31.364616,-5.3851166,-31.209486
4.5354714,-14.553413,-19.246296
-12.030585,-25.784449,16.23052
-5.8594546,6.6254935,6.308442
28.309458,5.5352387,-32.543873
61.083447,3.292519,-37.150146
1.3922422,10.571746,-0.28137875
-3.936797,0.06912724,14.126355
18.095764,-0.36353797,19.212963
-11.451207,-16.285427,-14.821049
-9.818459,-27.373564,-12.440992
-10.984754,9.409321,7.79408
1.6335443,14.294778,-20.317177
35.86792,-3.9538295,10.052215
-12.071437,-5.0335135,17.946867
-45.687466,-14.931756,18.91811
-17.65678,2.9787846,12.024786
-8.319009,-5.64247,-23.605616
-5.4925547,-4.036364,-21.06149
-31.356653,19.55445,-10.293074
-22.661827,-21.968529,16.127047
5.624415,-14.764013,14.774095
-25.817911,0.09552823,-8.588508
-35.780273,-31.216621,-11.048813
-22.215477,-21.036335,-20.54574
-6.7151737,-36.45902,-33.553455
-13.452724,-69.304016,-16.781273
-47.63141,-51.194656,-9.6831045
-4.1633515,-46.116188,6.4904227
43.432594,-48.3461,14.066732
4.318532,-55.221252,-29.384802
-8.009926,-73.42012,-17.6908
-2.2082999,-39.14119,-11.5955925
3.773993,-45.626534,-30.273293
30.872156,-53.147255,-7.4113727
-8.743031,-24.164757,22.622152
-10.299934,-29.259998,32.667896
21.929081,-14.124296,18.766705
-17.646763,-41.866425,-7.171527
-19.272429,-43.66261,-22.984854
-14.570307,-11.176225,-1.7409377
-0.5915268,-22.818716,28.270067
7.7025785,-4.127463,48.998543
-21.976782,-19.116413,31.65416
11.0555105,-42.70306,30.792864
24.111504,-24.994213,0.7179011
14.400487,-39.468754,-43.226784
3.3033159,-55.997196,6.5712123
-30.080141,-44.38669,24.023268
-12.663511,-40.238224,59.528065
-11.727483,-16.258356,57.06593
-14.896794,-18.496202,-0.61048573
20.99231,-49.446735,20.354412
-0.9623868,-36.069042,31.96873
-8.659511,-49.351215,37.438
23.449404,-25.799889,32.32953
14.682014,12.6401205,26.84264
42.91987,-18.50302,48.03152
26.97894,-20.450975,46.033993
-32.13449,-36.54795,31.371002
-6.7615805,-59.62766,52.837482
-15.544724,-38.27468,63.436565
-17.326445,-32.35945,65.89001
14.246714,-6.2454643,72.74051
4.345518,2.602121,35.48864
23.094975,-21.827492,61.648155
3.9174535,13.018202,59.670746
-12.272751,-6.244836,16.303501
34.171524,-9.255269,33.5931
16.292835,35.64758,29.419962
9.5730295,5.529826,44.863068
31.002253,36.12456,40.855515
17.426811,31.190008,16.892101
29.604689,20.618162,32.238323
23.333673,56.334858,35.88636
5.0276227,16.561049,27.863285
19.680918,32.364677,11.616617
20.83422,7.701628,19.50123
4.7075367,-7.2743154,59.169098
-22.994865,60.614468,43.820362
3.2030127,18.924585,21.398787
64.91585,26.377726,27.027489
13.692265,57.23499,8.591784
-17.276295,15.929457,27.445536
31.591019,49.19848,17.540995
37.48825,31.472265,6.435753
29.753603,11.784517,38.006477
-25.193453,40.128967,21.812355
-18.109657,-3.3236191,21.565374
43.488605,10.053276,-2.7664616
11.809039,8.710111,-21.361782
21.484701,-6.3568006,-1.639725
30.198978,34.227333,-17.874533
19.186815,3.691567,-17.263851
23.126234,-0.9656055,-0.44372284
-47.551422,6.34644,13.134064
-23.844576,-8.562393,2.0121393
47.456894,22.692614,-24.918213
19.272446,-5.2664857,-27.36169
15.3071995,-20.040998,-31.826248
5.7979527,12.495886,-40.629356
18.795864,-15.651824,-21.718307
28.479824,-0.5382945,-22.945507
-53.178425,8.900083,-30.951853
-22.922714,-1.0011594,-19.023088
41.278465,36.790516,-53.159817
9.722545,-1.828352,-68.74124
2.323767,-4.522913,-65.32717
-19.502588,13.504562,-58.75678
-8.967072,-7.1364994,-30.888268
12.901263,29.421604,-35.79771
-33.53164,-1.9530659,-35.610764
-34.310566,-32.844288,-27.997173
-7.776865,1.7009819,-60.78125
-6.3420525,-8.1931305,-68.31
-20.306675,-3.3834033,-39.37754
-24.68222,14.275112,-44.154938
18.166273,2.5427897,-18.214869
10.495846,12.04784,-25.467155
-32.582596,-5.647692,-59.03751
-8.361464,-8.045,-46.263294
5.9331393,30.726171,-64.93737
18.803125,12.298482,-52.96123
2.1080391,24.222124,-40.00277
-50.84595,13.236173,-29.091879
22.704695,-13.874218,-32.438282
61.35511,22.00643,-77.63721
3.1682026,-20.589815,-68.417
-0.5104038,-21.896881,-65.104675
-3.5984397,35.581303,-57.974377
22.962833,24.500587,-21.028694
15.650013,32.753555,-50.68156
-30.080252,13.761886,-83.10331
4.884787,-12.264975,-48.38549
-8.434571,14.6513,-46.626587
-10.878446,13.80442,-50.96625
26.603123,34.638416,-22.21883
-3.8615546,35.11978,-3.9818273
21.96719,8.143072,9.705043
17.650534,20.589703,-36.638752
-8.042841,-13.547757,-54.93124
49.856693,17.477734,-32.309647
40.319923,60.123787,-25.965092
-0.6967253,21.625717,30.979641
-32.819496,42.525475,18.171549
-19.769707,23.204123,-16.894028
29.408754,25.609901,-8.607042
-10.284906,52.183758,-42.96134
-20.529354,21.932997,-57.356716
1.8084819,44.9635,-27.519476
-30.3467,24.670448,22.978168
-27.77896,27.516666,17.73475
-23.453974,61.64411,-21.878304
-20.298634,14.584501,-10.631559
18.66748,22.911291,-10.276005
-7.328377,39.753674,-40.358776
-10.912105,11.081978,-33.04414
34.56072,36.720356,-27.403704
8.928677,35.6356,-12.335745
-13.967523,17.348146,15.901429
-14.0529785,38.148308,-12.736746
3.7496924,8.881683,-9.861113
3.6685517,2.9332485,-12.155055
-31.978262,5.514347,-18.121506
-15.34977,-14.804405,-11.561771
6.450075,14.107048,-31.801712
-0.1490996,-8.758338,10.979431
-43.684574,-25.335976,39.83435
-74.24813,7.5815744,14.413402
-9.904896,-11.718115,-7.589763
23.991974,5.78561,-23.678797
-18.288614,6.919511,-1.6616787
-28.084177,-15.893789,19.792501
-21.187786,17.608164,8.528772
-0.52514374,-20.455914,34.180237
27.747633,-6.409155,27.064777
-4.8052106,-4.268562,-13.801364
17.6985,-61.740257,-23.20579
53.38049,-13.473304,-35.832916
-11.176042,-40.873577,13.31445
-16.127907,-18.807878,38.206783
12.782453,22.20016,16.17331
6.250765,-34.31038,26.308874
-8.65921,-5.430994,13.630269
-26.251179,-24.394112,-1.947958
16.944767,-35.619244,-8.274544
49.21662,-9.178449,-10.652613
18.358006,-37.820656,-1.2028974
-35.94074,-13.404304,10.103467
-36.932495,-8.695656,-3.9088128
36.71434,-29.210424,-17.761658
10.726532,-20.61523,-15.016145
-58.918987,-49.321365,-22.491985
-24.111956,-43.213108,-13.139845
1.4210099,-8.596376,-19.072771
4.8316727,-15.023643,-11.365175
-5.980933,-6.4612904,12.050136
-29.13315,-10.323425,9.812325
11.520095,-27.025278,9.551793
3.636186,-25.724613,-18.861431
-37.282997,-34.677338,-12.429641
-15.213561,-39.957733,20.051483
4.8318887,-24.47497,11.627688
15.772337,-17.99658,3.253245
-10.183916,-38.43229,0.45364606
-29.726028,-43.738247,-7.023924
16.148415,-26.530521,-7.855301
-1.126984,-20.223192,4.351302
-72.13248,-35.622765,16.7445
-65.09524,-33.50249,30.530037
-16.418737,-27.505949,28.375881
25.457678,-35.803642,4.523571
30.52836,-28.773329,-30.712849
11.139907,-46.31487,-23.77144
18.10681,-40.379036,-5.084338
2.6723626,-17.610718,-1.7740976
-14.643848,-39.832726,15.999038
-22.678854,-30.081741,7.0582952
-28.182093,-19.239319,17.922392
-8.419435,-30.886269,15.919365
-19.848751,-15.029764,3.3303454
-11.486922,-19.324663,15.589574
39.638977,-4.0547857,20.619377
34.6875,21.043032,19.717697
-6.415983,-21.786446,34.49073
-16.894463,-14.245805,33.753902
5.8292303,2.9464731,-12.387159
45.892197,3.2205622,-6.8215017
35.417812,48.294346,-31.992844
-6.178416,20.631422,-62.419468
6.7149124,18.672323,-27.230234
4.603727,44.550663,-9.0832
-4.3229513,57.089314,-12.135135
2.6735735,79.38362,-27.202219
-4.330157,24.500204,2.5692873
3.5833957,55.782917,0.41595083
-9.617593,77.27943,-14.475156
1.3093067,26.604668,-5.292552
18.173084,54.178844,-27.150621
-5.769535,33.50979,-1.4428309
-13.311781,35.74864,20.349102
-17.100048,49.05405,-8.118449
11.027383,4.876455,5.5246363
18.55902,39.463394,34.57677
-8.350498,62.92975,0.3736981
18.85934,32.67701,-5.0757256
15.086506,34.507744,-0.8460177
-4.2190022,10.17715,-2.5978854
0.83526003,27.668701,14.895277
-18.382235,63.538166,-14.770557
25.37634,27.442476,-16.741463
43.40442,54.669167,-15.546149
-21.918987,36.514915,-2.090419
-1.0247295,24.929996,2.9963129
34.447575,43.361805,-14.061885
18.1291,-6.597621,16.986847
7.123177,60.581863,11.674505
8.174477,68.37703,-2.156015
54.48457,36.526817,-1.5896835
45.068382,58.487034,1.1917362
-2.878781,27.131823,-1.1943477
21.48981,54.26548,-7.3731203
35.321743,44.663113,0.43411303
38.68497,10.377331,3.8474722
-5.671963,23.972902,6.7182183
-54.099632,-0.28566903,18.74132
12.004136,5.6521297,12.961586
25.424961,42.12164,-25.823193
-17.642603,10.311873,2.46321
-16.172628,16.732409,-6.6032176
-14.478696,32.17468,-37.39454
-3.3661358,-18.40198,14.737702
-25.65739,18.115206,3.2709913
-53.447247,23.20718,2.9214623
-3.7713308,3.5404246,6.837165
20.21346,22.735666,-42.858078
-4.8843775,-8.135696,-32.56651
-17.004234,17.192299,-16.099579
-28.526419,6.6614113,-22.801836
-11.8243685,-18.058168,1.6631565
-45.65779,1.0039206,24.898186
-74.75828,-11.474025,38.645027
7.536465,32.834824,24.81476
27.39193,14.494261,-16.351978
-15.701855,-22.451643,-15.61979
-57.950687,6.936418,8.615717
-63.220066,-16.340004,38.646168
3.077021,24.676886,45.932934
-1.6233617,50.028625,18.339842
-24.407484,10.765516,13.075972
-18.437368,26.811584,7.3508763
-13.265727,9.0473,-2.8672729
8.253114,0.27504125,1.9876668
-44.104057,23.725082,15.946764
-58.425266,15.630633,50.530136
-15.407735,23.282084,53.584877
-23.377129,18.51326,3.934638
-7.2678905,-12.529857,-8.667254
6.012707,9.079298,-12.725588
11.180464,29.051437,-23.036139
20.291245,16.966896,10.183129
-32.577915,2.4086258,15.098383
-56.23394,-30.484612,39.826992
-20.35891,2.706448,43.262295
-10.975907,11.7505865,1.3983486
-11.705743,-14.88281,10.587933
-18.029505,-2.3586893,-18.820166
2.2469184,-37.574352,-7.6724987
8.064888,-11.349854,19.827736
-36.04143,2.7171445,-10.565986
-22.060871,-20.346832,15.60584
-19.78989,8.300058,42.213226
-24.64306,-16.792316,31.746498
15.806104,5.7443824,3.002145
14.539502,18.373867,-6.0844417
20.295223,-17.020512,18.26097
2.594949,6.3144855,30.825375
-45.79824,-16.156382,48.297714
-29.69997,-24.72827,62.473927
-13.948016,4.596187,34.08371
-5.19089,-14.65572,25.951756
-8.754251,-11.195975,17.886251
-27.395123,-11.802846,-13.218948
4.421548,-14.952093,22.368366
-23.540804,25.317326,37.64235
-65.57625,14.673717,23.411404
-19.827475,10.730853,14.184135
-30.479374,8.979711,13.232738
-44.86397,-20.522299,24.214655
-10.80512,31.751722,-5.77532
-16.36592,19.97929,8.126739
-0.82502586,-8.47549,18.471209
-0.36009645,32.2414,3.3896933
-31.852793,-11.185386,16.840996
-14.117323,0.9882937,5.2222586
-8.270387,20.67605,5.810629
-14.464506,-12.027306,22.58165
-20.656467,25.487383,19.190813
-5.850234,3.9236803,2.7273347
46.696247,8.389908,6.80651
7.368351,20.440128,17.834259
-21.082872,-25.152706,22.427174
5.8968477,7.903556,27.217268
-5.9371915,-25.220507,18.751724
10.826255,-25.88244,23.082867
-19.210821,36.181313,23.724258
-16.040281,-0.7270469,25.310133
38.17334,11.360217,16.608229
-8.871806,-4.2752614,-11.474905
-16.704304,-29.380726,-2.2595212
7.24178,24.62943,7.5386987
15.6565695,17.498943,-0.9727358
25.398117,8.642392,9.59188
-23.548037,-8.120308,11.22894
-10.818202,-30.00632,16.68802
36.89618,11.518921,23.535479
6.0944233,4.8581557,17.45898
-12.237846,-16.5177,38.26172
-20.04335,-5.536845,34.718876
-1.1192459,-14.98639,11.2598295
43.51462,-4.8061714,10.79898
-2.3256505,-2.16081,18.075407
-4.8270607,2.6925557,31.97976
34.605824,11.330902,38.51013
15.067454,-37.722702,22.2883
-0.12690265,-45.276707,14.446085
-28.462223,-20.095274,38.81202
10.757627,-42.572678,42.68813
39.08157,-25.025982,23.533726
-11.53276,-19.7885,7.303027
10.812311,-50.05337,11.171822
36.449986,2.6716967,-0.49837938
10.797168,3.296913,-2.717233
1.2677073,-36.572327,24.756405
-23.309916,-31.117346,10.206874
-22.936848,-42.78103,33.35978
12.917227,-7.5389585,43.000896
-1.5752939,-14.253641,5.5781775
1.8837842,-37.52303,21.485876
10.553417,-12.101588,17.6469
7.1165195,-20.236938,-3.2526116
6.3334804,-23.59973,-6.207525
-33.06359,-28.068172,3.1853778
-0.67849934,-33.903584,40.385246
30.483467,-30.80419,16.485586
7.9644103,-32.373947,-27.78859
23.796175,-26.278349,-10.979761
27.538717,3.7813952,-17.35359
40.280075,2.621523,-3.0870695
24.32585,-4.822284,12.923702
-19.564766,9.4050255,-25.652706
13.093904,-8.895246,-3.3196464
14.892148,26.482527,4.948103
-7.194003,27.563902,-16.527525
36.333836,-2.890424,-7.5437336
31.864645,15.664355,-8.682145
17.033606,-9.941107,19.394424
19.749395,7.057399,2.9863772
-13.720182,8.328342,-15.686546
11.187663,-13.077341,21.16732
17.964016,19.02699,15.242568
-17.20607,-5.866536,3.382793
6.94857,-6.3743286,-8.024963
16.927923,10.848778,-19.726133
19.505516,-3.7137666,4.83014
20.932228,23.930422,11.4649515
4.1242714,10.351873,-14.222386
23.397552,-4.6636963,2.9588811
21.562204,22.290005,21.74074
11.289125,3.2730157,11.378861
35.256187,17.524172,-7.8466115
46.16912,22.766836,-30.917051
50.558533,-3.678076,6.330921
23.04102,45.664116,-2.0842462
10.241932,19.011087,-17.25556
39.41735,-20.273073,20.74537
5.8092327,15.507752,16.155212
-22.426434,-4.430346,29.35724
0.48777574,15.67255,10.205775
24.984121,21.024012,-15.696589
62.8263,-0.30125114,-6.405573
30.438313,11.202468,-12.408999
-13.39973,-32.63688,-10.026577
39.54453,-30.301455,-28.283606
26.244719,-25.353653,-21.68716
-20.660707,-50.282215,7.850036
-0.59342486,-15.500169,-13.893421
11.889983,-27.612,-29.75963
23.765852,-41.950813,-10.773188
-10.982251,-18.895035,-24.356537
-2.0241268,-43.528114,-31.318235
42.527588,-43.603825,-17.805256
14.906878,-32.36568,-19.053549
16.453518,-27.19103,4.2693176
-24.938164,-7.8570404,14.737586
-19.565723,-37.281273,4.7093625
49.55244,-25.789116,-16.69277
-13.978474,-13.629289,-34.968906
-16.633118,-53.959213,-8.010791
45.220337,-12.358184,-4.0706325
32.527485,-8.864083,-9.323762
24.220064,-36.808865,24.668756
-10.729067,-5.521501,4.951355
10.999104,-36.092655,-18.77266
60.23666,-21.386826,-4.817214
-10.464036,-5.876382,-32.12355
-21.817932,-41.57754,-15.212032
18.765202,-2.778261,3.6267674
8.321433,-20.089685,0.06574301
-0.2793525,-16.666729,28.375044
-56.136375,-6.073122,31.078854
-35.513004,-46.03606,45.580418
28.38498,-3.9259534,28.727467
-23.044672,-25.919094,23.752907
-40.13709,-38.55609,54.738865
-13.260034,12.584599,39.894043
18.88131,4.7084603,51.7667
26.64544,1.649633,37.70455
-21.460028,-16.6463,-10.606803
-7.6704535,-43.76252,13.729594
-7.417391,-14.234996,22.068275
-21.589212,0.10602396,-4.1486444
-9.136757,-24.06648,8.147375
-50.106483,-22.415564,-0.49921253
-20.023417,-27.375544,-4.336564
0.8943985,-12.308604,0.8876221
-62.945385,-25.705658,-0.06762026
-29.469622,-48.312595,5.565177
-12.556062,-16.99561,11.267686
-39.453606,-53.30871,32.90188
-0.90714806,-42.77941,-7.7016835
2.988775,-27.81477,-9.31152
20.393759,-56.186584,24.566113
28.226328,-15.26982,6.7368083
-18.51549,-50.283703,18.090376
9.193557,-74.31766,16.21491
27.8782,-29.343943,11.919685
11.732179,-44.98284,27.280285
0.2731033,-39.376095,18.547613
-11.993232,-36.38963,-2.891992
21.360914,-41.73233,28.701347
5.690572,6.3531213,25.82738
-0.01751919,-9.941593,-10.3228035
19.497635,-36.515553,9.229901
-15.902523,-23.402134,-0.53295964
19.336843,-26.695528,5.6419954
-3.5290768,-12.239534,-0.88178056
-42.505127,-18.447762,-5.7588124
32.568707,-11.35647,13.509395
-17.49129,10.740694,2.844675
-58.020363,-6.173433,21.368778
-8.946269,-1.5164474,-15.078101
-14.751233,4.2736063,-25.65508
-1.4970031,0.7308408,31.180243
-0.2736232,39.4891,-5.7708807
17.755497,27.393341,-31.765337
40.050877,-7.5776334,-9.113835
-2.012283,9.208486,-12.619077
4.9224935,7.4902797,-5.143817
39.962574,34.72933,-37.810394
50.083836,28.950161,-35.210133
31.238184,2.4003654,19.260626
-34.000957,28.949583,-26.345665
-10.920468,-4.6132803,-32.93484
42.880093,11.037035,-19.452953
10.788789,50.185875,-29.534925
-4.4455247,20.294456,18.743168
-7.1271853,36.068707,-3.7552955
36.909264,14.1565485,-15.486603
51.967186,14.000606,6.749223
-31.04373,32.654125,-4.2259417
9.959197,-20.259125,-1.0911964
56.437786,9.094249,-20.275522
-11.861267,0.9007653,0.83219564
-10.477681,-6.9643292,32.536945
7.6568413,28.006626,-7.1717005
32.162502,-26.177015,-15.316108
45.24158,-17.48019,-8.3867235
-11.687389,-10.898127,-17.24326
26.663065,-12.007246,-4.3321967
76.77665,17.17372,-23.82379
37.314796,-10.797023,-4.9999733
-7.509843,-11.895492,34.221004
-40.67658,-9.114232,14.785494
10.79118,-18.19618,19.52933
57.781208,13.605304,9.566353
36.065918,29.994709,-16.153524
48.38853,15.549503,-19.23291
60.71063,1.946963,-31.500193
39.213905,-28.390167,-23.31828
-13.118803,-13.21404,-2.723729
-28.173664,5.2012577,6.1280656
35.94038,-4.042553,-18.723127
44.7969,33.226562,-53.223854
-10.101712,9.990544,-22.352438
-30.68865,-8.227883,-6.534541
-7.687458,21.654907,-15.962743
12.545294,5.925038,16.687881
-26.979082,18.890354,5.809316
-48.63654,13.497038,18.48933
-14.773868,-0.54757667,27.385365
-8.731523,27.319038,-10.220378
-4.819218,7.688375,28.794687
-5.793014,18.841291,28.779285
-14.511511,35.933434,16.880407
10.552998,3.3916771,37.197586
11.777505,28.143894,2.465557
-13.714394,15.570835,-6.2064195
5.1450214,0.17600723,14.145088
29.218304,38.313484,1.347333
14.43855,10.063102,-10.950078
-3.4683964,8.358955,-10.279936
-11.604065,16.927687,-5.087836
21.178251,1.0841277,25.047419
15.185603,21.785534,13.541142
-23.442146,-9.179372,22.9972
14.485205,-19.104774,28.519464
27.985619,10.057747,-19.592907
23.346151,-3.480096,-0.14408274
9.851274,12.598736,-1.519885
-3.1269436,13.428124,20.40129
24.98115,6.244896,21.937319
-6.715728,17.336884,-33.314384
-2.456717,-16.67309,-19.83494
21.915432,-14.215962,-23.52996
-18.47929,-8.082637,12.478731
-13.301704,-25.664755,39.02758
-20.716803,-10.181993,-13.160761
-18.586525,-32.546555,-19.712774
29.444372,-16.764273,-8.523066
1.1853108,29.637722,-20.716076
-27.633223,-12.551644,-12.53557
-8.918149,-21.381813,-19.183676
-13.545168,-9.550355,-25.492172
-14.48476,1.8702127,-0.7555691
-20.516964,39.281036,-27.95841
-15.769295,10.561446,-43.339005
-6.212557,13.477322,-17.769777
-48.28976,23.93931,-4.5855956
-42.416214,17.334675,-26.395096
-4.9837914,20.16576,-41.121895
-23.694317,-26.128822,-9.3975935
-36.3187,-14.014411,-16.480623
-34.41087,4.0625696,-27.639523
-6.4102955,-18.033533,-20.564772
8.739282,-7.2292337,-24.623838
-19.797083,-8.493969,-35.968784
-11.802904,-22.654236,-37.78526
-1.7758589,-19.280575,-45.421562
-5.17073,-41.25292,-26.591026
-21.986694,-21.435713,25.582539
-32.93184,14.5537195,3.3315868
29.040457,-19.701412,-38.660217
37.62684,-2.3902972,-66.972946
-21.918142,-29.221817,-39.6834
-41.934605,-14.670775,-25.732315
-35.534153,41.63475,-41.590263
-1.2808532,-15.216549,3.2422385
-23.790148,26.66836,-29.400486
-57.874733,16.41272,-36.767693
4.01292,-21.822315,-15.522657
8.619335,29.162376,-57.028725
-14.040377,10.159948,-40.674274
-6.213992,30.549328,-2.3345551
-33.922935,30.340166,-14.677012
5.3558655,-3.9770346,-40.569237
-2.709028,30.902727,-25.600687
-52.433243,30.676651,-17.715065
36.83829,33.30879,-50.523743
56.415707,37.868134,-71.55791
3.7807508,-1.0990448,-38.60888
-7.2133465,33.34936,-22.903437
-19.14502,43.523678,-19.147987
27.615805,28.672308,-7.1366444
17.772736,42.307163,-42.796215
-29.533403,-5.322323,-41.719048
-13.5451,10.087407,-36.54908
-7.6825314,19.39521,-44.04283
18.53816,7.0938115,-39.60552
-13.875322,32.18282,-25.851194
-52.56985,-6.9576783,-7.181092
-4.1045723,-8.10731,-38.657555
-15.896765,2.8950353,-40.859856
-28.855639,-17.024412,-29.353489
-12.221239,-0.47712165,-32.98111
12.102095,-4.1953135,-35.222645
29.393616,-16.817446,-29.09046
-30.04495,5.5484395,-19.617247
-19.597223,-5.3001947,-10.609569
27.847313,-1.8211473,3.0728455
8.0824,6.5960994,-31.87871
11.689717,-29.086237,-37.83584
-6.108348,-6.2926893,-17.62949
6.3698325,-26.574703,13.225757
75.49814,-5.340948,13.048743
34.090355,36.00114,-4.5852447
7.254628,-23.300844,28.280943
47.265934,4.3570275,9.980635
33.16087,-0.9928066,-5.4006376
36.815533,-15.784404,-17.780664
25.8423,9.897587,-21.559109
15.415164,-10.015745,18.132496
34.98936,16.767832,29.106092
8.267735,22.001139,2.3900142
16.047976,1.6453758,-10.615108
47.357983,0.7926771,-10.630941
20.55427,-12.030966,-27.947933
10.10846,4.795878,-19.470615
-4.650893,3.7368562,3.0263803
-26.868364,-28.263868,45.930058
-3.0079288,23.422644,30.751554
3.8455687,35.50011,-23.942324
25.628107,6.575932,-46.77736
15.471576,11.203429,-56.91345
-16.49048,-20.00511,-25.684723
-7.0889735,3.7440279,-9.288422
-35.304073,-1.4479238,11.203202
-6.417187,-6.4551687,18.341118
20.34894,16.49285,4.4647226
-8.4088335,-12.810629,-24.213934
11.531481,-3.9169965,-69.476524
8.029644,-15.952299,-45.241222
-4.524887,-20.663414,13.189797
-12.871935,8.70118,13.441211
-24.436272,4.543832,-0.39445224
6.414184,-35.170628,23.127068
19.385778,-26.750347,-15.332189
10.889701,1.007316,-34.093887
17.109335,-14.240486,-11.881884
21.213486,2.0667431,-11.118138
7.8998394,-14.38194,36.13934
-27.761932,19.94573,46.558697
-26.299347,27.70485,37.900726
16.053505,-33.78379,10.587895
9.244334,-4.223278,-24.315603
-9.289479,-17.398142,-4.952314
26.626432,12.252541,-24.12467
33.923607,34.881874,-19.638842
-2.1737812,-10.372729,28.873325
-51.070698,10.875265,28.059608
-70.68033,-12.40624,20.331417
18.113306,4.0966353,-10.845566
53.927742,13.715259,-56.91483
-6.95973,-31.66593,-4.779374
-29.590935,14.489235,38.08416
-31.125814,7.6322627,29.039888
-4.906093,-23.943676,34.24074
-31.2849,-17.198658,10.929009
-65.64741,-36.675293,5.152861
-21.575397,-19.1686,10.992637
-36.729675,-20.068266,24.626987
-47.628418,9.568803,22.867533
-57.824665,37.682056,14.15405
-81.428474,-4.045632,26.364563
-25.809093,13.713122,6.207609
-57.754234,5.443855,5.012152
-102.70928,-8.09484,26.82638
-35.77041,24.90145,22.734604
-8.624647,31.280794,6.3441243
-25.743694,19.204412,34.48483
-44.60809,25.36718,21.086054
-29.988049,36.757908,14.78605
-0.16219713,23.829853,41.204025
-25.913074,49.944313,-22.53543
-35.95084,17.645287,-10.282945
-28.452297,9.274414,6.560108
-39.27691,28.048203,-3.2167592
-35.085552,-11.891806,58.66389
-48.396183,35.649242,59.109173
-18.778996,34.564003,42.57231
44.145893,28.320553,38.828777
26.929522,28.770927,1.8663564
-12.100373,-32.555145,2.48558
-12.030516,-12.731807,23.49515
13.779148,-2.8643804,35.890785
9.6536045,5.0978246,69.94762
-15.414813,46.04918,59.797005
12.3384695,18.41287,45.241756
49.1697,24.69993,7.726774
33.11015,37.37075,-34.424416
17.670725,4.3153925,-16.227694
26.068771,45.91949,-6.974907
11.946336,30.355097,69.53539
16.429197,31.710949,67.76344
13.159306,73.05295,-2.9103162
10.796693,10.015115,4.3740497
61.991642,38.786182,-45.042892
43.704464,44.428715,-47.326424
-7.4472795,-7.3246007,0.38419616
-25.345043,30.513254,8.767829
-20.87951,6.2230806,45.428883
29.394854,11.8063545,41.070225
26.328674,39.899258,-22.826529
17.900362,-33.939457,-11.157059
41.727314,-10.241803,20.602144
22.439129,26.961864,14.685411
32.94079,3.9723678,51.450466
48.904003,37.806755,17.138884
35.646046,3.3761582,13.512638
11.89111,-22.17147,67.26712
-16.708502,-13.457966,9.322589
50.754044,-25.208986,-8.718611
92.964264,28.609138,8.547521
33.878777,16.943419,11.661303
32.546204,4.4080076,3.164146
31.660742,12.164186,-11.582367
21.938263,-50.505386,20.008324
21.762794,-6.3968368,12.982637
2.2341793,16.433111,-7.73909
41.876747,3.493751,-8.407036
35.137978,27.698545,0.43794492
-7.3598924,-27.890682,24.741667
-5.554737,9.315365,19.189762
5.043969,36.391964,-9.415099
63.836838,-10.853808,-1.5194111
28.867834,17.918829,11.190049
-35.245953,1.7626559,3.0622866
33.144398,10.12184,1.9388025
65.0422,50.574696,-17.414047
46.328636,17.926346,-11.049001
10.924693,13.451857,-3.772087
-19.378391,8.881647,-7.2375336
37.088108,-5.923692,1.6044555
36.578236,18.533106,-8.228581
-28.724483,3.817858,-0.87443244
21.7368,3.9760125,-3.1552627
39.997673,18.943443,-14.356715
-16.291456,-10.549797,10.2837105
-4.8538895,20.018583,24.901295
-15.516979,24.70605,8.147401
19.901426,-16.512892,13.97831
16.64987,-12.413044,39.389145
-76.19609,-29.61299,53.761093
1.6452848,15.398542,14.245934
56.973354,46.978565,-25.127163
8.968331,-9.895544,6.193145
-4.2888107,10.296563,-1.1392176
-37.91967,6.981502,-0.7092002
-8.230858,-17.961687,34.169933
25.919548,23.863209,2.7590082
-21.53583,15.115093,-8.63805
-29.852638,8.175549,7.5248756
16.299295,13.626257,-26.963009
26.722458,1.1638039,-35.024044
-39.65971,19.24765,-10.882809
-71.583145,-9.759067,-8.207605
-4.228243,-13.11096,-23.984404
-12.097098,10.887353,-44.37002
-81.52942,-37.458775,-12.119181
-84.32503,-1.2250786,-8.431743
-34.373676,35.056374,-42.71532
23.260235,-1.9827389,-31.70277
-41.01411,3.5945122,-39.415188
-77.66287,-33.487705,-30.924376
-11.603467,-11.683714,6.00797
-38.351162,25.83077,16.424475
-49.273476,-20.172886,11.031061
-31.836697,5.263975,-15.90685
-47.81168,-8.740893,-15.311736
-33.13905,-35.463326,24.27805
-43.899178,15.503829,11.7543125
-48.11091,7.428114,1.0475756
-26.224253,-20.847101,25.547392
-24.263062,-31.143667,-5.1026497
-35.29002,-54.29066,4.3986354
-72.8617,-29.857925,42.060184
-15.112858,6.0158706,10.624804
63.627228,2.954482,5.270653
-26.561798,-9.594427,7.9310136
-56.017273,-57.062572,-9.690012
-0.5317175,-42.24063,-2.1793218
-19.69574,-1.4512714,19.739693
-20.856422,-21.902365,21.563759
-29.928724,5.6951747,-15.584957
-40.67958,-40.10806,-5.7952647
-16.024797,-56.113674,0.54795814
-28.614902,9.452892,-49.800587
-14.581077,-41.682255,-35.186207
-8.448697,-30.956453,-5.8191204
-47.145897,-36.198288,18.031221
-23.372375,-54.504074,29.805672
-38.064163,5.2305384,-16.589157
-30.603317,-44.11332,-18.307032
42.72688,-22.363602,-29.18944
-10.288202,6.4456863,-35.57215
-44.963223,-37.433884,4.1179953
-18.132877,12.0545,-13.918921
-23.029217,0.57148355,-4.0845237
-13.933563,-9.944434,-11.22462
-38.102993,-8.600529,-53.528595
-37.46177,-66.9534,-16.426855
-14.723577,-19.62933,-8.986846
-33.277946,-6.576011,-4.351931
-8.183546,-31.952032,30.084461
5.503327,-3.5653417,-2.7701457
-41.648884,-60.92816,6.244442
-46.51948,-52.192062,21.467003
-4.334495,7.765493,-48.187656
28.771082,-6.573935,-45.803272
-6.9143867,-7.5502567,8.486829
-66.82165,-26.550936,59.109474
-24.93174,3.296503,50.103672
36.63943,31.40276,-36.711903
57.539898,-28.584415,-34.502514
53.81596,-12.798827,-18.576794
-19.95515,2.501846,-16.634977
-31.94456,-47.571674,41.383327
25.012022,0.4137518,10.961435
36.74356,32.636745,-62.59771
32.322376,-4.136039,-26.284206
7.5462384,1.7475004,-35.910133
11.106255,-15.94597,-39.558506
2.9208567,-6.9453135,33.55387
-5.1931453,25.400301,-18.188255
49.83479,16.822159,-31.371347
12.805412,-0.2742265,6.206049
-32.468258,-36.471798,17.056822
8.786828,0.232481,19.343292
42.14115,42.497803,-23.60338
86.62494,10.226015,15.284572
50.555435,16.618093,3.383813
3.937537,-6.774896,-24.478148
54.820236,-18.255808,-4.592593
23.830933,16.058283,-26.544527
1.381044,-19.11078,11.867863
22.938463,2.4229832,15.529506
15.085839,22.175571,-5.4202204
65.57181,-3.5528307,2.6496687
62.292595,44.898033,-31.420303
36.701004,21.190039,-31.405214
39.811264,4.1915417,-13.264122
26.320026,21.51512,-25.84492
17.644701,-32.3111,5.4856167
-32.152054,12.6488085,28.275171
5.966263,40.038372,6.585814
90.77241,14.915639,-16.411093
34.915783,15.672657,-56.439133
-13.098379,-56.13535,-20.609188
-13.586613,-29.553543,-6.2387013
-19.353573,-3.2842107,-14.151782
42.30125,-26.880934,39.607525
34.618618,35.301006,-13.257606
16.22436,-6.835645,-31.255375
65.92556,-36.831345,2.6197202
12.886923,-5.7270613,-42.985577
25.324516,4.8895802,-44.18936
61.647938,56.972588,-11.157043
6.466525,32.494667,-1.6367716
18.131088,16.455465,15.640647
-1.7094979,55.587738,-0.82799107
0.36242226,29.761295,-11.680881
71.631035,38.93186,-11.147393
62.170387,58.79822,-45.757904
7.329789,15.000572,7.0840015
-32.765923,30.225649,25.44879
-3.7761097,29.56243,25.186573
25.921946,7.545705,39.530163
-13.267505,31.610073,-39.51951
5.7404084,0.7098271,-11.068791
32.654865,24.644964,3.7081578
-9.694293,38.98667,-36.09106
-4.4644732,-1.4207479,-4.459523
-4.6666603,14.756948,-7.9886966
-23.009577,0.20061801,-13.0371
9.564314,16.49755,2.1711235
-29.693401,31.731544,2.8137102
-34.940994,15.339939,-7.215673
-4.814548,23.177156,20.955954
-31.537523,20.317396,17.250242
12.948597,41.07385,-40.06278
-9.955063,27.22193,-18.651995
-51.7199,2.112552,26.38684
-35.033234,21.559525,30.176466
-53.352688,19.628954,24.716333
-27.55333,11.646331,45.475452
-11.516815,31.497904,39.32057
1.342731,40.33594,-9.046309
4.41401,22.662184,-5.260716
-29.195072,8.664089,17.384829
-19.761013,-3.060707,44.015316
-19.650558,24.526028,74.187996
-22.990213,50.49756,53.80583
9.294534,28.392477,25.68572
22.34668,35.726284,-4.787477
4.8756,24.951838,-12.376709
-25.742138,21.301863,38.76641
-21.038939,60.73713,38.67222
22.983074,57.390812,42.52321
2.3580918,51.128075,55.414917
-26.477312,29.84225,19.597296
-29.508791,-3.345539,29.813158
-48.81096,7.0687103,35.51262
5.015633,17.754076,45.83136
11.857501,14.143361,58.836094
-29.599747,23.304605,34.738323
16.59487,-2.0630157,30.270977
8.724922,-21.050087,39.111458
-24.299368,24.796343,40.989162
14.471212,7.0823097,33.94107
33.49289,-1.3629651,21.980165
24.082844,-0.8041765,14.1999035
24.000004,-1.8965685,30.256723
9.401834,52.589973,28.92316
28.273075,-9.100295,29.584919
34.747757,-9.52647,25.529657
-40.24649,10.704391,25.292547
-6.374386,-7.186313,46.746937
59.55182,53.7293,13.654195
16.202131,-16.476837,34.897285
-12.1718025,-9.415838,30.897295
-32.29174,8.288927,3.9316025
-3.3354468,-23.09822,47.47556
34.678555,31.832268,6.3794994
17.225191,-21.988619,1.0539292
1.9899374,4.36331,54.435345
-24.125713,-21.972939,45.649654
5.8868985,-72.08308,24.006676
-4.108923,-20.348543,25.60685
-42.446507,-51.606186,27.25828
39.443333,-1.1002811,28.694555
25.088335,-41.042892,49.340748
-23.473766,-68.27416,27.627903
19.543184,-4.293541,-0.84289306
17.670616,-46.73646,3.6159673
66.93923,-25.201235,-19.796534
24.906963,-51.633995,-7.2106295
-70.883026,-79.24543,35.562992
38.027863,-15.706093,8.585199
49.648705,-31.089544,-2.481976
7.1052856,-46.020016,-22.000597
21.967339,-43.95805,-18.716702
-36.024647,-72.17633,41.039883
24.775011,-27.310741,-3.339313
44.158737,-22.39505,-17.818127
-0.874948,-60.777866,0.8584557
8.509363,-27.641323,-2.7571998
-29.986578,-53.4558,15.164884
10.355455,-42.58501,-14.04481
-7.839868,-32.805454,0.120237775
-12.2477045,-49.646458,-11.73246
88.389854,12.835452,-51.077877
10.671238,-30.205355,2.165262
-47.1587,-54.13327,18.559381
6.338174,-14.588303,8.8437395
8.22948,-27.144918,16.327976
-1.9482763,-20.384298,-35.45472
-2.210449,-40.07442,-58.435425
12.971348,-26.45306,-25.739794
4.5791965,8.527819,2.7146418
-5.1459284,7.400494,8.456475
-9.0471,0.53312856,-9.740059
-41.80999,-24.507996,23.287647
-26.721182,-6.6818204,8.197164
7.8766203,-4.160306,-37.88566
-12.701357,-1.5404278,-15.569809
-19.805897,3.2656658,-2.1809871
6.9203234,11.900601,19.543417
-7.0317006,50.907417,6.211055
-33.740086,-16.277163,3.070462
-5.748513,-0.9198988,1.987801
15.178228,34.637592,-4.1280017
-16.001595,-9.910238,39.224155
-5.188337,24.727844,-13.038259
32.21271,-6.6331577,-29.91968
5.863093,-4.5589414,11.904595
-4.8111815,25.657425,-20.78894
1.3537536,-7.7211514,9.808837
-39.481323,16.524271,36.07815
6.6494317,9.230538,6.172135
24.375717,2.1290329,18.479502
-69.18696,4.8683558,-12.787055
32.892075,-0.5172544,-27.59522
64.554214,50.195976,21.42168
-66.22299,15.921965,30.910828
13.178856,12.138361,21.39368
-1.741863,39.398075,-9.335442
-47.45322,-34.89944,-11.129981
9.41213,-4.637094,-5.9351296
-67.17747,10.516528,-47.903145
15.249553,-8.882186,-45.34025
69.873184,27.921926,-35.312286
-44.020733,-18.982561,-34.791622
-25.613657,-37.7189,-6.963552
-8.546567,-10.010808,-39.780727
24.082691,-23.017736,-63.90193
22.336252,-8.303637,-45.882935
-38.487885,-3.2651894,-74.96782
0.2122322,-27.097477,-52.540035
31.520456,-12.984857,-47.22359
19.506626,-40.73944,-62.4963
-23.659946,-29.337328,-32.530262
-6.394168,-14.408926,-50.956654
52.815968,-43.694267,-33.19431
-18.41242,-4.5723953,-20.952072
-31.482758,-35.174583,-21.874184
35.710155,-0.010563185,-26.430624
27.414886,17.19822,-57.74969
39.08072,-42.689125,-30.364641
-2.953022,6.816273,-42.422295
-36.77512,-17.48018,-27.785082
26.552008,-23.589764,4.8718915
-13.061587,-8.764135,-21.89469
-31.542557,-40.445404,-15.6142645
31.685589,-8.929326,-31.465206
30.618607,-3.8357291,-34.6949
2.5321574,-39.535862,7.896054
-42.49395,-33.636585,4.131015
-33.588932,-22.69362,-15.453155
4.5808263,-26.923084,20.899366
-17.364206,-10.013514,-0.5303315
-29.528364,-34.949955,-29.675762
-24.115261,-30.495478,2.5626419
25.07073,0.8579314,-24.62054
52.62463,-4.9678164,-3.4519274
-37.275963,-10.508193,39.19462
-30.684137,-28.08266,20.698084
16.661674,-11.627248,19.772541
-30.092014,-23.759998,19.370579
14.194398,-26.865343,-11.586172
3.7628577,3.881326,-25.45306
-7.280021,-15.135106,8.253783
58.574306,6.669654,21.105125
-43.712166,10.4381695,11.37425
-44.529945,-34.74143,29.208685
32.341053,-6.3680415,29.65713
-25.333403,1.2678634,11.843372
-11.071023,-29.62204,40.35542
-5.9723854,7.3797636,12.918953
-15.112297,-1.7731287,5.124447
5.6514206,-13.392135,56.432224
-42.057503,8.019547,15.712771
-55.561863,-32.062714,35.302296
-28.120358,-6.3150077,54.14329
-9.91205,20.307627,20.548716
-18.729347,-0.3224912,40.886772
-46.91017,4.8527784,21.905306
-10.464864,-3.8942132,16.531864
-5.6270103,15.214259,34.48789
-47.636665,11.998828,24.509094
-18.35419,-3.9119399,14.8878765
-2.7766135,33.077713,25.36088
2.0051553,29.974333,48.34868
-9.31795,16.61536,43.877716
-50.358086,30.223743,19.957438
18.568071,-3.8007698,31.952963
33.353287,26.14563,64.77565
-5.68353,68.2647,33.38503
67.48103,30.843704,12.799554
19.79348,39.992306,28.404222
-5.805591,3.712085,38.369534
72.28826,22.20636,42.638218
10.559176,48.010025,26.856646
47.303158,-5.9478555,53.350113
88.61238,44.765667,42.183327
2.3663616,-1.6886156,23.004038
26.437397,-24.074953,31.172657
31.07207,15.537732,8.402948
11.206862,-15.82702,64.61823
30.311684,26.032635,81.18392
21.713531,12.140171,20.918993
65.98594,1.0468397,21.20871
54.732944,-10.30624,19.104818
-15.420167,-50.84921,7.681859
31.174456,-12.564977,13.2520275
51.39273,-13.784565,11.096389
25.937757,-19.164833,35.495777
14.25384,9.552818,46.331814
-1.1559833,-13.665423,16.433762
39.106148,-27.370977,-4.3533225
16.376476,-20.992369,-9.39788
14.72641,-19.932985,4.0599318
12.461176,11.425388,4.8681526
-38.4912,-17.38556,6.285748
26.723736,-8.56876,4.3752894
2.3750818,26.172562,-12.215793
-28.031454,-16.254017,-23.589603
29.633099,0.09625474,-46.93292
-9.701917,-6.2735195,-20.018126
-28.339733,-20.737434,22.141481
-13.7642145,20.258913,-24.418367
19.972738,22.74977,-44.84356
38.63054,-25.902056,-18.774963
-4.448696,-26.790558,-49.573826
11.242551,9.691015,-18.721802
29.981148,5.122312,-15.036426
33.818527,22.68379,-66.32779
15.90444,-5.697397,-0.9796745
-63.542282,-14.231447,-3.7206533
-25.118568,-0.2250364,-51.47272
51.13507,-13.354224,-41.076054
4.1650395,31.953968,-48.917526
-0.33630365,8.449677,-36.48267
22.38373,31.986221,-23.848635
-2.4552526,43.145668,-19.045855
15.265199,12.130394,-38.08529
6.2500877,60.966957,-42.25885
-20.379189,-12.409403,-10.17342
24.29883,7.682608,-23.739305
30.854914,36.25341,-21.861412
4.7277846,-14.9241905,-3.4620428
21.294676,37.00368,-21.653543
-2.007066,-15.16057,-4.025205
-26.973345,-24.131687,11.239522
-14.631432,0.56425464,-1.7554156
-6.606804,-10.797328,9.260483
53.280144,44.28555,-18.101269
70.258194,21.467241,-46.620968
-5.7426667,-22.274532,-22.76159
-23.830708,-0.17883283,-9.942696
31.823734,8.429622,-2.471562
58.10797,27.571909,-4.7607036
35.98769,51.591995,-26.490585
12.029162,-2.6954315,-35.861477
-23.418653,-2.5006585,-43.019012
-45.180878,9.360896,-41.276844
-16.268648,7.1562433,-44.945206
-0.8074065,43.19089,-40.31183
-2.6268833,-1.7588177,-10.935427
9.28094,10.534672,-21.324095
-30.805372,1.9931023,-10.901803
-46.03154,-40.773273,-8.032468
12.564861,7.138415,-35.559483
13.557544,-5.2697473,-5.5955644
-16.203634,5.443388,-1.5334321
-15.9554825,31.299353,14.049293
1.4608372,4.968798,32.695705
21.712193,20.02294,-29.96182
15.281342,-2.944374,-56.12811
-4.432958,-24.100443,-50.883736
-4.810645,10.304765,-32.314148
-32.42431,-2.835089,43.87889
-57.098366,22.165401,34.723747
-18.898846,22.069683,-30.784782
-30.046637,-29.290623,-11.394252
-47.892063,-3.1294851,-24.498848
-37.20406,-13.040375,-49.555378
-53.283096,-23.154686,-3.7311018
-45.86526,-18.579575,25.52274
-40.51226,-5.9792233,15.998576
-65.025,11.237738,-2.2460272
-82.48873,-35.641087,5.608841
-40.83301,-28.839016,-21.647463
-39.027542,-2.3266668,-40.296967
-60.804276,-7.1578245,16.014
-46.257195,2.635021,4.613105
-64.93151,9.724717,12.962483
-23.493685,-5.404437,54.89934
-15.212481,16.598564,-2.8344636
-41.45396,16.975475,-23.516708
10.578813,-37.228306,-1.5947567
9.774082,-4.3801723,-31.034382
-6.0271244,-20.168941,-15.765518
19.429695,-34.85639,-7.7294836
28.42939,-10.910691,-55.826424
18.040243,-59.133457,-1.8823893
-4.257402,-5.027779,-6.9786663
-10.325359,-2.6094177,-53.205894
8.994383,-38.29876,-27.59624
12.303422,20.474426,-77.4422
-11.7805,-16.48637,-45.533535
-10.009344,-13.86278,-34.459877
14.467541,-6.265923,-64.03175
-14.32967,-47.909676,10.732466
-50.215916,4.0943046,7.206772
4.5293593,3.1284308,-10.949955
59.04004,15.9229,-15.54565
42.49281,22.06788,-47.33776
6.6161165,-23.215359,-20.256386
-50.71858,9.578333,0.06290079
-40.485126,-10.42378,17.153807
33.351486,18.93107,23.79317
6.1556096,49.189793,-22.93689
-27.916994,-23.445143,16.465836
6.779711,-5.62181,6.5985007
34.86317,-4.531906,-36.77705
41.045235,-18.852549,33.443836
-5.6004376,18.594398,7.5849757
-6.09224,-8.518527,15.299951
27.180956,-29.392405,27.3341
-26.34328,-17.533142,-18.543644
-34.157368,-37.92351,37.62662
11.255611,-24.381233,30.432312
27.87833,-20.01687,6.0094304
29.46502,-13.445191,1.8620462
3.7508814,7.2020674,-14.615357
23.510395,-28.586876,-4.973567
13.691771,-17.52787,-2.1428266
-61.213863,-39.840145,32.574665
-65.455376,-58.781178,67.25216
-39.286003,-7.9037538,43.538383
25.381376,-18.835806,-27.258888
43.862823,-19.774105,-46.15506
-36.719246,-28.806612,-25.388857
-15.7974205,-24.85481,-0.911923
13.857542,27.255367,25.544277
-22.642956,16.084297,25.698233
5.0460234,1.9236518,13.074251
27.632782,27.157068,-15.590133
31.961775,15.947707,7.3674703
60.49483,18.679638,-5.513114
24.12396,25.583746,-47.18941
2.0902588,-8.788,16.951708
17.987139,11.45935,36.66038
-37.325325,20.65251,-0.008918537
-32.856743,7.2902403,24.459314
-2.643675,19.84849,10.086381
-11.189354,20.312737,-31.656229
6.269087,37.479626,-15.265239
-28.881222,20.363926,-16.203218
-21.28627,23.427738,5.1931086
-1.4576763,56.084526,42.182774
-39.29821,14.98992,40.83417
-41.73209,3.0972652,39.25358
-36.59857,17.198898,32.20027
21.6346,9.939912,14.302664
29.142815,59.780045,-8.772685
-10.185373,44.332268,-6.5899854
25.171326,10.410102,-12.00375
-25.203268,35.336136,23.34976
-63.17854,-7.097641,31.160252
-24.72268,14.758857,-24.846275
-23.074438,26.440062,-7.1159267
23.351408,0.52868384,-6.9534993
7.192337,38.66324,-30.654745
-32.48691,8.208998,-41.480606
26.8362,-13.646477,-11.176435
-20.311924,-11.076207,7.459514
-70.7458,-27.159718,14.373803
-34.369244,-16.484386,48.030228
-22.815645,9.52476,-5.024944
24.56101,17.371332,4.822572
0.23831883,4.181114,18.977558
-43.870304,-16.230318,-28.298225
6.4987507,-27.463938,-15.034458
8.311237,-4.978495,-3.5842135
-12.372829,12.402742,20.615692
-9.741622,25.208778,32.974945
9.174206,4.9490814,23.603985
35.620125,-7.019642,11.912886
7.7696376,16.772623,-8.530782
9.621796,17.706366,-4.3618326
52.687332,38.393517,9.030514
15.87274,41.25365,30.20339
-29.687166,9.6092005,67.404045
-13.476301,33.99866,46.572926
7.3194156,32.285446,1.4484602
31.953848,6.610231,-1.8091234
4.7745805,40.169125,3.6481297
-40.15504,13.379333,32.444653
18.295694,45.378517,10.978566
40.881943,74.09961,-5.0518208
-15.218381,18.291939,23.238434
-60.21594,35.615604,19.714846
-60.51333,7.518743,26.27553
15.21563,41.24096,3.3166206
-2.7283247,59.870903,7.0035567
-65.12808,8.184837,39.27129
-15.896289,50.39414,30.647654
11.839667,28.763828,32.28595
-1.462764,27.64463,20.793068
-14.648797,41.485035,4.357053
-1.8675938,6.2454634,27.649044
46.011974,32.736736,19.27948
32.585136,36.13829,10.078319
-0.01497525,25.740173,25.511602
25.19571,36.556267,-1.6087419
48.980537,42.873295,23.488167
21.263525,36.92604,32.62729
-23.994936,17.687483,19.45598
19.807634,20.413948,39.905716
57.35506,35.94857,16.190056
-2.6802843,30.978031,33.96765
-5.2131257,13.5381565,42.501526
3.5283995,22.563618,22.283487
8.977141,0.3765108,40.146618
44.391987,7.767185,25.067915
4.029914,44.060043,5.3921347
10.434102,10.510715,32.34044
48.249043,17.298645,34.948486
-22.118212,-15.538677,38.035168
-45.54595,-37.630543,47.098595
14.59465,15.778414,27.462389
50.257645,7.706933,35.341946
69.16837,24.373812,2.2571545
31.46209,0.9818496,-3.6413085
-22.571632,-40.500305,38.079014
8.553704,-13.771987,25.01378
28.049326,-20.121552,17.72974
2.5335414,-2.966599,-6.222782
3.433854,-12.609997,-0.030460045
28.987156,-38.349228,29.119799
40.87748,13.884627,4.90465
12.804119,-2.8264217,-19.355629
15.42166,-37.569828,-19.007269
17.174921,-19.954725,7.383501
-6.3913875,-29.983725,22.150505
-7.235027,-8.12899,19.104738
-4.1464324,-1.6107119,-8.514446
23.929974,-34.82837,-14.657462
-14.825525,-34.913876,-17.582542
-19.826727,-36.666233,-52.703842
46.637375,-31.791603,-20.495363
4.167292,-24.585266,12.515677
12.191182,-41.635437,16.47274
24.954685,-28.40108,-3.522586
-0.2375392,-32.533154,-45.5195
52.09781,-51.516273,-29.278933
28.07649,-12.985504,8.042692
30.967619,-15.459935,-11.732103
52.81458,-20.033056,-52.965584
-2.868903,-44.7025,-36.871956
51.38277,-65.81173,-18.749016
29.971434,-8.976587,-35.84864
-9.960341,-49.467735,-32.15988
77.29232,-44.950134,-4.945304
-9.217848,-22.320562,-4.2187777
-18.07483,-52.299496,-14.271253
88.49364,-2.448017,-50.80109
46.611824,-19.514175,-61.35414
48.319656,-36.374985,4.6858706
-5.659639,-14.119399,17.114857
-40.409378,-28.134413,9.439127
51.78905,-16.145674,21.331673
8.365561,-0.2812747,15.805862
13.90607,-13.475542,-3.1674721
68.02585,-10.755708,-38.68399
10.036782,-37.020607,-49.222813
54.19886,-46.98472,-10.175653
30.412573,9.991105,21.166054
-31.981453,-4.749763,-7.8317738
56.829014,-10.057073,-17.9583
5.5692854,-28.666803,2.3801708
-33.157658,-45.226273,-8.954377
30.73434,11.731165,-28.251755
19.4203,-4.809934,-27.045795
26.245,-2.8340592,-3.7685392
-36.4111,-7.605836,1.7952201
-51.248116,-43.262146,-8.351274
48.413578,-12.363382,-38.219784
59.684887,-6.5051584,-82.39889
33.906242,1.3428899,-38.81063
24.590714,23.675344,-14.935108
35.734524,4.022652,-42.542404
8.854182,-11.216498,3.914873
-35.79814,-2.4961429,-1.1630486
10.031029,14.82201,-46.80273
12.745018,13.9531975,-27.115236
-6.100886,-20.306376,-22.806984
35.988262,3.427883,-43.049545
8.457175,28.686438,-17.070827
32.200497,-13.649458,17.924753
66.12008,1.5526247,-6.6530385
-21.992334,-29.558506,-8.093341
-16.954363,-55.159016,-5.377083
20.777727,-5.03484,-53.632824
19.602348,-22.866714,-31.63741
11.542562,6.959543,2.1037412
-34.522198,9.396087,0.2066392
-0.034891345,-28.406504,-9.104169
22.391434,1.0690182,-42.623558
-16.5821,-4.389701,-45.673817
-9.898638,3.9086456,-34.35444
-13.9787,16.063236,-11.623059
-9.271889,2.4456325,-8.68764
-14.040282,7.65826,-11.370133
-63.46883,3.2157273,-1.0164219
-17.33566,1.6664352,-24.473392
23.326672,11.285683,-40.857685
-43.54604,-15.971508,-33.082863
-45.164787,-22.33484,-25.174543
-30.214136,-11.8746395,-20.105917
-33.37346,-33.19615,-12.906989
-4.58845,13.5704565,-29.521528
-26.238615,18.620344,-14.090825
-12.397406,-1.1668884,12.064505
26.406256,17.35241,-19.224865
15.529652,-18.398552,-48.719967
5.301777,-0.97209924,-44.5962
-26.464699,-7.2907047,-11.706271
-1.5430163,-6.940967,16.892923
13.95649,40.47001,11.124704
-39.09321,5.069632,-23.639074
-2.3130627,-10.032446,-16.237095
4.037078,1.7847313,-4.8764696
-28.680468,3.941364,11.761127
-13.2120285,8.822882,52.039257
-49.365376,1.9247931,35.374493
-26.309507,-9.425621,38.71444
24.760054,10.710659,-8.289464
-11.176018,20.3904,-48.4975
-15.462794,-12.106355,0.09514613
-6.3323264,10.789216,2.121923
-29.267126,16.31629,24.502508
-51.364334,-3.4909825,20.51446
-37.199986,6.7406363,-25.580597
13.031192,-18.176998,-11.3597
-0.5687626,-3.375712,-17.786776
-6.2329564,10.921666,-55.218037
-5.9490604,-24.634361,-25.87195
-50.105892,-9.357749,-8.112871
-24.468443,-4.5035086,-10.056134
-40.097073,19.959135,-3.230495
-51.510498,7.7496285,-29.145191
-7.18546,-42.253643,-10.809505
-32.456116,23.481422,-25.258644
-4.439657,3.1577091,-26.172895
16.512056,4.589093,-18.303831
-12.590183,36.636673,-29.628035
-5.5153627,-22.11533,13.271776
-62.610447,34.386936,-17.193764
-63.297955,-2.7447515,-23.024895
13.033029,-11.984767,-26.302837
-20.878813,59.68795,-51.278988
-20.924236,8.846209,-3.3829696
15.822545,45.564297,-26.549276
-10.399212,15.876768,-31.926073
-1.1151326,-1.7132576,6.773915
-17.032831,55.090393,-43.825916
-21.805304,-10.562469,-44.358707
8.86483,5.4228563,-20.045496
-16.166733,12.399515,-2.553372
-35.99937,5.131982,53.69836
-21.493607,54.84561,8.314091
27.285013,3.4932504,-12.116378
17.551598,4.850018,8.899907
-28.862103,36.51999,-2.5597708
27.707243,22.496471,9.695617
29.03439,39.484478,-25.512518
-34.15878,-5.1731277,-5.8075094
-20.260918,-1.388159,36.512367
-19.869625,44.438385,24.604177
12.507707,-1.228187,24.728315
63.06131,13.35093,-11.754954
9.44364,19.656115,-16.470642
-8.6519575,-24.048018,19.514889
13.459461,6.3433237,9.468339
2.4382758,4.3503437,14.025194
-21.64415,4.9916267,34.542805
-39.35609,24.104506,20.6728
12.548743,0.6182575,23.151043
25.874966,31.064653,12.540452
-7.307914,26.855625,5.07135
-2.1631012,6.859064,42.331787
-2.9743805,24.600262,9.869399
-0.00549131,-3.6090696,-13.716434
-39.49413,-3.4042306,31.08505
-58.015312,19.417913,24.767063
12.788647,38.54493,10.342783
8.17142,43.415604,16.861477
-25.939894,29.874146,-0.60157543
-13.973782,26.82792,10.979559
-49.457336,23.161161,20.346128
-28.944746,16.877048,3.8595805
-7.522773,25.178177,13.793843
-74.60809,29.705084,24.165735
-49.112396,-2.364379,33.00248
-25.368755,13.425471,5.078717
-49.666157,13.623766,11.681729
-25.113628,-0.646176,29.384743
-18.199306,11.105074,-2.09264
6.741868,-13.671733,25.179604
-11.564791,-2.1651692,4.1728444
-61.38703,-19.987759,-4.6620607
-32.811077,-7.6255774,29.519178
-0.23152049,36.307266,-13.397365
4.5043397,6.3891635,-8.911461
-38.674732,4.2719693,31.66063
-31.95641,9.232007,6.7002153
38.03399,14.803402,-24.008928
-2.916894,28.270851,-17.73671
-36.576458,14.311604,-7.458533
-7.0632796,12.821339,25.97312
-19.229513,31.561598,27.489996
0.43086052,18.828909,6.4623985
18.934275,18.395594,-7.4094415
10.2658825,10.564852,-38.97132
44.61733,-20.907196,-12.4822235
31.071815,12.673658,-9.463145
-8.150153,2.133666,-6.014051
1.4171228,-12.091565,24.903212
-6.910289,2.2389126,0.020481694
30.661692,-12.961429,-34.939373
48.69306,-1.612541,-55.78177
-2.9565017,-37.645058,-16.81636
35.687096,-26.507277,5.8631253
26.122387,16.45553,2.82364
-15.274191,-27.645506,20.810667
22.14539,-8.707437,-7.727372
-1.4671999,-2.4520628,-23.385603
-11.074636,-31.753004,-0.4220276
-2.7378705,7.100323,-5.8824806
-7.239261,-21.728281,2.9848697
-2.056062,-39.78322,46.51712
-25.157854,-7.1289387,23.29741
-1.8318737,-24.220304,2.9636521
21.118006,-14.077208,0.9952519
3.6660838,-36.63069,2.6983051
-6.8138213,-53.974796,44.132786
-15.000991,-14.205719,27.011751
15.341249,-38.826607,12.101249
43.26898,-38.430386,-8.7675705
0.3848396,-35.525238,-28.782045
-4.278644,-53.14623,-21.5539
15.527303,-23.012817,-21.478258
-14.170579,-36.291542,33.534615
-4.5075274,-16.953304,41.68997
-14.671525,-8.539235,20.384758
-5.981987,-50.30176,17.470333
49.111256,-28.759712,-14.819105
13.159334,-20.920887,6.5967383
-15.14237,-18.705614,44.785606
8.974645,4.4781313,10.908919
11.113549,-16.86472,1.5346919
-7.92675,-33.795444,1.5398675
-20.436098,-12.201029,-46.033337
-6.319479,-31.934963,-24.828814
-17.820974,-42.66521,-2.102265
-52.206226,-40.564964,5.4698777
-43.821415,-24.979124,26.256792
-10.687304,17.251146,-8.465148
5.619906,-23.929567,-6.2557545
-38.545815,-30.082716,28.302265
-89.72791,-10.190027,32.098427
-24.377563,6.514589,20.29041
19.067022,27.567654,15.011636
-11.473716,-8.192572,2.7956119
-14.11599,8.30101,-7.714231
-32.559998,8.487393,2.1911855
-3.8685107,-4.288006,-5.348032
-0.22874647,14.421543,-5.295114
-60.974453,16.86057,7.189621
1.601604,21.424599,7.2018466
61.115917,24.292412,-32.805332
45.71317,6.801185,-50.582336
36.422318,-3.2040064,-18.827488
14.195159,18.878744,-4.1522017
47.607708,5.0992537,30.615698
40.134167,25.74002,35.458622
-8.844934,16.648035,16.238022
38.5338,3.387385,9.940279
69.34325,28.934614,-31.58012
45.682224,-33.70095,-43.213326
21.545393,10.984003,-35.821682
3.1477604,36.55847,-4.3071055
33.12775,-6.478914,39.19451
31.990654,22.201872,-21.91307
-17.226978,-34.311977,-42.206978
12.784274,-32.841427,-17.555616
33.20489,14.81013,-42.992687
21.330385,-3.7684565,-3.0417695
-12.766283,22.271194,18.29118
-42.390644,7.589712,25.509398
30.905586,-15.913331,33.541744
10.047717,2.9171638,-10.909074
-11.980193,-24.615482,-22.256315
33.88584,-6.19573,0.25150248
-16.125837,23.220491,39.077435
8.519939,17.624258,45.213886
26.197868,41.49064,14.306639
-31.843561,7.7148023,3.3927882
-10.644396,-14.677886,8.197104
-19.190567,5.5744376,2.018977
-50.434498,-7.112519,10.69189
-28.955519,27.930891,11.364631
-19.87801,38.97609,26.411062
-10.632065,23.366198,46.140503
-32.96206,52.424973,-36.300716
-34.562885,5.094873,-20.261768
2.0482075,-5.5531273,43.0825
-34.484222,36.693916,9.878417
-22.312393,10.891472,29.181063
-14.138865,15.248166,17.59723
-34.95973,13.221093,-9.918421
-3.069215,35.52321,19.61941
-44.07579,58.210052,14.994167
-14.686694,26.405626,-0.52803886
0.936773,36.875744,41.886543
-51.435444,21.212048,64.12963
19.06679,19.213488,47.618767
24.310564,44.456966,12.112417
21.677189,3.370463,-13.458246
42.546833,6.694255,23.101028
-11.734165,49.248814,15.224624
5.77281,23.437956,28.109308
-6.7400036,29.24248,43.292645
-40.281235,22.676182,43.988705
4.767219,2.5777981,57.167095
-19.609562,45.45863,5.4119716
4.261861,16.190445,33.71991
51.455532,37.054974,38.285606
-16.51662,58.622845,23.094099
16.272692,4.9445577,63.124718
26.112385,20.495527,32.638016
-30.927328,-18.185648,50.990337
-8.14744,-24.02129,63.14881
-10.637245,7.341877,12.191499
43.556736,-23.390463,25.566671
48.46554,-10.201946,39.987972
-19.854576,-27.489035,51.906216
24.984882,-22.925219,59.81586
29.484276,-5.646691,9.398489
10.258797,-51.062725,49.092373
2.317824,-15.890978,80.11524
-2.865891,-6.126886,20.85206
56.921234,-33.72451,39.21139
32.843502,-22.110777,47.129116
12.459761,-49.394196,46.639782
13.152041,-24.34183,65.513626
-17.334831,-18.962969,62.310997
35.47751,-60.57463,73.75585
14.759968,-24.454739,25.61293
-15.263384,-36.636818,-6.2768464
57.762707,-44.875946,1.9536234
45.75222,-0.8164427,-29.564247
-2.6062622,-35.358932,9.916431
1.6822938,-3.416285,32.623795
8.100036,14.235963,-12.21691
29.039677,-34.59365,1.102851
0.83589035,4.460805,-17.31103
-18.544254,-1.6285944,-43.20269
55.34672,24.611897,-41.908077
34.282257,34.21668,-39.344326
-10.266101,-12.900907,3.7148194
7.2680306,33.70947,-11.969608
8.803511,6.5693016,-21.585375
56.474293,2.1196582,-13.60638
29.165913,9.874703,-27.947578
-12.513756,-36.281628,2.6892743
15.928107,6.8193603,-0.23287046
5.9727345,-5.7818637,3.985584
42.07328,3.5957747,11.811119
28.735485,24.438362,0.41895923
6.9083343,-22.361858,30.881891
69.07478,3.9214242,36.28694
49.060505,-1.0699086,2.0589733
22.768269,-33.250782,12.525804
17.576601,-11.992927,37.210457
26.06221,1.1677195,19.778957
41.427273,3.2953863,9.563346
-13.994185,-13.918037,0.70464593
5.1348047,-54.39292,13.905412
68.62247,-22.39366,-8.436927
38.0372,-15.888688,-12.623467
10.586322,-50.985268,38.26789
9.790496,-12.1208105,5.703502
17.62067,-17.668566,13.422648
23.841696,-10.778918,4.83665
-19.791082,-6.951027,-50.05761
-11.655562,-33.960693,-16.010885
2.5323985,-14.57319,13.574984
-34.46518,-19.67962,11.50425
-1.5900679,-13.022931,4.261274
6.835599,0.092749804,-3.0594006
-3.3919597,-5.671553,-2.8699486
17.97597,12.816552,-29.974892
-24.859146,5.221482,-52.974716
-47.51968,-37.523952,-9.229084
-30.026031,-2.165708,6.7263103
-6.192174,28.131245,9.803053
4.7327266,13.646493,25.766708
-36.695557,6.718544,-6.8790374
-4.290339,-16.293785,-6.2917423
16.101074,27.890034,-6.628533
-47.907013,13.956519,1.1131026
-22.818163,-27.987917,26.11299
-6.768012,-2.3548076,20.03506
-40.685566,-29.264624,35.886154
-28.10747,-28.326626,28.010107
-0.36275998,-11.042369,-21.49097
18.536346,-24.451365,-2.8910096
-18.994104,-1.6233556,23.846832
-46.027645,-6.135715,-14.2100525
-15.193161,-35.026295,8.320245
-24.30848,-4.9962296,13.707843
-19.722725,-0.5396131,12.289718
18.876883,4.8796554,10.858686
21.87675,-3.483917,-53.78839
47.97619,-44.51989,-34.71587
30.549732,5.225975,-25.580305
-21.520142,-5.770544,-28.47942
-7.8846517,-24.61727,-10.219692
-13.385501,3.261043,-22.808277
-6.150306,-32.49017,-3.7925677
-7.328798,-7.162161,-19.41092
-7.0432215,5.2091603,-57.373474
71.579735,-4.4565444,-40.09897
69.70074,39.51707,-21.420294
5.4434547,20.436094,0.06972168
3.521631,4.9208617,41.209988
26.585123,9.801182,18.640255
25.821186,-10.277491,17.463919
6.809383,28.433706,25.953827
28.60782,13.62461,-10.683927
58.122467,-11.007947,-10.083233
33.660885,24.664734,-2.0905344
10.690196,1.2975703,20.693909
15.878866,24.677055,10.270244
25.3158,6.418549,15.666919
41.398636,-30.282515,33.105595
19.881893,10.964443,-0.32959712
22.95363,-28.769264,8.263648
80.80711,-12.143976,-9.9525385
36.926506,8.440755,-15.494061
-29.785141,-14.072074,27.34639
-27.360384,35.9918,10.842497
-17.739183,6.9016705,-14.942393
-14.287908,-7.668553,-17.998022
-52.490913,35.361095,-26.145288
-38.958286,-2.607134,-12.902491
22.28564,18.188772,-10.42221
26.879827,60.14186,-32.19779
8.178204,33.647705,-16.590244
-40.18876,43.625355,-13.168443
-34.992115,10.100168,-29.901155
-12.676921,-9.249586,-32.52922
-93.11319,4.374464,-25.938404
-78.9978,7.297148,-1.013808
-5.179981,58.689266,-25.978844
-30.045753,28.455826,-73.814
-39.18883,10.12965,-51.819252
-60.40055,27.934267,-8.317657
-51.447742,7.4360847,-8.461723
8.774005,31.985909,-17.549717
-21.982378,16.811132,-27.978695
-20.953228,-15.308364,-30.800255
28.321218,12.661733,-38.075928
40.634773,17.510115,-58.581383
42.36369,-0.8046439,-40.407207
-9.115205,-0.43324715,-46.184155
-15.748025,-31.87658,-28.181475
24.167608,-17.141157,-29.017344
6.2400465,-12.091629,-59.536648
21.107594,-45.630295,-21.853775
45.12417,6.7378454,-47.524155
36.308716,-13.777154,-43.42465
55.47348,-14.4295435,-32.564274
48.31005,17.466372,-66.07482
35.25602,-36.314846,-31.159983
32.45409,-16.30208,-37.941185
-0.13907951,-22.74326,-42.95997
-3.8460276,-45.32248,-14.644118
21.048592,-8.71601,-38.70057
50.25611,-13.760766,-49.58474
18.058226,-11.462488,-34.524956
-23.796005,-27.747662,-36.961536
17.49081,-51.39159,-4.155803
14.327201,-8.606058,8.268705
6.4256024,-24.002487,-6.9931316
22.038631,-33.355923,13.821533
-6.075371,-9.558017,7.3564286
31.991133,-28.127333,-12.959869
57.75795,25.00553,-48.985603
9.602262,18.707539,-74.41895
13.6518135,-1.8239713,-52.468613
-34.70423,25.52381,3.9595485
-82.73877,-8.684187,43.440605
-19.051542,15.668342,10.773893
-27.541527,-2.0290596,-6.8924284
-25.108326,-24.344,-14.961821
17.713743,28.402712,-42.720303
-20.108522,12.126067,-31.749996
-13.002893,11.529545,29.66149
-10.454038,31.004673,55.679382
-56.209328,2.8544662,43.01962
-40.390778,-13.047059,29.850492
-6.600098,-18.971231,-13.145878
-24.763414,-23.99052,0.15311776
-72.175224,-11.7636595,25.297018
-36.748432,17.018808,12.104149
5.303404,24.64102,10.126985
-34.98494,-10.15336,-1.8867644
-37.466484,-31.58908,-5.2818637
-39.928585,-31.528543,-3.8306758
-24.714285,-33.53166,-14.99942
0.13704628,-31.915367,8.402614
-51.406734,2.684203,29.093313
-29.119276,23.908678,6.536689
27.379808,18.742542,14.415572
-1.293646,10.472947,-10.539527
-12.604136,-31.829971,-11.35664
-11.788052,-1.9376318,22.104673
-10.539111,12.255862,2.6176784
29.869156,-8.177523,23.555387
14.188353,42.318848,9.862581
-15.361145,18.644749,-4.380629
22.01912,2.8097408,-0.74930495
24.957613,8.048759,-19.821405
5.1891565,-15.372747,11.883763
21.993416,22.281717,7.5928197
54.297035,3.0157192,-21.106565
55.06715,-36.580658,-13.750479
2.0943887,-14.404458,-7.1918845
-11.729867,-7.3274794,20.492292
20.637514,27.924864,38.667618
21.291967,41.08366,-7.8902597
-1.7917645,4.516413,1.6699362
-40.024033,17.364672,21.372467
-20.369694,17.92322,-9.927148
25.713612,17.513828,18.296228
-30.703707,22.664928,18.223223
-33.15906,11.794573,14.9015255
2.46005,54.451935,31.785578
-24.646492,39.87793,13.26923
4.257997,13.038546,-27.336304
-21.418259,36.600853,-59.257835
-45.601246,-12.599633,-10.6589365
5.5682063,-0.4249452,-6.820865
-25.42461,21.783783,-20.501116
-44.864628,-36.256992,26.456032
-29.24851,-13.53338,2.1788828
-12.365451,-21.658228,-39.834618
4.799142,-51.73597,-23.547329
-49.67823,-39.65961,-32.007828
-64.92733,-74.00938,-14.5328455
-26.641665,-40.46176,30.34332
-18.98418,-8.371293,-29.402716
-12.621415,-47.753376,-34.363567
-21.712986,-23.82147,0.25622275
-17.612993,-31.134876,-5.244641
-10.794721,-41.482384,29.921305
-29.04901,-9.71513,16.630316
3.2138524,-25.437037,24.025421
28.948576,7.3712907,30.655897
10.099362,-0.78238916,18.686455
9.88069,-13.516044,25.032608
5.4947357,26.842758,0.8412719
8.872208,-15.795044,30.536604
15.621088,-2.527057,35.320103
3.604932,14.509737,-6.1976047
25.803053,-11.673667,-5.1008277
19.044538,9.710302,1.1378495
-0.26469818,0.35770056,15.968596
39.8425,21.34842,-7.394228
23.839643,40.81008,-37.833946
36.115513,0.77874506,20.771059
46.777138,15.488601,11.147821
-23.37412,4.682762,-35.572464
3.840604,-34.854126,-8.194524
4.7378073,-9.132262,-16.46651
-7.359111,-13.921019,-0.21625286
19.723473,6.6100287,-8.739788
-9.392352,24.784748,-57.707375
13.81321,-26.998615,-26.295382
-31.679773,2.254786,-17.448507
-84.54872,10.687477,-35.89967
-16.908726,-16.910797,-27.044724
-31.744177,10.770162,-17.079031
-60.362453,-10.75487,28.92994
-39.487602,6.818094,51.174847
-21.928223,17.062325,15.210616
24.164145,-27.109564,14.32993
-6.0786233,-7.198444,21.586987
-38.885952,-19.856382,26.301058
-5.0902486,-9.337415,26.534075
-28.521482,3.2635498,22.543583
-24.334852,-23.490269,32.65504
-41.560905,11.577024,1.6271994
-84.65364,-15.489742,-7.8224235
-8.756075,-20.771603,-8.241002
9.132052,28.457762,-14.423525
-15.041777,12.056353,17.671179
9.913688,29.448011,30.273775
20.452997,42.703598,20.687794
38.69411,12.252097,27.23813
-12.62552,3.816911,19.819237
-21.686916,-23.559616,0.35205984
42.593822,-14.504799,15.346572
4.710818,19.468582,-3.5735688
-12.018668,-6.911923,-6.8462543
-12.058909,17.958529,-11.936784
-22.227049,1.6113067,-46.71831
32.221638,-41.798717,-19.676508
-2.8588278,-11.569628,-21.998762
3.6825037,-33.095463,-26.623215
85.02647,-15.65971,-28.225838
36.91914,-1.7520183,-28.593555
16.64842,-11.522233,17.545763
-7.1973796,14.568217,15.703123
-29.872234,-15.29118,-11.330356
45.88809,-9.410419,-24.60786
1.1947311,9.108548,-36.164845
-39.383495,-5.24317,-28.173616
31.58598,40.51288,-19.086523
30.752724,49.647194,-11.967332
5.314764,9.85544,-4.9430156
-5.8784103,18.866892,-29.076628
-2.9816809,-8.340683,-15.711238
20.333937,-25.499481,5.8560076
8.256438,-8.474101,-21.962313
4.649924,-38.268932,13.516102
22.115515,-20.802135,4.138641
48.795715,-7.54796,-32.57029
49.05314,-29.72675,23.740229
-15.654776,-15.511307,8.574321
3.3565745,-31.851654,-18.710573
37.525864,-19.917984,-17.507238
-29.72465,23.240128,-40.207104
-36.716408,3.6124713,10.240472
-17.632664,22.153988,24.838955
-5.667311,31.124704,-6.386782
30.447596,15.316866,-16.710793
5.9024763,34.695896,-48.262917
7.887803,-6.162752,-8.192629
40.231037,15.789421,9.682862
8.074515,21.201736,-8.238188
8.9122505,-47.77994,38.625336
20.90641,-10.984859,28.189493
27.493322,-3.0795279,40.013218
64.171364,1.4717731,51.606567
17.301174,15.762874,2.8012748
-3.963932,-33.67999,34.26044
21.868526,-4.0574093,50.323383
-23.511433,-15.823916,32.135075
-29.885426,-63.981113,19.301529
-20.803339,-27.72221,-21.59706
-7.3360786,-45.145336,-6.5962186
29.940485,5.1779556,-23.017893
-0.2708305,52.10239,-67.8158
-21.856184,-4.5490837,10.737695
-16.60891,25.542368,51.066944
-29.670485,18.051228,42.55615
-16.81271,1.256804,66.98069
12.170483,5.0190415,43.337112
44.164406,-17.13802,81.649155
16.84874,23.77096,104.19296
-45.055065,18.584648,65.21801
-23.14697,-11.501493,63.38171
-26.767315,3.9449487,13.608072
-60.018387,-7.374102,-12.638115
-36.260303,-18.611782,-41.896786
-39.529716,4.2236214,-113.71937
-23.158703,-0.21916586,-85.36107
-11.413496,29.365759,-27.423605
-25.17018,54.595276,-41.811523
28.2063,19.291073,-38.46266
35.171757,48.76527,-0.34340817
5.3148856,38.60421,30.8961
-12.486351,24.007,55.478165
-49.923996,34.424873,47.325546
-20.43114,-14.042536,79.72702
-24.644176,28.936148,85.13387
-68.09485,24.316458,45.654415
-36.913143,-11.549595,6.394502
-43.251034,24.65595,-79.83499
-72.41306,-18.674746,-83.174095
-85.49055,4.0175495,-80.80326
-86.780815,4.7263246,-85.2688
-41.06838,-36.83149,-58.018852
-42.351723,47.494213,-62.238102
-41.93974,46.63786,-9.43774
23.42291,41.067585,-10.467377
59.34441,77.25819,-56.38708
52.073242,16.97308,12.886243
-15.174889,26.297775,68.458015
-49.638985,27.897837,54.93415
21.183937,-7.973552,60.58817
8.840541,42.163292,27.214985
-49.42041,6.33607,4.058521
-19.83665,-4.03128,-23.692833
20.309172,24.14066,-76.06544
64.90087,-12.36939,-60.722713
37.572914,56.07639,-53.522297
2.482121,52.316696,1.3401215
81.45092,22.674213,47.199345
59.13966,70.533554,30.50229
-4.8517065,35.045673,52.306736
27.722988,58.547222,47.890743
74.54486,81.958885,23.173265
107.2558,43.490746,28.637022
21.320724,54.629314,66.529816
-54.44937,14.323977,102.00372
1.3108652,-4.7664742,96.19298
21.705887,0.573802,28.183733
28.11538,-38.392067,-35.102814
46.911785,-0.75031215,-51.43999
47.136406,-11.818737,-55.844124
71.8704,6.8449187,-49.439648
37.063347,66.2494,-37.334423
-2.5467708,8.439979,12.2962
39.511696,45.26176,7.5308437
57.977634,58.504894,-7.7334385
20.931322,21.274588,29.64306
-42.594215,43.68606,31.416092
-5.9306626,26.4081,55.76504
67.31313,51.07394,54.535976
2.096375,42.26574,31.505207
-18.6077,-10.912371,21.35839
9.0281725,-23.33772,-6.9738436
-15.178685,-36.281525,-21.468739
7.9401913,-36.928185,-32.092113
-0.035068613,-15.357264,-30.810955
6.6744003,-11.555902,-23.852753
60.63687,-4.3663487,-32.777603
23.191797,23.96149,-55.17748
7.5041523,-5.737398,-36.48677
11.549732,0.5918518,-7.865015
-6.1951904,4.8951035,15.630811
4.7593627,-6.8154593,45.670135
-25.296791,18.817928,51.94832
3.099094,-25.646652,62.89484
60.541904,7.6362567,33.239307
42.69429,10.250766,1.6881196
37.222313,-47.0087,-3.093584
27.98198,-48.33334,0.43955985
40.694195,-81.04821,7.5364323
66.391045,-40.296547,-11.366663
40.290714,-34.809807,-32.542297
35.39264,-74.39263,-28.96457
31.813065,-49.139374,-14.20146
-0.29436275,-32.926594,-23.51205
-1.3862697,-3.3294833,-10.375111
-7.979649,33.819847,19.057974
-28.417566,32.444077,72.58461
-38.416233,53.878902,90.30616
-41.7014,63.3138,54.86163
-1.4040667,12.6703005,36.105362
0.70723563,19.795216,-9.344926
-26.348606,-9.060135,-1.1983429
-4.5985765,-26.71383,0.13153191
1.049626,-1.1381077,-26.394823
10.665942,-50.813305,-2.6910486
-4.128273,-27.427582,-23.446314
-40.039104,-26.911552,-75.384735
-12.303724,-55.658775,-79.391815
8.793279,-10.746289,-62.111603
-12.426597,-8.219661,-29.301905
-26.680038,14.369639,25.374733
-26.763704,28.885448,11.521454
-20.402643,-8.274597,19.02482
-19.318916,22.388937,39.62358
1.4892093,33.854042,7.8035564
44.043587,-5.9745116,17.084839
36.779427,-12.645854,-9.001143
8.342282,-51.866932,-18.093004
0.61490506,-66.67916,-8.758021
21.18662,-46.919872,-68.91426
52.35616,-70.02958,-84.60647
0.2500474,-60.52361,-63.751766
-49.02182,-44.96776,-44.737885
1.8278747,-21.979843,-13.13625
22.994198,11.091652,-9.561824
-8.962599,-4.009677,9.085047
-18.380976,27.601805,44.08713
-19.55303,34.384327,54.55445
0.00051945867,-6.0622754,79.57951
-10.841856,8.141347,71.145744
-38.33146,-14.73313,55.68485
3.7134593,-41.48761,64.406685
26.125908,-75.04267,12.7753
7.1614027,-113.33013,-12.328854
-26.347795,-78.06579,-17.976406
-21.075674,-64.079254,-55.729774
13.852488,-60.580215,-39.82842
-45.6337,-50.437893,-26.257067
-83.98533,-49.133343,-25.859606
-48.316654,-18.815256,-15.474101
-15.55243,2.9433494,-21.643112
19.567017,5.932576,5.0116014
5.7330146,20.7527,35.69892
-9.019113,15.796529,43.011196
30.190456,-3.7656214,38.496933
13.540661,6.0735416,7.1866746
-39.104656,-30.74601,13.889186
-32.478836,-47.348324,18.6736
-9.556818,-34.484356,-28.579689
18.077547,-64.4031,-63.981823
10.015946,-28.016676,-95.31483
-7.277682,-17.399921,-85.728165
27.231096,-8.6876955,-52.0476
0.92179286,23.791729,-17.068277
-27.814165,-4.757602,26.812714
8.098687,22.31119,37.471207
35.1544,31.428629,39.61684
54.82599,30.847801,27.795593
25.918898,49.906403,28.239656
-6.0967994,-5.653985,57.2022
9.919998,-0.5019028,49.375256
-11.176936,20.836035,5.869209
-13.647313,-18.413324,-14.990071
-2.1650295,-5.684019,-40.193714
-14.47097,-21.358892,-48.070522
22.655596,-21.293468,-44.498695
-12.948346,28.524376,-78.50513
-40.049046,6.0165114,-50.526608
12.932195,39.992233,-34.366158
-12.61355,75.38191,-40.77939
-9.925478,42.221947,-20.6795
-13.094813,63.03592,-35.26004
-30.356554,38.421234,4.2547774
-4.22945,27.05884,34.977497
-38.570984,52.377148,2.9735575
-16.367468,-11.630067,10.697747
16.568478,-17.051186,11.993304
-8.376441,-9.041973,-31.996174
24.164993,-30.65847,-50.439686
15.992527,2.1004047,-49.201363
9.201432,-15.495887,-47.406464
41.460888,14.215169,-37.57992
13.645418,50.911915,-38.147537
37.772907,20.196384,-25.923302
36.440826,46.867775,-12.603598
-4.838321,41.199734,19.635891
30.781757,30.469046,41.652424
23.54194,46.838715,26.635044
40.02813,12.8408165,46.201843
59.35657,23.771032,57.816113
19.076794,41.881676,34.07998
54.702206,19.529873,7.4857225
48.280067,26.286402,-2.9537814
5.3028126,4.586257,-20.064672
43.468876,8.067752,-46.099823
40.19156,17.44093,-65.47593
27.944103,-24.677965,-53.675255
11.687142,5.9352927,-3.3179178
-44.19906,24.626348,7.052662
-11.4607525,23.736692,-1.4094974
18.642063,45.820766,-5.716273
-12.6397085,-0.15798227,23.91602
-32.85469,-5.541524,50.629353
-38.65732,2.3216493,27.05526
-7.3013897,-42.193844,30.769829
-22.662384,-32.977844,24.696758
-51.053318,-24.70714,-0.27429178
-3.1175926,-8.148603,-7.7864757
19.225489,23.460966,-21.808014
18.165922,4.022009,-19.16784
2.7319844,15.85765,13.2451
-23.438879,20.383741,14.495126
21.989716,-1.921112,27.879538
9.777577,21.545012,49.599213
-41.40239,29.572878,44.51237
0.6168395,50.57983,52.855377
4.6538277,68.66712,30.703115
-7.691707,28.796034,13.421192
-31.411428,28.922136,6.708254
-60.1876,20.934992,10.841426
21.409203,31.922594,2.175185
31.46025,65.80467,-20.56539
-15.111044,13.570537,-4.164047
3.1455092,18.073202,-32.319374
14.806357,27.790068,-69.12843
41.648148,-9.105999,-62.13138
0.9304476,15.660098,-36.180378
-42.52238,11.278022,-0.52750236
-0.87986535,19.342829,31.413855
-13.383203,35.606827,16.755323
-34.112274,-17.096735,-3.6327062
-30.874048,3.5217547,9.240338
-29.372828,25.130194,4.155821
-2.3997042,0.30580705,26.363379
-32.07052,34.981945,29.782497
-72.03906,12.024798,33.75084
-30.822115,7.478866,36.04808
-20.26596,32.310677,-3.5168693
-34.564568,-14.701629,-16.134247
-40.678204,-21.790512,-25.006111
-51.013744,-22.233154,-3.5471194
-5.647787,-12.493313,3.5111125
-0.4600666,15.382824,-12.6786375
-14.400036,-10.60718,-2.2653215
6.7758713,-29.445915,8.85956
1.2254362,-21.361614,4.150995
3.3368983,-33.953262,-18.192844
-16.986845,-2.7374592,-25.02843
-15.984317,16.999535,-9.92424
17.52133,-9.48042,3.2860248
-17.839504,12.176677,-26.31286
-39.803463,-35.260105,-25.984919
-30.17229,-47.636982,-21.940536
-41.40296,-14.160427,-33.533745
-23.444183,-49.08149,-3.8544676
-21.49377,-9.78576,-22.079935
-12.831276,-13.959311,-9.748878
26.490404,-20.541412,22.79177
-11.907577,7.8882923,-0.41759256
-14.177773,-54.060757,-6.9732537
7.769435,-56.383865,20.56391
-22.471651,-51.76281,42.97237
19.336542,-45.411434,24.084143
1.0656312,-1.5110316,13.772193
-14.5423355,-47.473625,14.209302
29.717716,-38.63846,15.254022
-29.418213,-2.4501739,-0.66550606
-18.364054,-32.107594,-20.972502
19.664394,-14.221662,-31.0246
-12.067761,-24.670902,-16.401602
-7.9516835,-33.84664,24.725557
-13.354068,-7.6709323,1.5269957
1.107821,-37.24048,-4.193479
21.055222,-22.503353,-6.840041
2.3270185,4.573313,-37.528564
20.725817,-3.7649732,-37.47606
30.511044,9.436086,-29.088833
-9.470799,-26.12962,3.1956322
-35.932228,-31.498423,-1.0113202
-45.785152,-12.154486,-23.922815
-10.958759,-57.069572,-26.839577
19.107664,-54.043995,-22.29989
-18.018639,-35.575443,-8.0512495
-14.306951,-46.06922,2.7781348
10.807514,-28.419916,-1.3428881
10.6898575,-43.645885,8.127725
12.119761,-43.586906,41.637764
3.635941,0.718227,30.506384
46.18601,-10.693806,16.084583
53.724377,7.463465,13.12847
-12.524462,16.470808,26.61161
-0.27063438,12.82433,30.648003
22.565624,42.123047,-2.391845
23.519894,-6.280346,1.7063217
18.16701,2.899587,6.7650967
-18.714762,6.4480143,4.3479815
21.91057,-28.279774,-3.5755887
48.942657,0.6205708,-24.807613
9.333418,-30.763288,-14.998811
-6.6491604,-16.079527,3.0735018
-16.316936,7.808665,-9.428372
28.879354,-37.67605,13.019465
36.15412,-8.293898,31.409893
-9.139506,7.127424,5.518781
43.665974,6.902936,10.253527
52.675716,47.083767,-6.8822727
2.1165082,13.628542,15.149973
5.0965075,13.580751,30.428741
4.6167026,34.341003,9.083593
34.592014,-15.359051,24.741364
27.306253,11.136597,-3.9768505
-36.486855,0.86134434,37.570374
2.9630105,-9.483898,65.34002
48.4037,55.61775,-1.1472327
37.370167,4.0177603,21.388544
9.97481,1.7728878,21.768215
-12.341172,22.015179,-14.897639
55.84378,-26.017027,28.124563
48.642853,5.221968,29.69315
-8.536955,-6.884208,40.10973
27.4348,11.796598,68.772606
41.56052,60.07895,4.697872
61.716114,22.312405,-6.82122
14.209759,21.256134,-0.24745943
-38.41554,9.056583,-1.7501032
36.660824,16.581276,39.37959
22.842045,37.775055,22.93792
-8.77001,-3.9410305,24.10867
17.101215,5.332429,26.357561
-1.3851086,12.371616,-10.730432
16.396343,-9.571612,-0.7016855
-16.61626,17.205061,-1.6882168
-41.795006,12.492589,7.7581725
25.576523,17.650724,41.66404
15.278265,31.005465,22.08284
5.8075185,-22.093676,16.748583
10.745476,-3.3668985,-4.7436967
3.1530428,15.895058,-19.983921
23.63791,-5.2925606,35.089924
-30.290527,23.71777,17.68462
-58.805187,-13.720213,19.746351
-21.224426,-25.363264,44.3245
-3.412829,0.91571045,-21.975399
11.069373,-34.452194,-12.021966
-5.674142,-9.346966,-3.445905
-0.4416274,5.020653,-22.019335
17.701563,16.101896,15.537338
-13.358609,50.054497,-15.894174
8.139345,10.100956,-34.491837
41.195084,31.439392,-26.447231
6.1953897,41.611492,-19.394875
-8.279576,20.357094,9.310699
-20.453613,56.94066,-14.06062
-10.051903,28.566198,-10.203975
20.757921,37.640675,-4.423771
-28.885818,55.3706,-32.584755
-21.816338,12.649429,-33.741272
-0.5657969,14.968802,-22.495447
-47.1709,-0.93726796,17.299702
-11.983959,11.521752,9.065337
-3.023153,33.29796,-43.66953
-18.389774,-12.843748,-28.37589
-7.4680586,7.055052,0.9071942
-55.974545,36.605648,6.2391977
-41.758724,4.8593335,8.267874
-6.8327174,8.551925,11.567358
-10.55158,-6.8361673,18.651854
3.9511197,1.8479699,1.4600837
-19.658846,5.6229763,0.052270237
-10.344255,-56.6364,17.084055
-11.80774,-23.802485,16.127037
-61.514587,-16.370264,21.758053
-19.111204,-18.678759,8.6962385
16.896532,28.91402,-32.57555
1.2753909,-5.593578,-38.122383
-19.442545,-1.7515126,8.004223
-37.471066,6.194096,22.645487
11.074595,3.9655094,0.4137424
12.43407,39.709015,10.199509
-30.855068,22.987602,40.39821
-8.31652,20.499035,30.653345
8.064502,24.254803,3.8412426
-1.393462,-7.9298887,28.148397
-44.04234,4.250299,37.58832
-61.221363,3.124462,19.547264
16.371223,-29.295933,19.986319
40.794704,-11.888737,-2.586778
23.279427,-11.845026,-16.823505
25.228315,-14.031078,23.806475
-5.1315565,-7.9944158,22.991201
11.681853,-38.030247,-11.439278
-12.875572,-32.222584,12.818325
-63.485405,-31.141876,17.209396
11.094429,-34.81011,1.684589
13.917862,-26.839346,4.0562506
-59.20095,-60.434677,28.991598
-43.330013,-34.760212,41.623913
-11.669402,7.964837,0.16151951
10.232893,-8.508268,-17.706259
-26.126375,6.091564,-25.034292
-73.97227,7.4617133,-15.156178
-41.756275,-2.171148,16.800293
-48.60297,11.626888,15.709178
-64.29061,-10.406094,20.97217
-64.262505,-3.732838,36.746014
-46.465893,16.505,9.326157
18.965883,1.8594476,-9.042932
-2.86705,23.118664,-8.002263
-44.729965,4.1091914,10.818624
-47.960655,-3.871194,72.50032
-65.12466,12.850096,60.85194
-35.912563,-31.633512,29.760181
-28.460863,1.0114936,15.524368
-14.897749,4.5541935,-11.185451
38.04477,-2.1077228,-7.3266077
-1.6231103,35.09362,-23.046967
-46.095215,-10.149151,2.4245675
-25.82298,15.101005,31.37762
-6.362227,41.665752,-12.94119
9.144392,27.77498,-29.316183
-13.899587,44.62793,-15.849763
-33.721817,7.8283477,-9.279656
-21.260067,6.4164414,14.891542
-37.744637,12.237592,19.246216
-19.090952,1.3727586,-5.865365
8.330472,38.846172,-10.599369
-3.8201482,22.747742,-0.37668577
6.2714596,4.7882094,-12.82395
-21.75613,15.910217,-35.738472
-19.88927,-3.7410793,-10.463237
12.843252,12.483676,2.0253296
-17.98696,11.952034,-22.869022
0.9213328,-11.832908,-18.68456
-4.1488357,-14.604592,-23.50554
-19.932602,-31.706274,-14.856085
4.854647,-20.080196,3.8428812
-53.786064,-9.21504,-11.026592
-37.181877,-40.78759,2.526519
15.729998,-31.09587,20.60846
-12.198252,-13.833352,10.300835
11.022801,-32.69373,1.3348484
15.150177,-13.792121,-25.163534
-0.81149006,-35.277554,-10.891329
-0.35138023,-49.998768,14.39261
-17.48701,-10.048215,-30.687103
23.064545,-26.491417,-17.606995
38.94804,-13.331209,11.885399
4.1776395,-15.316745,-6.8106046
26.269978,-40.800053,-17.32325
39.59222,-20.45781,-56.029682
29.66592,-41.410942,-41.06326
18.795332,-20.467632,-6.065984
-3.2736213,13.054785,-14.052842
15.317654,-13.109383,14.812924
32.41314,1.4648416,21.175743
30.120857,-19.854204,-0.44333914
28.189053,-34.3894,-1.0298032
32.892654,-11.855387,-33.2981
57.506916,-52.582993,-40.570812
11.557123,-30.302736,-9.518651
-48.68263,-16.17604,-10.004
-22.30893,-22.933758,-12.660737
-11.82847,8.147509,-42.54033
-13.411436,-38.01888,-44.961514
-6.5488186,-33.841755,-32.625134
-2.2469852,-24.40046,-55.26522
46.81203,-48.05103,-10.49072
18.035727,-1.7373714,14.033795
-35.95649,-15.485287,16.590405
5.339334,-17.698853,44.70021
18.332949,0.47178432,19.713903
30.203148,-45.344296,12.293573
37.00804,-7.1055274,5.845757
21.97791,11.022051,-18.659126
55.98485,-29.692007,7.618513
26.21578,-27.4384,11.366848
-17.708685,-55.294468,18.02927
38.5773,-33.161537,35.810238
78.29948,-12.59318,-8.621594
90.43262,-35.9527,-12.835202
63.342712,-19.395193,9.610915
22.151745,-46.637646,3.9590645
55.256786,-45.309532,2.3577137
34.23896,-26.751059,-12.353787
13.040945,-46.120487,-9.165222
47.42397,-9.265186,-3.752149
67.65643,-3.2832224,-9.225181
90.69406,-31.149357,-9.914785
33.57876,-21.15088,-15.164557
10.996213,-33.907482,-7.6434517
55.4865,-13.3541155,-4.0794387
41.274345,16.826881,-13.002749
37.303974,-13.415135,-1.8902125
25.12061,19.773844,6.964348
15.802268,15.684185,-0.7271287
40.071472,-38.609043,-4.5397363
20.389551,0.21746314,-38.769684
7.3710794,1.7840519,-26.60024
31.148579,29.549957,3.4281642
22.630363,60.757885,-25.013966
9.304293,9.481452,-11.332526
-23.138458,19.748713,-18.190392
-23.61467,-2.6063905,-6.3155866
32.71885,-3.3323185,30.728819
1.6330049,39.42583,-6.6449895
4.4472923,2.2198217,4.6367674
26.475157,25.799044,20.412237
-26.160265,27.199867,5.0936604
-15.861858,4.955806,20.678934
-23.883154,43.99239,15.345038
-29.55334,2.7109435,40.486317
-3.9344974,-4.67189,72.53714
-37.7171,7.4582,33.342266
-24.56422,-25.761919,11.11371
-11.5480585,13.531466,14.107396
-42.30349,7.0181556,15.7799015
-10.308407,-7.023958,26.219799
-8.694526,23.557224,14.109874
-11.158876,2.7695315,30.814383
27.96807,27.764843,28.234278
-14.036401,32.8552,-7.6565304
-15.8337,15.113244,-0.18153861
0.3074996,43.382885,5.1674185
-30.105309,22.61952,36.04871
-9.933059,51.989925,35.481163
-34.725204,47.584686,-4.762891
-30.660227,-23.2628,13.052177
7.9468303,5.428056,9.6953535
-24.984694,-1.3326705,-7.999038
-11.122733,-10.644443,2.6596653
14.688978,40.55216,-0.18343712
2.7859259,29.3839,17.364332
-4.0327587,21.151754,22.493649
-9.901129,22.50606,-34.56621
10.156496,-13.924756,-29.723118
-21.186617,-9.718472,3.8816278
-67.10635,-19.802406,10.540014
-19.435097,-29.582663,11.520238
-10.387391,-0.6871376,-24.58432
-11.601201,-20.85748,-3.230481
11.936382,18.929514,-9.094701
-7.6603327,30.754084,-45.07752
20.68804,-10.928868,-26.954767
11.14909,24.754877,-26.171534
-45.558445,3.5422146,-4.5041738
-27.318678,2.6498141,-2.6994689
17.41996,15.88735,-33.105843
45.33964,-13.671918,-22.185751
0.6548425,7.4266424,-5.205119
-22.229443,-2.0485003,-19.52017
50.784874,-13.559978,-14.826008
45.321384,0.911773,-22.630178
2.060566,-20.625328,-25.400942
-8.595493,-24.280243,-6.8574047
-5.3554907,-13.82405,-29.715874
44.833504,-17.800732,11.292365
11.119982,6.2096953,35.245502
-14.612632,-11.712947,11.098497
53.34012,-22.7719,2.5994983
34.95864,1.7758969,-24.61247
-7.0111136,-36.639965,3.126233
-29.373436,-19.614407,20.872478
-30.64901,-2.3277044,13.542119
22.253727,-13.572072,15.147257
-3.2136557,5.4099545,-17.842432
-37.075016,-33.1444,-25.380808
-3.2235587,-28.758196,-22.085957
-3.1459074,-2.1560726,-40.026417
-5.1230054,-15.447194,8.14659
-33.001354,12.312908,13.165825
-41.408363,9.875105,-17.73691
22.153328,0.302322,-2.7259774
0.17465833,19.815422,-47.90603
-21.440779,-17.79706,-43.055016
27.085045,-6.1729097,-41.184544
40.326958,28.320047,-56.814056
29.098547,17.178146,-25.140781
-6.8904395,23.730265,-26.394732
5.116551,2.1769037,-13.798418
45.329597,16.750748,-35.163403
15.513218,21.21654,-61.320324
0.508691,-7.3481317,-53.53918
4.136789,18.358795,-43.380627
14.314861,14.692608,-31.870264
26.559273,-1.0272292,-7.4266777
-40.814003,-4.8569446,1.3077668
-45.04847,-18.357252,-18.897165
21.508984,-1.4971217,-3.4682438
6.4315734,-4.755966,-11.059044
-5.9158626,-22.310658,-18.20903
-22.268082,-10.769171,0.5776346
-8.537826,-37.626907,17.499258
40.727894,-19.26319,19.69092
0.66609806,8.096847,-1.8130676
-6.9854054,-24.129229,8.718915
20.734795,17.963493,12.723197
0.93166333,32.135826,-10.359746
5.436639,12.822095,-22.590023
20.99551,29.447985,-26.733887
19.795624,23.746038,-16.598204
20.363565,38.55888,13.67058
0.66112614,42.598976,-1.2496961
-11.043408,19.320824,-21.28288
17.241056,26.811686,-5.031095
21.499153,25.524101,-14.118098
31.562113,7.424821,-14.454884
20.264288,0.46042994,-7.8729706
-9.049727,-14.799775,14.31999
22.01244,2.303412,26.93463
-8.205411,10.3286915,-3.1599295
-21.297401,-22.318258,-11.16312
28.771175,-10.649138,-6.103551
-3.7618465,2.345615,-7.095534
-13.378274,3.2109916,-5.2964296
12.527081,14.747982,-8.953771
1.7443618,-9.503109,7.3678846
-3.7462575,4.139135,33.414845
-10.3702345,22.467068,8.791864
33.459606,-2.0538013,-19.856487
77.52887,26.886503,-33.797527
53.53679,31.788452,-29.110365
42.005444,33.620026,11.167944
28.081951,59.415077,0.3273654
25.944689,15.796836,11.79185
9.475412,8.472377,50.96063
-24.373684,19.432648,5.378354
26.330564,-7.574569,-25.508467
38.618725,8.295033,-20.145304
-0.6314299,-8.155226,-1.397033
6.56582,3.2369034,26.898438
-1.2533326,40.545944,-3.176434
7.776004,-23.844032,-26.179855
12.5450325,-7.608717,-19.661158
-36.32255,8.077122,-19.714535
-31.82747,-18.644907,0.6491591
8.05456,34.644093,-18.845379
-2.6868129,17.014954,-34.350246
-14.813085,17.451239,-9.966189
-21.227873,31.830975,-49.231808
5.7740297,-9.651922,-55.64953
17.01402,10.068305,-20.682869
-46.958984,-1.4243789,-5.5543747
-29.415066,-18.280504,5.2755604
-3.1929996,23.789787,-28.292515
-6.1854496,3.9921715,-24.9492
-1.8447273,14.361464,-5.6398234
-33.58545,51.244537,-10.777102
20.890322,23.374052,2.1758044
19.173725,42.41012,15.324337
-61.732132,12.438127,41.551094
-35.7357,-5.9952807,34.437023
-4.83978,38.773094,-9.634652
10.992637,-6.466535,3.9621558
4.907946,20.387384,17.580196
-51.435814,25.989344,22.732962
-7.928339,-16.873068,47.90121
28.884083,41.10357,12.17312
-31.03645,3.4723575,37.704315
-34.095535,-10.683634,68.752464
-25.16155,23.197437,30.013586
11.5775175,-23.007368,40.84411
8.380821,-2.1591694,27.937553
-59.306488,-17.662674,19.772902
-11.215047,-39.92882,24.933842
-3.5073202,-4.5495596,11.855673
-45.170734,-51.453285,44.77201
-33.038734,-41.871727,62.7277
-20.757273,3.345238,21.528849
30.972494,-26.513527,15.574077
11.745489,5.4558144,7.290641
-49.883347,-2.9018698,14.928921
-22.850126,-24.658808,73.969284
-8.427921,44.19399,31.939653
-11.218858,15.723917,26.927902
-25.422504,16.294939,49.17292
-36.98063,35.192806,21.848978
28.769455,11.869444,32.214325
24.521534,47.53855,0.5276573
-23.10699,-3.4715135,-2.4333372
4.102212,-8.823625,10.195412
-12.973331,22.918324,4.486208
-16.821281,-9.369756,23.760702
-8.485578,17.599312,15.213698
-5.173453,16.837566,-1.3775339
61.429794,13.729939,2.6583982
42.28024,43.28745,-13.270618
8.846484,6.5321693,-26.252054
18.225632,-12.576649,8.309167
-10.364105,11.039296,25.208202
-0.34952077,3.7451787,44.388824
-24.628368,23.669327,46.342503
-35.75264,20.158213,26.329288
19.90151,14.914359,32.87201
-6.96552,44.481297,8.493822
-24.237354,12.810179,0.055635545
-3.7995527,22.238882,-2.995582
-26.792604,26.403032,7.343508
-25.4886,2.6084013,47.558792
-32.116962,31.764685,29.009048
-22.220438,-1.4183375,13.519294
18.373528,-13.828578,22.055765
7.3191037,21.517637,-14.490719
20.143034,0.69633824,-41.26149
25.159594,15.113347,-16.52388
-8.3185215,33.06973,2.828754
-4.963124,29.895155,35.4783
-19.557646,45.960114,35.497692
-6.949687,4.142162,2.9177113
36.820583,9.497167,1.4442314
24.560888,42.21317,-8.929849
42.31466,32.63008,-3.9755123
63.53873,62.13683,-17.135061
19.48118,23.538877,15.822006
-11.44127,12.799156,58.025505
-37.006443,40.979637,20.717691
-9.523662,-8.2422085,-10.41775
46.394623,-7.902541,-42.072582
12.542356,-18.667704,-27.292126
0.21621759,-33.46861,-4.3503685
9.734112,0.26113003,-3.217969
15.867034,-9.744048,4.554059
11.946714,-2.0001721,16.06463
-48.58155,21.170061,41.141987
-9.242875,1.0336946,35.133
40.88473,17.611637,5.5516167
11.396708,26.16949,2.8806915
29.348448,26.069374,19.767366
31.021955,43.074757,-5.826671
31.920965,-8.36711,-3.2795799
23.120407,0.06887315,27.257767
-33.253082,12.465627,27.745516
16.369772,-0.9767854,13.760141
54.658108,28.899994,-16.756535
7.109246,-6.512629,-16.086378
9.706208,8.543743,-1.9078892
-0.59579057,29.485357,8.507032
22.067007,3.3825018,14.505367
10.783608,6.124228,24.146011
-77.41528,-4.7692513,42.73662
-42.59682,2.8940468,49.46123
15.529831,25.802309,7.010797
28.077374,0.60834014,-17.006142
21.657452,-23.026327,18.812279
-8.186128,14.348252,-16.927973
31.634485,-14.605604,0.27255565
30.35399,-18.193357,16.20748
-41.926003,-5.156766,-23.095543
-43.63298,-48.63358,29.044952
-21.650278,-5.255752,19.319319
10.8996315,-13.035997,0.8513706
28.845385,-11.094859,1.0798063
-11.736778,8.55504,-17.691835
-3.9361892,-28.439913,-9.590152
-9.701171,-9.34962,-34.674232
-63.431416,-22.474808,-22.251713
-60.31899,-24.591017,9.832264
-43.233665,1.1388316,-9.377905
-29.479044,-15.078662,-8.811222
-29.107058,-27.961224,-14.181197
-48.629356,-49.316162,-42.955902
-23.677813,-68.83236,-10.2712345
-19.927372,-45.237263,-16.910316
-48.15561,-53.654434,-10.062327
-37.899796,-47.157326,36.235302
-33.982292,0.13000435,13.079293
5.5715685,-8.993581,3.5179574
25.219265,5.080203,-45.40336
-38.23693,-40.838123,-54.399147
-24.790854,-77.62351,-20.631416
-0.5765924,-21.365673,-28.895063
-27.411203,-58.52302,6.595587
-23.581984,-64.727066,11.19178
-21.362055,-50.53071,12.317373
4.085092,-73.97772,20.297606
16.533339,-27.386442,-28.276875
-1.0094458,-36.02635,-45.999966
8.879939,-54.04047,-18.485453
-32.237453,-18.199797,-6.84711
-66.312355,-48.46898,11.796548
-25.074734,-30.900873,15.764328
-16.649616,-7.479211,2.1894019
-9.121761,-29.076443,15.25176
12.05278,10.186202,-18.70084
24.148901,-12.640534,-43.442204
29.446096,-25.313368,-11.48638
-2.7176378,-13.864797,12.979353
-8.146098,-39.209236,25.359444
-12.643602,-12.456176,18.152945
-5.0707736,-25.288458,13.881545
32.07659,-18.302624,18.073893
17.01891,20.089554,5.9416227
21.908903,-2.364359,-46.194756
49.19397,-6.1514206,-45.703545
20.508245,-5.041701,3.7295346
-14.109668,0.9351933,13.232078
-0.25839484,31.092422,8.487782
23.129845,12.991122,-4.7481203
18.628372,-23.777643,8.177051
1.0466535,-9.82811,-29.517239
27.031986,-21.776821,-53.7954
73.88754,-27.618225,-28.129122
43.69571,-4.3152637,-39.691105
-2.1575933,-30.107883,8.405128
-14.240695,13.178997,10.073648
2.518757,7.887273,-32.365124
33.728153,-29.281534,-30.53011
-7.4406886,31.070595,-42.558594
-24.345284,-17.242048,-14.7933855
38.34162,1.1420854,-7.346077
22.975418,18.119627,-16.136145
-12.851695,-40.899685,39.96026
6.9941435,29.34687,5.872357
16.317577,-16.868587,-45.723602
24.271221,-31.157812,-28.947514
-1.3287821,22.58671,-53.600224
8.561637,-6.690267,-15.721161
46.81663,25.84395,-9.734809
28.012678,-17.636051,-27.30495
33.518074,-31.916855,12.33002
-1.706626,14.083663,-27.176676
9.376934,3.687463,-35.497833
75.45234,36.093372,-45.312706
-1.9711729,11.802544,-60.05953
-32.606262,-12.580475,-12.411854
7.5110497,23.24052,-38.50042
15.111269,4.0752053,-56.87656
24.084179,6.768514,-40.5992
-18.392467,22.016205,-49.39351
15.05038,3.9601333,-10.567745
53.261005,26.89533,4.736066
-7.6590686,20.527302,-35.54544
-10.752506,0.5568062,-33.964794
-23.808994,41.09594,-34.818558
-10.605172,22.446867,-24.530241
26.488005,13.7983055,2.1913893
-40.560345,19.188799,-9.597618
-43.877598,-24.438274,7.1131716
6.1978045,25.874079,-15.252484
2.4677691,17.977226,-41.377872
3.4870088,-1.0701195,-26.558159
8.918117,59.555958,-39.2379
23.42529,13.631457,-3.6408381
10.607584,3.4449682,-4.624827
-33.340553,5.9757605,-46.82269
-13.150612,-21.333437,-24.646389
19.020842,26.355394,-37.7322
8.417019,25.144667,-58.01227
-14.082573,10.120971,-21.90672
-40.13153,26.26377,-20.180511
-11.475718,8.548842,1.0129362
4.289914,34.581184,0.27942654
-31.611767,23.622402,-34.725887
-28.751312,-12.54562,-3.4408011
-26.935966,31.39697,-5.864903
-20.255136,13.902636,11.021406
3.8956296,40.154594,-6.7747064
-3.7245648,53.615215,-42.38762
8.207244,-11.66758,12.16368
-5.1526475,22.352734,10.122488
-56.407146,-7.309332,20.722927
-22.996588,-21.826721,17.92033
3.76076,18.278744,-22.942375
-11.522253,-17.61848,-9.655507
-1.5893159,2.53035,-30.67657
-23.439732,-14.66767,-24.121935
-9.151438,-41.98323,34.921143
2.5277882,12.119753,31.037485
-38.65557,-6.477125,9.424616
-29.757097,-12.668649,0.9251162
-9.668913,-0.70834804,-5.3857884
21.78786,-9.999296,10.084072
15.225037,25.431892,4.331199
-22.556854,-10.692913,6.6557283
15.871524,-20.964556,34.91541
2.6453335,19.894075,54.389153
-14.771174,-2.0557373,42.84529
31.150808,-8.193831,21.073061
12.297514,-20.392962,33.51551
26.609053,-0.08388992,23.608181
43.226734,39.59766,22.984093
9.185753,4.4213943,39.457752
42.078068,3.5002804,25.763903
21.224728,22.202784,48.21245
-26.26377,-7.1212006,64.76602
8.5067005,15.787391,23.749935
18.285976,25.529165,3.4044716
5.5349197,5.7371335,31.941628
-10.229448,35.23226,44.75152
-10.099,6.312314,15.869866
19.676146,-17.865107,-2.0833564
5.194544,-20.00898,16.538965
-20.831787,-27.771688,38.93637
-15.4822,10.811717,33.03532
17.934196,7.6923327,17.830845
30.229235,15.019381,31.429321
-10.40537,36.777103,34.643646
2.6022253,32.91779,2.6459901
29.142187,15.216164,-4.409605
1.2393949,-6.1978726,12.624177
-11.869878,4.4923944,39.59346
-33.233093,10.281146,46.662952
-11.536804,3.7361343,4.3478055
48.68453,-1.6893935,-24.951948
-0.52312243,13.818227,-14.231825
-26.691896,8.013328,12.749001
17.4994,11.369657,11.0056305
12.757308,2.9361951,20.56865
10.367154,-11.517135,37.449966
1.646736,30.022547,15.981222
37.862442,-2.685506,0.6513257
76.60588,-4.563661,-22.324448
13.091908,-0.55503315,-2.394361
14.323332,-30.22225,16.041485
29.951063,-8.5337105,10.613778
-11.922035,-46.358307,21.975883
10.465696,-14.0504675,-3.1356685
-8.882721,3.373253,-1.0276835
-3.4989402,-46.44485,-5.6460037
70.31195,-5.3616815,-37.385468
28.8192,-8.112194,-19.301683
-4.60599,-4.1504083,17.424845
48.421494,31.41569,-11.842773
64.70915,-5.007699,-29.818146
11.85784,-32.043545,-4.769469
-21.124464,-29.308317,-19.83533
12.293951,-23.628447,0.5495626
32.5856,5.1833634,-8.724861
41.81286,11.510377,-40.38463
30.915377,-0.6886693,-13.545399
-16.025564,-4.3121266,8.515767
14.128429,-6.359404,-0.6347704
17.779068,16.217436,-25.05919
-62.480194,-19.955893,-17.803274
-37.93401,-32.223385,8.830146
-23.498434,12.29015,50.93543
-39.586086,6.262767,47.43274
2.084957,55.240307,3.1686816
3.5815785,46.4739,-8.655215
14.8965,-7.8496604,-23.59709
1.5167375,16.72666,-42.135986
-31.709316,-26.313427,-16.392399
3.994639,-26.41223,12.060201
-7.4432054,7.245895,10.585242
-20.947319,-26.137335,27.289707
-4.8056436,-10.9373865,-5.826989
-25.283308,-10.2148905,-34.63953
-1.04423,-8.911404,4.0290265
-19.345293,23.936686,13.524263
-48.61705,1.5340964,9.703626
-37.203648,-12.203396,32.667023
-43.756046,5.3322225,29.163433
-16.90281,2.051025,-6.232691
-38.00528,19.752287,-8.370063
-22.616676,3.6931596,-21.303253
25.39327,-10.691215,-17.026884
-15.55822,35.506676,9.981027
-17.527609,13.15902,13.503087
-19.175789,16.824694,18.310995
-45.116436,-0.29026797,15.76331
-34.723824,-35.59635,12.95434
-44.101177,15.550584,-29.275776
-5.917286,-8.2046,-32.27658
16.788395,-7.6964855,2.9454489
-51.5151,1.3374004,20.794111
-46.628387,-32.217922,40.36077
-25.870213,-22.587223,14.455565
-23.730848,-37.157993,15.331366
-2.0671952,-29.47029,17.83011
-36.444847,3.5097713,2.3517568
-17.59,-16.688189,2.665893
28.391325,-25.949389,-5.274854
3.9011586,-1.2079583,0.47319463
-10.418338,-23.842123,10.197354
-8.045558,-12.866859,12.343019
-1.8110231,-26.846758,16.761415
-15.178464,-45.632004,31.291687
-36.096188,3.4287822,20.417374
-2.1424654,-37.84135,-3.7621179
46.523106,-9.349722,-20.621235
26.162485,10.96753,7.838572
-7.997519,2.2329123,37.11968
22.97371,58.035572,20.47134
23.110384,-19.901041,31.270554
-8.693727,-7.5237565,11.738442
-36.731564,16.64455,9.723502
-31.47211,-45.459316,25.243807
16.196304,-11.796327,-9.446446
-18.888536,-27.616005,2.7956145
-29.94523,-3.5280786,15.365281
5.5635095,38.564293,-15.773412
-4.108551,-4.8591213,-28.423395
-6.0729933,1.4675255,-30.835272
-50.867744,2.4050915,-19.746475
-56.77844,-10.853247,2.7389143
-10.613772,10.765757,-1.8254613
-19.3895,10.045913,7.0331635
-29.536144,3.537004,3.4702048
-31.230413,4.206114,-33.359108
-15.647211,-25.467363,-30.382486
-12.928996,-20.26303,-34.74518
-22.361876,14.949891,-31.471367
-2.9017518,12.212782,10.297074
-4.0837584,18.23416,-6.2813563
-5.8685837,-22.47565,-29.038671
-19.658026,-41.98704,-6.571178
-33.127113,13.525139,-29.192524
14.433686,-4.6554275,-41.096416
44.063393,-3.2227144,-23.928907
-4.689603,4.462145,-12.435803
-23.160948,-36.59479,19.4176
7.1413417,-18.54828,4.0043383
-7.0963535,-10.277683,-11.106537
-21.655712,-5.594377,-8.372166
-29.704367,13.20597,-6.149783
-20.356226,-5.315023,14.186475
4.6388636,15.366002,-19.247004
-5.4647775,40.233616,-26.11622
-1.5693341,13.889985,12.906939
9.935555,12.538506,-0.83330894
10.626221,3.5556555,-10.174742
-1.8128922,12.413871,-4.031951
-26.983728,31.988644,15.216387
-31.411776,-10.913726,78.783936
-21.44627,3.8039982,52.816868
-4.774649,-18.45091,-4.569545
6.4014215,-50.76844,15.3741045
11.038803,18.196306,-0.9607372
44.758987,-1.0698305,0.38919333
14.159452,8.626691,16.81678
-46.70099,20.473326,15.149901
-18.59381,-22.651213,25.647715
-31.577911,29.64395,-0.04990202
-39.01615,7.1314497,3.8887124
-4.182973,2.6029708,8.891347
-8.035373,17.02121,25.995548
-10.508693,-38.435863,59.834064
-25.079226,8.828754,13.050035
-16.379065,-15.477853,20.35217
-3.8069644,-26.688484,41.135193
-19.150003,30.942764,-7.3277926
-11.6387205,-19.518633,-16.75672
8.940698,4.4335995,-13.919674
-6.3212843,1.9017797,12.4842825
-21.126467,-33.835567,31.921577
-12.493475,14.233435,-8.75387
-10.637434,-8.473007,-23.285154
26.279234,14.340646,-32.709686
8.4925,37.78619,-23.774374
-8.378533,-2.9144006,-2.8194547
9.366156,28.39311,-32.27119
-15.629416,7.470875,-9.568268
46.14128,10.447675,5.1645336
39.318592,50.366173,-14.501268
-10.792602,-7.410701,3.4184146
43.06424,7.915593,-3.4531722
19.120672,17.54851,-6.0924153
-10.499835,-19.624561,-5.3851986
22.17102,3.6598754,-24.7114
5.9866905,-37.435772,-21.917768
5.008026,-41.646126,-0.682899
15.640995,-22.990341,4.030427
-4.8067727,-47.587875,-2.0395489
40.150345,-11.904943,-2.4541314
37.61481,-26.09752,-6.9095736
6.102555,-21.032948,-8.271432
25.440454,-8.444287,-0.31745413
46.29006,-31.649117,-16.399067
68.81793,-12.177499,-10.397955
18.11928,-29.849611,23.519419
50.914417,1.2211385,-6.6117167
80.310196,14.668253,-18.222994
35.313103,-4.186528,-34.75269
57.7854,14.298688,-50.3612
-8.447828,-17.672482,-15.737172
-22.952997,-25.093481,-15.912205
23.436731,-21.379412,14.087872
-57.379005,-13.847622,13.109886
-76.65276,-18.570759,-5.8508267
-22.90244,-25.764425,-1.2535667
10.832652,14.649158,-37.64249
18.40263,16.49244,-37.141586
-17.83498,17.656496,-26.5965
8.977542,-3.8668265,-29.677599
1.4915769,-53.09139,-22.269491
-57.82982,-53.046562,7.7204423
-7.088406,-24.177538,22.787228
49.17027,23.352444,-2.344566
42.70014,9.417936,7.016923
10.330132,-16.925863,2.9656522
-16.553703,8.359827,-31.694792
2.0189302,-14.514167,-11.939721
40.03478,12.032792,-8.541533
24.352352,36.00976,-8.2291
-19.616415,-7.5410733,67.10184
-3.412905,33.914864,51.611275
52.30845,-0.0070355968,9.197239
48.885693,-19.111975,-9.508128
8.701614,17.16227,-39.617294
36.523853,-35.074944,32.793266
27.428667,13.781543,40.946304
-24.728365,-10.586481,30.339075
-4.8228264,-31.921883,47.026665
5.503862,25.490602,24.556892
16.139847,-30.45655,39.13965
36.609688,-9.7610235,11.502219
-7.281027,-22.513668,16.535366
12.984089,-42.972553,55.630917
65.12086,3.6463022,45.352215
28.896471,-12.0056,38.81917
11.180168,-15.430716,24.04129
2.9557436,-26.515457,9.20458
14.671004,-32.64572,29.680496
30.838404,-7.0821424,17.726337
17.73381,9.648107,0.0345002
56.307793,-15.29628,36.86852
49.94704,-15.7810135,31.540884
21.184553,-16.60859,24.81403
33.97649,-22.626373,25.469372
27.58791,-3.9455385,20.840483
45.414185,-26.76916,29.59883
22.36442,7.3914247,21.184526
-9.187704,-0.10725407,27.404757
39.24668,-24.295492,42.519962
27.41543,14.8209,66.90141
20.363932,2.5979242,39.926876
45.745255,-4.832476,5.6579323
-20.327799,-23.22073,-2.0091171
6.46509,-29.19522,-1.2231393
69.273315,25.865194,13.487168
5.493874,42.336967,10.482698
14.27976,10.1291275,41.81731
37.308826,25.948402,28.576963
-10.910133,4.6353164,12.545499
-8.125861,0.26285097,-30.114552
15.829718,36.5361,-68.77356
9.386186,-7.9888744,32.86748
-47.45207,42.92666,31.626507
-65.52842,49.214825,5.597506
-6.3786206,16.724684,18.699232
1.5658712,69.97558,-36.735195
-22.737137,20.927622,-1.09285
-30.272196,55.543808,13.142089
-32.98195,70.84717,-25.24887
-6.73947,16.355934,4.222207
-37.24975,74.804405,9.119187
-87.19996,21.57668,23.862782
-26.985468,26.40592,-1.7559806
-2.1864047,72.29136,-52.92108
-39.286503,-8.501613,18.16353
-56.09277,50.71468,23.018509
-56.02131,53.05869,7.684666
-0.3284738,-0.79301107,48.670185
-7.3815026,39.02931,23.21715
-54.265903,-21.351303,14.14942
-10.637231,2.6183426,-20.761003
17.363983,35.32042,-17.007822
-0.5324191,-20.74127,35.64353
-31.194458,39.21961,12.884587
-44.566956,11.5809145,32.304974
-1.4792485,-12.678367,32.46714
-28.958029,23.985895,-5.408862
-83.69962,-41.472343,42.60063
-38.051342,-0.8043452,27.678814
4.439941,24.27327,-18.846865
15.495926,1.3853177,35.20545
-14.841904,31.237778,30.173508
-31.869253,-16.178524,15.289592
-10.764082,-44.535023,45.157352
-34.90267,-50.64437,7.7842393
-18.756115,-54.614216,1.767307
-4.600758,-9.195251,10.4673195
16.628649,12.324826,-3.655226
72.06447,8.469043,17.00915
-9.539206,-3.6680653,13.140365
-60.511066,-31.867813,0.49910605
6.306951,-32.413746,0.19336177
-22.359972,-33.1767,-4.546888
-31.05932,-29.175407,11.695119
-8.221721,-2.979592,15.5985775
-15.689655,-24.411104,-9.544369
59.2212,-12.05507,-41.005814
24.741978,11.167012,-57.86044
-32.342625,-29.066418,-28.344816
12.640319,-21.689775,-11.380305
-41.577312,-22.298264,-3.7629848
-55.861034,-27.284046,9.230177
-7.395149,23.0659,-20.924797
3.3402789,-6.3471913,-26.763935
15.389423,-26.711063,-34.952385
-7.5009975,-17.316156,-45.877113
-15.908673,-56.65108,-20.298683
32.77454,-19.12875,-31.831045
64.519936,-1.1365173,-55.738895
23.356405,-38.109287,-49.704998
2.6246464,-5.280391,-56.53027
27.529823,-1.9003137,-42.55684
39.966682,10.0025,-27.477566
58.835575,64.20368,-92.93844
24.326508,-18.100597,-80.3471
-20.848675,-37.42499,-32.61914
-21.77273,-9.758868,-22.196278
-36.102535,-61.504154,13.704688
-29.886614,13.038284,-10.226362
23.987535,12.919167,-9.4703
49.957253,8.960663,-22.271084
22.40599,37.68621,-60.007717
11.947156,-42.40286,-56.212772
1.0678568,-0.99393106,-69.006744
3.941939,-7.9563403,-33.408604
-11.530874,-18.668537,4.40585
-60.731823,56.211834,-11.231541
-4.712457,-2.476713,-1.2730689
36.699883,11.621943,-27.941341
-16.849556,16.616154,-79.28092
-2.9899461,-42.055775,-44.954716
13.602181,36.685783,-24.1036
-37.947643,34.672688,20.686644
-37.791794,40.04817,43.01909
-32.46172,58.03015,-5.282136
-38.254635,-19.304947,3.4722142
-1.8448586,28.05176,-37.794064
12.588676,36.628498,-46.60091
29.255463,26.435421,-36.049675
35.86761,70.35105,-40.613163
29.455868,34.369926,17.595045
7.1962924,35.285275,-0.83425
-39.83414,26.384075,-42.23547
10.080208,-2.9287567,-47.093998
52.360027,20.339418,-35.0778
12.029341,25.91037,-21.72647
18.896408,27.666603,3.563086
26.454184,30.820072,-3.12836
3.859314,-3.8767908,-9.013163
-25.249157,-6.029145,22.704697
-44.22182,15.827569,-11.7360525
-15.663895,-3.0352025,1.428852
8.454498,12.167087,26.522406
11.235068,38.708927,6.3404965
17.07679,30.832014,-13.120306
20.255266,18.67134,-22.50991
7.818721,-5.579444,-6.852976
-13.681686,12.9652605,13.357279
-17.2152,35.100143,33.81153
22.344713,12.116909,15.67873
69.122925,34.35038,7.0359178
23.22568,7.926962,22.615257
-27.205708,-17.314638,34.56357
8.344837,22.436462,15.580541
31.276016,-10.171354,30.990383
5.0770097,19.40206,50.246265
-17.497252,36.893738,26.449734
32.337234,8.680143,30.629972
64.683044,29.478277,-13.754439
36.694233,-8.274757,-7.117417
38.437572,5.373604,30.988876
30.631645,28.573063,16.896109
40.85106,6.7070384,36.9123
52.502544,25.30097,21.862583
-7.6933475,0.5615044,16.185036
21.69809,-6.8861694,16.25943
107.93459,54.241688,-23.014923
59.490532,25.411907,14.87714
37.330498,13.822109,36.990597
50.933018,60.77255,12.381838
43.5036,15.102895,24.994326
54.28688,15.056672,22.983067
-0.7116057,7.940923,33.38524
27.961363,-6.6930323,22.773937
51.017563,27.75234,-10.325277
19.594355,-15.037979,3.3738856
44.390926,3.3795207,11.332238
1.5067126,18.968628,15.965318
24.103167,-17.177086,30.463938
42.92316,8.604653,15.273522
-5.194052,-10.110871,7.1948085
17.376347,-11.815779,24.345207
34.064003,19.896284,-2.6754513
41.403633,-27.172922,-18.8202
-18.166351,-31.60957,13.110252
-62.706234,-16.521532,33.253944
7.9555125,-23.40196,49.946316
9.028494,28.056938,16.40182
-22.311256,-19.230886,-9.446373
6.857295,-40.657814,-11.808579
-20.738111,-14.999203,-26.939987
-24.033073,-64.565575,15.386964
-11.976299,-8.02887,11.9953575
-73.75037,-29.525475,21.743227
-35.170982,-51.98214,45.199886
-10.636054,13.254962,-29.041037
-33.16156,-42.19398,-53.27609
9.637043,-29.579926,-55.422195
-6.407747,-14.088388,-52.838478
-13.320472,-50.97059,7.386695
-13.827444,3.7952168,10.729933
-30.37414,2.863944,-12.370806
1.4677632,-16.28996,0.6387351
-9.328568,15.49474,-33.14789
-9.39993,-10.314929,-56.970417
13.125882,-7.4790373,-35.664127
-14.236106,-16.212723,-14.735086
9.551344,-29.881403,19.668903
4.7779775,3.2082412,-1.9986317
-15.724439,-32.90499,-10.261727
16.697588,-20.405848,5.7860146
-26.932259,-3.4155056,-26.323519
-10.944521,-17.995012,-20.595512
15.187936,6.8825703,-18.886826
-18.402672,-8.744312,-20.341303
-2.9093819,-4.3657665,11.613835
-51.921497,-1.6873878,23.91748
-54.956295,-25.629742,25.599108
-2.9529953,-6.203727,22.022371
-49.174915,12.626934,35.006847
-37.563625,-1.1669079,35.168343
6.1743784,3.4687269,-4.479709
-30.399752,-4.572801,-2.35988
-24.141735,-21.38076,25.033585
-19.855675,26.021345,21.24507
-27.53548,10.797274,36.78856
-5.1128917,-12.657921,50.89522
-19.937931,6.9158235,26.548843
8.334113,-32.84539,13.881914
31.644808,10.900912,7.1034055
48.84103,6.395971,-0.87500894
46.221817,-26.277252,15.595084
-40.818302,9.907024,42.433163
-15.324565,-26.60961,37.06065
31.1381,22.042662,20.677958
3.2659147,25.720404,16.639557
12.857428,-16.269953,13.5396385
14.957228,6.6122727,2.555489
17.703773,-19.027683,1.7161008
9.842901,1.4750471,41.980915
-36.751892,14.261858,41.0192
-30.788506,-5.979051,38.69511
3.4094136,-6.7027783,17.978693
-21.246689,-18.444225,-9.368985
-19.558933,-42.459183,25.711372
7.4575114,-17.205765,-10.279945
21.86112,-10.623451,-3.4763477
26.929377,-29.952183,21.384548
-20.929935,-6.2238784,9.087012
-23.61363,-27.577244,45.06538
8.204238,0.17498171,19.115736
34.20131,5.2620397,-16.801386
28.059916,-20.488354,-13.303433
-47.511826,4.102345,2.1492076
1.1439761,-18.662884,17.329615
32.371605,9.885563,1.397508
-50.65386,-5.3967075,1.1625742
-21.642666,-39.18594,14.838159
5.5075936,20.73199,-10.029475
14.478813,11.536264,-20.510824
9.47772,16.44567,-23.191929
-42.603165,13.355965,-18.18241
3.3641343,-21.311737,21.204662
13.55046,33.627235,-9.768974
-36.180496,-0.43993318,-16.84268
-5.1836233,-33.644676,10.17564
32.90997,33.081318,-43.368156
56.54599,0.17264582,-55.57216
38.782345,-14.846409,-48.702858
-2.8188543,9.240353,-59.509533
26.974754,-0.1708113,-12.180522
21.344425,42.70227,5.761582
-23.701597,17.482325,-2.8389928
-30.403128,-15.595996,-9.365977
-33.01149,7.0430727,-44.383465
23.327007,-5.879698,-50.41827
35.100956,23.529451,-71.042625
-2.191567,33.482124,-63.69856
31.628132,29.644997,4.769942
-7.887499,20.298277,13.035407
-28.321604,-5.624164,-25.509623
-8.020827,-5.421455,-63.30514
-38.196297,-24.07794,-58.144146
28.689508,7.7693644,-22.382856
29.39713,53.29902,-33.49614
-29.338821,34.47938,-27.028757
2.7744868,-9.988415,12.555231
-7.58365,10.275141,-28.582973
-25.31292,4.53394,-47.8497
-12.074477,-20.66368,-33.626434
-6.382473,21.0489,-52.63064
-12.348014,-2.5096774,22.796108
-18.829393,41.088245,28.883453
-17.189312,38.244675,-30.920853
7.054422,-23.959301,-41.878654
6.705427,22.793087,-79.34798
-25.244654,1.9020094,-30.789248
-0.15912242,27.115244,-9.671037
16.874977,31.977818,-19.535868
34.12786,-14.219242,13.491676
27.903597,27.113684,-41.484688
24.640606,14.193137,-79.95185
51.890945,-2.974677,-69.64928
-10.6970215,5.487722,-42.513885
-16.615751,-5.0047245,17.774431
-18.684565,17.345146,11.321265
-39.784504,-5.349733,-19.046722
31.223143,-41.435234,-31.030552
-15.961718,6.5200877,-69.634865
-41.70716,-2.3990345,-54.030853
15.722747,-4.4635377,-26.951384
-28.14531,10.251418,2.9306383
-21.380314,-17.704235,37.909184
-26.508627,8.891503,2.0455134
-30.074745,-27.127155,-33.30399
39.648056,-12.473472,-59.83639
-25.829845,17.191097,-26.71617
-54.068752,-12.5674715,-3.9849768
-5.12258,27.117916,-38.200626
-40.08535,-12.803147,-15.22432
-44.567715,-24.998444,-9.446938
-55.094387,16.511372,-32.21787
-38.41219,-12.538818,-49.082253
18.751274,4.6263676,-39.326912
-16.667044,22.863466,-36.479916
-32.90218,5.37074,-43.991383
-12.315387,11.739339,-31.877993
-36.623734,-27.731455,-35.695557
-32.70115,-35.95295,-22.718925
-44.652424,7.8749886,-19.432873
-40.143578,-7.1208253,-17.028103
34.772774,16.874636,-26.653662
-15.312475,25.118849,-28.239388
-88.244606,-7.3539867,8.470066
-36.465412,7.7154665,-11.799602
-11.728179,11.304472,-38.61947
-22.883492,2.0902784,-11.429068
-60.63096,8.770798,12.897893
-50.077656,-3.8495538,21.279057
27.915287,-2.0572205,-3.8031812
-2.7995508,23.19341,-47.728355
-23.680254,-1.6473141,-44.284184
9.409307,22.435926,-43.420036
-2.3683383,12.276372,-11.559414
8.630961,-4.1839485,19.972408
-16.603424,30.297056,-7.352825
-14.2672205,-20.41756,3.5157926
30.45638,10.567982,-21.985977
14.714712,2.588201,-38.752544
8.778686,-20.062977,-21.525095
-26.76079,15.827988,-16.722042
-9.850494,-26.88019,27.226719
22.274797,5.9804783,16.166105
-49.66819,11.432735,-5.4877043
-17.974583,-17.47288,25.551098
24.039173,6.0651674,30.871443
5.848591,14.093008,11.083765
27.67538,-0.0031860392,14.3184595
-3.4203272,-16.973856,12.007283
18.807104,-12.402621,1.8456645
60.6605,-0.034749996,24.83515
-6.500106,8.112668,18.34889
10.086135,-30.29309,22.725542
57.58946,-15.545408,47.39774
24.239382,-2.2998493,36.21
43.13936,-12.398469,12.775312
55.540257,4.2589846,-3.9701908
48.058475,-24.779955,34.8313
46.714146,-1.7651469,58.398033
8.548811,-5.896308,54.364395
12.379511,-18.962914,61.068462
44.446014,-2.632297,40.867683
89.323044,-2.7072742,18.642878
102.27261,25.19238,-7.6998243
17.940186,-4.7993894,1.1667386
-6.5623517,-34.21542,50.064915
20.310738,-2.9790418,48.437786
-21.654491,7.6343465,32.436443
-6.9513335,-13.907332,39.720985
34.870674,-0.39668745,3.2114508
9.611579,2.514581,14.240241
4.721753,0.29543316,35.89299
13.549308,5.9632835,-4.7935805
32.816715,-2.1413212,18.569868
26.253565,26.173014,41.140198
-16.465927,-1.155407,37.249054
-5.7131157,-17.955515,9.745732
8.469464,-7.1003838,-11.829319
30.58754,-5.5069,10.990765
41.030952,37.130028,-10.332813
9.438081,23.688831,-21.614178
11.841096,-2.2086833,-3.1520464
-3.5770657,7.863674,16.639545
-17.203556,7.3496737,29.272802
9.9428625,7.442164,5.445233
10.308772,-7.40329,-6.7677555
-14.673564,-25.651758,33.841713
-34.7729,6.6605954,53.79983
-17.531275,21.520523,12.795782
17.646843,0.28959373,-20.723646
12.170478,-3.6022701,-4.815397
-22.35347,15.956371,28.823896
-34.6404,40.348454,27.034878
12.141589,11.387414,-1.4529347
54.11541,-0.60575116,-21.578794
3.9116874,25.785442,-21.538542
-21.511265,21.056091,-25.518665
22.145218,9.53542,-16.480982
14.935338,22.098938,-8.47521
-15.780068,13.663834,2.3884308
-29.619093,9.323381,7.1553035
1.7775756,15.530648,-45.41221
40.273567,-0.8785099,-44.186317
3.2591922,20.59955,-31.72216
-11.064826,24.23681,-39.038418
6.628862,23.60572,-22.505272
0.9306148,11.239737,-39.219296
-1.6347383,5.5967126,-23.135492
-38.103584,30.111595,2.3276253
-39.63233,-18.435099,-0.8931342
11.234372,-15.655195,-18.728197
-17.995007,13.593281,-45.221508
-39.757,6.0824904,-17.900978
-19.530716,24.688622,10.860433
-8.81135,21.404446,2.756073
-8.44891,3.211963,26.764347
-58.58076,-5.809682,14.223897
-24.548367,-9.98814,-35.676556
34.248432,-2.558539,-15.807375
-38.675533,4.050359,-9.8217125
-75.506454,-7.996338,21.729115
-39.105606,8.320824,49.128376
-27.237514,16.925514,5.8230486
-38.246902,7.391144,42.361156
-81.30579,3.704298,41.084347
-55.132828,-7.397911,8.5834
6.7501645,1.7440776,26.742216
-18.49917,-8.3623,8.591816
-24.35053,10.9297,47.767307
-35.531624,16.850431,85.34359
-41.032333,-32.55281,66.70171
-10.294967,-16.014914,73.75254
-36.20315,-5.235993,58.962414
-20.17658,-5.164246,58.062454
13.221904,22.459324,61.92811
4.260359,-3.4112408,19.727057
-15.861351,-15.096035,49.161713
-39.693382,-6.7471833,59.7487
24.049963,-12.439544,27.06218
33.04244,4.3477573,40.25795
-34.641823,-20.008083,21.58197
-15.394232,-51.19326,50.82202
-0.84677213,-21.51775,54.93274
11.368777,-18.814167,19.551392
-5.0945444,-17.936373,32.394207
-43.4976,7.7771215,28.226349
7.642382,-18.865685,58.721195
1.4264333,-32.093437,71.67475
-36.62909,-49.263702,44.536526
-15.060811,-62.02292,43.469704
-37.80102,-22.350609,40.287155
-9.366524,-34.772717,25.83277
17.457348,-42.845875,40.872433
-64.33644,-41.103348,48.799183
-45.837704,-53.471367,38.964622
-1.1614743,-21.220228,24.772455
-20.287685,-44.76913,11.970573
20.40458,-51.160812,28.17106
23.297752,-12.077688,32.466213
3.564785,-39.924263,73.02245
-12.411278,-5.6041346,60.672707
-18.554384,-6.52301,15.430251
48.617115,-45.238953,47.679085
20.53716,-7.4218802,48.16782
-21.647491,-48.39446,27.036793
27.789476,-26.947296,-8.91005
4.706585,-4.5165973,-3.7765708
-0.005907552,-51.59918,63.725224
24.92177,12.298453,64.488976
25.350166,20.321672,11.329326
60.10946,6.3197007,5.6619267
7.261293,19.68954,8.7388115
-16.736908,-6.7584815,16.402695
28.68539,17.740059,32.355026
-5.9138308,12.500824,10.915504
17.81395,4.3896046,25.536736
15.376858,48.80623,0.9838843
-2.0807817,25.888308,-19.355698
54.66288,-5.389284,7.480702
21.582306,-0.5742239,-21.662762
-1.1901588,0.40346414,-12.839333
3.9833817,29.567757,-2.779813
29.970396,28.97703,-12.522702
59.422512,26.16259,11.8965645
-22.023333,32.89185,5.612966
3.663045,5.508548,-39.416813
65.06847,12.797986,-53.662476
-9.3885765,-8.638,-15.819005
-14.351204,0.41616338,14.416578
10.601066,46.571587,6.6463075
4.443559,4.6618514,-15.301564
5.578967,4.9937863,-32.156155
-22.429377,21.382786,-39.98133
-7.892678,1.0701761,-8.325776
2.0229266,17.468203,-15.611755
1.7811755,5.125006,-12.4700575
18.581955,9.066401,27.574818
-7.161382,43.538025,-15.775034
29.758196,-3.4256396,-1.8003956
45.422825,-6.360173,-11.282394
-25.166548,16.310812,-43.882965
0.53298384,-5.5467925,9.522079
36.27336,39.421795,-0.34507987
32.950985,24.25988,-15.587324
20.967237,-2.2444203,-3.3484938
-40.293186,-1.9862303,-3.2110724
-4.4479628,-24.103077,-29.386457
34.894207,16.024004,-62.98577
-10.758664,-3.9634025,-54.123
-4.333846,-16.71917,-0.39319384
-1.7959352,18.918219,9.720955
10.191693,7.612054,-15.03454
5.9562335,11.551531,-13.251345
-32.383068,-7.5054564,-51.70874
22.373379,-6.178911,-43.756145
26.53264,20.482538,-29.278408
-15.873036,2.9252548,-21.68214
22.93997,23.21541,13.322583
-14.768724,12.647915,4.7613974
-16.886427,-17.731646,-18.138203
56.44421,10.802441,-67.921974
10.755207,4.7847013,-59.72706
9.758951,3.7888286,-1.4077883
36.882088,20.870308,4.8573623
-20.762108,-2.8795676,1.8346891
-29.31227,-15.0709715,16.25653
-2.8367026,2.62009,-6.190493
32.215706,-14.114201,-15.70291
20.984585,-2.777375,-14.114831
-33.201454,-2.8582683,-27.784967
-11.610866,-32.957386,23.748043
-3.9769921,20.706848,22.565063
-2.7443755,5.3601413,4.106597
11.575531,0.44181257,7.1777854
-18.34495,1.2474104,-10.315785
5.2081122,-51.447308,3.158114
-18.589182,-20.458595,-28.33357
-30.666622,-32.280205,-46.327667
13.829045,-17.423187,-12.701617
-55.57109,-15.409825,12.103983
-44.054646,-28.082378,4.086087
-12.401738,19.924183,-19.999083
-46.435757,-29.022182,-35.69514
-6.442001,-38.42665,-35.988937
-22.599081,-16.080893,-31.763145
-38.303146,-45.44198,-9.2533245
5.0280156,-16.070765,18.267124
15.088984,-17.842,-30.254097
21.274935,-45.005547,-41.430912
1.4356807,-33.99992,-52.69274
-10.954622,-75.57642,-59.84014
-5.784156,-59.606262,16.757391
-39.17532,-28.3028,27.79431
0.826378,-33.760735,-0.27102575
49.78512,8.2645645,-36.487442
8.625851,-33.537037,-51.324078
2.8037293,-15.528776,-46.955013
-13.797514,14.879983,-45.184406
-26.323643,-31.27693,3.1008162
-23.593254,-24.521015,47.639145
-67.56837,-36.45449,14.952029
-8.971753,-6.9571013,-44.03708
31.05294,-1.8736567,-45.115154
-0.69766897,-13.16394,-57.486416
12.947424,2.7419844,-23.114454
-42.956028,-4.3760104,14.873518
-18.413752,-0.4427534,-4.068814
31.98274,-17.248543,-10.757785
-32.517914,-22.018574,-30.915676
-0.20109683,-25.713509,-10.841831
13.839305,-10.1754055,-21.628904
-2.8182883,-21.184475,-12.892913
7.9989934,-31.602428,24.853687
-39.33927,-0.5935084,-5.172145
16.06705,-0.24615999,-7.3120933
60.154186,15.927433,-28.214218
-3.7170935,-13.327601,-37.214867
-17.029285,-13.8219385,-6.340402
-4.2971153,26.070345,-19.619682
28.48676,17.097958,-27.921165
19.65463,19.107162,-9.681545
-20.898401,-4.8829613,-16.9938
-8.014349,-11.025126,-13.299057
-2.8403444,-2.3216884,-12.30468
16.085657,-0.8852994,-19.915874
-9.132997,23.5746,19.79729
-40.63653,-3.925506,8.105548
23.187979,-21.961916,-3.6881876
11.093043,0.23525988,2.4304667
-19.696777,-15.39568,3.2868125
8.984713,17.071337,37.187263
3.1886027,43.476345,29.92616
27.933933,-0.00056477677,36.838
5.701289,16.569118,21.396595
-24.559633,1.6559793,10.7954
35.921265,-15.349275,34.732307
20.547647,23.100973,11.032669
-18.691702,7.6184206,22.760223
8.630334,34.21188,12.362858
39.18328,43.488388,-12.898484
31.363388,12.374593,12.644731
-19.78218,22.411032,-7.032252
-19.074287,-2.3217134,-2.706976
30.522346,12.915615,18.62454
33.09719,32.39556,-21.3491
9.375658,-2.6731246,-18.220997
-13.1109085,-1.5355425,-3.497488
-18.402544,-16.878109,-5.8522463
24.605644,-16.026035,-2.4707355
2.130912,-1.1472077,-22.901943
-34.047028,-27.784266,8.164968
6.7761745,-5.740931,28.67882
-5.915805,-3.005661,-1.0193983
-17.970133,-29.907606,8.597798
-21.738543,-10.93435,2.5004022
-1.8865856,-2.2669177,-11.058
38.613995,8.83874,18.085634
-13.00894,14.307872,20.344955
-10.1435175,5.0519247,4.9095087
12.741306,10.2773905,21.983688
-7.7672534,-8.515938,24.766373
-6.4512496,-11.247185,-6.034253
-42.186817,-2.541069,-2.270019
-36.122646,-39.649326,62.27774
-8.170054,0.37257662,57.84269
-21.869452,36.313732,8.676719
-4.9495974,-16.498808,19.720339
-20.057562,-10.244668,5.503112
-50.584984,-15.755945,26.624704
-25.128918,-10.360949,50.168533
-12.572466,17.481426,22.619144
19.19724,15.901482,43.71528
37.397377,50.317993,37.992878
-11.629848,19.014627,22.226412
-0.017209794,-25.220743,31.17052
15.26684,-4.3344607,35.009274
2.8187282,9.0873785,69.697495
27.760174,26.561659,82.75734
29.190186,27.069838,41.50509
59.25108,6.668026,15.601093
62.36388,12.00266,13.471624
26.067541,5.9255357,9.369973
39.342445,-5.170094,5.769899
10.45196,-4.2646194,27.779148
-0.57897544,-19.819715,88.524055
9.832137,36.411007,71.68643
2.7773926,51.3029,8.446482
57.13369,0.20427938,-16.404184
46.924084,3.4655962,-20.289118
-21.75594,-24.951216,25.019737
-26.468136,-0.7851593,52.988667
5.4365306,14.3455,43.75588
45.077557,-8.472269,23.53851
-3.328209,24.538778,26.258467
-42.801815,2.2554388,23.764378
47.701138,16.202917,-12.136887
46.183525,39.76499,-4.883067
-22.35057,-4.576431,18.110786
-18.27362,3.169836,16.542953
-18.473131,-6.383436,-11.947724
-3.5138192,-29.564207,15.65323
-9.682557,11.407988,32.07045
-8.016785,31.979208,-12.4881735
42.791878,39.08931,-22.929773
40.46814,13.076554,-28.838766
3.4306536,-28.908249,27.29455
-38.112175,32.4435,34.759563
-17.048649,47.095703,3.7249024
38.777992,21.777689,32.53974
-17.23662,35.138065,10.8949
-55.520863,-7.1110997,11.219573
20.070822,6.043663,4.624925
70.43987,13.8010845,-23.910063
56.300724,4.0312757,-5.3373003
-20.315512,19.823381,23.255985
-30.99676,-29.192099,48.355328
41.000217,5.8037486,36.42569
14.256817,45.393726,1.5317594
5.992378,10.907846,3.6019795
21.21102,20.040512,7.9957414
18.743303,-0.8309149,-0.471891
8.125579,-16.946564,36.867214
-48.940655,13.929757,41.940243
6.777065,16.866583,5.7817836
40.859837,17.596375,1.2294388
-27.609365,2.4653316,5.041403
-18.633816,-14.156522,20.576015
15.97367,35.322903,18.467781
44.83827,36.37444,11.634961
60.845013,31.248137,20.248604
13.751387,53.94793,4.8946366
-5.699143,10.182206,9.444204
21.143587,25.360447,20.261808
16.985462,33.006584,-9.39623
-7.653494,17.897497,-5.1265388
-27.281572,26.928812,18.531923
17.252514,-17.734419,-2.6874065
43.811897,24.74192,-37.57874
-2.7783127,35.458443,-35.82087
18.938152,2.4378471,-19.733511
32.86087,48.056484,-18.873386
-0.19983533,-4.538491,29.10926
-2.1403975,8.653871,24.05196
9.631881,58.421413,-24.738426
42.60389,21.544704,-24.239292
39.332478,62.136215,-56.404564
0.82955956,23.521368,-30.38079
-21.738167,-16.521963,13.173782
-45.9091,39.699097,16.65076
-17.424803,28.817112,23.941006
29.478685,44.138725,-44.185238
1.8490201,29.913837,-80.87106
-24.703833,-36.942066,-28.793528
-44.96359,-3.2312217,-18.935993
-49.90912,14.630269,-23.947906
-7.245636,25.28562,5.7067423
-17.741117,39.56699,-3.1179276
-11.858508,-11.764574,1.0954875
-12.8128805,3.747466,12.849696
-44.76523,0.21893877,-10.5255575
11.940012,-0.4278535,-17.465168
7.311785,28.354414,-8.789113
-19.613443,-24.473265,6.078836
3.2682683,-14.367387,-18.868416
-25.730843,-23.717674,8.175036
-3.001104,-39.749767,10.740829
16.411917,10.151535,-59.424297
0.9015817,-44.298214,-49.710007
29.7587,-53.18863,-62.841934
-10.824943,-19.780678,-26.162748
-40.537064,-34.988274,20.603191
15.323969,-8.84967,-39.1076
23.69325,-37.29042,-60.80369
12.881352,-51.381092,-72.44238
8.4392805,-26.578934,-95.0774
14.396398,-32.419178,-56.894085
32.25498,-18.939798,-25.566547
11.346146,-15.61838,-47.601135
17.404993,-27.216923,-32.060516
42.745388,-20.971096,-67.65909
51.507553,-15.508022,-121.127106
48.06227,-39.53761,-63.107353
14.087685,-18.82444,-40.75107
26.482119,-8.113823,-59.590828
51.202766,-43.78764,-49.67353
15.563503,-66.88097,-53.646336
11.238579,-75.20127,-59.54932
47.089005,-46.292454,-63.28711
72.94301,-46.326733,-86.52162
48.381275,-42.41439,-65.38759
-36.129383,-35.73855,-36.408543
-28.431488,-41.921036,-39.364544
27.143658,-29.64854,-38.549953
2.9462652,-27.445295,-52.70151
-4.5783834,-28.58125,-24.631342
-12.902433,-21.214285,-3.221857
9.333296,-17.3223,-6.0690227
26.76881,-34.358612,14.844734
-58.243057,-23.692812,17.545366
-42.314682,-29.781864,24.966574
3.5685868,-30.002602,7.2443814
-15.088369,-29.728052,-21.051456
10.025298,-33.131474,-5.4561543
-8.686478,2.8637865,-0.5329462
-6.643376,-14.831722,-3.3239062
26.296272,-4.576466,-7.2717223
-9.385931,-6.7496734,-24.579226
-17.448004,-22.884214,-5.933241
17.445786,20.430878,0.81195945
37.835148,5.8908997,-5.705806
9.151821,3.3605733,12.429619
-25.306244,4.9758263,22.944807
21.007982,-6.619215,35.730984
11.9076605,30.386204,8.97876
-30.3935,-0.14209849,6.5856895
16.247345,-12.692124,33.011272
28.967793,35.4423,23.285776
31.036749,14.860929,19.871262
24.323421,9.951053,7.406193
-8.580548,0.01302214,20.745209
-12.536279,-26.097584,41.206333
-2.3796182,2.6863623,36.28363
40.716984,5.654622,24.214796
17.50288,-0.7787355,15.121076
-23.383913,-9.521433,6.8127017
44.71555,-16.824268,-7.976546
50.411186,12.027062,-14.694927
-21.733448,-0.81456745,-5.1897492
0.4806118,11.429936,32.899067
33.59798,58.725338,33.47598
17.666553,33.051933,14.470099
38.119446,18.425228,2.4736583
43.426205,2.8992143,7.463601
19.75137,-2.1738145,16.494492
25.960966,49.870792,-11.715377
26.079493,22.243277,23.024885
5.2360463,24.207739,45.92097
-15.872021,55.33178,32.57975
-24.066093,5.748613,29.326109
-16.047428,15.336614,-20.773254
-12.181392,-4.0093913,-25.87445
-3.5049152,1.8636383,-1.0669686
-12.174182,52.237114,12.916987
3.409002,18.326513,28.360645
18.310217,34.85024,11.139868
-21.081583,8.246446,-4.1237884
-9.220834,-2.683501,-31.251127
-4.3276825,42.034985,-43.707386
-2.222434,16.935432,-18.831585
8.393975,49.105026,-0.8321665
-21.82273,43.16287,20.769703
-6.179508,24.023079,-1.576979
-3.5285134,34.206963,-24.640598
5.6670833,-8.664735,-22.398285
8.238077,34.20094,-47.696796
-49.121353,40.701138,-20.75255
-36.790966,-7.4762497,16.529696
-29.977844,26.343662,28.022743
-58.0566,10.017069,14.739231
0.7362438,6.6671095,-48.737885
34.78653,19.153849,-58.543304
-10.086596,-13.425232,-23.113495
-50.874176,30.000786,1.4754981
-79.0431,34.49699,13.35167
-50.912315,5.2702303,16.461828
-41.01618,19.322195,-0.009875949
-69.96088,-1.1332932,-23.821526
-30.344967,-2.2587745,-17.84345
10.3527,-0.39220363,-36.5559
40.003445,17.375854,-58.097107
13.385648,37.11968,-27.451363
-34.823635,-1.5715584,11.979446
8.025922,-0.025944738,8.741812
-15.590449,2.6793303,3.327495
-36.749325,-13.19878,-13.687012
6.448198,19.720755,-39.444572
-6.2202663,34.021626,-27.088167
17.224768,16.692093,-26.769451
-21.633524,20.719204,-5.185257
-90.01148,24.37669,-5.3873734
-31.757143,10.862207,-12.489955
-22.460587,9.843868,-17.33844
-46.21302,-14.658545,-50.93902
-68.665,-23.131628,-8.6721525
-54.11056,5.551564,12.130862
48.571857,19.809744,-22.497458
9.623535,34.95072,-41.559166
-58.63835,-22.59831,-25.452799
-22.210394,-43.783913,-11.305145
-17.614262,-5.5796037,-27.976532
-15.584679,-26.891905,-8.539214
-31.684753,-5.1312175,-5.2382584
-23.818031,-9.838085,-16.26091
11.836248,-19.70317,-6.716658
-17.691847,-8.646515,-16.86273
-14.4884405,-51.563457,-26.972395
6.7488093,-18.413424,-22.33143
-16.102434,-4.0089407,-16.94807
-14.877618,-37.73025,-2.5015326
-40.327744,-4.022389,-2.481659
-47.73654,-17.553213,-9.44419
17.459198,-10.390119,-1.1665932
15.519714,24.663288,-26.310442
-7.4444294,-16.196198,-39.80363
-2.7827477,-11.160223,-16.779568
3.2800884,-18.783009,11.336455
20.108055,-22.528818,1.7230532
-13.842628,-7.0767593,-14.093774
-10.676476,-62.740406,16.849457
27.556892,-25.152525,-8.415788
6.1961794,-13.920371,-18.195992
12.146692,-51.921814,-10.985809
40.503696,0.4852165,-29.272352
43.72368,-8.844284,4.4094777
26.687155,1.1105394,-1.9838109
-23.052534,3.5051076,2.018225
-31.116077,-35.265778,26.322678
13.963052,15.573849,-8.895772
15.821439,8.337166,5.5323415
2.9549222,-15.47166,14.589851
24.59767,15.602348,-33.62362
40.66515,9.339755,-1.740053
48.394604,26.315975,8.690074
35.127846,30.825134,-34.148445
-7.9781904,-5.8706636,10.479359
-23.472643,11.526668,45.772533
-4.5894337,20.73144,33.00755
-4.199411,20.272114,15.564888
-7.407438,31.716099,9.822505
32.002075,9.314654,28.84501
28.520864,38.608208,19.741446
-25.08439,14.628959,10.839387
14.573178,-24.284369,7.038271
41.360046,7.4665003,-1.6838347
-10.652952,-33.34132,41.202763
3.0775688,-5.3881063,32.280148
19.284521,30.636469,-23.987938
22.958685,-1.1097505,-1.4661225
0.05484317,26.159115,13.960476
-54.983685,1.1221344,15.328445
-18.457096,-3.4905064,18.54878
-25.2276,15.892012,25.097492
-45.55413,-8.491666,41.584175
-24.75526,25.350069,28.338507
-17.638466,11.466797,9.617797
39.652187,-11.638824,-9.100898
4.631489,1.1742562,19.774797
-35.185432,-16.218029,20.1258
0.21408069,-4.429421,16.519089
7.3716526,-13.901514,40.11189
22.278788,-12.425964,23.773853
-13.277453,-5.1899824,30.91778
-26.237696,-28.616297,-8.860735
31.428764,-8.341666,-17.541618
22.940609,10.510904,6.4943676
-20.06313,-6.2898526,11.579389
-11.186338,3.0662975,31.244429
13.007081,8.920884,1.2644945
12.517577,-16.200035,7.0789275
-21.305058,14.620904,-2.4249547
-4.1765347,5.612692,-35.493614
54.399403,-3.699929,-41.48436
5.218151,23.576994,-25.395557
-40.60944,-6.4012775,21.008247
-0.045575865,38.726562,-7.1142874
43.985207,42.229584,-39.71836
33.72296,6.3451314,-10.263376
-47.294464,15.572655,-4.12299
-35.326427,-10.134616,-18.358334
48.795345,23.71186,-27.189352
39.163383,31.915092,-41.44379
0.8843852,11.177303,-24.73844
-16.047644,16.425669,-2.3164418
-7.267243,-13.124187,10.995853
25.433165,7.092886,0.613207
12.015322,21.623291,-39.45255
-9.33682,-1.5453358,-21.060827
1.9131236,25.077404,-27.172428
4.285434,26.9378,-24.559397
-12.298362,9.252649,22.783993
-37.852295,14.883748,0.20059304
4.3286157,4.5710735,-24.730694
40.520615,20.593405,-30.856697
-12.797586,15.006043,-34.872654
-32.953568,-12.392896,-17.188856
-20.04327,32.103165,-7.8473644
13.562969,48.437634,-17.529686
9.140675,24.764706,-24.558897
-54.705284,11.525715,-33.72513
-9.562718,4.251866,-14.017295
25.010649,30.360271,3.674342
-23.668211,11.237935,-7.587254
-8.320175,2.7289252,27.326674
-11.946847,26.227684,29.584068
-0.6794445,14.711203,21.163021
37.324,25.91632,34.30411
-2.1224034,16.843876,15.434244
18.930128,22.100014,20.429672
39.269627,28.611904,39.898525
-19.813341,-7.133434,35.1299
-38.50548,-9.25596,19.749168
-34.657246,-17.390917,31.47593
3.732664,9.195356,34.150505
8.735688,34.679688,45.369003
-48.69581,-4.886676,31.683788
-30.90425,-14.244946,6.162027
-15.1916275,-18.03089,21.358664
-28.764282,-36.269188,2.1066115
-30.064701,-34.024597,14.755533
-62.611317,-39.765724,39.33045
-43.824448,-41.870388,60.43642
-25.388226,-11.708243,43.748207
-39.989758,-35.730236,-11.499092
-13.2777815,-56.38185,-22.574589
-34.151184,-42.027847,4.1705756
-61.130848,-52.774242,51.047966
-36.85352,-10.006406,17.189991
-30.53495,-22.248745,14.598778
-39.565712,-29.160282,46.26169
-58.60153,15.279173,15.036113
-56.313736,-19.951702,6.586671
-41.0276,-19.138826,0.69414616
-33.35767,0.2355476,-4.604372
-25.369957,4.064479,37.76291
-51.90662,25.11279,67.63128
-49.46546,-8.800399,46.16768
-29.63018,-30.10614,37.602776
-67.6898,-4.5514708,27.780588
-68.00559,-22.916428,26.23463
-30.983181,-6.935397,-4.9504886
-27.261309,-2.1041436,0.8391536
-36.75836,-16.826365,63.007637
-71.549194,11.484258,39.3195
-34.96939,-25.335518,23.489143
24.78977,-19.641401,26.514126
-26.325104,-20.211136,32.064312
-17.357975,-18.581705,24.19124
20.22845,22.106962,19.885712
13.443046,-9.993137,20.247349
11.975584,18.773796,22.985926
-39.63529,9.790628,71.629135
-38.48187,-34.885403,33.64331
-3.2497745,-13.945128,13.458445
-11.656951,-15.249053,51.432106
-1.4599632,13.662632,48.62041
3.092929,25.474766,29.417933
8.98409,-15.768029,22.308952
-4.8120065,-2.1928377,45.02883
-50.19872,5.469892,53.180927
-24.795364,-7.5005836,59.371555
23.010878,28.959602,26.259342
37.0586,14.993975,4.0100307
17.305666,3.739417,44.116184
-25.662916,2.8338773,59.188713
13.256383,-17.205957,48.15412
29.18076,14.054996,29.682898
-16.470882,1.3693221,28.199581
9.583798,0.77797985,20.61735
30.614035,22.926554,6.858334
19.823904,9.101646,22.27125
11.050881,34.29736,26.70752
10.505427,35.536133,26.678885
78.39942,17.372463,12.748397
84.73733,44.510437,-9.550531
7.3528104,18.672161,22.18761
26.418354,8.999116,49.312447
48.515453,40.73785,20.811615
43.532818,9.030419,3.3906183
47.793606,34.259365,-13.604245
8.254029,33.512814,-4.65215
34.92933,21.352179,35.326756
77.66326,69.83568,0.5028427
62.497288,22.47629,-20.243979
39.64786,4.804906,-13.019542
5.933989,-1.3296616,-20.149454
32.591793,-14.630096,3.4935734
34.50138,21.262548,6.8794003
-1.0783412,-12.800256,8.129577
46.214245,-15.15591,14.8624
42.970234,6.3412957,-3.555071
16.218822,-25.383955,-5.0464134
28.445564,-20.438189,23.212877
39.588142,-10.9758,21.010824
75.27703,-1.2622776,9.253308
33.92075,13.431457,16.156708
7.3842835,-30.71196,23.052235
51.97538,-39.95633,33.61927
35.803432,-30.66619,20.258623
59.506256,-28.860363,-15.664072
87.566475,15.690588,-25.261068
39.847355,-15.023988,20.17069
29.565289,-38.581173,21.405937
13.509302,-20.934523,-17.279097
14.665518,-47.5242,-30.336147
51.1553,-23.743763,-35.79195
14.065611,-7.535225,-19.135637
10.252692,-25.788557,-3.731575
35.90284,-12.989507,-22.07475
35.06681,-34.69757,-71.2138
57.06975,-37.749382,-42.37616
17.926332,-2.1815715,-29.96588
-12.36331,-14.4201975,-54.063023
4.279416,-35.794655,1.1752983
0.7780938,-52.147842,-14.358774
-1.1567526,-38.773193,-29.53007
-18.986801,-20.503138,-26.809692
34.618313,-26.690857,-42.370323
75.74384,-3.9370153,-20.192528
-13.281997,-14.899899,-32.47093
-23.231234,-32.491783,-23.08039
13.874237,-23.97092,-12.871148
-11.537831,-19.776443,-31.032753
7.9689717,-9.338587,-29.014063
37.186733,-23.134014,-31.639044
35.951027,-41.865665,-16.745451
18.278912,-32.50302,17.0737
9.313781,-2.6443388,5.711461
32.07611,-13.727122,-14.917267
25.72837,-32.882534,-28.496687
7.601681,-41.33906,-24.12863
-20.673,-52.16637,33.100254
-36.63232,-24.68159,21.023247
31.545527,-37.84501,-6.65156
53.03292,-37.74881,-10.875644
-6.8435335,-39.317986,-32.816914
-19.952232,-51.468796,-10.912862
-8.36604,-9.382533,-31.021025
1.4331023,-33.705555,-25.190882
0.17818849,-32.646255,11.351332
-19.25996,-17.933697,2.1710722
3.0242963,-29.127676,4.31058
-4.142974,-9.752684,-18.582834
-49.197083,-48.83718,-10.006235
-25.730927,-16.604195,-7.1776175
-18.951784,11.689079,-8.397542
-26.159771,-27.572987,31.333778
-29.692917,11.050812,14.153856
-70.31198,-7.6957545,10.430723
-13.838464,-27.43769,1.6794354
35.727554,-2.167867,-31.541016
-13.080984,-12.85195,-9.064913
-49.061802,-2.8303077,23.736336
-64.3126,-0.6825099,42.13828
-0.3669831,4.5061145,10.288149
22.687004,8.432897,-22.08794
-40.98842,-12.467347,1.5522687
-25.099998,-8.029363,3.7107468
-16.662743,6.165816,12.722536
-29.680708,-0.9936856,2.6598191
-15.791247,13.607848,-11.841307
-22.861692,21.683212,20.503647
-17.826538,9.676665,19.070549
-35.808628,-1.43945,32.568165
-41.01282,-18.99505,37.519917
14.983358,28.037025,18.231222
29.126629,38.75658,10.211568
6.7555075,-2.3412604,3.692338
-40.232647,14.923793,34.619965
-64.99106,8.711361,53.60498
12.517758,26.879063,47.663193
16.39316,51.66963,30.112783
-43.83377,11.898114,-5.0323644
-25.285158,10.41844,-4.6666794
6.8050613,16.674345,29.427826
43.510292,36.86461,-1.8958982
23.49826,49.912056,-18.153542
1.2568914,5.259276,21.838663
12.141165,19.378763,26.3307
-27.048605,30.422781,19.16073
-1.4867089,9.801082,-4.570762
23.467848,18.150007,1.9272385
-17.914595,13.513923,23.386303
-36.311825,19.907686,33.486702
-26.864117,34.527084,8.781671
7.0037746,30.568827,-4.054275
22.600168,32.091923,18.412575
2.3491132,11.1192045,-18.718695
-4.390373,-24.892368,-10.1967535
-3.2925444,-12.130399,-17.615942
-0.95074934,0.4331635,-7.9232917
15.342885,23.753521,54.496284
-7.268582,26.573605,19.65217
7.2165194,-8.926358,-23.43115
27.14551,-3.6440382,-13.966757
19.443079,-9.708886,-8.597102
59.37221,20.944096,-27.728844
35.211544,35.853832,-2.1777806
47.573936,7.502021,27.400082
25.26108,14.856036,37.296406
-57.78579,-0.83711135,-3.969739
32.387974,14.760961,-46.222557
61.09574,39.072544,-10.886223
12.507893,29.066431,-3.815242
18.439442,14.919574,20.10641
-10.96825,-6.7685356,-5.4953313
-4.679642,4.059898,-26.88224
9.65471,46.152752,-1.0659366
-20.582552,40.537422,-1.466126
-16.182444,5.7151294,3.727114
5.482819,11.664747,-51.671417
-48.541378,-25.353884,-23.933176
-89.460144,-31.644331,-2.0738385
-40.179287,16.59831,-53.45779
4.1245904,10.635291,-9.10546
-25.726894,13.424441,8.775914
-73.963036,-5.828498,-21.435555
-21.065369,-6.135295,-45.983505
37.311996,26.676435,-66.75968
23.457981,4.065906,-54.323982
-8.396281,19.780361,-26.410845
-59.745934,17.960024,5.7417984
-14.852522,5.8878922,20.60707
55.67026,66.55424,-23.954483
11.178231,16.126608,-38.80082
12.502683,-8.058805,-52.10185
49.481544,30.448418,-78.47376
20.316418,-9.57294,2.1968856
-44.183056,38.40857,45.903713
-48.53052,31.362558,43.805683
28.724018,-7.6410503,13.098659
2.5830839,3.3368926,-36.546165
-20.826857,-40.61543,-24.69367
21.436428,1.7674052,-36.849377
28.869307,13.987352,-11.104567
37.315704,1.0342413,18.080383
-47.90278,21.518679,5.0790334
-70.84719,-36.438175,18.116613
6.7733,-16.972471,4.113717
22.549255,-2.7946398,-35.49099
22.23614,-44.349262,-41.01098
-2.2428663,-9.715716,-31.85523
23.59003,-18.72656,-19.418232
38.25104,10.056256,4.23758
-32.991257,25.605095,20.572279
-42.07086,-45.938454,30.96419
-0.0076060686,11.155618,-36.098434
25.774982,19.49412,-67.02486
15.907648,0.45221427,-31.651413
-36.556957,29.92869,-33.913242
-24.085503,-8.517625,8.954688
29.12113,30.921259,-3.1958039
2.57951,29.661415,-44.620274
-23.76136,-4.0900474,-35.955006
-1.149667,15.302172,-38.482063
5.5523567,2.3728147,-39.346493
-20.968803,15.498501,-24.121548
-38.064255,25.805895,-3.1138196
-17.793972,17.173576,-17.713518
9.333884,38.470325,-32.15922
0.4706065,27.111958,-56.146427
-26.30642,-14.783782,-45.844975
-23.046484,12.625467,-17.74898
12.914439,11.799286,-11.00814
11.81914,23.36191,30.367369
-37.178352,31.155142,10.7906475
-1.6977509,-8.148665,-19.716028
44.49369,34.679413,-16.92231
29.905579,25.116978,-50.73088
23.794409,14.379378,-51.508823
-5.067829,-10.016703,-4.831773
12.013532,-31.338753,3.9508514
43.667988,41.187084,-14.871857
10.547048,14.967404,-28.385431
8.764938,0.36464864,-33.09287
21.129847,28.595179,-22.172037
0.07315079,2.3800485,-34.630604
8.123352,-15.355243,-35.347065
4.451629,-19.580954,-23.21162
14.2723875,-5.642488,-8.266669
34.56352,13.388851,17.727541
-14.233629,-6.3470545,-12.275159
21.983397,-30.83025,-49.591602
28.748484,-3.3418808,-35.158657
-31.330114,-4.4547086,-21.369469
27.781599,4.1858234,-27.671011
14.391122,-9.923007,1.4435203
-13.974337,-48.87394,25.346697
31.109716,10.907821,14.62215
7.034633,-12.386514,13.443364
17.87733,-30.089462,-10.13941
50.594475,-12.262531,10.770161
13.1960125,-41.779358,48.589344
-23.656755,-5.7316566,25.73655
10.632966,-33.36772,12.582367
46.495373,-35.658073,11.998085
23.883625,-12.074442,15.9708185
35.38001,-33.5262,7.809698
61.766693,-32.35939,-9.446951
42.787674,-63.572918,-5.4763694
0.613667,-51.624588,29.130312
-7.642802,-21.810432,51.462345
30.642328,-31.331257,16.49781
41.834393,-48.634712,4.8897767
2.9464724,-41.010136,-0.24039897
5.089821,-24.624159,-24.50725
51.65508,-31.043158,-3.4971058
25.76397,-33.387794,9.960853
13.873104,-30.697395,25.767729
1.1484188,-17.76608,44.734657
-30.369783,-23.945581,8.063474
54.268696,-26.871517,-9.7269945
50.24065,-8.475723,-14.603058
-35.256058,-7.0115066,-0.7337341
-23.223064,-25.964283,52.418167
-1.7692668,-22.34631,32.217476
-7.0516205,-16.14153,26.31138
-39.504166,-47.15775,53.617252
17.430056,-15.671009,-12.711382
72.121506,-9.3149185,-41.837967
-9.896375,-44.152817,1.3470932
-48.84925,-8.709031,24.369183
-24.714802,-19.450253,32.14936
7.4441204,-20.987732,14.89987
6.3985453,-4.0154896,-10.2047615
-16.637604,-19.063835,-7.1361184
-4.090032,-7.7484865,5.246986
6.4172273,-7.597328,-7.7134852
-23.97983,-8.260674,14.512101
-47.613346,-14.480829,56.398132
-43.102577,-8.7279625,43.202347
-44.122215,-11.234648,26.630474
9.755081,-1.625641,-2.7979434
0.9520027,11.943114,-31.218094
-30.180635,-14.693722,-12.0371275
21.820759,8.844583,13.458767
-14.246872,21.81705,9.74908
-22.914116,31.33996,19.524397
-11.097502,24.685585,57.768917
-7.55742,15.494999,2.7965083
43.842995,25.136581,-17.113522
-30.485682,-36.687702,38.058224
-41.976593,-14.094061,11.885621
19.931276,11.987334,25.336994
-16.124708,-3.9341319,16.555618
1.2197307,22.120594,0.8874387
-2.3907835,-14.737553,5.307838
-4.9940233,-9.436271,-47.88382
18.340662,-11.323374,-6.6026406
-53.109875,-41.49022,-4.4313173
-48.005047,-15.353813,7.197359
-24.219652,-24.091957,65.808365
-16.355986,14.799468,-9.20738
45.11145,34.068207,-39.727146
-16.044565,-33.66636,-44.202236
-46.64141,-31.85944,-49.71072
-8.499689,-6.3564453,-10.552222
-32.838886,18.220053,-16.324419
-18.38176,42.324535,5.4574633
-37.184246,15.733003,27.354736
-44.894123,16.909163,-4.584078
-5.807043,31.69513,-26.082302
-30.138306,14.18167,-29.07972
2.0656872,33.572353,-8.502325
22.858654,46.06068,0.095981255
-53.272488,7.228589,23.806486
-61.937534,-15.997304,40.46533
-42.357677,-19.53967,-11.804229
-37.66265,-0.92179906,8.570181
-33.53021,3.5641096,27.67548
-45.016376,-18.02294,-16.257284
12.727461,-9.987162,-16.68663
7.016471,-13.514321,-7.9060373
-41.19677,9.83622,-22.42304
22.631811,31.097578,-42.484524
3.6813757,-11.60707,-10.521668
-22.920067,0.5385056,-11.835087
11.2537565,25.497837,-39.422195
-2.0387964,16.575905,-30.14319
39.802944,16.834034,-43.962738
31.850689,19.677227,-41.79573
-15.080689,21.84547,-19.283308
1.8515172,24.677382,-17.869635
7.498665,20.765234,-37.181145
30.738155,21.41829,-14.461387
-8.530155,39.893147,2.621169
-23.014109,-2.233505,-0.0129564265
41.978153,-0.85252607,-16.077377
-1.6500552,-6.5295963,-36.349823
-15.146535,-31.76985,14.585886
15.011372,40.239586,-27.861576
42.10391,11.81557,-69.6016
33.437923,-13.444103,-26.388357
-58.671665,-23.33426,-29.104034
-22.27623,-19.163872,1.3967699
19.249428,31.82434,-1.3406248
48.151768,-4.743691,-35.751305
51.55406,21.589684,-18.45764
-27.34046,19.571507,-29.502977
47.08929,-8.770614,-16.0672
48.409374,33.28049,10.5012045
21.254349,32.27556,-32.740273
55.380623,26.409742,-2.1003077
2.5345175,16.448654,-12.2910385
47.614777,8.798353,-71.211525
7.171505,43.149193,-22.02521
-36.693665,42.206776,-1.2238333
56.190945,39.32689,14.898823
9.15285,64.09999,-23.844341
-6.011156,6.411249,-27.39596
30.246935,13.713685,10.590265
19.244173,52.942444,-31.649448
67.17333,28.771748,4.8126116
-17.025883,45.425983,28.405415
-96.2987,23.156868,39.74852
11.462773,46.15207,60.836777
18.238028,66.40141,22.2749
29.410757,24.92027,9.757824
26.516523,37.831127,32.94124
-60.11982,13.705583,41.42513
29.603088,2.6735506,39.805126
29.717424,44.90333,22.073969
-39.017944,5.1899605,37.596584
47.736076,2.8065436,58.37084
53.59891,44.73179,-13.322008
11.977565,-13.601154,13.872542
28.574944,8.073618,19.420202
43.659374,21.662506,-4.7418714
23.53399,-0.9828156,49.0794
-21.60286,46.355816,4.3826365
-52.371773,-17.179693,66.04236
-33.021564,7.1405888,66.4704
32.004284,60.0822,-31.349403
16.273958,-21.853033,10.153647
-30.574053,-7.240309,-11.350924
21.772058,-7.883665,-3.4636533
2.3741214,-10.366161,62.44815
-31.715586,7.21947,57.45986
44.74337,-34.030006,12.313793
-9.31753,-4.1838613,-18.877033
-29.236526,-40.972343,21.739803
57.959908,-25.577152,9.41119
-16.394531,33.281998,-14.537335
-17.601864,-40.23496,68.08149
51.305065,21.628325,47.80144
-3.3721035,20.088966,-5.8496466
-36.597782,-52.01938,52.677258
-10.326035,-18.383135,40.426792
33.00764,-39.149136,24.72872
3.778199,10.845399,35.262936
-17.444653,7.002373,14.944323
22.705317,-37.37404,26.740646
-21.93097,-4.733361,27.60527
-42.001488,-51.993378,30.08174
20.61402,-27.246946,-3.0974283
41.027565,-8.001855,-38.259026
10.689433,-45.741947,21.520573
-30.43257,-9.752389,40.166138
-32.844826,-24.676662,16.465733
22.754017,-33.65924,20.862755
11.912053,-22.810936,-17.977633
-23.719616,-36.554733,-11.840137
18.564205,-16.295708,3.4524724
31.373056,0.95795,-18.812546
57.3943,-14.920567,17.765106
35.367508,-7.186592,6.2046814
-48.642147,-10.52766,-5.030383
5.3777657,-26.455076,8.862548
16.762918,4.5367713,-6.0326858
-45.996372,-34.377743,11.168971
-28.261673,-18.775278,0.087385096
-23.052631,4.951052,-19.76506
25.831306,-29.14624,-10.425455
-2.4707625,17.475147,9.598294
-69.26069,-29.02551,4.830485
31.448524,-16.475876,-12.160498
23.990393,10.6349745,-16.737476
-35.05576,-37.993435,-6.5418277
-27.400782,33.20428,2.3352761
-5.7990313,19.273304,-24.015186
17.254196,-10.997072,1.3286145
-63.070675,-4.6488323,-5.5288777
-39.51459,-31.69491,-12.424048
12.477914,19.916079,-7.8758516
-19.075836,-2.8398902,-39.47675
-12.394878,-49.050392,29.327991
-76.86534,-11.546674,0.44466832
-52.298683,-11.669591,-47.332073
40.835552,0.93825454,-14.177755
-19.699518,22.03954,-58.81267
-25.716988,-4.840427,-37.84995
-3.8641553,0.6175821,0.42356423
-43.399635,-10.030569,3.8837533
-28.448105,-34.249504,33.40046
-51.196598,15.03297,3.1324334
-12.343748,3.9561265,-18.523222
66.70583,-6.725618,-39.803688
-1.8628794,3.1088696,-62.14426
-72.54857,-50.594074,25.033865
-84.4027,-11.602978,13.995256
-16.313559,-4.9582458,-6.727207
21.935232,-16.774487,49.32975
-49.705246,9.667468,-28.949654
0.20708871,-22.103119,-35.818718
42.931843,11.664583,-14.61953
-5.2199144,2.928831,-48.696297
-6.026684,-8.41169,6.041171
-32.54647,29.612501,9.379128
-21.057423,-6.04966,1.4062371
-5.400978,0.13157952,13.014922
-22.0425,19.404663,-55.522125
17.32319,2.1628814,-63.978333
11.2652855,32.623352,-58.774418
10.816158,37.32926,-63.315113
-6.5330963,12.518403,16.851774
-77.956245,34.16174,8.0979805
-15.324146,-3.350713,7.518869
-11.366291,-4.382576,24.20468
-77.753944,19.854185,-29.338383
12.139334,-10.682994,-0.32912165
15.894114,27.595325,30.335968
-9.234494,24.363636,25.671337
32.85762,28.90385,-12.904766
-37.19662,3.6457992,-6.585451
2.3762853,-30.757364,15.039808
40.49005,34.000546,-15.320395
-45.041695,-6.939186,35.437553
29.897203,-1.9219936,33.80529
47.42746,40.97412,-14.83686
0.7263873,-8.691425,18.679306
40.498466,12.678645,-2.6186838
23.063808,7.718707,-64.36835
18.510057,-8.918036,9.403226
7.664824,26.20354,50.50872
16.979746,27.063448,15.731542
28.565666,58.537663,30.57281
11.723515,32.496304,5.122554
45.99624,-12.897289,8.528687
-1.0557494,36.46833,3.7645261
-33.90899,27.81219,-11.411547
-12.605508,7.441033,38.797363
-43.33948,27.93166,69.77253
-17.806507,32.65492,52.87329
1.2946439,19.152428,11.836066
4.0333014,-7.397848,-4.9121633
33.86353,-0.3011581,4.776903
-25.89493,25.158777,29.406073
-34.280277,16.507492,44.72407
28.910532,19.292356,31.668707
-11.107279,31.723143,4.840273
-14.680228,-5.4092565,17.70438
-2.6108706,14.57992,9.418945
-45.44375,7.21091,7.9146166
-15.659982,-23.850883,74.33557
-25.988295,21.469969,52.42845
-33.42519,7.0748773,12.926874
24.710924,7.0041447,-7.379107
-21.048233,-11.494512,-9.79855
-29.635773,-20.21343,51.593723
5.8237133,37.79644,33.277298
-15.0746,7.4107914,-2.4201066
-5.492947,-23.286734,39.472935
-28.356438,0.75846773,19.979956
-37.84922,-5.21705,5.90915
-9.913782,-24.812538,46.285866
6.0177364,-6.1757603,-3.3545687
7.1032405,-4.346339,14.985912
-26.429928,-13.384166,36.04249
13.058187,-27.429064,-22.339642
45.02375,-40.543716,9.776073
-21.611025,-41.38505,33.962444
-7.806392,-46.379543,46.182568
55.84372,16.276789,-2.701632
53.81018,-11.0315485,-32.873924
44.093063,-47.10846,5.0783415
1.5919901,-1.1101797,-19.038498
3.9694202,-42.291153,13.458227
60.320007,-31.394978,14.23432
5.6202636,-20.481558,18.774187
3.5555446,-42.73818,52.239758
46.433823,-2.3555331,-5.664535
32.162178,-19.301645,-5.812153
64.84906,-23.452717,-2.387151
22.276861,19.213387,-18.42486
-3.1601474,-11.480247,36.46726
35.892567,-11.696434,49.508156
6.01289,13.697719,29.090504
8.218839,-10.744356,48.178745
17.895424,-0.080823995,17.01196
52.982426,-8.388596,-15.456385
57.351345,-5.954628,5.6065116
-33.947357,7.044855,23.793434
-4.6178703,-2.873537,61.381203
51.09699,29.491268,42.62886
31.41713,8.569893,2.9694014
47.196526,-2.0346055,-4.3892865
30.568651,7.0057015,-8.553946
39.50808,-31.560122,3.368458
51.397533,-2.5954225,-9.769725
-17.993025,6.482312,7.9463806
2.7862246,-6.5367165,27.427479
36.401905,15.959426,-2.2773843
10.145855,-28.750814,-14.476374
4.709706,-28.644304,-0.82582086
-2.525718,-1.964759,-10.40082
37.41102,-29.209618,-13.957735
43.758926,15.819199,-6.136453
19.940548,15.798794,-37.23617
34.81675,-21.769905,-21.43873
-0.5972461,-7.545475,-3.7221727
14.000481,-16.93352,-16.920507
35.068913,16.586779,-13.729287
-22.675243,-0.77273375,-0.44562745
23.885992,-17.445816,10.231219
44.362263,16.990873,-25.505215
-14.818227,-29.087883,-31.75186
36.265255,-13.57593,-20.059477
45.950653,7.50287,-16.234087
9.968767,-17.179914,-0.5519196
29.986198,6.5024924,-18.874273
-1.6551138,-16.759539,-36.743183
1.7570713,-33.751328,-35.790527
18.586502,0.044098604,-30.858414
-32.68348,-18.857004,-20.875778
-23.449205,-7.372347,-34.063644
-16.860378,-3.547297,-17.28843
-22.110636,-24.851854,9.9186735
-4.043914,24.354527,-33.626854
-13.4025,-20.23174,-25.546095
6.377048,-28.092735,-30.854343
3.3629327,15.551722,-57.309937
-16.899382,-5.6417656,-17.755335
-14.326319,46.32205,-33.609272
-6.59327,16.706633,-4.808672
-16.958452,-11.044509,22.836563
-67.2268,24.216923,-30.096334
-27.348862,-24.234417,-51.74904
12.330964,-20.687298,-50.601624
-28.315327,3.260821,-17.973824
-15.932476,-9.314617,-1.3253858
-33.640247,0.19661403,-18.151863
-21.118576,-12.218673,-44.866947
26.473593,-23.22278,-49.760746
-35.482883,11.80081,-34.7681
-22.130056,8.815141,-40.269547
28.925018,7.713239,-43.636368
-30.34564,10.846164,-41.927708
-34.89409,0.69727856,-42.362984
4.326295,42.813175,-67.72475
-8.264732,10.183118,-70.03124
-26.547113,4.6767006,-56.36009
-56.60315,19.099098,-35.0988
-58.018883,4.8962626,-35.136364
7.3674164,58.209496,-65.279755
12.611188,18.183064,-33.290318
-48.399033,18.899199,-35.939014
-28.368484,52.307045,-56.87431
-3.113725,16.598518,-49.369843
-45.216526,21.018953,-29.712404
-42.240192,3.0566916,6.350433
-19.295803,32.76862,-16.333353
8.088243,48.628242,-39.42405
31.914005,-12.370381,-24.547657
7.2473207,24.321774,-36.90745
-11.10081,42.094604,-12.085876
-15.978436,-6.238043,34.220387
19.58468,34.07799,-28.352907
15.798467,25.20321,-20.660492
-36.711536,16.43232,16.252834
4.402252,40.68247,-20.788132
17.477045,-0.39522186,0.4866002
-42.248425,15.4976,-4.2617464
-39.275345,-3.032417,16.786634
27.295164,8.261137,4.585008
45.313465,30.705425,-20.97206
-10.106969,-24.781933,40.43438
-21.574963,3.4273455,40.87792
6.4795885,0.3652457,31.213703
10.880016,-13.941917,27.412426
-8.587567,2.5520656,16.481728
-23.6284,-14.672561,32.436714
5.897512,8.7811,40.757294
1.8693177,2.6924224,40.38
-22.2813,-24.090248,34.992203
6.869942,16.615566,31.346886
15.38109,17.447813,53.25379
25.565208,3.0487068,45.52519
42.145504,10.926868,8.307109
-5.5227532,-31.86747,21.424055
-34.626785,-9.112325,31.859526
-3.385557,1.9031214,28.145638
-11.161803,-22.520632,30.227226
-30.906414,-10.388154,50.33062
8.744277,-10.630436,50.903725
37.602913,30.141993,10.528433
6.2532406,0.21105446,-2.5783868
-39.804672,-20.944708,-4.572239
-39.71288,11.056722,19.870005
-41.016563,4.856721,60.27454
-73.35415,12.229118,65.92014
-48.72447,-0.37295103,30.426397
27.18284,14.01935,2.3101177
33.07986,11.501708,1.1819947
-14.106987,15.796452,-6.2668424
-9.344321,17.397812,11.80704
-22.431616,-6.657413,46.120594
-61.04814,4.4720035,75.175285
-37.344402,-15.3315115,56.739853
8.583806,6.155659,0.92018217
23.355953,-10.091638,-14.017809
10.640684,-28.44453,10.704334
-20.35594,5.4003963,34.012722
-31.876661,-16.876492,17.455954
-24.27239,-4.74269,19.758583
-37.149822,-5.6233816,44.372116
-32.17197,0.14775343,25.820492
-31.09539,8.114993,12.756354
-12.324277,-27.033705,20.08536
21.91781,-5.725737,0.43551105
-8.326464,6.1307526,-1.3640206
16.360853,-10.184871,-12.474524
52.019768,5.0033073,-46.029537
23.55981,5.29882,-0.4470624
8.752983,-3.3137,24.760307
-18.188562,-4.133823,3.2397285
36.139954,-4.170509,-16.327215
63.637337,5.793364,-34.296272
-8.856662,-8.787065,-7.6384635
34.358543,13.023442,-9.455814
56.0694,27.165796,-22.224438
7.739235,-5.180233,-1.9173874
4.019456,4.4964585,2.41505
-17.311207,5.528868,-24.352736
14.60131,-5.647091,-49.928883
41.41038,-2.6862016,-44.671555
-31.853712,6.368825,-10.406323
-16.36907,17.424774,-11.700775
30.577738,28.305023,-39.340645
4.6956415,8.026338,-18.03193
14.9665985,18.78684,-43.050045
-23.065418,30.69286,-54.79986
-28.776173,-13.114082,-28.821
23.286999,23.256779,-45.064377
-19.888632,12.191983,-15.700392
-22.258743,11.134884,-12.225316
37.449158,57.076538,-47.905785
50.87053,3.4739907,-49.609745
-5.0853734,16.919863,-46.085674
-43.850353,14.764482,-30.776615
14.994852,6.988856,-18.310244
29.27114,36.418304,-22.771402
-10.312025,-9.4348755,3.554641
-15.276842,13.585385,8.528359
10.37759,28.245192,-31.78592
60.008263,0.614614,-26.347616
12.950048,11.090119,-22.59079
-39.182503,3.3228407,-4.4587464
7.2370467,12.718687,19.744286
-2.7981637,9.469416,1.4743329
-3.2029362,-12.17463,0.99560827
11.42851,5.37868,-19.902203
-0.2275816,4.042988,-26.792568
32.52455,-12.038683,-2.135011
30.486942,18.574678,-6.1129847
-22.295082,-18.075039,18.253454
-37.904285,-26.933725,42.03994
26.77931,17.169247,24.01411
39.8289,-16.967834,33.153484
-10.666347,11.829877,10.006847
9.379139,-6.9788485,9.991959
41.758713,-18.899776,41.092293
23.990421,5.6232157,-13.441528
-7.847666,-40.15969,1.0952873
21.491362,5.558692,14.90224
43.750896,1.0797447,-13.835288
11.450967,-21.51467,20.466282
-0.8527663,-3.0068312,-0.87366116
-4.624414,-14.308098,-14.190651
15.506063,5.967834,14.2948
12.439113,-1.8008432,4.2669463
-16.625143,-18.7355,-0.640551
4.192563,-36.919018,10.587511
-3.6647499,-50.569397,18.335804
-12.378679,-50.233807,32.932873
16.835926,-32.079853,6.2584057
1.0845531,-33.275223,-14.906493
24.235714,-46.919,26.654669
51.7572,-17.407503,23.588478
0.8421434,-34.681595,11.75899
-12.613324,-34.51362,25.721502
7.244722,-29.967482,42.001743
21.852053,-22.559057,38.17847
3.8479717,9.405117,-1.172593
-9.407243,-38.691868,16.398106
17.229298,-17.919933,37.1351
-7.963217,10.223861,29.108564
-12.376003,-17.92743,34.506657
9.406414,1.5518194,16.765102
17.333344,-27.746454,19.217487
9.520679,-31.310017,48.43782
-50.40171,-9.982285,31.01827
-20.241446,-37.26238,14.268021
20.573195,-7.735942,32.028877
-16.707779,-6.7041435,43.90338
-4.672893,-21.322191,43.56364
0.32089543,-12.712879,7.1627436
10.946463,-59.81872,12.506472
30.318539,-7.547834,50.406197
14.655031,22.887703,35.206146
32.926186,-7.2610774,25.189428
22.135294,19.507586,22.337517
-4.0754495,-25.431911,32.374348
8.942907,3.8586326,25.219862
-22.336672,17.33505,-14.585818
-12.688188,-28.479078,6.2683616
11.464422,26.999308,39.02951
-47.609867,8.915832,38.27689
-42.881523,-11.823291,39.552364
-15.114993,-8.401788,2.851396
-8.849801,-35.336864,-6.0820756
