ax,ay,az
3.1571834,2.7809963,-4.123227
6.670922,-2.3721557,0.7682544
2.4776132,-3.856441,-2.7407558
-0.20090717,2.7985663,-0.92016864
-3.324051,3.4542978,10.633915
-4.0177317,-1.1178153,7.2990685
-4.24479,-2.3019605,-3.9841475
-1.8132175,-3.1165495,-5.516899
1.772655,-3.141902,-2.6887574
-0.6532348,1.84894,-0.29524544
-0.21867883,1.8970237,-3.506791
4.446536,1.7846621,-2.0477445
1.7707323,5.8622694,2.6127038
-3.5092654,4.625844,2.1409705
-5.2262917,0.807127,3.761477
-6.576085,-4.6340904,4.2124157
0.8345272,-4.298349,2.9507468
5.2557383,-1.9245985,-4.8019753
2.881882,-2.54782,-7.8874683
2.1041687,2.8592494,-0.79577374
-1.1992053,3.991035,-3.8693097
1.0447973,7.7205095,-1.7030421
2.5804203,9.400105,8.039595
4.0294604,1.5222312,7.3649807
4.3178678,-2.1698048,5.949401
-0.061133776,-5.8403516,4.366411
1.125938,-6.680517,-3.164829
-3.2939942,-1.3462178,-7.6556954
-3.0059927,2.830806,-5.3208537
5.4251657,1.0341833,1.2843361
3.784813,1.3454723,4.5129004
7.1985025,3.335958,5.1424885
11.489337,0.8073783,6.39265
1.9449213,-0.3782766,-2.1358857
-4.797027,-1.81789,-6.6678777
-2.3823314,-3.1080806,-5.4951453
-1.0885656,-0.5057234,-6.7843566
-2.7603092,0.12802297,-3.8080962
-2.3929124,-2.2561193,-1.0480608
-5.1913214,0.34865028,5.9583163
-5.7383146,3.9233634,9.566133
3.3823946,2.539395,3.7354102
5.813297,5.0579762,-3.8539293
0.9767339,4.706354,-7.555137
-4.700017,-3.9029782,-3.2515826
-10.477745,-0.08507582,-0.9425471
-10.21903,5.028037,2.3673253
-5.013471,0.09346164,3.6270866
4.2603483,-0.029391197,-1.0893983
10.388368,3.1463947,1.2509738
10.698846,1.9634448,-0.6729683
6.781996,-0.93448436,-4.096044
-1.9601983,2.0152347,-0.2888771
-2.7959228,2.8431058,3.4707782
-3.7071214,3.101264,4.156718
-6.416767,-0.45021316,-1.1038179
-1.4294088,-7.889518,-3.3129392
0.8130466,-3.699909,3.1825426
4.9226713,-1.0323691,9.289277
4.9176407,-1.9082106,2.3419678
1.2589829,1.7383776,0.9335518
-0.976436,0.8455996,3.4628277
-7.550248,2.4554858,1.4559228
-4.7782254,7.5914564,1.741603
-0.52641547,5.048604,-3.3145213
2.4534924,5.3825927,0.27326798
1.4499923,2.52416,-3.3740492
-6.4276905,-4.863843,-3.0702636
-2.4908102,-5.9962144,5.5157647
1.5103246,-3.2674677,0.41502312
3.6285365,3.5653396,-0.39359638
5.369263,3.137401,-0.41092098
3.6718495,2.1862607,3.906942
4.2761455,1.4247342,3.5354943
-0.45059606,-1.2569543,-3.7285986
-0.7366426,-1.2710617,-3.581838
-1.7013295,-5.883269,-1.446249
-6.770884,-3.8852913,-1.6700472
-3.9524133,0.30634955,-3.300024
-3.9266818,1.515573,-0.69701695
-1.1764852,0.4108779,2.6851234
6.843787,-2.1761482,1.345779
4.5453386,-1.4775841,-6.4885273
-3.4019952,-2.0348501,-5.563472
-6.793671,-1.3156043,-0.76306236
-2.6908214,-5.0678916,-0.5340239
1.8433578,-3.1463916,0.9966928
-0.05863261,2.8214777,-2.680512
-0.5118616,-1.1050301,-1.1543341
1.4850228,-1.2446735,3.0130055
0.12698981,-1.2474183,0.71619546
-3.0370154,-3.291089,-2.3721921
-1.2529495,-6.494197,-3.4496462
-0.60633284,-7.4144044,-6.801155
-3.6901958,-0.7483533,-9.682968
-3.162014,3.3074412,-2.2316937
-1.2360455,4.037301,2.9920247
-0.6742278,0.87184834,0.32068023
-0.8964827,-0.16634873,2.6278856
3.8567967,-4.6555142,-2.1693032
4.3509655,-7.4597826,-5.8228316
2.3746288,-2.1322372,8.424649
1.6095849,-2.9850707,8.523599
-5.2360134,2.538709,-3.87246
-6.0287814,5.261746,-7.237438
-4.9992337,3.2584445,-3.1971476
-1.6068197,3.4483275,2.0083885
2.186249,0.85685563,3.3843746
1.7545086,-1.2811708,3.3109598
4.439994,-4.7603087,1.8381017
0.97839487,-0.87132776,-1.3024275
-0.21988612,0.4079555,-3.8506901
4.119445,2.6181054,1.1825635
4.1177063,5.4896955,2.32963
1.2662277,-1.9680144,0.71406794
0.39678565,-4.3769293,5.4784994
1.4584658,-4.692458,3.1952713
-0.41464344,-7.2008295,-3.351264
2.7194088,-5.499503,-0.36891317
5.6967134,-4.021393,0.8329803
-0.0012365424,-3.3785858,-4.0117583
-5.205731,1.1857892,-1.8911886
-3.7442043,0.6600358,-1.7942321
-1.1033084,0.40126103,-2.5203803
1.4718473,4.6933765,0.34567147
4.042262,2.5362494,0.8646392
0.6021562,1.7942257,0.4765572
1.2547212,1.5867227,-0.76877475
1.6730183,0.9194138,-1.3891844
-3.5420578,6.6278415,0.5828773
-3.219034,7.022908,-1.2446084
-2.4154387,-1.3321831,-3.103818
-2.0596817,-4.863203,-1.0326154
0.66472286,-2.3118463,-1.8923408
2.1115313,-1.740644,-1.7010741
-0.2707884,-0.29399115,-2.7890017
-1.7260189,4.3975024,-3.2774286
-1.1927783,3.7073066,0.26581877
-4.6066875,1.5549864,6.1785746
-4.076304,-0.26847404,3.3439646
0.4822226,-3.3310487,1.5768816
5.0327835,-1.150817,5.588334
8.605549,-1.2969495,-5.23883
1.0869777,0.05382301,-3.8965492
-6.227257,2.7202742,-0.22523141
-4.8676624,2.255266,-4.299139
-4.0883756,3.8179507,0.88873005
-1.7695547,1.3898607,3.1486766
4.003698,-0.98052496,7.2402415
6.3780913,-3.5139031,4.4276795
2.0534744,-2.736273,-0.23454025
1.5784957,2.6331894,0.66513294
-0.9149124,3.4626749,-1.6724565
-5.2369933,4.9005613,-3.0240915
2.2018533,3.5958676,-1.1354306
1.8590747,-0.7340749,-0.60436153
-4.603788,-4.28204,-1.6510787
-0.042981748,-3.3302598,2.963174
1.5703038,-0.10625218,0.76583076
1.0942651,2.0459416,2.6377428
6.7642016,2.1976678,8.243425
4.214292,-0.6753242,1.2412031
-1.0108346,1.6885777,0.94491637
-2.6212032,-2.511954,-0.2918539
-3.8567567,-1.681801,2.8142948
2.6836357,2.674768,3.205987
-0.81136405,-2.1121871,-6.3775682
-1.9253792,2.0819502,0.9632388
4.2834816,1.2861645,0.23518321
-1.6613387,-1.2986279,-4.043775
1.605151,0.6268834,1.8250681
1.424393,-0.6179777,0.9620211
-3.9407678,0.04366458,1.563085
1.5183226,-0.9549379,3.910778
5.462336,-1.4335766,0.4488021
1.7419201,2.696119,-2.1823916
-4.2463775,5.1869946,1.4928818
1.1268185,2.3317153,-3.3358645
1.9341664,1.9212304,-5.325411
-1.3907255,-1.0445124,-0.45202237
-0.8621835,-6.2705307,-1.1555935
-6.965744,-2.3648376,3.6086433
-4.5276628,1.561013,5.935665
4.3832707,2.3750384,7.8238993
3.8870525,4.4568057,8.04303
-1.2790774,1.1302963,-1.9304885
-1.6507546,-1.5697368,-5.7286196
0.056875307,-3.0621598,-2.6995354
2.8426406,-1.5951498,1.6006922
6.430764,2.8990982,3.5725968
3.3234322,-0.71735585,5.963316
2.8613274,5.0704865,7.957618
4.8195515,9.09561,-4.7100782
-0.7165229,4.319092,-8.523918
-0.6119327,4.0345874,2.6454759
-1.3018165,0.470216,2.9941359
-6.04927,-1.796778,-1.8540758
-0.77891415,-5.5031815,-2.5318599
4.4141583,-1.4388483,1.768389
6.8763595,4.493399,-0.055872433
5.8154554,4.9633703,0.4397225
-0.40609965,9.616638,10.529938
-7.777089,4.287708,3.0430167
-6.692821,-5.0962005,-5.7334137
1.7065959,-5.431902,-2.347935
1.9378432,-3.7092679,-5.9943027
-1.6763768,-4.1601763,-4.622024
-6.5276227,-0.23375745,3.7323701
-6.962717,3.1132903,3.1563406
-4.021013,1.286304,-1.490327
-1.2382045,1.4447455,-0.037196897
2.5473218,1.8042493,2.33298
2.4194255,-5.1468105,-0.21075286
5.225509,-9.702989,1.2177773
6.006425,-3.6166086,1.6392072
0.9753584,-3.2920537,-3.884135
-4.4150147,2.0424798,-5.4210644
-6.262827,9.117129,-3.0243738
-5.7943263,1.677314,2.6191938
-3.5367172,-1.3288376,3.8190546
2.9197197,-3.7790327,4.703143
5.1134925,-7.666694,5.7329187
5.737935,-4.2306814,-1.2788513
3.719307,-3.9847019,-4.1922884
-1.4031806,-2.6465285,-4.3676386
-2.6444423,4.7469563,2.013488
0.43325222,4.92185,2.5281305
3.0692933,3.5487075,-5.798334
1.2096726,1.5165838,0.5714571
2.8882222,-3.6703448,3.2574914
3.9231405,0.23449768,3.7583737
1.7769485,2.0377266,7.295654
0.63361454,3.053592,1.9219894
-0.32613805,7.760303,0.4445139
0.38239548,3.866243,0.010926714
-0.44238383,-1.4309024,-1.3298341
-3.828942,-4.3391337,-1.8997284
-2.571203,-3.575906,-2.1185172
2.0084362,-1.5005101,3.261574
2.2589128,-1.7436904,5.0303335
2.9189646,2.439679,3.4942868
1.0491229,4.034857,1.1513698
-1.1420436,3.4652317,-2.2652082
-1.127395,1.8158942,-4.698478
-5.256668,-3.5018318,-9.065912
-3.217209,-4.334307,-6.5035276
0.5721603,-0.50138754,-0.8900343
-0.27382624,2.593968,-0.3251088
-1.5775583,6.4608173,3.3267224
-1.3705413,6.62081,3.8007565
4.341892,-2.6586912,0.56096286
4.474968,-2.2245476,-1.0659381
0.3060743,1.1651721,-6.254818
0.32258353,-0.049491324,-6.893397
0.24361075,4.0791616,-1.1094604
-0.77946424,5.0146422,3.2724051
-2.865333,5.144883,5.041903
-3.8321593,1.9682989,2.4040182
-4.011931,-0.6937767,-0.8002097
-2.8537116,-1.1084365,-2.4831634
-2.1693947,-5.5334306,-1.6661353
0.116617925,-6.1427107,0.6457541
4.7121305,-2.4159412,-0.59225196
5.0256877,-0.13364089,-2.186591
2.6727834,0.6615224,-0.586797
-2.1420515,1.9182706,3.013693
-2.3010607,0.68775135,-0.6366135
-1.3422744,0.007972191,-4.7887926
-3.282256,-2.314122,-1.6775855
-1.4909562,-4.9181376,1.3240442
1.6600718,-1.2821798,2.3557642
5.448702,-1.9123251,-0.6820288
3.521712,-4.210795,-3.5320976
-0.54891235,-2.9355726,-1.7964013
-0.6488333,-1.1668367,2.6417396
1.4569081,-0.9277776,1.0003873
2.2016184,-3.1969805,4.8343205
0.42068258,-4.8554616,7.8032026
-0.88770294,-7.323609,-1.1082438
0.30399343,-0.7217519,-3.2249403
5.1135335,4.503885,-6.2899537
0.09379871,4.364367,-2.0888498
-3.8295248,6.436201,-0.59643126
-0.1152316,-1.7363981,-3.99093
-0.85351616,-1.4585222,3.2115018
-1.2036469,-0.9758917,-4.131578
-5.021927,-7.3364587,-7.7893457
-3.180128,-3.1475668,-1.4325259
-2.2612405,0.6328067,1.2171371
-7.173331,1.8334825,0.3095613
-2.4252906,-0.55321527,-4.93054
0.70955974,1.9212846,2.197949
2.5122144,2.1923769,0.74786246
2.52239,-3.0091522,-6.85298
-0.54546165,-0.98135996,1.4293385
-1.629623,-1.0791668,4.9816713
-2.6852734,0.9818071,-1.7908999
0.31384504,3.7324698,-3.3046997
0.072024286,4.012766,4.074437
2.328615,2.5148184,-0.70291644
0.80931824,-1.9703877,-5.0129957
-6.717144,-4.663951,-0.09175798
-1.3238115,-6.01269,-4.2219396
-1.9186947,-0.78351575,-1.3344543
-2.3398838,3.9013855,3.4233809
3.8545156,1.1108608,1.4913725
-0.41657948,2.8256943,2.0503387
-0.25745004,2.0035076,-2.7085803
-0.5865838,-6.279015,-7.308579
-5.3197837,-5.036133,-0.904918
-2.7323945,0.5513081,3.3156693
0.5731732,1.9693809,2.8975685
0.19371141,2.3804681,1.9856015
-0.58153266,-1.0330572,-1.3798977
1.1900636,-1.7726413,1.7665249
1.2218701,3.9764118,1.2533567
3.244382,2.0678523,-3.3879526
5.0287194,-2.007906,-1.1074569
4.288313,0.96063423,5.428195
4.9229054,0.9359558,6.6154075
1.25577,0.9579331,-0.8412514
-2.059409,1.8116378,0.46812883
-3.8460436,3.016892,3.8012652
-1.9551274,5.676947,2.3943963
2.0423899,6.0865645,1.4594306
4.1693597,3.569808,3.2894258
3.9896803,2.137944,5.223675
0.2550072,2.518824,-0.92011654
0.03931328,1.1358975,2.136996
1.2853427,2.5504103,7.78799
0.18233615,2.0756822,4.1021028
-3.7129118,0.6298155,3.53852
-3.6156244,2.0152485,4.0270934
1.3051567,-1.3073363,0.36123538
1.5947183,-2.016915,-2.09058
1.377634,0.75299513,-0.738468
1.8095543,-4.071029,-3.2725096
-2.5176768,-5.159768,-2.7595723
0.042139113,-1.1274315,2.5138676
7.6497235,-0.121576756,1.2337624
1.2282006,-1.1006136,-4.6807566
-4.077045,-3.20364,0.20533334
2.3922331,0.047665633,5.187739
3.2298672,-1.4122659,-2.936435
-1.4129001,-3.7276607,-0.7828314
0.5673503,-2.6534808,2.7712238
2.7978036,-0.5534595,-0.6655219
0.9199972,1.2003226,-5.53043
-0.92844176,-2.5426528,-6.618215
-2.7651987,1.2283252,-0.7061039
1.4363152,3.281657,-2.7500048
0.52291214,1.3805696,0.295127
-3.1737092,-0.9739577,7.9660797
3.8883204,-3.4707987,3.380691
3.1475096,-1.1928428,-3.3814049
1.3456198,0.58353215,1.5053273
6.477762,3.6808515,-1.7663333
2.7701683,5.522396,-5.416993
-0.09830947,5.637722,5.9790406
-2.840739,1.374718,5.4228277
-5.6599116,-4.3684607,-0.03734771
0.61956894,-6.8026786,-5.959106
-0.29047012,-7.3981447,-4.935592
1.1521256,-1.9652644,-0.392292
7.098528,3.5314763,-4.9051604
0.6089377,2.87388,-0.7153653
-2.3730946,0.44456187,3.966065
-1.0494863,-0.30227,7.0565734
-0.75667673,-0.6553408,6.7696505
-2.73363,-1.4943725,-2.2006395
-0.1564832,-0.76530194,-1.3951213
4.6653886,-0.7017499,-0.52000964
-1.6948476,-0.89857954,-2.5881696
-1.761355,-3.893506,2.2174618
-5.383992,-6.103785,2.0710447
-7.1201053,0.98963577,2.0669484
2.9666383,3.5776267,2.59926
3.3811667,0.94251376,2.953344
4.491353,-1.7935871,4.0879445
0.72275406,-3.1223884,0.7854426
-4.904139,-3.1266942,-4.3963127
-1.9424475,-3.2846072,-4.4901195
-1.3747559,-1.3472761,-1.8085469
-2.508957,0.39585322,-1.933661
-0.97487026,4.5886273,2.9045217
3.0457897,-1.0862147,3.4298239
-2.714998,-0.37381187,5.697658
-1.3082078,3.418005,3.7150369
6.5068207,-2.4573224,-4.611045
1.2618585,5.140648,0.11482962
-3.1489992,4.2035413,1.8279196
-4.3336015,-4.931895,-2.321988
-3.6764665,-3.254644,-3.9562747
-2.057979,0.042423192,-0.6642309
2.8747864,0.2771425,-3.8971899
5.1466665,1.0157269,-0.013086242
4.4238453,-3.1621792,5.1713414
0.38565376,-5.0789084,-3.6094923
-6.1524034,2.5363286,-0.5166653
-1.2267197,0.6512874,-3.5910773
-2.9196062,0.42592245,-4.9923697
-2.7209706,3.2522469,-2.7789724
5.2550373,0.38932383,-1.5264049
3.7167568,-2.138537,7.105713
3.525009,-0.67872113,2.6515007
6.0144224,0.5601526,0.18460168
2.8905442,-4.844911,-6.4487715
-7.8055434,-3.595229,-9.684009
-7.680578,-0.117827706,1.3944534
0.31848338,0.3506101,0.2745093
-1.2943411,-2.4066963,-2.6786635
-2.5067387,-3.7013166,-4.955363
-0.00976614,-1.6037891,-4.7568326
-1.2765892,-4.847537,-3.2335515
-3.8206043,1.3610607,-4.9895735
1.0173167,4.9244766,2.5706654
1.2691675,0.3904686,1.5548189
-2.662779,1.7749621,0.42624453
-1.655326,-1.6502277,2.0195081
-1.41228,-4.229039,-5.869126
-1.5265146,-2.7371151,-6.4055533
-4.254384,-1.1507186,-7.416041
-4.35497,0.2079273,-3.725296
-0.15092534,1.9525814,-1.1064436
0.8130334,5.238739,-3.1047816
1.9349834,7.042606,3.2487385
7.9678926,5.3940854,2.3143153
7.0096507,-0.9027312,2.708252
-2.917574,-4.3093486,5.584411
-5.873187,-4.8723283,2.1609194
-4.8800516,1.0938247,-2.1670423
-3.7199836,4.212754,-5.4805927
-0.8719686,0.49360806,0.111077376
4.414432,3.4834378,4.785226
10.157819,2.7950928,1.382317
8.490383,-1.027681,1.0216165
3.234572,-1.9648836,2.609127
0.50635767,2.6167564,-0.7635852
0.34600097,3.291611,-2.1966782
-4.518402,3.3218286,2.4421778
-7.5408344,4.6988173,-0.053487662
-3.5238566,-3.0608885,-5.3609395
-1.5013213,-1.6250685,-0.91473055
6.5406713,1.4390986,0.78078675
9.47819,2.2519643,-3.7683413
2.5881903,2.959923,-0.098027304
3.518119,-1.8201798,5.366462
-0.46691787,-3.3750284,-0.012452484
-7.3842053,-0.91716284,-2.4748912
-4.545156,1.4739146,3.0447135
-1.3253567,0.94070363,2.667903
-0.59118307,5.5175095,-2.8832078
0.685856,3.775097,-3.2100835
2.3832514,-1.3226877,-0.7970531
1.6575931,2.7165039,-0.11841656
-0.6282263,0.82396454,2.3357472
-0.40185857,-1.1679081,2.9266136
0.3678163,1.9722168,2.5101502
-1.4953763,3.0586488,1.962503
-0.6248647,0.18409993,-1.315179
1.3881963,-1.6482866,-3.9691293
-1.6367942,1.4933658,-3.1612587
-4.7192054,1.681309,-0.85005295
-2.683888,1.906543,-0.039400857
0.18635976,2.0751266,0.33875233
-1.7714623,-0.63557476,1.0419863
-1.8893198,0.59158003,-0.39095324
1.112674,-0.16640995,-0.9278228
3.0201862,-0.7838129,8.981462
1.0143275,2.364226,7.0676656
-3.1283152,-0.11379627,-2.6310906
-0.029992983,-5.0089703,1.1981356
-1.3418348,-5.399604,2.5987854
-3.0662696,-3.3056574,1.568594
2.4857159,-1.6301597,-2.331961
-1.2117819,-0.52694196,0.11393818
-3.578265,3.186651,3.6929042
0.55420387,3.3440297,4.680763
1.3894937,-0.98805684,7.8534026
-0.6851241,3.3545206,0.10759726
0.33443174,1.8291562,-4.7507634
3.113567,-3.5541208,-3.6171205
3.2103376,-0.23513524,0.8214129
6.998101,-1.5205431,-0.3924298
3.0043368,0.8959513,-0.558233
-4.0772777,4.4682884,6.9380784
-0.18419188,5.133391,4.9492693
-0.2106363,7.526689,3.4875243
-3.3133292,4.376143,2.3173969
-2.3728745,-2.2880514,0.20256849
-1.4427303,-3.4033394,-3.359922
0.48200282,2.0373363,-5.025126
0.41661102,2.7748866,-2.9704542
0.33628005,3.5009217,0.68642473
1.3040738,1.9497132,2.603175
-1.8539209,2.0052183,0.22110836
1.2453779,1.2541705,7.456591
2.9368837,-7.6101475,1.5429295
2.1526163,2.81162,-5.4900284
6.840642,8.6273775,0.8503846
-0.09298708,0.4929535,3.5069728
-3.0997577,1.9400784,4.361732
-1.423263,0.0805435,2.307507
-2.0423317,-5.5632567,2.1442108
1.3493594,-5.4488626,-1.1142561
0.8555178,1.0969563,2.175046
3.318529,-1.0814222,-0.6741838
-0.42499956,-1.1292583,-1.7214832
-0.5782689,1.2893941,3.8807542
-2.7373161,-2.4171133,-4.833923
-8.559439,2.8337162,2.7666016
5.1569076,0.1255416,2.7850008
2.2129464,-8.458176,-6.176746
-1.7548589,-10.406707,-0.56690955
8.943045,-4.7230377,-4.256193
4.2318826,1.1106998,-6.7068176
-2.132728,0.9217347,-0.5096247
-5.975927,7.7731233,7.306331
-4.047855,6.425905,4.1439567
-1.2794029,-0.46076083,-1.623163
3.0676095,-5.08901,-1.1769938
7.473257,-10.75287,-2.6361578
1.0532752,-4.489166,-1.3553427
0.40954587,-0.1694053,-0.8012945
-3.1396804,1.1987239,1.6195093
-5.525496,5.3840756,-0.087476484
-1.3749763,1.8594674,-3.3252792
-2.4952884,-0.020242162,0.600512
2.4718032,0.48722598,5.7124124
4.4578724,-2.4322975,2.3387363
-1.6429708,0.13708556,-3.3387768
-0.58254844,1.1290247,1.2032326
1.2214234,-1.2316614,2.4500573
2.3771005,1.7382107,2.2113729
3.1287327,-2.6817312,2.1258736
0.24910253,-6.606493,4.2617974
3.150901,-5.136732,3.8098156
0.008087658,-6.027589,-2.7841132
-1.7629832,0.5121586,-5.3654857
2.7783878,3.4280272,-9.035769
-1.772492,0.23393095,-5.3533044
-4.3157964,-3.1520762,-0.47428682
-3.925676,-4.075971,4.757753
1.6928926,-3.6667979,2.0384593
3.8630195,-4.5086136,-4.2190824
-0.3182177,-3.0290463,0.7110316
2.7249663,-7.1258945,-2.4725692
3.5461125,-3.2225945,-3.3561945
4.6953726,0.13913827,-2.9874606
0.32612488,-1.3904451,0.7191122
-6.3308306,0.48493543,4.410196
-3.8449562,-0.7182602,1.7387651
-3.4776762,5.0500703,2.907498
0.09813418,4.7458835,0.5566157
0.26665258,-0.19891945,-1.4173213
-1.9312806,-2.8868864,-4.8410273
3.0248315,-4.39421,-3.60512
1.953443,-1.4871308,-3.3701377
1.8478639,-0.625048,-4.7820354
3.7776093,2.002043,-1.8786771
-2.3414667,9.094543,-2.0958836
-3.393834,9.588916,2.739537
-0.55163515,-1.2489145,1.4180101
-1.6158147,-2.702816,1.434905
1.288407,-0.63143957,-0.10447808
-1.9235824,-2.9620588,-6.98871
-0.86550903,5.0775228,7.53306
8.80264,4.7304454,8.371694
2.83532,-0.14317763,-1.7480615
3.6507134,5.495756,3.7528079
8.431721,-1.4224924,-0.21428658
-2.5415592,-6.6214194,-0.69251955
-4.902532,1.3233414,3.149138
-2.8590255,-0.7655654,-4.08998
-5.208039,-2.8002837,-7.5274835
-2.2045186,3.0609615,2.4889405
-0.565197,6.142669,1.7911754
-1.5622622,3.9272306,-5.0318775
2.0490603,0.116828404,5.24825
5.0398993,-2.1484828,5.2072015
-0.3630008,-3.8904269,1.8735595
-3.398579,-0.1589971,2.3212063
-0.77799267,4.138739,-2.534431
-3.9303353,0.856207,-2.497025
-2.1621916,1.2429571,-0.10641051
1.468995,1.8996724,-2.1782825
-4.6002154,1.3643365,-7.885613
-4.1150827,5.066068,3.3017995
0.8786537,-1.5773605,6.162932
-2.7204118,-1.6336706,-6.2000113
-0.6779468,5.5068474,-4.737535
2.662006,-1.3583316,-2.8832319
-4.349152,-3.2411063,-1.499878
-1.8760288,1.8424066,-1.7166629
1.8403897,4.13118,-2.219159
1.590852,3.054205,5.4072447
1.0361515,2.5448928,8.025736
-5.091028,0.34375438,-1.4762322
-3.6476626,-4.075916,-5.773009
-0.96529543,0.7864922,0.65931034
0.7621608,1.2249608,2.331549
-0.94742423,0.35202885,3.8562686
1.1469866,1.550703,4.3538294
4.114153,-4.101898,1.0461894
-5.6596923,-1.984723,1.3789803
-3.6415548,1.3818173,0.1681673
-2.6921787,-0.42145735,-5.5698643
-5.311621,3.8778613,-7.778702
0.24564134,8.184147,-5.484263
0.9046618,4.390198,-4.8197293
5.288094,2.8465934,2.6562989
3.9808009,2.9237368,7.0692368
-1.6286364,-1.4837017,-2.2231777
2.0388298,-3.4640775,-5.022783
3.385501,-3.8459198,0.83671504
2.1357572,-1.7784284,-0.10964524
-2.6535287,-0.20985995,-2.137854
-5.788835,-2.0713918,-0.17375375
-2.6583405,-0.530985,-0.19817658
-3.814698,-1.3687516,-1.1607858
-0.5815786,-1.8313235,-1.3698348
5.076512,-1.6093818,1.9364634
3.511287,-8.196308,1.3628322
0.9640203,-4.7358317,0.07928729
0.57315695,0.38380042,-1.9205682
-0.13104568,1.1537192,-2.8398376
-2.4017994,4.0584064,1.906222
-4.195148,0.91361296,-1.9250672
-1.4271735,-0.08188814,-3.103997
5.7919474,-0.4792203,0.85430247
7.4841676,1.924279,2.9613762
5.828569,0.0593721,3.6077666
1.3701384,-0.052256964,3.0136986
-3.1515162,4.697186,1.409195
-0.6878553,-2.1931727,-3.0049791
1.7858547,-2.4332848,-1.6939873
6.341344,-2.5285318,1.891739
4.6615467,-2.420674,5.2776175
-0.6147678,-0.8902133,4.759658
0.58313644,-6.4576426,-0.744765
-1.6598796,-4.11889,-2.331085
-1.3936651,-2.6284995,-2.8069332
-0.78135324,0.77535945,2.6273155
0.6583574,1.1625683,7.134588
5.1231294,-5.3548183,0.5573731
1.6395577,1.0655565,-1.8442205
-0.8871737,2.4066412,-4.56225
-2.4494817,2.0520236,-3.8011749
-2.8718023,10.194716,4.3922133
-0.5194228,5.9607763,3.12917
-0.92243713,3.1033115,3.506285
4.4920917,2.8165753,-0.044770714
3.9518878,-4.9821987,-4.323532
-0.47992724,-0.26098567,1.8384569
-0.12606238,5.8953505,-1.2460477
-6.5699325,0.6686831,-2.1523767
-2.0811083,-0.1596822,3.7784252
4.2512817,-0.46666908,-3.1177182
-2.0428295,-3.1515245,-8.17605
-2.857336,-1.6168262,-1.0467978
-3.1173818,4.8622456,1.8250403
-4.881397,7.2604713,4.1072216
-2.2571666,1.8355392,5.805469
2.121883,0.20935045,1.2679344
2.5778337,2.7367287,0.8457656
-1.8738217,1.229823,1.3970716
-4.5885363,-3.429195,1.9316759
-1.8866409,-1.6825981,2.5477972
0.26069096,1.3428354,-1.998572
0.06082253,5.4286103,-0.24182615
-0.83457553,4.134253,4.065355
-2.0765965,-3.5592995,2.9671428
2.1645818,-1.9322584,2.2030878
-0.302961,-0.74006414,0.113284215
-1.7918222,-0.8385315,-3.5613723
2.5002224,-2.0710568,-3.8078403
-1.8509508,1.3221323,3.7701461
0.44843405,2.5643334,4.2152977
0.9695526,-1.6034018,0.14385359
-0.54519486,0.32688698,2.2812014
6.825435,-2.7543037,0.44678837
4.376459,-2.7231636,-3.5377715
-1.2145942,-5.1046414,-4.3432574
-4.7556868,-7.697519,-2.2511456
-5.2454095,-3.5005023,-2.2154765
-1.8231117,-1.7573652,0.12202236
-2.3711734,-1.8178022,0.871113
3.2448163,-4.982028,-1.4935093
2.4055192,-1.0256318,-1.9906143
0.36594594,0.6468205,-2.1877842
3.2482667,-0.202558,2.2636685
-2.6484299,4.253383,-1.981909
1.3019108,1.5271174,-4.41136
0.1729601,-3.0875177,3.2394342
-6.534459,-2.847168,-0.15812092
0.019295294,1.5957837,1.5633463
4.558987,4.7120795,4.05459
3.9960032,7.262909,-6.145767
1.5628508,9.25524,-3.6214347
4.0777345,5.85348,1.0462666
0.5335131,2.8306973,-1.2430117
-6.8290877,-0.65444034,2.2698233
-2.3979347,-1.5786712,0.07948796
-4.835565,-0.21899025,-4.4435616
-4.205567,-4.029334,-4.606456
2.149266,-1.8093835,-7.168416
-1.0468143,8.485281,-2.2518125
4.2653365,5.5369225,2.1142535
4.0435634,-2.0346498,-1.9368376
-2.5777354,0.87751615,3.5065334
6.2365727,-0.6811438,6.2907805
2.4839697,-4.744639,-0.028208567
-7.456769,-3.4347305,-1.4689835
-4.4209957,-3.3871849,1.419253
-3.2108276,-6.2604885,2.8370714
-3.1653705,-4.066456,-1.1680735
-1.0664781,-1.1428645,1.2084326
5.2420735,-3.8272893,3.2491324
3.0171957,-2.0327575,-4.436684
-2.271773,-1.6900136,1.7596924
-0.8377503,-7.9615755,5.8893604
-1.8410511,-3.6064315,-2.7370837
0.47428855,6.0581803,0.35400963
1.497988,6.377964,2.635067
3.9292023,5.091966,-2.025254
4.822538,3.230566,-3.0563304
2.422513,3.118678,2.6689558
4.2488103,1.0120032,3.2595425
-0.13355294,-5.9426045,3.3544672
-1.1930422,-6.200093,4.7081385
0.30972865,-6.1375437,-5.120011
-0.6097509,-5.4157686,-3.5946743
1.8790511,5.5828233,-1.7659093
-0.10039444,10.3264675,-2.7635546
-1.3787067,-1.7918231,3.6153066
-4.649944,-4.940845,3.0023193
-2.534105,-0.24793747,6.149539
3.8610363,-3.306542,6.682565
2.2694945,-1.6719857,-6.2247114
2.5615044,1.1683655,-6.6532974
0.96119195,2.9175336,1.4944826
2.449283,6.5512757,-2.0958705
4.606685,6.4506235,-0.58386153
1.4235933,3.8864222,3.315547
-1.6884736,0.9107292,4.481278
-2.6021993,-0.82872343,-1.2966516
1.1349664,-0.6956833,-1.4667289
2.3378258,-3.5974545,3.2584066
-0.9133455,-3.3861308,-7.6416416
-2.7503238,1.6231471,-4.8508024
0.1562302,0.7776929,0.9192908
0.14343554,0.87376875,1.2549042
0.31563422,2.7984507,6.431133
0.080412954,-0.8890346,4.366656
-2.5273664,-6.279134,-0.9695493
1.1552025,-0.69995856,0.4176218
0.5652018,3.5890994,0.7620214
0.36699724,1.3479071,-0.6644843
3.657289,5.531191,3.7300255
0.619882,-0.8513492,-2.9739285
-2.173083,-5.4428596,-1.0518147
-1.1202369,-3.1962523,1.6021221
1.0705862,-3.5093584,-1.8211132
2.1596363,0.4891677,5.354752
4.3751893,0.20765744,2.1727831
6.474202,3.248553,0.4081695
0.72089857,4.740387,-3.0503552
-7.1708508,0.9874457,-6.3749223
-5.8798814,1.2053776,-2.297761
-3.7896647,1.6043143,-0.1893295
-2.448033,0.6613997,1.5841045
3.6733742,-2.9260216,0.861722
5.9543734,-0.8960026,0.65321726
8.241264,3.4256735,-1.2498034
7.3562016,4.4700284,3.9029608
-0.15992434,7.730045,0.53617203
-4.1616864,6.70523,-2.8108442
-6.5888343,0.9948774,3.444836
-6.586675,-5.1687303,-2.7409885
-1.029427,-4.825773,2.6543734
3.0580244,-3.0974646,6.0873733
-0.47605988,-7.807268,3.020801
0.764502,-2.0208259,4.9170036
4.1075463,4.041079,0.29352388
-1.5468714,0.9842341,0.9225067
-4.1966844,0.8366414,0.39719173
-5.913506,-2.1822515,-5.9124894
-6.419416,-3.3930392,-3.6214752
1.7322801,-0.48728803,6.380272
9.377001,0.28447852,-0.7592382
8.417877,0.12746888,-6.244254
6.183054,-2.1676102,0.11893929
4.162418,-2.3328834,-4.9926763
-2.046744,-3.729524,-6.8168664
-0.9947297,-3.9196856,-0.93165696
-0.31102008,3.667366,4.402661
-5.1190467,3.3086257,3.9997544
-2.5180569,-1.9716907,1.7172866
-0.28175864,-6.589084,-3.1367674
-2.6590745,-7.7499847,-4.9596214
-1.4541755,-0.50331277,-1.2301414
1.235392,0.25089583,-3.74563
-0.63487434,-0.4080733,-5.1931834
-0.8303165,1.0713478,-3.6748726
-0.8096633,1.6122234,1.9566308
-1.906718,1.8059334,7.3008804
1.0859486,2.4763045,7.158041
1.951803,7.5207047,4.242873
3.0680988,4.144935,1.358369
1.7690703,-2.7907255,-1.8058088
-2.922369,-6.3208156,-4.484786
-3.387575,-8.220224,-4.7993383
-1.9410019,-4.8338923,-6.414838
0.5061059,-5.817879,-4.7119374
3.0104342,-0.40138984,0.56794333
1.441091,5.498869,4.436578
-3.0677402,-2.1627066,1.4923892
-3.5779705,-0.1318918,-0.39183927
-2.1762714,0.83286303,-2.5764558
-3.5669317,-1.7814631,-9.290989
-4.293518,-2.2468724,-5.541097
1.455529,-4.6383834,0.6892793
2.604831,0.7588056,1.5844941
-2.56431,0.20877428,0.61036104
0.5972304,2.8525872,1.7361516
3.312208,4.8599005,4.529346
4.6856966,-0.13492164,1.8708977
2.148191,0.50945,-1.5223045
-1.236049,-3.350995,2.979713
1.0659667,-4.7732325,0.47388765
-6.2726126,1.2195575,-5.0001955
-4.8981028,6.9598713,3.636467
2.646127,4.636019,-0.17138611
-0.90335375,7.6479096,0.9596741
4.6839414,10.001997,8.633492
5.9772744,-2.8598301,-0.82805526
-0.2169403,-4.5341125,-1.330862
-3.1080403,-2.6216705,-0.849259
-5.2212806,-0.04053059,-2.0975318
-0.03576243,4.5250707,0.03190307
-1.3854928,-2.6980312,1.1756881
-0.8309389,-1.2948328,3.947963
2.3977752,-0.522002,0.40164065
2.3399293,-6.180789,-1.0656755
5.305664,-0.35352826,5.5943556
2.335106,-0.25555515,3.960379
1.4139543,-2.1734562,-2.2487102
-4.843458,-1.4288888,-0.9184656
-5.3640976,-1.128332,-2.200247
0.96703476,2.4493558,-4.66721
-3.2321217,-0.32997093,-5.238817
0.93798655,0.43526864,-0.34634712
3.7392938,-3.7541537,4.7149096
1.0180751,-7.576288,5.9497967
4.6720505,-3.2267373,10.758238
6.089794,-4.769337,5.1531854
2.6280603,-1.6068305,-4.108806
4.13156,1.8081709,-0.67376167
8.625189,3.0754402,-1.9559422
2.1052377,2.242197,-7.525286
-3.3164945,-0.27478072,1.2751641
-5.957015,-2.3672357,9.53697
-10.2938175,-5.741793,3.5844452
-5.947283,-4.9444366,-2.4463115
-2.380232,-3.366582,4.933325
2.1333747,0.52584136,5.552292
5.4874854,0.88041115,-3.7493272
3.178372,1.9852152,-2.3502731
4.41247,6.0999956,-0.57642084
-1.8773522,4.3272595,-2.1173317
-7.616176,3.3878372,-3.5173428
-3.9547098,1.5117877,2.179815
-2.709066,1.739332,5.5130806
1.0235808,-1.4036976,-0.57382286
2.121105,-3.9344034,0.6320948
-3.9909265,0.7056238,-2.4547799
-4.0625935,2.2460365,-4.1822934
1.9639796,6.9288406,0.6450272
-2.2528458,7.2641187,0.9169519
-5.134682,4.217466,5.84646
4.6248083,1.2221981,1.8826807
2.6170626,-2.5457656,-1.9117173
0.6044253,-2.7660267,2.8601084
6.2953124,-7.4417405,2.1824882
3.5381382,-6.6653366,3.9980762
-0.96754056,-3.437783,-4.936492
-4.6374273,-5.557609,-7.7608213
-5.1728773,-0.43794653,-1.1044254
-4.8876204,5.509198,-6.6492853
-2.372659,4.549109,1.8679262
3.850434,2.5836637,10.27328
4.371446,-4.5039186,-1.1147809
3.6120918,-7.3495836,-5.8459716
4.063227,-1.522926,-1.1458337
1.3654908,-3.375486,0.98522174
-3.2646205,-3.4513779,1.8218406
-5.9091487,-0.46840838,-3.2605627
-3.6038086,-0.3701521,-0.24935038
1.7828336,0.47956476,4.5206304
3.0518003,1.64168,-7.5189557
0.4266727,5.525456,-4.536522
1.7238919,0.572271,-1.0047699
2.0080535,-0.36417726,-3.583223
-0.6006722,7.531631,1.5518235
-4.4326744,3.6721518,1.1181076
-3.978999,2.6290917,6.3230553
2.1677618,3.6310742,0.5207347
1.5302448,-0.21917883,-2.7841382
1.8358494,-0.36321157,1.8362464
2.9560614,-0.104438186,-7.041733
-1.5063841,2.7326934,-3.711716
-3.615374,3.982729,3.4603925
-0.91886723,-0.116087854,-1.1758938
1.8455781,-2.9117713,-4.1659365
-3.415034,-2.9375722,-0.6417636
-5.6663,-1.7769037,1.1140602
0.043294393,-0.72660446,-2.1276367
-1.2098259,0.38381493,-6.6697855
-4.505783,3.5212839,-5.675169
-1.7717777,3.578147,-2.4652853
0.89584595,1.7839227,-4.3445354
1.6814005,5.8458953,-0.21727374
3.2418065,8.032009,3.8530157
2.1514568,2.1911979,0.03462534
-3.4778476,-3.7177322,-0.016935246
-5.343045,-2.3974695,1.2572021
-6.260444,-2.4574022,-2.9635303
-4.8367524,0.048901465,-3.5181277
-3.03097,7.885096,-0.9881473
-2.4228768,7.4386196,0.6755058
2.3121693,7.3684964,-0.028926777
-1.1714814,4.780467,1.7733424
2.7791378,-6.0806513,4.992943
8.01045,-10.838501,-0.3041682
1.1982974,-4.522863,0.1390585
6.3123245,0.6075891,-3.5440602
3.4756746,1.0124618,-5.6955714
-5.315933,4.1639123,-2.750106
-3.212146,1.4830037,-8.73379
-8.065617,-1.1752676,0.25972214
-4.75443,-0.050437536,5.9722075
3.0911844,0.49222937,0.3967502
4.7196593,5.5018435,-0.3868729
7.32309,6.1113386,2.4722803
6.0774283,-0.8552884,2.3398108
4.707567,-4.2996936,-0.62310654
1.3008103,-1.1379349,5.2560062
1.2234247,-3.7407951,1.0492629
-1.5454292,-5.366978,-2.6559978
-2.23679,-3.146665,-1.3778313
1.6910241,-5.6473184,-6.589795
-4.834995,0.56959087,0.27929488
-0.8753045,3.003559,8.367175
-0.5692889,-3.6654496,0.017925171
-5.3812995,-0.29434365,-0.7519712
5.78272,0.05962961,6.876212
6.9782524,-4.5409017,-3.054128
5.293106,-4.177685,-7.046798
2.2829773,-4.8280983,-2.5212474
-6.214346,-0.32661465,1.116188
-5.2745476,-0.13533033,-0.9549083
-5.8751163,-5.470369,-2.8348267
-0.6516622,-1.343645,6.8432665
1.3729397,0.29877755,-1.0511786
2.0017827,-1.4244683,-4.080157
7.737093,-4.971071,-0.4073865
0.48061544,-4.4649463,-6.9726267
0.35212094,2.8299644,-0.6350345
0.7776741,4.436026,6.0059037
-0.9010498,8.770312,2.3004022
0.090643175,7.285888,-4.0890307
-4.227891,-4.224949,-6.65818
1.5759668,-8.801112,-5.2112417
2.3091004,-8.238486,-0.5390315
-2.811642,-3.7946396,1.6868452
0.8322743,0.7566547,4.59933
-0.19476636,5.256727,6.6991878
-3.6002665,6.830526,-3.3392768
-0.5569703,0.28225204,-6.0973725
1.969151,2.0420675,-4.343147
2.1233106,0.29105395,-4.7906437
1.5542762,-5.7002587,3.7242887
1.8155044,0.443041,10.524098
4.1867895,1.4639027,6.905807
1.5002284,-0.19992876,-0.14461382
-3.1356246,-3.4209752,-1.7999583
-1.7966768,-0.7486952,3.2016134
-0.44167894,4.804057,4.628157
-1.0685196,-3.3687038,3.5333178
1.285675,-2.7271676,8.246851
4.664743,0.91084874,-3.1815245
6.0504203,2.9035356,-11.989265
5.4107337,5.2545686,-5.7717915
2.8428988,2.5244234,-6.3124657
0.17097946,3.807122,2.9594626
-0.33629248,-3.9390414,9.218078
-1.055804,-7.4410586,3.9407263
-4.4943047,-0.37836638,-4.241669
-8.261975,0.35668138,-3.9909003
-5.6431713,1.3438822,3.4720402
-2.4268405,1.1404332,0.018108597
-4.8252473,3.218182,5.468126
0.49239144,6.97214,10.965644
7.9513974,9.1655655,7.6390057
13.441543,7.94082,5.0283494
15.785757,-1.8916407,-6.1679673
9.308057,-2.9051867,-8.718516
3.7640548,-1.934938,3.0703835
-8.944791,-6.6562276,9.649815
-17.15609,-6.8321733,5.425212
-15.201871,-4.426405,4.0933347
-9.141788,3.4813209,3.9383514
2.7015314,4.780534,-7.453968
5.6789165,1.9546638,-10.331866
12.814643,4.062142,-7.9788084
12.355163,6.4783616,-5.4903436
3.9785736,6.5110555,9.667701
4.1070213,0.9917551,17.351606
-3.016014,-2.837952,6.5152073
-6.949308,-6.5098796,-3.780836
-8.174369,-5.0169373,-3.4538174
-7.901467,-2.9517293,-7.8940916
-6.3707776,-1.1379855,-10.25297
-4.8873625,5.798954,-2.9146817
2.5175922,2.6830504,4.005374
3.999178,4.791064,8.257673
9.519227,6.5016856,7.2612305
11.81134,-0.12622476,4.648362
0.50661707,4.498044,1.5111935
-6.3095045,0.92912793,5.2374315
-11.612415,-6.336118,6.8082485
-10.360704,-1.9250554,5.923094
2.2255795,-5.144182,5.293091
8.578054,-6.6190042,-4.449245
6.060557,1.1087956,-3.9271832
1.5140172,2.7529314,-5.894952
-6.136614,5.4916387,-7.9628134
-11.542307,7.195431,0.7809988
-11.347231,2.9319959,5.967123
-3.6327481,3.7959437,10.738894
5.484358,1.3781815,1.7888424
6.179994,0.53337777,-4.058847
3.4144557,2.9163127,-2.364599
-2.1320043,1.2821237,-4.817851
1.4271778,1.6599172,2.7019508
2.5084584,-2.03275,3.3420136
-2.6190367,-2.3818548,-1.0159726
2.2820387,-1.364025,-1.4847513
-2.8699727,-0.31048596,-0.6574837
-5.772563,-0.5862774,2.8210337
-1.2331907,-3.2669184,3.6868064
-0.8266376,0.42741615,5.306421
3.4624927,-3.3445783,0.00391988
6.0100627,-2.3101587,0.91927767
8.2541275,-0.46051645,5.409865
4.76121,-2.971153,2.476537
-0.9251317,0.58735263,4.087247
-4.474544,-5.723997,-5.1521964
-7.1878133,-8.128045,-4.962901
3.3970022,-4.5311947,-0.8340707
4.436251,-1.7268846,-3.9992096
1.2975221,5.7477183,4.713825
7.1266885,7.6851482,2.7565534
0.016929802,8.154116,1.5558442
-1.9843044,7.129448,0.3883914
-1.4389383,2.6244202,-4.5110207
-0.033836078,0.6779335,4.114819
5.132243,-1.8957211,3.347286
-1.2237777,-3.6500876,-5.026739
-4.132144,-8.39235,-5.8094277
-7.5952196,-4.9113774,-2.1459367
-6.2967215,7.232537,2.0958388
-0.008891674,4.773127,-0.2874581
-1.5311915,4.0529385,-0.9392275
1.6764798,5.427921,2.5770643
2.0966227,1.9415842,2.0225708
3.4350264,3.2113943,2.4950335
6.686795,-2.2242622,0.96280897
2.1351,-1.8465002,0.42680073
4.34474,3.6176677,4.944237
1.7468498,-2.8739116,1.3010948
-8.994235,-5.4222603,-2.014911
-4.618031,-2.911274,-0.8465433
0.5935129,-4.3862505,-0.009062694
2.0162199,-2.8979266,3.0735621
8.212867,-1.3065182,-1.1066849
7.5306087,-2.8525846,-4.9354215
3.9263334,-1.1467854,-0.27132004
0.92681074,-2.7959952,5.0551715
0.6834361,-5.9302855,1.5511662
-4.7234516,-2.6708782,-5.0122185
-5.6249094,0.28183782,-0.59162205
2.7276099,2.5544353,0.819871
-0.16921449,2.4970021,-2.720887
2.3941257,-6.145385,-0.38373753
0.049004644,-10.274008,0.08010687
-2.8639996,-0.74321324,-0.5929912
4.25743,1.9323926,-1.176807
0.7100915,1.7553413,-2.858405
1.6156933,4.201521,-2.450549
1.0803742,1.2199074,-3.2138274
-4.963687,2.6513324,1.253346
-3.6171021,1.59968,7.374387
-1.6031437,0.25995767,3.864149
-0.32403737,1.9752947,4.954942
0.68637884,0.92909265,4.384437
4.936019,-4.5610795,-7.5558314
6.9400816,-4.4220567,-6.0967746
-0.8904175,5.0797424,2.8068109
-2.8040023,1.1237727,4.3514466
-3.796234,-1.0748858,4.1479197
-10.624143,0.64619684,2.6319473
-5.682485,-3.193132,0.5082835
-3.573329,0.33216655,-6.2729883
-6.5974016,-4.3933725,-6.1370206
2.4642882,-4.8137803,-4.3023005
9.349022,5.4355726,-9.908561
10.521335,0.052608036,-7.3354006
7.2003655,-1.6040038,-0.8906934
2.5096254,4.957577,0.63705623
1.0479597,-0.6326073,-1.0622772
-4.6502833,-5.975676,2.5813015
-10.063449,-7.6897345,4.610612
-11.966909,-8.783627,1.4304495
-6.162921,-9.698589,-0.78600097
-2.3846893,-5.5405946,-4.9028444
-0.34303486,2.4255035,-7.20068
9.214139,3.6718163,-6.439797
13.283372,7.752052,1.3549165
14.886399,5.850609,-0.13671681
7.733984,3.2117476,-8.220458
-1.4612825,8.137867,0.14574036
-4.8521075,6.655965,5.954117
-12.981488,6.6425133,4.4340916
-14.366126,1.067624,3.941267
-13.708531,-5.7008443,2.630729
-7.8617435,-2.4286294,-6.1752605
-0.52548546,1.9823015,-16.340624
3.5043173,7.2557898,-10.31795
11.727537,9.658546,-0.5369714
5.6137066,9.114117,2.5171304
2.074977,5.356803,4.0823646
2.562955,3.101472,6.285683
-5.667808,-1.8592657,0.5509269
-9.450391,-10.871316,-2.0608044
-11.63654,-12.892411,1.9662156
-6.375509,-10.884531,-6.645257
-0.8037137,-2.7082345,-8.588472
6.7021613,6.0730743,-1.4477894
12.9658165,13.642032,-0.21915473
8.624506,13.081154,-1.3390415
8.81497,3.0533319,-1.0151907
3.3181438,-0.7534682,4.7292714
-4.2768197,-2.552265,6.0116596
-8.113836,-6.4069457,1.7421356
-7.451539,-8.162743,0.9051505
-2.5255444,-4.9007964,-2.3360057
-2.8369975,-4.7594995,-7.3294473
4.1704283,-7.2693524,-4.4748745
7.550839,-3.2899437,-4.708687
7.900222,3.435534,-5.7034707
7.8588758,9.272383,0.8545391
-0.5100434,16.207613,3.8843548
-3.7677221,15.939223,3.4247854
-7.1376433,7.0060987,1.2808912
-9.330973,2.766216,2.978344
-5.925465,-3.2061765,4.539826
-3.9014945,-8.268683,1.448951
-4.821429,-5.3602376,0.73861563
2.484007,-1.2543749,0.7823735
5.2362046,3.602096,-0.09406881
-3.2879195,8.778345,1.972526
-2.6061358,8.686858,-0.9359713
-3.3209512,4.808828,-10.028482
-3.3359716,4.9174013,-6.7215724
-4.5262547,0.8142472,-3.2432086
-5.0976624,0.26268014,-0.5054667
-0.73059803,2.8761623,1.47086
-1.0500442,-0.4135639,-1.4650134
2.1915152,1.114402,3.2857418
0.75676227,-0.19019225,-0.70303345
-0.7806579,-0.483031,-5.785663
1.4145231,0.99925923,-2.1300817
2.2395856,-2.0300431,-0.86653584
0.042417336,-2.751731,-3.633074
-3.843208,-1.5997118,-2.0237806
-3.269904,1.5768692,0.8562128
-7.0871153,3.801837,-0.33510754
-6.5008698,1.9645836,6.4294024
2.5525875,-1.8169414,8.160514
7.2814555,-7.601541,-1.9342217
7.1415844,-12.469327,-4.4671645
8.053561,-9.113309,1.7265891
2.7027009,-2.1653643,-4.207065
-7.2223306,6.4019713,-4.6093807
-6.692465,8.145355,8.051833
-4.5928626,3.8510795,5.898386
-6.038991,0.5686486,-3.5543454
-3.0120676,-9.87481,-3.789929
5.622858,-6.850393,1.9673376
9.555922,-2.7256696,-6.64656
4.268224,-4.284885,-7.4341025
4.1452484,7.5234337,7.4715424
6.8970294,8.074351,9.042785
4.721348,0.9310506,6.742202
5.569199,-0.7136895,9.327848
2.2618582,-2.6233063,8.1667
-3.745332,-6.553694,-4.556782
-2.1554346,-4.211385,-1.2837598
-1.1174506,0.61985934,1.502227
-3.492714,0.07056231,-9.836476
-3.5448966,4.8985157,-1.2067492
-0.7565208,5.1673727,1.3092043
-1.024782,2.2563977,0.33307973
6.0422897,-3.8322616,1.3205554
9.507292,-9.4455385,-0.13121405
1.7787045,-5.782633,5.452399
5.202827,-7.335531,1.2146063
1.3647486,-4.6255674,2.7901976
-2.9760504,0.6112362,7.4105906
2.9635925,0.5403247,-1.7900198
-3.2298918,-0.48892286,-8.407511
-7.287878,-3.3824046,-2.3634477
-5.574211,-2.5794902,1.7890204
-3.468581,-1.413452,-1.958071
-0.89382565,0.32436585,0.05416569
1.3187097,3.4859295,5.3847322
3.897436,2.1775506,2.3980687
0.009894726,2.3415012,-3.3290842
1.8320984,1.9906065,-1.164407
3.6350574,-3.8903265,-1.1168723
2.8159747,-6.187762,-1.6463604
2.3367693,-3.2343042,-0.9096536
-5.292764,0.63649374,1.8500456
-3.7847362,-0.6659612,3.4127007
-3.5074008,1.4228297,-0.7941598
-4.810797,3.8870182,3.9546747
3.3229809,-0.9359498,1.3792961
3.1151807,0.5351187,1.6559259
1.2717259,-5.4933395,3.550719
-0.9782675,-9.767195,-3.7391672
-3.758486,-2.1072824,-0.0237327
1.0319145,0.80433273,-4.3948827
0.14206488,5.357771,-4.3256316
4.168601,6.2046046,0.8223364
8.046561,1.867965,-0.5800066
-0.70940155,-4.4847713,2.1499043
-0.89723134,-8.667898,1.0370321
1.3255321,-4.175074,-1.3169681
0.2850223,1.6827443,-5.495182
-1.6309266,7.1735435,-3.6042345
-3.5151289,5.921238,-2.103816
-1.4835044,5.520668,-2.8236332
-3.3637106,9.128711,2.3538728
0.7924841,3.7704911,4.89712
4.780294,2.37105,7.962698
0.09890698,3.9291716,4.541481
0.035123594,-0.42618734,-1.316452
-1.6397924,-0.91379386,0.19084977
-2.5940025,-0.31706297,-2.558558
-2.3603566,2.2339036,-5.122523
-3.2006662,3.7494152,-0.73372585
1.03315,-0.70449543,-2.4463289
1.1531104,-0.1630077,-0.83008486
4.549993,1.2405485,6.2825685
6.5303264,1.9187158,5.044238
2.0725706,4.1281934,3.1641414
2.0702915,3.9221401,-0.14938387
-0.50561994,1.0100374,1.1711353
-0.18289502,-2.1941774,0.6762645
-6.1486692,-1.0900422,-7.819077
-6.344379,-3.4454072,-1.3580321
5.3317013,-2.1993928,4.144337
3.3750522,3.237233,-3.3056715
4.088269,-2.4207945,-4.8193207
1.952372,-4.079293,1.7337699
-3.9848492,-0.75102985,4.339045
-3.434166,-0.47897956,-4.2551603
-5.0595436,2.9102392,-3.3795424
-3.6657693,-1.0306199,-0.21958661
-3.1820717,-3.4472742,-3.1022477
-1.7533735,-1.6542271,3.013492
-0.29785952,-4.952241,2.042367
-1.7680542,-3.235271,2.4699044
-0.33357525,-3.665034,2.1514275
-0.7543874,-2.7948425,-4.0245576
-0.27893713,1.4950662,1.4162661
3.3183193,1.5572386,-0.59324807
-0.16893505,2.6208885,-4.1526785
-3.5359411,1.7671206,0.86832577
1.0310377,-0.28056845,-2.6956425
-1.3603615,-1.1447247,-0.5489168
-4.667974,-2.2397487,5.807187
0.90130335,-4.1543107,3.0530171
0.66081166,-5.275411,1.4772748
-0.7114199,-3.2466676,-0.3941583
2.0526125,-0.40016538,1.3160591
0.7343818,2.5820029,0.17171524
0.5667352,3.3940892,-2.7792292
3.2291512,1.3134122,1.8803675
3.1871567,2.125886,2.077553
2.7956288,2.943006,3.7920177
2.917119,-0.2204684,4.9044886
1.4181671,-4.5017495,4.827543
5.7717633,-7.6674275,3.814924
5.121182,-5.013115,-4.127598
-3.321282,-2.2010398,-5.104976
-0.99205303,-4.6239233,-4.100101
3.564803,-1.7839024,-1.8987694
3.0866895,1.6595181,1.0079737
1.4757867,1.5462928,-0.6834984
2.3004541,0.91032654,3.2957437
-0.5346193,-3.2780833,2.4947011
-1.419796,-2.8298252,1.7341179
8.626923,-4.2457542,3.7369318
6.841506,-6.620012,1.1849647
0.97253865,-2.2545447,2.169247
3.1628976,-0.5547493,-1.4251678
1.3743031,-0.24174677,-2.2089677
-0.35985693,1.3578691,1.9715918
-2.1998599,3.77992,2.4952338
-2.7552528,0.15050623,2.4766436
-0.70031714,-1.2335408,0.2127621
1.9171917,2.9088278,-0.8830292
3.9225707,-0.37952584,-0.056070745
0.6135989,2.7082849,0.8742895
0.6839039,9.348896,-0.2896397
-0.64605117,6.478284,-5.2738886
-5.488272,3.044263,-5.478708
-2.7717113,0.17182396,0.6813576
-6.6605487,-2.2943933,1.352926
-6.780981,-0.17943464,4.741146
5.2682037,1.3129934,5.2603106
5.188267,4.4178257,-4.2110643
2.3779123,7.908757,-0.6341621
2.155169,0.9091655,-0.22712399
-2.42986,-0.47956687,-1.4054877
-2.7791994,0.33907226,5.872036
0.7837196,-4.9704437,2.7410345
1.399923,-0.15108286,1.2218758
0.013002589,2.3475494,-5.2135878
3.7001219,2.4301512,-8.279661
1.2575343,2.5674584,-1.0877708
-2.9261034,3.945674,5.154615
1.610237,7.831832,12.30377
0.41643304,1.2705601,5.401619
3.1152472,-1.786471,2.985438
6.770118,-4.589441,0.54754615
0.65409046,-4.383557,-3.240546
-0.74459296,1.5194333,0.84593636
-1.8437861,0.871283,-2.6207774
-2.1428788,2.7263715,1.4573631
-1.3084624,-0.08144428,2.7985625
-5.520785,-0.9975956,2.300779
-0.67472136,0.85624415,3.176569
4.113424,-0.7934326,0.17914565
-0.012107336,2.8178139,-1.3113614
-0.14198719,2.2481446,-5.049491
-2.3953233,0.8207732,2.4110935
0.70700884,2.1676912,4.6114554
3.2594178,-1.2051986,-0.75453067
-2.486647,-2.9860945,6.3132815
1.0999737,0.7257516,6.0545874
0.18390667,2.7712736,-0.91390544
4.101563,1.6201693,-2.1002712
6.860296,-4.546732,-5.1730065
-2.9663568,-3.573482,-0.17176814
1.7666498,5.143861,2.5660794
-2.2319221,0.039598472,-2.2816863
-8.1450615,-0.09952281,5.445407
-2.5010378,2.5019054,6.467738
-3.130733,-3.427593,1.4444547
0.4217242,-3.0082383,-0.8065939
2.7198896,-4.968295,-3.6100054
2.5184317,-4.464023,-2.9596741
-4.5147867,-0.66590345,-8.822428
-5.3399386,0.03140308,-4.9700074
4.3316293,0.5807396,0.8677948
-0.33738154,-0.59957683,0.0027545174
3.3758395,-0.18574373,3.6516163
5.5455403,0.62670386,-2.207115
-4.5522943,0.030363979,-2.4115648
-0.4674376,-3.275425,-0.5469758
-1.612024,-2.7970798,-2.4794946
-3.371264,-0.2621425,3.1691391
1.3264666,-4.727746,2.2899978
-4.3539977,-3.2872512,2.0040965
-2.601428,3.2410347,0.9236688
3.5549085,-0.39832747,-4.144971
1.5317321,-0.85008353,-2.4656107
-0.5432122,3.4269783,0.63061327
1.6483812,-0.08209335,-0.84039867
0.39285466,0.27151853,1.3085012
-4.294599,-1.4734747,4.830056
-1.583727,-3.9281473,-3.1737974
-0.34060952,1.0950892,-2.4195666
0.5189956,0.71182024,0.22367802
0.57250935,0.68844736,-6.732248
-2.398159,1.2009677,-5.325721
-2.455883,-1.7540041,-4.237417
-6.4097433,-1.3877169,-1.7976006
-4.404005,-3.2744415,0.123948954
0.5259321,-7.053902,-3.300482
-0.36611405,-1.8436089,-2.5450048
2.5121129,0.19329934,-4.9006658
1.5957586,-4.5005856,-8.23946
-1.4561317,-3.5602567,-0.562438
0.5391627,-3.319001,3.0137336
-0.44420558,-0.28923488,-2.313941
-1.5023149,1.7468122,1.2862313
-0.43961695,-2.0757728,-3.1973383
-1.5660611,-2.207528,-10.474799
-0.4100938,-2.9774725,-1.0661986
-1.6515399,-3.1659477,2.580081
-3.394425,1.0378903,3.1461368
2.3071434,2.8394437,1.5055866
2.5537937,3.9889822,-1.6922002
-1.6814076,2.8344784,0.46028695
-2.5198214,-3.1671264,-2.7115295
-2.6809332,-0.13372795,-0.4806598
-1.5648263,1.5771765,0.100957945
0.28824136,-1.1338893,-1.4087873
3.4225917,2.3487906,1.8925946
2.2395885,2.721112,0.53253216
1.4096997,2.2146485,0.7667308
6.232639,-0.56255966,-1.6883571
2.3389523,-1.872122,-0.3082044
-1.7160066,0.0966581,2.0224366
-3.7324758,0.0061499695,-3.4562817
-8.716963,1.7756522,-1.2145149
-2.690679,2.8090675,1.2657578
-0.82090414,0.49172598,-2.4150078
-3.576117,-0.46158323,-5.0730667
0.08998348,3.2540107,-0.64721847
2.4810865,1.1923517,4.5921917
3.1118224,-0.9571928,1.0299091
-0.55867165,-0.15719205,0.31716645
-1.7539475,-4.237833,-1.3909013
-0.66023946,-0.4263906,-0.9506386
2.433266,1.4005555,1.2065382
3.2630718,-1.680469,-3.3448098
-1.4218099,2.0796099,2.935583
-1.6940179,-1.020034,2.1117315
-1.3812376,-3.1681883,-4.2938104
3.4848375,1.6144994,0.60834503
7.595674,1.5599772,-1.6709052
4.723668,2.3069828,-0.7451305
0.59859425,4.2417364,1.824097
-0.053365,5.036338,-1.0531127
0.6910734,5.9213476,2.322962
-1.902987,1.7733864,4.6012735
1.9196221,-3.3933315,2.848433
2.1689017,0.53380436,1.2490535
-1.7717309,4.2919445,-2.632611
0.26609945,2.2926986,-2.0959482
-0.48546493,4.0292315,-1.0877031
-1.5551517,4.013162,-1.5000802
1.7747929,0.811839,6.569663
1.688463,1.7358778,3.989451
-1.9912435,3.5996103,-2.6917803
0.019483222,1.477434,-0.5032494
-0.797673,1.384838,-1.0255092
-1.5928522,4.256158,1.1408544
1.4376214,2.1302102,1.5313308
-0.2514552,1.0966641,2.8905296
2.7907047,-2.1532283,1.0661753
6.02716,-6.06429,-5.370911
5.216333,-2.3784301,-2.2947452
1.3231871,-0.30857816,-0.7287685
-4.3730073,2.48822,-0.5328069
-2.2928493,3.3817086,2.8677213
-2.0136638,2.3799012,3.2808473
-2.8388314,3.0891542,2.4755123
3.3547015,-2.7815664,4.122677
4.6199636,-7.149147,5.1075397
2.751504,-1.9927673,6.9719777
5.1136637,-0.35730574,3.8133366
1.130214,-1.2628245,-3.2498145
-1.3538752,5.511779,1.6829464
3.5436034,1.3602586,0.40581942
-0.8647424,-2.5695674,-1.3241273
-2.9706192,2.9978983,6.0752673
4.615885,-0.7748808,3.6190536
0.50655353,-1.2215216,3.8737717
-3.8762965,-5.128192,3.5044284
-1.9728768,-7.3934255,-4.289108
-5.46404,2.535047,-3.5530238
1.6923082,0.31935918,-6.480792
2.842476,-2.70852,-6.58846
-1.6175021,-2.0420046,4.4198184
5.244757,-4.987861,2.2529697
3.8943036,-0.34069365,3.4814196
6.8453436,-0.3800227,3.0347958
3.2635553,-3.587899,-8.482198
-5.528395,1.1918834,0.9639292
3.719871,3.1314087,6.4202914
0.9311912,0.7712194,0.9757534
-4.6914854,-2.1731982,6.375831
0.3285371,-5.6738896,3.8799791
-0.15862338,-1.4807855,-1.5360879
1.8092912,-1.1205903,-5.281597
3.2591896,-5.867708,-3.4403036
4.3387046,1.5442564,6.6345367
3.637231,0.5876473,6.532662
-4.1804934,-4.695524,3.697646
-5.954053,-1.9909015,0.38518673
-2.7815654,-1.998967,-1.168403
0.45870423,4.5168834,0.2205817
4.5809135,8.607402,-2.0749211
1.8309925,0.06492317,-0.881412
-2.0931766,-3.8047392,3.9291885
-0.80700684,-1.3736786,5.088254
-2.8557942,-2.259243,-1.1615674
-1.438423,1.2440099,-2.8794465
-0.67514896,3.2454653,-4.3179417
-6.1540008,-0.1364303,-4.872056
-4.4564176,1.7949678,5.573645
-3.0148807,0.42809325,4.0128627
-3.2123735,-0.6111954,-4.4817696
1.037239,3.0021462,-2.1477258
4.9842763,-0.054757424,-1.5949641
3.051124,-0.36140627,-3.2995362
0.092688076,2.4787211,-0.760182
1.068646,0.27454436,1.5173633
-0.9374751,0.06159889,-0.95637256
-0.88530535,0.87448686,-5.7069764
-0.09401957,-0.30885088,-2.18912
2.1302702,1.4594712,4.0440397
6.7008185,2.363516,-1.5004122
3.0349808,-1.9897821,-5.2012043
0.4867111,1.1023766,0.12293902
1.8371216,3.5428472,-1.4968742
-5.785593,0.83202994,-5.2866545
-8.44111,2.1739814,-0.826627
-0.08211566,0.44790193,0.22875439
0.11744936,0.95510197,-4.179753
-2.3492968,-1.0337139,-4.302635
-3.4770312,-2.188941,0.4039032
-2.6627085,-0.49580082,-0.8514641
-3.1272404,-1.3921502,-2.114432
-7.127808,5.177294,2.653068
-2.742258,7.2843466,-0.8194239
1.1988491,5.968854,-1.7429276
3.671809,5.9212766,-2.6743555
2.3809655,1.7704812,-2.1575825
-1.9863507,2.6018288,-0.5060693
-2.4717102,4.5470905,-2.7802243
-3.812268,2.306075,7.8522263
-0.30071568,1.3350399,4.308413
-0.8100551,-0.99433756,-2.6579578
-3.1616905,-3.8759303,4.3066907
0.12096772,-3.2716136,-0.28133312
-1.1598253,-2.1231713,-5.6108513
1.0444325,-1.5092257,-2.0660644
4.7106624,0.5828732,-2.4709992
-1.0944308,0.29765978,-6.9890823
-2.4977958,-3.781673,1.7355373
2.7040732,-1.8295721,7.9600096
-0.82914263,-2.218324,-0.06446113
-2.5248656,-2.9475567,-3.1001966
-0.25559133,0.37568694,0.038486566
-5.8602343,-1.1801647,0.86349976
-5.703823,2.0877957,1.0452722
0.6887487,5.4450626,2.8623316
-0.21957403,2.8794549,-0.06535134
-1.8240914,-0.009489475,-2.09481
1.1856022,0.68959147,-1.2651736
0.58518744,0.4999525,0.93615067
-1.4763707,-0.53417873,1.5177006
0.93819004,1.0338572,1.8796318
1.7660636,1.1402571,4.365331
2.2472403,1.6367724,4.655306
2.93793,-1.3074963,7.3416944
-0.5265614,-2.7106571,1.2412128
-2.9251852,-0.83305454,-0.59977835
0.6054398,0.9212017,3.7629669
3.1826508,0.6323631,1.358908
-0.36763903,-5.531952,2.3951786
0.28004238,-5.877503,5.097576
3.5600247,-2.0681362,6.188181
4.3278704,-1.4103811,-1.3931736
2.4528008,-2.6251035,-3.890685
-1.7347465,-3.0249507,-2.0352662
2.352474,1.8346584,1.0183221
3.093702,-0.7342056,5.339493
-2.7980912,-3.7252576,2.7431564
0.907268,-1.4445878,2.8602295
2.929767,-4.431057,-2.7891707
-0.29184967,-0.05770744,-2.4914634
0.592679,1.6984926,3.5181694
2.4314299,-1.6466186,2.1247034
-1.7694353,-0.20583525,1.8147713
-2.954119,-0.34087285,0.60211545
5.890636,-2.0546126,0.13460466
3.5015783,-4.1832013,0.94185895
1.5645157,-1.832306,1.4499698
6.899214,-3.1621165,1.1638342
1.0909988,-3.5852532,1.7327342
-0.6339317,-1.1828676,1.2896099
1.43707,-3.4305587,-1.056715
-1.1593099,-2.1369746,-0.6485298
-2.308702,-2.423292,-1.9483091
-1.7464365,-3.023203,-7.6524467
-2.1159778,-0.515294,-6.9417944
-0.4167085,3.1009347,-0.7129761
0.045053415,3.3558095,-3.077527
-5.221728,2.1803453,-4.809862
-2.7825103,0.26226804,-1.3352013
2.8312435,-4.859232,-0.01310189
2.3544664,0.27117732,-3.6423132
0.80997145,1.9761298,-8.386648
-1.5980977,-1.6838279,1.0386797
-3.2673476,4.8161016,5.074461
-1.638908,4.28922,-4.3742557
0.5935596,-2.304603,-3.5007086
2.225892,-0.7579025,-1.9818152
3.4066434,-3.4445348,-6.102201
1.9778833,-5.8178325,-3.7280924
2.1776795,1.4667367,2.2156117
-0.36775082,2.0263667,3.4013216
-4.1417656,-0.52817214,3.4593482
-3.7409365,-0.18941131,2.4149795
-5.623672,-1.4990467,1.5917073
-1.1061022,-2.3933613,0.37165308
3.752735,-1.4829026,-4.451857
3.4564643,-2.556645,-0.680205
3.0946765,-3.5053246,0.32930148
-4.1479745,0.3674402,-3.8107717
-3.559652,-0.5992338,1.0528469
4.114784,-1.6127791,-0.11968703
0.7028307,1.2830796,-2.2603414
-1.6808305,2.4366937,1.4607395
-0.12764588,6.207665,-3.7115166
-3.5895412,5.4991064,-7.0058455
-5.9858418,1.1516482,-1.2880912
-6.6418724,5.6330647,3.4201035
-4.8838205,6.083017,1.0749233
0.19707488,4.814017,-1.3087051
6.14051,4.1051598,5.4214945
3.9688997,-1.0958543,-2.210363
-2.9673169,6.3409004,-11.302506
-1.255017,4.866657,-0.13269714
-2.261646,-0.29669955,1.7314317
-3.4734201,2.904557,-0.98853666
0.32294607,-6.0438704,2.5707383
2.2213967,-8.815453,0.11050945
-0.12920691,-5.9346604,-7.687021
-3.2293348,-1.3766289,-4.8857327
1.4275415,0.17949723,1.0157781
2.1556542,-1.9451572,0.9274919
1.9667728,1.4620556,0.81317264
5.4610515,-4.646783,-5.5606036
1.383956,-2.0409563,1.7534047
-2.235472,4.594099,-0.2743797
-2.337167,0.49970907,-9.373562
-1.9623823,0.9758581,6.1012115
0.84598005,-1.0495809,4.1629863
3.2548032,-0.46431208,-3.3383393
3.9388716,0.36794287,3.4880755
2.4270556,-3.8287437,0.19253248
-4.069865,0.8591019,-5.2297363
-8.444811,5.827461,-3.3468442
-9.154394,2.4181368,-0.0175744
-6.4095206,1.5480671,4.0822806
1.7482153,2.024239,5.1280737
2.4888618,-0.68568295,2.4553313
-0.35595548,-1.2783765,1.2508619
2.2939153,-1.9003974,-3.251407
1.4805433,-1.4920348,-10.641804
-0.96623266,3.9309976,-3.028209
1.2770942,5.3632383,4.488802
0.6808365,2.8020072,-0.9767619
0.040110238,3.325135,7.781955
2.2737806,-0.32392636,3.8536053
0.7166528,-3.6030886,-5.8751283
-2.1418467,-2.4031217,4.73457
-4.704237,-7.4807935,0.23920004
-5.574286,-8.405036,-3.1856225
-2.200582,0.7198181,5.17788
1.9654969,0.61681825,2.9338791
1.2361326,1.0162239,-2.9080527
3.4683213,3.7329254,1.0288242
5.649992,-4.721047,0.014240229
-3.1327834,-2.940576,-4.962999
-4.8970227,1.4904963,4.0654473
-1.8296909,-1.4908046,0.8643642
-4.4798064,2.7922502,1.2280083
-0.51833856,2.9834018,7.6940055
3.8485944,-3.796412,-2.7747889
2.7917056,-2.4737468,-0.22037767
0.14779241,0.69308007,-1.0396516
-0.95650244,0.12326032,-2.970749
5.4622626,3.3167396,5.6715684
5.23355,3.7347932,2.1831086
0.74940693,1.0744994,-4.451321
1.4623371,-0.5947625,-2.8366537
-3.0984688,-2.0859559,1.6114016
-5.1990495,-2.817372,-3.033464
-6.0741606,-3.193823,2.8510325
-0.8212965,-2.9085107,6.6801724
4.949976,-2.2635434,-4.9127793
2.4425228,3.1424487,-4.471908
4.1290946,4.72112,-1.8314806
-2.5029795,1.2904811,-2.4552865
-2.5368638,3.8333547,0.15686107
-0.53284687,2.4828634,2.6565976
-6.2580986,0.07548615,5.1019254
1.5860407,1.780975,1.8586702
-0.18100664,0.36597058,-5.0153403
-3.14323,3.2456388,2.1825695
1.8430984,3.7039356,1.8248847
-0.9291578,1.8178123,-3.4851592
-0.0034284194,2.192969,5.834322
-0.8515034,-1.6105825,6.6420135
1.2641096,-1.0893514,5.137049
4.188135,-2.05801,0.5775464
2.513796,-2.1876943,-0.3818813
4.3312325,0.5703223,-0.49784055
2.644773,0.7838986,-3.9329185
4.6232624,-1.6172779,0.6318351
0.6927206,-5.2630796,-1.6857452
-3.0441086,-1.5524111,0.04834239
2.8298821,2.633265,2.3890843
0.15324126,5.7644234,3.6345196
1.1740081,-0.4772179,0.46482128
-0.78820723,-0.7719508,-4.805698
-4.3771753,5.5779643,1.7398082
-0.6988344,-2.3748255,-0.426213
-0.99111205,-2.0183072,-2.7236538
2.5386372,-1.1112931,-5.169092
3.2994857,-1.3365782,-8.070764
0.8838543,4.17956,-1.8540714
-0.41469264,4.4523954,1.5477275
-3.7598634,1.6246598,4.610814
-4.053834,0.27571356,5.1140943
-4.4323187,1.2659929,3.1956377
-2.6128082,-0.89775234,0.6877094
-0.10134364,1.1178982,-2.1595354
3.8553233,2.9537964,2.3206778
10.303948,-0.8832308,3.529798
7.290915,0.9046653,-3.0131352
-0.18569532,0.22181302,-0.683598
-1.2929782,-5.066115,5.6612787
-0.59523845,-0.51034236,5.175538
-4.881104,4.0027056,0.4020801
-4.9286227,4.8952174,-3.9424043
-1.444323,6.188935,-2.7614863
-2.2445788,1.3478384,-3.0427887
-1.9136006,-3.4508252,-3.8485665
-0.5825792,-3.1689024,1.9186853
0.72034186,0.0702665,4.1014113
-0.9247926,1.3607887,0.948891
-1.5702322,1.7320157,-1.8781979
0.77577084,2.9595714,-2.9974825
-0.83288187,0.5052107,-2.7470782
-0.44484445,-2.359455,-3.9452713
-0.05891009,-1.6068033,-2.4905355
-4.6253505,-2.6112356,-0.8859943
-3.1988072,-1.610102,3.8572621
3.2216368,2.2370489,7.2502956
3.7314022,-0.5573526,-0.7886419
2.123346,-3.7817738,-3.4650724
4.7330585,-2.447225,-0.43820485
3.0726767,-3.6952555,-1.0803386
-3.199311,-4.265903,-2.0155766
-4.8920326,-1.4870425,-3.6459749
-3.100984,1.9450887,-5.498927
-0.749985,6.8820815,-7.1577454
1.0325532,7.164661,-0.90211517
2.4939377,3.4047122,4.4316616
3.2115164,-0.578818,-0.30060583
2.8341873,0.036134854,-1.7848636
-0.5484143,0.76876795,-4.742089
-2.7484763,0.70209205,-1.8260746
-1.2097244,3.293802,0.880388
-2.2903078,5.3111205,-3.8457854
-0.74771225,9.063777,0.73692
1.2263383,1.8299472,1.0510269
-0.20944627,-1.9588431,0.84159803
4.859861,0.37054682,2.9564319
6.3871946,-4.95035,-0.9343465
1.5744553,-4.90537,-2.0045803
0.12569673,-1.0132029,2.340266
-1.7072171,3.0204036,4.2096677
-0.95107627,0.87653744,0.64023113
1.0218521,-1.9107783,2.6357684
3.1218617,-2.2058997,1.9617647
2.816558,-1.8006934,-1.7661561
2.2811313,2.8348699,2.3947833
1.7549516,0.27662125,3.9285693
-1.5569216,1.0088222,0.9730733
0.9131239,5.375753,-0.25769183
-0.42847344,2.2028875,-2.3316557
-2.7309835,3.5984724,-0.31406698
-0.25525323,2.3690512,3.5141327
0.7248124,-2.0964158,3.7034445
1.0452535,1.5896997,2.5792122
-0.76646996,2.209998,-1.2538835
-0.51041347,-2.116835,2.8839815
1.8035574,-2.460471,4.8500023
0.059271168,-3.7877038,-0.6615572
-1.5524884,-6.111468,1.1396942
0.76366985,-1.3991158,3.8446367
1.1450304,1.2315613,5.6535463
0.613801,-0.97214174,2.4279854
-1.0876082,-0.38491768,-1.6718222
1.5663731,-0.56035507,1.1709559
4.820376,0.0542133,-0.90780365
-2.4640217,2.8474576,2.0943801
-2.0657382,2.5176294,10.997658
1.526809,1.2641973,3.1045082
0.16801694,1.006907,-5.8981566
2.6654139,0.66545385,0.22434637
1.4199145,1.5393966,1.334872
-2.007213,1.0371815,-2.5165904
-2.2987435,0.10517493,2.733353
0.47661832,-2.6019351,1.8278619
-1.9509022,-2.341846,-4.7097387
-1.9370949,-2.189975,-2.6716263
2.5538478,-3.8964462,0.919277
-2.3612113,1.3678758,1.0298498
-0.70128256,-1.6297511,2.6097257
2.2058194,-4.937872,9.92936
-0.8078183,-7.448699,5.3714304
-0.10095436,-7.277008,-4.03212
0.11983914,1.8398048,1.3143575
2.7785769,-0.82209945,0.031797875
3.0783827,2.3187554,-3.5351808
-1.1904485,7.465134,1.1943008
-2.8818626,1.8392924,3.6946125
-1.0496985,-1.2377417,1.5563244
1.2634183,-3.733515,-6.053638
2.1874864,-2.8750756,-1.881043
2.526538,-1.3971484,4.2725816
2.5087373,1.5108224,1.756267
1.9167596,3.9097219,4.824396
-1.0908456,-0.15396078,1.3506382
-1.5712417,-2.7532084,-4.379371
-0.5886916,-3.89949,-0.04374093
0.018454181,-1.399228,1.5839297
1.0700576,0.3198558,-5.3947325
-2.3640268,-1.1000608,-2.294259
-1.0931604,1.579761,-0.66788423
-1.6919487,-0.9107456,-4.13724
-6.1606765,-6.1142945,1.3163042
-1.8539578,-5.7917275,-2.1134238
-0.2206542,-0.8208683,-1.3760837
1.170613,3.3080704,1.8323637
4.7781034,3.4182792,4.093773
3.2962291,0.42915756,3.906239
-0.08752212,-2.439216,-5.4880056
-4.519724,0.6102519,0.27268606
-3.8091006,0.58648086,2.8086004
-0.2549789,-2.16173,-1.1364328
0.570946,-2.456126,3.1462543
3.1369405,-0.9500322,1.50157
2.030024,2.4890106,-0.37668985
-0.36016476,7.2033424,1.1747282
2.6169436,5.463448,-3.8021948
1.2062914,-4.7539325,-5.0973287
0.34140837,-8.477386,-1.0997276
1.8807846,-9.847172,-4.3925176
2.1212418,-6.3648386,-1.2116586
8.743194,-0.9841691,3.2971385
5.9215703,-2.3199694,1.7699441
-3.2483108,1.9457322,4.0933614
-1.1567274,0.6098963,-0.24976926
-0.19820207,-5.0900865,-6.9848404
-1.0727688,0.5213111,-4.231772
0.91967165,3.8237925,-3.9886577
2.1125894,2.439761,-3.1760664
0.15443939,3.732562,1.1444801
-3.6370478,3.3059955,-4.1760063
-3.471056,2.6746972,-0.5343281
-3.335579,4.1200294,3.8136296
0.02680029,5.637387,-1.173876
4.0648956,0.9021661,-3.011024
2.5716052,-2.4098606,-3.9463086
4.632919,1.7091873,5.4506683
1.1335214,3.464738,3.141948
-4.6707854,4.59005,-0.90769255
1.7962703,5.253072,5.303437
4.075808,3.5199506,-1.3387622
-0.43077973,-4.0062485,-3.2741697
1.9211842,-7.5552154,2.0980904
5.390763,-4.234829,2.3632882
2.884533,-5.73249,-0.52399915
0.265545,-2.35791,2.161962
-2.0370095,-1.0227162,-2.1547322
-6.833337,-1.4428067,-3.9793813
1.1723158,0.6955942,6.374091
7.126394,-4.61669,3.7502317
1.3932582,-5.49066,0.18265606
2.301125,-3.891877,1.3439147
-0.50351304,-3.633252,5.181602
-0.28470588,-1.1800753,1.9324127
-0.44418538,2.187532,-3.785118
0.21047156,5.583534,5.6791224
6.7569046,0.9360187,6.147684
-0.3925498,2.4002912,-0.38032612
-0.80834085,7.676286,0.042708963
-1.0650076,1.159183,-0.35540277
-9.300816,1.5155033,-0.029864248
-2.608858,3.835105,4.7302103
2.132373,1.3839756,5.9249754
3.9901257,3.5504675,1.8583788
3.5832145,2.181166,-0.062123947
-1.4261409,-0.6540823,-2.0074267
4.193399,-2.0750167,-3.9873252
1.0587025,-1.8262931,-2.8576026
-3.0719748,1.6665338,1.1246802
2.5777202,2.9951823,2.3216865
-2.393714,0.42593452,-2.7492535
-2.7566504,-1.1983117,-1.4633677
-1.7715846,0.21116138,1.4089416
-9.057995,3.5758603,1.7104282
-1.0804683,7.043044,9.693015
6.6175995,2.3034804,8.770361
0.6119751,-4.0904813,2.0867012
3.3893337,-6.9710093,-5.192484
2.2264907,-10.257215,-7.5660458
-4.784476,-4.194323,0.9814406
-4.114084,6.532217,-2.4057295
-3.0434206,5.6040144,-3.659431
0.6695104,2.3009439,3.6163998
1.5946573,4.4435086,6.7476606
3.531312,-1.9999938,3.6364522
5.210307,-3.6618433,0.08330389
1.3586385,1.695185,1.7396805
1.9038678,-0.8412719,-3.7311666
-0.91469514,4.501185,-6.0502534
-6.327627,8.873129,-0.66573447
-6.2458463,3.3490915,2.178371
-1.5469096,-1.4024383,0.35805455
2.4085217,-2.8681552,-4.6381755
1.2085488,0.3940003,-6.6317425
-0.9294422,1.8201783,-3.5250356
-1.0803714,3.2584538,-2.6221173
-1.256501,0.4456448,-3.5161977
-3.4206676,1.1128063,3.4233506
-0.5759584,7.1211696,1.3647276
3.204325,1.8236443,-5.545077
2.0618973,1.9323853,-2.7701557
1.8505619,3.3915453,-4.659487
-2.3830414,-0.22609457,-1.8579767
-5.492184,-0.040349264,2.112307
-0.8656907,0.5106096,-2.0134754
5.11198,4.602943,-1.1059703
6.6597776,4.1132774,-2.3148785
2.629999,2.2890797,0.6751433
0.20673828,0.6477641,4.326671
-2.9403303,-4.0843205,-3.6827123
-1.2612921,-4.7984486,-0.97307545
4.4688883,-7.5814595,1.7900729
2.1610937,-3.2292504,-1.3027909
2.9225314,3.8568525,4.2486157
1.4647908,1.2373286,0.20282434
-3.651977,1.3383373,-5.274778
-1.2455572,-2.4595275,1.6106262
-1.350903,-6.1695733,3.1155534
-2.9397752,-2.2316983,-0.025518585
-1.1552974,-0.77778333,3.431049
2.328487,2.9864328,5.255274
2.9795036,5.5008144,-1.3188422
-1.4859242,-2.8443277,-5.5365486
-4.9154425,-5.3087363,-5.1356606
-4.411385,0.2963874,-5.433045
-0.83224475,-2.283766,-5.97854
-0.4505568,1.4662635,-5.4677215
0.2091816,4.591298,0.16587251
-1.5625912,-4.446386,-0.6301151
-6.8668823,-5.552972,-1.7587868
-2.670882,2.470021,5.185019
-3.1022916,5.298902,4.128009
-5.814713,-1.7784388,5.0473785
1.6074134,-5.863534,4.8475356
4.8877673,-5.1772714,-3.1428373
5.3236094,-3.089899,-5.479334
0.4511591,-2.657903,-7.4662795
-7.0297565,-3.4601862,-2.8477046
-7.0275517,0.84990627,5.145225
-5.5375433,2.9696498,3.6327772
0.49334964,2.3652399,6.785893
6.8089275,-4.7806273,4.938266
9.962424,-10.173719,1.3793532
10.079229,-9.616051,4.2199917
4.3093705,-8.881749,-0.24294044
0.32217377,2.561529,-0.40851003
-4.483111,9.204118,-2.1036284
-8.487386,6.7066693,-1.0252364
-4.3680716,2.1947615,3.9415238
0.60517853,-8.301624,-1.8000244
3.6652544,-8.829588,1.0153451
4.6178327,-5.463451,6.2360353
0.58205813,-4.9415526,1.0461373
-4.4265847,3.3312902,-4.8090773
-6.627013,5.782659,-6.0563664
-4.534769,2.089158,0.104467236
-3.9474998,1.405889,-2.2923255
-3.7382197,0.7332023,-5.0818486
-0.3323671,0.9858966,4.449723
1.9093697,2.242483,2.50627
2.259228,4.5270696,-1.7785519
0.3865487,3.6267524,-1.0759039
0.8307929,1.0104568,-1.1115919
1.7067646,-1.0775398,1.3099223
0.3526164,-0.61005896,0.34765536
-2.0900786,1.1840482,2.710323
-3.2152727,0.6105959,1.6062078
-3.9640567,1.4609355,-3.938485
0.07791092,-1.3538954,-0.2491016
7.1530128,-1.25859,0.29860926
4.155876,0.55481046,-3.2231534
3.3103678,1.9291233,5.4746833
3.0331986,3.4524739,10.640764
1.422708,0.9115931,3.561342
0.8351612,2.426909,-4.5753098
-4.635261,-2.35048,-6.5361123
-4.349444,-5.552527,-3.8015773
-3.895178,-4.753126,-1.8781713
-3.5540304,-3.6388364,5.0063205
-1.2777832,0.86697584,1.5246512
-0.8735999,-2.9649367,-3.2205858
6.291098,0.57746744,-0.18289293
9.665418,4.496674,-4.664965
4.7780066,2.2607837,-0.8673496
1.133466,1.9133779,2.6422946
-6.878895,-4.2334795,-2.6081388
-9.461616,-5.6248507,-1.1772982
-2.6256466,-2.916829,-1.494825
-2.203263,-1.1618054,-3.117003
-0.40840566,-0.7181368,0.5291913
3.9207315,3.2305837,-1.2468011
-1.2891381,6.4434466,-1.5108957
-4.0367923,3.4594896,1.4698484
1.7326319,5.662094,1.3029737
1.8856051,1.4752606,3.1150374
-2.3157406,-5.0863876,-5.069271
-2.2982535,-2.6294024,-11.345385
-1.4659618,-0.9087953,0.47282717
-1.5699387,-3.7784462,0.9857873
-1.7106307,-2.8442607,-0.05883997
-1.9440857,1.0664548,6.2292323
-0.038155135,0.05274582,-0.8574674
2.580835,1.9600317,-2.463381
4.541698,0.76893663,-0.95136887
3.0270793,-3.138908,-0.18381405
-3.9953701,-0.61490524,1.8161414
-7.584543,0.6967222,-3.087888
-3.6495402,-4.0566382,-5.4386125
0.7354702,-2.5515058,-1.2374983
1.5906723,0.48723012,0.31508094
1.9892502,-2.9675772,-1.6633478
2.7254143,0.12008162,3.1245136
2.172487,-1.6058732,-1.3899357
1.7653252,-2.1877053,-3.0591915
3.282137,1.6541568,2.7340674
2.7157812,0.405821,1.5538446
-3.689138,0.96219206,0.91144925
-8.413633,-2.1890988,-10.160201
-5.735673,-4.651765,-10.84111
-3.6317716,-0.9477494,1.9001026
-2.859746,1.7787355,-0.6832887
-0.90583056,0.15588827,0.8619684
-0.10301068,2.2479749,5.38721
2.8005147,1.149195,-6.383202
4.528113,1.6871396,-6.5092
2.4753673,1.1662906,-1.8389463
0.062449947,-7.070177,-1.5011815
0.09747282,-1.6317209,-0.28613147
-1.4752636,-3.094945,-6.7938695
-5.3586297,-7.3009214,-2.5803113
-4.0477195,-1.204223,-1.4127051
-1.9118129,-0.054393455,-2.8046503
-4.654297,1.7722772,1.8257365
-5.543772,2.03658,2.8452804
-1.2940289,2.8384285,5.0898504
0.7381685,4.019958,3.2806475
3.0395322,1.9397697,-0.5817836
2.9689403,0.95367163,-2.4849825
-0.7123832,2.0448973,-0.20905973
1.2258548,2.85949,0.58903855
1.4066522,2.1466053,2.1625695
1.5124044,-3.2416637,2.5861447
0.4546546,-2.7902668,0.4352058
-0.25748402,2.726912,3.6199875
4.5396333,-3.8578835,-1.4628037
-0.16364779,-4.165853,-8.292388
-2.3107939,-1.0297375,-3.473536
2.855895,-3.0347173,3.7804193
0.79654604,1.8533379,5.456102
-1.0969784,4.007268,0.83193916
0.82463634,0.83739406,-2.6762345
0.9738702,-1.0222855,2.8770738
-1.2058759,0.8971141,0.1453886
0.064633936,0.90531605,-8.140471
-1.2785848,3.00309,-0.9628404
-1.8655735,8.849999,1.6874708
0.6930385,8.088492,1.0110412
-3.909794,3.8673384,3.4654398
-2.2226005,-0.85959804,-1.0735489
1.9417257,-5.0550065,-0.6871801
-0.09698074,-5.8158016,-0.24606514
-1.2040695,-2.9324512,-1.808811
0.98891515,0.23316658,2.5839987
2.7127607,2.2244453,2.0334728
0.99643487,5.303426,-2.5560288
1.7346984,6.407907,-1.1296664
-1.0891626,2.3951473,3.3026948
0.83896244,-0.37717593,4.724435
6.818307,1.5169747,3.1654313
3.9115808,1.8528339,3.5961616
2.8259974,0.6795022,5.043173
1.9097083,3.1037905,3.475686
1.913383,4.8756976,-3.0381355
1.9062815,6.362223,-4.664804
-1.0054735,7.1441636,0.9748597
-0.015935495,0.5778951,0.11751494
0.01829137,-1.4888017,2.1204445
-1.8403497,-0.22969052,0.85967547
-5.9944715,-0.09808355,1.2832333
-5.6085286,-0.9612392,2.7525573
-0.97751945,-4.7856245,-3.7537563
2.5996475,-0.54549,2.9941418
4.1589546,-0.5758235,-3.0803351
-2.2866492,-1.0367672,-3.4907877
-3.5463955,2.6528254,3.5700893
-3.2426815,1.4063467,-2.080593
-2.1768532,0.036378086,2.5756195
2.8637981,-8.300315,0.97367793
2.1392055,-9.417673,4.017872
3.1283097,-3.0905666,0.76484907
4.3711033,-0.832639,0.67206615
5.5325394,2.1648488,7.620222
2.5793035,3.6965961,-3.8145938
-2.0020206,4.5112166,-5.1716924
-1.1409502,1.1607689,-1.572681
1.4366541,-4.066778,3.3590057
4.281431,-5.410465,0.54603606
-0.1878601,-3.6011193,-2.9932027
-3.1529305,0.004846966,4.7815065
-1.8299999,3.8976269,-0.44843674
-1.5197154,4.4143085,0.26616988
2.5897722,2.4153595,3.0123782
5.1343427,-1.1568756,-6.139062
-0.91409147,-6.080336,-11.4314785
-4.19656,-3.6826532,-7.563499
-1.3062178,0.4113171,1.2919705
-4.570368,0.800832,-1.0293757
-4.542039,5.9426107,1.1636937
-0.9714457,5.267991,5.5659723
1.3093607,0.47931343,-2.9831643
3.6949902,2.8035333,-5.597252
1.1713736,0.93495363,-2.250903
0.47453377,1.4382837,4.499886
1.0437372,2.3555002,0.42183745
-0.66129327,0.06395943,-0.25743267
-2.0286822,2.8636959,9.224454
-3.7431273,1.5841749,3.917026
-2.0324082,-0.5054273,0.32870522
1.2429785,-0.98128223,0.9755648
1.0075498,1.187092,4.676769
3.3233569,0.4435675,4.0463715
7.091912,-6.1492248,-1.8789958
3.4794047,-7.055894,-4.708906
-3.7575052,-5.5766397,-8.482118
-6.287512,-1.4671092,2.8081343
-3.5507915,-0.06295862,8.8666115
0.033928625,-2.855817,2.493161
1.7103854,-1.534101,3.3458052
3.447277,-2.2781372,5.182231
5.02935,-4.9727817,6.051872
3.9468546,-4.7144547,-1.1408273
-2.5789611,-3.4072595,-5.0556073
-5.4898496,0.85052365,0.61231506
-1.0685682,5.1743546,0.9166809
0.08173902,3.392151,-2.4727643
2.6009078,3.7921991,-1.0703243
7.6661487,2.9277806,3.6183383
7.395123,-3.6086047,1.9704201
3.298652,-2.4726617,3.8872035
1.2997262,-1.0586376,5.0838165
-0.014698869,-1.8394223,3.228802
-1.6999055,-0.4750128,6.4067774
-4.2441926,-2.2599297,0.52636766
-4.6439342,-1.796398,-0.02147001
-1.3435282,-2.745123,2.8410566
2.4181187,-3.0537183,0.650897
6.7302814,-1.2259972,7.3366604
7.4577184,-2.323162,7.3115735
3.9862838,-0.63515675,2.0197296
-1.5215608,2.3657382,3.0304935
-0.5935658,3.0311,2.7910776
-0.4798397,3.0284793,4.8597684
-1.0905887,0.77092975,3.6532571
2.6967235,-2.3440714,-4.2632003
0.37611598,1.6062005,-2.3325198
-0.91637677,4.248867,0.63159984
-1.2097222,2.504587,-1.2172621
-1.3591559,4.871593,1.6299995
1.211809,6.4127107,2.910424
2.3096392,1.5508282,-2.2338793
-0.3211077,0.3214175,-4.9674416
0.056099653,2.3185396,1.0491316
1.234387,0.16805102,3.1239946
-2.1875644,2.2422595,0.46890652
-2.0540633,0.92565364,-3.7751117
-0.4663605,1.281775,-0.06361732
1.8141102,1.7002128,1.4485692
0.25094447,-4.708848,-6.7109685
0.77493477,-2.3709722,1.9501177
7.0490065,0.19070606,3.4397748
4.7349377,0.70831054,0.6541689
-0.016393365,-0.9495984,-0.39860323
-1.3098639,-2.1657517,-12.727333
-0.9879083,0.9801614,-6.996493
-1.3125769,2.9045165,2.7018862
-4.907214,6.0581656,0.5926524
-4.254185,1.8802285,0.06455231
-0.7736741,-0.73278385,4.2504797
-0.16548403,1.8336554,1.427958
-0.5515534,1.4984922,-4.0920825
-2.074829,2.8655887,-4.115725
-0.23952997,3.6862175,-4.552552
1.0385767,1.9982582,-0.4789008
-0.8852477,-2.1720781,-5.16442
-2.7665296,-0.78337306,-7.7150226
-2.5501227,1.9554266,-0.800648
0.5602073,-0.5420014,4.0011625
1.7239033,-0.86445534,-1.2917016
4.0416512,1.6697164,-13.480976
-0.05637427,3.3865588,-3.5237901
-3.3785865,-1.1516474,1.8047101
-2.7858303,-3.31056,-2.5995746
-4.837225,-5.9593773,-3.9134276
0.65837616,-10.048703,-7.7869
1.599353,-3.6454654,-0.41777974
0.25902727,-2.9066021,1.801994
1.0185194,-1.2167803,-1.703411
0.89375615,4.2137313,-1.7525312
4.533397,4.170674,4.119405
1.4877927,2.4656606,3.6708999
-2.8394508,-4.595321,-2.082194
-0.9240475,-3.100749,4.2270427
1.8394749,2.5026414,4.567796
1.7083378,4.435364,4.9537306
-0.46251425,2.576344,4.147911
1.4020844,4.950798,-3.3015969
4.247073,5.7599993,-5.173598
3.1461706,-6.7076883,-8.65981
2.9818537,-5.8152556,-3.3532968
0.94046164,-2.58314,0.93162584
-4.2898774,-3.2345898,-2.520041
-2.1764214,-1.5027474,4.6327386
-2.5828843,-0.68959856,5.2184286
-3.253133,-0.3058931,-2.5469627
0.2059472,-5.302504,-4.058001
-0.41904992,2.079641,-0.703178
3.1756282,7.931335,2.7201848
2.2864156,5.5532336,0.13455899
1.2853717,3.1796057,-4.434887
0.96690804,-4.0583954,0.96509445
3.3824015,-6.4332185,8.495484
4.797276,-7.8108296,-1.2450308
-7.7148776,-2.920052,-5.472586
-4.092926,2.368465,0.57166713
-2.0187025,2.6018314,-3.4782348
-4.8568373,2.6150198,-3.445839
2.736486,2.0067534,1.4273514
0.23126704,5.026104,4.6688285
0.72187155,-1.7585931,2.32561
1.1367192,-2.4147534,0.8284085
-1.1434119,1.4154928,5.3141246
-3.0075827,-1.8958405,-2.050607
-8.9953575,2.7300212,-8.571979
-9.100908,-0.5492565,-3.918075
0.10784151,-0.80661076,0.5696473
8.884795,6.7346916,4.317795
6.144598,4.635033,1.7033124
3.9596562,1.1034632,3.6359441
6.1373777,-4.018825,4.915478
3.0650787,-7.446711,-5.0938864
-1.8553324,-6.7214456,-0.6653239
-1.8326731,-3.9769654,3.090529
-2.8161082,0.58244413,1.8692893
-7.7659297,3.4691074,6.3824573
-3.705348,2.922923,-0.67603725
0.25228292,-0.13030457,-0.10929723
-0.5701532,0.3145193,6.7227893
3.3083017,-1.7720107,2.4934845
6.5082803,-4.2773404,-4.790665
5.441491,1.6061823,-5.911508
-0.47406036,3.0929615,0.8414125
-4.366314,0.013177591,0.6470544
-7.482582,0.4673541,0.61172676
-6.1781044,3.3879871,1.2358024
2.569085,6.8933363,-0.5999905
7.914306,1.7110708,4.987541
10.744327,-0.650003,-1.8773866
2.895813,3.0525537,-11.109487
-3.008371,-4.2637124,-4.113635
-0.12270168,-4.521682,5.8056083
-0.83517396,4.073864,8.796015
1.9803375,3.886415,4.6812987
1.2058052,0.47081918,7.8672886
-0.8188268,-1.7844541,4.5443954
-1.8085163,-0.06784718,-3.997493
-4.625286,-0.51022345,-2.4444566
-4.7825193,1.4050266,-2.9629595
-0.5186629,4.791915,4.8057427
8.338343,-2.2160912,4.993167
4.470812,-3.8002965,-3.8433757
-1.4728745,-2.9402304,-3.9260209
0.43492445,-3.3616772,-3.591201
-1.3511479,1.3480834,3.4048524
0.48050162,3.9993145,1.5358522
3.6597264,8.706547,-2.093918
3.5851936,8.28154,-0.3008266
-0.39420867,0.08178484,-5.621156
-3.307744,-8.437435,-5.936494
-3.457364,-12.6074,-7.258163
-1.2676666,-3.1028175,-2.389518
4.537532,4.6237507,7.092983
3.6471171,5.2390065,9.199507
1.6063367,4.866493,6.5708847
-2.5329754,-1.514728,-5.2681274
-9.33105,-1.8203993,-8.789771
-6.7203417,0.6406689,2.2395053
1.6571592,0.49443707,10.939373
5.112137,0.79936975,6.7917414
3.555428,-0.2809311,-1.2951281
0.98425466,-0.97467273,-2.5612476
-2.6705282,-5.18586,0.44742984
-0.08459441,0.3157297,3.2319787
1.9887521,7.8361187,0.13195409
0.85052687,3.5535443,0.17776889
0.6127935,3.9073493,0.7844973
-2.2951465,2.66963,4.1991863
-2.7438796,-2.995535,7.5207896
2.450886,-5.258942,-1.8395555
3.929175,-5.95816,-2.5634396
-1.9377804,-0.1861873,4.042601
-0.3393785,3.0171673,1.4646136
1.5344988,-2.1576018,-5.0687447
-0.6082986,-5.0099516,-2.462638
-0.034529634,-4.2208643,6.866497
-3.9750323,-5.02453,7.60657
-7.5966363,-3.3840075,2.881914
-2.4467373,3.991947,-1.3377435
0.8422764,4.328178,-6.047039
-3.047132,4.0299277,-9.277973
-2.6731944,2.9831915,-8.929875
-1.808716,-0.03293978,-6.220092
-0.15942313,5.7149615,1.2264019
1.3292476,3.7064168,7.8546705
3.2954645,-1.463146,2.3848557
4.465009,-2.6848059,-7.0307674
-1.4078004,-2.6675825,-4.459716
1.6703192,2.9004157,5.1192174
6.718531,6.0282226,3.6808157
2.8861258,6.4837174,-1.6924974
-0.23741707,5.6346083,-3.1612754
-0.9565266,3.0294676,-0.5423719
-2.2502263,-3.8129687,5.098208
-2.8658504,-14.504423,-4.490019
-0.3127407,-10.29338,-6.556241
3.1429946,4.8946924,9.573536
3.583699,6.1353984,9.709734
0.06142479,1.2684276,-1.2357846
-1.5601228,0.48443186,-2.1252363
-2.1040301,-5.443636,-0.949156
-6.7669764,-9.207972,-9.057873
-8.336267,-8.226153,-2.559762
-4.034497,-5.00826,5.965046
-3.6563425,3.993298,1.7683645
-1.3589828,5.038024,6.1534414
6.969173,6.196394,0.8832357
3.2110255,10.017933,-5.4856443
-5.449318,3.2518578,-6.08872
-4.272372,0.038807295,-5.1569586
-0.99047536,-5.870278,6.0511255
3.2420864,-12.966887,2.006334
2.350783,-8.0479555,-2.688731
-0.29703644,-4.113919,4.12078
0.65582764,0.76681006,0.50725526
-2.9718215,3.6272755,-1.6743128
-6.0191317,0.48987377,-2.393372
-4.7931857,3.345928,0.5444831
-0.6926353,-2.9196117,7.7383423
-1.7242652,-13.001765,-0.35285237
-1.4170766,-9.34198,-3.036398
4.3196583,-9.537727,3.6742525
2.7123113,-3.7318592,-3.8396885
-0.5877285,5.813515,-13.266436
-5.316591,0.7637301,-5.7130527
-5.4881015,0.19150704,5.821938
1.5796973,3.0993721,1.32992
4.532592,-1.4438076,-3.0419657
5.468032,-3.6458511,3.3081708
3.4552066,-0.13390443,3.0808086
1.3306805,2.5368109,-5.731607
3.32346,3.1302643,-4.8206873
0.13360079,-0.33635122,2.22183
-3.857354,-2.684484,5.199217
-2.0851185,0.7928974,0.25877255
-1.1399289,-1.6249627,-5.9614835
1.7106878,-4.0556602,3.4695182
3.4832575,-1.6512169,0.6576259
2.479487,-3.9426491,-1.2233714
2.0719984,-7.707658,5.2778254
-0.82964444,-2.883034,1.8693728
-1.3451619,3.2235405,8.1806135
4.7818046,2.093679,1.5972259
7.2283607,4.1936746,-4.667486
-1.6951109,3.977121,1.1486413
-9.190462,-4.826298,-0.5272282
-9.256121,-10.167884,-3.252892
-3.637328,-5.8729634,-4.536719
5.151607,4.676878,2.4455767
10.841483,10.066197,6.305025
9.563155,10.4950485,0.19636913
2.2191682,10.03737,-1.938596
-2.001666,-0.7511405,-0.04680934
-6.5034122,-3.9542885,-3.2626421
-9.576668,-1.9736984,-6.2794995
-5.263156,-8.062345,1.3393487
0.7722016,0.99271953,8.4865465
3.987285,6.648516,3.8514466
6.0160346,5.078717,3.273648
6.2765584,6.3641906,0.29177025
-4.8717647,0.08395696,-3.022781
-12.395414,-5.760838,-0.17210507
-8.83459,-12.0569725,-11.574413
-1.129424,-7.7302155,-8.460195
8.23773,0.7338113,0.6911099
7.996794,4.333401,0.20122397
3.378266,10.605197,8.057361
-1.0006005,11.317281,4.5888386
-3.458898,8.617166,2.6000423
-4.0598335,2.2277758,-2.2168176
-2.3347163,-3.2711418,-7.8840027
2.8814576,-4.8654814,2.0369365
3.699536,-2.1359897,0.38799584
0.85565966,0.1262721,4.4379067
-1.36096,-0.06962202,9.495375
-2.1430335,9.293276,0.77202415
-0.51105356,7.886625,-1.3219304
2.8911512,-2.4076786,-6.128641
-2.7485871,-9.133417,-6.025242
-5.0759645,-14.142183,-3.191418
1.0187914,-7.988919,0.23631401
-0.16908132,-0.9816817,7.756005
2.8926218,5.324244,4.305412
5.5937767,12.127172,0.8064119
2.8093243,12.737358,-0.8312628
0.3202683,2.252237,-3.0981646
-3.3284428,-8.80948,-7.086929
-2.9243927,-8.532101,-5.0590615
-1.5441542,-3.3899279,6.6454654
0.85093904,1.8327777,4.8234434
4.197134,2.9726126,1.4028934
4.604128,9.34124,7.5988526
2.9330616,13.326629,6.0802436
2.309442,6.9031324,2.3381772
6.6800017,1.7829174,-1.3194965
3.969431,-4.5625377,-6.0296335
-1.6041348,-7.635341,-2.7184718
-0.33055922,-6.0251503,-1.5533204
-4.0155993,-2.9855096,0.8637272
-3.541863,1.5743241,8.838394
-1.5245808,4.685583,4.3348923
-1.7656385,6.2659397,-2.8158722
-0.0017354774,3.364155,-1.2758207
-1.1214273,-1.952843,-3.5904067
-1.36387,-5.933788,-3.9305615
-5.6480417,-7.104339,-2.460126
-2.6256533,-8.182562,-7.710694
1.7325807,-1.2276185,-6.3550334
0.07686863,14.681271,2.358276
4.1779575,13.611383,2.701639
3.6234078,3.6733596,-2.7054398
0.7339376,-3.518609,0.7152403
-2.9574287,-11.331169,1.0912558
-3.6731205,-11.499902,-3.3595438
1.4265226,-6.4001412,-0.15841383
4.867989,3.682471,1.3831471
4.8468432,7.495614,2.5829945
1.3091576,8.954935,2.9679775
-2.6659467,9.475911,-0.74874485
-7.3675003,1.1711302,-4.539159
-2.115906,-3.328842,-9.202642
1.8872204,-7.7412806,-6.122869
-1.6095865,-5.9232745,2.2422218
2.210713,-2.7074294,5.165995
1.7460754,-0.43417522,7.6337237
0.6288261,7.420391,3.3173172
0.01158324,8.008842,-3.0767946
-2.9680884,7.7117767,-5.57258
-1.6985453,6.408758,-8.003988
-1.6645275,-2.8881884,-5.4051065
-0.34412143,-13.174194,-5.204608
-0.45385078,-19.413977,1.8173543
-0.96647817,-16.737862,4.3992405
0.7270943,-0.85450935,-0.057937372
3.3667936,13.719587,1.0083067
4.942918,13.76202,0.77851164
0.6023309,7.2403893,2.7603934
-1.7710704,-0.58744204,-5.731166
-3.2614563,-10.177953,-5.3766413
-4.4487453,-13.892146,0.55434465
-2.1672592,-6.5277452,0.3673034
2.8518374,0.83635104,12.887129
5.937086,1.1905491,10.825174
2.0850422,1.618393,-2.7140682
0.08668594,1.9690595,-5.8908587
-2.7530534,-0.5579084,-6.3957987
-6.7541523,1.8324848,-6.6807566
-4.599802,4.311029,-6.190854
0.3586417,-0.25201753,0.45114234
3.5781746,0.269937,5.9299016
0.41699478,2.7103474,-0.53994554
0.76775277,-0.7203518,-0.9958873
4.467165,-0.21995023,2.3672154
1.8964895,2.3124893,-3.0522802
1.5794827,3.9406724,-4.722153
1.9369304,5.417424,0.69998276
1.7305788,1.1480832,9.200512
-1.0511241,-6.380482,5.296506
-7.151021,-5.604192,1.059809
-3.0067706,-0.064377524,1.8757637
2.914058,-1.3514735,-8.31889
2.0371473,2.398197,-2.4261358
-0.0065974067,4.9274554,4.061582
-5.975541,-2.0774004,-4.752311
-4.9025893,-6.65152,-3.58588
1.0048534,-6.5797534,-2.2575939
-0.8616777,1.9521435,-3.2245038
1.0619079,7.9039097,2.1166992
3.0897923,4.689712,4.0773416
4.1522985,-1.5525186,-1.5957357
5.0464025,-4.5098996,-6.6736217
0.17324035,-2.884628,-5.4022956
-2.9087963,-3.6961799,-0.47435775
-4.9162474,-2.0577111,-0.29238012
1.2177327,3.129308,2.6551397
5.944513,6.9078717,10.788943
1.3201828,2.0034432,6.650242
-1.1197746,-7.0287995,0.8781582
-4.6979895,-8.020031,-2.4458182
-4.0706997,-0.91572785,-6.1275787
-3.8100827,6.098333,-2.509629
-6.9781837,4.2259984,-1.3119074
-3.9298468,4.36502,1.4842913
-0.9026628,7.4281106,0.37359458
-0.03888055,5.7150655,-1.5681998
5.174346,3.7666664,4.0731354
8.850836,2.0991993,2.2019608
8.238706,4.2557526,2.8611596
4.7854786,4.535779,3.81576
-1.7603891,-1.1473778,2.6408296
-1.1978266,-2.9272974,5.408437
0.17993216,-0.47374856,0.29860336
-3.1436875,-0.28858954,-0.9672339
-1.8724184,0.28047752,1.8659277
1.8971467,-0.5355715,-2.4002547
2.1003778,-2.9272532,-3.5641477
0.925392,-2.614392,-1.9346173
2.1030133,-10.136811,2.9922283
1.9309297,-13.535998,5.491071
0.13713394,-5.2740574,-1.5445251
-0.07403879,-1.4070241,-3.0553298
-1.8099781,1.7424337,-2.1933713
-5.0900545,5.755926,-3.6153414
-3.7266686,3.8860135,-1.8755811
-6.1144056,0.9832474,-2.2563663
-6.6565757,1.1568756,-2.5606184
1.9439307,-0.7394688,0.030225143
2.3030422,1.5591929,4.7261004
4.131499,7.6218367,8.2751665
4.20162,5.0379667,4.9613533
-0.68216586,3.1070065,2.4873548
4.2003436,5.6039515,3.1648738
4.385654,1.6683486,-2.3704236
-0.6655874,-2.7038019,-5.6396112
-4.62054,-2.691751,1.7153407
-5.4741855,-4.9179964,9.512201
-2.6219754,-6.9484,5.772402
-1.2868096,-5.036839,-2.4007816
2.4233708,-2.1202717,-3.1698146
6.8834343,2.950612,-3.4139638
3.5110621,4.8054624,-6.099579
-2.9615874,5.0024676,-2.5161734
-2.339755,8.89117,2.976011
-3.8381476,6.0610294,-0.72582424
-4.1484437,4.152738,-1.9270804
4.321865,2.1725442,-3.0132813
6.0105815,-0.5146854,-2.904663
3.5493927,0.46558022,1.762465
1.1741672,-6.2280617,-1.0983601
-3.2314143,-5.0045767,0.69633925
-2.5834074,-1.9551134,-2.5160272
-2.0579317,-2.364438,-3.3051097
-1.2684339,4.4708123,2.023428
1.113205,1.2456274,-2.45518
2.0624206,-6.8980594,-0.30394122
-1.6599956,-4.148099,3.168232
-5.6466146,4.8806124,2.4808187
-1.3175355,5.4948606,-3.3487484
-5.4320045,3.7681699,-0.7375318
-3.8892362,7.2354116,8.141152
8.834184,4.6824527,3.8716729
6.448116,1.1256729,4.781901
3.2884755,-0.37814605,2.26147
-0.32302317,0.118675895,-4.499488
-5.1601095,4.6393213,-6.4139495
-3.0577815,7.1670914,-3.8742814
0.35752833,4.754245,4.991538
2.3393362,0.25849164,2.5590277
0.78374517,-2.0342839,2.5024543
3.9008555,-4.611742,3.8712208
3.1242561,-6.7415442,-5.0285354
3.5678303,-7.4215126,-3.7865949
7.497285,-6.408592,-2.6737237
2.1969986,-1.1391304,-4.454889
-2.978382,-0.058699466,3.6801643
-6.268717,-1.778295,6.761154
-2.3104765,3.3403697,7.0643063
3.2267547,1.6334635,2.9188554
2.4156651,-6.2397203,-8.635086
4.7680006,-3.8321426,-8.867877
6.1475916,-5.863974,-6.4758444
0.36045694,-7.189602,-2.6263318
-5.100006,-0.43218812,4.639877
-8.995813,0.42233267,0.53117836
-7.3638034,4.1548457,-1.2224175
1.7610003,7.9823265,3.620904
1.2987174,5.84751,-2.1295
0.63935596,1.5656403,-4.3094378
4.9502482,-2.421919,3.9476366
2.5285318,-2.7830856,0.66420686
-1.308054,-2.681095,-0.94846356
-2.6258602,-2.055414,3.5981774
-0.464192,1.072677,2.050796
-0.81389135,2.7413583,3.6273398
-0.54611474,-0.16387948,1.8756372
3.0137978,-2.3875754,0.7400444
2.3860908,-5.385116,-4.3893714
2.8982236,-8.473084,-9.200635
4.3296037,-3.5489166,-1.5783514
0.80953795,3.4550896,-2.3365579
-0.68703,4.3461967,-1.6314574
-0.25386366,1.4115046,3.3852403
-2.6946192,-0.7099153,-0.67113554
-4.2549996,-0.6039946,-4.9131374
-5.71432,0.2867594,-2.7646034
-2.2048314,1.4051081,-1.2007686
3.2940938,4.339455,-1.938287
2.8347807,5.4403024,3.566699
1.3894087,2.4356833,5.7808905
-4.1662755,-1.4790624,2.3776436
-3.4491594,-3.4433966,1.4471802
2.866919,-1.3430502,0.17992985
-1.3269796,0.7005115,-3.90708
0.014194532,0.83694357,-4.03746
5.7535815,0.8861627,-0.2585365
2.201804,1.0384852,-1.307804
0.8799433,2.1274204,-1.5772178
4.388235,4.2519364,5.3690896
1.0443242,6.4272704,10.126965
-4.4182043,5.473473,3.9967947
-3.7303255,3.7778816,-2.1388652
-4.2589526,-3.2739363,-6.404701
0.56818235,-6.8827534,-7.433056
7.9072256,2.099731,0.2510894
3.8584714,1.3538225,2.177668
-2.8481293,1.6117,1.9805413
-2.891645,2.573948,0.74689084
-0.5261363,-2.9196706,-2.3142774
0.31655505,4.9635468,2.3838446
2.8846416,5.391402,1.2987453
-1.5190029,-1.499509,-2.908246
-5.657492,-0.3349307,-0.117367804
-2.3094578,0.031153185,1.7926655
-5.2576685,-4.993516,0.4920249
-7.9860325,-12.50597,1.4695061
-3.9232686,-9.56011,4.138415
2.4179454,-2.1144736,-0.890279
3.3875372,1.9268204,-4.177559
1.8633268,3.265754,0.7530159
0.7268476,0.4041022,1.4844407
-2.7114127,0.6685429,0.4416067
-1.8495624,2.866979,-0.8659008
0.6706505,0.07142476,-2.8704772
4.646688,1.3306681,1.825222
4.0573845,6.4879494,4.793332
-3.8524415,5.744137,-0.4547936
-6.4779625,3.9655523,-3.5324206
-4.3922777,0.08904143,-0.72457236
1.071266,-0.5298068,-0.847176
1.0646152,0.43313742,-1.9855177
-2.3623028,-4.0937443,1.8762658
5.603452,-3.1440206,2.7306178
7.167569,-1.7679585,0.6487856
0.20846182,-0.66891444,-0.5505871
-1.2508138,-1.4824069,-1.5680767
-2.2180364,-7.239426,-1.7930722
-0.5614086,-7.1538634,-0.79576534
0.32997686,-5.906391,2.0197055
-0.80823755,-0.7908219,-0.03746976
-0.085633755,8.383594,-0.13087562
0.95370525,11.528799,2.765619
-0.41975904,12.687184,-1.325244
-0.3137239,6.789472,-0.32010248
6.371177,-2.0377293,0.434414
4.3597856,-2.937564,-3.3601298
0.27122888,-4.8629656,-3.744974
0.057878323,-2.633637,-6.4444647
-2.8431041,2.2494154,-3.8209124
1.8906264,2.6110773,6.444386
2.9825125,6.383054,8.168903
0.8220968,2.74922,0.32969606
5.8410816,-8.487615,-0.76537937
5.7570267,-10.159185,1.2107313
-0.22085713,-4.4221444,0.3413663
-3.300454,-1.1003654,-2.8371358
-4.225288,-0.41677082,-5.5904193
-6.3438883,3.9154737,4.2509356
-6.1682925,6.533682,4.4304476
-6.3671603,1.8605042,-5.5967402
-5.082259,-1.5398757,-3.448394
-0.31529903,1.7095435,-3.5182712
0.97463447,3.3679726,-5.167203
2.8510175,0.443316,-5.4706078
4.9994593,3.2802157,-0.8212672
4.107815,4.0491743,6.666926
-3.9652252,3.1511774,5.4767566
-4.60554,2.615192,1.9917014
3.182224,-3.1359906,-7.314432
-0.4167862,-1.7747368,-8.516355
0.54320747,-2.6132236,-0.09813039
0.66943204,-9.17054,2.0135684
-1.983948,-9.195496,2.2527125
0.8199653,-4.6592555,3.5098004
5.43344,-1.8386533,4.772637
13.1674185,-2.266303,0.96777046
8.717149,-2.5285983,-1.5408628
3.71937,-4.0078855,-3.5750308
-2.0553696,-6.2644053,-1.7547132
-10.675214,-6.875514,-0.008601989
-5.713245,-1.0653723,-1.9961562
0.8547892,4.162183,7.796425
4.789026,3.0163338,10.667907
4.3337684,4.165054,6.8144603
0.38741046,4.941047,1.3652031
-2.1700943,4.1334324,-5.126553
-1.9823153,4.7361345,-1.7334932
3.3917956,7.0324216,-3.1414766
6.6473947,6.4308014,0.4051516
4.025867,3.8254786,4.8406267
-1.7160449,1.0700848,4.632073
-4.286605,-2.5455096,9.999038
-4.0522413,0.6967537,4.809196
-1.5808586,0.90476835,-1.6157519
2.6813216,-2.7319615,-3.0152824
2.0973568,-4.7441444,-3.1121712
2.5050752,-7.3157215,0.2757756
0.76195866,-5.418415,1.4199558
-1.6422756,-5.095438,3.732144
0.49832454,-3.128054,4.9687786
-1.8468863,-0.023623612,1.3365968
0.34705225,1.0473518,-2.4419703
2.9116404,1.9821784,-3.9245148
-3.7709603,-2.960731,-4.813797
-6.2836733,-6.046151,-2.0513248
-6.8969502,-6.1417294,-2.1270134
-7.4588995,-6.1545215,-3.097542
-0.9708986,-6.4344163,-0.29868636
1.3381008,-4.4030313,0.8456293
3.9978943,3.2184134,6.738048
7.1802073,2.1716723,3.7678626
-0.10010024,-2.1865382,-2.0829246
-2.8433836,-2.3674846,0.80175674
-5.283696,-4.7367744,-1.909309
-7.7976103,1.0489562,0.04108732
-3.4353044,4.570709,2.2603352
0.19938116,-1.6479784,0.39935577
0.5314583,3.8344343,4.544737
-4.8980656,10.497753,1.7869557
-2.3741744,7.0157423,-1.0431945
2.9510968,5.5809436,1.2696648
4.755712,2.044982,-8.601517
4.876092,-4.387288,-12.102028
0.79568225,-8.039734,-3.0848374
5.968751,-6.4533496,4.548566
6.7215314,-0.19902962,9.64069
4.168926,-0.6366067,6.1300373
8.66292,-7.435271,6.602676
8.332744,-11.905653,-0.31019923
5.715654,-15.778619,-9.333345
5.4224925,-16.245481,-1.5750831
7.874426,-9.209042,3.6417902
3.4537024,-0.6730388,8.440402
-2.9052064,2.2918496,8.531661
-0.5112181,1.8141143,3.6477308
2.2997298,2.7402709,-1.5425076
0.5676485,4.2104383,-3.084373
-2.530239,7.15045,0.54182905
-4.311641,9.532747,-2.8671684
-5.409363,11.505227,2.8428304
-8.140504,14.820074,5.326552
-11.357901,17.776669,-4.772098
-3.915192,20.10231,-6.329616
0.6444474,14.958327,-6.4411464
-3.7189505,9.361424,-1.7997855
-4.284665,5.108002,-1.1047971
-8.659641,-2.4897914,-8.213327
-7.110043,-1.6964415,-2.6238248
-1.6900347,-2.4839354,-0.65737474
-0.93978816,-6.5003324,-4.0149117
0.3104018,-7.527621,1.9676839
-0.8663202,-12.412086,3.6156428
3.384547,-14.554123,1.7026663
9.121173,-15.447575,1.3033493
9.481469,-16.596468,1.4740779
9.087022,-16.55058,4.118129
6.5530977,-19.70511,4.235023
3.0470867,-16.691578,3.0790331
1.6031227,-6.860846,-5.0017047
2.987331,-4.902316,-6.8730063
3.6410108,-6.0313144,2.872222
-1.1065241,-5.1524725,2.1318536
-5.3319883,-3.2635276,0.94194275
-7.2238226,3.630542,1.0984696
-8.353145,7.4205728,0.118082814
-3.3311234,14.44494,3.1443832
4.555528,21.101616,2.3014317
1.5726671,16.19302,1.3195356
-12.616528,15.889285,2.486038
-14.501148,14.84803,-0.3969463
-8.8505335,11.740658,-6.31478
-9.630306,14.520869,-0.016022895
-6.04292,12.558668,5.9350896
-5.8731103,6.2686577,-1.6315457
-4.216324,1.3402966,-0.65446675
7.8637295,-2.9242797,-2.2957444
11.535353,-7.9034615,-7.147474
6.6278367,-11.060707,-1.8626467
5.233371,-17.161705,-3.6910548
3.383589,-20.178938,-3.2693572
-1.1058202,-12.367157,-4.235285
0.14559159,-5.347116,-9.656241
4.514225,-3.475774,0.38333744
6.8930764,-2.568952,3.8749158
6.1368227,6.500603,1.1484547
1.5841763,9.202231,3.451925
-1.2075287,1.4801537,-3.0975418
-0.7950975,1.093021,-3.8243139
-1.5155864,1.3654715,3.6479652
-7.244154,6.139835,7.970537
-4.800569,9.212615,9.478056
0.28789398,7.23702,2.7784252
-1.1630306,12.150752,-1.6014357
0.92163795,13.292737,0.64466697
-3.6849446,10.211472,1.3349621
-4.3430753,7.3378153,1.6390994
-2.271485,5.337056,-0.7528147
-5.662246,7.4227242,-1.2369717
0.24073073,9.49295,-3.8321655
2.864207,5.5596814,-5.052997
1.8609219,2.6581674,-2.8029325
-1.6855901,5.7769103,-7.917929
-4.530256,-1.2083366,-6.590891
2.8186762,-9.935733,-3.8311086
2.9748883,-8.046748,-3.2753217
2.4014049,-8.676552,1.3338515
4.443263,-7.808466,2.0281537
0.94536597,-4.435727,0.652958
3.9867952,-9.5550585,1.2917798
6.4039755,-12.176394,5.1338696
3.5812457,-9.275195,1.5274849
-1.1492531,-10.958894,-2.2601466
-6.8527513,-4.9217324,-1.1789428
-7.650256,3.229457,-1.6409056
-7.3494406,5.4212294,-0.7171775
-4.0946445,7.505952,-0.08143294
-0.8775423,0.6611013,1.9542962
-3.5315545,1.893613,3.4066117
-3.388381,9.86753,6.829602
-1.9732059,8.25562,2.861645
-1.9034907,9.179683,0.82615596
-0.3696638,8.515859,2.4272757
-3.4566295,5.587228,-6.231768
2.2773998,2.7368333,-2.7497272
11.027511,1.005118,4.610329
6.84323,0.99495965,0.26936182
5.6828103,-5.6355886,-6.535146
3.266227,-12.675435,-3.612142
2.481034,-14.339714,2.4092188
1.6571058,-9.304606,-3.468743
-1.7226969,-6.0652337,-7.4900117
-0.83091205,-4.9565654,-1.3208138
-3.0522027,0.26503468,3.7507308
1.8733888,-1.7028648,3.8508344
6.498148,-0.32864192,2.1440263
3.6984344,0.5164219,-3.9730058
-0.9639019,-4.974684,1.6821333
-3.459114,1.8465363,9.286532
-0.35475862,4.2438593,2.2234633
1.3411115,3.2631495,0.7862209
1.3615768,10.446675,1.678858
-2.906043,12.625592,3.5176578
-4.8407054,7.7310014,2.1361933
-1.146336,-1.1029224,-0.6437663
0.9729108,-1.9103789,3.7302017
0.6787132,0.11661685,2.1881273
-3.2304437,-1.5538816,-1.4790963
-2.4254503,1.3737675,-2.9822676
1.5768099,-0.26662412,-0.54133385
1.4908842,-6.324956,3.9091802
-0.545984,-8.011798,0.48442605
-0.6171448,-7.029008,-3.104981
5.4304023,-6.760617,-0.39892948
7.244494,-5.7529464,-1.0489557
4.4827714,-3.4992352,-2.186261
0.1361622,-2.5165982,0.11074186
-4.469224,1.7870157,2.062485
-0.8666173,5.6887326,3.4292357
-0.4654823,7.0631247,-3.681601
-1.7795031,2.9246957,-8.107566
-0.4354319,-1.7491784,0.6382387
-2.6956952,7.2750325,4.432603
-1.306022,7.3051705,0.051863022
2.3586123,-0.29981583,4.0641003
5.9048524,-1.6439619,8.548365
0.43544078,-2.962816,2.7498546
-7.8842926,-0.46952546,2.1878216
1.6324241,2.2206824,7.4602838
5.265434,3.8427012,3.9487944
-3.079851,-3.729231,-1.7816033
-2.5346377,-6.771337,-0.1600927
-2.8099027,0.30276284,-2.009771
-4.2518787,-0.4577495,-4.1380734
0.48729867,-0.56705767,-2.1781754
2.0523825,0.74143517,-4.062941
1.8384618,-0.36617976,-8.227517
3.3998563,-4.1171684,-6.9710274
1.2034284,-6.152258,-0.13654199
-2.1807013,-1.9793167,-1.8824667
-2.4192576,1.0294603,-5.9112377
2.2959943,5.1764503,0.2457902
6.993675,6.198279,5.3921075
4.8048983,0.29741976,2.4413178
0.46281,0.4121609,4.7717047
-1.6587713,1.361689,5.727672
-3.021003,-1.3595139,-1.8499658
-0.08990439,-1.565624,4.1995344
6.553687,-1.1764505,6.494573
4.4921637,-1.4514669,0.77135456
0.18115453,-1.0501285,8.968735
2.1317227,4.7053556,8.3009205
0.79595304,10.029557,1.5928586
2.861938,7.8773637,-0.11373508
2.4270732,3.0954556,-1.7932065
-5.410057,-0.9577894,5.6540804
-3.8203797,-2.8516383,-0.23925337
0.24790616,0.20385103,-8.471399
3.0452414,3.1900325,-0.57294905
1.9016682,5.3360906,-1.6985737
-2.0757573,6.2618713,-1.6744112
0.64700097,3.38189,4.9725223
2.7406478,-1.5876663,6.360971
5.510082,-9.699103,1.6365877
6.513617,-7.3536677,1.4539442
-0.5631222,-5.862855,-3.6311457
-10.70704,-5.160931,-8.530255
-8.619726,1.0729513,2.3439484
1.1319959,-2.2057672,0.2429298
-0.7380392,1.2394259,-2.3904536
0.088209845,-3.5040436,-4.1305223
1.0922612,-6.4911804,-3.0627048
-2.9382312,3.1835313,3.6268377
1.0025169,1.6066215,-3.94667
-1.0418895,1.06569,-0.29999834
-6.0021815,3.4415326,5.9034486
-4.1520286,8.128984,6.99053
-4.0192204,6.0837827,4.668485
-0.2074772,4.263342,-0.7108312
5.948827,2.6835701,-1.4708993
2.7553797,0.2735584,-6.553311
-1.0720209,5.445138,-6.4318914
0.75158525,-2.0109708,-1.5585606
0.87112767,-1.5664327,5.739035
3.8172774,3.4765868,8.347499
2.787844,-0.54051346,4.9394855
-0.11468827,-2.0445516,0.26889503
5.777066,-5.65743,-6.939937
4.8684673,-8.479393,-4.72169
-3.1342068,-11.951695,-5.921572
-10.198177,-12.838723,-11.684901
-12.01602,-7.395843,-4.90255
-8.24589,1.8406901,4.280264
-2.929275,10.040333,4.15505
1.7780656,11.535059,-5.8216357
1.0836426,4.3748775,-8.782406
3.8923767,1.2169387,-4.9350414
5.0459733,1.662145,-4.806144
-0.9687753,-1.2021861,-0.96421236
-2.9573965,-0.0025143635,3.0230086
-1.8654182,2.208731,4.0980997
-1.9049894,4.402164,-0.2657111
-0.7940253,4.4600534,0.19746552
5.200958,4.8413825,-0.58170414
6.2532644,2.599185,-6.801115
3.3279128,-0.7578907,-0.77307564
3.3422773,-2.2885401,1.9978992
-1.5939376,-8.486226,3.1668603
-2.4944851,-6.150885,3.687753
0.4642683,-1.3377765,0.09049875
-2.3305166,-4.062756,0.4182306
-2.4249723,-1.2226396,-3.1124697
0.80099416,-1.0747023,-2.762161
1.7293214,-3.1723511,-2.418936
-1.074008,-0.09757151,-3.9346595
-4.095828,-2.285127,3.2762558
-1.9391462,-1.0826118,5.8238654
-2.9026842,-0.5356237,-2.0071757
-6.8181524,-1.1258065,-6.4625483
-2.642414,4.2070937,-4.287675
-1.7447011,-0.34180728,-5.796658
-1.3344687,-2.0129826,-5.5624714
1.369338,1.3207881,-2.1410124
-4.0920644,-3.3137305,-5.8933816
-1.3908154,-1.0265588,-1.450848
8.079455,4.2643447,6.750686
7.9185295,4.575349,0.18399413
2.2528777,3.8007922,-2.535595
-0.73857355,0.05765207,4.743908
-4.5575175,-0.67380965,7.2059855
-6.382185,0.42767638,0.2923466
-1.3019656,-0.19571313,-2.0661535
-1.0592884,-1.2692379,4.877914
1.0307578,-0.808831,2.5978901
7.281759,0.0041474905,-2.4725277
6.3560114,-3.548648,2.2325885
6.7137027,-2.7322662,6.1827345
3.6633584,-2.3999152,0.8804374
-2.8172574,-3.5428038,-5.168008
-0.9569484,4.726708,1.549903
2.6137233,4.5098495,6.48148
2.5288043,-2.1819508,1.1976885
-0.98962224,-3.4847965,0.21000908
-1.8998855,-8.237285,-3.2318225
-2.5950587,-7.458804,-4.9951363
-3.294215,-1.4316349,0.34338036
-1.1340609,2.5259688,-2.2300282
-3.7182462,1.3182454,-4.022478
-2.5759943,-4.604761,6.516341
1.8497958,-4.926529,6.64452
2.0170581,-0.8838062,-4.7787437
6.4748545,2.8431673,0.42525262
8.621572,4.7022266,4.828719
4.12592,5.6147876,-0.7212332
1.2992885,-2.820457,-3.5305986
-0.2504031,-5.6704054,0.059341732
0.07141677,2.670136,6.2605147
0.35198653,1.836551,2.6833
2.9101133,5.2921343,7.2425876
1.9790077,5.124716,8.19303
2.7341557,1.9441516,2.2660182
9.739951,-0.6234107,1.8087318
3.4294415,-10.570841,-1.889872
-3.3121545,-7.2504725,2.6801593
-4.969696,-4.309264,1.7245909
-5.2927966,-2.816807,-0.25550652
-2.3307142,4.8836865,4.2513366
1.6760446,0.51483613,5.821743
5.4374084,-5.888348,2.8457384
4.515518,-6.260436,-1.2148266
5.3853564,-3.676099,-2.39376
0.20634685,1.9250848,-7.4573083
-4.5300117,7.479829,-2.4179533
-6.1570687,8.101821,0.11199019
-5.449513,1.5624932,-0.3461774
1.5679708,1.2821153,4.6757298
1.5032706,4.599068,3.6206043
1.441898,1.4064476,5.3756804
4.3282704,-2.332435,3.4183962
7.408031,-2.5758977,-4.808961
4.0978146,3.7896695,-10.89836
-3.6227725,8.345547,-3.9504762
-3.1037896,6.9353886,7.742517
-2.721881,-1.7725908,6.8577833
-2.2621949,-10.967397,4.416888
0.14132988,-7.8495626,0.5834868
-0.43977046,-1.9775616,-4.9167085
1.0086603,3.1329732,-3.7066953
2.347528,5.936693,0.67751
-0.14246628,5.119739,1.0152965
2.1199782,3.835059,-3.8197641
4.685558,-0.9311347,1.7458681
-3.1595154,-2.2648036,6.6256747
-5.4818125,1.9968551,2.379993
-1.4733031,1.6063099,0.15129404
-2.7265112,0.92052567,-4.21295
-0.7374924,2.4712505,0.81239164
1.9042181,-1.2070591,0.99390143
0.03298317,-5.6301775,-5.5174613
-3.554974,-6.3935037,-3.8239815
-3.2022576,-3.7129931,-2.0185523
-1.0725669,-2.6118913,1.447361
0.5102828,-2.8076081,2.2576697
-0.5936283,-0.8206582,3.7961416
0.096671596,-0.95094025,1.355782
4.9617724,-3.9923925,-3.86525
-0.5230759,-3.1532907,-1.6254914
-0.37880698,2.8909676,4.3646474
3.704671,2.5701442,5.3795485
2.2434564,-1.166703,-2.568501
-0.052774727,-2.743447,-0.60534984
-3.324363,-3.218906,1.3551202
0.3069946,-1.0361558,-7.6798863
0.86063534,3.6994724,-7.7405005
-0.22203882,5.725892,-3.9320192
-3.1462088,5.5542083,5.131263
-0.7469254,4.5983644,13.726969
1.7936268,-5.7033777,2.843427
-5.4382515,-7.4009295,-7.6203938
-5.163331,-1.012288,-7.6115847
-3.398099,2.6036162,-1.0503347
3.986767,4.7841988,4.867291
8.453951,-4.508566,-5.655183
0.10347028,-7.2580523,-3.6991217
-0.7470063,-1.6990666,10.643003
3.1043882,1.7599703,1.5210824
0.0030195347,7.157683,-5.0220804
-1.9884908,7.753974,-1.4763153
-2.2961092,6.0953074,-2.7855206
-5.222479,1.7463398,1.4662381
-3.5901084,-5.931475,3.257137
0.36804545,-6.210423,-3.648776
1.1179738,-1.9437765,-7.861158
-2.2005394,1.8728251,-0.8545864
1.7971078,7.095064,7.873639
1.1317545,8.97093,3.8285544
-2.6787481,3.194392,-2.530579
6.537806,-3.912918,-1.5826744
0.53852284,-1.6427641,-2.1206167
-3.953557,1.2302423,-0.06403691
0.57470894,-1.4514018,3.1232336
-3.5722008,1.4574848,3.3163419
-5.350103,0.7386757,1.2778814
-3.461289,-2.2621958,-3.5161576
6.8156457,1.0161508,-1.6104621
9.3947735,0.9763878,-0.5752234
4.98916,5.4315023,-1.5834229
2.1301336,8.1980915,-1.783133
-2.9878309,3.8950634,1.2549726
-0.13027516,2.5186534,8.95792
2.818056,-2.683564,2.8250468
-1.3862464,-7.0304112,-3.3388722
-2.5717843,-3.2828312,-0.809126
3.347695,4.506392,0.19775732
1.8363718,3.1414275,0.4739978
0.047864515,-6.9212594,0.47842968
0.11966865,-11.349185,-1.2752603
-4.4174156,-8.370963,-7.5407147
-7.591061,0.27696922,-3.0390155
-11.149919,2.1628568,-2.8259697
-3.2534032,-1.0201731,-6.94555
5.868878,-0.24768747,-1.1824621
6.0477486,1.6815917,-7.187181
-0.2419661,8.454097,-8.518454
-4.81624,9.375885,3.2730105
-1.3649117,-0.7692799,7.0498986
-1.9472816,-3.8818922,0.539588
0.5584836,-1.938654,-4.530513
-2.3332562,-4.122151,-4.3614593
-6.5663595,1.99608,-1.2936908
3.1687667,5.652298,0.6198509
7.132004,-0.036456916,-2.2897377
-2.380834,-1.4427199,0.5190964
-6.3504167,-5.1281743,3.4834664
-3.9724104,-0.3903021,-2.7045043
-4.0685506,7.794753,-6.917932
4.46443,2.6783874,-4.0786343
3.9627793,3.8521438,-2.4932659
-7.148919,5.72639,-1.6007986
-9.107593,-0.019844599,2.7813144
-4.958788,-3.1313457,2.7019353
-0.1804165,-5.9183536,-5.0789833
0.98779136,-2.8559985,-7.1677647
4.7665224,-0.82182145,-2.0545998
2.7026095,-1.5191491,-2.247695
-3.319638,0.3691834,-2.1065748
-1.7193123,-3.2151992,1.4695151
1.4709535,-6.289327,1.7317884
-1.212044,-4.9495215,-3.969514
-8.894927,3.170097,-5.5721607
-9.749291,11.333855,-0.5131171
-5.4204373,11.679402,-1.0718374
-4.3434205,8.703528,-2.1141198
-2.0781362,0.19138564,-2.7574358
2.0071483,-8.828877,-5.812776
1.1176839,-7.2808485,-2.570424
1.3217876,0.7251465,2.3744514
1.1923163,5.252234,2.4790902
-3.4477751,8.382028,2.4886894
-6.7831335,9.787317,3.3737664
-3.3495991,7.118365,5.536215
3.2413645,-0.64363474,-1.8509357
2.5829566,-6.108775,-8.545853
2.2973237,-4.9920316,-0.07674506
2.36912,-4.358885,2.1356497
-2.6595895,-0.22061127,2.749162
-6.922881,4.3624964,6.6372
1.3241154,5.6332293,2.5260983
8.776505,5.1032424,-4.939544
5.154126,0.5217004,-4.7951255
5.5971913,-0.120251246,1.446085
-2.2470512,4.4525204,4.7504153
-4.473688,3.6581151,4.8445573
5.255339,3.4370723,5.132795
6.385654,1.4637128,1.2917038
3.8229418,-4.60615,-5.6856523
1.0975157,-3.6160645,5.8330946
-2.5180035,-3.743663,9.320987
-6.3340144,-5.581206,-2.6639912
-0.7686003,-3.9362445,-2.6180546
6.1234527,0.503129,-2.404485
12.000802,1.8688896,-4.3914514
12.594143,4.5712285,-6.389187
2.6473212,6.752598,1.9512697
-0.7869384,-4.481465,7.479812
-3.9028182,-8.218391,6.2670326
-0.028088376,-7.643587,8.396368
3.4513755,-7.160599,3.3753624
1.7056519,1.2486683,3.481604
4.9017015,-3.2172022,1.2595913
-0.74506766,-6.7612734,-4.3341627
-5.469922,-2.3198907,-3.9529004
-5.368578,-1.8181218,-0.17729263
1.2565621,7.661957,2.842612
9.949474,9.032983,6.8698726
13.955288,-4.33662,7.7369013
13.332616,-6.0893974,1.7019112
4.515937,-3.399368,3.833155
-2.1419053,-2.195134,-1.7292005
-11.09251,7.5474815,-0.9261531
-14.507318,7.6573234,0.76451385
-12.777645,-1.5178986,-4.831367
-8.903148,-8.433403,4.497333
6.6039023,-14.720268,0.88404155
13.569023,-5.380909,-0.46514666
11.068001,3.936517,4.3358893
6.9715014,5.7249928,0.64577216
-2.481456,5.607958,-3.233907
-5.6286373,-6.2728963,-5.3566027
-2.056868,-12.606355,-5.6997204
-4.261417,-0.39493805,-2.5708609
-5.635443,8.28356,8.0288725
-2.9107378,2.3424149,2.940726
-5.266982,5.327294,-7.0597568
-2.5425713,2.9347684,-11.711774
0.072450586,-4.578928,-8.147706
-5.241532,-2.4153411,1.68061
0.4789929,-3.6468804,1.5735211
9.949784,1.4337054,6.2594805
11.916666,2.0955138,9.052603
7.117413,-2.589844,6.9824414
0.29485086,-0.22069198,4.396118
-2.66323,5.3840218,1.7310197
-9.440646,5.5064774,-4.2835574
-13.372476,0.2771042,-7.607776
-6.2697387,-0.64775544,-4.855196
2.9521422,-3.969371,-8.1689625
3.8340464,-2.6684985,1.7732158
4.2916546,-1.3034679,5.064742
6.909646,1.3322058,0.4462304
5.5799236,12.42036,4.352248
-0.96783733,11.226227,-4.0949106
-11.244102,0.26457533,-7.1473494
-12.758462,-5.975891,-5.856543
-11.183154,-1.8200123,0.44635692
-5.507674,1.780517,11.353734
6.8554826,0.101621404,8.937816
7.6913896,-3.4222472,-0.3088558
0.92357916,-9.060245,-11.756438
0.8483681,-6.5176826,-12.823054
-1.9981087,-2.3286393,-7.6002245
-7.051779,5.4594336,4.728764
1.1529692,11.386213,14.542553
3.9513037,7.3820925,8.182466
-1.6549084,1.2136959,3.8265467
-0.033242233,-11.843355,-5.540457
-1.5276564,-18.814968,-15.766199
-5.9537764,-16.178009,-10.346549
-1.45127,-2.7934523,0.6738252
6.172813,14.506892,7.810955
4.5719028,18.14473,11.148906
2.3628902,12.323063,2.9340103
-2.4315891,-3.058252,-2.38237
-8.458759,-14.730673,0.13172641
-5.3484836,-16.345026,-5.061109
-2.3832326,-4.7476206,-6.4722776
4.8638697,9.409572,-4.9312806
11.621647,5.140205,0.09029745
8.132243,1.3076735,-0.8958632
0.64310944,-1.0818565,1.6778885
-3.602361,-5.724463,13.240592
-3.2765846,-4.290984,8.088141
-3.3662393,-1.7879183,1.6237768
-3.1125321,1.5713334,-3.7000787
-1.1663384,-0.8879291,-4.833896
1.1374314,-3.525746,1.4647918
2.002568,2.0425558,6.7134495
3.473044,3.3557358,4.722169
1.1572978,3.0322988,-2.85349
-1.1406195,2.2515116,2.173505
-0.63487554,-3.985794,2.4170847
-0.7798763,-5.7708826,2.7725255
3.697956,-3.0344589,8.673666
5.522037,1.275352,4.324957
5.147833,4.929667,-2.9200866
1.8196809,7.34661,-7.2640724
-1.365471,5.958331,-5.3274074
2.2076206,1.3902005,-5.9977694
5.0765758,3.1086934,1.4141151
8.73566,-0.6185256,6.22805
6.4726768,-2.6523063,2.1231022
-1.6389209,0.42959884,1.635085
-7.10909,-4.46785,-3.4004388
-6.9860587,-3.3458946,4.339248
-1.6129892,-0.37451762,3.8530712
3.651927,4.0050316,-5.806584
4.9924,7.7423296,-3.8762834
1.2492359,3.349904,-3.0456731
1.718569,4.9946895,-0.42497367
3.8172789,3.6418629,1.5572294
4.519455,-2.6489842,5.200071
3.4240215,-3.031982,5.0497627
-2.6786768,-2.2748458,-3.0735579
-5.877792,2.37124,-2.4989953
-5.9002585,5.1296706,6.719937
-6.095041,1.7980391,2.9102314
-6.1275387,1.6284817,0.55663365
-0.25097197,0.20723899,6.3769255
6.6701107,1.2131184,1.2750999
7.6038537,0.6592746,-0.9645348
9.54498,-9.210084,-3.1658323
2.4484055,-11.761833,-8.1753025
-10.542816,-5.6765857,-4.664557
-14.630498,2.9203155,4.654454
-16.67942,10.8682165,7.8321567
-9.600113,14.650777,6.4764285
1.1785542,8.47276,4.3880286
8.437088,-6.6215425,-4.78983
15.1569,-13.81403,-8.944063
9.380446,-9.923661,-4.1506014
1.2988168,0.000457839,-0.20054267
-6.735449,7.7757125,0.4297436
-11.490321,10.873256,2.5954888
-5.7845078,6.5287094,5.963195
-4.3167353,-5.259041,4.4233394
-2.7138433,-10.605465,-3.5308242
5.8335586,-8.429468,-4.7448688
6.4419518,-2.6301637,-6.9966908
1.9654773,1.3911432,-11.023873
5.731014,3.4135327,-0.28600797
3.0301983,2.2537549,5.4654236
0.14394268,-2.5337083,5.6279006
1.1252121,0.21350075,-1.2006937
-5.4603186,5.503126,-3.4115305
-5.629334,6.2557425,1.1828611
-1.1259351,4.5633206,-8.621643
-0.25833106,-1.6512533,-10.219562
1.2015043,-6.349292,-0.056611866
2.2041702,-3.4849703,7.545082
-0.4705277,0.7357259,5.3710103
-0.23917659,3.7684371,2.3924398
-2.1177225,0.83165276,-1.2448599
-5.64879,-3.9322925,-7.796388
-2.6489491,-2.0037746,-4.7757535
-0.10576143,0.3589602,0.8855652
7.976721,4.253207,4.8157926
14.414426,6.658876,1.4539438
7.689073,-2.436603,-4.516855
-1.0085357,-10.010423,-2.027759
-3.5585556,-8.049597,1.1752653
-7.3538685,-4.707107,0.4615233
-9.792819,8.457801,1.9015611
0.4292697,19.586988,0.9196518
5.948183,14.000982,0.6311884
4.3204684,0.9800362,4.4164762
5.7481937,-12.503597,3.286233
4.2218604,-16.491077,1.0082123
2.6684375,-12.054874,-1.1466304
-0.87334096,3.137717,-2.325191
-2.3287096,17.418512,-2.6290586
2.0972447,11.767694,0.37119544
1.6929941,3.9950266,7.888992
2.163826,-2.6112552,6.057015
4.7521524,-10.396339,-0.58703995
2.2686446,-4.901584,4.762586
4.8957815,-3.8066669,2.9236531
3.4143968,-6.1504655,-4.568981
-7.947637,-0.106481194,3.550937
-4.3112,-4.4990563,-0.05714122
0.18901905,-2.234497,-6.704412
-2.986738,9.1138735,-0.5667797
4.4487853,8.663517,-1.0371981
7.2662563,4.829549,-1.957604
6.8477564,0.5171809,-4.484288
4.5289984,-3.3538032,-3.2859204
-5.7510962,-4.63846,6.055852
-8.082193,-1.4757689,4.349011
-6.407455,2.2362807,1.6245556
-3.5870085,-2.5764341,4.986385
0.9423699,-3.8385446,-1.8656554
3.9325364,2.3652077,-3.3218045
8.359995,3.0824103,0.62508374
8.436966,3.3920135,-1.7004077
1.8500577,2.0065222,2.232805
-6.0654545,-4.55277,4.769694
-7.606951,-7.9958,2.95361
-4.5574985,-8.517458,0.14633884
-4.0402327,-3.9124932,-0.29241806
-2.0185566,2.5189943,-4.4873533
2.5432918,7.215188,-9.608158
7.529591,8.608632,-4.0140953
7.1748915,3.338248,-1.0982165
-1.954082,-3.2112405,4.605899
-5.120908,-5.5617137,6.2831674
-5.460784,-0.93597084,-2.7442918
-7.4093533,-1.4694558,-5.3324547
-3.899653,-4.6121645,-4.1552577
-1.7700392,-0.30185837,-3.920066
-0.24035968,0.674872,-2.6094275
1.8077906,2.9836862,-2.4993918
3.4800763,8.946307,2.8869283
6.3599334,6.334613,9.971835
5.236729,-3.7569835,4.271283
-0.11144165,-11.256511,1.5345808
-0.963901,-13.439156,0.5728418
-4.599898,-6.7979283,-7.91227
-6.1763744,2.9370863,-9.088008
-0.005302764,6.6562676,-6.440069
0.48213103,6.429936,-6.7065053
2.7477524,-0.9267253,-3.0184672
4.004893,-4.9645243,0.7067969
0.5986929,-1.494983,-0.6702915
-5.518717,3.676767,2.1918676
-6.5520787,6.037944,4.5949216
-1.9858122,2.2821596,2.7182426
-2.8125374,2.7250946,-0.15705156
-0.31145227,1.8389578,0.21886012
-0.21316373,-1.4665198,0.14605314
-1.5346007,2.4139078,-3.3803728
2.3300178,7.4053907,3.5777652
4.256203,5.033842,1.9025955
0.88000655,6.3247914,-4.935174
-0.9801482,3.7510977,0.23212102
-1.5189146,-7.8208704,-1.5625784
-5.304481,-4.3033657,-2.2966416
1.1873912,-2.1034915,-1.2793907
6.2796087,-4.176092,-4.783696
-3.0632405,1.615742,-1.9684106
-12.135701,6.973041,0.7042559
-14.333815,7.452162,-2.615213
-8.536366,6.069529,2.1828892
3.3943574,6.4603224,6.8044004
9.065753,-0.9357949,-2.4201348
8.110641,-6.3479514,-2.6214092
5.714101,-7.00305,-0.116208404
-2.232565,-4.0675554,-1.9773562
-5.564571,1.9798177,5.2427983
-4.6082463,3.1913056,5.626685
-5.8340425,3.0917504,-0.31580675
1.0550317,-2.6150281,-0.750904
6.8819613,-9.671605,-1.863633
1.7282677,-9.4545555,1.9270309
0.6384268,-3.3526323,-0.35966212
3.3949246,-0.29407305,-8.444825
1.4035425,3.0085711,-0.6601117
-1.8861539,6.928276,1.0381944
-3.8613124,1.3319927,1.2223016
-1.100191,-5.7241297,4.5217896
0.85652757,-8.403632,1.0802145
2.7207208,-6.2670856,3.203436
4.617502,-4.1640654,-0.19929622
1.5070922,0.25510955,0.0972542
3.4783468,1.1200588,2.474816
2.2535453,-0.2585021,-2.9442883
-2.6161416,6.572509,-0.7451212
-0.9386111,3.0953062,2.9919171
0.23728478,-1.7845443,2.1541135
1.9867219,-5.600493,3.9413877
2.036206,-9.10698,3.1519997
1.9947283,-4.1632547,-2.111002
0.839835,-2.5431924,-0.70931983
-1.9865067,6.4886847,-1.1824418
0.72055155,9.927533,-3.4634254
1.993063,-0.75200284,-2.1856575
-0.30860472,-7.5405407,0.7877693
-0.0510091,-10.006995,2.9756532
1.73477,-5.8855085,-0.030799141
-1.1133138,5.7204585,-0.64082015
-2.1566124,13.888324,-4.936638
2.8335648,9.428688,0.9234058
6.9720974,2.7910213,9.197662
2.8344727,-2.8623433,6.4732513
-1.9254965,-6.229968,11.581318
3.9424818,-4.0726147,3.87968
2.107965,-0.24738823,-5.798061
-4.857883,4.855589,0.2865492
-6.841576,3.7120094,0.8756335
-9.68657,0.9190749,-0.18513384
-1.6893319,-2.3071785,1.5826119
6.4473567,-5.9522915,-2.5770385
6.4932084,-2.2251542,-3.6480536
9.650733,2.1880736,0.13256587
2.627739,4.9754224,-0.8794052
-9.0791855,2.366092,0.0006182038
-12.207548,-0.75816995,1.8720798
-10.84755,2.6556685,5.9920917
-1.9366707,-0.48764706,4.680729
5.3242407,-1.9256023,-5.995231
6.4115286,2.8399644,-3.3582485
4.4940243,1.5315723,3.9968946
-1.2218103,0.30222598,0.7176509
-7.294267,3.002484,0.03849706
-6.864446,5.884884,4.8679886
-0.012669291,4.5145793,4.1181445
2.4562476,-0.43541822,-0.8876618
4.3512344,-3.9099157,-6.759158
5.7662296,-2.6804492,-7.588171
-1.2538828,1.749286,1.4546385
-7.8881564,12.120914,4.730471
-5.8394814,17.543694,0.752722
0.48329952,5.8880234,-0.88525087
4.6056914,-3.454691,-5.920753
2.884946,-7.4018016,-5.422235
0.06883645,-5.3013177,1.480245
1.3394591,3.3495681,1.0361655
-0.46713796,8.893945,0.02352997
-0.15864006,6.226547,-1.5255276
4.0451565,-0.9432344,-2.331972
0.3242654,-3.711703,-3.031554
-0.35102117,-7.8653827,-4.674148
2.807659,-6.4570074,2.597524
5.2671723,0.16334559,5.9558473
11.388681,4.9083867,2.3434968
7.83122,3.2312713,-1.3711368
0.0729486,-3.7073333,-5.8768725
-2.6046457,-1.5912555,-4.5944824
-7.220059,2.652587,-0.08398183
-9.984875,2.6833858,3.275309
-2.51162,3.0283177,0.7549233
5.6997437,2.0095968,-3.8059719
4.1658964,-2.5633793,-2.3055406
2.489728,-3.6265056,0.11480466
-0.2043133,2.8928735,4.7569413
-4.6465344,1.7528245,2.0630572
-4.56542,-3.621125,-1.1350528
2.232218,-3.7923236,2.1668465
4.136357,-9.188462,-7.1143203
-3.941522,-9.226715,-8.50163
-4.02888,-1.7768126,-2.1315463
-1.2046019,5.35569,0.90474343
-0.0904173,9.716589,8.004475
4.517019,2.8701665,6.2423944
7.8759584,0.32284,0.35696495
3.273112,-2.6463594,-3.4717555
-4.169221,-10.072757,-4.12878
-4.892581,-1.0560648,-3.1694114
-6.267428,7.439499,-3.5121436
-4.973023,7.624463,-1.796209
-1.3784099,8.950996,4.166787
-1.0420082,7.287286,6.689387
3.5667899,1.526156,3.8585527
5.8686447,-5.1009135,4.352321
0.5533961,-8.82172,0.51689476
-8.196919,-10.557573,-3.8037145
-10.469509,-2.0975049,-5.805207
-3.185976,4.95521,-5.86112
-0.5470429,2.6034775,-2.0161417
1.9185376,4.5500736,4.100959
6.3565836,7.1868873,9.954388
7.043619,6.259653,8.028034
4.322002,0.65624744,7.137668
1.1260141,-0.94982594,-0.05929881
0.40084466,-1.9398996,-4.5559335
-4.871041,-2.169488,-1.0028589
-6.397166,1.509557,-4.310582
-2.9111397,3.4757352,2.3399274
-0.1441345,8.09515,6.834644
4.086198,4.9323325,7.884893
11.095102,1.7952754,6.0546584
10.179519,-1.7198486,-5.57774
0.24651979,-7.5346737,-8.469676
-2.5425825,-4.3340163,-8.15587
-9.749738,-3.0182312,0.27089444
-8.1057625,-1.8661282,4.234157
2.2381277,-1.6412611,2.1141818
3.2893357,-0.38916355,3.7976928
7.3990526,1.682083,-3.1385467
6.533888,-0.005438477,-2.3376915
1.7391263,0.033041395,2.4901977
-2.3071558,-5.7713223,4.7536025
-6.832196,-7.597542,-1.8691075
-10.151684,0.37197986,-8.089904
-5.3881783,5.6937404,-0.040587597
3.079708,6.4980087,3.9689715
3.976903,5.859945,8.071557
8.46964,6.6194015,8.927119
6.2364717,2.8920288,3.3930295
-1.0392306,-4.279537,-7.1096706
-1.4904745,-7.187587,-7.201806
-3.5720756,-6.232497,5.004889
-4.125524,-3.3698401,4.1264653
-3.147325,3.7514167,4.380128
-1.6927203,4.358835,1.3734215
-0.72525346,2.6074555,-9.095038
0.76379085,8.093501,-6.311702
7.734109,2.2319145,3.4659195
11.219413,-6.134928,5.109967
8.223263,-10.324421,5.0504127
-0.2877183,-11.452369,7.667339
-12.312675,-2.9357104,-2.3953595
-12.71627,7.037975,-7.628822
-3.880885,11.448763,-1.8019724
2.8996582,4.310992,-1.9172678
5.5679884,-3.184444,1.9506669
8.513585,-9.590949,2.75768
8.076127,-12.92758,-1.1906794
1.0694547,-7.55754,-1.5038818
0.6978467,-2.8898265,-3.3286986
-1.4528346,5.47177,-0.6467202
-5.6148357,6.9263306,2.532597
-2.9571106,-0.570315,-0.71382946
-0.9660178,-2.3825006,-3.5581477
-1.3772851,0.22615506,-1.7406673
-1.3871754,1.231696,2.408453
4.292764,-3.1602497,2.2705553
5.131407,-7.227389,-2.574076
0.00766973,-10.7215805,-5.672985
-3.335597,-11.791706,-6.5123777
-7.3153973,-8.408717,-0.58692485
-8.732602,-3.5148132,5.636842
-6.700655,2.8230953,1.4597036
-1.0600734,2.5816998,1.9298977
-0.1307651,0.96485806,-4.5273585
-0.36080974,-0.44976988,-6.7467628
6.462023,-5.05935,6.659676
5.3024187,-5.528275,2.3809638
-1.904889,-5.294584,3.1440103
-0.03579168,-2.6454058,4.368859
0.730972,-0.7020196,-4.294463
-2.385028,-1.8582572,-3.5053265
0.4279713,-1.2087467,-3.882163
2.1961942,5.7727146,2.866405
4.200461,10.255585,3.396517
4.7463737,3.1749337,-2.6375575
0.97736955,1.7652613,2.715234
-3.6572156,-1.6641072,3.8260899
-5.311569,-2.7496254,0.14797406
-0.9560534,3.411781,0.2624406
0.2901593,1.5387446,0.65603137
0.86365294,1.5383309,-6.3020515
-2.1893735,-0.41491395,-7.789873
-5.2692585,-1.3188473,-0.8073856
-3.650349,-0.5114418,-0.2833343
-2.4594016,-5.273258,-0.17481971
-1.0037888,-2.6534595,-1.8471826
-1.7658373,1.642027,0.55008423
3.7758188,1.1323485,1.6182262
2.8379607,1.4954983,-5.766166
-2.402226,-0.20618907,-2.7583523
0.50036573,2.304654,-3.1875036
-3.683322,2.3715441,-8.013878
-3.6992774,-1.0130191,-4.594408
-1.0398144,2.979154,-3.274185
-1.8674693,1.4554474,-1.9111995
1.6638585,2.6395447,1.4555899
2.8931303,4.7813125,4.8328576
2.4799302,-0.7766649,5.218918
-1.4146839,-1.8953859,-0.39529604
-2.6281285,0.6380029,1.035229
4.272288,4.4640307,3.43216
6.281503,2.8907251,-6.162788
-2.0087173,-3.1684384,-6.6120076
-5.8048434,-10.9688635,-3.3730822
-5.223693,-10.858736,-0.62421584
-8.953082,0.14748122,4.5742583
-6.294144,6.3062744,0.2292635
-0.19721925,10.300078,7.7858534
8.757668,7.3301983,6.970563
11.542898,-0.57176954,-4.899821
7.818625,-3.6888058,-6.1336217
4.408735,-3.55995,-9.740392
-5.2431912,4.3132124,1.0762098
-5.5093765,5.3269186,11.260385
-5.4294558,-0.71406734,7.479586
-2.303641,-3.8084915,0.2903597
3.4364908,-12.873984,-8.093536
-0.18103655,-13.912139,-4.533577
2.5382092,-2.1383622,3.314494
-1.2349187,7.9407377,2.7818866
0.84979415,9.573841,1.7312397
6.6865206,2.7020679,-1.7552378
-1.8487741,-4.708377,-9.89285
-3.2081726,-9.634467,-5.077088
-2.6655138,-5.991988,-0.5710606
-2.926055,0.9727473,2.745116
0.48664716,1.6659164,8.853731
4.4347844,1.588869,5.535951
6.690281,-6.7562537,0.526783
2.818956,-7.8247175,-3.7784197
-3.015466,6.861391,-1.5320247
-2.7957306,7.598651,-0.16616279
-0.6039139,8.592448,2.60813
-2.446965,6.9299893,4.490771
5.9616714,-2.7499168,1.802193
7.8843746,-2.5924685,3.3445415
2.5707164,-6.3452206,-3.0590658
2.3892846,0.10246626,-5.5676227
-5.974355,6.8784494,5.071307
0.1860165,2.8411918,7.6784706
3.3536963,4.1380672,0.23741022
-2.9041462,0.45923704,-0.9039384
-0.17578849,-4.491363,-2.5776446
-1.1383306,-1.0323613,-4.3456855
1.60141,1.9617023,1.7123951
-0.5626614,-1.6238581,3.2657688
0.6271765,1.5102885,1.1515914
3.9617279,6.700694,4.937177
1.7125922,6.092947,2.7302735
-0.36768448,8.030525,0.62972647
-2.3134315,5.6500387,6.5520835
7.5696454,-3.6242235,0.22378157
8.499599,-6.7961664,0.6699135
3.7242568,-6.2681456,2.7933106
0.29451838,-2.2855632,0.885186
-6.0993176,8.175379,4.594481
-3.7515533,10.110026,-0.037184462
-3.0165703,9.728727,4.7677517
-1.6092638,5.440249,2.8929918
3.0084555,-2.7210243,-4.820496
7.6457524,-2.1617203,-0.10370285
8.05331,-5.2769327,-0.3938696
3.9352057,-4.6712403,0.10520712
1.1877074,5.113804,5.016902
2.189344,6.820458,4.4843817
5.4662237,3.5091095,-1.5586689
-1.635413,8.3028345,-1.9807975
-1.1207086,8.901939,1.888108
4.542336,-0.26105013,5.670067
0.2618442,-3.6407123,4.415049
3.8864458,-9.922465,0.357074
1.5206751,-11.151968,5.09365
-2.6467113,-0.5743415,4.0293636
-2.2044773,0.2310608,-1.0976138
-8.245615,-0.13835591,-0.23647821
-5.772776,0.5192832,-3.262737
-4.9678507,0.29070178,-2.390463
-2.2455442,2.8303552,1.6094767
6.3231635,-1.3893236,-2.5026202
3.2086008,-0.7918327,-1.4304096
0.7408535,3.8427918,4.4223685
-0.44137803,-0.42382553,0.55868983
0.22354744,-1.9433416,-0.5701842
1.9068124,5.906079,4.5760884
-2.3470812,9.238851,3.4581854
-1.6603576,4.1977696,-0.32717863
-4.0094557,-3.5836322,-6.5109434
-5.1854706,-9.599245,-10.191882
0.33429572,-8.373359,-4.422345
-0.78981745,-6.5059085,4.9178605
-0.24019428,-3.145036,7.7632694
2.5148568,3.516733,-4.029896
2.215504,5.047265,-4.9674644
-2.2033923,0.50386274,1.0417694
-6.3702497,-0.8179234,-4.7797785
1.1094084,2.473801,4.2946653
7.971745,2.2262545,6.266089
1.4389355,4.447242,-1.392938
-5.7305474,6.1913877,3.4066088
-5.2262487,-2.6259816,-4.2600164
-6.497337,-6.8839564,-5.260277
-3.8827512,-0.74231064,2.7624466
1.7131679,2.9494305,-0.92891747
-0.6141976,4.1405954,-3.1368313
-1.0273947,2.6820574,-3.7146297
-3.4401078,-3.0068848,-0.946128
-6.7676034,-7.656025,2.4228346
-2.2729347,-5.2109394,2.263208
3.4072185,-1.0450759,1.5474288
5.9399734,-1.5070516,-0.5670541
2.4785202,-1.4485134,-3.3089561
0.19161463,-0.92174965,-7.458548
0.47520727,-1.8665336,-5.150248
3.4294832,-0.4481864,-0.38582942
4.4690638,3.6990435,0.9608063
-0.4299257,0.90808463,2.7222128
-3.461009,0.22864622,-0.036446426
-8.440636,2.212595,-1.118857
-8.308317,-3.384442,-2.114777
-4.556924,-3.4385827,-1.9822986
-2.1574543,-0.18128751,-1.1769447
2.3164778,3.923352,-0.9830857
3.9152977,5.913501,5.8818955
1.2264495,1.2068495,-1.1869735
-3.1114228,-3.0222962,-2.972107
1.17912,-2.6457505,5.5598135
5.7844415,2.0441692,-2.9723306
3.1174679,1.3480222,-5.5507216
3.680176,-2.894185,-3.1803243
-1.0054005,-4.7824078,-4.596148
-7.4409604,-1.8867289,-1.4633515
-3.1174717,2.0146875,3.3095987
-0.64995503,2.0119772,8.238595
-1.1971159,3.7846665,8.144599
2.088601,0.77993184,-0.074992634
7.6988873,-7.4920764,-7.0931497
3.8320258,-7.5413394,-9.386733
-3.4978027,-2.8439538,-7.446548
-0.3252428,1.0353453,1.3527242
-2.874698,6.767109,4.053128
-3.359812,1.4874442,6.1230783
-5.352689,-9.68805,2.492538
-8.435528,-11.106419,-8.224003
1.2672734,-7.2958603,-3.966058
6.2827992,1.3057748,-1.7954081
9.067583,7.944512,1.6698612
7.8113074,9.686359,9.52773
3.9637017,4.09648,7.2286263
0.26808184,-5.0405636,6.8854995
-2.168934,-5.757748,0.6558235
-4.221328,-3.9354265,-7.768668
-5.4561834,1.4017916,1.051123
2.4625974,5.035315,0.49320564
-0.97874755,1.5088321,-9.622462
0.3091898,-4.0504,0.79797834
8.39378,-5.502147,8.517051
3.1053488,-1.1361611,7.1440363
-0.13655137,-2.6692927,6.5856094
-1.2639648,-4.2108307,-1.6226559
-3.5505989,-2.952716,-11.31244
-3.7714372,-3.345683,-17.543467
2.1182623,-2.271959,-8.193401
6.6147738,1.4041479,7.440065
3.8240242,6.4140563,9.845909
-5.04462,2.0222588,9.418053
-9.506142,-5.8989005,4.767451
-4.668564,-4.449647,-5.643729
-0.9567786,-0.2508693,-8.366044
5.8036447,0.011440375,-1.7929341
12.456832,4.362346,4.458661
12.342717,7.425557,5.9647207
3.7808535,2.8891232,4.2525535
-4.1043224,1.8672558,-1.3892378
-8.921608,2.2880204,2.0085456
-10.623688,2.336111,11.189761
-1.5612535,-1.3953631,4.647382
4.7203927,-6.2296968,-6.2443995
4.8684487,-6.0841184,-6.831705
3.9671566,-4.897446,-1.7414001
6.301886,2.268988,3.6110919
6.1849074,5.337551,5.6783633
-1.3398672,3.6102295,3.9725204
-2.5560348,6.5707603,3.0092587
2.897506,9.848146,4.257329
7.7427874,12.865579,2.234678
2.040203,2.9728725,0.4621061
-3.976152,-9.823375,2.3686774
-1.8311945,-12.912059,2.55078
1.1779218,-13.620464,-0.5707924
8.368964,0.28404856,-2.492809
7.1640368,13.471666,-0.5829326
2.6009643,10.476934,-2.6781824
-0.92311126,3.5774412,-2.6917365
-6.275901,-7.425089,2.0441267
-4.958143,-14.276969,-0.97862023
-2.3582785,-10.38817,-0.28397954
2.092313,-0.14479558,6.5656853
-0.6368562,6.643579,6.267004
-0.84724253,5.9247975,0.0005373094
5.0085,4.721059,-5.3429112
1.065172,-2.0966806,-6.670261
2.6914918,-8.163334,-5.125763
3.7965975,-6.153371,1.5513829
-2.6619601,-1.078849,6.9235525
-1.5495291,5.815319,6.624956
-0.1320316,5.95232,1.8499883
-1.9752508,1.7991226,-0.51524585
0.32203972,-0.024845012,-0.28480455
1.4679688,-5.2463884,-10.941536
-4.2881603,-5.989243,-4.470363
-10.22379,-1.2888947,8.436216
-9.96179,0.9971477,-1.9222324
-4.0746884,-0.2551364,-1.1710787
6.316102,-6.113963,2.2662852
7.9128647,-2.1246185,-3.8559475
2.5030394,0.71927166,-3.7299917
-1.1896605,-2.001261,-3.779664
-5.4921336,1.6552299,-0.84856737
-6.3178,3.9735146,3.0652103
-7.700416,8.783459,-1.1447408
-5.488476,7.7930183,-4.2851276
1.9232084,10.042714,-4.623021
7.2319455,9.596743,-8.8715925
8.43387,-1.7588133,-8.249818
3.803534,-5.4092274,-1.7006706
-2.1542585,-10.765927,4.9373436
-4.7781816,-7.1838284,4.2786303
-8.84143,5.0901856,-1.1259023
-12.532109,12.142423,-3.8663404
-7.59555,9.950852,-12.501613
-1.4875504,3.4475884,-9.127254
5.5752945,-3.0726902,-3.106185
8.407798,-10.377308,-11.675891
4.582021,-2.8900697,-0.7644926
3.2504315,0.6419383,13.423519
-4.6451793,-0.57445383,7.4370217
-11.948706,5.6617765,-0.66404146
-10.0565815,3.7056363,-3.630252
-4.2678833,0.7859047,-3.8821263
0.41927266,1.9365717,-6.9751377
5.238299,0.9721258,0.755296
12.831575,1.1601541,12.462687
8.534901,1.2100352,5.146673
1.1716774,-1.6441457,-1.2280507
-0.30611005,2.519655,-2.7086334
-5.665533,2.5395167,-11.131654
-6.2038,-3.1778307,-7.713885
-4.6945252,-0.16981779,2.7305374
-3.2078335,-4.982475,2.072246
3.1647604,-8.759872,0.4404094
2.6170816,-2.8083627,-0.38014442
-3.0686295,-0.36640385,-4.0288196
-6.6979895,-0.5406302,-7.0141187
-7.446813,-2.0502527,-7.718457
-4.1040983,-1.1622523,-6.798762
-3.9924917,-0.8023256,-5.644693
-3.604899,3.2957084,1.2818781
-2.66232,4.443942,6.207418
-0.26820272,-2.2655592,3.1900074
8.628165,-1.2044065,0.9014251
4.8549085,1.0879471,-0.113583654
-1.1336466,1.2537997,-2.5423436
-0.12840055,-2.5851827,-6.6194777
-5.095543,-6.268101,-6.1295266
-4.090878,-3.1872845,0.69552845
-3.2907984,-3.8521101,5.1235666
-1.0867536,2.3192189,7.845957
5.4055734,12.538333,6.2435327
6.7499304,10.845043,-5.2067275
9.106833,5.993378,-6.735023
8.36667,1.3517249,0.57087964
4.816017,-6.497292,0.10684216
-5.1896963,-11.136839,1.2772044
-10.546389,-5.9409356,3.7333233
-4.7987814,1.3787838,1.8970178
-5.1061954,3.6511974,-1.8037586
1.6237786,4.9224806,-3.6034656
7.1551404,7.260477,-1.474017
1.9668088,8.498061,3.7603662
3.3883152,3.892801,7.7494965
4.1286597,-2.9089744,6.968308
3.61318,-4.4297433,3.8956172
3.1649265,-8.315449,-1.9903451
-1.2489882,-9.724767,-3.0380025
-2.8555658,-5.65829,-3.0718384
-3.2294087,-4.0811353,-5.1213527
-5.930793,1.1360998,3.8100986
-3.318417,-2.5152016,5.6097937
2.9519727,-7.9920325,1.6100965
2.4510982,0.09804424,8.283746
1.8241953,7.8263693,5.206025
-0.909305,13.840756,-0.057612836
-4.371626,13.586737,-0.32628977
-2.30871,8.662722,-7.544478
-0.7181338,5.3653874,-4.8806763
4.3060265,-3.5034232,1.8134695
3.7877734,-10.806249,1.4654244
-4.115217,-5.6492534,6.130231
-5.772828,7.0444846,4.646092
0.36089987,14.241517,-1.6093475
8.640963,11.904959,2.7419815
4.729379,5.1814814,4.522828
-0.99910897,-9.236445,-1.2306767
5.063266,-24.847544,-4.431807
2.2313368,-21.346527,-7.315034
-5.615232,1.1279626,-1.4714422
-5.604735,16.577581,8.54878
-6.400968,15.092826,5.3112993
-2.4449096,6.576839,3.4361386
5.7126966,-7.0018644,3.9127302
2.6714175,-12.339603,-0.7199415
-1.2529666,-12.1074505,-5.5711884
5.7787805,-9.2751255,-4.999363
1.6547807,4.899086,0.9196939
-6.1286073,9.679184,1.5522156
-2.4664311,9.023337,2.4085627
-0.18369235,8.610509,7.947835
7.474683,0.12846382,10.857632
14.613998,-4.36446,5.224388
10.40959,-6.8378944,-2.7635236
1.3528134,-7.263774,-3.587813
-6.726292,-2.8175056,-3.4834626
-11.9296465,-3.1468499,-10.476873
-14.955902,-4.783423,-12.311656
-8.220003,2.9925234,2.581097
2.7326193,4.263699,9.728852
6.4431515,-1.8961612,1.5595567
6.3857875,-0.57103366,-1.2837045
2.0404758,-4.9120846,-5.6081176
-3.0111217,-5.260424,-5.362726
-5.3834424,-2.97768,2.1795251
-8.504214,-1.9566481,0.35749555
-6.7940717,0.093627185,0.021244388
-2.0927227,-10.820711,-2.1366193
3.7806556,-5.612298,-0.1596623
5.281708,7.198463,2.305641
-0.7252067,4.7345796,-8.543478
-3.3118474,4.3156276,-7.163392
-2.3497055,5.987856,-5.176209
0.13658515,4.5898833,-4.629786
1.9300789,-3.8469536,10.121087
0.60385907,-7.0045605,11.748987
-9.849017,-5.7063074,1.4045461
-14.962222,-3.5665088,-0.9704977
-3.5891476,3.5365224,-6.4034667
3.3400717,2.8036513,-15.760193
10.766208,-2.0654337,-9.26975
16.555109,-5.881427,7.358421
9.114003,-6.5545635,9.793737
-1.200359,-6.557599,2.408113
-8.608865,-4.992474,-0.19112101
-9.902666,3.8482273,-3.6495245
-8.387375,6.5748205,-5.206366
-3.5748994,2.3484614,-0.7778886
0.82883793,1.1878952,0.7000507
1.7247533,-0.09508156,-4.9359665
6.1088457,-0.13349569,-4.493446
7.959735,1.5445336,1.9245373
4.461454,1.575654,-4.84704
1.1570643,4.304871,-4.15958
-2.1304665,7.3097906,5.704701
-9.66878,9.172499,0.6763256
-11.675444,8.109829,-8.694977
-6.4710226,2.1053708,-6.6339073
0.75791,-0.9845406,2.980129
6.842431,0.089062735,4.902969
8.094367,1.0239265,1.7471356
10.338223,6.129931,-2.691267
5.3109326,14.14871,4.5510864
2.993738,12.200755,13.700006
0.5105756,6.3980126,6.24745
-6.344658,0.33550808,1.2259847
-1.1309322,-10.299514,-7.226539
1.206105,-10.40839,-16.14952
-2.5793552,-1.9538742,-9.7515745
-4.304818,-0.07613947,5.461553
-1.9023366,7.4720263,17.753366
5.18395,14.352079,12.03259
11.866678,3.8844697,-2.7134469
9.703484,-2.0337152,-10.391282
2.6953442,-6.732588,-15.196339
-3.6888115,-15.327409,-10.788211
-9.481641,-8.245007,7.341843
-9.926507,7.3669744,17.800692
-8.701056,13.377041,12.91724
0.9949656,12.043022,3.4132519
13.083387,10.150828,-6.507024
14.998007,-4.334025,-5.936514
9.961407,-18.933573,4.1072783
1.0212837,-18.696384,3.7032807
-8.030505,-8.985846,-8.201654
-12.951319,3.048886,-12.668027
-9.8755865,8.926536,1.5640292
-6.921237,9.937857,13.964545
-1.5953873,2.7879434,11.370878
6.1748986,-8.046351,2.6745243
9.728056,-14.363574,-8.844476
8.424085,-6.960708,-14.504316
3.0296116,3.5465574,-11.067568
3.8726647,1.0966295,-1.5990218
2.3048534,2.6063924,6.744575
-3.5194879,5.097098,8.354618
-5.363187,7.755488,6.633301
-1.8393046,12.160498,5.3327985
1.1047308,2.8692288,4.6223826
0.84280336,-7.6426864,1.3252589
6.7777376,-15.044387,0.7205822
4.4921365,-14.396226,2.350093
-4.371706,-1.8652226,0.8970675
-5.8011394,2.7883043,-1.5526958
-6.440168,3.46153,-0.8720909
-5.978375,1.9312028,2.636788
-0.4349129,-1.1442047,1.4028504
4.954079,-1.8651897,-4.0762696
6.6416063,-5.771881,-5.2672415
5.019426,-4.5453835,-0.6990848
1.7638265,0.57211554,2.1225166
3.2392316,-1.1354254,2.765008
-1.0605494,-6.0814185,6.590818
-7.4363055,-1.6462035,9.300771
-4.7348504,5.283237,4.1440907
-5.1038303,3.8852391,-3.089978
0.7857859,1.7208618,-0.21137789
8.28225,-1.5676771,2.5984418
7.387866,-3.7822008,-2.512839
10.850507,1.0412937,-2.572874
8.995753,-0.2560479,-1.7961503
0.59755635,-7.296554,0.37350073
-7.3238354,-4.6485972,1.0188674
-11.562285,-4.6160645,-6.666084
-8.495379,-9.978006,-6.9794292
-7.6769977,-0.84667194,-5.7196574
-3.5103724,10.71404,-6.832752
4.295235,9.991725,-4.6939325
4.5600157,7.4969363,0.36510834
7.4122686,4.857108,6.490383
10.715345,0.37099847,2.5676003
3.6245048,-0.22032987,-2.1508584
-2.9868548,-0.6738523,-2.1860912
-5.084045,-2.256124,-0.6877758
-4.5753617,0.4015347,1.1910626
0.33400333,2.721236,4.807471
4.9153666,6.599595,9.771838
4.8931284,3.7548501,4.2782226
5.4768057,-2.1659813,-0.41537032
8.610947,2.9618738,-1.239432
4.0841002,-1.9868568,-3.4521084
-0.5116462,-5.6542664,-3.645575
-3.2183585,2.2469316,1.5813133
-7.5629854,1.7424424,4.135065
-6.338324,2.6597962,-0.39652115
-2.6108203,4.1277847,1.1928558
1.7500938,0.19183598,1.5586095
2.3477619,0.5856556,2.5231466
0.021217644,1.7910734,-1.4748561
-3.6493514,-1.8777994,-5.005456
0.4168914,-0.53238845,0.6716858
4.4847565,7.7456703,0.44628674
1.8109095,9.19003,4.1056876
7.885025,4.4758115,8.86256
7.113498,1.9663854,10.765607
1.5425646,-0.7123689,7.34904
-4.574739,-3.1982977,1.5323659
-7.7010074,-1.8058733,-1.9711982
-2.0888567,0.67382056,-7.7117662
-0.99076337,-0.79598874,-0.016856167
3.6564808,-10.418783,5.0267267
5.662515,-12.705874,2.1179988
5.588642,-3.42072,-0.08789653
5.379295,1.3783418,-5.7458906
-1.4317877,10.729023,-0.92754066
-5.729033,13.470985,3.3432178
-8.47356,1.9263037,5.4628935
-3.655206,-2.2926037,2.5004764
2.50323,-9.915095,-5.077457
-0.47856778,-16.932224,0.8819076
-2.4261422,-12.685046,3.345359
0.7530882,-4.5877275,0.49667045
2.747329,6.726697,-5.1902466
5.0310097,5.692084,-11.786061
9.047047,4.293426,-3.5629096
2.3215191,10.011853,7.9578238
-7.528388,6.871413,14.231204
-7.333354,3.4897478,12.77562
-0.048405223,-1.578789,4.118468
7.119282,-8.908701,-2.2711444
6.4515996,-9.989001,-8.940947
0.691086,-7.2399397,-11.186333
-7.029379,0.6631033,-5.911248
-10.64069,13.504329,-0.027775066
-8.457431,19.361134,6.2480435
-0.9270854,13.32406,9.186308
8.221438,0.12467196,1.5310295
10.772409,-13.808342,-9.547572
9.049642,-17.031445,-8.050118
-0.56047034,-4.894415,-3.2350378
-8.999956,8.889017,-6.5291605
-11.860332,9.057253,-6.824165
-10.026482,2.89264,4.053985
-3.0236542,5.0503306,13.702363
-1.1204239,6.9706583,4.682443
2.9970653,0.064266205,-2.6568959
6.7237797,-3.8405151,1.4111644
9.139342,-5.9198275,-6.002523
9.600681,-5.5777116,-4.7029233
0.30204642,-1.82885,4.7275457
-8.416781,-0.3282265,-3.82341
-8.549839,3.401457,-8.313962
-3.3256755,5.873158,-3.9976795
-4.408981,5.7650433,-0.19089141
-6.1507626,1.0551876,3.8793874
1.7709072,-3.7901392,7.0095177
6.056744,-8.71596,5.8672047
3.0047984,-17.346306,-0.7615488
2.3214443,-15.37249,-6.987472
3.2598302,0.062419772,-13.537191
0.65409875,14.08441,-12.678723
-7.4560013,15.441002,-0.2919158
-9.966134,10.653729,14.75381
-0.10917551,3.799056,19.014479
7.422783,-6.695031,7.2765727
8.313255,-20.822681,-3.5945983
4.8458815,-21.01532,-4.1092057
-6.2314625,-4.341875,-10.132264
-10.6786995,6.587131,-12.42293
-0.7191433,15.321283,-3.5099087
1.8094491,15.109727,-1.7898048
-2.1502037,5.0885415,7.354221
3.3681452,-2.3293848,10.824421
2.4107242,-10.143385,-2.6877656
-2.0038447,-11.675636,-6.3885717
2.044735,-9.369706,-4.7685084
0.59081095,-6.9757113,-0.4005254
1.798931,6.463458,5.1708965
5.193029,18.754377,7.700792
2.5673578,14.320128,11.210877
-0.081147715,0.5771259,4.871537
-4.7344303,-11.844633,-10.649247
-2.2018828,-14.49227,-13.85869
0.9202559,-9.024166,-6.4182177
-4.243856,5.522553,-2.5239167
-5.3836384,18.832275,1.9565419
4.729564,17.546246,6.8537917
9.397245,12.793759,5.4629874
2.656231,-0.44107842,0.29658902
1.347803,-16.19501,-1.9042907
-5.5246334,-15.337129,-7.1876245
-12.5532055,-10.224055,-13.173847
-5.715442,-0.12639077,-9.539219
6.5739107,9.774407,3.593359
11.177337,13.063543,20.2903
8.656845,17.932749,21.381218
11.218693,7.1427617,10.280102
5.6487246,-10.74749,0.25644207
-4.6064463,-18.809319,-8.652331
-8.372877,-20.382141,-13.713761
-10.403021,-11.706953,-13.541053
-9.331851,3.9927998,-4.517942
-1.215193,12.453863,6.6221433
11.794332,14.361576,11.818218
13.938514,14.717178,7.8779297
4.998247,5.6668067,0.24859123
-5.906478,-1.8915701,-1.7254303
-11.779153,-4.06267,-4.261993
-7.697701,-8.44501,-8.179186
-5.571089,-11.755251,-7.6923294
-4.443082,-10.990365,-5.5070615
6.660048,-6.39042,-1.0364288
13.821153,4.4522614,11.303935
5.907693,18.060991,18.705873
-1.87458,14.853348,13.220423
-1.8433566,0.5928104,1.5978909
-0.55311567,-10.730509,-9.820396
0.4345499,-13.886452,-9.321677
-1.2243583,-8.208765,-1.8219477
-5.2747912,-5.4448547,2.917906
-2.8730917,0.44711173,1.2632807
2.0292013,6.9408855,1.2590014
0.47140974,13.1600275,6.5006075
-1.621744,14.384751,6.629403
-0.20627603,2.8029003,3.9431887
0.7630271,-9.001899,-5.9817734
-1.8946381,-19.691051,-13.455262
-1.8298196,-15.219081,-6.489775
1.4281719,-0.25125304,0.21746233
-0.43720368,10.610235,5.1467257
-3.2100456,18.256477,9.977329
-2.0632308,16.381622,6.8804746
-2.822026,8.884929,-3.1409314
-5.7056203,0.08324324,-10.302527
0.6005561,-7.3785872,-4.1383553
5.646207,-10.27009,0.6168391
0.0029496108,-3.553748,0.92086095
3.0630908,6.3466353,8.741685
6.361916,12.310324,3.9475052
-2.510299,7.9970345,-0.9308314
-5.233755,-3.8699148,4.0554757
-4.118736,-6.243107,-1.5721738
-5.8151402,-3.1494887,-4.628879
-3.6899045,1.6255143,-2.2084749
-0.44021437,3.5110767,-3.1663353
5.7920833,0.5328032,-2.7625806
8.918016,0.17339724,1.3914703
3.2731586,1.4276682,6.783266
-1.6816161,-0.14102143,8.036909
-5.280861,-1.7099525,4.4298983
-4.2437387,-1.4115102,-0.23059297
1.1686347,-3.9161346,-5.8234005
-1.8117161,-8.6143055,-10.423043
-6.3618875,-9.209937,-6.962225
-0.36112618,-0.74276644,-0.54619473
7.090072,8.402235,5.988419
8.123957,15.183757,14.442911
5.5376925,5.9749475,13.987178
1.6266439,-11.9472475,3.551374
-7.0079074,-15.345524,-7.946499
-14.86876,-15.271885,-14.254103
-11.515499,-0.51088357,-10.793821
-2.3900132,18.275469,-1.9804631
10.016056,19.320532,4.435768
18.100878,9.865264,12.372761
12.527126,-6.977922,16.760967
3.6571386,-12.456441,7.7549124
-5.9975758,-6.3842735,-4.7726893
-10.753138,-4.7613525,-13.8536825
-7.4901915,-2.8332942,-12.192636
-6.20294,2.92051,-5.3971653
1.0912561,2.6682084,-0.58423215
10.32236,2.578803,13.20208
11.680315,8.167003,21.012152
8.904243,4.145173,11.909048
0.21878764,-4.306198,-1.3330537
-7.4418364,-8.356878,-13.341203
-10.272234,-8.815377,-19.604027
-6.7624135,-4.8694263,-12.546107
0.26503402,2.5969248,3.194313
2.8824532,12.629882,12.278516
3.8770783,8.926988,8.071413
4.4680843,-2.902121,2.1195028
6.5626945,-4.7410107,2.0424857
4.016305,-5.5565395,-5.049368
-2.7228532,-7.365998,-9.9043045
-4.415509,-5.322858,-5.162353
-0.036645256,-1.9808774,-2.8774233
4.213969,-0.18247393,-0.13529749
2.5869012,2.4057674,2.0873442
0.928856,2.8777156,5.0128818
-5.8552256,2.759427,5.034229
-11.31444,-1.0834851,1.2154366
-5.282468,-6.003549,0.031218683
2.3953927,-2.9697683,0.4087191
7.3608637,-4.960948,-1.8799355
9.039362,-5.759349,-3.4479728
8.069495,-5.058179,4.3373938
-0.36894837,-4.5624275,4.6225286
-10.188725,2.8330908,-1.3557005
-10.779403,7.5207334,0.7107337
-2.4734554,4.771777,5.9287243
3.8615031,-2.528739,4.8956475
1.162116,-3.2401693,-4.8664737
2.5972822,-3.685048,-3.7973013
1.7094939,-6.260731,2.269516
-0.6290025,-2.8570123,0.5543464
1.2780406,3.6264024,-0.5660165
1.0589781,11.013878,2.8660784
3.9597504,8.404984,4.6689496
-0.37518382,3.9045417,-0.8998436
-4.2814665,3.14811,0.9919516
-0.8341206,-5.277828,3.2722058
-2.5699623,-9.075805,-2.6830585
1.7688063,-4.533335,-4.511051
6.085955,-1.316878,-9.439074
-1.633653,0.19879171,-8.254278
-6.2323422,1.3908542,2.7979555
-3.0830383,5.9290366,7.9244967
0.46295622,4.0647826,11.1133585
-1.5456263,-3.3889482,4.0006595
-0.8689053,-3.2197201,-5.557762
4.033077,-5.8134,-8.905689
2.6993763,-7.4586687,-8.371195
5.7076063,-4.276063,6.3337784
5.173105,0.24618712,8.608987
-3.6016474,7.3276515,-1.3342099
-7.332872,8.82255,-4.477953
-8.99156,11.031293,-5.0819917
-6.7769637,6.2979627,-3.509152
-0.45554125,-0.25350603,-1.9817045
6.8088408,-0.18505408,1.5427655
9.04395,-4.675843,3.9529173
6.3807297,1.4739031,4.66626
2.5576541,8.760565,2.7434082
-4.1129317,7.182844,1.8183876
-4.883266,5.1936994,-4.5526433
-1.6685084,-1.1798044,-9.101287
1.6790223,-5.312946,-1.8058602
3.7757914,-4.623979,3.766266
-2.814445,-6.777567,6.079083
-8.751307,-5.146759,-4.6125426
-3.3591936,5.8265204,-10.948909
6.728484,10.210811,-3.1197655
7.060484,10.502911,1.9491682
2.19567,3.5091445,1.383266
-1.5126652,-9.87012,-6.3147583
-8.413545,-11.117111,-10.0737705
-6.0346794,-4.3968644,-5.734492
-1.0845251,5.3731327,0.47918686
-2.5833237,7.9341803,5.7198386
-0.71491766,3.926966,6.026645
-2.2295306,-1.802859,1.0455848
-0.3016671,-4.547763,-1.4251515
10.087806,-1.5154725,-5.745467
11.076234,0.8609335,-6.9255476
4.412358,0.864607,0.4339988
-0.5683171,-7.8905888,2.4317954
-7.294944,-9.665394,-1.3534299
-7.2202716,-2.7431307,-4.3697286
4.9927425,3.7819736,-0.11905337
10.07934,10.429369,1.7017918
5.280284,5.1104727,-2.91665
-0.6261094,-4.3378654,-3.2789407
-8.496979,-6.659003,0.19079603
-9.299758,1.89896,2.7248194
-4.3306613,10.542572,3.1897702
3.0065794,6.0638165,7.7214427
10.849142,1.7759949,5.0950527
8.227124,-9.850321,-7.3404546
0.075551264,-20.041435,-4.022844
-4.6365876,-7.69683,2.519173
-3.6773798,3.9548,-1.232656
-2.5557065,9.57058,6.41686
-0.44724837,6.823796,10.4034815
4.517795,-1.1751531,1.3043414
5.70928,-5.287949,-4.9906554
5.6207533,-11.062718,-5.936985
0.7864738,-6.298245,-2.3462038
-9.276813,4.895276,1.6647273
-11.180035,8.750009,1.3510817
-2.1959856,4.761187,-4.903152
4.8068027,2.8055515,-3.8973236
4.861525,2.5852375,2.3890266
2.7627387,-1.1939337,8.836879
-1.1277096,-3.563298,4.6522617
-4.306074,-3.3007226,-10.581957
-3.1561198,0.3428301,-10.980039
-0.4113418,0.4818206,-1.2396127
0.77704036,2.2799132,6.506458
-1.5454837,6.2115498,5.905351
-2.347231,4.166309,2.0517435
7.3112826,2.9608834,-1.0785961
15.463798,-0.03073159,3.5705693
10.133073,-4.286247,4.9277935
-0.74900085,-5.266244,-4.092415
-10.111312,-3.580465,1.0842909
-9.990887,8.4868555,3.9685085
-2.3928864,15.095489,-1.6303356
0.6942793,2.15715,-3.135554
3.3129709,-7.176673,2.6510828
8.308994,-9.288951,6.7079086
3.980133,-5.4475403,-1.1691302
-8.140075,4.249106,-5.4229283
-10.378874,6.180317,-2.1293979
-6.6594257,2.831528,-1.5349311
-4.802321,-0.31020564,-3.2139022
1.8118918,3.4363444,-6.6186395
3.6693919,8.122666,-10.459947
2.2538512,4.0017514,-0.63902324
5.1036325,1.5305513,8.142504
1.5916419,0.5064742,7.326271
-1.4694097,-4.115364,5.7221847
-2.1425753,-2.0151014,-1.8446527
-6.127163,1.1776495,-11.643828
-5.8721704,0.38518408,-11.1853485
-5.908761,0.48513368,6.065489
-7.6063666,-1.3689542,13.303814
-5.7741833,-3.153642,1.8049275
-0.3869819,-5.292147,-5.285471
2.312409,-2.7566166,-1.5093155
-1.2437335,-0.34627923,0.09570796
-3.617193,1.601243,-1.9117839
-2.1922107,-0.43051863,-0.49559078
1.4392864,-7.2079554,-2.4637651
-2.2091455,-2.425893,-3.0277576
-6.5608206,2.7368102,-1.1447014
1.7793058,3.6698895,2.4446301
5.324288,-3.5003958,6.1180205
-0.21499708,-9.258027,1.8567123
-2.852141,-2.7825797,-5.62796
-1.2525806,2.654785,-8.809059
0.9559382,9.978647,-0.38548645
2.648085,8.394376,12.471828
2.774451,-1.2822535,9.817615
-0.53668064,-4.932196,-3.2879372
-1.3711934,-5.6702743,-9.993292
-1.8038658,1.7307779,-7.129834
-2.5030975,8.818181,-1.7805648
-0.106672056,7.325794,-3.0716035
5.3372846,1.257845,1.4541868
8.598633,-7.216571,4.939989
5.1146216,-9.313352,-3.3946834
-0.64820814,-3.9087858,-3.9706397
-8.190714,6.088808,-2.3897479
-7.8502946,9.280814,-1.8258622
2.463057,4.406096,3.5584176
12.934891,-0.5758448,10.282136
16.138285,-6.4373374,9.5297165
5.666308,-5.435008,1.2870561
-4.1509933,-3.4434178,0.59184295
-8.623799,-3.3451643,-3.842785
-12.471469,-1.5393168,-6.291661
-2.8674068,-4.379006,-0.98916084
5.1680923,-7.6854033,0.72894895
5.8611703,-5.5428834,6.972849
7.9055543,0.10612462,4.6090446
-3.5660248,6.170505,-3.0023956
-3.2170687,5.843355,-1.5369602
5.946569,-2.2606354,-2.0324256
-3.3962576,-3.4531221,-3.6396248
-9.403138,-1.8252728,-2.1214685
-8.725406,0.15568072,2.2735393
-2.640218,9.572296,3.7676685
6.892238,9.591997,2.1639788
8.136327,-4.0461144,5.679031
5.527654,-12.121526,3.009337
2.9006379,-8.697994,-5.409826
0.17895696,-4.994212,-3.1275523
-3.3309364,1.6266005,3.4477649
-3.170271,7.004663,5.762325
4.463967,4.855795,6.2789683
4.4699116,-0.038342103,4.652968
2.254865,-3.0818744,1.0886799
5.188298,-3.066366,-2.446735
-1.0693502,-5.2289796,-5.1338687
-1.9480953,-3.0525131,-6.5307336
-1.4797546,-9.562471,-6.3926888
-7.057303,-16.088375,-2.5992184
-2.8296454,-3.9232955,0.3214067
1.7594184,6.671857,1.3222846
3.8993418,8.783068,4.0465927
8.546793,5.2215686,7.1954436
7.651545,3.523779,5.8142443
2.3285365,-1.376812,-2.0060391
0.4364426,-5.7827973,-11.348452
-2.9103553,-1.0047817,-9.315122
-5.7596264,0.75484204,6.6023107
-2.1276822,2.4086957,10.230437
0.015581833,4.135747,5.6554446
-0.30417955,2.8283145,-0.27818406
2.7690272,3.409195,-0.34959447
7.5432835,6.228067,3.3531477
1.513113,2.5941615,-7.604505
-3.6224284,-3.4158561,-3.7449598
0.33004704,-5.254031,-3.1030734
-6.908508,-5.1693254,-11.749442
-8.726417,0.9227126,-0.56805396
-3.2623234,5.948689,8.098507
-3.8008523,9.10564,6.111017
7.462721,7.9968505,2.8066912
18.040531,1.2172135,1.8860017
13.227238,-0.9455003,-2.5836766
5.883255,-0.79380363,-3.2882056
-1.0321524,0.13639797,-2.98943
-6.2690578,1.0894566,-8.53259
-8.285797,1.2141186,-0.2939626
-8.457227,3.8916903,8.104989
-7.5036793,9.271819,4.456937
-4.710499,5.628647,1.7263454
3.3339899,0.26494017,1.1770674
8.960499,0.3861309,-3.6255317
12.20585,-3.918024,-7.1571217
10.607192,-4.7528405,-0.9142826
-1.9636174,-4.3017116,1.4207039
-13.708412,1.1665167,0.8547186
-13.211509,6.206635,5.967337
-1.9760844,2.0185325,7.610892
3.4597187,1.7225515,6.5211015
11.771386,-0.26755548,8.358208
22.135893,-7.752248,1.0710336
9.404767,-8.6606045,-6.9364505
-5.1005683,-4.238229,-0.29871768
-12.055315,-1.1796508,3.6329908
-18.373377,5.2958646,2.447837
-10.475793,4.170938,3.0959535
5.235241,-5.200296,4.244946
11.153965,-9.520596,-4.4853
4.7322516,-7.8146725,-10.989027
1.8243765,-0.19705658,-0.0012985639
0.13525522,1.437576,4.631372
-4.527408,-0.8833007,-1.4024283
-3.472119,0.6178424,-3.8736036
-2.9721754,-0.64670485,0.25830516
-8.066339,0.76673263,4.5289993
-5.51873,2.5267782,6.9565206
2.381838,-3.1641402,-2.1214607
-2.2322981,-1.3178452,-11.395925
0.91315645,3.8366048,-4.6983557
5.934731,2.7478583,-1.9270359
0.3732496,4.8677006,2.8532917
2.1709025,5.6590304,8.409342
-1.3686872,2.9404075,2.412578
-5.5096807,-0.5543271,0.72520417
-3.2283857,0.012212122,2.9306095
-2.233672,-2.8371434,-3.9990392
0.9002533,-4.9999304,-3.5734212
-0.057453897,1.9261787,5.2732964
-3.9794219,-0.20689073,0.8042882
-3.9525774,-2.2147448,-4.3800735
-0.9017674,-0.5663135,-1.9434601
-0.8928195,-3.3653963,-0.020043194
-4.886954,-1.969964,-2.7472818
-2.8600085,2.4117317,-6.7013726
4.0628242,0.6030641,-5.568269
5.130664,-1.8962939,-2.458429
-0.031499773,0.19151026,-1.3851131
0.0680464,-5.336739,-3.3006077
4.8479414,-10.185608,-3.1972485
2.920904,-4.8710165,-1.2187085
-0.26990968,2.406478,4.968711
-3.3033955,6.5585914,9.83839
-7.428321,3.9461877,-1.9450356
-4.5512595,-7.0390244,-12.100465
0.34559602,-12.578071,-4.906046
2.1694927,-5.620167,-6.088533
2.0853307,2.7794724,-6.919239
2.8229415,11.861035,16.972109
6.821691,9.030037,16.926441
-0.59786737,-2.661096,-9.963352
-7.4864006,-6.712097,-12.179728
-0.9862187,-7.2893815,-3.0772743
-2.9643676,-1.383489,-0.18369022
-3.274278,8.976354,-2.2965744
4.4256263,13.990489,2.8035154
9.430217,6.1736474,12.497286
3.8054876,-3.6263885,3.6695988
-5.9800286,-3.6398952,1.3722905
-1.7273139,1.7024384,4.4646754
-0.5666339,5.594637,-7.82875
-1.1871818,2.9417644,-3.6480224
4.770223,-1.1013871,5.8554807
0.30273542,-4.9091587,0.21987781
-7.894842,-4.746098,0.6011981
-8.254448,-3.805093,8.943833
-3.6039157,0.592923,7.45478
6.1748548,7.3488784,-5.4951415
10.650988,0.8195008,-0.5642476
4.5477204,-3.3877215,1.936751
0.9267174,1.9503535,-6.606595
1.8296859,0.9198774,-4.5188165
1.2269007,-3.9552133,1.0917485
0.032300167,1.2562493,16.280375
2.5475357,5.113736,13.513898
2.158981,3.56974,3.2122226
3.85848,3.26069,3.8950512
6.2816553,-1.247572,-5.0007
-1.9399538,-0.44557485,-5.5656857
-3.5240762,-0.1967238,-2.4181364
-1.8535109,0.9304838,3.049504
-2.3380666,3.8377204,14.108238
4.2350755,1.2557555,5.594654
2.748139,3.96712,-6.3667274
-3.661646,6.473466,-3.8844752
-1.2124661,3.187696,-6.947636
0.38687536,-1.3801743,-6.3409686
1.8021141,-1.5411606,2.4145212
0.41995367,-2.2686331,3.1015282
-11.285781,-4.2706447,0.8229324
-7.5116963,1.8682203,-5.600881
2.5580676,4.9552503,-12.749607
-2.5394812,0.025007768,-12.393185
-2.5097528,-4.8216414,-2.3672745
2.2470007,-7.8453913,9.779502
4.5020895,-1.5866146,12.914114
-2.0801792,6.283246,6.9649334
-6.5052314,2.5997334,0.05150199
-0.39995283,2.463053,-3.8000593
0.343491,6.7337527,-13.98865
1.3754154,-0.35567075,-6.5290875
7.0286736,-11.134417,11.896814
12.2171,-11.18654,3.595205
-0.3939436,-5.0160995,-8.135911
-19.959717,-4.0279365,-8.466888
-19.801292,5.0831885,-5.161869
-10.272045,20.167385,-0.61069494
4.8622613,13.077599,3.7406135
17.3101,-1.5464014,3.2180586
15.522902,-13.991754,-7.476974
6.8606305,-22.299599,-5.9548545
-3.855549,-15.967959,3.2243555
-11.617138,-3.2166371,-1.2339423
-10.2545,11.219924,-2.0450091
-4.132859,8.694059,2.3448622
1.3222042,1.5109644,0.66977304
2.3369846,-1.4253906,-4.140788
-0.15297423,-9.280824,-2.6897492
0.8231816,-6.404295,4.3556275
2.3064394,-3.236708,5.832342
1.3231696,-2.2586148,6.8689003
-1.2750734,1.7354562,6.241359
-3.1873708,2.9105668,-3.6390176
-1.8713125,1.7187939,-14.419606
2.27418,0.059373062,-8.194339
7.5361314,-5.2480392,3.8874078
3.7066808,-10.85143,2.133146
-6.0708656,-6.107389,6.2346706
-5.847338,-2.8525052,12.341437
-2.7173283,3.1249514,-0.4554311
0.5944572,8.155097,-16.474302
4.6682673,1.3118359,-15.225065
2.9493089,2.3065805,-4.308024
3.1499436,0.40857843,2.9128747
2.204551,-6.4503703,7.8781753
2.692573,-3.449976,7.9352274
0.4453925,-1.2335438,1.0823386
-5.8169985,-0.19931203,-10.13112
-4.2038393,2.9702933,-10.730061
1.5235871,6.1279154,-3.2187977
7.3155932,6.203597,-0.65198064
0.7055083,4.505573,5.7713547
-0.0427476,-0.49095488,8.273771
0.86155367,-3.117625,5.816146
-10.485771,4.961358,2.130604
-7.789942,6.2073803,-4.176073
-3.1382835,5.5605273,0.9907211
1.7405798,5.5668125,-0.20432115
5.128667,1.1725323,-10.2315035
2.2780662,-1.8946018,4.8704762
2.4897661,-6.3091598,9.399809
-2.3028784,2.8768332,-0.05738895
3.9974766,12.1422415,6.1507835
10.052423,11.7743025,-0.25811684
3.5072567,8.68732,-4.849484
5.5232973,0.640928,-3.6635818
1.9041107,-2.5628157,-3.7941365
-4.89284,-4.5745173,-0.045066107
-4.704059,-4.6131263,-1.8691012
-5.3348756,-2.828665,1.7156904
-2.2108862,1.4678962,1.8987424
-0.84464693,5.95532,-1.4340698
1.36667,2.6010704,-0.37707442
5.6384125,-3.1608984,-1.6095006
1.9570441,-6.2501802,-1.6113253
-1.8359483,-9.161384,-4.8361306
0.5554777,-11.104078,-8.820321
-2.2835567,-6.0196342,-5.063835
-5.8422546,3.01641,0.95600235
-6.6476536,8.274173,0.7352008
-11.320896,7.110665,-1.2911671
0.13343006,8.715971,4.5831294
11.149699,5.208202,7.431449
6.927094,-2.76933,3.4622223
5.759451,-7.5717654,0.1864716
-0.41296205,-10.310897,-3.6852736
-6.440267,-0.12903595,-7.9823647
-6.843113,9.052038,-9.870358
-1.533396,9.505043,-3.0674105
2.736634,2.4046738,2.9271336
3.3782558,-4.779234,5.8870625
8.432713,-6.1387424,7.7962456
5.217851,-8.088916,2.79183
-0.73516595,-2.4993832,1.8089885
-2.9627707,2.5519538,-1.3569325
-5.8522215,2.2865047,-3.0914009
-1.0892105,4.2133074,0.5632607
5.0582595,4.1587725,0.962266
3.8152263,-0.07777951,8.663814
3.0376587,-5.880354,9.939426
-1.2610259,-13.325952,0.89676034
-4.9530754,-8.848417,-3.0516853
-0.23622449,1.5348047,-4.83166
-5.985478,5.1434355,-6.958299
-6.1092873,11.628481,-5.5285816
7.0445538,7.0247574,-5.766816
-0.030499967,0.93108976,-1.2344602
-9.772133,-0.08145379,15.603301
-2.9595785,-3.7295866,10.994549
-1.5457512,-1.0126042,-3.8785276
0.17612752,3.5404499,0.30879375
12.750668,5.2785916,1.6128271
11.315923,-1.2642373,-4.188598
-1.8725885,-2.2359893,-5.9152756
-6.4647627,-0.06823897,2.450286
-4.5143332,1.313206,9.600354
-0.09717572,7.288125,6.1614766
0.8081259,2.7870798,2.233403
3.4056928,-0.12893228,-5.098374
3.1422114,-2.7857156,-13.019018
-3.033252,-4.434293,-7.288591
-1.4213629,1.750692,6.8167934
3.5275326,-1.7691042,8.59627
1.1338642,-1.5386754,0.737287
-0.90900254,4.900236,-0.40758786
2.8282945,5.237134,-5.288912
-5.3711176,10.680695,-11.314592
-8.354968,7.040098,-5.182757
2.2520564,-6.4914556,3.7921717
4.417064,-4.014671,8.106599
4.10503,-2.6995409,5.9112663
-1.906799,-4.9555373,5.560919
-4.853941,1.1776791,1.0929003
-3.2131228,3.072645,-7.9003763
1.2261313,3.2236242,-4.5560274
8.664311,2.0578597,3.6465364
5.1984444,0.39395627,7.988822
2.8235893,-3.9366195,7.2273846
-0.9530153,-7.392812,7.6878777
1.1962633,-1.82654,11.88851
2.9173758,-0.20902185,5.504479
-3.4110346,-1.5903729,-7.3615494
1.0062649,-1.0254968,-5.537871
1.8678795,0.7093439,1.4637347
1.3401712,0.22007309,4.517423
7.1007156,-8.979138,11.449984
5.821624,-15.444783,6.6026325
-1.6505442,-10.651847,-5.4138465
-0.56913936,-3.043153,-4.2082443
-0.36545476,5.70301,-1.2071621
-2.9052916,15.444493,-3.8962939
4.071338,14.057871,-3.9004512
10.701002,8.018437,5.491073
10.71836,1.4652324,14.542832
-2.7561677,-8.408399,4.9157815
-10.476229,-11.988255,-3.871135
-5.1742206,-6.890701,-3.5677116
-4.655651,7.713762,-7.2637663
-1.4366428,12.59642,-0.85282457
4.129772,5.496461,1.3407319
5.435398,1.1681392,-1.0385716
3.917942,-1.7589157,8.11006
5.406172,0.9004626,8.711547
1.7423102,1.9273934,5.111553
-3.5942297,0.76182646,-2.5635397
1.698781,-0.38312757,-5.789336
-0.65509343,0.67080563,-1.6879448
-3.202991,4.390863,-6.783555
6.293896,2.5504978,5.4618316
8.927829,0.29797626,17.128477
-2.6820674,-3.6125183,9.7277775
-8.938768,-9.690478,5.1658525
-1.5585312,-11.775532,-8.066151
-0.85274225,-5.618652,-15.64181
1.6750401,0.1024644,-2.8366408
8.247345,1.4556123,8.568879
1.8907086,4.093402,14.492941
-3.5377247,-1.5276973,11.791994
-2.9439929,-6.792026,1.8538251
-0.25523445,-0.5239053,-6.89749
0.24015373,7.380986,-9.837319
-2.981818,10.510505,-2.4473224
0.49608654,11.598897,-5.6093187
5.2507644,7.584238,-7.9162736
4.8081703,-6.1609035,5.665531
1.4753182,-14.285455,8.527548
-0.867207,-8.886096,7.072231
-0.28296828,-1.1396595,7.899941
-1.5548606,8.450979,-1.4885366
-5.0189457,9.040607,-14.724653
-4.260774,-1.225156,-14.061766
0.26755717,-4.6480155,-2.3282034
-0.0016440445,-1.9911835,6.3008842
0.5746551,1.8214657,10.139043
-0.74775326,-0.8333065,2.561399
-7.17477,-0.5999897,-2.3522239
-6.418837,4.330287,-3.1994798
-6.0328555,4.9745884,-9.940729
-3.0341394,2.6115432,-7.859227
1.0797225,-4.54084,-4.69691
-1.7125915,-4.9498153,-3.4443703
-0.73173195,-0.14168751,-3.5401237
-0.51363456,-3.3929994,-5.0677156
-1.472526,-6.7961397,2.6216028
1.6070944,5.2745624,2.2200112
3.806708,12.504215,-10.237565
2.6771724,8.98256,-6.520113
4.0922422,1.8985372,4.8514633
2.7183664,-13.432154,4.6581626
-4.667246,-14.502366,5.97575
-4.209902,-10.981518,6.7076817
-0.50523335,-6.799255,0.104910836
-2.1241612,5.505595,-4.313179
-0.38683456,6.8403754,-1.805999
2.9617279,5.121419,1.6091887
2.658339,0.42694905,3.2274146
2.0936701,-9.219445,1.5006241
-5.398869,-8.934077,-3.8385549
-10.747087,-5.580882,-5.6031938
-4.495708,-0.24401478,-2.0307417
4.357029,10.09408,3.3038085
7.4345956,11.436506,-2.3423269
4.360297,0.83674437,-6.8244495
0.4264987,-11.883128,-2.6798618
-5.7659864,-15.374145,-4.1168647
-3.5174983,-8.1763115,2.0511923
3.0200794,-1.5561621,5.4207063
3.5172007,-1.4279846,-0.24656394
1.8151238,2.285451,-0.066931985
-0.54743254,8.390115,1.3000537
-1.3346785,5.1055317,2.4836879
-4.7334924,4.3220887,0.6816117
-4.43395,0.9249101,2.0423617
-2.0035017,-6.7191834,2.9556441
-2.5511029,-4.124422,-3.4766848
-2.2805414,-2.8317366,-6.7932386
-3.744721,2.9838667,-7.128769
-2.5383844,8.057216,-6.5558543
3.9894202,7.1147733,-0.9026695
10.206412,5.11514,3.665595
4.67386,-2.8777149,3.174859
-4.082863,3.4350958,3.9124568
-3.625732,7.016779,-4.9164934
-2.4802253,3.891335,-8.85875
5.1297755,5.013996,-0.054979473
8.048276,-3.7365048,2.1907923
1.8343848,-10.733849,3.8896608
-0.35592645,-9.503325,3.0131562
-7.6299005,2.7567372,-0.11131624
-9.648217,9.655077,-3.320777
-5.219972,10.377261,3.850304
0.067572415,7.8961782,10.312718
4.188945,-3.0537646,-0.38504848
6.6722684,-7.620317,-2.9350798
11.702512,-12.628336,-4.884507
1.0949149,-6.8948665,-8.12077
-8.680555,7.744545,-7.4999986
-7.5655603,16.923092,-4.418942
-6.123781,17.224033,2.9264293
-0.1483219,5.6993184,-2.942836
2.271143,-4.0988097,-3.566372
8.372995,-9.612883,3.3740444
8.554839,-9.22404,3.8753965
-4.112616,-4.98371,9.688654
-10.140474,0.7991421,4.174047
-8.699445,-0.35320386,-10.030825
-3.7815163,-1.1181859,-6.5611973
1.625185,6.396631,-0.87340564
1.6146661,7.895483,-3.3230293
-1.1341181,6.354637,4.220183
1.0610279,-2.1826806,11.853448
-4.972704,-11.525244,-1.7742684
-9.496184,-13.266738,-13.992226
-0.765268,-6.346304,-8.831892
1.8014476,7.738848,-0.93994117
7.578315,11.818532,4.127152
12.973852,7.861505,5.981508
7.957683,0.9913249,3.105476
1.1493479,-6.95705,-5.221175
-4.7206078,-5.7724166,-4.9064093
-6.6186385,0.25638008,0.5019386
-7.4729514,3.51565,2.0028074
-2.3360803,5.528011,5.2629414
2.7426565,6.8331766,1.7557844
-0.07200824,3.8648577,-2.9154348
2.0009367,-1.8301936,1.3873467
5.1418767,1.2738152,11.916605
2.283023,5.5346384,5.9611025
-0.6441286,2.7020397,-4.33979
-1.4465563,1.9951698,1.6408969
-1.4150906,1.0962913,-5.8517303
-4.182824,2.5485094,-9.505396
-3.1853964,-0.49651623,-2.5207248
5.109598,-5.9023724,6.30313
8.006709,-4.9605675,13.909114
5.4503202,-9.472217,1.8518046
0.18417324,-6.2465725,-1.4374466
-0.21624304,-0.12504968,-3.8429732
2.4291244,2.5184734,-8.721941
1.014237,2.3050694,1.4661974
0.83668435,-3.836474,6.8330274
-6.9175377,-1.0506188,9.898813
-2.6070867,-3.3775303,2.2350857
3.1094775,-2.2289946,-9.651491
-1.1252378,0.03591367,-3.362686
6.357883,-7.442447,-1.3045229
2.0877388,-4.389387,-1.9420642
-2.1295788,-5.8141217,0.038653303
-1.8482753,-3.6634963,-4.658226
-4.57125,7.7855725,0.5065826
-0.70265764,9.034612,2.4551013
-0.14258415,9.497066,2.02149
5.6139545,1.6633438,6.562751
9.158453,-9.741631,0.40398404
7.023745,-10.650649,-7.2062955
4.4504437,-10.057473,-9.390858
-0.5941563,1.162165,-2.8676012
-0.17814718,12.569536,5.68648
-4.277732,13.004082,11.515023
-4.7607274,8.2711525,8.720124
2.0715575,-4.2374997,1.8379803
-2.427218,-9.895338,0.83009183
-2.4621265,-9.550775,-8.001599
-0.1655064,-7.9988427,-7.945898
-2.9888732,-2.839704,1.060677
-0.8321527,-0.124006845,1.2517906
0.3766927,1.9484841,-0.82730824
2.6218014,3.7123952,-6.666169
2.6433356,8.80475,1.3387983
5.1402254,11.54456,9.392371
5.9026895,0.68314457,-6.604027
-0.39970046,-8.595362,-6.4202614
0.27475515,-8.400432,1.3245691
-1.0757961,-5.764825,-1.2530594
-5.2389193,3.6124647,1.3652707
-3.8361013,6.0282736,-0.3038281
1.293053,2.6596825,5.601988
0.37292308,4.8997326,4.4775677
-2.1875248,-0.37330115,-5.1230726
-2.3694339,-2.097798,-0.6903719
-6.7797785,4.5479913,1.0028555
-5.9841,3.95041,-2.7133472
-2.513971,-0.50577354,-3.0189059
4.4998965,-5.9715443,-1.6224177
6.6872573,-8.568421,-4.166067
3.965773,-1.8128278,-1.4315596
7.9584937,2.3263385,1.6104988
3.3020859,6.413297,-1.230731
-3.6614501,7.250968,-1.5741954
-4.4488697,2.5858893,1.8857634
-2.262766,3.3375235,6.348569
-0.19802427,0.60346967,3.8784595
0.08075572,0.620346,-2.5953424
2.1117024,1.5032148,-8.252507
-2.6692262,3.0018663,-5.4231124
-7.522275,3.4119456,-0.4602739
-8.461911,-0.65913224,5.7915173
-10.182125,1.4536144,12.365578
-4.223094,0.5511814,10.929264
2.1034155,-2.3540034,5.3332505
3.0245953,-3.3332372,-0.08497324
9.381782,-1.0794002,5.48563
11.263811,0.75808054,1.7594769
3.6149375,-2.7972736,-8.26633
4.5653467,-3.115586,-7.37258
2.7692943,0.4539621,-4.106181
-6.1163945,3.0503004,6.6487694
-6.052193,4.6766424,10.925886
-1.8741815,3.2585816,5.7777047
6.1817827,-7.144878,3.9209695
13.320609,-10.498033,3.9225688
7.4146547,-2.9603796,-0.061752856
-5.490073,-1.3095257,-7.954674
-12.368918,1.3014286,-5.0023847
-8.311674,4.8115406,7.145758
1.8344222,2.59297,7.0734825
5.85902,-1.0746744,0.22887106
1.0079786,-4.127254,4.1978416
0.040138967,-5.9532094,6.2462926
0.1503739,-0.87049824,-3.6259003
-4.8032594,4.203983,-9.776134
1.3024781,-2.6867647,-1.4225221
12.32787,-6.5622425,2.1671307
3.4142337,-2.571224,-1.2342199
-5.533461,-1.3026044,-1.8336394
-0.47116032,4.525288,-4.177546
-5.4882927,10.982924,-5.6958237
-6.2996187,3.5576472,-4.2974515
-0.47489655,-3.6672082,3.590548
-4.227794,-7.452882,-2.5706792
-0.34276146,-5.344666,-0.08479748
3.6818554,3.6273537,12.232685
3.8594038,1.8227104,1.958645
-0.44837248,-0.12638156,8.379056
-6.020335,0.8390193,11.645476
-2.4695575,5.21056,-3.2938118
-0.103470564,8.818346,-8.740105
9.678062,5.513001,-2.0577006
10.641769,6.868326,3.9848862
3.8593924,3.7185802,-1.0480466
5.4176903,-6.0171013,-3.0747404
-2.1241536,-5.1306343,-7.3340006
-5.667047,-0.86377424,-5.933752
-2.2649581,-1.0713228,-0.8264911
-1.7071306,6.393125,4.2570553
-2.4549515,4.8633013,2.6499493
-2.7888515,-2.3095396,-6.6971464
-0.64058894,-4.1819777,-6.720085
-2.94718,-7.1525373,-5.943383
-5.8150043,-1.0674211,2.1275523
-8.156969,2.7974072,4.5492034
-8.034841,5.181076,0.071174294
-0.35043016,3.6343439,-2.0446851
1.650754,-4.577309,-8.069658
0.47612587,-7.502125,-9.587872
3.2905552,-0.46312186,-0.37796995
7.2502728,9.478347,5.9791155
9.951229,4.448207,-1.9234377
5.929814,3.6036596,0.7216523
-1.3464713,-0.78489035,-5.6897755
-11.479769,-9.3024845,-12.521053
-13.63877,4.06525,2.6138215
-2.9094205,13.5756,-1.0398993
4.996201,12.046648,-0.8679754
8.693549,0.31147245,11.242086
5.557874,-14.990868,6.649595
-1.7146544,-13.94861,3.529499
0.10487313,-6.1578836,6.0877714
0.8356335,-1.1646514,0.79506606
-2.3861294,-1.4492774,-2.5047646
0.41174957,-3.3695328,-3.9517817
0.023422068,-2.8357153,-5.2010603
0.023096254,0.40370873,1.3894633
-1.6083742,0.71556795,-7.061448
-5.435776,0.10810925,-16.214407
5.827887,-0.7321646,-4.9460244
15.975126,-5.334851,5.0637903
6.3199706,-3.1133564,5.271084
-8.69648,-2.9462042,-2.8140752
-10.1634,-0.476925,-3.4254827
-8.436037,8.384661,2.2114587
-10.660651,9.044496,4.8781815
-4.1747956,3.7604516,3.251511
3.77682,-5.596309,-3.9127293
4.088133,-10.822175,-4.6228285
7.17681,-8.365632,-0.8211701
5.3577147,-3.4089718,0.5801372
-7.5196586,2.7768788,2.1845608
-11.281211,8.974017,14.83194
-7.355153,3.856608,13.170284
-3.847442,-4.72542,-8.999207
-1.2659432,-4.0344186,-9.683389
8.589304,-3.60893,-6.0225344
16.835539,2.166369,-8.412901
8.922658,0.34215102,-5.0734687
0.057369683,-3.6477888,2.7985759
-9.896986,4.299136,7.0019417
-17.622688,4.353506,-5.157353
-11.7960005,4.3584414,-3.734199
3.727109,4.1842213,3.7662067
14.276659,-2.5727546,-4.431472
16.065142,-10.040558,-4.242155
13.378876,-10.591685,5.8036647
1.3357986,-1.2422444,8.8348055
-13.455092,3.2438784,8.993106
-19.459208,3.6047688,8.020786
-9.243574,5.951955,-2.917841
7.711741,6.4626284,-7.637928
14.97566,-0.4318613,-3.906611
11.887741,-7.697368,-0.21870615
4.18243,-10.86191,-2.8612258
-5.92272,-8.939743,-7.830389
-16.627888,2.7332106,-3.670565
-17.712894,12.688694,-3.5533495
-8.442576,13.366726,-0.30759966
3.4873347,7.2045665,6.673483
14.777093,0.016241476,5.1234374
19.656895,-7.3675947,6.950209
15.038013,-10.34962,9.593193
-2.1904335,-6.978475,2.2523377
-18.690718,0.20925826,-2.855245
-19.995167,7.434979,-5.4122415
-10.473666,6.6393914,-7.281456
7.290017,6.9023304,-1.9500245
15.692462,3.958131,3.2429678
9.614399,-4.6443553,11.668736
0.8952602,-3.7453277,12.75385
-5.1056175,-2.2610285,-0.6381454
-3.8025982,-5.478787,-8.649329
0.10131212,-0.89876133,-7.928686
4.606319,7.7209444,-5.9577894
3.2555313,9.43947,-2.1824338
2.074385,2.8797226,4.821781
0.4443705,-1.2750899,6.6028023
-5.512412,-2.9658406,4.6754484
-3.2159956,-8.098587,6.469311
-0.2258391,-4.762024,7.55955
4.280345,-1.0409262,2.4484193
3.998131,-0.5659748,-6.5390615
0.82063335,2.9998276,-6.4534907
1.3028617,2.5224235,-1.6048104
-5.7298293,4.079723,6.7089596
-3.2304108,4.5059485,18.454132
2.645376,2.1461115,7.8535743
-3.7006884,2.4591634,-8.355015
-5.9333334,0.13333449,-3.933447
-2.1722758,-2.585964,-5.144232
-0.46724397,0.038238637,-6.626862
5.381939,3.3639114,6.181716
11.049765,1.8532306,6.6331844
6.919438,3.3173459,-0.31031752
2.667645,1.5927767,-2.1107347
-0.57190484,-3.7898417,-2.7260876
-3.644744,-1.6521912,-3.7613068
-2.0371974,-2.0366457,-3.1353447
3.064262,-0.8649019,2.7321756
4.56009,3.6226332,6.4205346
-0.2389955,-1.125197,5.389539
-6.741314,-7.7565413,0.94290954
-9.593887,-11.438537,-4.80414
-2.9099214,-14.211209,-13.548405
1.9904599,-5.7701616,-7.8951716
7.0229125,7.263,3.0505998
9.598237,12.82967,0.9486278
4.9342513,10.737283,5.9139605
1.3579878,2.3017116,1.6384134
-7.2701483,-3.7543278,-3.0146537
-9.6977825,-7.3582964,2.3590138
-4.553051,-4.23752,-0.96472543
3.3413754,1.9086456,0.28740114
10.196524,5.204,0.99919635
8.37032,7.193502,-4.6140723
2.0613527,2.4951863,-7.0387
-5.665596,1.531721,-3.4184299
-5.9352784,0.6553152,-2.0262961
-4.7548704,-3.1507807,-3.1752357
0.15062596,-4.2135425,4.097287
7.2014823,-7.947268,8.074217
3.1999564,-7.060231,-0.6670492
-2.7009158,-1.8579836,-5.6439705
-6.829075,0.08020029,-5.3138843
-6.474142,3.1538181,-12.374268
-4.890409,6.1983514,-5.804291
1.8123995,0.07515578,7.930672
8.113965,-1.7055819,4.7330313
5.0358734,0.9599419,5.409877
6.3013973,-1.7366064,6.2566376
3.1329756,4.9154425,1.9912829
-4.34437,6.0666494,2.9063478
-9.815322,-0.12139004,-3.4371967
-6.932956,2.8380957,-3.2862082
1.3086046,2.7216277,3.1994417
0.42169267,3.6299412,-2.4565103
3.5879211,5.4796624,-1.9759806
5.706841,3.3496432,7.358685
2.9547808,4.246851,7.999641
1.0384903,0.93473744,-0.786023
-4.702169,-1.9748775,-4.900318
-3.5158465,-2.5673661,-2.8711548
-1.385471,0.7238594,1.2861136
-1.0165066,2.949853,7.1611886
5.0005054,-3.777359,8.508876
4.4548807,-1.4202856,2.3426003
0.48240796,-2.508865,-6.250453
-0.06884714,-4.7568073,-6.313111
-3.9958172,0.6890012,-0.99380314
-8.550715,1.7519736,3.1744657
-9.43404,1.9582167,3.3165362
-4.0150104,1.0245883,2.7593331
7.1993155,2.3206646,-0.26537913
9.521179,-1.9258313,-3.6297445
3.891282,-4.2841783,2.3404558
-2.8877425,-8.9864435,2.950333
-9.431799,-13.031219,2.1267896
-8.174581,-0.95695037,5.576095
-4.8004932,-1.0833253,3.9813128
3.6483405,-1.7935954,4.3347807
7.853474,0.6629791,0.8755022
1.4715817,-2.7019155,-9.807181
2.6518793,-0.57319015,-10.141393
4.2221117,-1.8395114,-3.8676267
3.592885,2.2745423,-1.1104319
1.9697095,6.8203964,4.217794
-2.4138572,5.114668,2.9312382
-6.2006598,3.395497,-2.5775888
-6.4345465,0.84660655,-2.940852
-0.23386386,-2.044953,-0.34346536
0.49863052,-7.5689425,5.3409986
-0.13347262,-7.4856796,-0.105514236
-0.5571316,-1.1181889,-8.255071
-2.9910932,4.037286,-2.781273
1.4951692,-0.75112927,1.1819508
3.1370971,-11.530252,1.6668346
4.653149,-11.409204,7.676253
9.314123,-7.2210426,9.199364
5.835374,-5.100587,0.23454112
4.5923333,-2.9802089,-4.1666393
3.0589237,-1.8806977,-3.1413202
-4.107504,3.2350545,-4.47485
-1.5814829,4.25198,-4.3923426
4.161171,-0.6051663,-2.7658064
7.896915,4.354457,3.486746
2.4727833,8.481287,0.9942149
-8.617115,0.39720285,-3.5908582
-6.0584908,-1.4400682,7.9357886
0.79143655,1.3637668,5.2637825
2.5900717,0.5876576,-3.9380085
-1.8512347,2.340078,3.1718829
0.3597712,0.5101961,8.20773
2.541746,-0.6668518,4.2396502
2.1128175,-1.6177481,-6.648792
12.1349,-7.7333646,-10.568242
11.712567,-2.724927,-1.4508324
0.9717365,6.1338773,4.6865377
-11.794998,5.1362295,2.838941
-12.059161,5.0185547,0.995313
-1.2721708,3.9259999,3.2135077
2.8858132,-1.0913275,0.36251488
6.4130206,-4.303629,-3.3501241
2.7301383,-3.2377608,-1.1594735
-4.7450595,0.48037347,-2.918651
-6.4733257,2.5623093,1.456872
-2.8165073,3.295502,2.5547516
-0.6681255,1.3077973,-6.9133644
0.14132585,1.1313258,1.2088114
5.2040253,4.0329638,9.662463
3.0766368,0.9535031,3.9860737
0.14690381,-2.2421122,3.3132787
2.0394948,-0.21801275,3.778294
-0.9234422,0.4456297,-0.9337667
-0.9123126,7.6388965,-2.397469
1.9859511,14.129592,4.901288
4.1727962,10.43993,7.4638224
1.9440919,3.9151382,-1.2071767
-2.787278,-7.8933177,-2.6070495
-0.9741544,-12.176277,2.7301342
-3.8496187,-9.316484,0.34779793
-6.7691755,-3.2421203,-7.2362533
-8.952305,7.2905254,-11.706477
-6.5606704,9.611778,-5.108404
4.04568,5.988864,1.2512676
4.5195785,0.3734062,3.0544465
6.213397,-5.2416058,5.304983
8.490476,-7.9295807,1.1622652
4.451144,-9.419765,2.4962072
1.4729549,-10.289333,4.239157
-4.335927,-2.552129,-5.26274
-7.495415,7.3219852,-9.624486
-3.1442673,12.301545,-4.021341
0.56260914,15.984117,0.56507987
0.03179446,10.0788965,-0.7620684
-0.3438533,-3.2813828,0.7934318
2.1736012,-15.201647,8.5271435
1.7991625,-15.513219,4.0453563
-2.743418,-1.4960738,-7.1755676
-7.9728904,12.250804,-3.6148462
-14.758623,15.215448,0.06428959
-7.649648,9.007484,-4.1864266
3.17526,-1.0688184,-4.697168
7.651557,-12.2462015,1.264038
12.214332,-14.354753,2.5834146
2.7983208,-5.4836874,-1.307484
-3.592851,1.3166634,-2.0333292
-3.1509337,6.3194146,-4.9634857
-9.375685,5.9615874,-0.5260614
-6.072462,-0.8926412,5.3389792
2.81827,-4.3510747,2.006537
3.0016668,-3.1729975,1.7075394
3.045306,-1.5914257,-0.49950472
2.056126,-4.533963,-6.860406
-2.7328274,-1.7628372,-5.0049744
-2.846829,1.0652465,5.6039743
-4.552863,0.046994254,10.497605
-7.714918,3.7426238,7.0908475
-0.37456754,0.74321663,5.0342913
7.4280715,-2.46844,0.5737526
5.784954,-4.6292477,-3.4044144
3.6292217,-9.658884,-8.8939905
-2.0980265,-4.974972,-13.90909
-8.135367,7.1184464,-1.2218422
-4.9584436,13.719265,7.4765916
0.074232265,10.869512,7.536384
3.234311,2.4604564,6.892877
4.265101,-7.4180374,-0.79029155
2.4615393,-11.741503,-3.5319204
-1.54187,-10.734597,-8.252945
-4.290961,-0.91595125,-5.838512
-2.3287866,11.978601,3.2663968
-0.033708,11.866561,1.8126318
-0.09229073,8.773337,4.899847
4.23802,4.6127076,1.3806995
8.181688,-6.407506,-7.428717
3.4883528,-9.613951,1.0076059
2.532436,-4.581226,5.1649957
1.7212226,-1.8448266,-1.292495
-3.0993848,-0.7002937,-4.243335
-1.9737877,-1.1047848,-6.613916
0.21751283,4.226389,-5.6058774
4.4222345,7.6544886,-1.9493864
8.512029,2.11699,2.0383198
7.8539276,-1.4703074,5.7481403
3.8410978,-8.094082,2.651569
1.2690909,-11.472565,-0.5081715
0.25207213,-7.351522,-3.7399404
-9.376998,2.5616434,-9.776057
-10.24698,13.440677,-4.0769553
-3.0261245,13.5489645,4.930666
-0.78440166,9.3408165,4.59738
8.455992,4.4729724,7.6773033
9.568331,-2.6662064,6.2633586
3.0340455,-9.640312,-4.5878863
-2.0734103,-8.602624,-4.9904904
-8.436534,-2.761784,2.0793233
-6.596144,2.4832177,3.832445
-3.0138874,7.1697907,-3.2801297
1.9934468,9.532614,-7.3158965
3.3582208,6.2028894,0.38633418
0.6014247,-3.4987602,6.5134606
2.7832227,-5.6301584,6.1069846
3.1400745,-8.605492,3.3267794
1.3056507,-7.404189,-2.1371968
-2.3947055,5.349271,-2.8757079
-4.100485,7.733042,0.6860322
-6.9594965,8.448425,2.848338
-3.5080626,8.798217,7.634187
8.548832,-1.3992671,5.469815
9.968073,-9.116428,3.678086
9.201351,-10.236411,0.08205967
4.3357735,-11.020067,-6.333019
-2.095043,-5.0483637,2.842965
-1.2728382,2.1079962,6.4945526
-1.4704592,0.10374384,-2.2459207
-2.7718167,0.3328897,-4.7684603
-4.97057,-0.80017996,0.7332339
-4.152756,-2.3881028,5.914838
-4.58551,-1.6667148,7.764929
-1.4585105,-5.15555,1.5630256
6.7541623,-4.4182405,0.7873676
9.221922,-0.99466217,2.283405
2.1237593,0.9303376,-11.352174
-6.1748614,2.1359413,-9.805905
-8.41971,4.3427644,0.33315387
-11.707768,2.277712,5.1654844
-5.849074,-2.2300348,6.0435824
4.652156,-3.4964,-5.998742
9.747139,0.1354534,-2.1126466
13.00961,5.893344,4.715426
9.285969,0.37973776,-2.2843592
0.4009819,1.4668629,3.5007825
-4.2425256,1.5739763,5.402338
-3.1703093,-4.9393563,0.33192012
-1.8570981,-2.0637617,3.0765402
4.30606,-2.5064433,1.0619061
5.4594345,2.5561073,-1.1921883
-0.24208944,2.7980793,-1.3001238
0.80225974,0.30302936,-0.47486958
-0.8967318,5.1715093,3.320555
-3.8148534,-0.013546891,2.16291
-2.6165633,-3.261356,3.9408493
-0.46641904,-1.4119022,2.7522075
2.6558542,-1.5534488,-7.531847
1.809709,0.181891,-5.6153584
-1.0751215,7.245937,-5.135868
-2.976007,8.80835,-10.013437
-5.8345933,4.081174,-6.7285495
-7.810282,4.54925,-4.5923114
-1.6345549,-0.11523459,-0.22865668
6.323146,-5.5819254,1.640258
3.4863303,-5.291606,-0.6898945
0.45309657,-2.6677265,-2.2405243
1.5326723,-0.36859787,3.802844
-1.4666485,2.2275295,4.862176
-3.4540198,8.708642,-5.8788233
-1.4489533,4.070739,-1.9196951
0.5065061,0.91655016,2.1948168
1.5250252,0.9690761,-0.63164103
-1.592422,-6.915023,0.15546039
-5.5618377,-4.9129477,-2.4145548
-5.721244,-0.8748045,-0.9157295
-3.7467644,1.4133651,-0.2735476
0.14662081,2.1192424,-7.0706377
2.9567401,2.8377907,-0.15558288
7.004278,4.1797404,6.7024126
5.5779653,3.250452,1.829616
-0.21046786,2.4071896,2.5670824
0.19810864,-5.4265,-1.4474025
-0.57026744,-5.1698465,-0.45091966
-2.154413,-1.1508579,2.099736
-2.0605369,-1.6637657,1.4819853
-1.5194094,3.2151024,4.66336
1.352092,3.8205376,0.1976848
7.078658,0.70598704,-1.6579018
5.6890607,-0.69357604,-1.3213266
-0.40654165,-1.7244029,-0.91590405
-4.976061,-3.1682024,0.0072526373
-13.062059,-1.1051663,1.7989719
-10.590219,0.43202642,-2.7245126
-1.8784268,0.5065832,-3.6330671
5.7677584,1.1822206,4.6401744
11.2576475,-3.962691,-1.380795
6.986855,1.117525,1.1997352
5.4149275,2.5309782,2.597773
3.0587335,-1.9056481,-2.2421885
-2.4640958,6.1941204,6.572828
1.0666465,6.9269814,5.081523
1.5612614,0.11679225,-2.350858
-5.9962916,-2.3794436,-0.81379205
-7.4623637,4.2468524,-0.23909418
-9.165233,2.2402067,-4.894693
-7.56576,-1.5209756,-1.0935224
4.644761,4.9460006,1.8531183
7.16031,6.625346,-1.9895175
2.464425,5.8802385,0.53906584
-1.2405468,1.6138633,5.97549
-3.7958796,1.0423609,1.217779
-1.6821998,-0.5126015,-5.2479873
0.80397654,-2.658163,2.9549675
2.8646176,-2.6394205,4.278538
0.25988603,-2.3549,-2.259866
-3.6211061,0.34977767,-4.3555465
-4.3876867,-0.14846846,-3.5543485
-2.1905944,2.5125022,-1.0467409
0.9118052,0.9447793,0.99724096
1.1117003,0.7970555,6.251678
4.188613,3.0256376,4.3712234
1.2873443,-4.930901,-8.474315
-6.604916,-2.8129263,-11.4087
-2.5862062,4.3166924,-2.2220185
0.47726363,0.3434445,-0.38658983
-3.519613,1.6392527,5.0370812
-4.497944,1.4508728,4.4889
-3.5817938,-2.0253804,-6.8478866
0.50396454,-1.3712432,-4.592881
2.2373285,-3.807854,-6.0103936
3.4417741,0.95058197,-8.62102
4.008696,2.2889044,-1.349366
-1.766046,-1.6697001,4.267224
-4.1962256,-0.6056876,4.2417073
-8.1426115,-0.36903346,0.016950497
-8.411958,2.5934489,-3.2081945
-1.596229,0.82136273,-0.39273867
3.2529018,-3.1467054,3.3316114
7.969634,-4.0327225,-0.9971836
5.750402,-5.9115505,-0.113306895
3.553291,-4.8692627,1.2295207
1.1402147,-1.7369087,0.36765957
-3.938859,0.31531164,2.4233186
-4.4684215,-1.6185024,-3.3515096
-5.588672,-3.494878,-2.3455055
-0.03807562,-3.53359,4.745432
4.632559,-1.3389778,2.845782
1.3539506,2.5617113,-5.2502875
0.825965,1.7409523,-6.068515
3.6318564,2.685687,4.712079
2.0386808,0.76462007,2.879989
-4.233676,-5.2275324,-4.3833485
-1.6973156,-3.1829329,0.78082854
-2.2422638,-0.24289791,-3.6398404
-2.445472,1.9098263,-8.33483
4.7433724,1.6775045,-0.9731106
3.6413052,-0.025470275,2.3979788
2.8327446,-0.39027262,1.7260276
0.5430477,-3.060239,-2.0557034
-2.0281494,-3.394834,-4.555038
-4.6357656,-1.2186741,-6.6502194
-4.960003,6.656267,-1.8784088
3.231421,7.5417023,2.7178018
1.941342,1.6747077,-2.3729527
-0.82124466,2.3421342,1.1813004
0.7288758,-0.45404363,-2.095194
1.1017821,-0.76389647,-4.313427
4.5127616,0.29190534,9.120873
5.9305806,0.1417655,10.058236
4.322886,0.013683799,0.38089785
-2.3281589,-7.034377,-4.696274
-5.87122,-7.237838,-3.3688684
-3.615431,-3.282285,-3.5154495
-2.1428041,-3.534099,-3.1764178
2.1371212,5.480734,7.6615925
1.478368,11.090825,8.924641
-0.09015079,5.207056,2.807444
-0.9364878,-1.26545,4.042776
-2.395927,-10.192131,-2.1937401
3.7136128,-9.57268,0.22601248
4.158627,-2.676751,5.737674
4.423594,0.076424226,-1.698203
5.6560225,6.8528976,1.7872412
-0.9319886,6.626479,1.1820863
-2.7870553,-0.619946,0.8975248
-2.4117699,-4.8502955,7.0518403
0.8193581,-9.175159,0.84484184
1.0505426,-4.3117657,4.075583
-2.6246428,-0.78726405,2.6029212
0.5649946,-3.848381,-8.866997
-0.20265678,1.6668645,-2.632839
3.149609,1.4529372,4.0714097
7.1505775,-2.8076115,2.174257
-0.31836993,-2.328161,5.9424872
-5.4423976,-0.31885827,5.9738383
-6.908067,0.907443,-5.263613
-3.9794629,-1.9342344,-7.1921945
2.422054,-4.789179,-2.5528436
5.4879336,-6.6808243,-0.38888475
2.7151322,-0.41,2.1795394
-1.0741966,5.4747896,-1.7064409
-2.9928544,6.9758544,-1.0313786
-3.707848,7.638042,0.88802195
1.3376132,4.2658772,0.7211324
6.5676694,4.8884964,4.5164967
6.6995955,0.43701452,0.33350426
0.77870005,-4.809877,-1.779785
-6.9399652,-0.42081186,0.84120494
-10.040946,4.446033,-3.0848708
-5.613658,4.76228,-1.6834292
0.1449531,2.6234941,6.584706
2.6346223,3.0030563,4.7304583
5.386752,0.7161248,-0.7537276
-0.22768682,0.28439498,-5.878456
-7.323476,2.7754922,-7.195816
-8.141518,1.531733,0.60703415
-5.068164,0.8678404,-1.8347338
-2.0215855,0.7064511,-1.7927532
-3.9131606,-2.9958327,1.4104991
0.17819251,-3.203872,-5.233608
3.1442933,4.213261,-9.297374
3.402808,1.7668626,-5.823972
6.2088013,2.4781098,5.091703
3.5511272,5.722054,5.4363666
0.35105345,-5.376592,-1.4665
-4.388325,-4.183449,2.636006
-6.4587874,1.5995411,6.944384
-3.3487117,-2.030326,1.8158021
0.70693123,-0.458893,5.316237
7.73809,1.0809926,11.020774
6.8177547,-3.5296755,1.5426229
-1.1367399,-3.8337994,-3.6300938
-4.077746,-1.6140482,-10.420141
-4.0169864,-2.8146791,-8.214569
-1.9591826,-0.6584159,3.6126993
1.1141982,0.10801137,1.0404884
0.15135022,1.3197682,0.8239377
-2.7248535,4.990158,-4.9298754
-2.7433026,5.2495995,-11.853585
1.4603834,2.8902583,-8.966944
5.3708363,-3.902178,-3.5948563
1.6642066,-5.1931767,2.0768824
-3.5045733,-2.0966194,1.5044227
-2.091007,-3.3305924,5.253026
-5.3852725,-2.2629414,2.4606555
-3.8237672,1.4361876,-2.5266068
6.819015,5.6021333,4.4284153
4.3514833,2.1313975,6.588897
1.1858578,-4.549395,-0.4941161
0.46093094,-2.1796737,-8.428643
-2.3880646,-0.77432454,-6.3053064
1.6368057,-2.4819064,-4.555918
5.007609,0.95382506,0.93605685
3.918627,1.1974962,7.333988
3.375673,-0.37837496,2.0680902
8.298429,2.9158094,2.3914702
8.733696,1.165503,1.024373
3.7390797,3.693493,-1.4111978
4.1443377,7.6349926,0.91113347
1.188976,2.424759,0.8085291
-5.386068,-4.8542,1.8221581
-6.3145523,-11.974581,6.003663
-2.9041877,-14.261697,3.789947
2.2529798,-10.513969,-0.87039137
3.590093,1.4035643,5.887107
3.8687801,6.842796,9.127508
1.140913,3.0676208,4.1197925
-4.536105,0.20665081,-3.9467545
-1.1794515,-5.376478,-6.598223
-0.0032446652,-4.354078,-3.9970167
0.60422575,-1.9274402,-1.3685207
2.5566647,0.10369249,1.0807154
-1.6300927,5.511492,-3.2790468
-1.7541003,2.4944093,-2.6642356
4.0610356,-1.0150888,-3.3162813
10.075441,-0.15911941,-3.3148148
6.68754,0.43368623,5.653623
0.015163772,1.2118394,7.999095
-6.695622,0.8139482,5.708566
-9.026062,0.63426703,4.2676115
-3.9802506,-1.8787785,-1.1736716
-2.1549852,-1.902303,-2.5020552
3.9007864,3.3910656,6.0368485
6.6206717,7.5605345,6.6489935
1.8870614,3.6669939,2.3416536
-3.6043518,-6.01203,-0.21996045
-5.1217575,-11.012705,-8.352835
1.250359,-7.65001,-7.0460906
4.8160176,3.3729208,1.9593654
0.21259156,8.652247,1.1046199
-6.30896,5.7938647,3.335552
-1.7226623,-3.038593,0.2492685
1.5287763,-9.836995,-6.3447866
3.364363,-0.62660205,3.5638425
8.464182,6.4219484,7.769967
2.3207526,8.881525,8.088533
1.5932289,4.6627264,3.7594178
1.1491666,-8.651284,-1.3449931
-3.191414,-10.978347,-3.174537
-2.9943051,-5.3020935,-9.940288
-0.046279382,4.5074124,1.1182003
5.0072126,12.980361,14.249112
-1.0489602,7.0592175,6.5777864
-3.8319302,-8.758465,-5.678092
-0.14503407,-10.345597,-4.869525
-1.627751,-2.469844,-4.685068
-1.220756,4.1946683,-0.2996292
-0.45149165,12.98558,2.3828115
-3.2608225,7.569294,-10.93398
-2.3051474,0.6418737,-8.2794
2.7498236,-3.1544673,1.1392957
4.7695007,-2.6400545,9.2671385
0.8566283,4.1972685,8.087938
-5.2707415,3.9800272,-0.20050433
2.0821974,0.74276614,0.13814576
7.589617,-8.552185,-5.8749485
2.3416936,-9.531125,-8.604088
-3.51749,-2.154491,-1.7672894
-9.500213,2.2484217,6.808126
-8.503099,4.312301,2.1914978
-7.479845,-0.027082093,-6.711433
-3.3872545,-3.0856256,-8.881389
5.464503,-3.3766787,-5.3099785
4.752874,-2.3566306,3.1583219
-1.6185888,-3.7690148,1.9003692
-1.0901799,0.4540702,-3.6278417
-2.7303975,6.8755083,-12.08034
-1.9575511,6.240394,-9.301982
3.232248,7.668981,2.8704255
-2.9781806,-0.05797586,4.983462
1.3520604,-9.404903,4.8922706
8.875,-11.344191,2.1559932
3.4925244,-8.475756,-6.003085
-0.22223678,3.5050611,-9.76682
-5.473492,11.382521,-2.81462
-6.2328086,14.507346,6.205154
0.48888943,10.2144,13.461362
3.7825835,-1.4175428,4.1143804
2.424817,-9.885547,-3.2812312
2.8042488,-10.34831,5.147429
2.3464828,1.1385621,-2.247949
-2.1943264,6.6991286,-5.567891
-4.7104425,2.2555335,-3.4028125
-7.2347198,1.7960804,-2.2061744
-3.7604337,3.3976367,7.483428
6.7334743,1.9770879,10.046021
8.134582,0.5583314,9.511658
5.7414417,-1.7456906,5.1806436
2.000974,-12.283947,-6.365718
-4.286188,-12.3706875,-11.746026
-1.0815934,-1.0686747,-6.1739216
1.6113341,3.988317,0.26364103
-2.136056,10.318667,9.083582
-0.5091544,9.285311,13.25352
1.7943732,-0.1572191,7.3197355
1.3456188,-10.3856945,5.3189626
4.746975,-15.600725,-0.5215556
1.1504328,-6.930737,-7.5572104
-7.3057494,5.9285946,-8.362953
-11.019559,15.674393,-10.470076
-11.455559,15.447359,-0.15363401
-3.0976663,6.3915734,14.605174
4.2780933,-6.987756,12.013901
9.8808155,-15.843406,4.760179
10.978433,-10.305122,-4.890175
1.8071731,3.9089901,-14.058066
-6.2529144,18.535995,-5.78315
-6.388166,16.642004,3.102835
1.6207198,5.500033,1.3031496
5.2829294,-1.5631,8.31469
8.57909,-7.514462,10.333087
2.894188,-7.6263423,-2.4811459
-8.516735,-6.539752,-7.583898
-4.3821735,-2.5653293,-4.368623
-4.8037796,2.4775,-1.4369856
-2.5177286,-0.4491778,-0.31924334
4.8137994,-5.405676,4.7353086
1.3207105,-5.305517,6.7083344
-0.5157273,-1.1821948,-0.13421342
2.058131,-1.132621,-0.21641873
1.2167503,0.13632013,-2.0773137
-4.2932253,3.1118498,-12.132986
-2.0009754,0.48555085,-10.024911
3.2959769,1.487322,-0.078205965
1.7667207,3.8514097,3.9910371
-1.0930632,3.9616883,8.006828
-2.5444283,3.2955945,6.9402328
0.57123697,-1.5206015,4.0892797
3.060969,-2.1515708,5.8974733
3.271865,1.0498521,-1.9068996
0.61811244,-0.52593327,-9.115557
-6.0358596,-1.2914519,-1.9408726
-8.83528,2.1649888,1.8350383
-6.36878,-0.55347306,-2.9899437
-3.3010542,-4.0870676,-3.2251613
2.2775443,-0.6880514,1.9069017
7.2349186,-2.3423865,5.712996
3.8739219,0.32670918,1.761705
-0.2026196,4.454065,-5.3764596
-1.5731322,-2.621035,-7.395286
-2.6467576,-5.5849195,-4.5292273
-3.019272,-1.5858591,-1.535814
-5.127902,3.5339804,0.22970268
-2.4544623,4.4737597,6.359374
0.37920398,3.764431,4.90016
0.06476609,4.609701,1.2388728
5.948315,-0.9404868,-2.4042184
3.498931,-6.153827,-8.055834
-1.4505026,-1.5683253,1.4675403
-1.0409619,3.1605918,1.3964348
-6.955735,3.8805838,-1.5348572
-3.4531238,3.5870738,-3.2194262
2.4284039,3.3593068,-6.6821218
6.1714396,7.1614585,5.369371
9.85625,6.8566236,6.83238
4.676965,1.861292,6.2167454
2.443587,-3.5775127,0.10816326
-2.976638,-5.381328,-14.887137
-5.8496943,0.120773934,-19.611609
-6.675203,6.378092,-8.154614
-7.180729,9.98333,9.843054
-1.2478065,7.1249495,5.286695
-2.689328,3.9952192,3.5304182
3.375456,-2.1022935,2.51049
7.66359,-5.92655,-2.7587812
3.0573575,-2.194761,-1.1974956
3.0671854,-1.9039732,-11.276223
-1.3614542,2.9249942,-8.694965
-5.3915954,2.0503387,-0.0029839335
-6.886147,-1.8224087,3.866278
-2.7548513,2.0657089,8.285638
3.5548563,2.420414,2.2855854
6.8959136,-0.76710373,2.7167187
7.050801,-1.3939271,0.55162495
3.480336,2.5639734,-7.795873
3.6672528,0.72355837,-4.190805
-4.0266447,3.0321465,3.6309977
-9.631617,6.847578,7.11539
-1.5211151,2.49914,5.997472
3.0305793,-1.881505,-0.53399545
4.080658,-6.152403,0.28668582
4.640595,-1.4128873,6.923653
-0.24629013,2.0770369,-4.5792017
-7.7784944,1.1843027,-7.4793296
-6.5072746,-3.7064016,-3.5032568
-2.2105453,-7.2344117,-4.966329
2.2481062,-3.359768,4.7881274
7.430934,-5.8053813,2.2642696
3.931454,-0.8117657,1.347361
3.200202,4.484192,-0.6699816
-0.44105098,2.8246953,-8.058288
-4.992263,-0.21250086,-0.49665603
0.26981634,-5.6051497,3.363118
0.7246915,-5.7849565,5.878194
5.1264153,-5.1714463,8.639255
7.3871675,-2.21479,5.368368
1.0123532,-1.8547741,-1.1345124
1.1365293,0.43338174,-1.1016543
0.82543457,1.444365,3.1196384
-0.99823546,-3.973041,2.3794477
-1.404976,-5.1418195,-1.5030118
-1.0697931,-6.5342,-5.266326
-0.6318782,-0.5777576,2.047499
0.8805187,4.784094,1.9622612
3.1835773,5.040245,0.69006664
2.8111706,4.111458,5.2356467
1.0751045,0.58024246,-1.7836632
-1.3018123,0.5540999,1.7093565
0.04872107,-7.0188875,4.599746
0.5527009,-7.8969383,-2.7248476
0.06582185,0.33337957,-0.98815614
-0.566175,0.61316967,-1.2011905
-4.9436274,3.7674785,-2.5120432
-3.6077924,7.0264325,3.3276649
1.00519,3.2651842,2.963701
-2.5917993,-4.6051235,-1.119889
-5.0724397,-11.220164,-1.5209688
2.4971662,-12.248794,-6.605436
2.792902,-4.7168965,-8.935035
0.6480462,7.130162,-8.100933
0.68402284,14.734608,-2.3587115
-6.2660418,12.575503,9.502384
-6.2931046,0.095311224,6.11474
0.7151924,-6.888662,3.2322986
5.8391,-10.620113,5.561223
3.6426532,-12.326627,0.936667
1.0235258,-0.31831685,-0.8598656
-3.4102633,14.189027,-6.4789243
-9.839844,17.025291,-5.1447425
-1.3368872,11.661982,8.059587
6.18909,3.4156117,9.608278
7.837689,-7.931934,4.6072145
10.208377,-17.123999,5.4175377
6.9978786,-14.606953,-3.8842194
0.3017473,2.4138465,-10.722475
-4.9008574,13.638044,-3.3210514
-4.5101433,13.991672,0.04926057
-2.8704886,7.8844237,3.3962939
3.763087,-6.494066,6.713223
7.131908,-15.788446,2.2265098
2.0358748,-11.083267,-5.682712
-0.7946832,4.62672,-2.866119
-5.770417,14.230353,-1.0908142
-10.624949,13.102451,-2.9821608
-4.6463876,6.495113,6.6301537
4.6315393,-5.420704,10.754925
3.3890471,-14.250336,7.5219088
3.992137,-9.9609995,-0.61224645
4.3629737,2.004129,-4.51602
0.36342233,9.455402,-1.9608585
0.39740512,14.281714,-0.6194643
-0.36015114,9.829489,3.8286407
-2.4492927,-4.465002,1.1302286
-4.202127,-7.781717,0.7644585
-2.175227,-6.25966,-0.20227815
-3.1517527,-0.43638456,-3.288311
-2.8209457,8.019057,0.5417475
-1.1321403,1.7193769,-5.465397
-4.490509,0.46080285,-6.5910754
-4.047165,-1.3044622,-0.7085161
-5.2369604,-4.066902,0.25792047
-5.9014974,2.6875532,8.123954
-1.0093814,-0.75306123,6.016579
1.2471168,-8.201591,-1.0122265
8.21925,-10.611329,2.8147938
14.432132,-9.018404,-5.25735
5.3732176,-3.5944512,-8.303109
-0.27875662,1.2074813,-0.52219677
-2.543615,-2.6871302,-4.5157943
-7.968535,-2.5573826,-0.65954584
-4.4165335,0.19089162,0.1524025
2.2832978,-3.4411893,-6.789177
7.7712116,4.1698837,-1.1080768
5.5123405,8.4953985,-1.0677869
-5.042533,2.2104342,-0.25595155
-4.224568,-1.6391882,2.5884469
0.13035053,-2.7940705,-7.440051
-3.978576,2.216061,-7.6981626
-5.6263914,6.1487174,-0.6823351
-6.804672,3.0335574,0.9944236
-4.3182235,2.074519,9.131224
3.3544197,0.80037993,12.603003
8.982336,-2.0446837,7.979276
7.5672264,-3.4269924,-2.7809343
0.22056504,-5.2690597,-14.256917
-3.119487,-6.60386,-14.039384
-7.6252975,-5.628504,-12.6616335
-5.7266517,4.2838645,-0.1525172
1.5253788,8.891956,13.838343
3.6295147,7.169939,13.733229
4.789794,1.413856,8.413002
1.8714589,-12.092957,-4.5082345
-2.7980812,-10.9425335,-14.878846
-9.992752,1.4481517,-17.867659
-7.2789707,10.792347,-11.083014
1.1260213,10.865339,2.7247076
-0.7742699,4.5431085,8.738551
-6.6451907,-4.770254,5.3144774
-8.369968,-9.769698,5.56723
0.74368924,-5.367231,4.9354467
9.92251,-2.2335029,-1.6598351
18.27363,2.1308212,-1.323343
14.181259,2.1469748,-1.9946986
-4.179809,-1.3227363,-5.467203
-10.448556,-2.5491471,-1.3799475
-6.7139635,0.18530183,10.447463
1.0581061,5.759385,18.229218
4.71529,-1.4030262,13.386902
2.6299014,-10.9129505,-4.1210175
2.1876993,-5.0493183,-16.70923
0.20409037,4.381955,-14.344249
-2.2591057,7.2669597,-10.93379
-4.2234154,8.663344,1.6209984
-5.634195,4.5313287,7.7411675
-5.636768,-6.0857835,3.6502893
-1.9489846,-8.220765,5.5026107
0.98648876,-3.8751502,-0.4197083
-1.2313533,1.9758006,-10.560575
0.67770565,9.361384,-14.588587
5.516718,5.066449,-8.484542
4.4159174,1.6258975,-2.8007858
3.32453,3.1223483,4.6619945
2.2069228,-2.2020736,16.054314
-2.841731,-0.7489413,17.759926
-4.902785,-0.1568171,8.083641
-5.9987335,-1.6057733,-6.2542887
0.06512439,2.877024,-7.6751494
9.924293,0.43888825,-8.367297
9.01987,-4.043472,-8.297384
6.0065994,-7.6026454,0.5669144
-3.0555496,-5.9840646,9.05795
-8.808504,2.35858,14.681688
-4.038613,2.9728606,7.31654
-0.66040957,-0.63013214,0.9943479
8.179749,-5.167394,-3.4647405
8.4218025,-8.61326,-15.600554
-3.4538188,-3.3491228,-11.184106
-8.458911,10.368106,5.876194
-4.0283074,17.461916,2.1116316
-1.2472041,11.270449,-0.5455971
0.41659802,1.3253464,11.504627
5.1169662,-7.9596806,7.9774632
3.8147738,-5.737699,3.1123614
3.6734948,-1.294239,1.4641979
0.18908271,1.1907914,-3.1937096
-2.6618123,4.3863544,-4.9214315
2.6680303,-0.013414128,-9.539224
1.9864719,-1.8335189,-0.12252904
3.3256402,-4.371108,14.109745
6.623459,-4.0024543,11.755318
4.0985293,2.2132974,1.877485
-5.667317,0.7739546,-6.369583
-15.090918,-0.19278988,-7.206813
-11.816447,4.4869375,-8.488097
-5.2909384,0.38593534,-9.178387
4.1818943,-3.86529,-0.54114425
9.552685,1.0091289,6.910158
2.2358232,-2.3686306,4.494704
-4.465745,-2.2852688,2.0599253
-4.7096553,0.035404935,2.634288
0.6702201,-1.6403342,-3.7625518
5.3583865,3.5134733,-5.100264
6.940399,-1.1746256,0.47764358
5.4712634,-4.914319,3.2090132
4.3073645,-0.8039854,4.8740425
2.6784132,2.6068861,2.501626
-0.28595564,5.617929,8.437391
1.0394799,-4.0215487,4.8422794
0.11939638,-6.8872066,-15.975424
0.55691427,4.2661705,-11.59901
4.561264,10.559136,0.5547982
4.172222,9.584937,4.1015716
1.0847859,0.8941341,15.211617
1.8610774,-6.056902,10.791114
3.7028353,-10.851433,-2.9799328
3.5950394,-11.721564,-5.4326086
4.451065,-1.5992595,-9.147417
-0.6550447,3.5317118,-8.503357
-5.6817503,-0.34041256,-0.2654143
-3.844188,-2.2591987,7.500116
1.2336246,-2.1178305,8.751346
6.0867553,-3.0726845,3.5066547
3.153125,-4.928831,5.9550114
-0.85361576,-5.910653,2.5071838
