ax,ay,az
-47.39823,-53.858246,-47.92657
-41.605885,-29.219845,-50.725338
-4.3066034,33.387123,-43.439125
17.90715,24.364649,-56.213833
19.379486,-9.736749,-64.34377
0.51214916,-10.520527,-47.338802
-19.158089,-2.1671472,-57.91104
23.029877,-37.899624,-55.985226
74.39096,-7.9789605,-32.983086
7.011332,62.626423,-18.524288
-50.666462,31.07447,-28.091635
-9.4333,-20.219238,-21.404509
25.21451,-23.33506,30.279123
29.064907,29.454742,19.956123
11.989554,52.126205,4.299555
7.26224,-4.8038864,38.874813
33.96874,-1.1484845,53.442272
-5.081593,26.915003,33.850018
-25.948414,0.43673217,17.470219
-7.3931527,-8.77719,31.036165
-30.734985,-20.54638,43.28254
10.1973505,17.040668,27.529152
29.272633,53.442036,23.816462
4.269367,9.470362,51.455902
0.96484756,10.251229,51.897778
-7.1613684,23.03389,64.85319
-9.940735,10.746352,59.785034
-24.53157,0.18999436,21.095488
-13.284386,-2.620633,31.190222
13.186081,-7.6665053,20.623177
13.72903,-22.223618,-2.8249388
-4.7855387,-18.245848,-15.261166
25.855152,-16.317831,-35.831375
12.933134,-3.5029633,-38.10962
-63.65303,9.184589,-44.153976
-52.693176,-22.665344,-40.890602
-20.57715,-49.595043,-20.714027
19.521996,-19.734484,-28.799088
14.501571,1.248359,-56.45045
-14.275076,-17.768192,-60.817825
21.598906,-49.07213,-32.47302
-6.9363694,-37.103165,-15.865082
-61.95652,12.805993,-25.911144
-40.216217,6.8920665,-3.8059506
2.3702383,-28.884886,-0.77280873
35.15373,-26.796541,-24.915648
28.653734,14.726542,0.43447646
-4.1169195,14.998627,15.40859
0.24309191,2.3773608,5.7891426
-4.251025,6.7737722,8.411033
6.084667,-3.5920343,-5.993686
-7.803102,-7.84184,-37.749596
-38.60518,-33.578938,-48.89545
3.1711202,-37.72314,-35.091125
5.4304533,-32.3997,-24.915613
-14.0853815,-5.309572,-26.56079
1.5025427,19.630642,-6.064452
24.869308,6.6052747,-3.0228453
-21.803137,17.298079,-37.591053
-81.57232,-6.478989,0.8658444
-24.747997,-26.30407,41.484978
48.9439,-1.2121637,32.711662
58.983242,14.327083,57.90653
-20.460173,19.829643,40.98683
-29.053982,30.00634,25.717327
35.062405,2.7753246,58.23381
-19.957912,-3.5184019,33.22303
-28.604837,47.15712,21.89248
22.234869,32.155853,41.550423
27.765417,-26.647537,15.4512615
0.62356293,-56.935387,-4.7871947
-20.733234,4.0384903,-18.272882
39.840218,53.750294,-28.964527
20.670567,-8.501697,-9.947411
-32.467983,-45.03738,12.720615
-15.995042,1.2733879,3.6004431
-0.5981897,49.818035,-26.849977
40.33534,3.4229362,-17.538816
33.957344,-42.818974,-8.673371
16.59255,-26.6768,-23.575333
0.73793334,16.42408,-8.395992
-8.05215,43.695312,21.193213
-7.2850337,-17.022001,13.122047
-43.53111,-24.208456,-43.268528
-21.394339,15.118493,-49.1362
5.8817434,-14.120199,1.2200161
8.179144,-31.332365,-17.470942
11.775492,-7.4907684,-41.160095
6.7948675,33.666424,-12.642134
-15.301043,11.915234,-32.871338
-36.994057,-60.241596,-31.365223
-4.934931,-41.47302,3.3739715
0.5664277,38.691563,3.6912508
-25.162552,33.369926,20.316563
6.7880635,-24.496843,10.168463
40.760258,-5.3788347,-1.0956262
3.694142,10.025839,6.542681
0.9333472,-1.8708293,5.546233
26.463993,13.8409195,16.412706
-3.1683698,2.279234,19.869566
-34.26319,-0.71333903,15.0038595
-27.942379,4.1747527,-8.1485815
42.622856,-8.992978,12.221657
61.79732,-4.752178,31.870867
-0.33973897,21.71041,-5.5351033
-11.289811,37.684288,-6.3695908
2.33934,20.279177,-0.66900045
-19.050848,-0.38611722,2.1205835
-29.248018,-19.33548,-0.7793251
7.4812846,-10.03216,-21.163326
18.852253,-4.8730955,-13.381759
6.249732,-19.662893,-16.478449
6.931708,13.13957,-15.466465
-11.113897,21.448332,7.461614
-26.763824,-17.36775,-1.3698322
8.331365,-10.361164,10.868583
37.81992,18.352339,55.037106
-11.572659,13.90746,31.47068
-17.18328,20.453041,18.887762
27.378185,30.24141,68.57144
26.642443,-0.24862124,36.68548
2.8716888,-12.145226,7.385094
-24.163786,42.186184,26.867098
4.054662,39.774475,4.0287094
2.5815916,-33.50145,16.221245
-15.639457,-20.506037,-11.718027
42.757786,22.324509,-42.76551
45.969406,27.902315,4.168366
2.6903477,6.159806,-10.169478
-16.874508,-0.61894435,-15.74404
-13.147074,31.557686,6.1691756
12.286053,18.466291,6.8272386
31.949934,-22.245052,13.071281
20.624851,-37.827778,-9.728103
1.8009905,1.5241386,-2.2319853
-3.6427364,28.808584,23.727533
-16.860458,6.4218593,13.836003
-3.3482633,-6.1259685,-6.330516
-5.0049043,-11.992964,-12.096083
-14.829244,-5.4354887,5.307253
-17.071297,-26.689945,-16.118896
-22.7741,-40.395103,-18.492718
12.543826,1.7651933,3.2138956
7.4560804,26.520676,-14.444173
-4.228833,11.65574,7.553739
23.323692,-14.75382,19.181503
5.9865794,2.8848164,20.633106
-41.74391,24.975555,28.039482
-38.962296,-1.8807719,-1.3362188
14.285984,-14.936746,12.71797
40.830116,-3.850427,27.447762
-4.455856,6.474265,3.9604023
-40.800026,9.116209,4.434322
-2.7279706,6.0686345,28.369915
-7.098651,1.1022043,20.808132
-25.569662,7.746329,-6.221998
1.4133998,13.233627,18.752186
14.312441,-3.6787977,16.053764
-1.6700813,-23.319756,-10.97664
-39.41145,-26.342018,-0.2565703
-26.233454,8.478906,-2.0453775
8.363228,27.814455,-3.7682366
-0.5724233,-7.568242,-19.537558
-14.987813,-24.9932,-19.738913
1.0649717,7.418754,-6.0376835
12.683266,14.227378,-12.740398
-3.462305,-18.617517,-8.043528
-16.397385,-26.343758,-6.1514482
-3.3557682,-0.88981265,-4.4333215
14.953582,16.398806,6.0212655
-7.746855,-7.434239,21.704586
5.7797337,-13.578108,7.855398
25.634531,1.9123785,-7.8253303
0.48727545,-18.58984,-9.346304
5.5265694,-14.58344,-5.4820237
7.58041,30.340273,-1.1249089
-4.947207,19.91112,-21.70444
-31.727392,-28.708376,-18.208635
-26.156649,-24.463223,-12.573371
28.050219,10.059824,-22.789667
27.444399,24.34759,-24.77625
-9.816503,7.747326,-8.208268
-10.1089735,-18.791159,-0.032871857
-5.45183,-20.551962,4.2109365
-32.78348,-16.907818,1.0656058
-22.779419,-14.900919,-12.0441065
32.479805,2.1481009,14.007693
34.02141,3.5702157,-2.2693589
-26.153292,3.3790166,-12.325051
-21.08717,4.042185,10.112044
38.469707,-7.502595,-5.776937
16.571306,-11.18076,-17.152283
-15.362173,-1.7188262,-23.762892
-8.8762045,4.0673933,-28.975624
-7.1211166,-29.371494,-14.218954
17.089573,-21.225157,-15.37359
24.967361,11.843684,-35.26536
1.4041381,-1.6305872,-17.120533
11.120018,0.56266296,-11.018501
22.977812,17.482197,-5.3627224
-7.7804685,22.851538,-7.9737463
-2.9832199,-6.73805,-5.8281913
6.289968,-33.500454,14.750981
2.1340024,-15.0003,-12.332498
15.981104,7.2319536,-5.2460046
-16.26531,1.9052272,2.0256157
-13.451003,5.93883,12.6502495
19.062704,31.140108,21.05751
21.35665,28.414944,12.485219
17.871033,12.876369,22.743858
4.8068185,-13.313428,-7.503225
16.49788,-21.09682,-5.4871526
1.8348794,-5.874358,21.755272
-17.288433,-7.1893973,18.94999
-13.05758,15.067932,7.8096905
-4.136696,15.529847,5.6421676
11.744159,-15.721871,-1.0378498
-17.498714,-0.5172892,-1.681609
1.3778607,24.445436,14.567664
47.91351,13.729682,5.628483
31.171198,-4.3040833,-1.1320329
-2.1560757,8.152315,-2.4447465
-15.416315,42.093914,1.6993821
-3.4376686,33.73061,12.370199
-27.49206,-3.4166074,27.775145
-21.041159,9.606663,22.384752
27.35355,34.05832,0.7345878
26.376034,22.68101,16.986229
8.702007,-6.231491,14.306339
5.506866,-15.333417,14.145201
-6.3850846,10.92444,25.855495
-32.692577,-1.5782882,8.2924385
-15.850148,-19.551453,18.859224
20.79382,15.244925,12.246746
21.110714,24.939322,-5.9273562
-13.763103,-0.6887468,9.516797
-12.7989855,-10.537926,5.933779
25.970306,-1.5713387,22.381983
11.0106325,17.090803,15.538727
-46.672943,-5.3532624,-11.692221
-53.654533,-31.431734,-6.375072
17.422714,-1.6448157,-6.4731903
15.136322,-2.5192368,25.665426
-27.953436,7.635519,2.9545774
-0.0064576766,27.190481,-31.81454
21.444475,-6.2365556,-7.540267
-1.5888265,-9.643968,-16.841017
-41.521847,3.4070923,-16.271778
-21.67276,-3.1254153,-7.6181383
25.336927,-15.149837,-16.480778
3.442864,-27.544024,-28.79621
-5.7365904,10.195835,-33.497425
39.812702,40.20303,-38.13514
40.962765,-11.903038,-31.584686
6.652067,-33.55723,-24.312923
-15.483631,-29.475632,-43.12585
0.6551172,-9.296206,-28.005886
16.3065,9.280916,-4.220252
-0.60810626,-35.907528,6.6146855
7.749906,-13.002166,13.510937
14.588928,32.49033,16.154795
7.839344,12.216231,49.388577
-6.5379424,-23.388287,66.48684
3.2305543,-8.711115,44.34701
13.422784,16.9755,46.794483
-9.5983095,-10.327809,40.32047
-0.035016906,0.08640278,9.872816
5.053822,16.148586,18.677298
-16.95607,11.710616,19.434427
-31.56446,2.2520347,23.353626
-15.6403475,-17.74274,23.860678
6.787816,-7.565421,-5.272209
-2.3274336,8.468287,0.697013
-11.692022,-11.2262745,-0.54062265
5.859155,-33.688335,1.8533643
14.048061,-8.650966,16.914074
-15.166688,8.704921,11.7562895
-21.899187,1.0882002,16.538435
-0.39357096,5.894157,1.1164571
-13.682175,-4.26225,-2.734938
-27.707125,-20.03682,-5.7721953
14.746219,-2.6148953,-13.494292
23.816887,1.8321426,15.691588
-16.76027,-15.053291,-4.25646
-16.424866,-14.240654,-16.442007
4.4191113,-2.8524456,-9.634769
5.7169895,6.9305835,-15.997066
6.316738,-11.06286,-9.781425
22.220377,-2.7352972,-20.725063
12.9154625,19.6135,-17.2791
7.0141606,-14.692604,-28.796503
6.4982767,-30.405464,-7.339341
4.6217885,-6.0516567,-7.6725464
7.6228786,11.713698,-35.925667
-37.442413,4.468816,9.758511
-28.501398,4.744873,4.0270844
1.0798798,14.1186075,-15.223011
-1.6169385,-7.5868325,-13.092809
17.150742,-10.868241,-27.439253
-12.497363,-7.2687936,-12.51202
-15.957284,-11.747718,-17.36665
-9.807312,-3.8825743,-30.173994
-24.04704,-4.8780904,-13.779906
10.420892,12.7841015,-23.370039
-3.8295062,31.7645,-30.590212
-8.655793,17.564219,-12.899282
17.17281,4.395059,-23.143314
-8.852588,-4.61946,-32.50416
-2.3210053,-17.044504,-28.436115
20.588022,-5.632586,-16.373789
8.476724,3.413845,-17.154999
-14.906802,-2.5795386,-20.83586
-23.784718,10.979783,9.085862
3.88581,28.390102,5.850498
11.828276,13.708424,0.32535818
-9.111685,2.2554011,6.0399246
5.5222974,23.71789,-2.9784634
34.953915,6.876929,-0.662568
3.3289077,-38.9901,-15.205909
-18.96327,-35.542446,-0.10423616
13.543284,0.3602928,9.872203
5.686343,4.108737,-8.762269
4.4501657,-3.2826428,10.90803
9.072879,24.969131,24.908499
15.465913,40.912987,3.1072965
22.995564,12.106131,-6.0465045
-11.200119,-10.007383,-0.4955041
19.017767,-7.4779263,-9.749561
24.378029,-17.144352,7.29092
-25.40431,-21.68643,-8.133198
-11.876334,-11.455997,-6.947384
18.895617,21.293966,27.676594
11.46457,23.376673,-6.224789
-12.212202,-10.989425,1.5044239
-5.538998,9.872402,17.28833
1.2017275,14.127597,12.902939
6.0623803,-8.039278,14.467958
-9.622932,-7.906184,-4.9821095
-14.172375,0.08723597,1.9832562
-1.0942225,14.334165,8.538455
-42.884415,-2.962437,-3.1080902
-36.784836,-25.133762,-3.4009366
15.9497795,7.9250684,-2.881702
24.867731,32.609844,-15.801351
11.859864,-10.340029,-8.250556
4.5325966,-30.264019,-2.6215801
2.9678028,-0.7681015,6.589998
-6.8304644,23.014208,3.5698364
-10.695725,26.94368,-13.894113
9.778399,3.2570298,4.37304
22.872786,-18.172998,-3.113366
-8.680364,-15.467305,-14.079854
-23.307144,-17.207315,-4.8131623
13.903892,-7.1503057,5.8019257
28.564066,16.976336,8.469681
-0.34636238,6.9915757,3.665517
-11.497522,-6.486139,7.0744004
4.54274,1.009533,14.253101
5.4363394,6.221925,19.253202
1.6610079,1.0877953,9.40262
-4.612897,-0.020649668,11.13737
3.8285892,-4.6612706,12.12667
37.617355,-9.383172,22.594255
21.81938,11.974671,22.747707
4.1197443,8.994984,22.176216
11.95947,-2.0675206,34.84147
-19.64581,15.393105,3.3348053
-15.356824,16.865864,-5.240536
19.307758,-5.96158,23.072622
29.485214,-14.306251,11.254609
7.4968762,-14.009668,-19.384977
-38.991085,-36.713223,-3.71609
-5.819079,-12.659656,3.9533727
44.255245,17.804811,7.642506
-16.019104,-7.383935,11.592168
-57.41336,-5.1842933,-3.3589747
14.856014,7.495025,13.168595
40.77334,-5.7181926,2.882512
-15.183873,-26.762867,8.668466
-13.859795,-9.074748,20.808174
39.482605,23.142183,-6.663718
27.806395,-17.563828,3.163303
-34.196716,-47.591164,7.714514
-6.112546,-1.0710183,-5.0429296
21.756218,26.749187,0.07728691
-26.034418,5.5998974,-10.130282
-18.98768,-13.768399,4.5083036
39.525734,6.284917,22.114622
49.66469,10.065063,-13.459577
-5.367769,-38.260635,-5.897948
-7.3844657,-11.497675,10.090136
17.48445,25.051264,-3.56361
-15.645207,-12.007162,-0.21070845
-29.349924,1.0113252,9.516495
-12.466564,35.06622,11.009117
9.081704,34.587524,-0.89481014
4.3774424,5.1182694,1.8868643
-6.5538054,-17.645704,-0.8739786
12.222299,12.513998,0.3272188
-0.57901263,25.106588,-11.1717825
-20.847515,-7.731856,-6.126374
4.1444926,-4.012721,29.789677
8.933723,38.31078,12.903251
-32.341938,24.933224,-8.6016035
-28.357098,0.6540818,11.331123
9.953999,22.192802,35.484894
9.035566,13.902232,11.322459
-11.6634,4.9730225,0.8282391
-24.085043,18.206165,25.21343
-1.202385,19.869213,19.890814
-2.5634592,15.951555,11.447212
-37.00621,10.614116,3.4288769
-27.945885,36.2286,14.942495
-6.4624825,31.27278,28.652937
8.892126,-12.293564,-3.6405525
-0.4330034,-4.706553,-14.2469
-14.34916,22.985548,-0.3053366
2.4454606,22.770422,-19.571272
1.0178393,-10.858367,-13.815361
-17.671473,-15.516333,-12.333444
-13.976988,14.426086,-20.605635
-10.839761,7.0587215,-0.9206805
-29.361814,-3.914384,-15.3070135
-4.9760523,0.43118918,-12.063272
28.951237,0.9149257,-13.800275
-1.3745564,-12.183419,-23.335636
-17.699049,-23.328465,4.6458025
0.8948507,1.3667635,-7.4235373
2.4976559,19.223745,-16.68
-14.876656,1.0305483,3.7743804
-18.636461,-12.3407,3.8297873
-1.5512701,-2.298915,-5.413143
-10.191663,-4.0360136,-19.987997
1.8799442,-11.680854,-30.03432
16.113232,-8.745144,-15.043774
2.8910859,-16.334978,-28.131079
0.9443196,-18.359621,-41.51568
-22.021801,-10.281895,-19.306013
-3.4822176,2.9937813,-21.895685
12.38061,9.613021,-34.219864
-2.7660894,-4.859844,-42.251198
-12.04391,-22.539312,-19.025347
-15.722564,-22.0213,-26.221476
15.383312,-16.683706,-31.315275
9.271097,-19.602129,10.08551
11.715604,4.2666187,-14.992726
9.625299,7.4114943,-10.759215
-6.7899475,-11.958629,6.089201
12.266457,6.4468465,2.5167506
11.098187,20.234873,13.994562
10.671166,8.668656,2.9828272
1.3042988,-13.11861,1.4120042
5.6403756,-4.08452,-6.6612277
14.261103,6.2052674,0.39783415
7.6430707,-20.15475,-1.1713277
18.53254,-16.45615,0.5460458
4.2780046,8.278624,15.073012
-7.7316175,16.807981,7.2302794
-3.3024833,6.431402,1.6628233
5.150745,-16.219679,-12.895297
15.271866,-17.57943,-3.2442849
-3.105665,-20.550735,-7.6829042
2.1327274,-25.897913,-23.998577
35.59607,-1.9436942,-9.55708
28.03828,8.261455,-22.088213
2.4567733,-0.36095247,-26.236212
-4.0188975,-10.956847,-4.390853
-8.647777,-17.034555,-13.971109
1.038132,-7.3362575,-14.677294
19.348618,5.880939,8.338805
18.03465,7.229087,15.815193
25.582195,-7.6830783,8.021378
21.975851,-11.215796,-2.065611
-0.15578726,-6.703139,22.180061
8.142195,1.2260181,23.800047
7.936006,3.0123477,12.530064
-10.520623,-12.65667,21.00718
-7.928625,-11.351822,5.4647675
6.7351227,-3.923504,9.0549345
18.364035,-16.843594,16.866268
12.877312,-17.47921,15.817095
10.742982,6.5424986,10.079222
9.018016,7.6180844,20.9398
-4.013941,-14.1572895,17.56126
0.35543036,-15.544797,-2.1060984
-2.0388324,-6.0171003,20.950409
-11.186883,-13.942783,8.215188
-18.140808,-11.999691,-5.63964
-3.9271567,-8.484861,10.259945
35.992783,-12.312165,17.21336
15.849335,13.128837,15.609225
-13.625847,13.905606,4.1099606
-8.568417,-11.175059,13.517608
-15.538757,-16.014498,30.944523
-9.7432575,-14.726038,27.996578
-1.9568201,1.1635102,20.744207
13.229958,3.4875882,32.06011
17.358362,-13.694743,39.465702
-11.012508,8.694324,29.698381
-14.29428,37.342037,20.161194
3.3514273,20.811796,34.814777
2.0440254,-1.5102329,30.940453
-14.595549,-7.2406,11.139186
-17.70955,5.709839,6.1801147
6.148956,11.722054,1.2039168
19.438898,-4.1862564,0.21187086
-13.467935,-3.0860655,-25.215923
-23.524813,0.7194821,-12.015454
-5.29217,6.284791,5.178631
-8.979949,14.658537,-9.175862
-8.935945,12.577937,4.14427
-19.161846,21.87301,-9.917491
-17.445456,13.709684,-0.15080799
-0.83456254,-8.698861,13.031394
-1.1684551,4.8760743,-3.407742
-17.678764,28.80844,11.4190235
-32.364487,16.101063,0.7777656
-19.508886,-0.55996776,6.352808
-4.158555,11.430465,8.723685
-1.2882332,28.075367,-17.893665
-4.5050035,28.977251,7.1720247
-0.09592554,14.672858,4.1478534
-6.2916083,12.728944,-9.908445
-19.095396,15.292233,0.92597926
-24.264732,-3.437153,-9.220918
-17.5671,-10.961857,-11.038227
5.8591285,7.45396,-15.05053
2.3001504,17.834303,-10.793886
-3.8599248,14.442837,7.7691674
-7.3278165,13.69454,7.396698
-14.7284565,16.452442,-6.615728
-9.063947,18.645288,-12.563153
-3.0463073,10.467639,-20.19547
-2.6756198,-4.359444,-21.781916
-21.917927,1.4999791,-10.820972
-11.140972,14.678266,-15.473734
6.8578906,20.42514,-19.3899
0.17134155,22.902113,-22.63748
15.765044,7.068439,-17.070253
3.979864,12.324997,-10.036008
-33.186134,2.572807,-23.159496
-29.444233,-22.50001,-16.442282
0.7693836,-0.5159802,-4.7457013
9.045407,-2.0767648,-16.952301
1.6119517,-2.106536,-33.659283
10.545847,-9.108428,-21.715218
16.275059,-22.885939,6.2270007
-7.878344,11.139034,5.1362557
-25.228146,13.519586,-11.967064
-5.134249,7.8561697,-15.425087
0.032413464,-6.6898293,-0.26966894
-3.214436,-31.53022,-15.302804
3.2972262,-13.908183,-25.871775
13.56525,-9.5188,7.8883777
29.929228,-7.002506,-0.17350689
4.00645,-1.9599768,-23.646238
0.9481539,-22.347258,-26.992264
29.44666,-27.55324,-9.306021
4.850841,-14.105591,-5.8078513
-19.64286,-10.334111,-21.599651
-15.474755,-19.219334,13.913504
11.584033,-12.372834,20.172247
29.31049,-2.6207576,-0.875339
4.8128843,-7.835605,-14.497448
-6.515706,-5.119974,1.1608053
3.961584,-15.851368,26.156372
5.993856,-22.768188,2.3279886
2.1786792,-7.2169414,18.712225
4.7715654,-7.820025,7.499597
0.52310085,-30.754795,-19.232056
6.7388215,-32.362682,0.5695589
22.208906,2.6185265,12.374702
13.642405,12.517973,12.308151
7.467609,-9.077762,-17.875162
-7.562111,-32.038715,-5.1470876
-17.834743,-31.058699,0.26072595
-6.5704165,-11.776376,-23.369349
-1.0126266,-15.529505,-3.3842869
4.873959,-20.535173,4.951726
16.817902,-10.486865,2.5621817
32.817783,-3.3827136,-2.148339
25.67925,-0.82030606,3.8966806
8.188751,5.669519,13.653098
2.739893,-1.4861695,-1.6701638
-7.200772,-11.436007,-3.37832
1.118497,-9.289886,17.779102
23.682755,-14.869467,14.76986
18.686338,-15.070401,-5.750874
9.93211,-1.6286166,6.2208166
4.4989142,7.161321,11.673951
-0.66183174,-0.64538574,4.896796
6.8154435,-5.5880895,13.354109
6.682836,12.142458,8.498383
3.7380638,21.687326,7.4762616
-9.025876,-10.248277,1.0806136
-7.872253,-18.99133,5.8171277
21.430351,3.3787775,23.028782
35.728615,20.043362,16.960636
16.228397,34.48251,21.699757
2.4054923,5.513244,4.7856865
12.497536,-3.8708878,-0.08088158
22.945808,3.7401736,11.774834
7.4487667,9.753538,0.044305388
-23.884197,25.48124,8.5336275
16.21778,-0.28277147,9.711012
30.987247,10.138742,16.106913
-14.719934,14.104729,10.160261
-22.636148,13.178215,0.0448573
-1.1775217,41.824936,14.939756
20.735826,0.7275223,10.826547
-18.388096,-3.6279967,-3.606547
-22.989283,30.962788,-6.7037106
16.0586,-5.892062,7.5432525
0.44796976,-23.458704,-5.515422
-29.146223,9.811864,-0.79244274
-10.422637,40.278168,17.800789
16.25207,40.81736,-0.24709989
-17.900541,-4.0478563,4.842834
-22.512533,-25.821627,11.828477
-5.9661827,14.675626,0.60870355
5.113543,37.72836,-11.383071
4.0582643,-7.4602566,6.845406
-21.606432,-16.580946,7.398261
6.7395816,25.752422,-10.896228
13.061422,21.812809,0.7490848
-20.11175,5.7227507,3.7997608
-1.4126538,6.7741265,16.009901
19.073135,37.2717,-10.093938
2.0608056,27.665619,-21.186745
-3.5674727,-20.15686,14.093952
-14.631244,-8.858403,1.3376529
-8.195173,6.8659387,-11.036304
10.921419,8.403226,-3.6279948
-18.34723,-14.516108,-2.6320498
-13.903744,-22.960745,-14.852798
0.9633109,18.182983,-10.9212475
-15.517468,19.581852,-8.097349
-8.688768,-13.823025,-19.264679
10.619718,-18.938278,-12.949355
12.907708,1.2939203,-25.999445
-4.5674086,8.563583,-26.312685
0.7723597,-18.493164,-12.944902
0.97907805,-31.96246,-8.567899
-32.301167,-1.0956166,0.3278221
-39.477062,17.340855,-6.043882
16.491283,12.5189085,-2.015721
52.202805,0.58104134,-4.693372
-18.033092,-10.874885,-19.187086
-44.870266,-7.048824,-5.208019
17.352142,-18.396587,8.595848
8.769075,-18.595491,-2.5108998
-41.924942,22.134424,-12.614159
-31.889788,35.714077,-15.6073675
18.900816,-4.197785,-19.869753
20.36041,-51.06419,1.5964192
-24.312056,-23.552593,11.878048
-12.301078,49.28979,-9.092249
42.32446,31.787638,-10.056031
35.101395,-33.079655,-6.8683505
-20.130384,-35.06554,-10.638626
-31.35284,5.558204,-4.58224
1.1999303,2.0825584,7.0021596
17.381023,-26.952543,14.871246
-10.630242,12.429083,7.8562
0.19537586,48.24273,-15.479223
44.64577,2.8638315,-12.096608
4.685578,-47.585274,22.504866
-30.693363,-25.819464,18.999203
-8.992743,20.645138,-4.0867596
-15.132636,4.287092,4.2663317
-1.4327798,-4.0152655,21.575155
36.324886,25.34977,12.849335
16.071093,-0.9408573,2.4378266
-19.05966,-40.359962,18.85922
-16.473156,-24.095644,25.389906
8.512234,25.910795,14.355452
22.160625,37.770386,4.511978
-8.097679,-1.0606582,20.197334
-13.017136,-21.11765,21.022573
11.308119,-30.426752,5.056143
-12.366485,-21.814695,26.355152
-18.974382,-1.912879,9.599417
16.12547,13.286525,1.47801
16.796083,28.881805,19.313541
-14.295646,1.8793906,5.613668
-26.437124,-23.926643,16.903564
-4.67663,-32.891777,20.382729
12.383233,-6.71492,6.3295407
5.9276404,38.50852,-5.933922
26.321556,14.976884,-4.7912526
32.579643,-14.563688,6.0043154
-15.887719,-33.836597,3.2078192
-32.36805,-36.473663,11.436279
-13.413897,4.3892207,12.191223
5.974751,16.330633,0.29963058
2.039638,0.8597838,3.2879314
-0.73963344,0.9090498,7.454377
17.856041,-6.545742,6.49631
-0.8695387,-23.705229,19.93943
-16.765682,-9.72469,20.770193
5.653848,3.4409359,-3.349185
41.925537,1.223531,-16.755873
14.160626,-14.361266,-17.552769
-34.50436,-33.042,-0.10359732
10.215188,-11.772185,15.428084
22.493235,-1.688401,6.506695
-13.191933,14.145758,7.7545266
-11.5772,39.666588,-3.0055172
3.2915041,5.911261,-10.751841
23.710098,-20.609123,-7.3063397
-0.43416473,-17.466372,-4.5800567
-31.82932,-4.800206,15.031195
-0.004316078,16.441435,-5.055425
19.451935,8.780625,-4.0083294
5.689351,17.775253,4.187923
-11.269066,27.290873,-17.176907
-22.653502,-4.8172736,5.9358535
-9.7535095,-26.841404,0.96672785
-3.1343758,-7.604256,-13.79435
0.9488631,41.509468,-6.1807513
18.42232,38.44231,-29.615473
20.628527,-23.78646,-23.216934
2.1591926,-33.45347,-4.580486
-23.754826,28.14463,-10.4811
-20.957878,53.71808,4.740038
6.897133,30.27503,-7.260586
16.929987,13.176255,-25.739466
3.7168818,-1.6921375,-30.160889
-8.252568,-13.876551,-24.613932
2.7369523,-18.808565,6.403301
8.498577,-1.4682795,-3.3332515
-14.092798,23.99644,-12.409347
-25.743574,34.280632,-15.711215
5.198673,4.891287,-14.083411
1.0661371,-17.883835,-0.122344926
-43.58335,18.207834,1.7665095
-6.7394357,39.711315,19.929497
38.401287,16.086676,2.8735762
10.60743,-18.883518,-27.581533
-8.357714,-2.6590126,-33.45588
-5.236803,15.600046,-28.071611
6.1696887,-21.460365,-8.842941
-7.0504427,-24.393286,-7.7551928
-19.348864,6.428843,-25.204563
20.573948,19.055206,-36.588478
16.775219,-10.751228,-33.583607
2.6257594,-28.363731,-21.516283
22.989824,18.314703,-26.947392
12.454693,38.05611,-17.614088
9.794823,-3.2905314,7.968225
11.934579,-28.592312,-20.164993
10.990877,-12.684418,-21.646135
11.416163,-1.330113,8.079145
18.198524,10.150919,13.6738
37.244007,13.945008,33.797188
16.138327,-7.047198,23.55827
-9.490362,-0.533687,8.039277
7.907431,-1.3408647,18.345135
31.995106,-33.97424,22.405287
4.6666937,-9.443547,28.417274
-25.486532,31.508245,20.753876
-3.3228955,9.432608,6.790678
3.7239404,-25.75915,8.218045
-10.906288,-23.92781,-5.6074305
-20.312187,6.249438,-26.20072
-5.3308773,4.5222955,1.3594229
26.643606,-18.587774,24.46061
22.177551,-3.0243473,4.5628743
-10.307694,9.551467,-17.47639
-1.4356726,-20.551596,-12.277669
29.889881,-13.276509,18.20784
-4.351607,26.033113,13.754517
-34.684086,26.591375,18.46563
3.569062,4.1270185,28.007534
22.63459,-33.08554,6.7299666
-8.492692,-23.289679,2.123371
-14.170481,4.9703093,-10.420658
13.436343,8.27904,17.200163
12.759052,11.359907,32.336823
-7.5098867,3.309074,-3.4114103
-14.628385,-12.568991,-5.201106
11.557839,-53.374153,-17.293827
19.825964,-39.83519,-24.862211
-20.638742,3.5384676,-3.2168026
-15.634999,24.95382,10.986803
23.808615,20.830902,13.128359
-1.1911597,-26.932558,2.203323
-54.93081,-17.987038,-24.193262
-35.8838,-1.5954915,-23.279266
13.102381,-13.242274,1.0130962
-9.823273,-11.402326,2.2616029
-47.969093,14.424928,12.015976
-24.984251,34.20415,1.7816112
14.665746,-9.422948,-10.408244
10.764213,-15.489925,-0.24151452
-23.031427,20.28265,-3.7803552
-15.5828085,31.117483,8.6125345
8.00032,10.094706,17.745417
-7.220384,-29.420755,32.25469
-9.999774,-15.704886,17.511383
4.769979,7.8577733,-15.8358345
-7.146622,-12.301364,5.1509986
-13.467014,-7.75305,21.828527
-7.4142694,31.166702,36.868637
-22.104553,27.710918,28.430214
-10.6460495,-10.249641,30.168127
23.90697,-4.663892,46.67851
27.935358,26.360504,8.256425
12.822454,18.1007,24.14992
15.185229,-5.91864,49.037388
20.738974,0.014228296,33.33835
2.978152,10.838687,18.302114
-14.1814375,4.097461,-27.518225
-17.785875,-21.274767,-31.579964
19.038782,-28.81526,-8.401001
6.126115,-4.041805,-10.012127
-51.123795,-7.932205,7.124511
-14.559359,-13.383037,17.70274
19.777029,-6.085435,6.023531
11.198583,-1.6518983,-6.272276
-13.789131,21.10912,-11.936704
-33.26486,12.933659,14.149764
1.7768224,-25.349928,41.234024
17.685919,-19.463285,27.807404
6.545823,17.429554,0.6680879
7.2626376,21.133215,-1.4357247
0.23358695,-2.454865,-0.59514546
-12.346067,-13.291893,-19.726027
-10.194051,3.9499183,4.5287647
-6.1281996,8.355446,32.955067
-23.77105,-6.4909196,-2.2921715
-9.063875,-6.703339,-20.075916
38.642506,10.000315,-12.205759
4.6405673,17.719751,-18.053404
-36.9246,-4.71032,0.05323157
-3.632002,4.701253,14.859786
1.9627798,21.48829,12.312049
-13.509685,-4.082907,-1.0476822
-21.618284,-6.0148606,-36.812572
-11.33882,22.163267,-6.610371
18.76679,22.76582,43.765514
4.5672936,13.489098,31.679695
-17.738054,27.908407,18.578697
0.3263033,34.72631,10.422604
9.678188,9.524939,13.620234
17.030876,-24.169498,2.8062704
15.206871,2.5902076,1.4574827
-12.662083,36.926826,48.280228
23.171757,26.746845,33.626556
54.258366,11.489309,-13.108561
3.1921058,-6.443589,-26.59235
-28.642529,8.699319,-30.947403
-1.0951469,9.078007,-19.792118
8.762991,-15.794252,-15.503749
-21.763178,-19.209747,-3.016193
0.63342786,-10.504065,-12.633987
45.145565,21.006594,-61.647934
38.76149,-2.518495,-58.019333
-6.991328,-37.556717,-12.891894
-19.213684,10.691657,-7.767821
13.177873,17.557665,-5.66687
18.333204,-19.772034,11.1820545
8.965451,-18.307337,-16.27169
0.28590155,2.5436454,-44.98428
15.276645,4.226755,-41.68301
-7.078975,-39.569073,-7.5505824
-29.409016,-20.854967,2.4656491
10.003848,34.176125,-29.983639
-14.861136,7.8370357,-25.371563
-35.112762,-39.603542,-42.564953
-4.8157787,-48.053688,-70.311584
1.909863,10.0968275,-50.824085
3.3491611,25.710136,-30.896307
-0.23848322,-41.196564,-23.392246
1.6552073,-47.297718,-24.232092
-8.401186,-4.867545,-38.244743
-54.11076,10.917517,-39.330814
-8.475246,-2.66829,-4.254271
65.34164,-19.863546,13.743338
-15.122315,-0.5031354,25.554363
-54.42053,32.378716,28.305027
10.792584,25.54819,7.7580175
23.815884,-5.2655807,19.83846
-2.8556128,-8.53758,15.146571
-28.383219,20.19813,-9.704673
0.95364827,4.2752867,14.049978
38.228355,-17.394365,36.449924
-10.108625,20.373959,4.5202456
-39.096874,24.51984,-24.554804
29.015953,-2.058576,-18.45675
51.432594,-22.863735,13.175026
-12.6340885,-19.450228,19.389786
-34.910557,26.891708,-0.65995216
-0.31379524,31.912271,21.43421
0.93154335,-29.149385,22.734959
-15.001571,-37.92317,4.604867
-0.87414724,32.06477,16.778076
11.028299,34.85981,31.435362
9.88748,-16.423252,29.836504
-14.237942,-11.470921,-2.2345297
-0.9345725,29.981506,-25.036978
24.58229,27.3586,-25.317465
10.086717,-30.87131,-21.997177
8.133227,-41.55206,-13.616883
-12.468966,-0.9764143,-11.151067
-10.528707,10.606356,-7.094476
16.72943,-2.1037838,2.5638297
11.083518,-3.2736154,-4.801146
-23.799675,5.7329392,-6.8318806
-23.44447,4.819219,11.382575
40.33391,-8.446612,29.499727
34.586636,-8.149788,29.651442
-12.841931,12.404926,-4.547644
-8.44894,13.760508,-7.971956
22.122648,-23.680498,26.207413
21.917847,-51.460632,34.209064
-26.077404,-7.685388,19.086481
-34.111225,31.23566,-4.9603753
-1.4772891,-12.810098,-15.889846
34.27897,-33.901062,-9.40691
40.2771,15.902754,-13.783895
-4.2835813,35.959217,-37.083504
-17.552635,-18.374048,-19.632656
16.143108,-43.24195,-5.7890553
17.93177,4.483849,-38.847717
-6.367554,20.270624,-36.985878
18.782991,-2.37428,-21.749903
50.129498,-30.359056,7.310685
14.884828,-19.311787,12.065276
-23.19183,45.322823,-14.483814
9.163976,42.33443,6.275443
47.632973,-14.604349,12.1856985
24.54743,-20.199062,-3.9923477
-15.245515,16.547785,2.5677953
-15.107825,12.307105,20.969534
15.194425,-25.371183,28.912169
20.170076,-7.9300876,23.055628
-5.0666347,24.479773,16.343702
-12.60152,27.034014,16.177391
6.915253,14.3689375,37.957783
2.564907,-5.0792522,54.341125
-4.9469,16.440752,35.695328
1.8779718,35.798584,23.627148
-1.0287248,-4.5604153,24.592924
4.6421223,-22.057407,33.845833
8.470098,14.276998,39.942394
-0.13204376,37.22427,16.68129
-20.420683,18.101461,41.908436
9.400375,-3.4281337,51.256298
27.606163,-11.045824,0.9322719
-22.3745,-8.149503,-12.700565
-10.812061,14.997049,-3.617284
14.189123,15.952097,9.033941
-8.890105,-18.815329,-13.700611
-25.41832,-15.045085,-26.855347
-27.097118,18.53055,-10.874604
8.960547,0.6689366,-27.96765
34.64012,-23.817833,-49.685215
-8.947107,-27.833563,-54.564396
-29.474974,-13.208202,-38.12755
-14.123416,2.8979878,-29.577284
-14.79051,1.8898315,-32.36188
-20.147482,18.259085,-49.783478
-26.635681,-6.7565866,-56.715473
-8.902506,-30.846443,-13.813129
0.02070101,-1.7314161,6.5292487
4.3875356,43.9965,1.3961729
10.550259,16.553429,27.553913
-13.728536,-36.871243,47.65105
-0.73502374,23.8455,24.418018
4.746715,42.968468,13.017586
-31.207651,37.07592,15.171723
-8.674458,-12.586572,17.257875
6.8485656,-100.274864,26.187265
-18.177923,-19.976414,-10.924505
-7.065756,51.79677,-30.475422
-5.1919675,23.829958,-10.256714
-10.880368,-49.963715,-2.316305
6.543611,-32.29503,7.7592893
-20.89852,59.701546,-8.613463
-48.905384,6.3560734,-0.9100173
25.092484,-31.30538,27.971603
55.316814,1.7133771,-4.763328
-32.153603,39.258453,-33.16308
-38.25965,18.876873,2.0955334
54.06865,-44.71935,32.89631
67.24699,-2.193735,0.71775573
-27.00176,35.14034,-12.840578
-54.252342,10.523309,11.232842
20.762775,-34.678387,19.276104
29.95191,-27.693094,8.05891
-27.412584,32.55566,-21.051016
-15.075947,40.442654,5.2790647
32.34633,8.397702,27.376425
5.580395,-47.351433,-8.619957
-31.771378,-13.263879,-0.80924904
-14.063857,44.441643,13.957242
14.008684,-9.3158455,8.344845
-0.7656346,-38.3072,16.36007
-17.493786,-12.198811,28.452023
9.705013,25.25903,15.843262
4.4895177,20.535275,-1.7067565
-1.622624,-27.386396,9.645015
8.299853,-7.6831784,-7.3649073
-8.320502,34.543587,-12.235226
-9.520511,5.0368567,3.780145
-5.67054,-36.733723,-21.333122
12.030099,-29.383875,-39.82206
-14.3925,-16.317299,-39.843357
-44.591827,-21.888083,-16.284048
5.290604,-15.149085,16.496943
2.9203014,19.425488,6.0990367
-21.364683,26.856316,-12.138247
7.894431,-13.584982,-22.652842
52.046623,-41.09096,-19.964321
40.907223,-26.09416,7.758982
-11.945751,32.063152,15.773754
-4.5814257,26.03654,26.408718
19.335527,-43.05528,3.2697651
20.477541,-51.615814,-28.193697
-17.854195,-8.968184,-13.763901
-29.35715,27.23886,-30.734333
14.070271,-13.686638,2.0134957
0.3144441,-20.625721,14.071425
-10.534334,18.394148,-31.293756
18.59444,-6.102531,-25.56618
3.931586,-31.834381,-34.688675
-29.184898,-34.674248,-7.1999545
-22.575315,4.706228,14.075292
10.856905,-1.0509121,17.414139
32.046722,-16.560577,40.04525
-3.2652397,21.696499,0.3151001
-23.354115,8.404498,-10.185346
13.796726,-9.754365,8.510207
1.8058832,-19.48858,16.90883
-24.738367,2.2650347,29.691141
-7.302907,21.411543,3.7650564
5.7563863,-19.962091,-17.842514
-2.3781595,-28.21655,-5.6143146
-6.824281,-11.752922,3.7690775
3.6216197,32.559673,5.894511
15.467627,44.38724,18.520603
5.7943754,-8.942376,18.272303
-11.477397,4.1810727,3.3623013
-2.7096815,9.951375,-22.30824
2.2328935,-13.587578,-23.969437
20.08592,-14.026683,26.475521
3.888111,-12.707805,15.298678
-34.373188,11.746405,-4.482399
20.17527,6.563743,23.73264
46.46651,11.22068,-8.955272
3.0225198,22.660795,-9.185834
-27.84956,7.7561164,16.22155
-13.226448,20.282352,0.8187797
32.202568,16.917925,17.89653
22.095688,7.5369644,6.229166
-3.2539833,18.92379,-22.950636
6.122446,16.140854,-18.522657
30.466665,-8.00172,-4.874765
24.193348,-8.011497,9.995584
-10.95367,26.26869,-6.106457
-2.4093363,26.942123,-20.183167
14.313195,-15.17668,0.47616643
1.2510843,-27.977852,6.774201
-3.5329525,25.635283,-21.041847
13.990847,64.251816,-15.1367235
15.579227,-1.3429801,23.418957
-3.279713,-23.415583,8.89345
-28.189966,54.271366,-27.992157
-25.831123,25.398241,-11.0896435
21.44796,-26.221258,-0.36296234
5.12091,9.09035,-4.2001076
-29.60459,53.295315,16.700134
6.019381,45.48039,5.1420603
42.051643,-28.730131,18.35108
33.267586,-34.188396,23.247108
-9.739684,29.737036,-15.110417
-16.163866,46.732597,8.927466
14.132578,-9.895259,44.776997
33.478046,-17.166367,40.274464
1.9757013,39.829727,3.2438624
-51.178738,15.480069,-11.05519
-10.906185,-32.6348,15.644501
52.734447,-35.391975,32.560272
9.306816,2.3570008,10.3142805
-64.54729,23.64802,-15.189994
-15.50807,0.33622694,20.509577
60.053364,-15.994338,26.53349
-4.67065,-11.071749,-11.927093
-67.12948,32.84644,-16.856594
1.796316,27.163809,12.504084
46.630787,-28.187876,38.958225
-31.010967,-20.44957,6.6175585
-57.559723,26.40971,-30.025225
10.95509,39.286762,-15.457906
35.870228,-22.386517,-1.0566354
-7.8228817,-36.817432,-22.582792
-38.363586,43.781265,-48.19095
4.7643824,36.731667,-20.78737
-6.2637005,-46.890907,-4.351028
-49.59295,-45.89121,-48.336884
-16.132008,5.2747865,-51.212894
12.316738,4.3260818,-23.370224
3.5058708,-37.558037,-0.006043005
-20.583126,-40.806816,-9.385869
-8.481649,25.676523,-25.344526
7.9502172,34.69541,7.2627835
12.5278635,-36.24125,-10.730848
20.444351,-36.798904,-11.3023205
-7.9761777,7.4117813,10.307998
-22.773901,5.59835,15.009238
-8.029692,-22.056688,34.831005
7.1363606,-35.368065,8.366585
27.570196,2.3968382,8.267277
21.105373,14.425671,17.86758
-23.251919,-39.548035,8.11182
-16.75696,-49.63113,29.19808
1.6058359,2.8568149,33.83088
-22.848894,45.459145,2.6041
0.66649324,4.7631454,-4.625359
29.562922,-39.553673,3.1799974
-13.175543,-13.419553,-6.522917
-30.278753,-0.16155599,6.2529583
12.082205,-3.3647225,0.9626321
9.386943,-10.351654,-0.32189557
-19.36752,-7.3211136,0.28328958
-39.296566,14.202608,-24.19011
-24.933542,-0.5380532,11.017668
16.212698,-20.407843,27.39953
-10.071078,-3.8834538,-4.0802984
-47.832325,-4.3808107,-2.990422
-19.693733,-6.286911,2.4507928
36.337753,-0.50885886,14.855553
24.464104,-1.1201249,0.73614013
-26.516466,36.577454,-8.478911
-17.220121,16.525696,31.34728
9.275186,-58.417496,1.4733073
-2.5655344,-34.76469,-9.609938
-18.254473,39.06079,7.2375712
2.4467564,46.101707,-38.163795
13.877018,-34.789745,-8.232651
12.784547,-57.159138,17.334106
-6.050495,19.483635,-14.392059
-24.953045,23.905418,-16.213633
-1.5348994,-26.735027,-10.099764
20.854143,-36.633804,-1.3210082
18.682417,19.20888,-22.49403
-29.807032,40.681877,-27.118332
-24.569654,-13.184265,-9.224313
52.550247,-28.558403,-19.107761
49.12296,-5.3297014,-31.803452
-18.613773,16.777515,-45.582703
-22.331493,-2.0690653,-23.167042
29.711834,-13.579794,1.6420711
20.99352,0.036921035,-17.649406
-20.360891,4.836506,-13.058474
-14.779808,28.53498,0.6135613
22.931702,18.731565,-13.794316
33.580563,-2.5807838,-19.097715
10.454426,8.416869,-3.720161
-7.7462664,3.3357966,14.275126
-0.9722695,-18.867977,10.230147
1.4464349,-29.725,7.674464
-15.55133,3.783159,8.244875
0.38967028,46.42763,-3.1293457
-8.339158,-4.798552,3.609315
-15.170905,-53.19159,13.738091
40.254063,6.7197623,24.329214
49.17507,56.9638,8.47747
17.509981,26.614136,4.0835443
-1.4160752,-24.064857,32.609215
2.060681,-14.237777,12.348394
13.435622,23.860762,14.467211
-19.353645,4.016967,46.24641
-0.22153403,-11.139478,48.58813
54.588654,27.484396,33.34205
11.989933,31.691101,13.560939
-5.602491,7.289716,22.860886
39.081123,-3.4661217,29.322351
21.592548,-6.9090104,14.709057
-30.48138,-3.2996817,27.022133
-26.988668,13.680755,23.824627
4.2751703,24.375706,-15.536749
29.545988,-8.134993,4.485159
43.628513,7.643052,-7.424684
4.884658,31.880573,-32.816036
-1.3494039,-18.095879,28.292786
31.276783,-17.626877,12.983648
-3.172591,45.8492,-17.110989
-27.898249,61.23966,16.36263
3.139338,17.66411,14.442963
12.040382,-26.55689,2.0135915
-11.147713,-44.75243,4.6760163
-36.98572,-6.0031605,-6.1335015
13.789001,31.750845,-15.379411
60.40418,14.549694,6.962115
-24.684647,-18.425467,7.176032
-59.268085,-15.278791,-9.803542
-9.594992,19.0074,-11.395964
10.397502,-10.725633,-12.817968
-2.1796668,-13.969366,-12.82262
-6.197049,25.637924,-24.25894
10.930555,2.84192,-16.106611
-14.352586,-23.453474,9.973574
-11.164251,-1.96135,1.5383626
9.175184,34.0786,-25.983679
20.878723,15.607428,-32.92795
25.23285,-13.82604,-30.180248
-36.754223,-33.238712,-12.546871
-21.734358,3.3249364,-5.444818
19.082462,32.26438,-18.635231
-13.506888,-44.43815,2.5522294
-14.630282,-27.094427,-1.3691987
-0.7777078,24.724659,-22.336414
4.2600827,-2.9942718,-0.32261783
15.614978,-22.122595,26.415314
37.51574,3.6521137,24.81717
9.888204,50.54075,-14.3119135
-40.214924,13.581939,-25.967495
-7.4961505,-42.293365,-6.3526793
20.693033,-33.901848,-19.953634
-29.511007,-9.12619,-20.47772
-47.597683,-15.374904,-13.099785
32.760143,-51.224686,-40.976917
31.903057,-32.712128,-38.07627
-45.984573,28.42748,-42.884468
-1.1214583,20.944,-60.209194
46.64967,-53.04666,-7.619761
18.287863,-50.431374,8.123278
-38.696705,10.488512,-34.210144
-64.71457,3.799823,-20.628738
28.643042,-2.570295,-12.981094
51.603996,-17.353369,-22.502773
-36.670177,-21.733046,-0.41950604
-43.969566,27.960644,-3.9912448
6.6343255,-8.7232485,33.721794
-11.132751,-42.011288,38.288303
-49.533085,7.903693,-9.413959
4.3259077,56.924156,19.54533
23.607805,36.974598,14.279779
-16.750814,-64.800674,30.043581
-20.326603,-20.255436,37.453487
16.90726,101.16534,-12.389519
23.264057,22.341555,21.423775
-14.204821,-56.36748,32.460472
12.875016,7.7760944,-9.717988
-14.303323,40.924572,1.0946286
-62.874443,37.646996,18.566334
-8.408062,4.1077733,-0.3293046
56.92922,-21.656136,-2.5683198
51.264584,36.969284,-20.84719
-35.101086,-5.6334333,-9.389121
-21.19389,-72.66197,47.206
43.375374,2.6253252,31.356915
-19.549322,43.12692,13.35617
-33.88169,23.672773,4.698414
64.0449,-4.44987,11.104136
63.74617,-19.115059,48.40732
-18.125443,31.201618,24.765154
-33.514404,60.943584,8.848922
22.440762,-1.8905872,46.42262
43.75243,-45.08803,20.729626
-46.523438,13.350808,-32.819653
-47.395653,27.620499,25.269531
51.375504,0.8136372,59.845467
10.221025,25.610003,8.16709
-43.226963,27.806768,-16.844345
5.708351,13.245512,-28.317122
40.974003,-23.582573,-5.5863733
32.706516,-33.94232,-13.017834
-54.193104,17.280886,-30.965061
-57.171864,15.416279,13.866769
62.15758,-20.275408,0.26880622
14.014965,-19.657818,-37.36992
-57.45646,7.5089726,-36.63973
2.761701,-6.9478326,-8.306933
25.834364,-30.627584,31.879223
-16.007969,-6.078543,27.639029
-40.307568,32.838524,1.0401349
17.690292,32.35094,-20.564804
65.24495,-50.370907,-15.277343
3.632618,-51.641567,-15.69094
-51.274525,22.14981,-2.438016
-2.216654,29.089602,46.76484
22.035515,-1.6694045,25.062572
-4.9702883,-37.090828,-18.994833
10.633656,21.346472,-27.553684
33.85221,29.139753,-17.475424
28.773664,-65.685844,13.212465
-22.709597,-35.051582,26.994465
-26.807245,55.382908,17.49762
14.835719,61.482292,-0.60625017
5.186924,-21.124702,-3.7461574
27.101486,-40.70118,13.784973
3.6242003,40.291668,18.419155
-61.45495,43.82228,14.154707
-12.580258,-20.994408,55.031296
30.44231,-10.9696045,39.58886
-7.314084,22.935982,-43.362392
-39.843277,-16.263067,-31.242168
-28.993101,-39.587597,28.70388
-3.0947602,-32.169174,63.684628
-3.7010427,29.081467,22.603764
-5.269518,71.04359,-48.256214
33.56447,-32.963726,-25.05011
33.67271,-76.96668,-15.501167
-27.414656,-10.753045,-36.336697
-27.906977,24.20299,10.423733
19.14456,13.442189,34.22866
43.896206,-12.899243,-2.401314
-9.403167,-29.210062,-41.079216
-66.407616,-10.384275,-53.3757
-3.4914536,25.466597,-13.030532
42.75947,-17.414564,23.444117
-28.062681,-29.612793,6.246457
-75.382126,31.545393,-11.788454
26.727354,-9.236628,-16.307484
70.31872,-65.98312,-34.18909
-35.61043,-34.28458,-29.564152
-52.29663,4.4941216,-19.731352
-23.61178,-4.3024483,17.1826
4.518148,-34.20054,49.128296
35.67274,-24.213402,-9.737899
-20.26769,-5.053875,-45.086052
-15.131654,-29.085005,-14.450676
22.474548,-27.94482,50.338306
13.191105,42.141582,33.61019
8.850914,49.054165,-18.406004
-28.243519,-32.608925,11.489749
-26.706543,-71.67219,-12.31828
-27.290295,-45.654488,-18.36035
-23.7958,41.957245,-1.0329407
12.007263,74.35188,-4.9204593
-2.3710406,-33.590134,18.574202
17.32269,-70.06475,-10.0364275
28.502121,19.658293,-38.157677
-12.784702,38.765854,-7.567614
-8.479442,-13.952733,4.4400134
21.22205,5.9308667,1.6596763
6.846973,34.456257,14.498405
0.34192297,11.280632,-16.591429
34.667423,-15.559096,-20.956036
57.248085,-27.697742,-7.906146
31.346397,26.334724,-12.712511
-47.281086,37.078007,28.620535
15.854801,-12.300696,24.600925
92.37403,8.375295,11.097586
-23.079044,49.91603,-1.5515844
-36.43439,31.495512,-21.296783
57.02417,3.962761,12.725014
87.71615,35.542458,13.796427
31.26108,37.735203,-13.350674
-20.211048,32.400177,-26.428463
50.416134,-14.143415,-16.160484
51.28916,-60.999737,10.418552
-33.621532,74.547844,-8.968726
-34.13858,90.65012,-15.597542
-6.59717,-95.54191,27.443043
10.741863,-134.49483,0.21363428
-13.25427,33.537117,-57.829838
-79.62651,93.11223,-37.843616
14.765322,-17.711689,25.767616
101.97282,-0.7243436,44.584187
-37.564056,32.15433,-8.946783
-89.30686,-16.354261,-20.395796
0.33383092,-41.736347,21.12262
37.91246,-2.9816504,16.937082
-11.566373,75.51333,-24.698112
-64.14369,32.84362,4.396479
8.148718,-49.944317,55.837246
72.384186,-43.55012,19.546251
4.2308226,17.288162,-27.757088
-44.098156,22.425802,-27.866638
35.432262,-14.325296,38.444775
56.45123,43.322475,42.540382
-21.56767,76.85221,-6.2524405
4.681153,26.996418,38.727226
46.70197,-6.6087365,40.341507
27.415737,-30.124962,-2.1276133
-31.022673,-9.52933,-4.27878
-58.327843,46.155563,19.202988
39.101006,31.728687,69.48472
28.944075,-8.992357,40.464066
-71.18662,-10.715513,-41.535526
-38.859386,4.0788307,-5.9664884
54.049374,10.43502,46.417107
57.853096,-22.808706,23.605837
-47.418148,-11.883261,9.991192
-54.933006,17.668684,-24.396717
19.685226,-59.254498,-10.79991
13.052545,-86.082245,15.551035
-13.849934,20.404285,-25.913372
-19.651104,96.42374,-3.66822
26.905107,33.558414,14.203865
41.341812,-51.124775,-15.341276
-3.7200243,-7.5146093,-45.739876
16.760546,20.029778,-72.28
-0.22417836,-14.984432,-40.19452
-10.604759,-26.479532,0.24947776
18.27582,12.319078,-5.2013745
-53.960876,78.011696,-42.57963
-46.46641,1.0068527,-34.003544
34.79836,-70.64506,-14.428993
14.631228,12.845312,-40.122124
-29.338997,68.44796,-22.72768
-26.002403,22.606182,15.126775
26.670717,-49.981045,48.44607
41.793785,-12.796734,25.179386
-40.43062,49.320595,-43.52334
-75.83249,22.076157,-24.311531
4.427322,-36.939545,34.957516
12.876138,-38.45294,41.714794
-57.782448,61.66918,7.0754046
-44.65812,70.42134,18.060045
36.409473,-14.150527,32.09866
44.86132,-40.579533,-1.7321631
-27.185698,7.6742573,-6.390249
-39.31573,78.22002,24.898985
0.23574838,3.776488,51.78512
35.717854,-66.37398,27.943623
-0.9306654,1.9017283,20.499474
-37.660408,30.522406,29.71891
7.1209745,-13.177795,43.140568
36.70447,-46.36395,58.97875
38.99076,26.380287,15.949523
-30.33572,63.297657,14.1614895
-28.709818,-5.1558514,29.904018
68.1241,-35.54962,15.757942
53.830086,-14.675907,-8.303377
-44.934265,49.481632,-42.954323
-54.936386,22.862408,-38.221664
73.76579,-63.157047,2.7175853
50.865303,-46.74721,22.245829
-83.17303,20.700926,-33.33312
-43.734035,27.959356,-48.98844
52.129604,-42.195423,11.1813345
-9.1717205,-55.94227,26.497972
-94.5517,14.161694,-4.2965364
-11.035585,56.31027,0.45336205
48.23356,-21.955408,31.308443
-3.2224102,-84.67893,-12.297101
-77.98692,7.9748306,-68.96734
-5.6285686,54.534786,-42.59526
89.94542,-41.92748,16.517757
-50.65749,-96.796165,-0.18731
-83.840706,-1.9455628,-59.502888
12.71881,68.420006,-39.7732
-2.6156108,-25.26403,-7.3124366
-22.881622,-103.55447,-34.37534
-22.304794,-5.990194,-58.689045
-6.3612137,70.244934,-26.201214
15.455431,-28.337673,9.454913
8.908045,-70.77008,3.6265056
6.9469,8.61337,-31.641893
-23.10275,27.95005,-56.170288
-75.01328,-44.57833,-22.729988
-40.05533,-65.88986,-2.690326
24.458595,21.276445,-10.911213
-1.0824054,41.527916,-7.5796723
-25.394241,-17.839136,-21.54321
35.876713,-28.383026,-19.628372
19.296993,-11.41426,-20.492977
-63.30389,0.6257446,-36.168427
-46.811474,-1.3614204,41.636723
22.706642,-0.6305642,58.83604
30.711163,25.53106,-44.773186
-41.172676,23.738543,-42.56096
15.818777,-6.745846,-22.372707
95.62191,-27.061306,-23.512085
-9.588025,-20.440987,-17.189657
-53.648155,20.207066,-28.15078
41.971565,36.3511,21.75733
84.82869,-3.4562368,-7.8486714
-19.04158,-59.255753,-71.7962
-53.276943,-29.196901,-2.6741812
43.96619,25.076475,71.26599
33.197483,-4.547401,65.85357
-32.33365,-7.066621,45.034504
-1.7370633,22.2933,18.659973
46.73682,16.095009,-18.556307
13.116755,-44.185852,7.989853
-11.777169,-35.96661,27.534319
28.872213,52.747566,24.458792
52.82972,14.952079,36.08695
29.828423,-34.410446,-4.6851597
-12.518374,2.1210413,-13.4200945
-5.0817394,29.57442,-19.31859
36.369766,-6.6304064,-23.603228
1.9210428,-46.87405,48.494225
-29.434238,29.164999,46.826496
-6.851016,84.03126,-8.071818
5.4608765,7.3682585,0.31645226
23.184294,-63.274067,-2.572354
10.78898,-18.3151,-3.894099
1.9223069,40.352036,40.246067
12.942208,19.94999,55.808334
13.8265085,15.213064,51.58681
9.443237,25.062975,41.569973
-18.495428,11.070592,3.127002
-17.522161,11.472084,-0.34474415
30.966213,14.608256,46.817898
36.948925,55.226776,47.972965
-5.81716,53.126812,22.614561
-10.956785,-35.28035,24.812462
-12.0114355,-49.682392,1.0848448
-5.3658414,4.5504184,-12.615311
0.8272227,26.139515,-8.671228
-4.9260845,-6.0162024,22.248243
18.335632,-1.6885693,38.92815
13.884396,30.357729,-7.319428
7.6626115,39.285915,-7.532924
16.233908,27.339954,-14.588019
20.416372,-29.535707,-31.381472
8.534706,-13.786997,-4.8745627
-12.798842,16.023298,16.58337
-2.8954012,0.26550555,33.33357
9.773309,15.918199,17.110247
-5.9740214,-6.2918544,-17.02092
-1.9235865,-14.623289,-19.669483
38.40489,28.829386,11.863235
21.91989,19.867472,12.369011
-19.757027,-44.019703,2.7178588
1.52783,-24.778782,28.59488
37.1972,70.34435,-0.894872
-8.9054365,29.109268,-40.899967
-48.956512,-73.001205,-3.7487082
-4.975382,-52.07755,29.477953
-18.768633,32.2848,9.289971
-30.509127,55.09638,-8.227707
44.130737,-29.960487,-10.889255
44.853943,-62.441257,-25.11209
-51.961876,2.5676007,-34.188637
-75.806625,19.74904,-13.27266
1.8145269,-8.659542,28.368574
36.413864,-6.5019984,12.314482
-14.42952,43.27426,-65.39257
-34.491726,41.93863,-61.183968
8.305542,-33.86883,-21.457262
7.336161,-57.62386,-38.215454
-34.896976,10.662112,-34.221893
-34.991096,55.89675,-42.152065
-1.240808,-17.206774,-46.827564
31.592299,-70.482704,-42.441746
6.4015923,-15.283674,-51.998886
-46.201485,15.837074,-16.414444
7.352791,-15.313576,14.875109
45.550793,-31.09945,23.994751
-4.812355,2.5177624,-1.9369378
-10.372314,42.818043,-28.634134
-8.707236,-1.7930495,-5.894648
-14.890823,-46.58169,18.244238
-3.9655793,33.138363,15.349835
-7.465479,50.369907,-19.48998
13.6885395,-39.84476,-28.18099
50.901066,-43.686596,-40.629116
21.101818,12.669531,-69.86117
-17.738304,16.375902,-29.632011
-1.513102,-21.139027,-2.9654152
41.200474,-34.57316,-21.58355
43.274048,5.718366,-24.98545
-35.649834,37.55201,-19.946846
-27.378857,-7.8674693,11.413261
53.945683,-24.210169,16.328743
32.86547,32.31407,12.986987
-37.35212,33.740322,21.827433
-30.338999,-34.428543,7.13593
9.561488,-67.64272,32.121075
-9.213827,-19.146126,41.72975
-26.022655,37.653633,24.00345
4.0758867,25.1739,41.327236
45.821968,-32.339085,51.023155
-6.281988,-35.50113,22.220549
-44.327526,11.481413,17.106327
23.471931,11.652527,41.605522
26.59576,-2.738156,34.96247
-31.077244,8.735402,37.78156
-54.45521,-7.2422915,53.552113
-9.224944,-7.1106405,71.54561
8.879469,16.164402,86.213455
-29.431551,21.688248,85.545044
-6.86268,49.91958,71.2388
33.915237,39.969795,61.47344
11.349742,-13.167686,77.86805
-24.022568,-8.8523035,67.0893
-33.53476,29.575176,55.073086
7.562277,29.303465,51.573658
42.871857,10.186755,24.385826
-12.798396,15.459871,-3.74301
-26.103565,15.562509,-33.508297
-8.982075,-10.352469,-29.892338
-16.117151,-18.272081,-9.538972
-14.050979,5.8571286,-42.196934
-14.008933,25.583494,-67.62287
19.557264,-1.7910385,-44.64504
8.017382,-74.00216,-34.09211
-35.317406,-54.29216,-26.114288
-55.533695,22.230913,-8.968146
-65.27877,10.760859,-9.866049
-28.16454,-17.122976,-2.1476595
35.456566,11.086072,-5.9290795
24.23387,38.908848,-44.886246
-5.3097844,-20.23857,-35.13724
38.16436,-39.83444,-13.208712
9.938142,13.268439,-34.877876
-38.294598,12.830521,-35.66842
-31.179436,-2.6371224,-27.504675
-28.078598,-18.434036,-37.270954
3.1832526,-7.068727,-55.89109
6.4589667,4.7595034,-57.21476
0.9519262,-19.53973,-48.885014
14.783527,-34.07164,-40.72395
-0.4000451,-24.443346,-41.22029
-16.653076,-12.674054,-75.07252
-22.017878,-22.945402,-75.7329
-6.869051,-16.91433,-48.176
0.3095835,-9.040904,-49.689228
-9.108927,-10.951773,-56.682137
14.910603,-26.401651,-30.273191
46.449562,-19.172832,-12.403198
40.854877,11.476639,-48.64095
1.8958402,-13.064827,-37.113102
5.05754,-13.063879,-0.6477391
29.47383,14.472536,8.76588
-0.8298762,14.54652,15.455891
-17.438139,10.025356,-5.3055596
8.097326,3.913137,7.0365753
37.024082,4.8294997,5.82145
26.116388,11.970926,-17.308535
-3.3951724,17.94916,15.890831
19.49911,5.721977,38.909576
19.179962,-2.6265852,15.2083235
-30.88654,11.285329,5.7653117
-9.910747,39.961166,15.8336
36.79676,19.899582,14.158547
25.130022,-25.621567,27.039743
5.9684854,5.0350404,14.081275
-12.959833,25.296473,5.655279
0.5736158,1.6726459,26.079805
27.158253,3.0912511,32.112328
-9.825457,50.380188,31.742825
-32.20221,87.10817,17.103508
9.755724,30.907883,44.22255
59.73546,-9.558707,66.824
40.597763,25.455832,43.117863
-40.279804,-2.3071787,40.850243
-31.13366,-45.815525,58.024204
43.813488,8.128691,67.38157
23.219967,49.650772,44.94139
-22.680162,19.874659,47.317837
18.681297,6.028854,83.10693
35.018604,16.727207,53.330765
-37.751095,3.266856,20.65403
-35.89317,14.762031,35.61605
46.900036,25.466635,33.084698
43.236507,-29.424671,19.543652
-26.014673,-32.039627,-6.7637267
-23.689554,36.128094,-8.072705
38.44846,33.431892,-11.571026
21.277054,-22.372066,-45.80305
-23.734465,-36.065853,-32.82883
-9.565626,-12.205568,-27.008846
6.907105,0.6283871,-42.6547
10.158368,-26.448849,-34.343697
-15.720407,-0.5854253,-30.496645
-4.7722297,49.18733,-42.592674
40.810913,-11.268771,-57.45122
1.080758,-66.87086,-32.80561
-35.162987,-15.47209,-6.4054766
-11.191191,40.08143,-23.257492
-6.1046453,4.0156198,-3.0988727
-22.176035,-66.03736,2.032028
-16.217276,-42.795692,-37.92845
27.14868,28.781603,-29.314562
43.502563,4.9355173,-3.380147
10.680805,-43.358906,7.8399982
-31.758968,-30.611982,-9.287067
-40.83372,12.067203,-22.797537
-15.780282,16.068901,-16.27388
5.378279,-39.370995,-7.6284666
8.62655,-37.71149,16.055136
-16.822298,-9.731167,36.081257
-29.523373,2.7248309,37.85769
-5.351948,-5.3847785,13.283373
54.572876,-10.343798,18.104609
50.109093,23.371704,22.196993
-41.599194,-2.4563088,14.34331
-55.868263,-26.261911,55.415638
16.587498,-3.32696,74.100105
39.764317,13.139184,43.08015
-26.815825,18.625143,9.489915
-8.063602,7.214093,7.9752865
60.502373,-11.399322,20.65756
10.915877,-20.143381,23.922464
-50.681953,-5.2967057,17.765512
-31.673246,20.99529,2.7086606
13.575972,13.029838,-24.054115
14.292943,-35.486324,-50.84837
-2.7870073,-10.321912,-53.6661
-16.085297,19.6011,-40.919125
-20.02216,-32.915623,-13.02176
-24.473196,-47.992455,-32.455547
-23.50217,-14.212159,-65.43083
15.4931135,26.776846,-44.963
20.516117,37.051952,-28.449404
-5.1803293,-6.3572464,-14.110728
-16.708694,-49.909603,11.871737
-23.84688,-9.513195,20.99946
-18.907541,45.13239,-21.357763
-1.6231678,-1.0404489,-21.799105
-3.0157192,-31.464987,15.288597
-11.614192,14.065735,17.795443
7.16443,35.011036,41.5565
0.028189877,11.115484,18.38036
7.576317,-0.49246258,-8.684663
20.719685,6.0921125,-11.399693
-27.413227,25.969242,-55.28853
-23.984283,31.226566,-26.87491
20.079304,1.115947,39.611908
16.610758,-0.22172004,1.6317029
-26.456047,6.8885527,-46.624374
-14.917889,14.554156,-20.841183
63.403244,17.717108,-9.319988
51.035088,11.03522,-33.026955
-28.152061,36.087986,-38.44694
-32.36782,13.9391,5.937679
33.601887,-37.057606,19.209131
26.075949,-39.356262,-37.219727
-27.576387,8.784059,-70.94365
-3.158278,38.598015,-37.785923
52.76607,-14.76841,10.2926035
41.295494,-29.959118,16.152925
-46.5431,16.349466,28.046757
-27.540693,27.59123,31.68342
26.83057,15.549902,14.049271
2.444917,-7.918047,-1.6953954
30.01741,-3.304508,-5.13932
42.49475,32.824238,27.425194
12.036557,-20.502754,45.276676
-37.8597,-68.211945,40.116684
-37.897175,3.4282892,17.46566
31.221842,59.307117,-6.8607073
10.44235,42.878002,-2.2678018
-17.891474,-11.58512,27.265257
-2.7050586,-47.424686,53.28443
-7.9222116,-30.619877,27.372135
-14.600037,-1.6854237,7.1432014
-0.37959448,13.313155,25.648273
45.020866,25.0573,0.03386782
7.659749,13.253036,-5.8108063
-55.106697,-15.342032,54.23368
-4.208245,0.40016675,51.528835
32.40619,22.006584,-1.0161676
-10.800584,5.655726,-28.18275
-40.213497,3.293557,-37.085175
-8.426702,5.937202,-13.69765
40.17738,-17.617886,12.001918
6.899261,-18.559242,3.8175337
-60.541275,4.195565,-3.5837395
-13.595399,6.0641637,-18.699207
35.52993,-12.131641,-39.9781
-17.221062,-20.273888,-39.004128
-17.06087,-22.555056,3.5403664
15.770859,-24.672384,30.202694
-6.62405,-35.896835,-3.410574
-16.050964,-29.381916,-8.698569
13.462018,20.15157,-16.97585
29.4132,24.35106,-6.988864
-38.76055,-29.346828,35.510162
-73.01064,-46.333996,64.50228
-6.8313046,10.467764,58.832325
4.0665483,26.69586,-14.8583765
-4.394536,-0.6669195,-26.659077
16.862219,-10.989614,-1.991278
-4.9979553,-14.432011,16.44546
-35.159065,15.183636,43.97785
-20.75729,14.927208,37.269802
8.959634,13.130295,17.661436
-3.6092217,2.8802774,-23.53927
-37.78655,-18.871384,-38.881954
-24.478422,0.26563215,-12.855954
20.571732,5.5066533,36.035683
25.63084,12.462595,48.685883
5.0836368,8.265144,3.9443684
-11.163542,11.203724,-23.477905
-9.464044,13.884096,-19.52263
24.419014,-12.064308,7.7837176
12.815829,9.860856,27.619925
-11.728288,37.452908,30.35269
12.350303,15.072271,6.5054445
0.9446343,-17.931238,-23.024532
6.3326554,-26.732058,-29.601894
38.76464,12.883819,-28.65799
2.1721787,30.52395,-1.5348324
-11.783869,5.6436834,13.41744
6.8924346,-7.7562265,-15.480509
9.847787,-21.030834,-42.585575
28.109203,-15.382917,-58.59707
18.264551,-26.05669,-49.715187
-11.087975,-20.699577,-29.707008
-7.372037,7.159629,-23.247887
9.133809,-16.39546,-6.562018
-2.9799335,-26.826805,-34.281254
-2.2567291,-19.64295,-61.35451
12.611216,-11.184167,-39.30167
10.414961,-3.068015,-11.723285
-8.194142,10.716537,24.252975
-6.2269015,23.713825,23.060781
46.95925,11.529377,9.392204
16.611816,-8.9584465,-25.694021
-24.12326,-29.96045,-38.411755
21.659082,-7.9744644,22.756292
40.596004,24.344542,45.18912
9.644917,36.41168,13.809785
-22.210691,14.876295,-12.815533
16.627724,-41.24619,-4.646612
26.584536,-42.976818,-6.250246
-30.812855,4.906781,-22.793941
-34.39497,40.732803,0.18247639
25.770023,32.070168,52.126125
46.15354,13.814821,34.71071
-6.851613,5.49495,-30.157835
-15.541347,2.9712713,-9.222274
27.20171,21.5202,40.02632
33.385643,13.990611,43.41163
-14.853737,20.140224,22.951149
-14.288656,51.16305,31.315767
21.285965,19.942038,49.89693
8.886974,-33.226177,25.196676
13.17446,1.8723787,23.115318
5.6367416,75.82688,51.014206
-4.4035177,51.786396,45.40588
2.4782295,3.4245913,32.959053
-14.080351,-1.1292293,12.763876
-3.1499357,-3.9375489,-9.245108
-15.982833,-1.4043119,-2.460071
-33.572826,-23.508474,10.04521
17.47073,-8.1443815,43.8768
15.663379,52.06866,27.887651
-30.626207,28.138983,-10.675845
-17.114803,-27.933823,4.9381757
13.269372,-10.497866,4.1400633
-10.675344,13.227065,-0.4210675
-57.920223,16.947798,2.2616963
-33.97453,10.832664,6.5386243
29.780819,-47.953842,-9.026669
28.881723,-51.960926,-47.557213
-5.5230036,4.0274386,-54.445408
5.9270463,23.226366,-14.985091
12.0611105,11.521684,5.1566224
-23.886759,-9.073789,-18.001917
-31.276787,8.709627,-37.938717
-4.6836543,0.15293439,-64.9047
-4.589845,-30.727203,-43.702694
-6.3950996,-11.5852375,-29.4062
5.221002,16.666044,-55.795376
8.714514,0.038580067,-34.721104
18.425888,-52.300777,-36.804634
5.5166016,-45.895126,-65.72079
-15.0412035,-3.5972853,-65.44569
-13.7664385,-0.6376275,-35.79241
-5.449743,-12.908632,-0.38496417
12.068015,-13.401448,0.8922424
15.12891,-1.1956426,-23.484386
-8.019918,1.8422372,-38.68361
-1.2550519,-27.484169,-29.690908
8.059842,-32.95134,-11.501508
-7.9078245,16.38954,-7.931046
1.7225122,23.024504,-5.5733094
4.8742924,-25.52748,4.945517
6.9843388,-37.06932,3.0067103
-14.630412,10.581628,-1.9044693
-15.686106,33.882065,-6.7286105
20.314388,-17.3663,11.474633
-3.0812469,-40.02866,26.479977
-20.719248,4.6962204,17.804142
-27.317959,15.989875,25.049812
10.903489,-18.056261,26.855965
42.345802,-25.018906,9.119402
-6.7645726,15.26407,-12.284754
-17.198023,36.047394,10.619703
-4.232169,-5.4154725,50.60875
16.03758,-28.71684,30.31918
1.9349495,6.9391046,-8.199948
-30.606638,10.587367,-21.78627
17.443464,-25.647118,-11.823664
55.359825,-19.846987,26.506779
8.437392,16.632532,30.729227
-60.93163,38.03721,22.031347
-36.27467,-0.07436054,46.89302
15.780793,-38.01453,27.378284
-17.133389,9.60716,-1.1314245
-27.02046,50.69445,5.7556205
20.68184,15.775425,32.25263
55.469448,-36.69853,54.608833
18.536055,-15.729292,8.75858
-35.115547,21.0138,-33.984047
1.8008995,-5.2265387,-7.4096684
20.991404,-24.75419,16.660513
-27.636381,4.030687,23.939754
-31.789747,52.050602,20.624752
4.8705115,29.152344,25.530268
24.59694,-25.801708,36.258446
17.47165,-3.4644034,4.023729
-6.971203,48.303947,11.725185
-4.823136,32.404022,33.596107
19.614862,-34.71896,15.452505
3.82875,-19.172823,14.938642
-24.549942,35.19919,-7.0719876
3.468533,13.471246,-6.887763
45.469498,-18.51257,16.477793
26.056007,1.1164982,-1.4693878
-4.2515965,25.130524,-7.4127483
-15.327639,-1.1946293,10.941626
3.9662664,-32.871826,18.210281
8.807996,-20.41113,-1.557442
-49.44039,9.351166,-20.776537
-6.1386986,2.5941534,-17.88593
43.653477,-43.292393,9.460722
9.979995,-34.132977,8.154178
9.497747,31.282396,-30.414474
-3.8810418,28.21342,-6.1181684
8.49725,-20.81786,0.4666248
-2.4715002,-24.205132,-36.052032
-27.0994,16.10607,-32.228363
10.192679,18.899313,-11.342484
10.809968,-36.192364,0.9042383
-1.4259515,-9.258674,-35.130623
8.2525,39.359283,-29.271128
9.355787,10.818813,2.0305927
6.510441,-5.5115557,-12.528854
13.384102,7.6303353,-6.027099
-1.333381,8.3461,-4.425281
-7.543563,-2.8031843,3.8151898
27.062387,13.946253,-0.70800036
25.185644,9.546314,-2.9302943
2.866335,5.0485873,13.253245
-1.3326946,1.2228746,9.084722
18.768438,-28.079082,34.967182
34.223328,8.896509,17.702503
5.440962,33.255337,-28.859001
8.0342655,11.369173,-3.465506
35.899864,-15.369424,9.21849
26.787138,-22.045221,-3.261915
-13.498228,17.632547,-3.5349727
-53.83464,19.267838,-10.112822
-12.663082,1.3510686,12.166733
39.269745,-11.454094,5.9963827
9.987235,-15.684872,-23.03126
-2.4711823,10.293101,21.60879
20.22126,2.1602201,37.46886
-6.1957498,-18.39071,8.664138
-40.850216,-1.9634677,21.135115
0.12978911,43.21257,27.641005
23.63496,49.234142,12.183941
-0.67639875,-4.2109137,3.6041818
-4.8923874,-11.957987,16.423746
-3.1355052,11.216997,28.702202
12.802721,6.2823853,3.7056556
-4.2314487,-11.181871,-18.003098
-30.620857,2.6436815,2.037535
-21.47778,23.84522,12.396055
-56.694515,-25.150688,-3.618425
-50.708866,-41.578373,3.0136046
21.874279,23.083403,5.620746
1.4702368,45.10134,-24.241013
-23.603285,10.665778,-32.10321
7.3347907,-15.159091,0.5284285
-2.8644664,2.43562,3.1844919
-5.4981923,21.795948,-5.776823
-34.037994,0.2098501,12.754493
-51.48016,-5.895087,8.442423
0.66675425,4.960117,5.82045
-2.3913794,3.5677829,-9.755333
-22.371786,4.9420457,3.964521
-7.0786057,5.968936,46.26764
0.38449243,-4.7699246,4.4384103
-20.089859,-31.736717,-17.038208
-43.364044,-32.20645,-4.6998777
-5.2205377,9.520955,-16.275543
5.366243,20.512161,3.2372358
-52.71605,-10.266623,11.100168
-47.98119,-3.5195746,-5.7432685
6.185453,15.840414,-5.70211
32.493473,14.505956,-18.879759
12.854756,-3.7976298,-31.683043
7.4228725,-17.84804,-21.993319
37.711254,19.164282,-23.126352
-0.5553181,3.2496526,0.044882357
-23.093367,-19.533533,10.078326
-11.053802,20.481638,-21.168781
-10.349033,8.246645,-23.587446
5.871177,-12.636364,-5.99895
-19.732218,-3.499862,11.970982
10.477414,4.5081587,-3.3381085
40.128094,-13.34972,-8.52727
-11.08929,-25.489101,11.245006
-16.726013,2.0739558,-7.6131067
4.5020866,11.98674,-12.844287
17.871729,8.978724,-9.377609
-6.477469,-15.043099,-1.860636
-25.500149,-23.923372,8.628425
1.5295922,1.849224,-18.267355
6.638234,3.88268,-18.29796
28.872326,-7.9880123,0.92982227
32.372166,0.2102615,-12.411123
4.1051126,28.499176,-10.965631
6.3660173,8.042267,4.1793065
-12.287306,-16.834394,11.917725
-15.187837,6.7330055,-5.2466645
-14.039959,3.5409477,-19.749796
-27.835478,-20.43912,11.67352
5.492393,-29.378958,-9.213075
23.014132,-6.676104,-29.147568
8.389469,29.627298,-4.9052844
6.5951824,1.8499057,-10.525177
16.388208,-33.465504,-15.10476
4.123878,-5.604376,-22.8019
-27.650196,18.96218,-15.794171
-14.241484,9.193096,-8.739148
34.21894,-15.10957,1.6718516
34.482666,-2.8901396,8.160136
-7.9769254,19.526329,-6.2300076
-7.61112,15.814368,14.398168
18.710623,6.2619042,20.252806
-0.5820524,5.9326453,14.922585
-37.585587,34.343845,25.494593
0.5168631,26.353323,11.310663
49.255764,-9.350132,12.784884
14.381928,-18.62023,12.603273
-4.381429,0.7717772,-21.149303
5.9189706,5.362437,-6.8725653
8.212625,-15.649183,23.625406
4.6334105,3.6179237,13.63795
-5.413406,12.185563,1.5264529
2.8553524,-6.972697,-5.1659923
-0.43770808,-16.385065,-2.3370337
-4.3969193,-20.819847,3.7612185
-6.6907005,-6.108316,8.94825
0.57788575,11.96536,9.535275
9.212724,-9.98328,4.265719
-2.6249862,-35.68517,-5.711273
-3.3581414,-22.83499,-6.5215564
-9.229597,-11.0230665,12.181219
-6.3691506,15.452513,25.440996
-2.0698266,23.080713,27.306583
7.8803067,-3.508024,4.156415
15.257021,-13.894614,-7.458613
-9.032881,-23.115757,9.868492
-3.9077678,-16.771917,1.5944086
12.7905855,-0.33231142,-3.2527485
11.27765,9.273166,16.5086
13.654308,16.04145,8.610561
7.5688663,9.086949,-11.620254
-10.332782,0.07222021,-8.467312
-3.0639956,2.6737242,-0.9684126
19.911407,1.7316387,1.6219555
8.220165,7.0052075,-16.530277
4.5018134,-6.834471,-19.2666
18.493088,-32.2127,-10.027955
19.174505,-15.255093,-28.52348
13.05535,-11.260094,-24.111061
-15.268817,-20.50692,-13.281769
-11.103726,-14.891998,-2.9280596
20.40161,-0.9456512,-0.17906037
1.6266073,-2.7611945,-12.912682
2.463043,-18.879087,-1.8055607
26.289848,-8.557808,-4.3099365
16.523779,2.4694107,-10.13755
-1.6631742,-11.173074,12.083585
-19.725256,-24.89505,24.58878
-6.176829,6.392594,15.413665
-4.145505,13.126566,9.373793
-29.603952,-2.160397,12.662925
-13.31387,4.1215887,18.204557
19.715433,-6.463911,16.898008
19.87132,-0.43452308,17.001358
-2.2066915,0.35953358,19.229761
5.36971,12.290427,7.6362705
21.672255,15.761026,4.748836
6.02426,-19.276642,19.098206
-17.455914,-15.685776,10.412179
-13.333642,9.548626,-14.636059
6.5022473,13.070369,3.3026721
14.166542,-7.0848756,10.408931
14.673309,-2.1356585,-4.8166814
3.4171314,28.052671,10.668065
-11.943702,25.439106,10.62087
-15.548578,5.2039337,2.300158
9.562908,2.7061749,3.7151985
32.372128,19.373074,5.042053
6.0185165,7.72071,-10.284936
-14.718301,-27.532074,-14.384639
16.42535,-21.350307,11.925174
21.086323,12.374385,-2.3015807
-4.3061337,16.502434,-10.554345
-0.932419,5.1370664,3.4999406
3.4555225,11.323511,-10.198287
4.3856583,-0.3198605,-21.542217
-23.237722,-14.910728,-28.249277
-34.270737,-10.778022,-30.427675
-2.930861,-17.488762,-27.601868
-24.422268,-3.0370588,-17.30467
-48.35929,16.621338,-15.092962
2.9845743,6.6895247,-28.369007
37.264294,-16.288584,-24.519978
-17.018587,-19.832438,-16.738285
-30.997496,6.9748487,-17.87323
16.693684,10.274904,-0.33917746
34.38015,-6.556696,22.846819
19.674046,-14.857098,-0.21873373
-30.962336,3.9015381,-15.343418
-29.06082,24.048203,11.828922
-1.7113487,-9.90255,21.24323
-19.119995,-19.857132,10.081669
-4.222173,27.140497,2.540155
10.126449,33.164192,0.52425313
1.4346638,-3.7777472,-8.405721
-3.976733,-18.829899,-10.855659
-10.11936,-4.8114605,-14.494839
-6.1771803,7.2734237,-14.224666
1.987917,-8.974812,-2.4577398
-7.4134884,-16.551798,-3.825902
-14.327873,7.841541,-5.0953183
6.459678,23.549316,-1.7075762
-1.1987123,8.764338,8.571848
-1.6082896,-6.4744344,13.246972
12.719066,16.833105,20.408297
-20.142212,28.390493,24.271786
-22.154688,1.9225183,16.149887
7.7973895,0.36636853,17.665958
-8.068524,14.898015,14.59478
-35.499992,10.400597,21.51794
-24.110155,4.91334,29.820753
-6.071996,7.3924093,28.648796
-7.2697825,1.977686,4.087927
-15.800788,-6.661666,-18.255587
-14.677649,-0.87082946,-8.231697
-5.549843,-16.78337,-18.539745
-16.412487,-22.763327,-10.984451
-27.262829,24.324535,2.9565167
-16.401773,23.002192,-3.6071844
2.9636953,-13.320853,-4.2359867
-1.4926801,-0.26740286,-8.541822
-20.988375,17.882113,15.128019
-5.5026536,4.626052,21.212511
5.8211603,-9.070183,10.783409
6.488469,4.639302,16.120308
13.723933,13.822459,4.2319026
0.1519162,1.7257158,3.515927
12.959748,-5.3405423,5.389198
16.58619,3.7717547,12.246358
-11.808276,13.493927,13.548979
-7.6860733,0.74172497,-5.0602694
9.058998,-9.687616,-4.9554076
23.49184,-0.30117965,-16.604939
14.68265,1.9887965,-20.177221
-1.0894481,2.707931,13.865824
18.364397,2.5530758,29.56441
19.382196,3.6215005,13.5266075
-14.847201,12.172181,-6.7522154
-0.98153234,3.283587,-5.7013116
28.084742,-14.099555,-1.0447251
23.544243,-19.28593,-13.941213
24.625309,-10.3489895,0.7777011
9.629114,-4.013792,16.833055
23.823315,-1.6728228,-10.511805
34.598446,-3.7841506,-19.127245
0.097802445,-8.239041,-5.0083914
15.077029,10.547511,0.024962733
26.120424,13.888786,3.5226204
7.9317636,-5.127042,11.092293
39.309826,-3.0740783,4.198758
34.865303,-5.0005693,-21.056416
-16.48213,-22.1026,-25.84904
-8.646466,-26.973051,-8.512491
9.297029,-10.322083,12.367266
22.445957,5.035314,0.8144777
18.966078,-9.789727,-12.344967
11.568153,-2.9814644,-2.7705555
30.123043,12.665191,-11.356005
1.1849707,-6.3836923,-12.993314
-16.029251,-5.564672,-0.737938
6.451325,-9.3511305,18.036144
2.053582,-14.616885,13.717811
-6.2718296,-2.4988809,-6.954907
6.2024975,0.07515233,1.3205276
21.952375,-0.47888383,-1.2079109
34.441338,-1.6863788,0.10123047
2.167495,2.810109,20.485735
-31.514027,5.069056,16.742353
-11.2176695,22.34319,11.34482
-7.1514726,18.494698,2.2339416
-2.9869726,3.7992718,-5.8281193
-2.3890698,12.070931,5.8612266
3.4287162,-6.297095,-3.2852437
8.308212,-21.913893,-10.299808
-22.589298,-20.946869,-3.9008307
-17.609625,-2.6730924,-4.526579
8.7288475,5.181046,1.5901495
-15.219749,-7.588587,-3.975749
-46.541454,0.48210922,-3.8327453
0.47755504,8.039149,14.5026655
10.599218,0.10232373,4.6358147
-30.903696,-15.792386,-19.006622
-7.140966,-5.0161657,-13.950502
9.932853,-1.9288925,-8.602469
-7.5084515,-18.160261,-11.608018
-28.871464,-20.948023,-0.14685212
-18.846209,-10.739995,-13.462642
7.0221767,26.460308,-24.694946
-1.5090368,10.165409,-8.235592
-13.102877,-18.919926,-10.614969
-7.6545606,14.096341,-8.663243
0.7581993,10.338963,-4.9240627
-21.22945,-22.650476,0.06540047
-30.525635,-27.633797,2.6980412
-9.973015,3.6026225,-2.3895264
-7.326009,38.500763,-0.40769628
-0.5703941,14.626998,8.690896
9.241549,-0.16659147,26.993767
8.908438,33.581978,8.186516
-30.6311,47.053577,3.8483489
-34.85661,22.745481,19.433828
8.607579,-16.930336,10.614191
-15.53918,-9.945611,-3.984623
-32.536884,17.083448,-8.158761
-13.161875,-4.810485,22.2256
21.542925,-14.609349,12.419983
11.916958,3.0722313,-1.1029612
-39.855495,26.792892,16.84436
-9.591342,31.036085,17.349142
22.84101,-6.0501094,15.710964
-14.665677,-9.704291,-6.7652416
-42.06101,14.848556,-5.937279
8.441755,1.6442418,0.77583086
24.675585,-34.268982,-13.550138
-29.639423,-36.07939,-10.514168
-22.337597,7.668151,-22.525677
10.65425,25.068508,-26.513573
6.978121,-6.3598385,-5.7355742
-9.419755,-16.831512,-5.4621706
-0.60363847,12.591004,-21.014242
13.345929,15.183827,-12.399557
-1.2495991,-26.460472,-0.34254873
-15.817647,-36.8491,-10.426178
-4.0821133,-2.5126262,-6.558515
7.2049108,1.9674983,6.3860307
-8.1793165,-13.499896,7.281695
7.5298223,8.714634,6.17357
27.550428,26.459017,8.08881
9.881849,3.3744376,-4.002333
3.5280173,-5.5058417,-14.208832
8.01024,2.8987193,7.0012608
18.825146,6.4711485,2.2978892
0.08005627,2.5309093,-4.9090037
-37.81279,-11.837232,7.9831123
-5.580131,-9.581044,-10.221966
35.485523,-6.4688096,-2.7876785
17.90283,1.4650348,3.0655184
8.0491905,6.809329,-7.377317
18.354366,-0.6475889,0.53814524
24.837652,5.3132977,-17.30119
19.982302,-4.1281085,-33.51505
-7.301571,-9.935413,-32.538063
-16.145899,-9.786623,-24.274815
4.715742,-26.24786,-11.835008
7.8338976,-21.330208,-11.913046
10.984241,-1.7576069,-10.067458
18.01678,16.205069,10.556472
8.278457,17.6953,17.809893
12.639633,-5.358513,19.043095
14.516037,-3.7540019,35.048283
1.6171532,14.985277,27.311426
-9.106124,1.7739146,23.785784
1.7416402,-12.630117,24.48792
18.619982,-2.711016,15.738937
1.8069934,-1.3096895,15.939365
-2.166116,8.852769,14.629786
17.83956,23.068626,23.830349
10.364055,6.222873,18.454859
-15.004803,6.712752,3.0248017
-23.82229,15.40251,0.46161026
-6.789329,19.380692,-16.72416
29.325628,20.783571,-10.248132
17.52674,-18.300774,5.719367
-15.413997,-20.460066,-17.00384
-3.6570573,1.8282034,-8.342342
5.52258,-6.8021665,-10.817124
20.885382,-4.673795,-30.312265
16.22583,-11.618047,-3.016703
-5.217921,-2.756372,-8.7789545
6.1709313,7.336287,-10.407327
9.62248,10.13154,1.561161
4.534125,15.605367,0.3902971
2.4455767,-23.507755,5.403783
-21.82777,-28.544691,-19.152277
-21.72171,-9.558137,-14.989982
20.233814,-14.574332,6.0614257
12.874375,-14.427398,-17.948603
-12.21598,-15.94578,-41.59261
-10.536316,6.117979,-15.664352
7.357089,18.35682,2.0070868
34.503235,0.8867189,-20.309748
6.635095,-19.356752,-25.817188
-14.972435,-29.40374,-19.112623
9.868802,-13.868673,2.9953682
3.6038194,-6.8345985,18.121119
-20.639513,-5.2072453,20.164589
-19.830109,12.764055,32.76463
-3.0027888,20.457472,35.404
-5.1821694,-1.4743162,29.030897
-5.324745,-5.945693,34.644146
20.698292,35.596344,67.969604
22.20045,23.472935,59.93164
-2.1180189,-1.1293011,40.352665
-16.359653,28.197258,65.74156
13.185572,22.740774,61.638214
19.249578,8.605334,44.368378
-37.795666,1.2786739,49.836296
-30.559568,13.288778,70.557304
11.772673,49.027203,68.174194
10.948174,25.769377,57.987324
3.3494682,-0.7953584,55.97084
3.4113266,14.164915,40.17178
-12.917753,16.4632,46.529217
-36.270134,13.743585,27.907824
-17.907635,2.750821,22.573252
21.802752,4.302387,28.674671
12.394956,16.382113,-28.723768
-44.380024,-20.52479,-52.994083
-24.011116,-27.476234,-31.655807
34.360966,2.4028425,-34.35117
-16.553158,1.6993302,-57.029854
-74.57969,-19.408484,-51.64762
-26.257448,-26.494963,-46.788445
13.596552,-0.722042,-56.205315
-21.068398,-8.2171545,-70.58742
-21.902601,-10.598686,-73.56107
19.894535,-2.1238563,-37.025417
18.80826,-30.628012,-68.03936
-24.131287,-27.683718,-102.23913
-28.388634,-3.0623577,-72.09596
4.983759,12.014739,-67.05234
-8.6579485,-4.6209,-66.11984
-31.607859,-45.365704,-57.680286
20.06041,-36.01706,-43.214813
48.059795,-10.940443,-22.89319
3.577119,-6.3704405,-29.539003
19.418894,13.569722,-20.630857
35.708668,12.135346,19.086182
1.1728929,-12.87521,5.9037695
-14.856587,7.71397,8.742169
2.6840646,52.583828,34.109573
37.321674,43.368828,10.763572
13.751302,-18.986649,-5.2687593
6.2150493,-16.953102,-30.19912
31.7649,20.619795,-0.2736195
5.1847024,-27.670635,33.4352
-2.7047114,-46.21439,-7.7519646
7.0646753,1.2683964,11.583599
9.092752,38.00995,30.89655
44.2593,22.525213,24.03138
45.91446,-21.27808,33.43637
10.665886,12.5326805,24.999159
-7.8725634,30.755884,32.455734
-20.150528,-1.9631494,20.304592
6.9753847,-20.258526,23.816935
12.849873,-12.664071,24.46075
-26.903976,22.21835,-12.19712
-15.866801,7.134069,17.19631
37.127804,-11.797925,46.04657
26.827778,19.707102,29.393034
-47.040962,25.29507,11.021386
-33.933136,0.29515293,27.51547
25.592333,6.493291,51.2032
0.5023588,12.854063,13.124947
-25.563307,-5.3332396,-5.1085677
4.9996758,-0.3592958,6.2061257
10.306538,-10.355148,-2.2364314
4.6674495,-41.434956,-20.832336
0.3952798,-23.32113,-26.527029
-14.958561,5.450132,-16.772123
-3.8343573,-15.277097,-26.17414
-27.14768,-26.567905,-37.508
-17.511156,4.7673407,-27.194748
42.64626,15.38333,-10.106795
27.58199,3.8925195,-24.520102
-20.97268,-7.58051,-12.715618
-25.784908,-0.1562908,36.174915
-8.031402,28.836853,35.200504
-24.593441,-2.5774024,32.237328
-23.550583,-28.4082,36.635788
9.325748,10.021063,6.3726807
34.094425,26.122465,-26.071232
14.4277935,-5.9082303,-17.634438
-7.584474,-34.7858,1.208521
12.25248,6.717493,-9.96148
-23.092869,18.930096,-32.303524
-37.016838,-21.43501,-33.81051
-1.1010613,-10.135256,-13.457487
14.906887,6.1155562,-15.29853
-4.8430834,7.1782923,9.750549
-37.594055,-0.41798377,15.850876
0.11690603,-33.4518,13.666711
29.293547,-16.834623,26.60616
1.6344435,33.064255,-33.70794
-30.020346,11.576681,-7.4136825
-9.75148,-18.03302,29.798313
27.903082,-6.09702,-1.2131472
-9.454649,-2.0729034,-1.3777746
-23.654585,-0.5317807,-23.027218
17.604523,-6.1415777,-8.599343
41.892483,-26.805304,-5.810352
-0.03737624,-15.125878,-23.427952
-55.94998,29.100805,2.2688296
28.022366,30.890703,6.3891487
52.796352,-13.754975,0.63219416
-46.898384,-21.036577,-19.152163
-12.674956,8.62695,-21.006079
45.312542,5.9905753,14.416138
12.632177,-11.61076,-12.065161
-29.664694,-11.010213,-28.757677
-7.030175,28.37326,7.7796726
52.719406,24.28997,14.733301
17.940079,-43.90098,4.0771127
-35.35735,2.4199538,-14.325734
-0.29587662,73.418884,1.7658806
29.768412,22.962145,18.378666
10.396802,-31.969051,3.3845825
4.2429194,-9.518017,13.3934555
-21.13677,11.045353,1.5789249
-40.08624,-15.087647,-15.247241
-6.451099,-20.325886,7.645038
27.255959,10.068683,7.1301727
30.828138,56.927494,-9.272553
-8.913541,24.16803,11.649706
-0.3336487,-38.658054,22.677725
26.705414,10.885925,18.290615
-16.513416,45.349926,15.768301
-28.315237,12.308219,9.691027
13.033664,-15.645858,20.321863
12.923977,-25.09377,12.6864
-16.569706,16.657974,2.3126976
-10.512754,49.682953,-6.4909496
15.487667,0.03669469,-12.633541
31.46718,-22.178123,-16.39865
-13.722314,22.568125,-33.948383
-35.44002,21.980995,-32.674583
16.346943,-27.46843,-41.82275
11.106854,-27.918558,-28.366224
-18.905434,14.930593,-10.906816
-9.850348,0.0030329304,-18.025934
27.16326,-23.17519,10.410995
29.091095,2.926365,43.942886
-23.837994,42.798187,35.301945
-31.734295,46.2581,12.528765
25.881386,-8.473501,44.801697
39.732746,-24.835213,31.829393
-18.78289,11.023451,-16.514992
-5.3536434,21.411865,9.641172
42.193073,-1.4712492,15.590707
17.579586,-1.1699167,4.291586
-20.607008,16.153622,-22.64025
-17.897923,18.18115,-29.839838
29.950993,0.18946947,26.556322
20.255375,-27.850857,12.619318
-38.399075,8.801951,-26.610394
-21.550657,29.784702,-14.015773
25.973072,-15.440985,-23.69145
18.744087,-26.319624,-38.371723
-16.822197,-3.0407183,-22.683544
-4.9843035,2.0036826,-21.614756
15.301093,-37.999294,-16.51392
-20.955515,-50.359577,-2.5497682
-23.44552,6.855914,-27.48528
4.844799,50.331688,-30.93838
4.5601463,-17.26093,14.4506
1.894355,-61.24186,49.021297
-29.002867,40.19435,23.55526
-25.85113,46.3322,12.101165
8.248627,-24.766754,34.23782
-4.007095,-18.19019,11.774837
-15.130001,4.760999,-2.0220187
-30.842428,9.97007,-5.0650177
-14.262771,-35.5267,38.49606
25.067324,-29.29371,57.250908
14.289509,42.780945,4.8565955
-3.8100212,48.39153,4.743162
9.287216,-19.772696,25.314255
51.547863,-48.322205,58.65597
39.842754,17.044561,31.12625
-14.13613,42.346592,3.2985475
-22.618746,-11.741945,37.299515
-2.3046985,-48.398148,13.560795
10.163447,-10.42994,-24.387207
-28.022772,20.689272,-31.84604
-33.965557,-0.3437809,-3.069207
23.081192,-26.944016,7.345124
2.5087924,-37.951824,-9.133367
-49.75404,12.987967,-27.413229
-11.258204,11.772492,-19.141432
36.170357,-46.955357,20.421896
4.802088,-45.411415,2.416402
-35.002098,-3.5353851,-12.939682
-14.408439,49.970036,12.668964
31.680887,13.17122,11.10279
22.196796,-37.398144,-5.069604
-38.861816,8.834944,-7.5528007
-40.300724,13.778269,-21.864876
-6.583233,-30.207504,-21.937572
-10.184773,-22.333921,-26.4918
-5.0830812,10.738848,-38.50829
-15.650455,4.4101415,-18.408617
-9.532358,-37.27809,-20.726383
17.82092,-49.040165,-10.442676
-11.550377,20.772978,-7.389353
-16.314743,53.421738,-17.119183
2.8462093,-19.405905,-4.8097725
-11.404417,-47.762756,-9.059849
-12.876374,5.969022,-13.562766
1.3072641,46.3241,-8.431802
3.3122282,-6.820839,7.3763056
-6.0825014,-52.628765,6.8456464
-24.60823,19.678486,0.875159
-20.618237,56.971764,-6.9670243
10.532287,-5.418304,8.577088
22.52541,-29.616405,36.621296
9.899944,31.658909,2.9881327
-22.66533,43.696083,5.9340024
-13.605247,-16.205944,49.212517
32.113586,-26.74263,31.523611
9.671018,6.664148,3.7174485
-27.897705,24.16623,7.2300487
-0.1773403,13.382831,24.378435
23.098108,2.3149312,34.252136
1.950158,5.0381207,24.04799
-10.761988,18.609468,29.636887
3.9356205,15.787646,31.78038
7.5791597,-12.137242,23.143045
-18.205423,4.7952886,36.88671
-5.8685822,51.0594,45.46437
7.7039995,21.94277,41.466827
-14.505931,-31.75387,31.596289
24.197649,-8.5868225,41.368324
28.459486,13.168448,27.720583
-16.04067,-0.78515404,-13.820959
6.7894073,-17.87024,3.2470052
3.3523123,-5.103127,-0.42325824
-19.371334,27.564108,-38.004898
2.7961352,-3.9057267,-30.00804
21.420446,-15.389359,-28.553726
39.674484,11.050885,-43.454983
30.142845,10.673293,-49.29041
-0.22942504,-2.5802274,-44.076878
23.117468,-23.721933,-16.033905
37.92766,4.3997674,-3.9943926
-9.761917,26.500025,-22.861685
-11.614299,-1.3641285,-14.134494
25.477741,-3.1925797,17.183756
10.8555355,15.783085,7.374373
7.1765857,6.291366,2.153279
37.266754,3.8237886,24.646656
35.12019,20.085165,32.698685
-7.1455145,7.470753,17.9995
-15.845854,14.391414,-13.427011
18.761812,13.785668,4.4758654
-0.93383634,-23.179071,16.907036
-29.947678,-7.7771277,-19.375818
-1.9403539,38.094887,-23.76224
16.345987,12.774717,-26.97757
6.3536844,-41.77214,-66.38362
0.6380056,-33.42229,-91.226395
14.817644,-1.0327712,-62.062927
15.03494,-2.258198,-50.083878
-6.707669,-35.65994,-44.00224
4.6956954,-5.8879204,-3.1114326
16.685,47.650826,-0.7048069
2.477889,7.1625037,-9.022214
14.2250395,-20.637068,7.9002995
22.220745,13.789895,16.947824
-8.183988,27.193083,1.0513911
-25.904566,-15.673569,-4.3288727
-25.651503,-27.122854,-0.0663044
-1.0357236,24.054102,-4.099897
9.119548,5.0658364,5.865289
-36.609203,-10.949869,-0.5440779
-14.565806,24.181967,7.8413024
34.40332,18.50688,17.635412
9.792384,12.911646,-4.591751
-4.3909407,-17.832802,8.9194355
20.809792,-13.038442,10.369794
6.061226,30.713678,-19.833967
-20.600267,1.4507133,-13.871854
13.022347,-20.188665,5.061203
-7.736633,-17.835691,7.794297
-19.65756,4.161353,-10.282085
28.110603,21.64567,-17.793087
-15.980206,-6.857931,21.332338
-27.46758,6.345901,31.284252
13.234246,18.609816,7.803239
-21.303017,-18.019726,19.36365
-8.250137,-35.974606,22.824547
23.443666,-10.8530855,10.534334
-13.979329,26.569115,18.56793
-18.50012,-16.192963,19.602604
15.597818,-44.98,-6.8806734
28.865492,-0.4834163,-14.4246435
11.645339,-18.391657,-27.41701
46.316948,-21.24752,-65.83526
62.51342,-4.507765,-49.665203
-16.825054,-20.21126,-49.76128
-38.07505,4.506043,-59.914886
-11.95846,-2.8723245,-24.490555
-21.292622,-63.349094,-46.861504
-46.683655,-49.949146,-70.6593
-10.550447,12.788685,-47.27107
28.378633,-1.5823653,-5.77461
-15.416462,-35.876434,10.51497
-31.21244,-34.662136,-8.35027
8.798015,9.2436075,0.03734569
6.507055,27.437412,-8.658924
-46.848507,-37.491726,0.35162857
-12.464825,-20.739637,22.736784
4.842069,26.877436,31.86316
-48.881092,2.2940335,33.621803
-14.025974,-17.801922,31.941063
34.371704,-1.0855026,57.62493
-9.148877,6.8438587,28.252079
-89.63322,10.870665,26.784943
7.267504,37.224953,83.32902
85.686554,0.8073514,95.32358
-42.044506,22.383307,45.98276
-55.111843,56.38354,9.67132
30.049112,-3.9047613,41.713818
40.74105,-14.02328,29.44387
-16.612621,-7.5030026,3.6339977
-42.51209,38.703938,16.963678
23.510807,48.19749,56.130768
31.790655,-28.454159,64.8877
-56.505318,-4.741823,10.562901
-27.22165,76.88311,22.698725
64.49287,45.759415,45.763397
-9.172768,-49.173862,-3.950705
-65.864746,-51.212273,-13.7742195
-28.956442,6.188268,4.6637483
-0.42565346,29.34266,-20.271177
27.474081,-20.786266,-30.13626
10.1571,-27.97949,-19.902777
5.292955,12.526047,-4.54951
-6.8192735,-20.018152,-7.339232
-42.096798,6.8255105,-16.039343
2.3638644,40.16838,4.850628
14.923795,-3.5637991,-27.986063
-39.437992,-42.401386,-59.315323
-7.096438,-40.50367,-45.02974
44.4301,35.77957,-35.48755
18.721617,34.91918,-18.603
-9.566341,-24.68196,-36.97385
-15.916044,-18.448126,-44.764523
0.57328147,-12.705351,-22.413118
-1.724532,13.945888,-34.021088
-9.542496,4.763001,-0.44387034
39.794594,-8.468198,38.704266
43.74368,40.615,-2.544916
-13.325529,10.482199,-8.031679
-1.2888793,-10.819117,13.126438
68.71111,20.20792,14.449177
18.421328,-5.406464,12.1845665
-64.28452,-8.535641,-4.3929186
-1.5042572,17.629648,26.948317
36.002228,18.996155,31.496727
-3.879881,-2.2931256,-9.01762
17.985264,-4.556328,7.812082
74.81467,27.12129,32.711807
21.877481,7.56867,43.750504
-78.56212,4.8727093,40.30709
-24.011425,57.736465,44.950516
60.77729,28.393875,74.15698
-15.8935175,-31.745272,49.07666
-65.799614,-9.189534,22.32306
32.271523,47.75638,56.345562
50.28672,43.359737,62.40658
-43.33393,-32.867786,37.8974
-59.61702,-29.99518,23.517218
4.8245363,51.597496,7.3844523
40.652424,4.314809,-16.143454
-25.122784,-81.667046,-47.36664
-62.181377,-31.404003,-46.59948
18.299496,9.795461,-31.315296
8.386725,-31.02269,-44.103157
-21.871252,-48.682423,-65.26875
10.143964,-23.962433,-52.879616
-24.863106,21.023762,-30.10124
-22.946447,11.925345,-58.149414
-38.777294,-45.421146,-37.757927
-37.648163,-47.950695,-0.6530162
37.762444,-5.34389,-46.93215
-4.3085365,20.540148,-51.695164
-35.48326,-15.693709,-13.911875
16.289265,-31.76839,8.462354
33.6787,4.8847475,-15.138945
3.021516,19.635784,-36.80862
6.69239,22.841518,6.0306063
61.350273,5.5844927,-10.014444
29.166527,-3.9256332,-41.272923
-6.5605655,7.3878326,-29.728268
11.496842,-11.74605,-14.765076
-2.4514902,-29.723553,-13.219577
1.3563507,-5.6363726,-45.93672
0.48649076,14.197201,-16.211145
-14.501956,-18.572985,14.352604
6.7304444,-43.815544,-9.217561
17.551115,8.497275,8.885602
13.404811,40.223305,21.240683
-16.30622,-19.563093,18.773539
-25.875402,-39.412243,9.520442
23.46308,2.2114158,0.5410079
-19.535141,28.99339,18.151457
-44.17818,14.30018,3.849168
59.13839,-12.946144,11.251014
33.864864,16.002699,30.01354
-55.520416,3.7037725,0.25990662
11.137052,-14.980557,-11.345686
65.72761,48.691196,4.856198
14.851714,41.59288,43.813698
-14.695,-12.674717,44.281643
12.522304,12.011799,36.068306
35.420002,18.207008,65.180405
-2.8543358,-13.69218,14.804434
5.957231,31.715822,-16.21234
56.09808,28.220097,19.422935
8.265832,-24.47444,21.282999
-16.107012,-18.340916,27.672113
10.387673,-8.379925,18.347548
-19.049044,23.282648,-11.586136
-34.089905,-1.0974087,-19.682974
39.00967,-22.361658,-2.6923828
90.85504,12.266755,21.408203
-8.032021,10.662616,29.188778
-77.74812,8.572844,2.7480738
-6.8518705,-15.037519,-26.135397
17.452658,-27.254467,-31.426273
8.911427,-23.052313,-54.935055
7.723477,-2.8113525,-19.047308
-40.465473,25.309721,42.075096
-30.365862,-3.7483351,37.223206
23.922777,7.465869,29.59331
20.818197,40.960648,1.9659386
-15.483102,16.981384,-22.424395
-17.0228,-2.1423416,10.494616
30.43563,10.537281,55.660786
39.045216,3.0192091,55.998775
-21.361952,-4.9413323,7.7522774
-41.899124,16.685232,-35.499245
31.091047,3.2316983,-35.194813
69.08604,14.948313,-17.00025
17.697723,31.369978,-3.256082
-16.749615,10.100992,36.553673
12.1938715,27.25655,71.5405
10.706603,8.622834,9.061209
-45.604534,-11.144104,-46.882008
11.642299,21.006727,14.85424
64.40822,23.485392,26.016798
-37.683838,-5.289077,1.9114338
-52.885143,9.9098625,29.8269
23.381437,59.86481,9.34329
29.00694,15.925702,-25.946726
-7.3922544,-57.533585,-46.860363
-31.451893,-27.198261,-38.74355
9.09027,25.097338,6.800762
41.8688,6.6767807,0.97774243
-3.5156755,-18.215631,-7.554189
-12.720769,0.53388655,-5.559393
2.723172,19.32836,-50.47088
-34.585674,-13.435217,-34.941246
-30.775827,-52.494354,0.04851047
-10.8409195,-18.025082,4.259514
-30.394114,11.121102,31.810003
-21.955437,2.668648,-8.614236
7.4844327,-24.470646,-45.090145
37.109726,-37.8984,-35.084778
19.041191,-4.768934,-41.491077
-38.990448,-3.124519,-23.390007
-44.364243,-25.64499,-15.809055
-7.52429,-36.882114,-21.520128
17.318546,-10.433859,-33.781822
7.5817776,9.247407,-46.840584
-6.031243,-16.638426,-30.04111
-4.5488663,5.72789,-11.600078
8.402638,21.545809,-15.444097
-4.679149,-4.6819687,-16.832376
-29.705963,-8.358878,-4.894636
-3.4366407,-17.439924,-21.618013
-31.592026,-21.198296,-31.351185
-49.03766,2.5787814,-5.761094
35.474617,19.81842,11.9359045
37.676113,4.5248327,-5.9783087
-28.126015,-13.396633,-29.17929
-18.06107,-7.4886727,-1.0903801
16.19044,-13.967299,1.29915
-4.085798,-6.436247,-21.282795
-26.491194,0.31233186,14.884479
-2.429743,-1.7380204,22.057545
15.752386,-5.001555,1.6527925
-24.014072,-64.88646,8.35015
-31.143518,-38.71652,7.1248827
13.422858,46.504337,14.973426
-2.6080177,34.30845,6.3020654
-9.806454,-20.62006,2.7165153
30.486952,-22.537657,30.647774
40.85655,49.058083,8.188836
5.6020055,41.653603,-13.634294
-24.860601,1.3336799,12.617526
22.884527,-0.42030513,25.08063
31.095947,-18.762709,35.330975
-41.0357,-6.9111357,36.802242
-22.679188,22.342484,31.117327
41.478085,35.266014,51.865784
40.68279,2.7505858,30.795414
-32.093605,-11.093261,5.1837626
-56.371487,17.82313,26.800955
44.81419,16.548983,35.204
49.732906,-24.0286,33.543533
-29.860714,-17.111773,-0.1711044
-27.323425,44.52314,-11.200992
17.998701,-5.4170337,-4.443074
21.078997,-92.45179,-13.152991
-44.890945,-40.994724,-4.8522706
-28.003677,47.55659,-36.903904
19.771112,27.36323,-18.233326
-12.32554,-55.38036,20.909924
2.8918998,-49.41054,-17.38797
11.642358,46.78977,-44.86402
-15.74488,27.650787,-17.867579
-17.416437,-53.122105,16.99308
-37.787106,5.164081,2.236759
-16.216198,66.25296,-0.47746634
22.983099,36.264317,16.057251
1.706243,-22.640371,0.39207688
-11.857586,-29.649166,-13.043753
-21.905033,56.6845,4.4049697
-11.432352,50.229855,18.003256
25.386942,-69.98521,12.478558
26.785944,-25.619911,-4.6160502
12.946821,74.23049,-24.617311
-1.3091892,-10.801174,-11.707138
-7.2820444,-73.823944,4.047812
24.413813,-1.5813781,-0.345156
31.70806,65.43394,-26.31795
-30.207525,14.637281,-35.805424
-13.90612,-84.43364,-4.3830624
47.01206,-53.809864,-6.368766
8.276714,27.416542,-30.022932
-17.273151,8.927742,-16.918537
-2.9231396,-23.702608,22.575726
4.582501,-10.197058,38.704567
6.0844593,-1.0585811,6.347442
-44.85486,0.1556904,-1.4733638
-24.636225,-33.737164,31.419685
58.858337,-26.216236,22.330746
17.163977,31.798107,0.9487321
-31.7141,21.026052,-9.747576
12.551551,-2.9181557,-8.433567
49.90124,2.7888646,11.755948
11.065827,39.865623,-16.069702
-50.61764,45.544582,-30.067123
-6.098329,-24.356863,3.302871
55.715054,-56.23103,15.322895
-19.173094,-11.814687,1.1149476
-45.895344,48.460514,-5.3065567
52.13102,17.686005,38.460556
41.84535,-57.679665,69.08137
-22.729433,-6.4447694,24.179058
-44.76767,66.13707,-3.3260484
-17.626303,8.619063,29.260067
48.22965,-44.70143,18.317219
0.7602702,-2.2157323,-13.270732
-45.012302,44.564228,2.2827773
19.894556,53.317,27.138418
41.746563,9.961604,37.88312
-12.699621,-24.060295,-4.604207
-39.583263,26.88755,-14.090328
3.8950117,48.370502,37.960125
15.057105,15.298738,23.72938
-32.44951,9.984914,16.194693
-14.083521,41.72595,38.46431
27.163069,50.12916,20.499578
-7.2329497,-27.0727,2.6936908
-15.919733,-34.1673,-16.466015
17.564968,66.213135,-7.655007
-3.0033295,45.511086,19.56419
-15.376959,-51.13051,10.979331
14.947144,-30.60961,2.9001882
8.645172,45.426712,-4.5719824
-12.8271885,49.621876,-23.57444
-8.329327,-23.00495,-4.2043653
0.47398227,-34.053352,30.099693
-5.11217,31.882687,13.882306
-15.239213,30.875347,-1.9493815
2.350284,-0.5776703,-8.298111
23.043253,-22.579456,-6.0767913
9.982658,1.1338689,-7.290751
-4.567463,41.232887,-26.852448
23.734495,-20.69338,18.299662
21.012302,-35.33688,6.613031
-37.634693,17.13546,-56.05924
-12.876512,-17.047535,-20.762966
28.798967,-29.741194,-13.255419
-6.624787,2.0094173,-16.799215
-16.33183,-18.844692,8.211226
-4.6163535,-7.6670413,-17.378197
-9.076161,-4.236936,-18.03836
-3.5555522,-40.63412,-19.634624
-2.6491418,7.8150105,-37.42843
-16.398748,10.685915,-11.935604
2.9906552,-38.028065,5.470295
3.963308,4.1727905,1.9556291
-42.492893,6.37735,-14.319824
-0.049578194,-25.98193,-23.15448
44.82863,-13.501678,-19.58084
-8.882858,-27.48192,-25.498655
-32.323402,-36.273018,-30.132946
-4.984224,-8.291961,-4.213463
22.067837,-12.189752,2.1892755
-5.0611753,-27.291386,-29.602057
-37.374336,-4.124638,-33.20452
13.3405485,-15.668227,-38.961243
45.008816,-43.10529,-26.301172
17.277042,-11.099324,-18.936375
-18.479382,6.531374,-10.704942
-15.664047,-2.504493,16.261347
21.560463,14.030509,-15.137046
4.237806,-3.1287732,-16.903875
-5.7842326,-38.598938,21.45375
11.269483,4.296132,41.15675
-6.0654454,35.478542,27.657665
10.955571,3.6044662,28.91945
34.56903,-6.2526975,31.065323
22.053486,-12.584134,-4.2822065
27.531599,17.241142,26.33218
26.306284,48.14618,29.30604
-12.178246,-10.648906,7.095734
-21.174635,-40.690414,-2.3810594
6.4519167,-6.9959683,-28.78213
-0.56568605,2.6257067,-23.32597
10.532711,-16.428028,-36.95402
42.304703,-32.057655,-18.31245
11.641265,-33.9162,-27.11418
-37.19425,-20.726707,-41.129963
-43.349796,-20.358816,-8.084956
10.829831,-0.55991876,-31.956274
3.832234,32.630775,-4.0738487
-39.17838,-6.9786243,11.213399
43.97429,-29.64667,-14.81338
62.19087,-14.812597,13.562353
-10.091551,12.280927,-11.272182
-7.183654,38.712086,-6.5376835
11.6514015,18.746437,33.017384
16.179081,32.08475,23.97323
-5.749398,36.693752,38.068306
-2.0990207,7.9866652,14.556724
60.182484,-3.252657,15.819046
9.588049,-14.131791,28.932484
-52.666824,22.227123,-17.786638
21.965822,52.809002,-4.851796
38.74177,11.787851,29.684975
1.4481373,-9.765787,6.260157
-44.21131,-8.722242,-18.558979
-29.975767,24.91611,24.16803
45.681095,50.277584,23.563957
5.5256977,10.129949,9.507868
-6.919828,18.417484,12.923064
13.094643,6.6772594,-9.882474
-13.970263,-13.733909,21.589693
-3.1164613,30.476297,14.402224
21.66317,52.835197,4.508254
33.229836,36.1903,15.020305
-4.0482574,-29.13489,-4.2923665
-59.0522,-62.27197,-11.106243
-24.923159,3.625784,-13.453473
30.978895,56.79726,2.345052
-1.210886,3.2160563,11.939658
-19.398087,-16.6661,-14.676397
-2.9252675,10.961345,-24.069967
-0.6113495,-15.416973,9.901364
7.478241,-1.3763824,5.3794403
-4.0741186,26.204027,5.0466366
-5.906892,18.953083,24.664944
10.332652,2.7000134,12.119343
-15.319977,-15.544464,-1.5910606
-15.326174,-12.639361,-8.28713
-5.496722,-0.035287473,-0.2158891
-41.67721,-0.7717255,-1.2003441
5.1616497,-1.5765742,6.6919785
38.130356,30.340618,1.6277214
-0.9066685,37.813847,-11.298982
-21.915672,-13.46138,1.7339038
-37.662292,-29.67663,-6.6883893
-5.2695613,-14.236666,11.369157
-2.1669898,8.668269,18.644787
-23.338194,45.455612,-19.942547
24.250662,-0.5368728,-13.725861
28.294493,-43.42125,3.4380062
-35.265934,-5.825912,2.1720333
-44.13655,23.385998,-4.190638
23.009542,21.378492,-4.0328865
54.4797,-11.418045,10.483858
-18.975262,-25.932278,-10.556921
-60.83524,-18.703745,-11.521166
-8.049903,6.9419575,33.840744
13.550157,13.923411,32.40494
-2.9468656,-13.530121,-8.57873
-1.3037543,0.94773614,-16.767542
-2.898385,-13.638395,6.1060333
-7.265123,-42.797718,-1.0194048
-4.8387303,-8.877446,-18.134842
1.5170634,15.114091,9.766912
29.35525,10.012479,14.573113
11.076714,-19.246693,-26.486591
-19.608994,-32.28598,-23.52961
20.95824,9.486185,10.046675
1.7865088,8.936336,10.493131
-26.828226,-24.685364,-4.468258
23.132156,5.9351516,17.524567
33.903625,48.9483,19.07643
10.943169,-1.1996105,-23.712227
-15.850108,-46.686024,-8.935271
-23.12044,-5.160696,0.585931
7.330081,8.906002,-5.769867
7.618664,9.333542,23.059217
3.5383692,15.890158,-6.0738935
33.316177,6.7761035,-33.049606
-7.436095,-23.18157,-5.5842133
-44.13285,-44.34392,-10.260801
26.952143,1.1321644,-9.951968
19.641064,35.653812,17.467209
-42.17221,26.878637,-0.4631336
-14.835156,-19.009447,-15.686438
20.456806,-42.35956,-7.9635763
0.8488001,-8.835527,-17.128798
-22.211254,14.911849,-2.054255
-10.325228,-1.4284893,-1.9911497
11.738726,-37.5619,-12.93719
4.7736087,-24.656387,-11.806407
-32.797787,5.2181106,-26.13154
-9.82433,13.300052,-4.1859713
33.348076,-10.399945,23.27955
-4.520289,-8.013346,3.701202
-35.402687,32.1415,-9.442764
14.524069,-5.159027,11.746088
28.943245,-47.825375,17.688063
-25.830168,-34.01915,-3.0288258
-41.213425,9.249235,-17.226786
-19.955133,28.957588,12.220747
47.18367,-16.095955,24.061768
29.56619,-27.907923,-6.882129
-60.73465,-5.891363,-5.94537
1.8442154,-1.8662714,-12.700982
53.282593,-5.726825,-6.2179914
14.782005,-19.213795,8.131538
-16.900793,17.49619,7.659688
-37.619823,29.287066,12.253907
-4.619566,-40.74797,5.1668687
1.4675481,-23.743399,13.018292
-15.122732,53.308865,2.1911554
13.603612,54.44214,-18.685331
19.031765,-15.825327,10.994584
-0.9163328,-42.558537,27.963783
-11.105453,13.203076,-23.45165
5.7031507,16.950367,-31.91039
13.724293,-25.464582,1.9634994
11.160318,-4.853595,-4.736736
13.931068,25.959808,-17.229124
-13.955252,-14.952781,-3.8447337
12.737147,-45.381405,15.108081
38.553963,-17.3033,6.7032137
-16.462255,37.24067,-17.935589
-35.592564,59.501633,-10.166927
5.8957715,-1.5066919,38.739185
40.670837,-45.334213,7.524712
-4.044042,-17.560188,-21.131199
-51.900158,19.958307,15.541191
9.072607,16.358664,11.411212
54.392788,-17.781565,6.7685165
-0.752888,-8.651585,-16.990961
-44.1861,17.491646,-9.966656
-1.7398895,-13.74859,21.245697
50.413704,-33.04159,24.547573
1.1194525,1.1297102,4.9544563
-41.89579,39.365612,-15.422966
20.157701,15.333918,30.718157
44.41498,-41.609444,23.831768
1.5921108,10.179509,-3.660439
-21.465109,61.996407,23.022148
1.0596819,22.256115,22.912306
26.736458,-14.0475645,13.807078
-4.6052575,-8.113192,0.20393641
-21.939627,34.649555,-2.9275057
6.7498913,14.988024,15.455555
3.1840274,-30.08348,20.560606
-14.637072,-4.0039296,0.8330165
-4.896364,53.245796,-15.847946
30.050018,35.33133,2.4045331
38.036625,-33.734463,14.792058
-4.428322,-12.585195,11.084994
-23.804996,22.690596,9.66872
-9.178427,16.124582,3.6121457
-2.4943845,0.021928033,13.933457
17.89225,5.8460226,-7.019224
27.017353,29.798563,-10.714396
-14.46585,12.121067,28.748228
-8.060104,-5.671167,11.011343
23.813087,-3.1435933,8.355504
11.827226,24.460125,-0.8441626
-9.696884,15.364201,-10.837888
-11.803078,-16.31212,14.637339
8.283468,1.2717139,-4.772922
2.8694243,25.37948,0.007672359
-12.199722,36.969772,12.471366
-7.087789,0.40355912,5.835869
11.6739025,-21.70694,-14.48156
-9.477155,-1.8688211,-29.586733
-14.43118,23.667747,-0.03231971
2.266981,20.147814,3.2454262
5.6507654,-29.471336,-9.000753
22.0164,-21.172104,-21.576849
-27.752398,0.7711366,-36.72051
-11.0817585,-24.136814,-35.725914
17.920101,-46.11845,-2.5047731
-16.293898,-16.22578,20.079195
-24.779972,36.200947,2.267069
-31.97782,12.257653,1.2151105
23.957525,-19.146284,-8.662147
-16.256443,-4.531643,-16.363106
-59.58415,4.4226437,9.965251
19.347452,1.7812921,34.015823
27.875477,-12.287297,21.364344
9.040414,-16.804958,-0.81349236
-10.984473,-7.2013288,-15.283318
-6.549281,-20.390612,-27.13515
0.5292826,-35.305656,-1.7279248
-24.201988,17.073103,5.944056
-30.828209,46.438755,-2.1577282
8.451305,-10.730695,1.8308159
45.47577,-37.502354,-19.065424
-13.052919,-20.095167,-24.15802
-18.306187,2.8053675,-22.499834
-2.4114647,5.2744074,-7.2708898
-9.143274,-7.9718,11.965205
13.743914,-5.324972,-15.996517
-33.252777,-8.06166,-23.324825
-24.957153,-25.76435,-18.380623
18.556078,-32.49958,-7.6718693
-7.3192954,1.9708652,7.1047573
-11.768492,39.73628,-2.648691
23.067003,22.818668,14.911723
20.996288,-34.25779,15.563656
-13.910807,-35.305996,-7.1031933
-31.875332,15.701553,-7.654667
-24.603579,16.31483,9.652021
33.904755,-21.115812,25.00612
50.962757,3.564473,17.972187
12.065204,43.43507,-2.298914
-9.675942,-27.829126,-16.26743
-5.948517,-58.44707,7.505085
10.910977,14.424098,14.966619
-3.375806,52.52873,-9.792698
-13.186286,13.067851,-5.9945703
23.849115,-34.109013,5.5283074
29.956276,-9.578837,0.9267918
-8.358598,20.424004,-13.451232
4.6009517,38.5192,-9.411004
25.829119,8.43376,15.415411
14.611692,-21.243914,-5.1287456
-40.149086,-4.242101,-24.90813
-41.65417,-9.734085,-8.933816
55.506874,14.051669,-18.868355
35.052246,0.88205975,-14.500449
-34.938675,-21.067425,-17.438326
-21.817839,15.40266,-29.205751
11.664357,3.5835085,-8.046579
1.47644,-35.68797,-15.531791
-38.15735,-22.035376,-35.464703
-13.744195,12.494454,-27.389933
17.439575,-13.862238,-8.883347
6.397022,-32.09285,-13.582113
-3.1945374,23.35206,-8.447673
6.55864,37.22543,14.168514
-15.797741,-12.248663,-0.47388253
-43.563564,-33.371418,2.1234877
10.06046,4.0903687,30.095568
22.72348,47.289658,21.048334
-20.726841,16.32118,12.516015
-19.036415,-24.832346,33.942204
3.241822,8.667921,34.67779
-4.4546223,35.00808,32.87159
-36.195976,3.2284398,25.779442
-7.436775,-2.093963,11.451489
18.05037,8.016512,25.287891
-11.34333,-17.403408,12.351119
-20.43801,-1.612565,5.261314
1.3613981,20.993013,8.8514
44.569416,20.03644,2.1794927
26.741236,16.660484,0.5259518
-18.218533,3.3930748,-9.444744
11.3168335,19.009598,3.6822739
19.754322,11.301874,8.281928
-7.810061,0.8791858,-5.7973685
10.787623,22.196232,-6.4016886
14.05709,21.734957,7.831109
-2.1245463,4.465646,-1.2977135
7.284219,3.3777556,-4.6841927
-1.4005742,19.186441,3.9846387
0.08544148,-3.2575655,-9.874919
-12.895288,-13.715443,4.9143114
-10.007988,20.101042,-5.946351
41.09658,20.331253,-25.71041
26.32238,-3.2633204,-20.367943
16.911268,-5.7421327,-5.572234
26.308685,15.537896,12.49524
-6.1121492,22.153255,-17.153648
-4.3647046,-9.597764,-16.136202
16.675013,-19.953985,5.6880207
6.27015,11.364992,-12.725273
-7.5544705,16.776154,-18.509495
-3.8822184,-8.5052595,-9.595074
1.1611502,-28.61016,-3.690219
7.218997,-12.406082,-10.6349125
-12.132148,21.083366,-19.983269
-24.63731,12.433417,-9.708915
9.896538,-11.023607,5.5229707
22.207626,-20.990498,5.2420015
13.386152,-6.116616,-9.168495
2.8676736,10.557714,-0.7915411
9.024677,-17.467947,4.0568376
9.725112,-23.790535,-7.040109
-21.622906,0.9908272,-6.4336967
-8.855618,-8.335723,-5.8263807
24.279236,-9.491961,9.576996
14.003114,0.90155387,-7.1331673
-27.03749,-15.163008,-27.143423
-11.949843,-18.822784,-19.460104
25.734549,-25.104721,-8.18319
-2.202891,-23.704132,5.778349
-28.91646,15.035153,0.050491575
-14.036047,2.951563,16.83943
22.002394,-29.732822,-3.3921788
0.7041302,-25.516266,-21.657446
-28.829718,-1.9345124,7.265396
4.523764,27.370745,11.423691
27.992355,-7.839803,23.73263
8.83897,-28.418955,9.826331
-25.717815,3.9505694,-8.120811
-2.3371954,13.487614,-5.9831767
24.16152,-16.944,-5.8351088
13.631726,-54.3395,11.509571
7.1570296,-5.2692256,18.289259
7.219314,38.11632,12.438192
19.61016,4.6297884,4.298597
0.25766018,-38.53236,9.712494
-7.545635,-28.832788,7.366394
-9.94306,20.200354,-3.886642
-16.895672,4.99445,27.76755
17.26953,-11.508534,41.51225
8.052974,11.304743,3.403223
-10.020082,16.90498,0.16909255
-8.365767,1.5640332,20.150974
-5.445311,-3.835671,18.944923
6.4862757,11.972476,29.287697
-19.508663,10.122466,18.698116
-10.201461,-10.346763,4.6661053
18.957827,-11.242975,15.808347
2.0623832,13.634983,-5.1421037
-27.470192,1.0677718,-4.5180693
-45.16429,-25.159437,18.995455
-14.594129,-12.667186,11.292217
-7.8556204,6.94345,4.5092015
-15.728691,3.8198075,-15.002514
19.544952,-16.17357,-22.670279
19.550047,-11.390622,-0.14188859
-4.668688,5.498101,-0.87483007
-36.663242,9.629747,11.029742
-28.887644,9.124059,20.006258
11.203362,5.7700686,-5.881189
-19.707384,6.774145,-3.608447
-32.465157,13.0453,-4.110389
7.9338555,2.460583,11.134293
23.926493,-1.593371,42.783035
2.4983735,8.371458,19.643951
-24.898167,9.605706,-2.7877522
-9.873479,19.758682,-3.2064574
11.046852,6.556163,2.9871714
-14.244768,-11.482464,6.848462
-24.143593,7.5480385,3.8234065
8.458433,21.360508,0.009611754
19.335499,-3.231775,-10.484912
11.414015,-10.808861,-28.588987
5.517195,25.384436,-33.097675
10.464923,26.791433,-6.815598
-7.3446684,-1.4871523,-6.1430616
-40.685795,-12.730401,-3.7439296
-15.887212,6.914956,-11.298349
15.741405,12.896626,-33.980938
8.882612,-18.696629,-15.891673
3.9606476,-24.036135,-24.054676
11.805943,-0.5040937,-12.800428
-1.9540774,16.485022,10.367989
-9.168899,2.59186,-2.6970901
13.202233,1.3076899,-18.98466
16.704514,21.831612,-26.161575
-4.3652387,2.1265264,-6.735591
-12.62749,-25.558764,-1.3916103
11.365329,-9.09208,10.13103
15.858154,22.348173,7.8365626
-17.674597,15.691406,-5.8272405
-15.699186,-6.454885,-13.87779
22.484377,-5.4563637,-23.22831
8.629175,6.9039903,-3.9820998
-21.120138,13.564168,-1.4300681
-2.9534616,11.385884,6.63338
23.19892,-2.227454,-3.2179315
5.826395,-18.059917,-21.5013
-16.736729,-6.777541,-20.92841
18.188095,18.553082,-19.055254
28.910494,-0.1131039,10.018717
-6.910765,-23.827124,3.6600676
-20.558598,4.963887,-4.3746486
21.177456,17.558428,-7.9668264
31.21224,8.500605,-15.725974
-9.995557,-7.0580173,-0.20820543
-3.1903028,-20.915724,-12.6019
-6.879644,-19.245888,-5.747688
-6.731589,-21.651913,8.084848
11.953312,-0.76199496,-6.923552
26.928507,16.229786,-20.192524
19.194471,6.2703266,-5.0919275
-18.83871,-22.02857,13.885599
2.3485692,-16.445269,9.469772
12.755467,16.947506,12.648888
-1.8097497,17.64795,-3.413707
-6.6886563,1.580814,-5.9173827
-5.0127277,-17.713785,-9.399202
26.45731,-5.0503244,-10.353963
22.337776,5.576716,16.232462
14.277653,5.7782955,-1.2754261
15.481751,-5.0352902,-2.1491852
2.298718,-20.465446,2.437126
-1.097347,0.97909033,-5.0168114
-0.844145,2.8434803,-2.5041504
15.770323,-4.259618,-1.0125465
14.832392,-20.101818,23.434986
-2.0818946,-28.158901,17.596916
14.566345,11.198911,24.260012
34.129288,32.888958,36.19493
4.415132,24.922342,18.356071
-29.63834,10.955651,25.467321
-12.524128,-2.0968578,28.271965
11.43013,-7.8029017,22.573294
17.801916,-3.9490542,18.107935
9.408947,12.681126,14.331011
-0.80585396,5.359238,11.045783
-1.5356544,-3.698011,21.57084
3.4663239,16.08094,30.285757
15.718308,18.770832,20.023602
0.5253466,15.379503,21.089872
-13.911721,-0.84470505,28.486233
-1.4294912,-7.0296407,25.519962
2.2588222,1.8857126,12.931949
4.8011603,-12.627298,9.555578
-8.829575,-4.6574736,7.3594627
-21.951403,-4.5423765,2.098317
-11.926804,0.32135975,-9.117135
-8.989511,21.688135,-3.075344
-2.8690429,9.273974,-3.2360597
4.644965,4.4702506,-27.389097
-1.7634522,-7.9189425,-7.6121993
-23.938791,-12.399954,1.915623
-10.780117,18.144665,0.5815343
11.518019,15.672837,12.284935
-25.338638,9.635892,5.738492
-19.65641,12.829874,19.139753
1.5819975,-5.815663,17.669327
-14.964401,-6.584377,0.31265756
4.6559386,6.6220646,8.676259
3.1353877,6.389113,7.4604683
-19.134802,-8.943794,-3.134107
-12.986896,-7.3769283,3.5997152
-5.247039,2.6286879,9.113984
6.956477,0.88360715,1.7177609
-5.734337,-1.4001334,0.442181
-11.216576,-5.0673184,-3.251929
11.764547,12.089398,1.7509099
-10.9129925,9.781779,7.8417892
-25.538157,-7.1170826,-3.2519314
-4.9965324,0.7797922,5.1999164
-6.0200496,-3.3860393,2.3149102
-16.109856,-7.89396,3.6284056
4.135151,11.288825,10.815801
39.838467,26.65195,-8.429149
25.844814,17.946892,6.6577725
-10.119608,4.4204173,-1.1526346
-16.774347,-1.4304273,-33.452244
3.798931,-1.6413455,-14.043761
-1.4775652,-7.7814174,-11.023471
-23.684055,-9.645174,-32.990776
4.0748973,5.008602,-22.91422
5.1916046,-0.7185785,-15.238358
-11.198528,-18.056076,-32.113674
-12.1079,-14.769678,-22.704327
-20.934086,3.8583853,-5.6836886
-25.999954,12.314327,-13.549933
-36.52056,-11.335142,-7.416532
21.678244,-13.476119,-7.8958383
41.271965,14.483327,-12.449616
-2.7810354,8.610906,-10.441455
1.5206939,-11.507617,-12.169238
-9.352374,-5.4541845,9.120029
-4.266499,-3.3890812,-2.716329
-18.915188,-19.674942,-21.365368
-23.678158,-10.090605,-7.67372
7.447329,-6.0659914,-1.436798
0.32156053,-14.816904,-3.6051402
-3.469495,0.7257396,-7.356254
-2.6711795,0.100520544,-0.38395432
9.422071,-8.181004,-13.166248
-17.462564,1.750579,-20.09272
-26.289894,17.026052,-25.595427
4.6778955,4.305394,-24.181768
-6.468459,-9.845503,-3.0803697
-11.477199,9.023225,-17.167727
-5.488645,17.917553,-18.293818
10.125763,12.073739,-8.0427065
-0.13758378,-8.680915,-15.491575
-12.835197,-3.7238846,-18.438059
-5.9115553,17.670795,-4.941008
6.088149,-0.7801024,6.8559513
13.7814045,-16.680576,9.193403
-6.5736146,-12.256355,1.0845988
20.283745,3.2066922,-9.334979
31.196651,9.99505,15.511819
4.2058535,7.148547,16.379913
9.104436,6.155236,7.012361
8.92243,16.932213,19.766163
16.500635,26.4376,11.093355
25.453453,-0.6669386,6.2131968
21.18576,-10.040725,9.648239
16.069643,0.4131493,10.6575775
8.956036,2.4283965,10.833039
7.910922,7.5209866,11.982557
6.757736,-6.437319,3.7671928
0.9879321,-3.2801569,-6.933255
-12.3762665,16.487223,9.604107
10.205561,11.718412,8.841284
41.783928,-1.5353153,-5.7503114
12.206429,-11.654544,1.5861691
5.5269175,7.487521,-11.57971
11.021088,17.726597,-11.598485
1.4124974,-2.7406263,7.3123045
7.2869477,-1.8075936,6.908573
-3.134274,7.507688,-5.671365
13.29156,11.788372,-10.189989
24.921255,0.32140917,7.689105
15.6724,-5.7024817,-8.01032
4.1019177,0.9444683,-9.670996
-13.139768,2.3968859,-0.1657851
2.8351724,0.6562695,0.5903307
9.606681,-17.155746,7.1358757
2.089766,-10.467523,-26.210533
6.104952,-3.282717,0.2844315
21.571283,3.238685,7.081281
15.602923,23.480951,-23.468678
-7.021342,-10.707642,9.620085
-7.590706,-41.654404,-2.1386259
-24.988888,-25.2061,-17.1332
-35.40638,-23.008417,-6.492232
-13.20121,-28.044678,-16.768387
3.8800313,-10.594045,-13.9303
-0.46751663,-18.314379,-7.597022
-8.85472,-41.45899,-11.366378
-5.733523,-27.79598,-10.554419
-2.6956842,9.1317005,-5.81218
-8.950308,36.683384,-4.6509113
-12.695036,2.149635,4.8020434
-8.078524,-40.998257,12.129395
-7.928424,-24.110102,-10.54126
-12.070334,-4.1625056,-20.192123
-9.428322,-0.4648132,10.301774
15.062316,-2.743592,11.2341385
8.877929,-15.069558,0.38866815
-13.924275,-27.590626,7.646779
-8.598714,-19.992668,5.3792315
-8.492231,11.377924,7.3732653
15.426856,21.733725,-3.8195786
7.3919144,0.16197424,-9.651491
-2.4711506,-24.7755,4.049579
25.457548,-27.348883,5.309497
-11.081872,3.6028478,10.21565
-25.844406,16.83492,8.235054
5.696508,-7.1828065,2.5709682
6.954697,-18.124279,4.375677
-14.559593,1.7780516,0.88985145
-8.561057,29.815254,3.9348435
25.44347,16.567295,10.100191
15.328289,-15.462686,17.931414
-4.1257963,3.4086316,4.2946825
-23.298819,15.92245,-2.7964995
-9.64873,-9.75454,11.788806
21.149855,-16.745647,13.39342
-14.789733,11.839941,15.91059
-20.851913,25.710848,5.3636055
4.396299,-1.9217998,0.62536514
9.31203,0.43873823,1.331712
-2.5224345,12.991723,-2.366499
-18.872707,10.183584,0.6409569
-9.169049,2.0566149,3.6518712
-4.651577,-14.511812,13.507184
11.528091,11.627367,-6.4019217
2.1464922,12.28546,-21.145788
-17.861977,-11.544407,-1.2469336
12.115189,-2.862809,4.330884
3.1552618,8.95299,9.37762
-26.58202,26.477451,10.914369
-18.18772,15.979264,-2.6737952
0.66203827,4.2214446,-12.184561
7.420733,3.8417828,-11.54616
7.687843,-9.030467,-7.869948
8.098305,-8.06736,-2.2970126
1.3741732,0.49219936,18.926502
-1.0399165,13.331853,21.072672
-22.297068,21.835089,4.1019015
-25.120743,17.96193,-0.20890687
4.9919367,0.10139955,4.422234
-8.515324,-18.275711,9.039742
-22.530596,-16.594942,6.7884736
-1.1342921,2.5248773,8.883728
9.863781,11.838984,-2.79997
-3.7070343,-8.715013,-9.773621
-23.941671,-16.538824,-1.1175232
1.7884102,5.041732,-5.209579
30.18398,8.180496,-5.9365954
6.0915017,-1.154806,0.48437637
-3.432905,6.0859337,-10.251227
6.07339,3.5685434,-17.710512
-2.8829525,-13.763852,4.050796
-19.047731,-12.738314,5.092223
-5.3208113,24.568281,9.937802
17.888233,42.009865,28.177168
9.064436,8.936006,15.98124
-0.8978589,-15.977881,7.922003
-11.803284,2.1837034,1.0298625
-18.483152,22.381975,0.24456295
3.2760658,6.23245,15.306478
14.002535,4.172374,14.915916
-6.6747103,9.118565,2.9469135
-4.3658895,-2.8408847,-3.093173
23.362411,-11.823713,10.900735
30.29121,-5.9611173,23.30039
0.58231586,15.616522,16.031832
-30.175467,13.673933,28.213886
-7.8789225,3.4626772,35.31526
24.187284,17.146904,17.470095
16.919767,25.584114,2.016473
-5.453882,5.5081415,2.7845628
-0.15999109,2.9600065,21.306694
10.036864,17.838776,29.020454
-6.2864003,22.346771,21.213873
-5.1358128,16.425165,3.1710672
3.4676955,-1.5271385,5.6185136
0.9241238,-11.577081,7.398793
-12.651152,-14.763513,-8.812423
-10.058456,4.8074884,8.011341
31.647528,11.755411,35.663437
18.730238,-7.714371,16.032604
-9.709637,-8.638653,-18.004375
10.722098,6.540747,-6.4683733
12.710162,13.215357,9.011486
-6.672261,0.4576916,16.465172
-18.209639,13.341481,13.889202
8.486039,28.086817,-1.5440708
5.7237287,8.490201,-10.070769
-9.195428,-15.285205,-24.796045
25.13495,-7.625251,-26.767372
-3.30955,27.512135,-16.331432
-55.75674,-6.1248364,-6.3356414
-31.602858,-43.67703,-5.0465784
19.633179,3.4173632,-10.949432
18.213833,12.588355,-14.842708
-24.815105,-9.807768,-17.758718
2.208213,-17.431055,4.317338
54.985123,-23.379812,9.264577
-9.882132,1.7418858,-23.812471
-44.795284,14.437131,-25.616566
25.28205,-1.926641,-26.40491
26.126534,-30.1831,-29.569271
-30.723362,-21.73818,-14.086375
-32.333523,19.096035,-9.061757
28.928635,1.9300121,-0.5474642
33.018055,-34.517654,-21.21527
-14.007298,-9.9240465,-45.93108
-18.363346,31.853052,-40.713238
6.956823,-2.2688334,-9.664411
14.90938,-37.85801,11.871864
-15.387376,-3.8525593,-11.157867
-13.049227,15.927666,3.8409846
-1.9686614,1.5973929,3.578888
-1.5582322,-33.782276,-22.216862
15.73161,-39.16967,-5.736026
-12.055131,17.335556,0.020749226
-24.14741,23.590666,17.250408
22.712912,-21.7286,21.628973
9.018941,-31.829592,-14.820664
-8.131995,1.6284109,-18.975254
30.608345,41.85436,9.817433
15.799631,-2.6899667,18.232939
-8.981543,-33.538948,13.214692
1.5999866,21.847925,11.302412
18.84235,16.296482,-17.737566
27.711515,-28.336687,-27.749846
-3.2055566,-46.541046,-7.829009
-19.771679,-22.695074,-23.263723
-1.0110165,15.471533,-15.819746
-10.074298,-19.635748,-4.1232305
10.529815,-46.4823,-25.16155
44.042522,-7.9957647,-31.72485
7.8790736,8.241275,-43.2898
-3.9221013,-22.472116,-17.916998
11.910495,-30.4443,-1.9596432
17.719671,8.000313,-26.212755
1.1553807,3.3994343,-36.46886
-13.604522,-28.59549,-36.185677
21.1269,-34.922134,-6.416156
28.707788,-22.671219,-11.887292
-5.041913,10.989632,-21.997684
-27.24817,-4.3627625,3.2386096
12.412444,-28.964216,13.182893
38.82103,-0.24548888,12.762617
5.0237975,29.751974,-3.1235929
-16.526783,21.092968,19.761684
-6.717915,-15.046037,45.335705
28.975512,-7.2139773,29.828463
6.1294427,12.701887,39.113945
-10.932213,22.615501,31.678562
37.11774,9.493898,11.185893
21.048092,-23.9661,25.684237
-18.38132,5.8756695,31.2066
0.9927587,33.799095,26.036304
13.282198,36.75846,30.246906
6.044106,25.38958,33.602093
-3.768376,14.55,19.441683
-17.124172,35.423473,14.276022
-4.2938733,12.826532,25.966612
-11.619388,-14.938061,24.82536
-20.477314,3.790259,14.035941
1.9271111,17.971045,-16.860115
13.19181,-1.2800896,-20.411627
2.8668582,0.0060070124,0.45694903
-7.5327883,19.823376,10.219477
-3.659618,16.830761,3.22227
-15.805614,5.4989614,-10.497787
4.35015,-12.838248,-6.216316
15.599866,22.829884,-34.813538
10.30223,31.229052,-20.880253
22.464344,-21.769054,22.679184
-11.59328,-18.181953,14.481723
3.1997893,7.0859823,-1.2422189
9.790919,37.10465,-10.677343
-20.956184,19.66074,8.647612
-15.491283,-34.464764,4.6673164
-33.99895,-21.408373,-5.9186754
-2.94924,-1.3614576,15.977082
11.187388,-0.024131054,10.547885
-11.329248,1.6584044,-14.421216
11.6341095,1.4446595,-10.060171
-5.5801897,19.88091,7.4918866
-33.20767,20.872833,3.1563663
-36.656933,-6.7376523,13.836159
-2.7355514,-2.624905,34.1766
-3.0155768,17.76742,21.471466
-31.67975,-0.17476007,-8.847693
16.176334,-2.4708233,-0.7165498
29.281448,26.260763,21.189505
-5.9071236,18.326988,12.035745
-48.50813,-8.150601,8.545352
-28.932505,1.1525452,9.557784
24.763687,11.514987,2.1780074
-20.7475,-2.0470774,-9.037063
-33.30381,-10.581419,-8.071402
12.623204,-13.442972,9.363219
14.782516,1.5863966,7.6716094
-11.190156,1.0762464,-5.2256064
-9.386416,-11.265365,6.4391103
21.043983,-2.1152287,10.131621
-1.9665428,-17.499866,-6.8622346
-34.638706,-18.883043,-5.4059124
-5.7524724,6.0296164,-5.3907633
32.455956,16.4144,-5.8859215
25.472515,-6.299582,-1.9724166
-24.715246,-36.560013,-24.564108
-24.355305,-18.209406,-23.504623
27.063366,-0.9863079,12.632587
10.45093,10.2569065,16.763914
-30.991945,19.42249,-2.1306434
-7.026614,17.666935,-1.2023512
21.909672,0.11661916,10.062391
10.281558,-33.3978,-1.3797067
-1.0870284,-3.5905354,-16.821861
-23.7347,25.998497,-15.704401
-18.096817,11.010471,-7.942184
5.3350377,-12.602961,-3.0456395
-12.675438,-32.63993,-23.391487
-4.0104027,-16.799162,-48.41748
2.0133886,-11.727241,-48.094097
1.9985086,-19.627028,-32.93683
7.5171394,-18.021135,-25.965097
3.7407732,1.5960022,-32.653824
16.400442,17.821377,-36.957127
-3.1336129,-25.417767,-18.610819
-8.264898,-27.075567,-6.9689946
20.640915,22.568825,-18.954102
8.108913,16.774004,9.188533
-35.587296,0.056896333,19.341581
-41.619236,-24.74753,-1.8027158
-6.73276,-20.248287,13.882712
2.4515111,14.972979,15.545014
0.28954554,5.9803257,21.896122
11.414503,6.4787707,23.43661
3.3043697,4.5716023,18.937511
-6.5964675,16.565796,33.4523
7.3579154,29.048899,16.532312
14.3321295,-0.3948977,-2.129412
0.5035977,-25.987143,4.6878567
-9.743535,-22.814322,18.542234
4.689399,8.715604,18.585705
23.246925,-4.7697144,14.325858
15.856072,-8.970306,7.3923397
-2.61074,18.199327,2.0012534
-5.027145,1.305673,4.370371
8.700674,-17.323046,14.295057
25.0306,-0.7303465,35.76733
34.22664,29.726477,15.0339365
1.032806,6.969819,-2.4493294
-12.173926,-23.777216,-2.4870737
29.336357,-6.2758713,-9.807485
27.059708,19.761553,-4.718291
-1.793962,18.896564,-6.7453146
-24.996332,-15.865205,11.545153
-9.719909,-6.4273157,0.77224916
22.158728,20.471075,-23.040014
13.009004,8.406772,0.28428027
20.978205,-3.7669604,-0.011225026
19.199053,-23.909008,6.0059886
-3.7022781,-14.540379,30.801012
-23.762487,15.873425,8.524163
-11.355516,13.770646,0.67834795
27.5808,16.108063,9.882082
15.591052,25.022135,-11.750568
-11.5161705,16.747501,-8.5373955
-1.901974,5.3387017,10.336634
26.81269,11.720848,-0.84368914
8.3120775,8.773773,-33.87118
-25.651764,-14.078457,-25.236841
-32.418575,-7.523376,-5.1359954
-17.407703,26.261633,-22.125656
19.374552,20.447283,-8.021557
9.21394,6.6779633,-6.7326837
-12.250757,26.922258,-6.7312427
-16.573986,-0.13880908,4.503123
-2.736681,-19.040394,-6.983173
2.7532065,6.150775,11.192269
-21.634476,-1.0407792,-6.0675135
-5.334586,1.0103445,-20.833067
5.8021536,-1.177635,0.60615873
8.052589,-1.8687835,-8.343022
12.989551,33.03654,-7.336571
9.355421,23.07362,-19.58389
4.4528356,-8.273197,-22.044336
-13.860285,-10.974711,-1.1152719
-0.5265439,9.498453,-24.012823
-3.6541922,16.36365,-29.6128
-16.199186,-15.002465,-10.189172
-10.520419,-10.671702,-29.384008
1.8126818,12.149393,-22.266634
26.100967,21.697926,-6.3786154
-3.8752973,13.3288,-5.6400347
-10.727654,7.0121264,14.021012
5.091444,20.949173,-19.756973
-17.70994,0.8844539,-31.087454
0.43273434,-11.822927,9.815521
22.763454,-2.6138823,-0.35549903
12.0914955,1.6835741,-18.341627
5.9896083,-8.1353,-0.93608093
5.793136,-10.891534,13.712219
10.072648,8.621929,6.2981334
9.552677,-2.854977,4.0050044
-13.048963,-21.216816,10.364791
-0.65833867,-24.15289,10.513409
6.854412,-13.907436,9.375555
-25.349064,-4.5114174,15.208099
-3.6276934,-21.726986,13.396312
6.126017,-23.770786,7.0397253
-7.6334906,2.2746022,5.5838356
-15.693467,3.0035236,9.866052
-7.879149,-12.907481,20.117847
19.869333,-9.065095,6.600006
6.073168,-21.448719,1.0117179
4.1404295,-17.971476,23.410751
5.22416,3.8960435,19.064468
5.7700424,1.8566829,7.422528
-1.863282,4.5269995,15.382597
-26.889395,-14.77709,11.439589
-12.606922,-27.645826,11.111091
-4.228846,-5.5482616,15.510224
-8.918348,-0.009545686,23.065216
-10.086426,5.7990856,28.898863
-5.073471,11.427769,22.974869
2.8021052,-8.894714,18.849514
-0.29452637,-13.172842,12.652417
-6.3836346,10.361075,29.438452
6.2681227,18.084404,20.177414
11.532931,-1.3189088,6.3243694
-10.632644,-16.841705,21.103178
0.81166875,-4.9144473,7.8566446
2.9178839,0.05253395,0.8759777
-16.75836,-6.4884586,-8.117475
-3.6527374,-10.052315,14.270657
18.42168,-6.270144,24.883162
12.888993,8.071623,-10.464429
-0.7671529,-7.3968296,0.6107734
6.6784873,-22.56602,1.1260297
4.524255,-9.687572,1.0847805
3.7721303,8.762946,5.428974
-8.57315,12.141943,-1.3717335
2.8282537,-2.147178,6.0810566
20.484581,4.253167,-7.296791
-34.802246,2.6710136,-10.671378
-42.815956,-14.467121,-11.713781
2.842503,-15.515308,-0.09756386
19.11303,2.719619,-3.2095127
-3.6558964,25.510496,-42.778175
-16.231785,11.7016115,-19.288057
3.13703,-11.222551,8.039613
-8.245998,-11.401345,-20.155489
-0.52966607,18.07871,-30.24376
6.169394,40.692947,-11.142041
-7.0986094,3.1468647,-1.5675064
7.621615,-14.840846,-10.215334
14.939976,11.061094,-22.952742
8.359089,21.705965,-17.43432
-5.4251323,3.165121,-0.3201554
-4.721793,-11.909195,-8.895556
-6.0063987,8.631727,-10.647394
-12.88186,11.208906,11.508711
4.5193367,5.4162197,16.85197
5.630514,8.322683,-4.033336
-6.7722044,7.1207333,-15.937661
-12.059486,24.79726,3.565016
-0.09719469,8.558619,-10.067971
24.285719,-17.456821,-16.821537
-6.603682,-0.94920045,-4.1096053
-36.372894,13.173395,-31.821508
7.0070915,14.824719,-13.541335
7.640949,-8.3172655,4.480726
-5.258288,-17.325026,-8.775327
15.828771,16.388115,2.7933078
6.853822,11.281525,4.5578094
16.789349,-27.584574,10.463084
-12.776434,-20.281445,12.443732
-31.89462,20.636929,-3.6721025
5.7228694,4.018221,5.078183
1.7808797,-29.027384,20.33563
-0.8824903,-17.541193,-1.6285034
-0.46431205,14.971139,-13.388269
24.259844,28.466719,-10.630512
25.837967,-25.665007,-14.076796
-3.523683,-40.884678,-19.588053
-0.5123827,-12.675153,-27.019424
-1.9410363,-7.1924233,-16.280067
12.9182625,-3.3546782,-5.3175693
6.9470983,0.9951584,-24.657063
-6.1275897,11.624192,-41.990536
-6.3709307,-20.453747,-15.604728
-1.2354163,-22.834703,-5.1081495
14.676529,16.88894,-6.183925
-3.854193,8.625059,-8.309792
7.3051896,1.5974644,-4.8866816
28.140568,-0.20555575,7.0032535
5.083661,-15.45419,-18.200455
-13.731962,-9.0667715,14.151904
-5.368117,12.585176,58.02523
27.69881,17.064388,27.612608
31.92172,10.748528,5.4988165
7.3352857,13.211411,9.965086
2.1338093,-0.9878157,9.351208
0.99322444,-24.667976,15.260378
-21.664173,-15.481076,23.65155
-21.358839,17.295496,10.358302
10.629199,37.332565,23.53738
18.059057,-0.8618528,13.373647
5.185971,-20.712969,-8.417695
-3.8045902,11.247354,23.006039
11.917469,8.858244,16.149275
13.205034,-3.9565125,20.508514
-10.447141,-4.065033,21.562164
-9.590105,27.35834,-8.881666
-13.177727,19.889069,7.6995397
-21.1457,-32.36813,1.219437
-20.129498,-2.6280146,-1.3222073
-20.700417,24.43547,2.1972716
-10.124229,-13.660713,-10.201459
5.656099,-28.851719,11.772377
-5.1386285,0.45673606,-4.4203267
-29.127872,16.884304,-23.00312
-28.057209,-9.286236,4.369303
-6.184636,-32.323647,9.362069
15.2088175,5.0638022,4.5054727
-2.5127537,35.625095,-1.1622313
-16.449484,-7.717892,-7.2176194
7.1519465,-24.005217,11.672757
22.635641,4.3253255,4.065256
14.096217,29.515097,-3.2449875
-9.674913,36.618637,18.714735
9.335214,-9.145226,10.615441
24.786537,-16.762362,6.040984
-18.483545,28.261982,9.235876
-22.578161,16.722635,4.7982
24.465246,-11.900585,-5.0558076
24.156176,-22.947853,-8.343123
-22.712914,-2.9472423,-4.963198
-29.962515,25.68739,-16.683262
8.890333,-13.321172,-1.2759687
35.07,-27.145735,19.73062
17.348028,15.108054,5.8458977
6.168201,40.108135,-12.888591
13.814273,19.836271,5.229771
5.0749874,-28.927906,8.604224
3.5439239,-21.931654,-12.413645
1.6823834,2.732715,0.6249298
12.436704,0.55984974,4.5365934
33.232735,-0.5078285,11.267914
14.202815,9.91771,5.3020735
-7.105422,33.60399,-7.9507284
-5.140023,23.012457,18.43578
-13.503793,-8.953395,13.517608
-25.46149,-20.01361,-7.933263
-6.0094423,-2.4026868,-2.155632
27.238188,8.0485525,-1.1246037
30.306023,-8.970159,1.2185996
23.014725,9.378446,12.84051
8.472357,36.29619,-10.432101
-7.3294735,24.78065,-11.12886
-14.249996,7.678199,32.21798
-27.07338,-2.9667025,9.492129
-14.697193,10.193455,-24.581392
-0.24025661,7.263507,-14.161366
18.923603,-28.45183,0.7265805
25.541574,-17.233932,-3.6680007
-17.874397,2.5876791,-14.176377
-11.37598,2.3521016,0.18794146
4.887547,12.693966,4.533141
-35.40304,0.6326694,-7.557197
-27.266657,-6.0032325,-10.074328
20.178568,15.691338,13.951131
33.536232,18.280651,4.1771317
3.6662166,-11.35336,-17.63216
-18.995234,-13.525723,1.8124588
0.2844068,16.574615,-1.8802377
-18.034231,10.383394,-1.8472139
-33.02751,-10.411816,-4.750487
-5.198805,-5.9657264,-4.177975
-10.837012,3.5069163,0.29283723
-2.105906,-7.449029,-24.755354
22.862904,-11.786617,-24.302084
14.912519,14.04153,-1.8028215
-10.538624,8.565418,-0.53658086
-29.417225,-22.519014,-18.247185
-0.92974246,-9.287955,-9.461412
7.971759,13.698287,-0.0052015604
-32.591698,-3.3779817,-6.2945843
-15.54,-19.200878,13.242038
18.28698,-0.7791121,22.727255
6.869976,25.719564,-1.4618247
-9.886578,8.581114,-5.318404
-8.146566,-28.67187,5.8868814
2.083862,-29.128736,-3.5919254
-18.671627,-9.58821,0.49801084
-22.813759,9.183104,7.834439
1.4957561,-7.99435,3.2534068
4.0815196,-28.68882,2.1816437
-18.284718,-5.596167,-11.025402
-32.477,0.9531714,-13.504259
2.163938,-11.28717,0.7663625
25.453972,0.20350873,-4.3994126
3.7648442,12.763777,-4.2520385
-1.9164408,-1.875062,-6.4451857
14.39253,-19.43455,-4.330719
-27.537235,-14.280419,-13.2274
-44.098347,-5.9282284,-26.984621
10.109789,-8.997281,19.788557
-7.391332,-16.68081,9.4846525
-16.544067,-17.084232,-2.6021762
15.736694,6.340144,17.911566
14.831037,12.503567,-18.563951
34.9888,-31.992973,-6.705043
27.968376,-29.125626,11.513989
-43.781723,28.429167,0.39052233
-42.821987,6.745958,20.219908
0.4454317,-31.236912,35.694916
-1.9791024,-10.6171055,-6.180802
6.3353286,-1.5081463,-17.975105
13.075471,7.192561,17.702703
23.958048,0.5968651,11.76715
6.6249137,-22.096163,25.410896
-10.15839,11.440942,30.785397
-12.636723,38.360897,-0.37604317
-1.8177556,-16.077726,-5.408063
16.188446,-32.242786,3.933095
-34.802204,4.147388,-16.626856
18.541294,12.638374,6.1673403
44.265865,6.702666,36.539276
-15.898958,-9.370163,-19.39579
26.30447,5.706365,1.7281203
21.271315,14.879966,0.22234358
-18.01934,-13.161224,-49.96227
-16.654062,-53.14893,19.45946
13.604506,-6.4226236,13.293227
-12.92629,51.285408,-41.494045
11.318092,-36.014664,-6.7468023
74.75592,-27.038126,-3.6822891
-25.482908,23.15877,-43.474117
-25.37193,-12.231971,-11.1970625
-2.8026757,9.694385,28.136856
11.2393265,23.55373,-14.369845
58.79173,-12.016241,8.530588
-51.886017,-16.53768,-10.164441
-12.11943,22.900047,-56.191948
50.29553,-28.437204,18.97388
-26.187336,-47.84891,3.546537
-13.835253,21.777622,-10.441429
20.696806,6.4562263,9.443678
5.5827904,-12.818119,-30.86493
-17.607079,-22.482677,-21.019287
30.513706,15.370853,13.793976
-0.91538936,28.290173,18.476547
-23.753054,-24.876312,2.5489626
8.267082,-3.9010065,16.896736
-21.189964,2.513771,-23.44883
14.726939,8.21864,-36.257977
8.224249,-14.960592,11.8564005
19.392313,-16.33464,9.661288
1.5435046,35.038692,30.675297
-10.528908,33.084763,9.063532
48.979507,37.639065,6.864718
-7.1715636,-12.033022,1.7971367
-43.994408,-19.334242,-17.883894
-13.02239,8.213462,25.364405
50.3008,28.747189,29.154877
23.662321,59.424667,25.526165
20.772057,8.4699,9.843226
28.517899,14.525666,2.9646425
-24.783548,15.7071495,-16.210873
11.834554,-24.130938,23.820272
-19.06477,-6.4483852,50.220676
-6.8371854,41.441387,-18.51267
14.605794,18.744312,26.737043
-8.108634,-17.431334,6.067431
16.143938,25.13826,-16.055748
37.314205,21.363762,29.171492
-0.19674776,29.196077,-3.325507
-44.58959,10.091011,20.591919
12.535739,-26.034723,21.071531
-4.5796814,20.999763,-31.836456
-21.585854,13.375091,-11.198003
13.130314,-29.454998,29.29902
14.075835,-2.4506757,-3.9807959
-3.1273196,13.420357,-1.0233126
-2.5286088,3.4607496,14.036187
-11.512948,1.0403262,-20.640348
-19.315374,-26.465338,-3.1636472
40.962425,3.7375262,10.751028
-14.062046,14.891166,-5.4570155
-39.68892,-13.16864,-7.6240473
15.219445,10.520546,22.818626
-0.1579472,25.38098,10.530405
-17.844173,1.9792869,-10.805859
-4.5224566,-12.883187,18.89729
17.286829,46.390545,1.9012046
-12.095501,37.051075,-22.090755
-6.256169,-35.69264,4.916896
-0.66926086,-28.980047,10.347588
-9.151555,-8.152232,-33.690056
-28.222609,-26.507698,-26.742138
-45.5636,-28.137081,-5.8623505
19.336702,17.54366,2.1857777
2.7706869,12.206911,-5.8478656
-24.949429,-8.885727,-30.760122
0.6140846,-19.70146,1.12922
1.698927,-29.538061,-11.065118
-4.865848,-7.0888247,-13.999821
-35.4934,-41.97378,-12.041181
-4.3230867,-56.845936,-15.423332
8.61663,-17.78608,9.681237
-24.37557,-4.70759,-42.351704
-5.0279436,-0.27013904,-11.247169
39.1167,1.915084,29.452219
59.144833,4.732983,-19.924694
2.8968966,-9.979888,-14.56959
-26.838497,1.13374,2.5694015
2.2485483,2.9192226,-11.995513
12.508961,-29.590164,-16.73609
-15.267847,-44.711834,9.104
-18.259542,-19.039288,-5.807075
14.790299,38.63062,-16.427904
31.344856,-0.48368546,-0.15760474
41.93069,-16.155415,-6.2835684
2.02664,24.832336,-14.098956
-0.9148048,13.728314,-11.932269
8.31649,-8.83484,18.659111
-2.702526,-25.563578,-3.4348507
1.3887237,25.945347,-21.104784
-31.512093,30.012415,-8.141157
0.92150605,2.6650758,-9.294208
18.589586,1.479599,16.867458
-1.6800519,8.098102,8.5113535
20.605,49.99347,-0.24478973
6.6259246,14.479943,3.5963233
-19.944622,-24.194296,13.001478
17.742481,8.125524,1.634915
17.96941,35.336582,-10.106511
-16.707592,-1.4202691,27.414085
30.065468,-16.84118,13.783826
7.658585,21.376528,-5.760251
-23.725063,17.602596,-7.106852
-5.2741623,6.0855865,22.516697
-2.7684753,8.447929,36.059135
20.76874,11.627101,-7.6721983
-14.894371,-8.108186,15.137377
-38.9965,-4.255193,5.2476273
-4.7959113,8.3364935,-22.126867
9.841921,5.8336964,22.129223
-9.95523,31.455708,7.358607
-0.06877231,12.386903,-15.608368
-1.0124437,-18.633862,1.8597475
-13.341943,-13.334902,-20.58618
22.86035,3.6073048,-17.14563
-9.69959,15.077597,-2.7899969
-12.151331,12.87932,5.8659606
31.399097,10.821566,24.502882
4.913001,-7.9594593,-0.7752817
-23.041763,-13.097247,-1.3006586
-19.528736,3.2231264,-3.0443645
1.1395117,-3.913128,-4.64615
-1.4453554,-3.4300258,3.8125172
2.8223698,6.414613,-15.350817
29.396305,11.827446,-10.517245
25.690258,24.190058,-20.777075
-19.731598,-12.222255,-25.037373
-27.474323,-21.671726,-16.570478
12.452622,9.868086,-10.26893
6.94389,-14.883473,-7.146389
7.216526,-29.312399,-5.7346053
16.02682,-11.656028,11.988989
-1.8715433,34.02263,-2.7889585
14.259245,31.475624,36.947464
50.901764,-14.801704,55.968994
34.681885,22.250324,-2.1683736
-19.47628,15.709487,37.631733
-28.62757,-28.465126,43.034805
10.878133,-8.728764,-0.083901726
39.337116,-8.5297575,32.574726
-13.959451,-0.6728647,30.76212
-39.695744,14.152785,14.947681
28.519869,-5.5886397,17.337976
19.625134,5.021197,27.592138
-21.398623,36.320637,36.240906
1.5683373,24.995329,5.98887
29.656857,-17.814417,10.759077
9.6373415,-34.004623,26.124014
-27.64661,-11.987129,5.54275
-13.9416685,14.956745,0.42896712
1.4912696,17.877506,10.241574
-3.1871302,-18.193392,15.9735775
-10.729006,-19.280594,6.8698792
-9.420143,29.747778,-9.346229
14.942557,19.220587,-0.5542511
33.163372,-1.1001631,13.454266
12.599355,11.613116,-19.139555
-1.5714468,-3.2581046,-26.648838
7.4515014,-28.66758,-9.669804
-20.948692,-39.935555,-30.192892
-30.328398,-12.6512785,-4.6825943
-14.863389,7.0102386,-11.293554
-5.171987,1.365789,-40.716915
17.170744,-10.024488,-5.0219073
4.5490694,-25.059593,-20.71781
-29.760765,-8.701149,-19.997328
-23.084017,-3.095062,-17.354166
-12.754032,-3.0996335,-42.169796
-35.159657,-11.432423,-9.529111
-31.63565,-22.696299,-20.36217
-1.7673043,-0.5590199,-30.046474
7.494458,-8.878385,4.8315296
-34.70748,4.600611,3.395351
-44.64005,44.678658,-16.021196
21.43076,8.493879,1.5198053
28.512564,-32.605324,7.2459316
2.8445835,-23.90364,-24.95792
-2.7826324,-2.0121045,-6.9724193
-16.008005,8.7370205,-3.2324848
-2.0361042,-13.73011,-3.9226813
-5.2949443,-3.5772905,21.383865
-21.406904,26.464117,-7.396309
6.36394,15.731808,-16.57094
6.796217,-2.961095,19.541271
-7.009522,-21.632278,22.666796
1.9155374,13.019819,-10.855066
-19.861094,8.656317,-3.0100093
-3.7948031,-43.30654,9.561526
45.974808,0.55230916,-13.946811
12.254015,18.336134,-1.7261547
-43.16989,-3.8644679,10.55334
-33.904987,9.494647,16.234348
-3.5264482,28.672657,22.850485
14.906333,18.74082,-11.982131
17.94565,-4.2184305,-26.783123
6.5778756,6.402044,9.626903
-7.6396637,-1.7916932,20.50487
-18.934528,-0.49959746,1.133398
-19.242191,12.251594,2.8341243
-3.6255252,4.509406,11.362331
3.1749542,9.440757,-1.7084947
-21.532076,8.066409,-11.695434
-7.3681393,-21.069748,26.891207
22.555637,-47.892956,38.006477
-7.2694383,-4.244995,-15.603725
-0.9511304,25.71459,-23.180548
3.475492,-1.4473017,17.597353
-14.544199,-23.518703,18.687424
9.702864,-37.25246,7.595646
-10.902355,-12.252455,7.706901
19.600729,-2.6878376,-8.918579
76.521164,-2.7490435,2.1452866
18.170107,15.74669,-2.9616895
-47.281765,21.422932,-4.3543673
-57.068344,49.49254,17.111761
5.665733,34.143417,8.434395
24.30926,-30.683115,1.9344181
-4.331451,-42.140934,-48.8064
43.23204,-10.147426,-64.630905
41.975063,19.689438,-34.489662
-24.07287,9.197916,-15.493543
-20.113632,7.407419,13.334621
53.04136,26.714275,-11.353001
18.641577,-10.427859,-26.05286
-70.77448,-38.29548,-42.99058
-25.059195,-23.77612,-46.279373
28.801191,18.811235,23.465494
-8.004838,13.9069,43.92878
-44.95779,-36.629215,9.356127
11.470411,-3.6730418,-12.301734
41.277306,2.943412,-13.593132
-12.14325,-18.656113,-23.706688
2.2386825,1.2484766,-14.575794
36.651295,-13.891777,34.018665
34.911205,-39.15452,22.13857
-6.6695876,-25.508224,-29.034248
-22.343142,-7.303299,-34.2043
51.560196,2.4767935,-7.1828938
25.020798,21.98832,26.626974
-79.70246,1.9146658,42.561943
-28.460638,-6.321566,47.571404
71.0843,8.200266,29.37012
14.160304,-0.82285476,-16.57883
-61.777462,-2.0470796,-17.530539
-26.077862,12.078304,18.127264
20.299751,32.414154,46.722794
-0.78468686,-31.638315,34.984898
-52.80661,-50.70633,-13.1812725
17.96437,28.84945,-18.739044
107.27221,6.5292015,-11.324441
3.479873,-28.699661,-22.201708
-65.84759,-5.8436747,-6.3896136
15.829276,27.11579,12.365284
42.15977,9.965876,-9.321179
-9.376959,-72.35678,-25.017244
4.159331,-31.588886,-25.993057
91.784035,69.932175,-39.6296
45.19944,14.000587,-4.115617
-78.958435,-52.4909,19.526857
0.8900399,7.7936788,6.950191
61.99738,35.941475,19.087511
-28.303795,13.048802,3.665463
8.85344,10.553058,15.246319
45.78847,24.198353,48.325867
-26.71048,32.86788,36.421047
-34.781845,-10.04606,45.506268
17.371916,15.934985,42.381023
63.27904,58.73865,3.0346222
10.265841,12.875645,-9.489358
-76.49328,1.5680336,8.586916
-24.478024,-21.878801,18.95244
35.50537,-20.712004,1.1033872
4.998085,20.454027,-25.252615
-35.17248,10.889851,-55.449615
-23.934761,1.7151425,-34.20881
43.862732,-17.037035,19.211061
5.59533,17.824575,7.658148
-35.74733,47.05026,12.36747
41.496475,-9.0953,33.45176
33.85639,-0.97164154,-6.47383
-13.615721,11.544312,-19.328836
0.84595406,-8.399055,6.523352
28.591642,-20.463093,20.085428
8.817867,-53.08583,2.7363453
-67.29461,-27.564022,-32.65417
-75.02638,-15.094449,-25.600727
12.694335,-33.205547,-12.638407
13.221779,0.34497377,-11.621698
-38.622826,26.910471,0.43603262
20.136715,18.614544,14.333643
5.1868668,-33.2299,4.8393245
-51.436718,-36.512096,-16.974865
12.085485,35.829548,5.802046
19.388641,57.436382,21.324665
-50.43891,3.5118725,8.221421
-54.172577,-39.713684,2.5323236
-4.777426,12.872531,1.7683111
8.031603,34.13941,-29.093925
-18.884726,-13.479594,-43.833282
-32.991604,10.6721525,0.84353364
13.135759,29.942314,0.011718674
22.017582,-12.102615,-19.513327
-38.172943,-34.468273,-23.414675
4.6388836,18.39827,-26.716766
48.970894,50.641106,-1.5479449
-10.52229,-17.230375,13.882895
0.30857348,-23.333553,25.716982
50.165672,27.97583,49.399124
9.612702,53.116714,35.232677
-24.833925,44.791805,9.855544
0.7519327,-1.7157567,50.14242
31.235876,22.621275,79.14918
17.102695,51.16539,45.290092
-7.9481254,29.985752,25.616302
23.973774,33.476223,35.382458
26.40426,34.237907,15.3390875
-30.673973,8.498293,-20.667814
-38.452946,-11.720508,-22.521397
59.90617,2.245039,-44.08275
62.760998,-3.9567857,-67.99443
-60.892467,-10.41776,-57.60273
-43.05318,-10.151318,-26.520554
23.32118,-23.05324,-20.820322
38.874336,-16.800516,-62.503613
13.482169,0.9113865,-57.42819
-15.604603,20.291756,-32.03196
48.552097,-14.611657,-2.6964307
32.962204,-46.05633,19.46919
-17.635511,-11.263218,-8.274368
-1.5364472,38.62992,-5.488573
-8.3046255,29.383347,17.676441
10.803883,-52.02604,49.91035
-6.7247143,-32.511097,77.61264
-12.450854,74.10012,48.179115
44.98348,40.58464,50.842827
48.675003,-68.70021,71.38547
19.532202,-44.233444,29.95273
-26.083313,78.224266,3.9718354
-12.295202,82.200806,34.733696
1.8221328,-68.269455,85.82139
-15.426016,-62.055992,47.43161
-17.49193,62.126896,-63.500042
-42.973263,9.013425,-79.48762
35.649044,-84.60697,-6.399745
67.07653,-66.93934,17.066582
-2.656774,42.11694,-32.937927
-48.834217,30.790655,-24.85552
-35.95827,-93.683655,-2.1021116
39.51278,-23.70123,-21.694595
-21.04478,88.247406,-62.190754
-89.79174,21.43388,-31.319761
-23.276083,-83.431465,86.65247
49.170967,-28.362543,76.452255
-11.686065,63.61,24.73754
-82.4314,52.33658,-24.935104
4.634467,-11.764862,-45.15088
45.516987,-75.32877,-24.964804
-30.94043,13.877556,-76.50969
-64.78615,57.84055,-47.62801
56.199883,-41.46941,-40.54162
91.117775,-91.65888,-91.7063
-35.79379,-93.17027,-79.88619
-66.51366,2.8256857,-52.52545
8.975541,52.926464,43.240856
48.849987,-13.491835,122.81626
-23.618694,-38.134872,89.43712
-53.812634,17.510109,14.893317
-30.277689,51.202198,-24.715157
40.701252,-19.543852,7.8980446
85.2557,-18.82258,5.8269763
-36.991516,-0.413775,-55.445972
-80.00117,-48.111805,-33.510693
16.889088,-21.864864,5.6405582
78.449554,-12.504873,-20.961618
4.0873895,-9.84494,-38.307095
-64.07909,24.659801,-22.945234
-10.638648,-17.180592,46.804424
28.574541,-23.135801,91.77318
-10.632714,72.275986,36.548912
-71.890335,59.70876,2.6067805
-21.830502,-59.35408,14.811855
-1.2316686,-57.44061,-9.659544
-30.00062,25.595945,-42.129913
28.836317,49.329117,-39.09094
36.658875,0.57848096,-23.389402
15.856217,-85.349304,4.390645
-33.52252,-15.379117,-14.834453
-63.073696,100.0867,-33.628597
36.576756,-14.295092,38.174362
50.256992,-75.49523,27.32967
-43.933277,11.969721,-24.396948
-45.595013,30.821371,24.963009
40.3355,-3.3464272,53.58674
77.68086,-8.622048,6.7553077
-2.6354823,20.977331,-26.8996
-74.948166,1.1114495,-8.362658
-32.685722,-18.075972,27.06769
42.29592,-2.6555548,26.79446
29.39167,34.9252,-12.707674
-33.705276,50.788605,-7.630594
0.7582701,-18.668737,-11.185403
49.03917,-48.086094,-10.049574
16.094893,-12.919059,0.43599993
7.1024437,51.379982,-27.459583
6.0695376,69.81033,3.007338
-26.612732,-30.479998,0.7652625
-23.966137,-61.02744,-14.763923
13.68446,29.373072,-19.483616
22.99743,33.185436,-30.073425
8.054275,-55.780235,37.924313
-4.969963,-15.49525,41.39463
-4.66506,55.12976,-2.0119848
21.311825,-17.659,-4.7227488
7.4798117,-22.097973,-3.1653092
-29.304338,20.514242,0.28640494
-7.170113,2.8285189,-7.9352655
13.890487,11.151038,25.555277
39.382427,10.094423,40.820797
63.287952,9.487777,-19.332077
-3.4015222,18.922943,-38.4069
-39.80116,4.1563344,-4.624181
-1.3329984,-10.379015,16.281101
26.033855,25.97416,0.9466996
20.235273,46.393238,-24.352383
-23.647926,-0.42617053,-12.456607
2.434486,-50.26869,-26.350374
33.399834,-64.46708,-32.041134
4.586387,35.792995,17.806719
-7.920153,75.14106,9.613127
-32.067036,-31.256445,-13.602216
5.666555,-46.508217,-0.27651823
37.768658,11.837792,7.928419
33.333187,37.624302,3.771067
62.174797,-3.4766073,21.07808
23.118555,-2.0754256,18.088509
-30.42364,17.590508,-44.591393
-34.848694,-57.63797,-53.861706
9.4682865,-19.068653,-30.24261
8.0446205,24.837416,-16.308493
-46.909527,-4.430196,-30.32117
-16.406242,9.979428,4.056965
26.82741,-23.973246,47.10302
9.927528,-0.50142837,-36.834835
-30.119352,7.579292,-25.103415
-1.2895265,-28.705952,40.014587
5.67312,21.707647,31.148739
-38.813972,33.140163,27.976984
9.168869,-2.0487213,19.790195
36.612392,-29.823822,18.620602
14.42448,-2.1698697,-3.2896035
0.5138054,17.020962,-14.171975
-14.289527,5.5784225,12.232736
-32.5409,17.590887,25.236994
-46.380398,-10.640047,1.6738784
-26.256155,-22.638514,-30.336218
3.9178555,-55.75866,-17.824995
38.459465,-17.316471,14.0471325
6.7104564,84.41837,-8.240243
-42.79033,30.143898,-8.69806
9.604207,-27.077148,28.814043
14.507302,-32.388584,-3.1635566
-56.42466,-6.9574304,-18.189913
-25.18047,11.217123,-15.296727
31.267778,-51.32398,11.162829
11.964032,-25.26357,7.9040203
-23.73819,20.711178,-56.30067
-31.590628,-9.436262,1.5453807
34.803566,-5.87691,44.886917
5.3220754,25.963614,11.327839
-84.80568,58.17975,-5.2901826
-31.114681,25.074234,25.155003
7.3614635,-22.494373,27.151194
14.441848,-27.493866,-31.881731
-15.090905,-2.6380465,-13.880615
-38.183506,50.976868,-1.3503617
36.199055,-5.6818013,35.529835
1.9833882,-22.648615,26.626036
-44.484802,38.28724,-28.078072
12.624996,21.17069,33.731976
32.74366,7.653296,19.02032
6.657938,-33.28957,-11.714518
-15.454923,14.266581,39.547527
9.104379,74.93107,37.120533
25.071516,-21.364178,20.354496
-10.247907,-57.759766,24.030117
-8.403595,23.030514,10.212415
5.5638165,98.596466,5.24738
0.8436256,-6.096419,4.0934196
35.039238,-129.75142,21.536087
8.5356865,-3.7082462,13.416776
-23.031754,103.260574,-63.68241
-1.5307837,-0.6034782,-49.359257
13.302117,-69.97673,11.548499
34.613983,24.941006,-7.7526526
-35.487064,56.412468,-34.080837
-43.117508,-20.096931,-11.23554
62.423073,-46.079327,3.6026073
56.093105,15.580502,-40.936573
-40.998497,61.06652,-52.270054
-51.166782,-22.385315,4.1591525
69.38762,-44.03629,47.097385
82.06437,49.341076,29.279646
-26.660568,45.84476,-20.41305
-4.5895333,-29.62034,-32.525253
80.34111,-40.425453,10.181899
30.86354,3.5432732,8.808353
-57.346474,36.210823,-19.346508
0.3726143,45.913277,44.707047
112.14871,27.66386,50.725105
47.929245,-4.5723186,-24.101233
-64.24067,-3.9972773,-45.78001
-4.0424447,12.055702,-22.520649
63.873417,-8.877124,35.71314
-4.3566895,-25.153498,-0.6363153
-95.28321,-23.899698,-28.254509
-62.32475,-18.506926,13.6046
3.4935231,-1.7263824,-30.035637
-14.326647,-26.275965,-41.742115
-0.34397453,-38.36715,-45.839886
49.428932,9.7900715,-23.335545
-3.9803247,8.824697,24.584553
-33.978752,-23.224049,-2.5459976
51.989548,40.039337,27.329008
5.7855697,61.54663,13.292287
-79.31124,-57.05232,-31.151531
-12.539586,-62.38206,30.375797
66.97031,37.464424,49.02628
44.851334,-0.5854185,14.221892
-34.513737,-47.836044,18.029432
6.0271254,25.982042,30.468103
71.4064,31.534166,12.060867
-4.594394,-35.4674,-6.881204
-64.60208,-22.067032,17.100756
1.6573725,7.555127,50.180458
35.404198,7.469424,4.140171
-3.328063,-6.630413,-23.47573
13.855275,-33.31483,17.631132
36.982384,-2.7282305,-6.5250835
-1.1868595,20.590904,-15.005129
-45.22553,-21.08009,22.19222
7.0188694,-12.36479,31.578648
34.36201,8.13656,37.352413
-58.175304,2.5111232,-22.966116
-65.52126,6.556048,-35.268917
8.855216,-17.381878,52.102512
22.86273,-11.527178,-6.585813
-11.410786,30.034723,-17.948706
-33.803303,33.585155,74.2776
-32.905746,-27.90935,10.144224
-11.589333,-38.434216,-11.262834
-21.441465,2.2957509,25.124365
-40.864452,0.6538193,1.8663025
36.42005,32.401184,11.203937
20.205957,54.497734,35.820415
-89.82319,-17.697174,23.611675
-16.346527,-118.62707,11.558264
68.07305,0.6757693,-10.548279
6.3303695,98.08432,-41.324028
-44.064304,-38.160736,-5.840966
-9.490524,-26.306442,15.865414
25.093729,13.616827,28.553694
-37.909748,23.701694,5.720364
-34.479103,40.835903,-29.392225
66.50177,-15.060031,8.34636
38.470707,15.19746,-19.640125
-52.696247,22.609512,-14.990361
-23.02464,-23.470001,38.30921
73.18842,-21.485462,-0.39244345
33.26769,-18.016481,-52.577106
-58.094666,-41.841034,-52.394238
-5.0767484,-18.677946,-30.234064
26.853676,7.8717246,-36.99881
-3.0032284,-31.04813,-20.724781
-24.285526,-26.679125,-7.007822
-51.456505,-6.459009,-65.5039
-8.802805,-8.629232,-68.03621
31.37146,-41.407967,-24.56051
15.040698,-28.621027,-49.544106
-14.97416,27.926437,-42.40286
-43.265438,-24.491802,-14.559821
-24.157152,-65.86964,-14.532168
27.19035,-22.175182,-19.292053
21.837833,50.669765,-53.600853
-12.669534,61.089878,-5.4035044
13.285641,-27.1104,36.64833
13.935317,-49.156048,1.3272231
-3.90386,-0.34670267,20.315792
10.533904,40.84673,16.155163
32.588627,43.51043,-11.463374
38.747547,-14.350682,-4.4248095
-27.631384,-13.2957,10.709634
-7.3600903,41.425674,52.060585
60.953957,35.809864,63.737278
-1.8048792,13.650869,4.4954247
-39.655792,6.6908455,-16.175688
-2.9538805,12.180387,0.9556165
45.21551,20.653982,12.5863
40.842438,2.7788792,61.004093
-8.0939245,-6.1520596,78.67422
-4.8288445,18.454441,82.59571
-5.984769,20.232815,54.57127
2.048212,29.130722,4.9334054
26.938133,75.12568,36.14283
24.853165,13.48154,52.374763
0.256225,-57.545326,53.483192
-59.8277,18.131298,39.325176
-54.893314,58.460415,-9.173484
21.17975,-5.6283236,-34.501614
42.091667,-49.607502,-54.38967
-13.767921,-4.216555,-39.917336
-47.988388,32.564175,-8.12264
-29.50482,-18.964842,12.757361
21.55451,-20.708876,-0.010036891
59.42089,38.061275,-77.88779
-6.7001934,29.265358,-118.84651
-4.899203,-68.73717,-51.87145
46.783913,-72.89311,25.229385
-27.5656,47.154022,24.822535
-61.92674,55.116135,3.2837622
-20.960354,25.133316,-12.800826
7.8049707,-6.341,-42.89068
42.517834,-14.936846,-63.47396
-1.3032373,33.18635,-29.502846
-73.38089,-20.351805,17.016699
-4.656224,-29.644848,-9.820169
21.963802,10.122243,-21.127134
-0.6248192,11.1410055,-54.632
24.738394,-26.204596,-96.62464
10.354481,-50.70443,-24.871056
29.975323,-5.250215,30.687578
-4.9549747,-19.05996,54.73465
-26.916578,20.349125,17.28618
53.65528,48.53328,-23.755045
47.763046,-3.6686037,2.4323194
-18.011951,-22.333666,-25.488039
-5.136572,-39.648083,17.837475
24.951468,-5.9105496,66.73958
-39.7167,20.28394,56.50299
-27.331427,44.412632,27.430206
84.31904,40.906006,-63.9567
62.393734,-44.343746,-15.523796
-60.414368,-47.94932,49.514046
-62.05774,31.4611,8.902428
17.137987,51.596283,36.36827
-1.0410534,-19.9069,26.6995
-45.571453,-60.646347,-67.240906
-51.677307,-12.264663,-90.653
-26.85966,-3.9010768,-33.70656
-13.4739,-48.546585,31.877913
-2.2440135,-14.988497,49.245544
26.139263,46.11313,-9.953261
-28.236195,15.937786,-23.283289
-35.68405,-45.97881,-20.845459
36.6411,-43.259552,-24.005203
-7.7789726,20.143366,64.198586
-59.019855,51.511696,83.39066
-23.98861,30.375824,60.17743
14.112073,-11.514941,34.733265
42.374153,-10.63463,-46.115078
28.743727,69.07123,-19.941551
11.267369,39.88765,50.97498
-4.793989,-39.000263,63.993275
-23.779959,5.7867346,51.19918
-12.942377,30.320747,-6.1000037
4.7871094,-7.4955435,-36.19472
18.609835,-50.766876,-8.10146
-7.136851,-14.516103,3.4952562
3.7717009,69.39427,30.147547
64.83593,40.05859,63.40766
68.00273,-2.7889206,24.250965
21.177607,-3.659297,-48.119286
-15.900693,-2.9318209,-79.94007
-27.062944,8.048998,-9.169908
-17.99202,2.4199612,32.85801
16.22115,41.39119,-4.374603
24.682217,36.43308,3.4911282
20.899263,-21.292135,-30.411798
13.457309,-16.950697,-58.00905
-26.481121,-18.875832,-37.640102
-50.277596,10.609207,-13.650159
-43.117737,31.891397,38.883755
12.446804,-12.606525,32.962746
51.2252,-57.20466,-12.684286
-12.7300825,-41.27945,-57.9232
-38.203686,15.3384905,-53.84022
45.294136,8.147043,13.29702
54.26863,12.737723,56.852066
-4.3945165,30.83398,41.06302
11.013069,21.388786,16.09109
39.701374,7.5210605,6.6771545
-15.741187,-20.360323,-38.447983
-83.44036,-37.383587,-7.707616
-12.968509,-0.806459,26.593056
50.26508,35.412228,5.9465537
-16.175459,-58.304764,18.499607
-26.43373,-34.09414,-21.438951
6.226365,68.982666,-46.25831
-30.75425,-63.53634,-48.62985
-23.334614,-115.55865,-21.42407
45.234825,21.944088,35.369946
-7.149341,44.08336,-8.913474
-41.410408,-77.60187,-17.953024
28.451605,-86.602585,35.50402
-26.781443,49.169193,-25.293541
-24.924925,71.84951,-27.688528
116.61957,11.68123,74.70615
100.52848,-40.35903,56.529785
-59.28937,-11.840385,-23.089916
-105.40093,68.813934,-43.036503
48.36342,-15.307582,38.98938
81.48665,-82.236916,22.273224
-65.0046,33.701797,-78.10919
-18.826485,64.69961,32.838623
92.974785,-52.42401,126.61421
27.260792,-54.136154,64.57913
-58.718693,51.112812,12.138142
-5.984471,110.90955,11.435555
70.19653,61.085537,52.009644
30.133108,-57.92466,52.28652
4.085877,7.9416904,27.04737
-45.405704,91.56688,36.43955
-27.865868,-15.351947,-16.075506
92.90695,-37.29142,-69.194916
26.674063,15.531417,-44.84065
-24.058548,10.094538,-39.39654
20.105642,-25.460007,-1.816221
1.2391104,-56.117252,66.87721
-19.05988,18.081257,42.55492
-26.168854,74.10702,-43.072506
-8.529918,1.6580957,-32.84979
21.690926,-46.579983,41.81646
3.6335092,20.807266,41.624184
-57.253063,42.036057,-20.075003
-6.5508804,-65.80547,11.599102
26.290411,-39.65382,38.70931
-41.044094,43.900085,-124.76314
-16.391947,-9.573077,-99.25244
-10.798609,-12.887641,46.058544
-12.322637,-1.2917682,15.079605
3.0730262,-44.57828,7.3732643
-44.779785,3.018651,-38.73123
32.498062,58.336872,-9.9489355
120.13618,23.163136,25.731993
-7.283337,-11.597427,-50.134212
-100.72596,-31.255304,16.656218
-37.44875,8.553735,24.520153
7.0610533,50.24257,-12.202979
24.57159,-11.931388,6.5282955
7.4696145,-1.8029561,-57.79633
-30.745556,7.046297,-87.68752
5.132835,-100.29215,-50.665867
-0.76432383,-57.430676,-17.264822
-50.138092,65.367386,-13.486022
-27.85556,32.088146,-4.459046
-0.009767162,-46.969753,-22.982542
10.263913,-42.835865,-40.730278
-14.319386,-17.318832,-38.415863
-42.846077,-29.167816,-42.92158
0.4407359,-25.536518,0.007064868
28.461992,1.984157,-7.4433265
-10.669373,21.322046,-28.779089
-69.59723,-30.144701,-59.60762
-29.988777,-63.132915,-87.80213
47.49149,3.0972748,-12.224026
-12.174517,-7.534453,15.15705
-49.752003,-30.08768,-12.073058
0.87756914,20.66931,6.5653505
16.03282,46.38752,17.324318
-15.087853,31.294432,-11.211935
-10.608727,-28.83524,17.92885
18.30274,-53.620934,78.078316
-10.0930395,13.459687,79.297386
-0.5616263,75.72074,55.072575
35.608593,49.39111,34.04979
47.86878,4.330517,75.93404
28.222767,-24.896093,74.42621
-28.076935,-10.1702795,20.072542
-5.766327,46.20147,65.31494
74.47571,51.64119,109.80411
49.53984,20.092876,39.910423
-65.39304,16.601755,-24.768942
-0.8390574,34.84831,79.14289
126.644264,-16.338785,168.42249
-11.7819805,23.270344,93.50134
-103.65051,108.63247,59.084938
-16.968569,45.9223,85.52844
16.321041,-35.03366,50.948574
15.094703,-123.01616,-24.359053
-82.101494,-60.51507,-74.3424
-37.071884,115.46982,-48.20817
99.673935,38.831413,-39.68931
-37.701675,-143.79546,-131.41101
-83.574394,-115.90687,-213.77623
4.0560136,-32.294945,-205.22664
-9.295225,-43.7346,-104.70374
16.085161,-50.41821,-58.391197
26.477041,-15.26711,-92.03005
-36.633434,14.124713,-59.19946
3.2204146,-32.517498,-64.251724
67.8372,-45.776524,-68.79547
22.349043,12.960795,7.5111074
-22.590704,34.228905,22.81269
-63.69706,-14.13198,63.855938
19.951471,-35.3507,63.988995
108.03366,76.664696,-58.244724
15.949297,74.34164,-63.019634
7.0264144,-33.112392,-8.314368
35.78307,8.508884,13.47699
-10.22044,56.415443,15.664982
3.50386,47.527325,-7.498342
32.56029,15.77075,4.508407
6.182733,-51.390015,-8.299195
-7.3647547,-29.475376,21.215506
-36.287857,55.71015,72.68766
-21.364292,52.380222,69.87591
58.87908,20.121904,67.51227
8.696013,24.426998,21.826584
-20.984552,21.457245,-6.586929
49.34572,16.044426,26.337673
31.995996,-11.400531,63.971394
-16.497705,-4.944981,18.89792
-35.429043,38.97425,1.6354125
-25.167597,1.9374537,34.43074
17.189056,-68.08194,-16.78211
21.018303,-31.365046,28.899727
15.869716,83.38579,66.66592
4.325467,92.09966,83.20363
-47.89021,33.29998,120.90331
16.104359,-4.2336655,40.254467
67.114525,-2.1292636,54.373367
-56.5758,49.417637,63.736725
-46.105194,21.541195,10.101007
65.04389,-16.888262,-1.7115325
62.583645,-4.2676663,-34.590027
-6.7427225,27.018314,-54.032482
-66.838455,0.33577347,-77.22291
18.467035,-87.803185,-39.28243
55.816578,-43.87771,-0.39579153
-13.263058,60.21532,-50.266457
-8.022175,59.924835,-33.39144
-14.283645,-56.479877,48.663452
-21.758556,-86.841576,30.61029
-44.426247,12.80603,-27.354973
-37.116306,68.85851,41.71679
30.240984,35.96934,87.488525
-17.976667,-70.57403,-4.3772664
-83.910416,-66.8905,-20.261223
-11.089579,39.186344,2.099685
16.661535,21.570578,-1.2479511
-11.508063,-69.3754,8.269289
-3.2756746,-25.760698,-21.633553
-59.222862,2.8044243,-12.210458
-25.250462,-61.536648,-68.50244
51.25164,-1.1690046,-65.1336
21.47628,85.40244,32.704086
8.337004,39.76308,-9.514713
-40.946632,-83.52016,-27.484228
-33.016594,-51.927544,-21.843494
65.33555,59.397522,-40.68508
-4.845392,0.69591206,-79.001526
-48.264618,-54.837627,-77.13661
58.579865,-13.69232,10.188777
2.9092686,32.358624,-20.815916
-21.985714,28.536085,-85.8728
50.563538,11.496075,-43.371204
32.639458,23.771944,-9.8607
14.574506,3.2100756,-50.331
-64.582146,-16.806011,-51.87564
8.794585,5.5991488,14.465102
113.740776,6.563863,35.78451
-69.02057,-29.221243,8.35261
-118.385445,-7.1210966,-6.919164
12.56708,32.85619,38.24044
53.03073,-14.222007,91.24908
-12.859283,-19.841446,58.916893
-68.23344,23.352507,38.445984
-18.511732,2.1131856,48.608463
-30.653223,-18.779425,51.092125
-26.409567,-0.563236,64.07204
34.579445,30.292208,-21.320005
11.179631,-24.583563,-30.7859
-18.40766,-63.965244,30.155018
-0.2591158,60.84938,-31.549189
72.41057,79.75599,-28.020144
38.643555,-54.286697,0.21290301
-82.673546,-99.78641,-19.346926
-76.07713,3.0933688,-45.431053
22.430779,74.053276,-25.940372
86.08538,-33.49924,29.50518
2.6804352,-65.399536,-13.647499
-56.14373,28.1447,-12.500426
20.774452,73.975266,34.745865
32.363625,-1.82928,41.67221
-36.67574,-122.8123,48.348495
-50.43276,-2.7843776,8.186067
-6.8142796,114.302246,-7.5180917
40.45559,8.218213,32.18381
62.621258,-56.04005,26.78638
6.825044,-49.028343,-7.118064
-17.401594,18.350746,-25.655828
-21.823606,24.153902,-47.00952
-19.819155,-50.651543,-12.674859
58.70453,2.974485,-19.292048
-39.441265,11.23244,-70.975685
-109.79504,-74.765076,-27.961658
71.18145,-74.02196,7.593169
92.89492,16.913883,-32.681763
-42.053333,42.31162,-93.844536
-26.80356,-59.504177,-50.741993
47.067314,-52.305977,30.1655
1.3866638,-9.959548,31.199472
-19.290436,15.251803,1.4367298
35.627712,62.15004,16.492704
57.202827,-3.5814612,16.550663
9.767237,-38.17513,-60.463093
-63.099995,-10.863695,-8.914573
48.132744,57.431118,74.362144
84.155815,56.551414,46.247322
-104.583466,-33.37198,-16.740547
-68.27804,-1.9424311,-23.122074
76.69335,18.542595,36.156437
34.071373,-28.279287,12.310421
-48.764847,-46.137566,7.3831325
-45.663578,20.697708,30.883545
22.209763,84.407425,6.0565495
41.686497,16.25689,-9.36244
-16.585527,2.7472708,-23.540955
-13.699223,23.48152,-24.091341
21.898502,-49.868744,-7.4488635
-14.202298,-65.66577,15.649945
3.1101098,11.0994215,13.443612
29.197372,82.72859,-17.261108
-12.586416,10.091985,-45.675762
0.38068268,-81.96474,-38.998734
-2.6947992,-13.9459715,18.376524
-26.819675,37.331753,15.414714
-3.5267873,32.424484,-4.6547027
16.842075,-18.029388,40.638412
43.397163,-39.639397,-25.407797
31.29216,-20.92482,-25.308264
7.797708,1.6586796,82.20344
-11.910132,71.862465,70.78666
-74.98874,35.4833,70.79693
-25.322794,5.4844656,21.336266
90.15693,4.6035333,-25.212345
30.466911,-21.460182,-11.249569
-44.33626,2.5984967,-24.464113
47.689533,34.793007,8.388993
39.99176,35.281773,26.281565
-81.66754,-52.185955,-14.583753
-52.07517,-16.32077,-47.842083
54.52872,73.294975,18.650938
39.78077,9.409758,57.441143
-109.60347,-19.279076,58.416054
-120.70513,47.642864,73.2638
59.44064,82.1924,39.389404
88.76119,8.542288,24.652742
-64.89828,-59.412403,-37.915882
-81.73009,-36.71023,-47.63423
65.27126,20.570564,5.373868
82.59468,29.237753,3.080943
-10.828627,15.806811,6.474092
-0.9965655,33.761078,-39.9534
24.390703,-34.040424,-61.5955
-1.5315326,-78.23092,-9.228263
33.42896,36.66654,13.3971815
31.646536,71.49645,3.828649
8.979355,-27.861603,-17.80508
-0.50109583,-108.589516,-23.819056
-12.232114,-22.445564,-57.022415
93.144295,117.41829,-56.580635
77.313576,42.955242,30.396269
-28.99876,-19.861738,23.883162
-35.885605,8.604177,-6.368771
-16.721502,24.358377,11.114059
54.4376,32.996944,-4.305361
69.485085,18.85006,-0.016683556
30.014254,24.912405,23.179712
7.2763195,8.141431,34.491585
33.968006,39.409214,31.235111
72.4641,24.659779,23.504196
18.501087,-29.587854,10.951568
-23.463959,-5.165791,1.9035316
-67.4614,-21.468782,-21.499346
-81.11728,-19.607258,11.335556
43.94948,32.73225,64.48997
47.8343,62.859077,2.9597342
-62.53459,5.5117245,-18.451908
-35.618237,-51.325504,1.7525382
-14.9832115,-15.524823,-41.984303
-27.29662,8.142873,-53.504303
8.233849,5.000431,-17.543373
-0.12987596,-25.74496,-33.802505
-63.35629,-56.280514,-60.137947
-55.351685,-13.607051,-57.839268
14.4561205,12.381342,-37.357746
26.559982,-2.6001544,-8.954741
-28.818415,-8.582275,-35.72789
-101.77459,-25.267649,7.0701957
9.819083,-14.87521,53.11155
65.29921,-5.6223664,17.300919
-83.22345,9.176362,-11.591797
-44.222546,2.8806145,3.6675692
0.8662382,6.767245,47.951225
-35.824146,44.19016,-3.3001556
42.794353,-29.031454,-26.151314
57.867283,-58.27394,-20.052614
-7.82557,-19.845383,-69.98734
-66.7479,-18.605087,-75.34771
-70.81683,-2.4639258,-22.407856
64.04647,-18.636143,53.24901
62.676464,-16.670544,21.551105
-115.42239,43.859158,-57.50277
-64.15468,18.212326,-24.523426
72.16757,-54.140793,31.871723
34.22854,-22.371447,12.619548
-44.992546,3.8768387,-40.494804
-41.104797,-33.36198,-50.12305
62.45697,-92.65566,-46.467354
44.982464,-59.44575,-85.8544
-24.108109,56.085274,-80.85275
62.68662,15.598764,-15.457774
62.139816,-106.467995,27.084986
-33.62234,-45.1241,-10.467793
-14.220946,111.52748,-41.01512
76.24336,61.283913,24.677662
48.310303,-82.78802,33.467827
-19.110435,-73.78735,36.043465
-8.5450325,69.857994,101.24027
29.268911,91.4572,93.74241
75.14254,-55.320526,78.984146
-19.097725,-24.119532,96.83842
-29.951365,105.323654,49.328854
49.091442,68.02262,58.586956
51.972485,-32.336823,119.692444
79.14666,-20.62077,102.07413
-56.678165,31.860025,97.011604
-123.78454,9.732476,54.91067
-0.6752198,-39.654854,79.822395
46.275204,5.658386,136.30664
-9.276471,100.54014,80.36336
-38.773502,60.677937,79.82504
12.145547,-25.223948,114.63696
-13.477771,-22.12192,121.50228
-35.22502,62.604294,13.025498
-9.4303055,48.843254,-32.65283
16.637701,-56.76051,34.84704
-7.518032,-59.43077,-4.513385
-51.396282,0.7346543,-43.52647
27.271246,60.52346,-2.882469
24.032227,7.149195,29.844444
-21.305897,-50.857143,-87.72187
23.045282,-16.557323,-85.602875
-10.659071,-18.733824,-11.841367
-38.55535,0.44180283,-76.25939
-2.682774,39.697758,-7.9245453
-23.43213,9.832157,-13.512822
-80.82158,-42.230095,-87.56507
-42.825302,-5.5376444,-48.606842
71.064445,40.597725,-44.916737
51.060875,-29.98833,-56.254406
-77.9787,-82.48475,-62.49373
-106.48799,-7.5714626,-69.63428
19.643642,35.352158,-73.09781
66.92762,-45.287903,-86.98311
-53.608635,-65.685265,-101.67152
-51.001335,21.839178,-59.410824
-15.920831,14.140621,-28.022451
-80.00894,-48.062473,-78.36988
-7.0416007,-2.8071687,-77.68604
71.27409,47.497932,-3.046075
-7.372373,17.65211,-41.720974
-28.19112,-52.21615,-79.60571
20.612156,-57.877975,44.65831
45.324352,28.213818,26.101181
-4.2849545,49.288586,-66.473495
-66.018364,-20.095558,-40.755623
20.730104,-37.6842,-13.749475
64.40827,-18.234802,36.105038
-2.6140325,2.9793527,19.518234
-68.41429,49.335777,-18.731638
-58.46432,4.8845835,2.3245277
45.552303,-38.454376,2.716862
29.560411,-14.249907,30.462147
-49.583725,22.322289,46.288734
-42.95098,31.722149,61.63096
2.345957,-35.244118,80.70703
-3.2285588,28.32242,38.071297
-2.2089062,75.13139,26.587648
60.42992,12.307925,45.636494
4.121528,-25.627472,86.650314
-20.812323,-42.16913,78.97834
-5.7666454,79.70865,37.994232
-8.668662,64.68114,82.10429
80.161835,-41.86383,39.85933
3.4790292,12.875675,-20.002369
-36.96409,40.519955,-8.9018
47.088947,17.725729,2.2850816
61.485275,-34.382477,15.924059
82.5073,12.7258835,-61.831013
-25.841887,78.40597,-110.53843
-70.18906,-1.4654386,-61.933357
69.158325,-38.840614,-48.07112
81.50111,-33.490856,-83.40663
-37.48218,-3.3829195,-71.00741
-9.679761,43.465874,-52.99125
77.410934,-38.06016,-58.874218
62.507027,-106.261375,-26.920792
85.97766,11.38288,-33.295067
13.412571,108.87959,8.962606
-47.296585,-3.948855,17.334806
-12.371374,-150.92857,-12.61151
-38.485847,-58.18409,58.7253
16.802816,141.41843,65.93395
-23.144217,109.34987,81.508484
-23.022608,-36.792347,116.03168
158.87029,1.8029696,82.63193
81.775734,88.105194,17.849688
-89.247955,16.072916,19.137785
-74.351395,5.4590263,77.24412
1.0707814,50.32909,55.154675
13.790956,-10.785308,31.866846
-30.84152,-9.223795,-2.4845514
-31.460066,4.8303156,-46.740845
20.710629,-23.053272,-111.97549
19.107803,-96.641815,-122.659004
-56.54752,-96.526115,-61.074986
-35.248985,65.23445,-85.21302
-21.57072,35.147873,-69.85832
-53.283638,-73.30936,-27.561665
0.891528,-65.008835,-35.901535
25.858839,-3.0843952,-52.830097
15.318477,53.7295,13.009953
36.313866,-7.3156695,75.80232
12.410441,-37.010387,53.873104
-48.905758,5.9802146,100.45058
1.398476,92.20788,102.05911
49.150105,27.847637,60.915512
46.724373,-111.16042,74.49287
26.589233,45.09804,45.171467
-27.910223,140.6442,13.746413
-13.548492,-18.459896,40.19367
20.899408,-119.05351,-20.341766
41.807827,-6.2219706,-112.26152
-22.512896,113.63525,-122.987404
2.809524,-56.804165,-80.302986
85.31423,-184.05643,2.7549183
-52.49453,-0.6512821,-127.33505
-136.05273,90.82277,-159.7893
-5.6203046,-9.319629,35.718533
107.98104,-15.171326,19.523943
-45.008556,76.39203,-22.906738
-120.317154,54.29365,-37.73278
52.756756,-116.53709,-43.33867
18.083347,-145.78291,-36.655064
-99.05372,-1.8333344,-67.37791
-10.643863,57.8955,-14.712825
58.648914,-11.718376,43.102512
-40.06856,-69.089294,55.422947
-84.9087,-7.0158615,65.297134
-14.319855,104.14077,98.56388
75.84302,85.46548,89.44937
20.481266,-30.701336,117.36215
-76.245766,70.05463,131.43181
-14.221665,103.67612,52.53244
-0.513402,-79.76286,10.665855
99.04285,-34.44341,-26.9301
103.11759,109.376366,-38.482002
-73.22948,73.09972,-69.78367
-35.327675,-82.77937,-41.74966
-2.1923637,-45.56965,20.1535
18.522665,76.77634,-28.608488
42.47597,-1.9878447,-57.81278
17.5224,-63.354523,-12.806576
25.905558,-59.980415,40.525486
-18.959301,55.423775,-25.266161
-20.998417,153.72894,-27.211302
-25.020285,-45.466137,58.003895
-31.851952,-178.85828,22.47004
3.3709116,-45.870224,-15.60097
29.258509,103.1057,-30.035221
26.105844,75.46276,9.673539
-17.316238,-116.21687,42.09172
-14.397376,-105.17711,-13.205616
-53.634537,39.587177,4.775806
-110.58681,64.924904,42.36703
30.064402,12.214607,13.746902
107.18907,-56.63133,8.003016
-73.76684,21.386198,8.594478
-68.126434,73.1636,-17.307774
125.74564,-37.605026,29.487074
108.4466,-145.58879,56.553997
-51.119095,36.05003,-91.10014
-169.56677,269.53598,-123.99671
-97.73691,-23.367348,57.136402
159.5559,-284.4265,116.12567
101.58305,-26.134693,-38.039116
-159.94379,236.57068,-148.32
3.6411834,49.34997,-11.604402
151.57448,-204.35971,83.75664
39.821915,-11.9509535,7.852038
-93.31475,155.79816,-19.463923
-135.903,27.839266,-4.7733264
142.57994,-156.4304,57.410206
145.92798,-100.33621,-17.971462
-162.27408,182.81451,-176.86774
-83.62579,45.226795,-71.1044
148.4191,-237.50015,71.52903
113.370415,-117.62947,49.91498
-111.90512,161.92657,-59.50273
-150.68509,203.2307,-73.047806
43.23985,-143.0157,58.12378
170.54982,-170.05196,53.178345
46.648872,115.03668,-54.22374
-113.68903,76.634415,-37.060925
34.064053,-74.89867,59.923363
103.2774,-99.19779,47.574833
-125.26823,76.027084,-55.548424
-114.08869,126.55597,-79.620804
94.9127,-87.791565,48.982986
128.43652,-171.25208,81.92263
13.097652,32.18946,-56.352364
-84.24437,187.31573,-3.660747
66.599396,0.1751509,80.972206
89.41899,-106.046745,48.86288
-110.31634,-10.623427,4.741794
-68.01561,122.22824,-19.328987
15.265812,75.004425,52.302822
57.81928,-168.17001,60.097004
32.623497,-57.048447,-0.31452596
-43.173244,189.11736,-42.29865
26.788378,109.26915,30.990686
65.559166,-127.17805,95.632126
-48.663635,-98.450005,-8.144105
-120.056404,104.06317,-35.85635
14.3476925,44.47226,-13.245275
99.81109,-59.015877,-39.217724
95.458885,-41.01963,-32.360386
0.40070507,38.484604,-9.21739
-83.33438,69.597404,5.807279
45.875706,-98.70822,29.1225
-1.6260488,-98.11186,3.3290443
-98.66875,121.93797,-53.50185
4.0981827,63.564274,7.6328506
77.50395,-102.759125,84.721306
28.561089,-57.81183,73.402405
-35.526882,63.772076,18.476435
-17.717796,114.94187,-31.055843
-47.238415,-16.879124,13.18756
-24.68779,-105.43683,15.231879
-5.894687,10.088051,-24.679857
-14.941114,100.02463,-24.706156
40.468674,-38.472633,-38.328407
-33.191826,-178.35168,15.978726
-69.37909,-7.744187,-44.860943
-4.041684,101.806435,-114.640076
36.333683,12.928786,17.492561
-31.065311,-18.064348,36.63826
-97.75415,11.968571,8.488796
-8.914957,30.98476,29.498077
13.22104,-26.925814,-12.374112
51.764973,-9.107536,17.229141
114.048965,56.76202,62.48815
7.4804664,18.695696,17.435307
-114.9445,-27.93224,-4.27112
-43.426594,-20.218021,20.759249
63.60365,53.10737,-7.6807494
-30.514746,6.4659867,-65.724365
-65.740906,-103.90975,-28.658695
26.367538,-43.01802,11.953644
59.03113,40.873035,-44.50984
24.433283,91.75696,-27.77128
0.08314745,46.940617,51.706295
54.152447,-27.318846,47.613567
-5.7232447,-37.28536,48.569202
-84.916245,-34.69287,37.00989
60.688694,58.33648,-2.459704
126.221306,7.2615623,-2.7369967
-13.594482,-81.94088,-73.04169
-89.655304,-19.657204,-75.610435
-24.392122,20.739098,32.59262
47.762787,43.17552,43.163284
-5.686877,-30.252748,22.406847
-42.699303,-18.608767,15.339725
32.951843,74.34346,19.993694
54.303535,15.207856,38.54045
17.934195,10.058372,59.749798
-16.121275,75.101006,73.26584
-75.1574,42.43576,66.17905
-79.727936,-47.217888,50.930874
3.7854235,-43.971462,-16.067911
66.16763,23.526712,-0.48986083
47.993816,24.417564,36.52841
-75.4155,8.764146,-10.165671
-106.91572,4.4362993,40.162537
5.3628807,-1.7101964,73.21241
26.959345,-14.589859,-10.480825
-34.619793,-21.227783,-64.62019
-89.6382,14.587077,-40.104107
13.329576,15.073294,-3.4554617
88.161934,-27.169374,6.1534414
-27.178547,8.472479,-25.163404
-51.04323,55.985714,-76.05618
34.856815,-24.21353,-72.48787
28.965067,-110.73322,-71.897736
-79.41887,-63.924397,-104.6103
-41.840298,17.382446,-77.087975
67.27636,41.46377,-24.721437
42.74803,-37.44393,-76.70465
-26.966513,-103.57576,-99.83854
7.9384694,14.435548,-37.25424
53.462025,47.620518,-10.867148
-17.965971,-50.44107,37.104706
-41.632595,-5.7377305,50.957672
-2.3290086,69.83161,41.97513
56.50421,32.66736,5.5704007
35.612976,-19.442171,-30.804462
-24.140238,19.553764,30.232546
6.0677457,37.88947,-23.088097
-47.552967,-31.35757,-46.051296
-74.68748,-61.676105,27.317457
67.91895,23.494745,-14.101432
52.52267,82.198364,-5.0348387
-59.694225,-9.287715,11.684475
19.787912,-45.09657,12.127436
47.3719,15.334602,112.6416
-8.583081,45.83196,130.7587
-2.013641,72.113686,79.02459
19.179361,57.598312,108.36687
15.076474,-1.0616536,96.21475
-3.4087257,23.465582,38.02216
35.93981,37.80856,84.65045
87.51515,-36.099873,120.26873
30.5907,-7.567962,41.210495
-38.13448,75.53927,-8.527493
32.372135,73.470856,3.6230965
22.351633,-16.95976,-14.607101
-38.10808,-92.76827,-42.89277
10.200219,-34.111618,-52.090237
-4.2956214,16.413576,-80.53995
-5.841319,-62.012768,-138.90741
50.0503,-105.75761,-122.47843
-18.542118,-4.746631,-74.79809
-95.6294,29.59916,-87.37382
-11.680209,-73.47913,-62.094116
35.188942,-73.0454,-56.569473
0.71914613,37.470406,-73.09387
-6.7970324,20.189257,-84.29496
-8.27303,-82.7601,-56.778294
18.027563,-97.39373,27.473831
-1.7849499,-26.738325,17.032248
-26.674597,83.6177,-24.825172
15.847984,43.61486,-41.450108
28.371925,-85.36557,-6.817156
6.0654864,-59.67127,18.728098
-19.882395,29.734545,-13.490767
-9.352242,50.85064,34.560905
27.872934,-22.962873,68.657166
17.27793,-32.171745,15.993683
-47.120655,50.171967,-2.8642056
-45.25923,58.481144,36.70014
45.44709,-15.099209,61.021088
29.665535,-43.633945,67.768715
-60.329735,48.530388,6.4973154
-52.60083,45.387432,-17.354202
41.02298,-22.28784,32.60069
65.3356,-8.418865,-8.860022
2.1660244,4.1979623,-16.78932
-43.04933,0.8898191,-0.79205114
-49.428562,-73.31516,20.56021
9.568781,-59.957317,20.132347
6.310255,73.04525,-40.735756
-49.33223,73.92316,-22.8684
0.21853633,-30.847593,9.600809
88.48947,-83.68573,40.2908
15.785084,4.8203354,15.103355
-115.44085,116.59048,-14.339057
-8.286234,65.67672,48.95581
82.43028,-45.95224,9.240187
21.507708,-29.26936,-50.50917
-22.486177,10.630374,-25.40939
-13.356341,-24.24704,-6.3286023
28.874374,-5.1179705,16.608744
-32.41,54.407722,-29.832727
-39.48869,81.68339,-54.98276
33.058697,-14.773781,-27.17847
26.150173,-120.74626,-74.25866
2.3279555,-18.827084,-68.50792
-42.922684,86.86121,-15.346261
-19.588457,75.30399,9.67844
68.828156,-19.79845,4.597921
-6.3442187,-66.43635,-64.26878
-78.41213,-5.5748334,-50.105114
89.62748,8.889617,24.955957
88.73289,4.285187,-11.092082
-59.14107,8.074363,2.94817
38.02515,76.48546,23.906384
61.57131,27.90939,-45.341404
-7.245386,-138.31598,-17.690847
23.11024,-43.992146,18.331366
18.037607,110.88057,34.01499
0.70483947,37.20676,43.919365
-17.443895,-72.09817,12.923994
-5.97157,-51.982433,40.416107
50.825684,10.660353,77.59083
36.590206,98.557434,83.850975
-33.974464,112.544876,131.30287
35.356663,16.939632,176.10385
80.43785,6.530618,125.94548
-46.68639,19.599125,92.31592
-9.732115,24.438778,100.71038
64.99746,44.276897,115.82348
25.540459,20.36307,86.45237
-15.805011,6.576691,-10.346478
-96.45974,29.026556,18.829634
-31.31024,15.522206,21.644144
51.528835,-37.70231,-33.080246
-45.738285,6.250944,-29.659727
-83.157364,51.212006,-62.063377
23.113947,-2.822633,-29.237152
55.55971,-74.392204,-26.35046
-58.796925,-64.57199,-67.89275
-77.1301,56.08661,-54.770176
-6.48116,25.671244,-62.908096
10.171409,-61.751236,-81.60114
-42.01814,-18.926527,-81.63219
-45.466106,6.5223007,-74.83375
16.490128,-4.2760034,-97.1183
-46.950794,-110.39233,-90.53407
-9.533348,-90.98968,-41.174824
47.43336,81.86683,-32.057888
-40.994717,52.15308,-47.539654
-53.02414,-81.38692,21.473772
-18.535967,-115.18616,36.066753
40.267975,31.3621,-60.674015
24.123106,111.87294,-10.333537
-1.5092987,12.86394,53.995224
18.225904,-32.174545,2.8217053
-60.70068,-48.083725,-17.408154
-131.22046,-49.921722,-28.34179
-3.7395816,8.7515545,-12.655283
107.17098,69.28607,32.573006
-23.41792,3.5849118,-37.19579
-53.653904,-29.9196,-36.415627
42.14486,-0.6546137,55.86046
68.33729,-49.981503,-32.72859
-39.465595,-60.56964,-72.37282
-70.47204,5.2876463,-34.190723
86.500275,66.093544,-14.235251
40.29046,-35.04323,32.070103
-12.235232,-50.143356,9.795584
71.52447,61.325195,-8.087314
83.34589,11.772905,11.59108
1.2116159,-31.880234,72.08467
-49.134644,34.151432,72.75821
40.33611,79.17846,57.73893
29.64279,-4.6342154,87.53324
-13.101639,-39.838066,78.53693
24.596394,2.0839717,83.04454
-0.49842793,13.914312,33.931427
-43.204754,43.589607,43.127747
-6.303092,34.542103,75.81014
49.353237,20.175507,37.312622
2.3062227,-28.716738,2.7567647
-72.55428,-84.793465,-57.710953
-65.65473,-69.016464,-17.611792
13.846928,-25.130157,-4.805836
30.10577,62.165077,-48.328
-54.80633,39.152657,10.494654
-27.072845,-88.73746,31.255758
47.535458,-59.05956,18.702875
-29.795444,16.73633,13.379302
-52.457584,26.975485,17.078102
20.965637,60.46059,50.72879
30.420252,45.507114,15.099945
-16.789864,-42.333786,-14.673947
-48.489376,-60.327526,6.165683
19.250946,47.296368,-14.596352
66.80503,92.43568,-32.161606
3.8210135,12.215849,-37.268444
-46.242794,-22.802647,-23.126308
0.60526747,20.099787,-32.277195
31.542086,10.014121,-70.35501
-2.6505938,-49.060497,-71.997284
-14.35509,-9.953166,-56.441433
16.577002,59.63769,-49.075897
45.37874,5.085933,-64.591034
31.114882,-56.53088,-40.469646
26.861712,-27.800665,-61.5952
12.010977,24.995636,-93.822266
-21.204317,7.896315,-38.387867
-8.294459,-35.249924,-13.186395
13.842498,29.638647,6.6760197
-75.604645,14.513357,29.466125
-96.39053,-28.083796,16.227161
33.02774,1.6777877,27.574427
24.839811,-0.0690046,55.149147
-2.6495275,55.70264,6.1120596
-2.054221,13.115383,26.36146
-13.019663,-61.915047,64.82616
10.622295,-53.160763,-23.454237
-25.449343,-28.879347,-46.84957
-1.3928905,11.596686,-73.95835
44.126728,1.8153459,-49.325623
26.194532,-2.1117482,13.28356
16.666313,-29.84621,-6.436412
-7.3109255,-5.756397,49.957542
-24.579,18.15539,50.00384
-12.787453,3.2031019,3.8343315
-4.835637,42.48207,29.101984
17.910105,-3.5738504,50.687298
21.980448,7.6721635,68.744385
-14.500377,25.493887,45.21863
-9.789364,-2.7952452,-1.1473973
32.808506,26.356262,-11.2702
7.86853,-40.54421,-27.817162
-58.207348,-39.289967,-32.742386
19.0998,50.88855,31.93764
76.59486,28.361853,91.595245
-12.885239,-7.382965,80.1273
-27.60228,21.862816,59.8587
-4.873914,60.517723,71.69207
44.077293,53.464275,62.959644
37.095253,6.442981,69.59366
-47.78818,-4.79951,44.218544
26.412237,37.41158,-16.929777
69.05675,14.029997,-18.486921
32.681393,-85.70139,-57.635082
3.9845483,-35.88243,-89.01772
-24.825861,55.290615,-71.136894
48.387253,-9.407773,20.738098
3.233008,-16.582394,52.66001
-83.14684,36.024593,-55.637173
-18.8244,50.16131,-13.963855
13.805467,-2.588653,2.3062778
4.936615,-101.50223,-81.82052
35.109486,-65.53369,-48.759468
9.3149395,26.165648,-1.4979659
-55.36601,18.8973,23.834127
48.704296,14.61719,11.154937
22.408398,57.534397,-12.531037
-159.122,35.630325,19.803131
-65.466354,-52.413723,-2.356815
25.180933,-107.78149,-50.502186
30.968105,-31.166485,-42.25246
21.305248,77.71523,-59.301636
-50.62126,47.78861,-44.01866
39.122723,-59.410557,7.7468224
-18.837446,-84.83235,-34.303894
-140.48279,19.933968,-56.909855
86.74175,88.95951,-33.937172
169.32831,10.630367,-12.985377
-18.506733,-122.57963,17.020056
-59.100876,-111.64256,-1.2065083
26.868002,58.92424,13.9363575
75.80955,68.81482,-27.330889
19.133707,-96.62031,-52.084904
-56.44882,-31.51227,17.213234
-51.225697,102.7241,20.257387
-51.298225,19.399883,64.69649
25.836895,-21.531618,46.734943
148.81937,7.7432566,10.298796
100.338455,27.273567,8.030982
-75.27258,-21.413078,-29.92771
-77.258804,40.758575,16.879858
112.97085,140.79152,86.95603
15.415255,-61.32446,108.68592
-122.650604,-119.95625,-40.87801
-27.922205,-20.902166,-82.34404
-13.828289,64.321686,14.29381
29.740295,70.084656,6.2932553
39.080784,-15.482781,86.86256
-60.70433,36.271175,81.40156
-56.421898,-60.06288,47.329403
-19.248526,-44.332558,51.813484
11.710386,107.597534,4.2726808
90.68983,103.85207,90.59573
-18.991432,40.976334,91.63677
-125.3588,-75.728615,22.331816
17.031378,-13.668055,42.876774
69.73585,69.87515,-34.68966
-34.15076,21.611578,-61.222664
-107.991325,-58.722107,-37.03636
6.842951,-55.851135,-75.158165
60.348488,-108.94962,-49.14057
-46.35771,-112.07972,-83.943726
-84.36448,165.73915,-78.139595
-45.51263,50.866512,17.488655
50.98698,-170.8238,62.327168
-4.911124,-14.130712,25.649147
-15.166599,123.261894,-48.955055
85.0725,90.090546,-52.587437
72.86314,-89.45037,-76.5896
36.63846,-37.360203,-33.190693
-42.21109,105.97858,-10.820502
-46.945366,62.509613,-42.7091
12.162744,-28.955147,-58.65085
70.28893,-91.398895,-120.08701
10.34954,-56.993366,-108.59568
-101.27907,-89.63545,-78.03949
15.059655,-27.383179,43.274017
43.23334,45.122143,108.40748
-65.883095,-36.430283,4.348983
-55.774628,-59.59028,-51.850437
-0.065981105,-55.972923,-20.786076
34.614037,57.92051,36.024246
23.364786,98.48655,52.533955
-19.742756,8.233277,109.23643
-19.450438,-94.00937,71.561485
20.1826,-99.832855,-66.033035
51.3322,111.523994,-71.39277
153.51701,145.45654,19.14648
127.06874,32.155804,103.19096
-104.80219,-48.600155,124.778854
-123.92461,-64.1512,68.22934
1.6399007,41.97222,18.843824
157.5482,70.24354,32.92061
156.84,-20.173527,7.133853
-168.98314,-44.83733,10.176622
-152.44466,63.093246,48.24846
96.58661,21.47378,-1.9845642
59.593033,-95.57693,-57.968426
-47.921673,-53.691223,-116.89526
-106.811745,6.42268,-141.79497
-67.29394,-69.35098,-53.98072
28.946106,-72.55496,32.273987
52.735306,132.38261,67.86234
8.421432,135.51479,36.560505
-79.11252,-81.20306,-36.930107
-39.507484,-187.60771,56.512314
153.69023,1.6615559,152.77956
94.63478,213.37627,85.18409
-92.11171,40.69662,65.299225
-63.78453,-173.56923,46.72955
-15.246462,-62.142834,-28.476273
14.164596,88.02621,-69.19197
13.552123,38.327427,-55.221523
-28.488346,-40.34076,-9.253138
-44.657032,-78.30166,-23.047085
-55.56689,10.054638,-85.58777
5.5862794,104.01274,-34.792763
90.910675,5.824029,40.84621
34.049877,-41.509098,34.96641
-129.87032,9.564986,-21.035841
-96.33134,15.715228,-66.735374
133.4085,3.9814928,29.445892
155.84737,-19.630777,11.986141
-70.83891,-68.0031,-76.57101
-162.33203,11.557258,-36.064045
66.20175,106.02002,-0.16000517
164.33896,36.302113,8.631088
-67.15031,-21.813776,-56.98114
-137.96298,-42.96834,-39.007893
-2.5507028,-80.64093,8.745273
79.25981,-64.77167,21.589727
42.17502,139.09554,31.871798
12.955751,226.62001,-2.371894
95.84179,-54.921417,31.797085
6.6147327,-186.37943,8.4193
-85.8678,-13.099875,3.3404038
27.727886,180.3498,41.02979
25.080639,116.062,44.92006
-17.542988,-165.63875,41.08323
-48.00949,-102.416084,0.23148482
-32.64712,127.66215,-4.555528
68.70231,32.13858,-16.131035
32.822884,-75.0783,53.956764
-58.905937,33.097538,39.71125
-89.15364,97.6246,-83.0905
15.535569,-11.955691,6.8232484
61.490402,-109.32347,16.88412
-18.473677,-56.07098,-69.97065
21.501982,65.90763,-77.46732
42.743332,53.060955,-57.848194
45.13297,-60.12141,53.540726
37.010334,-20.998728,20.505827
-18.97982,44.25594,-64.58222
-67.31583,-16.567234,28.525053
-89.94576,-40.229916,48.62278
31.483173,14.877148,-12.08806
84.12887,44.372494,44.456562
-55.240665,19.577433,68.185
-114.73287,-48.00498,52.683144
15.762706,-19.718506,91.39284
70.82867,124.17807,3.1185184
-60.93891,90.41018,-13.090539
-41.564487,-66.993935,16.660894
44.560127,-79.450745,-61.254936
2.159506,-27.284521,-36.575417
-20.240835,-16.050362,-36.403225
1.8984181,53.484562,-45.642742
49.02388,88.60667,-18.457851
16.861149,-61.192432,-54.01246
-39.188843,-92.02798,-62.262016
16.85589,16.0475,6.698032
55.38522,23.739697,58.426353
-15.759294,34.62486,1.288795
-17.339489,-3.7319555,6.7178745
89.320816,-1.9576117,10.15035
-9.857531,35.927116,-33.53718
-94.98333,-46.45463,19.86928
71.053116,-15.889747,14.392696
90.612045,66.72809,9.790916
15.211428,33.134144,7.1997833
-4.1740904,-10.3359,-36.44024
28.885246,14.200284,-6.674097
56.500694,10.753357,21.152376
-146.35814,-18.165539,10.186971
-141.94582,78.62612,-9.400105
101.6179,88.64127,13.57762
106.04123,-78.11349,-0.7767383
-44.79017,-94.55583,-61.049614
-98.88378,7.085916,-26.262688
81.75113,21.761759,46.764168
88.60435,45.027058,57.27301
-114.97272,7.279297,48.124607
-69.511086,16.95318,27.853617
102.260666,74.62023,5.708647
83.46895,-82.13416,53.902554
-65.56202,-33.02795,32.337128
5.516107,152.29059,-33.990578
38.89583,65.064575,-30.053812
-130.77753,-95.2227,-54.890007
-69.27586,-131.76547,-71.85093
-9.687114,9.797439,-106.74662
-74.70057,22.6868,-91.7259
-23.19864,-48.636234,0.5136846
83.594955,23.114923,-23.789165
91.952965,44.56077,-45.46518
-112.95405,-34.306637,-27.79837
-121.285835,-169.88347,-2.6399229
37.80086,-102.078606,20.555035
-0.12914126,88.141335,-41.13807
-42.777653,53.15928,-9.015057
23.082804,-67.87696,27.195208
84.64845,-127.2554,-16.473167
-41.50485,-2.2521055,-0.15501037
-96.332016,109.69911,1.0451801
-7.695097,-1.4503816,9.276742
47.35248,-102.45906,35.846382
13.712701,-90.43577,19.945078
-161.02841,26.461994,-11.512919
-37.41031,4.311153,40.50561
200.1617,-68.685165,86.456985
61.98096,34.59633,-21.693
-115.86834,64.29857,-22.681057
-60.093502,37.389366,30.670357
90.685425,-52.21937,-9.247109
96.98691,-83.66013,17.376871
-71.547935,58.64398,-61.335354
-43.65429,39.81644,-64.82727
124.98557,-71.363945,41.82289
36.774548,-52.728554,-32.423275
-51.595932,76.75038,0.25910574
-9.589182,111.74609,34.222897
-15.562066,-80.82578,1.5731231
-19.292393,-155.19229,36.59284
19.323835,70.96076,-25.516602
52.89752,171.12135,-20.013372
89.93103,-57.900402,21.085812
69.410385,-133.81805,22.292671
-63.39092,27.650894,-11.95082
-64.20476,82.981766,-94.081436
1.4921244,3.9585536,-7.405324
-0.9228292,-81.1925,46.55952
-5.9675074,-15.865074,-17.029896
20.94933,84.981804,27.75048
65.20003,25.658937,56.928173
50.688393,-32.957752,-0.110446446
30.532864,49.45695,-2.1798937
-40.874897,90.78265,61.67015
-12.409332,42.529404,65.687195
27.503471,-4.243077,88.06962
-14.633776,27.056679,104.06103
29.109085,73.8421,41.0485
11.056799,-15.788103,54.041508
94.524536,-1.4793156,27.07774
103.60429,92.3542,0.17824417
-47.589493,86.49063,1.4623579
-16.143559,-8.852242,-40.295868
4.579251,-90.76563,-4.2412944
18.378239,10.701086,-48.267925
43.922215,44.16252,-75.25719
30.476318,-17.327595,-24.524439
52.0482,-34.53481,-47.348175
-1.0271863,-17.516405,-20.62223
-38.67275,13.439675,22.852568
29.111452,-13.797754,9.23464
43.18535,-26.387272,24.821924
-7.927865,2.607322,22.823225
-0.18410517,31.886332,-32.70749
-6.4841733,-20.079401,24.55314
33.968105,-19.225136,91.23864
68.320854,16.066591,45.75503
-33.80973,-12.190989,-11.319483
-47.31255,14.5763645,-6.4977307
6.9549675,-0.06332899,37.210842
24.122255,7.5815353,6.3626986
-32.808792,13.868163,-26.994162
-42.588352,-25.233717,0.45182428
57.120235,-24.970806,9.667043
-2.6826246,-5.094563,-74.881744
-114.7386,9.242683,-84.24109
-64.87729,-62.497955,20.090115
35.81132,-47.460537,-1.7614918
3.3465862,-14.784077,-72.90995
-31.67148,-51.539158,-11.990589
26.65329,11.812267,25.938656
7.769718,0.7584181,-61.146473
-22.267317,-34.590393,-7.867266
-28.88147,-4.606129,89.75272
-59.036808,-6.390884,53.735424
-42.01291,-4.4605675,-16.842691
12.999518,-33.15259,-25.528515
43.335304,-42.79039,35.921448
29.956635,-6.4698915,-35.15764
-34.924263,9.878028,-79.031
-9.376393,-13.841531,20.7304
-2.1238918,-22.800913,15.963719
-101.31306,20.085403,-85.88692
-18.828157,-33.02633,-86.37516
44.446827,-86.856476,-21.946985
-3.7480865,-6.0041556,-29.373516
-24.357897,33.411816,-3.980424
-8.826248,27.786186,10.962453
32.78379,-40.763412,-8.625967
-29.075783,-74.61984,-32.236607
-65.6798,20.020763,-78.01226
-36.302235,25.54471,9.882141
-0.50329703,15.424077,40.79749
3.4584763,6.6784425,-22.536373
-11.612356,22.292442,42.389732
-15.918254,43.445843,15.261796
-34.834568,-59.97445,-31.108273
-62.68033,-29.970856,55.474552
-52.803505,61.54862,51.770638
-7.169724,48.468857,67.97272
-12.157544,39.362507,65.501564
90.00197,-27.253206,5.2379203
66.60856,-59.33836,91.94219
-62.89384,38.463333,79.09179
-40.754093,71.7629,51.8954
-22.57665,80.828804,126.110504
55.537983,74.34165,90.187325
-1.3308164,9.595987,90.868355
-43.658314,44.677353,122.37791
73.17801,37.137737,118.67641
38.028107,27.403957,116.45159
-39.130287,114.67405,62.596565
-38.977474,121.07091,-19.205826
24.40496,-10.770743,-20.656534
10.050202,-100.941185,-2.4192634
-79.03427,5.2753134,-81.68583
-2.9979596,48.967926,-129.7636
104.08037,-27.407701,-121.70683
79.63029,-40.370365,-85.741
42.503284,19.121876,-98.021194
-18.54088,27.754833,-85.466805
-34.97165,-18.744764,45.551052
16.330168,-10.032584,10.90263
-18.329193,1.3464482,-45.82575
-29.128675,46.449215,-21.624058
-7.450393,30.751678,-11.145811
34.266064,-40.788067,9.926308
57.90027,21.627645,-151.78156
-60.71373,54.373154,-226.27452
-28.567272,-94.90965,-146.58557
-35.529602,-153.9284,-198.26483
-157.91454,-1.6708474,-200.7405
20.682798,-22.275873,-83.70339
134.86357,-101.73206,-34.464874
49.93803,-56.34245,-67.17691
-31.502544,-39.2346,-54.664703
-5.9902925,107.532845,27.16362
32.033413,82.63049,137.81708
-61.899036,-98.24045,68.70037
-8.040375,-9.463202,15.122756
11.765367,36.062244,98.34784
-44.751392,-60.861443,2.0849628
57.090466,-54.7251,36.638638
92.02823,79.26064,91.26458
-6.1167865,52.30052,-14.754636
-55.50886,-96.102875,63.758003
-40.189472,-24.420391,100.2242
14.568041,66.809746,14.779485
12.451405,54.323498,35.762745
-11.6397705,-20.135832,80.18849
111.85029,-64.76218,80.29268
60.293755,9.289773,80.287224
-74.61245,64.37621,28.495556
-25.680931,70.61143,49.965317
-6.253032,31.70266,68.219055
-12.03001,-50.433613,-12.263566
-32.384155,-53.578205,37.060375
-28.246769,59.19681,-11.220522
35.775322,8.484285,-33.72659
48.98546,-91.05745,51.376884
-36.308952,-1.6974686,-80.077126
-67.653305,25.155382,-72.43753
-39.084816,-14.260484,26.919626
-31.068893,-67.85384,-17.453873
38.47754,-27.350798,8.581909
-0.76265734,80.444855,6.8419237
-27.06689,17.473083,-76.9619
76.72513,-44.843384,-35.975273
35.54982,-22.978518,39.969326
-55.480564,9.672805,2.679844
-89.61442,12.175819,10.093187
-17.28433,0.2429556,6.559489
118.716156,5.579322,9.749331
65.232216,46.22304,-3.9001074
-29.940914,63.958614,-91.84831
0.4244994,-63.09578,43.790092
46.570877,-59.364662,95.953125
13.090997,33.894413,-39.690796
-44.225544,7.02647,-52.35025
-18.37611,-15.932881,-48.69857
33.337624,-94.08395,-6.583881
92.12918,-33.54522,-15.073506
50.614384,116.48308,15.114733
-12.259222,72.16847,111.97176
45.866272,9.456634,11.807415
18.26715,-48.519157,-48.27913
-51.41048,-15.649006,28.472975
-44.9096,47.78869,70.18556
22.896729,-29.604172,58.243607
32.13439,-25.3977,40.636932
-46.122288,38.950466,33.488255
-5.781857,88.527626,7.7494555
68.09952,33.109097,-12.524522
25.11713,-110.80601,-19.657959
-60.870262,-70.87424,8.172867
-87.623276,65.87557,27.56201
-26.874126,69.01111,1.2440866
51.961525,-39.096695,-13.27169
28.14332,-26.529047,16.403988
-30.356596,33.679012,-45.919495
-36.32164,-46.311646,-107.98284
-20.266209,-45.931152,5.6657515
36.318542,69.440414,11.065995
-7.925374,62.569088,-72.41631
-66.41351,-56.717674,-76.49029
20.710669,-125.922844,-13.666049
47.409195,-27.058924,44.68954
1.095922,99.03863,22.87573
22.094498,50.840836,82.28073
65.68516,17.906834,132.08992
66.90188,29.146946,58.673176
10.561348,28.710732,-21.076302
-50.39485,16.252308,3.0074682
-27.080742,-53.8651,25.029818
-37.796574,-31.963196,-100.44288
-41.725983,-38.006992,-153.01207
89.63619,-47.225807,-99.70238
36.829475,-22.187351,-106.87254
-88.35838,-38.418278,-106.01563
-13.925197,0.26660246,-44.844307
-35.56434,-10.561605,28.450113
-40.298107,35.48197,73.360596
50.947075,43.234818,71.54973
36.833023,-28.287144,67.7868
-7.1480756,24.082836,74.3793
-52.3537,27.319284,70.26916
15.100003,26.529526,39.180523
53.920135,22.951769,39.52464
-11.725006,-12.805639,-7.529878
24.35749,-10.844203,-142.27968
62.052593,-51.161663,-97.89818
8.460935,-16.443892,-32.31647
-79.46064,43.62164,-70.84188
3.8423882,34.33552,-24.981657
