ax,ay,az
0.0,-0.0,0.0
0.0020424582,-0.0068455366,0.00030062042
0.007933695,-0.01858651,0.0018083425
0.025517264,-0.04818668,0.006655025
0.04595604,-0.06406241,0.01005566
0.06945377,-0.09784578,0.016772868
0.09276997,-0.111798674,0.01673676
0.0996413,-0.09215668,0.010942305
0.11017835,-0.09785139,0.025894426
0.06889112,-0.023994979,0.031745445
0.06634255,0.06696199,0.056361176
0.01901869,0.20854415,0.0657407
-0.025816366,0.31355047,0.06139595
-0.023046918,0.4794842,0.08390243
-0.1579601,0.7391572,0.017948052
-0.13850877,0.9552592,0.07537018
-0.27226073,1.197101,0.1018367
-0.5070209,1.544402,0.016763236
-0.6041143,1.7709169,0.07005081
-0.7498792,1.8110046,0.017476076
-0.7964846,2.124103,0.032171328
-0.7743174,2.6155593,0.11801923
-0.9388958,2.7069466,0.11480077
-1.3061575,3.03404,-0.12696338
-1.2611667,3.264664,-0.19645472
-1.5319009,3.3164227,-0.15850061
-1.7495266,3.6614356,-0.44840974
-1.7696763,4.0881495,-0.5781094
-2.2262464,4.082552,-0.82449144
-2.371808,4.16933,-0.95197445
-2.7956526,4.877283,-1.4290097
-3.4546058,5.1470747,-1.5099472
-3.449285,5.426854,-1.1834506
-3.5837405,5.885811,-1.8049937
-4.3077073,6.4608684,-1.7863109
-4.126574,6.18207,-2.0419197
-3.8448966,4.9887567,-2.2958086
-4.103835,4.9365625,-1.7962579
-4.180246,4.9378185,-1.2471787
-2.677192,3.6048324,-0.7946186
-1.6822889,1.945796,-0.94644463
-2.3744423,0.7657909,-0.5532144
-1.0275908,-0.18073265,-0.058313448
-0.3505444,-2.0084023,0.4755388
0.15195122,-4.22287,0.5718128
1.4050535,-6.100071,0.5571154
2.2002864,-7.851374,1.0204053
3.0101802,-8.909657,0.94462883
2.110255,-11.233773,1.2190841
1.7226527,-12.388968,1.0994048
1.683558,-13.80622,1.1698561
1.7196295,-15.810002,1.5896219
2.6150637,-16.875586,1.7044731
3.522786,-20.50856,1.6162972
5.0666203,-21.878183,1.6024529
6.598619,-24.322515,1.3669837
7.3245034,-27.149727,0.25792778
7.7414136,-27.47983,1.9436655
9.569404,-30.401522,2.468122
11.75021,-31.989,0.814668
13.4801,-31.90021,1.5748152
14.303267,-32.806934,-0.028215079
15.487324,-35.416027,-0.83924586
18.180561,-37.05405,-0.07508962
19.956165,-37.368988,-0.83855003
21.167397,-36.923138,0.0903562
22.263565,-35.090008,0.58211505
25.16672,-35.09737,-0.061626382
24.8356,-30.92282,0.066990614
24.014778,-26.392277,2.4261866
24.870106,-24.375593,2.6657372
22.472454,-20.223364,3.20237
22.905296,-16.207546,5.994352
19.805065,-8.226024,5.15515
16.28515,-2.5865726,5.3753595
15.979285,2.1270761,5.489295
11.030778,8.656529,6.971025
7.557892,12.063992,8.199613
4.0524445,18.762945,8.678084
-2.3585153,21.808956,10.693647
-4.728726,25.406239,8.386593
-7.822519,31.435116,10.053376
-14.04572,31.846476,9.979078
-17.208233,38.19613,6.7520556
-22.695084,45.226593,6.5355964
-27.895042,46.864113,3.8424153
-31.402813,50.100746,0.005880287
-37.16369,50.955505,-1.3972955
-41.29286,52.192764,0.4271391
-43.314983,56.592598,-2.3377779
-45.651344,53.804974,-4.924912
-49.50707,53.375313,-5.933707
-51.840225,57.140244,-9.6351385
-55.029602,55.746243,-10.69134
-54.663967,59.46189,-12.560371
-53.05344,58.7551,-13.886499
-54.113922,57.00102,-12.927561
-52.980267,61.455048,-15.108177
-50.23217,58.344036,-14.715334
-42.093605,53.80477,-10.918236
-36.953697,49.9837,-10.214747
-34.31659,44.473007,-8.919017
-27.550894,37.4371,-7.9040413
-20.27006,26.882141,-6.9639173
-14.478041,19.305344,-7.0575557
-9.682478,16.987946,-6.74258
-2.7854922,10.494991,-4.52789
2.8323884,1.1338718,-5.6841054
11.585704,-9.080411,-4.761048
21.049797,-16.664783,-4.8891025
26.682035,-21.90652,-7.261523
33.954247,-34.637802,-5.862505
41.28155,-41.58182,-6.099244
48.816685,-48.321804,-7.4971366
54.54702,-57.569122,-3.883067
61.555584,-62.097332,-2.7460961
68.34237,-70.81424,-5.382068
69.72493,-75.803795,-4.599948
71.67251,-75.45684,-4.4484034
70.04002,-75.89403,-3.391195
67.85114,-78.18463,-1.351423
64.83956,-79.47208,-1.6847795
55.539967,-75.654236,-0.56950265
45.7641,-69.04393,1.0999981
37.15706,-63.751022,0.015859075
33.005997,-56.607475,0.5791788
26.761057,-53.691185,2.498552
18.299664,-46.712513,1.052299
9.418981,-34.53818,0.9386083
0.76436406,-30.13992,1.7163482
-4.4749465,-19.357882,0.9772489
-13.347194,-14.43853,-0.21546146
-19.874355,-12.031959,-0.3212857
-23.497519,-2.3000436,1.3197138
-29.195137,3.8426511,0.20874819
-31.26083,6.8668246,1.415257
-32.533222,10.317532,4.466502
-36.36778,19.326714,2.7743745
-34.22171,23.1867,4.7071657
-29.158758,24.389526,5.393997
-27.285872,27.956974,-1.388844
-22.081446,30.864576,0.08179885
-18.35132,29.140842,4.802512
-14.492182,27.442211,2.7031145
-9.966918,30.81868,4.808564
-8.221059,29.736982,8.349014
-3.3652866,28.667797,7.9498725
-0.067758456,26.295658,9.853503
1.9397393,20.631672,10.286714
3.805305,17.641018,9.61905
6.859557,13.449916,8.3199215
11.30835,4.1331596,7.2371464
14.902116,-7.298921,6.41914
19.263216,-18.158543,4.479097
23.226652,-31.62887,9.738626
29.795097,-36.40576,8.087415
35.526363,-40.728558,6.69055
37.417152,-54.51012,10.048773
44.130886,-54.34127,7.2473717
47.232765,-62.597557,9.240666
44.959797,-72.185356,8.385335
48.416992,-71.60884,10.286743
47.182446,-81.2117,13.273274
46.488018,-78.50983,9.909613
49.71452,-80.38185,12.339983
46.54528,-77.884476,11.27239
47.06987,-68.46133,5.6324306
41.72677,-71.22473,5.912407
28.627417,-63.524696,9.008732
25.82471,-55.114597,6.8994665
18.420794,-45.394184,6.1713758
7.653714,-34.519535,6.7134852
2.3403842,-29.187582,4.47396
-6.375563,-21.007812,5.8459697
-14.3183775,-8.483058,3.4525504
-21.373638,7.004424,-0.656704
-26.467323,18.623392,1.6519202
-33.125626,27.498417,1.6404428
-38.93482,35.169415,0.27106705
-42.234158,44.438187,0.18909912
-48.871655,55.375145,-6.9725347
-48.527195,57.24778,-4.7253156
-49.96573,59.468445,-3.3736637
-56.65653,68.28576,-11.217942
-54.16612,66.98248,-10.589926
-46.6653,61.470703,-10.894634
-45.94514,61.48708,-10.082485
-47.652233,62.50379,-13.410703
-43.309086,63.9952,-15.258853
-38.81391,62.309155,-12.215454
-35.717007,61.33228,-12.822065
-35.752415,59.219456,-8.666666
-32.509033,55.019188,-9.134126
-24.731956,53.251366,-8.100329
-22.252537,53.001972,-5.0584135
-19.350676,57.84092,-6.3931713
-19.801777,62.004936,-5.521436
-20.122236,59.968227,-7.573352
-15.262457,61.297684,-7.035328
-13.329682,67.42992,-3.8051162
-11.518765,69.443596,-5.830476
-9.686038,73.69469,-6.1994133
-8.93802,77.57056,0.5346501
-9.09376,80.219795,-1.4128195
-6.4522343,86.93201,-4.247853
-5.4429064,90.55227,0.026245657
-5.558582,90.92615,-3.7785838
-0.77378446,88.715706,-3.429989
-2.5452278,83.037674,-1.8055458
0.78875834,77.990944,-2.4795675
6.1915417,72.180176,-0.5341942
5.029946,62.32735,-1.3449345
10.394995,57.234238,-1.2046261
9.105599,53.95697,0.75428927
8.7715435,48.64787,-0.102233775
9.477874,39.736294,-0.9905225
5.595134,31.925888,3.1239786
6.0640674,30.19422,2.3242042
-3.8467875,24.89718,-0.59592086
-9.348913,22.017082,3.0554419
-7.9121585,23.747717,5.5759425
-16.590092,25.396412,4.302654
-21.377762,22.179283,6.1296144
-24.833485,23.976643,6.131756
-31.198103,32.45322,5.217832
-33.06399,30.014883,9.872562
-38.51937,31.28541,9.129977
-42.843414,31.614676,6.5012865
-43.43218,22.167974,8.711275
-42.248207,22.794727,7.7505574
-39.363506,23.281437,6.936716
-37.8349,16.871202,2.5505183
-31.548235,15.37494,-2.017394
-28.440351,11.370162,0.04221874
-24.98267,7.3084984,-4.384716
-19.973278,10.363194,-4.864843
-20.665665,5.7994604,-4.485381
-12.460757,-5.885648,-9.180389
-4.422147,-11.661391,-7.5914645
-5.720428,-15.906384,-8.928499
-2.8553011,-23.656004,-9.470222
0.57994664,-28.23108,-4.537773
2.944865,-30.51306,-3.4768107
8.855856,-29.952978,-2.8347392
11.92643,-29.835068,-4.070958
13.577989,-36.568024,-2.104722
17.48549,-40.59814,0.66407394
19.418888,-46.604023,-1.0480508
18.938826,-53.1673,4.158598
21.3002,-56.20484,3.3629706
25.651194,-66.87819,3.8677378
24.14701,-69.338394,7.4585576
24.268307,-74.06234,7.3081884
26.027477,-86.774765,8.911722
28.395372,-83.55253,8.239192
32.59239,-86.664154,5.1496987
37.78006,-91.60551,-0.9562475
42.542007,-94.02647,0.11326522
45.54378,-97.82453,-3.3702483
49.87569,-98.25396,-7.678452
50.903767,-107.321014,-5.4289823
57.867615,-102.03665,-7.644163
61.437424,-99.30913,-6.128668
62.977356,-102.51811,-8.211476
65.83282,-97.79684,-9.186196
62.691322,-99.00786,-6.9094944
60.191704,-95.95216,-6.438385
57.184235,-97.97252,-6.2018833
56.882694,-100.67973,-6.1001463
54.0719,-97.52512,-0.26818198
53.19855,-95.53887,0.06748885
50.710995,-93.20635,1.4497108
49.337288,-87.83832,1.9424243
49.431744,-81.05398,2.1263964
43.92736,-74.954185,7.776678
42.33684,-70.9535,3.7514024
36.25005,-67.6701,3.1776779
30.605433,-64.49603,2.880297
25.795958,-60.79203,1.7507212
22.81669,-50.322052,1.111941
22.688663,-46.998196,-2.6225865
17.320518,-41.937645,3.980593
19.444138,-32.819614,6.358628
21.966637,-29.98751,3.1885617
20.912506,-25.09167,1.7326019
21.501831,-19.552692,0.76875484
21.512863,-12.72475,1.426824
22.620262,-4.317169,2.4379385
15.1026945,1.31318,3.2486265
8.3367,0.69322395,-0.71735716
8.031028,5.8611355,-3.0744565
0.6759975,12.203849,-0.35961613
-1.15647,17.85151,1.3848643
0.9350924,25.134022,4.076907
-7.7017846,25.302776,4.516028
-13.016386,33.94439,0.43777296
-15.82195,39.32311,2.6595926
-23.867882,43.862343,0.5500137
-27.611334,52.04594,-1.0511253
-30.585054,51.403137,2.6842108
-35.226322,57.240448,0.06806588
-36.382053,58.650307,0.6774155
-38.310352,64.324524,0.41006145
-41.78076,74.415115,-1.2451448
-43.555695,76.97486,0.73673123
-44.99613,84.926796,3.3622398
-46.965538,85.99968,2.2404351
-50.377434,82.85215,1.5678703
-50.752914,86.29548,1.1021202
-50.677963,84.25751,0.19646543
-51.6395,80.80076,3.0712507
-49.791725,83.194466,3.2774096
-48.0122,79.79325,4.0761824
-45.36924,77.01566,4.6018596
-42.479122,72.73822,5.727373
-42.968834,71.152664,4.292702
-45.191696,74.71101,4.0534554
-45.741604,68.53622,3.6854062
-46.87296,64.32037,1.3128767
-44.25554,62.672646,4.6741185
-39.70656,62.8977,1.1544962
-37.656147,64.33671,-1.4841458
-37.206127,63.37561,0.177195
-34.28234,61.41798,1.094871
-31.87059,62.766594,-0.5070264
-40.400066,68.21982,-3.1408834
-42.339466,67.655464,-1.3840562
-36.71112,67.687004,-3.2067988
-37.96158,68.82975,-3.6981158
-39.525368,70.78248,0.08157483
-41.088367,71.89036,-0.72177815
-39.261196,71.75143,-4.3990717
-32.908592,70.68623,-1.1838903
-29.904253,68.74485,0.30137363
-29.963493,64.39176,-4.864477
-25.75851,52.73732,-2.2842178
-20.28073,46.521957,-0.21185477
-11.818765,37.400246,-1.760597
0.44241846,21.823957,3.1618133
6.344069,8.386949,6.107517
13.316125,-0.02965447,4.067439
21.329012,-9.048659,2.8734283
25.692703,-24.608294,2.187566
32.24534,-31.809095,0.45864278
35.822113,-42.867653,1.8437585
35.476036,-51.642696,0.70407516
41.92977,-53.011154,-3.0945394
44.49227,-63.37173,-2.2543023
40.312836,-61.462162,-2.5987277
39.103935,-60.94897,-5.4455976
33.775875,-63.57469,-7.172241
31.053629,-58.06871,-8.432235
25.965258,-58.807823,-7.496899
16.724487,-46.395508,-4.6489816
13.732784,-41.89873,-8.704783
12.852085,-45.613853,-9.344832
14.660124,-30.327417,-4.9909916
10.878888,-30.031479,-9.057193
8.704264,-30.695826,-10.954448
10.358822,-23.754686,-7.2013106
7.540821,-25.173424,-7.2619205
10.037779,-22.705763,-6.0537014
10.901295,-24.873121,2.2960858
9.767832,-21.309595,0.929381
12.516981,-21.283216,-3.1666393
16.350649,-32.516747,-0.5242347
19.805557,-37.39835,3.7193146
24.296814,-49.566605,9.072523
30.707697,-58.544,7.387226
40.24059,-66.10365,8.192583
47.493862,-80.82768,8.626654
52.04343,-87.81755,8.656396
59.825207,-91.45133,9.346699
59.686043,-97.580315,5.243026
66.32171,-105.57731,2.995465
71.10146,-107.691315,1.5591166
66.21514,-109.573975,1.3362164
65.464264,-108.80318,0.5411116
63.32861,-110.69021,-1.509078
67.345406,-111.69518,-0.9426823
66.43257,-106.89812,-0.3131287
61.99195,-109.01633,-3.7636874
57.2789,-98.54794,-3.7533321
48.652584,-89.85147,-0.70674646
40.338833,-83.4518,-0.062057186
30.212578,-67.38072,0.40571994
18.54867,-52.861595,0.86816585
8.291858,-38.142193,1.3103101
-1.9499785,-19.277866,1.651945
-19.524939,3.6189418,5.096684
-29.845474,17.866848,5.666034
-45.076065,34.64101,3.5578551
-65.52846,54.333862,4.2655973
-76.660416,65.78083,5.49657
-92.937096,74.640724,7.028591
-102.21754,90.96828,8.88432
-110.6,104.64699,7.993313
-119.25056,108.9049,2.4043102
-121.27899,118.342766,-2.1003244
-126.41939,126.86532,-4.1363177
-127.511856,125.235596,-3.497155
-127.44016,120.92658,-5.814336
-121.38562,119.019905,-8.78624
-115.92187,111.36269,-6.7071056
-111.63715,101.65917,-9.356521
-99.780304,91.78347,-13.018357
-92.63682,81.74273,-12.161738
-81.12648,69.06179,-9.345755
-70.28013,61.048653,-8.670796
-58.465717,56.402752,-8.567889
-43.84175,46.441475,-8.640463
-34.640232,40.78922,-11.073751
-24.672535,32.54239,-6.3230033
-18.707829,31.686865,-5.1085906
-7.485384,32.741493,-10.391419
-3.221954,28.451517,-3.9190772
0.32873043,25.806786,-0.7290143
11.84026,21.349178,-4.5760107
13.493985,20.855059,-3.411088
21.141817,18.909494,-5.273131
24.838415,18.442898,-4.5962043
26.88585,13.627907,-2.6936443
37.250908,5.8311963,-2.134752
42.39971,2.0611043,1.7299559
47.978474,-5.303436,2.335839
49.389446,-13.45644,1.4694151
53.012215,-19.182371,0.92144495
62.100025,-24.52215,2.462689
66.89408,-37.012825,2.8070135
75.37916,-46.129486,1.9161279
78.93393,-48.91613,5.1675086
84.445335,-56.471,7.1264787
94.577034,-64.64223,9.364252
93.401115,-67.00721,10.51218
92.75022,-64.07664,11.8016
87.86335,-63.399754,13.82044
83.3397,-62.132977,16.353151
83.26329,-62.22358,19.951527
77.38985,-59.243595,17.53575
70.5796,-51.32414,15.528655
63.25304,-48.085003,10.699208
55.26604,-42.331295,4.5189567
43.77787,-37.51053,6.4757514
36.133026,-30.62142,5.8631263
29.109484,-25.159456,2.5664632
25.049067,-19.302721,2.2378194
22.66224,-12.915006,0.22583792
14.284193,-12.063422,-2.220666
16.711645,-6.279951,-0.11813063
15.374433,-7.7630796,0.7929354
17.629143,-12.380841,0.4252674
24.769287,-14.719566,4.1380124
22.443336,-21.390465,3.498579
29.07401,-26.794039,3.5130816
31.445229,-33.48668,6.666893
33.414974,-40.054,4.9783607
37.513847,-46.12814,4.660887
39.6867,-56.16233,4.5598745
42.97214,-60.79225,4.092679
36.817795,-59.391975,4.074251
36.49835,-62.208534,3.608452
37.923935,-63.564228,0.509909
33.454063,-54.901928,-7.088095
29.173193,-50.986794,-8.707098
25.026827,-51.415035,-7.724457
18.299953,-43.10777,-7.101848
8.922332,-39.021786,-6.0556755
8.578636,-31.019114,-7.877068
5.7702746,-22.279945,-6.9613724
-2.8800294,-15.802018,-9.047632
-8.938868,-2.0209157,-10.2518635
-18.034668,7.8857327,-6.6395097
-26.46986,17.681437,-6.439874
-35.331356,25.596392,-5.111746
-48.136883,39.141476,-4.383223
-59.75349,55.042538,-5.9258585
-67.69021,63.39798,-6.5791984
-76.95419,75.495224,-5.3405213
-83.95634,86.61782,-4.422514
-86.60698,92.919716,-2.8285377
-90.99204,100.5802,-1.5926375
-95.584145,103.6733,-3.6268494
-96.50538,108.645515,-4.204585
-93.27875,114.14887,-4.664185
-90.7255,107.3296,-5.9640174
-89.23911,107.667496,-7.2959785
-84.42237,103.98849,-6.1221366
-76.13198,94.4349,-3.2491891
-70.451805,87.47568,-4.1297727
-65.374626,75.02067,-3.6260452
-55.40168,69.41019,-3.676493
-45.31729,52.103336,-6.7813897
-38.810234,40.80247,-4.465012
-30.205206,40.512325,-6.833034
-22.735174,28.02204,-10.595885
-16.609673,27.242552,-10.108955
-7.8352304,20.447462,-11.590695
-4.1129894,14.283366,-7.7361364
-2.043019,20.640005,-7.9171834
-2.906977,15.910905,-10.893983
2.261634,10.936983,-5.214076
7.13139,7.847766,0.26184162
-0.14423114,6.849118,1.0344471
-1.6492586,1.2802252,3.5884802
-8.144048,-3.1482623,5.741108
-11.661684,-2.204869,6.767613
-9.159466,-11.83676,10.75903
-14.930724,-15.068254,11.689444
-16.522625,-13.743802,11.642002
-15.327437,-15.730822,13.840801
-15.184979,-15.125041,13.545422
-17.37867,-13.053447,12.211948
-13.424021,-10.308294,12.438438
-7.472595,-9.175887,11.682744
-5.5126047,-8.70095,8.354915
1.8523619,-10.220854,5.315808
7.5366435,-9.619861,6.415286
9.251707,-9.273879,5.8801436
9.961563,-10.564603,3.7013733
14.842149,-8.987787,2.970357
16.946568,-12.228414,1.3672475
15.836929,-14.888038,2.0475373
21.640015,-13.111225,-0.10417476
21.101711,-17.316725,-2.1991425
18.987432,-18.4141,-4.4324193
20.021103,-16.701662,-8.167716
20.962643,-17.094082,-3.3204408
26.571505,-15.928766,-0.67122316
29.382729,-15.780802,-2.2510133
29.912489,-15.759079,2.9514735
29.359455,-14.01411,2.9730337
26.827133,-5.6631465,1.5052482
27.987043,4.2567,6.2578015
26.88129,2.4342458,6.602857
22.092054,4.0406117,8.423554
20.853289,13.477692,9.456842
19.258156,18.217758,9.556001
20.07897,21.064802,9.728409
19.622507,18.318382,7.121982
16.322222,14.918509,7.3580856
19.877832,14.109902,8.22575
18.327438,10.924799,10.057029
19.95824,2.5308664,8.059394
24.13333,-0.49937657,5.82764
24.61775,-3.2246766,9.739663
31.32074,-11.06265,8.789916
32.563473,-9.097393,8.766114
31.585632,-14.19116,10.986759
27.549543,-16.120401,7.3306804
22.851469,-9.902493,5.948036
22.573183,-12.128352,4.4102993
18.697287,-7.556383,3.6307814
14.13269,-0.06062439,2.0586483
12.88164,5.8867254,-1.5448574
5.3494563,9.856163,-2.4593594
-2.7712336,18.594156,-4.080339
-7.302054,27.844137,-4.3030176
-18.98033,32.36456,-5.158173
-22.711912,40.747974,-8.739862
-28.864792,41.607628,-11.750459
-40.515057,42.1606,-9.953593
-45.001373,43.829197,-10.85943
-52.096695,45.468296,-13.561997
-53.4888,42.446827,-10.569087
-55.583942,33.10953,-10.415774
-57.30136,30.340977,-11.908702
-50.32073,22.59618,-12.76276
-45.252316,10.40216,-11.619077
-36.5398,3.4185326,-7.6305714
-25.126709,-10.165763,-4.3178644
-15.352694,-22.47541,-4.8550277
-5.74463,-27.641445,-7.155969
2.6128497,-40.92883,-2.5511076
12.103077,-51.68606,-2.9893599
21.203335,-62.307827,-3.4548054
29.834564,-74.891594,3.8345168
42.844345,-85.24567,3.879646
51.54186,-89.9397,-0.6735589
54.573765,-89.91854,-1.8729411
63.408585,-107.033966,4.536564
66.033615,-110.578026,5.967526
66.177246,-105.143616,0.14705326
68.70476,-108.67677,-0.44418037
64.08131,-101.36128,0.78081465
61.43047,-102.082466,1.4677752
57.14292,-100.50786,0.10020241
50.543373,-92.72986,1.4652131
40.770412,-87.31077,4.4960866
29.58853,-80.34028,2.0189412
20.940132,-72.66264,2.1700149
11.637988,-59.56537,2.6380827
9.396288,-53.205505,3.2697766
3.6562111,-47.895393,4.8164897
-7.615928,-32.63028,2.2485833
-15.373081,-21.784338,3.9161391
-21.737787,-11.73938,3.9854884
-30.917522,2.5817063,2.169427
-38.85886,9.247518,2.8018684
-37.410847,15.954254,0.9732155
-41.105343,22.087572,-0.7378112
-45.596783,22.519232,-3.772388
-46.53952,32.273846,-1.1537489
-52.612244,45.68412,-1.6115226
-53.777794,52.95246,-4.8440437
-56.18981,60.149433,-3.081215
-62.278336,67.6679,-6.984487
-64.81927,75.82221,-8.747891
-68.626335,84.44915,-10.3271885
-70.94033,93.35981,-12.111135
-70.031075,108.08601,-11.576201
-73.04834,119.42924,-11.812552
-77.765335,122.995346,-12.142813
-77.953415,129.91988,-11.656522
-70.122574,131.86067,-9.160618
-65.6864,131.2083,-8.15195
-66.23735,129.49059,-6.440931
-63.10707,124.267784,-5.9572477
-59.863823,125.86955,-5.016686
-51.396698,118.18403,-1.106374
-43.34508,106.81791,-2.5578332
-38.596935,101.5062,-5.6220665
-33.65798,94.002174,-3.2169106
-30.984552,87.5386,-1.853341
-23.329956,76.9565,-1.8351818
-16.022814,63.301643,-0.10287419
-9.812794,52.195698,-0.39037776
2.7320702,39.354893,-1.8879929
16.909883,18.795612,-1.6522443
27.33618,1.2347625,-0.8352916
38.905704,-15.93976,-1.2728906
52.964558,-35.315823,-0.9615319
63.965855,-49.457138,-1.0137405
77.883286,-65.97268,0.5518269
85.760445,-78.703354,0.45506734
91.76923,-90.958145,-1.3471768
99.670364,-103.305954,2.9565682
102.782135,-109.78451,2.5290048
110.83351,-117.41955,3.575733
112.973625,-117.35352,6.585273
112.28154,-118.1296,3.6312747
112.40455,-119.855316,3.8627448
108.60055,-115.56811,3.8703167
109.3873,-115.640816,4.563798
103.856026,-111.04751,3.4425478
92.24837,-102.50139,3.9004369
83.8956,-97.75317,3.8494384
78.85203,-91.67824,1.2411281
70.76301,-84.135506,4.6470404
59.280064,-74.20897,4.161824
53.467537,-63.220203,3.2785256
48.07173,-61.019157,3.1205964
41.8942,-57.135628,3.7328372
38.41561,-49.96004,4.95108
34.4197,-51.09655,5.270395
27.878305,-47.168953,7.853945
24.214237,-44.247902,4.7824388
21.044645,-48.496414,5.8429875
18.374119,-42.120007,8.7835865
20.559488,-40.412655,6.6025577
18.012224,-41.53334,5.49352
15.742767,-35.98863,6.138558
18.566393,-38.962345,8.091534
20.14652,-39.767323,5.075331
17.492031,-34.797276,5.7909293
14.216514,-33.793137,7.8597994
11.135002,-35.16609,9.068107
4.2268014,-31.684134,11.770544
1.9257258,-24.05547,9.010234
-1.592284,-24.383457,10.436439
-5.201407,-26.534815,8.809616
-8.495353,-22.918344,7.711705
-18.0951,-23.00303,10.167614
-23.36599,-21.844057,6.658379
-27.696388,-24.08756,10.870351
-31.32864,-29.155886,11.322088
-33.609955,-27.426147,7.564658
-38.683662,-28.913204,11.92827
-42.738358,-24.629625,9.36726
-42.677174,-22.621075,9.057802
-39.948772,-24.946424,13.51351
-41.998802,-18.296661,10.294368
-43.351315,-19.90133,7.895491
-43.506783,-20.881138,8.637648
-45.146038,-13.536594,6.574871
-40.6387,-10.576636,3.9233859
-38.272354,-4.052925,2.076221
-42.078407,6.1424494,1.4567462
-41.51866,11.815043,1.8828926
-42.980762,19.16169,-1.5154504
-47.144684,29.299438,-3.1878586
-43.20982,40.02931,-3.7481537
-46.267857,50.372334,-6.659021
-53.048042,64.47172,-6.147047
-53.542778,77.57985,-7.4914193
-57.41881,84.7075,-9.379449
-58.617985,94.6834,-9.587654
-59.71962,101.25276,-10.08477
-62.274494,109.413536,-8.620435
-63.755688,118.50838,-9.962068
-67.75715,120.79367,-12.716269
-67.81378,125.23107,-11.770876
-67.91188,133.37396,-9.064018
-67.115974,141.35143,-10.782672
-62.319836,145.86633,-12.225718
-60.980686,151.51347,-13.220743
-59.13558,152.0113,-13.041028
-54.951523,150.05002,-7.7374516
-51.641514,150.876,-10.697665
-48.735996,143.42369,-13.580359
-45.69051,137.49663,-10.800178
-44.369,129.60547,-12.621961
-40.561367,120.1716,-15.400193
-34.302097,113.478584,-16.309885
-28.73196,101.22091,-16.494738
-18.63264,90.08561,-14.6954975
-11.411768,70.99781,-14.810455
-6.1685104,55.59336,-17.839334
4.486417,46.964233,-14.726773
15.205485,32.36252,-13.626441
24.266481,22.35842,-16.546091
30.609266,11.87665,-15.6176195
35.804665,7.307017,-11.550229
43.14406,2.1148062,-8.090741
47.29347,-7.422195,-10.270591
49.847923,-10.330726,-8.234592
53.66075,-18.155342,-2.9947531
53.495304,-22.372179,-2.9069095
53.62537,-22.697483,-2.19343
54.229004,-24.006283,-1.0076323
51.656162,-21.782812,1.9260523
47.856945,-25.687225,2.1534836
47.251614,-26.494604,-0.3671926
46.38139,-25.134129,5.4408374
39.83369,-23.2627,5.179631
32.523087,-17.44654,5.321544
28.810572,-18.663498,9.900167
28.870525,-20.396456,9.118273
25.08885,-18.120796,13.964829
22.762547,-19.898651,13.543412
18.722006,-25.401453,10.885004
12.419006,-26.2462,11.89504
14.026694,-31.536427,12.590388
12.379181,-39.33342,10.464365
7.78349,-40.08581,5.9414787
2.6038198,-43.777412,9.012283
3.5765023,-51.419937,8.256118
3.7868629,-53.870422,3.8105772
-2.4943147,-48.361504,3.9735327
0.742533,-48.510445,4.4648786
3.0286005,-53.337894,3.9135048
1.1673737,-46.495495,-0.65916365
0.6821512,-40.399525,-0.18183786
-0.6744935,-36.631966,0.9455796
1.7851844,-28.994793,-2.8570118
1.904345,-26.955738,-1.5275322
-3.9415717,-21.987411,-1.6305903
-7.0538583,-12.667941,-1.1971076
-5.697911,-7.2091866,0.77163255
-9.3152275,-8.753568,2.0864122
-15.310621,-10.137542,2.264994
-16.424255,-1.7871209,2.7847998
-19.303345,4.698805,4.863396
-19.333958,2.4557078,3.9947865
-17.408901,1.6211642,6.443659
-16.308277,0.3425508,5.340037
-17.606562,0.7092706,3.571301
-20.691393,-1.0312008,2.9243424
-15.789237,-5.730432,0.4923882
-16.554445,-6.121486,-0.27854997
-18.402695,-7.4629006,-3.6130402
-13.961324,-9.583787,-5.011582
-15.464033,-16.29365,-5.610664
-13.431094,-17.343126,-5.158199
-12.374678,-25.296255,-5.14548
-14.4717865,-33.108883,-3.5542717
-12.464063,-29.257305,-1.9519655
-11.562086,-37.588947,-4.7486825
-7.049106,-42.55776,-6.836483
-4.11976,-44.71448,-4.3916125
0.45021638,-50.071983,-0.7616524
10.914549,-56.789753,0.7008067
17.861086,-64.964134,5.589745
25.684656,-69.70306,9.519352
32.00791,-72.39464,10.848624
40.898956,-71.44043,11.244393
51.2053,-75.31383,15.740843
53.97283,-78.87838,22.198414
55.710068,-78.13894,20.826971
59.09209,-77.38059,19.990814
60.7415,-77.661415,22.98758
55.74525,-72.4391,22.395926
53.876266,-67.00069,21.309443
49.904827,-67.98888,22.267727
45.887005,-57.643246,21.71232
42.890713,-49.631958,20.387678
31.885021,-40.424088,14.981883
27.659409,-28.04549,12.277726
19.574398,-24.38888,11.871619
10.099236,-13.549732,6.679752
6.3888464,-7.8422017,9.528864
1.0496019,-6.0462418,8.623835
-7.112267,4.512416,2.1699374
-13.574527,13.216669,-1.9745647
-14.2697315,14.595686,-16.415833
-18.945957,17.41371,-37.807117
-29.264265,23.133493,-61.275627
-43.27373,28.364307,-67.09739
-40.876064,44.631786,-47.697414
-12.307147,53.45698,-3.573762
18.438112,53.129665,63.699303
38.64622,57.712883,122.911545
37.225456,65.900345,152.6956
5.051018,78.61469,141.48216
-19.666084,74.87497,85.70499
-16.110634,75.09737,-0.56449264
-13.68244,86.20695,-79.63052
-25.999126,91.36984,-124.47857
-45.98974,79.0141,-133.11937
-46.342766,58.996452,-99.04987
-31.797888,64.31124,-40.899426
-20.529764,73.84968,1.7799776
-11.598482,95.29793,22.822924
-22.68992,107.19178,28.697931
-36.142628,73.35309,21.080275
-49.01236,12.623029,16.628334
-68.05416,-47.41328,8.27948
-63.18691,-44.195816,-5.204407
-35.25994,11.406715,-17.233778
6.6528,71.00774,-34.848473
39.209377,103.18306,-53.61948
44.471985,82.211685,-65.02315
47.979023,34.72254,-43.82777
53.105553,-16.559412,3.5845523
40.49957,-53.360924,41.550507
17.38677,-81.50792,36.835114
11.181948,-99.504326,-16.150211
10.0414095,-98.46895,-70.824
-13.938583,-98.01461,-97.29898
-37.48753,-80.8218,-87.62342
-31.659124,-60.726315,-41.563297
-4.852316,-60.489002,6.6805315
15.60946,-48.507782,31.65631
23.885996,-33.612064,32.210865
23.397598,-28.50693,11.338735
26.647717,-39.426365,2.0763602
40.974022,-80.46861,6.361127
46.640106,-104.12964,2.3733425
45.714806,-94.40918,-7.89102
41.779476,-87.838806,-28.683008
44.84013,-98.70248,-43.133713
52.476765,-109.5482,-44.340855
39.41956,-96.06031,-39.834335
23.68423,-77.83068,-31.745852
13.820763,-74.266136,-16.82098
-8.56084,-73.24109,14.291978
-34.94841,-59.48844,36.84864
-47.27962,-37.059113,27.001577
-35.280663,-34.85095,9.277634
-13.347388,-55.240776,9.083066
2.632858,-84.8584,8.478097
3.747622,-96.58483,-2.5617447
-29.717487,-45.93588,-19.82357
-62.85656,9.807589,-26.83562
-51.40758,-5.004254,-2.3237233
-12.7427845,-42.783066,20.787945
18.206682,-52.285236,15.670304
20.172733,-38.146637,-1.473743
-1.5965532,-3.6213248,-20.052967
-30.009338,45.08192,-27.561127
-32.91945,61.28684,-13.470847
7.648638,12.425432,12.188169
51.5539,-43.859737,39.91621
58.604977,-54.106857,54.10173
42.931015,-14.33461,54.537495
39.314995,44.949596,49.665863
41.33612,68.74151,42.456993
31.320452,63.129795,45.240284
23.008097,54.415966,35.901146
20.542988,45.8714,11.04789
18.615152,37.524902,-9.612903
5.9023614,43.544632,-25.246141
-14.304449,74.282234,-25.956078
-20.838375,110.299644,-9.065732
-16.852028,132.16025,16.487427
-2.5117333,120.19435,39.71032
3.7716062,98.88602,48.375023
-7.298299,82.48796,41.125988
-18.17565,69.62749,35.080338
-37.504837,80.62188,30.214777
-58.18516,99.5684,13.9692135
-65.16494,111.1404,-1.6139876
-53.125717,117.68233,-1.9776003
-22.664198,140.74574,10.905206
11.076069,168.44228,33.71023
22.837147,169.24081,52.4533
-7.8172336,150.74902,37.09381
-47.92758,109.43231,7.9834876
-77.347404,69.76669,-16.027748
-103.461205,77.53634,-41.698666
-111.63699,121.759895,-44.783073
-99.28858,153.80804,-26.080397
-61.8738,157.93875,6.8399076
-37.13499,157.90756,36.242325
-56.259613,148.20702,41.76257
-92.26119,125.11618,27.420362
-120.82702,86.986885,11.895078
-106.32195,48.025646,8.973473
-62.220997,40.880474,3.0777662
-22.910292,44.65176,-0.7928868
3.281563,47.65369,-6.213557
5.1658278,47.768017,-16.088356
-9.7883215,41.73971,-20.74257
-36.11153,29.312658,-29.259756
-43.37268,10.745764,-32.178017
-17.225542,-0.85128504,-22.531815
7.933487,-19.984753,-15.795485
18.124332,-35.25316,-17.826202
-1.6323286,-43.1659,-20.652584
-42.78482,-56.27651,-26.966269
-64.696106,-54.018425,-31.395452
-67.20487,-48.34403,-27.172993
-49.56547,-41.969566,-16.823668
-7.661149,-48.903545,5.0821195
43.25699,-74.5772,23.910124
87.38458,-75.11815,24.257948
91.57275,-55.300034,4.7445483
60.601463,-38.33761,-29.745184
24.574482,-24.17351,-63.94163
7.6444297,-11.718382,-80.03307
25.33524,-24.412361,-63.19201
65.00747,-70.624405,-22.457838
114.1606,-120.353714,16.956861
145.3318,-139.52652,36.71747
137.51915,-117.68951,32.739525
101.610374,-81.06551,12.34322
54.98608,-45.37223,-2.3388681
11.294357,-22.789053,-4.489021
-24.22064,-14.810643,-1.3502603
-51.64291,-26.121964,7.0252333
-54.277954,-51.111965,5.11495
-24.738516,-68.66682,-6.719837
18.963848,-76.103745,-20.955252
65.47298,-69.09073,-33.571007
97.57185,-59.78924,-33.345654
116.06241,-55.395493,-15.403342
114.90271,-67.50204,10.534674
83.3495,-91.38391,23.479774
36.57219,-108.821175,21.435755
-14.003587,-117.73193,8.863198
-30.905,-116.18439,-1.7505926
-9.013365,-92.4356,-4.55295
20.652084,-45.36621,-4.681502
44.06769,-16.108551,0.79878575
44.954227,1.2019051,3.208229
24.595644,12.534981,2.0530703
-7.246491,13.785109,-4.36908
-30.73943,33.44959,-21.924423
-34.087696,50.355583,-33.060894
-15.929231,37.60592,-27.86637
23.643068,-1.824286,-7.813163
59.50313,-38.833565,12.287674
70.91204,-51.070053,25.854647
64.52247,-32.20357,37.62958
58.037598,10.548068,32.261715
47.80374,35.29119,25.739899
37.217407,44.750275,23.835249
20.144266,57.51985,22.587845
-9.613253,52.291454,29.260437
-29.36036,30.794306,27.910337
-40.72619,6.904961,18.413235
-30.81089,-19.422935,1.0584718
0.11613496,-42.29582,-9.963751
31.328993,-55.105133,-6.77078
55.822582,-66.74943,-2.3358295
47.855915,-71.32557,6.994551
18.781681,-53.616905,13.228291
-17.615637,-15.733394,13.698512
-50.15042,29.795273,12.905814
-59.272682,60.608894,10.3921795
-61.479774,80.00928,6.9234467
-58.816563,78.652695,0.47574908
-55.404915,47.631058,-1.1654363
-53.79912,16.642336,1.9603305
-46.848366,-5.162725,0.22598372
-42.840767,-14.718289,-1.7637124
-49.92954,-12.447506,-3.0704975
-50.57923,-6.5142517,-7.8501763
-40.536392,-1.016052,-9.970675
-31.970764,-1.555906,-5.378801
-23.371914,1.2664138,2.5964658
-31.991081,-6.1670985,6.752265
-44.92517,-22.41594,10.71091
-55.497604,-17.529757,6.82981
-61.048176,-0.8569674,-2.0635757
-41.306713,13.474683,-1.7048768
-14.96062,5.6523857,-4.3140244
-3.9349618,-9.688056,-4.473826
-19.886816,-18.227575,-3.8678231
-42.744606,-29.25535,-7.395145
-49.0848,-44.5027,-7.7363157
-38.91574,-70.92453,-12.913121
-15.100626,-73.25745,-17.156511
15.556253,-53.196434,-15.464729
35.902233,-26.01723,-16.613573
31.56738,-7.1217923,-15.303875
12.093463,-9.593926,-12.80181
-13.0638075,-8.437264,-16.942814
-26.267185,-18.304916,-19.777779
-27.37017,-39.896385,-17.230995
-17.059689,-67.977394,-7.99692
10.835918,-98.876884,4.1726756
31.809376,-108.978676,15.100567
52.238575,-90.00297,19.910711
69.97052,-45.938694,17.818369
74.75902,-4.690386,13.063199
60.02179,31.826864,4.8557534
27.73581,63.509815,-1.0790049
12.352898,75.6576,-5.018426
1.6680565,73.60475,-1.9928242
-1.9568807,59.315342,4.0606203
12.013297,36.454094,10.182181
23.696594,-0.18453531,16.536655
34.043022,-27.761509,16.839952
37.560246,-37.6246,12.795893
27.675758,-30.496662,4.6377563
15.683952,-11.161199,1.4067383
17.399103,-4.367677,0.76465946
29.162174,12.322753,3.780685
33.23666,28.200321,5.535499
35.92563,36.42439,0.99275964
47.719353,40.80964,-1.3933403
59.448414,38.776398,-3.1749182
65.19327,45.586266,2.6377609
57.769905,53.145935,2.9880228
41.817543,56.45247,-2.1544995
23.719704,46.772366,-4.3520412
4.2382455,38.740063,-6.749362
-6.2754025,30.798632,-3.0009234
-19.363852,19.63623,-3.9387045
-29.750921,13.231804,2.8496153
-34.67101,5.981685,12.201021
-43.15944,18.829676,7.83658
-38.014927,26.969616,8.099382
-28.207129,29.629845,5.285809
-16.659771,49.18989,-5.2937913
-3.103849,65.97368,-12.039221
-4.492793,79.886665,-13.762867
-19.77099,87.87545,-7.182968
-32.7956,83.39685,5.597731
-35.43245,81.32242,14.581682
-37.24725,89.69703,15.732529
-30.813812,95.84539,9.488345
-22.967564,103.035805,-0.37547824
-27.503794,110.023575,-12.883752
-44.17271,108.91425,-25.390627
-56.48745,91.22529,-25.878025
-56.87179,56.371082,-19.488613
-60.115734,26.531775,-9.608325
-58.72103,5.811701,9.640184
-59.37906,-2.8495328,24.882145
-58.27273,-6.653497,31.25599
-48.778557,-4.0012107,31.758186
-35.36908,-4.5380335,21.289368
-24.622454,-11.171877,2.7415152
-15.784148,-11.801461,-12.579761
-4.8749027,-28.287281,-19.611837
-5.376367,-31.018314,-24.847582
-8.808815,-17.772085,-23.497871
-18.116337,-1.0730234,-10.124619
-19.561586,22.41258,0.90936995
-21.632418,30.421082,7.50635
-29.71408,31.069546,11.342385
-25.919271,27.40915,6.6585946
-31.78089,17.008686,1.1458501
-24.05022,4.075921,-4.4553833
-3.5144517,-9.571369,-4.102041
13.666606,-29.315434,4.913118
29.414371,-33.96951,5.2893066
27.018822,-25.844393,3.8809006
22.39112,-18.401005,11.849624
18.637674,-0.10067406,11.863992
14.213724,4.242641,6.449604
28.790318,4.9140697,5.320604
41.023567,0.9838557,-7.4742694
46.989292,-12.586112,-20.910313
63.115448,-18.74417,-27.444023
70.0825,-32.961025,-36.45972
80.242645,-48.573685,-32.59216
91.57818,-62.81532,-16.509783
95.34122,-78.227715,-0.4656965
102.08904,-93.97519,18.05532
92.38366,-103.310684,31.192867
77.40549,-96.89642,31.921097
70.821976,-91.138374,27.79964
61.9999,-94.8783,18.464521
55.94065,-96.04613,6.0497866
47.529163,-88.33958,-7.3819733
33.162228,-75.37928,-17.06904
25.592943,-64.30546,-20.914103
23.786503,-64.250114,-23.779985
27.087696,-70.12796,-18.13244
28.739563,-66.64009,-13.009862
26.58278,-52.745033,-4.154454
20.919243,-33.32276,7.563402
15.117908,-17.734322,14.591535
14.426958,-16.988642,28.969315
4.494547,-19.592848,34.17462
-4.6678076,-15.613438,29.062712
-16.20104,-14.979954,14.649114
-28.60309,-25.074394,0.47185853
-37.890102,-20.862375,-4.8717113
-46.530884,-20.92694,-11.096719
-36.687664,-30.888805,-9.5785885
-24.916096,-24.807398,-8.521483
-15.637019,-28.6164,-11.546941
-6.2950783,-25.359941,-13.113256
-5.597315,-17.371832,-16.017838
-3.8779078,-11.962047,-23.107866
-8.079617,-0.9255056,-23.816416
-16.554235,10.198267,-18.120995
-13.258715,14.102182,-10.169745
-12.0959835,-4.695689,-1.8468118
-8.938794,-18.274977,0.9570146
-9.520506,-34.18616,3.4998865
-20.40762,-40.782772,-1.7847463
-21.782309,-38.992695,-11.588982
-33.396385,-44.24481,-19.362007
-39.955208,-25.209944,-24.24285
-47.552757,-11.790486,-22.004093
-61.77779,-3.670493,-14.729543
-55.679047,5.301911,-2.6732666
-52.358986,2.3183796,9.746636
-38.232914,7.6109185,13.963613
-26.784567,16.247087,12.666362
-29.081343,28.282795,11.703588
-22.192747,50.859745,9.032129
-25.994997,66.49659,10.633841
-31.42027,84.42214,11.405308
-28.83323,105.97784,12.001064
-33.576725,115.79929,15.320271
-35.116947,121.10352,15.47276
-39.75751,112.90905,18.919613
-48.736305,102.19737,23.920542
-48.51687,94.46893,26.313282
-50.978413,78.85485,21.247652
-43.93159,57.84571,12.959203
-39.743008,32.23334,2.4741516
-36.281143,5.576348,-8.043691
-17.588284,-13.105679,-10.552074
-8.0134735,-31.743053,-11.790498
9.650675,-42.207767,-9.056251
31.350672,-29.300682,-1.6520969
38.99361,-24.966105,5.034422
48.11553,-17.259552,8.158221
51.29418,2.0518851,8.031991
45.77642,0.64528733,6.746368
34.389957,-8.571445,-0.7361301
8.112191,-13.808033,-6.2364106
-13.498521,-19.929672,-6.250256
-23.913927,-16.13925,-8.004237
-22.658478,-11.711394,-0.07558104
-8.861812,-10.398487,10.326959
2.6006687,3.7963443,11.861014
14.541869,25.904457,15.175103
10.880803,47.97115,13.303707
-2.9301355,62.15947,8.660042
-25.193974,80.445114,4.325166
-53.60477,100.37814,-0.7897116
-64.3465,106.90741,0.16156657
-71.52117,114.114426,-0.13413417
-64.42796,122.68132,-2.1959195
-56.388134,127.53857,-3.5931282
-54.077568,123.920006,-2.1621118
-51.27492,119.02312,-4.593623
-58.907696,113.79434,-5.742588
-45.931717,92.13965,0.10642375
-36.573547,74.840775,-2.8912506
-30.974068,61.734905,-11.554328
-26.05613,52.9283,-25.497723
-30.445534,51.18235,-37.146328
-12.456585,40.85936,-40.760662
-0.6041719,36.561527,-44.612705
15.714706,35.81082,-40.582966
37.283825,32.527832,-27.90755
49.041412,18.857315,-12.520384
63.714157,3.6332662,-3.6814542
60.975746,-13.203501,1.886964
56.71412,-27.7076,5.897615
45.281948,-31.157568,5.1944065
27.13645,-41.478687,0.5261656
23.017054,-37.2099,-3.1291177
12.760528,-41.217506,5.095675
14.425843,-49.2738,6.421532
21.822008,-41.133156,4.480718
20.559639,-43.03766,4.644728
29.454275,-35.778763,3.731003
33.66471,-35.158047,9.382457
37.61122,-38.17267,5.0437613
43.179035,-34.09854,0.9481417
43.157536,-35.993343,3.4403648
50.116978,-30.606014,2.159124
57.509895,-35.82908,6.338585
62.16801,-43.474094,8.644887
63.76306,-51.28039,6.552124
51.60637,-72.38536,8.248977
40.50847,-87.84179,9.067274
33.071514,-95.8534,7.779654
29.172686,-108.797035,4.786828
36.529434,-136.05028,3.0369658
33.144604,-144.18912,0.99832135
33.050167,-142.60052,-0.08639425
45.073154,-155.8627,7.157906
47.81849,-148.26924,14.950597
47.256386,-128.66614,21.00596
44.774693,-99.26713,27.290081
32.429863,-67.76971,24.647379
20.766233,-39.296814,22.290028
19.811356,-15.621792,23.592003
9.858019,-5.645852,19.064194
-3.0053937,-1.8125522,18.296083
-7.779371,-13.85848,14.98934
-11.443237,-18.575014,11.35235
-4.2070384,-16.469576,11.237029
-0.67545563,-6.962398,7.1295714
2.1712,1.2713947,5.1363153
8.895048,3.9795916,-0.026391828
14.946273,9.686143,-3.0172827
18.64864,-0.87931544,-0.19216807
11.000581,5.0607877,0.2777898
5.365925,16.137566,3.5101497
-0.32872742,13.493611,10.327578
-0.27104142,12.688757,10.980961
6.4435935,4.44711,9.2829
11.806386,6.690103,7.8772354
13.575847,16.581701,1.5957762
12.031773,12.3696785,-3.418408
15.88011,4.8791046,-6.7275267
14.586837,0.59022814,-16.772474
11.236394,-3.5337641,-27.20618
8.347037,2.0756745,-28.56124
2.0903435,12.613272,-30.755152
4.101571,19.234846,-23.924795
9.155274,24.854076,-12.134228
9.097699,26.253437,-6.975022
2.7053761,36.421818,-0.69610703
-14.069002,58.400936,-4.4162726
-38.146378,80.09028,-9.324683
-57.70001,101.61434,-11.45794
-68.01563,121.26249,-16.013754
-77.91743,142.33058,-17.479563
-81.84893,149.17632,-18.115053
-81.490005,144.34494,-16.725273
-81.21353,137.39244,-12.642829
-74.00008,116.6159,-5.943939
-64.24654,99.434395,-6.1027246
-53.10422,87.165344,-8.966085
-43.032677,69.70137,-7.8198404
-37.472054,56.38481,-12.337049
-32.963554,49.328182,-10.851223
-25.90132,33.233315,-9.195689
-22.498104,17.448053,-10.086013
-19.23731,5.860289,-7.217939
-13.484596,-1.8360025,-13.280665
-17.008469,5.356073,-19.766914
-24.18286,3.1506786,-22.320192
-24.84528,3.3752239,-23.735847
-21.127876,1.0791826,-22.239937
-23.377125,-13.135242,-12.520864
-14.522178,-20.146353,-3.6630862
4.922224,-40.242268,-3.779465
18.046198,-59.96274,-0.1561121
39.18612,-83.47651,3.4105291
53.129974,-116.26405,3.1208467
59.552975,-125.60979,2.8475714
66.654816,-139.4073,7.148504
65.37925,-156.2956,16.185743
57.154884,-149.27742,21.119383
37.295586,-134.29544,22.011425
27.707756,-112.88779,20.416664
28.298502,-90.06886,17.89175
24.436527,-68.63859,15.48477
22.967628,-57.77889,10.0733385
14.798661,-60.491474,6.954391
9.505477,-65.9747,10.065839
10.815198,-62.800808,12.277898
20.01968,-55.425198,13.639067
35.572166,-63.988857,15.410586
41.681065,-65.384575,13.403342
41.9337,-71.4809,12.120527
30.707201,-79.74178,14.54298
22.127348,-68.41448,18.288485
22.444069,-61.91862,20.664951
17.033895,-46.668022,19.44654
17.017056,-28.728249,16.40156
14.270056,-14.010746,10.918499
11.891163,0.6513586,2.7392857
21.03751,0.4257869,2.5696123
26.012665,-6.0300756,6.7582083
29.874403,-20.21278,9.791758
35.576004,-29.936954,10.9437685
48.95936,-36.055218,8.802337
58.849483,-52.30459,8.154172
52.717243,-68.69133,7.454619
55.556465,-69.99294,6.0410666
54.803123,-50.95836,2.8730655
43.300613,-40.948753,2.564789
20.546255,-24.154173,0.9328323
-5.349408,5.1810317,-3.2039888
-11.189981,13.9747,0.29887524
-21.205822,24.352728,6.8588395
-29.012945,40.832077,5.228131
-25.060123,46.245167,4.2453184
-24.761044,42.9458,5.0867114
-26.113634,44.682995,2.7564166
-27.736353,39.011818,4.293765
-27.255074,24.73779,1.1524682
-27.005451,24.714975,-6.2031975
-28.172894,29.746977,-14.501402
-26.605703,29.266676,-16.68363
-26.521849,22.451826,-12.170798
-26.465971,30.623959,-10.003966
-19.067421,43.12153,-2.0931063
-13.500831,50.86054,4.9072723
-13.310418,66.08746,7.8993144
-15.25486,73.61344,9.170699
-21.131037,77.58121,3.998852
-33.8638,88.21292,0.05018244
-48.72436,96.33123,-0.0024575577
-54.451294,79.26017,6.8966155
-58.613087,70.41812,15.3709345
-60.063095,70.31881,20.554873
-58.924362,54.826767,25.437721
-57.9223,50.334946,24.188578
-56.27454,58.67883,17.801401
-53.646595,68.33923,9.752043
-45.121258,62.998516,5.161323
-47.725998,68.95941,-1.3092071
-55.59201,85.68339,-16.235147
-69.1555,103.11237,-23.514482
-80.418976,127.34508,-21.910442
-78.38883,131.61876,-19.556976
-78.72481,130.59918,-12.340351
-71.84008,133.4652,-9.395001
-69.82731,126.35386,-7.9113483
-65.78906,121.048615,-3.7323766
-58.10111,109.06943,-6.5121455
-44.90657,85.57208,-5.088961
-17.53263,65.49475,-7.9696927
-10.648498,43.498405,-19.561705
-7.006663,29.648603,-26.391054
3.0677598,8.210507,-25.661362
13.478868,-9.724003,-14.26871
29.78098,-8.671918,-3.3468587
46.172585,-7.6358595,4.5099974
57.197807,-2.586829,4.0324783
57.425735,-9.695779,2.3477337
57.28596,-14.239941,3.0332727
51.841682,-17.642847,-2.1118288
45.512276,-24.547255,-3.850608
35.424633,-25.966019,-8.648317
30.93305,-32.953243,-9.112253
37.822823,-43.22417,-8.150576
28.102797,-40.20054,-7.251684
14.545757,-21.681404,-4.95266
6.3657084,-16.184519,-9.676736
3.522774,-2.3421261,-4.9743433
15.381414,8.667737,-2.6291666
27.392954,9.567741,-4.685974
27.091593,14.966779,-6.3651237
28.073807,10.095114,-5.463546
29.32368,2.549082,-3.9089313
26.470242,-9.426617,-8.953846
35.651314,-15.853409,-6.1726513
41.63176,-24.674446,-5.575877
35.989594,-30.086252,-3.592951
30.108788,-38.531754,1.8845328
15.703637,-49.0174,3.349187
7.5503087,-34.733524,0.9687428
7.7915072,-22.947405,-10.000095
1.0792596,-5.157394,-16.924305
-6.144103,14.268468,-16.230356
-13.510764,7.3569636,-13.826437
-15.227555,3.7449753,-9.518111
-11.747836,-9.486471,-6.0147734
-11.076715,-32.347218,-5.6607304
-14.225677,-28.414972,-9.712623
-13.302517,-25.743948,-18.458498
-12.755197,-36.681225,-25.602936
-15.599264,-57.772858,-26.187273
-20.279654,-74.42458,-23.247677
-28.925312,-70.65071,-18.77164
-31.488003,-58.657505,-12.52743
-35.974197,-55.53345,-4.971329
-28.288597,-62.014202,3.9531245
-16.443708,-55.281628,8.610194
-16.530918,-56.81288,7.824818
-15.435947,-55.933994,6.4219112
-17.483156,-54.597717,8.585335
-9.79397,-70.29928,5.535049
0.5337737,-78.540695,-2.4252646
14.889369,-106.898834,-1.5236695
34.299477,-128.51016,-0.96051294
41.963047,-137.31468,-0.67487264
52.6469,-152.99872,0.12474875
54.978813,-145.45534,-0.5958862
51.19933,-146.11432,-3.9249074
58.793934,-157.88356,-9.511574
53.922813,-153.73753,-11.94782
41.763607,-122.0607,-15.0788145
41.957737,-93.08821,-13.507023
33.46635,-88.34769,-5.227152
23.06101,-71.0483,8.1048765
28.948645,-57.39328,26.106712
33.09139,-44.369965,42.710987
39.303078,-28.137802,46.745125
37.761166,-21.378609,41.235054
23.409952,-17.992247,34.199825
5.6017547,-15.789932,20.973045
-17.549679,-4.2370987,5.047035
-30.416138,-3.225828,-4.024991
-29.123423,8.104705,-9.333755
-18.108866,25.210075,-10.856494
-23.779318,29.66129,-5.484585
-32.633724,45.8388,2.9216437
-31.493082,56.94612,16.952202
-39.84936,67.60925,26.012623
-46.758755,83.60547,28.26713
-59.19143,101.10482,29.616688
-61.668552,115.2535,25.538216
-54.82345,118.835884,15.66511
-51.68655,128.87549,5.557023
-44.514713,135.86353,-7.440197
-36.688133,142.06975,-17.431086
-25.305977,152.37808,-7.897677
-21.864649,149.88402,3.5394382
-9.4534,138.44565,10.881493
-8.614285,121.32674,12.265972
-30.92164,111.07587,6.8942327
-36.71621,94.501976,1.8518062
-41.255955,55.147873,-5.273456
-24.898932,34.422184,-4.737833
1.6446184,20.218298,-1.3505375
8.734443,1.0587946,5.7641163
21.631233,4.4292426,13.335079
32.026062,-2.078885,18.245872
45.47114,-19.51024,24.276186
50.588066,-34.291626,21.56474
39.681873,-29.00992,16.885698
37.399242,-14.096961,8.045322
31.266724,-27.933392,-2.4221914
21.995842,-34.541546,-6.209371
16.862228,-39.726208,-4.915748
24.326994,-37.787006,-0.26370335
34.284252,-7.482332,-4.4261045
26.569357,10.838655,-5.7141767
11.237763,19.481894,-0.7827377
-0.045796864,23.771914,2.579694
2.0060837,21.475399,3.5398028
4.213929,25.007275,-8.411957
0.8142889,20.861977,-14.80904
-0.209504,23.919436,-2.5728621
0.5909651,31.201744,12.822423
7.22393,23.098036,31.72359
20.550041,16.375305,48.573284
33.589592,7.6217494,46.643723
25.495876,8.405075,32.63964
-7.4438357,7.6724005,8.951478
-27.975796,1.2286843,-15.8086
-23.082962,-0.15931934,-19.85577
-13.976241,2.8706763,-19.842083
-7.8920994,25.121822,-19.723633
-0.08577286,45.9035,-6.6106405
14.273598,44.542717,4.359309
33.055008,20.722864,12.323811
47.313343,-1.4672177,13.495484
48.64408,-23.74344,3.8673887
40.377686,-26.199303,-5.119888
39.25558,-21.221066,-2.4106948
50.59535,-49.862267,14.543769
59.985596,-55.321236,25.693636
55.43157,-40.976635,18.693092
34.201923,-7.9489317,-6.564592
14.008219,34.343796,-35.309673
16.470373,39.92206,-45.957253
28.422443,35.02912,-45.48458
22.03608,21.769115,-42.93682
-13.057993,7.161672,-29.240242
-51.346455,5.3454967,-10.055365
-61.585518,13.929868,-4.49553
-53.045105,38.862896,-17.733244
-40.91709,68.02256,-40.14154
-19.088692,99.35108,-49.39846
-2.8693485,112.75135,-35.42028
8.106191,91.83444,-3.8610282
18.963652,54.13427,33.73659
12.383117,16.027584,48.595615
3.8664505,20.296251,29.292553
-2.5887952,49.364475,-6.138195
7.052938,53.355415,-29.80973
32.84378,17.406664,-24.547953
45.09537,-32.337914,-12.706077
43.60031,-54.594936,-1.5097042
32.07073,-62.568348,11.460911
28.19096,-49.88285,8.121431
37.190292,-30.768847,1.6854684
45.676136,-33.414467,1.5559747
46.06464,-65.45529,6.067537
32.729595,-94.83214,6.8962502
2.4710941,-107.14373,-9.373696
-16.902277,-101.68694,-36.936954
-10.781938,-63.499016,-65.72664
8.30163,-37.14266,-78.63929
29.312536,-13.265349,-70.8225
26.55846,1.8728757,-45.362732
27.43229,-0.28769353,-3.4875236
35.168938,0.24922629,30.53338
51.086517,3.2571185,41.147655
72.96862,19.596828,31.70104
59.156296,36.13643,5.952647
14.974633,22.203379,-14.923539
-61.535812,-22.353207,-21.170948
-142.28102,-70.009964,-24.010605
-206.77481,-124.226036,-25.307539
-236.53888,-158.80269,-17.063324
-210.35579,-159.63245,-4.1242633
-146.45038,-120.543655,7.2062697
-70.40672,-66.91952,23.366304
-32.308445,-24.745693,35.44283
-56.695778,0.913124,34.46321
-114.3172,-11.954733,24.582388
-141.23007,-22.93374,18.516518
-127.762825,-31.420595,15.317358
-81.87472,-14.28068,5.8190227
-10.3897295,33.805817,-1.1758293
57.969803,97.04816,-13.7308855
104.6873,176.2968,-29.672844
93.726715,236.98375,-43.881794
67.814156,272.851,-60.36192
54.798286,265.25208,-71.22151
14.112674,231.22911,-67.162476
-36.91431,177.85419,-35.869217
-83.50007,91.10644,9.602892
-101.61813,-6.392645,58.88005
-82.02847,-101.37559,103.971115
-49.387928,-186.58707,136.46992
7.9733343,-237.66779,133.416
91.26505,-229.4797,81.70526
178.81999,-190.50632,13.938305
224.81746,-149.24658,-52.250767
216.54178,-115.19199,-88.656105
175.14868,-148.19894,-70.61292
98.11329,-225.11337,-13.291172
8.950903,-268.2264,45.048374
-70.71247,-253.97649,70.027405
-129.28183,-159.1784,59.418163
-164.97961,-35.686417,48.955467
-196.42564,118.51248,47.53406
-211.26077,324.23645,29.55213
-212.06186,493.5788,-7.194029
-217.68002,540.56586,-60.73057
-200.87491,422.23386,-97.57858
-137.46544,229.25044,-92.30134
-52.90898,71.54999,-53.958454
15.766033,-39.04652,13.528922
95.64069,-149.11145,84.103226
210.9312,-258.4976,128.39984
312.48514,-315.94598,129.57594
354.2278,-336.78827,97.9479
324.84152,-329.3787,68.02815
244.54323,-286.82568,41.328945
125.592155,-202.7395,4.1857686
-6.312207,-104.8992,-26.902298
-107.56649,3.446783,-41.018005
-197.99445,137.4703,-46.45476
-282.23633,222.3919,-38.882336
-293.09744,229.98843,-24.41349
-218.36772,171.98277,-10.6441965
-103.87705,88.86997,1.1648161
26.322824,15.982872,3.7932494
113.97614,-28.959475,0.32769814
127.10748,13.188927,-18.323406
109.61743,91.70159,-41.86227
110.78487,132.41824,-44.632652
127.865395,167.02556,-37.381966
116.031876,227.25934,-24.623047
69.70041,265.6353,-6.9196634
1.8202752,248.34276,3.8630166
-71.94944,201.74211,17.63294
-133.13847,123.77009,36.72849
-157.63736,4.054732,47.43024
-123.71238,-137.20891,44.036304
-51.2831,-209.46861,31.62136
26.598932,-168.00143,19.01338
73.60738,-65.0666,15.793909
63.24965,47.26444,14.967748
37.01912,115.87591,2.3096805
35.181095,100.33198,-9.040371
67.34095,34.58587,-34.37095
110.34276,-14.6177,-80.89913
116.60797,-47.902542,-104.47546
99.67193,-95.08836,-89.98073
79.70442,-197.09235,-58.268833
68.75363,-288.28766,-31.162971
89.011765,-281.9946,-16.060677
134.2872,-203.04341,-12.289671
154.70058,-81.21521,-17.34563
106.25205,29.104418,-29.636963
-7.5553055,109.323814,-63.796944
-143.4158,142.67044,-100.622246
-242.98976,99.17668,-99.3738
-262.4992,5.3533144,-56.17518
-163.97214,-76.77197,24.987942
22.232796,-92.424164,124.15974
196.23169,-67.94794,194.01149
280.79858,-22.288397,207.92377
247.9952,42.468918,173.5413
140.68787,102.37445,106.71664
13.650096,151.5564,21.075525
-119.73062,162.28929,-48.045616
-204.13979,118.7032,-74.212776
-193.65654,33.81902,-68.78001
-102.42445,-59.271538,-43.030754
32.186005,-128.53014,-14.090373
138.23293,-194.60017,8.753569
191.19333,-226.47778,19.0184
197.56729,-244.86806,21.219639
160.35739,-304.7997,22.687078
104.900375,-330.56763,11.627078
41.369755,-291.6159,1.8389238
-31.71424,-173.89801,-0.5761175
-111.06928,-8.366935,7.429347
-172.46863,118.37499,22.917164
-199.21866,201.39026,18.434114
-180.57654,243.63707,1.9945858
-113.397705,241.83305,-11.097058
-28.709324,195.7455,-16.688257
25.262547,106.74246,-1.5072112
24.065044,25.19334,16.559492
-27.127396,16.332373,10.478586
-98.20195,65.23358,-24.630983
-131.85406,159.885,-76.54726
-125.23946,243.55322,-112.84874
-94.353195,237.0435,-116.213
-63.862686,172.2614,-85.23816
-68.04243,61.694916,-32.18531
-69.840996,-39.91805,24.243536
-57.836597,-89.21301,63.33845
-52.570107,-97.63653,65.07224
-26.964634,-40.302624,46.73726
3.472302,15.950777,30.86235
13.453431,21.730682,33.278717
16.106474,7.755843,50.159637
0.910144,-53.812595,55.88212
-15.923206,-135.64293,38.724583
-26.918571,-176.13806,4.649574
-41.781296,-191.44603,-30.577995
-71.79241,-181.23058,-61.553757
-115.14537,-150.92802,-80.43259
-129.23558,-107.29918,-93.390594
-90.86494,-64.071526,-84.14467
3.8991613,-63.892887,-37.573696
120.90087,-80.08666,7.1721334
204.17209,-71.60865,33.755074
217.67667,-44.39571,42.285343
173.09348,-0.45965922,33.033295
87.405396,48.52877,8.791596
1.9028673,108.69835,-17.976656
-48.125225,166.38913,-32.146534
-69.85307,191.5671,-32.802917
-47.567986,191.98979,-25.949488
-12.745496,147.39174,-23.519932
34.36382,84.98655,-15.1665325
88.12026,1.4930888,7.839067
112.69237,-81.985306,31.728027
118.24292,-115.74206,43.764713
103.71046,-120.38961,41.87594
89.15665,-88.220604,23.20766
96.789536,-65.26888,-3.2494838
121.26706,-41.135143,-31.282595
133.06197,-42.755894,-70.13248
106.36569,-86.02216,-104.3699
30.133211,-118.02402,-125.317986
-56.010242,-150.41277,-118.90554
-104.57565,-154.0787,-68.5777
-111.548386,-151.31418,7.0410213
-67.51622,-124.128525,91.82111
6.005,-87.83809,154.9687
99.218056,-42.411793,176.63252
196.725,12.029553,172.1937
275.67654,28.973383,148.20844
311.5222,82.83168,104.28171
251.2599,133.40738,42.091805
110.83123,186.43672,-33.3739
-80.98003,247.91055,-105.6637
-285.3862,282.59186,-149.75279
-424.44632,327.46844,-153.00777
-470.49435,335.3476,-119.08127
-421.59793,310.77884,-65.08904
-302.15854,267.90503,-12.589231
-150.93474,208.28339,33.462788
5.3406687,120.45187,81.40933
132.61882,18.522333,125.43014
208.34402,-58.558556,156.10815
198.07901,-113.89017,156.94257
108.472916,-97.57803,114.94993
-9.2037945,-43.300354,41.05362
-95.81417,24.011356,-46.83372
-100.66174,83.75507,-119.14455
-38.490517,76.79555,-155.9893
60.65474,45.184708,-147.35582
144.01045,-1.357052,-100.0576
177.04475,-26.741684,-38.890102
154.50978,-26.460125,24.711662
80.41029,-25.419903,74.446846
14.932034,6.2530646,101.889786
-24.398277,37.517914,110.720825
-28.338903,63.406914,94.86039
17.611141,64.12479,80.17357
65.2926,10.545614,71.27017
90.25356,-46.11363,46.756737
72.750206,-78.09259,7.877278
-3.298698,-80.07561,-45.605602
-94.07851,-57.45278,-87.42296
-159.71576,-50.916527,-86.439156
-179.3609,-66.87217,-36.305733
-151.80103,-68.083374,33.230854
-128.1146,-17.807583,81.476616
-123.7744,70.98467,100.33088
-123.09087,173.46666,84.80488
-124.60273,257.66858,43.44099
-109.07798,284.06308,2.2361097
-72.48878,272.4346,-33.18678
-12.350923,242.62732,-62.399807
55.602646,186.1118,-82.90178
104.27831,121.36333,-93.520164
118.01624,64.60271,-94.430016
85.80293,1.1846836,-87.07373
31.367355,-37.37585,-70.08344
-26.715012,-72.72043,-47.219658
-76.496735,-116.95233,-25.113886
-108.59606,-155.46611,-1.6959336
-115.00455,-209.16354,27.277529
-91.319305,-243.28725,52.18279
-66.40445,-255.20674,68.449005
-44.34133,-218.70891,72.46241
-29.660635,-162.29376,66.60844
-31.890125,-123.15969,56.20505
-40.770374,-87.55685,34.618526
-33.88271,-78.10957,15.633056
4.3616457,-82.65444,-2.4863915
49.83848,-99.40118,-13.198651
93.51374,-109.29304,-1.7891797
105.256386,-105.28262,8.631078
84.89574,-62.167458,27.567623
46.74045,27.920902,42.33346
-25.206583,131.34879,29.72821
-84.65922,229.12555,8.858347
-107.28488,260.9787,-15.980823
-87.27549,232.91759,-27.65018
-39.914642,175.80272,-25.688183
0.28105843,98.648155,-28.96914
36.02104,23.057688,-39.482956
58.534077,-61.728855,-53.645447
66.931,-157.04048,-58.78046
66.57598,-252.3495,-52.991882
61.325207,-342.58505,-37.003895
51.725456,-387.53284,-14.559756
38.31201,-367.96484,-1.9523735
41.859432,-307.3947,-2.0138981
63.45206,-227.60803,-6.3956394
89.78453,-155.14359,-13.018758
120.885124,-90.97532,-16.726597
138.39874,-39.771206,-12.00295
137.20857,10.52094,-7.895722
123.18582,70.9505,-0.44449738
81.76716,125.80931,10.779379
27.253155,163.44437,17.910677
-22.892729,154.19528,25.609253
-61.80413,102.945145,22.651752
-89.43431,14.379459,8.485532
-104.83229,-72.46411,-14.8610935
-97.030396,-141.45819,-37.98214
-68.69249,-187.92943,-42.628143
-10.695859,-181.02966,-28.212048
46.02982,-170.78201,-0.69200003
85.48964,-128.15158,17.99207
117.41764,-65.812904,15.365795
120.24974,-18.377348,-2.7910042
120.146736,48.787033,-29.764421
115.98344,90.893906,-60.236565
109.611786,105.495316,-82.7397
92.14366,91.74036,-92.712906
47.208115,53.690495,-83.34564
4.144467,2.2598124,-53.478054
-57.04256,-66.636116,-15.191183
-99.91195,-137.65967,28.707064
-108.93412,-218.9009,65.7301
-105.73678,-260.93082,83.12611
-83.63457,-251.74828,76.99563
-62.715374,-187.59023,54.160976
-30.700554,-78.219826,22.123514
7.080761,39.979843,-7.675132
44.956,153.95961,-24.973724
84.18156,223.11156,-22.268818
89.54308,268.2334,-7.3848124
49.390373,283.38794,2.7671206
-0.21203844,285.19772,21.07731
-56.087307,269.23105,32.78986
-104.70151,230.54424,34.60973
-115.779274,192.60545,29.278101
-110.30542,123.23919,6.939523
-86.93434,75.00842,-13.443204
-56.24126,28.603289,-30.996197
-21.303747,-30.126753,-37.90507
25.251116,-68.74098,-30.52079
59.232796,-87.002556,-13.087917
78.00918,-82.57739,8.361056
82.47217,-72.454506,23.39833
65.90756,-51.558556,37.620094
35.83548,-52.12605,38.76948
12.717606,-54.736565,27.747313
3.0349991,-79.633896,17.651928
12.328376,-121.848885,16.613718
37.114357,-136.07622,30.968065
54.675266,-160.24298,47.623512
56.340427,-138.31279,55.566166
39.349445,-83.83236,46.889572
12.312697,-24.822023,21.946749
-4.4766717,55.747177,-5.192307
-5.1180515,95.27865,-29.450233
2.2264166,115.05162,-47.38596
4.770125,122.09667,-45.17816
-12.1635895,105.91532,-31.541729
-33.957905,113.714806,-18.003586
-56.788235,118.636055,-7.465727
-80.16404,126.78358,-1.5306402
-91.26463,149.9406,5.6053023
-98.07131,161.0472,9.560539
-86.68478,183.47198,15.270218
-73.372,186.23515,27.176098
-66.01685,157.40573,36.803516
-44.29096,110.32916,40.665874
-15.646437,32.869343,40.039978
22.968918,-41.912888,34.865265
64.82458,-94.73902,31.85252
90.764534,-126.095695,31.230534
86.699814,-124.294716,22.00387
63.584,-83.95807,9.27551
38.25432,-30.673523,-7.981258
21.81995,42.894703,-27.65797
22.976273,121.692604,-38.929943
30.114305,170.0293,-46.96872
26.4189,199.61494,-43.338726
1.8373343,173.89182,-24.39062
-37.9074,127.311356,-1.2679435
-100.291954,95.082146,20.234095
-156.3992,64.91105,27.226944
-179.02946,55.842632,19.283106
-181.27924,39.661953,2.4311557
-153.38078,32.279488,-21.946442
-110.83533,23.862732,-40.18179
-63.83696,5.1914344,-46.47426
-15.501988,-17.683998,-39.963913
28.187542,-62.37427,-18.71094
77.96977,-98.12987,-5.3131294
114.2589,-136.60944,-5.4487095
124.79447,-169.45358,-5.223437
114.68078,-168.70386,-8.26499
80.42533,-158.95341,-5.362998
47.407787,-129.08084,-3.287669
21.125692,-76.387245,-7.893781
-3.9439366,-33.798313,-6.8826756
-15.019262,17.718845,-6.0292826
-26.135473,74.46928,-3.045957
-26.8724,113.757416,-5.173668
-24.49889,136.30676,-15.447856
-32.05125,134.80809,-30.07889
-33.83134,113.710556,-47.352776
-35.31625,86.516594,-54.87211
-30.588253,45.450592,-51.71737
-30.082653,-5.6513386,-33.180336
-31.773365,-55.06797,0.9600247
-21.00972,-112.5895,40.07882
-10.271148,-156.55731,76.97718
0.46399146,-180.33748,101.12725
1.5168726,-170.17613,99.05534
-11.19905,-121.132614,73.260445
-18.799793,-59.602406,35.49372
-15.483613,11.653831,-6.8492804
-3.302806,83.24828,-43.86064
19.288597,141.95587,-69.95224
49.902843,166.6623,-72.06848
79.25911,153.76028,-47.064476
111.542755,102.26379,-5.900717
147.58076,13.3471,45.38149
170.8735,-83.254555,86.8648
173.758,-169.29083,111.73606
152.66502,-227.781,117.533356
121.229385,-245.68767,92.057
85.017105,-224.55023,49.003246
38.48151,-194.91183,2.4829347
-7.6852036,-155.48341,-40.558136
-37.67203,-104.63624,-70.77829
-55.038998,-61.22255,-81.290016
-71.08272,1.9126632,-62.98011
-77.51114,51.02292,-27.168142
-74.644585,93.62691,9.919782
-58.655056,134.24344,38.94687
-39.011,142.3611,57.236217
-30.628721,154.9751,58.924137
-34.449738,141.60144,37.29478
-38.71941,120.9943,12.151821
-37.448566,111.8886,-6.4242487
-37.28566,84.56361,-23.210161
-33.07829,63.284286,-37.04864
-28.354807,34.623478,-38.907692
-22.24387,0.49572343,-32.74944
-14.310518,-28.943752,-30.548014
4.480684,-60.466484,-25.514368
25.268421,-86.72583,-17.698956
49.569817,-89.64338,-8.777108
80.049164,-72.30915,2.4215841
98.68,-44.290905,10.710501
103.2375,10.079707,11.712592
82.65739,53.53251,7.9636097
54.16182,79.933,1.3630576
25.17318,99.2292,-9.833188
6.4803243,83.81802,-14.58128
-2.9053996,51.356983,-13.364648
-20.992327,11.625067,-10.511481
-36.010517,-27.714678,-5.6059732
-54.96533,-52.70639,-1.1041278
-76.16457,-67.52178,6.9445715
-86.260414,-68.67017,14.287564
-89.01138,-55.93791,14.597936
-95.857735,-32.388523,8.659463
-97.65515,-7.76643,-3.7805283
-97.73759,8.815992,-19.452097
-104.989044,21.433832,-32.4818
-107.097725,36.07081,-46.50916
-108.682205,53.647034,-53.417957
-106.13927,72.2299,-51.76315
-87.51252,95.744514,-44.429615
-52.827038,120.646355,-22.980392
-22.108149,146.5439,0.2518242
-4.6474423,171.65141,18.155775
5.13909,192.43001,26.723358
-12.230423,212.61092,14.243613
-43.53347,209.90813,-9.714657
-67.00139,182.05315,-27.47702
-84.58619,133.7861,-32.86035
-85.49943,70.43598,-27.241884
-81.65713,10.339794,-17.596865
-76.538994,-45.11217,-1.5824337
-67.94779,-85.397316,10.624959
-73.18839,-126.98128,5.698744
-61.47329,-157.90154,-2.0646737
-19.042034,-178.17163,-10.658199
20.810219,-201.9233,-20.95887
65.37097,-197.79048,-30.069412
111.66367,-189.58975,-30.941875
145.47218,-173.31902,-24.864624
168.7464,-133.62584,-19.920532
169.7109,-82.209946,-9.358118
155.45757,-30.991865,-8.505314
133.41821,-1.685908,-12.258853
114.479454,3.538298,-8.971181
110.11449,-14.797034,-5.759438
113.53573,-44.396343,5.670316
122.972786,-76.206345,19.626713
124.01723,-102.90036,29.052834
106.78818,-114.85098,35.050137
72.29023,-113.40337,44.13054
22.2195,-113.53296,49.601078
-27.884235,-98.02989,49.301598
-59.960876,-66.91365,57.002686
-76.31067,-46.202953,60.50035
-80.62366,-30.549467,56.540764
-64.97328,-13.205824,43.447975
-51.162193,9.596827,23.3905
-47.991043,20.883764,2.5590875
-31.643276,43.133865,-15.362976
-7.3286657,62.203747,-24.305244
11.168096,71.938644,-36.251995
22.66219,92.19241,-43.474155
20.954851,83.25471,-46.122932
20.270727,75.93114,-44.330357
25.858355,62.304012,-35.18071
31.925743,37.76402,-23.876324
46.222744,27.93469,-7.97025
44.61621,10.329942,3.171838
40.791107,11.511436,12.918892
33.77561,20.823132,20.082178
13.966121,12.127282,22.61055
13.27587,-11.193542,29.03169
16.78047,-44.297245,35.378963
26.67142,-68.369446,35.155148
30.825985,-95.05931,32.924385
27.707968,-110.71855,28.304571
27.718815,-102.414505,21.354576
15.102892,-83.17202,16.7396
8.882951,-41.93046,12.047384
-0.26975012,-6.2944627,6.404449
-18.23073,16.435492,2.7455776
-25.09291,34.16208,3.1973264
-38.421574,23.781424,4.328899
-60.72814,16.08158,4.060873
-81.754364,27.600157,0.74595696
-110.387146,41.447277,-2.8237765
-122.77261,63.4822,-7.8808513
-123.80709,87.02402,-15.4492235
-118.35024,107.189766,-12.695344
-97.84096,128.36311,-7.1537943
-85.34101,149.92015,-2.9133558
-65.99168,156.76738,3.470511
-44.895683,149.2951,4.4275026
-25.234474,130.47159,7.459458
-4.861237,90.75966,6.8762894
17.765501,49.012135,9.351027
51.415054,-3.3467886,15.10487
82.12448,-49.922688,10.568106
118.988235,-85.44305,11.66305
148.74185,-128.47267,15.215714
162.05527,-148.72087,10.202174
158.41722,-161.22908,2.1690216
141.5913,-161.89217,-1.5001292
113.415054,-151.38225,-3.8292568
77.05612,-128.10782,-9.141927
48.035828,-89.82806,-10.402358
18.423794,-69.4481,-8.139017
-3.3394592,-42.323444,-5.937377
-22.167545,-24.370901,-0.09707983
-28.370657,-17.465923,5.3737307
-24.133905,-13.00865,4.6593494
-12.622021,-24.971043,7.440729
13.586854,-41.63369,10.522528
37.38577,-61.063747,9.439736
62.212406,-69.63531,7.9522624
70.60394,-71.58528,-0.19547063
74.97652,-52.415012,-9.827257
73.32473,-21.555302,-15.464803
53.52737,11.306773,-20.235456
30.763596,53.388584,-19.392832
-9.976192,73.02449,-9.155068
-52.52355,89.89914,-3.9187436
-95.53721,115.94063,-4.762073
-133.62672,131.19183,-5.512213
-141.3639,141.12978,-12.511673
-135.6367,140.4823,-17.408691
-115.55528,125.343185,-21.56862
-83.31906,101.26212,-21.266504
-46.12016,78.544044,-11.276475
-9.072179,55.755276,-5.1586757
14.933491,25.288746,2.8918753
23.716356,-7.5925756,13.01068
19.46366,-46.92759,17.877705
19.217216,-89.61322,24.202318
20.940197,-129.25987,35.78038
26.083723,-144.6329,44.234795
31.359083,-151.11526,41.199867
38.042812,-141.488,33.12473
44.328175,-108.73122,25.119888
41.2602,-92.32356,11.80886
40.871708,-60.97408,-6.221712
26.577097,-36.547035,-20.575878
11.813404,-25.726181,-31.683228
0.38368842,-6.8890524,-40.765396
-16.202457,12.489349,-44.011276
-31.541042,42.63792,-41.307266
-48.06562,67.62747,-35.10329
-59.550552,90.62877,-26.148838
-65.12108,106.149445,-15.100059
-74.94013,115.5244,-5.1248236
-88.85709,126.99175,7.91277
-95.279686,126.98313,19.988617
-108.294785,112.42179,27.424217
-111.149475,103.312904,36.466602
-119.710495,88.707115,39.385334
-122.68507,73.53999,33.994225
-112.40668,76.15501,21.653786
-121.88815,62.211636,2.2114139
-107.99908,58.89957,-18.234226
-91.70647,52.358658,-31.39324
-65.71588,37.433304,-36.383373
-15.29572,50.098366,-36.764114
29.538462,51.073753,-29.356865
78.60817,60.244278,-26.226862
109.04833,70.291245,-23.812769
131.90453,63.18202,-16.712223
145.57404,45.02676,-14.2272835
135.76297,11.159981,-10.916093
117.08156,-24.941832,-9.826895
81.89913,-62.74137,-8.627458
41.47342,-82.42019,-8.780386
8.098,-93.84883,-11.584049
-6.431491,-90.97297,-9.838956
-5.8050747,-81.63252,-7.772007
8.7550955,-61.16558,1.4556153
34.97966,-30.713644,18.88591
53.43312,-5.908301,35.18372
67.95791,31.236616,45.066917
69.44714,47.694244,47.524265
59.31207,69.764534,42.83292
44.118233,88.10411,29.302769
19.341564,88.63106,6.9778066
-6.778462,97.02112,-19.10801
-30.766527,90.18703,-40.822754
-44.89445,84.2867,-55.57545
-46.628345,72.002975,-62.623886
-40.31723,47.314716,-61.077923
-22.114271,16.389963,-49.50349
1.9110082,-20.651915,-37.751698
21.488415,-59.419136,-27.849417
42.98155,-89.78646,-12.39551
59.07313,-104.05361,1.0412979
65.824936,-122.78922,13.5324335
79.13548,-122.35301,25.843998
85.225464,-122.84902,32.361797
87.10958,-124.793846,37.200016
81.382744,-112.21259,41.436516
72.2531,-111.49279,43.57619
70.71212,-104.10462,42.50254
54.143253,-109.539345,38.419453
49.039856,-114.56748,31.772564
53.7969,-104.555695,21.814856
55.500034,-89.24882,15.658532
61.383957,-69.22938,12.99304
67.91177,-46.343266,5.363524
67.033,-21.035036,2.9109023
57.76658,-3.270438,7.5742655
49.257965,16.549957,7.28636
27.87722,24.931625,1.1975061
12.928188,23.909796,-7.7408957
4.2635694,18.012701,-13.048942
-4.655569,19.537407,-15.538136
-19.884335,31.45128,-21.664047
-42.732407,44.187847,-21.810417
-64.80824,64.200874,-15.493409
-92.22503,70.003494,-6.960948
-99.09658,71.102516,5.6007605
-105.88624,68.247314,14.09292
-112.59143,50.536446,21.895468
-106.3799,37.390617,26.134802
-99.93526,23.53819,25.065935
-83.48114,9.779959,24.9418
-67.36986,7.439077,20.236456
-50.862007,5.1701264,15.370593
-41.453686,1.9901763,12.967016
-43.60436,11.546337,6.2090664
-55.982376,22.915638,0.3269347
-78.80604,31.017143,-3.4366045
-99.59497,43.11572,-5.0093155
-123.41717,47.945072,-2.7109294
-143.41745,55.51759,-3.7630105
-152.25935,67.05041,1.6707208
-154.61694,60.801636,10.958122
-149.26677,66.09496,18.529417
-144.11868,84.427536,30.119219
-129.02008,92.13183,33.02577
-103.82988,118.976074,27.512062
-95.25494,131.80627,18.345634
-74.65217,137.764,6.7709665
-50.00337,148.2074,-6.357577
-43.045002,138.19278,-22.379145
-23.075014,152.31932,-36.704388
-10.964507,148.11296,-49.00392
-1.0071958,131.2779,-52.850758
13.169293,114.74652,-50.254066
21.236506,78.26939,-46.234707
28.269848,42.41064,-35.424507
28.174637,-1.3003534,-25.699142
40.469654,-26.195415,-23.757257
45.38399,-57.116978,-21.407349
39.090588,-78.18468,-21.52781
33.04231,-82.90326,-21.257378
16.803047,-98.33685,-14.526477
10.055814,-98.032166,-10.837621
1.7011744,-101.251526,-9.884368
-1.725884,-95.29773,-11.1669445
11.365659,-97.98893,-3.46869
19.015417,-109.88012,0.4054584
35.239372,-111.84111,-3.6388505
64.22225,-133.96408,4.258533
94.41742,-148.19856,8.978841
120.95771,-158.98233,12.014147
135.74382,-174.38182,12.932745
141.88423,-183.12978,12.760339
142.0411,-196.85695,12.923389
138.41463,-195.52081,8.471191
124.38644,-181.61621,10.465301
101.47211,-156.97647,12.542031
77.13604,-115.36291,7.728838
47.780037,-75.35081,1.2587984
27.127441,-30.432035,-4.1030955
7.8740425,14.152606,-10.09665
-21.89823,49.085537,-13.4163
-37.629433,70.91875,-15.183906
-35.90021,77.7088,-13.117968
-31.226137,71.11094,-3.0696077
-12.598069,43.615612,5.705946
15.609629,11.144563,6.121718
39.38613,-26.787443,4.054352
63.065254,-67.779785,6.206467
79.45755,-104.362045,4.1389856
94.55091,-132.08185,2.8268344
97.59268,-145.0515,4.026206
86.89469,-150.02374,7.8551636
77.87413,-134.77287,10.089727
58.4074,-110.7345,8.438889
45.21581,-83.42768,12.6313095
27.824732,-48.15809,5.9881454
1.4206102,-12.952824,-2.8281233
-26.20508,20.874405,-9.143972
-54.63228,48.304806,-18.923977
-67.78376,66.86589,-23.384607
-81.135056,71.98042,-21.725048
-82.618744,76.378944,-13.400311
-80.53851,74.55641,-5.301759
-80.69848,62.13708,5.5658374
-68.88789,48.23006,12.911243
-53.037296,27.25984,16.805473
-36.421154,-4.00404,16.338469
-25.59564,-24.054731,8.506738
-12.832758,-22.68973,-0.76912826
-6.343052,-19.164825,-19.6767
-2.4012377,0.28777868,-32.320614
0.8360474,6.7871466,-37.337948
0.3224087,-2.9928699,-42.505527
2.4499316,-3.91753,-37.82309
4.856607,-8.710576,-28.989311
15.359203,-18.145365,-19.820953
16.987906,-34.611454,-7.2816987
12.423419,-42.376247,7.188834
15.737251,-51.60858,13.15455
15.383829,-55.526447,14.1852865
17.65232,-48.11353,16.600695
20.720331,-36.256626,14.580075
19.329065,-16.08529,12.839683
22.964537,-5.081953,15.146563
32.55574,-3.7070677,21.651976
49.536304,-11.582062,28.760118
75.37499,-36.396572,37.25621
99.219955,-66.127,45.4072
123.11701,-86.65251,49.002
147.25308,-109.00066,52.934963
155.26653,-109.46277,49.746166
149.9368,-80.083206,39.537903
135.2366,-45.457287,24.679104
103.63597,0.34787917,7.841614
59.542915,60.12509,-5.3646483
11.241745,129.82443,-14.294079
-36.717373,194.621,-14.948779
-75.81924,241.79126,-7.705763
-100.84816,267.88254,2.6889744
-122.75509,265.80298,13.61297
-136.97577,251.66,21.23459
-136.77489,238.34581,19.35294
-121.024704,207.03987,18.19108
-84.17388,165.83765,16.338905
-50.438446,130.75423,13.001486
-23.049501,107.523865,12.825689
-4.993508,89.82583,8.296117
-1.062567,71.04133,4.3887997
-0.79951924,64.49838,1.6171755
-5.6340365,51.097134,-0.08051576
-9.924057,45.120197,-0.41499168
-21.447166,52.340813,-3.1625288
-24.660006,47.537968,1.9595479
-14.012588,39.187805,12.387482
-7.717839,23.806398,14.145961
2.534748,11.658574,17.193176
16.374329,5.28419,17.955807
30.623667,8.280201,10.733202
42.69941,14.019195,11.467607
48.487705,12.642095,12.501402
46.01787,17.352592,10.327093
32.650913,30.20326,10.535392
6.9977503,42.164623,3.8067093
-23.19187,56.11757,-1.4874563
-49.365505,79.598145,-4.0472856
-75.5509,87.819176,-10.4919405
-97.84166,98.26479,-11.384964
-110.040146,103.01973,-13.43421
-117.0315,91.889984,-14.920396
-124.6647,89.36267,-15.166186
-126.359314,77.768684,-17.964777
-122.37543,71.84967,-20.09123
-112.39101,76.364174,-28.49874
-93.79303,71.80103,-23.818205
-70.54657,60.901466,-14.4816885
-43.292248,51.604153,-16.901098
-13.264529,41.027447,-9.636547
18.987764,27.408373,-0.62147963
45.547035,18.121706,3.312585
68.83736,2.2730532,6.0152063
88.44413,-21.351858,8.020507
98.87885,-43.898746,7.257709
100.25163,-67.65389,0.10424472
92.62469,-87.938194,-3.9525037
74.46508,-102.8496,-9.7065525
46.22599,-107.48883,-17.914497
22.647064,-106.214806,-25.511446
-7.0249033,-102.061485,-31.742651
-39.28744,-86.03789,-32.835583
-57.795208,-65.13898,-35.752228
-72.84833,-41.14261,-31.852003
-77.527916,-16.256426,-23.87359
-71.83537,6.1728134,-19.643517
-58.781914,23.225464,-9.688309
-37.073368,35.18846,-0.23601432
-18.437115,32.315098,4.8460226
3.8874419,15.679495,4.12914
26.246748,-0.55054307,-0.45527318
39.463604,-18.793503,-2.7683249
53.64396,-24.914494,-6.8287835
62.144093,-33.140854,-7.908379
70.31797,-43.03078,-8.621669
74.68541,-46.2861,-12.062206
67.880035,-56.275234,-14.747567
64.31517,-55.300236,-22.87945
51.512012,-60.44075,-26.916708
36.154175,-65.34984,-28.177814
19.523876,-67.203255,-33.455902
1.82952,-78.21512,-30.75259
-3.6930306,-76.119606,-22.455164
-14.658922,-81.70323,-14.650771
-30.657387,-80.42761,-8.249713
-53.419254,-75.00954,-3.4977705
-75.69654,-69.096695,-3.743244
-101.70453,-49.38796,-5.989295
-130.90266,-35.885796,-5.718087
-143.52676,-18.90846,-7.736445
-155.947,-11.868379,-7.460681
-159.44295,-1.0179877,-8.977821
-157.92647,9.8968115,-10.400106
-155.5255,13.981956,-10.401789
-142.22942,17.764051,-9.22338
-127.802345,10.985166,-0.744556
-107.45688,9.830832,6.2763786
-85.37439,2.725787,13.700014
-60.86782,2.3289585,17.02099
-40.251534,-2.9622314,21.6109
-25.196348,-13.991688,28.461962
-9.959637,-18.091892,28.553925
9.024476,-28.5946,27.056429
32.221767,-32.793873,22.585997
52.45167,-43.470585,17.139978
73.72192,-56.33343,11.401128
85.780495,-75.18045,11.82622
97.27874,-85.55867,11.344475
104.63576,-88.83252,0.82371867
100.27059,-99.54934,-6.3964305
90.643005,-97.117676,-11.830851
74.34055,-95.60382,-17.031658
58.348907,-92.88158,-15.144159
37.829765,-105.40584,-14.265473
28.25664,-111.4795,-13.917865
29.87694,-110.70058,-6.809199
34.91703,-128.87532,-3.5735693
43.782543,-133.22105,-0.5459638
47.885887,-144.99887,8.084367
60.76211,-149.81976,11.368979
69.44494,-143.74272,14.659045
80.223,-138.96301,15.446537
103.626144,-127.62767,18.513206
117.8931,-116.764595,24.244965
138.27344,-89.075,26.241095
154.71524,-65.138176,32.50062
161.44008,-44.48441,33.820488
170.92575,-17.372604,34.84686
171.62425,0.50264585,34.654102
169.79192,11.897094,30.578367
160.45612,27.61392,23.298328
145.03233,48.993195,11.307865
136.22432,56.92261,3.782847
121.76064,52.763115,-2.1373458
114.25182,38.351837,2.468169
114.842514,13.218257,9.558838
102.47994,-4.647245,12.739247
93.67681,-21.491636,22.68115
92.56389,-41.638355,28.100712
96.317444,-60.489185,30.184973
96.65804,-76.58105,36.30116
88.37997,-84.43136,38.31776
82.79479,-90.670654,36.48727
70.59014,-84.38143,37.02831
57.519432,-77.74456,35.971157
47.644753,-77.42691,36.32292
29.7557,-60.867123,35.13883
7.718296,-42.791653,24.402233
-14.321299,-7.6143217,13.372087
-37.175293,34.62441,4.181228
-54.01178,77.80512,-1.1885213
-72.05656,131.6368,-6.116986
-94.03053,157.64919,-13.297966
-109.123276,183.22017,-17.131353
-127.62902,201.49225,-21.505249
-141.3794,200.62387,-15.741698
-147.4565,199.81723,-12.670307
-146.6467,184.19519,-9.430941
-136.03142,177.73384,2.8476713
-133.3403,169.94583,5.4743266
-131.46819,157.79938,9.960309
-130.35745,157.50133,11.665812
-128.71289,148.50647,9.391779
-120.088036,141.99463,7.047459
-116.80611,143.26309,0.7716669
-112.76419,140.2424,-3.7832024
-106.31031,137.63126,-5.6300693
-102.47687,127.5532,-9.363827
-95.43847,114.800735,-14.829127
-84.28812,101.32135,-18.257915
-76.43462,80.446754,-24.649439
-71.405914,66.2226,-26.189081
-58.701378,38.614803,-22.754475
-47.548008,12.352092,-18.911287
-44.162285,1.8694283,-13.963764
-39.47903,-13.846485,-11.131975
-38.12244,-17.395832,-12.001207
-37.433567,-22.751392,-16.11654
-32.830727,-27.257448,-16.915474
-25.60022,-18.877258,-20.721344
-14.374389,-7.7134376,-26.448679
-3.757768,6.843429,-27.479204
-1.2047856,26.523008,-31.706602
-8.525628,53.133812,-37.394382
-21.544283,74.911446,-37.25353
-41.763428,98.02177,-33.902206
-65.90686,117.96031,-33.490543
-89.388336,126.40585,-33.68014
-111.13843,128.8653,-33.91861
-128.61632,122.65047,-33.260178
-139.19179,113.632454,-32.806908
-138.16495,103.04595,-30.018618
-127.40229,88.58275,-19.199875
-110.536285,81.53925,-11.907136
-87.86943,74.299416,-4.7065268
-66.302666,67.78714,1.3347282
-43.797554,71.21575,2.0704706
-24.9873,67.96363,1.3801229
-15.443078,71.91448,-10.148632
-0.94562453,70.263504,-15.80926
14.524042,62.476543,-16.149014
25.356722,60.799355,-19.310143
32.73166,39.467926,-14.526208
33.773205,24.477169,-11.666742
35.684277,7.4967995,-3.7718575
38.41533,-14.543518,5.495791
33.73131,-32.4705,12.024032
34.98458,-54.12882,21.193014
33.19876,-67.512314,22.61954
25.279455,-83.469124,22.54465
33.93547,-88.66212,21.167398
35.259872,-97.054886,20.267378
29.273863,-94.031364,16.400429
28.901043,-84.569664,11.020109
26.372849,-92.86979,10.734416
24.619179,-84.86746,5.803496
20.925802,-87.62358,2.4277818
23.983664,-87.95124,-0.27391803
31.58156,-87.97281,-3.3405354
40.380955,-100.244156,2.9631126
45.897797,-92.94359,8.688364
47.09747,-84.71197,9.638407
56.804596,-67.396454,14.068218
60.236465,-50.747444,14.418701
58.018414,-39.181835,13.47697
55.642197,-21.24503,12.960486
49.85032,-7.392257,8.000475
42.098423,0.21542807,4.74272
31.371792,-0.7888639,2.544801
24.479633,-1.3210709,1.4956175
16.326458,-10.3081045,1.5625268
12.651143,-17.716663,3.211347
15.846168,-24.775156,0.7932799
22.776783,-43.34377,-0.9301748
32.227566,-58.51083,4.598789
41.57697,-69.21948,5.1328783
57.353596,-84.41303,3.4854138
73.30522,-112.48841,4.3304534
86.30397,-132.1705,3.5190423
96.5134,-148.31325,0.6300032
103.08617,-156.73573,-1.5095019
104.8996,-146.1775,-7.4766593
100.62346,-140.43748,-13.857952
94.3903,-117.55703,-14.820355
89.539764,-97.76795,-17.202087
81.81269,-77.81087,-13.854387
72.126076,-39.0987,-9.839076
62.348774,-17.549837,-9.502819
47.218155,6.5901456,-2.172465
34.460587,20.131365,7.290897
22.196932,16.916052,14.808792
14.622933,15.278018,21.605211
13.5927515,-2.9527652,29.261282
14.69241,-25.873255,32.268604
20.038649,-41.609577,31.564327
20.479166,-56.79242,30.836533
25.575811,-71.525566,22.945711
30.86144,-79.415276,10.626417
32.927032,-83.99757,2.5056362
39.9002,-85.73492,0.9562969
41.23364,-84.93489,-4.813254
43.529984,-93.82548,-12.426916
46.67978,-104.24809,-12.119624
42.103237,-110.533875,-12.371048
36.851723,-117.85207,-10.926793
37.98562,-118.231804,-7.1375275
48.345825,-119.88139,-4.644388
58.108242,-123.49172,-1.5738646
66.141235,-119.675835,-3.9137163
76.29326,-116.03797,-3.0842073
78.66311,-99.96908,-6.6805124
74.36744,-74.01545,-11.917716
71.77272,-53.397015,-6.1921415
64.42663,-29.852407,-9.879772
40.782845,-5.33431,-11.327609
19.700556,25.096615,-2.924501
-2.3203554,50.046734,0.7022813
-31.019577,61.980843,2.6300123
-48.992073,83.5042,3.8031237
-67.91124,100.48649,8.1896305
-82.98715,110.12437,11.180218
-90.9497,119.47875,13.286821
-94.745514,121.20738,17.48141
-102.4703,123.23794,14.184736
-112.386566,126.526726,9.9374
-116.079765,127.798706,3.961574
-127.72596,126.915695,-1.3932104
-135.90164,134.21997,-8.999318
-141.15187,146.35202,-14.837594
-144.00714,151.2659,-14.720014
-137.88403,154.01816,-19.09013
-137.01106,148.36395,-14.813598
-125.849205,142.95761,-10.015716
-106.467476,138.74794,-4.4854293
-98.243385,126.79226,2.1688435
-78.14739,124.068146,2.0191073
-59.88131,113.91854,4.458918
-50.107998,104.46664,2.8098333
-34.113617,107.2629,-0.46257988
-26.986834,100.712456,-5.897198
-13.611502,101.84316,-8.974735
-3.1284072,107.837524,-7.7524486
0.3707174,107.40492,-7.1627197
7.3650556,110.22812,-2.9338999
7.9044533,112.55682,-0.581094
9.675082,110.1397,6.967893
9.897188,103.10865,13.30243
9.816622,93.53799,12.611747
2.5407746,93.82395,14.668125
-8.101126,89.24213,16.352226
-8.540596,71.13196,19.358576
-15.460484,60.743458,23.570286
-25.112507,47.349102,27.021515
-28.96692,31.886038,23.454453
-32.472466,21.622128,15.32173
-32.422882,0.94830847,15.698955
-34.788456,-18.377647,13.649579
-40.999794,-26.641348,8.015591
-38.379097,-43.06889,3.986502
-32.851326,-58.360928,-2.2045133
-25.299873,-74.13535,-2.421778
-12.418837,-91.00894,-3.3764656
-3.615608,-101.33104,-4.235302
6.943663,-122.209175,-2.2201746
18.464165,-131.58667,-1.6518449
24.395248,-134.28058,-0.14283846
30.243576,-137.5583,-3.2993033
35.29147,-129.16858,-5.084005
37.44171,-114.13223,-7.7856903
34.606674,-92.357155,-12.292271
26.101732,-71.47207,-14.746653
17.210876,-45.653194,-15.84626
2.0423813,-24.63279,-11.876956
-14.105586,-6.6312447,-11.208627
-24.657099,12.950081,-8.246636
-36.21088,26.088678,-0.28534108
-39.31817,40.34772,1.9691337
-39.148457,48.799232,6.995237
-40.35398,54.886467,10.159094
-40.782913,56.951385,6.4165196
-41.628136,53.21747,4.9799175
-39.330147,47.131573,2.4425514
-41.231617,37.98074,-0.8319332
-33.60677,27.166721,-1.5804286
-23.65726,14.512133,0.9686924
-18.683163,5.4331317,0.6490206
-6.2385783,-5.177763,-2.1777678
4.095234,-16.005949,-2.1690323
17.087664,-35.62581,0.028461052
27.119795,-58.132572,0.8042189
37.476032,-73.33724,-4.0862837
50.552963,-92.78801,-4.378988
58.724125,-111.35676,-5.2439656
69.193726,-114.77708,-7.7301245
75.79918,-115.82002,-2.3125002
82.95301,-117.38358,-2.844232
88.73716,-98.64335,-3.4852092
85.831604,-88.25181,2.0227897
77.785255,-73.03959,-0.031037793
63.92317,-50.3923,-0.113846175
49.37379,-43.80833,6.1468334
39.319984,-35.223312,10.0004635
27.16377,-34.791546,13.078364
14.278191,-30.13116,13.078285
12.182243,-27.352163,10.717373
11.383105,-30.983864,9.303009
14.021196,-31.021063,8.993763
20.26193,-36.44511,5.0484967
18.416504,-37.768204,2.5977201
23.540382,-39.232426,1.5995475
33.68046,-35.156982,-3.563841
35.892994,-27.004982,-1.6915349
38.159306,-21.856562,0.13447885
40.117897,-14.516306,-0.2872857
33.81014,-4.0444713,0.99269545
32.633553,15.75455,-2.1580274
32.986965,26.236559,-7.0188646
27.728693,36.407055,-12.461063
24.968082,57.793083,-16.056461
14.0601,65.29448,-23.012049
9.447886,72.60178,-31.220665
5.875037,76.34114,-27.847446
-2.7262928,67.11478,-21.837656
-1.9736133,58.738144,-19.13455
-10.543965,48.321148,-14.668482
-16.301334,33.92258,-8.612351
-20.28369,15.766341,-2.6621552
-23.242107,5.840482,-0.5532276
-19.93766,-5.3196588,0.23270507
-19.578955,-15.865193,-2.7711854
-6.4488025,-17.457022,-4.325587
2.8011343,-25.737732,-3.6592827
15.862777,-22.234488,-10.855933
36.131737,-18.644068,-14.947808
48.46318,-14.378737,-20.506021
65.19953,-2.8448238,-25.697393
74.59886,0.6739045,-21.971603
78.1848,15.383572,-20.714401
77.634926,20.730143,-17.542532
73.13174,18.488152,-7.7486234
68.355804,14.9315815,-4.5278807
59.032272,3.072275,-6.125327
48.652664,-6.547572,0.192971
36.857075,-24.796024,2.9214394
31.792746,-32.01076,8.25578
26.891066,-39.406433,17.507824
20.298605,-53.677143,17.2093
18.17702,-53.99884,20.726469
11.995631,-52.65217,22.662123
4.8845797,-40.059235,23.751005
-5.1876664,-24.515093,24.826931
-14.069896,-11.144579,22.005108
-26.482635,11.609645,18.13082
-41.887997,30.423538,8.064567
-51.160168,48.4551,5.0723453
-69.42349,63.039665,-0.99987286
-82.484085,75.94631,-9.981553
-91.47199,86.58626,-11.449549
-97.993164,86.77191,-18.725363
-92.084206,87.77923,-21.822746
-89.82899,80.20665,-20.058289
-84.74135,61.985336,-16.931814
-78.63731,46.781624,-13.017847
-70.10343,37.078712,-11.084793
-55.3983,14.761409,-5.727551
-39.99391,-9.982252,1.6422964
-28.117088,-29.645466,9.943711
-19.9178,-49.372032,16.553751
-7.2544127,-48.625645,22.248281
0.50245804,-54.168713,27.669165
8.058456,-51.012627,29.186565
10.572479,-45.61478,27.824987
12.463499,-46.962944,28.137005
18.289843,-37.88966,24.3488
15.7910185,-41.101048,17.489508
18.301067,-30.657509,15.777863
12.568304,-19.59594,10.573355
2.7984056,-4.738367,3.024164
-2.4825876,15.255976,-0.3760312
-17.04891,27.434711,-2.6205978
-28.945759,46.893963,-6.740132
-40.961258,61.391415,-10.862129
-53.036346,73.90217,-10.373474
-62.68714,83.291695,-13.164328
-74.6464,93.9035,-16.322134
-85.40894,98.44823,-17.55682
-92.606384,95.215515,-16.85636
-97.80412,92.90853,-9.205291
-98.40116,85.70451,-4.951157
-89.830154,79.40424,-2.6861756
-81.63571,68.52086,0.68727577
-66.433075,53.93467,1.282143
-50.030518,45.691433,4.1119046
-44.59848,30.960953,8.536356
-36.372795,17.246994,5.8980174
-26.490969,11.612398,6.5319376
-21.254684,-1.3396572,11.157948
-17.068016,-9.394387,9.323351
-8.065369,-19.96801,7.508058
4.1581855,-36.89638,3.7159507
14.300645,-50.213722,0.5150748
32.542767,-73.689804,0.7881883
57.136032,-90.52464,-0.31752253
72.59724,-103.49568,-3.5694218
84.309006,-107.24422,-4.4630733
90.19762,-93.79842,-3.224993
87.57844,-82.69308,-6.5875835
83.617065,-55.087044,-5.4445524
71.196976,-30.848173,-1.1410209
59.795647,-6.901505,1.9501133
48.081776,18.608446,6.3191624
29.486607,32.94825,7.6572304
18.915512,46.86745,11.971405
4.6425138,43.03955,17.29041
-6.3397255,44.440285,18.644644
-5.244333,38.968338,18.922098
-5.3077064,23.226776,17.344843
-3.8938642,24.88242,17.61998
-6.4507003,24.74041,18.44513
-6.7278385,23.485695,16.985441
-8.421415,34.044834,14.691896
-16.615025,45.73591,9.181514
-19.581854,60.633804,3.023158
-28.736977,79.602394,-0.314479
-38.124966,94.34629,-7.041447
-46.00039,108.27195,-16.573463
-54.730698,106.29387,-14.501495
-54.097557,94.50171,-11.0323105
-58.457043,77.612724,-14.7708025
-57.29383,57.054966,-9.788147
-45.854877,32.367794,-2.270564
-32.78504,4.727585,3.8915937
-11.86487,-17.682407,14.131641
7.2887025,-42.543365,15.943171
24.529245,-56.257248,17.865698
37.57026,-71.17336,20.033642
51.346783,-83.14773,17.159458
64.64522,-83.59924,16.259464
68.544975,-84.41101,12.57724
65.422966,-75.70022,12.372219
59.118465,-65.91676,9.6849165
59.175903,-58.82449,5.1273785
51.611652,-42.138577,-0.3969105
39.894493,-27.9009,-6.6386404
28.688581,-19.306217,-8.082462
17.966932,-6.5848436,-13.697889
8.09603,-1.0036197,-17.052687
-4.576548,3.64075,-19.218058
-3.636172,3.3190558,-21.248861
-2.3699148,3.5316412,-20.31008
4.702775,-0.2995599,-18.938808
18.534178,-20.079174,-13.141941
26.5375,-31.568872,-6.6195736
39.23756,-47.072346,-6.8476043
50.458008,-62.65218,-7.2595496
58.173782,-74.76186,-3.2601945
63.492435,-79.10027,-3.1640618
65.10927,-71.097145,-1.039808
58.226295,-72.07417,-3.0194218
49.452488,-57.61838,-4.5834446
40.00437,-44.58648,1.5134493
28.449244,-38.452377,-4.018225
22.094984,-25.424059,-11.101615
15.807373,-27.815636,-14.128941
15.481702,-31.217077,-14.736409
19.061226,-35.158302,-15.355182
20.257175,-42.42945,-24.685322
24.176641,-45.446793,-25.41023
25.194443,-46.42376,-21.641254
24.969025,-53.412712,-25.231615
33.269833,-56.209106,-24.682991
41.010914,-49.873753,-21.52238
44.290295,-41.99823,-21.884703
46.512634,-27.834045,-20.86861
44.002544,-21.992579,-15.09794
43.38191,-18.838478,-11.87555
41.80621,-11.525011,-11.69777
36.508305,-16.251236,-6.505324
35.53291,-30.687935,-2.3424516
34.444855,-38.926994,-0.0002485256
30.072681,-42.76971,-0.5205922
23.403458,-55.536236,-2.7826858
18.684994,-71.43556,-2.640349
16.69851,-78.88449,-7.085009
8.592908,-82.489975,-4.617233
3.1898916,-82.90794,-4.1953206
2.861735,-78.89134,-5.840771
-0.6235879,-76.80669,1.6534017
-1.0603479,-71.2111,4.996907
-3.7105958,-62.24751,9.282153
-10.492055,-48.544388,6.5842834
-12.984556,-37.904236,4.3770747
-15.079772,-25.85324,3.8200102
-21.803719,-8.357299,0.03834487
-24.197845,0.1781012,7.6021976
-26.613186,12.548551,10.100466
-32.115364,21.516287,12.897291
-30.76283,28.010492,21.195969
-30.880678,40.927273,23.15123
-27.997301,44.11625,24.450237
-20.369272,42.52953,29.736805
-11.290139,51.58549,30.475061
-5.3987427,56.525654,26.14266
-5.869333,55.071297,26.908564
-6.241141,64.53603,23.873953
-17.387825,72.48658,19.7484
-25.95695,82.33502,17.128643
-34.550262,96.06868,15.084388
-51.14229,107.00236,14.7770405
-59.411873,122.23278,11.642396
-70.782364,136.14352,9.757727
-87.35688,150.93904,4.358318
-102.568794,165.70566,0.5900185
-117.49663,175.63991,-0.8503264
-132.10588,191.32402,-6.0635047
-143.41896,201.62279,-9.844552
-152.4473,203.14368,-10.741617
-160.03397,207.06761,-6.8935246
-162.4129,200.09491,-1.4685875
-161.00824,186.17293,1.4303601
-157.07732,167.36705,-0.021346366
-145.70058,150.74394,-1.2820891
-128.10196,131.89354,0.85872364
-114.21673,99.0008,1.4662924
-96.51479,81.86911,1.2442431
-79.97151,60.134476,0.8093338
-71.24888,36.598717,-0.27327284
-58.622,27.0084,-4.647299
-44.000217,9.124296,-5.210375
-29.276253,0.55796397,1.0796413
-14.760473,-9.132491,4.767156
-1.3348222,-13.976399,3.928069
12.516915,-11.9067,2.5929189
22.649252,-18.759296,3.3829608
35.488667,-19.969593,-1.0038705
51.4196,-24.67563,-0.6547631
61.310764,-33.243473,6.08757
74.36153,-37.926697,9.372093
76.93217,-46.296432,11.156733
75.14092,-57.54344,13.368923
80.45724,-62.088657,17.428574
70.824745,-63.03035,14.359574
64.68986,-64.19016,10.686235
63.330322,-63.78064,5.201617
59.055286,-61.667156,1.636332
61.742928,-61.086346,1.9992845
64.29423,-56.50585,-5.818416
71.446945,-44.019215,-10.230143
78.79481,-37.52844,-12.482125
83.3528,-34.792637,-11.307002
98.611465,-33.615078,-11.689147
113.969345,-33.346344,-9.401049
122.86312,-38.23164,-1.9336597
133.70259,-53.65533,-4.320478
143.48965,-64.47964,-2.4055169
151.56807,-77.953636,0.43567404
155.58885,-89.07063,0.26127964
157.11736,-87.16257,4.499479
154.48041,-84.84873,5.5718007
143.29134,-78.056076,5.764123
122.21989,-76.9529,8.138789
96.97962,-77.65601,5.7766504
73.37366,-69.10569,6.899545
48.34876,-65.19283,6.3963866
26.438011,-59.026535,-0.75247
1.8859642,-49.534946,-2.052415
-24.419651,-43.221954,-5.601597
-41.120678,-36.375538,-9.2591505
-52.887676,-31.273346,-12.675267
-63.404686,-28.098602,-17.609016
-69.65448,-18.672726,-17.561018
-70.07059,-8.231517,-22.507532
-67.03586,-0.12493293,-26.533298
-67.55239,9.2457075,-20.627518
-64.24876,12.6233635,-17.200174
-52.71017,16.341255,-15.346883
-40.270016,19.640371,-10.170518
-31.303274,21.448051,-8.338887
-27.704624,31.709023,-8.061428
-26.003408,37.335064,-4.4225755
-26.32432,31.73053,-3.0956452
-23.110025,23.169697,-6.229475
-22.598394,11.909242,-4.0374393
-26.42625,-2.5891154,2.110104
-25.20316,-19.477783,2.6517653
-30.6897,-32.650906,1.5189319
-38.82048,-41.862442,3.9604359
-42.901306,-45.832497,7.1406054
-40.98894,-47.787445,7.0540314
-35.915936,-49.136646,4.073675
-39.595184,-34.705593,0.064451694
-40.831707,-21.951216,-6.6744256
-40.235073,-16.154877,-16.398977
-44.0237,-4.18288,-23.797266
-39.031002,1.0655427,-29.65328
-30.591188,1.366387,-31.744165
-22.395092,-1.4568193,-24.438803
-13.927317,-3.9791148,-20.864153
-10.79549,-6.6707535,-18.351679
-3.466391,-13.114684,-11.089643
0.8788227,-15.515612,-9.968903
0.35964006,-17.39632,-8.718117
-0.7726986,-23.958267,-5.79334
-0.9635942,-30.799929,-3.6444275
5.6280017,-37.70409,-0.3966224
6.670389,-45.15539,-0.5802473
6.417941,-48.55261,-4.289488
8.894359,-47.302753,-5.4723053
6.855428,-42.323868,-2.3260143
5.2816796,-41.39255,1.0101001
4.533735,-35.288467,3.7224205
4.813669,-25.135735,7.19267
4.594196,-20.575386,12.053994
7.522046,-14.701233,16.20152
15.5092535,-11.770039,19.232573
20.068632,-16.136663,23.191216
28.765072,-21.945156,25.976778
39.579746,-25.825586,29.551785
48.632816,-28.651077,33.730713
57.43684,-31.439625,37.408024
62.317814,-42.206802,42.299545
63.048378,-48.64335,40.95755
57.814217,-50.249714,34.312782
54.695377,-52.352364,31.5168
50.783096,-46.230827,33.009163
43.294697,-39.150936,26.31579
35.728947,-23.510624,16.77833
21.19082,0.49040648,14.4171505
5.283477,32.311523,3.5288787
-9.742531,59.662624,-6.99172
-28.787193,78.39887,-11.709582
-41.320004,105.75454,-15.593374
-50.54673,120.16476,-18.996685
-63.58299,136.73018,-23.960098
-69.135315,152.69434,-21.641483
-67.435555,147.63623,-18.813078
-63.646835,146.86794,-16.875626
-61.841343,141.75595,-11.249535
-61.312397,129.75244,-4.6171246
-55.721294,116.78355,-2.445299
-55.593613,103.49381,0.14053895
-55.634808,96.483086,4.097341
-49.249733,88.56699,5.6066813
-52.672443,80.7289,11.511923
-54.024357,75.908134,12.653839
-51.45502,66.45773,11.190273
-56.303493,58.669117,11.7586565
-53.591175,59.520844,9.237677
-45.495827,50.38971,2.6638055
-43.912334,34.847282,-5.5545826
-36.40783,23.073156,-4.6195107
-25.555542,6.5487113,-4.780247
-14.589189,-4.4766607,-6.408718
2.2859902,-17.342308,-4.8711166
16.480602,-34.98565,-7.9352436
32.34265,-46.06294,-4.098505
41.41231,-53.78565,-4.9439836
46.017735,-58.113907,-10.007894
48.26641,-62.64554,-13.496717
45.246902,-63.111862,-21.724422
44.203384,-58.2052,-20.410822
40.969494,-55.225147,-21.878778
39.933487,-54.3836,-22.938221
33.88006,-46.728184,-18.541893
30.013077,-36.370934,-13.625485
23.664747,-24.507952,-6.854606
15.457255,-12.978131,-3.860187
13.985324,-5.4940915,4.8020716
6.084153,5.862033,10.920788
4.2988195,14.289126,10.120061
-0.18072727,20.564564,11.994566
-4.90189,22.737152,13.61372
-8.712428,26.377224,10.362075
-20.187468,31.429832,10.090158
-22.236032,26.614319,8.525874
-21.993286,17.868849,2.701553
-25.636145,4.0140944,0.39141685
-27.841478,-10.714686,0.17444727
-29.592766,-21.855734,-0.33624676
-29.69625,-31.177906,-6.893036
-28.115028,-34.63451,-7.7561994
-28.356924,-31.354319,-6.457765
-25.904413,-25.946016,-7.141355
-22.584728,-18.562714,-5.3356447
-19.568558,-9.957648,-3.1352448
-16.427399,-7.0852604,-0.4131614
-18.493847,-6.1298165,-7.0027227
-24.95364,-1.644413,-10.000051
-37.163536,2.551715,-7.740115
-42.895905,9.30533,-8.4260645
-46.01679,17.722296,-7.0974216
-52.857082,27.589798,-5.5403643
-47.55532,38.4601,-5.8191547
-38.437668,46.851105,-8.156252
-22.171972,55.29859,-7.405191
0.24356088,54.58408,-4.4407353
17.9236,46.8194,-0.9292169
42.090225,34.15067,6.5146985
70.12623,11.525898,13.093469
91.566734,-10.955348,15.909378
104.66503,-35.5621,25.010101
115.39252,-58.88534,31.880276
120.87666,-72.083626,32.882637
122.10192,-88.742516,32.649334
122.029305,-104.97338,30.331367
116.34794,-118.06532,33.372665
110.785255,-133.15894,33.656277
100.7953,-138.70715,27.977728
90.549065,-136.98866,21.777472
80.23164,-130.50385,20.382914
69.581856,-123.4567,15.861656
65.19213,-112.657776,10.746333
57.33041,-101.90514,9.488903
55.752735,-94.090225,3.4859178
55.721203,-71.61575,-0.555084
50.733147,-52.675735,-1.9156282
49.27712,-41.01842,-0.84554356
40.29073,-21.345224,-4.961572
27.665537,-1.0554566,-7.5930324
18.23993,16.813251,-7.6767178
11.851572,34.30626,-10.489563
9.3536625,47.980457,-4.8210125
6.384776,52.249874,-6.0466137
8.6030855,50.037956,-6.965941
12.464652,46.150654,-1.6380817
12.156565,38.87125,-1.8624113
14.254956,23.356827,0.434424
17.064457,10.384253,2.6818547
20.368574,-6.4096985,6.72539
22.993715,-25.68982,12.54745
16.873909,-31.657568,14.725094
9.263358,-39.516895,12.46708
3.0558767,-42.394566,7.4035172
-11.043333,-36.729485,0.08272966
-24.305628,-23.037785,-9.761319
-38.74588,-5.7302027,-16.711153
-56.99674,9.688689,-22.609575
-60.78566,34.450516,-21.413567
-63.655678,56.653885,-18.395052
-67.859436,73.460396,-17.252346
-66.54319,87.01202,-10.858784
-67.74034,101.306854,-12.125607
-60.688866,111.51585,-11.582207
-57.71995,111.394356,-8.267807
-61.70299,115.06811,-9.061634
-64.94708,116.45253,-6.2779584
-71.90759,113.14588,-9.717488
-78.38213,110.99275,-16.396841
-82.990845,104.619,-17.614578
-83.639244,97.63672,-17.785492
-85.04547,97.66288,-18.51195
-84.03011,89.502014,-15.610143
-79.78048,72.68581,-12.581751
-77.70898,63.83814,-11.72912
-75.66255,54.469242,-9.568528
-71.913536,43.68904,-10.674718
-65.99937,34.377308,-10.697661
-61.739674,30.481037,-5.563064
-52.240116,25.809635,-4.8392935
-40.86903,21.462759,-8.861089
-33.792236,22.591805,-8.731526
-26.40567,19.254587,-7.6264644
-19.298246,15.656128,-11.261028
-11.3135605,8.89712,-11.688823
-4.7891526,-1.6559682,-12.72583
0.81689364,-8.48146,-13.614801
4.771381,-7.898726,-12.419957
3.554546,-3.672707,-14.338999
-3.085515,3.1491954,-10.989668
-13.534771,8.56531,-8.441757
-22.617619,12.871487,-6.9150715
-30.991034,22.840477,-4.593325
-40.106438,36.56748,-4.8477454
-46.51077,46.95418,-4.9617066
-50.138863,50.317036,-9.791269
-46.897865,57.68385,-10.662657
-41.22858,57.9727,-8.493994
-37.018734,51.083305,-12.527735
-29.046402,46.38362,-13.965636
-21.762602,35.12472,-11.725212
-12.784033,24.929594,-8.088893
5.0921907,16.418352,-4.023956
22.608763,1.6310054,-0.8499036
35.137253,-14.681716,1.7133306
54.097157,-24.597843,1.1208463
72.23984,-38.76009,2.30661
87.466866,-53.55116,4.09149
99.073555,-61.9963,4.2576666
104.706024,-79.66513,9.265838
110.273994,-99.622444,10.203718
108.21284,-115.30343,6.6386228
102.88535,-123.89183,14.03856
93.64866,-121.08259,19.907602
79.195435,-118.229355,18.90422
63.241295,-120.66157,23.690678
49.685543,-122.92611,24.53699
40.475166,-115.631676,21.524979
28.854605,-106.00083,19.001184
21.449154,-100.291275,18.49774
9.802114,-91.5912,19.427711
-1.6847622,-82.02998,16.71966
-4.817409,-73.077034,17.912613
-12.533731,-67.53649,19.171926
-15.912613,-60.630024,19.01819
-18.427908,-50.83586,16.749086
-20.731934,-41.62942,17.841993
-14.556354,-28.316381,24.235231
-10.887012,-18.081581,22.459515
-7.276093,-3.8829284,19.046968
-7.5622525,9.8967705,13.3868885
-8.41092,12.844868,8.501281
-3.577159,10.87134,10.401607
-3.6215765,4.033807,8.77932
-2.5316525,1.6230811,8.33664
-5.7521434,-1.1153592,9.118215
-11.984246,-4.5062566,7.207693
-17.424522,-5.8660207,5.630714
-21.317331,-6.9130144,3.987099
-16.572905,-4.6306634,6.448225
-15.702721,-1.5268292,4.1111846
-16.13925,7.653188,1.9322853
-13.724304,16.21837,4.4290285
-11.10035,19.626404,4.288113
-4.8628273,23.234148,8.843759
2.3664541,25.304817,9.485042
10.317115,25.459894,8.642909
17.551796,28.034966,8.425256
24.773933,28.155441,4.3451495
31.008928,21.434988,3.1625447
32.00718,21.700817,-0.23407537
29.41806,20.630371,-2.9263368
28.264065,15.794191,-5.314284
31.791246,16.462172,-10.907621
28.257622,14.455497,-8.378342
21.549177,13.245381,-5.7470546
20.248468,11.898145,-8.640873
14.230377,10.478729,-4.66356
9.098541,7.950804,-1.7530487
3.683926,-0.8679741,-5.975089
1.8050343,-10.316675,-5.473445
1.8221725,-14.907955,-0.45727795
0.9572078,-19.835684,1.926915
7.297606,-29.449274,4.635329
10.919419,-35.67198,8.44362
18.331156,-36.38757,12.512562
27.620028,-37.615665,12.829903
32.3996,-42.887196,8.728045
34.51059,-44.22203,6.982083
36.606472,-38.52259,4.1944647
40.059917,-30.516836,4.4311147
37.200314,-22.344404,4.065365
34.864944,-13.789706,-1.7944143
28.807621,-2.566748,-5.0800843
20.371998,14.109245,-13.120555
11.692162,31.733736,-16.166233
-1.551861,47.515068,-15.408123
-14.846583,70.52291,-23.58949
-27.861568,84.68735,-25.404613
-34.427296,91.32028,-27.648767
-45.59536,104.529724,-32.880466
-53.038548,106.85218,-30.450424
-51.123905,100.76944,-30.179016
-53.42537,93.09145,-26.543592
-50.33716,84.223,-20.76973
-44.72448,77.68586,-21.932713
-34.418537,64.040504,-21.126938
-24.370384,47.042187,-17.379246
-19.050478,35.80543,-13.476248
-12.060682,23.407019,-11.603336
-7.803493,9.116916,-4.314297
-1.7846923,1.7341282,1.7539587
-1.9645433,-2.9445734,-0.6438797
-4.533262,-12.607088,5.36166
0.54897505,-18.91522,10.031792
7.423303,-21.204777,13.326082
8.517031,-23.243149,18.272957
6.168006,-19.51289,14.878705
7.892517,-14.649038,13.506631
4.721362,-9.697644,9.848376
3.6025236,-5.9419494,3.6246743
3.547875,-7.626578,-3.0363288
3.0925152,-5.1858664,-8.108917
7.238599,-1.2078412,-9.09146
8.711708,-3.55628,-11.671053
14.497629,-8.931114,-13.637489
11.167981,-13.33748,-20.954275
2.5025501,-16.750841,-22.165125
1.1052419,-22.533028,-17.329365
-4.509919,-29.977772,-14.728672
-9.362988,-32.96441,-11.570817
-15.999692,-29.971663,-10.082706
-21.762516,-27.518217,-4.593626
-28.970964,-24.309286,-4.241102
-41.65299,-15.474285,-3.0393019
-49.789703,-8.520241,2.7944288
-51.341064,-8.587735,4.792843
-49.805355,-5.4258766,10.298887
-47.75246,-2.5796807,10.90042
-40.519897,-4.9693613,11.305884
-31.392729,-3.8796525,14.615498
-21.492012,-0.14693293,10.704892
-9.201901,1.5277971,9.788327
-2.9866223,0.19789852,6.813995
1.7045281,-0.8050168,6.3727407
10.045244,-3.2847059,8.285788
15.01998,-9.36146,5.6379323
22.53047,-16.342407,6.974181
24.758976,-21.772202,5.072343
26.520926,-27.119955,4.1903243
33.537018,-34.058746,4.7508545
32.12151,-35.86184,5.586321
33.838974,-35.230335,3.3791168
34.56746,-36.103058,-2.6900015
29.611202,-34.90065,-1.5730472
27.098404,-34.026516,-4.519295
21.058477,-32.200222,-10.627837
16.69516,-29.278088,-11.337635
16.094395,-24.234573,-13.465875
12.356589,-19.94639,-16.85638
16.14526,-19.803642,-15.820328
20.18707,-17.904049,-13.31965
19.691431,-15.5002165,-13.625735
20.584246,-9.900782,-11.449572
17.151766,-3.445188,-9.172674
14.182535,3.6712434,-8.20861
7.5925694,16.658594,-5.649395
4.278497,21.412271,-1.2857568
0.16264722,24.886398,1.5971725
-13.652076,34.50672,0.09134048
-16.001987,44.205833,1.2905654
-18.433523,54.004623,3.3121848
-21.261774,57.336853,2.0460482
-17.138235,63.340874,2.0633633
-17.853788,61.762615,6.8086762
-9.4628725,54.92338,10.629503
-8.242369,57.82523,14.11544
-14.205295,55.07487,17.521122
-14.299073,53.662678,16.301588
-20.347908,53.44046,17.017525
-25.179407,56.325798,18.156214
-28.151148,62.748436,18.58915
-31.743795,65.3952,15.576505
-38.840633,71.96593,14.486834
-41.48574,74.28958,15.944371
-41.640537,76.34061,10.662391
-44.222134,76.72809,8.281625
-42.94639,70.10352,5.6209292
-43.829903,59.6638,4.5660133
-37.881424,48.33748,6.279997
-32.73386,37.480236,3.4835417
-32.205322,28.112057,6.720399
-23.066202,25.415482,7.970644
-19.808235,21.483297,4.926052
-19.482517,19.162685,5.862918
-14.580909,8.066743,5.0583363
-8.465358,-5.9455895,3.695358
-3.6066406,-12.420162,2.1368575
-1.2540662,-24.942478,3.8530538
6.2152905,-40.710514,5.277334
12.9792595,-62.220184,8.57247
21.143261,-74.43528,10.030662
27.700174,-81.24574,5.5236425
28.234766,-88.9861,7.582903
30.621758,-90.1499,4.245463
32.2316,-94.5809,6.063794
33.774303,-93.00132,10.298375
32.752808,-90.158325,6.1850023
32.867973,-88.39436,8.54276
37.852013,-85.26851,3.1154418
39.83102,-83.1578,-0.91082126
42.082188,-76.1575,1.0650336
49.213734,-69.296036,-2.7393172
52.36613,-63.76309,-3.3842556
54.367294,-61.58166,-1.7104498
54.506603,-52.296597,-3.9659712
47.22752,-40.35423,-6.132897
45.680824,-43.45814,-4.7086315
47.339123,-45.22183,-7.059892
47.102745,-48.17186,-4.8589225
47.077824,-51.213753,-4.1575093
47.30531,-49.715405,-7.2600164
48.72079,-56.489597,-1.8189917
45.857464,-56.681774,-1.1728135
43.777187,-58.798805,0.13462839
46.20222,-70.04657,3.768882
38.47504,-73.76168,7.412008
29.837528,-76.01383,13.228179
30.30362,-77.05726,14.368216
24.413813,-70.220566,17.895012
23.165062,-65.9091,22.039513
29.258593,-60.773582,21.815395
28.999718,-41.34269,19.374203
28.289568,-22.899612,13.760908
21.815664,-9.13781,8.986478
11.945412,4.330322,6.8234663
5.6732507,16.611551,2.5889742
3.374053,34.941166,1.5119601
4.775935,49.61706,-0.8984765
0.62687355,58.264866,-5.7493005
1.4869347,67.486885,-7.4193096
3.0650723,75.45661,-13.036613
-1.2656245,84.86947,-17.291534
-2.8671074,91.83188,-19.01489
-6.598098,92.25158,-24.337524
-14.070656,95.747894,-26.037573
-19.146393,96.002754,-19.89309
-19.169096,84.65595,-14.247671
-22.715714,82.38349,-9.993182
-27.004093,80.915276,-4.522224
-32.87792,71.64424,-2.0484498
-40.32339,68.05747,-1.3808177
-49.128193,62.86806,1.0760311
-58.364037,63.259884,6.0700536
-60.019775,59.101814,9.738064
-63.02758,47.572964,9.600991
-65.536964,45.92632,6.2077494
-71.84099,44.06817,4.2131314
-79.879456,47.366455,4.972292
-81.75916,56.03571,-1.4334806
-83.477776,58.995846,-6.3293753
-76.8451,57.506596,-7.740134
-68.04305,52.160034,-11.305533
-65.5333,47.83498,-11.351349
-60.08989,44.148922,-14.823415
-53.38053,35.580208,-16.0907
-51.235653,27.501694,-14.024122
-44.255,21.858658,-16.675161
-37.171875,13.785388,-18.490364
-33.699287,7.270412,-16.45494
-25.815979,-3.7071476,-14.413089
-15.204201,-14.202302,-13.466409
-4.3348403,-24.419027,-10.334253
2.5566626,-38.45817,-6.429966
8.342982,-47.09157,-3.5155342
11.776473,-64.21069,-0.41136837
15.757122,-82.882935,3.737719
19.133142,-93.13912,7.504822
18.075638,-100.28952,9.342262
20.464855,-102.07357,7.339166
25.199608,-96.80249,7.591888
23.905155,-90.03439,5.3055835
24.980425,-86.307076,0.36146793
30.34191,-76.13263,-0.4454399
26.644476,-64.05255,-5.9328294
22.04955,-53.09626,-8.965748
14.984724,-41.630375,-10.194557
8.913931,-29.63143,-11.071952
8.996661,-16.079502,-7.0022216
1.4308523,-2.9628305,-7.0940566
-9.515033,17.933266,-12.675734
-20.594849,34.18715,-15.071039
-27.124838,44.532864,-12.458045
-31.672094,54.060837,-11.479276
-40.041744,54.312202,-12.073074
-34.749943,59.41905,-10.007382
-30.888151,68.12101,-7.266693
-29.115664,72.04593,-8.408521
-16.081306,73.932365,-8.032577
-12.866519,78.499054,-8.231451
-8.795936,85.31293,-12.971459
-1.8612517,84.63924,-13.558025
-0.39273474,84.43235,-13.811408
0.4102313,93.8907,-15.194667
-0.23714043,97.6444,-17.734442
0.14208126,92.97693,-21.733301
-1.67169,88.013504,-18.673204
-0.5768589,83.262276,-14.320206
-0.9438676,77.08599,-12.257831
1.3971617,64.230515,-6.6613317
10.194904,50.19344,-3.6664002
9.159949,34.038776,-2.2017298
8.832612,12.281456,3.3045862
10.983703,-4.942609,8.029113
12.441762,-19.786798,11.655283
15.162224,-34.91289,14.629879
17.18782,-42.074585,17.42365
17.923332,-48.453606,16.077532
13.539677,-52.965313,15.328518
15.638533,-51.02273,20.024364
21.80338,-49.75165,20.767084
28.176748,-47.241276,22.538551
34.460487,-43.823593,22.945469
37.916203,-41.20789,22.707743
41.651493,-42.795185,23.942327
41.34886,-39.48919,19.086748
42.182537,-36.23547,21.249233
42.32413,-34.6582,18.038511
37.60306,-23.842451,11.828424
30.033224,-18.099342,10.548366
21.660328,-8.252369,5.983811
20.284498,1.047503,8.757298
12.928967,8.544808,7.126074
4.5663667,20.606995,9.117563
0.16605927,25.574656,8.844584
-4.8833084,32.18351,5.69563
-3.0956573,36.28138,13.178904
-7.699019,45.183796,7.138894
-12.351338,52.962486,8.062135
-15.646496,54.490177,11.597626
-20.493052,59.617577,4.0903325
-19.4226,59.096737,5.26193
-21.029856,58.287666,1.3712027
-20.218248,56.86137,0.35046968
-18.065084,53.834457,-0.61895597
-16.456629,39.724083,-0.02009318
-12.043144,25.09627,4.359856
-8.346854,16.60806,1.4201221
-2.3463526,4.290179,5.5498757
0.89705753,-4.727415,10.759803
4.9565024,-15.153854,14.200737
9.921304,-18.075579,10.712309
14.805373,-21.853428,7.856553
18.577366,-26.838287,8.082224
15.823302,-24.967178,5.8368278
19.397589,-28.940237,11.0567875
25.347322,-29.802794,8.255203
27.04408,-28.627699,5.84739
24.001522,-34.335308,4.335738
18.992403,-43.640594,-3.6568916
19.015936,-53.24175,-3.4235256
16.86027,-63.289333,-4.5963607
17.402706,-72.21228,-10.596943
17.455042,-80.737076,-15.089427
12.543026,-88.78635,-15.167658
11.284497,-94.53486,-16.638273
8.870546,-103.36667,-18.19669
11.783382,-109.56422,-18.18747
9.438393,-112.320496,-22.360126
4.8067913,-112.37346,-17.274136
13.6831,-110.65308,-12.869637
15.848206,-109.75947,-11.65882
23.916864,-106.130554,-6.5943875
33.82416,-103.89946,-4.6683536
36.265953,-99.89886,1.1635649
41.45764,-95.80565,4.222959
40.025604,-87.41828,7.187017
37.554756,-74.63216,10.281393
29.868954,-64.425385,11.552514
23.188637,-47.476494,15.547443
9.69569,-29.888035,14.865963
-6.9200573,-9.883977,18.249537
-15.408145,11.267334,16.147419
-30.07155,29.881958,12.667224
-36.81076,46.848236,13.525934
-47.84937,51.845825,5.7727795
-60.27979,57.023323,2.3848386
-64.28698,58.50648,-1.0971093
-66.51305,54.676247,-5.322758
-60.957664,53.000313,-6.5351877
-56.37484,39.78585,-11.059378
-45.57732,21.944399,-13.010104
-32.00772,7.088322,-13.591549
-21.398212,-10.721937,-13.420952
-3.9647207,-29.090885,-11.906712
17.388859,-44.394848,-11.401228
32.738815,-59.044937,-8.7583065
45.041214,-76.436714,-5.2192864
60.528275,-90.32067,-0.4349881
71.69845,-100.391815,0.8653111
79.31436,-110.07987,4.345705
82.972,-112.53086,11.268493
84.53493,-113.19358,9.463834
82.9707,-110.585884,14.172224
76.379776,-99.07598,21.295881
73.968994,-88.98248,19.918085
62.35971,-78.3569,18.981201
41.020153,-61.79547,20.909187
29.759365,-43.504112,21.706114
23.642904,-30.731564,19.607168
14.265735,-14.345268,20.167793
3.2718875,12.279398,19.142212
-5.344629,34.73082,16.47499
-12.434104,52.15299,10.602347
-17.952309,71.45539,2.320647
-19.507454,88.267715,-1.6921732
-24.49478,102.694984,-6.7971044
-26.249664,115.30799,-8.425592
-25.829283,120.22076,-8.307526
-31.623827,123.319435,-7.9681525
-32.838627,128.81949,-7.4184256
-36.7525,128.30383,-9.6377735
-44.2943,124.799355,-7.4736595
-49.639507,125.26558,-10.954068
-56.93592,119.60583,-13.558373
-61.76606,114.70096,-12.443057
-66.82651,108.405464,-13.270087
-70.87854,98.54136,-9.402056
-71.9607,98.8387,-10.982961
-69.66754,98.21663,-11.104576
-70.446175,101.045,-6.805626
-77.86881,104.5831,-8.953249
-76.051285,107.510765,-14.109618
-76.465935,112.61075,-15.182722
-78.19052,115.43429,-15.812887
-75.39691,122.55948,-19.090992
-82.45212,124.806076,-19.42776
-85.71256,129.12675,-21.16549
-85.74755,133.81305,-20.458408
-88.327385,132.38805,-16.86776
-88.31169,137.90988,-17.11415
-90.82898,144.28702,-16.56363
-88.85193,151.93346,-15.564389
-81.04883,161.89857,-17.252295
-74.22843,158.75288,-19.44879
-64.22635,152.02379,-20.853632
-53.72866,142.50806,-20.8958
-47.867172,125.89359,-21.479546
-36.100426,110.46832,-20.937454
-19.354778,88.00555,-17.684034
-13.235975,67.071266,-19.455282
-6.811344,45.926056,-15.9709015
1.5370464,23.01422,-14.420164
5.624592,3.0039353,-16.585627
14.0728445,-23.189474,-9.438796
22.002586,-38.513775,-5.486106
30.338518,-53.794582,-3.5711315
35.870716,-76.98835,-1.2632202
46.19957,-97.63219,5.706007
57.49896,-121.269585,6.438191
63.28915,-135.3918,3.556991
73.801544,-151.67288,9.250931
79.69914,-162.16371,12.090151
92.017296,-164.67644,13.699238
99.22735,-175.06532,11.197655
104.302124,-177.5104,12.527248
118.83624,-182.68665,12.795557
119.42318,-188.24559,11.2831
121.3129,-184.09407,13.8661585
126.85457,-180.42715,11.78169
125.14082,-177.48416,14.880533
121.761375,-171.86136,15.659381
118.20221,-165.04153,16.958124
113.82255,-153.55084,20.653511
105.83724,-142.65875,20.294388
99.49353,-135.55373,21.655075
92.68447,-119.260445,17.815845
84.66788,-105.466385,20.905905
73.52125,-92.881134,25.640148
61.747818,-80.85163,21.729527
60.35537,-77.925735,21.846275
51.567574,-75.74406,18.136969
38.57377,-68.3714,15.012438
30.9748,-59.606842,13.196634
23.093204,-61.193935,8.785041
18.039728,-58.914135,8.987313
9.596472,-50.394783,4.9692044
4.714492,-44.386044,3.5068848
-1.8585451,-38.08265,5.938778
-5.6893806,-34.95551,3.8680189
-3.5731585,-31.084608,3.9026346
-6.3973565,-27.004446,6.6894636
-2.0372975,-25.15065,7.4725933
-1.9468589,-17.471859,10.631899
1.3316296,-10.636576,16.102158
8.747866,-6.1849995,12.310045
10.383976,0.18722618,11.556329
17.753805,1.3519893,14.411846
10.829777,7.4663253,13.4248295
6.568369,15.795192,13.402377
2.7078695,21.162205,11.088033
-13.00941,29.939331,11.829654
-19.103567,36.93215,8.608683
-31.94695,44.395943,5.9536457
-44.297535,51.29717,8.529379
-58.78286,56.265396,7.3937325
-71.47606,63.002472,10.796663
-79.65964,72.035065,14.47254
-95.04872,81.2869,11.674842
-101.05177,90.07224,6.7264986
-109.87111,99.03637,8.2159
-113.61535,105.24104,6.9813676
-118.0243,110.69792,1.3591713
-122.66871,115.258644,4.0585146
-120.82397,118.12511,-1.3378869
-126.77325,117.82763,-7.4767833
-119.643394,119.98364,-9.974997
-120.20734,120.12324,-13.208344
-118.5447,114.73312,-9.670402
-107.52491,111.249504,-13.525238
-106.12497,104.87748,-14.605663
-95.28741,104.04039,-10.109157
-88.09499,99.2946,-9.839453
-73.04353,88.282455,-7.744438
-58.22071,86.15567,-8.429224
-52.389736,79.58074,-6.8450685
-39.532772,70.06202,-8.612121
-37.002754,65.77269,-10.361896
-29.958988,60.92852,-5.7566304
-25.303648,53.534283,-11.036724
-22.450686,45.892696,-13.355233
-11.594255,36.9308,-15.473448
-9.557175,25.696419,-18.86273
0.26437593,15.625894,-17.208017
6.5773907,7.7291303,-22.733587
11.417605,7.315629,-24.979708
21.235325,3.772628,-25.864927
27.60428,-2.0400505,-27.702772
38.387726,-2.8809326,-25.913301
41.83544,-7.4427185,-24.11188
46.77736,-11.583319,-23.866415
46.746994,-19.020546,-25.08812
45.99144,-24.587612,-18.92452
52.615265,-32.099422,-17.313826
46.374016,-42.568645,-18.577742
43.079323,-45.337566,-14.189035
35.19519,-47.263992,-16.096905
26.634947,-43.069412,-15.793545
25.141354,-41.468925,-15.48826
15.938064,-45.163322,-12.545969
18.465582,-40.065384,-9.254333
20.744604,-31.782064,-11.034953
18.693714,-30.98943,-9.271027
19.224464,-28.481083,-12.81608
16.840408,-22.712778,-13.117779
21.961634,-23.665861,-11.463546
26.81539,-22.872889,-8.570933
33.69189,-28.120626,-5.3530602
41.09323,-29.72767,-7.1474247
47.97695,-25.123783,-1.6815795
55.941776,-29.799862,-0.075427175
57.66127,-39.081543,1.3945031
63.120937,-48.98987,1.8535435
61.07497,-55.97291,-1.7187063
58.52538,-65.634415,1.0367938
59.493782,-73.06371,-0.98211575
55.703976,-85.28196,-0.37319893
61.298176,-96.40896,0.79970163
62.22139,-99.843475,0.8693562
60.763966,-105.4922,5.924793
66.49245,-104.48541,4.9068856
68.31404,-108.02398,7.2264714
66.91918,-106.20586,10.88745
71.02315,-100.61003,10.420141
75.16633,-103.587845,13.30801
67.90211,-95.71059,13.0861225
65.12605,-88.669914,11.242875
65.86345,-85.309296,10.737096
56.604843,-73.168884,9.344094
51.575466,-60.97527,9.402051
46.513844,-49.559204,6.32357
46.659256,-34.88918,6.6696587
49.77107,-24.584225,12.395408
44.324764,-15.639706,12.42228
42.90132,-5.939573,13.14427
37.75237,1.8226564,13.608737
35.485897,5.1626472,14.497397
33.1308,4.0688605,20.669086
31.713303,8.077806,20.52136
32.103413,6.5232778,17.332144
24.368858,4.5943217,20.360699
26.176508,6.893732,17.877714
29.552567,-0.15121329,15.163932
31.58318,-3.4023583,17.292019
27.502636,-1.6685995,8.299636
19.567839,-1.0298439,7.1210947
16.997152,4.1599026,8.066473
9.773906,10.7464285,3.4552574
3.7427711,13.950184,7.9352264
-10.385449,23.80771,4.199661
-23.270906,35.11457,2.7609398
-34.820805,42.49759,3.3268168
-53.149254,58.103554,4.957769
-60.559837,64.50604,11.88184
-68.677795,68.6251,12.007209
-76.97299,80.13748,15.901935
-83.03191,84.95665,15.85844
-87.168144,91.58051,12.7128315
-90.05321,97.565636,13.750265
-90.87105,102.910614,11.180659
-84.755585,109.919075,9.355925
-81.53188,110.30898,9.751761
-67.527435,111.25243,7.9643965
-56.47545,112.181816,8.24675
-51.41904,106.598404,7.5544076
-39.37227,103.248505,4.014331
-36.855427,96.43456,3.5430033
-32.429855,87.55253,1.367193
-26.56258,82.50317,3.349297
-21.945217,70.64452,3.1156323
-16.627638,61.24888,-0.31539044
-16.554249,54.16878,-2.506308
-16.385239,44.411922,-3.1576982
-21.535402,45.875847,2.7413251
-28.533907,46.31318,2.5100348
-34.580597,38.599983,2.3031979
-43.442528,36.589336,1.8586375
-50.737164,34.658775,0.2890115
-57.540226,33.180164,0.8132368
-61.927097,29.48265,0.501746
-67.257385,21.522285,1.7174188
-75.08672,24.076857,0.21852663
-75.19537,22.128826,1.1809249
-78.15142,15.082663,0.85045785
-79.22891,17.052557,0.92984885
-77.67283,15.779383,4.234537
-81.830826,15.346796,2.7121403
-81.41566,10.993251,3.239216
-84.58249,8.715478,5.1340218
-80.58243,12.497165,4.1521664
-74.44675,7.1153164,8.061762
-69.25869,6.7427874,7.34198
-62.998936,12.52868,6.3898706
-63.11702,19.018566,9.410777
-53.523067,19.762623,4.6670666
-49.274254,17.608698,2.56484
-47.7092,22.395731,1.9042774
-43.734867,23.935736,-0.60920316
-42.003872,25.939205,-2.2868145
-33.946545,27.604717,-5.8571453
-27.310022,23.331318,-7.07537
-17.70804,21.367184,-6.951033
-10.582137,16.13633,-12.298376
-2.7580807,3.7297237,-14.718265
11.203744,-1.347746,-15.610234
15.589293,-7.1241016,-20.663925
26.677711,-18.471985,-20.847452
35.53585,-24.678823,-19.625864
33.88822,-38.12312,-17.915792
42.65861,-48.305473,-18.695976
46.57545,-50.11653,-20.498524
55.586304,-59.678314,-19.477161
65.06029,-67.15371,-19.472452
65.33961,-73.23823,-18.72434
69.467865,-76.91308,-20.665682
61.051907,-80.52196,-23.17745
57.602226,-80.64638,-23.91759
56.41231,-73.100784,-20.915092
48.820736,-74.636345,-17.739494
45.502876,-66.86826,-16.84622
38.07768,-53.235046,-16.004995
38.33189,-43.02773,-16.839317
38.319782,-32.926437,-12.6176
27.576958,-26.734207,-13.785513
21.207054,-20.98772,-13.095674
21.11908,-18.938358,-8.755945
11.884882,-11.080217,-15.382541
9.219748,-17.85143,-13.271063
11.8918,-25.060047,-13.304977
7.882074,-28.546537,-19.172802
13.179712,-40.230045,-15.519713
13.4094515,-43.870888,-16.945427
20.28321,-53.807808,-17.924295
32.728424,-63.440163,-16.062147
35.316788,-77.98759,-18.660763
45.555,-91.1505,-15.883446
53.94768,-107.966484,-13.821304
58.302204,-125.574196,-13.535065
63.61633,-132.28137,-11.826771
68.57992,-142.49333,-11.334289
79.74887,-153.69981,-4.6349854
85.58441,-163.56471,0.9671913
85.653244,-162.45857,6.022122
84.23643,-165.58273,9.547877
80.69844,-158.83104,8.335429
80.12327,-149.99028,11.690964
75.888695,-148.76613,9.758316
75.89406,-133.73044,5.148897
76.64519,-128.62863,8.46713
78.10829,-116.96408,6.8396764
81.4111,-97.866554,1.5795605
82.204185,-86.6881,4.0434732
87.22054,-78.49698,1.1489643
87.054794,-65.79261,-2.7590582
88.9872,-48.575687,0.45834178
84.12329,-39.527622,-1.7839854
79.198586,-23.007116,-2.3869467
77.13453,-9.117316,0.44295576
63.111973,-0.27873695,7.561838
55.270138,15.511344,12.46908
40.42851,27.27775,8.044894
26.551445,36.32508,11.157006
13.3989725,48.66596,13.788526
-6.4642963,63.439377,10.270515
-16.07924,76.71895,7.866184
-31.612514,88.514496,8.071411
-44.401596,97.53269,10.005836
-55.138226,106.92813,10.464557
-60.704266,114.43825,16.284197
-57.07914,115.60009,16.93795
-66.31964,118.76015,17.345627
-69.98412,127.510765,22.33647
-72.72061,138.86519,21.121063
-76.87135,147.11392,21.984571
-78.36281,153.38759,22.370987
-82.1006,153.79665,22.58479
-80.79786,156.08688,22.218609
-82.166824,156.72563,23.34137
-77.629196,146.49727,23.708904
-73.76113,138.52367,21.558878
-72.548325,129.62419,26.676136
-71.314064,126.01055,26.969992
-68.002075,115.07383,25.399244
-60.705048,104.904564,26.262144
-58.97779,103.947136,22.028479
-55.48643,99.56597,18.089777
-54.44963,102.07228,12.951334
-52.97417,98.2738,9.709208
-46.57181,92.77289,8.353755
-41.418125,85.19669,7.370186
-33.68568,77.054245,3.403528
-29.611359,72.86085,2.7860293
-24.252655,63.77314,5.5644097
-13.493069,53.805668,0.91162026
-11.267091,42.212498,2.630485
-3.2130735,28.230057,4.058252
3.5947971,17.204203,2.489669
3.0451128,13.075368,3.2964346
3.5014987,5.533435,0.8119663
-1.6914316,1.3076237,-0.19663511
-2.1538222,4.0334153,2.0246549
-4.895072,3.6758356,0.6282274
-3.4393373,4.2938395,-1.158085
-4.461086,7.462342,-1.3349607
-11.106963,7.9273257,-2.6688032
-5.1584053,6.5679355,-0.67772543
-3.2414277,1.9239184,-0.79663855
-2.866334,-3.5968103,0.07629729
-1.1294227,0.8622655,0.59416956
-2.3322027,2.4157956,2.4069247
0.8180147,0.9077103,1.3780627
1.1691196,1.8715419,-1.6090169
-2.6494303,0.9571678,1.3313559
-7.24621,6.7621074,-2.7518752
-10.863297,5.888987,-4.1452174
-9.699624,5.0555215,-3.9360723
-13.576157,6.7118425,-4.454217
-16.739897,5.9362545,-1.6601912
-16.128965,8.706053,-6.002249
-13.435398,3.3678956,-7.38857
-7.9403224,7.690535,-6.66869
-9.626046,11.446035,-7.6251283
-6.3479567,11.4870205,-7.934261
-8.759483,18.350674,-11.80022
-17.004463,17.522362,-13.826778
-10.757412,20.976309,-11.003847
-14.867008,21.895157,-9.644356
-18.104782,26.342655,-13.183478
-18.458298,36.65821,-14.163919
-28.332342,38.28035,-13.828473
-23.876024,39.869354,-14.426794
-22.168041,36.51662,-14.180294
-19.140932,24.333607,-9.079833
-10.747806,6.3509927,-3.1871643
-3.3853908,-6.864096,-5.0310416
6.4874496,-21.227047,-3.0445387
9.321165,-33.561626,-3.799536
16.447575,-45.91019,-4.318913
20.502506,-64.828926,1.9943439
25.718409,-72.02738,0.1584219
30.22816,-80.30903,-0.8902374
28.886309,-88.53699,-1.781996
37.537285,-89.14284,-2.331211
36.21937,-89.06476,-0.97489357
34.995514,-89.50516,-3.5490277
41.68225,-84.59697,-1.8843226
39.003094,-82.39743,-1.093339
35.601162,-79.1791,-4.8440876
31.48858,-67.99006,-4.6229906
28.702234,-68.16012,-4.1388164
27.18291,-62.6303,-6.42365
18.613604,-56.65747,-3.6126173
14.120337,-52.4457,-6.111178
12.98763,-48.828133,-8.162669
4.9771733,-59.020393,-5.5457463
4.9568644,-54.903824,-7.9324417
8.645156,-55.87977,-5.4554677
6.066363,-59.60753,-7.312917
5.172544,-58.6864,-10.0813265
9.637549,-73.55281,-7.4403563
18.238136,-79.192764,-7.711555
22.424414,-85.816925,-6.9865465
25.05966,-87.59776,-7.55802
29.127617,-87.03722,-8.2202425
33.012794,-92.388695,-6.191984
35.65534,-89.98549,-5.2035055
33.629017,-96.60505,-3.027361
32.748356,-90.922646,-0.109641984
31.33078,-84.991646,4.1577
28.435822,-87.134415,4.2015877
25.235006,-77.45771,0.013116621
26.912613,-76.290115,2.1575892
28.947697,-74.321045,2.0813155
29.80461,-68.832405,-0.19373207
33.01546,-62.358658,-4.4342027
33.202755,-55.64206,-6.5805116
38.00981,-53.209988,-6.7502527
38.04695,-51.90251,-7.678815
40.69394,-50.834473,-2.2623231
42.12695,-42.310192,-4.219857
37.44966,-39.48819,-3.0225742
41.12379,-38.81258,2.4805346
31.605253,-31.539934,0.27159187
24.41918,-27.472906,2.8901398
24.112907,-22.06419,3.440287
13.524837,-22.357216,3.0509539
7.222816,-22.135035,6.763624
-4.27212,-12.937904,8.925638
-18.035662,-10.978651,13.967078
-27.172415,-0.11486728,14.469454
-39.387966,14.456477,12.327262
-52.534863,28.497406,10.771427
-65.40612,50.854927,3.345749
-71.65002,60.97814,-1.3401171
-80.07133,77.36206,-4.34311
-91.56701,102.39909,-7.368807
-94.19797,117.84454,-8.173378
-96.95858,133.63203,-10.944252
-99.009476,151.11638,-13.7528105
-100.214745,165.77454,-13.687804
-105.28827,172.87433,-13.575283
-105.98685,175.81264,-15.843803
-108.18999,182.16742,-15.609582
-113.58702,184.675,-14.228723
-110.14343,185.26085,-15.315508
-104.29094,186.80019,-13.975219
-101.83686,185.47096,-13.173615
-96.28438,181.78119,-9.276023
-88.68048,174.1093,-5.632789
-79.73029,165.52223,-8.168087
-70.60737,149.26895,-2.0581198
-60.20573,134.27267,3.4012563
-45.22567,122.02849,7.041142
-27.641394,100.8449,10.997238
-12.162925,85.45995,10.589949
0.021547556,70.321724,14.445174
13.257298,53.772278,14.579383
20.29667,41.92184,17.117235
29.327002,28.55179,23.019354
40.364925,19.190752,21.824657
41.03229,15.840427,23.10412
47.220875,14.034864,25.294296
52.769188,11.470515,25.429287
56.9253,8.042132,24.448463
66.18413,3.217398,20.807178
71.371475,-3.3169725,18.349915
77.702446,-9.52534,15.477777
83.01143,-16.50219,13.042918
84.35641,-23.650614,7.6646123
90.3718,-33.313953,5.859421
94.206345,-41.843704,5.0948195
93.84963,-43.88822,0.17362855
101.016045,-51.38612,0.8779179
99.48312,-56.429203,-2.3801968
92.43694,-57.3441,-4.9055524
91.90221,-65.96989,-3.0965343
88.49097,-72.53827,-2.7556882
81.19719,-76.33934,-2.9945652
71.89376,-82.46283,-4.5376563
66.8897,-91.298195,-2.7220907
63.00062,-98.50574,-1.374451
53.76979,-103.273506,1.3725942
44.566505,-110.61044,4.7969446
41.08682,-113.34172,7.04589
34.718567,-116.50508,12.137139
21.783035,-120.29248,10.998289
15.035319,-114.38335,14.62779
11.334721,-107.812355,18.05522
3.7018154,-97.524445,11.720802
1.6393915,-91.93825,12.789633
-2.1964412,-83.16806,10.499578
-6.5984693,-65.81008,7.423895
-3.3560953,-65.866554,6.5822306
-4.213012,-56.906902,3.2680962
-4.407771,-44.884766,3.63571
-3.0026796,-46.491844,3.3117614
-4.517501,-43.940746,1.056831
-1.7379838,-43.06818,-3.6843429
-0.029181933,-40.497734,-2.5879922
-2.8765767,-39.45466,-0.6614065
-1.8767415,-32.50396,-3.7984776
-3.7333982,-25.781122,-3.4189913
-7.9814315,-29.778927,-3.4311137
-6.8212147,-25.908611,-5.688983
-9.620098,-21.13963,-3.9681582
-16.954025,-17.853666,-1.4443902
-22.023602,-15.992539,-2.2366588
-24.421064,-10.826389,-4.063471
-28.60149,3.1925611,-5.056232
-35.049152,11.640583,-4.7366767
-41.342987,20.97155,-9.034299
-52.023674,32.725124,-11.110795
-59.457825,39.453083,-9.791897
-60.75453,47.135155,-9.31316
-69.02128,57.698723,-10.448442
-73.65755,65.63191,-11.508401
-70.96052,72.61693,-6.713432
-74.19495,77.440414,-8.125424
-74.88461,78.22773,-13.1544
-73.73268,85.4398,-14.214621
-76.00773,87.08202,-13.566992
-71.59497,86.52843,-15.304695
-66.22742,83.695816,-15.653554
-66.69205,71.98939,-10.871258
-61.820377,62.226387,-10.485918
-51.4313,49.899036,-9.333092
-41.601067,40.273785,-7.6082063
-34.00436,23.569645,-7.4785295
-26.873919,8.376509,-6.96395
-14.732748,-0.8720544,-7.6231737
-4.54773,-19.053827,-6.628188
5.8433895,-31.873064,-8.164449
8.952783,-40.78935,-11.281958
4.9582977,-45.44042,-12.848452
9.868245,-48.822624,-14.288451
9.888491,-55.738705,-12.433841
8.98589,-55.28412,-11.690299
12.34871,-57.74418,-12.934724
15.480704,-56.87553,-11.074718
16.184656,-51.51683,-12.66917
13.09195,-51.231316,-12.293415
18.060886,-49.87906,-8.72037
24.898865,-52.11979,-9.23232
29.99891,-50.352833,-8.051706
35.458817,-48.77417,-3.1839821
41.880306,-47.57408,-1.0213072
52.233837,-47.77184,-0.91674674
54.801144,-51.31392,2.0592709
51.415577,-48.648003,-0.040876124
48.795612,-48.833237,-2.4190075
46.40803,-46.563717,-0.784362
46.370766,-48.318523,-0.33055624
47.00075,-51.05399,1.5746692
51.484863,-51.036556,-0.63758755
50.7714,-49.783367,-3.5765505
49.152527,-48.50262,-0.7562282
48.589783,-55.383133,0.7307058
45.89338,-54.70306,0.27406955
52.546494,-56.080215,0.32718742
52.86586,-58.785336,0.801928
52.618652,-58.56219,-2.7987711
54.758675,-60.164886,-3.1279252
51.953365,-58.28939,2.9803927
53.882465,-54.545578,2.0395837
51.038868,-50.36598,0.3478136
49.038986,-41.468903,1.9674273
49.368736,-31.182678,4.3845387
46.074833,-22.52422,3.8414118
39.040173,-4.476788,3.1693206
32.983547,1.5421786,3.7833786
26.66013,13.176995,3.2627914
13.034943,36.256638,8.237939
7.653097,42.243473,10.277401
3.4207149,54.523495,10.174236
-6.9323096,63.537518,13.878515
-15.171571,70.984055,15.527538
-20.387482,82.75259,17.148396
-24.031418,90.76811,20.146717
-25.772636,99.73683,20.23695
-27.987064,98.37838,17.88902
-33.57457,99.86664,15.637674
-37.732998,100.35975,18.144182
-42.626465,95.3678,19.29713
-47.8446,96.34768,15.920037
-50.236336,97.78904,17.960161
-50.492977,94.28461,17.516901
-47.77106,86.35815,17.212109
-43.636818,78.48095,21.106129
-42.209618,75.76229,20.164206
-33.916775,72.59382,19.582006
-26.045174,64.660706,17.428164
-21.065882,57.93864,15.27829
-15.9670315,51.86477,13.654965
-16.597372,55.860516,10.796795
-12.11168,56.14683,10.708887
-12.325355,50.27128,9.72389
-5.808444,51.376816,9.251216
-0.533775,53.234993,7.0796022
-7.2942047,55.71478,5.8941965
-4.101326,52.506462,6.11829
-2.1960986,52.361156,9.050529
-1.0044688,52.270206,9.615659
-5.265027,57.347816,2.3951213
-6.5537167,61.677494,6.0692463
-0.6576248,59.820488,5.1822724
-3.3284519,72.02641,-0.249869
-5.3488474,75.16678,3.138849
-11.064095,78.487885,1.4964709
-18.105593,87.35089,3.5398688
-25.217394,88.92869,3.6542766
-26.224882,94.245155,3.4187913
-25.81723,89.2631,6.347749
-29.964455,81.918304,2.7548206
-26.460962,84.02108,-2.005744
-31.400734,76.76632,-6.1884084
-34.43203,65.5472,-7.0151668
-32.388947,57.45194,-5.6052885
-36.28768,48.03435,-4.9481473
-37.356777,43.539043,-9.2731495
-35.79827,30.629196,-9.652885
-39.48495,24.045906,-10.787208
-44.47417,25.8436,-12.770811
-42.745747,10.8480425,-7.875201
-38.704617,10.9304,-13.127396
-31.652367,8.3944235,-13.815179
-27.727913,-5.719498,-12.180447
-23.4862,-5.5019236,-14.401103
-17.901133,-18.958626,-8.86269
-14.059903,-29.751902,-6.949197
-7.143601,-37.592518,-5.0184016
0.2050467,-50.08073,-0.6615627
5.5278687,-53.267357,-0.78271216
12.690595,-62.740944,-1.4858196
18.781105,-68.07973,0.6761438
18.086233,-72.42363,0.96199596
19.659224,-72.417854,-1.7674067
21.443705,-71.20562,-2.3409822
21.64341,-77.48064,-0.8694869
18.22314,-70.81199,-2.3192327
15.259048,-71.54138,-2.0747898
19.739487,-77.04773,2.8743324
13.06495,-69.260315,-0.97121483
7.4665704,-64.36421,-2.1192079
8.306804,-61.48952,1.572137
3.1653848,-56.433968,-3.1950867
-0.049607426,-57.651684,-7.069276
-6.1565943,-62.746788,-10.702123
-5.4479313,-65.915146,-10.282884
-8.708128,-64.762344,-9.438451
-17.206553,-66.36651,-12.428124
-17.566574,-69.31217,-9.459955
-24.973001,-65.64637,-10.034802
-25.987783,-64.319046,-17.381407
-31.842058,-59.388283,-16.560118
-37.465027,-58.604877,-13.059576
-29.451235,-55.251152,-14.96579
-32.879223,-44.77876,-9.560334
-34.164352,-46.265953,-4.6793556
-38.584457,-36.822453,-8.414734
-41.385517,-25.164385,-8.097789
-36.445602,-18.817049,-9.0475855
-40.887714,-7.8930044,-7.212061
-33.775505,4.749753,-3.4969294
-30.840956,14.339074,-4.9303584
-33.15918,13.720169,-3.012149
-27.085508,25.867495,-7.7407703
-26.13554,28.313457,-9.321962
-22.226109,31.033018,-6.210844
-21.661848,37.980183,-9.076541
-18.881327,29.781162,-7.1458993
-13.088516,36.35564,-9.488033
-13.328587,36.225254,-14.164363
-9.874608,38.535435,-14.02357
-4.149774,38.05216,-17.473452
0.9624911,24.328478,-20.758537
8.064744,23.0288,-22.581871
10.834388,13.233629,-21.16665
12.180561,-0.48719367,-16.753935
15.23029,-4.057843,-17.782677
18.851328,-12.179428,-14.896103
27.93152,-29.210697,-12.477317
32.577198,-43.34995,-14.489505
40.037884,-52.778793,-12.491369
47.617878,-61.916306,-13.778776
50.818687,-71.84015,-13.161109
58.515972,-78.913086,-10.173917
62.168247,-79.74305,-12.220746
67.797195,-84.28358,-14.174045
73.84399,-83.636246,-9.55535
76.438805,-80.20433,-7.466302
79.62793,-87.39263,-4.6782503
84.51589,-86.31559,2.5550609
91.29835,-78.117905,0.57598215
90.05828,-76.56718,3.0458245
90.30971,-76.41225,6.416765
92.0488,-75.66763,7.274397
86.22441,-68.825775,12.278628
85.80619,-64.008484,13.12723
86.81043,-71.18007,15.345198
82.12735,-67.88029,15.054519
74.70046,-63.559734,15.006234
71.58618,-66.37612,15.926142
69.44827,-66.08294,13.40572
63.91186,-70.50681,16.310059
63.908962,-66.71808,18.172165
62.867867,-62.445793,14.512957
60.27668,-61.71554,15.245956
59.60221,-58.130226,16.627752
56.648872,-50.495358,13.974884
51.95703,-35.407494,10.123462
43.929523,-27.27207,5.8124585
37.712914,-21.864946,5.4239645
31.361294,-14.363836,4.5382714
18.51893,-1.5052149,-0.08645128
11.689717,5.537222,1.9337666
5.1027493,8.637358,4.11212
-2.921934,14.299183,3.8501387
-1.618926,9.440529,6.1080856
-1.139999,15.642363,6.432757
1.0114896,17.11691,10.071185
0.005625894,13.4145565,12.274332
0.3273615,15.052566,15.312366
4.415881,7.9427876,19.360033
6.0147376,9.196361,22.53122
12.164213,4.4051867,24.445814
15.587301,3.4532802,24.74191
16.708065,4.036853,28.387817
10.615,-0.7125597,27.84153
8.072051,7.5820284,27.070515
5.445475,7.990125,27.408642
-4.6545796,17.51159,23.632853
-13.212535,26.375858,17.141605
-26.294601,28.921984,16.756102
-36.44291,47.182217,14.820515
-49.46764,59.028778,14.055209
-56.248985,71.251274,17.211712
-62.877266,81.890366,9.423262
-77.00466,90.70578,9.418837
-77.038605,95.71892,10.375801
-78.85827,95.36582,6.595999
-80.46047,99.72512,11.206274
-71.49024,92.26895,11.072658
-67.17787,93.76233,7.8464465
-69.09431,93.702675,7.812375
-67.55069,87.86613,8.178153
-63.626514,86.74589,8.987244
-57.599922,79.464485,10.161764
-52.140232,77.29107,10.907883
-51.752438,69.79962,10.169348
-45.05521,69.26186,8.73089
-45.26021,66.93331,5.567873
-49.019836,62.012012,2.8841727
-45.319515,58.40878,2.7506454
-46.380108,50.14855,-0.40532652
-47.48848,47.53571,-0.8362136
-44.10131,36.927235,0.7090423
-38.794907,34.79307,-2.4759998
-37.383102,34.248688,-1.74803
-35.48052,30.861053,-0.73297924
-30.499733,25.600573,-4.196986
-27.908007,13.397541,-3.7739065
-25.704086,13.338225,-6.133503
-20.295227,8.157288,-8.551839
-12.577076,0.32061657,-4.6916385
-6.4208775,-1.875061,-4.260434
3.591707,-8.90942,-5.9203444
11.914725,-8.354419,-7.5442195
11.087311,-7.7863684,-7.473765
11.670011,-5.6191287,-7.385465
14.623043,-0.79793453,-6.7177815
15.599774,-3.3475754,-3.887584
11.3332205,8.750877,-4.298754
7.994224,14.771886,-4.4227433
7.9972315,18.801668,-4.484109
0.46328115,33.21382,-6.2605414
-3.5914037,37.230648,-6.7049193
-3.0769937,48.714516,-7.011395
-8.689909,50.134605,-7.3580065
-9.279467,50.844906,-9.081049
-8.321825,58.3969,-10.622641
-8.761407,60.391594,-11.073287
-5.6683125,66.28732,-12.11245
-5.057017,63.134064,-12.562759
-0.9063321,65.59803,-13.972087
5.6488895,62.669273,-17.696747
8.099271,56.205536,-19.546297
5.624016,54.178516,-18.06611
3.7246487,44.162853,-19.370531
11.265331,33.891907,-15.924339
8.733101,20.212597,-14.256817
2.8220775,13.934154,-22.37959
2.856462,11.66454,-24.312979
-0.28604966,3.8153121,-23.618376
1.339282,-2.8315,-23.17404
-1.4049804,-2.257826,-23.760817
1.3287978,-0.96069455,-23.86982
2.95449,-3.6926596,-20.64831
-0.63408244,-2.0789027,-22.112694
-0.8131497,3.9468944,-20.729803
-4.8620334,2.7922444,-19.09029
-3.7055292,4.599533,-18.904526
-6.1640444,9.846195,-16.687157
-6.752641,7.897319,-14.49003
-8.321026,14.2408085,-9.26101
-13.721136,16.927866,-8.678615
-7.1027007,10.447043,-5.826776
-4.9269643,5.743268,0.5498892
-6.4990077,3.603752,2.1349733
-4.411444,-4.122208,2.4430041
-1.0564603,-17.379738,5.678463
3.668054,-24.493645,10.080715
2.9540014,-30.060005,8.354859
3.7087438,-36.476505,10.89496
3.8612475,-44.337177,11.897748
0.8306865,-52.475338,9.807227
5.610892,-63.506462,12.535052
4.7905664,-69.03299,8.053014
1.1210788,-73.55221,7.9058404
6.368872,-78.311195,8.265909
4.9321766,-79.59971,5.1888933
9.303331,-89.57127,8.048584
12.180402,-88.23159,4.6789246
7.444034,-84.377785,2.62386
11.376486,-85.23816,1.3903986
5.154653,-79.05731,-2.205044
-2.1077855,-70.49205,-1.3013552
-7.71123,-64.59178,-0.82704324
-19.552147,-61.005795,-0.98536533
-24.28098,-48.270313,-1.4992104
-22.881308,-38.78274,-1.7656814
-24.985222,-34.499855,-0.5413587
-28.839396,-30.27053,-2.5919175
-26.104315,-27.476244,-5.0385504
-18.786772,-26.899036,-2.0204594
-16.432692,-29.14234,-2.4576526
-17.245268,-24.496527,-3.501629
-8.834358,-24.758804,0.16388763
-4.155717,-32.660206,2.8719876
1.3683956,-33.13009,4.1557593
7.2251754,-32.68677,5.277666
4.384362,-29.921806,6.334901
6.3455563,-22.05627,5.6911845
8.512615,-19.762232,1.3991427
9.204517,-13.9213505,-3.4273236
6.9179144,-7.2178817,-5.605289
3.9826055,-4.680851,-3.584758
1.3438759,-0.58700556,-0.95678586
-3.7112792,-0.31449854,-2.3037162
-3.4843624,2.702329,-1.2215319
-0.7003297,9.490228,-4.478185
5.465342,8.355578,-9.176596
10.69064,7.67869,-6.473922
12.197303,2.6834822,-3.0147998
18.062828,-6.85142,-2.744889
17.595587,-6.562563,-4.6936836
16.298088,-7.930909,-0.3863534
20.765066,-13.8620405,3.9178722
24.790165,-20.77729,5.6785455
30.044153,-23.130823,5.8168054
28.29879,-24.924908,9.572502
29.446018,-28.626883,16.62737
32.35943,-31.777813,17.270603
31.519941,-35.65199,18.293375
33.874973,-31.281736,18.238337
29.946472,-25.572735,21.531498
26.557049,-20.067698,22.79011
23.612919,-10.136556,18.915705
22.517567,-1.7554815,19.48422
18.628815,4.7567525,18.098272
11.395867,15.286228,18.465513
12.919367,25.338196,18.012175
6.866667,31.518135,15.260228
5.297602,39.77323,15.919006
3.8840232,47.09965,15.165211
-0.8185954,52.760933,13.598825
0.15095255,51.477566,9.628912
-8.069349,55.07173,4.237288
-8.558251,60.54486,4.334965
-9.462793,59.931564,2.9967077
-11.684462,64.48471,1.4906763
-6.5333414,61.228443,3.7303984
-8.9551735,59.660557,1.8162092
-9.138137,55.4408,0.06775286
-7.7966895,47.413,-2.8425426
-5.5279713,41.573883,0.37145105
-0.5956928,29.086687,2.654281
2.6745956,22.008902,3.525702
12.670847,12.972682,8.911144
22.341393,3.3618865,4.3367248
27.24319,-7.197582,6.597028
34.219654,-11.735966,7.6922035
36.60285,-2.7650323,3.7016764
36.891968,-7.503733,6.857355
39.934425,-14.528635,4.5559053
34.54174,-12.942309,3.0504324
30.93653,-16.756989,7.837092
30.387424,-17.760036,8.279182
21.295044,-15.919243,4.66317
20.449165,-16.099201,6.2394485
20.135237,-13.393574,7.160405
14.085536,-11.717989,4.841578
8.601109,-4.489017,4.0828743
4.7369847,4.5892463,-1.3656406
0.029812431,6.96676,-1.3690768
-10.129199,8.34833,0.032220982
-11.81185,6.1480355,-4.8268747
-15.245875,9.193805,-5.928953
-24.755482,12.341818,-6.6331515
-27.450996,11.296628,-4.4654455
-28.78938,12.266712,-3.9314122
-26.870783,11.756643,-6.7552114
-23.51169,7.4959154,-6.243009
-26.93313,1.098061,-5.3442025
-26.008652,-5.3903737,-5.573573
-27.772188,-11.0350685,-6.646682
-26.822952,-16.177166,-10.128924
-21.057676,-17.901886,-12.596112
-27.821354,-17.828224,-11.950126
-27.25643,-20.504341,-10.845977
-29.233814,-11.081828,-13.120897
-31.906902,-5.234618,-16.386408
-27.979967,-5.3311567,-13.721156
-33.408096,2.640496,-16.864948
-35.670246,7.011215,-19.830212
-31.176165,11.137631,-16.317537
-33.268494,18.795837,-16.414526
-37.734196,28.695171,-17.418982
-31.144407,28.96972,-18.40919
-33.586422,28.493393,-16.10585
-35.93478,29.116066,-13.387443
-28.995794,20.493153,-10.657521
-31.753017,11.400204,-12.598289
-31.639292,10.617389,-15.8812685
-27.895859,11.769103,-15.055724
-26.108738,1.109496,-13.76667
-20.080902,-2.3839755,-10.336069
-16.240385,-7.0951195,-16.252905
-12.685231,-13.784829,-19.541788
-2.1030886,-15.886961,-16.79875
2.3650916,-25.457376,-18.282427
5.329087,-26.165888,-17.646544
8.517282,-28.817432,-21.989742
14.404996,-39.077065,-23.151953
22.388903,-46.82139,-19.82176
25.841526,-57.854733,-19.807226
34.61017,-61.483894,-15.333331
37.54222,-59.418476,-10.670387
41.861168,-60.924316,-6.145061
43.76085,-56.65941,-4.18019
41.78407,-54.830986,-2.9028335
45.03452,-53.611374,2.8214803
41.20419,-47.491123,3.598364
36.887768,-41.118076,5.261505
35.776417,-35.30422,10.407104
31.160372,-29.957579,13.363715
29.544304,-17.015326,13.2891655
28.216602,-15.125096,11.635733
20.905691,-10.454942,17.285599
22.545671,3.4410102,22.080738
20.039597,4.6998386,21.476574
19.159065,10.650635,24.868805
21.53426,12.816368,25.507727
16.061737,13.649996,22.516264
18.410845,20.44973,23.579006
15.298815,23.922157,24.457678
14.969232,29.566969,19.619171
16.217396,35.40216,17.653244
13.137773,39.27404,18.451817
13.432957,45.0087,12.561807
8.322143,51.11251,11.807909
9.135484,51.098633,12.560798
9.241865,50.24121,10.173022
5.171806,50.682537,13.252111
6.7310886,51.39456,11.218865
10.164132,50.92347,9.575827
16.647043,52.18747,8.4121475
17.468298,52.322243,4.2645807
18.5004,43.13026,4.2065525
22.0696,31.697407,2.5348332
22.353745,26.828203,2.619802
20.726725,25.14282,4.2435646
15.407118,14.593098,6.0713096
17.490736,8.525741,5.3978415
17.689875,1.4454328,4.3273673
12.805602,-4.2738767,4.732316
13.312123,-6.6614876,0.8802298
14.450795,-16.78797,1.4829398
9.550552,-19.200634,2.1085434
5.3287787,-22.223545,-1.632418
5.521908,-23.279202,-4.5073357
9.078555,-36.840893,-5.204324
16.626303,-42.609028,-4.5662136
16.065228,-36.714573,-2.5603044
21.204103,-45.63883,-0.65008956
27.01843,-40.43029,-1.4335165
26.70848,-44.535816,1.7668519
28.822083,-43.272186,0.21006894
22.63574,-33.010845,-3.6270595
19.362957,-36.728428,-2.784934
12.978831,-30.436396,-5.6960573
1.4873332,-29.450369,-6.125746
-3.526444,-22.344494,-5.282083
-4.678299,-19.064554,-3.208789
-9.227102,-26.221786,-1.0145735
-16.192934,-18.41321,-5.6286526
-23.47779,-19.225552,-1.9703664
-28.245623,-18.812283,2.5595832
-24.744614,-12.606512,1.3512853
-27.052118,-10.43126,1.6993845
-29.116974,-1.1932114,-1.4309429
-31.804653,9.779082,2.4425588
-34.218143,15.8269615,-0.022214862
-31.766376,18.200985,0.46888003
-37.951977,31.504137,5.8390713
-41.45281,44.91094,-1.7745118
-45.218304,55.364006,-2.3325982
-56.314827,64.879776,-3.270217
-59.708076,71.84197,-0.651355
-62.4196,83.99756,2.7462976
-69.11874,80.945435,4.360547
-67.37165,83.32388,5.198987
-64.58333,89.346,-0.55291104
-64.29615,79.90937,4.726192
-59.70334,79.60504,2.6208375
-56.97378,76.44942,-0.64177895
-51.928593,70.21547,2.882139
-41.237633,66.0672,2.9183471
-40.43106,53.477474,2.1927664
-42.07313,47.78774,-1.3998584
-32.07106,42.291935,-1.17664
-28.153238,31.102375,-3.0325208
-27.208029,20.988451,-4.5115027
-17.751707,5.9362726,-3.3158233
-12.091459,-11.342422,-3.9957836
-8.301839,-21.067991,-3.4388978
-5.193573,-27.890423,0.24191406
-0.033413082,-43.312443,4.0593977
5.949469,-49.40822,5.5736823
7.194398,-49.605026,7.415362
10.232698,-46.655025,8.820938
8.837746,-40.21288,4.799931
4.3235793,-40.848125,1.8359119
-1.3580977,-27.00739,-0.17611684
-8.991923,-14.60438,-2.8244724
-12.681372,-7.189344,-4.4295807
-18.766148,0.72169447,-6.622684
-15.926589,1.1456057,-5.6683545
-13.020963,9.156087,-10.409869
-16.809963,11.2162285,-9.328293
-12.529774,14.802263,-3.8954284
-8.729856,14.069973,-4.6445484
1.5923218,3.8554423,-2.253469
8.163223,2.654419,-1.151084
8.124476,-2.0363946,0.3725381
13.931293,-8.26284,0.13911735
20.778862,-17.022003,-2.458848
23.782787,-21.961075,-1.5950873
22.731499,-22.984581,-3.5461226
27.214655,-31.85367,-7.6972537
27.257317,-41.77096,-7.5221295
22.925425,-40.242535,-8.132765
17.350979,-35.376915,-9.942711
13.470164,-44.190193,-7.5159907
13.432131,-49.37977,-6.1621003
6.194163,-48.034817,-5.3319535
5.3585534,-47.61732,-5.600289
8.51617,-48.520927,-9.2708
9.915344,-52.358646,-5.0127983
13.199693,-44.382862,-2.2944078
7.012813,-28.744156,-5.8563466
7.3889313,-26.66006,-5.7633834
11.763271,-25.958715,-8.497117
8.561147,-19.8595,-10.9661
12.635615,-16.366179,-10.595365
10.693541,-13.934911,-10.42575
16.196325,-21.227974,-9.266295
22.540352,-19.245907,-8.774616
16.065002,-9.286125,-9.497786
22.867039,-9.812137,-8.618427
22.230757,-1.870029,-7.0581927
22.397299,2.3528569,-7.6966467
27.03917,-6.6602106,-4.6837044
25.041248,-7.3925095,-2.3053594
25.93852,-1.5128545,-4.85295
25.43315,-1.9196897,-1.0580693
31.869713,-5.8513484,0.5179912
30.570993,-3.9735696,-5.884898
24.320417,-2.335852,-3.623596
23.8676,-7.239454,0.80835724
22.000444,-9.289924,-2.4677813
22.723185,-6.182921,-0.12191629
19.48123,-5.6911454,2.2307649
15.423078,-6.2190766,5.2258754
12.62438,-9.720208,11.080234
8.383802,-13.623935,7.8965387
8.690103,-10.979712,7.7813845
10.29216,-12.304243,10.981578
11.492269,-13.0471735,9.146447
11.265119,-4.251223,7.3007
9.330927,4.146844,9.583663
10.208507,14.435379,11.604459
4.8036237,21.788424,9.36154
-4.5051365,26.819616,8.250242
-3.0341434,33.593822,9.039973
-6.7918553,37.91776,6.2336273
-13.977955,45.29269,1.7907515
-12.861461,41.303116,1.3177519
-12.866842,37.913017,0.27982995
-10.684101,38.494267,-3.5743427
-10.527193,34.16962,-5.2343626
-10.31138,28.084972,-9.293135
-8.918001,22.422989,-12.462468
-17.09024,16.887135,-11.404451
-18.106539,9.107756,-11.461554
-12.912624,6.2623854,-10.014041
-18.59867,-4.448709,-11.00333
-19.671461,-5.9131007,-9.896248
-24.777426,-7.3697114,-8.879934
-30.764977,-12.262159,-6.8294687
-29.700706,-17.129173,1.0552564
-31.60991,-23.892517,2.0618618
-25.026445,-16.815458,4.2238774
-27.498264,-30.07394,6.685562
-29.17216,-30.367933,5.8006377
-21.241423,-21.56621,7.207013
-17.32025,-35.688046,9.266853
-9.740237,-30.971935,11.493809
-9.76444,-28.850668,9.322492
-5.9437113,-28.293362,7.4321027
5.312284,-23.096043,11.202339
6.436219,-31.330097,12.0235195
12.167898,-22.04211,9.38955
17.392427,-10.461135,13.047388
16.735466,-12.920476,16.618725
25.965126,-4.267172,17.011032
29.973297,4.317949,16.157583
33.947697,6.474953,15.081244
36.517227,14.574822,14.374091
34.56216,13.6807,14.83028
42.041096,14.846815,13.934658
39.02669,21.033842,8.920397
33.736835,14.93413,7.738604
38.706097,14.248027,6.9788895
38.31398,8.73792,7.33049
32.7852,5.72284,4.19298
28.560635,6.6529713,1.3779807
25.546303,-0.39828202,6.245225
25.936548,1.5306232,5.1319447
18.217445,-0.903943,1.8400457
13.02851,-0.42824212,2.830588
13.377948,8.438819,1.9778248
5.134618,3.930937,0.5803611
6.021346,7.9018354,2.137793
1.3835335,17.643415,0.2826179
1.7130395,11.708954,0.33772546
9.063329,14.640982,1.2806503
5.63669,15.162882,0.3846324
9.912804,14.240154,4.789056
10.210735,12.192755,7.1311054
14.319916,2.9736328,7.7343874
18.100315,-1.7685162,11.687785
21.94931,-10.261383,14.7052555
28.450777,-10.815002,15.310036
24.62285,-18.280418,16.375484
29.553177,-24.08243,13.916744
26.848545,-27.836527,10.383233
26.822538,-34.06274,9.661997
26.506374,-25.328442,11.898241
13.291957,-18.556065,11.513777
9.797808,-7.9247093,5.302339
-1.7662044,1.22727,3.3127809
-11.780918,6.2113013,0.946273
-22.553986,17.184153,-2.7726834
-34.69565,30.771322,-1.8729482
-43.20921,43.273083,-2.9171534
-56.219723,51.937443,-5.220732
-60.320793,58.259308,-9.344351
-71.46384,67.69165,-13.62689
-77.42603,76.28701,-12.274451
-83.87762,79.49836,-13.424474
-87.688896,81.14049,-14.740403
-78.996574,80.55577,-13.835336
-84.23549,78.5302,-13.658773
-78.31317,74.00426,-11.366074
-70.205765,69.44846,-7.4234657
-65.25991,63.680897,-4.8697596
-53.91469,62.623783,-3.512953
-51.057526,61.434067,-4.5997972
-44.230965,61.815964,-6.641627
-32.23614,62.321033,-7.617568
-29.359024,57.778347,-9.9167
-21.194162,62.88507,-7.236794
-10.7018585,67.82727,-8.944597
-13.71965,72.102325,-16.170546
-5.4530725,77.690155,-18.800426
-2.2801385,82.51641,-20.534492
-1.8216038,78.45977,-21.666248
3.7316303,75.68689,-23.591785
0.84161097,82.28628,-22.456198
5.0241504,77.86871,-20.494387
6.341112,70.293106,-20.962452
4.7304606,54.743122,-20.491241
3.8328297,46.224056,-18.99312
6.922805,39.734432,-16.555946
10.8728,16.053072,-12.6199
13.962163,2.4480586,-8.3433275
14.455836,-8.339631,-11.024232
15.657195,-18.339565,-11.154952
23.028032,-25.1767,-7.477351
25.413849,-35.498,-6.045791
30.867588,-44.345177,-4.060025
30.161999,-48.78996,-3.5189476
29.053993,-50.74204,-2.1798468
27.45554,-46.858326,1.6484736
27.6158,-49.845367,4.3915815
29.093307,-55.369225,0.27116108
19.32895,-45.891438,5.0058804
18.915482,-52.118027,11.007648
19.769955,-50.938324,7.6005487
15.223942,-44.29058,12.596577
16.067919,-50.70775,13.923904
21.437382,-49.252632,13.317691
15.752852,-51.502625,11.395385
14.7240305,-49.76212,5.891077
23.054802,-54.24556,12.046767
18.678265,-59.86208,13.993355
22.610512,-57.30204,10.378763
27.392212,-62.996708,5.452771
26.841211,-66.00194,2.9874816
36.005726,-70.098,6.936342
35.928368,-76.93856,4.8600917
33.25588,-75.10446,2.431417
37.572777,-80.85722,0.8008148
34.507698,-93.319756,1.7580036
39.40564,-98.4205,3.008988
45.87352,-115.59591,5.0356913
47.085228,-126.06495,7.528473
55.245064,-126.73991,5.8845544
56.421207,-143.09862,7.7184515
59.8325,-147.56004,9.684984
64.17655,-150.0884,9.561171
67.06855,-154.4047,6.7913136
75.959984,-149.78769,8.763529
77.26131,-153.4895,6.674257
76.54221,-148.91371,2.494017
72.35704,-138.73438,4.6359024
63.616867,-134.43071,3.2854924
59.32454,-123.28424,5.6380787
50.45289,-109.55605,2.7315898
40.08173,-101.81663,-0.512459
32.08812,-95.02332,0.64858556
19.573088,-84.79353,-3.597647
8.789115,-75.013916,-4.899768
-4.3705935,-66.74008,-5.146784
-16.379148,-53.649536,-9.2113085
-27.53509,-40.645126,-7.4689236
-38.05306,-28.657701,-2.6508443
-42.14159,-13.409899,-6.698683
-53.865406,1.7846758,-6.1064215
-53.6063,16.505186,-3.7112598
-60.16866,25.563377,-6.334554
-74.945366,36.181156,-3.8808322
-75.76593,49.35344,-2.9970686
-83.69831,59.40997,-3.1278243
-83.11498,66.60222,1.4276212
-88.44303,79.932144,0.45537403
-97.351456,94.28933,-3.0708854
-95.878654,100.25791,3.4163685
-100.439,113.61235,2.0156744
-101.13959,121.445435,-4.7884665
-103.72094,125.17965,-4.583679
-107.86646,126.10012,-4.7216773
-100.99579,123.85947,-0.75205684
-98.20409,124.39402,-0.96314675
-91.96862,124.36903,2.232832
-77.863815,121.97177,7.6924458
-76.27772,110.818344,4.220871
-66.165665,117.72545,5.671761
-57.675114,115.46482,6.675917
-60.362743,106.73915,8.1238985
-47.578815,116.32609,6.4490557
-37.73013,105.94896,3.809189
-35.80281,99.157364,4.207436
-31.275152,98.948586,1.6029608
-27.242056,95.61278,4.3037853
-22.479206,89.35602,4.538563
-14.040828,78.01197,4.935027
-15.417403,77.39187,4.0957284
-19.44804,68.81577,2.733949
-12.776125,62.46232,3.9042804
-15.497278,61.680565,0.0133284405
-16.037554,56.739708,-1.9783456
-19.086897,60.20714,-4.5985975
-22.762602,55.96972,-9.79031
-19.802881,49.398033,-13.427321
-26.900356,46.31419,-11.985532
-22.639618,36.214542,-11.01697
-20.515747,31.32216,-11.731199
-17.063953,20.452286,-14.88203
-7.9878955,11.980517,-15.750502
-11.999163,7.3171306,-8.721857
-2.41037,1.7304151,-7.970384
5.1588497,-4.148043,-7.91163
9.310797,-9.793042,-5.4312615
16.61878,-4.805776,-4.160567
13.353187,-7.404343,-2.9283981
19.642534,5.679866,-2.7506967
24.766235,5.810209,-1.8782924
25.774914,-7.7521358,-4.610083
31.018581,-1.189542,-5.849404
31.867945,-5.2564464,-5.0998187
37.19632,-6.917249,-5.033315
40.923405,-14.317845,-2.087972
49.64068,-17.71949,-0.3836897
57.970066,-19.085348,1.6630198
59.487762,-28.836517,1.8806626
67.182915,-28.409294,2.036726
69.077446,-29.936052,7.1133385
73.98643,-29.390406,4.0437098
74.43502,-30.332201,0.09209658
72.098495,-27.53064,0.86975414
72.87833,-24.042007,-2.2575738
69.14603,-28.907135,1.1183958
66.094086,-28.715387,6.1315856
58.61971,-25.682514,5.221789
64.191444,-27.707888,5.547888
63.656063,-28.933966,7.4971924
54.80509,-28.382383,9.715189
53.433735,-35.901814,10.678099
48.656315,-41.676632,11.296468
54.01557,-46.1582,15.888176
53.790867,-57.066635,16.119007
53.168278,-60.938698,15.1657295
56.64899,-68.96134,17.699017
56.179253,-73.99608,16.78403
55.87494,-70.06331,17.834593
49.40245,-76.56359,16.947124
48.57772,-69.809814,15.300046
42.460537,-67.655396,15.313261
39.09195,-68.98634,14.8290415
43.872955,-61.632587,14.765586
37.106995,-61.52066,10.423445
30.507116,-55.821632,6.602748
32.57362,-56.66198,4.7282553
33.167095,-56.233173,2.5994468
26.312016,-54.668266,1.7340097
17.491356,-52.855255,1.0161391
14.7753935,-52.64392,-0.4710217
12.235139,-50.55251,-2.8889341
1.7910064,-43.91135,-3.6733747
1.7615862,-48.12817,-2.8462393
2.749222,-48.34177,-4.6104927
-4.066511,-47.808506,-7.0664806
-7.335503,-49.441784,-7.0873656
-8.428248,-52.86133,-5.366319
-6.551709,-50.246883,-6.323701
-11.212968,-51.125694,-13.478736
-3.4403496,-51.41747,-13.09521
3.6224914,-48.230774,-8.666005
0.17707942,-54.245094,-10.684633
5.6112657,-53.534233,-6.3156033
-1.0841873,-55.4403,-5.716932
6.2229495,-48.862087,-7.5954137
10.119928,-45.119457,-4.035283
3.2225864,-48.24181,-3.5557342
17.23541,-37.31975,-2.8780558
9.540418,-31.836811,-2.338014
6.7821593,-22.033922,-2.603097
14.439682,-8.8523655,-3.8755836
5.756488,-6.190784,-0.6130247
9.512523,6.0422816,1.516425
11.540402,17.96508,1.2022091
11.801702,27.486252,3.4507668
10.701294,39.965782,2.21279
2.7149165,41.441895,5.3288445
4.757335,44.70739,8.215927
-2.015035,52.10101,4.179587
-7.643724,57.852818,6.211701
-5.0452294,59.698875,9.477365
-18.11514,59.778946,7.2807803
-18.479162,59.23569,6.9999657
-21.445139,61.535744,4.2151814
-30.31441,65.82776,2.8955445
-27.61319,69.14397,0.57398903
-40.7945,74.749794,-2.1607292
-41.865788,77.69708,1.5956639
-44.88867,82.00356,-2.8046339
-57.88642,83.87318,-7.797284
-54.975464,88.31492,-5.7876706
-59.761456,91.471115,-2.798779
-61.315624,92.1779,-2.1856923
-60.876984,97.99434,-2.0751355
-67.509636,105.45483,-5.241631
-69.9167,114.36925,-8.072867
-79.39319,118.122635,-4.0097327
-86.599884,121.10428,-3.7497482
-92.134865,127.4488,-1.5611306
-99.49486,140.95125,-0.34631136
-102.18626,148.86636,-3.0651512
-108.2766,151.01944,-2.1156979
-109.51669,156.61084,-5.657084
-112.24037,160.54176,-10.304012
-116.74902,162.51538,-9.454019
-114.56101,154.17044,-12.560935
-114.350075,153.80957,-15.547913
-114.007744,151.33047,-14.641262
-108.31976,138.22198,-16.922318
-102.56934,131.99704,-15.53509
-101.057434,118.72769,-13.667742
-95.97438,107.7665,-16.466057
-89.64385,97.01581,-14.492351
-82.32523,83.182686,-12.089796
-73.41116,75.29946,-10.495736
-64.11079,58.3529,-9.095171
-54.86309,43.379276,-10.271215
-43.688164,32.863228,-6.590853
-29.86414,21.997807,-8.960014
-23.297722,19.223623,-14.316324
-10.499622,6.7799444,-7.3757343
0.12853973,-2.3636022,-2.774905
5.0081286,-3.359441,-2.5757167
11.607742,-7.2460437,-0.32817715
15.8174,-13.130665,2.6328816
24.83969,-22.824581,4.1353645
26.748554,-23.293367,-1.6393224
30.964272,-29.981323,-1.1430448
40.060764,-39.070374,5.60069
44.347263,-40.650307,2.83258
53.02039,-47.178482,7.108615
66.28618,-55.149296,10.66663
72.507545,-62.36475,4.6585813
78.61814,-67.89036,6.0882797
89.52037,-64.72297,3.9842992
88.4219,-65.35519,5.1738687
95.6323,-76.38295,3.5327113
102.2939,-76.25233,-0.35540593
101.07723,-79.113,6.1228986
104.74369,-84.990395,3.251248
101.78194,-88.51257,2.5086906
106.899086,-100.68914,8.3164425
110.57116,-111.711205,6.838127
110.70983,-122.652336,4.9504023
115.93376,-130.78983,8.335062
115.75116,-142.16902,10.611307
114.060875,-145.2577,10.593261
112.837776,-146.07883,11.194661
112.32897,-156.7135,12.762152
113.9174,-157.37567,15.89952
110.39454,-156.24417,16.061722
103.05641,-153.39804,14.56291
101.56263,-147.47353,14.246535
101.07403,-144.23955,17.78069
98.493195,-142.02196,15.714355
96.14027,-132.60887,11.018504
94.14198,-121.85309,12.788268
89.3628,-113.13038,8.119678
81.46757,-107.889946,7.3369923
75.96528,-109.732506,5.8681645
67.97873,-102.55912,1.8434526
57.9025,-97.362076,5.0634503
55.615982,-95.67217,3.507928
48.35203,-96.457726,1.5708072
43.9051,-101.114105,1.1517298
42.958157,-103.43082,2.7918565
35.26585,-104.05919,4.073618
35.6121,-98.525894,-0.33860573
30.630676,-102.70171,0.62140274
30.718811,-103.213425,4.165204
32.6866,-91.71929,0.024612619
28.945234,-89.29015,-0.10478689
27.984674,-76.38789,-1.2067515
18.802753,-54.339417,-3.7879615
14.577545,-40.805717,-2.277024
3.9261065,-22.434425,-5.8940945
-11.839643,-2.5914233,-6.903912
-26.314236,17.951923,-11.204656
-44.64598,39.501347,-15.075748
-56.15551,56.203556,-16.410437
-73.388435,73.93121,-17.109024
-89.7734,86.7911,-12.123662
-100.11768,101.32378,-14.188446
-113.04556,110.61055,-14.537288
-120.439224,111.63472,-10.543103
-125.93178,120.11288,-11.382945
-134.31337,119.50339,-11.591538
-139.06729,121.89101,-10.400736
-137.28368,124.14172,-10.158359
-136.98927,120.41977,-12.434281
-134.58957,122.96425,-12.23944
-129.36646,116.6954,-14.632301
-125.984764,116.02229,-17.173897
-120.30591,113.11383,-9.462025
-118.25159,103.24924,-10.776977
-113.94837,97.16034,-12.107668
-104.98451,90.36441,-6.8573675
-97.155624,86.05938,-8.8765955
-92.891014,73.45719,-4.8878045
-90.692764,60.952988,-2.8173442
-85.32321,57.238132,-1.3753458
-81.93285,50.83384,4.7594085
-75.26934,44.023106,3.9118054
-67.409325,35.99841,4.729365
-58.222015,33.070763,5.5517554
-56.31485,33.392372,8.169815
-53.404076,24.995079,10.593265
-40.818783,17.855242,9.170897
-35.73396,12.688365,12.647119
-26.136354,9.092786,15.938193
-22.830112,7.5999618,17.850805
-17.16565,9.480052,17.22231
-6.1984806,4.113424,17.024216
1.7212889,-5.692764,19.86604
9.395527,-5.5686603,18.053694
14.77883,-12.635363,16.518877
23.401335,-17.46542,16.001993
24.841963,-15.848029,12.330314
30.518353,-20.813515,10.147443
31.961193,-22.018095,7.4490814
31.380415,-20.120687,5.200211
36.602016,-30.306944,0.09737312
37.045673,-35.674263,-5.370135
41.61891,-30.318102,-5.635204
43.143215,-35.91483,-11.1733675
46.27794,-43.086662,-16.286564
57.554916,-46.152878,-15.822921
62.22294,-54.108204,-14.786413
63.863873,-59.60107,-11.776506
71.57297,-64.21354,-10.163366
73.65004,-70.25784,-8.08447
80.001396,-70.11427,-3.208611
82.67233,-73.76074,-2.923105
80.06435,-73.97113,-1.0660135
82.75342,-78.021675,3.9134524
73.41541,-77.56004,5.3885937
68.33788,-71.80282,8.63472
63.419357,-68.94976,8.250757
55.526474,-53.628963,5.695639
48.422504,-44.853424,9.62151
45.540752,-38.43402,10.887652
45.771774,-30.733664,7.716747
31.732702,-22.752665,6.8201017
28.059544,-19.248545,6.315782
29.072374,-7.3689585,3.2260032
17.700872,2.5550432,0.40260532
14.948975,8.394161,-2.8335943
11.973124,21.668383,-6.3090854
4.877764,22.61281,-5.165316
6.141,32.568726,-7.408751
4.043612,33.59952,-9.323841
-0.1347921,32.51711,-9.088147
1.6155311,37.934303,-10.423127
3.610516,34.537235,-7.3211713
-5.666647,26.135303,-7.825229
-10.868446,16.3558,-5.745636
-3.6153684,17.592747,-0.98335993
-3.1921077,15.429776,1.9332262
-3.0521948,8.792306,8.856347
0.7211725,5.042289,9.433789
0.198892,11.583324,9.232228
-6.3655853,10.375078,10.704132
-9.491028,16.272501,11.346957
-12.868108,25.156265,14.138218
-17.643236,25.429213,8.964848
-20.415157,45.365173,6.307559
-27.976246,47.494823,5.4811606
-29.338356,58.378845,3.105261
-36.46803,73.300575,6.1972632
-39.290012,74.26567,7.1524487
-37.31013,81.71277,11.32878
-46.822292,82.427505,11.09834
-40.28621,90.467255,9.604702
-38.81308,86.87867,15.004936
-42.001934,89.50388,15.427877
-32.928394,89.39215,9.930769
-31.534168,86.03846,6.8610563
-28.2836,87.04473,8.47325
-23.583405,74.208015,6.289058
-21.37586,78.77164,2.4796522
-17.671595,66.1345,-2.0254526
-15.315406,61.784683,-4.183129
-13.177507,72.58978,-5.4841795
-7.2834377,60.097736,-5.8719125
-6.348444,58.742504,-6.3144894
-8.619118,59.971058,-10.087241
-3.6363478,53.117474,-6.6063595
-3.4141374,50.116913,-4.3220143
-2.4480593,39.075516,-4.4276175
-3.7617493,25.46105,-2.7584429
-5.814689,21.055641,-0.23367298
1.2197071,11.745735,3.243498
-1.0722716,9.129483,4.7255926
0.15005967,-0.009392731,5.651238
7.8154583,-3.2470446,5.9055123
8.581126,-0.7011125,8.036899
16.28272,-4.106617,5.7937346
17.81229,0.5171664,6.6851315
15.487844,-1.329045,4.751891
25.568098,5.339051,0.7180664
31.680387,6.1123123,4.573899
32.45468,7.4236984,-0.7227944
34.64585,12.552393,-1.2603719
34.72814,14.448411,1.776717
31.840353,16.347567,-3.712165
29.282398,19.443628,-8.04371
23.731037,19.844646,-9.264091
20.202286,16.778381,-10.417698
17.08911,19.894226,-16.12277
11.290772,7.061978,-20.042826
10.319655,3.5572917,-18.64959
13.599106,-3.3112328,-20.390001
20.190245,-12.253851,-20.234245
21.589792,-25.366167,-19.109915
25.260803,-40.03808,-22.787987
27.586159,-40.434406,-19.95425
30.250217,-60.486374,-16.865887
32.937866,-62.023846,-15.488351
36.58618,-77.09943,-12.077616
50.51382,-90.25485,-11.969042
47.776997,-87.440056,-6.8622723
49.812496,-98.200836,-2.5845046
53.923256,-94.11687,-1.186316
51.410683,-106.23083,5.83985
52.226,-102.6084,7.9690228
45.3748,-96.27255,8.283882
44.524555,-101.087975,8.425936
35.769203,-87.36578,6.6680727
32.389153,-85.930534,12.596692
27.50772,-86.22019,11.191542
12.523557,-72.73399,5.6410413
6.1281524,-64.50931,6.8852987
-5.3214784,-67.68068,4.6343746
-12.567658,-59.618946,0.6726864
-22.113516,-57.871315,-2.4507225
-25.135614,-57.608555,-1.0489373
-27.79469,-47.89968,-3.6551378
-39.106686,-43.843872,-7.271697
-38.356976,-42.673683,-0.7528037
-42.72319,-37.82854,-2.3873227
-49.296055,-16.477869,-6.719974
-59.760246,-11.586904,-5.9348354
-71.595375,-1.7685014,-7.676404
-79.88641,10.684628,-3.037815
-82.21466,15.533046,-4.5711536
-86.321915,32.432777,-8.558452
-93.181435,33.936268,-1.3386087
-86.92028,38.78522,1.5184524
-91.54199,35.608925,3.0340073
-87.3332,43.434834,3.9287732
-84.32348,45.150677,5.4173975
-85.368935,38.626762,9.826218
-72.69118,45.95979,11.659566
-70.51447,29.698845,15.46579
-59.357426,30.163689,15.354792
-46.628235,25.57189,14.722181
-37.19903,19.772501,17.091633
-25.397278,19.110575,17.106298
-19.227623,12.795407,16.854174
-13.439655,17.329264,15.148665
-3.6383128,18.81336,14.328443
1.4115413,14.445043,13.182725
3.180175,7.1016045,12.869117
5.625296,16.77406,7.698613
1.4674875,8.943199,3.087699
10.892317,11.015404,3.2561533
6.740025,12.1242485,-2.0309248
6.63931,2.9488418,0.31930003
15.769529,7.785394,-3.721301
5.713681,-1.9759985,-10.007701
13.831394,1.9292904,-7.688651
15.106916,-4.67607,-11.807665
14.6101675,-8.420007,-10.90042
17.456066,-5.7874427,-10.170171
15.021335,-4.2703023,-11.447435
18.341526,-3.0088053,-10.916797
18.815119,-10.221108,-9.403344
19.473127,-7.445008,-6.7555804
15.013462,-10.24205,-9.916849
19.9987,-4.2541265,-9.399207
22.63516,-10.88955,-5.1940646
21.227972,-4.980374,-7.725007
19.979738,1.8474698,-6.9918222
19.437033,-4.0549035,-2.307805
16.203644,11.669721,-2.3422887
9.248514,11.582102,0.30159608
10.696927,25.793026,-3.2577586
1.4949636,29.41424,-7.307498
3.6324873,34.076714,-3.5973735
1.1785314,48.777615,-8.902762
-7.112624,41.558052,-8.693506
-9.315914,62.27629,-9.96166
-28.027626,72.69005,-16.57459
-31.55791,82.63074,-13.802926
-29.662357,84.1784,-16.765844
-37.383404,70.851265,-17.900267
-41.772926,91.65399,-19.965816
-45.74028,94.47737,-21.805492
-51.41353,90.15648,-23.427738
-48.283398,86.33768,-25.53701
-39.646824,73.71479,-16.287846
-34.80609,73.00955,-16.17411
-27.284271,62.66671,-15.351484
-20.558327,42.149586,-9.404057
-12.75538,30.819788,-7.002602
-2.4910781,25.360666,-4.804416
14.118343,-0.87110776,-6.8860025
35.947037,-13.481785,-0.03608095
39.196674,-16.927595,3.6713812
40.644073,-32.211655,1.6177197
68.38092,-36.79561,7.5535707
74.36407,-57.45567,9.595956
82.416595,-56.18002,9.357149
101.106575,-48.494606,12.958369
100.125885,-63.91696,15.344617
115.16563,-57.221115,16.337248
113.609344,-58.486565,17.204174
110.71753,-63.7991,14.031568
112.6815,-52.875835,16.381615
100.73476,-52.635868,21.878443
96.24658,-61.19504,19.632484
92.72222,-59.113617,17.350462
86.34496,-65.56104,16.984438
76.2821,-73.988045,13.126463
80.020584,-74.642136,11.498556
72.63828,-86.04056,14.496618
62.77681,-83.19086,13.455261
62.3661,-87.23823,11.5351925
54.348896,-94.16155,9.72755
58.038723,-85.52711,7.1033516
49.946472,-87.86468,4.604256
45.804733,-84.086975,7.6028
48.26016,-80.71036,12.041614
38.856087,-79.50185,9.199703
39.283264,-76.71669,6.2053328
39.445923,-73.08715,6.8694386
35.974594,-73.89682,8.457734
34.29707,-72.57454,9.171439
32.30419,-66.44468,14.07521
29.818401,-69.73514,14.571665
26.18425,-59.645435,13.770177
17.392916,-68.168594,18.147684
6.970869,-54.349342,14.031359
-0.13610087,-34.19475,11.807821
-8.221516,-47.608196,8.574606
-14.693087,-19.83575,4.8284116
-24.001907,-10.002307,7.8941364
-33.75367,-0.58137316,2.523996
-38.269825,25.136703,3.0704033
-49.611374,23.181225,4.8424773
-58.72249,55.315304,-4.4255114
-72.9843,69.92629,-5.1715264
-86.80358,71.71155,-6.3089533
-82.817825,103.90966,-11.535312
-93.66128,102.06775,-11.697161
-98.99905,108.5299,-11.647032
-103.66454,112.11114,-10.903743
-113.828186,102.52287,-12.830601
-103.58882,107.10414,-11.596478
-107.34949,89.76124,-8.730668
-105.3601,83.91575,-9.841342
-93.108894,71.030914,-5.263518
-93.52238,53.628036,-1.1841956
-85.87998,55.823845,-0.8094862
-74.41243,43.173885,-2.0245807
-73.49149,33.034184,-4.6609325
-67.306404,31.93221,-4.4287577
-55.31069,22.181658,-5.0181193
-40.779316,19.004108,-4.414425
-32.617844,16.287014,-2.011154
-31.166216,7.292995,-8.746323
-12.916482,9.690315,-13.583779
-10.026171,5.4816446,-9.644344
-11.045889,0.8793108,-11.382305
-6.457962,-4.237042,-13.696487
-6.1123652,-13.916733,-11.113676
2.121298,-17.379986,-9.343377
-2.4805205,-21.77075,-9.678028
-4.3065534,-27.886236,-7.2001176
-5.7156982,-29.9114,-7.1497445
-6.592555,-28.000156,-6.867807
-7.3709836,-37.124275,-2.407005
-12.13171,-35.899525,-2.670164
-12.376514,-28.534407,-2.6143093
-17.04651,-25.782116,0.5582428
-9.194912,-19.92701,1.4826725
-8.72321,-22.27871,-0.41735405
-10.824801,-11.97861,1.0922713
-8.967253,-6.092715,3.7550309
-14.483866,-1.4928702,2.8541565
-7.499153,13.173318,3.3167777
-3.633009,0.80030996,6.13071
-0.7178668,3.7981126,8.693191
-2.3076801,15.238219,7.1488104
-2.8234327,7.4612207,8.655269
11.777478,4.7312107,14.766326
16.305708,-6.0220523,15.568758
20.60693,-11.175981,15.212038
24.397154,-11.714994,16.41053
21.610052,-9.355012,17.167458
24.041367,-0.41313446,16.445822
23.756617,6.159721,18.004902
20.10142,11.866473,14.370162
15.730372,20.815403,8.894176
16.803589,27.047586,11.853025
19.509228,28.561142,7.1994734
18.125261,38.94678,5.3671827
15.424267,39.76968,9.128727
17.452673,39.41724,7.038531
17.59854,41.31102,4.050308
18.070684,41.336212,-1.9582117
26.510696,40.570595,-0.15949742
24.331299,30.975477,-3.2022648
27.76211,40.713127,-8.692166
35.362804,38.24607,0.45715794
34.578537,21.49282,-3.0700836
32.710857,34.13943,-6.7449675
29.68723,28.614983,-2.4993832
42.332268,17.379002,-1.7199597
44.82634,22.7953,1.2929415
36.341843,18.446892,-2.1289852
43.80019,21.730688,2.9102812
40.1771,20.654194,7.156109
34.4748,18.062777,2.5022616
30.018412,25.930176,2.5549722
22.038355,20.223408,1.3117528
23.05289,17.57669,-1.3678731
14.746965,25.289267,-2.125142
6.0208936,16.162132,0.8993349
1.7221204,24.77627,-0.145651
-10.380199,35.45507,-2.8965895
-22.540674,28.891294,-5.517226
-28.118732,33.94738,-8.09473
-34.0256,35.231007,-10.801104
-46.743183,38.711727,-14.813029
-54.425682,38.470352,-18.020685
-57.00503,44.714966,-22.80672
-63.59518,46.637234,-22.832876
-67.46061,45.798306,-22.835293
-71.6512,51.719776,-24.61877
-73.49176,43.189114,-25.496025
-67.04233,36.960705,-26.799328
-62.758224,29.567726,-24.317959
-55.35466,26.293152,-21.784878
-46.870674,9.38415,-19.643255
-37.223553,-6.02205,-15.781982
-23.455389,-2.9715981,-13.3416
-13.225685,-13.937811,-10.430711
0.7688699,-27.199783,-4.904008
13.353628,-38.293888,-4.6362405
20.68464,-46.12412,-2.5108984
35.43262,-58.637665,1.9177648
46.43003,-74.88717,2.438076
47.901646,-81.14931,4.5202665
61.411472,-90.96995,6.9140143
72.686455,-104.2039,10.314798
78.432144,-108.21878,7.304615
89.10438,-112.88442,4.032545
93.13255,-123.29501,2.6269279
95.09322,-131.14636,0.6739888
91.40469,-132.42952,3.474251
87.36056,-129.28119,1.579757
84.81388,-129.20212,-0.76416826
80.81083,-127.475044,-2.9404914
79.522224,-126.63847,-5.244476
74.7195,-123.44979,-0.68018985
66.60941,-119.23653,0.9824866
58.761078,-108.270134,-1.6690584
52.29578,-94.95696,1.7336135
43.29385,-93.45146,4.554552
39.558807,-82.4571,3.8294787
41.278625,-67.96725,6.1696243
33.746452,-55.327393,5.6875033
24.280704,-39.46243,5.813953
21.254131,-27.549822,10.483608
17.160788,-15.635564,14.088347
13.146916,2.5638022,17.67404
2.8822117,14.984695,17.69547
-9.963848,25.93949,14.753244
-16.704803,39.12255,17.03723
-25.30061,43.115063,17.65998
-32.37243,55.340782,12.528408
-39.73941,61.59163,10.585127
-43.652683,68.84301,10.3087015
-47.525097,81.61328,8.111163
-51.887993,81.86979,9.584406
-57.653896,98.09602,6.6335263
-65.11536,110.33715,2.1793594
-61.316055,109.546196,4.2927794
-66.13078,118.70203,2.2429585
-73.591644,127.16776,1.0425481
-71.80443,133.10323,2.1837664
-78.478676,135.9187,1.5771704
-86.19077,131.39606,-0.1570231
-85.97147,130.71935,-2.6871207
-85.10747,133.76343,-2.7664912
-88.971275,129.29869,-3.3985956
-87.67534,123.379005,-6.0332117
-90.73525,120.84493,-9.420091
-98.876015,118.286804,-8.83098
-94.90088,110.70109,-7.9565687
-92.23998,107.612885,-9.9395075
-92.15381,103.84326,-10.582039
-87.41657,91.96283,-10.328567
-80.080086,82.13678,-8.971984
-76.9254,70.45031,-10.669231
-69.42831,60.779488,-11.301532
-60.436443,51.978256,-10.537471
-50.77056,40.931664,-9.327806
-38.69017,32.55348,-5.9248323
-37.60481,25.145544,-8.148672
-26.463997,11.106399,-9.363609
-16.86892,-4.6277137,-5.1695642
-10.288422,-10.735194,-5.447589
5.11125,-16.644468,-4.1404576
12.951851,-25.963083,-0.38334277
16.151142,-40.205086,-0.37281433
20.716486,-46.053665,4.1209683
28.508478,-44.68652,6.4841404
27.144152,-57.21724,7.684419
23.491135,-50.125496,9.030478
22.137732,-41.673565,5.0371904
16.750671,-50.606007,7.7540255
14.469035,-41.12602,9.694209
12.999323,-41.089954,5.8421288
10.346566,-43.73601,3.693057
10.9427395,-42.04856,3.1174574
12.068124,-53.862495,2.552605
13.179485,-42.07366,-1.8964992
14.313637,-40.552208,-5.9476
10.359757,-47.84922,-3.3070211
12.76714,-40.622498,-0.036398772
12.453081,-51.12238,-0.88307136
13.610193,-45.45545,2.2650783
16.934519,-54.080273,4.5464373
9.213635,-58.8063,2.7269256
16.554195,-52.428883,8.265104
15.194195,-58.514915,11.430952
8.710982,-48.605103,7.9811287
22.860119,-63.801697,9.703459
16.844364,-62.114235,6.8595576
12.5122385,-62.474228,4.8583474
20.975395,-72.897865,8.669595
24.458698,-70.02052,7.4822474
32.96365,-77.89861,7.681594
31.030054,-72.71497,4.933219
39.10337,-75.82467,3.0214508
46.902824,-73.45303,3.6828444
48.891052,-72.71067,4.689327
61.744892,-71.48413,4.921724
56.65213,-71.71125,-0.22926499
58.25857,-71.58409,0.0004530324
61.582306,-59.531235,-0.24394189
60.0531,-69.57625,-2.161737
65.38873,-63.465893,-3.2685115
55.81114,-48.29059,-6.4763784
59.94656,-44.662094,-7.1180816
66.70438,-40.06001,-5.973934
63.818775,-35.326996,-5.9561553
69.57143,-32.91641,-9.196965
69.810074,-35.27174,-7.866018
69.35162,-30.958258,-5.0383635
66.23597,-29.176609,-5.333471
62.596024,-26.404152,-1.3034661
60.65769,-28.50421,2.1660233
58.74854,-31.24203,2.1692462
62.472027,-29.91109,4.945484
63.584053,-31.48836,7.452391
60.086926,-23.76576,7.956011
50.09622,-21.966652,10.378985
43.789394,-21.507263,12.874203
41.933056,-17.882406,15.6309
37.890068,-19.320099,10.183647
37.899,-17.336622,7.214659
40.04248,-23.519327,8.636223
38.118847,-24.698174,5.1489615
32.918076,-16.639141,4.389044
34.803783,-16.174679,2.1378593
38.665066,-15.967985,5.4931498
41.05836,-13.870608,4.8954167
40.121925,-10.773421,0.41650128
40.55393,-12.370256,4.76211
41.980556,-6.76273,2.6463578
34.2252,0.2594202,0.93216467
32.469448,-1.4967695,1.3633003
35.567863,9.235099,-0.7560906
30.285633,17.272593,2.2338214
19.381231,20.14092,-1.1163633
10.727279,28.408777,-3.9794679
3.6424062,31.30621,-2.2289746
-2.052199,31.923115,-2.947465
-14.426015,36.746613,-1.2224463
-29.564135,40.005985,-1.0799128
-31.130733,43.904156,-1.7499158
-39.76683,47.051956,-0.17691685
-51.55658,43.334625,0.6753674
-58.038124,51.474567,0.20600638
-68.33315,53.763813,-0.19895148
-76.03467,56.65235,-0.5741361
-79.06133,69.89043,-1.6886063
-72.97182,69.5854,0.039507993
-77.5069,74.17493,-1.3952526
-84.425766,86.296005,-5.1147165
-77.45866,97.804886,3.3243823
-79.11553,100.76695,4.8513565
-79.48748,113.07428,-0.8950222
-74.731316,120.600395,3.5742142
-75.05099,118.88763,2.407245
-70.39753,130.15375,1.7420527
-73.78997,121.391464,4.6127777
-79.49466,129.54135,1.5183749
-74.06845,133.95311,-1.5459456
-76.21945,119.30714,-7.9868474
-71.455505,130.08159,-8.785269
-69.066055,122.620544,-6.626073
-71.077324,115.82327,-13.095989
-60.419193,115.348885,-13.705474
-56.700615,95.31449,-12.391599
-58.80694,88.76628,-15.05826
-60.573723,88.02299,-11.731634
-53.59332,68.96666,-10.445563
-48.530266,56.69232,-11.609766
-48.990635,54.476936,-5.4628124
-43.836727,36.65413,-2.5843046
-36.319324,30.951153,-3.283912
-23.853949,21.145548,2.314209
-18.720516,0.690454,-0.1420864
-19.767817,5.692576,-6.055321
-11.322401,-4.1386437,-0.100892656
-2.8924022,-15.073741,1.486402
1.6475081,-16.570297,-1.3796513
14.169025,-24.449797,1.3813646
19.142206,-22.902538,1.3394871
29.811855,-29.169752,1.0796022
40.81334,-38.944187,2.0538096
42.344242,-44.69882,3.4754512
54.259377,-48.046467,7.736878
57.49944,-57.133663,3.5586357
65.79441,-62.0244,0.4189514
70.021194,-64.986244,0.85387266
70.32347,-69.19949,-3.5964732
73.64569,-70.876724,-1.4520228
65.69291,-80.89402,-3.7580056
60.50367,-76.55511,-9.288813
55.684925,-73.48734,-5.446938
54.672707,-83.12554,-6.6525
43.97528,-78.66073,-9.847471
32.8443,-78.6883,-8.684846
25.908302,-89.79758,-8.718625
13.421105,-85.150375,-8.017629
11.504336,-88.19176,-6.9448304
4.7901974,-88.79763,-8.541452
-6.722878,-79.34182,-8.459399
-11.086993,-77.47086,-5.209869
-16.598974,-69.08275,-1.9635623
-26.912437,-71.915215,1.666096
-34.57902,-69.94032,3.8013406
-40.642376,-60.76397,7.162805
-49.14896,-58.315205,11.045344
-50.115055,-50.000484,13.872936
-54.561394,-51.19649,13.109375
-61.41084,-42.57986,11.053934
-62.668266,-20.6431,10.223037
-71.41004,-16.785625,10.089328
-71.5124,-3.5696244,8.189521
-72.08103,17.75432,2.581605
-75.28392,27.360748,2.2483935
-72.83249,35.529285,-3.1047134
-75.59816,41.562435,-8.570523
-72.09367,50.82352,-8.636212
-74.18735,57.684166,-10.58225
-67.7442,55.798435,-10.9420185
-56.833946,57.211285,-13.683713
-56.173584,61.97971,-14.727304
-48.115124,56.661446,-13.959305
-42.673355,57.05612,-13.64772
-38.874935,59.305443,-11.38942
-34.09464,56.63476,-7.3985744
-24.408417,58.118244,-4.05818
-18.155497,48.021053,-5.491315
-18.361874,42.749767,-5.6593857
-8.920684,43.851383,-3.1217194
0.93157995,32.5303,-1.8456217
8.860156,21.041136,-0.73311955
20.841288,8.335894,-1.9993306
26.522057,-1.6760104,-2.6044192
35.916718,-8.979635,-2.532869
56.318203,-24.93021,-0.70547694
67.15969,-39.883102,0.90288323
75.678505,-47.503666,-1.7117718
83.72742,-57.09923,3.0811508
91.42489,-71.200775,4.231723
93.69032,-74.920494,1.0990399
91.94463,-83.02996,6.801453
94.40955,-90.35703,5.1188273
87.04516,-91.63371,5.7243557
86.998116,-96.41115,9.585328
85.43162,-96.73181,8.79577
75.66688,-99.09715,8.763658
70.511635,-89.483734,4.9611998
62.016224,-85.84885,7.5994086
53.04463,-81.68706,5.870791
50.68184,-74.83069,1.389852
44.099297,-74.398964,3.6464834
38.32729,-65.91476,2.9751966
48.737953,-65.383095,6.34422
49.173298,-50.32212,6.447042
48.524506,-40.88621,5.5034547
54.798393,-40.33129,9.626861
56.76689,-30.03526,8.4958
64.7459,-34.844105,7.9826427
70.23213,-35.924618,11.27122
69.49973,-27.187908,7.2046885
71.23651,-29.204697,4.3432636
72.66778,-32.02538,8.663716
72.57369,-24.76908,8.818485
76.19179,-18.7158,4.980969
71.42529,-6.0257597,3.131821
71.027626,-5.767662,5.1636357
68.77732,1.574758,1.6268872
61.665462,24.435972,1.3144746
63.43367,24.705492,5.2597604
56.8994,34.32188,4.1883736
49.16498,45.235622,3.1542091
40.953403,54.661022,2.9481614
28.857872,63.006702,6.9581385
15.240894,68.46335,7.377497
4.7753434,86.98359,4.702687
-11.814716,90.21649,3.6740086
-25.770979,101.03605,0.8896956
-36.558926,112.45439,-0.49451023
-57.640877,112.70681,-4.703279
-67.09828,124.22765,-4.6909065
-80.91625,117.67865,-0.35164708
-90.19287,121.99046,-5.5716786
-91.97474,122.412605,-5.6395764
-100.54862,98.768036,-2.503944
-101.474434,100.17313,-7.587867
-103.62465,95.73155,-4.1206083
-100.62642,80.79355,0.73927045
-101.24897,76.68993,-1.0833516
-106.93423,76.993706,4.4274783
-99.20644,74.57398,8.402968
-94.75043,69.97268,4.451051
-96.73536,69.55277,3.3308187
-94.6607,66.218025,5.5169516
-92.24442,69.09478,5.4477286
-86.82587,74.26006,2.6639209
-83.03053,68.84306,1.804997
-80.27294,63.43357,0.85947514
-70.281364,61.800964,1.4367352
-70.61868,54.640003,2.0984645
-65.40151,55.60216,-1.5107366
-56.2024,54.594406,-0.6295112
-57.45831,51.125122,-0.578827
-49.46708,53.24568,-4.324145
-51.84079,49.44796,-0.5629572
-46.426826,51.66454,2.545744
-38.068222,43.277218,-1.759676
-42.34715,44.547497,-5.054973
-33.928047,45.536125,-7.527707
-32.751263,28.179564,-9.455386
-32.034447,25.1037,-8.933885
-27.761349,13.64763,-12.128502
-23.528652,-1.7877938,-13.727996
-16.021544,-14.258834,-10.926903
-13.230004,-21.976177,-11.1204
-6.4414663,-34.15589,-11.122086
1.2801981,-51.636295,-12.556101
10.994642,-60.89698,-13.135381
17.809341,-73.65802,-12.206672
20.851084,-76.06836,-10.885171
33.56307,-83.74403,-8.904628
45.23553,-94.11284,-6.1732063
56.71497,-100.717186,-2.4375205
67.67369,-109.49374,-1.4705387
73.47422,-115.391174,0.18409036
81.1998,-118.72613,-0.21368624
87.05906,-117.29751,2.6803968
95.58867,-119.037704,2.9928842
101.205505,-110.414986,-1.3184887
101.96366,-108.96719,3.388783
104.311714,-111.96587,4.0226145
103.1393,-103.250656,3.2206354
101.86022,-97.57141,6.1891785
101.883736,-87.227036,3.9622529
101.989334,-82.39018,7.968397
102.24048,-76.80063,9.133299
98.6315,-73.36441,7.835447
90.03228,-82.72144,14.898783
85.585686,-80.47843,16.00268
83.831154,-85.52103,16.084976
76.90157,-92.64298,13.19624
78.678925,-94.99438,12.525369
78.512085,-105.50603,16.69445
70.40005,-96.66557,10.844818
64.89993,-93.17689,8.145321
58.81769,-94.223274,9.129869
53.63972,-91.35577,5.891309
48.257324,-82.42201,1.7150166
46.504826,-66.31782,-2.9813926
33.643997,-70.09853,-3.6169217
23.10257,-55.01426,-3.198228
15.300583,-40.636616,-5.917876
4.2210155,-31.198614,-6.452883
1.1831113,-15.870716,-3.3388488
-13.276107,-11.854584,-0.40928775
-18.927671,7.1883225,2.1685016
-23.689713,17.853243,1.5758561
-37.138737,27.452364,1.0929453
-47.440945,39.825027,3.9639275
-51.404377,45.28773,2.8893325
-56.61438,50.522053,3.2225368
-67.90134,63.5,7.636453
-70.145676,78.63538,7.426202
-79.81866,82.10723,1.1932997
-84.13916,99.21211,0.6831391
-90.07082,112.50714,1.319786
-99.636024,124.3169,-3.162415
-104.13359,129.67554,-3.128563
-104.131325,134.13905,-7.0388474
-94.412704,143.11139,-7.831788
-98.259224,133.89154,-6.4671144
-91.53596,135.57445,-9.412113
-86.67024,133.13728,-5.2792025
-90.25912,130.50996,-6.3064404
-80.61801,129.6543,-10.934427
-77.32687,115.15971,-13.12791
-71.44974,100.096756,-15.057662
-65.30031,85.05021,-12.731526
-61.852455,73.207855,-14.570132
-55.75905,60.67984,-14.815842
-51.86483,41.325546,-13.031914
-46.116547,20.239569,-10.688241
-41.80117,21.524075,-9.256502
-44.11033,21.546255,-17.112713
-42.979305,9.906137,-17.050892
-44.759735,11.080224,-17.644022
-47.37005,3.3265207,-24.675243
-40.50976,-9.165266,-24.154722
-37.535267,-8.819548,-25.491001
-33.5615,-11.085176,-26.513422
-29.310133,-19.628052,-23.98981
-24.483274,-23.952398,-23.06673
-16.979723,-22.082258,-22.748192
-9.124763,-18.412907,-22.76075
-2.203196,-15.463404,-20.150434
2.4828675,-14.692773,-14.499394
12.599269,-14.352269,-11.2767105
19.884703,-11.289279,-11.796302
21.902214,-8.55345,-7.759644
19.78331,-6.0447516,0.4329014
23.695934,-0.5509811,2.681659
29.614443,-1.9904231,4.687823
31.152977,-6.728036,8.403431
42.115738,-4.601472,11.132959
45.430317,-18.90264,14.131833
45.422665,-29.040405,14.0857115
50.092903,-33.024826,17.910131
50.742275,-45.70689,20.807055
54.153053,-50.756664,23.993587
58.40006,-66.15102,28.496918
56.521275,-62.369717,25.665735
50.129093,-53.85629,25.686949
50.005333,-51.65863,25.769766
42.56347,-40.431126,20.694786
31.45015,-42.655273,14.564972
25.312181,-35.16627,10.509449
10.420644,-28.54636,9.744734
6.883728,-21.688265,11.738137
2.8925276,-16.940678,10.404035
1.5257459,-11.994657,6.8907847
4.8100142,-2.6353781,8.39653
-5.354728,-5.7052712,8.3746195
-3.1516588,4.30737,5.8805966
-6.7774897,3.2460043,9.029371
-6.3167872,3.0869405,11.8239975
5.6811686,5.893275,12.450267
3.8609638,-7.433008,15.951372
7.0500736,-1.3277133,16.426188
15.132514,-4.1104865,17.520653
15.839988,-5.2941275,16.741991
24.207603,-0.79011565,18.940844
34.602192,-3.9192522,21.1651
33.807564,1.7448428,20.001322
43.181694,-2.4741929,20.480558
47.516506,-3.2508652,15.719068
48.804832,-8.078734,17.48913
57.839714,-17.1809,18.033184
58.766483,-10.077644,12.239696
59.98065,-13.007147,11.123448
61.44565,-18.378332,10.511041
58.96644,-8.280398,8.023205
54.03707,-8.316983,4.5436482
52.358665,-8.739693,5.148487
51.273163,-3.9970355,5.0895185
48.65239,-6.5582695,1.9684919
40.99559,-5.182432,-0.35274857
33.48039,-1.4038724,-2.897225
34.109142,-1.1492063,-1.841229
27.464476,-1.3378015,-1.266897
18.259047,8.107631,-1.5121979
12.137433,4.2898517,-0.264729
6.2594666,2.5238657,0.61875767
2.7585092,7.6817765,-1.4084581
-6.3363886,-2.3933258,-6.3270693
-8.973817,4.022261,-8.790748
-13.349585,0.32719553,-5.292711
-16.286186,5.651313,-1.5675792
-16.15335,7.635896,-6.436293
-24.752834,-4.7063756,-4.390341
-17.529346,7.9025283,1.1282494
-20.198788,-1.1385185,-4.410132
-22.961084,2.7408998,-4.462591
-19.552404,-1.7904344,-0.91007745
-27.526747,-14.144294,-3.3912773
-27.934458,-2.805966,-2.8264475
-31.621996,-14.740333,2.3356957
-26.998285,-9.860697,3.3675485
-29.69862,2.002842,3.2439408
-34.555027,1.218672,4.829796
-30.455467,13.923717,5.800002
-41.171947,23.489628,8.586142
-44.17852,25.903965,6.8713527
-50.831806,42.878895,5.2872186
-62.289825,53.607777,6.5144467
-66.60166,54.03337,4.9285526
-80.57665,67.69859,1.3229879
-88.47233,76.284004,-1.5207
-88.25861,85.50427,-2.6996605
-97.917625,99.50296,-8.571466
-101.92485,106.27506,-10.387938
-99.494644,110.99021,-11.364528
-99.469086,112.53181,-20.076115
-98.7052,107.91546,-22.24312
-99.60156,102.80203,-24.972473
-89.54012,96.70764,-29.750946
-83.62923,85.775085,-30.533817
-72.83833,80.054756,-32.73586
-54.473682,65.16172,-28.996082
-48.932007,44.549152,-30.157595
-37.93708,37.437134,-32.751415
-26.26514,21.105574,-25.592207
-13.033039,5.887008,-24.14533
-3.3465972,-13.0300255,-20.647934
7.8108993,-38.487118,-15.74909
20.607983,-49.481537,-13.538235
21.330738,-63.867065,-10.395908
33.42306,-72.94256,-7.6514945
41.04937,-87.13144,-3.9989684
40.292175,-92.62999,-6.861419
48.80045,-89.20088,-1.2285336
47.429276,-101.4282,1.2096175
47.864166,-93.689026,-2.1892333
53.97696,-89.02686,0.6377701
51.258904,-85.09091,-2.420273
56.67449,-65.323746,2.088654
60.101383,-60.557274,3.032199
62.922516,-57.968502,-0.43817523
76.95637,-38.18894,2.871353
75.14149,-40.122387,2.3730524
81.21287,-51.13992,1.7035668
96.17395,-41.069305,1.3618054
94.55174,-52.21238,-0.023221323
105.19894,-50.65678,0.9623772
112.289345,-62.327885,6.685918
115.37735,-77.82004,6.7510505
115.420135,-67.63719,3.2979674
110.626686,-83.94337,3.5085258
114.17425,-81.249146,1.4119986
98.34255,-86.559425,2.4007025
94.95975,-81.90891,2.5085127
87.081314,-81.11779,1.9584671
74.481926,-86.96986,4.4814034
68.03878,-74.23269,4.7459354
46.797684,-84.82399,3.1240017
48.810116,-64.305786,3.5115056
35.5851,-76.70087,3.629055
27.335054,-64.027435,1.3323094
29.131542,-52.972958,7.6926765
27.143467,-65.83365,9.461062
28.477863,-46.035336,2.6998813
21.399075,-58.652325,2.147494
24.749779,-37.218887,0.4756646
10.625493,-44.124123,1.7228203
8.806028,-35.78577,3.0856194
1.4687105,-25.88951,1.4176668
-8.13225,-26.287668,4.2597594
-7.21319,-10.011117,4.1619425
-16.475134,-20.090122,0.87129873
-10.691505,-6.944645,1.5050395
-19.433983,-11.36509,4.4928007
-26.529722,8.83136,7.1405344
-22.869635,19.581371,6.5586452
-19.771551,28.67218,6.896098
-21.242052,31.395454,13.644885
-17.711052,35.85086,16.530628
-11.649907,54.74038,18.434546
-15.667366,49.955097,20.90226
-17.909527,72.515205,14.832037
-24.643116,69.46023,11.983724
-21.881395,82.99512,11.80005
-28.39564,86.74927,9.670653
-32.805767,85.36135,10.551001
-35.1405,99.319954,8.086091
-42.452305,90.81231,8.282601
-42.94551,99.946625,5.9289103
-56.05964,92.717865,1.1368427
-56.38093,96.04311,6.6793194
-61.564037,87.30705,4.2851534
-74.11858,78.24435,-2.4226458
-71.95665,78.04538,-2.2908838
-72.59078,68.47702,-3.4020584
-74.5791,78.39856,-7.0480185
-72.7997,67.48993,-8.761638
-69.387985,75.5835,-9.632057
-70.2836,81.141335,-14.305145
-69.621185,79.64755,-15.377507
-69.032005,88.23046,-17.225594
-72.22228,80.19937,-19.254309
-67.61463,89.1444,-17.766335
-63.372387,78.27103,-17.233574
-64.01064,79.98155,-16.064938
-57.393375,88.69665,-15.31228
-51.42513,65.85635,-15.59077
-46.70943,69.316025,-13.328682
-41.31927,67.42367,-13.142375
-37.162228,53.16332,-15.061906
-28.955118,50.14278,-9.832793
-25.221943,37.085896,-7.37709
-16.937426,28.782272,-4.224631
-5.448781,22.057934,-0.8159448
-3.2257335,10.737473,-3.706905
-0.16171695,5.8582125,-0.79538476
1.0570056,-0.120387204,0.9119952
8.11209,-4.6668577,1.4623872
14.600244,-13.142949,5.0509734
13.040362,-16.345432,4.0404387
12.2572155,-16.18169,0.8943197
5.3085628,-19.030506,1.5732324
2.681278,-18.03523,4.720149
-1.8011172,-19.401283,3.867291
-9.081209,-16.106453,2.688985
-12.413143,-14.562517,5.4492517
-16.536041,-10.768465,4.1296988
-19.626312,-10.496496,0.2837495
-23.551497,-10.002548,2.3573632
-24.27595,-7.4059243,0.10401296
-24.450655,-8.409807,-2.5467553
-22.258375,-5.4280653,0.38332388
-18.265377,-9.931477,-0.867731
-13.137648,-8.548462,-1.832903
-6.32984,-9.325622,1.1198717
-2.6180158,-16.866367,1.4201527
2.0557568,-9.993342,-0.67722934
5.441181,-10.157201,1.341928
8.973169,-16.408861,-0.21503624
14.10495,-12.547572,0.38712764
15.308482,-16.523306,2.8214095
14.949352,-17.722965,-1.2906654
14.729381,-19.4661,1.0429282
15.955715,-23.298656,3.8907988
17.107815,-22.602383,4.100117
16.782232,-26.266083,6.223573
14.382109,-22.426792,6.4071827
11.733605,-22.406332,6.2736506
13.0436535,-20.531916,5.4121985
13.073115,-19.228138,5.84338
11.741673,-21.9209,5.5933394
8.408544,-15.892937,3.3024995
7.555016,-12.659716,3.1464665
10.001092,-15.158423,3.7297907
9.107453,-14.010696,2.711651
10.017228,-8.6812725,2.4160776
8.669601,-10.009655,2.367167
8.810577,-7.0814347,1.377849
11.109109,-7.162808,2.8852496
9.412182,-10.88797,2.4143631
10.4883375,-7.822868,2.3721478
9.534444,-10.413905,2.7837317
7.855464,-10.190933,1.6053035
8.049618,-7.522038,2.9432204
6.602648,-8.398794,2.4783123
7.1374454,-7.720223,3.0273514
6.3648815,-6.696851,3.4438066
4.4180865,-5.7133036,2.2751274
2.6945777,-5.592377,1.9937955
2.1527467,-7.0858884,2.2560966
3.0828993,-7.9942327,2.9191027
2.1137156,-7.8484607,2.1805787
2.7625597,-7.3866353,2.2643456
3.7646716,-8.271827,1.7303371
4.3441153,-8.788093,0.5577071
5.3504224,-8.63324,0.3141839
4.8709235,-9.922405,-0.35889313
5.3424215,-9.983353,-1.0329713
5.5759244,-10.619946,-1.120395
5.120373,-11.873023,-0.9829438
5.3312416,-11.472997,-1.5688584
4.8057203,-10.644037,-1.8697882
4.2031407,-10.176606,-1.8355039
4.1031184,-9.473951,-1.7553982
3.757661,-8.384626,-1.3956769
3.8281913,-7.566575,-1.4929619
3.6244833,-6.4126415,-1.2729725
2.7959528,-5.2814727,-1.042659
2.7466004,-4.2464952,-0.90186304
2.7079868,-3.7631528,-0.6238926
2.2389772,-2.9305835,-0.8616854
2.0255105,-1.8714426,-0.5908107
2.047775,-1.5093195,-0.27758497
1.6800252,-0.7094222,-0.4277574
1.3650235,-0.050624426,-0.32360685
1.2430196,0.45330885,-0.24969462
0.76452166,0.6279173,-0.042563427
0.54692227,0.77866423,0.06176866
0.34603631,0.8809199,0.056683194
0.25971496,0.7351303,0.18931161
0.30905363,0.7271183,0.19441903
0.09977258,0.5588901,0.21416783
0.08319301,0.60579944,0.21524177
0.044478312,0.4976469,0.16322593
-0.008543441,0.3288882,0.14134146
0.045170512,0.27147967,0.122995056
0.0043127513,0.1942357,0.08191216
-0.007027657,0.1601542,0.045646016
0.004804408,0.09556847,0.025244791
-0.003976742,0.05821421,0.008742545
-0.0023205872,0.025635274,0.003542128
-0.00039322372,0.0064197085,0.0008927624
-0.0,0.0,0.0
