ax,ay,az
58.926132,-33.9694,222.80057
60.56933,48.134773,124.2481
56.57195,111.32979,-16.784029
47.42122,125.38024,-133.14438
34.215916,85.16372,-167.44656
20.124773,15.627266,-104.41761
9.76205,-42.41729,19.717667
6.224439,-56.968258,137.47424
8.239223,-23.348885,187.80772
10.484282,35.491028,148.21591
7.6868258,85.42363,42.705666
-0.5199873,101.23187,-76.54171
-8.462307,76.46248,-159.59067
-8.939432,19.092115,-181.71759
-0.3887313,-59.238056,-147.46779
9.426536,-149.01659,-78.53818
7.4395614,-239.14647,2.1540833
-14.843753,-309.83423,78.72843
-52.987476,-332.8051,140.32759
-90.131035,-283.74786,175.2206
-107.362976,-160.45963,169.64864
-96.9631,7.0131006,114.67356
-68.43323,164.29524,16.306002
-42.122883,256.52914,-99.88509
-34.701828,254.54883,-195.51071
-47.313343,167.81793,-235.50752
-65.50041,37.398952,-204.8664
-71.03507,-85.04408,-116.055565
-56.55129,-158.8953,-2.776104
-31.646494,-166.08505,96.01184
-15.63299,-110.52138,152.40146
-22.295956,-11.085743,157.66528
-48.039345,105.28176,119.788635
-72.26689,208.50592,54.722385
-69.94559,270.79654,-21.694601
-27.790897,274.56024,-96.8569
46.60376,220.19623,-160.33145
128.1479,127.726074,-202.45801
187.3054,28.461796,-215.3919
204.4739,-49.98316,-195.8879
177.80447,-96.01943,-146.93552
121.67075,-115.30138,-76.57379
58.588367,-120.386894,4.6566772
9.863242,-117.3684,84.691376
-11.039615,-100.4824,148.581
-1.3354387,-59.243748,177.92538
31.23892,7.7588816,155.57016
70.91256,84.17679,76.2616
98.84456,140.57005,-42.654755
100.28804,150.42516,-160.01411
71.63588,106.64148,-224.71715
23.249168,26.995289,-200.28267
-25.032906,-55.040497,-86.46204
-54.522278,-107.69184,76.38744
-58.409615,-115.33071,224.88235
-45.264946,-82.216125,303.03625
-32.280804,-25.799974,288.0928
-32.60167,33.887196,197.5203
-45.906868,81.81253,75.21657
-59.398945,109.84958,-32.540268
-58.49012,115.11785,-96.67905
-38.80108,98.332726,-111.569496
-9.926209,63.792904,-89.08952
11.994463,19.907047,-48.142323
16.769526,-21.692465,-6.466554
7.5277486,-49.035362,23.470335
-2.826363,-53.45652,36.32598
-2.7163928,-32.263336,34.69286
8.943131,10.339002,27.539085
22.998713,63.77155,24.834251
28.889063,112.7697,30.40126
23.89631,140.6628,38.495438
14.621825,134.64279,38.29445
9.617434,91.847626,24.01665
10.040949,23.040375,2.2372413
6.9999394,-49.60536,-11.298126
-11.603151,-101.32533,-4.5759444
-50.248825,-116.408585,18.286947
-100.11719,-96.02647,36.784164
-143.47725,-57.120327,28.306711
-164.80544,-22.693752,-13.354147
-159.98001,-9.5827265,-70.58621
-136.88295,-21.427141,-112.82528
-108.03081,-50.665253,-117.902275
-82.07229,-86.72874,-86.91403
-60.97353,-123.32607,-40.69711
-43.887253,-159.1425,-1.3336955
-32.504913,-192.299,25.258715
-31.679844,-214.58505,50.665157
-44.08569,-212.04118,88.24545
-64.01971,-173.23973,134.36519
-77.24109,-99.72609,163.82433
-68.98711,-10.239127,145.32326
-34.914192,65.85998,66.20715
13.836804,102.77972,-52.520622
56.460724,91.24867,-163.31818
75.78089,42.15313,-217.69908
69.39165,-20.628931,-193.52806
50.317875,-72.523026,-106.4917
36.84852,-97.67663,0.51204515
39.522022,-91.238815,81.86495
55.176216,-56.33651,111.80584
72.02809,-0.74075395,92.677444
80.86212,63.822037,46.998383
82.819984,121.40912,1.3611015
87.54734,154.7003,-26.875532
103.61919,152.39656,-33.649002
129.43251,117.26936,-24.10536
152.1715,67.97927,-6.277826
155.83476,30.743622,12.312059
132.24692,24.300453,24.582
86.99157,47.67668,23.707897
36.389656,79.73838,5.920743
-1.7840672,92.034546,-24.633213
-17.352697,67.22903,-53.638546
-11.352754,11.2453375,-61.194984
6.5028,-48.747356,-32.575245
23.462126,-79.13136,30.974802
28.853,-58.171246,108.81964
17.053253,12.667082,168.07294
-11.301069,109.59512,177.8948
-49.232643,197.30125,123.603424
-84.86505,243.02573,14.244403
-105.216515,227.86249,-118.73262
-101.83228,152.58708,-230.65286
-75.57286,37.8551,-278.34457
-37.129288,-81.06406,-237.2923
-1.9099451,-165.07408,-115.77096
18.204979,-185.91171,42.010273
21.05019,-139.39334,170.15366
14.038988,-49.63492,210.75706
7.7548113,40.67883,145.50188
7.944059,91.080376,9.709522
11.862171,84.15634,-123.5115
11.615797,33.61813,-183.28325
1.648271,-25.970987,-141.97188
-15.825968,-61.31977,-30.83148
-32.00226,-59.68911,80.78592
-38.39711,-32.79423,129.52959
-33.740498,-4.0883365,96.39836
-24.948296,9.846038,14.41285
-21.1649,9.60078,-57.849556
-25.825972,8.258056,-76.97836
-33.621754,17.26087,-41.23391
-35.26645,35.399544,13.985025
-26.256279,49.882317,45.82501
-12.044851,47.730873,35.82505
-4.7090616,27.14028,1.1532367
-13.256999,-0.90629476,-21.268936
-35.340088,-21.555418,-4.4516244
-57.397022,-27.17038,47.581627
-63.58469,-20.852547,102.33066
-46.73434,-10.067635,122.25663
-12.9651575,2.5937736,91.48672
23.195934,21.769869,26.562193
48.76365,51.65308,-35.70915
59.321198,85.31931,-63.51573
58.351242,102.47952,-49.801594
50.98686,80.97252,-13.087245
38.736713,15.182699,19.315598
20.035856,-73.324486,31.508568
-4.489058,-143.79366,27.187384
-27.80451,-160.10083,21.10995
-38.24289,-114.63618,22.880663
-26.77421,-34.854908,27.621363
5.796406,33.11468,21.29284
47.56093,52.87101,-4.6039033
81.42185,18.604275,-42.320847
94.040886,-45.153316,-70.963066
81.90787,-102.72934,-71.30466
51.419952,-130.11449,-40.323174
14.322017,-125.30303,6.135207
-17.766256,-101.5125,44.20166
-36.95039,-72.21614,57.336163
-40.39625,-41.693798,44.68377
-30.282879,-7.7646737,17.824823
-12.754961,28.445028,-9.260093
4.488606,56.85127,-28.369854
15.72851,63.362118,-38.668465
20.062517,41.35662,-43.5102
21.218018,-0.98763525,-47.06401
23.903545,-44.857582,-52.6935
29.341612,-73.59566,-61.471672
33.931915,-83.44544,-69.48933
32.729916,-83.2193,-66.41231
25.086761,-83.53001,-39.77239
17.22506,-85.37094,14.437748
18.47624,-78.37198,81.75046
33.253357,-50.538624,130.02953
55.160007,-1.1629503,125.24604
68.92744,54.362667,54.177223
60.139626,92.44875,-62.017887
26.28787,96.110344,-175.02983
-19.17234,65.46031,-234.5197
-53.584927,16.56561,-214.8769
-58.802032,-29.275051,-126.36699
-32.806698,-56.97173,-5.4978848
8.552892,-62.009228,105.77828
40.84157,-47.065517,177.0313
45.188168,-16.577179,194.61737
18.370888,24.901684,158.85847
-26.839897,70.1398,81.46008
-70.159645,107.33892,-13.978304
-94.96436,123.57852,-93.90822
-95.46495,112.67742,-125.87269
-76.89699,81.02672,-96.482185
-50.525234,45.160328,-23.77222
-27.706821,21.303692,49.110794
-16.244688,14.436391,79.35177
-19.433977,15.798947,53.162632
-36.255825,11.375453,-3.7679904
-61.51116,-5.3014197,-43.885048
-86.39061,-26.766304,-32.20572
-100.86056,-37.46631,27.399652
-98.03075,-27.417746,93.924484
-78.30387,-2.2940905,118.095665
-49.999214,18.972801,77.25815
-24.910679,17.812891,-9.046038
-11.002811,-9.883612,-93.23482
-7.1983237,-50.594658,-131.93956
-4.3660674,-83.40913,-112.447464
7.6675997,-95.12869,-55.619904
31.891832,-87.90894,3.7140968
60.765797,-73.844,41.754177
80.54882,-62.226357,57.387913
80.539505,-51.214058,64.508545
60.801964,-31.086384,74.69208
32.947136,4.632154,85.97826
13.384318,51.17487,86.111046
13.560112,95.54344,65.24738
33.472565,127.65988,25.600367
62.23685,148.46054,-20.329557
84.78668,166.05563,-59.980946
90.22896,182.62524,-88.696
77.00339,185.07018,-107.54317
52.51694,151.28564,-113.76446
28.3043,70.76332,-94.96846
13.926128,-36.26142,-35.980976
12.861031,-119.53582,64.31402
22.031582,-124.51864,179.79364
34.501484,-28.451996,261.4348
43.40486,138.34088,261.0599
44.910934,302.90118,161.16327
38.92651,387.29886,-8.916537
27.687105,350.10257,-182.49731
13.540019,205.99828,-286.4405
-2.5449197,13.456322,-275.94724
-20.91525,-158.49788,-154.38051
-41.898075,-262.06903,30.731977
-64.20432,-283.98227,210.75357
-84.1388,-238.76807,324.7871
-96.185875,-153.31912,341.1556
-94.90373,-55.281254,264.5398
-77.5152,30.592215,129.03537
-46.15245,82.88046,-17.792398
-8.492264,86.91818,-133.01447
24.164793,41.437016,-192.17163
41.20333,-37.66698,-194.3606
37.65292,-122.3885,-157.43993
17.080809,-185.56085,-106.32188
-9.654245,-213.52481,-60.47267
-29.579227,-209.6835,-27.001135
-33.96782,-187.06195,-2.4189901
-22.21341,-156.6714,19.113115
-1.088101,-121.337036,37.330837
19.737574,-79.23302,43.60633
32.779743,-32.515686,27.001637
35.404125,8.032085,-15.398918
29.237688,27.654531,-71.71551
17.87514,18.296944,-118.245735
5.0900226,-13.730664,-131.78656
-5.5551486,-49.988533,-103.781235
-10.611495,-70.822655,-46.539574
-7.5556674,-66.75851,13.286906
3.374342,-42.21649,49.922382
17.915262,-10.065923,52.206623
28.952023,17.276817,27.19662
30.229769,32.978153,-7.113608
20.296064,34.8132,-32.95586
3.5655806,21.978676,-39.623463
-12.715002,-4.888528,-23.542727
-23.530828,-39.549572,14.030376
-29.183746,-66.83003,66.191376
-33.728893,-66.27186,116.58671
-39.92976,-23.516607,139.13583
-45.11926,57.44973,107.458626
-42.01884,150.95052,11.910959
-24.561289,219.80972,-127.13827
5.771497,234.08073,-262.11517
38.682346,186.71124,-339.34055
60.766098,96.33274,-326.68054
64.36188,-3.7573733,-229.85017
52.735744,-82.25023,-86.910904
37.333565,-121.4151,53.982914
29.12191,-118.28749,157.40996
30.877823,-78.47246,209.89772
36.512558,-10.099529,213.95561
37.62321,76.96534,177.24568
31.403593,168.05055,108.37247
23.016176,242.63243,21.271866
20.44372,279.63797,-60.274612
26.447426,267.28,-107.645004
34.81132,210.4338,-102.127785
34.348133,129.19643,-48.49708
17.44943,48.602615,25.439426
-13.886184,-13.607122,85.96266
-49.369938,-52.630493,115.69177
-77.68865,-72.397896,123.67002
-93.601944,-76.262695,134.50752
-99.4612,-61.410103,164.38342
-100.906006,-22.38282,202.94249
-101.34653,39.12057,216.43622
-100.20612,107.1745,171.23717
-95.83635,154.94121,60.749134
-89.50027,157.93939,-84.47785
-85.97569,108.493866,-211.34363
-89.74541,20.943098,-273.3097
-100.13014,-76.23425,-253.95033
-110.03296,-155.63531,-170.40424
-110.0129,-202.87973,-57.920666
-94.804436,-218.21393,50.359333
-67.154015,-209.32487,133.94377
-35.868347,-183.23695,182.54367
-9.542462,-144.13943,189.20824
9.218717,-97.17532,149.69534
24.799707,-52.171936,69.90865
44.339916,-21.577866,-27.446823
71.77588,-13.049707,-107.595085
104.674484,-23.222689,-140.82079
135.84416,-39.201862,-120.585205
157.91895,-47.818855,-67.801796
167.171,-45.45564,-16.297537
164.09682,-40.024868,10.220325
151.41736,-43.087067,11.962828
132.14832,-58.728012,7.3141513
109.58041,-78.99522,13.504639
88.34404,-90.221855,30.825882
74.04099,-84.919556,43.863605
70.178566,-68.56658,37.95789
74.382774,-54.61599,15.558963
77.84067,-51.36215,-2.8853111
70.10587,-52.09704,4.571814
46.735416,-38.16198,40.848553
13.777508,5.9780936,82.71832
-15.430393,77.08215,94.132484
-29.770327,149.95465,50.912426
-29.102243,190.64288,-41.003197
-24.974886,177.21019,-146.54546
-32.040493,113.329124,-220.51201
-56.544098,25.507269,-231.475
-90.961334,-52.868877,-175.94804
-119.09429,-98.44976,-76.424805
-127.54971,-104.82428,32.389393
-114.56496,-78.00337,119.25939
-89.72111,-28.159187,165.99538
-65.775055,33.854473,168.90652
-49.944397,93.94076,135.1232
-41.472607,132.72012,77.92952
-36.162327,131.0467,13.252447
-32.563736,82.390686,-43.035835
-33.820393,2.6570342,-78.187874
-43.86387,-72.99083,-86.131294
-62.015003,-107.818146,-69.94116
-81.246796,-85.26122,-41.12912
-91.75438,-19.512,-15.025842
-86.79396,53.086353,-4.0927215
-66.265755,95.96862,-12.800757
-36.081192,92.18379,-37.024944
-5.017508,49.15745,-67.79224
18.028404,-12.371322,-95.99335
25.389849,-74.12875,-114.26084
12.035186,-127.74924,-115.47507
-21.517982,-169.80878,-91.62004
-65.97707,-192.11829,-37.567394
-103.376976,-179.22804,40.231373
-113.25842,-118.292435,117.05912
-83.28906,-14.472029,154.68668
-18.178066,101.73198,120.703415
59.79435,184.3053,13.358909
120.6089,195.18362,-125.75938
141.73445,126.91369,-225.03801
119.683975,9.406452,-219.6878
70.81883,-104.16099,-91.70364
21.213726,-163.78519,113.13278
-7.614149,-145.75052,304.56726
-8.128272,-60.281506,393.66687
13.60553,57.742332,338.0364
45.924004,166.77834,160.55112
80.08868,234.52849,-66.22084
112.999756,245.64133,-256.62347
143.37675,201.89896,-347.04202
166.45021,119.02371,-313.97128
173.3718,22.768372,-173.91513
157.07262,-56.42522,26.65002
119.91413,-91.91462,224.3255
75.79798,-71.34684,354.47275
43.220306,-3.9630024,371.27316
33.355194,81.275795,268.0205
42.266575,148.25737,85.923965
54.02911,171.28288,-99.54611
53.10824,147.45602,-213.35608
36.515453,96.05126,-219.24994
15.8191,45.200645,-138.07234
6.9996243,14.6449,-32.97951
16.200706,5.735444,30.230259
33.213448,4.4641743,22.55474
38.536373,-5.9283085,-33.99955
18.761343,-32.382435,-85.24385
-21.99916,-67.886986,-82.61464
-63.969223,-97.139015,-14.598178
-85.60104,-106.41128,87.39241
-78.7655,-90.46002,169.82755
-53.78817,-53.388874,188.99039
-31.189499,-5.675925,133.78094
-27.229702,38.78588,27.806158
-44.289093,64.55524,-86.53942
-72.19472,57.72642,-169.50813
-97.625145,12.201848,-198.53777
-113.22217,-63.23183,-171.18587
-119.85045,-143.32732,-100.079216
-122.02825,-195.08894,-6.4906683
-121.88779,-194.33134,83.92643
-117.05125,-140.25974,144.6778
-103.46839,-57.590546,154.44711
-79.917595,16.409733,105.81434
-50.102154,51.833202,12.195586
-21.006369,39.892868,-93.09958
0.59552574,-7.4436655,-168.14845
10.686026,-68.90807,-179.93646
8.469502,-125.75511,-119.50902
-4.2776093,-165.24713,-7.0116115
-23.555624,-176.53284,115.72463
-43.095463,-147.58412,201.3869
-55.17249,-70.63478,215.36317
-53.21147,46.03066,149.35083
-35.228134,171.17451,25.803602
-5.5797567,259.15628,-109.034424
26.923523,273.05243,-202.63913
53.83613,208.13263,-218.81857
71.53485,97.98517,-155.50998
81.96497,-3.66395,-47.375473
89.193726,-54.754887,50.78186
94.84608,-48.83741,92.58691
96.58134,-14.710728,64.720665
91.142075,7.148889,-7.38061
79.22642,-6.3952737,-76.31262
67.31902,-47.495953,-101.029465
63.88461,-87.294685,-68.67117
72.36108,-99.792656,2.6216455
86.82083,-80.56981,78.74432
94.65346,-47.176563,130.06595
85.01724,-23.364689,143.88962
56.750645,-21.357555,124.14888
19.427813,-35.944534,83.471176
-13.416231,-52.903835,35.97639
-33.55672,-62.33036,-5.3380113
-42.59071,-64.70534,-29.163902
-48.53236,-65.38968,-28.570534
-57.910263,-64.112434,-5.8185406
-70.22256,-50.428146,25.538956
-79.13288,-10.609808,45.818363
-78.797104,58.853786,40.255127
-69.484146,142.23726,8.493848
-57.67649,208.28041,-34.945343
-50.8769,225.5161,-69.914246
-51.817955,179.78358,-82.49854
-56.89874,83.212135,-70.653564
-59.69503,-30.116512,-40.749077
-56.04507,-118.57174,-0.34024328
-46.259796,-149.62457,44.834496
-32.989067,-111.70941,87.06157
-17.304823,-18.054585,111.836914
2.954389,97.46276,100.60214
30.766384,190.97446,43.206112
65.47409,223.56293,-48.24203
100.397026,176.54553,-137.22412
125.09671,61.054718,-178.7286
131.09978,-83.980194,-145.53929
116.983894,-206.91573,-47.20192
89.10832,-265.7151,72.88667
57.589455,-246.27731,161.8305
30.660072,-166.65508,187.0087
11.470668,-65.03351,151.33675
-0.936031,20.76544,84.99873
-8.260148,69.67464,21.798294
-10.684744,80.9264,-21.628702
-7.749142,65.595924,-49.734947
-1.1439996,35.023483,-75.36475
3.8267179,-4.508889,-103.1517
0.30558333,-48.36843,-122.986275
-15.6339,-87.142914,-117.83584
-41.706245,-105.43474,-78.349594
-70.31783,-89.01383,-12.164436
-93.20211,-35.34014,58.792995
-106.098564,41.462513,109.984856
-109.73231,116.25629,125.99852
-106.68585,165.80074,105.23824
-97.56236,179.74356,57.11881
-80.57446,162.2979,-3.4962842
-55.428627,125.01815,-60.072395
-27.862547,78.08617,-96.06647
-9.620868,27.63792,-97.54324
-11.92471,-20.036415,-58.839993
-36.27534,-53.855534,11.069789
-69.86218,-60.23581,87.314445
-90.56706,-32.965126,137.24327
-79.76056,17.178093,135.90764
-34.83939,63.13348,80.40749
27.248486,75.578674,-6.56534
78.52446,42.016373,-87.670364
95.48289,-23.165728,-130.56847
71.90793,-86.448235,-124.347015
21.402004,-116.41315,-82.727844
-31.02482,-103.47927,-32.98977
-62.271057,-63.88444,0.9941996
-61.367878,-25.6213,10.127935
-31.951576,-7.8028746,-0.28240845
12.238367,-9.385794,-19.594585
54.585358,-14.79972,-40.792694
81.547966,-9.970856,-62.446922
85.91005,5.6930485,-83.98411
67.99926,21.135984,-100.530754
35.61526,26.306057,-103.2545
2.2470572,23.115425,-85.33303
-17.232883,24.266932,-48.07069
-12.785635,41.060528,-1.4393389
15.471909,71.71372,41.55212
56.38197,101.43922,71.73849
92.815475,114.690834,86.29284
110.44311,108.5073,85.80491
105.17132,94.45082,70.281
84.69583,86.90872,39.262577
63.293148,88.33487,-3.340343
53.28223,85.49542,-44.81492
58.486614,61.263683,-65.874886
73.28629,12.1646595,-50.71341
86.95823,-44.310555,1.2694846
89.8881,-80.51928,71.294044
77.90708,-79.75791,129.4216
53.12779,-50.12479,151.05086
22.12298,-18.92915,130.92938
-6.777633,-11.526661,84.98399
-26.0352,-31.715282,38.61686
-31.258142,-59.789467,9.715787
-23.281435,-69.78097,-1.6167022
-8.947785,-51.602467,-9.5616255
0.82479453,-19.98777,-28.379972
-4.1385303,-3.2236836,-58.49685
-27.68464,-21.118654,-83.721596
-64.46762,-69.807816,-82.23459
-102.148575,-124.663345,-43.612164
-127.783806,-157.76355,20.703423
-134.54874,-155.57475,81.723465
-124.57984,-123.997955,109.71279
-106.37192,-79.32759,92.114914
-88.89366,-34.759644,40.364975
-76.61835,6.04996,-18.712572
-68.599525,44.662144,-60.34714
-61.52399,78.90875,-75.68647
-53.82439,98.899765,-72.94297
-47.478973,92.32486,-66.35106
-46.2085,54.74014,-62.221245
-51.6835,-3.915971,-52.94289
-60.87761,-62.193806,-23.437063
-66.78206,-97.533264,34.72707
-62.12048,-97.01352,111.87947
-43.46631,-62.049576,180.03648
-12.956044,-5.9262705,205.1577
23.292707,52.218143,165.30692
58.492905,92.926636,64.66486
87.67448,100.55038,-64.370514
108.01908,67.61578,-172.69633
117.952576,0.012556737,-214.95859
116.98198,-80.08744,-170.31342
107.05709,-138.62679,-54.38801
93.877,-143.25331,83.754974
85.56893,-80.916275,180.22404
88.057076,31.152245,184.1138
99.94643,150.06624,82.534485
111.56418,227.47548,-90.0335
110.53454,234.5968,-264.9286
91.02123,177.00175,-370.55508
59.798035,89.88226,-366.39352
33.512398,16.936115,-261.39966
27.777618,-13.592087,-106.394196
45.43421,-1.1188896,34.86618
72.86228,32.68425,118.55325
87.8149,60.88628,138.5222
73.74158,67.37081,120.49158
30.58635,52.379333,99.524826
-25.442686,26.92039,97.09375
-72.574295,3.1001685,111.61166
-96.75056,-11.745908,125.25343
-98.45211,-14.652117,119.10797
-89.49015,-3.981205,85.57806
-83.51176,21.203941,31.781439
-87.54194,58.149864,-25.120977
-99.655495,97.42896,-66.008995
-112.52948,124.46936,-77.4157
-118.80154,126.09856,-56.878464
-114.386345,97.59292,-14.672624
-98.91616,44.692417,29.974728
-74.96693,-20.754168,58.590233
-47.626842,-87.22988,64.97933
-24.084625,-146.19147,60.522552
-11.773652,-189.26274,66.96688
-14.707754,-204.56401,98.95588
-29.975456,-178.79047,148.02374
-47.43641,-106.751205,181.62445
-54.010372,-2.039178,161.3931
-40.617413,101.27175,70.11724
-7.544405,161.07613,-71.57341
35.230896,148.36955,-212.189
72.927895,63.7528,-296.8968
92.93327,-62.122814,-297.36804
89.83953,-184.76305,-224.01073
66.41784,-267.7563,-113.81841
31.231329,-296.30338,-4.894514
-4.8526707,-275.68137,82.70875
-31.536562,-219.64685,147.22627
-41.188107,-140.1148,190.30492
-30.789427,-45.77765,203.09088
-3.6722732,52.302067,167.60504
30.302334,136.7625,73.72542
57.656147,188.17891,-62.44202
67.17004,195.3573,-195.98798
56.063942,162.74779,-272.2693
32.52078,107.62373,-256.62802
12.048931,48.560486,-154.67679
8.910635,-5.0984645,-8.991683
27.444502,-53.477623,125.40538
58.860596,-96.05675,209.77214
86.02421,-121.40237,235.7599
93.62547,-108.65218,218.01189
77.412285,-43.21604,174.48828
46.57874,64.25108,111.76606
17.863325,172.3991,26.731068
5.381481,226.16539,-78.4575
12.834883,188.3962,-182.80853
32.69766,65.54517,-248.51012
51.932545,-91.33651,-240.49532
59.581295,-213.05579,-151.10687
51.21447,-250.00952,-11.808894
28.543068,-197.21176,118.403725
-3.5881014,-91.65474,182.63554
-39.37451,13.940237,156.07268
-72.0822,81.89461,58.05941
-93.726494,105.114494,-60.523003
-97.04146,100.5651,-145.94652
-79.96966,89.73301,-168.70586
-49.457798,82.30442,-133.93848
-20.377403,73.780495,-71.7326
-8.418368,55.465317,-16.023813
-20.725693,26.319872,14.094754
-50.723236,-3.3066828,20.732975
-81.34937,-18.076813,20.221561
-95.11485,-8.124206,29.36341
-84.377754,24.511423,53.77151
-54.984516,67.165375,84.3189
-21.222837,103.16233,102.70803
3.8148093,118.67925,92.77488
15.525925,106.61234,51.64962
18.243689,67.666595,-5.3853784
19.779877,10.346247,-50.20401
25.084919,-49.862232,-56.2344
33.778942,-93.68694,-14.941306
42.439484,-104.720604,55.793972
48.59653,-77.50969,118.50439
52.588924,-22.222145,136.24106
56.03175,38.317917,94.44031
58.97902,78.874344,10.302549
58.8998,83.71198,-77.17822
52.580833,52.961594,-130.28598
39.101444,-0.06381939,-133.26793
20.9619,-57.745045,-97.12073
2.264556,-106.39307,-46.95805
-14.239801,-138.59991,-3.1905797
-28.280222,-150.15028,28.744257
-40.23693,-136.75166,53.63078
-48.3642,-95.49402,73.20477
-48.443913,-30.691143,77.78449
-37.24205,41.660393,51.53409
-17.301672,96.93719,-12.072251
1.5402218,112.97152,-97.47192
6.609688,82.55932,-168.78723
-9.324279,18.450129,-187.34404
-41.913757,-53.190964,-134.21907
-76.46678,-106.39285,-23.020136
-96.56815,-126.61333,105.40896
-94.34379,-112.83433,202.80627
-75.01316,-71.6709,235.65318
-52.446266,-10.773203,197.55397
-39.150013,62.212593,107.22304
-38.179947,135.75636,-3.6611223
-42.69073,192.2416,-104.20747
-42.705498,213.0675,-173.11354
-33.195477,189.25182,-201.13635
-17.080551,128.87286,-189.68419
-1.4317129,53.508083,-148.18044
9.128752,-15.367661,-90.77936
15.890752,-69.69142,-31.795565
23.70587,-116.415405,19.512003
35.52096,-165.26645,61.87226
49.159576,-212.86432,99.572815
59.37969,-237.95695,135.05975
63.143673,-214.39058,161.78583
62.913715,-133.48544,164.17099
64.552444,-18.066883,127.26196
71.48785,84.96842,50.730843
80.50694,130.77155,-43.49244
83.34645,103.71343,-118.07923
73.08446,26.181124,-139.88197
49.86711,-57.32007,-100.24407
20.906044,-109.048836,-21.775545
-5.2467265,-119.16029,54.277103
-24.947393,-105.10311,92.4831
-40.539722,-92.18575,83.37473
-55.40094,-91.904724,46.10318
-67.92111,-94.76743,12.743836
-70.763145,-81.59474,5.933388
-57.099277,-42.3664,25.204002
-28.78213,13.549866,50.11816
1.2874713,63.89061,56.1618
16.14858,90.673004,31.369106
6.7952123,93.504234,-17.11399
-20.01856,88.216805,-69.040504
-44.900833,92.44174,-103.66756
-48.341915,110.359985,-110.10056
-23.710258,129.14006,-90.055626
18.714392,129.67865,-53.80436
59.290524,102.643295,-13.914489
82.079384,56.90827,19.034662
83.66909,14.012204,37.74184
72.00258,-6.5691347,38.168354
57.606064,0.11349393,20.140072
45.22554,23.019379,-11.329111
32.61065,44.328026,-45.706417
16.470697,51.331146,-69.370094
-0.70955193,42.49692,-70.75689
-9.954418,25.126087,-45.968826
-2.651604,8.612918,-1.7080591
20.488274,-0.80304796,46.440247
46.30739,-1.2420238,79.97058
55.65077,5.803996,85.165504
35.552692,15.726769,59.34677
-11.50858,20.148615,13.176652
-68.10243,8.194709,-32.0729
-111.81445,-28.04789,-51.872524
-127.709,-85.89723,-28.503023
-115.09206,-148.2477,39.601833
-85.20456,-188.71431,133.65695
-53.074642,-184.82709,219.0565
-29.873058,-131.4761,258.73376
-19.927649,-45.12868,230.32466
-21.87356,44.90248,138.38861
-30.749836,112.558426,13.924115
-39.135536,147.3373,-100.12235
-38.42877,154.5414,-169.97723
-22.25177,144.67252,-186.31606
8.65563,121.772575,-164.05975
44.072075,81.14089,-127.02154
68.40469,18.710798,-88.49289
70.48007,-56.1181,-42.483643
52.481026,-116.49999,26.818354
30.34489,-129.1879,123.59717
23.591257,-74.83935,223.79373
41.098362,36.484398,278.85614
73.60003,166.47876,241.64311
99.37653,266.88593,99.18617
99.59064,303.45538,-110.583084
71.9553,270.65192,-312.27808
32.421852,189.41069,-430.79666
3.7500455,92.05753,-430.3397
-0.19110791,5.8052306,-330.21283
17.27723,-55.675434,-188.51169
40.090466,-91.12748,-66.09919
52.002434,-106.20685,5.126349
47.108883,-109.11927,31.336113
31.054338,-108.38423,42.06133
13.772191,-110.13074,65.51504
0.9338423,-113.6926,110.62984
-9.0018635,-108.78976,163.93312
-20.988556,-79.53275,198.5449
-37.41078,-16.220812,187.77933
-55.474632,71.85691,117.72238
-69.684235,153.40152,-3.7264209
-76.45914,187.7435,-143.86821
-76.597466,147.64131,-252.20638
-73.901085,37.740738,-279.02362
-71.917274,-104.44261,-199.50677
-71.9727,-226.5245,-30.126131
-73.72247,-286.5772,174.83199
-76.64581,-269.78128,347.08182
-80.21035,-188.13431,434.87656
-82.41007,-67.99624,421.70547
-78.83809,62.331493,323.71625
-64.59005,176.6891,172.42496
-38.592503,249.1938,-1.3127558
-6.8682737,255.76224,-170.96971
18.99015,184.60495,-308.58908
28.413223,50.075325,-382.38586
19.271946,-103.552414,-366.8761
0.33596593,-217.52914,-260.97183
-13.768288,-247.95967,-98.62857
-11.899072,-190.65665,60.62132
6.6958246,-83.44816,158.97359
32.866924,17.13213,168.56708
54.618282,69.20765,101.91184
64.90647,66.01878,-1.2889144
64.31743,30.666405,-99.71523
57.559437,-7.884057,-169.68141
48.03024,-36.95697,-206.7242
35.843704,-63.256268,-213.53442
20.790537,-96.78983,-188.57913
6.537715,-131.96474,-127.0223
0.88339305,-144.31699,-32.852234
10.592289,-107.636314,70.348755
34.854042,-18.350113,142.987
63.502377,93.14122,149.23134
82.56995,175.09521,80.97361
83.46376,183.7427,-31.454803
68.58756,109.54069,-131.63681
48.81759,-16.801641,-166.96596
34.799526,-141.05698,-118.44317
29.036905,-212.76567,-12.3080635
24.990519,-206.59525,93.33378
13.628107,-128.57903,138.79466
-8.074543,-9.019701,92.94662
-33.50041,110.39042,-32.148006
-50.38018,189.47592,-187.82526
-49.259514,201.18036,-311.5541
-30.217484,141.4925,-354.51566
-3.330398,34.09599,-302.4279
16.953512,-76.060555,-181.67892
19.469975,-141.95638,-48.19493
1.3798583,-138.72408,37.38575
-31.609894,-78.18362,38.43936
-68.87154,-2.1544795,-38.665554
-99.64303,43.57572,-146.75574
-116.65781,38.365475,-222.7187
-117.77014,-1.0607005,-222.95917
-105.89257,-34.127785,-148.77919
-87.746124,-26.074848,-45.020454
-71.533,27.614096,28.514336
-63.59184,99.296425,34.98821
-64.87243,150.07434,-17.319994
-69.140564,157.03784,-83.51109
-64.945854,126.61323,-114.716034
-41.669804,85.4751,-91.31206
3.0036995,57.965633,-33.15896
58.984264,48.4645,19.326376
106.89172,41.764145,37.838173
127.95572,19.355999,27.674442
115.15884,-22.84477,22.57792
78.12647,-69.80688,57.970535
37.70139,-98.646126,143.20694
13.184592,-95.7197,252.7679
10.819159,-65.52894,341.20895
21.648342,-25.215294,369.8194
30.18355,9.266474,326.88745
27.20299,32.95433,230.90167
16.803907,49.999165,118.98845
12.278397,63.418076,30.748302
24.158669,67.2264,-3.888229
49.990448,49.12943,29.23006
74.09258,1.915302,126.158554
77.78076,-66.70345,265.26108
52.462223,-135.19876,412.40497
5.9575515,-180.26291,532.6712
-42.248913,-190.14638,605.2515
-72.8657,-168.53853,633.09125
-77.10832,-126.68945,639.65533
-58.956352,-71.986755,653.08
-29.457447,-4.2178993,687.4194
1.2924557,76.69348,733.92914
28.494196,159.08041,769.0299
51.557877,216.61646,773.90814
70.51223,220.17227,752.16327
84.06534,157.67673,732.7774
90.81977,46.992203,755.37933
91.61562,-69.35593,846.5467
89.949905,-145.552,1001.8441
89.60687,-155.9613,1184.7916
91.66036,-105.52864,1343.6315
93.854576,-22.074877,1436.3302
93.21646,61.712475,1449.9902
89.66384,123.41848,1404.7922
87.26857,155.20685,1341.7455
91.76399,159.28069,1302.068
106.11766,142.18146,1309.2179
127.665276,113.03458,1361.4904
149.04256,84.02999,1436.5778
162.18437,67.96205,1503.7583
162.54924,71.19453,1537.0127
151.01614,87.168434,1523.2563
132.90945,98.04691,1462.4521
115.36804,86.55021,1359.5339
104.518,50.579132,1211.6154
103.10474,8.5520115,997.2296
108.7656,-11.117065,675.2408
113.57567,9.362254,197.26003
105.99247,61.427242,-470.661
75.54312,112.15864,-1328.8394
18.488356,124.053154,-2339.6904
-59.039364,78.938675,-3442.0667
-143.26985,-11.174431,-4574.8677
-219.93697,-113.80291,-5693.162
-282.09256,-198.26956,-6764.9717
-333.1931,-253.52527,-7751.313
-382.85498,-288.94934,-8584.987
-437.71964,-319.6489,-9164.82
-493.56033,-349.92444,-9371.16
-534.33344,-369.02777,-9095.215
-539.5079,-362.11215,-8269.936
-495.62402,-325.9711,-6894.9673
-405.17328,-274.9448,-5054.0596
-287.3215,-230.73434,-2921.2395
-169.76099,-203.80763,-744.3435
-76.20273,-181.9594,1205.7827
-16.655125,-136.7204,2714.7605
13.932128,-44.407074,3699.4585
28.158075,93.28161,4230.673
35.026894,244.63078,4476.9053
33.084465,363.3394,4592.5835
13.071775,413.69586,4619.3955
-31.568182,388.64642,4470.71
-94.48591,309.74872,4016.5266
-155.49417,211.21687,3213.7817
-191.38715,120.66929,2188.7732
-191.42982,49.46973,1207.3839
-165.45447,-3.437325,546.40625
-137.03639,-40.827835,348.7678
-125.6859,-60.195,555.6113
-131.42578,-56.06829,953.363
-134.2857,-28.384508,1296.995
-109.97162,11.595894,1427.6041
-50.044186,43.884098,1319.0923
28.955147,49.423786,1045.1329
94.47495,19.539713,708.6227
118.15564,-41.366905,387.91238
92.49199,-120.2281,127.169914
33.20576,-201.49385,-40.989647
-31.833683,-269.84167,-74.397064
-77.287125,-309.58386,71.87265
-88.97264,-305.89465,411.80728
-64.06707,-251.8063,895.3286
-7.136503,-157.96931,1409.809
73.12516,-56.126144,1830.5485
165.43654,10.910979,2098.4814
257.59302,10.125921,2274.4585
338.97144,-62.607704,2521.5876
401.92438,-178.58116,3007.0332
440.22995,-290.54254,3771.3542
446.2706,-355.14566,4647.6855
411.32468,-348.7156,5294.858
331.14084,-269.1147,5343.1406
213.06345,-129.0903,4579.9785
77.50223,48.026386,3074.5715
-49.877625,226.12727,1173.7355
-150.60776,355.214,-627.0325
-220.75237,382.73438,-1871.4818
-266.9935,278.82373,-2305.552
-295.05942,61.247395,-1956.1888
-301.05774,-200.41191,-1108.5698
-273.8213,-410.54312,-198.1282
-206.54865,-491.23355,346.15698
-107.68782,-417.8736,257.96915
-1.454618,-225.69972,-466.5225
83.26203,13.52488,-1570.7762
128.17006,226.71562,-2650.5
135.42847,365.258,-3331.5847
127.17893,412.17944,-3428.4917
136.20674,376.37512,-3003.2693
192.46915,284.59857,-2298.712
310.17856,175.74124,-1590.1425
479.41284,93.90062,-1044.0043
666.0625,76.35687,-660.83044
822.4268,139.74301,-324.3645
906.0071,273.56186,85.208595
897.9391,447.04028,588.91187
810.3896,624.98224,1078.3384
677.7412,780.6859,1369.4613
536.7884,897.09607,1302.7935
408.66928,958.92285,827.77313
293.61093,947.67804,23.907242
179.92628,849.26843,-946.611
58.866447,671.2609,-1917.5005
-65.510735,455.223,-2775.0867
-176.49376,269.64844,-3461.036
-251.91507,182.07547,-3932.1624
-272.02145,225.22578,-4122.0957
-224.3326,378.5665,-3947.789
-106.17535,578.1884,-3365.7927
73.39085,750.16394,-2436.9724
293.21588,847.8802,-1341.202
524.2815,871.827,-313.28406
739.0878,861.6217,470.3934
921.2618,866.8729,981.3538
1067.6882,915.3425,1338.8201
1179.8813,997.11865,1711.8153
1250.5416,1072.7831,2184.7354
1257.2249,1098.736,2677.1506
1171.1747,1052.8922,2974.8062
977.31635,944.7944,2854.1013
690.86475,805.1314,2219.8662
356.61407,663.585,1170.2098
29.4579,531.4649,-45.360367
-250.74156,401.28394,-1138.0181
-472.4127,262.07993,-1888.1759
-645.87946,116.66497,-2194.903
-785.2289,-14.969907,-2062.561
-894.6586,-110.868454,-1562.4995
-969.6877,-169.80093,-808.7301
-1009.45245,-222.3138,45.622513
-1026.716,-318.44806,815.5278
-1045.3129,-498.52185,1320.4902
-1086.7395,-767.89905,1447.3716
-1156.9056,-1095.1244,1205.8624
-1242.6168,-1435.2316,737.58685
-1317.925,-1760.043,265.07544
-1353.1237,-2071.4614,2.7298038
-1320.6311,-2387.6045,72.6822
-1199.121,-2714.1594,463.0535
-980.76306,-3025.7366,1042.6995
-681.5315,-3273.56,1621.1721
-346.4138,-3413.606,2026.2408
-40.147774,-3432.2827,2166.6965
176.31514,-3349.5322,2054.997
270.5797,-3199.044,1782.0452
248.03703,-3004.418,1460.1726
139.07533,-2771.7732,1167.75
-25.933235,-2502.6213,925.90015
-235.7008,-2211.5103,713.3468
-499.2187,-1928.8346,497.224
-831.5501,-1683.841,250.25247
-1236.4182,-1482.4447,-54.04508
-1696.0714,-1300.7015,-446.65225
-2170.498,-1101.7156,-941.5278
-2602.685,-863.2308,-1489.9137
-2928.098,-593.6855,-1953.6017
-3089.5115,-324.4312,-2146.8542
-3055.681,-86.00442,-1949.3254
-2835.0208,111.12407,-1422.134
-2472.616,276.45657,-829.1309
-2027.638,422.97604,-515.37134
-1543.9558,551.1539,-699.29144
-1035.0681,648.7388,-1314.6204
-495.2259,706.83795,-2021.9441
72.76901,738.2417,-2398.623
637.80133,781.6854,-2188.1362
1147.7831,886.7524,-1443.6241
1560.0947,1088.7211,-473.73932
1870.3385,1389.5381,361.82578
2114.6519,1756.2065,858.9981
2342.1558,2136.184,1041.0076
2578.4653,2479.5623,1066.6588
2807.934,2755.5325,1066.3004
2986.4832,2955.7556,1037.5938
3072.727,3085.5078,872.31573
3052.7148,3150.0615,478.282
2941.5083,3145.6995,-107.65424
2764.3105,3061.562,-701.7582
2534.3594,2891.7734,-1056.9303
2244.3818,2650.4,-980.35333
1876.3625,2378.5728,-406.56177
1421.7264,2136.1794,602.6015
899.1569,1979.0392,1897.8652
360.5077,1932.0486,3269.5947
-118.23528,1973.4479,4445.0386
-458.3382,2041.1991,5092.0625
-605.2936,2060.6592,4883.037
-551.46533,1979.6277,3630.8784
-343.6125,1790.8701,1437.3247
-68.62322,1528.449,-1249.4641
179.57977,1240.2539,-3741.916
338.09082,955.1334,-5366.6636
399.0664,667.5392,-5749.5522
406.27863,350.79346,-4981.2686
424.93362,-10.978161,-3567.914
500.61877,-397.28397,-2186.7153
630.1102,-753.6596,-1373.9258
760.85834,-1022.59937,-1305.6002
820.1486,-1180.5259,-1774.0627
757.8817,-1251.8998,-2351.2612
578.32605,-1288.3829,-2632.6694
341.43533,-1328.5925,-2426.5808
131.27034,-1370.0647,-1802.4974
8.643019,-1375.684,-1000.74603
-24.19372,-1308.9679,-276.83954
-24.569508,-1169.0485,228.7886
-73.85737,-996.76263,539.64746
-226.06555,-847.53705,807.62115
-472.47803,-754.1856,1226.4152
-745.1996,-710.0667,1935.1896
-957.6417,-684.53284,2944.3748
-1055.4784,-654.897,4106.3613
-1044.6578,-626.54675,5147.2197
-979.3772,-625.69604,5761.0464
-921.28406,-674.94543,5739.4673
-900.76025,-776.39935,5078.6123
-907.27,-917.4022,4001.4053
-911.8418,-1089.833,2870.0015
-900.06366,-1299.1223,2025.3517
-888.0699,-1549.0063,1637.0122
-910.4281,-1814.1389,1641.6873
-992.3954,-2029.7954,1795.2926
-1129.4343,-2117.365,1798.797
-1286.9113,-2032.7784,1426.853
-1414.1333,-1800.3458,605.008
-1457.8812,-1501.0778,-576.9736
-1368.5986,-1220.039,-1898.0602
-1106.5559,-992.3319,-3065.8784
-658.26105,-790.685,-3796.615
-59.903736,-564.42084,-3908.2031
591.8011,-297.0029,-3400.7942
1160.9846,-33.757885,-2480.3945
1524.3835,143.68163,-1493.5009
1625.4294,175.52562,-788.0604
1495.634,68.024254,-569.05914
1229.2197,-109.62887,-831.2754
929.86597,-270.13828,-1407.1422
666.17773,-358.66232,-2090.3706
461.08557,-374.8439,-2742.9324
311.17404,-359.84314,-3308.2512
210.54813,-367.8477,-3730.507
157.02019,-443.87064,-3861.675
140.16875,-612.1067,-3457.9182
129.91086,-864.4973,-2302.5332
84.03036,-1144.5422,-387.5222
-24.678543,-1340.1884,1978.6904
-180.08904,-1308.2571,4237.172
-316.46048,-935.5584,5803.5947
-344.83197,-208.81947,6324.076
-202.0859,753.71686,5806.567
103.06468,1739.6588,4556.7334
475.17053,2534.544,2980.5642
763.3446,3014.503,1397.7135
830.4829,3182.9534,-20.010704
628.46,3133.6733,-1182.7161
237.1383,2973.9277,-1987.7042
-161.44711,2765.979,-2303.3643
-367.78357,2525.146,-2053.9307
-265.7635,2264.4355,-1325.5139
116.77419,2037.8553,-384.75604
622.81213,1936.4252,429.33633
1046.5068,2030.8303,871.9233
1231.603,2301.2554,895.218
1134.6633,2611.5193,613.65576
827.0275,2757.1453,167.90434
446.61334,2564.856,-394.46558
131.7521,1982.5804,-1120.2808
-34.088116,1103.27,-2034.5627
-52.980324,110.173805,-3011.589
-14.666543,-816.46185,-3758.148
-67.009636,-1569.016,-3950.3364
-354.93842,-2119.2769,-3441.5054
-943.81903,-2472.8945,-2392.321
-1763.9181,-2619.861,-1219.2002
-2616.3035,-2526.984,-383.4989
-3252.3135,-2179.023,-156.97482
-3490.6992,-1631.0856,-514.069
-3303.899,-1021.4441,-1207.5302
-2818.0054,-522.20557,-1952.7238
-2226.6763,-253.47768,-2577.2285
-1678.5066,-217.6769,-3036.2188
-1214.5038,-300.58588,-3312.2725
-792.5892,-341.90314,-3313.9773
-369.55472,-232.09422,-2883.2869
30.622694,23.750252,-1921.3984
318.04715,311.4053,-530.8782
405.50778,474.73837,956.64606
288.20007,402.1066,2115.1724
70.51966,83.76801,2640.728
-82.22518,-385.41037,2500.1074
-33.191433,-851.5607,1911.9955
256.11404,-1167.8058,1188.5637
716.03253,-1250.4825,566.7042
1213.6522,-1107.2753,149.35533
1613.1527,-833.05743,-30.0719
1814.0283,-577.7211,82.64388
1758.807,-493.71,566.3481
1429.4342,-675.08966,1422.1018
853.75775,-1107.6013,2460.7844
121.71662,-1655.0371,3307.503
-612.08624,-2101.0896,3560.2983
-1163.0271,-2241.9663,3005.4316
-1385.8717,-1991.9581,1730.5858
-1244.0144,-1443.5206,50.16869
-832.356,-836.42,-1693.9166
-330.6678,-438.89526,-3295.0457
91.436295,-401.59384,-4687.7314
362.1435,-671.7814,-5821.2495
533.27704,-1025.275,-6547.8105
728.92334,-1199.9375,-6660.1333
1052.3182,-1046.2202,-6072.664
1513.3993,-598.04504,-4992.378
2022.9056,-23.741953,-3903.0972
2450.8706,498.0134,-3321.4634
2703.2202,882.49457,-3469.1946
2762.2573,1152.2557,-4091.8196
2669.2913,1365.1005,-4563.7876
2473.329,1529.2134,-4219.5986
2191.986,1581.0574,-2693.8376
1813.5809,1441.4384,-56.90338
1330.169,1095.7576,3311.918
765.3656,626.10803,6989.695
170.33395,169.00584,10713.651
-404.36703,-160.93669,14399.068
-927.8789,-315.13385,18000.248
-1374.872,-293.2511,21353.201
-1690.4745,-96.23475,24130.611
-1776.1398,289.56363,25937.527
-1529.2339,851.4844,26470.312
-923.63556,1491.5774,25630.74
-73.782005,2019.5973,23540.312
778.054,2231.988,20479.227
1362.7194,2035.2103,16811.691
1518.8337,1523.2623,12933.165
1275.0365,943.84735,9223.301
823.87415,568.4153,5968.668
403.19104,552.2874,3255.2664
162.08647,874.6862,890.53046
95.25647,1384.6943,-1562.5453
79.46683,1903.2207,-4604.9536
-22.445864,2303.6187,-8535.955
-263.18695,2529.2258,-13236.797
-578.05927,2565.3057,-18131.283
-828.39136,2411.9973,-22360.06
-885.09436,2084.7031,-25089.725
-699.6303,1627.3405,-25811.758
-326.86282,1106.6931,-24506.055
103.43294,579.345,-21624.543
444.24454,60.06994,-17932.09
588.27655,-469.78812,-14279.226
501.593,-1008.72235,-11374.027
225.31802,-1479.1461,-9600.892
-149.57327,-1728.2115,-8927.466
-519.8643,-1607.0381,-8939.669
-802.8223,-1085.0198,-9019.228
-952.0269,-316.84393,-8616.29
-955.44196,397.27283,-7501.618
-825.34344,746.1526,-5865.0474
-592.164,558.0031,-4192.853
-306.75604,-124.55641,-2979.9053
-44.022232,-1084.7688,-2435.5525
104.83278,-2052.0554,-2352.4902
58.361496,-2822.1404,-2213.651
-217.74448,-3309.997,-1474.0432
-680.96484,-3523.5964,139.105
-1210.0764,-3499.2183,2461.1396
-1639.6293,-3254.0156,4928.386
-1821.0889,-2785.4983,6785.908
-1685.697,-2106.8726,7366.9453
-1279.7074,-1282.8312,6338.78
-752.1297,-435.26108,3837.2878
-295.6065,287.76294,449.44363
-64.16699,763.3936,-2957.354
-105.8265,940.5937,-5512.8315
-343.9257,861.5045,-6633.3516
-617.9749,648.431,-6206.8438
-763.59064,459.1662,-4590.6963
-689.8097,424.7115,-2426.2197
-414.25467,593.0369,-364.9412
-41.539085,905.22394,1160.1104
297.6298,1219.916,2026.0469
509.87152,1378.9401,2370.8975
572.1762,1282.6664,2470.9233
523.3713,934.7555,2621.4644
426.63553,431.51895,3055.7173
327.78253,-96.251465,3890.801
231.00363,-552.19336,5084.9326
101.75737,-911.72943,6419.843
-106.27438,-1207.6989,7546.265
-412.6711,-1479.0123,8110.0234
-778.46313,-1721.2572,7918.3384
-1100.3594,-1875.6292,7057.994
-1243.098,-1865.3839,5885.6
-1104.277,-1655.4229,4878.508
-683.4808,-1292.9017,4417.963
-114.41661,-897.0153,4616.6113
370.72415,-598.8427,5275.8022
540.20746,-467.0484,5986.775
278.5365,-469.08517,6320.6406
-347.5812,-498.70776,6019.586
-1118.7883,-458.0634,5110.539
-1778.7748,-342.78442,3897.2134
-2170.5989,-269.50168,2831.552
-2309.7773,-417.30154,2312.5034
-2346.555,-910.38513,2497.757
-2440.5618,-1712.4011,3221.817
-2630.3076,-2602.8108,4072.8975
-2786.4998,-3259.2876,4598.9287
-2685.2305,-3406.218,4533.068
-2158.4746,-2948.9324,3908.2935
-1227.0428,-2021.534,2994.2688
-129.66676,-925.92255,2102.7927
774.83795,1.7464596,1393.499
1178.8687,527.7587,805.74146
975.4987,598.1959,148.3142
306.76038,331.04623,-734.1074
-508.90424,-60.36838,-1845.4697
-1124.6595,-368.83707,-3049.3838
-1309.6882,-472.53265,-4177.0366
-1022.4343,-362.5249,-5129.646
-389.1894,-116.53274,-5889.4907
386.29004,158.35712,-6441.0156
1127.4501,380.60803,-6686.688
1751.5779,521.3717,-6451.3
2274.1992,599.3155,-5595.61
2763.4097,658.27997,-4164.8735
3280.9207,747.9971,-2456.7002
3846.738,916.50775,-939.3282
4441.7163,1206.344,-51.597427
5032.7725,1641.0873,3.2222536
5590.3467,2200.8208,-648.2526
6078.57,2804.0376,-1615.7682
6427.78,3320.9875,-2426.9785
6522.786,3628.2854,-2721.6848
6236.0522,3684.4255,-2365.934
5500.969,3582.4531,-1454.1703
4380.7334,3539.0425,-234.29123
3076.9941,3810.9111,979.784
1855.404,4572.214,1863.8157
923.6043,5814.086,2111.611
337.5976,7321.8965,1476.6333
-0.08107979,8748.279,-140.47519
-248.66356,9750.395,-2576.865
-509.02948,10125.419,-5340.6235
-760.5558,9878.499,-7680.5146
-896.3862,9193.078,-8821.9795
-823.4354,8324.979,-8292.936
-546.026,7479.73,-6177.59
-169.56476,6735.915,-3140.525
172.5267,6045.54,-173.08197
405.14243,5297.0005,1828.3091
543.0724,4395.204,2436.1777
652.01605,3313.09,1822.4625
784.63794,2094.023,588.2031
953.7314,815.53394,-593.33496
1162.7909,-456.93588,-1310.3868
1453.6643,-1698.2644,-1549.4716
1908.468,-2919.5088,-1595.7147
2582.0962,-4134.9233,-1795.7562
3410.1714,-5319.721,-2338.8625
4173.956,-6387.526,-3165.6377
4571.628,-7212.1904,-4015.099
4365.2954,-7695.67,-4545.7046
3508.5945,-7848.772,-4456.953
2164.803,-7827.6387,-3579.0215
599.9846,-7881.461,-1936.174
-975.4771,-8220.378,212.86685
-2507.4438,-8876.134,2387.98
-4074.3284,-9652.0,4001.4568
-5762.309,-10213.078,4580.7217
-7532.8916,-10275.225,4023.9788
-9178.757,-9775.551,2745.9124
-10400.846,-8910.617,1587.851
-10958.311,-8015.207,1481.5004
-10798.312,-7364.296,3005.4429
-10089.593,-7031.501,6059.602
-9144.769,-6890.533,9839.505
-8279.207,-6739.4365,13138.945
-7682.827,-6444.2114,14839.359
-7364.979,-6000.543,14357.424
-7188.124,-5490.415,11859.662
-6960.993,-4994.7363,8175.32
-6538.2837,-4544.4473,4468.3813
-5879.063,-4140.2837,1807.149
-5042.846,-3799.1357,784.92334
-4135.3457,-3560.6873,1318.6477
-3239.0159,-3433.0142,2700.4175
-2366.796,-3326.366,3899.1143
-1461.3408,-3051.9822,4010.367
-436.73636,-2416.4011,2667.6523
761.0218,-1357.3348,214.50261
2105.5476,-18.122787,-2465.7397
3477.4297,1308.594,-4391.4565
4696.2515,2342.3809,-4968.546
5588.805,2974.309,-4259.337
6068.598,3314.6821,-2894.0032
6189.8813,3600.9705,-1690.518
6140.21,4038.646,-1214.2633
6157.929,4689.882,-1530.3018
6402.8745,5478.5854,-2271.2666
6848.475,6286.091,-2947.9028
7269.1577,7046.72,-3289.0076
7350.6025,7765.449,-3393.686
6871.575,8454.474,-3607.0078
5847.3286,9056.426,-4209.382
4535.651,9431.479,-5132.4116
3291.3342,9429.509,-5905.422
2358.8953,8996.188,-5897.9556
1740.131,8232.377,-4732.557
1223.3718,7360.0474,-2615.048
548.3836,6614.708,-352.9803
-411.62573,6131.906,993.3559
-1572.7013,5892.909,657.2454
-2704.4492,5752.0825,-1397.2386
-3569.283,5521.085,-4406.3755
-4028.0818,5062.029,-7156.3564
-4049.8662,4347.8096,-8559.247
-3651.082,3469.2307,-8140.7227
-2843.8733,2591.2778,-6193.904
-1650.9635,1879.581,-3558.8394
-172.46506,1430.8607,-1189.9562
1367.2156,1241.4435,247.29991
2657.2603,1228.7701,578.52637
3423.6548,1287.4745,91.09881
3569.1543,1336.6036,-645.75183
3240.621,1322.1699,-1005.58606
2775.0725,1180.3035,-505.681
2546.695,809.14655,1043.9655
2791.0356,100.62266,3464.35
3490.787,-966.4719,6234.3896
4373.0874,-2237.3872,8638.407
5015.3667,-3385.3997,10000.797
5011.693,-4045.714,9917.914
4130.2627,-4017.9136,8385.218
2399.8005,-3407.064,5770.321
94.02334,-2596.3328,2666.1301
-2372.8718,-2050.9045,-288.0681
-4588.9497,-2068.4111,-2541.913
-6261.408,-2628.619,-3708.284
-7262.1357,-3426.5793,-3607.8015
-7597.0415,-4051.4192,-2312.2148
-7333.467,-4187.754,-171.66019
-6536.161,-3724.6812,2224.2798
-5248.8306,-2740.0742,4185.4346
-3526.1692,-1413.9835,5130.6167
-1490.0048,48.485035,4778.836
631.81226,1443.8756,3227.8489
2518.6472,2564.9917,884.1566
3833.1426,3207.9353,-1710.3992
4338.0303,3214.0923,-4063.2898
4003.2546,2527.8308,-5849.159
3044.4006,1229.4775,-6937.793
1856.1827,-481.85275,-7359.1655
855.6165,-2347.5544,-7245.9556
304.41403,-4120.5503,-6775.17
203.60155,-5619.8657,-6109.2275
322.2543,-6757.3643,-5337.061
347.7633,-7538.2686,-4434.4946
71.93943,-8039.2397,-3275.6646
-494.75626,-8366.916,-1712.1747
-1142.1799,-8605.698,303.2499
-1590.2299,-8774.303,2610.283
-1643.6305,-8813.796,4820.5957
-1284.2604,-8616.532,6417.6807
-666.4284,-8081.999,6950.1772
-42.261093,-7169.326,6237.3164
330.01282,-5920.3696,4486.8257
260.1644,-4447.816,2256.2825
-321.32547,-2902.7883,257.96234
-1327.2013,-1441.1752,-915.4848
-2507.3518,-197.62555,-1019.8957
-3500.9333,735.78735,-230.33339
-3955.519,1330.2197,985.4276
-3672.215,1634.2849,2127.4463
-2696.85,1767.7928,2919.4475
-1292.4772,1885.7893,3419.9016
200.96855,2121.3213,3927.753
1536.2905,2532.7808,4738.7026
2650.7388,3084.1467,5892.676
3625.5728,3669.914,7056.703
4551.5996,4171.1367,7611.8755
5402.2373,4511.6235,6906.8877
6004.7397,4685.1074,4562.969
6126.697,4743.2935,697.7345
5615.331,4758.071,-4027.097
4497.0957,4783.994,-8562.903
2979.1418,4842.2153,-11793.004
1360.9899,4929.108,-12907.134
-84.18832,5034.915,-11690.033
-1193.2185,5152.407,-8599.073
-1929.8649,5266.546,-4586.7783
-2347.896,5335.257,-743.4834
-2538.7476,5283.8623,2072.9841
-2597.317,5030.096,3454.983
-2613.448,4534.3105,3446.3477
-2671.299,3845.3484,2396.8413
-2833.2358,3105.8691,804.9424
-3103.5615,2501.124,-765.0251
-3395.893,2172.552,-1718.8671
-3541.6733,2146.9924,-1517.4055
-3359.1675,2329.7761,141.78078
-2759.067,2571.4624,3124.3457
-1824.8115,2766.647,6803.699
-806.25854,2916.0671,10257.221
-12.997826,3104.5435,12647.543
339.6271,3407.2522,13566.059
240.49464,3793.6472,13116.17
-120.91867,4106.941,11689.715
-470.7794,4144.9326,9613.359
-607.0729,3790.0144,6936.9
-499.81064,3092.2217,3522.6912
-279.40973,2237.944,-640.844
-130.94116,1421.7728,-5156.8037
-168.32838,716.03046,-9208.928
-367.08044,39.040073,-11869.797
-589.71014,-750.5658,-12550.668
-678.17175,-1705.1987,-11318.013
-550.45667,-2702.9023,-8888.623
-242.46017,-3497.061,-6311.794
126.42438,-3870.137,-4518.1807
439.35098,-3780.668,-3963.4463
665.7284,-3398.2783,-4516.714
890.65314,-3005.6855,-5607.184
1269.6061,-2841.723,-6527.763
1931.6835,-2992.791,-6747.4224
2885.9963,-3392.7195,-6105.2583
3985.7563,-3907.6914,-4824.104
4971.789,-4430.584,-3359.8945
5571.3765,-4921.101,-2167.4944
5598.4565,-5382.5747,-1492.3269
5005.9766,-5813.097,-1278.7015
3875.407,-6174.797,-1227.8158
2366.7705,-6398.1587,-967.9959
668.6368,-6409.7383,-250.91718
-1026.7217,-6163.4575,917.50464
-2527.627,-5663.4834,2265.7144
-3651.8928,-4973.0996,3361.8667
-4261.0146,-4202.421,3785.2065
-4314.946,-3469.6035,3293.231
-3915.7708,-2846.7537,1925.8685
-3300.658,-2324.3496,18.182041
-2764.3193,-1830.5951,-1875.6704
-2530.6787,-1308.4362,-3124.7356
-2631.2605,-800.9868,-3199.2908
-2859.9575,-470.72177,-1848.0347
-2846.5244,-512.3371,773.7461
-2231.6392,-999.315,4083.494
-864.4758,-1770.5292,7204.08
1081.8994,-2456.453,9242.843
3148.1584,-2657.3508,9628.051
4769.5146,-2175.7275,8350.516
5508.5977,-1153.9908,5969.892
5219.654,-18.732607,3351.179
4066.3044,745.56244,1248.4937
2403.1042,861.0326,-44.784096
605.73474,403.44836,-785.11273
-1051.5083,-248.27553,-1560.6174
-2421.8467,-619.41284,-2899.4697
-3438.0708,-377.08826,-4934.2227
-4054.2344,529.76434,-7303.1743
-4228.9585,1883.16,-9318.217
-3955.9924,3324.377,-10279.987
-3306.899,4508.3345,-9766.25
-2443.714,5206.1265,-7771.936
-1584.0115,5332.1685,-4679.7476
-933.0597,4924.072,-1114.7092
-615.1691,4116.9814,2246.281
-633.39514,3128.3694,4856.071
-872.4374,2234.1797,6430.9814
-1144.0707,1708.4247,6999.1206
-1261.1357,1727.2148,6835.3594
-1114.6884,2281.4,6294.6567
-722.6025,3159.1406,5614.522
-224.042,4027.7202,4793.544
183.99611,4579.7197,3626.9478
342.56998,4660.176,1894.0078
213.72153,4299.992,-404.87708
-91.75117,3645.4854,-2907.3462
-357.83362,2847.1458,-4946.7344
-359.58365,1994.5363,-5800.911
31.627531,1138.1854,-5013.761
782.1447,360.00607,-2624.85
1700.6469,-192.41533,810.12115
2514.0664,-363.9113,4414.327
2983.0288,-115.43956,7298.827
3004.1826,383.10275,8842.312
2649.344,782.81793,8838.913
2120.5427,718.32355,7495.6294
1644.1263,13.285618,5326.135
1361.7499,-1200.8066,2997.5706
1278.3788,-2531.061,1158.0059
1293.0616,-3507.4324,254.02834
1287.664,-3793.954,370.7192
1214.7206,-3311.486,1166.7544
1129.9359,-2225.7974,1977.6746
1153.081,-840.40796,2087.526
1386.2808,525.85297,1058.9502
1841.9238,1619.226,-1050.1693
2422.039,2284.7422,-3706.5151
2957.7368,2481.3567,-6142.585
3283.7297,2296.0386,-7674.2876
3307.4956,1941.0822,-7922.6694
3040.355,1703.9093,-6857.2393
2580.703,1843.5963,-4707.0557
2063.8901,2474.7573,-1851.8967
1606.3203,3504.815,1231.1337
1268.0226,4667.2197,3981.8037
1042.6511,5633.9644,5806.092
868.1678,6140.607,6209.893
646.3864,6055.254,4984.255
266.82556,5369.9585,2342.7307
-360.1726,4149.7217,-1084.5745
-1257.9624,2495.1934,-4423.968
-2339.3525,546.28613,-6832.731
-3395.3293,-1496.0503,-7758.592
-4146.732,-3378.025,-7078.3877
-4357.4727,-4856.793,-5070.6924
-3961.9802,-5794.141,-2253.435
-3132.392,-6218.812,825.9055
-2229.6443,-6308.249,3747.5854
-1644.1804,-6292.608,6261.946
-1601.1083,-6335.8765,8224.039
-2035.6548,-6461.9604,9491.903
-2613.6396,-6560.5923,9879.522
-2893.667,-6456.859,9215.304
-2548.5479,-5996.43,7479.65
-1530.0963,-5103.5474,4929.952
-92.90847,-3797.8,2112.3064
1330.4688,-2181.958,-284.20197
2333.1628,-419.53067,-1684.4117
2711.0203,1288.9613,-1877.3898
2529.9995,2732.5576,-1131.5645
2063.5574,3721.8909,-104.4241
1644.9584,4123.352,424.75363
1512.8688,3887.7651,-118.41848
1718.5065,3066.9824,-1868.0759
2123.0742,1814.0997,-4482.8394
2471.6257,362.0898,-7321.4824
2504.006,-1025.1415,-9735.925
2058.9968,-2127.3901,-11331.981
1136.6116,-2847.516,-12071.209
-101.931076,-3256.1113,-12177.256
-1397.7206,-3564.0332,-11918.626
-2497.691,-4017.5686,-11407.227
-3252.031,-4759.419,-10539.767
-3654.6094,-5730.737,-9121.169
-3801.2373,-6677.253,-7092.6436
-3789.4443,-7266.637,-4710.393
-3625.8374,-7257.2812,-2536.2046
-3209.5022,-6624.4565,-1209.6931
-2412.3923,-5572.097,-1113.6562
-1207.7758,-4424.176,-2127.2517
244.81761,-3457.5347,-3623.0251
1629.4668,-2767.354,-4719.266
2614.8425,-2232.9434,-4643.613
3022.895,-1593.7736,-3007.1687
2915.1099,-589.4146,129.28111
2535.0383,908.56647,4361.0503
2139.43,2832.0562,9079.974
1824.9855,4940.5645,13543.739
1462.12,6913.776,16897.312
778.3278,8464.846,18270.227
-460.95285,9423.094,17038.846
-2283.6355,9754.409,13184.148
-4449.654,9521.693,7524.2476
-6521.309,8819.956,1600.7722
-8013.65,7732.796,-2819.3333
-8540.98,6339.19,-4419.0786
-7899.8975,4759.99,-2846.7332
-6082.548,3198.0142,1181.0742
-3253.2668,1921.682,6203.4
277.40793,1177.6642,10561.138
4076.151,1071.1343,12899.025
7629.7266,1484.515,12463.012
10429.088,2090.6235,9190.732
12088.129,2461.78,3674.7815
12457.0,2220.6902,-2950.9546
11677.555,1160.6849,-9219.957
10147.165,-708.58386,-13663.998
8395.286,-3185.1804,-15218.092
6913.225,-5933.465,-13560.025
5995.762,-8547.544,-9231.958
5649.795,-10615.316,-3483.9014
5604.7354,-11792.651,2089.756
5427.3433,-11884.106,5975.8936
4705.975,-10901.656,7108.216
3236.183,-9066.122,5119.438
1128.0503,-6740.784,462.74796
-1220.0417,-4325.3584,-5635.1772
-3278.497,-2157.7556,-11445.472
-4605.867,-455.15286,-15229.093
-5026.297,707.5986,-15809.713
-4680.9204,1401.0751,-12976.18
-3936.6843,1829.7427,-7497.396
-3211.1433,2284.0674,-733.0893
-2808.354,3036.4675,5933.002
-2839.056,4204.315,11508.846
-3237.7078,5654.9946,15459.862
-3833.4812,7033.9414,17498.025
-4417.164,7931.4507,17372.055
-4773.4185,8104.97,14908.502
-4689.653,7617.8887,10311.027
-3974.983,6797.807,4460.492
-2511.448,6036.5957,-1110.9905
-327.94662,5565.043,-4702.882
2339.3296,5351.2417,-5189.402
5040.4126,5179.576,-2606.6824
7181.462,4836.9556,1780.2682
8164.9175,4264.425,5999.598
7566.452,3574.288,8211.9
5295.9565,2945.9265,7431.1167
1683.207,2504.6724,3795.7725
-2558.9482,2287.5251,-1659.9016
-6506.5093,2314.4043,-7524.0854
-9293.676,2688.0496,-12517.175
-10395.479,3617.748,-15796.495
-9820.596,5322.493,-17031.281
-8133.652,7868.5225,-16330.281
-6284.4087,11056.736,-14099.197
-5293.3564,14451.181,-10851.852
-5901.3735,17548.232,-6991.9805
-8312.596,19992.244,-2643.6848
-12132.413,21711.46,2340.8347
-16530.738,22897.521,8126.532
-20567.84,23847.807,14497.155
-23546.312,24768.795,20580.223
-25238.793,25652.451,24956.932
-25901.486,26283.63,26198.068
-26090.643,26355.338,23565.43
-26392.47,25614.223,17461.482
-27202.17,23959.959,9334.281
-28634.629,21467.326,1076.573
-30560.312,18349.336,-5735.524
-32697.44,14900.182,-10348.972
-34691.312,11443.585,-12865.43
-36158.227,8288.179,-13877.375
-36717.613,5681.386,-13982.801
-36044.27,3762.0579,-13446.66
-33943.54,2524.6384,-12132.291
-30417.154,1807.6555,-9673.335
-25677.223,1307.3535,-5776.2554
-20086.482,607.8329,-524.7884
-14038.329,-777.2878,5443.136
-7818.638,-3346.9958,11000.127
-1502.0337,-7535.75,14876.257
5074.669,-13633.388,16181.752
12248.144,-21738.898,14849.282
20400.172,-31780.156,11712.589
29824.28,-43593.02,8104.9062
40644.844,-57004.996,5150.6694
52802.7,-71852.06,3149.9473
66064.55,-87895.23,1444.1289
79995.87,-104675.35,-1117.9792
93887.41,-121398.94,-5363.2847
106710.51,-136939.45,-11108.947
117215.18,-149970.47,-17034.205
124216.26,-159166.03,-21220.805
126966.41,-163371.52,-22089.52
125402.805,-161688.08,-19231.848
120086.836,-153495.9,-13688.479
111836.56,-138497.4,-7521.4707
101258.14,-116841.086,-2896.148
88457.76,-89295.86,-1133.1128
73098.266,-57350.363,-2189.2876
54742.47,-23093.932,-4794.639
33264.98,11169.943,-7141.1055
9120.709,43465.887,-7765.1704
-16604.666,72609.19,-6204.6562
-42301.53,98357.19,-3152.5757
-66010.84,121160.805,-83.765686
-85642.47,141626.42,1438.4111
-99273.59,159934.56,456.64017
-105534.99,175462.62,-2968.6653
-103992.21,186747.27,-7774.97
-95352.85,191781.75,-12310.058
-81362.86,188553.17,-14965.251
-64388.38,175691.75,-14779.07
-46827.72,153088.25,-11777.104
-30570.736,122305.31,-6917.389
-16690.77,86594.05,-1671.0139
-5454.6406,50396.55,2575.19
3379.1162,18395.453,5027.021
10101.056,-5607.196,5683.7607
14622.048,-19576.445,5176.29
16274.636,-23571.643,4379.579
13970.659,-19446.057,4040.258
6689.6484,-10129.138,4604.5137
-5896.9463,1171.3455,6254.9795
-22954.098,11593.696,9001.271
-42407.164,19015.877,12652.535
-61337.652,22298.342,16655.285
-76725.18,21433.605,19980.744
-86268.234,17530.701,21305.889
-88983.93,12485.419,19559.678
-85361.86,8285.42,14601.215
-77003.18,6142.4272,7597.1577
-65876.37,5855.3335,760.5134
-53505.28,5796.9766,-3522.1501
-40476.09,3634.074,-3752.593
-26525.18,-2517.3042,-3.5054734
-11164.399,-13073.905,6137.254
5530.4814,-26635.367,12301.756
22472.05,-40484.58,16349.253
37761.918,-51675.332,17160.018
49426.293,-58163.645,14915.24
56215.832,-59469.84,10844.724
57972.453,-56647.773,6631.8193
55396.496,-51688.19,3735.8115
49482.16,-46696.668,2865.6082
41089.85,-43186.324,3769.6965
30940.607,-41680.227,5407.427
19916.918,-41660.105,6430.3213
9278.155,-41813.82,5765.8125
478.94266,-40516.152,3042.737
-5360.5894,-36456.805,-1314.0938
-7956.4336,-29262.816,-6305.9585
-7945.184,-19882.81,-10727.75
-6472.878,-10498.415,-13494.343
-4579.0605,-3871.2148,-13856.491
-2789.5266,-2293.3823,-11562.1875
-1121.6155,-6556.3306,-7026.081
637.8828,-15425.379,-1451.034
2701.184,-25928.469,3272.114
5289.4316,-34397.156,5032.252
8787.072,-37825.207,2276.8647
13761.623,-34940.71,-5201.2285
20669.979,-26523.324,-15875.987
29371.477,-14871.193,-26767.143
38802.715,-2729.2588,-34342.992
47125.734,7784.5537,-35705.64
52356.17,15782.935,-29599.166
53142.42,21561.494,-16884.117
49254.504,26057.377,-354.97562
41529.23,30174.258,15998.418
31358.97,34317.89,28055.771
20062.469,38301.605,32691.469
8487.005,41559.1,28694.662
-3004.5168,43467.22,17226.559
-14249.635,43585.9,1604.1763
-24930.52,41731.99,-13648.114
-34359.71,37933.137,-24267.404
-41515.934,32375.9,-27739.04
-45318.848,25433.21,-24172.332
-45038.1,17758.197,-16120.417
-40671.117,10335.6,-7370.909
-33107.223,4362.839,-1261.1953
-23953.146,917.2508,662.36084
-15038.67,511.41263,-990.8655
-7798.7476,2753.0547,-4149.839
-2827.6013,6326.6797,-6540.1504
169.71503,9382.4375,-6765.5747
2024.9003,10216.431,-4689.7773
3583.7197,7962.059,-1094.5378
5322.0415,2973.6648,2984.7483
7272.7773,-3301.942,6762.7876
9192.097,-8948.547,9816.899
10739.704,-12445.166,11923.651
11508.1875,-13378.413,12903.013
10949.5,-12644.599,12653.283
8411.156,-12008.404,11323.715
3440.1636,-13211.117,9417.328
-3741.9722,-17078.902,7663.103
-11934.324,-23103.686,6685.252
-19162.166,-29710.639,6664.02
-23433.516,-35025.863,7202.7124
-23682.611,-37671.28,7491.025
-20335.857,-37139.758,6685.9995
-15119.28,-33625.723,4325.2227
-10193.174,-27568.537,583.81104
-7129.0244,-19324.092,-3735.8328
-6330.73,-9206.554,-7479.987
-7184.56,2208.554,-9573.904
-8727.617,13864.221,-9421.51
-10301.93,24361.744,-7090.1426
-11728.508,32435.158,-3193.0466
-12928.616,37454.844,1454.8566
-13348.558,39621.504,6195.78
-11705.965,39734.254,10680.677
-6362.711,38700.23,14735.672
3805.9067,37081.402,18074.408
18537.395,34887.453,20110.434
35845.05,31641.795,20060.717
52469.285,26629.424,17318.994
64927.77,19230.623,11869.547
70655.84,9274.797,4464.545
68714.55,-2675.0923,-3562.429
59820.406,-15257.676,-10738.492
45828.59,-26603.816,-15892.232
29044.26,-34954.9,-18375.643
11714.376,-39344.34,-18034.006
-4182.699,-39960.094,-15070.126
-16990.58,-37945.652,-9986.942
-25500.459,-34734.254,-3666.5813
-29239.379,-31308.8,2538.5366
-28764.916,-27813.533,6913.86
-25666.893,-23689.205,7810.5776
-22082.89,-18161.357,4294.64
-19848.113,-10737.016,-3280.5469
-19705.709,-1458.9513,-13110.101
-21057.408,9094.879,-22345.93
-22451.451,19917.51,-27961.352
-22543.566,29669.57,-27729.742
-20937.945,36803.754,-20929.62
-18366.365,39840.87,-8536.432
-16090.595,37829.82,7099.7065
-14941.509,30822.164,22901.984
-14672.568,20066.23,35797.523
-14105.986,7714.075,43351.848
-12003.721,-3896.3757,44226.34
-8068.6445,-13054.807,38430.43
-3342.622,-19182.982,27334.422
364.12592,-22795.941,13395.059
1726.7633,-24988.955,-414.42776
1046.1469,-26763.932,-11371.612
460.32773,-28555.998,-17751.941
2932.8643,-30163.686,-19288.479
10486.102,-31036.236,-17151.676
22682.094,-30679.926,-13438.365
36306.547,-28914.002,-10365.982
46571.3,-25838.996,-9495.321
49276.746,-21586.629,-11284.074
42791.855,-16071.748,-15109.797
28785.742,-8967.335,-19677.615
11352.252,29.681746,-23563.977
-4920.029,10785.181,-25632.223
-16829.01,22439.916,-25190.89
-23428.068,33473.977,-21957.246
-25625.377,42148.97,-16001.965
-25035.936,47119.527,-7804.431
-22948.014,47889.984,1620.376
-19989.275,44871.906,10712.443
-16454.932,39027.81,17655.445
-12781.5205,31326.969,20953.365
-9648.783,22345.516,20039.064
-7607.531,12250.088,15552.674
-6587.7695,1162.9565,9071.466
-5766.533,-10344.499,2394.7395
-3990.5688,-20993.025,-3227.9688
-507.1554,-29022.814,-7492.447
4487.616,-32868.438,-10860.205
9846.303,-31934.488,-13959.321
14000.048,-26995.27,-16959.467
15673.39,-19905.443,-19292.084
14366.737,-12704.331,-19845.295
10389.787,-6595.836,-17482.979
4524.6807,-1419.9896,-11593.693
-2410.3655,4023.5564,-2420.3088
-9826.498,10957.381,8923.606
-17337.387,19527.705,20702.393
-24508.408,28326.416,30963.201
-30582.766,34873.246,37993.06
-34406.242,36809.363,40737.94
-34671.645,33116.816,39088.2
-30419.729,24671.139,33932.32
-21555.064,13846.547,26922.738
-9075.405,3443.6655,19993.293
5162.985,-4449.608,14776.273
19064.066,-9102.019,12123.188
30981.125,-11076.388,11897.773
40117.125,-11643.985,13097.835
46462.582,-12065.353,14234.505
50388.934,-13081.465,13817.721
52207.93,-14765.23,10794.189
51972.047,-16693.512,4839.086
49573.13,-18297.887,-3533.3293
44975.688,-19227.635,-13041.207
38362.945,-19568.463,-21887.256
30098.742,-19798.982,-28183.727
20590.156,-20463.693,-30495.031
10213.646,-21697.785,-28356.953
-615.8552,-22878.775,-22562.64
-11313.139,-22681.018,-15029.5205
-21095.37,-19611.838,-8210.762
-29157.44,-12799.178,-4236.3403
-34974.957,-2585.925,-4139.275
-38525.727,9455.53,-7524.399
-40244.742,21143.066,-12842.966
-40707.41,30596.062,-18139.672
-40243.44,36909.67,-21902.951
-38760.07,40229.28,-23608.441
-35925.383,41265.332,-23720.688
-31605.215,40641.094,-23207.678
-26237.885,38522.434,-22865.604
-20829.324,34719.76,-22821.861
-16482.29,29091.924,-22459.238
-13699.586,21892.002,-20765.398
-11904.63,13793.936,-16893.357
-9549.85,5615.4717,-10631.32
-4855.1113,-2026.2046,-2555.4333
3173.7698,-8883.184,6179.6914
14006.128,-15003.381,14276.711
25572.365,-20537.428,20733.918
35035.812,-25598.154,25099.156
39979.188,-30243.924,27471.717
39405.215,-34521.88,28308.385
34056.176,-38462.285,28154.258
25931.047,-41984.195,27410.803
17302.936,-44774.16,26205.105
9774.785,-46237.168,24378.715
3836.8044,-45571.344,21590.818
-932.8538,-41944.61,17515.771
-5250.8745,-34719.715,12087.279
-9520.855,-23688.79,5699.5903
-13589.559,-9287.338,-748.83606
-16949.207,7277.338,-6050.7534
-19177.605,24094.625,-9102.3125
-20280.227,38903.656,-9375.573
-20695.283,49684.97,-7212.4175
-20961.42,55267.297,-3743.499
-21266.383,55645.094,-411.1178
-21165.426,51816.96,1699.357
-19655.865,45222.473,2373.8489
-15596.976,37099.44,2332.9182
-8285.419,28125.682,2782.2727
2081.9272,18507.285,4682.4443
14281.533,8368.478,8142.5464
26357.238,-1892.8732,12279.832
36238.43,-11560.721,15619.431
42433.895,-19885.826,16801.424
44499.13,-26458.947,15204.088
43062.855,-31361.512,11170.625
39406.746,-34950.15,5774.779
34822.082,-37408.105,310.8898
30084.271,-38381.793,-4201.9434
25308.95,-36985.73,-7288.208
20217.799,-32231.395,-9014.502
14594.913,-23668.357,-9814.375
8616.181,-11887.748,-10266.955
2846.9944,1396.3816,-10900.701
-2056.7024,13755.542,-12029.178
-5712.6797,22775.658,-13617.271
-8189.592,26802.225,-15221.063
-9899.101,25415.496,-16079.967
-11309.818,19486.738,-15401.9795
-12694.739,10842.452,-12767.521
-14065.546,1697.5284,-8456.049
-15289.635,-5933.86,-3474.5947
-16259.846,-10679.09,806.66943
-16983.316,-12016.971,3277.8354
-17557.512,-10261.655,3643.5637
-18107.07,-6374.6123,2564.638
-18770.56,-1662.7102,1251.8844
-19745.486,2593.3108,707.6986
-21307.256,5528.867,1058.5271
-23711.12,7011.817,1411.4192
-26985.504,7750.1777,375.65585
-30749.992,9074.306,-3020.1965
-34224.707,12393.063,-8556.884
-36490.812,18503.867,-14685.993
-36882.24,27073.564,-19148.988
-35274.336,36586.668,-20026.615
-32082.695,44848.867,-16636.535
-27969.36,49834.15,-9801.109
-23442.74,50453.168,-1397.6217
-18597.197,46844.277,6480.8677
-13132.717,40052.27,12254.443
-6610.618,31311.523,15140.151
1228.8541,21373.488,15010.333
10259.28,10272.716,12117.748
19937.621,-2359.7236,6979.394
29404.072,-16671.047,468.97418
37626.324,-32073.809,-6093.6597
43542.98,-47188.195,-11118.743
46222.227,-60289.094,-13241.84
45067.55,-69989.305,-11894.013
40053.484,-75745.766,-7571.031
31900.621,-77891.84,-1584.7446
22064.398,-77198.85,4578.9106
12456.988,-74262.66,9904.7705
4937.1353,-69112.586,14115.952
732.9783,-61287.12,17458.055
34.898617,-50313.953,20222.549
1957.2682,-36270.914,22376.61
4919.8237,-20056.486,23542.092
7303.108,-3192.29,23288.754
8087.8047,12717.245,21489.498
7181.0796,26532.771,18472.045
5282.7104,37818.074,14874.141
3379.282,46674.457,11323.725
2148.9885,53345.87,8169.292
1601.6317,57897.07,5423.535
1141.2097,60174.703,2917.7761
-1.4948971,60027.215,519.30676
-2225.8975,57560.496,-1763.5529
-5225.828,53188.426,-3860.1555
-8058.2935,47411.63,-5813.57
-9586.374,40491.133,-7872.345
-9059.3955,32296.852,-10363.664
-6521.245,22509.215,-13384.551
-2835.2297,11097.129,-16524.277
678.11993,-1233.4456,-18869.775
2793.8618,-12957.942,-19387.727
2847.6245,-22152.25,-17510.44
908.6122,-27232.27,-13567.426
-2367.1309,-27618.564,-8755.045
-6064.2314,-23959.76,-4613.761
-9318.386,-17803.984,-2303.1638
-11482.533,-10922.212,-2100.755
-12156.174,-4659.9966,-3401.1868
-11178.562,370.92108,-5165.7954
-8671.934,4186.7153,-6501.666
-5119.4556,7076.218,-7016.6934
-1366.4786,9255.229,-6799.675
1564.8743,10708.761,-6142.4575
2842.721,11235.558,-5259.744
2218.3594,10588.865,-4198.1113
220.62642,8597.51,-2943.471
-1993.8153,5222.5024,-1589.2533
-3092.9253,574.77893,-412.60843
-2109.7278,-5069.288,197.41063
1189.6102,-11258.506,-96.258095
6263.667,-17404.611,-1423.5613
12052.814,-22896.082,-3629.4863
17372.488,-27260.342,-6282.1104
21258.031,-30293.621,-8741.012
23151.324,-32076.516,-10265.006
22917.604,-32852.06,-10154.809
20741.896,-32824.918,-7923.5728
16970.506,-31991.643,-3461.099
11961.439,-30099.656,2870.0984
6005.5283,-26764.023,10266.265
-638.1993,-21684.424,17657.49
-7604.5146,-14848.516,23977.293
-14270.105,-6613.4595,28427.713
-19718.924,2375.615,30638.389
-22911.543,11379.0205,30667.768
-23024.11,19753.402,28870.184
-19803.047,27034.877,25710.617
-13752.939,32889.7,21617.617
-6061.209,37007.605,16924.463
1698.6785,39058.566,11890.639
7950.792,38784.777,6757.946
11454.955,36185.71,1794.4851
11534.609,31659.877,-2698.088
8188.7427,25970.285,-6418.0254
2091.941,20008.38,-9132.958
-5532.0444,14468.614,-10772.606
-13173.257,9612.584,-11511.181
-19396.086,5249.7896,-11781.593
-23198.371,932.6076,-12167.551
-24251.69,-3750.6323,-13175.019
-22947.082,-8928.413,-14971.998
-20240.654,-14333.93,-17243.11
-17347.305,-19340.152,-19273.809
-15356.0,-23109.55,-20256.885
-14858.484,-24818.992,-19672.875
-15709.61,-23916.006,-17535.0
-17042.336,-20337.541,-14359.403
-17592.842,-14598.185,-10882.733
-16243.525,-7678.5415,-7696.0757
-12540.294,-731.79474,-5001.7085
-6905.8555,5269.298,-2610.1226
-414.84174,9781.021,-146.75815
5749.2676,12730.701,2670.6138
10839.787,14374.485,5833.6274
14785.32,15087.502,9001.363
18020.139,15200.642,11600.047
21068.508,14918.389,12997.942
24177.145,14279.412,12691.551
27210.652,13124.687,10466.94
29813.1,11103.019,6514.8535
31661.035,7787.3555,1468.7523
32609.104,2926.8848,-3676.0552
32650.232,-3260.9902,-7783.8853
31765.672,-9945.557,-9902.534
29811.373,-15834.186,-9581.829
26543.094,-19604.844,-7050.5454
21777.746,-20421.559,-3159.4507
15603.977,-18269.271,900.01733
8533.467,-13947.14,3989.218
1514.6047,-8755.302,5371.8374
-4221.6665,-4061.3687,4899.468
-7466.0527,-947.2961,2998.1868
-7417.1123,-33.076878,498.59363
-4029.8142,-1449.3427,-1616.1205
1820.972,-4877.641,-2477.951
8475.306,-9610.013,-1567.9512
13925.019,-14642.54,1132.149
16411.123,-18843.59,5121.7944
14941.012,-21204.307,9524.996
9503.367,-21116.316,13362.282
903.17035,-18577.086,15849.016
-9664.314,-14225.138,16594.0
-21048.752,-9156.042,15623.426
-32353.297,-4549.4927,13254.589
-42841.152,-1224.7946,9922.863
-51672.56,697.3852,6067.809
-57727.234,1856.0151,2113.7432
-59721.797,3361.2124,-1502.7084
-56639.953,6248.4204,-4333.941
-48272.344,10915.199,-5985.143
-35552.902,16816.965,-6206.8013
-20453.705,22584.963,-4954.0615
-5422.9717,26523.592,-2385.8896
7405.854,27263.688,1163.3835
16879.848,24292.31,5187.0444
23071.965,18161.791,8977.83
27017.021,10331.85,11639.5
30088.549,2729.8796,12236.976
33317.1,-2818.429,10113.957
36947.406,-5122.795,5269.261
40394.207,-3975.3948,-1423.8026
42565.555,-199.86374,-8349.784
42371.79,4628.386,-13663.692
39187.99,8704.385,-15988.844
33092.277,10569.649,-14967.394
24820.234,9531.563,-11381.231
15496.082,5797.8174,-6783.6177
6275.7803,333.0202,-2845.4019
-1955.4589,-5456.0107,-758.95337
-8737.546,-10088.942,-971.5688
-14023.076,-12367.667,-3292.2444
-18045.455,-11688.476,-7190.6665
-21146.61,-8257.487,-12036.967
-23633.672,-3109.3262,-17149.748
-25696.693,2159.9917,-21721.273
-27380.373,5922.4453,-24807.787
-28585.516,7124.851,-25516.38
-29086.625,5697.56,-23338.604
-28574.527,2557.7756,-18427.838
-26741.77,-795.43,-11620.573
-23408.559,-2883.6921,-4160.303
-18649.266,-2753.4482,2729.5723
-12854.223,-175.45802,8204.202
-6675.524,4472.884,11949.334
-858.58307,10489.126,14138.366
3976.8477,17094.205,15292.59
7510.95,23532.145,16114.876
9777.357,29038.186,17290.139
11077.873,32787.953,19229.775
11803.479,33948.168,21818.584
12243.409,31876.297,24319.512
12462.02,26407.932,25578.564
12289.2705,18085.229,24508.875
11421.3545,8166.7607,20623.885
9580.997,-1661.5583,14308.04
6660.2085,-9807.616,6652.258
2777.1694,-15315.626,-1041.6758
-1773.0697,-18167.578,-7770.7974
-6628.4277,-19174.428,-13050.991
-11442.3545,-19495.629,-16770.889
-15870.292,-20035.162,-18867.914
-19470.342,-21040.576,-19118.129
-21616.902,-22115.84,-17209.662
-21552.51,-22609.559,-13033.593
-18630.117,-22113.072,-6963.3193
-12660.354,-20747.926,85.63235
-4168.7886,-19078.219,6859.0825
5625.5386,-17745.148,12107.603
15161.5625,-17107.86,14894.429
23076.736,-17155.38,14764.289
28670.705,-17742.53,11779.333
32052.975,-18949.1,6482.4297
33903.965,-21249.607,-177.05835
34989.28,-25295.992,-6972.7114
35695.15,-31384.29,-12615.837
35827.734,-38917.316,-16038.1045
34763.84,-46224.98,-16658.008
31849.951,-50925.543,-14522.619
26827.686,-50715.504,-10260.21
20069.713,-44240.56,-4864.142
12522.502,-31655.574,601.1678
5398.495,-14636.304,5264.567
-233.99423,4141.2065,8609.489
-3789.1943,21822.166,10512.287
-5304.927,36177.668,11177.878
-5348.5586,46127.266,11010.104
-4740.372,51852.37,10456.958
-4212.2026,54523.656,9869.725
-4141.9307,55773.875,9410.136
-4473.6,57093.61,9024.91
-4851.2227,59318.035,8483.655
-4889.542,62328.63,7456.789
-4429.4663,65034.68,5607.817
-3630.3599,65637.766,2687.1338
-2846.7317,62122.18,-1376.1166
-2373.2822,52857.418,-6398.2305
-2232.875,37155.805,-11919.391
-2160.87,15618.632,-17281.283
-1813.1931,-9850.602,-21810.795
-1075.4541,-36387.227,-25043.73
-276.76807,-60759.566,-26867.105
-163.12834,-80025.69,-27478.82
-1624.7518,-92053.79,-27168.955
-5308.152,-95784.59,-26054.854
-11296.799,-91232.555,-23955.346
-18996.39,-79314.73,-20511.42
-27256.158,-61616.594,-15490.978
-34660.69,-40160.16,-9071.958
-39878.52,-17179.336,-1892.7384
-41958.1,5118.7935,5192.0728
-40500.746,24806.758,11507.262
-35692.41,40463.316,16846.885
-28224.264,51316.547,21463.898
-19157.738,57270.098,25764.395
-9780.803,58823.91,29908.97
-1464.0814,56928.5,33583.613
4510.347,52803.043,36087.17
7170.406,47720.41,36676.098
6094.5933,42755.4,34950.793
1574.7574,38527.73,31059.848
-5410.772,35027.363,25630.166
-13455.366,31632.006,19502.719
-21132.88,27372.06,13450.503
-27384.87,21377.049,8025.193
-31723.15,13319.834,3561.5103
-34191.22,3646.1746,256.26706
-35155.94,-6525.4434,-1790.9211
-35063.08,-15773.8955,-2626.8152
-34257.82,-22813.387,-2538.9412
-32893.215,-26783.816,-2094.7798
-30899.842,-27302.838,-2048.8376
-28000.416,-24360.752,-3122.3357
-23787.719,-18230.307,-5741.3164
-17882.322,-9505.6455,-9848.523
-10130.267,773.4051,-14872.148
-738.97766,11082.863,-19868.502
9746.465,19618.252,-23793.611
20634.242,24739.285,-25821.2
31334.4,25469.744,-25611.596
41507.77,21796.508,-23442.96
51026.65,14611.983,-20146.898
59796.508,5342.2114,-16850.22
67586.77,-4542.145,-14601.749
73999.19,-13917.667,-14021.23
78582.07,-22191.354,-15106.392
80978.59,-29284.807,-17263.797
80976.625,-35482.562,-19527.275
78425.234,-41192.65,-20856.295
73116.0,-46652.168,-20405.883
64784.434,-51648.23,-17713.934
53312.504,-55386.906,-12805.436
39054.676,-56642.996,-6220.344
23081.848,-54205.016,1058.9854
7137.971,-47442.207,7819.374
-6754.4355,-36697.984,12957.575
-16903.057,-23270.03,15844.175
-22494.342,-8961.396,16537.543
-23818.078,4562.3657,15713.457
-22061.463,16267.747,14323.278
-18783.188,25865.023,13159.406
-15334.37,33545.07,12569.57
-12502.735,39558.66,12464.708
-10516.417,43903.535,12569.936
-9335.858,46266.418,12713.432
-9006.336,46188.535,12945.725
-9828.181,43308.27,13428.885
-12231.694,37537.957,14215.534
-16437.611,29115.893,15113.767
-22123.812,18560.365,15753.715
-28322.76,6585.877,15805.657
-33644.074,-5977.125,15181.655
-36735.05,-18250.9,14071.824
-36765.637,-29375.943,12799.304
-33720.168,-38577.402,11614.026
-28385.28,-45226.992,10578.128
-22070.137,-48893.41,9606.507
-16198.855,-49377.92,8593.933
-11932.813,-46731.41,7494.56
-9927.005,-41242.383,6272.8403
-10249.163,-33383.07,4772.113
-12438.014,-23713.357,2643.6006
-15659.86,-12768.117,-539.12244
-18923.084,-974.06055,-4985.0073
-21305.99,11362.024,-10368.522
-22142.533,23984.283,-15714.811
-21111.875,36571.473,-19629.275
-18209.908,48632.62,-20823.527
-13637.28,59467.305,-18703.725
-7684.6445,68210.83,-13722.049
-693.6218,73948.87,-7293.1294
6886.5605,75867.484,-1291.1262
14406.822,73406.22,2648.935
20994.742,66392.62,3712.1892
25675.38,55140.918,2123.3142
27622.836,40492.414,-1058.2129
26436.44,23768.062,-4435.9214
22302.5,6610.062,-6824.151
15953.289,-9285.322,-7613.753
8439.52,-22500.855,-6836.4746
826.90436,-32214.549,-4960.854
-6043.6177,-38395.754,-2571.7146
-11641.754,-41793.445,-119.41178
-15682.864,-43686.0,2139.5747
-17995.273,-45448.234,4018.56
-18425.127,-48074.2,5224.053
-16840.457,-51830.8,5298.28
-13218.242,-56177.68,3776.1829
-7736.7534,-59980.82,497.58887
-788.84564,-61921.91,-4119.3755
7115.6694,-60929.58,-9053.971
15513.05,-56474.164,-12989.701
24116.729,-48658.6,-14833.945
32827.945,-38141.047,-14188.58
41603.01,-25974.578,-11521.091
50237.527,-13426.27,-7948.427
58179.67,-1782.2334,-4756.8403
64478.695,7880.746,-2909.192
67918.62,14941.942,-2766.7104
67312.66,19421.906,-4107.395
61872.445,21997.271,-6360.9287
51534.24,23787.863,-8897.173
37125.61,25971.965,-11231.496
20292.236,29386.08,-13100.675
3173.7834,34280.695,-14443.813
-12090.898,40318.402,-15346.4
-23869.693,46771.633,-15978.41
-31371.236,52788.395,-16521.783
-34683.426,57597.066,-17077.201
-34518.453,60598.504,-17568.611
-31798.047,61380.72,-17695.88
-27279.44,59726.773,-16985.082
-21387.615,55655.902,-14941.21
-14302.775,49476.8,-11245.856
-6218.5576,41792.754,-5906.367
2394.2607,33409.875,717.80835
10675.961,25151.746,8020.8867
17490.658,17641.154,15329.238
21721.885,11137.153,22064.633
22620.836,5499.883,27829.963
20053.955,303.99716,32410.79
14545.86,-4943.102,35729.957
7108.603,-10572.176,37799.234
-1059.2314,-16616.643,38688.59
-8876.86,-22833.693,38509.14
-15586.384,-28863.768,37401.242
-20825.822,-34428.688,35530.277
-24604.916,-39437.957,33097.29
-27242.121,-43922.785,30356.527
-29295.002,-47828.734,27609.338
-31472.352,-50804.297,25142.336
-34497.938,-52149.586,23112.305
-38921.074,-51007.49,21431.918
-44917.71,-46732.21,19736.875
-52156.605,-39250.8,17485.887
-59791.098,-29221.281,14171.235
-66587.414,-17897.568,9547.776
-71149.125,-6767.742,3771.128
-72176.24,2859.6199,-2617.533
-68708.94,10146.762,-8846.406
-60327.94,14813.815,-14137.839
-47291.07,17050.865,-17922.8
-30574.21,17343.54,-19988.213
-11775.814,16290.004,-20527.172
7137.425,14443.988,-20077.568
24212.709,12193.051,-19350.568
37924.1,9690.312,-18984.916
47480.676,6873.1724,-19310.473
52914.79,3584.6023,-20228.959
54916.38,-244.47449,-21284.723
54485.953,-4448.6333,-21905.414
52556.758,-8613.474,-21693.719
49741.78,-12215.988,-20615.604
46287.72,-14840.849,-18989.326
42205.2,-16339.563,-17297.762
37457.656,-16838.654,-15945.337
32081.203,-16609.873,-15095.706
26177.96,-15908.877,-14654.943
19826.008,-14896.174,-14366.488
13009.971,-13671.524,-13929.981
5654.924,-12350.787,-13076.978
-2240.232,-11079.747,-11601.99
-10460.207,-9944.6875,-9396.026
-18532.057,-8850.604,-6519.778
-25832.297,-7497.4067,-3294.769
-31787.402,-5531.4272,-334.2277
-36046.32,-2813.5234,1566.283
-38521.42,370.6122,1691.9202
-39283.844,3330.2173,-259.91766
-38396.562,5257.5166,-3933.2927
-35806.945,5642.647,-8296.03
-31376.314,4575.3643,-11900.803
-25031.246,2750.119,-13343.288
-16943.498,1169.7466,-11733.847
-7629.968,724.9532,-6982.924
2085.909,1891.3291,218.27844
11232.763,4693.7896,8700.696
18895.3,8907.209,17255.277
24381.92,14315.242,25005.766
27309.955,20831.03,31564.027
27612.678,28396.799,36932.9
25505.732,36740.285,41244.395
21452.475,45165.496,44487.613
16142.524,52534.027,46364.723
10464.759,57475.418,46334.55
5436.619,58735.113,43810.168
2059.3855,55507.25,38415.445
1103.1943,47632.336,30194.482
2871.058,35627.277,19698.178
7025.214,20591.426,7919.9473
12561.866,4052.7402,-3900.3186
17984.29,-12211.092,-14546.924
21658.682,-26380.38,-23092.006
22265.363,-36842.035,-29068.172
19208.441,-42460.95,-32495.812
12843.002,-42813.035,-33768.793
4428.445,-38298.74,-33463.53
-4192.9897,-30079.115,-32164.197
-11094.09,-19835.059,-30369.908
-14771.937,-9415.332,-28484.342
-14501.887,-478.45163,-26831.512
-10437.313,5771.7437,-25637.115
-3462.3157,8704.616,-24965.865
5103.506,8249.0205,-24666.932
13817.197,4809.3857,-24395.566
21348.566,-824.31244,-23729.152
26622.62,-7554.1265,-22318.402
28909.354,-14079.741,-19976.656
27905.92,-19094.002,-16650.854
23810.207,-21582.842,-12310.295
17332.205,-21148.63,-6859.5103
9579.739,-18200.586,-168.25558
1805.4888,-13870.837,7779.5825
-4916.183,-9634.573,16715.256
-9957.467,-6773.8945,26016.959
-13235.948,-5923.1665,34802.043
-15106.153,-6898.1226,42130.324
-16103.457,-8859.972,47205.367
-16661.979,-10697.217,49486.074
-16923.744,-11427.782,48706.38
-16698.172,-10469.298,44869.91
-15560.497,-7741.0635,38280.54
-13033.736,-3650.4268,29598.143
-8792.037,979.6961,19838.863
-2836.8694,5042.947,10237.885
4391.97,7382.6577,1970.7645
12007.856,7131.3228,-4168.81
18803.158,4064.8145,-7988.0073
23510.99,-1196.6865,-9904.746
25148.059,-7285.6436,-10744.913
23326.977,-12494.745,-11418.541
18408.541,-15343.41,-12600.778
11409.975,-15060.616,-14513.509
3682.5337,-11783.372,-16848.865
-3524.8242,-6416.1475,-18838.227
-9443.812,-254.24507,-19457.693
-13959.104,5445.292,-17748.621
-17517.629,9786.412,-13194.751
-20830.492,12381.86,-6043.378
-24502.9,13344.839,2570.5002
-28741.447,13181.744,10798.255
-33239.227,12633.15,16540.43
-37259.242,12484.855,18057.463
-39864.688,13362.495,14509.372
-40207.04,15539.689,6227.8306
-37782.27,18813.08,-5364.4966
-32589.52,22502.71,-18133.5
-25158.404,25609.115,-29761.266
-16442.736,27104.828,-38251.88
-7608.395,26278.904,-42292.113
229.72733,23015.076,-41415.844
6248.673,17889.021,-35981.85
10065.872,12024.721,-27009.236
11753.756,6739.9355,-15927.416
11727.232,3101.8364,-4297.3145
10557.151,1562.5331,6447.8525
8785.366,1820.7496,15207.714
6805.6226,2963.2817,21345.568
4837.862,3819.0322,24733.338
2982.2493,3369.4639,25702.725
1312.155,1048.2896,24903.266
-40.76646,-3165.951,23091.562
-846.2987,-8850.403,20909.715
-799.3297,-15331.147,18731.584
394.5719,-21852.555,16636.705
2897.4004,-27660.268,14511.262
6628.602,-32016.342,12205.765
11223.787,-34216.08,9648.976
16103.185,-33665.305,6854.7207
20646.402,-30018.018,3841.1216
24413.982,-23314.285,550.8109
27318.629,-14041.703,-3138.4495
29656.426,-3080.7102,-7295.2573
31964.65,8445.05,-11782.815
34752.805,19352.346,-16189.391
38216.406,28560.627,-19910.998
42055.305,35215.19,-22355.002
45474.58,38785.02,-23150.318
47370.266,39145.598,-22246.611
46632.586,36624.37,-19863.014
42465.562,31959.86,-16347.752
34629.914,26139.553,-12058.949
23550.873,20138.252,-7340.8867
10272.392,14642.437,-2580.804
-3728.655,9871.069,1739.9722
-16829.951,5567.679,5085.3726
-27591.908,1162.437,7007.565
-35046.754,-3968.1956,7321.253
-38866.91,-10245.792,6203.3657
-39360.03,-17721.043,4155.064
-37297.562,-26029.652,1848.5553
-33649.85,-34466.88,-54.604046
-29337.623,-42143.582,-1028.6224
-25090.852,-48168.72,-725.84467
-21438.164,-51798.766,1025.0638
-18771.777,-52511.582,4208.0474
-17394.041,-50004.324,8577.392
-17478.434,-44165.465,13624.978
-18953.764,-35092.895,18623.354
-21394.697,-23194.184,22776.377
-24021.838,-9322.001,25436.326
-25862.297,5174.4956,26288.629
-26026.93,18597.658,25407.46
-23983.564,29264.781,23150.494
-19697.775,35963.746,19949.467
-13582.298,38294.965,16109.982
-6300.853,36734.098,11725.801
1453.4966,32394.28,6745.9453
9087.732,26619.943,1147.6259
16103.701,20607.105,-4888.396
22012.79,15186.455,-10901.748
26277.947,10783.844,-16222.015
28365.625,7482.0825,-20153.654
27906.682,5102.5596,-22190.527
24882.273,3282.234,-22168.127
19724.428,1571.4729,-20302.887
13266.351,-428.99188,-17126.8
6559.6772,-2925.8667,-13364.1045
638.4586,-5859.568,-9795.557
-3682.9114,-8953.928,-7127.1055
-5930.813,-11874.286,-5857.163
-6013.976,-14410.586,-6145.9116
-4208.324,-16586.639,-7725.2515
-1098.3964,-18641.508,-9913.543
2526.523,-20897.322,-11778.935
5817.915,-23574.979,-12425.707
8025.1675,-26628.203,-11299.114
8613.567,-29651.59,-8372.202
7304.5586,-31900.062,-4123.7397
4043.8452,-32437.438,681.17035
-1053.6011,-30397.25,5298.078
-7727.7373,-25286.127,9252.743
-15554.814,-17214.086,12432.737
-23929.424,-6937.5806,15011.024
-32110.566,4329.741,17270.854
-39355.2,15273.488,19429.094
-45088.715,24849.926,21529.762
-49012.43,32512.803,23430.184
-51069.69,38216.46,24861.674
-51279.254,42234.516,25529.062
-49539.13,44917.57,25212.834
-45536.293,46517.285,23842.223
-38838.895,47137.477,21514.17
-29132.262,46787.12,18447.059
-16465.236,45460.992,14882.989
-1362.9788,43183.207,10979.428
15256.039,39996.992,6742.844
32302.564,35929.83,2041.2172
48745.08,30975.18,-3305.9382
63723.59,25109.188,-9400.469
76518.22,18326.676,-16158.834
86446.09,10665.09,-23269.682
92807.2,2198.9878,-30227.217
94960.03,-6980.8516,-36421.06
92508.586,-16767.926,-41248.754
85493.445,-26992.426,-44219.117
74459.97,-37333.88,-45024.04
60343.605,-47241.965,-43566.105
44222.574,-55926.77,-39939.98
27070.252,-62453.434,-34379.695
9639.674,-65923.29,-27199.406
-7471.6646,-65677.625,-18759.393
-23643.934,-61449.664,-9473.117
-38084.426,-53420.543,161.32079
-49829.492,-42182.723,9548.845
-57930.926,-28645.898,18044.947
-61746.105,-13918.539,25065.785
-61187.273,826.82214,30213.254
-56804.07,14512.957,33343.344
-49657.473,26334.611,34532.887
-41040.465,35903.785,33964.92
-32159.885,43284.867,31811.775
-23894.057,48861.957,28201.238
-16694.943,53059.758,23293.742
-10642.314,56035.51,17413.223
-5606.38,57505.22,11122.925
-1446.3884,56817.516,5160.794
1832.5941,53258.617,237.8303
4025.2678,46436.77,-3201.531
4797.2095,36542.39,-5121.5186
3855.6235,24348.9,-5854.523
1150.5635,10967.65,-5898.8867
-2979.7131,-2495.827,-5668.467
-7785.861,-15201.488,-5328.189
-12224.623,-26643.914,-4789.9995
-15178.554,-36552.004,-3847.1257
-15705.002,-44731.45,-2354.169
-13238.112,-50965.76,-354.03214
-7693.3203,-55023.457,1898.691
537.95184,-56740.105,4005.7913
10682.718,-56107.023,5536.3604
21732.137,-53314.277,6132.807
32600.0,-48734.03,5586.0205
42264.895,-42857.59,3872.8848
49877.996,-36206.055,1156.0658
54825.613,-29233.713,-2252.936
56740.234,-22249.59,-5960.625
55461.36,-15389.355,-9570.466
50963.082,-8659.552,-12749.646
43285.152,-2041.6139,-15265.107
32513.846,4396.2085,-16985.283
18843.023,10442.764,-17857.258
2701.2058,15776.437,-17873.734
-15121.654,20063.781,-17043.264
-33439.266,23063.564,-15377.879
-50789.426,24681.068,-12913.232
-65698.0,24958.682,-9767.213
-76992.625,24029.354,-6216.7485
-84035.23,22069.066,-2741.2222
-86776.445,19264.691,26.365332
-85622.336,15792.449,1461.328
-81191.44,11803.715,1172.1543
-74079.64,7433.5913,-818.6844
-64724.19,2853.5828,-4039.0894
-53393.293,-1638.6575,-7702.3564
-40267.227,-5547.978,-10941.084
-25550.863,-8208.205,-13019.4375
-9567.625,-8948.685,-13439.033
7189.203,-7353.9966,-11943.675
24050.375,-3486.516,-8498.436
40202.22,2069.8044,-3312.1262
54745.336,8402.329,3102.2695
66769.54,14622.295,9909.824
75436.41,20198.543,16065.443
80066.89,25093.785,20566.57
80236.016,29630.443,22755.889
75870.41,34162.258,22532.08
67325.67,38732.17,20365.975
55401.61,42898.754,17120.836
41256.8,45817.4,13769.857
26221.184,46529.188,11134.733
11560.185,44314.38,9730.314
-1720.0745,38953.902,9730.165
-12951.56,30805.188,11014.129
-21755.674,20692.906,13245.3125
-27928.297,9687.448,15942.815
-31350.977,-1134.7007,18545.096
-31987.836,-10878.521,20477.322
-29954.8,-18937.342,21236.566
-25588.85,-25021.904,20492.78
-19443.672,-29127.01,18180.25
-12193.556,-31452.924,14537.469
-4496.634,-32302.281,10059.07
3100.7737,-31980.719,5357.217
10166.735,-30731.514,978.0365
16308.357,-28721.24,-2748.7288
21089.398,-26067.232,-5758.938
24018.26,-22874.744,-8187.81
24639.266,-19250.578,-10239.401
22695.777,-15284.219,-12076.108
18289.25,-11020.693,-13788.988
11955.918,-6465.203,-15445.083
4617.783,-1642.1221,-17147.799
-2585.4607,3311.084,-19034.592
-8535.436,8072.077,-21182.932
-12376.951,12144.344,-23470.64
-13697.914,14971.089,-25488.916
-12603.439,16111.492,-26596.95
-9671.113,15393.499,-26134.81
-5806.0234,12960.245,-23714.488
-2037.6844,9180.912,-19445.562
690.3941,4471.984,-13965.447
1695.2292,-872.89667,-8236.655
667.4539,-6749.3057,-3198.1228
-2284.3992,-13167.579,557.9821
-6655.421,-20080.648,2923.6914
-11627.275,-27213.465,4172.907
-16209.32,-33994.07,4704.5845
-19428.863,-39633.12,4801.4053
-20544.441,-43323.004,4548.9824
-19233.547,-44471.438,3943.285
-15693.784,-42874.477,3083.9436
-10609.28,-38769.54,2295.8523
-4975.791,-32764.969,2075.0554
166.83162,-25688.678,2875.9727
4005.161,-18414.508,4861.5737
6133.486,-11712.601,7760.545
6593.5205,-6144.711,10911.087
5781.4185,-2004.969,13470.655
4280.449,700.1103,14697.547
2691.19,2234.9739,14195.18
1508.538,3080.853,12041.539
1057.3623,3847.4338,8772.918
1471.5277,5164.617,5230.8936
2695.9744,7577.3096,2313.1052
4502.019,11463.886,697.02594
6517.258,16985.115,625.563
8274.307,24054.611,1835.903
9278.831,32317.68,3666.946
9093.257,41138.7,5309.0996
7429.948,49619.613,6098.816
4242.0454,56684.508,5743.545
-211.22311,61250.863,4398.6543
-5358.3467,62466.863,2582.786
-10397.333,59945.926,976.5437
-14465.923,53905.215,178.9029
-16857.443,45135.58,497.1226
-17206.836,34793.203,1831.6841
-15573.932,24080.146,3694.7178
-12393.052,13932.603,5365.356
-8317.48,4834.874,6137.724
-4029.874,-3177.8242,5572.397
-91.95404,-10346.943,3648.702
3127.6208,-16938.512,752.7599
5454.0093,-23028.338,-2486.7578
6870.776,-28414.709,-5428.8477
7482.395,-32683.912,-7604.282
7486.8853,-35383.133,-8780.381
7148.387,-36211.684,-8909.744
6752.744,-35143.688,-8029.891
6541.2056,-32438.307,-6193.447
6638.775,-28552.348,-3469.7078
7009.787,-24012.135,-0.96960247
7471.825,-19306.084,3939.8489
7776.6255,-14828.809,7941.108
7731.0903,-10866.71,11511.59
7301.456,-7593.5566,14185.505
6639.98,-5056.4487,15628.14
6006.5005,-3164.6582,15696.758
5615.29,-1715.3105,14431.825
5488.4087,-477.0516,11986.114
5405.285,690.39124,8531.465
4991.474,1744.3452,4199.505
3910.3132,2461.6577,-900.4844
2057.209,2555.1836,-6587.829
-350.65308,1853.5079,-12498.277
-2839.9023,446.9335,-18043.014
-4867.3506,-1284.7198,-22506.416
-6031.0244,-2781.307,-25274.273
-6206.528,-3491.3428,-26094.074
-5559.842,-3046.4326,-25223.586
-4454.869,-1348.8662,-23362.26
-3316.928,1439.8759,-21370.781
-2514.066,4968.6104,-19906.209
-2288.2878,8770.013,-19158.365
-2735.4646,12312.14,-18826.334
-3815.9998,15040.889,-18344.566
-5380.289,16443.566,-17229.797
-7202.1284,16146.878,-15354.809
-9017.736,14027.129,-13001.344
-10565.367,10283.96,-10674.733
-11616.366,5431.168,-8799.442
-11989.7705,188.71712,-7477.7437
-11550.339,-4697.5664,-6448.112
-10199.582,-8648.425,-5256.202
-7874.601,-11385.263,-3525.9094
-4566.7495,-12953.41,-1166.068
-361.72507,-13623.394,1602.0365
4511.508,-13709.811,4395.6787
9648.083,-13386.565,6893.1494
14479.996,-12584.299,8988.907
18353.354,-11022.215,10799.797
20664.379,-8364.389,12542.321
21017.033,-4430.312,14376.978
19343.291,637.4732,16319.472
15931.2705,6325.304,18257.047
11341.846,11841.495,20032.479
6246.9116,16313.221,21523.139
1263.2942,19015.111,22666.365
-3142.1858,19557.098,23437.46
-6644.9346,17983.076,23825.057
-8986.677,14762.644,23841.55
-9912.311,10683.492,23564.377
-9193.287,6670.2925,23165.307
-6750.2056,3570.288,22883.09
-2809.2449,1956.327,22931.664
2015.2118,1998.6846,23383.734
6793.364,3441.6624,24092.488
10506.86,5690.4624,24697.262
12339.202,7978.9727,24715.27
11900.165,9565.177,23680.562
9290.551,9898.498,21275.98
5000.46,8721.814,17416.996
-283.05914,6098.5493,12272.907
-5853.5107,2377.159,6232.3877
-11077.121,-1887.2715,-171.48447
-15398.679,-6039.2,-6362.3857
-18316.455,-9446.925,-11833.413
-19392.053,-11631.653,-16250.324
-18325.762,-12375.519,-19517.531
-15074.617,-11773.5205,-21781.908
-9952.493,-10203.008,-23367.645
-3648.504,-8213.9795,-24662.473
2870.0789,-6379.607,-25996.0
8557.818,-5164.8896,-27551.451
12538.661,-4857.0347,-29332.275
14322.102,-5561.882,-31178.895
13913.12,-7234.1577,-32815.64
11773.418,-9702.131,-33910.734
8643.4375,-12673.252,-34143.992
5288.4194,-15743.035,-33281.734
2264.5247,-18442.38,-31248.564
-204.80875,-20334.652,-28169.918
-2198.4175,-21130.656,-24356.81
-3937.5383,-20763.205,-20224.545
-5580.2607,-19378.021,-16171.887
-7074.192,-17246.793,-12471.92
-8140.9956,-14655.183,-9221.378
-8399.837,-11828.386,-6362.739
-7566.7266,-8922.089,-3754.507
-5628.6504,-6055.427,-1245.1178
-2904.4614,-3334.611,1284.9678
38.43498,-832.4327,3920.6719
2571.1697,1464.5533,6731.0327
4204.914,3690.868,9781.836
4715.153,6070.1113,13123.1455
4140.7095,8809.913,16750.3
2674.3806,11971.532,20554.29
513.7617,15388.317,24288.828
-2246.191,18686.744,27582.912
-5626.5005,21408.787,30015.15
-9683.908,23179.283,31239.193
-14385.182,23839.53,31116.723
-19503.77,23489.125,29794.682
-24592.156,22426.713,27674.727
-29045.742,21027.742,25268.29
-32233.639,19619.29,22990.074
-33645.6,18401.383,20982.547
-33001.7,17431.969,19057.494
-30290.137,16658.861,16787.441
-25730.53,15964.764,13707.132
-19691.51,15197.26,9533.49
-12609.339,14178.387,4309.1514
-4948.413,12711.832,-1580.9248
2784.9983,10613.3545,-7506.2065
10004.546,7774.678,-12741.26
16037.582,4240.9595,-16606.65
20201.865,257.43716,-18568.951
21973.324,-3757.6133,-18308.977
21192.514,-7323.6274,-15782.989
18214.21,-10054.24,-11281.1875
13908.716,-11788.361,-5450.9043
9479.547,-12630.252,765.15344
6144.7734,-12877.632,6298.3574
4795.072,-12874.971,10193.815
5756.3525,-12865.605,11830.905
8741.056,-12910.1455,11033.675
12993.459,-12897.083,8036.165
17559.549,-12623.333,3345.2031
21574.123,-11896.644,-2412.166
24468.17,-10617.7295,-8587.483
26045.75,-8823.947,-14548.775
26435.86,-6696.2485,-19704.025
25965.686,-4535.263,-23559.004
25014.717,-2706.7583,-25810.863
23896.79,-1556.8492,-26425.553
22792.707,-1310.981,-25636.379
21734.4,-1989.697,-23844.969
20630.328,-3380.536,-21470.402
19319.203,-5087.41,-18826.105
17638.219,-6642.917,-16080.677
15488.424,-7636.765,-13297.814
12877.027,-7806.3057,-10499.372
9920.994,-7058.317,-7692.155
6811.7383,-5429.956,-4841.9517
3760.1396,-3026.508,-1831.3667
951.2353,23.103626,1540.3402
-1470.5914,3574.0498,5482.5356
-3388.414,7447.4204,10083.92
-4695.8623,11413.832,15192.333
-5304.281,15200.71,20372.314
-5182.862,18524.055,24973.541
-4412.374,21127.004,28289.84
-3215.7822,22805.996,29747.678
-1935.4274,23420.482,29054.637
-952.88104,22899.295,26262.018
-577.82556,21258.717,21734.955
-949.61176,18629.93,16057.032
-1992.4215,15270.339,9910.4795
-3445.9026,11526.996,3967.0671
-4966.4873,7742.6855,-1192.6837
-6268.418,4135.7905,-5131.3496
-7254.474,714.74115,-7586.188
-8081.754,-2718.267,-8489.358
-9124.222,-6463.034,-7979.6187
-10831.377,-10759.754,-6399.9536
-13529.147,-15643.542,-4269.2227
-17242.568,-20876.695,-2216.0464
-21618.91,-25977.713,-873.2287
-25989.893,-30323.604,-749.59937
-29550.273,-33284.195,-2114.6704
-31579.432,-34355.664,-4937.1914
-31619.26,-33276.36,-8903.334
-29551.053,-30112.256,-13508.219
-25566.445,-25290.633,-18182.742
-20072.217,-19554.824,-22405.324
-13583.571,-13827.133,-25763.11
-6643.8154,-9001.744,-27959.455
222.31808,-5726.427,-28793.336
6536.978,-4246.8525,-28144.332
11897.306,-4369.237,-25981.5
16008.707,-5553.5586,-22388.49
18713.914,-7101.437,-17578.414
20003.434,-8369.984,-11871.584
19999.617,-8936.483,-5627.5103
18918.506,-8659.392,850.2509
17022.764,-7622.1074,7395.0117
14581.3955,-5993.746,13996.595
11847.943,-3877.4268,20731.705
9060.351,-1222.8917,27618.104
6454.522,2150.3516,34452.57
4273.211,6428.49,40719.066
2748.819,11638.0,45636.785
2049.2966,17519.139,48356.508
2199.7478,23496.014,48235.918
3016.1982,28753.93,45075.105
4094.3347,32392.602,39206.723
4875.193,33607.6,31406.89
4771.074,31861.072,22681.664
3303.2693,27017.877,14033.926
200.78273,19428.363,6299.6245
-4562.6694,9933.48,77.578514
-10779.95,-231.91406,-4285.2017
-18040.596,-9641.47,-6705.8115
-25764.303,-16950.928,-7391.651
-33249.48,-21171.992,-6844.983
-39758.98,-21865.75,-5791.602
-44644.04,-19200.4,-5013.7163
-47469.47,-13865.885,-5130.617
-48081.836,-6883.045,-6415.4004
-46581.496,632.37897,-8727.959
-43211.39,7692.6895,-11589.226
-38224.95,13605.35,-14356.957
-31806.52,18058.186,-16428.47
-24081.709,21110.963,-17403.014
-15197.281,23098.336,-17168.379
-5409.724,24471.154,-15906.066
4877.172,25624.275,-14024.303
15148.257,26766.521,-12035.222
24864.361,27873.346,-10403.979
33555.215,28729.445,-9413.104
40879.33,29033.24,-9090.665
46639.1,28515.998,-9231.769
50764.88,27032.46,-9503.076
53290.45,24600.074,-9581.696
54333.207,21386.057,-9267.524
54075.06,17655.1,-8528.77
52730.15,13694.573,-7478.1987
50490.84,9735.02,-6307.244
47462.137,5885.882,-5211.849
43614.457,2107.905,-4332.3735
38789.42,-1761.9285,-3715.8862
32774.71,-5933.665,-3303.8901
25429.068,-10559.844,-2949.838
16807.074,-15645.229,-2468.4792
7226.5957,-21013.281,-1707.373
-2753.1794,-26349.865,-615.80524
-12432.781,-31308.285,719.1485
-21108.37,-35626.734,2087.4004
-28192.719,-39198.95,3214.4358
-33292.688,-42060.4,3834.62
-36242.484,-44296.91,3746.1572
-37104.92,-45926.617,2831.7498
-36145.76,-46822.434,1055.3013
-33773.797,-46719.484,-1538.703
-30441.68,-45302.887,-4803.206
-26525.18,-42327.336,-8450.569
-22225.578,-37709.76,-12032.793
-17546.02,-31563.855,-14980.826
-12365.033,-24187.29,-16719.68
-6581.8193,-16034.424,-16832.668
-268.17877,-7693.2905,-15212.144
6243.4937,148.80481,-12129.509
12375.422,6786.092,-8188.472
17414.938,11636.011,-4174.0664
20676.412,14405.36,-848.50024
21660.709,15202.802,1243.7035
20169.854,14525.522,1911.8799
16353.66,13106.136,1369.333
10681.971,11681.02,188.50804
3850.2942,10782.957,-832.8579
-3357.9692,10642.175,-870.71765
-10215.033,11216.33,707.18964
-16155.565,12305.832,4165.3213
-20818.057,13684.217,9320.777
-24020.977,15190.07,15582.239
-25703.459,16762.666,22086.389
-25872.086,18429.045,27880.965
-24582.434,20255.385,32101.348
-21955.65,22272.768,34107.195
-18205.51,24393.207,33568.098
-13645.048,26347.535,30497.479
-8655.81,27685.865,25233.621
-3625.4062,27866.117,18367.93
1123.6204,26416.453,10633.069
5387.143,23114.957,2780.8792
9097.545,18111.762,-4513.433
12303.579,11938.205,-10698.936
15121.611,5393.5273,-15355.332
17674.68,-652.6466,-18187.73
20036.568,-5476.0874,-19039.266
22194.305,-8665.006,-17927.828
24036.38,-10191.139,-15084.631
25367.314,-10368.168,-10959.199
25943.318,-9714.587,-6166.5933
25519.236,-8768.723,-1379.927
23894.46,-7921.5137,2802.6355
20946.018,-7327.537,5975.8257
16641.932,-6923.173,7995.6626
11036.779,-6533.863,8981.107
4260.391,-6013.0024,9251.831
-3485.9424,-5344.466,9221.6875
-11917.866,-4664.3447,9277.852
-20647.305,-4200.2554,9677.661
-29172.309,-4163.801,10488.329
-36898.973,-4645.816,11580.696
-43203.938,-5554.0737,12672.417
-47524.71,-6611.942,13404.657
-49448.742,-7417.374,13432.708
-48771.62,-7548.9546,12512.837
-45509.848,-6695.5005,10570.286
-39874.44,-4774.831,7734.085
-32224.479,-2000.5121,4325.5083
-23018.754,1137.1305,794.3668
-12773.01,3982.8179,-2387.0962
-2019.7856,5890.909,-4844.033
8733.692,6404.505,-6392.8857
19047.14,5378.3833,-7075.744
28577.18,3009.9456,-7124.57
37082.47,-221.00711,-6873.3525
44399.246,-3675.1577,-6655.0737
50397.16,-6702.4746,-6719.772
54937.848,-8785.771,-7192.8613
57860.523,-9653.688,-8071.8853
59007.848,-9337.15,-9247.909
58285.117,-8143.7886,-10538.854
55726.715,-6540.654,-11729.597
51535.617,-4971.2275,-12617.367
46070.105,-3673.277,-13056.217
39774.297,-2581.0662,-12986.551
33075.906,-1368.5466,-12435.045
26292.678,374.6435,-11482.397
19588.363,2911.8914,-10215.493
12998.351,6183.571,-8693.018
6512.3784,9772.239,-6948.005
172.83386,13025.91,-5028.074
-5862.784,15281.695,-3048.227
-11330.344,16092.033,-1219.3838
-15937.338,15366.79,173.2645
-19471.97,13392.536,841.4946
-21886.102,10743.69,588.9392
-23308.457,8131.852,-606.1784
-23982.99,6241.8843,-2548.4202
-24168.633,5588.011,-4834.399
-24055.91,6407.6836,-6912.677
-23741.732,8604.955,-8186.912
-23265.666,11754.998,-8150.157
-22674.441,15177.222,-6527.7734
-22069.027,18070.062,-3391.4229
-21606.346,19679.973,801.61066
-21460.818,19461.734,5277.501
-21775.752,17186.893,9122.055
-22635.28,12973.481,11518.366
-24066.46,7235.754,11970.07
-26055.543,576.25,10435.83
-28551.11,-6343.6055,7333.704
-31437.855,-12916.462,3420.8933
-34489.574,-18656.498,-407.94257
-37332.164,-23209.365,-3345.1152
-39451.863,-26314.928,-4862.953
-40267.12,-27754.57,-4834.625
-39252.766,-27325.588,-3555.855
-36077.68,-24875.35,-1656.4547
-30705.803,-20396.664,85.5739
-23421.383,-14145.431,982.7012
-14768.437,-6715.119,656.7658
-5428.8423,991.0741,-839.38257
3912.6914,7908.8,-3045.745
12667.331,13044.544,-5257.3853
20377.967,15713.034,-6762.123
26701.326,15697.934,-7063.4346
31374.414,13285.892,-6012.2593
34208.117,9172.595,-3816.2148
35127.086,4279.191,-944.31244
34236.277,-465.75735,2024.2822
31865.332,-4327.6235,4555.3477
28543.2,-6912.404,6280.9053
24889.525,-8233.893,7066.8467
21457.01,-8688.786,7019.9077
18590.246,-8942.548,6436.4653
16360.98,-9748.534,5706.463
14600.1455,-11741.615,5197.934
12998.748,-15256.846,5154.678
11222.57,-20219.078,5635.239
8994.317,-26132.229,6506.219
6130.4507,-32173.064,7485.303
2552.1567,-37369.24,8218.012
-1701.9288,-40818.73,8369.223
-6452.05,-41893.145,7711.101
-11360.6875,-40367.082,6188.599
-15953.317,-36436.535,3943.8394
-19692.941,-30626.543,1288.1392
-22092.92,-23628.707,-1372.0498
-22824.848,-16131.072,-3628.7915
-21774.22,-8695.394,-5150.873
-19021.023,-1704.661,-5723.492
-14761.949,4631.578,-5252.3027
-9222.901,10244.097,-3755.514
-2615.6753,15165.945,-1366.6537
4833.817,19493.04,1651.8916
12803.786,23335.645,4909.468
20798.916,26760.959,7931.5737
28143.855,29746.57,10254.822
34084.156,32175.842,11543.287
37972.863,33893.273,11674.896
39466.664,34803.36,10755.969
38638.395,34962.07,9058.512
35946.492,34601.56,6914.746
32071.479,34057.75,4621.0635
27695.086,33623.51,2389.4548
23322.08,33396.66,350.31528
19214.682,33202.734,-1419.7394
15444.788,32638.447,-2878.5898
12009.874,31221.49,-4023.4165
8936.92,28579.785,-4907.3213
6321.78,24597.43,-5639.5293
4298.2925,19461.402,-6349.708
2971.0422,13603.806,-7125.22
2357.3303,7578.4424,-7957.302
2367.4302,1926.4972,-8736.213
2823.4353,-2927.024,-9309.326
3494.851,-6730.2373,-9574.904
4124.4336,-9418.482,-9556.176
4430.114,-11095.204,-9407.049
4089.4858,-11987.133,-9340.435
2730.6848,-12381.349,-9517.42
-42.19063,-12557.54,-9958.835
-4573.644,-12734.194,-10525.618
-11041.376,-13044.181,-10973.028
-19337.373,-13541.862,-11044.838
-28995.01,-14228.649,-10560.201
-39202.645,-15077.301,-9459.851
-48915.67,-16041.582,-7803.5864
-57043.812,-17051.193,-5729.9697
-62663.54,-18002.152,-3396.1223
-65196.78,-18754.092,-916.9099
-64507.06,-19139.768,1675.3027
-60887.906,-18984.803,4429.716
-54949.12,-18131.582,7426.0312
-47436.863,-16460.94,10688.688
-39045.223,-13907.474,14106.283
-30279.834,-10468.246,17401.393
-21413.566,-6209.902,20173.639
-12535.726,-1282.858,22000.621
-3657.5671,4052.5757,22552.607
5181.7305,9396.779,21675.771
13853.351,14203.547,19422.158
22134.086,17826.098,16031.827
29739.69,19630.467,11884.396
36365.477,19154.062,7432.0356
41714.215,16252.509,3118.2983
45512.418,11170.022,-708.46466
47529.64,4497.585,-3863.6492
47612.195,-2966.0989,-6345.141
45727.523,-10393.992,-8284.127
42001.508,-17084.94,-9843.055
36727.887,-22551.928,-11107.505
30338.299,-26540.342,-12025.491
23337.203,-28996.105,-12422.968
16219.82,-30006.002,-12084.149
9398.034,-29723.988,-10855.122
3156.6511,-28294.393,-8725.444
-2349.1802,-25790.438,-5861.23
-7061.4165,-22193.914,-2587.7424
-10972.413,-17433.553,665.4684
-14089.344,-11473.228,3441.215
-16424.576,-4410.878,5339.6885
-18006.914,3463.1238,6097.6924
-18892.621,11682.488,5644.2026
-19155.799,19693.557,4114.2344
-18856.365,26977.676,1812.2372
-18007.6,33155.555,-866.9609
-16574.965,38034.625,-3535.683
-14522.828,41589.652,-5898.961
-11892.893,43895.766,-7803.2666
-8869.532,45049.797,-9237.252
-5784.309,45115.46,-10288.726
-3040.9287,44113.1,-11074.737
-987.1316,42051.797,-11669.706
206.1005,38979.996,-12058.353
597.3285,35021.32,-12133.449
433.961,30370.932,-11742.142
42.922688,25252.533,-10763.075
-287.48682,19861.627,-9180.114
-376.39774,14330.773,-7117.46
-148.2936,8738.178,-4818.619
414.32602,3151.302,-2579.3762
1311.7273,-2327.62,-666.84576
2521.803,-7549.2065,739.8676
3951.8623,-12350.278,1567.8276
5391.811,-16614.383,1831.6763
6522.936,-20322.422,1599.6216
7004.7754,-23561.55,966.41174
6609.33,-26484.166,43.582325
5333.8,-29234.406,-1037.7338
3427.6082,-31873.219,-2124.239
1315.2716,-34330.92,-3048.821
-545.8798,-36403.906,-3651.6929
-1801.905,-37797.5,-3806.9968
-2272.5261,-38203.832,-3442.8386
-1939.3107,-37393.312,-2544.2778
-880.728,-35292.094,-1135.8762
797.6784,-32019.967,749.57605
3002.3145,-27875.432,3100.7126
5652.769,-23274.164,5937.3003
8660.868,-18664.395,9288.084
11907.697,-14448.628,13139.521
15229.509,-10932.8125,17375.12
18413.223,-8307.658,21735.484
21199.959,-6652.305,25826.238
23299.22,-5944.9736,29183.477
24418.963,-6068.9536,31380.99
24312.195,-6810.8745,32141.258
22830.914,-7856.918,31405.188
19970.87,-8798.801,29330.25
15891.872,-9163.354,26218.58
10907.426,-8475.176,22411.244
5448.053,-6349.6377,18202.03
7.985442,-2596.2507,13810.999
-4916.5728,2701.534,9419.502
-8893.4795,9164.491,5226.931
-11621.626,16170.83,1473.5858
-12990.372,22973.207,-1602.9923
-13115.437,28843.715,-3861.9946
-12332.183,33203.348,-5345.7627
-11134.465,35704.152,-6296.697
-10064.501,36253.945,-7081.0757
-9579.851,34991.777,-8051.791
-9937.328,32230.113,-9417.438
-11132.469,28379.44,-11178.089
-12915.833,23870.162,-13146.591
-14880.331,19088.445,-15028.981
-16588.014,14342.315,-16517.363
-17691.361,9865.11,-17360.357
-18008.508,5844.782,-17402.941
-17532.473,2450.6055,-16605.738
-16382.712,-171.6762,-15052.695
-14730.501,-1943.5255,-12943.809
-12737.192,-2910.6672,-10563.099
-10531.924,-3267.8125,-8220.906
-8229.209,-3315.9033,-6187.4546
-5961.555,-3356.0947,-4645.6255
-3893.0464,-3568.6475,-3683.3103
-2193.1477,-3942.8257,-3322.1353
-977.8979,-4300.5674,-3555.4727
-250.10439,-4404.538,-4361.909
125.41953,-4092.5295,-5677.4683
394.37338,-3365.6333,-7341.644
845.52716,-2385.598,-9058.508
1736.075,-1388.9027,-10416.088
3241.4302,-569.53925,-10979.948
5441.4116,5.171183,-10433.749
8331.741,404.69757,-8705.907
11838.911,772.6854,-6019.3325
15822.609,1230.0546,-2835.1497
20065.543,1796.1405,286.48593
24263.455,2366.8665,2844.8638
28030.943,2757.685,4507.7324
30932.344,2786.3513,5134.219
32537.506,2352.3042,4723.779
32494.451,1473.9263,3339.232
30605.406,269.33704,1055.9872
26888.717,-1102.6544,-2036.4563
21607.18,-2504.3857,-5791.452
15246.816,-3848.5757,-9956.727
8441.301,-5081.9976,-14158.609
1854.3262,-6140.0957,-17938.486
-3951.5554,-6907.7705,-20834.242
-8623.445,-7218.6133,-22478.07
-12072.8545,-6902.635,-22674.457
-14461.7,-5864.2837,-21430.059
-16125.439,-4154.1167,-18926.475
-17457.441,-1998.1829,-15449.753
-18788.607,232.24506,-11307.065
-20295.422,2101.5332,-6763.995
-21959.186,3210.973,-2023.3373
-23583.002,3284.2273,2755.523
-24856.732,2211.4768,7417.566
-25448.629,47.610294,11782.057
-25098.238,-3021.215,15641.99
-23688.27,-6721.067,18794.951
-21280.777,-10728.393,21088.762
-18112.717,-14699.839,22457.176
-14555.421,-18298.852,22927.146
-11049.812,-21222.768,22595.963
-8032.3916,-23226.984,21593.713
-5865.099,-24138.941,20054.086
-4777.0073,-23859.139,18109.465
-4821.7197,-22355.514,15909.043
-5855.1787,-19661.648,13642.045
-7543.385,-15883.17,11543.146
-9411.426,-11205.095,9867.391
-10936.485,-5887.0913,8840.538
-11667.449,-240.4779,8605.429
-11332.622,5404.882,9186.274
-9891.143,10727.628,10481.513
-7502.7603,15427.444,12281.266
-4428.068,19232.71,14298.071
-906.21606,21924.084,16202.559
2932.698,23385.15,17663.426
7084.5664,23663.947,18394.5
11620.273,23005.072,18206.592
16601.12,21813.873,17052.244
22002.152,20546.695,15045.831
27669.035,19565.51,12445.7
33311.977,19021.314,9597.886
38528.605,18819.783,6855.7344
42849.79,18681.027,4498.816
45807.773,18259.434,2674.2737
47022.44,17266.8,1375.3728
46287.48,15551.7295,459.5684
43625.902,13118.818,-303.3629
39287.508,10100.713,-1169.9125
33683.344,6708.7227,-2365.742
27281.08,3182.9453,-4045.311
20502.562,-249.1196,-6272.672
13659.307,-3404.469,-9021.412
6938.982,-6166.209,-12189.305
431.4773,-8490.621,-15623.571
-5828.2856,-10394.831,-19152.404
-11819.814,-11925.647,-22615.482
-17506.812,-13119.26,-25883.24
-22817.846,-13968.645,-28856.514
-27638.375,-14415.507,-31447.336
-31817.469,-14374.769,-33553.633
-35191.49,-13784.918,-35046.52
-37620.08,-12663.416,-35782.855
-39021.54,-11140.134,-35640.22
-39392.387,-9447.925,-34557.61
-38802.824,-7867.079,-32562.518
-37372.406,-6642.273,-29774.268
-35240.125,-5906.449,-26385.875
-32544.03,-5646.75,-22631.78
-29416.443,-5730.783,-18745.383
-25988.56,-5983.3247,-14906.899
-22391.053,-6277.1616,-11187.943
-18741.041,-6591.2217,-7513.3467
-15118.279,-7002.2744,-3669.775
-11546.035,-7609.2227,620.22
-7995.001,-8425.716,5571.805
-4417.3086,-9297.431,11207.52
-798.3439,-9891.881,17284.89
2800.8555,-9773.901,23322.285
6236.5967,-8537.481,28716.494
9318.432,-5938.01,32901.473
11870.673,-1972.1233,35482.598
13787.473,3119.0823,36301.402
15054.526,8912.517,35426.164
15731.503,14898.143,33097.516
15911.4,20572.412,29667.56
15681.623,25508.977,25555.068
15103.346,29399.799,21213.984
14210.033,32066.924,17096.186
13016.062,33447.324,13593.191
11528.3,33556.45,10962.105
9761.34,32443.385,9264.178
7760.1475,30156.324,8352.664
5626.7075,26734.283,7930.6626
3536.041,22227.656,7664.9336
1723.5754,16734.443,7307.995
437.38687,10431.569,6770.8706
-130.32271,3586.45,6112.6934
97.579124,-3453.3052,5459.136
1061.7753,-10285.653,4901.108
2592.4724,-16490.805,4432.861
4468.0947,-21681.111,3960.118
6477.6343,-25566.584,3364.308
8460.055,-28026.043,2578.2092
10309.211,-29156.12,1628.8273
11949.971,-29264.076,629.36707
13302.253,-28787.633,-267.84146
14252.3545,-28160.281,-930.37524
14647.383,-27672.992,-1292.5973
14320.578,-27389.736,-1377.8138
13143.624,-27148.924,-1293.0472
11088.376,-26641.41,-1200.0623
8270.905,-25524.795,-1272.5997
4952.844,-23530.365,-1656.4207
1491.5409,-20538.467,-2449.3384
-1744.9805,-16619.74,-3706.8857
-4463.958,-12045.501,-5460.003
-6500.0864,-7261.45,-7719.379
-7817.917,-2812.079,-10450.388
-8474.29,784.107,-13529.934
-8567.779,3178.2458,-16720.89
-8201.326,4297.6763,-19698.146
-7469.0015,4363.554,-22128.744
-6460.464,3806.8926,-23768.979
-5268.686,3122.3875,-24525.002
-3990.8308,2729.353,-24445.486
-2722.683,2896.2761,-23659.541
-1554.6428,3740.1084,-22306.32
-576.46387,5266.809,-20499.594
110.21148,7406.657,-18335.96
381.97665,10021.296,-15919.678
101.023125,12896.0205,-13369.662
-850.9459,15749.233,-10798.679
-2516.7852,18277.312,-8286.546
-4806.822,20220.904,-5878.004
-7470.7773,21416.195,-3612.7607
-10122.912,21801.59,-1560.9308
-12322.536,21381.186,175.89104
-13683.532,20177.252,1514.0338
-13968.189,18210.262,2460.0757
-13125.754,15522.297,3150.7688
-11264.504,12225.19,3818.8816
-8581.777,8534.249,4691.5234
-5296.963,4755.935,5875.6123
-1624.276,1227.5295,7297.3374
2209.4275,-1762.9921,8729.855
5930.2847,-4037.5308,9889.942
9208.168,-5543.0625,10547.429
11698.298,-6322.6475,10593.388
13125.584,-6465.734,10046.976
13374.05,-6066.244,9018.475
12536.802,-5204.7295,7662.0083
10900.295,-3952.035,6140.851
8867.561,-2379.285,4606.743
6850.5103,-559.24286,3182.239
5170.061,1444.8794,1939.8137
3994.539,3593.9775,885.07465
3329.693,5875.6284,-40.93101
3056.3135,8284.555,-931.79205
2998.416,10784.827,-1865.7242
2997.3318,13272.108,-2856.311
2965.7537,15559.842,-3825.805
2902.9963,17404.781,-4611.5215
2868.716,18567.674,-5000.7964
2931.9094,18884.688,-4780.625
3124.6692,18316.525,-3787.9778
3426.6577,16951.688,-1952.0898
3786.5632,14963.426,676.06146
4162.655,12543.166,3912.6135
4552.325,9842.405,7455.998
4989.1455,6945.4077,10934.177
5509.338,3873.777,13979.16
6110.575,606.43066,16309.25
6729.5664,-2903.6804,17790.223
7249.8066,-6721.6772,18451.596
7530.337,-10920.838,18452.998
7436.6333,-15554.682,18018.018
6861.565,-20607.137,17364.986
5738.937,-25938.164,16659.05
4059.6694,-31255.889,15992.902
1893.9246,-36139.48,15387.791
-591.8354,-40111.16,14802.7705
-3141.4055,-42727.1,14147.68
-5449.268,-43646.426,13304.327
-7225.537,-42654.207,12160.042
-8259.612,-39648.094,10647.548
-8456.014,-34624.977,8774.296
-7831.6865,-27702.012,6624.334
-6485.3286,-19174.453,4329.0293
-4562.0903,-9572.243,2020.651
-2234.3013,340.92413,-208.07767
295.93738,9660.997,-2321.103
2783.4019,17513.873,-4330.7217
4936.3154,23239.904,-6274.5513
6441.0186,26518.13,-8191.063
7019.5645,27387.303,-10100.833
6506.6196,26174.023,-11994.025
4916.9995,23377.613,-13823.359
2471.9177,19564.021,-15504.458
-435.49002,15292.289,-16926.207
-3330.73,11064.078,-17969.545
-5776.039,7275.6226,-18527.867
-7476.693,4167.0034,-18522.1
-8344.147,1787.9946,-17909.922
-8505.027,8.51382,-16694.816
-8264.275,-1414.8356,-14938.869
-8038.3955,-2735.0454,-12772.933
-8270.98,-4114.724,-10389.212
-9337.242,-5569.5146,-8005.8047
-11446.985,-6972.6646,-5811.3623
-14566.505,-8111.205,-3917.0989
-18389.012,-8766.15,-2344.9321
-22377.705,-8785.225,-1059.2137
-25882.191,-8123.2134,-19.390926
-28297.324,-6837.4053,784.0202
-29211.766,-5042.018,1334.0599
-28495.473,-2844.0466,1623.7136
-26301.129,-296.29028,1689.3474
-22991.312,2599.7322,1608.5728
-19031.113,5833.1514,1458.6359
-14891.467,9294.51,1263.9874
-10990.652,12713.12,972.6178
-7672.6646,15670.506,482.04886
-5199.7075,17700.52,-297.81842
-3734.6677,18437.012,-1381.9921
-3307.6587,17741.307,-2684.0146
-3784.7808,15752.269,-4039.4238
-4868.737,12843.021,-5264.367
-6149.834,9512.364,-6217.719
-7198.118,6260.1167,-6836.3896
-7661.4946,3488.1357,-7129.5728
-7328.9404,1446.7062,-7139.035
-6137.003,227.66449,-6889.2095
-4129.196,-202.43207,-6355.3096
-1401.196,59.90462,-5467.4224
1934.1067,926.57404,-4147.8696
5746.732,2368.4338,-2359.2407
9864.713,4415.511,-133.87807
14048.689,7098.926,2432.3813
17988.695,10361.302,5215.785
21332.496,13987.804,8103.862
23739.943,17604.771,11011.126
24948.426,20756.469,13861.687
24831.926,23025.324,16553.006
23438.143,24137.457,18928.854
20993.035,24008.139,20784.4
17869.768,22719.68,21907.13
14528.502,20459.172,22136.379
11442.001,17453.498,21413.918
9024.906,13923.064,19802.111
7580.6675,10052.608,17461.098
7271.599,5967.403,14594.973
8110.212,1711.8627,11391.049
9967.555,-2757.012,7979.9976
12596.33,-7544.079,4435.0254
15668.69,-12753.894,807.93286
18826.889,-18409.436,-2821.33
21739.148,-24384.055,-6314.2983
24147.3,-30376.146,-9485.062
25891.973,-35938.387,-12149.366
26907.691,-40552.67,-14183.638
27191.732,-43729.273,-15559.252
26761.414,-45106.227,-16334.027
25619.115,-44527.793,-16611.049
23740.422,-42084.336,-16494.06
21090.434,-38100.38,-16065.496
17661.19,-33068.035,-15392.1
13514.715,-27540.469,-14541.856
8814.138,-22018.371,-13591.293
3829.6082,-16869.287,-12615.582
-1086.2428,-12307.323,-11671.42
-5549.807,-8432.251,-10787.841
-9213.951,-5297.684,-9969.057
-11835.301,-2965.2805,-9198.0205
-13323.503,-1513.5006,-8426.628
-13757.777,-998.17896,-7553.5073
-13364.858,-1390.228,-6411.1177
-12464.998,-2527.0916,-4790.0967
-11403.781,-4104.6426,-2510.39
-10490.951,-5713.9336,484.21454
-9960.661,-6907.202,4054.9407
-9954.469,-7270.0645,7862.164
-10517.87,-6482.0,11434.812
-11600.538,-4357.4443,14287.006
-13059.302,-866.924,16034.216
-14672.813,3860.9854,16469.639
-16177.4795,9557.192,15587.938
-17322.895,15848.217,13567.571
-17929.549,22305.184,10730.785
-17925.13,28494.824,7493.0864
-17345.207,34020.945,4304.023
-16303.623,38549.95,1579.3438
-14953.006,41821.855,-367.82617
-13454.716,43653.19,-1380.659
-11962.565,43937.215,-1480.4558
-10609.702,42641.895,-849.31934
-9487.203,39802.35,220.23965
-8617.087,35505.883,1393.2712
-7938.0815,29873.527,2360.801
-7323.117,23047.424,2895.5022
-6629.165,15192.692,2886.2715
-5756.124,6515.064,2346.6584
-4681.991,-2714.321,1395.255
-3456.0942,-12141.567,211.75996
-2160.5576,-21332.973,-1019.6248
-870.45483,-29803.205,-2161.5793
360.37317,-37064.57,-3152.6018
1484.3215,-42687.21,-4005.3801
2436.2144,-46357.984,-4779.7534
3126.4978,-47925.184,-5545.0044
3461.66,-47416.8,-6346.6265
3380.0166,-45023.105,-7184.9585
2880.7097,-41043.746,-8004.2573
2031.6202,-35814.414,-8688.074
958.5749,-29641.197,-9061.569
-171.6859,-22771.385,-8907.923
-1165.944,-15412.604,-8006.219
-1818.6654,-7784.1016,-6189.1104
-1934.4261,-162.2365,-3405.1992
-1361.9281,7117.047,237.099
-31.305225,13709.993,4463.767
2020.6426,19346.406,8873.0
4648.712,23894.156,13005.758
7621.149,27368.682,16427.996
10655.838,29883.102,18802.85
13460.434,31571.492,19937.54
15771.024,32532.76,19798.582
17388.105,32825.824,18496.879
18207.467,32510.312,16250.561
18239.45,31695.357,13337.703
17608.68,30553.354,10052.059
16531.21,29278.383,6671.5522
15273.942,28006.025,3442.0627
14106.393,26739.42,571.4412
13254.304,25328.902,-1775.2291
12860.696,23527.725,-3486.424
12957.895,21107.15,-4522.062
13455.383,17981.42,-4931.9565
14149.681,14284.462,-4862.9487
14758.557,10361.041,-4542.4756
14972.355,6674.783,-4232.731
14505.88,3673.0552,-4162.165
13133.456,1663.7545,-4455.4575
10700.254,745.4996,-5091.143
7118.551,801.8659,-5910.269
2366.9404,1543.2982,-6679.026
-3494.246,2572.1428,-7182.4873
-10294.454,3455.2205,-7310.207
-17730.893,3799.2415,-7097.9727
-25376.33,3323.3804,-6711.526
-32727.137,1911.6263,-6384.285
-39280.258,-379.3059,-6337.078
-44611.625,-3368.0415,-6707.8135
-48428.562,-6834.3335,-7508.409
-50584.77,-10598.449,-8615.399
-51066.92,-14551.016,-9794.67
-49972.848,-18621.947,-10757.144
-47496.355,-22718.336,-11235.779
-43917.85,-26681.074,-11064.812
-39586.434,-30293.238,-10236.021
-34878.17,-33333.258,-8910.904
-30128.979,-35634.016,-7382.2583
-25558.617,-37108.78,-5996.6904
-21214.24,-37733.81,-5061.73
-16959.137,-37510.152,-4763.7134
-12517.6875,-36438.453,-5117.2754
-7567.829,-34524.43,-5958.191
-1856.0151,-31805.898,-6980.156
4698.7104,-28376.627,-7803.6914
11943.485,-24387.277,-8055.006
19494.086,-20020.95,-7430.977
26802.791,-15454.884,-5737.254
33271.58,-10823.413,-2904.4307
38374.863,-6193.7417,1001.20636
41754.617,-1563.2631,5761.8154
43265.367,3114.4458,10996.801
42969.184,7873.8345,16183.01
41098.4,12665.188,20727.975
38006.887,17296.146,24088.729
34121.07,21421.764,25895.012
29889.924,24601.266,26024.426
25730.19,26407.33,24599.969
21970.83,26545.188,21922.924
18811.254,24932.89,18385.482
16309.99,21714.535,14405.723
14409.769,17211.123,10396.912
12987.365,11838.751,6750.515
11904.448,6029.06,3804.4993
11036.972,175.13995,1790.2871
10274.838,-5390.8228,782.1849
9501.216,-10394.404,684.63104
8571.677,-14602.755,1273.5063
7311.9272,-17810.254,2272.4678
5541.6973,-19840.21,3422.0854
3118.2737,-20570.062,4507.4883
-16.414295,-19973.582,5343.6333
-3802.4802,-18158.309,5750.345
-8053.4985,-15371.181,5556.173
-12473.87,-11957.807,4645.143
-16695.436,-8285.795,3022.3298
-20323.842,-4664.0347,851.74615
-22987.102,-1291.5598,-1569.0771
-24381.97,1750.0083,-3896.0107
-24314.752,4472.989,-5846.6807
-22731.086,6954.8853,-7277.333
-19727.336,9320.92,-8195.691
-15537.857,11732.609,-8715.8
-10498.975,14363.108,-8990.9
-4998.3706,17347.455,-9163.387
577.0214,20719.55,-9348.428
5883.4805,24367.592,-9639.287
10648.18,28037.795,-10109.004
14682.392,31391.498,-10792.886
17882.217,34090.84,-11658.949
20217.89,35874.637,-12589.839
21713.002,36597.26,-13397.003
22418.365,36228.613,-13868.45
22389.785,34832.61,-13830.154
21679.293,32542.502,-13193.215
20342.887,29538.021,-11968.372
18457.3,26017.295,-10248.036
16131.322,22157.877,-8170.4043
13499.706,18074.521,-5882.843
10699.769,13793.462,-3514.8796
7843.9946,9261.273,-1163.0521
5006.971,4390.21,1113.465
2236.806,-877.5622,3286.7249
-415.48264,-6513.468,5343.703
-2869.0396,-12374.285,7264.2617
-5010.215,-18207.855,9003.432
-6721.3833,-23685.91,10489.234
-7929.0835,-28452.932,11640.601
-8645.302,-32181.43,12398.516
-8977.894,-34624.79,12754.734
-9103.378,-35656.87,12762.426
-9217.014,-35286.652,12521.556
-9487.355,-33642.48,12143.247
-10037.708,-30933.674,11705.709
-10957.963,-27408.84,11217.191
-12329.597,-23330.684,10599.965
-14237.356,-18972.58,9704.905
-16749.678,-14622.848,8358.093
-19871.04,-10573.089,6428.528
-23490.404,-7077.0405,3893.0635
-27357.387,-4290.6284,869.06854
-31106.783,-2224.9656,-2405.2043
-34328.25,-744.71106,-5638.9443
-36654.746,378.92334,-8576.043
-37833.504,1383.7496,-11059.328
-37752.3,2443.5735,-13041.065
-36415.844,3641.776,-14538.367
-33890.33,4996.524,-15562.184
-30246.66,6510.323,-16061.436
-25529.729,8203.977,-15913.394
-19766.137,10109.778,-14965.73
-13004.727,12229.601,-13110.535
-5371.19,14488.856,-10357.793
2886.4097,16720.686,-6878.3276
11380.546,18695.588,-2998.9807
19605.69,20184.146,850.63306
26996.45,21022.225,4224.723
33008.84,21148.654,6754.7847
37203.605,20601.75,8220.128
39310.777,19481.682,8573.693
39263.137,17899.744,7919.4536
37198.418,15937.679,6457.9536
33438.51,13632.321,4427.8013
28453.242,10987.56,2066.5159
22809.168,8002.9546,-402.716
17098.66,4701.053,-2769.4258
11849.986,1137.0042,-4837.1094
7434.623,-2615.2456,-6437.7207
4003.144,-6490.821,-7455.6216
1481.4624,-10455.522,-7847.4624
-360.97778,-14501.744,-7645.7896
-1792.2495,-18613.361,-6944.02
-2996.1526,-22714.006,-5870.4253
-3999.4036,-26626.316,-4561.7446
-4677.0327,-30067.69,-3142.4114
-4828.1304,-32691.328,-1708.5356
-4282.5225,-34160.438,-313.11517
-2988.6948,-34229.734,1047.4432
-1047.6221,-32808.535,2439.0645
1313.5781,-29989.818,3978.697
3805.985,-26041.871,5801.1997
6145.56,-21366.846,8010.22
8093.0757,-16433.658,10629.121
9459.593,-11695.75,13571.031
10093.161,-7509.89,16640.02
9873.756,-4077.6619,19561.97
8735.293,-1429.437,22031.924
6710.4478,542.6959,23761.37
3970.6472,2017.4542,24515.209
826.85614,3173.347,24137.611
-2326.5896,4145.776,22571.453
-5111.239,5026.252,19873.352
-7266.1636,5892.024,16219.441
-8706.846,6837.284,11893.238
-9517.563,7979.7275,7251.073
-9887.33,9436.034,2670.3188
-10024.789,11282.128,-1506.1311
-10090.54,13523.034,-5014.952
-10167.808,16087.639,-7699.2104
-10268.414,18844.783,-9516.477
-10356.008,21624.42,-10530.904
-10368.567,24230.498,-10890.871
-10232.107,26446.754,-10793.573
-9867.383,28048.691,-10442.425
-9194.97,28833.182,-10010.033
-8142.0327,28661.842,-9621.216
-6651.031,27498.156,-9361.748
-4689.4575,25415.973,-9302.45
-2259.5989,22571.95,-9516.2705
593.8448,19156.834,-10068.896
3782.4194,15353.053,-10981.946
7182.7886,11319.149,-12189.921
10654.977,7200.277,-13521.872
14061.918,3144.3916,-14727.625
17278.727,-698.8732,-15542.951
20185.205,-4203.6113,-15765.155
22647.45,-7301.882,-15305.2295
24505.248,-9999.846,-14197.646
25582.486,-12357.22,-12572.692
25725.137,-14434.028,-10613.033
24853.422,-16229.837,-8516.49
23003.229,-17646.81,-6474.1655
20334.637,-18496.262,-4658.7344
17100.701,-18547.674,-3212.3633
13587.364,-17601.781,-2229.2078
10045.914,-15562.637,-1736.9695
6639.4697,-12486.751,-1687.0773
3417.7812,-8595.27,-1960.3037
325.64078,-4243.944,-2387.5378
-2758.3281,144.42574,-2780.0205
-5964.2334,4168.496,-2962.4028
-9374.2705,7530.3057,-2803.4136
-12988.853,10080.148,-2239.1172
-16729.627,11805.233,-1282.3091
-20475.459,12766.9375,-12.154156
-24108.299,13016.8,1455.6941
-27538.746,12533.085,3008.1472
-30693.559,11209.38,4565.4688
-33473.16,8899.603,6089.2285
-35709.73,5495.812,7565.694
-37159.543,1002.6197,8977.436
-37543.836,-4420.421,10281.6455
-36623.83,-10457.827,11406.795
-34276.027,-16671.793,12265.915
-30536.195,-22558.95,12775.992
-25599.674,-27622.453,12874.809
-19788.016,-31453.076,12534.967
-13502.499,-33805.67,11779.807
-7180.7075,-34646.97,10701.119
-1260.3336,-34149.605,9467.765
3854.7542,-32624.516,8309.03
7831.97,-30412.996,7465.0825
10451.127,-27782.305,7116.6646
11642.644,-24867.57,7323.67
11512.217,-21676.855,8003.5425
10340.758,-18142.9,8962.102
8551.248,-14187.081,9961.906
6641.5977,-9768.481,10794.118
5094.3486,-4912.904,11321.052
4286.5566,267.82748,11476.677
4428.335,5560.028,11237.542
5550.212,10646.476,10590.779
7539.048,15139.2,9521.445
10200.717,18654.98,8023.618
13318.255,20913.74,6121.842
16682.8,21818.156,3883.7178
20094.967,21476.807,1412.851
23352.473,20162.65,-1173.5681
26244.871,18232.348,-3767.987
28567.059,16045.685,-6283.0186
30148.566,13911.3545,-8645.903
30884.896,12060.234,-10784.671
30755.168,10632.892,-12618.549
29815.56,9673.977,-14061.835
28167.023,9141.48,-15042.554
25906.13,8943.519,-15529.478
23077.537,9000.056,-15556.093
19650.678,9303.22,-15228.648
15536.714,9939.807,-14708.3
10643.481,11056.294,-14165.796
4944.861,12781.136,-13720.315
-1469.5365,15146.521,-13386.238
-8388.095,18052.062,-13054.222
-15511.887,21286.18,-12520.869
-22503.38,24587.48,-11558.706
-29017.836,27710.896,-9997.954
-34705.457,30469.94,-7786.5215
-39200.88,32746.99,-5007.5796
-42131.836,34479.945,-1855.7402
-43168.5,35636.875,1411.0674
-42106.297,36184.637,4524.358
-38948.32,36054.426,7250.2495
-33947.266,35112.676,9422.372
-27583.828,33153.72,10959.563
-20485.957,29929.992,11863.904
-13315.523,25220.951,12197.303
-6655.904,18920.033,12044.058
-928.168,11104.96,11476.538
3648.5884,2061.1812,10541.3125
7050.329,-7750.3916,9270.791
9404.489,-17765.44,7708.4194
10929.425,-27398.848,5926.932
11879.848,-36112.8,4025.9172
12513.78,-43460.645,2111.2837
13080.352,-49111.27,271.771
13811.956,-52863.37,-1433.0447
14900.795,-54654.344,-2970.3179
16453.096,-54561.246,-4325.2583
18436.441,-52788.594,-5495.64
20650.71,-49640.773,-6491.015
22748.781,-45481.848,-7330.4263
24310.383,-40688.453,-8033.3154
24945.316,-35601.836,-8607.087
24387.762,-30485.555,-9042.12
22549.604,-25497.799,-9322.092
19521.809,-20689.207,-9444.776
15535.157,-16033.004,-9436.513
10903.09,-11481.887,-9343.898
5967.5576,-7030.316,-9201.461
1059.114,-2752.5288,-8993.832
-3527.2573,1205.3605,-8639.886
-7544.6597,4677.357,-8015.6694
-10800.72,7545.917,-7008.462
-13162.62,9787.203,-5572.6562
-14562.944,11465.754,-3755.0276
-15004.771,12680.564,-1675.2319
-14560.838,13493.77,525.26526
-13361.08,13883.778,2734.9053
-11567.256,13750.448,4896.645
-9341.05,12970.145,6997.818
-6817.5996,11471.824,9039.128
-4095.0806,9296.635,11004.941
-1242.8193,6615.6733,12849.151
1679.1803,3703.473,14496.485
4600.515,883.9125,15850.863
7427.988,-1528.7263,16805.12
10040.62,-3277.4783,17253.834
12288.013,-4194.362,17113.387
13990.769,-4218.531,16347.031
14948.283,-3403.5996,14984.376
14962.213,-1912.6967,13123.611
13878.228,2.9603653,10914.046
11636.621,2043.8981,8528.752
8312.226,3916.04,6141.366
4124.249,5386.751,3913.7708
-591.5757,6328.7803,1989.6472
-5439.71,6739.866,484.27847
-10030.74,6732.114,-532.0119
-14037.565,6493.3257,-1047.9662
-17232.69,6230.111,-1110.576
-19507.68,6108.342,-806.1958
-20878.867,6208.7397,-235.27458
-21478.693,6512.05,501.10095
-21526.74,6918.6396,1293.8276
-21276.766,7293.7983,2006.9275
-20947.814,7518.7007,2468.9512
-20661.584,7524.8667,2491.9155
-20412.574,7299.762,1916.5493
-20085.68,6868.0093,664.071
-19512.492,6266.122,-1230.447
-18537.516,5529.498,-3617.444
-17062.549,4698.039,-6261.917
-15054.777,3830.3857,-8887.078
-12529.459,3009.008,-11216.595
-9533.627,2325.3804,-13006.382
-6151.7,1850.6897,-14064.899
-2531.5288,1609.8889,-14265.336
1092.654,1575.4398,-13553.772
4409.0225,1683.3019,-11956.214
7081.0347,1859.2451,-9585.013
8830.067,2040.1312,-6641.342
9514.386,2183.9395,-3406.5212
9171.436,2274.1506,-214.55055
8008.6226,2326.6282,2595.7505
6351.1997,2397.6465,4739.7065
4570.805,2580.1018,6038.5107
3018.7605,2974.8433,6445.3813
1978.1826,3639.8284,6038.4385
1636.9817,4540.707,4987.4243
2076.6348,5534.4844,3510.5989
3270.7498,6403.2524,1836.1224
5090.314,6925.4565,172.21657
7315.829,6948.517,-1318.2687
9658.449,6426.358,-2542.958
11792.3125,5408.758,-3500.1309
13398.361,3999.1956,-4280.928
14215.999,2312.9333,-5041.7676
14093.733,458.77094,-5948.3164
13025.91,-1454.6063,-7109.823
11162.87,-3305.2356,-8531.927
8788.139,-4957.0977,-10109.376
6266.7573,-6279.2646,-11660.371
3978.7754,-7177.4883,-12983.573
2255.838,-7624.179,-13910.189
1334.7776,-7675.6816,-14331.366
1333.1411,-7471.939,-14198.608
2243.8328,-7217.1577,-13509.434
3944.2993,-7141.4497,-12293.12
6219.41,-7447.347,-10603.163
8800.773,-8253.469,-8513.059
11422.595,-9555.411,-6109.2744
13884.453,-11222.666,-3480.874
16100.83,-13036.671,-712.63745
18115.223,-14755.4375,2110.9912
20068.068,-16177.287,4891.989
22127.87,-17178.775,7506.1504
24412.1,-17717.959,9806.1045
26927.984,-17812.1,11645.797
29551.43,-17507.32,12917.691
32043.479,-16853.658,13583.92
34090.027,-15888.957,13684.852
35348.473,-14628.2295,13321.434
35491.87,-13055.734,12622.105
34248.633,-11121.359,11711.466
31437.436,-8745.34,10693.109
26993.904,-5833.17,9647.941
20982.758,-2298.6008,8639.981
13591.775,1909.0583,7719.5684
5110.093,6775.9873,6918.957
-4101.7285,12195.461,6243.0464
-13642.948,17945.783,5663.455
-23102.914,23686.234,5124.19
-32091.475,28984.55,4561.566
-40269.098,33381.383,3932.3691
-47371.18,36480.273,3236.9775
-53218.152,38035.094,2523.303
-57706.797,38001.934,1865.5692
-60787.07,36534.492,1326.2583
-62436.51,33925.836,921.76013
-62644.504,30522.086,613.08777
-61411.164,26642.805,329.41077
-58756.645,22534.406,11.28805
-54732.848,18363.105,-353.631
-49433.695,14234.5625,-725.9803
-43006.164,10218.887,-1044.243
-35665.535,6364.752,-1268.2197
-27711.244,2699.4976,-1406.5743
-19530.125,-776.2526,-1510.0824
-11571.545,-4087.879,-1636.1177
-4289.397,-7274.3223,-1808.6606
1935.0568,-10367.296,-1998.6569
6860.8086,-13370.277,-2133.4849
10417.626,-16242.969,-2125.481
12689.887,-18891.11,-1901.9832
13867.779,-21159.402,-1425.811
14193.764,-22830.45,-705.9894
13927.743,-23640.6,197.70006
13336.379,-23325.023,1178.185
12693.846,-21692.436,2100.0107
12275.12,-18708.783,2836.3267
12330.6455,-14553.049,3311.4392
13045.489,-9611.477,3523.6565
14496.758,-4402.0996,3527.634
16625.26,543.62177,3379.3943
19232.652,4792.493,3075.4358
22008.11,8069.405,2527.8037
24581.275,10249.16,1598.6844
26591.041,11299.963,181.34543
27753.242,11219.434,-1716.1289
27908.047,10000.559,-3931.1956
27033.184,7642.5425,-6173.1924
25221.955,4195.5996,-8102.0356
22638.879,-187.13823,-9422.15
19472.451,-5218.571,-9954.046
15900.358,-10485.375,-9662.972
12071.443,-15497.55,-8644.521
8099.8286,-19767.764,-7080.4224
4065.2412,-22897.254,-5182.5156
18.277245,-24641.361,-3142.938
-4006.766,-24935.18,-1105.5035
-7970.7734,-23876.492,834.36096
-11805.87,-21681.396,2606.5696
-15398.489,-18636.512,4138.2544
-18587.21,-15064.962,5341.708
-21176.28,-11306.649,6128.283
-22959.785,-7699.8745,6438.733
-23750.844,-4552.0234,6267.155
-23413.076,-2100.5054,5659.6714
-21893.006,-479.27396,4687.9346
-19248.146,292.19754,3416.6128
-15659.961,293.62723,1887.7819
-11420.1,-325.09573,130.7319
-6886.85,-1368.8597,-1814.3615
-2422.683,-2610.985,-3879.3318
1666.0017,-3804.6543,-5968.9883
5167.1724,-4707.186,-7974.185
7971.9937,-5120.9,-9781.425
10061.397,-4934.936,-11270.283
11484.936,-4143.1226,-12306.2705
12343.041,-2824.598,-12746.474
12774.437,-1099.1322,-12468.208
12943.429,912.41345,-11411.973
13021.925,3096.763,-9615.358
13166.261,5326.055,-7217.1313
13493.545,7431.723,-4428.847
14062.214,9207.422,-1490.5635
14858.484,10453.6,1367.2461
15788.51,11044.502,3944.2268
16678.396,10979.315,6078.0273
17288.268,10386.76,7652.1743
17346.953,9480.366,8610.643
16607.201,8489.345,8973.431
14909.739,7598.9126,8840.627
12235.684,6921.2773,8377.335
8727.541,6496.7363,7783.61
4670.5483,6309.9224,7261.7275
442.14474,6306.7607,6990.9453
-3551.537,6407.869,7110.2217
-6933.0737,6522.5884,7701.588
-9395.266,6567.262,8768.886
-10728.134,6484.108,10217.4
-10837.848,6251.6133,11850.332
-9760.481,5880.502,13397.4795
-7665.8022,5399.612,14576.807
-4842.1157,4845.038,15168.62
-1657.3162,4264.9736,15069.283
1498.1537,3740.364,14297.826
4270.9062,3405.8425,12953.232
6389.1836,3448.472,11148.257
7682.0923,4070.9597,8958.7705
8075.0107,5427.1895,6415.796
7571.6484,7557.6196,3537.9954
6234.6787,10356.383,375.4528
4171.969,13586.763,-2969.5737
1529.144,16936.61,-6359.481
-1514.2246,20086.484,-9660.894
-4747.648,22762.371,-12775.836
-7934.5,24759.611,-15642.19
-10822.375,25942.957,-18207.066
-13164.404,26236.408,-20398.182
-14754.904,25612.99,-22118.21
-15474.839,24086.254,-23266.271
-15332.074,21701.812,-23767.656
-14475.632,18530.635,-23586.984
-13168.708,14669.675,-22715.83
-11721.929,10252.139,-21149.338
-10407.88,5459.374,-18877.25
-9388.862,518.7311,-15903.53
-8685.126,-4323.896,-12284.896
-8192.656,-8851.816,-8161.466
-7738.1265,-12924.132,-3756.0044
-7145.3037,-16497.033,661.2278
-6287.5522,-19610.137,4823.7407
-5112.6553,-22349.164,8511.204
-3640.775,-24807.39,11568.603
-1946.262,-27061.863,13904.882
-135.7396,-29163.771,15483.542
1669.63,-31130.875,16314.601
3346.1157,-32933.742,16447.89
4776.144,-34481.85,15962.498
5856.7734,-35625.773,14951.205
6508.7783,-36186.363,13507.17
6684.7153,-36003.773,11722.801
6373.3145,-34982.62,9703.014
5598.56,-33109.582,7581.7446
4413.994,-30436.744,5523.2803
2894.629,-27046.229,3696.5806
1129.1581,-23021.592,2228.5784
-786.0342,-18442.865,1158.9728
-2751.3086,-13402.391,421.80063
-4667.697,-8023.796,-134.75
-6440.7095,-2467.4917,-699.6984
-7982.923,3079.8098,-1444.6498
-9213.429,8419.7295,-2483.719
-10053.337,13347.196,-3854.5684
-10419.461,17643.719,-5514.1025
-10221.478,21072.105,-7340.5405
-9368.862,23390.879,-9142.268
-7791.135,24395.953,-10682.424
-5468.811,23977.766,-11725.821
-2465.497,22167.926,-12100.552
1052.2767,19151.066,-11751.399
4818.803,15233.867,-10759.246
8499.935,10783.343,-9314.828
11743.899,6158.4375,-7657.729
14237.797,1657.6337,-6007.228
15754.361,-2504.773,-4511.0093
16179.064,-6192.5503,-3223.9478
15515.776,-9318.487,-2114.1313
13875.339,-11804.779,-1086.7064
11452.995,-13549.401,-18.103357
8498.926,-14416.237,1203.8804
5284.6006,-14260.126,2640.7156
2068.4617,-12981.989,4275.9585
-933.07605,-10590.323,6011.6895
-3562.4536,-7236.2886,7690.815
-5721.912,-3199.473,9134.284
-7361.28,1173.1569,10175.815
-8461.214,5547.322,10683.094
-9021.66,9664.534,10568.026
-9060.527,13366.166,9796.807
-8619.74,16581.197,8405.252
-7770.034,19297.648,6511.2266
-6605.8086,21536.932,4308.164
-5227.058,23336.516,2031.6337
-3713.3218,24734.512,-90.03025
-2100.0178,25750.723,-1876.3279
-367.63025,26369.557,-3206.7104
1550.5675,26537.83,-4005.8442
3743.417,26184.9,-4223.829
6286.158,25256.766,-3834.6033
9203.436,23743.8,-2856.5137
12440.177,21685.625,-1375.3223
15847.774,19154.303,457.40375
19190.523,16234.157,2461.0806
22173.848,13017.878,4480.96
24490.896,9622.532,6427.3657
25878.104,6209.185,8273.802
26165.406,2983.0098,10015.498
25306.303,163.45677,11615.891
23378.17,-2064.1382,12975.41
20553.352,-3590.627,13941.725
17051.992,-4399.0156,14355.543
13093.643,-4552.8076,14107.776
8863.408,-4171.174,13180.963
4500.784,-3407.0881,11658.141
109.188835,-2433.1943,9697.322
-4223.749,-1427.9286,7482.432
-8407.647,-552.96716,5169.1704
-12341.751,76.70775,2846.2014
-15920.199,417.04272,527.16144
-19044.71,498.47775,-1823.0306
-21635.303,404.58582,-4240.002
-23631.53,236.50739,-6714.239
-24983.824,81.27258,-9171.971
-25642.586,-3.432817,-11492.535
-25556.385,11.30944,-13551.529
-24686.4,131.36021,-15264.747
-23033.604,339.9296,-16608.924
-20664.795,590.9514,-17610.488
-17720.877,802.64026,-18312.633
-14398.886,860.43713,-18741.828
-10913.571,633.0333,-18892.02
-7455.7266,-2.4429755,-18731.91
-4165.246,-1133.8086,-18227.475
-1126.7905,-2792.116,-17365.656
1617.547,-4937.8926,-16167.958
4051.5906,-7457.073,-14689.812
6174.3774,-10169.568,-13008.036
7995.6235,-12853.845,-11201.439
9530.032,-15287.123,-9330.073
10784.162,-17293.098,-7418.917
11738.278,-18782.023,-5452.458
12334.413,-19767.27,-3385.422
12482.937,-20350.191,-1169.3904
12091.075,-20678.309,1213.6484
11103.62,-20893.46,3726.4182
9537.308,-21090.613,6273.99
7492.0713,-21302.355,8726.175
5133.621,-21511.701,10951.742
2655.7031,-21682.969,12843.64
238.98183,-21793.402,14320.931
-1977.6609,-21850.023,15311.001
-3906.8647,-21885.613,15732.017
-5508.2515,-21939.281,15497.585
-6780.571,-22034.377,14550.1875
-7759.1235,-22165.223,12907.658
-8517.839,-22296.086,10694.22
-9166.041,-22366.936,8133.947
-9828.047,-22297.902,5505.549
-10602.645,-21990.125,3078.2732
-11514.984,-21329.701,1055.9701
-12485.024,-20205.277,-452.23816
-13334.676,-18542.637,-1431.9431
-13838.312,-16345.061,-1942.7554
-13797.575,-13716.737,-2087.917
-13106.242,-10848.726,-1982.0802
-11775.138,-7964.7007,-1722.7872
-9908.957,-5246.886,-1371.8206
-7652.948,-2776.4536,-952.83203
-5141.577,-517.4613,-467.3294
-2475.5942,1648.3049,77.53569
266.18115,3853.5576,643.5226
2994.7412,6177.4653,1153.0078
5581.9727,8607.388,1504.9441
7853.26,11044.156,1610.1715
9606.651,13344.526,1431.2441
10651.387,15379.736,1008.60956
10852.487,17084.592,459.30994
10167.841,18477.281,-55.384754
8666.979,19643.479,-384.1368
6525.2676,20694.428,-441.30685
3993.856,21720.955,-240.38351
1354.0612,22767.262,111.870926
-1128.6033,23837.027,461.02826
-3235.4746,24924.967,672.0929
-4803.6323,26050.682,688.7638
-5717.4688,27269.592,558.6261
-5896.071,28650.316,413.8643
-5288.451,30229.879,417.14502
-3879.5024,31972.926,696.545
-1699.6232,33758.59,1295.9884
1172.0297,35401.23,2159.1995
4615.0415,36691.605,3150.6487
8481.278,37436.402,4102.4478
12604.987,37480.63,4866.7646
16803.371,36712.32,5352.5728
20870.1,35060.305,5534.2163
24571.188,32496.193,5434.03
27652.893,29043.367,5094.4663
29865.111,24786.316,4558.7065
30995.623,19871.193,3869.6848
30905.072,14493.171,3081.702
29551.594,8874.121,2267.996
26996.477,3238.713,1510.3823
23386.994,-2203.7402,871.8834
18919.209,-7269.1147,368.65845
13791.541,-11802.123,-38.980145
8166.2275,-15678.151,-428.38483
2155.6873,-18807.146,-879.16235
-4158.7627,-21141.162,-1440.8518
-10684.561,-22684.379,-2119.236
-17274.572,-23501.566,-2881.8105
-23707.684,-23719.275,-3670.4976
-29705.752,-23514.56,-4409.5366
-34979.094,-23090.102,-5007.18
-39277.07,-22640.695,-5360.5728
-42419.246,-22321.11,-5373.6235
-44296.246,-22225.42,-4986.8643
-44848.277,-22382.217,-4205.4526
-44041.55,-22761.855,-3107.9304
-41861.293,-23287.113,-1827.9127
-38327.47,-23840.727,-516.8074
-33523.973,-24270.762,693.7253
-27623.355,-24400.895,1712.7823
-20890.686,-24051.344,2489.992
-13660.381,-23067.482,3002.1672
-6292.4014,-21344.057,3239.8254
877.062,-18832.598,3201.7542
7574.2544,-15530.674,2896.8083
13606.204,-11466.72,2346.5012
18859.055,-6700.526,1583.227
23284.424,-1349.1345,644.6785
26883.33,4374.0674,-430.57898
29692.734,10137.005,-1602.3429
31773.81,15511.575,-2824.1274
33198.9,20046.348,-4040.9243
34037.273,23363.93,-5195.5913
34344.65,25240.775,-6244.3247
34162.055,25635.98,-7174.2104
33524.312,24663.902,-8012.3813
32470.25,22533.79,-8819.723
31044.2,19489.957,-9670.256
29284.408,15774.826,-10624.763
27205.484,11616.128,-11709.19
24789.566,7225.8086,-12904.582
21997.365,2799.1858,-14149.209
18797.22,-1486.8992,-15349.3
15197.3955,-5471.3203,-16393.643
11264.135,-8999.366,-17167.59
7117.6694,-11914.824,-17562.367
2912.8403,-14066.316,-17476.754
-1180.8687,-15333.585,-16812.38
-4988.9995,-15664.051,-15470.687
-8332.658,-15098.727,-13363.5205
-11031.357,-13769.327,-10444.589
-12920.337,-11864.742,-6754.195
-13885.574,-9583.292,-2453.871
-13907.44,-7094.7095,2176.338
-13095.903,-4527.628,6789.711
-11700.0625,-1981.5956,11057.724
-10081.785,450.71582,14749.958
-8654.453,2667.173,17771.525
-7800.088,4553.471,20144.521
-7787.8057,5991.7383,21951.625
-8719.251,6873.9077,23277.445
-10518.788,7115.7554,24176.105
-12969.091,6671.4434,24670.154
-15774.068,5548.444,24765.152
-18621.582,3818.6226,24460.998
-21224.455,1618.2249,23753.496
-23335.842,-867.3971,22634.074
-24751.795,-3429.6025,21098.287
-25318.115,-5860.301,19163.566
-24948.422,-7962.0415,16884.23
-23645.117,-9543.235,14349.7295
-21507.291,-10410.657,11663.126
-18715.457,-10376.413,8911.978
-15496.85,-9287.896,6150.684
-12085.445,-7071.981,3405.948
-8690.823,-3771.3457,701.2229
-5481.418,448.0198,-1916.5634
-2579.376,5323.559,-4365.596
-62.056423,10543.358,-6540.453
2031.6274,15790.657,-8340.253
3689.6206,20768.6,-9700.115
4912.0015,25203.994,-10613.183
5699.8823,28842.162,-11136.498
6055.1875,31447.324,-11380.19
5991.962,32815.11,-11482.719
5550.629,32794.08,-11576.774
4803.078,31308.725,-11753.1
3842.9429,28378.402,-12033.074
2767.4268,24129.379,-12362.059
1664.427,18797.053,-12630.024
614.59766,12712.643,-12714.058
-295.0168,6269.3823,-12524.76
-960.55273,-129.23293,-12034.16
-1269.0748,-6125.5557,-11271.514
-1127.5857,-11448.67,-10291.419
-500.97998,-15925.972,-9134.985
561.33136,-19466.402,-7808.106
1925.9056,-22030.969,-6288.788
3405.5967,-23610.193,-4556.381
4809.5073,-24219.07,-2622.6335
5995.9277,-23905.486,-546.2708
6912.3975,-22758.787,1573.7634
7611.687,-20907.283,3617.3564
8238.211,-18503.738,5461.4385
8986.043,-15707.194,6991.169
10038.041,-12670.851,8107.804
11504.05,-9539.615,8740.11
13379.846,-6453.4365,8859.897
15542.868,-3549.863,8493.021
17786.018,-962.3269,7714.617
19873.83,1184.778,6625.4453
21595.654,2781.8105,5319.5977
22794.367,3740.547,3861.667
23364.184,4004.5708,2287.0173
23228.385,3564.4863,624.3231
22317.059,2472.882,-1074.582
20561.844,848.33563,-2716.5024
17912.54,-1140.9717,-4170.9434
14367.426,-3313.2983,-5293.13
10002.116,-5514.6426,-5953.094
4983.074,-7643.5156,-6058.1743
-441.35547,-9643.558,-5563.97
-5971.3184,-11466.5,-4476.6997
-11299.382,-13027.483,-2852.2646
-16155.843,-14182.411,-794.2447
-20342.148,-14746.303,1551.0194
-23742.504,-14547.986,4004.8396
-26311.88,-13494.407,6372.2144
-28049.027,-11611.28,8461.248
-28970.25,-9039.763,10104.092
-29098.299,-5992.5347,11179.142
-28470.486,-2692.2856,11633.26
-27157.145,679.5639,11497.666
-25274.707,4005.9988,10886.195
-22982.193,7227.1455,9966.749
-20462.064,10311.854,8909.096
-17896.992,13220.928,7828.5015
-15454.28,15873.633,6752.739
-13280.084,18127.717,5630.847
-11494.479,19782.408,4378.8096
-10176.437,20609.895,2935.01
-9337.612,20410.91,1293.0776
-8898.015,19077.271,-503.8679
-8683.165,16636.76,-2396.8662
-8454.132,13260.78,-4344.1484
-7963.691,9231.819,-6328.5684
-7016.2544,4886.2803,-8335.63
-5507.388,557.1273,-10320.568
-3431.4907,-3464.8196,-12190.026
-863.88965,-6946.6772,-13811.888
2066.188,-9714.628,-15046.478
5198.167,-11651.447,-15779.385
8355.637,-12695.653,-15939.179
11361.192,-12840.549,-15497.843
14056.676,-12129.881,-14464.935
16326.978,-10650.747,-12887.884
18117.965,-8527.931,-10860.149
19439.2,-5922.1343,-8526.064
20350.064,-3028.2449,-6067.465
20937.398,-65.218254,-3667.0955
21296.27,2748.0417,-1461.0494
21520.734,5226.718,495.41806
21702.586,7250.4434,2227.1067
21930.621,8774.997,3799.2063
22284.344,9819.16,5257.2993
22822.586,10434.047,6578.949
23572.945,10671.183,7664.3447
24527.988,10564.487,8373.156
25648.842,10131.571,8590.022
26871.092,9388.484,8285.754
28106.826,8366.061,7543.5635
29241.36,7117.448,6537.4424
30130.377,5712.633,5473.2695
30606.877,4222.1665,4520.1846
30503.924,2696.313,3762.5337
29689.807,1147.1439,3191.2617
28102.492,-459.28247,2734.4968
25766.748,-2195.7053,2309.635
22783.236,-4150.9365,1871.2336
19291.896,-6397.544,1433.4484
15424.809,-8961.3545,1059.8202
11268.946,-11805.028,829.67505
6853.706,-14832.192,800.8986
2165.1562,-17908.7,988.18835
-2823.5466,-20889.262,1364.9763
-8121.0044,-23636.393,1882.8851
-13696.868,-26025.215,2493.5906
-19473.818,-27937.736,3159.4727
-25327.793,-29256.707,3849.4438
-31091.521,-29868.072,4527.123
-36560.383,-29673.666,5142.3184
-41503.203,-28608.027,5631.6357
-45679.758,-26650.426,5925.3667
-48862.848,-23826.893,5953.6426
-50859.484,-20203.338,5648.9253
-51527.055,-15875.125,4949.916
-50784.75,-10957.942,3815.1807
-48624.074,-5581.3853,2247.9424
-45120.453,116.19646,320.71152
-40442.26,5992.869,-1819.1769
-34848.523,11907.487,-3975.5525
-28667.906,17721.12,-5954.7046
-22259.61,23294.842,-7617.778
-15966.837,28486.582,-8906.898
-10077.901,33152.05,-9833.012
-4806.201,37153.918,-10436.775
-290.44955,40379.26,-10748.44
3392.3667,42760.41,-10768.777
6211.66,44291.594,-10475.482
8172.4263,45034.4,-9842.71
9309.998,45108.645,-8857.347
9687.688,44669.82,-7524.4575
9394.356,43878.336,-5865.729
8540.303,42868.38,-3918.582
7250.614,41724.605,-1738.6356
5655.0034,40473.082,598.5285
3873.9207,39088.496,3001.1982
2003.5771,37514.2,5370.653
106.06893,35686.543,7610.3413
-1788.3507,33553.715,9630.861
-3664.0583,31082.232,11352.071
-5493.141,28251.295,12707.09
-7211.0366,25041.752,13649.738
-8707.971,21429.139,14160.138
-9842.853,17386.654,14240.773
-10475.513,12896.598,13901.736
-10504.198,7962.5063,13144.509
-9893.015,2614.0266,11958.272
-8679.244,-3097.6018,10335.292
-6959.849,-9107.775,8297.06
-4864.938,-15341.625,5912.7817
-2529.5178,-21707.463,3295.4177
-72.752075,-28084.945,575.7129
2411.5156,-34318.55,-2130.179
4854.4663,-40225.36,-4740.1924
7205.983,-45617.043,-7203.2827
9425.193,-50326.547,-9478.975
11469.11,-54227.055,-11514.27
13280.9375,-57236.6,-13232.06
14782.662,-59311.31,-14537.248
15879.711,-60435.68,-15337.726
16484.332,-60616.355,-15571.381
16556.637,-59878.766,-15228.415
16150.402,-58261.523,-14359.852
15441.961,-55805.438,-13068.081
14721.842,-52541.21,-11482.787
14342.288,-48485.305,-9732.394
14633.4375,-43651.324,-7923.0083
15816.383,-38075.305,-6131.702
17943.924,-31843.676,-4412.1914
20888.074,-25109.918,-2805.052
24373.883,-18091.965,-1345.6211
28041.867,-11052.611,-68.52615
31514.139,-4272.046,988.0479
34443.637,1978.6953,1776.9645
36537.85,7459.9297,2239.6726
37561.51,11981.839,2313.4316
37331.2,15419.181,1950.7797
35715.855,17718.39,1145.2656
32650.914,18892.488,-48.37368
28162.934,19004.754,-1509.7773
22392.133,18150.783,-3067.0356
15596.83,16451.975,-4524.8516
8129.8887,14066.322,-5699.4683
390.40775,11207.871,-6453.303
-7233.006,8155.143,-6721.8965
-14405.939,5231.969,-6524.197
-20864.252,2761.0842,-5948.386
-26403.137,1010.05646,-5113.6367
-30854.34,155.52446,-4121.4263
-34071.844,279.57922,-3019.237
-35939.18,1390.4962,-1795.4336
-36397.113,3445.8936,-406.53662
-35477.46,6360.818,1181.9794
-33324.785,10001.752,2968.1296
-30193.586,14183.68,4914.9805
-26419.74,18686.66,6975.206
-22375.262,23291.11,9115.859
-18419.568,27812.01,11321.754
-14858.549,32108.746,13573.584
-11917.132,36063.54,15817.298
-9725.212,39545.16,17948.578
-8313.642,42386.582,19825.54
-7617.028,44395.707,21302.537
-7482.496,45394.53,22264.014
-7686.228,45262.46,22639.64
-7960.0156,43958.516,22397.752
-8027.2285,41513.83,21530.209
-7642.488,38006.18,20045.674
-6625.224,33536.938,17977.562
-4877.6543,28223.03,15397.425
-2383.6567,22201.256,12417.645
806.0637,15632.413,9175.062
4590.663,8695.357,5803.0938
8826.532,1572.101,2410.3455
13322.551,-5566.1104,-920.5142
17831.736,-12562.081,-4115.6167
22054.615,-19264.299,-7090.894
25666.428,-25515.139,-9748.65
28367.578,-31146.701,-11994.307
29941.562,-35990.14,-13762.117
30296.361,-39895.984,-15032.827
29470.285,-42756.984,-15833.972
27599.729,-44524.848,-16226.628
24865.166,-45215.95,-16289.022
21441.766,-44905.42,-16103.034
17475.98,-43711.64,-15740.933
13092.601,-41774.047,-15247.409
8418.754,-39228.36,-14619.672
3603.65,-36185.113,-13798.679
-1180.5924,-32718.57,-12685.482
-5756.294,-28871.045,-11183.849
-9962.283,-24671.998,-9251.915
-13665.798,-20163.777,-6936.4375
-16759.25,-15421.382,-4371.51
-19149.818,-10555.682,-1744.3456
-20755.666,-5697.7476,751.3078
-21517.16,-971.9139,2950.664
-21419.084,3529.4932,4731.3564
-20510.053,7759.481,6010.8047
-18905.086,11716.015,6741.834
-16766.84,15434.141,6916.184
-14273.173,18978.344,6573.6646
-11586.042,22437.156,5805.985
-8834.838,25914.287,4745.2817
-6118.8877,29507.85,3536.6343
-3524.4124,33275.227,2304.2925
-1145.7793,37192.2,1126.0737
899.30133,41123.516,26.79257
2467.7168,44821.227,-1007.64734
3404.7783,47956.78,-2003.4735
3572.3167,50178.67,-2972.6768
2884.9292,51177.74,-3898.748
1343.8618,50741.312,-4739.5405
-944.3912,48784.062,-5443.9277
-3775.379,45352.37,-5972.9014
-6882.373,40606.08,-6314.443
-9991.351,34784.773,-6484.9795
-12876.694,28167.006,-6516.572
-15397.159,21031.48,-6435.5
-17499.312,13628.513,-6242.1406
-19189.514,6167.0913,-5902.131
-20488.46,-1182.9612,-5354.2837
-21388.248,-8280.261,-4533.024
-21828.629,-15001.688,-3395.9485
-21699.486,-21239.145,-1944.6813
-20866.123,-26903.223,-231.37698
-19206.896,-31928.54,1648.6301
-16651.05,-36274.867,3571.1711
-13206.799,-39922.51,5397.6978
-8974.196,-42865.316,6988.4854
-4141.912,-45106.074,8218.523
1029.4825,-46655.52,8999.296
6233.434,-47531.125,9302.631
11148.549,-47750.72,9175.547
15471.938,-47320.54,8735.004
18951.705,-46224.758,8140.4473
21413.695,-44427.355,7554.275
22775.734,-41892.617,7106.634
23043.71,-38619.344,6876.7163
22289.863,-34673.438,6891.5176
20622.285,-30201.53,7133.6934
18160.209,-25417.365,7549.265
15026.789,-20566.781,8052.753
11360.319,-15887.3,8534.884
7332.582,-11577.787,8879.341
3157.9968,-7784.2183,8988.654
-916.71326,-4597.0083,8810.395
-4639.8794,-2051.4429,8350.555
-7786.7676,-127.12418,7665.5317
-10183.077,1250.4166,6835.1274
-11715.55,2200.0073,5929.8174
-12334.667,2865.3738,4989.0225
-12057.161,3391.644,4020.7449
-10970.482,3907.043,3020.1287
-9233.3125,4515.4087,1993.2279
-7063.1357,5297.6807,969.66736
-4706.9863,6315.7954,-4.2323027
-2400.8552,7614.21,-887.23035
-329.90497,9219.827,-1665.833
1398.8083,11144.074,-2364.3035
2765.5945,13387.679,-3037.62
3830.7854,15942.618,-3753.4597
4715.705,18783.982,-4573.522
5576.621,21851.49,-5540.833
6574.9663,25031.674,-6673.011
7846.9746,28157.533,-7958.4243
9476.966,31035.104,-9354.651
11479.074,33488.93,-10792.596
13790.957,35403.18,-12189.358
16280.297,36734.723,-13467.427
18762.44,37491.19,-14571.69
21026.025,37689.695,-15475.454
22862.734,37324.457,-16173.293
24096.553,36364.195,-16667.148
24607.281,34778.906,-16955.523
24343.816,32575.643,-17031.572
23325.484,29818.793,-16888.385
21633.637,26623.498,-16525.215
19398.018,23130.117,-15949.491
16781.873,19477.955,-15173.552
13966.557,15791.574,-14207.68
11134.016,12178.852,-13050.88
8446.41,8729.684,-11680.832
6026.0293,5506.18,-10046.947
3942.434,2526.7627,-8073.8896
2213.2402,-243.31003,-5681.972
819.2423,-2883.2104,-2822.6262
-273.30966,-5489.3564,484.50134
-1094.9937,-8142.359,4132.35
-1669.1735,-10884.31,7938.5493
-2021.9176,-13714.384,11686.162
-2196.5486,-16597.873,15174.8125
-2259.5823,-19476.926,18259.252
-2289.7722,-22275.504,20861.232
-2353.221,-24901.41,22955.775
-2478.0679,-27254.768,24544.453
-2645.0178,-29248.451,25630.393
-2802.3186,-30834.715,26204.447
-2899.6511,-32023.371,26244.928
-2923.1316,-32878.418,25728.463
-2911.0781,-33491.773,24646.996
-2939.688,-33945.76,23024.113
-3084.424,-34281.21,20923.197
-3377.2756,-34482.246,18442.209
-3783.725,-34478.5,15695.989
-4213.775,-34158.773,12793.77
-4563.7593,-33390.777,9822.184
-4769.335,-32045.729,6840.1323
-4843.6514,-30027.39,3884.0903
-4881.429,-27300.305,977.0145
-5025.876,-23906.393,-1865.1628
-5412.7266,-19960.172,-4630.003
-6115.6567,-15622.701,-7304.1074
-7115.338,-11066.881,-9864.911
-8302.192,-6451.3003,-12271.521
-9507.325,-1912.028,-14462.154
-10545.36,2432.7524,-16364.42
-11252.056,6479.4546,-17917.113
-11507.614,10147.002,-19093.234
-11247.268,13391.951,-19910.44
-10466.852,16216.147,-20420.236
-9229.197,18655.164,-20678.828
-7669.7793,20750.799,-20713.83
-5993.579,22525.1,-20505.355
-4454.9346,23973.666,-19993.506
-3318.931,25081.014,-19109.822
-2812.4832,25842.938,-17815.691
-3079.7043,26275.602,-16125.09
-4155.936,26403.588,-14097.553
-5968.2773,26238.852,-11805.827
-8360.956,25772.23,-9299.78
-11135.366,24989.71,-6591.6064
-14090.14,23904.436,-3673.3608
-17047.727,22580.357,-555.23926
-19860.656,21127.426,2702.0486
-22400.385,19668.762,5983.422
-24540.18,18300.695,9146.086
-26145.701,17070.744,12056.999
-27081.332,15983.68,14615.308
-27229.73,15024.508,16747.812
-26513.732,14176.63,18388.082
-24909.102,13421.021,19462.664
-22443.96,12720.343,19901.023
-19190.062,12005.127,19665.342
-15255.155,11177.278,18779.215
-10781.92,10132.042,17333.994
-5950.7666,8785.812,15467.54
-978.4258,7094.5337,13328.682
3894.5305,5056.7324,11047.53
8427.706,2707.1956,8723.131
12410.642,111.70632,6425.1587
15690.371,-2632.8118,4198.3647
18190.625,-5398.289,2062.6147
19919.31,-8035.3867,11.850085
20962.734,-10397.298,-1978.9518
21466.512,-12370.508,-3934.4365
21606.06,-13898.391,-5853.771
21553.559,-14986.252,-7693.6816
21450.408,-15687.133,-9370.403
21391.805,-16078.255,-10779.9
21423.846,-16241.112,-11825.0
21548.111,-16252.536,-12435.892
21728.133,-16184.93,-12577.468
21896.342,-16108.264,-12246.67
21964.432,-16087.442,-11467.692
21839.633,-16173.951,-10289.941
21444.049,-16395.227,-8787.116
20729.219,-16746.047,-7052.297
19678.762,-17184.316,-5186.6196
18299.36,-17632.027,-3285.4224
16608.771,-17982.416,-1429.3436
14631.966,-18114.78,315.1301
12410.201,-17916.639,1888.8557
10017.457,-17308.34,3235.9707
7571.6265,-16261.33,4309.868
5229.473,-14801.992,5087.6753
3163.13,-12999.545,5582.614
1525.7201,-10944.781,5842.3433
418.63138,-8730.566,5930.251
-128.76395,-6441.7354,5899.5728
-162.15979,-4154.017,5776.8506
210.22652,-1935.4297,5565.44
839.9805,155.95929,5265.1274
1563.4639,2077.9868,4891.627
2223.3171,3808.4883,4479.8003
2682.9956,5342.166,4067.382
2834.1428,6681.034,3671.8271
2599.2375,7825.7153,3279.2024
1932.6152,8775.387,2855.6313
821.3488,9537.487,2375.2344
-715.1132,10139.545,1846.375
-2629.0696,10632.112,1319.063
-4853.8623,11076.906,868.84863
-7316.6553,11524.358,566.65674
-9950.012,11992.024,450.19565
-12696.887,12454.587,508.70004
-15506.022,12848.509,684.11694
-18319.238,13086.207,885.3099
-21056.555,13071.831,1010.007
-23607.291,12714.333,969.6766
-25833.709,11938.996,712.0413
-27588.79,10700.645,234.60442
-28742.953,8998.615,-416.5595
-29209.582,6888.717,-1163.2196
-28958.85,4485.7705,-1919.5812
-28014.666,1954.1243,-2613.69
-26437.877,-510.26456,-3197.0276
-24305.576,-2699.2097,-3642.001
-21697.459,-4408.7427,-3934.7642
-18694.879,-5454.4634,-4072.1636
-15390.174,-5691.6323,-4065.8726
-11897.834,-5042.909,-3948.9727
-8358.419,-3527.6895,-3776.746
-4930.431,-1278.7489,-3616.9094
-1771.227,1468.0359,-3532.055
987.66455,4414.1807,-3562.7515
3264.0037,7256.3916,-3719.5405
5040.861,9737.881,-3986.5225
6370.4404,11672.224,-4332.6265
7363.18,12934.893,-4723.5103
8163.216,13437.161,-5128.69
8916.0205,13107.072,-5522.794
9737.885,11895.353,-5883.2046
10697.102,9804.887,-6186.7646
11812.023,6923.778,-6406.57
13063.457,3437.3042,-6508.735
14412.564,-393.35815,-6450.135
15814.289,-4276.834,-6180.4097
17221.17,-7938.2666,-5652.0615
18579.787,-11145.547,-4838.905
19827.203,-13709.759,-3756.6843
20894.299,-15472.729,-2474.8105
21717.287,-16301.686,-1109.4473
22252.047,-16102.698,203.55038
22482.459,-14848.107,1346.6215
22416.215,-12601.026,2253.786
22068.14,-9520.312,2925.769
21438.297,-5840.581,3422.6038
20495.992,-1835.0603,3839.323
19179.287,2224.3662,4275.4194
17412.975,6097.751,4807.596
15139.329,9593.162,5471.0938
12348.985,12569.274,6251.705
9097.588,14928.513,7089.5825
5499.247,16605.78,7895.0693
1698.5062,17558.512,8573.687
-2166.2627,17763.588,9052.742
-5989.6934,17223.326,9299.506
-9702.576,15976.497,9323.849
-13250.359,14104.606,9165.986
-16560.553,11724.226,8877.662
-19519.877,8964.524,8507.269
-21977.203,5940.6084,8094.5713
-23773.943,2738.8625,7672.6562
-24788.363,-575.29755,7269.743
-24973.027,-3931.4072,6905.287
-24369.074,-7226.842,6581.5186
-23092.906,-10317.604,6277.6255
-21303.008,-13034.846,5953.89
-19160.916,-15218.938,5566.727
-16799.697,-16753.389,5087.3467
-14308.486,-17584.035,4513.016
-11735.524,-17720.654,3864.015
-9106.074,-17228.518,3168.9485
-6446.309,-16218.986,2449.393
-3801.2463,-14841.41,1715.5145
-1236.7074,-13271.255,976.1597
1176.8015,-11688.723,255.31921
3389.7776,-10249.08,-399.71927
5393.5513,-9054.122,-929.2378
7221.142,-8136.353,-1289.0325
8927.166,-7461.4014,-1480.6542
10557.92,-6944.794,-1565.425
12128.994,-6473.801,-1652.2823
13622.774,-5927.0474,-1864.8215
15005.454,-5190.8794,-2304.4702
16251.306,-4175.551,-3026.7734
17358.58,-2832.4966,-4037.0513
18347.955,-1168.418,-5298.7725
19245.742,751.3673,-6742.5703
20062.553,2814.6948,-8269.208
20779.205,4885.9146,-9750.583
21345.682,6830.7856,-11039.362
21690.867,8533.044,-11994.071
21735.521,9899.516,-12514.807
21401.328,10858.294,-12574.162
20613.53,11356.93,-12226.782
19300.246,11363.43,-11590.798
17394.469,10866.775,-10808.7295
14843.237,9871.936,-10005.179
11624.061,8389.424,-9258.188
7763.8403,6426.8096,-8592.261
3353.2358,3992.0908,-7990.0337
-1449.613,1112.3778,-7412.8853
-6428.816,-2140.3503,-6820.303
-11333.053,-5632.553,-6181.8413
-15906.649,-9174.608,-5480.254
-19923.45,-12548.472,-4707.842
-23216.135,-15543.466,-3859.7273
-25693.547,-17981.693,-2928.2383
-27341.002,-19723.184,-1901.8971
-28203.916,-20656.285,-770.478
-28361.45,-20689.096,465.49863
-27900.973,-19755.193,1785.3069
-26902.986,-17833.96,3143.964
-25439.717,-14972.58,4477.08
-23582.918,-11293.864,5714.1377
-21411.8,-6983.1504,6795.608
-19013.629,-2261.0957,7687.0796
-16475.555,2643.262,8384.356
-13872.698,7508.4336,8906.997
-11260.031,12125.283,9282.533
-8673.241,16299.11,9527.627
-6138.3887,19857.318,9633.877
-3685.4219,22663.727,9564.22
-1358.8274,24633.027,9261.528
779.59174,25737.445,8666.131
2657.0671,26002.545,7735.7534
4202.6245,25495.283,6461.2666
5361.0312,24309.795,4874.4
6102.6543,22554.457,3047.3208
6426.4136,20340.967,1086.3666
6356.8706,17776.303,-878.2005
5939.5615,14960.535,-2706.7954
5238.7964,11993.683,-4271.049
4338.801,8990.179,-5479.3022
3344.34,6092.2935,-6299.9927
2374.515,3470.558,-6770.5786
1546.07,1304.4246,-6981.2
949.6159,-251.71574,-7033.148
629.2927,-1101.8114,-6987.929
578.0933,-1224.8333,-6832.8145
754.73193,-669.29663,-6484.097
1116.2905,466.08487,-5829.9385
1650.7994,2050.1265,-4791.5063
2392.1787,3924.3591,-3369.5376
3408.508,5897.16,-1651.8489
4768.785,7738.9956,219.39685
6504.669,9192.233,2099.1853
8585.269,10000.532,3880.756
10914.182,9951.029,5507.8228
13344.755,8915.056,6959.101
15700.739,6873.446,8221.369
17790.566,3918.6775,9269.612
19412.887,233.93552,10064.364
20361.32,-3944.591,10565.085
20439.611,-8371.893,10750.877
19491.77,-12832.762,10637.885
17439.783,-17163.934,10284.361
14312.917,-21253.965,9778.518
10253.909,-25023.822,9210.788
5498.526,-28399.908,8640.425
338.31296,-31294.8,8072.224
-4916.7744,-33606.367,7457.5635
-9963.6,-35234.81,6722.6724
-14518.529,-36106.375,5811.528
-18327.543,-36188.89,4720.8286
-21184.645,-35489.97,3507.807
-22960.088,-34040.562,2267.1663
-23627.41,-31875.328,1091.4099
-23272.238,-29022.404,37.48656
-22071.67,-25507.441,-883.20764
-20247.408,-21366.895,-1690.2655
-18009.559,-16660.412,-2408.7344
-15512.455,-11475.117,-3050.7056
-12836.871,-5922.1094,-3614.6316
-9999.954,-131.00815,-4099.663
-6982.98,5752.777,-4522.2935
-3763.0183,11569.639,-4921.858
-337.41608,17152.748,-5349.4985
3264.233,22344.9,-5846.322
6980.825,27021.158,-6423.5566
10730.073,31104.941,-7056.447
14423.211,34565.215,-7695.3765
17977.844,37392.723,-8287.5625
21323.658,39567.43,-8796.723
24399.264,41037.113,-9210.022
27143.307,41721.438,-9529.856
29486.092,41540.46,-9757.423
31347.174,40451.547,-9879.652
32640.174,38474.58,-9868.23
33281.953,35694.617,-9691.44
33202.03,32245.822,-9331.648
32349.99,28289.95,-8798.322
30700.953,24001.072,-8129.537
28259.342,19558.232,-7381.4424
25059.412,15139.075,-6610.7188
21160.107,10907.018,-5857.106
16634.213,6991.752,-5131.6045
11556.489,3471.2979,-4413.0
5998.548,365.7704,-3652.8623
35.82952,-2352.8357,-2787.7356
-6235.165,-4739.618,-1756.462
-12678.937,-6854.6895,-519.7631
-19114.08,-8748.894,921.7816
-25324.059,-10460.283,2516.021
-31083.04,-12018.805,4158.5083
-36186.848,-13454.456,5706.12
-40477.855,-14804.839,7004.9395
-43857.26,-16118.909,7926.9507
-46284.668,-17454.188,8404.406
-47768.734,-18865.85,8448.13
-48352.766,-20389.695,8139.753
-48097.34,-22025.723,7598.384
-47061.445,-23731.086,6935.051
-45285.344,-25427.525,6215.96
-42781.17,-27020.15,5452.1084
-39537.074,-28417.518,4618.627
-35536.523,-29542.893,3690.3694
-30786.598,-30333.994,2671.51
-25342.639,-30737.547,1602.344
-19316.543,-30708.227,542.5616
-12863.647,-30216.178,-454.16873
-6155.3486,-29258.04,-1355.3959
646.5642,-27861.61,-2145.8452
7398.7017,-26078.668,-2811.0376
13963.985,-23970.65,-3324.9348
20189.312,-21598.883,-3653.7285
25891.752,-19028.072,-3773.5652
30867.553,-16339.993,-3687.422
34923.77,-13643.114,-3425.9436
37917.58,-11062.977,-3029.4924
39783.37,-8709.786,-2524.0112
40535.258,-6636.5127,-1909.0461
40246.758,-4810.7056,-1167.5027
39020.438,-3118.601,-290.20102
36962.105,-1403.2338,702.84125
34168.082,480.1862,1759.5465
30725.803,2616.9158,2812.1433
26723.035,5012.7563,3799.532
22259.793,7605.4653,4679.6855
17457.475,10296.408,5426.053
12460.39,12985.1455,6015.5977
7426.6724,15593.689,6422.0825
2510.0964,18076.166,6622.2
-2159.7815,20416.719,6610.037
-6488.697,22620.148,6407.762
-10413.118,24697.771,6063.305
-13882.313,26649.871,5636.0166
-16837.826,28448.023,5179.6777
-19202.697,30023.686,4732.1196
-20886.273,31269.314,4313.2764
-21801.123,32052.541,3926.1775
-21883.486,32236.074,3554.9543
-21110.488,31692.3,3160.3943
-19512.43,30306.658,2680.5027
-17180.934,27975.162,2043.9028
-14271.466,24610.037,1196.2788
-10995.036,20164.828,129.90244
-7594.668,14675.972,-1098.6514
-4309.03,8301.204,-2373.173
-1334.1288,1329.1625,-3544.515
1202.7653,-5853.9116,-4468.335
3248.3464,-12831.395,-5038.6465
4809.8994,-19228.943,-5205.509
5934.2764,-24761.596,-4973.5103
6690.95,-29240.625,-4385.981
7164.1035,-32549.215,-3504.5625
7449.9946,-34611.387,-2393.738
7651.493,-35376.383,-1115.9271
7864.1553,-34825.184,263.38412
8155.2944,-32989.246,1666.6852
8544.229,-29965.285,3000.3154
8994.205,-25915.479,4161.319
9422.909,-21052.867,5054.864
9730.59,-15618.07,5614.965
9836.412,-9853.079,5818.604
9708.799,-3974.7275,5686.87
9377.262,1849.7933,5273.8784
8921.091,7519.471,4649.911
8440.547,12999.3955,3885.6763
8023.4473,18299.066,3040.661
7720.4116,23434.201,2154.722
7535.936,28387.31,1242.0669
7434.308,33084.414,290.04434
7353.9604,37396.867,-732.847
7223.517,41163.918,-1858.542
6975.8667,44222.754,-3096.719
6559.5815,46433.86,-4419.4707
5947.7407,47697.715,-5762.9146
5143.1626,47966.312,-7045.7734
4178.279,47252.87,-8194.485
3108.797,45637.094,-9160.99
2002.3645,43258.254,-9925.505
925.1066,40290.793,-10487.212
-70.819626,36907.062,-10852.373
-956.32654,33241.617,-11027.464
-1729.77,29373.275,-11017.534
-2415.9524,25332.018,-10824.719
-3060.0234,21124.383,-10443.508
-3717.9197,16761.705,-9855.787
-4446.132,12277.032,-9032.776
-5293.3677,7726.0283,-7947.58
-6294.772,3177.493,-6593.2485
-7467.1533,-1296.7778,-4994.6816
-8803.332,-5626.5776,-3205.0813
-10265.969,-9742.776,-1288.4067
-11784.415,-13576.352,699.74756
-13258.862,-17060.822,2718.1846
-14572.827,-20138.26,4727.414
-15609.47,-22766.396,6666.5728
-16264.063,-24924.693,8436.857
-16447.512,-26619.215,9905.277
-16083.172,-27886.852,10930.086
-15106.024,-28797.512,11396.365
-13473.322,-29450.252,11245.328
-11187.927,-29959.508,10486.028
-8324.517,-30431.992,9188.472
-5042.836,-30941.53,7465.3267
-1576.3812,-31512.936,5451.4385
1802.6609,-32123.215,3287.1335
4828.914,-32719.688,1106.914
7282.1104,-33245.293,-967.3199
9006.804,-33657.676,-2829.7537
9913.833,-33933.266,-4391.966
9972.676,-34057.38,-5583.6797
9204.32,-34009.504,-6355.0903
7677.87,-33754.176,-6681.994
5507.117,-33242.453,-6572.4062
2841.6265,-32421.385,-6070.658
-148.781,-31245.31,-5254.385
-3291.3408,-29684.5,-4222.364
-6422.66,-27730.992,-3075.823
-9392.997,-25403.557,-1899.9847
-12065.75,-22751.705,-753.6683
-14318.788,-19855.361,328.37982
-16051.819,-16816.586,1322.1343
-17197.646,-13744.239,2198.0867
-17730.092,-10738.488,2912.9805
-17661.807,-7883.563,3416.4497
-17030.94,-5251.7485,3670.3113
-15882.398,-2912.4727,3669.002
-14252.558,-935.1822,3447.094
-12163.552,621.5052,3067.2107
-9627.574,1731.0686,2594.9734
-6656.8955,2417.799,2077.352
-3274.6794,2759.3782,1538.7894
475.96408,2869.1724,996.0608
4524.842,2866.721,477.87045
8769.838,2851.4397,30.831608
13077.052,2890.8557,-295.9182
17289.895,3024.5833,-477.52283
21248.754,3276.8389,-531.2531
24816.875,3668.98,-510.75323
27902.443,4227.9795,-479.65305
30465.896,4991.179,-482.70267
32507.273,6007.947,-533.0813
34038.367,7336.2124,-620.4834
35052.777,9031.06,-728.26715
35508.703,11126.489,-843.01965
35332.984,13617.66,-949.66925
34444.4,16453.373,-1020.2744
32785.285,19543.836,-1011.33417
30347.906,22779.514,-877.1958
27185.979,26050.164,-592.58563
23409.121,29254.545,-168.16937
19164.227,32299.066,353.01324
14610.203,35091.49,916.9328
9892.244,37537.09,1484.3763
5120.771,39539.676,2045.9144
360.0185,41004.08,2619.2253
-4369.066,41836.25,3233.298
-9069.79,41942.332,3910.0964
-13738.715,41233.273,4652.361
-18333.602,39640.51,5439.8086
-22754.193,37139.793,6230.6504
-26845.738,33771.15,6964.456
-30425.41,29641.32,7565.301
-33321.477,24903.672,7947.7866
-35410.035,19724.61,8029.6436
-36636.836,14254.3955,7751.7036
-37019.523,8617.19,7100.154
-36633.78,2921.8071,6120.7876
-35591.418,-2719.357,4915.012
-34018.746,-8180.5884,3614.8257
-32041.348,-13331.849,2345.7925
-29778.021,-18061.37,1195.429
-27342.934,-22295.89,202.13278
-24851.086,-26003.19,-633.29956
-22419.977,-29173.094,-1326.5941
-20161.889,-31787.541,-1897.5154
-18167.16,-33797.535,-2374.3718
-16485.77,-35120.66,-2806.6775
-15117.529,-35660.637,-3267.1917
-14016.924,-35338.59,-3831.5583
-13109.651,-34121.77,-4543.0996
-12310.848,-32040.06,-5385.875
-11535.462,-29188.88,-6286.8203
-10698.957,-25722.312,-7148.07
-9715.009,-21840.238,-7888.9023
-8499.176,-17770.28,-8470.611
-6981.7344,-13744.314,-8891.69
-5124.221,-9972.218,-9162.956
-2929.8696,-6619.2427,-9284.621
-441.45563,-3793.6611,-9241.315
2272.2378,-1546.2268,-9014.113
5134.3394,123.818306,-8596.377
8074.9575,1263.9865,-8001.79
11039.831,1968.291,-7263.828
13992.21,2376.551,-6433.5923
16908.262,2663.7336,-5579.902
19766.236,3013.7715,-4786.499
22532.041,3582.6575,-4137.6333
25148.484,4464.5957,-3691.2454
27537.678,5675.271,-3452.3655
29621.182,7157.367,-3364.9597
31350.98,8801.936,-3330.9497
32733.996,10473.574,-3246.5347
33832.55,12030.998,-3033.3682
34735.69,13343.175,-2646.4958
35514.586,14306.731,-2059.161
36186.3,14867.774,-1242.0125
36706.094,15042.768,-157.05618
36990.91,14926.34,1226.7972
36958.32,14675.407,2908.0007
36558.03,14469.303,4836.382
35780.97,14458.328,6919.603
34647.0,14720.075,9048.476
33184.336,15239.53,11124.934
31414.508,15917.918,13076.259
29348.42,16603.254,14849.856
26989.648,17129.041,16395.627
24338.455,17348.29,17649.19
21394.098,17155.398,18526.244
18158.219,16494.03,18930.531
14642.726,15352.746,18771.05
10880.639,13752.073,17981.955
6932.949,11728.206,16539.89
2884.5107,9319.861,14475.543
-1171.6045,6564.0933,11877.025
-5153.5044,3503.075,8882.949
-9002.322,197.9797,5664.708
-12679.611,-3258.2407,2401.0164
-16152.725,-6737.1484,-748.44293
-19378.236,-10083.342,-3662.3696
-22294.268,-13132.531,-6265.49
-24826.684,-15733.518,-8525.398
-26905.957,-17769.273,-10443.627
-28486.559,-19174.344,-12045.722
-29560.762,-19945.95,-13371.411
-30162.748,-20144.365,-14462.92
-30363.05,-19878.346,-15350.848
-30256.125,-19276.459,-16042.045
-29944.59,-18454.164,-16517.512
-29523.746,-17492.14,-16745.455
-29069.666,-16437.324,-16705.414
-28633.195,-15324.35,-16410.025
-28240.01,-14200.406,-15909.859
-27894.186,-13132.512,-15276.016
-27581.348,-12187.851,-14569.167
-27268.729,-11397.874,-13812.393
-26903.346,-10730.771,-12981.994
-26413.264,-10093.654,-12018.52
-25717.58,-9366.784,-10848.498
-24746.559,-8451.128,-9404.296
-23466.322,-7302.7173,-7635.563
-21897.123,-5937.9507,-5514.414
-20114.674,-4414.5195,-3040.3403
-18231.377,-2807.298,-247.6837
-16364.382,-1197.2463,2787.5002
-14604.253,323.29755,5947.4097
-12997.109,1640.8914,9083.278
-11545.051,2622.7214,12035.822
-10219.907,3136.1892,14660.115
-8979.823,3078.6345,16848.553
-7779.621,2402.4673,18546.346
-6572.1514,1125.9116,19755.43
-5304.0786,-669.15576,20524.666
-3912.2236,-2843.6353,20927.955
-2325.3462,-5206.3345,21037.025
-473.0889,-7521.7715,20899.059
1699.3997,-9530.543,20527.846
4215.172,-10987.141,19910.174
7053.3027,-11706.633,19020.957
10146.728,-11600.697,17836.8
13393.101,-10685.27,16341.164
16675.88,-9057.222,14522.297
19886.96,-6855.3794,12371.335
22940.447,-4228.3936,9887.779
25771.902,-1322.9708,7093.0
28326.033,1711.806,4044.8315
30542.758,4720.8315,843.15344
32351.855,7554.2773,-2379.8296
33680.08,10093.554,-5482.77
34466.242,12277.418,-8342.6
34675.465,14111.348,-10874.783
34305.15,15653.886,-13038.99
33380.867,16987.83,-14830.4795
31945.033,18190.705,-16264.376
30043.54,19314.455,-17362.346
27714.838,20375.113,-18147.848
24984.797,21348.533,-18649.541
21869.102,22171.215,-18907.0
18383.01,22750.441,-18972.06
14555.277,22987.277,-18903.03
10440.889,22807.73,-18754.285
6127.501,22188.244,-18566.105
1734.0709,21161.39,-18357.676
-2595.6208,19798.82,-18122.648
-6700.21,18183.492,-17825.566
-10407.018,16389.844,-17400.305
-13540.017,14482.536,-16755.271
-15934.1455,12528.0,-15789.58
-17457.52,10601.611,-14418.112
-18036.787,8776.912,-12595.688
-17676.064,7099.4707,-10328.462
-16460.639,5563.3423,-7667.622
-14543.067,4109.7544,-4691.915
-12117.151,2653.2434,-1492.2745
-9389.954,1120.8064,1832.0283
-6561.004,-520.2357,5167.934
-3812.7446,-2262.493,8385.349
-1310.4698,-4084.6536,11346.346
793.62164,-5984.6504,13926.203
2358.157,-7998.0703,16035.007
3256.2068,-10191.228,17627.732
3385.907,-12634.097,18700.326
2685.9836,-15367.487,19280.232
1151.4619,-18377.396,19421.516
-1156.1569,-21581.982,19205.65
-4108.6533,-24830.9,18738.363
-7521.8926,-27916.316,18132.113
-11175.12,-30596.8,17475.576
-14834.142,-32633.72,16806.094
-18274.115,-33833.156,16104.361
-21299.459,-34079.695,15317.526
-23759.57,-33348.77,14396.511
-25558.625,-31694.053,13322.57
-26656.625,-29219.934,12106.649
-27059.469,-26056.453,10766.811
-26799.375,-22348.934,9306.143
-25912.275,-18260.666,7711.9214
-24422.08,-13975.267,5977.5894
-22339.596,-9685.271,4128.622
-19676.605,-5565.4546,2229.014
-16467.11,-1743.628,360.83194
-12783.516,1713.6293,-1408.0404
-8738.629,4791.897,-3042.4773
-4472.497,7504.0166,-4530.511
-131.3089,9867.079,-5854.689
4151.682,11895.473,-6970.2065
8266.496,13610.009,-7811.3135
12127.542,15049.901,-8325.102
15669.487,16272.592,-8509.174
18842.23,17337.086,-8424.907
21606.72,18280.607,-8174.9663
23930.924,19104.44,-7859.149
25784.895,19778.451,-7537.0005
27135.643,20260.447,-7218.771
27944.367,20517.2,-6884.7505
28168.93,20535.303,-6514.1514
27773.135,20319.775,-6102.203
26741.697,19887.4,-5657.608
25096.953,19263.125,-5189.18
22910.998,18481.277,-4696.6646
20306.56,17586.441,-4173.1646
17442.656,16628.291,-3614.0664
14487.029,15651.311,-3021.8765
11584.313,14687.3545,-2402.26
8832.621,13758.972,-1757.0762
6278.4517,12892.823,-1084.4264
3931.2646,12132.302,-389.15146
1789.2816,11535.809,304.01242
-136.78188,11155.997,947.1746
-1812.5605,11009.606,1481.3452
-3183.904,11056.246,1855.932
-4190.633,11200.068,2040.4843
-4782.4834,11313.379,2019.5696
-4932.091,11267.156,1776.6929
-4643.819,10950.852,1284.1497
-3958.8464,10274.495,512.4797
-2955.6309,9161.12,-542.4457
-1743.4413,7544.7476,-1832.0621
-448.08167,5382.9214,-3247.2542
806.7926,2678.5833,-4637.2085
1915.5914,-504.33478,-5844.8867
2797.2512,-4045.299,-6740.489
3390.925,-7792.537,-7239.889
3646.381,-11596.848,-7308.129
3517.807,-15337.077,-6956.7554
2966.8396,-18927.69,-6241.6787
1973.7803,-22310.975,-5259.516
550.1637,-25444.092,-4135.2153
-1254.8052,-28290.05,-2998.1174
-3357.019,-30814.982,-1953.847
-5646.933,-32988.637,-1065.5491
-8000.7456,-34784.68,-353.3333
-10290.132,-36180.586,191.63957
-12390.84,-37158.73,591.7635
-14191.832,-37708.586,878.0749
-15604.66,-37827.004,1095.8063
-16569.725,-37513.836,1308.5068
-17055.633,-36764.785,1587.6768
-17051.438,-35568.703,1986.4093
-16556.455,-33916.254,2510.8228
-15574.351,-31819.504,3109.2617
-14115.274,-29331.803,3690.2078
-12204.226,-26553.451,4161.4395
-9890.018,-23615.05,4468.741
-7250.2715,-20644.238,4612.9795
-4391.877,-17732.672,4639.0767
-1449.2039,-14920.173,4608.0938
1418.9624,-12201.566,4571.4956
4036.562,-9547.342,4560.1626
6225.9023,-6922.3325,4586.5854
7832.528,-4291.7583,4648.993
8752.889,-1616.3226,4728.1724
8953.569,1152.497,4778.564
8473.259,4066.653,4724.736
7407.624,7164.7754,4473.913
5886.83,10454.568,3944.8193
4058.3308,13906.998,3100.7354
2081.6882,17467.232,1969.8358
131.58449,21075.326,642.07104
-1602.1755,24682.523,-755.5285
-2927.6692,28252.166,-2092.7227
-3677.8843,31745.033,-3264.315
-3742.3745,35099.555,-4203.6924
-3089.5757,38220.305,-4881.4307
-1770.1284,40982.055,-5295.1865
98.32219,43246.9,-5458.4097
2355.3584,44885.402,-5392.4834
4819.507,45793.547,-5122.8833
7301.5566,45902.773,-4677.595
9612.32,45185.43,-4086.2366
11572.827,43658.062,-3379.9
13032.683,41381.832,-2592.451
13894.525,38456.715,-1762.7615
14135.05,35008.25,-935.2051
13811.544,31170.502,-155.38876
13048.561,27072.572,538.839
12008.25,22833.357,1126.3146
10854.463,18562.611,1604.6606
9721.486,14360.827,1982.8286
8694.205,10312.225,2269.3274
7800.9717,6473.5254,2466.3896
7016.7363,2869.239,2576.374
6272.6484,-496.47794,2615.2637
5468.56,-3612.293,2618.7363
4485.8164,-6431.2812,2629.0022
3199.3875,-8861.673,2666.0269
1490.593,-10787.49,2703.3093
-737.0484,-12111.113,2670.777
-3537.8938,-12794.926,2490.3645
-6903.922,-12879.218,2124.7463
-10752.686,-12468.481,1606.562
-14932.285,-11697.138,1026.4668
-19245.67,-10695.293,486.60388
-23486.242,-9570.001,50.212307
-27469.617,-8403.703,-280.43585
-31048.238,-7260.582,-547.2315
-34106.11,-6190.5815,-797.21265
-36543.22,-5227.809,-1050.1089
-38264.74,-4386.9243,-1291.306
-39185.09,-3662.0925,-1488.0026
-39245.266,-3029.1562,-1611.7489
-38432.09,-2448.6113,-1651.7413
-36786.75,-1868.5427,-1615.0433
-34397.08,-1230.8204,-1519.9493
-31378.041,-484.81534,-1389.5544
-27850.73,392.19296,-1247.0776
-23929.002,1376.3215,-1110.5646
-19716.738,2391.2852,-986.3191
-15312.481,3320.6667,-864.45593
-10815.244,4032.344,-720.52625
-6326.465,4401.7544,-523.0307
-1946.349,4323.2456,-242.44987
2233.8533,3709.2515,141.86685
6140.1753,2486.7446,635.8791
9721.148,601.2777,1222.4714
12947.393,-1969.3662,1851.065
15805.281,-5199.8013,2433.6162
18286.822,-9010.711,2857.978
20379.594,-13275.8545,3021.0469
22060.787,-17836.89,2868.848
23298.023,-22515.959,2421.1575
24057.312,-27120.637,1764.3806
24315.969,-31445.184,1015.74915
24076.385,-35277.62,280.48212
23375.719,-38418.754,-373.19635
22287.271,-40709.76,-910.943
20912.0,-42057.258,-1311.6809
19362.23,-42445.023,-1550.6459
17742.902,-41929.67,-1600.1161
16136.526,-40625.754,-1444.4088
14596.046,-38688.094,-1093.4127
13146.356,-36294.82,-581.853
11792.427,-33628.777,43.985493
10531.286,-30854.92,737.9294
9365.647,-28097.219,1451.2052
8316.877,-25424.65,2117.0662
7433.6104,-22854.89,2639.5452
6791.012,-20374.438,2904.8103
6477.1865,-17962.236,2818.5703
6568.4985,-15600.469,2351.7803
7102.199,-13265.276,1566.1663
8058.2,-10906.139,600.28735
9358.903,-8432.811,-379.3338
10887.633,-5724.5415,-1235.6947
12517.225,-2660.1987,-1896.8154
14136.061,847.41815,-2354.6536
15661.552,4832.18,-2637.0715
17038.643,9276.789,-2777.4524
18228.783,14126.369,-2802.3435
19198.932,19296.43,-2739.123
19918.908,24666.818,-2628.535
20369.863,30069.85,-2524.4355
20559.53,35290.535,-2476.1772
20534.65,40090.598,-2505.9268
20380.525,44250.082,-2599.391
20203.205,47605.75,-2718.6902
20099.238,50066.125,-2828.695
20125.965,51599.13,-2917.5732
20286.492,52207.02,-2997.198
20536.168,51909.36,-3085.1743
20805.463,50744.586,-3184.1377
21025.533,48782.875,-3274.592
21143.203,46132.72,-3325.22
21120.87,42929.285,-3310.2437
20927.318,39308.605,-3218.9392
20529.832,35384.234,-3050.664
19893.945,31241.906,-2801.6907
18989.049,26953.584,-2456.3875
17792.777,22597.52,-1990.0865
16288.721,18267.137,-1379.8582
14458.284,14061.302,-612.72723
12272.734,10063.428,315.60095
9691.721,6324.534,1408.3601
6670.336,2860.6318,2671.362
3172.166,-337.34283,4104.692
-816.18695,-3291.507,5684.5327
-5273.02,-6031.8633,7346.423
-10134.797,-8597.668,8982.143
-15297.537,-11037.257,10454.545
-20628.553,-13399.174,11624.472
-25987.715,-15716.159,12378.699
-31252.227,-17991.66,12649.976
-36334.816,-20198.344,12425.862
-41186.42,-22289.195,11747.121
-45781.45,-24211.951,10696.818
-50092.758,-25915.84,9380.928
-54068.754,-27347.63,7903.2007
-57622.844,-28444.951,6341.6787
-60638.19,-29138.643,4737.073
-62983.285,-29368.428,3100.1062
-64530.777,-29103.523,1435.4178
-65174.3,-28353.14,-230.56279
-64841.812,-27157.85,-1834.0812
-63506.08,-25567.375,-3280.765
-61191.824,-23621.48,-4471.5537
-57977.08,-21348.674,-5333.703
-53985.938,-18783.305,-5840.6885
-49372.945,-15986.721,-6012.825
-44303.434,-13054.813,-5902.4297
-38936.637,-10104.944,-5574.887
-33416.67,-7250.968,-5095.5513
-27871.816,-4582.695,-4524.532
-22417.682,-2159.9336,-3914.5208
-17158.34,-17.833134,-3306.7073
-12182.576,1828.0006,-2725.948
-7557.6987,3383.878,-2181.7454
-3326.948,4683.166,-1679.7164
484.92004,5782.006,-1238.9604
3859.1624,6738.9736,-902.072
6771.3667,7586.974,-725.83636
9189.899,8316.788,-753.7421
11088.688,8887.78,-987.2227
12469.373,9263.31,-1377.3854
13380.885,9449.658,-1846.5879
13924.963,9512.723,-2327.5376
14244.048,9560.478,-2793.693
14498.109,9701.294,-3260.7544
14842.182,10002.383,-3760.9482
15413.327,10469.474,-4311.959
16327.08,11052.58,-4904.0293
17676.084,11666.735,-5511.08
19523.113,12212.278,-6110.6567
21887.27,12587.023,-6691.874
24730.252,12693.465,-7244.804
27952.803,12447.878,-7744.916
31406.79,11792.742,-8152.5264
34919.324,10706.076,-8433.035
38318.363,9199.781,-8581.917
41449.508,7306.255,-8630.145
44180.605,5062.275,-8620.293
46399.25,2502.2458,-8569.182
48011.86,-334.2147,-8446.715
48949.9,-3387.1333,-8189.3486
49181.36,-6566.687,-7739.2427
48719.977,-9757.788,-7079.98
47624.383,-12835.197,-6243.7515
45984.688,-15676.886,-5288.7124
43900.61,-18165.922,-4267.7485
41459.234,-20183.018,-3212.313
38719.98,-21602.56,-2137.5718
35710.812,-22304.055,-1055.3992
32435.771,-22198.127,22.140104
28890.771,-21251.861,1092.3352
25082.686,-19495.395,2171.2373
21045.385,-17004.164,3287.2087
16846.447,-13869.838,4457.3516
12580.946,-10182.155,5663.4507
8353.955,-6035.287,6848.308
4259.2217,-1551.8627,7939.138
363.81708,3097.9705,8883.762
-3294.5078,7702.9595,9675.211
-6697.859,12044.379,10349.063
-9834.012,15938.097,10957.523
-12686.496,19260.46,11538.991
-15233.396,21946.467,12101.322
-17452.227,23969.453,12624.044
-19324.277,25322.785,13071.642
-20833.898,26017.346,13406.429
-21964.496,26091.053,13595.576
-22697.783,25614.018,13614.599
-23021.732,24676.635,13451.43
-22945.79,23364.006,13110.773
-22514.555,21734.412,12613.915
-21809.457,19818.7,11990.336
-20934.053,17641.8,11264.169
-19988.885,15249.752,10444.409
-19049.0,12720.708,9526.72
-18156.057,10150.617,8506.509
-17328.033,7623.519,7393.9546
-16578.752,5187.611,6219.44
-15934.089,2852.7698,5024.4893
-15434.74,608.5716,3843.724
-15124.524,-1552.3645,2689.4165
-15031.7295,-3621.9712,1547.6678
-15154.092,-5580.405,386.79227
-15454.502,-7407.974,-828.72394
-15868.114,-9093.326,-2126.179
-16316.622,-10632.427,-3517.4448
-16724.422,-12022.788,-4994.8857
-17033.104,-13261.268,-6528.4414
-17212.367,-14348.673,-8065.312
-17265.588,-15295.75,-9536.041
-17227.506,-16121.632,-10868.477
-17152.498,-16841.125,-12005.396
-17095.285,-17447.123,-12917.749
-17090.209,-17900.174,-13607.471
-17137.195,-18133.979,-14100.251
-17199.748,-18075.293,-14434.035
-17214.205,-17667.771,-14648.865
-17103.99,-16887.994,-14779.07
-16791.482,-15748.593,-14845.094
-16203.974,-14291.971,-14843.817
-15275.902,-12581.929,-14741.536
-13952.2295,-10697.587,-14476.851
-12195.8545,-8728.4795,-13976.858
-9997.01,-6767.204,-13180.993
-7379.2637,-4898.9536,-12060.004
-4398.086,-3192.3047,-10619.574
-1132.852,-1697.2489,-8888.304
2322.4302,-452.0713,-6900.6646
5864.318,506.57428,-4688.4463
9380.033,1139.6682,-2286.8289
12746.564,1413.078,250.56471
15834.456,1311.853,2840.4404
18518.697,850.20605,5372.8896
20693.695,67.49874,7729.7603
22286.088,-989.21545,9810.053
23260.361,-2284.3093,11550.65
23616.586,-3799.5435,12934.117
23383.346,-5520.4756,13982.035
22609.617,-7411.0483,14738.353
21357.604,-9393.365,15250.344
19696.84,-11346.949,15554.715
17700.086,-13129.116,15673.716
15442.896,-14604.887,15621.221
13008.56,-15670.477,15413.319
10496.989,-16260.924,15074.9
8031.912,-16343.646,14635.713
5759.072,-15906.916,14116.303
3831.8018,-14951.309,13511.808
2387.6816,-13486.201,12784.483
1526.0864,-11528.7,11871.463
1296.537,-9102.746,10705.397
1701.394,-6239.445,9238.444
2708.0015,-2981.1665,7458.946
4260.89,610.8285,5394.7725
6286.9775,4449.7886,3103.6174
8693.454,8423.504,654.80273
11363.717,12402.361,-1890.9772
14157.298,16250.673,-4496.5977
16915.67,19834.373,-7150.531
19471.375,23022.568,-9851.386
21656.771,25687.809,-12578.687
23311.49,27713.34,-15264.304
24290.768,29010.916,-17783.928
24477.16,29543.064,-19980.182
23794.611,29337.082,-21709.975
22219.787,28480.824,-22890.623
19784.732,27101.29,-23516.793
16568.41,25337.96,-23637.904
12680.526,23325.268,-23312.39
8244.845,21190.32,-22571.059
3388.4358,19060.078,-21413.94
-1761.1896,17065.477,-19838.672
-7073.8594,15333.976,-17874.129
-12414.033,13972.582,-15589.885
-17640.414,13051.577,-13072.848
-22607.467,12598.517,-10389.825
-27166.81,12603.484,-7566.831
-31167.617,13027.949,-4602.88
-34458.027,13808.246,-1508.7749
-36891.19,14851.657,1658.0732
-38338.26,16031.829,4788.5894
-38706.62,17192.93,7750.3423
-37957.734,18165.97,10429.765
-36117.668,18791.234,12761.969
-33275.824,18936.11,14734.041
-29572.219,18501.9,16366.991
-25177.934,17422.672,17692.734
-20275.316,15665.352,18739.334
-15043.139,13237.343,19526.482
-9649.055,10198.197,20065.002
-4248.606,6663.9546,20354.812
1012.0278,2794.22,20382.188
5993.159,-1237.2692,20121.254
10561.857,-5275.9478,19542.607
14597.014,-9207.426,18625.898
17998.219,-12957.865,17369.844
20694.848,-16478.719,15795.47
22650.756,-19729.672,13944.133
23861.99,-22671.803,11875.181
24349.057,-25273.027,9665.923
24148.867,-27518.086,7410.9424
23311.441,-29413.133,5214.657
21902.17,-30980.941,3174.288
20004.834,-32251.053,1358.4514
17718.174,-33252.55,-206.99004
15142.479,-34013.39,-1535.5378
12360.533,-34562.95,-2658.818
9423.74,-34930.598,-3599.6323
6353.8003,-35135.97,-4357.2363
3161.9685,-35174.656,-4916.2964
-123.342964,-35009.37,-5275.023
-3436.3538,-34575.88,-5473.02
-6673.405,-33804.59,-5596.6777
-9712.844,-32647.965,-5753.1694
-12443.734,-31098.572,-6025.4683
-14787.26,-29186.99,-6435.494
-16700.725,-26960.957,-6939.259
-18166.186,-24458.826,-7457.7793
-19174.977,-21694.084,-7924.252
-19719.615,-18660.146,-8317.979
-19796.31,-15351.463,-8665.832
-19412.146,-11786.773,-9014.62
-18588.1,-8020.269,-9395.91
-17354.39,-4135.694,-9806.334
-15742.964,-229.85945,-10212.044
-13785.382,3602.5815,-10568.594
-11519.88,7274.974,-10840.138
-9002.608,10705.763,-11007.704
-6312.9736,13814.144,-11067.596
-3546.394,16521.441,-11027.0205
-797.32166,18759.846,-10901.181
1856.7125,20484.344,-10709.852
4359.673,21681.77,-10469.811
6668.483,22373.195,-10184.478
8739.649,22609.295,-9837.811
10522.789,22460.326,-9398.593
11967.06,22002.887,-8833.015
13036.237,21306.295,-8115.456
13721.407,20422.758,-7228.0073
14041.795,19385.814,-6149.5063
14032.7295,18218.68,-4845.885
13728.428,16948.562,-3274.9453
13150.289,15618.3955,-1407.7894
12307.258,14288.03,745.3637
11207.15,13023.298,3122.8008
9871.937,11879.296,5621.6714
8349.007,10887.834,8124.54
6713.7866,10055.533,10525.331
5063.753,9371.604,12740.928
3507.0793,8818.773,14707.26
2149.8271,8381.246,16369.697
1084.662,8048.3223,17678.432
382.81598,7816.3496,18591.697
90.12122,7691.1724,19081.703
227.08208,7689.111,19137.246
791.70636,7831.7856,18762.498
1762.4362,8132.4863,17976.455
3098.1616,8578.28,16816.191
4734.024,9117.24,15340.852
6575.2207,9659.088,13629.008
8494.254,10090.295,11765.176
10337.368,10296.654,9820.256
11942.208,10183.552,7837.629
13162.667,9688.347,5834.9185
13892.344,8786.141,3821.4446
14078.019,7493.49,1820.5098
13719.44,5871.7363,-117.71896
12858.08,4025.8157,-1920.4888
11561.435,2092.218,-3510.5369
9908.788,214.66228,-4826.989
7980.6777,-1484.7965,-5838.7007
5851.2153,-2925.6465,-6546.5537
3582.2883,-4069.4763,-6978.2275
1220.7548,-4902.295,-7181.1553
-1198.967,-5411.423,-7216.439
-3646.4521,-5573.1084,-7152.4126
-6084.7944,-5359.207,-7055.39
-8464.869,-4757.871,-6977.802
-10729.3955,-3793.9355,-6947.5215
-12825.764,-2535.9812,-6963.134
-14720.3545,-1086.9965,-6997.0264
-16405.443,433.92017,-7003.9854
-17894.418,1908.1564,-6930.9497
-19208.49,3227.021,-6725.262
-20362.98,4296.376,-6341.9985
-21360.373,5041.92,-5752.2144
-22191.83,5416.6206,-4951.5757
-22843.65,5405.404,-3965.1863
-23303.693,5020.388,-2843.6973
-23565.291,4285.665,-1650.0503
-23629.586,3219.4714,-442.715
-23507.936,1825.8329,735.5396
-23223.852,102.77266,1857.8832
-22811.355,-1936.7637,2905.2468
-22306.861,-4243.799,3858.1348
-21735.584,-6724.353,4695.3003
-21098.408,-9246.561,5398.532
-20367.145,-11658.318,5956.112
-19492.672,-13806.489,6358.328
-18423.27,-15552.639,6586.589
-17124.084,-16786.445,6605.7363
-15587.581,-17439.904,6369.06
-13830.047,-17501.533,5836.02
-11877.492,-17024.426,4991.5327
-9750.154,-16121.127,3852.931
-7454.682,-14943.835,2459.931
-4987.469,-13656.147,856.99365
-2345.583,-12406.146,-915.70013
462.0962,-11307.496,-2813.6394
3409.7312,-10428.849,-4768.8193
6456.971,-9788.296,-6678.7935
9556.024,-9351.902,-8419.277
12658.654,-9040.143,-9878.3955
15719.744,-8747.191,-10992.643
18696.875,-8372.144,-11760.371
21547.555,-7851.873,-12222.669
24226.383,-7180.2603,-12424.065
26683.986,-6403.343,-12379.956
28868.457,-5592.73,-12073.008
30729.002,-4811.826,-11480.17
32220.39,-4092.5088,-10610.214
33306.14,-3432.0068,-9524.532
33959.04,-2806.846,-8326.064
34159.797,-2192.013,-7123.4756
33897.02,-1574.087,-5994.13
33171.812,-954.6561,-4968.531
32007.09,-347.78198,-4042.4863
30456.406,223.04568,-3203.7397
28604.643,726.979,-2451.5056
26555.922,1129.8942,-1795.6082
24412.055,1403.4672,-1239.6493
22251.785,1537.4105,-765.84076
20121.682,1547.9852,-337.5295
18042.354,1475.8606,79.73565
16023.879,1372.4221,494.52972
14079.018,1281.3883,883.8975
12225.909,1225.8557,1214.2076
10480.613,1206.8009,1476.431
8847.174,1210.7596,1710.5016
7313.4272,1218.4921,1998.6191
5854.755,1207.637,2428.4988
4441.0376,1149.4281,3049.5273
3040.2075,1006.31824,3850.8916
1616.3419,737.8116,4775.7065
126.86071,315.23386,5759.7246
-1474.3453,-262.0897,6766.2725
-3225.5332,-959.69006,7793.329
-5142.732,-1715.0554,8850.557
-7211.365,-2454.7876,9926.639
-9389.052,-3111.5557,10973.455
-11616.517,-3632.6094,11919.498
-13828.221,-3979.6064,12702.472
-15956.731,-4126.284,13297.595
-17932.658,-4060.092,13723.0
-19687.693,-3786.9656,14021.084
-21166.139,-3331.8816,14230.262
-22341.93,-2728.7444,14364.379
-23230.855,-2002.0143,14407.847
-23888.459,-1152.0142,14323.177
-24392.744,-156.90945,14063.103
-24820.826,1005.9319,13582.647
-25232.027,2331.2434,12850.899
-25664.352,3769.4207,11861.996
-26141.078,5235.273,10640.761
-26677.494,6638.051,9236.907
-27279.41,7914.157,7707.0767
-27933.408,9042.654,6093.293
-28596.998,10036.598,4411.3726
-29197.977,10920.317,2657.5527
-29646.02,11710.897,829.03687
-29850.61,12415.823,-1055.9302
-29735.896,13044.178,-2952.0544
-29246.863,13618.056,-4797.592
-28348.695,14172.323,-6531.978
-27025.043,14742.038,-8107.502
-25278.465,15347.538,-9489.301
-23131.1,15988.316,-10648.606
-20621.031,16648.12,-11558.759
-17793.486,17303.65,-12198.603
-14690.137,17927.164,-12559.223
-11343.138,18480.857,-12646.198
-7775.558,18911.334,-12474.339
-4007.4287,19155.393,-12060.369
-60.644524,19160.48,-11422.439
4038.6946,18910.148,-10589.639
8262.182,18437.973,-9614.421
12578.911,17818.863,-8575.507
16951.008,17141.21,-7564.056
21323.04,16475.871,-6658.4023
25610.48,15858.902,-5902.288
29696.895,15294.062,-5300.3145
33440.242,14767.142,-4832.762
36693.55,14258.128,-4478.94
39317.91,13742.801,-4233.404
41198.84,13186.922,-4105.796
