ax,ay,az
42.578396,-48.649246,43.995308
87.968704,-99.17677,73.5346
81.45284,-72.68301,79.15074
46.70282,-58.257633,38.24878
20.163132,-9.3382435,50.08522
12.886146,28.647707,75.042145
11.862976,-17.122807,85.03325
-12.939079,-53.146626,106.91779
-4.5455546,-70.7935,84.76004
1.4689566,-60.388367,47.278492
-6.672166,-32.36939,82.56432
-8.096223,-18.499582,88.364975
-48.879807,16.336561,65.5671
-20.147957,5.4851365,73.45557
8.562933,-66.21476,65.16105
36.85166,-119.88998,73.24906
105.14085,-118.275986,86.56147
88.72659,-73.98122,76.74493
78.27486,-32.12789,82.90389
81.91674,-13.980082,57.029438
49.394608,-4.3903093,28.39779
23.583317,-2.243044,50.098545
39.116543,-23.148727,46.909157
114.00556,-59.139553,91.83721
175.19556,-126.44274,128.62178
157.05899,-151.79613,82.323944
108.052536,-107.48364,53.376854
23.64978,-88.36672,27.484663
-79.37321,-72.6811,29.525843
-90.11417,-17.313763,30.063911
-34.664486,-27.503508,9.425091
8.880647,-74.3101,28.933374
37.490932,-44.519966,77.674225
37.349197,-33.72147,93.98839
-40.436714,5.151228,54.33231
-104.075874,39.974403,20.986872
-117.6747,5.311658,-29.453506
-92.441246,-60.559444,-49.755325
-25.88139,-130.75177,-2.83078
-20.311241,-125.32872,39.179623
-18.294405,-87.035416,76.22122
5.2444534,7.124835,48.058758
-17.287601,-30.414629,27.258472
-66.68792,-116.69982,13.281368
-91.95255,-86.366165,-70.48963
-83.24852,-115.45698,-84.52343
-62.27134,-96.552155,-50.921116
-38.786186,-96.27756,-3.145985
-9.767893,-103.51126,28.424368
-10.9300165,-16.627407,6.314428
-51.763405,29.380535,-20.699139
-57.4946,-28.653862,-52.91925
-68.5126,-118.29015,-67.14993
-39.763412,-148.14893,-98.90985
-5.3161726,-119.89832,-103.1424
-68.76793,-36.84421,-65.183975
-80.28109,33.528294,-38.3603
-108.750534,94.07284,-24.126114
-162.07968,123.457886,-93.20704
-120.47952,56.9956,-154.75247
-81.84952,-83.50951,-141.24197
-37.44616,-209.50136,-106.80297
-12.424995,-206.01813,-68.81516
-26.24504,-103.62961,-93.66135
-48.096012,-18.996056,-78.95051
-68.52768,20.619352,-58.80622
-92.31959,84.678276,-91.72116
-112.79703,79.24762,-70.99374
-70.61984,-8.38586,-101.00464
-34.366116,-89.91158,-122.15062
37.924152,-94.08369,-105.09232
55.404728,1.97168,-87.44965
3.098449,40.96698,-38.803387
21.046215,20.185139,-20.803556
5.6001735,-78.934364,-33.607414
-22.84961,-128.08827,-85.41965
-42.415337,-78.46536,-113.55655
-42.8408,-69.377884,-140.99158
-60.260246,-42.29065,-117.29912
-63.72838,-26.32275,-50.502403
-50.92509,102.49628,-39.070618
-52.68843,229.98053,-8.851836
-28.241438,164.36707,-42.437317
-107.580925,55.220303,-70.226036
-146.00822,-47.732403,-64.508675
-104.7022,-101.312004,-79.904655
-74.60051,-79.608574,-35.058178
-9.596473,41.104366,3.3446581
20.990007,165.16936,17.101612
11.158496,200.86482,15.768001
15.722913,149.38148,-15.404247
17.572369,21.279898,-56.322197
-20.549824,-36.499214,-49.791473
-0.176233,-57.653957,-39.636093
50.309364,-61.986755,-45.564663
56.36856,62.924824,-17.478168
-3.9312081,172.34604,1.662497
-73.55117,172.94101,27.47417
-55.527847,114.124054,9.950342
4.4266944,-12.205306,-26.176754
58.92224,-101.40782,-32.02476
27.213995,-62.327778,-24.183487
-19.773792,66.417534,-11.594839
-63.619198,182.87408,-18.047047
-78.551544,233.3837,-6.390882
-34.906403,253.65129,-0.93482876
-20.520405,171.3832,10.517527
42.134785,3.7747517,-6.5068707
66.172966,-44.094563,-17.446947
33.958454,-1.9696103,-8.9286375
13.553782,56.569336,-16.2559
-32.46766,171.18513,35.699116
-49.672226,219.82455,48.600384
-31.396114,206.2076,41.26365
-2.540682,138.29799,24.840303
36.306942,32.134747,-8.279433
62.90067,5.9812407,6.539975
74.58607,-7.711171,-2.7345345
93.79078,61.94714,-1.9430329
111.33149,170.31943,-1.9381267
114.17474,183.0398,23.836632
57.606735,154.39201,81.9202
18.823896,60.537235,52.05422
27.943615,-23.378284,29.34863
34.968792,-40.21376,28.839977
22.138647,17.418097,7.6729517
-40.016678,126.41348,32.0014
-25.446596,162.2464,43.408142
20.964838,105.7039,49.535526
63.524204,61.03815,54.98296
95.989716,60.71987,39.821423
67.91017,32.563057,63.977375
45.99509,46.594337,59.565586
-14.826185,96.08398,23.267181
-48.996075,103.6522,-10.740685
-29.20386,106.29394,-49.750942
-0.7516152,98.46347,-5.652099
45.535244,77.2788,63.859318
72.19346,64.071724,76.47685
96.65306,87.95815,46.66397
113.817215,92.5774,-23.816782
98.020424,80.018845,-53.13918
60.269012,76.49454,-29.436735
53.525898,24.863136,8.126273
88.68033,-27.824877,44.017944
120.966675,-38.554565,60.130928
151.21948,-18.57742,50.7871
118.35974,-5.0456986,-5.2977924
35.580414,23.007936,-52.06837
3.1993465,73.69194,-60.032646
-27.646734,98.504585,-35.837666
-22.525711,104.98019,-6.7206573
10.032954,81.75215,12.119878
24.370012,45.74834,30.005613
36.454494,-4.0705733,15.481813
-12.761735,-18.359154,13.307148
-11.151672,13.521089,1.3627913
-1.5677674,0.05588874,-9.234166
9.200421,12.888055,-34.56066
81.35533,16.101187,-60.476883
46.210102,14.310373,32.60069
15.59496,98.76597,47.063026
-16.706917,105.958496,-18.481691
-65.13494,44.15939,-24.44757
-10.975299,30.382437,-31.162365
-8.062235,-11.465637,-22.123703
-12.2378025,-75.1409,-29.703817
37.33062,-70.951195,-52.11003
42.573605,-30.875761,-26.80185
7.7529087,14.647563,34.354515
-8.85967,18.483206,34.659927
-6.6593966,-17.186573,21.070211
0.22199278,-22.528025,33.213245
15.416448,-64.895256,19.263704
-10.467241,-108.89954,8.54542
-5.981025,-62.12405,-5.4377337
-37.552765,42.877224,-14.254311
-139.74176,69.447914,-24.951199
-132.95427,50.384064,-3.3853762
-138.51648,75.50811,-6.8874807
-162.96898,45.783047,-17.532806
-91.24771,-23.510643,-3.2546902
-58.696205,-112.84467,-33.77629
-51.49274,-127.14105,3.7418742
-42.821163,-71.708435,42.731342
-44.97913,-71.40806,51.532745
-15.627978,-58.952766,43.04302
-22.168749,-76.665596,6.9543266
-52.034924,-106.9117,22.166716
-55.81041,-69.22202,-6.6244383
-9.442718,-49.264767,-34.847076
42.51332,-68.818726,-19.647814
36.703754,-96.90543,5.125237
16.222202,-133.72203,52.713924
-2.834975,-163.69302,41.54315
-18.670897,-167.9828,9.602863
-73.92162,-126.65695,5.6610937
-139.43672,-69.54769,2.5659626
-131.14845,-66.91996,-18.119072
-72.46037,-73.392426,-4.7103195
-60.278416,-52.29612,44.59531
-94.94959,-75.86934,44.263996
-66.99433,-67.64988,63.179268
-33.11172,-50.623928,46.585842
-50.463215,-87.823235,1.9460487
-59.50158,-104.71564,-6.6628976
-58.016407,-192.40785,-10.224727
-41.071655,-233.27988,34.36735
6.495444,-157.49632,42.2547
14.074398,-118.61874,49.563953
6.9502316,-87.064735,31.034016
-6.596936,-71.08138,11.818415
-59.328926,-68.32704,26.50062
-53.466824,-115.17448,-25.266483
-47.54428,-206.92091,-24.339659
-24.9032,-226.20828,-37.937473
41.17407,-208.31555,-20.13858
41.113632,-122.18065,63.14831
10.52293,-17.976265,70.53535
-48.581802,-9.931827,66.205925
-79.77727,2.8639464,10.187683
-40.416336,-38.667374,-54.00975
-47.296967,-123.309395,-28.50085
-77.119064,-129.38156,1.8232977
-37.856243,-127.39407,1.7702986
15.017915,-96.684875,6.7765102
3.6324475,-33.17684,-1.1451322
-33.903126,5.9425797,-13.19269
-38.821915,-11.161814,-12.024287
-60.954502,-71.867165,-25.3517
-74.312515,-72.0493,-33.71195
-16.733665,-70.14819,-32.685993
19.749245,-97.19148,-34.355766
38.856686,-61.22997,-3.0569093
59.726135,-26.073093,17.062952
25.279844,-13.073102,-15.714026
3.0017715,-0.29879656,-30.12445
29.545317,8.852151,-33.806137
45.33952,-7.4231462,-26.100899
27.875006,-35.845642,-2.9177146
21.678856,-31.979496,-13.315184
48.338985,-34.54947,-13.766175
51.916847,41.176968,7.2233934
18.989094,71.1809,-10.536244
-19.832033,-16.023352,-31.370314
-39.326317,-3.246452,-19.092165
-39.42356,25.521925,-42.36297
-26.72715,9.135636,-80.337166
-8.694373,18.553675,-42.587704
24.615227,56.60345,37.53935
88.564095,81.55632,24.984568
79.59344,69.84439,-14.56227
28.173956,75.85656,-20.13392
5.800578,80.692055,-70.45941
12.361042,62.41796,-66.335464
74.92084,49.354877,-48.116383
120.734406,38.116493,-40.31973
190.98476,17.855019,5.5197887
213.7598,-11.964467,16.944183
141.06064,-12.893035,30.020525
130.53412,31.346928,-5.5859637
126.44741,39.95461,-49.07293
75.07829,49.041946,-50.063942
38.564728,43.820663,-43.744102
56.00208,21.35378,15.341926
74.65319,66.62492,36.581615
58.03476,77.62736,30.543058
50.07695,70.49409,-7.513248
24.90486,66.34414,-46.375515
7.825319,69.63514,-34.953632
28.883312,74.393364,-58.410183
20.566492,17.244392,-29.120045
15.084385,-15.619433,-2.5167563
49.51011,29.100138,13.264593
65.13135,123.25162,57.461983
67.88728,113.42605,15.063245
49.072273,39.540154,-35.786118
17.415451,44.089947,-39.761215
17.259892,34.33754,-46.623306
26.802864,12.527131,-40.870777
26.81539,47.797882,3.871595
25.040363,99.43901,43.700825
70.684265,114.02993,58.642406
98.29478,116.88108,37.181767
77.41928,77.10101,-11.628488
88.192245,46.49101,-35.09645
71.5298,47.70348,-48.163475
38.760155,-14.552723,-47.09261
11.408807,2.3799336,-7.8349514
5.3714914,81.91444,41.061836
39.694,85.30656,75.38788
62.45021,87.80431,80.451836
57.783207,100.058945,41.397717
3.773434,57.042614,-2.8613245
-50.30635,26.762836,-16.759045
-103.49096,73.79235,15.996502
-97.02302,100.09455,54.111732
-55.611607,113.12802,43.781067
-70.3403,136.40773,32.23834
-50.70838,112.47614,42.435616
-54.679626,84.114784,40.510483
-75.03911,109.71568,32.07051
-53.33162,139.20276,25.95812
-45.385242,113.73196,38.54344
-32.815876,90.85509,56.791485
-2.8791647,30.534405,38.61224
5.7988095,-53.35955,40.178146
-4.5107274,-45.199528,42.364323
8.604256,13.9850645,17.723623
21.625986,59.71219,12.32715
1.5475699,56.974308,37.000072
-39.3362,54.054806,43.787647
-82.48194,22.947227,37.696907
-84.39237,-19.810452,73.16762
-48.39506,-5.255141,57.461796
-8.736331,-46.64404,47.40412
27.016,-44.4327,44.940067
-28.45241,43.083645,13.41237
-106.50094,112.37239,19.277496
-100.90902,144.35526,21.320496
-110.68039,87.524315,43.89482
-97.775955,5.3764,26.153852
-51.233738,-47.87442,34.30525
-45.720287,-76.172935,58.86867
-37.574158,-58.542934,12.199393
-26.97407,17.530485,14.6917095
-35.79621,73.640976,24.893053
-57.328598,65.19969,31.582499
-51.09319,12.095944,27.911589
2.4141116,-56.634613,20.810478
47.330524,-87.81841,34.003742
64.36475,-94.22801,45.66104
32.542625,-76.03337,24.786829
-30.695562,-77.48394,-14.45629
-66.16994,-39.907516,22.819576
-79.99536,14.261038,28.110502
-51.75288,-7.4103336,52.85669
24.60799,-62.048725,67.33938
61.608616,-144.1929,12.357798
47.134743,-158.20789,27.811087
7.1444154,-125.057365,44.215595
-44.767414,-27.85707,31.869959
-69.83231,64.024155,-9.366715
-92.263885,21.711079,17.015093
-57.3846,-47.780087,54.37154
-23.932991,-135.16927,56.061615
-28.322317,-164.48648,57.881763
8.239773,-118.978615,3.6142943
-19.43309,-59.86728,9.110817
-59.564144,-5.9669614,1.3790069
-68.21446,-14.4895735,-8.427923
-62.224762,-53.84147,6.412033
-17.772085,-23.460333,13.960877
7.600658,-21.401731,40.89502
25.246204,-115.383064,27.358484
23.880339,-145.79883,17.343847
4.6513343,-144.78358,-31.32511
-1.0941168,-94.23322,-81.631836
-2.7959182,-32.821407,-67.38228
-1.191796,-33.85823,-47.817192
9.884485,-77.328926,-15.301828
5.6064644,-125.67867,4.630959
-14.3906145,-79.50959,0.7694476
-21.530365,-97.11556,-19.034613
-9.78059,-104.65972,-61.44659
-0.47652948,-15.004753,-71.652664
-32.368183,6.6950874,-70.92454
-50.219177,-10.2195835,-78.51429
-13.979625,-65.769806,-45.268116
-19.004135,-109.05159,-26.896599
-24.596523,-97.44251,-52.52366
22.59106,-120.11686,-81.545006
6.1957917,-101.000206,-101.95049
-34.155376,-19.186924,-116.34266
-60.30855,3.9866388,-113.6099
-72.899826,-15.789693,-83.21957
-15.4236145,-33.534233,-76.56419
53.933247,-39.121967,-88.25828
84.95862,-45.317947,-96.54962
110.436104,-47.382915,-128.80296
114.83217,-38.10915,-133.35483
73.426254,-27.834036,-132.77711
65.436455,-51.61732,-140.36469
47.92458,-71.81115,-116.632744
19.336496,-36.34705,-90.05747
18.701859,-40.77759,-66.10072
3.733944,-12.165886,-84.4663
2.3369339,16.792458,-111.35329
-14.603691,-18.127388,-108.21111
-18.262257,-25.880926,-106.84585
2.6902535,-32.101414,-118.905655
-9.57213,3.5575068,-109.8351
-28.008867,26.101744,-78.26539
-13.72822,29.532396,-105.62944
-12.667538,56.345398,-126.1298
-16.893381,33.228718,-107.981125
13.096819,14.132499,-104.02654
33.51738,39.629116,-118.33903
45.521088,59.247105,-107.32809
42.522923,70.911804,-64.345856
40.415215,89.74324,-71.385475
60.40325,97.94831,-70.78545
74.508026,85.727036,-47.993996
73.344925,22.76062,-54.1537
84.70292,-55.92712,-43.625523
72.49326,-80.381096,-14.673459
28.682676,-11.518004,-27.2585
38.272144,65.88524,-35.365173
64.17942,83.47179,-13.574445
78.601364,83.18517,-12.708414
65.562256,18.577507,7.8620987
24.002066,-17.429972,10.230638
-7.70739,8.287982,13.75893
-51.88565,72.1963,7.1182475
-91.4627,132.59781,-24.720482
-106.03451,117.12892,-7.152047
-106.820145,117.25678,-1.1852536
-97.36164,108.04919,38.59305
-16.855011,107.06254,53.801968
23.421509,94.60668,10.470831
0.68214184,52.141525,34.335613
51.421963,76.686745,46.737602
35.894558,124.89289,14.569617
43.683475,110.50509,28.72537
96.773,33.30185,88.24117
87.58892,-6.9017844,73.51505
90.87163,-34.567215,45.214245
47.164463,-42.929443,81.68609
-2.5608034,62.941795,59.745808
-15.293503,134.95863,20.66229
16.918335,136.67303,31.050165
13.865685,155.48778,53.944057
-15.50824,95.87751,59.576775
0.6716402,32.844143,72.27148
13.111084,13.082866,85.63403
50.86414,21.050838,56.266014
15.528617,117.27409,59.56275
-19.906551,188.46411,58.944195
2.6710854,196.55292,33.940887
-36.842365,177.40045,42.00251
-56.566597,138.4707,81.15206
-41.164658,67.20818,121.88596
-7.5452766,31.666296,118.90753
46.692772,66.39493,112.80253
38.265533,71.51492,89.218575
6.8917413,37.389286,78.47196
-28.910465,31.85265,56.668213
-29.131496,88.225945,40.078056
53.645767,95.63202,91.24093
77.01161,59.708633,115.74554
36.11354,18.407904,165.38991
24.613907,-29.9693,162.69293
43.047657,24.836681,127.23144
-6.0053086,81.958725,123.28075
-55.944782,19.565857,83.32369
-29.111961,-27.98054,113.58752
-1.8150277,-1.6092526,115.31174
19.038652,7.9401946,111.11555
-8.899034,2.5616093,107.40497
-7.6302714,-18.21735,69.28425
-35.684,-18.328,106.11685
-80.16066,38.065163,47.111454
-61.742702,7.2605705,31.409039
-95.94444,-42.230263,125.795685
-83.24999,-35.032448,136.41035
-85.92799,-32.1565,142.91165
-97.119026,-3.326743,109.46834
-35.693993,-42.13209,53.184357
-36.715214,-72.85122,54.303913
-23.485815,-40.368336,76.882164
7.048579,-14.745856,68.38462
-3.0002146,-21.824282,69.657036
13.965492,-100.796906,83.15631
40.289165,-91.11168,53.858463
27.132774,-58.831444,63.17468
-3.5734122,-110.12405,58.310844
24.55717,-125.68982,51.02974
46.47242,-123.673004,63.835915
20.890575,-134.21123,50.7239
35.98759,-114.60218,39.262993
-1.2111665,-75.5055,20.676582
-43.29942,-66.006065,44.846004
-4.8624763,-38.489807,43.923862
-35.40043,-46.712654,15.133511
-42.594723,-109.73857,6.199693
3.0997994,-90.98293,-3.7076259
-11.409816,-76.69894,0.12773176
-23.869719,-60.068478,-16.077843
-17.717846,-18.482433,-29.174026
-6.363659,-55.073734,-20.917194
29.682611,-53.33135,16.06065
52.528934,-79.01111,16.07372
51.68328,-140.06642,-25.660212
78.03599,-120.58051,-16.513603
77.15541,-92.87925,-22.827084
67.96735,-28.1561,-55.64869
38.667862,12.270497,-64.11634
3.4675553,-7.275864,-57.76242
67.15015,-22.873314,-46.28749
127.85521,-34.57778,-54.961254
132.75955,-80.88803,-54.389362
90.42822,-113.42859,-41.086075
72.98813,-73.26033,-60.716633
44.829193,-18.400572,-66.942726
-21.058939,43.401497,-64.23459
-15.927578,-20.474821,-63.869816
-2.1406069,-105.49725,-38.51449
29.335875,-88.409355,-42.220623
42.115845,-65.48159,-73.47925
6.8922124,-47.947083,-92.86325
12.479466,-88.235245,-89.35941
8.226903,-23.972794,-90.62155
-23.002684,71.84208,-84.374146
-2.4138646,75.17597,-62.186523
19.503996,35.449917,-63.914307
-9.222298,-36.96896,-52.290634
-4.6406674,-18.424286,-43.01186
46.606804,16.183308,-61.167717
82.459564,30.042934,-64.36591
73.24286,14.295108,-24.04071
79.66475,15.973304,-25.813906
132.86867,13.402026,-55.279118
138.70787,-49.80849,-33.705147
101.565674,-42.36521,-46.55921
87.7874,0.033393666,-76.75751
50.04824,12.069228,-93.68162
4.904301,19.748966,-63.472855
10.604089,69.510216,-58.98985
31.690298,40.55188,-89.74082
47.391914,-5.632334,-38.420864
60.159615,-30.330412,-36.399033
78.30321,-89.975845,-59.847248
46.43778,-16.432278,-70.80262
-18.968212,37.80928,-80.32155
-19.035128,39.83121,-42.922665
-52.758118,78.980316,-30.587843
-89.47174,108.064445,-43.40832
-37.31891,103.59655,-55.646606
-38.730267,45.590057,-28.445402
-32.37633,22.102924,-40.167408
7.704401,47.229935,-73.63863
1.020057,80.42331,-39.235783
21.779022,61.208374,-35.87412
12.416181,44.24043,-23.435417
1.2775633,59.054897,-22.8978
6.5081525,56.84546,-56.5044
-45.716423,50.43699,-65.80911
-63.017254,44.793453,-69.18505
-77.3843,86.581665,-63.14147
-102.58438,98.10086,-54.691364
-61.025475,108.09479,-10.826409
-33.768215,144.58382,9.10382
-27.552961,83.00774,4.741548
-39.21373,62.820824,21.857803
-61.58609,80.55515,5.9053855
-49.299976,30.84566,-8.030167
-75.599884,51.77972,-1.3507311
-104.92354,75.237465,6.236452
-135.26978,38.252087,53.177345
-153.77306,48.833138,101.67552
-129.77087,67.350586,73.26487
-134.61829,79.69089,28.521408
-127.631516,127.387695,10.943757
-130.50966,152.49007,25.48747
-132.21455,112.42213,46.613716
-105.84883,33.343075,32.1947
-100.14152,-5.714624,36.57442
-101.19487,-10.544232,52.57179
-55.64437,-5.4123597,55.641605
-1.3436898,72.27022,68.92471
-40.033276,49.174637,51.62812
-67.07566,-39.80471,51.17101
-55.08004,-23.677408,75.94979
-66.0677,-27.139044,45.70757
-71.02655,-31.295029,71.04086
-74.8068,-13.585437,106.66926
-37.70077,31.67702,76.13962
-20.160131,49.621822,58.060837
-66.50803,15.355651,72.46937
-102.573555,-16.583366,107.298225
-91.87083,-78.10564,95.83293
-33.83444,-55.758385,90.383934
-24.805435,-3.580902,75.5492
-74.11681,2.3640676,65.60886
-100.91238,20.895117,84.57351
-94.817184,-13.969883,87.97246
-93.93337,-45.498196,119.71279
-84.11046,-19.43176,83.051186
13.374028,-79.25937,38.804844
75.93243,-168.93181,42.575005
69.628105,-178.87796,68.77563
82.15596,-161.2756,89.60644
72.00371,-129.79303,48.69813
79.9902,-126.635956,46.810146
55.62436,-116.15801,40.325115
-10.103946,-111.61103,47.826633
-38.728462,-100.64375,60.495525
-33.8204,-80.341,58.5287
22.385746,-130.14491,76.34935
61.736282,-145.19157,47.92631
67.79766,-108.78586,34.47533
61.977856,-87.49927,-2.0793042
41.04273,-97.107475,-15.59288
19.311821,-102.61319,-8.59162
-10.15046,-105.79098,-2.0742705
-18.093609,-105.95091,21.669888
2.194207,-125.28355,-10.142227
16.717693,-155.15488,1.473457
-19.849806,-115.90139,-28.958681
-42.372097,-88.71273,-52.836346
-8.959206,-68.580666,-58.183197
1.196831,-66.181725,-102.01178
-6.8217077,-54.085007,-43.202015
14.415644,-53.57055,-25.035738
57.460434,-107.5242,-49.045277
91.32954,-87.81754,-70.05306
103.927155,-120.43662,-77.962524
92.931,-164.23238,-42.87115
100.52783,-103.70063,-101.89509
85.42911,-67.07692,-143.12384
16.851435,-38.538944,-114.4615
-5.6696525,-13.374797,-107.75041
5.624864,-14.3369255,-74.79141
6.5452285,1.3348763,-58.13663
13.13825,-10.303678,-47.065365
28.862425,-44.025032,-49.73371
28.490498,-51.08062,-83.03417
30.179218,-49.805534,-97.79423
14.933973,-22.457907,-127.274994
-56.88682,33.038475,-90.10839
-99.18166,91.43203,-72.476944
-75.42518,100.712746,-95.59095
-15.022327,78.35237,-86.3185
28.832613,50.62503,-115.532936
52.137985,22.82464,-88.9959
88.207436,35.26259,-81.996864
82.02588,-0.39533216,-92.19708
25.773949,-4.533494,-74.77077
0.75615436,64.44184,-102.23122
5.4863615,69.21711,-104.860725
-2.8350973,72.12556,-115.52569
17.583261,70.416336,-111.3904
32.224667,22.226955,-96.53665
40.765926,-36.32511,-88.10866
64.47874,-45.718193,-57.469944
61.46318,9.392841,-52.65307
42.346275,53.943108,-49.94858
-23.48886,95.81366,-63.061134
-58.30789,97.29253,-55.209263
-41.609955,73.55216,-58.808743
-35.20886,55.96706,-108.98445
-4.2078214,16.945684,-105.10238
4.276806,16.494658,-98.74171
-26.302156,17.829306,-69.00044
-45.608696,26.665747,-22.884048
-31.11891,62.73108,-37.31028
-18.721233,72.90661,-50.69739
-11.823506,70.08343,-64.33505
-15.760016,97.02419,-73.25196
-29.820784,129.0315,-76.73818
-6.314054,102.81857,-66.93412
3.6330729,98.74265,-48.06617
-11.395182,102.46769,-61.166286
-29.198362,64.652374,-34.993507
-56.32781,46.676857,2.0849745
-58.08926,32.29645,-14.872377
-19.173098,43.5422,-40.6814
15.949388,61.910126,-38.995205
24.037294,23.679163,-23.323992
-0.93347275,-4.195572,-2.4482133
-12.935288,48.040333,13.364062
-3.382622,121.883156,-14.423892
-33.515057,138.63242,-0.5299965
-49.075096,107.25575,25.380724
-60.680473,99.37357,1.3328024
-68.39278,102.021126,13.782405
-81.80503,73.01497,25.485386
-112.03781,52.499588,40.768017
-86.22384,33.39027,45.39905
-67.411865,75.55294,24.69945
-65.937256,109.0028,27.76425
-47.149647,71.29667,6.1006336
-3.402066,94.8535,16.73153
21.190792,108.10068,53.304287
-5.055973,109.83923,58.68027
1.0519147,75.70364,70.998314
28.883604,1.8643134,69.20124
46.34455,22.205355,74.28991
56.70988,68.15759,54.518726
67.803825,74.80042,13.74875
75.64752,50.910778,17.227474
64.2359,47.19342,31.891684
55.876724,33.4261,65.56552
59.5609,30.873272,85.829704
55.41904,55.45202,73.22337
24.777985,19.996017,81.96595
4.281707,23.533758,68.97765
1.9840462,50.572323,28.244637
12.250347,22.101238,43.119392
12.490471,9.266782,72.50686
-17.005215,49.752197,82.49684
-18.403372,82.17852,67.20179
-25.582518,56.37192,49.5907
-31.905827,32.460667,81.85344
-15.988733,39.892006,47.066536
-8.576441,35.989346,15.347399
25.212593,12.401984,33.699024
45.432667,-8.227169,18.542015
38.88294,-29.176317,42.490967
16.480335,-41.214474,57.01295
6.5917654,-25.76547,36.289486
49.005863,-4.0742984,-12.718478
60.0217,-21.341406,-4.56671
42.05107,1.0702026,68.18066
43.46481,61.47093,40.014008
42.222214,24.568882,27.299376
17.202162,0.10195437,60.227577
2.3560832,0.6135651,61.7821
8.453791,-18.307219,69.04682
9.140955,8.213316,46.0247
63.483887,11.511169,30.62065
99.61354,16.537256,54.23652
89.830765,26.853624,65.61721
72.55457,6.9875736,33.67666
34.690155,-6.719835,37.857315
34.550156,-11.8295,65.690056
22.828817,-13.050323,26.747826
21.426006,-11.999711,13.835423
34.79745,-6.0981174,0.19750328
9.442971,-4.5850472,4.594649
-12.749614,17.115705,44.15849
-0.80271226,27.533836,46.91033
19.409124,18.262506,62.480373
20.470512,11.792531,56.36121
59.498356,-21.111017,58.110264
86.22374,-29.572306,41.401936
86.20156,-18.97797,27.277733
61.07108,-6.8825316,38.027992
25.766685,-9.903848,29.915773
44.742,-45.62355,61.142265
53.63853,-30.530235,37.533314
74.4189,-36.876743,10.627682
66.085686,-60.301773,34.828453
31.431934,-22.814806,34.520763
33.973045,-47.03816,23.584494
3.9951768,-81.18429,27.391905
-21.303215,-69.33058,26.023363
-27.824543,-69.779076,6.989854
-17.14065,-111.48106,13.437923
9.461939,-136.15047,14.1198845
12.998539,-74.97204,16.769728
2.1907902,-36.791245,33.065353
-6.093354,-16.672476,50.623894
13.451509,-43.320023,40.21484
35.56388,-76.43217,21.57763
34.158524,-42.662457,35.053368
3.1203716,-51.279354,25.155422
-4.906328,-76.22558,16.822199
4.895601,-81.2671,20.429737
-3.2295399,-63.30617,15.223501
17.385775,-50.041183,0.7120008
38.882793,-65.261665,1.9847364
25.603975,-96.251526,-3.7136118
-14.446283,-91.45353,-12.31909
9.364691,-90.45961,26.669565
34.143047,-128.51707,32.88566
-11.057717,-95.96823,31.910305
-36.458374,-76.830025,28.99274
-65.31483,-54.05374,14.2921915
-92.1002,8.480983,20.767303
-122.18604,-13.753282,-18.798897
-128.20831,-46.92468,-3.588954
-110.1346,-68.060555,53.000942
-105.40747,-109.55761,49.0602
-79.59507,-108.38374,51.583836
-90.02879,-101.71508,31.226837
-114.612495,-85.830925,6.8641887
-77.72993,-57.96244,-9.627215
-41.540874,-67.936874,-35.789146
-15.4601755,-55.898163,-37.9282
4.9201703,-33.760536,-43.785328
-28.652851,-57.762424,-31.540594
-38.96488,-87.98971,-9.021316
-32.190975,-54.707764,-26.730669
-54.673763,-48.47012,-33.3106
-69.48598,-73.18383,16.519135
-50.647987,-23.392511,-16.744217
-17.246578,-43.86405,-69.099075
-23.129866,-97.74435,-34.420246
-17.306393,-96.96739,-38.731537
21.941233,-134.56212,-16.659443
29.100178,-167.78389,-9.236073
-14.239664,-124.98788,-44.320995
-14.110916,-57.380413,-45.48623
-18.424019,-59.028263,-35.399532
-84.55646,-69.69284,-27.8381
-117.798775,-46.47358,-41.276302
-104.82257,-41.142513,-24.089117
-36.169548,-58.910976,-14.951529
-12.743048,-65.923645,-19.550037
-28.029692,-48.18934,-47.851032
-30.481705,-27.182865,-77.96793
-44.33325,3.8524194,-76.15598
9.723251,-6.903983,-100.1283
45.64388,-72.96659,-98.3281
21.607264,-104.76543,-92.16511
18.518963,-86.81033,-52.665916
46.617416,-96.752396,-17.426344
30.645617,-70.7232,-49.05832
-4.593448,-1.4038095,-58.037132
29.5772,-17.414824,-59.049366
9.484263,-42.149807,-65.905876
-0.7220892,-56.83517,-81.433846
12.666247,-47.5497,-61.350586
-63.522472,-9.113965,-5.7925777
-69.962685,5.55923,-4.853581
-44.104897,36.46552,-47.75622
-49.983,25.840076,-83.524506
-26.465696,16.833464,-84.36556
-0.22483855,13.8557625,-59.308636
35.832756,-57.774445,-7.672702
36.244907,-76.730896,14.9599695
-12.3727455,-18.468925,-8.00346
-29.302164,4.7921953,0.709399
-7.2203517,35.051506,-11.618563
12.069888,71.61299,-39.181595
50.42948,61.250443,-36.026485
62.4202,57.341564,-9.292955
48.236504,41.85436,31.258001
56.30759,48.907146,7.0809793
48.675278,42.33612,-2.7465043
28.048246,20.584618,1.3827432
30.66523,47.629135,-16.895906
82.652534,45.59737,14.591021
87.27277,48.139427,23.138577
75.7945,86.06293,27.855854
85.24227,102.55172,47.709454
57.51255,63.27499,71.58259
21.410088,88.65993,63.47396
-11.698856,120.77574,20.107285
21.982746,61.4559,14.113762
24.287298,48.77108,-0.0891875
21.355026,90.18911,18.781158
26.618896,154.42368,63.295208
-27.90967,146.13696,79.89228
-20.43384,144.18353,75.882545
-32.462257,165.30292,52.978607
-43.034943,141.6967,32.982716
-15.47537,147.05219,35.83071
17.728226,113.06671,53.786625
36.07832,102.64269,46.26227
3.9968686,120.68185,65.39364
42.8221,128.29787,81.43445
101.59361,109.451904,82.308876
102.39003,54.18199,110.04097
71.17699,47.080708,105.91464
28.206867,96.829544,85.39161
7.1086607,143.81163,77.22678
6.0580335,161.06631,88.294655
16.515097,178.88069,99.45591
38.865585,138.7257,102.52479
79.462555,114.127686,109.84479
85.60315,124.42829,122.83315
46.841522,112.601135,153.57613
-1.4824744,130.09943,153.12846
-24.64186,136.70891,123.55437
7.8540845,117.90225,129.63313
27.87253,82.55052,119.60486
19.542795,76.61004,117.17688
33.64445,103.41672,160.23312
31.338102,109.84604,139.15337
10.666047,123.60314,127.657394
16.467669,165.49318,155.91827
22.700909,164.09016,168.05576
58.9437,144.39221,163.29724
122.00302,136.31729,141.76474
132.35866,67.93425,190.67474
142.83305,49.61045,197.72015
185.77873,79.332954,166.4912
221.84813,60.220642,191.96
210.55766,69.33866,165.62408
165.73209,103.78355,141.02277
189.94695,124.803375,161.17682
219.40604,129.6001,166.37048
196.60942,89.461365,173.54617
196.42972,54.696392,214.81877
227.0801,59.462345,217.75119
262.9329,62.755478,169.09973
257.37512,76.99567,136.21037
235.76163,94.75767,119.72589
244.71457,114.840866,135.12215
273.5903,110.98653,142.66795
277.3266,70.58443,136.23116
210.19373,73.79375,127.249115
169.26683,83.02996,75.10524
177.72804,74.9636,-6.313838
156.03333,65.60243,-50.410564
148.58911,23.998184,-82.92459
163.50392,-1.4555334,-94.73153
179.49355,-8.1210165,-54.023525
201.97745,-28.407242,-50.501472
203.15094,4.8058915,23.561705
204.4929,92.722435,92.72676
227.59442,140.5138,85.55012
260.83932,178.063,173.41576
343.87482,232.12495,318.79892
501.00903,244.204,477.85245
637.8473,225.89012,555.50696
700.8699,231.04115,511.44073
718.71436,216.80125,388.28238
604.1728,92.379364,208.49333
412.1849,-92.01724,-93.342705
275.50592,-340.68716,-439.79355
63.543945,-580.16,-539.49945
-123.214096,-626.39746,-539.99695
-188.38359,-562.24005,-581.7099
-391.2732,-389.85925,-549.9891
-531.24133,-112.54852,-543.9667
-525.7152,45.985394,-693.60254
-738.0139,56.353447,-844.23254
-749.52423,70.19385,-753.69525
-463.64532,133.23105,-574.76373
-405.59814,108.77802,-471.6524
-317.8724,46.87384,-416.6799
-143.07523,46.377605,-498.2766
-201.5132,-65.55662,-505.9854
-386.22845,-276.74326,-484.52362
-351.4403,-286.8145,-503.76926
-343.426,-205.5959,-343.94415
-538.46936,-343.77246,-466.5901
-444.2134,-417.25668,-628.2137
-571.7677,-519.0685,-1098.7095
-942.6301,-803.84247,-1832.8949
-1199.5881,-983.94354,-947.17395
-1097.4371,-570.8197,569.52844
-222.83006,325.0397,1321.1793
-21.428102,849.9886,1598.2352
20.112507,1633.3226,1088.9291
366.39642,1356.0867,-234.55717
-723.74567,-370.6419,-1653.7493
-925.3927,-767.56775,-1484.6636
611.60504,-810.6006,-11.903561
674.415,-960.60284,1218.6406
117.638985,-779.9193,1494.1133
-34.360153,-480.6693,80.86353
-1235.1837,-2.2673373,-2405.485
-2503.1335,-938.2782,-3847.3118
-2747.2192,-1749.5122,-2435.063
-2006.663,-1316.9181,-133.45241
-1078.0906,-1022.4457,498.89362
-189.08607,125.264366,598.11273
969.25745,2588.2043,380.8786
577.90106,2953.3904,-497.5678
-2045.0842,546.7075,-861.6354
-3563.0403,196.28354,-485.4928
-2052.5803,-60.585743,340.1888
459.59607,-1915.9414,1706.2363
3796.641,-954.6726,3187.6592
5466.5713,821.0607,2751.9932
3287.79,1404.3912,1590.4282
1137.027,1325.2279,3132.9033
573.4977,584.06146,5993.23
1024.1676,-145.40964,7741.7695
2434.2544,-165.60449,5476.9844
4581.8735,1757.7903,-605.6064
5982.361,2715.5586,-4678.471
4154.5815,230.6126,-5899.203
-1632.3517,-5072.2524,-7064.7305
-8120.0024,-8999.857,-6949.2085
-9903.628,-7327.187,-4472.036
-6257.453,-3617.6807,-945.39166
-1965.9652,1601.6272,2615.7485
-114.3897,7607.533,3593.9346
-7.31196,9866.419,1744.0326
-1287.0328,9019.267,-796.40295
-11.80153,5380.317,-1262.9445
3259.9893,-145.33716,1040.7701
3095.266,-4046.1943,1639.2289
3186.6675,-5211.0933,1770.4592
5073.4985,-4317.1304,2910.031
6420.671,-1945.122,4753.1753
4616.4233,-1004.18164,4838.2656
-823.90076,-1524.376,-1141.4833
-4996.5625,-1224.2468,-8056.2134
-7407.374,-2036.1495,-12191.788
-6219.372,-2698.2732,-11113.212
-4405.898,-3591.72,-7922.5186
-7052.9043,-3753.8179,-6897.425
-8512.447,-1088.8022,-2831.4746
-7002.0474,-597.7981,1991.0026
-3295.275,935.9792,7313.4814
2298.1072,8009.819,14710.266
7852.6904,16174.159,17113.87
11265.375,18953.002,12686.235
11993.682,13144.186,5311.505
13094.283,1685.3887,-1694.5658
10321.932,-10435.483,-6681.925
1241.518,-16135.808,-10538.124
-6154.493,-14756.565,-11730.786
-8132.283,-11937.074,-5813.97
-7787.9556,-8234.111,2453.698
-6101.5186,-4656.8306,4697.1577
-5158.7236,-496.20187,1550.232
-7016.405,5426.71,-2646.3376
-4057.731,8164.0376,-1130.5063
2002.9755,9472.352,5995.2544
4768.0146,12219.708,8071.518
5468.2563,10304.137,2290.4707
2448.6145,3725.666,-6097.8604
1790.5789,-3988.268,-10320.704
3032.7397,-14265.001,-6950.5435
-593.89264,-18937.148,-2751.0205
-6408.4507,-13094.682,-3274.1372
-11469.091,-5397.107,-4559.869
-8447.478,1983.4033,-2274.5144
2479.1338,5324.944,1482.0437
6387.988,7078.911,3791.2234
1082.198,13224.173,4809.9717
-614.3186,13976.167,6247.96
2309.3042,6252.6714,7820.845
6788.2017,-4273.0195,6862.669
12341.442,-9883.739,3051.6565
9730.377,-8259.835,-1398.1561
1018.9946,-4375.721,-3141.5884
-2823.1638,-611.7358,-3215.276
-4533.592,192.19223,-3171.9797
-6138.292,1600.8575,-2589.796
-8205.242,5515.8716,-3170.7734
-10588.754,8530.3955,-2302.126
-7170.5415,6257.024,811.4861
-1323.9288,-1496.0585,5542.1196
6412.7295,-6755.7026,11330.384
12297.454,-11192.901,11366.761
11306.774,-13165.388,8779.228
10082.596,-5051.3125,12145.923
10922.119,7727.7134,12909.186
11888.116,16040.981,2517.039
6641.7446,15486.845,-10468.998
-604.9425,9838.069,-17059.72
-5565.714,1821.4833,-15356.164
-11168.403,-6017.855,-13183.528
-15805.8545,-9653.275,-15470.098
-19813.467,-9585.033,-14057.088
-16252.996,-5488.712,-8524.162
-6198.1797,-3871.0142,2093.635
-1480.4332,554.1664,16170.889
495.5112,8166.462,24706.41
3443.9558,3325.5227,25429.635
11088.124,-148.07063,15477.889
31332.092,4591.6025,5236.2705
38786.047,4086.3782,1833.076
19652.178,1273.9279,-2746.7402
-224.80278,3070.0461,-4593.4526
-9529.0625,6934.15,-2739.497
-10772.941,2532.6633,-4653.0786
-12779.276,-6584.879,-12182.792
-12523.972,-1390.8461,-18257.268
-8748.143,9617.405,-13605.185
-14486.055,3092.956,-4772.609
-18685.451,-11144.542,-2517.907
-10216.252,-17055.584,-3418.3384
-2648.3818,-9692.825,-4747.766
3556.6953,3463.366,-3898.5596
16156.515,6145.905,3301.3496
18625.375,3964.2783,8749.47
8050.0527,-1301.8582,9010.517
-531.0992,-7672.2207,8947.981
-3679.4998,-5181.9263,11087.489
2522.3647,1620.267,15749.953
9034.663,9549.595,15340.853
4416.5215,14942.584,3300.8223
-1968.51,16684.668,-10717.474
-8025.3833,10028.198,-14769.48
-5387.167,-5343.788,-12261.875
10113.737,-14992.59,-8160.4834
13168.705,-18605.54,-2964.2935
5756.143,-14135.659,1097.6707
-321.72107,-4803.34,1476.844
-6978.4688,1395.7694,1481.8745
-7454.6553,9282.967,-2613.319
-10186.519,9452.601,-15294.647
-19690.86,4795.267,-16349.71
-26277.086,879.33307,-1958.5664
-25739.05,-7750.8374,7817.052
-13017.639,-8296.237,8952.648
4657.16,-2915.003,10131.6455
14140.59,1749.5963,13385.301
18847.557,6935.439,17349.79
24681.111,9781.928,21812.719
27814.754,12065.069,12309.328
24352.803,8238.183,-4351.683
24016.762,-715.44025,-9232.671
28907.865,-8103.8213,-13154.755
15469.7,-15144.929,-18138.979
-18286.408,-22118.477,-16854.588
-36514.555,-18957.809,-7944.288
-35599.05,-7341.1216,5275.9775
-32762.672,2983.5464,11417.897
-17588.41,20641.406,7142.466
-3609.5696,31052.395,7094.4785
114.05137,23471.385,15105.345
8654.843,11138.412,6642.2695
12808.507,-4698.8887,-10463.813
12705.902,-15879.962,-11164.501
20523.047,-24705.904,-2378.4749
19654.152,-32342.39,2403.9463
432.74786,-20401.018,-5301.7295
-9697.524,-74.20539,-15388.516
-9298.487,5352.412,-14176.165
-8906.837,7194.7695,-6454.461
-8333.167,16723.38,-7535.3755
-12368.96,22835.709,-13430.099
-10620.583,18359.17,-7774.6743
-578.08527,7023.162,83.6507
5795.013,-4471.7305,5243.3022
-4210.7354,-15375.576,1946.7413
-5855.9204,-19100.973,-6532.275
3960.7954,-13123.248,3816.2676
-7288.065,-3510.869,17204.479
-15543.495,13585.857,11204.263
-15004.2,21753.2,29.109016
-10652.166,18457.637,3784.9663
7313.426,17963.639,14657.947
10625.47,6451.8193,11373.394
-601.5279,-8757.675,-4728.3384
4308.456,-18173.094,-18459.006
19903.496,-20941.63,-13709.578
20741.281,-18760.832,-124.55513
8580.28,-17546.379,1498.8589
-3500.302,-8771.695,-7572.049
-11905.647,-6790.912,-13369.815
-11757.131,-4602.4155,-3872.5425
-9017.926,11441.053,5239.3364
-12755.097,24227.074,1916.064
-14167.423,30995.469,-4263.973
-2690.3064,26513.908,-2428.9194
5563.3384,5635.7563,8278.586
-4756.163,-15459.176,9943.205
-10144.439,-16765.643,3571.1177
-896.17755,-12381.847,3248.2415
6106.721,-17007.984,12403.486
10512.26,-13880.095,22763.857
11479.845,2945.1492,18500.67
12821.71,16715.78,7896.5933
20916.604,14216.265,1794.4838
29865.342,6678.153,-4227.7603
30704.365,-3698.8496,-9044.844
12771.383,-14528.499,-12343.558
-14050.505,-10460.004,-10586.671
-23030.637,-4389.133,524.89545
-14525.176,-2905.734,10248.566
-12799.465,4951.2275,8118.323
-5583.5493,17609.69,2407.3948
7603.5674,17557.244,-1117.9276
-2299.246,-1032.6597,-8856.502
-12471.406,-7716.6914,-13095.713
-11008.784,-5652.9727,-8586.487
-9359.143,-9562.7295,-2242.2065
-3926.041,-9280.43,283.2494
-695.31757,-6059.374,-509.6162
-664.71814,1757.9691,2779.415
1244.0406,-914.2645,3857.655
13178.784,4.398846,5868.56
27287.367,16910.984,14135.983
27513.107,22073.285,13107.148
17074.434,17532.137,5151.5884
7895.7876,7157.1143,2809.3723
2594.0364,-1978.0798,1116.1583
-5608.6934,-10169.6045,-2862.8398
-12640.473,-22805.812,-940.4462
-16685.041,-27411.812,3031.5442
-21340.451,-19435.682,246.93056
-24946.195,-5018.1655,-7476.043
-18802.49,5809.6235,-14087.598
-10855.337,10600.92,-11867.518
-11247.408,14940.173,-1054.2085
-5978.607,30697.242,3205.2263
4412.6323,37182.695,-3950.509
23389.291,19479.234,-9906.396
34800.176,-2168.1423,-9101.092
27565.291,-17378.895,-4377.8755
28449.953,-20330.355,-2219.8618
25430.473,-22325.797,2484.3062
14742.239,-19391.39,4841.2783
5752.669,-5164.7495,-6945.866
-8291.312,4605.054,-11472.138
-23164.64,9546.239,447.5041
-35928.617,8280.401,11217.63
-35810.582,4250.9453,14492.504
-22340.533,8073.2476,17066.092
-10803.646,16481.889,16958.893
-2104.3186,14715.741,13466.954
4660.562,-1073.5485,9785.161
11433.02,-12603.587,-158.64073
20901.07,-13128.091,-7701.4526
22757.86,-20900.568,-4923.5483
13520.769,-27077.58,-1854.7136
6965.858,-8135.6772,-4375.2285
13927.043,11077.817,-7163.201
11195.743,10681.752,-8037.5073
-347.25986,12309.683,-9164.884
-2164.4702,17155.61,-11500.465
-12453.908,2492.2227,-8425.238
-18407.373,-6054.6343,882.5576
-14684.641,13187.673,2944.6753
-12706.744,19972.23,3401.5857
-4423.9717,6665.202,3777.8914
6930.9697,-6574.3022,2829.0898
15109.988,-12999.71,7960.5703
14420.248,-18091.629,8246.529
4238.3438,-27479.445,-4830.668
-6447.5713,-25743.535,-15427.319
-6608.7876,-11937.081,-6172.326
-6033.7827,2653.1936,3981.549
-9084.955,2096.443,5946.46
-2440.8206,-3836.4436,8774.744
16897.916,4154.5474,7788.048
24757.63,7412.445,6074.027
5689.0127,11923.506,4417.5864
-4650.73,17661.3,-15.870739
2287.2266,6834.676,-5131.451
2402.3618,-762.3877,-8043.9546
-2248.8047,255.57993,-12386.513
-2667.925,-21.849016,-16605.19
-11984.086,-3748.7207,-18174.098
-24271.54,-200.13875,-15173.23
-25034.94,11295.995,-1387.1158
-32166.223,4985.0225,6537.1494
-32244.09,-1505.518,4198.567
-10776.42,4033.1382,8633.039
16372.053,1031.8912,17173.799
28784.379,-10541.144,14924.639
21075.25,-13650.502,2460.4849
12281.311,2215.8716,-3202.6982
6213.6797,4684.8296,478.94574
8250.636,-4235.053,4311.134
13540.578,-4608.133,5544.3813
8750.127,-3997.6995,1885.3549
4430.1934,5410.5796,-8408.168
6817.435,5283.429,-14009.721
9497.904,-1430.3362,-3037.304
1181.6154,-1903.8739,10476.379
-17994.0,-2315.7183,9220.739
-25054.904,5603.8145,1410.818
-13096.509,3689.6714,422.95026
-9432.065,-9421.79,286.41046
-21372.531,-11413.06,-5341.294
-27522.602,5965.0703,-6907.412
-18279.816,31921.205,-4626.34
-6060.44,34294.434,-7611.5347
-2112.9607,9963.216,-11344.581
328.2431,-15936.496,-12340.874
11207.486,-30178.537,-12821.872
14676.395,-26938.166,-8146.6743
3235.5059,-4004.5369,2575.9033
9633.958,15907.021,15338.209
18067.416,15482.578,25318.42
18484.066,7552.8555,21904.873
30686.453,-4160.572,4212.9976
23844.846,-13266.64,-6157.599
13700.5,-5501.8804,1162.5243
19447.732,1104.518,8954.191
2303.2131,-1584.058,10896.873
-27206.941,6300.9243,7589.263
-32951.09,8997.317,-1801.8352
-24985.44,-363.73862,-4727.8496
-22537.783,-2770.0952,714.3535
-19964.713,-505.46176,3775.6548
-9221.515,585.76135,-813.2706
-1277.7808,-3905.1475,-10064.423
1369.2635,-1873.3975,-12656.091
7402.266,9953.001,-2840.1682
8896.721,10368.914,6469.8223
12337.867,-1115.82,4946.91
19261.838,-9422.646,4526.3843
21595.494,-12220.532,14914.872
23589.357,-10359.2,24285.008
19392.023,-1011.7853,18335.18
10025.46,8736.049,5038.4785
-939.36316,13355.195,-4103.27
-8237.718,10521.956,-12594.209
-8671.494,1336.013,-17078.166
-14265.148,-7347.776,-16007.99
-17818.64,-7241.5317,-19048.787
-9506.186,-14319.244,-18292.475
-7023.921,-31546.06,-8197.377
-10314.829,-23709.812,-1062.7612
-6217.4673,-1862.2332,8136.6934
3089.547,17088.287,14772.292
14308.656,27164.014,5075.576
20772.95,19527.346,-4119.0615
23170.262,7166.782,-5402.8823
15854.071,-10781.759,-10740.62
792.14923,-16063.534,-15835.921
-3884.4895,497.60422,-12980.85
-1326.8252,13318.8545,-8808.545
1554.5166,10801.61,-2990.344
-6054.764,-2519.308,6652.7183
-11776.526,-5742.3823,11901.981
-1085.8591,4159.715,12493.28
6199.961,12093.277,16574.146
14830.094,21110.553,24364.408
13337.843,15077.7705,21862.31
-1229.6508,-15585.426,7620.393
-2535.617,-34699.844,-4808.6367
-7067.119,-36750.6,-8253.293
-12677.522,-35111.633,-7170.679
-10114.739,-14603.167,-9032.415
-12404.919,26523.148,-7688.114
-16204.412,57464.44,-4237.1323
-13411.614,53742.21,-7638.0923
-3202.5703,28421.85,-14159.138
5291.326,1001.1064,-14362.6455
10983.774,-12688.957,-7085.417
13956.042,-10809.464,-136.66339
8264.393,-18466.594,7891.9873
-12328.839,-40076.426,17345.23
-24450.742,-45791.344,19154.506
-13317.509,-21563.625,14135.761
-15422.068,13541.766,8607.47
-24065.602,41985.152,1170.8705
-15037.091,46285.137,-7307.009
2210.8435,28296.373,-16886.633
19493.795,11153.363,-27250.768
24836.69,-6136.2227,-27999.357
22900.9,-24695.973,-19371.215
29685.635,-37159.98,-6379.975
26828.809,-37733.34,1615.6985
1842.3228,-29951.594,-252.16913
-16937.121,-25022.967,4812.3594
-21435.0,-22461.184,19928.324
-24784.164,-10773.364,32399.498
-26577.48,21366.562,27973.125
-23605.613,48952.164,8577.911
-23136.176,55578.426,-7675.8306
-21688.8,51683.074,-16725.232
-2942.046,29808.814,-22150.3
16171.776,2018.2764,-22078.52
18287.494,-14211.285,-13723.812
18904.057,-22538.408,-6621.097
26353.385,-23779.754,-1559.118
34237.445,-18037.043,4228.8564
33619.207,-14442.979,5451.701
20281.188,-12238.395,13242.604
-1393.8544,-3931.2805,23491.992
-23943.39,-2854.1123,21514.047
-29806.508,-6000.5522,13426.987
-16404.094,-1704.9635,10951.415
-4984.877,6075.0034,12958.78
-2857.4785,22144.664,8944.804
-9097.362,30169.201,-1363.0427
-11052.831,7555.724,-11828.126
4846.7173,-17939.584,-11651.457
21782.664,-16123.284,1620.8558
29980.684,-12877.4375,10589.1
34265.137,-28013.69,1601.0051
26470.896,-30628.918,-13396.158
4450.6714,-11429.676,-16108.753
-18463.139,448.4186,-11837.296
-31597.002,4307.0317,-4380.514
-36143.754,13152.965,9849.949
-32567.146,22965.625,19040.2
-17573.254,30569.918,12036.086
-5114.423,30207.404,-6574.516
-7797.772,23891.607,-23756.918
-8154.1426,12170.621,-26324.162
-1339.9324,-5661.033,-16197.676
1889.1633,-12018.728,-10336.3955
6160.791,-16819.766,-12750.544
13752.017,-30743.984,-12017.917
26756.303,-29515.6,-165.51178
31063.775,-8461.924,15472.1
14849.096,18457.525,20886.023
-7383.083,28702.727,15286.447
-12743.084,25749.572,3636.0269
3087.4475,27760.43,-6259.926
10029.224,17339.889,-2920.847
5293.1997,2622.0764,3079.0327
-13512.205,-6449.41,-4673.0737
-41259.477,-21027.043,-15432.117
-39747.367,-30854.63,-16363.697
-20217.086,-32765.484,-11138.703
733.19116,-29294.604,1799.1188
20806.533,-20385.27,19995.988
33653.49,-6196.7827,23373.268
40925.082,15549.079,12520.719
35457.363,26711.83,2437.6638
29377.6,23400.062,-4412.4272
20771.475,22172.59,-7951.87
-5710.16,11699.993,-6549.505
-31827.348,-3319.207,-4142.744
-39901.945,-18429.271,-5655.0107
-24737.416,-28362.352,-990.3616
-3247.4028,-11026.18,3924.8884
-2015.5658,-2076.4707,-4045.1262
-16492.627,-6445.895,-11712.061
-13449.033,14811.451,-4858.8765
8585.459,29884.195,9525.847
13769.197,5978.79,8173.7754
7931.861,-14103.92,-3382.7346
8382.098,-5834.9688,770.9476
10391.475,-2548.3772,15960.175
3078.7678,-13494.464,24345.846
-12262.732,-18374.746,22701.225
-12836.86,-3831.1501,10478.011
-2074.1301,11363.322,-736.5423
15145.533,17384.977,4884.3936
33760.72,27433.158,12703.676
31083.5,25760.227,14440.435
24509.715,10514.816,9123.907
26697.172,-8527.01,-7503.652
16078.997,-29983.89,-14142.534
-1171.4963,-26997.12,1246.8765
-7894.3833,-5490.795,19662.41
-4231.628,-4327.872,17582.828
-2172.664,-3419.6855,4203.592
-6162.4316,13049.552,3677.4797
-6008.8804,18759.549,11436.122
-4896.9478,18356.236,9887.512
-16069.371,21681.389,-8290.721
-28729.955,17488.979,-25174.906
-18422.176,-6957.782,-24301.328
2198.5261,-39489.234,-14435.687
4445.024,-39818.07,-4009.711
-10846.317,-6977.936,1361.0042
-13100.304,6821.8726,-704.07996
8704.291,-968.2082,-4794.4033
24845.174,12633.557,-7474.7065
16010.5205,35919.973,-7350.083
-10392.063,35057.58,-7467.6035
-23880.748,10267.342,-10768.553
-9580.409,-13914.154,-5168.8013
10282.933,-22651.818,5050.6196
12711.701,-13375.295,-18.886904
-4999.5005,10609.992,-5518.1694
-29115.844,27780.734,7487.214
-37569.688,33211.023,27528.438
-16368.138,32287.223,31648.438
4514.6216,17738.025,14318.498
8280.629,-2516.0452,-4170.629
24930.902,-9755.862,-10580.815
48921.16,-12150.325,-13580.846
49981.137,-28992.477,-23482.24
32795.906,-46412.598,-28256.273
15828.364,-44974.457,-20090.521
-215.2624,-28821.303,-9210.104
-20495.578,-3374.7542,5284.713
-33752.777,25828.256,15434.707
-37275.094,38259.977,11922.86
-34611.562,31691.342,6471.1016
-19519.145,28367.252,4290.5073
-15353.905,27601.5,1574.0748
-22200.281,24641.566,-8692.339
-9762.736,7607.0938,-22777.006
14595.791,-31620.273,-19187.398
32592.883,-58874.49,-3042.7346
32111.25,-61991.414,3522.3765
14921.652,-50946.984,1191.3506
-3629.729,-27935.043,-1736.9237
-14679.228,153.97655,1352.9442
-21016.959,18470.2,11170.168
-16904.377,14714.2,19543.033
-2748.437,17548.662,21150.668
1680.9473,40261.88,11799.763
-2440.766,44530.12,-5121.5737
-3346.6804,24669.457,-16799.682
5803.9834,8455.972,-17182.865
17788.52,525.7259,-7671.2236
25533.21,-2354.046,723.6527
33669.42,-9728.68,2881.3823
39094.344,-24834.098,708.1569
36747.94,-34307.832,-7474.475
16717.764,-29093.629,-6599.631
-14185.219,-16555.436,5193.421
-29873.557,-22546.398,11117.506
-26526.586,-32956.426,7789.915
-22210.998,-22245.955,-1353.0353
-20951.408,7267.697,-6473.3784
-19127.201,33358.33,-321.37708
-20565.623,32900.566,13721.381
-18228.676,25556.566,20757.355
-12149.596,18059.645,8183.0566
-8398.246,4008.2595,-11443.447
7098.1943,-10852.3125,-17026.459
24267.03,-15268.682,-8782.058
12058.532,-10288.263,-3214.9065
-16956.434,-12863.588,-5675.0986
-36120.98,-19848.943,-11467.65
-30315.316,-30851.787,-9177.158
-7971.4863,-29934.494,6549.234
6027.2764,-8519.566,14029.744
19593.303,12883.155,8156.47
25020.385,27446.527,5455.6885
7015.5957,42078.883,1063.8967
-10062.275,62437.227,-9164.307
-4161.1685,69148.63,-13301.324
7863.57,56663.03,-8887.505
-1605.6946,28066.182,-6412.993
-5637.4824,-13350.009,-6411.379
17635.129,-36798.66,-7480.9536
31303.8,-40316.066,-11074.585
13856.468,-37476.086,-5912.465
-15177.854,-22753.654,1883.5175
-30477.48,1202.962,359.34268
-21223.822,5439.1587,4047.5283
-3564.9656,-14608.728,14942.409
-439.2329,-25585.348,17247.031
1234.0941,-29648.988,10337.019
20276.781,-26380.107,4039.5452
36913.574,-10155.109,6075.078
24596.078,1371.3563,13254.781
1749.1666,10108.711,13482.9375
-11698.513,19319.879,6908.169
-25255.84,29908.926,1983.5503
-26477.38,34919.566,-572.2257
-11074.983,27626.477,-2248.1497
4853.3164,19707.998,-7580.8643
7947.4087,-295.37515,-16477.271
-972.7817,-38827.824,-12391.685
-1186.4167,-57107.72,3301.4937
-2062.582,-31789.596,13037.999
-8787.301,7762.8438,13777.042
-6109.7764,24347.717,3676.1074
482.82037,13237.152,-6198.1216
4508.734,-4091.509,-7209.0684
2442.9207,-15473.293,-12465.678
4097.5464,-17750.56,-20610.045
15821.46,-6359.114,-18891.191
19776.225,1765.7301,-6955.5483
3556.206,2842.721,283.55786
-19582.61,11048.331,3104.3835
-19880.197,14995.401,10936.033
2668.2295,15388.827,11304.075
14560.751,26541.629,281.71643
10728.247,27777.13,-10572.422
10280.062,2383.0576,-6276.553
7260.773,-17784.148,11413.049
-183.83138,-9435.144,23710.562
-5366.2964,8998.58,26375.508
-12363.655,12148.2,18001.684
-14812.501,-6940.966,5196.6123
-9480.519,-21504.896,-4899.692
-3120.3215,-12270.898,-18641.416
5332.0005,3123.0293,-25621.678
12371.38,4543.7153,-17703.467
7827.6226,-156.94398,-6700.6055
7608.732,5432.783,4249.7876
21553.705,9168.661,17619.52
30936.008,4087.436,23635.521
26610.05,-113.12858,11378.656
10126.31,3294.925,-3427.5254
-10095.821,7349.349,4651.8364
-20732.037,5022.3135,20320.406
-17971.566,6441.3213,16905.482
-12246.912,-730.446,4459.5596
-4657.167,-5851.0234,-9170.749
5252.83,10725.923,-19207.078
421.42944,14844.956,-10811.869
-15587.74,8221.276,-1207.0016
-22036.762,10537.036,-2645.596
-14930.305,-4545.7744,-10274.169
3569.3418,-24174.799,-20593.18
19704.275,-17725.244,-13163.797
13659.527,-10933.658,3751.9067
1435.614,-13996.937,4350.4478
7211.391,-10892.873,-5039.865
22382.69,-5377.2153,-4613.2563
27902.344,-8659.452,-374.39456
20993.066,-12321.959,-7042.397
8590.012,-1347.5326,-9592.071
-6438.6846,8534.51,-2276.1357
-17746.938,5276.236,2825.9714
-16995.334,-201.53998,2021.8491
-11830.178,6297.505,-6271.2314
-17135.576,25929.457,-13846.753
-22777.328,42463.66,-6045.616
-22451.332,35010.64,7460.755
-22683.898,10654.543,11425.267
-15497.188,-410.1232,12745.96
-4549.8276,-10504.216,13361.545
6566.775,-33601.695,9292.067
21330.957,-47822.195,3094.1367
24820.607,-50929.15,-1186.5995
13429.842,-43206.8,-688.85297
5972.842,-19559.996,3295.167
6712.435,-5659.0825,6966.5176
8832.894,6020.2065,7305.907
12971.505,36738.062,2442.6802
19509.277,52484.88,864.3699
16339.748,39554.926,7446.4824
746.5745,17421.861,5144.443
-13930.791,4018.7712,-7085.1235
-19155.023,-7266.1484,-9709.543
-8001.205,-25969.23,-6119.1333
-4112.238,-33015.49,-8954.442
-18929.295,-23529.531,-6017.3154
-27436.16,-685.83496,-1329.1208
-22811.21,17326.504,-3915.4604
-5255.612,11446.829,2343.5874
8136.9966,203.94293,7469.85
5551.161,1627.9988,3565.6382
7942.753,13944.989,2027.1593
23743.447,27851.7,5982.8345
26434.65,21706.719,17010.738
8828.83,1821.5316,29207.475
2627.7512,5489.357,29795.592
8816.422,17556.023,13005.752
16348.322,4672.484,-2710.068
28825.363,-16215.216,-1684.2325
29981.137,-17680.709,2515.5432
12012.481,-12264.766,3284.4382
-2822.2761,-18270.85,3765.3518
-4982.0654,-22999.18,-4509.8667
-13319.452,-14702.767,-15670.578
-27739.387,-164.49834,-19558.14
-33528.184,276.7253,-16498.205
-34470.598,-13718.449,-9562.832
-19795.9,-24100.76,-9248.388
4627.995,-17817.27,-7940.6274
8080.2144,6554.424,1323.191
1191.4021,30394.51,4024.983
-3429.344,42388.184,-4853.741
-2068.7505,43074.27,-11651.292
4862.3115,31426.855,-7638.1177
319.86893,11228.907,-3820.206
-3887.1755,-6385.3545,-2840.4146
9406.681,-16576.021,668.4653
33316.914,-24386.7,4674.4614
43194.996,-33066.973,7254.056
20689.16,-40334.547,7521.473
-10252.022,-26271.89,6428.188
-24164.582,11982.363,-522.4556
-32345.947,39596.824,-10382.335
-43134.234,47485.234,-15560.8545
-40966.156,35399.188,-16318.017
-25846.502,6974.7095,-9177.884
-13221.885,-3747.8647,-3329.9365
-967.3981,142.76437,-5380.0913
9056.076,-4377.4976,-3255.5903
6417.735,-11558.1455,4703.467
1155.299,-16813.29,4744.9497
5952.2554,-23362.416,-4129.7686
20888.809,-18697.434,-5234.8574
33192.85,-1160.4888,-3678.857
25391.557,8871.811,-9881.181
6591.6284,10033.457,-14376.34
-10661.331,11928.437,-9948.234
-29083.266,15570.678,-3915.4175
-33533.0,6715.523,-6749.7026
-18229.385,-11076.151,-9621.276
-6745.085,-10436.624,-7232.333
-693.92114,3485.662,-1386.0133
11875.632,6063.0806,8849.328
26799.734,-3207.387,15357.759
30163.557,-12843.163,16140.664
10362.818,-14473.76,11244.059
-13854.757,-3100.4507,3265.9536
-18718.03,3357.7505,1623.9023
-10751.307,114.07044,7913.597
-2764.8928,2042.908,12186.345
9389.324,4538.1904,4479.5366
23847.2,6143.3643,-4429.4136
26780.484,14376.769,-2055.5244
20483.973,25072.943,6166.1445
11447.555,20477.762,14256.292
1038.4445,-2037.4702,23396.258
-4926.9907,-32569.225,32212.111
676.6212,-59625.504,29595.523
12630.822,-64344.65,16117.446
22780.742,-40876.848,3346.194
26011.816,-6478.972,-5684.613
14985.321,16091.153,-7610.604
-449.7871,29390.691,-4949.0303
-7621.1636,42276.246,-5536.1025
-15368.2295,46992.676,-6705.3257
-22869.059,34584.633,-393.35028
-8444.154,15574.476,5796.8555
3488.2063,982.10394,-1990.2179
-12596.793,-18877.58,-12131.143
-20118.459,-33213.53,-9727.73
-13816.142,-32108.889,45.41357
-17557.809,-26711.645,4450.339
-13848.469,-12084.469,1797.7198
8214.862,5338.9644,-1142.8806
20688.863,6354.036,-4224.118
15079.006,4374.5254,-6075.2793
7774.8896,16827.57,-5356.3066
3009.625,34178.992,407.19662
-9172.934,41357.402,7439.4478
-23975.662,34395.97,10309.652
-22386.562,25584.275,13480.837
-8666.364,18913.3,14857.619
6599.1133,5790.4775,10907.068
14326.245,-8392.96,-1478.6929
11901.471,-18390.475,-17242.658
3918.5784,-26468.977,-24064.613
-311.1326,-30972.068,-20436.74
9509.781,-29746.836,-10830.225
11415.764,-19158.896,-5609.8623
550.82605,-6185.9937,-10459.159
-13636.991,-2730.4783,-15266.837
-32630.266,562.92426,-8852.987
-27140.14,10005.047,3043.1057
-3357.4622,11300.309,1291.4324
4097.482,4103.779,-10122.18
6752.584,7796.7617,-7964.3496
13724.98,12480.58,1619.8243
17153.91,-3800.1333,3137.5857
13980.05,-20399.143,2610.6416
5916.4604,-15587.24,10071.529
-5090.487,3626.3655,24688.127
-19302.436,21191.234,29379.596
-30711.209,25179.047,16921.822
-36881.746,11922.432,239.39192
-36040.02,-10863.563,-14474.421
-21246.146,-21722.91,-23597.867
2913.7808,-15786.696,-20975.773
17049.516,-660.6542,-11746.195
24416.422,13956.821,-5629.6904
33242.555,16638.367,-3131.508
37723.41,10672.418,3414.2493
38570.348,-5975.882,12420.29
18388.348,-27240.084,17807.99
-11479.541,-32062.14,18302.787
-16702.402,-31384.469,13472.306
-13076.273,-39679.887,11974.147
-14003.279,-36692.9,8772.328
-9869.84,-14967.862,-4959.0864
-17167.06,15590.115,-14193.473
-33630.516,44556.05,-11142.194
-31251.908,52758.402,-1586.9678
-20147.031,39757.11,5056.262
-9769.458,24245.975,1987.7396
-1000.85236,20121.389,-5314.762
2721.627,16790.457,-6263.0254
10593.184,-4026.8354,3275.6294
19183.74,-24922.877,9704.137
23908.611,-22122.871,4323.768
20145.754,-8090.7,-1419.1735
10758.148,-9665.79,-66.80393
8378.707,-16626.984,3569.7588
8863.289,-9014.328,5650.0957
7093.9097,-5722.0786,12231.7295
688.1347,-7380.181,20141.387
-9593.729,1992.39,21608.047
-10759.483,5489.587,14626.782
-5632.8784,810.5474,-1928.0083
-6585.001,8274.026,-14473.926
-8411.362,14416.325,-17767.64
-4147.094,-1026.8549,-15789.134
3370.9468,-18998.934,-14043.982
9570.36,-15617.71,-22457.242
10323.996,3188.903,-24619.352
5396.82,9702.918,-5104.0845
8070.971,-3422.373,19710.893
16850.914,-18243.564,22809.32
9235.305,-23547.273,378.37756
-7851.4175,-15136.766,-18540.42
-10693.247,-6246.033,-18717.613
-10676.675,-7454.549,-14443.773
-20609.742,-4802.801,-12994.64
-20237.418,5589.5093,-9802.123
-5029.264,6492.626,-8418.662
2862.902,-6588.456,-13487.1455
-3843.896,-10506.672,-19844.504
-5615.624,804.93976,-17935.172
-920.4766,4702.771,-6973.656
1398.6595,-1270.7817,2427.0764
8856.422,-6019.194,6975.44
11918.888,-7207.721,9386.679
13653.527,5275.477,8967.784
14475.642,22887.654,7218.641
6936.06,23767.96,5187.0273
5057.2617,16874.398,332.99527
493.2974,11332.053,-7676.6484
-347.19257,3408.8213,-15092.991
13564.165,-4547.7554,-17889.29
16306.685,-8612.057,-14501.747
4838.1284,-8324.392,-9155.761
-4185.52,-10336.241,-4940.2847
-4036.2615,-10653.511,1506.7957
3432.792,611.42883,12240.233
12133.982,11103.269,23663.484
25179.287,12535.006,26442.22
31536.732,15318.239,21362.973
18670.889,16940.084,19321.945
3366.9968,12804.105,21485.137
-7353.753,8733.488,21392.426
-15108.886,3075.7112,11574.574
-11682.259,-7213.259,-1753.3486
-3517.6511,-14530.839,-11103.197
-5303.73,-8875.836,-19786.75
-12387.944,6374.592,-20177.201
-19359.846,19328.717,-12343.389
-32601.715,19727.543,-4122.766
-35024.234,7881.701,762.5125
-10155.032,-4324.4966,-1751.59
19569.023,-13126.131,-4861.188
28406.28,-18435.318,-3989.6804
23529.611,-16474.254,-77.41293
15922.467,-14536.93,5023.9883
4629.0024,-11844.812,8462.631
-854.9251,8154.3647,6802.4175
3214.5352,24955.258,-364.09467
10988.682,14661.04,-1174.7963
14522.306,1145.629,4815.423
9130.534,665.09393,1528.4435
-48.50811,7175.6763,-9412.9795
-7614.3525,10415.851,-10571.389
-4520.973,6156.062,-3491.3525
8472.624,-2975.2344,-159.66522
11166.683,-18234.332,1974.1095
-297.11777,-24353.666,1330.3151
-8265.023,-9550.744,-8063.477
-12822.067,6385.915,-12248.356
-20220.559,12427.663,-3022.3413
-25723.193,16539.229,9353.793
-27749.611,17044.377,18036.693
-23159.578,11542.865,18428.672
-17008.383,7976.467,15294.148
-11588.824,14560.192,7871.14
1661.9235,17317.877,-5470.2656
12010.344,2584.3489,-8302.344
5571.594,-9365.863,-4564.264
-8449.9795,-7355.1606,-5087.4956
-16791.06,-2106.0002,-1160.569
-22841.873,-101.15843,5099.1943
-18540.6,-5012.563,3920.273
-53.81809,-13235.818,-205.978
9802.341,-11765.226,73.33828
9286.393,3356.0312,1689.3191
4785.0166,11926.628,-2184.485
2038.9224,2470.9246,-6397.1655
6230.6636,-957.75024,-4902.763
7716.9736,9905.974,-2950.6653
6664.817,18196.46,-1211.3466
11144.283,21401.49,356.71042
17303.1,6557.7363,2970.345
20573.764,-28462.574,10194.3125
21567.283,-44130.684,15975.628
18076.732,-25591.025,9648.417
23903.488,-3109.8997,-7139.173
34390.8,-946.29224,-16932.39
32641.533,-7360.586,-12531.373
22872.312,-6115.715,-3794.9717
9246.765,-3116.5596,1317.4967
1375.8472,-3287.9888,4282.0
-938.9402,-2335.8228,8768.88
389.21985,8006.9307,15843.406
-1378.0314,20538.559,21673.629
-12369.879,23778.83,26142.598
-27130.418,28499.88,31366.223
-38746.152,38940.906,27299.852
-32970.656,39815.168,15003.181
-16933.584,22768.334,6131.1885
-2983.0737,-732.5486,3923.0547
229.88559,-16844.143,-1043.2332
-4830.4517,-16605.623,-11344.587
-3204.19,-9292.683,-9257.164
-1311.7324,-6632.782,-1816.5862
-142.77672,1805.6965,-3840.273
10753.889,11111.204,-4591.682
31119.312,13410.341,3847.76
37987.41,4844.1743,10117.46
20911.887,-19954.912,2555.6577
9055.976,-49628.37,-8210.488
2778.1423,-76745.51,-7766.2124
-12578.423,-91976.99,6657.831
-21190.46,-79236.23,23047.59
-20736.91,-39956.324,26585.865
-20294.385,9198.599,13338.722
-26320.045,53551.16,-8806.672
-37830.15,85743.37,-21867.865
-41965.402,111902.7,-24099.844
-44457.51,120902.58,-22842.494
-44298.21,99679.48,-17810.143
-26913.086,65299.414,-11525.393
-4139.118,23128.785,-6695.807
14096.55,-19531.568,-1695.8894
31765.904,-60632.37,1586.4501
50149.645,-107211.19,390.11407
76394.734,-151523.11,-404.02393
99698.8,-174824.8,-3555.9429
95212.61,-157141.8,-11372.091
67056.53,-106928.414,-13329.982
28894.67,-29997.016,-8695.537
-23624.352,60104.44,-7908.093
-74536.625,136355.48,-7589.9395
-95801.52,188802.05,-968.42914
-91654.164,198057.22,2821.4026
-77369.61,163507.95,5930.7295
-61690.676,108175.4,13385.02
-39636.26,42662.77,18816.346
-13985.304,-23058.256,20763.082
-1733.2329,-73705.72,19831.76
4691.689,-101988.016,26204.512
16577.775,-111043.836,42256.31
30046.2,-104948.25,47288.05
36881.18,-82841.61,22522.242
39957.34,-50327.316,-19489.203
51184.035,-19261.879,-52906.39
70371.29,5644.753,-73670.2
85242.67,21877.602,-74547.97
87753.414,36525.61,-56441.88
85350.47,51446.91,-31250.803
66141.7,53667.56,5498.394
23276.377,40143.316,47152.324
-13336.846,16297.256,79582.74
-43524.777,-11458.557,93509.1
-80583.09,-39030.535,81819.26
-107052.14,-54527.34,52664.137
-116950.18,-47647.78,23104.564
-119248.81,-15405.1,-1417.5332
-109759.59,34893.65,-28142.775
-81951.78,68585.445,-54975.438
-46574.09,69884.13,-69709.664
-14600.371,55400.586,-67043.34
16701.654,34692.254,-51465.46
37713.688,3453.4238,-33547.57
39910.938,-40762.562,-15502.009
32058.9,-86959.49,9478.959
29401.645,-116072.24,29808.152
37452.445,-126475.375,33084.85
43109.555,-133820.06,24070.77
50886.07,-122765.12,3626.6428
63182.02,-70321.734,-21156.81
54143.793,8483.491,-41080.145
17767.605,75868.75,-51392.176
-15135.31,108023.18,-45103.13
-39829.656,113817.69,-26307.549
-65349.043,102937.11,-7896.6885
-55859.793,80007.13,1167.7386
-8091.029,42310.77,8970.253
38539.75,-6193.467,22353.639
57109.03,-34760.12,23279.557
36697.883,-36970.1,-1069.2799
-2683.153,-33346.453,-31039.637
-31226.516,-28304.744,-43256.79
-38893.773,-5851.113,-39733.613
-35893.824,42439.098,-28212.844
-29312.818,98529.35,-19545.547
-16772.764,129894.82,-22621.613
5084.041,116041.17,-20011.955
33690.695,65197.266,461.82568
55919.32,-7537.1953,25345.78
60380.51,-79870.04,44961.035
35907.383,-125747.95,58691.75
-15905.92,-131938.3,63774.73
-67058.3,-96475.11,65351.137
-88106.0,-46436.29,71645.58
-79780.98,-11554.247,68776.46
-64541.832,8006.3965,39661.996
-42572.355,26707.76,-3619.3928
-9042.49,50750.73,-36214.555
27857.87,75125.44,-49796.855
64896.195,98789.55,-51679.47
80141.03,104303.92,-47258.082
65017.76,64408.766,-42686.188
42817.516,-3478.3918,-40727.117
23959.834,-54439.69,-37579.688
13165.391,-69501.05,-33416.85
22678.445,-57506.062,-23103.143
41708.188,-41902.402,-7546.767
38215.17,-30543.629,6786.811
12183.934,-23923.414,13562.922
-11709.233,-32276.076,5291.191
-21002.9,-48675.727,-5170.3325
-29563.766,-57168.273,-7829.2124
-42663.848,-48493.312,-1488.6862
-41038.926,-35726.22,13249.185
-35678.133,-21994.266,15818.787
-40115.184,9809.268,-388.48114
-38124.008,45992.207,-12609.556
-21184.611,58520.23,-2385.6106
9749.582,56884.312,27367.797
46378.367,71835.07,50236.08
66461.52,89987.0,43232.492
77312.96,80502.74,22599.434
81963.36,43308.58,12602.253
57370.54,5170.2246,9171.236
16365.571,-22150.266,742.13324
-34379.242,-39751.4,-15156.148
-84305.22,-29540.342,-32511.04
-108543.305,-3194.9058,-40289.504
-109944.24,14312.0,-30061.951
-85617.01,18196.453,-11594.865
-39782.15,6737.722,-2725.673
1175.9318,-18265.84,-2205.721
24643.303,-28900.795,1119.2544
42194.504,-9370.908,14374.317
51651.26,-4094.6365,30907.984
43891.38,-27682.113,34052.14
36007.01,-42440.934,20589.709
44133.074,-29366.064,8007.7925
60489.508,-2337.9326,12979.758
62215.78,23526.584,21836.29
40812.086,34379.79,16425.742
15554.497,16442.963,2634.014
-3038.7903,1555.721,-13393.856
-26321.496,20633.412,-22768.762
-53199.855,60584.65,-12754.179
-88924.44,90883.75,1478.9971
-118147.86,86484.445,-3319.64
-96921.484,38775.062,-13904.3125
-44522.676,-55436.652,-7363.17
2221.2349,-151967.27,4741.781
35295.66,-202255.6,3389.6538
55022.164,-218553.1,-2058.4226
78337.11,-206470.92,-783.42053
97326.08,-151599.64,-761.70526
75410.06,-57073.45,-4061.0762
25126.152,41104.074,-4597.5063
-441.48785,104973.34,5449.6797
2913.3071,139452.69,23789.826
14042.411,165950.03,25505.012
27840.926,191411.6,5012.6504
51166.67,197032.2,-11785.644
77698.836,146788.9,-7399.8115
75357.52,49423.066,4267.903
46924.438,-35776.04,5138.4795
7456.829,-71482.93,3629.0962
-33179.957,-58256.38,9094.823
-60841.23,-40744.473,20926.156
-83396.74,-65530.24,29152.234
-93201.164,-106175.18,26938.562
-95669.62,-116443.17,18407.064
-111218.7,-89372.766,9467.13
-121234.61,-50612.383,11679.565
-109448.83,-14964.865,17108.46
-76350.42,7813.602,13893.823
-32190.447,2961.7632,5519.708
7232.0977,9493.5625,-10582.12
38349.73,49621.973,-31062.238
61780.95,92671.37,-35936.04
72685.016,125792.49,-15490.212
68015.875,139282.56,9492.698
58633.13,121483.77,17450.186
58287.832,69052.625,10636.32
73545.97,5352.6514,3687.826
92129.82,-35850.625,-4609.661
84803.875,-61028.883,-21147.975
46368.043,-72284.93,-30434.566
8550.448,-59672.38,-26889.004
-23873.205,-32282.875,-22061.457
-49300.277,-9057.722,-9996.6875
-28519.229,-14444.033,10793.128
9341.526,-55125.71,18478.111
24560.166,-106678.27,11163.484
37790.33,-124818.766,5986.199
33534.67,-91284.984,15322.397
-5030.976,-35163.75,35939.047
-41178.246,6316.782,34489.867
-50062.95,25170.889,-4295.241
-42132.207,43396.273,-48666.88
-28666.254,79751.914,-61816.703
-30147.74,127652.0,-45098.305
-39415.83,160419.0,-23063.848
-38711.926,153470.1,-325.81598
-38854.836,106050.914,19104.916
-15409.695,63621.246,26521.08
22154.248,50108.926,28487.764
28272.883,35003.85,26676.125
18821.457,9869.456,12779.43
20607.379,-23127.514,-8905.511
30817.236,-55913.797,-18814.133
29896.625,-73971.48,-8056.51
21156.805,-73161.68,13207.529
16422.08,-56330.594,24734.79
-5278.3833,-43872.703,15120.787
-25805.965,-48602.56,4877.8477
-5448.699,-70987.04,22047.041
19471.215,-93494.36,56565.633
16426.75,-89443.32,74525.61
18695.152,-65932.86,67735.76
39847.44,-39590.145,45186.29
60191.875,5669.002,13073.053
54024.1,77114.48,-14705.718
19721.602,127587.984,-23130.752
270.81076,117729.805,-15986.537
5471.414,73874.125,-10315.374
10975.21,46959.445,-6663.7446
16690.36,37423.844,-1298.4686
1563.8851,-3084.7576,-5154.241
-45505.438,-83195.28,-15740.459
-69689.41,-155471.86,-11782.87
-66819.29,-173258.55,2321.964
-91909.76,-133356.55,-1652.4073
-139613.98,-85619.2,-24073.703
-165066.88,-49625.36,-43826.29
-142791.11,5920.075,-46723.816
-95649.91,72864.266,-29434.506
-61861.594,121743.45,-7864.5796
-28894.229,134150.56,-2924.4324
18394.322,103965.07,-16049.72
58642.742,56798.59,-28267.95
82255.2,18542.123,-17889.443
87085.54,2079.6677,6204.1655
60701.254,-4217.1333,19615.543
22599.502,-16586.965,22674.861
14939.278,-40276.203,27604.066
41178.035,-73686.57,27747.795
56064.977,-82851.18,987.1044
33195.82,-55685.473,-42555.184
5006.161,-15724.58,-66827.484
-1853.9175,12179.138,-66963.19
-1561.1812,28362.305,-61280.26
3475.6711,40692.06,-57408.68
39374.77,27172.02,-55830.457
108660.79,3000.3657,-51125.26
167822.5,3073.6675,-33016.516
159290.03,25723.44,-5222.026
80266.81,46183.24,24687.664
-17962.713,50972.453,45337.39
-99066.734,54433.14,40342.867
-142454.06,51777.66,18957.002
-159552.62,40467.008,6335.793
-174088.66,43357.152,10463.243
-179980.0,51318.285,20897.736
-166250.19,39956.34,26004.111
-121351.97,14489.331,18483.203
-56380.39,-32371.37,642.24994
11824.261,-89481.21,-18997.084
85985.08,-103125.93,-37191.586
138945.53,-75166.41,-47866.73
134800.8,-35762.047,-47125.695
93426.664,12952.047,-40749.996
51724.82,48086.617,-24032.328
16091.357,47381.027,17863.283
-5598.291,31938.29,64444.016
-10524.046,14044.104,80969.79
-17244.477,-8606.604,74573.1
-27477.148,-17669.967,54990.29
-30861.898,4934.0776,21881.158
-25551.389,51221.707,-11583.033
-5564.72,63858.67,-32869.094
19183.36,25040.434,-41374.08
27077.688,-7802.003,-43188.598
11969.096,-19533.422,-23717.705
-8407.53,-28559.648,25290.416
-962.0198,-45975.68,68063.98
19477.482,-74891.52,67161.0
21559.402,-94297.49,33582.977
8659.837,-93630.46,231.00095
-13784.244,-73871.34,-26002.197
-19240.348,-25980.924,-41710.246
7148.8213,10504.678,-41949.355
32651.494,-9457.209,-36374.848
47733.547,-28703.2,-36995.86
74353.14,-7300.4365,-48127.055
109203.2,14661.069,-54377.008
132620.33,27534.03,-38725.08
132498.94,39204.246,-8219.257
99994.05,47333.117,20678.146
49093.094,64005.92,41454.953
11147.641,94015.79,53877.887
-9537.962,103581.55,67173.766
-23165.188,58602.605,83109.516
-27747.855,-11419.834,72260.85
-36565.707,-59796.426,27159.604
-60929.68,-67465.664,-6213.9287
-87262.305,-49079.082,3902.6812
-105694.516,-50408.477,37152.664
-104890.33,-58661.094,61337.934
-77598.26,-41314.594,59303.33
-33975.84,-27757.885,32177.518
11970.454,-31060.826,-1390.1962
39703.9,-43285.055,-24634.883
36029.457,-49099.8,-31821.871
17634.068,-17092.977,-29206.611
-4056.1045,37437.355,-33416.117
-37543.785,76307.94,-43222.68
-73281.03,71154.34,-37204.688
-85098.62,21898.623,-14222.723
-57665.137,-13874.822,11424.4
-16872.61,-18869.023,29738.555
10721.4375,-17928.352,36449.574
29396.166,860.2014,40716.99
23676.273,39126.312,38315.46
-10904.6,74619.164,12553.866
-35402.7,89499.59,-29077.559
-26691.025,83039.695,-59684.816
-17336.13,72588.57,-62355.87
-21194.385,62325.934,-46510.926
-1390.1653,48305.1,-26699.373
36946.645,37421.65,-3478.9517
60191.19,27302.553,18318.287
74743.59,9525.692,23799.574
81316.19,-21042.686,18691.674
62950.734,-67707.89,22683.596
39512.477,-121781.73,38703.188
27407.318,-165780.89,56517.79
31673.457,-180159.64,55964.88
49605.94,-166142.6,28364.0
44196.086,-137258.94,-6532.042
10218.293,-96280.234,-30482.586
-28792.738,-36111.54,-48159.156
-56830.465,61844.91,-60404.61
-59478.918,172596.62,-48491.1
-37743.992,227286.92,-18018.107
-12699.5625,198203.06,-2904.506
2071.9048,115936.57,-5450.127
5527.4414,36980.31,3916.4133
-13944.373,6713.048,29470.473
-52704.938,30503.375,44013.89
-97965.83,66321.71,29095.73
-133981.66,65232.348,-10618.284
-138875.64,31295.496,-62259.43
-111556.01,7660.8135,-101757.375
-57632.773,8533.425,-100793.51
10645.545,5614.7188,-65180.133
71779.46,-19961.215,-28907.354
116751.51,-67104.875,-9593.777
134904.16,-115370.27,4015.6958
118623.875,-126995.51,19861.625
85242.3,-94306.89,32211.182
38354.914,-44225.867,38783.785
-9076.906,-373.08755,39304.273
-24617.861,34758.387,29252.576
-28711.545,69575.51,2530.6677
-44620.664,109047.03,-27498.584
-50190.406,127585.66,-31712.406
-30207.447,92348.266,-5117.1875
799.64935,33585.598,18961.82
32995.254,3342.602,16267.411
62704.363,-3638.0325,323.2925
71564.63,-20736.994,-14741.837
69825.34,-47287.19,-28049.39
69211.62,-69097.98,-45109.414
57578.574,-93668.375,-61026.336
45209.59,-119326.78,-53437.312
35636.39,-111477.11,-21087.002
21293.025,-58950.586,15550.583
8445.932,6216.193,48396.016
-945.7145,53816.52,68303.54
-17019.412,57461.855,67757.92
-53685.395,29291.14,60643.664
-94492.45,6199.2144,54349.297
-108370.21,8965.519,49827.652
-101066.73,37449.832,46680.477
-83326.8,41530.5,38609.37
-48857.117,-656.7083,25800.28
-4357.14,-47594.56,8569.002
42820.812,-63652.594,-6805.741
95062.57,-53917.68,-13090.417
126919.17,-49114.582,-15309.287
119246.2,-50451.363,-20530.906
96480.305,-47319.367,-24684.701
58373.12,-39338.566,-22904.879
812.796,-18828.73,-26872.043
-48898.168,6325.127,-43619.727
-74442.92,24216.662,-61695.816
-70909.914,52078.035,-60605.797
-58854.434,92674.0,-32163.428
-62293.992,107914.87,1477.301
-70063.945,71582.555,18745.621
-52526.652,13666.538,24212.312
-3877.7815,-6576.6465,28621.045
28445.363,8908.466,28204.996
4813.168,8709.349,18857.385
-50352.49,-12319.603,18220.744
-76825.75,-36364.773,36717.938
-55532.848,-66147.516,52821.66
-20557.73,-78329.04,43658.645
16418.746,-59293.863,16649.055
54635.137,-42128.793,-2289.2551
74424.84,-28764.934,-7731.295
69507.49,-8259.144,-4780.654
40258.508,17848.047,6031.308
-2524.8923,41667.113,13156.569
-30178.676,37554.2,10394.652
-26445.494,7746.7417,3836.935
775.5806,-26076.467,-2746.311
11968.185,-51374.633,-13702.997
-10821.152,-69890.125,-30655.338
-27367.428,-73803.305,-37984.832
-15614.162,-52213.3,-19928.568
10902.049,-23605.31,10644.694
37968.176,-13641.211,23881.35
56107.016,-41776.15,11957.094
66771.125,-78583.734,-4357.0547
74246.21,-79436.05,-1744.1223
70968.01,-56316.535,15408.189
52457.125,-30551.402,25106.945
28980.664,-8039.5474,25498.988
6117.3867,6422.404,31229.684
-17694.98,21743.242,42776.76
-40230.723,38281.75,43840.164
-57091.598,39460.598,31169.334
-62804.98,23868.904,17056.186
-52839.617,-4674.9575,195.35884
-30976.268,-27592.117,-18410.768
-7033.706,-18577.96,-24899.316
922.9037,13355.68,-27548.969
-17491.467,46310.58,-35877.29
-44788.305,66601.195,-41439.758
-63885.836,57243.11,-40546.39
-69135.35,32198.93,-34430.06
-52895.42,44132.41,-24543.912
-26888.232,93326.65,-15241.243
-18226.842,119795.414,-16273.753
-14307.677,106004.164,-19903.318
7222.4062,82650.39,-11177.709
31845.346,50675.04,4169.7534
45740.098,1343.5095,13161.22
48247.94,-37455.555,7319.432
36171.91,-47440.46,-8394.319
10733.78,-53613.504,-22841.889
1417.7887,-76112.234,-25769.984
18746.74,-92323.64,-14828.596
35324.375,-75765.95,2144.5627
43828.598,-21647.564,18384.842
37268.746,39904.184,24683.346
18391.846,80875.96,17091.752
11537.497,99474.445,3917.4148
13997.204,85318.02,-2606.4675
5298.8765,55913.496,-2680.8325
-19645.496,36605.5,-9351.285
-40083.16,27355.832,-19316.986
-44227.71,25125.932,-16352.199
-44897.734,33353.598,-6584.0366
-52426.625,47962.242,-4358.389
-62787.96,57858.016,-8353.707
-48672.89,83122.85,-16964.379
-13484.487,111996.664,-28157.383
9326.822,95367.08,-35507.84
26858.727,25526.035,-29428.44
51700.133,-70748.984,-2435.3955
78730.28,-141818.12,29237.135
98147.98,-151019.34,37058.73
93412.61,-114731.65,24882.723
61406.48,-66908.69,12212.948
23651.904,-30892.361,-1036.4554
7316.4893,-14265.136,-5946.5776
12819.899,-11183.229,4864.1484
25449.08,-15354.724,17198.088
34727.574,-3676.839,23584.309
26116.219,41021.08,23121.055
-13222.137,90425.66,11906.766
-67765.445,114247.12,2914.6667
-102602.164,101247.7,9426.992
-106779.77,71808.4,9759.778
-83385.75,59451.266,-5070.1343
-44060.098,52388.53,-18704.488
-14991.753,34716.777,-27652.873
-9089.888,10097.65,-27920.498
-23720.1,-24118.719,-15789.346
-37739.992,-66820.97,2674.4272
-29227.443,-103099.37,16765.479
-8707.9,-114213.06,24742.148
3921.2307,-105235.35,29929.145
4782.383,-90385.055,27451.56
4369.144,-71808.195,23536.518
6879.286,-41645.695,27398.54
5546.516,1966.3062,32845.44
1840.7102,30286.174,26032.484
-5261.8164,30271.484,-1161.9735
-15409.993,24033.713,-32506.598
-13384.51,20602.08,-43655.3
3545.4214,5783.686,-36980.832
20943.56,-16438.422,-32170.541
32872.824,-20848.338,-33121.88
29986.055,-15133.593,-29234.469
4987.1187,-19897.713,-18419.547
-10447.623,-30002.998,-5692.804
-4061.6514,-39410.08,7603.274
-7766.547,-52513.42,18934.832
-19659.629,-68004.1,24854.443
-18657.668,-83811.53,27517.05
-1025.453,-90224.64,26356.926
16791.072,-67067.87,16157.67
20107.596,-24086.96,4971.482
23376.242,2379.9983,7311.3667
25743.393,-7617.4775,10409.228
22075.979,-26975.27,83.786674
14476.406,-19735.494,-9024.675
6442.2007,8572.324,-5763.6714
12521.725,42756.418,5550.026
21386.475,81434.07,7291.106
21926.371,116434.67,-11304.49
9678.562,124332.84,-34779.508
-11994.218,99008.23,-45885.934
-19656.213,61752.68,-47321.062
-19488.354,37742.945,-50029.28
-18410.723,35956.863,-42738.92
-3486.4175,45241.383,-19263.242
13146.268,56715.844,-3460.9792
13911.904,60172.97,-4444.704
5779.5806,46847.164,-7436.588
-1687.7589,16347.531,-9848.763
-4216.655,-34689.965,-13837.097
-6855.4536,-84968.65,-7508.356
-19582.559,-84739.72,6143.357
-27852.781,-29231.68,17834.832
-20082.645,23646.06,37343.965
-13234.66,38744.18,61198.84
-16517.354,32183.049,63237.816
-19586.764,26389.176,39323.727
-11184.094,36985.293,15961.329
5215.2886,60168.3,3718.756
6803.8096,57976.79,-2691.0508
-2926.8096,18527.271,-2816.6252
1450.8914,-28176.592,-422.4933
13866.191,-62641.84,-3662.5308
27706.408,-74720.46,-13405.838
35045.484,-71385.13,-23833.86
21579.895,-60519.89,-32720.557
10426.637,-38748.805,-37543.93
9696.687,-19068.24,-40425.703
-6883.5024,1881.8158,-42109.03
-38611.316,43173.125,-37034.28
-58992.094,82985.19,-24599.93
-48339.207,81575.766,-2497.4143
-18932.342,36462.95,25721.162
9383.491,-30798.916,50361.105
32734.72,-92589.17,63490.355
47520.21,-123747.35,62905.027
52725.81,-112501.07,48047.535
45252.09,-86456.69,19678.184
25519.88,-84706.336,-6060.1587
1912.5541,-90104.125,-13286.531
-9752.795,-79060.46,-6163.9956
1247.3439,-35617.805,-4924.4263
25692.506,38132.05,-10117.221
36331.152,96392.1,-9009.9795
16032.631,114746.94,-3356.6426
-2212.6245,88975.86,6288.662
597.45874,39490.906,10711.447
7485.094,-241.21606,8464.937
12069.114,-31838.871,11081.074
18013.875,-56156.484,17119.195
26521.467,-69593.984,22993.047
18330.932,-72977.125,20209.719
-36.599358,-55275.035,4043.209
283.94122,-22538.514,-16927.195
11916.508,4560.3164,-35740.64
12986.971,19051.986,-49572.812
7232.9893,18120.61,-56261.215
13488.541,5190.0796,-54471.547
31610.814,-3243.761,-41554.645
46138.016,8452.26,-10495.953
37628.707,33680.703,29187.95
5345.0254,50806.71,51661.38
-24494.477,48938.56,53240.527
-26277.824,31447.773,44084.918
1625.1466,20608.672,28107.824
29354.68,32391.883,15215.253
39238.156,55692.605,10596.047
31167.047,73977.016,5793.6353
9631.057,73151.84,-4392.91
-83.28747,50791.832,-10083.091
-5928.2305,14935.27,-3245.5527
-22766.98,-25356.291,4222.768
-25489.326,-57265.1,2711.941
-12526.875,-71733.734,-3081.3508
-3886.634,-67701.055,-4778.9624
-13304.631,-45888.71,-105.89254
-30638.145,-7954.3833,6614.065
-38132.375,30766.904,11832.172
-38581.9,51871.047,7767.0293
-36680.3,55881.16,-6958.2544
-39797.055,49321.215,-19307.834
-37065.438,37912.695,-22776.49
-20720.201,27965.861,-20995.59
-6009.8403,18110.209,-10883.589
4515.238,10469.746,5843.5815
9189.815,10814.339,12920.718
5950.349,7798.3086,7323.2476
1106.2361,-8362.742,699.4687
-3963.646,-20583.553,-1796.5026
-10229.168,-14314.985,3255.8044
-14924.334,-1151.0271,13962.282
-19567.105,6110.6597,15078.165
-23161.018,4759.094,2611.276
-18546.635,-11001.255,-7747.3833
-9333.876,-39523.195,-4296.399
-3743.2812,-59352.312,6944.3
-1786.5125,-57793.93,10189.658
4678.2188,-50878.863,-111.28785
12093.838,-48409.215,-17666.207
9629.116,-42594.98,-35347.742
10308.785,-25678.94,-46549.434
25505.504,1880.2527,-44574.13
36087.266,27529.986,-30231.12
23506.182,46644.734,-14887.443
565.9849,55498.41,-5921.835
-9507.887,45205.88,838.86896
-3098.5613,19711.508,6103.269
-445.5058,-5604.6035,8752.705
-16257.363,-5871.1724,17129.625
-35714.473,30642.54,26007.902
-48095.246,78728.6,20820.209
-55846.29,103413.1,5576.9316
-56772.965,99528.414,-7129.469
-49102.27,77276.69,-9577.509
-33669.113,42067.01,-2511.453
-16099.034,10379.824,5418.7236
575.4611,-2000.2096,7538.0283
16816.64,-1680.4115,8284.641
29254.604,1382.0939,14427.797
38843.254,-6743.753,24649.08
50464.56,-32289.846,36446.812
58500.81,-50121.04,46311.38
54229.215,-51660.242,47757.402
42345.77,-42112.832,41713.605
25546.63,-21304.76,32030.982
9884.859,-1813.7346,18334.518
3724.1006,9390.622,7151.887
-4776.0977,9367.535,4903.6416
-12093.392,-3056.1045,6375.5137
-4308.94,-22792.314,4482.593
6722.4917,-43972.04,6010.659
2884.6628,-56897.418,20862.531
-15411.872,-50663.617,36908.684
-29843.287,-32488.424,34537.008
-33400.508,-19727.59,13582.871
-32881.31,-9462.482,-6290.3438
-32931.44,13070.62,-13299.104
-29873.531,50266.793,-13522.887
-14718.092,76048.11,-12273.586
7363.1035,63410.094,-11394.069
20041.41,19640.758,-11055.051
25504.42,-30261.486,-12406.65
41285.43,-69563.07,-15550.537
63410.9,-90472.52,-16067.534
74612.43,-85385.23,-13850.553
63104.11,-64079.016,-12216.11
34807.47,-41649.836,-11284.577
7374.271,-9273.208,-13684.134
-16435.598,31367.127,-15400.546
-33353.73,57034.613,-4568.76
-40481.875,65256.87,11389.964
-42299.832,66158.195,16170.172
-41071.605,54681.29,6338.5557
-40292.445,28926.223,-8362.626
-41379.324,277.1512,-16408.486
-38687.918,-22723.469,-15459.226
-30144.275,-43992.746,-4213.086
-18754.842,-61768.96,7580.2524
813.2293,-55789.336,4195.172
18349.324,-26911.238,-7567.9517
10722.108,-5823.702,-10579.146
-10942.793,-5456.7686,-5703.178
-21291.248,-17860.771,-2030.4733
-21061.5,-36559.67,865.09845
-14457.013,-50065.55,3396.5867
-860.3674,-51942.81,5114.2783
5944.3643,-46752.418,6313.1104
-1598.105,-34797.895,4299.605
-7191.237,-23682.03,112.98727
-751.0267,-29563.209,-2170.2678
3465.2822,-43787.12,-1955.263
-2954.6775,-30233.322,-2532.3762
-10865.313,18166.828,-4710.6523
-10925.825,72966.72,-4888.4033
-3365.1074,105076.65,-2389.7979
7610.5767,95836.984,-1006.95215
17315.379,63500.285,-7566.6426
20745.068,43369.836,-25484.268
23613.559,50193.74,-42790.0
22522.867,65870.13,-44437.938
6890.6904,60340.51,-29482.88
-14339.553,37736.395,-10587.854
-25173.484,10571.449,-841.2715
-15195.7705,-20101.098,1071.3839
5378.06,-47918.79,1579.3774
13116.144,-64063.977,779.5262
7507.263,-59438.676,-4298.101
3805.2417,-43968.387,-9959.257
6038.0117,-32020.07,-13017.079
6432.6846,-16181.715,-18734.9
-1748.5245,11067.426,-24810.336
-11632.25,50317.08,-26034.246
-14590.608,80772.82,-20918.541
-13618.718,81200.086,-11010.505
-7329.8286,69166.53,-3909.0881
12785.412,60811.785,-1785.529
42910.074,51865.094,-2508.8733
61487.223,34950.637,-4828.6343
54023.797,12536.18,-7098.3774
32116.65,-12016.118,-5365.463
17586.605,-41749.902,5261.3257
19928.84,-65125.543,17385.46
36375.965,-70196.32,19252.188
60166.336,-59537.887,9918.26
75198.91,-44631.824,425.0712
67108.945,-34011.52,4611.4033
41570.758,-23592.146,12755.368
17962.125,-13831.774,6284.85
7675.0137,-16323.355,-9859.087
4866.8027,-23619.885,-19026.799
637.88776,-20007.797,-10814.632
-9396.544,-16452.352,6293.0317
-20403.096,-15787.913,15544.729
-26429.008,-3760.4482,15028.374
-32102.703,18877.303,13177.071
-43865.15,42993.793,12645.732
-60402.402,59514.406,7204.958
-67870.984,58892.95,-1210.3953
-61042.89,38174.01,-2361.0315
-47610.664,4133.4565,6729.3735
-30227.166,-25950.865,20846.064
-10918.751,-31983.46,32880.867
6848.55,-17046.271,39506.125
15483.329,-2242.8867,38667.86
17745.795,2799.2422,29281.629
20660.104,1322.7432,16444.252
13095.702,628.47565,8755.166
-2870.3784,7281.48,6375.733
-13613.277,16035.75,950.4537
-17215.041,13016.552,-5497.9253
-15177.579,-3615.375,-2620.4521
-16350.539,-24386.396,6244.0566
-25382.117,-39473.02,7802.8716
-34123.85,-45326.227,786.72626
-36928.773,-40970.625,-6560.6904
-35845.574,-20607.979,-9610.125
-35752.207,8448.086,-5559.375
-34252.26,25124.197,422.86572
-21159.873,27466.059,-1068.8389
4784.1777,28894.184,-7739.109
31322.207,29175.855,-14464.762
51505.34,26427.678,-20153.043
62619.2,19212.492,-21848.725
60829.76,1704.5724,-14339.062
51470.55,-16176.824,2072.2988
38978.504,-22326.117,15184.283
29038.0,-15868.495,15787.635
23969.078,-5121.9316,9886.904
14183.932,-2066.9663,7370.7236
3578.1362,-1746.109,6709.6255
2924.921,4035.8362,2077.0737
11048.338,8054.164,-1622.2692
15111.114,7957.2764,-1866.7443
3015.1792,6179.5693,-4031.6055
-16779.828,-7507.1216,-5044.873
-32183.16,-30714.785,2352.2876
-43305.43,-40594.145,12615.679
-43856.133,-31892.012,13624.914
-30863.842,-21815.959,6327.145
-21034.48,-21367.697,1344.7656
-21320.594,-19555.572,2035.9299
-23729.064,-10171.926,1591.9119
-20840.035,-3838.6204,-996.49097
-15031.534,-142.15419,2024.5621
-18458.5,6856.358,9632.124
-27587.654,14925.193,12700.504
-33136.016,21531.064,6796.5947
-30441.203,31126.31,-1742.8423
-16326.402,43494.395,-6545.136
3693.1716,49134.574,-7215.3228
24261.922,43251.707,-2501.687
36022.566,26852.158,5982.9717
34735.707,10999.6,17826.492
32724.6,2762.845,28635.592
36094.78,-10496.318,26374.055
42950.28,-34477.375,12531.625
51732.258,-53527.895,-899.0519
49282.523,-52724.465,-10667.3
27632.328,-35291.234,-20573.244
-74.91374,-16073.121,-31073.697
-24113.01,-6609.6704,-35424.316
-43166.215,-9713.759,-28686.826
-51492.58,-15717.832,-18102.17
-42522.773,-9984.749,-10070.695
-24194.045,5157.01,-1608.752
-12388.904,14790.186,5986.4497
-9756.132,9243.564,5696.262
-15554.103,-6873.337,-2860.3376
-23034.773,-17768.154,-10186.235
-20234.158,-16776.764,-10894.062
-11324.878,-11077.642,-8982.679
-724.11084,-9666.235,-9415.1455
10012.083,-12298.082,-11650.886
12445.195,-5810.321,-9448.496
5656.273,15167.284,-4181.006
-895.0116,32945.11,-1219.5604
-895.46356,34871.67,2051.2578
-2481.4243,27086.11,6968.056
-9445.706,15395.825,8613.165
-13683.487,6841.507,2542.7107
-13918.233,4664.1743,-7276.8706
-13139.183,2681.4338,-11764.935
-12875.768,-1583.4657,-10783.256
-11465.297,-9291.736,-10376.046
-8072.701,-18678.195,-7912.292
-4795.6733,-19221.68,-1566.8542
-2922.9282,-3893.3757,-1001.9722
-5750.8687,15878.296,-7645.4463
-12972.408,21773.674,-12522.421
-15463.859,10885.046,-11807.675
-7626.5864,-7797.204,-4788.213
2712.8862,-24351.943,5926.7593
8546.175,-31656.818,15548.823
7156.2646,-28750.367,22310.67
1907.2052,-23855.04,25785.09
4944.083,-26844.643,28136.736
15185.508,-38783.94,27595.387
23943.111,-47606.465,16913.627
26716.652,-41625.57,1123.0468
22721.24,-27629.334,-9454.667
18177.64,-12953.88,-15260.44
12649.384,321.91357,-18878.973
3300.284,9897.629,-19542.664
-7065.5063,17652.2,-16087.908
-15181.39,22744.115,-10995.248
-15074.32,27101.559,-6677.505
-7917.246,34977.26,-4314.2104
-1815.6603,47827.984,-5150.0977
-3272.465,60109.08,-6742.756
-10259.648,67592.65,-6728.6587
-8475.677,74846.625,-3981.1199
5842.24,76527.35,-3398.2
18866.234,67267.2,-9497.495
15223.145,46734.605,-14914.32
-3899.5269,18926.266,-11253.923
-22381.598,912.6905,-205.03818
-28499.83,-7576.4077,8564.18
-23903.45,-19717.371,9462.421
-20500.85,-30250.117,4244.097
-19282.111,-32560.389,-3098.7197
-14637.983,-27555.348,-7952.3857
-3557.0083,-15043.196,-4338.5566
11793.291,-248.62575,7523.0537
19852.48,9708.458,16021.764
26476.594,21114.863,12435.742
41098.34,41968.85,-1169.2416
50933.332,57033.492,-13320.37
49789.78,48394.61,-17528.822
46568.32,21467.229,-15924.688
45189.79,-10901.886,-6012.8843
42608.867,-38883.38,7208.7197
38354.684,-49697.75,13090.869
33660.11,-41475.168,9023.765
24194.287,-30401.531,1088.6143
14204.053,-27965.328,-2742.118
10315.783,-32269.963,-5769.09
6270.845,-32133.43,-9015.488
1451.1837,-19639.215,-5613.184
-1781.8048,-1083.1548,4315.48
-3434.521,14869.177,12768.6
-6440.4834,22601.71,14384.313
-16226.88,23300.725,14162.694
-28137.1,22386.602,15213.32
-31744.324,22455.66,13751.572
-18096.854,26642.633,8887.821
9756.355,32654.38,3847.121
35772.3,30773.842,-1762.6072
51799.227,12745.751,-9395.593
66690.01,-16083.179,-12825.0
79045.17,-43295.652,-8932.92
70379.95,-64411.16,-3632.9214
41839.773,-72261.52,-2110.4583
9855.25,-60025.336,-1721.4172
-17813.607,-29322.04,2486.3523
-38020.75,13625.997,7918.4766
-54799.58,52533.875,8760.946
-72039.83,73278.33,1013.24164
-78312.59,78298.64,-13557.952
-68100.23,75260.664,-23761.217
-50657.836,62075.09,-19992.979
-33296.234,32696.535,-5024.1597
-18875.494,-2745.89,9853.977
-5141.114,-26427.428,15051.501
6106.1777,-35925.78,9147.746
10262.177,-38859.027,-452.7396
11519.184,-42348.47,-3426.652
15017.939,-46653.71,2383.7258
18549.072,-43851.035,10684.578
16621.469,-30750.71,16849.998
9952.918,-14539.123,20246.469
-1558.1475,-1921.6802,19785.104
-20912.193,6923.278,15099.877
-38431.168,10791.152,8898.714
-44576.52,8351.901,2636.0735
-43150.336,1660.5485,-2242.0054
-37924.715,-1845.7625,-4381.432
-33201.1,4758.864,-5664.0312
-30260.727,13936.296,-5973.4653
-25390.008,15446.546,-4386.3105
-19548.832,12161.828,-614.2383
-9130.48,6978.527,5035.0015
9774.31,-289.74002,8787.957
30646.46,-2695.0823,8065.009
42238.277,-4416.571,4312.3037
42394.965,-15022.415,2098.7368
37913.484,-28817.629,3189.1377
32055.443,-33349.29,4079.0098
30414.736,-21154.207,3463.7224
32408.271,-3737.1858,2390.5679
30266.379,2454.735,1808.1315
24030.428,-3397.768,723.5253
19386.09,-9175.784,-2968.2153
17398.234,-5419.1177,-6528.659
11083.09,1281.8073,-5924.0483
5691.7603,2134.4922,-2062.7625
13146.544,-542.2861,67.82726
29728.875,122.844604,-3099.741
40292.17,4993.0347,-8124.1885
33062.867,12723.051,-10859.468
14655.837,23686.658,-13988.937
-3375.1438,35952.207,-19493.533
-19690.775,45270.703,-22595.287
-31167.846,51133.137,-20776.55
-33248.812,53180.727,-17502.709
-25888.84,40731.676,-12963.927
-14180.374,13277.739,-7811.988
-8422.181,-13884.837,-5152.741
-6321.1777,-33275.21,-1338.9548
2281.1062,-45012.96,5216.6836
11874.43,-49242.05,10369.758
12599.919,-48224.22,13509.77
7800.0903,-43083.29,15086.016
4267.3047,-30878.176,13453.1045
-1213.2014,-13659.407,9836.113
-10213.299,5267.9585,7398.1533
-15629.856,24601.34,5549.423
-14893.272,38009.914,3405.6335
-11389.041,42241.258,-330.867
-5741.7163,40159.977,-5812.634
-1244.0115,37194.516,-8090.3438
-5148.5254,31334.283,-6435.4307
-11957.726,16018.691,-5340.7847
-11329.144,-1387.9375,-5633.5044
-6089.9307,-14497.369,-4295.279
289.34738,-24747.553,616.00226
7225.5586,-28445.26,6582.642
5762.448,-25795.328,8162.4956
-3155.963,-19936.559,6412.9175
-10025.205,-11435.619,9103.361
-16687.324,-5511.494,15746.447
-20248.75,-1952.6359,19208.898
-17411.691,7778.3447,20467.69
-16071.823,24389.008,21858.75
-18938.572,40875.57,20639.94
-22458.36,46356.957,16308.009
-26421.645,34533.582,8047.7935
-27322.242,13291.183,-2914.146
-20565.238,-6453.689,-11705.327
-10271.903,-17616.094,-15083.144
3292.9363,-19554.896,-13541.096
21765.713,-19809.951,-12723.185
38483.465,-24156.736,-14977.97
45112.484,-28380.049,-16128.071
38683.01,-29809.568,-10582.555
24546.844,-33103.21,2616.7983
14055.908,-34783.676,16871.922
13607.823,-32841.098,28312.695
11085.744,-30618.404,36025.79
-1630.7748,-22843.43,33615.285
-13746.368,-8491.501,21115.44
-20418.37,2307.36,9813.537
-22975.79,4565.323,5980.8164
-18284.576,3374.1313,4612.901
-6213.61,-1344.284,-772.19415
4941.054,-12671.152,-5553.041
10123.342,-22720.627,-2703.8809
13216.542,-25118.312,3718.7493
14837.82,-22566.951,5263.1865
12784.948,-14947.087,-1992.1206
6208.8403,-3367.607,-13280.095
-3019.7854,5216.512,-17940.62
-11789.422,2100.8333,-10959.73
-17676.55,-17335.334,235.28091
-16817.682,-43355.664,6996.268
-11195.527,-59004.613,10555.892
-4843.9165,-53442.086,15788.522
-293.87482,-29951.11,21505.504
-1787.3151,-2431.3003,22797.588
-8377.448,20903.988,17890.59
-16101.515,38090.77,8415.643
-22522.674,44616.824,-227.88535
-25069.982,39365.53,-2836.7073
-19847.703,28372.46,919.1639
-9281.056,15878.162,6580.2397
-4773.728,8262.64,9318.404
-10466.209,9478.8545,9977.909
-17810.885,11982.213,8896.574
-19385.25,11914.518,4025.22
-19561.465,9792.842,-247.38522
-22874.938,1399.1177,1433.7734
-22386.348,-15545.9795,6030.619
-12990.388,-34762.484,9076.413
-543.6399,-47966.668,10056.231
8528.494,-52718.72,8724.935
12886.894,-47398.84,4566.284
13405.25,-34360.844,-1362.0321
12853.02,-21930.467,-6765.6064
11473.543,-14598.944,-12252.451
8368.717,-10506.011,-19687.79
7238.6094,-4658.62,-26342.645
12271.734,4977.167,-27278.137
21379.81,16549.092,-23564.47
28816.05,25667.928,-24249.113
32659.662,27925.688,-31403.074
32218.557,23362.24,-36360.47
27449.271,18200.295,-35825.566
19739.549,19319.162,-31823.086
10690.197,24562.967,-26410.139
1853.3578,25171.35,-22715.785
-3685.4387,16343.493,-22416.438
267.3364,8264.744,-25305.707
9193.738,10940.216,-28530.139
8965.201,20332.516,-29793.605
-5139.3677,29916.61,-29505.271
-23062.168,32429.016,-25742.814
-31883.85,29389.752,-17275.588
-32592.092,31201.627,-7394.237
-33588.176,38274.65,707.74225
-36016.105,41876.395,6435.1597
-35785.22,38566.42,11591.081
-34256.617,33216.895,16798.654
-35111.68,31602.545,18886.322
-32717.69,32386.969,16143.712
-24291.59,29250.54,9965.438
-16549.473,22840.139,2477.5747
-12575.3545,15845.939,-3414.2695
-11016.239,7804.476,-6332.5356
-7266.3774,-893.1176,-6980.0874
1524.3977,-7183.882,-4273.6157
8885.439,-4024.3826,766.59064
9739.157,8840.233,1990.8417
4260.3564,19111.697,-1442.4274
-3840.3477,19976.082,-5491.0522
-4652.7637,17271.877,-9934.943
6584.3154,11041.335,-13191.03
24755.398,346.34827,-11937.543
41488.992,-10337.517,-7347.897
49942.715,-21797.568,-1732.9698
51192.61,-33023.03,4190.888
51223.055,-39070.184,9999.98
51636.637,-39153.285,14778.665
48581.062,-36620.594,17329.363
39596.832,-27495.662,16121.358
27580.602,-7544.7583,10429.297
15660.345,12106.07,4710.145
5214.9883,19312.578,1866.5798
-2796.9585,12480.795,-2548.644
-8961.578,575.0806,-11282.002
-12408.574,-7891.4497,-19079.58
-9738.09,-14502.32,-17917.146
-2864.8823,-18849.848,-10146.298
719.44366,-17688.604,-4128.1826
-1386.2323,-13841.142,111.95645
-4431.9307,-10074.519,5607.155
-1740.8715,-3814.757,12114.947
6621.0522,5458.3433,18256.092
13049.418,16194.626,22046.44
13183.133,24415.49,23298.984
5970.969,24008.736,24681.21
-4934.57,19756.695,25202.605
-9783.764,12821.555,22642.115
-5044.7866,-6901.4536,19852.033
5789.052,-32790.99,17925.55
17385.379,-52587.758,14946.246
25129.676,-63768.324,9695.345
28348.637,-62592.3,3034.4849
23977.273,-53700.74,-1379.4585
12294.492,-42758.484,-1356.9308
3750.2266,-29215.656,1567.4401
2316.0464,-14771.5625,4277.515
50.896473,-434.10815,6725.372
-4839.8657,11343.236,10212.122
-4791.5176,20388.045,12373.9
60.588917,25561.188,10828.361
1713.4922,25530.963,7698.672
-950.273,22336.523,8229.689
-1755.2866,13115.996,14511.193
-549.08673,-1637.4913,21188.514
-1757.0958,-13098.254,21622.371
-2929.3638,-13285.221,16879.436
-2195.168,-5908.182,13479.943
-3993.8154,1993.4852,14645.817
-7839.603,10993.601,16591.652
-6895.6055,20297.08,17136.121
-4227.995,27956.748,19792.19
-11034.832,33368.906,21233.938
-24873.318,34044.48,15968.751
-34379.71,27590.395,6960.955
-37645.28,18811.582,-1458.4504
-37186.707,15493.52,-8255.346
-30453.492,17993.479,-15755.374
-17809.828,21114.979,-24282.217
-5444.1523,19759.312,-30903.46
4189.789,15672.769,-33966.89
11421.687,12030.109,-31885.596
15680.17,9064.111,-24872.545
14336.514,7899.2393,-15297.894
5367.6426,6937.2085,-4883.8994
-7883.675,6353.1367,3404.454
-19826.324,8301.857,6033.063
-28726.904,12720.138,5539.393
-37975.953,20295.303,7381.0054
-45669.08,28557.807,11708.519
-48897.78,29972.629,15787.509
-47598.273,20649.81,16520.893
-37573.918,6521.1353,12823.007
-19897.184,-6938.9805,8494.0625
672.82043,-22891.695,7231.5
21413.566,-40989.35,6642.9526
37377.758,-53027.562,1520.1582
42480.727,-52420.14,-7542.0195
39249.773,-40959.547,-16000.152
36320.246,-30809.627,-20855.947
34963.637,-26485.65,-21023.684
32381.58,-20409.13,-19189.38
26002.672,-12864.482,-18053.414
15893.001,-6456.903,-16445.467
5791.0796,-189.39069,-13245.232
-2404.8623,5252.492,-9283.749
-9434.839,6864.6133,-4336.06
-14326.566,1220.287,374.39505
-15699.763,-9134.833,696.1428
-13008.828,-18373.994,-1481.438
-6358.9385,-20188.03,-1637.4257
632.3564,-16313.708,2129.3538
5327.6807,-13941.852,9595.153
4517.283,-9633.852,14723.498
-1909.3204,-1482.0419,14350.709
-7279.653,6462.1255,11302.691
-9388.712,14898.796,8867.912
-11398.389,23840.197,8345.868
-15037.124,29127.477,6750.7993
-18351.83,29111.213,2678.7722
-21101.498,26194.715,-1881.1244
-24742.83,20874.346,-5551.2153
-24811.533,14526.53,-6668.275
-17225.988,11323.481,-5010.8667
-8867.998,13395.013,-3927.9314
-7435.39,17718.05,-4445.482
-10744.507,17576.875,-4775.6377
-13786.864,11947.523,-4855.4307
-14199.636,5074.851,-4547.101
-12599.818,151.8024,-3288.5107
-9518.892,-2495.5916,-1841.735
-2028.0388,-6330.4487,-3326.2207
9520.418,-14299.895,-9134.519
21004.807,-24910.996,-15063.153
29751.066,-33844.535,-17521.65
32788.71,-39126.207,-17072.63
32421.965,-41388.61,-15776.742
32946.48,-41051.67,-15245.953
38280.52,-37310.715,-15349.055
49328.484,-30316.885,-14666.682
55627.07,-22303.08,-11423.59
50934.004,-12642.708,-5726.372
36640.55,-2593.2761,679.965
19019.54,1489.1729,7296.6084
5659.272,-1215.5104,12993.344
-2136.0393,-3691.6396,16916.465
-3681.0315,-1959.8556,19607.35
-5563.3306,712.6906,19496.059
-13610.534,4067.0366,14829.253
-19020.12,11689.601,6329.1533
-16404.846,19602.281,-2892.4753
-13807.976,22473.676,-8010.3447
-14397.868,21837.266,-9354.679
-14482.521,16401.55,-10862.205
-12206.561,5966.2417,-10392.588
-6111.3584,-1527.1044,-5028.823
-2225.3564,-2145.029,2183.392
-5234.562,354.419,5479.565
-9414.825,1802.5269,3252.6042
-9180.147,1128.5332,-237.14365
-4306.131,-985.8462,-1008.71985
148.28763,-3184.671,691.26984
-90.93412,-4155.5254,701.49445
-3955.1165,-5210.691,-2866.6724
-7946.7285,-6740.8076,-7961.9824
-11137.797,-9697.728,-12061.831
-13877.116,-15704.133,-12341.143
-15221.244,-18401.164,-8302.345
-16958.848,-12276.633,-3736.1973
-20447.049,-852.23267,-2524.2266
-21665.543,9483.077,-5280.4707
-18433.27,14951.586,-10342.498
-16005.586,17331.406,-14748.493
-16472.613,18214.514,-17619.822
-14763.412,19133.86,-20010.781
-9597.222,22272.756,-21809.988
-5401.864,24729.805,-21154.91
-3954.6155,22469.906,-17255.299
-1896.6367,12719.032,-13088.064
2433.1624,-3471.807,-9626.998
8572.105,-19764.596,-6573.642
14313.463,-28504.654,-5122.872
18027.041,-25261.38,-4934.0327
20336.4,-16850.814,-4359.5044
18331.162,-10559.997,-1962.217
12172.823,-323.84897,-594.39014
4860.651,16602.139,-1884.0375
59.56161,31945.738,-2452.232
668.7243,40210.49,-2963.9004
2016.1337,39438.12,-6505.8096
2434.0557,29173.453,-11922.639
3582.0737,13658.439,-14398.695
2775.9993,-465.3313,-10386.969
-1394.3097,-10867.139,-1262.3918
-4691.677,-19905.564,7620.4136
-2372.4922,-25694.049,12247.39
5931.248,-22753.361,15233.997
16659.57,-11560.208,18807.365
23716.896,-2634.4624,20641.115
24068.402,-4199.5005,19549.375
18739.27,-9724.102,15082.16
13404.797,-9535.746,8131.198
14287.631,-5999.568,2078.8542
19636.842,-6318.553,-38.028576
22344.293,-7983.226,1926.4768
17445.43,-7665.676,4921.561
6853.2026,-8091.5137,7918.446
-3320.0347,-10462.736,11226.691
-5907.5283,-13948.559,13347.616
385.6692,-16913.654,14396.148
9676.531,-19407.664,15215.644
16781.639,-20846.072,15210.454
17177.436,-18020.824,12458.855
11151.441,-8183.835,7081.329
3447.6748,4783.7314,3538.9973
-2108.4973,9676.166,4351.644
-1758.8274,5430.4844,6988.553
2761.7292,1674.9258,9010.188
6933.9062,2079.2642,10862.345
8315.041,3630.1748,12198.437
3121.4167,4147.581,11831.569
-5756.01,5219.4663,9775.265
-9999.2295,5724.83,7224.573
-6718.168,3688.4062,6417.895
3247.6829,1441.1731,7410.6694
13907.326,-3276.7432,9256.151
18869.432,-11517.953,11192.469
18311.93,-16176.855,10950.756
13454.426,-13039.916,9777.464
8038.105,-6558.3096,11909.645
3813.7559,-2506.1746,16242.951
-1794.6704,-243.80307,19274.23
-8050.732,-380.27878,19459.12
-16226.956,-2487.7007,15494.005
-25278.309,-1704.1326,9553.662
-28243.037,717.585,5664.18
-22989.479,1222.9415,4972.9395
-14442.712,-449.69055,5095.86
-10006.519,380.2858,2541.0195
-10974.769,7501.917,-1833.9496
-12398.514,18045.756,-5217.4497
-11331.79,28921.723,-6974.2676
-8522.537,37268.723,-6251.6216
-6170.1484,42890.227,-3738.8481
-2052.6453,46907.145,-2454.1091
5981.5527,46751.59,-2659.7422
12431.266,42631.887,-1994.0831
13662.703,35304.625,-77.714005
11101.762,23627.867,-55.630417
8481.902,11743.7295,-2305.7356
9039.308,3364.4023,-2543.1902
9756.748,-4290.6035,-473.20383
8188.4175,-12482.482,655.0063
5708.2373,-17436.205,454.016
1991.6337,-17511.51,508.33875
-2242.0308,-13908.74,1449.7485
-4796.6973,-7170.8647,2796.1328
-5410.3774,1020.68604,3652.9712
-4156.7305,8086.897,3413.242
-3696.2556,11579.704,2108.39
-7272.222,11241.293,-112.0179
-12434.68,7554.084,-2387.7773
-13473.966,324.94894,-3588.9424
-7730.8896,-8026.5444,-3453.6206
975.67896,-12468.164,-2325.7117
4631.346,-9658.017,-1749.5858
-1437.5238,-2497.7185,-3307.6145
-10085.551,4639.7124,-6052.9688
-14570.548,7853.742,-8389.559
-17223.959,5283.386,-10752.355
-17831.389,-1043.4578,-13562.334
-18571.709,-10344.145,-15189.646
-23080.803,-16787.398,-14328.899
-28320.258,-12821.248,-13222.463
-32848.7,-1836.1898,-14373.356
-36478.086,8677.133,-15568.471
-36962.43,15417.821,-15552.721
-32524.49,18666.912,-17339.412
-22200.273,21300.78,-20007.656
-9595.693,22051.33,-19195.082
169.70293,15814.159,-15419.032
5903.351,6495.7783,-11819.134
10327.447,1257.3986,-8602.803
16069.17,-1342.5796,-5177.5127
20988.38,-4616.269,-2225.8564
22294.709,-7384.5615,-527.3508
17837.764,-6321.097,-419.83792
13022.441,-2045.773,-1336.8226
16113.991,-1799.9406,-2129.177
22977.607,-9167.285,-1780.4419
27289.848,-18138.77,-193.9489
26851.422,-23448.254,1884.899
21589.863,-24150.79,4856.013
14327.954,-20682.332,7522.302
8721.184,-14092.315,7606.7266
3515.9792,-5215.837,6246.2217
-3984.4497,3824.6438,4962.9756
-8924.646,8006.3896,5502.7373
-8824.593,2492.5793,7620.761
-7800.3906,-8820.878,6522.2554
-9578.355,-19239.47,786.13184
-12948.924,-25825.596,-4329.8633
-13987.531,-27237.496,-5098.298
-12795.919,-25149.613,-5407.0244
-12777.4375,-20103.799,-8306.632
-13867.894,-12053.538,-11742.386
-14588.784,-1294.9171,-14037.183
-15987.882,9432.713,-14699.758
-14796.709,16223.278,-13643.777
-11793.512,18849.232,-10575.468
-11549.978,17214.28,-5481.5566
-12227.35,11259.135,1291.1515
-11518.563,2304.1946,7406.0786
-7721.0303,-6255.905,9908.874
-1912.9229,-15054.753,10848.008
4295.01,-23883.455,14175.516
11728.786,-26906.469,18629.281
19591.28,-22956.797,20126.82
25869.158,-14495.919,19016.277
28960.877,-6176.98,17506.951
28603.545,-1800.0338,16431.426
24591.127,-1956.7976,15862.05
19282.473,-5938.003,14430.738
15245.973,-10455.096,11769.316
10983.549,-10543.516,7250.17
6853.1045,-5504.3022,801.39886
4395.9697,464.20505,-4133.6353
3564.749,7739.6826,-4692.591
3413.6995,16683.102,-1675.9314
2386.993,22663.281,2374.0315
2528.942,23344.365,5587.168
6652.121,18614.639,6359.893
13441.031,9674.385,4405.643
21285.988,1715.913,744.8871
27358.398,-1892.3119,-3627.8118
24944.152,-3876.3433,-7699.641
15708.621,-6144.89,-11749.0625
8714.576,-8494.393,-14512.068
4566.3643,-10139.017,-13513.703
889.4773,-8224.965,-11039.017
-2474.1396,-3250.0854,-9879.705
-4408.6514,1662.6576,-8891.751
-4229.6147,6899.0415,-8609.772
-5118.4014,10830.596,-9446.234
-7459.236,10681.058,-8875.995
-8915.793,8202.997,-6257.523
-8445.148,6311.5537,-2484.9382
-6199.078,6000.8765,1143.6205
-2100.0486,4441.953,2890.421
257.96783,-1082.66,2699.2932
-4982.8804,-8535.662,2192.6536
-12405.567,-14634.948,3070.0696
-13763.875,-19324.014,4999.0234
-9306.382,-21287.113,5588.7676
-1082.6628,-17962.893,4671.5425
6367.9424,-13054.883,4710.352
7797.8164,-9233.606,5709.869
6894.9487,-5643.9746,5728.613
9079.685,-3530.889,5219.643
11793.987,-1758.373,6369.93
10632.7295,1293.8992,9800.166
5575.9546,3456.0933,13948.216
2314.749,2494.4275,16192.721
3983.3357,-2353.4827,14875.042
6515.1514,-9408.482,11234.01
7623.197,-16238.376,7844.76
7121.372,-21946.432,5668.568
4162.852,-23627.24,4674.1343
1426.4651,-21711.984,4476.9927
926.47394,-20268.807,2684.1418
-58.634987,-17000.35,-1636.1138
-3842.1042,-7779.2974,-6156.6724
-9583.102,5480.1035,-7332.058
-14730.177,16904.268,-3091.5508
-18174.258,23515.422,2040.5063
-19208.76,25782.236,3961.938
-19558.734,23050.852,4538.76
-22284.021,14172.417,5363.7285
-24318.979,715.8771,6121.0903
-21503.0,-10345.555,5208.345
-14374.794,-13130.431,2061.4666
-7927.7134,-9683.325,-2745.9763
-6628.6167,-4425.783,-7955.9185
-8514.369,-1291.8782,-10431.266
-10039.856,-1282.5339,-9197.889
-12059.172,361.20764,-6556.752
-14787.247,7344.8057,-4796.7646
-15457.825,19513.695,-4720.537
-13975.9375,33292.223,-4729.4717
-12210.404,42362.94,-2762.5042
-10452.198,42091.805,-747.9322
-8341.985,33441.895,-1090.8197
-6957.13,23941.71,-2445.6648
-5556.329,20713.717,-2954.3645
-2279.19,23969.33,-1994.3842
2410.2886,26402.635,-927.4292
7999.409,23091.469,-1912.6799
12554.92,16290.547,-4654.92
14273.379,8258.676,-7921.8555
15662.904,2145.8271,-10216.311
18138.932,-1471.9504,-9396.672
18678.451,-3646.6597,-6163.758
16321.726,-1842.5607,-1968.5509
12731.24,3971.2668,2305.4465
10542.816,9539.067,4394.811
10988.312,12547.252,3906.7402
11358.338,16273.123,2712.098
11547.442,21218.895,2946.4695
11434.991,22680.725,4050.041
8766.742,19969.887,4158.5376
5227.505,15572.136,4214.648
2072.1897,9432.794,4470.0234
-1240.759,2221.1829,4200.568
-3084.6206,-2604.7192,3189.5276
-3012.5334,-3353.5857,1018.02167
-2704.62,-1910.8259,-947.9687
-1857.6011,-1524.9652,-1571.4224
712.73627,-1650.9762,-2480.708
3719.5283,63.321396,-5438.4336
5957.4995,3740.3286,-9690.014
7129.6006,8656.893,-12482.353
4447.1274,11551.465,-12011.041
-2107.838,10562.795,-8748.471
-8044.363,7757.444,-4223.633
-12483.398,5746.805,-569.2794
-15589.352,7527.195,1157.9362
-16195.305,13392.319,1809.2206
-14627.793,18494.002,1745.2505
-11769.775,16346.478,605.0975
-7932.1587,7706.528,-2475.881
-1980.9042,306.27902,-7411.8867
3649.8208,-1370.3169,-11420.174
6617.333,2226.9636,-12055.89
7524.443,4680.437,-10377.555
5408.353,208.67496,-9205.055
2133.9624,-8950.198,-9247.14
-1781.6569,-20354.322,-8992.422
-6841.8706,-30020.947,-5811.1216
-10170.921,-33377.152,529.8198
-11036.358,-32678.797,7076.9395
-10831.922,-30986.031,12266.519
-9890.318,-28055.688,14730.93
-6919.942,-22636.303,14310.466
-2714.682,-14657.239,12883.377
1863.5166,-6619.5117,10688.904
6747.925,-3011.728,8228.271
9658.578,-3910.5457,5977.304
11731.335,-5425.249,3880.242
15093.41,-7403.805,3395.581
17897.332,-6988.4653,3624.1475
17263.28,-1845.7952,1348.3823
12725.143,3074.314,-3920.9224
7536.9683,4867.2886,-9043.34
4157.391,4547.843,-10039.836
3217.7188,3534.061,-6455.3667
4578.4556,840.00525,-1307.5154
5068.587,-4611.2476,2282.1577
1763.992,-10338.773,3489.5095
-4027.3428,-12997.279,3129.2559
-10155.376,-11433.358,1098.4142
-14226.526,-7669.4106,-1374.4583
-13907.216,-4349.274,-2475.7214
-11722.74,-2091.426,-2996.8318
-9742.232,-923.2449,-3199.5317
-7016.8345,-2885.4888,-3421.0388
-3983.9067,-6564.48,-3770.739
-862.24426,-9235.765,-2328.6575
2327.3816,-11032.67,-492.61472
5831.9966,-10441.056,12.522561
9226.646,-10216.482,981.8646
11724.897,-14373.076,2128.3894
12591.785,-20701.598,2427.2932
10637.4,-25381.154,2774.3933
10340.947,-27520.744,3164.072
14224.913,-28328.912,3028.725
17310.287,-27611.254,2748.839
17586.775,-25294.43,1956.5776
14816.662,-20767.377,-777.43665
10157.452,-13920.157,-4264.3516
6997.988,-6150.5273,-6018.5537
3891.8481,1974.3214,-6258.756
-668.53705,9152.213,-5709.6016
-3651.4421,13193.448,-4439.9546
-6341.3774,12901.795,-2601.9956
-9868.071,12776.563,-496.42615
-11101.432,17281.102,75.17868
-11277.539,23062.326,-1675.4478
-9790.435,26018.66,-2718.1614
-4640.7803,23313.305,-889.24384
1271.7534,13639.276,2078.865
5581.429,1806.065,3687.5806
7736.6694,-7217.137,2850.0332
7304.606,-12911.122,196.32227
5472.144,-14292.9795,-2877.6182
6558.866,-12950.234,-4355.257
11144.983,-12188.998,-2954.6304
14825.626,-9441.809,529.84045
14345.945,-1506.1649,4127.805
8646.515,9549.405,4944.4307
-122.50936,17883.621,2864.4126
-8712.333,21007.947,928.44434
-14080.8955,20216.924,463.26883
-14441.104,14576.546,938.9438
-11213.38,4911.7993,2617.3406
-5873.9375,-4529.8037,5597.465
-524.53296,-9982.752,7856.332
1817.7482,-12717.233,9431.5625
1653.5547,-15970.739,12362.254
611.80005,-17607.273,14798.858
-600.4447,-14669.894,14848.556
-375.43314,-7850.243,14246.005
2568.4502,-636.43256,13442.448
7441.079,3476.539,11328.642
10108.338,3251.5579,8358.153
8183.222,-1955.6094,6726.5386
4713.5117,-12120.251,8315.175
2438.0056,-23681.145,11656.656
1942.783,-30228.732,14431.314
2454.1194,-28184.982,16263.204
1977.5892,-19444.484,16935.832
-788.53827,-9058.893,16165.809
-6755.3745,-3227.1384,13995.285
-13295.429,-5249.7183,11588.589
-14769.083,-10714.854,10592.948
-10496.199,-13687.756,11412.732
-4955.133,-13033.228,12764.149
-3030.2476,-9353.29,12235.637
-4954.091,-3224.47,9421.9
-7364.499,4057.1892,6068.4126
-10093.309,10298.253,4120.8994
-14498.8955,14708.749,3936.359
-18565.977,17901.162,3159.0542
-19615.217,19239.527,575.16095
-18782.562,17349.46,-2492.8975
-16935.352,12868.564,-5974.364
-13658.096,7766.3267,-10567.1455
-11118.409,3195.2104,-14031.393
-10620.869,-843.1017,-15078.464
-11162.445,-4356.753,-15812.2
-11578.945,-4700.4053,-17112.719
-12842.515,-78.541466,-19484.432
-16840.166,8013.2534,-22680.986
-20363.457,16425.246,-24737.508
-19322.684,21887.52,-25747.857
-15901.117,23460.922,-27090.863
-12525.373,22833.514,-29086.977
-8417.344,22687.186,-30265.713
-4081.2463,22320.334,-28530.814
141.74812,21557.72,-23253.654
3250.2148,19989.24,-15945.025
3330.8108,13190.21,-9759.74
575.4572,3705.463,-5943.428
-3828.6633,-2491.0554,-3285.5347
-6271.6387,-3114.0977,-954.034
-4496.4946,1209.2955,731.31537
-571.4564,6661.87,1304.2695
1491.4698,11715.603,1213.0599
-954.7218,14161.968,1268.703
-4544.241,11932.108,1955.7129
-4934.0024,6865.314,2390.0718
-2900.953,1913.3236,1476.3848
-1696.0365,-449.45532,-167.20665
-1842.6354,-1468.4965,-1178.6055
-2786.5483,-2614.7087,-851.56647
-3583.848,-2259.7126,-627.8254
-1410.9491,2059.968,-2383.6968
3208.2,7682.814,-5318.057
7715.4497,9422.499,-7069.269
11207.667,8863.918,-7278.88
13162.171,8049.3755,-7755.336
12055.815,7579.715,-8536.323
7515.7905,9405.42,-8709.161
1777.2855,14007.799,-8632.499
-2611.7761,21118.76,-7932.749
-3077.9172,28308.32,-6064.7104
-1005.80054,30998.723,-3208.4756
-681.5194,27025.834,356.43442
-2913.2349,18429.45,4115.5366
-5687.938,8145.5654,7257.4497
-6682.0825,-1155.3512,8406.196
-3857.3848,-8003.9023,7748.6284
3195.9705,-12841.855,6742.5376
11957.713,-17256.877,5849.725
19290.219,-21818.008,5693.902
23708.244,-24041.584,5716.077
27069.219,-24696.992,4523.348
30348.186,-25249.572,2544.7144
33135.34,-24897.762,1562.9366
36874.906,-24439.46,2772.0828
38688.75,-23019.049,4693.0815
34516.066,-20481.256,5363.17
25213.871,-16337.056,4497.093
13669.163,-8945.083,3083.546
2368.1755,-993.4647,2012.8083
-5901.765,4777.0244,1516.1681
-9404.479,7261.153,2383.8308
-9396.568,5465.7104,3964.5127
-7809.3857,1818.6969,4497.75
-5696.212,875.7784,3010.5789
-3767.2288,4328.7915,164.41527
-3189.5486,10354.061,-2293.7842
-2345.8547,17000.559,-4545.6865
310.01193,20016.379,-6154.4614
2450.1462,16272.883,-5201.0205
1496.3925,10125.272,-2154.4224
-2173.186,5058.177,971.5771
-4801.7407,2193.0366,3027.1182
-5868.9746,2136.7395,3693.8062
-6696.203,2979.262,3156.9006
-6070.244,2386.8936,2316.547
-2888.0503,-976.8504,2362.6382
2749.3645,-5603.4663,2655.0579
8474.878,-9478.89,1565.8043
11725.405,-10663.251,204.1581
12220.211,-9887.91,20.928331
10834.165,-9307.602,458.0058
8953.535,-8686.876,778.1381
8942.95,-8568.566,1052.9033
10489.15,-7956.367,2112.2336
10123.168,-6921.6133,3492.6816
6436.017,-5980.483,3905.0542
585.4582,-3779.7188,3382.554
-5044.2295,-1264.059,2563.1362
-7417.274,10.563283,1669.1309
-4609.356,-1887.008,506.2375
1737.6749,-7031.9053,-949.41534
7763.4043,-12062.755,-1617.5745
10381.885,-13959.2705,-964.9839
9226.177,-12807.722,397.37753
6553.2275,-11412.773,2819.235
3985.4426,-12331.136,5275.931
2610.3108,-15469.066,5674.9966
1486.4083,-16944.758,4573.0493
-247.27167,-12562.992,3863.7544
-1075.353,-4117.0933,4169.4917
-2198.462,2394.651,4989.605
-3370.4827,6252.5864,6350.0327
-3547.2908,8373.254,7975.737
-3964.4187,5939.2725,8888.843
-3319.4387,385.3416,9270.8
-2594.7942,-4342.6123,10109.283
-3954.1296,-7455.7505,11336.761
-6237.86,-8657.748,11839.628
-8460.011,-7326.8887,10943.118
-9154.009,-4144.086,9091.453
-6889.729,-604.90466,7038.5986
-2601.669,2526.4397,4631.9355
1235.1912,4109.798,2004.6368
2063.7913,3315.354,571.6067
-823.93994,2374.6404,1356.5498
-4214.2925,2755.6895,3485.6838
-5660.739,4017.3792,5012.098
-5645.7773,7350.1416,5157.0977
-4125.7974,12643.825,3520.946
-2113.4436,17712.336,-47.50878
-553.57935,20388.764,-3525.1116
-194.48323,20818.24,-5414.7
-1108.9663,21968.896,-6585.667
-2325.9126,24406.51,-7966.788
-4565.6143,26385.713,-9715.105
-7307.038,26051.188,-10937.179
-8791.353,21718.742,-10168.443
-8615.224,14648.838,-6394.226
-7806.698,7517.44,-653.08826
-8182.9165,1785.6624,2829.6323
-10157.683,-2321.6287,2369.0974
-11972.515,-4932.9453,245.12503
-12120.237,-4060.788,-2426.6953
-9420.087,257.46436,-4947.093
-3823.1272,4050.9224,-6139.1997
1499.0637,5099.521,-5006.9097
4473.467,3587.2944,-2042.8182
5134.185,1099.5664,442.9598
4826.697,680.62085,1861.3381
5133.7803,3372.6414,3647.967
6608.8047,5444.8096,5636.4146
10758.412,4861.909,6004.9316
13957.9375,4854.4937,4480.0933
11603.99,7707.3647,1932.4932
7029.7417,10958.27,-550.27
2513.7073,10551.379,-1978.7916
-1181.7167,6396.7227,-2395.995
-2128.1792,192.2567,-2693.2612
-1516.2208,-6604.3384,-2603.3687
157.53752,-12117.744,-728.9924
2696.7925,-16373.662,1038.8308
4380.965,-19025.855,547.8091
4925.233,-18001.758,-1689.0525
4084.0022,-13253.6045,-4752.9917
1095.6072,-6843.5894,-6724.461
-3826.773,-980.666,-7616.969
-9077.769,1926.5668,-9688.295
-11594.305,727.97076,-12343.801
-10505.005,-2730.8247,-13099.929
-8615.077,-5304.1396,-11980.868
-7569.26,-6627.604,-9646.818
-6990.4106,-8669.251,-7047.033
-6775.4956,-11687.488,-6613.2515
-6688.2573,-13796.062,-7172.182
-6323.605,-15058.195,-6261.7964
-6756.631,-16698.041,-5660.9937
-8930.024,-17177.195,-7060.6143
-10574.528,-16458.064,-8893.068
-8894.969,-16818.986,-8840.254
-4147.3755,-20174.723,-6554.591
1091.9089,-24529.53,-3850.81
5161.926,-24425.51,-1681.9861
7747.139,-20295.44,-355.74017
8188.9844,-14827.879,-402.32367
6435.527,-7353.3203,-1336.1011
4023.1323,1542.4923,-3411.8687
2655.4875,9287.155,-7006.1445
2298.983,13690.34,-11651.505
2117.673,15018.897,-15834.131
1901.6206,14880.231,-17536.436
1680.4039,13806.3,-17176.236
566.9283,12546.933,-15858.017
-1354.739,13173.852,-14101.971
-3433.1636,14888.354,-12531.976
-6331.3853,13915.55,-11031.152
-7146.9146,10554.344,-8608.519
-4186.3433,8299.409,-5212.865
-1342.5981,8068.845,-2545.5518
-785.48975,7936.047,-665.0789
-2192.2515,5788.9707,1460.1632
-3514.656,2014.0409,4078.5369
-2967.8914,-376.50412,6866.2974
-2009.8564,64.0486,8413.822
-956.5337,1387.4346,8730.719
1549.2701,2068.5747,8468.588
4817.0767,2111.0154,7507.471
7564.4644,948.99493,6834.921
9390.042,-1771.3588,7562.066
11855.308,-5090.663,9802.691
15358.528,-8131.4517,11966.958
15655.519,-9588.419,12880.857
11211.955,-9028.856,12890.47
6259.7188,-7191.2046,11879.654
3548.3918,-3695.8865,11245.528
1293.7007,829.2022,11777.315
-882.72205,5528.8794,12019.702
-3875.9019,8282.857,11740.574
-9892.548,8298.901,11396.704
-15609.324,9667.361,11609.336
-18315.197,12404.664,12705.31
-17469.264,13349.629,13997.475
-13200.659,12651.745,14199.979
-7596.21,10952.869,13056.968
-1461.243,8144.9854,12332.54
5172.8403,3845.863,11969.044
11593.531,-2717.2825,11053.006
14913.381,-10384.549,10361.468
15753.775,-16117.296,10232.446
16770.822,-18921.496,10710.698
15579.255,-19890.812,10943.244
11456.257,-19364.88,9364.915
6671.413,-17222.533,6445.8936
3198.4255,-14119.595,5089.4565
2310.7112,-10695.907,6281.3716
2873.1973,-6951.8604,7643.0186
2969.3445,-2439.504,8027.97
631.4507,2507.5034,7776.665
-5021.152,7739.0757,7068.874
-10610.707,13189.304,6083.8027
-13058.81,16035.018,5717.551
-12544.047,14913.222,6200.354
-9275.118,12354.191,6417.6313
-4160.0386,10090.266,6415.8774
1383.5996,9309.474,5763.3193
5626.123,11279.856,3870.1262
8268.986,13189.929,2168.236
10292.011,11759.916,1438.6241
10210.7705,7132.1484,652.0267
8008.247,-1508.8531,-118.22186
6184.4097,-12752.932,-279.61246
4767.589,-21985.059,-694.10986
2447.6255,-28132.387,-1406.787
1431.7024,-32464.469,-1565.274
2837.961,-34813.996,-1323.3748
3709.9436,-32842.566,-2395.7795
3758.0742,-25234.775,-5341.0967
3231.9238,-14262.026,-8606.533
1029.9146,-2940.2512,-11485.577
-2106.4175,6499.0337,-14008.839
-4052.7522,12848.904,-16188.071
-3235.473,15414.343,-17171.992
-980.0017,14401.619,-16328.498
75.09269,12145.084,-14491.674
-676.4421,9676.544,-12077.775
-1542.5186,6595.032,-9110.015
-2208.4956,4503.9766,-6058.1714
-3993.8064,4998.686,-3563.9841
-7008.0093,7239.9795,-1950.408
-10362.834,9213.695,-1236.75
-11747.522,11108.179,-312.48755
-10651.561,13034.101,1457.6671
-9196.129,13716.748,2265.2578
-7385.3813,13747.389,1632.315
-5899.601,12488.025,637.71826
-6251.638,10696.891,-53.699783
-7231.2256,10648.304,171.86304
-7425.7876,11643.611,1012.44995
-7003.115,12928.747,1948.3865
-7228.3086,12924.757,2196.7317
-7421.1494,10138.875,1217.6847
-5677.165,4726.5825,111.419495
-1942.5297,-2001.1505,-305.90445
1862.4386,-7625.6475,-392.7205
3958.2954,-11287.142,-188.43176
5126.606,-12233.902,224.8005
5605.998,-10237.652,186.75894
5718.2573,-7580.6187,-350.51144
6578.7163,-4496.309,-614.32776
7428.009,-897.06586,327.18015
6763.6406,2026.386,1989.1124
4509.749,5417.3633,3439.5273
3044.4705,8515.693,4374.775
3571.2458,9195.396,3544.5269
4532.0566,7509.099,561.2989
4458.167,5433.3657,-3798.4966
2987.9556,4744.7803,-8314.034
435.2656,3081.717,-11501.369
-1689.9031,-1098.4474,-13058.638
-1571.8767,-6168.7354,-13296.043
397.57968,-9861.337,-12925.621
2763.098,-10680.223,-11979.991
4232.0547,-10190.017,-10292.595
5122.465,-9871.086,-8386.313
6819.8643,-9800.432,-5869.286
8962.317,-9575.693,-3032.9136
11729.551,-9570.511,-1206.0806
14854.581,-10917.831,-901.6087
16821.479,-11808.945,-1670.006
17105.564,-10700.413,-2599.9143
14582.619,-8478.127,-2964.1174
9400.818,-5577.804,-2467.324
3020.456,-2902.6858,-1675.7732
-4550.37,-1194.7926,-1203.6919
-13098.1,-3.953994,-840.05475
-20396.854,1165.6356,91.171165
-24960.92,2106.2227,1871.211
-26607.22,2387.6543,4055.5513
-24426.396,3123.5857,6237.119
-20212.908,4810.785,7740.1772
-14941.233,6036.8145,7810.611
-8693.778,5960.471,6901.1416
-4236.5537,4366.151,6486.171
-1745.102,1444.2493,6053.635
139.35881,-1723.031,4820.119
3128.0615,-3740.8628,4622.058
7085.2695,-4932.6973,5201.152
9484.586,-6327.638,5212.631
9709.393,-7598.7974,4731.8496
8377.439,-7866.048,3286.7668
6283.0093,-6431.664,1361.8595
4243.5083,-5013.304,-353.6832
3059.1084,-4924.0776,-2108.7932
1954.2872,-3805.4604,-3906.254
542.4259,-1244.2216,-5692.622
-1178.7462,417.61993,-7574.4893
-3688.1367,944.49005,-8448.352
-5180.3467,1569.4493,-7150.5767
-5087.794,2985.4639,-5282.696
-4746.0225,3444.9607,-3952.974
-4922.5874,1291.6815,-2936.6704
-5474.1553,-449.02875,-2920.5168
-5690.3057,-723.4396,-3688.1946
-4327.2886,-730.3197,-4795.9937
-686.2397,472.23923,-5300.5527
3073.994,2042.8882,-3524.3418
6321.647,2948.5225,-124.10786
10183.307,2233.2793,2891.5115
13625.766,-1174.0892,4570.986
15359.342,-4845.9775,4886.728
14707.699,-5796.301,4101.706
12143.264,-4209.9985,3205.0955
9208.027,-1557.6932,3024.229
7627.3237,485.3771,2867.7505
8057.15,444.73645,2181.9941
7688.131,-995.70435,750.09766
4362.5674,-2259.605,-993.3657
53.35148,-2719.875,-1520.3622
-3353.911,-2097.2937,-623.98584
-5155.2266,774.11334,1164.7477
-6344.093,5010.1724,3036.073
-8861.891,7764.1733,3851.7415
-10399.793,8458.01,2994.8237
-8700.331,7150.163,-88.71137
-5800.662,5249.922,-3933.7122
-3398.6235,4970.5356,-6381.2505
-2659.9875,5473.092,-7831.7817
-3385.287,5851.269,-9350.61
-3765.2683,7409.8066,-11164.149
-3797.9863,9899.07,-12751.615
-2975.5334,11323.904,-12313.094
-417.45773,10680.211,-9134.941
2489.5652,7457.407,-5336.3315
3997.962,2703.4387,-2554.3188
4194.168,-897.11743,-268.24936
3425.5698,-2220.2654,2882.4424
1198.6404,-1980.621,6767.377
-1084.182,-879.4657,9537.3545
-2390.7542,-803.88367,10329.013
-3510.9158,-3652.7253,9232.604
-4811.8594,-8017.879,7180.4336
-6845.2876,-12823.047,5392.7896
-9142.404,-18084.707,4103.488
-10422.841,-21451.844,3508.2983
-11267.777,-20933.22,3434.5813
-11897.054,-17113.553,3613.0935
-11668.642,-11372.766,4093.5645
-11704.113,-5435.256,4163.9644
-11679.57,-638.00854,3688.8088
-11406.53,3496.8792,3490.668
-12097.139,8183.668,3962.1777
-13140.1045,12613.275,5428.647
-14617.411,14319.031,7671.0654
-15750.513,13325.336,10146.516
-15027.711,11033.903,12074.287
-12078.799,7590.1167,12072.6045
-6798.6196,3155.8242,10821.754
-30.763718,-1769.0894,10065.989
6864.9307,-4682.0103,9929.8955
11516.146,-3305.9927,9317.67
13790.236,39.910313,7129.455
14636.088,2050.6387,4137.2144
13839.506,2682.2698,1856.4763
13646.752,3781.5964,258.8731
15518.237,5911.8027,-1046.539
17355.67,7966.204,-1200.7058
15836.051,9695.46,-333.39624
11476.046,11801.931,116.99516
7353.776,13409.966,263.24545
3076.2134,12612.535,798.6975
-2061.4692,9269.905,1068.642
-6792.2295,4377.9165,376.81104
-8974.271,-1305.3827,-48.099297
-8326.426,-6183.0786,264.46237
-7419.217,-7877.2573,157.18974
-7853.553,-5611.843,-579.6711
-9522.452,-1067.3287,-1767.2667
-11225.206,3551.2944,-2652.0354
-11906.27,5790.564,-3416.5518
-11571.8,4968.0166,-5259.3003
-11154.927,2232.0208,-7387.646
-10929.086,-1744.3514,-8783.685
-10526.738,-5129.3022,-9873.148
-10671.712,-7242.996,-10533.355
-10595.674,-8058.705,-10293.789
-9915.4375,-7583.346,-10199.779
-9627.646,-7430.667,-10789.9
-8419.361,-8613.669,-11090.82
-5376.9756,-11501.6045,-10531.415
-973.2831,-14654.16,-9022.426
4563.6973,-16508.818,-6672.5386
9727.499,-16052.35,-4374.873
12781.958,-13744.063,-3017.3958
14489.127,-11678.144,-2606.441
15414.062,-9748.253,-3640.144
14099.981,-8028.2095,-5314.992
11376.231,-5980.4985,-5202.287
8782.634,-3247.003,-3149.8193
6754.6787,-661.719,-597.40985
6593.988,1746.7806,1134.544
8455.082,2765.4653,1070.4551
11810.215,2088.3,-748.69574
14939.4,1101.3527,-3243.6104
16221.053,926.35504,-5216.6484
16198.179,384.13742,-6580.5845
15102.962,-1491.7618,-8107.0396
14487.604,-2256.6887,-9704.993
14359.109,-117.99347,-10379.053
12893.314,4542.379,-10012.394
11143.325,9296.536,-9038.728
9704.613,13548.966,-8141.908
8451.728,18645.648,-7708.9263
8615.855,21756.635,-6669.839
11003.667,20820.72,-4920.1577
13659.583,17548.904,-4083.2947
14893.734,14123.203,-4175.8364
15956.427,10714.704,-3576.5112
17045.133,6500.319,-1374.6042
17470.951,4121.031,1812.7319
15986.809,4311.43,4162.299
11622.8545,4812.097,5393.4556
6458.2754,5690.2446,6283.5522
1980.1785,8381.935,6502.3184
-2554.8794,12786.282,6049.986
-6754.314,16913.889,5055.6987
-9562.384,20491.227,3057.5002
-11249.922,23089.998,18.538229
-11923.917,24543.744,-2822.0466
-11730.343,25234.621,-4480.9194
-11064.413,23529.621,-5140.2417
-10032.376,19576.305,-5049.6113
-9176.029,14368.158,-4225.789
-8258.07,9498.346,-2144.81
-7322.2114,6975.7583,1111.4812
-6519.97,5855.8633,3978.7617
-5463.76,3711.0427,5168.0713
-4841.216,-224.54019,5045.7456
-4189.8965,-4201.1455,4177.324
-2360.5354,-7096.4087,3351.3276
-243.36713,-8751.075,3628.959
-148.86212,-9491.418,4490.9873
-2377.3584,-10370.959,5584.076
-4534.218,-10641.693,7112.9854
-5944.4526,-9633.3125,8755.83
-6917.034,-8321.626,9709.512
-6546.9263,-7518.4272,9695.655
-4414.496,-7523.6577,9830.547
-1187.3074,-7819.4614,10056.815
2543.9832,-7766.1167,9952.294
5879.793,-7264.4185,9688.043
7285.318,-5747.853,9034.806
7076.777,-2629.6655,8690.24
5940.9897,591.2263,8906.807
4013.7727,1821.5082,8943.242
2357.1216,555.29364,7655.023
1286.0022,-4260.7075,4521.787
965.2508,-11886.313,1448.814
1506.6764,-17846.633,-287.24768
2560.9895,-20955.988,-802.368
4470.648,-23088.727,53.826336
6511.0938,-24077.303,1395.557
8014.53,-23994.805,1908.7483
10273.37,-22815.91,1511.9498
12520.024,-19513.668,1183.9539
11889.718,-15375.576,1447.7239
8464.906,-12379.938,1609.5458
4199.004,-9349.992,1261.6232
935.0852,-5274.363,1580.0441
67.72697,-1639.3746,2648.6616
59.24076,470.92474,3221.7603
-96.68127,566.1322,3510.6484
247.97939,-926.7175,3704.07
458.7158,-2238.266,3726.226
126.684494,-1855.4452,3538.4573
-1246.5485,71.61411,3162.5806
-3451.5024,2239.9526,3352.1006
-5489.857,4103.416,4002.522
-6474.2656,5815.0503,4082.4468
-5479.815,7193.7827,3118.7751
-2972.2698,8080.967,1574.8998
-726.33777,7974.853,-310.88806
-1041.8239,6360.462,-1595.4065
-4194.248,5116.0903,-692.0524
-8446.128,4625.619,1421.6525
-11763.755,3527.81,2873.9014
-12198.073,2149.7388,3367.3992
-9426.673,-1107.5536,3011.3027
-5549.0527,-7096.958,2187.529
-3271.9177,-12988.638,1869.7957
-2595.8062,-15883.116,2361.376
-3034.521,-14897.298,2159.2764
-4365.278,-11335.247,254.98166
-4957.892,-7553.887,-1668.4674
-4088.4026,-5336.2666,-2218.3245
-2872.8398,-4701.7593,-2015.0815
-2701.4287,-3704.1294,-1758.9403
-3057.5774,-897.78516,-1347.2709
-3448.5884,1852.0023,-558.7842
-4149.267,2472.35,555.59406
-5017.3228,1079.137,1629.4229
-6309.71,-1209.3918,2021.1255
-7899.5737,-4302.3726,2534.3022
-8984.187,-9242.359,4338.5205
-9262.781,-14797.774,6856.477
-9062.595,-18178.066,8949.66
-7703.712,-17623.223,9866.452
-5161.383,-14282.705,9427.167
-2939.8696,-10523.4795,7268.1196
-2410.4707,-7369.381,3351.3584
-5151.299,-5170.5015,-915.45514
-11460.817,-2629.02,-3739.3672
-18315.27,1217.1288,-5082.751
-21802.955,5976.5923,-6272.7666
-21668.623,11702.724,-7537.826
-19829.312,17273.195,-8809.056
-17725.865,20582.035,-9998.576
-15629.212,21098.025,-10060.385
-11759.06,19670.467,-8503.373
-5888.4834,16744.166,-6670.084
43.25175,12315.7,-6036.593
5273.141,7902.505,-6420.048
8824.594,4238.082,-7275.2793
9878.413,-391.8451,-8047.612
10419.955,-4930.7573,-8043.561
10428.64,-7593.5537,-7365.576
8073.9795,-8320.847,-6510.8027
4885.4067,-6202.973,-5966.498
1046.6394,-1911.5869,-5842.278
-3849.668,3284.289,-5427.9478
-8120.9067,8223.068,-4722.475
-10733.544,11924.05,-4869.0254
-10828.414,15883.83,-6118.228
-9431.042,19648.959,-7613.015
-7629.0605,20761.113,-8401.888
-6077.807,19227.146,-8045.056
-5585.03,16140.2705,-6777.796
-4489.0166,12127.049,-5100.602
-1870.1641,7460.797,-3339.015
1595.4672,3611.102,-2106.6238
4354.3867,2039.0991,-1973.9298
4521.5273,2060.9072,-2371.2817
2637.3923,2342.0364,-3262.5833
1289.5956,1944.3196,-4803.3477
1227.8296,1104.2784,-5891.923
1302.459,534.47687,-5921.66
1540.1901,683.2508,-5513.2686
2176.8586,1287.2952,-4867.4146
3113.6787,1939.7532,-3474.601
3886.829,3883.189,-1868.1056
5134.1323,8184.646,-330.99164
6667.0283,12537.617,1757.5339
7154.9316,14240.579,4799.8164
8137.536,14529.221,8239.48
9152.136,13614.94,10353.497
9305.848,11021.079,10997.391
10007.551,7534.743,10406.117
10841.618,1587.8424,8388.739
11817.788,-5402.526,6040.0884
13418.282,-10674.882,3906.5725
15041.406,-14693.431,2298.8164
16195.398,-16360.02,1181.0537
17001.002,-14196.324,-42.3674
16972.922,-9923.222,-1244.6055
15362.877,-5296.9673,-2208.2048
14223.929,-322.24515,-2280.0
14518.812,3047.8813,-1785.5934
15037.75,5226.984,-1721.4747
16456.188,9038.092,-1627.009
17179.488,11660.979,-1456.8987
15809.601,11154.21,-1098.8195
14692.529,9775.982,-635.19977
14417.175,7510.1206,-887.7348
13898.786,3074.5264,-1768.6653
12570.338,-2636.9722,-3377.9885
11818.613,-6644.348,-4984.5225
11502.175,-7830.682,-5661.3794
9408.31,-8026.312,-6196.0806
7445.409,-8342.876,-6784.8296
7511.738,-9599.696,-6379.5986
8087.6597,-11798.392,-4255.331
7496.364,-13272.911,-1213.0792
6132.278,-13740.462,1748.1918
4626.6094,-13816.853,4762.3467
1715.328,-13725.5625,7781.971
-2658.4988,-12487.152,10370.368
-6777.4937,-9683.909,12021.869
-9167.403,-7817.458,12105.474
-10461.674,-7153.185,10633.3
-11872.047,-5130.7134,8854.184
-12759.589,-2397.559,8028.127
-12846.377,-1362.7012,7647.9355
-12702.6045,-1605.9106,6403.952
-12265.614,-2013.0449,4366.944
-11082.393,-3044.102,2756.077
-9081.501,-4082.0205,2243.4316
-6635.0957,-4423.7593,2690.165
-5082.1533,-5394.9453,3352.5366
-5004.481,-7565.2666,3746.5369
-5321.574,-9567.664,4470.5757
-5853.8965,-9534.323,5347.0986
-7127.2246,-6797.7485,5517.9175
-9592.788,-2814.3325,5026.3193
-12132.8545,552.0948,4167.3525
-13637.757,3530.4363,3162.2214
-14718.151,7338.641,2445.1863
-14303.202,11198.506,1510.2174
-11826.601,13295.72,-621.2851
-8929.676,12781.462,-2522.7617
-6677.074,10137.185,-2942.6196
-5286.0635,6702.287,-3322.454
-4704.4287,3107.2705,-4543.5386
-3296.4753,-1158.3298,-5332.4033
-156.32773,-5859.843,-4683.6143
2509.4934,-8494.469,-4116.2046
4298.58,-7863.0596,-4348.5933
6041.177,-5311.2163,-4386.8237
7805.14,-1673.6641,-4091.912
9408.158,546.6635,-3223.09
10209.974,212.95229,-1956.9355
10964.497,-462.96634,-610.66644
11705.35,-1667.5272,823.8423
11833.23,-3797.6099,1421.8278
11065.925,-5412.2275,781.12537
8960.41,-5306.1284,-256.8748
5243.7593,-4348.635,-1014.55084
101.95808,-3987.3914,-1589.9044
-4998.4155,-2430.596,-2494.993
-9552.241,1694.1272,-3646.7102
-13041.692,5356.1543,-3782.8975
-14990.158,4990.5957,-2265.696
-15280.458,2229.2898,-560.8716
-12821.483,407.85666,-159.85094
-8542.789,-890.33234,-471.71863
-5110.4766,-1443.7327,-290.11072
-3795.4717,326.9759,7.2912397
-3217.0833,2964.3381,11.726658
-2825.2324,4129.491,1294.1494
-2965.601,3076.229,4176.486
-3298.3767,-193.86012,6467.511
-3759.5547,-4565.9766,7583.554
-4215.6206,-7556.5664,8086.762
-6145.2754,-8188.938,7632.304
-8943.904,-7822.325,6498.667
-11488.33,-7064.064,5222.839
-13974.806,-5586.6157,3587.8762
-14127.8955,-4071.515,1634.6172
-11751.95,-3048.8235,-27.195343
-9112.171,-920.9131,-938.3915
-7576.218,2674.1338,-1579.363
-6078.0356,5731.1416,-1968.2975
-3527.7507,6301.8955,-1171.85
-819.51746,4733.461,-290.8581
1656.1154,4742.7974,-523.10315
3794.1638,6560.466,-1273.7219
6743.041,7285.3013,-2579.0852
10952.467,7301.2114,-4575.563
14972.505,7143.05,-6504.106
17550.191,6005.3804,-7765.465
18305.363,3137.616,-7928.4243
17076.3,-1284.0079,-6952.6934
13331.421,-4461.12,-6609.161
8528.168,-4773.3887,-7294.992
4574.889,-3620.3755,-7046.673
1955.4675,-2088.2314,-5508.6895
-214.72469,-1175.4501,-3622.2312
-2794.3113,-941.05316,-1607.7727
-5517.053,67.4004,1045.4882
-8501.78,1799.2733,4066.0703
-11224.896,3609.73,6648.755
-12985.088,5243.128,8436.275
-13325.55,4903.497,8946.331
-11621.793,1983.6718,7841.7017
-8446.084,-1511.9293,5650.5645
-5214.902,-3501.8596,3615.4514
-3116.983,-3917.9446,2389.5159
-3557.6978,-5288.7144,1228.9283
-6138.5073,-6347.8286,-298.4498
-7563.4873,-3785.72,-1443.0327
-6346.119,570.9775,-2073.5334
-4928.7837,4050.9548,-2132.1843
-5074.598,6121.394,-2078.9448
-4832.0615,6577.629,-2863.4172
-3653.6396,5426.1045,-3120.9988
-3388.7153,4733.0645,-1839.1833
-4579.5728,6090.3345,-565.3346
-5997.886,7821.8594,-467.18948
-5445.3135,8226.819,-378.80807
-2243.7693,8490.215,728.4335
1696.6093,9028.47,2270.9524
2872.6794,8037.2256,3878.2212
2008.4377,8230.277,4879.2646
2326.147,11426.872,4818.2437
2398.4585,14229.2,4162.141
916.9699,15087.722,3099.375
-517.8939,14492.567,1821.4921
-980.7592,12381.362,1488.6222
-565.5207,9592.532,2373.8271
1170.3425,7927.756,2642.5981
3859.9219,5635.409,1726.7874
7052.948,2193.3904,517.94147
9703.053,162.50735,-454.8689
9808.902,-723.0913,-1222.1997
9127.3,-1584.588,-2100.824
9507.974,-2427.007,-2814.148
9527.347,-2380.1333,-3094.3303
8434.99,-1501.1704,-2844.3533
7734.614,-324.84097,-2561.7854
7408.17,-550.17267,-2736.6675
6943.9053,-2907.478,-2776.8655
8198.379,-5885.4814,-2820.9382
10244.12,-10806.435,-3407.8281
12407.238,-15254.094,-4408.3633
14713.834,-16174.017,-5616.664
14318.711,-16413.893,-6728.596
12460.497,-15305.515,-7722.0645
11498.98,-11120.41,-8255.942
9988.775,-6224.0596,-8132.5776
8142.0,-1669.1019,-8132.9673
6643.0923,3638.084,-8592.909
4953.8364,8961.979,-9231.837
2816.3684,12699.437,-9492.205
-293.7205,15046.429,-9485.495
-3459.867,16019.694,-9421.894
-6215.282,15809.533,-8735.258
-8658.601,15023.343,-7566.2876
-9627.668,12273.698,-6037.4146
-9100.147,7862.5933,-5009.449
-7512.409,3655.7737,-5407.3535
-5121.568,-854.5486,-6053.117
-2716.4443,-4589.1895,-6283.354
-1876.167,-6397.821,-5686.756
-2068.7961,-7862.253,-3462.618
-861.5017,-9055.255,-1023.09045
279.94687,-9020.553,-712.30426
1200.4906,-8032.258,-1863.8926
3260.3223,-7911.2344,-1893.4368
4032.2598,-9374.514,-323.0762
4086.3896,-10673.421,2009.5269
5274.0195,-12401.923,4045.73
7593.9214,-15082.314,4912.16
10698.966,-16468.379,4944.719
12276.382,-16675.219,4574.864
12569.647,-16675.877,4296.67
12831.107,-16828.0,4039.13
10833.757,-16837.572,2816.7383
6140.7925,-14724.386,1193.8574
1520.6567,-10445.631,407.96756
-1938.1731,-5439.2017,85.89649
-4025.2666,-242.28365,-701.7857
-5049.097,4283.21,-2182.0608
-5738.48,6674.101,-3403.6143
-4932.896,7176.2295,-3452.776
-3856.775,6430.5264,-2282.8389
-3665.5273,4030.1516,-441.24698
-1906.8109,1599.0355,794.28705
1700.9943,920.1826,1721.301
5578.888,356.22034,3478.418
9263.325,-2200.9912,4903.0137
12406.271,-5262.2607,4899.105
14064.445,-6336.6743,4211.1636
13966.152,-5008.0474,3366.989
12664.501,-2532.0693,2553.6401
10152.939,-556.1098,2167.837
7371.6826,642.29266,2146.2278
5597.3184,1202.6965,1446.8097
5171.3438,1678.2864,-41.113083
5956.6387,2497.8623,-605.2624
6077.323,3188.6523,-194.73177
5312.4673,4182.94,468.87296
5000.6587,4744.8545,1287.9128
5146.668,3577.9216,2094.0122
6077.888,2724.0295,3579.8088
7510.2593,3028.2517,5226.5356
9275.058,2010.4808,5922.7456
10857.847,-1243.3131,6024.389
11253.5,-6262.226,6395.9062
10830.51,-10693.729,6939.1187
9006.419,-11268.759,6420.4478
6781.838,-9015.43,5316.1704
6183.9336,-7323.924,4626.3115
5531.116,-7509.9272,3958.6233
4868.624,-7981.1274,4242.1313
5092.914,-6942.8955,6173.436
4771.172,-5264.779,8861.822
3313.8674,-4716.082,11248.995
-94.92824,-4535.4966,12084.683
-4511.901,-2877.4963,12197.129
-8984.917,275.84042,12645.41
-13860.432,4984.5356,12278.55
-18118.852,9312.946,11124.575
-21147.982,11082.473,9954.43
-22789.15,12267.834,8352.84
-23317.463,13006.422,6387.7856
-22694.074,12968.164,5361.648
-21365.621,13448.515,5934.826
-19828.566,13868.552,7212.0815
-17266.479,14609.202,8043.8423
-14181.261,14526.073,8212.346
-12420.045,11976.154,8320.183
-11953.668,9588.907,8203.738
-11115.7,9027.28,7118.387
-10973.171,9438.274,5815.524
-12200.473,9782.565,5815.262
-14217.243,9575.803,6555.688
-18170.93,9806.234,6428.88
-23174.998,11958.901,5254.05
-27650.281,15062.083,3817.7085
-29919.047,16245.869,3323.679
-28808.63,15970.512,3552.4675
-25342.49,15404.465,3585.3433
-20205.146,12990.973,3005.763
-15534.745,9287.118,1511.4797
-11831.883,6206.9087,1091.1724
-8169.474,2857.4077,2088.9631
-5771.7896,-1191.6659,2486.2048
-3485.157,-4860.2524,2438.1045
-796.7513,-8263.683,2020.8452
214.94063,-11052.391,1280.1958
-263.83752,-12262.115,978.01355
-656.7446,-12178.803,500.43546
-1879.9366,-12014.034,-1025.9534
-3735.711,-11753.179,-2952.406
-3336.6008,-10474.662,-4370.324
-2394.8801,-8536.154,-5102.926
-2531.9995,-6671.2485,-5424.686
-2169.2969,-4751.4175,-6203.4355
-2022.3591,-1684.3564,-7210.448
-2214.8503,2143.3303,-7748.32
-1866.6859,4538.624,-8007.8696
-660.0036,5127.1206,-7925.71
1411.966,5068.213,-7506.2085
3008.0955,5438.4326,-7220.851
3409.5068,6795.9053,-7447.179
4162.187,7641.7065,-7184.687
5558.2866,6445.4463,-5851.0825
6105.397,3981.191,-5022.2715
6403.691,1392.4008,-5297.5215
6973.0854,-529.9178,-5903.1606
7061.525,-1806.468,-6798.2397
6280.112,-3195.6936,-8224.758
5264.822,-4698.2344,-9764.128
5568.638,-5912.8237,-11204.553
5812.887,-6961.2207,-12272.803
4676.5405,-6529.4673,-12139.68
3224.4534,-4454.1133,-11141.667
1884.8552,-3971.095,-10045.199
1648.6069,-4142.635,-9499.799
2532.7437,-3959.3083,-9919.797
3389.3784,-5615.0913,-10110.409
4321.6646,-7826.561,-9468.715
6483.946,-9953.072,-8923.743
8546.461,-11300.727,-9138.223
8266.627,-9070.265,-9532.909
7090.4116,-4140.106,-9177.848
5444.7783,32.449356,-8513.077
3699.5203,2442.3906,-7684.037
3057.1519,3170.3115,-5988.8545
2607.0642,2036.3049,-3890.6921
2256.4622,562.9589,-2436.0579
2407.2122,-601.4781,-1405.3593
3600.6467,-1744.6771,-301.1759
5966.9004,-3332.6611,1106.6196
9003.042,-5493.737,3006.3604
11476.379,-7562.6416,3983.749
11765.537,-10676.476,3714.5186
11517.249,-13414.212,3395.544
11855.473,-13761.48,3013.41
11029.687,-13324.351,2672.2705
9567.168,-12126.696,2611.2185
8412.713,-9455.062,2538.2585
7631.2036,-5555.2017,2091.7935
8244.872,-2235.645,1440.2202
9687.757,-2019.439,717.1002
11717.511,-3450.1694,-182.5559
14135.191,-4654.845,-962.3829
15491.14,-6405.3057,-1261.6117
15585.576,-8128.463,-1238.5077
13701.783,-8469.395,-1949.9637
10502.913,-7546.4634,-3484.5686
8286.192,-5504.3306,-4972.302
6894.085,-2434.3135,-5638.499
5159.0923,606.8017,-4663.742
3648.1003,2731.109,-2235.4246
3045.2517,4061.926,27.19697
2533.2036,5960.27,811.4818
900.74963,9468.99,1010.24243
-2736.7192,13342.868,1637.6609
-7075.901,16083.735,2472.8994
-10661.3,16808.424,3104.398
-12909.447,16107.561,3437.5398
-12888.06,15141.707,3079.592
-11992.186,12716.87,1765.2556
-11063.089,9570.966,701.08746
-9901.216,7955.53,472.80984
-9594.608,7664.2397,870.37427
-10248.705,7847.3965,1320.9596
-11058.614,8174.8193,1286.9293
-10815.303,9263.414,1575.1807
-9513.471,10478.079,2500.6028
-8788.015,10335.604,3270.435
-8951.206,8790.072,3118.4504
-8928.315,5717.5137,2724.8582
-8013.519,1820.9299,2819.6338
-6331.842,-1753.1946,2986.7395
-4776.8613,-5251.25,2950.6853
-4225.2446,-7934.5947,2136.769
-3861.0747,-8670.17,1182.9734
-3094.9424,-8590.98,804.9065
-2460.607,-7663.8413,421.12192
-981.5009,-4871.7993,581.84955
1365.501,-2778.5825,1434.4385
3627.3186,-2951.614,1820.3032
5680.084,-3216.8362,1384.6294
6773.0317,-2932.4978,1362.9863
7268.0254,-2899.7334,2284.2595
7558.8813,-4067.261,2719.2449
6665.3594,-6414.593,1937.0874
4882.7686,-8094.4873,758.3786
3995.6948,-8275.715,8.084414
4250.7456,-7234.038,-710.13165
3829.8765,-6410.857,-1555.84
2257.3943,-6125.818,-2019.9674
637.63525,-5526.756,-2129.4546
124.7295,-5161.293,-1716.9493
497.62756,-4374.882,-487.92505
409.84253,-3117.6792,1333.2612
803.1349,-2140.019,2825.44
1819.5962,-1388.4927,3600.736
1539.8665,-810.71674,3710.263
786.69,868.4697,3182.5479
32.666805,3146.7507,2605.999
-766.3845,4205.303,1868.4341
-1152.5712,4439.0767,857.01105
-2305.945,4397.499,91.38245
-3614.21,4023.575,-464.51352
-5166.879,3199.1575,-1276.157
-7190.823,1436.2388,-2349.3804
-7819.9717,-1221.3634,-3064.616
-7899.2373,-2805.6929,-3329.534
-8306.48,-2018.1494,-3836.6536
-8259.142,-191.34183,-4713.3687
-7350.602,2217.981,-5331.3154
-5904.8184,4850.9214,-5119.7524
-4756.411,6376.4097,-3838.0142
-3547.6821,7103.9644,-2475.6892
-2404.226,7624.007,-2012.7958
-2439.0718,7148.393,-1719.137
-3462.8015,5616.5156,-1215.9236
-4273.795,4551.119,-916.9713
-4942.667,4963.8027,-827.5416
-5646.02,6295.6543,-755.8475
-5245.0186,7071.617,-545.26917
-3763.246,6219.627,-725.82367
-1110.6539,3653.5713,-1647.2898
2401.9817,684.53406,-2057.8145
5109.4414,-1457.9185,-1042.8457
7004.0195,-3094.7646,658.419
8713.329,-4490.4585,2204.7803
9868.928,-5592.612,3422.726
10190.579,-5481.58,4059.618
10552.396,-3429.681,3883.6465
10944.009,-626.90466,3435.017
10674.6,1722.153,2463.449
9861.758,3563.2595,460.10416
8246.098,4453.7095,-1473.0508
6680.2676,3781.5178,-2409.6313
6585.3984,3112.5928,-2530.9846
7304.578,3657.7031,-2610.1025
7825.2065,4270.045,-2669.6426
8587.002,3490.892,-2186.3809
9061.152,759.12933,-1339.4232
8631.392,-2783.4946,-127.97632
7604.91,-5143.462,1158.0553
5750.8765,-6501.4473,2187.099
4415.786,-7819.21,3056.764
4176.2236,-8070.52,3354.6082
4117.835,-7050.3394,2988.8125
3931.9443,-4765.94,2591.2942
2741.912,-1798.7001,2073.982
941.9145,16.74702,1067.137
-1061.2954,804.29034,191.44394
-3190.041,1596.1162,-529.36255
-4005.585,2524.9167,-1386.2787
-3111.8416,2573.3823,-1843.4893
-1428.6771,2561.6057,-2389.9792
-24.268545,3540.034,-2931.6477
1258.0034,3756.5122,-2625.8547
2671.0054,2073.9043,-2766.7444
3227.925,-589.902,-3360.699
2951.1477,-2434.124,-2881.2007
2900.516,-2914.0098,-1417.4666
2921.3452,-2442.007,782.4983
2231.7954,-1452.8417,2856.225
1188.067,-156.50221,3996.5515
80.90731,86.027916,4955.6797
-483.05978,-1732.4529,5973.831
-464.1854,-3867.0083,6658.7583
-668.32855,-5937.9395,7321.523
-246.29791,-7634.4097,7916.857
1170.6613,-8364.251,7472.225
3251.851,-8854.237,6749.0044
5170.4585,-8621.814,7061.8843
5782.343,-6957.448,7322.695
5734.643,-4188.2217,6784.336
5414.345,-1089.7544,5783.3247
4919.8267,2111.4062,5116.013
4586.627,4453.9834,5111.96
3756.8271,5097.0186,4963.8623
2006.0308,4999.891,4938.597
-81.60551,5066.316,4906.122
-613.8293,5792.0312,4768.0625
364.1118,6405.6147,5057.459
199.96138,6110.0474,5727.089
-741.5233,5747.1177,6586.3984
-1203.9978,5932.0757,7100.8037
-1818.2402,6439.5225,7676.188
-2882.4065,6770.156,8315.257
-4388.202,6851.274,8205.75
-5847.142,6792.228,6828.177
-7079.6064,6451.0015,4915.5234
-8196.739,5550.3066,4019.8877
-9165.444,4398.3296,3335.0947
-9735.667,3871.9321,2168.7388
-9659.0205,3408.3616,1500.8147
-9640.581,2726.3857,1658.7869
-9439.321,2563.7512,1621.1857
-9089.361,2327.569,831.5563
-9226.939,2176.6052,75.17425
-9252.216,1867.3694,-681.7532
-8889.469,107.20512,-1490.5668
-7924.478,-1683.9124,-1739.9067
-7131.945,-3111.6501,-1488.3165
-7280.4463,-4706.2417,-1481.2775
-6990.6187,-5360.757,-1909.5636
-5785.6436,-5558.872,-2445.1858
-4415.2954,-5265.2427,-3426.8936
-3109.5962,-4289.5713,-4616.89
-2390.0286,-4058.5312,-5080.997
-2055.0798,-4701.996,-4904.0825
-1573.9578,-5110.427,-5062.5947
-2152.1128,-4616.9214,-5432.8433
-4220.1597,-2913.137,-5549.987
-7098.516,-151.17538,-6282.218
-9819.357,2195.2832,-6858.837
-11197.8955,3386.6836,-6020.1694
-11494.34,4192.9966,-4674.8403
-11202.117,4545.1704,-3815.2996
-10510.343,3743.441,-3491.432
-9729.007,2551.891,-3064.8987
-8292.933,1912.2632,-2800.011
-4976.449,1324.3333,-3158.2354
-1182.2524,816.62396,-3666.256
1182.7457,555.2485,-3990.2214
3261.5806,268.8814,-4225.6323
5160.9346,288.85098,-4293.9697
6323.101,1319.8373,-4017.905
6538.052,3393.5183,-4130.984
5414.9277,5581.0166,-4731.098
3757.6719,7152.7417,-5380.385
1922.089,7770.38,-5585.4336
102.51816,7574.0493,-5534.962
-1490.1561,6428.2466,-6126.5312
-2599.305,4264.3223,-6507.7036
-2611.831,1965.0007,-6292.492
-2152.7163,-48.166622,-6064.9766
-1323.6368,-1818.5836,-5587.926
472.08374,-3600.2356,-4389.6426
2224.6733,-5415.8237,-3002.6938
3184.6797,-7006.371,-1935.9155
4159.346,-8137.2188,-892.96277
5375.488,-8222.653,-639.76306
6033.791,-7149.4106,-1287.8445
6005.3643,-5398.2896,-1686.0114
5642.3394,-4138.3027,-1344.321
5001.2744,-4277.735,-869.8948
4250.348,-5108.171,-538.5305
3540.0168,-5427.9185,136.55212
2255.2495,-4920.573,609.9679
313.62253,-4124.079,729.56885
-1069.9164,-3547.2627,1008.10974
-1575.648,-3675.9373,1027.2926
-1311.4725,-4653.538,553.99054
-724.5188,-5856.2314,54.18779
-740.02045,-5925.5894,-272.85327
-1140.9755,-4265.0254,30.693316
-1884.0076,-2801.1133,1426.1707
-2757.401,-2555.5315,2794.4763
-2394.6948,-2600.0498,3396.296
-834.1382,-2956.899,4036.959
927.65533,-3628.9124,4944.814
2956.6963,-4527.0073,5448.906
4895.582,-5508.084,5610.538
6892.6816,-5829.4663,5755.9097
9101.696,-5604.631,5559.266
10582.576,-5403.5312,5239.099
11437.534,-5031.973,4867.44
11471.236,-3312.4976,4062.8887
10645.4,-200.10533,2806.4487
9442.91,2897.7388,1464.9053
7602.248,5083.6187,508.25162
5402.3154,6111.3467,-29.672985
3173.9424,6579.3745,-168.00172
1133.1602,6443.412,-445.93842
360.00262,5369.224,-806.9674
985.0387,3554.5632,-292.31897
1432.7539,1114.3096,816.67926
729.288,-653.8182,1987.7062
-1145.0757,-1163.8867,2779.5107
-3290.6687,-1533.3674,2595.0479
-4665.9688,-1505.8778,1915.9316
-5259.5405,169.7745,1429.0312
-5226.847,2346.0588,992.378
-4968.0825,3794.0527,202.26558
-4634.4805,5329.043,-896.3344
-4534.8955,6314.699,-1642.3894
-4485.749,6111.492,-1700.0538
-3323.8687,4929.244,-1856.6713
-1976.5419,3161.3518,-2687.317
-1176.1757,2058.2363,-3588.2869
-335.21454,1058.709,-3653.2302
82.56527,-96.776276,-2699.1204
-234.9973,-936.0701,-2035.6718
-1049.6555,-2171.6436,-2146.2156
-1969.1447,-2837.2236,-2053.637
-2825.8005,-1807.6991,-1948.8302
-3656.5554,-21.168537,-1859.8075
-4529.588,1045.7711,-1482.2285
-4867.718,1297.1426,-956.348
-4690.7744,1311.9303,-96.72869
-5064.7153,601.12366,999.8337
-5720.1436,142.50943,2391.995
-6082.9966,684.0799,3675.7893
-5941.0015,909.257,4162.8623
-5300.499,1313.985,4170.1978
-4238.2783,2012.9507,3754.186
-2952.5576,2005.7552,2979.3164
-2075.7102,1430.2136,2271.5713
-1652.5985,434.36777,1769.9537
-953.9858,-359.05908,1466.0372
108.46186,-461.1853,758.9467
1094.2896,-9.404542,-128.12164
2536.1338,290.68753,-394.45425
4102.243,272.1825,-598.17865
4996.1455,772.52594,-1259.8196
5093.1025,1584.3724,-2120.6328
4715.068,2318.787,-2815.869
4846.864,2940.6392,-3315.797
5956.9946,2974.3562,-3535.6826
7643.152,1973.6339,-3359.14
8683.573,-66.64037,-2787.2385
8951.691,-2925.5784,-1705.1855
8900.691,-5667.185,-868.9966
8008.3853,-7476.77,-530.7341
6450.5376,-8192.256,102.293785
4798.2246,-7863.116,975.75476
3007.4417,-7234.355,1209.9692
1541.3918,-6131.038,836.04584
426.7691,-4347.266,840.60004
-998.036,-2117.1807,1337.614
-2425.4,529.73895,2041.6184
-3791.562,2989.616,2461.672
-4346.882,4873.0054,2378.1052
-3479.0999,5341.367,2210.0308
-1766.6422,3988.1104,1723.1832
357.74417,1481.8331,643.5638
2189.1108,-1174.7834,-509.25412
3264.1794,-2684.9167,-1036.1182
3468.8086,-3277.3196,-1229.2465
3284.0825,-3642.2683,-1749.1406
2815.3042,-3988.9646,-2672.0786
2514.6702,-4905.456,-3448.0542
3151.4382,-4881.436,-3610.461
3935.6594,-3285.9294,-3351.4336
3592.7554,-1763.1895,-2809.4548
2126.292,-356.6022,-2416.9048
971.18695,349.60822,-2383.7205
291.1977,225.60872,-2344.2969
-612.1019,254.74525,-2352.6438
-1844.8738,342.1446,-2540.5403
-2940.3984,672.8898,-2662.4348
-3759.4814,1923.7385,-2856.5178
-4694.0723,3819.1438,-3406.1677
-5599.944,4972.736,-4161.476
-6303.6396,5387.8613,-4906.633
-6476.468,5564.4727,-5182.178
-6232.11,4941.855,-4927.657
-5036.8457,4060.3308,-4278.2153
-3008.4075,3947.7751,-3283.6587
-1260.9946,4259.2207,-2336.134
1246.4127,4247.1895,-1423.6342
4507.641,3567.619,-515.9116
6950.815,2815.3623,256.31992
8778.963,2764.9148,941.1796
10326.375,3155.9302,1638.7562
10879.074,3762.1704,2238.1736
10540.607,4147.933,2331.4
9720.096,3836.1252,2296.373
8396.602,2912.5012,2735.1482
6473.991,2061.8984,3299.1982
4096.4834,981.2202,3791.8196
2058.591,-586.5225,4264.317
697.6703,-985.5789,4495.996
47.19385,-365.9951,4376.9565
-185.99158,286.11172,3453.2168
-376.34262,648.847,1838.7
219.86264,1070.0552,849.00055
1426.0731,1984.1709,572.22003
1974.4933,2680.2598,470.92615
2036.5302,3603.9932,919.48047
2269.7356,4789.4785,1358.6975
2672.0405,5587.0195,1432.3634
2369.393,5618.8003,1627.7294
1227.0017,5148.325,1690.6334
322.96625,4869.2075,1652.7559
-1029.721,4674.7544,1591.1377
-2742.6602,4940.0503,1508.1112
-3808.7683,5231.248,1587.571
-4558.2227,4462.2363,1536.0938
-5020.9946,2300.1545,1119.5444
-5005.7285,-61.047623,466.978
-4698.4824,-1345.0477,125.625244
-4926.3115,-1373.3534,144.80273
-5255.4,-336.5194,186.87825
-5145.97,259.67075,335.69028
-5011.3364,264.65817,350.43317
-4431.4385,-7.1094813,87.91749
-3798.6218,-574.7755,189.43341
-3437.733,-461.6902,925.47034
-3250.0198,497.12872,1703.6847
-3860.0784,1575.066,2009.2612
-4604.7144,1883.8496,1486.4257
-4396.399,1371.3696,788.63885
-3533.169,159.88107,932.41705
-2188.743,-1169.0498,1043.3394
-423.93265,-2230.3945,107.0061
925.6526,-3155.3706,-1254.1543
1462.3457,-3950.279,-2075.2205
1487.8541,-4854.3145,-2028.2811
789.7074,-5901.3,-1659.5283
134.15837,-7481.1426,-1747.8167
424.564,-8582.458,-2109.418
548.7555,-8906.039,-2252.2053
137.14102,-8837.72,-2122.3638
-680.3346,-7543.6846,-1786.3596
-1808.6869,-5974.018,-1294.7241
-2558.8147,-4116.1826,-663.08997
-3055.1904,-1609.4276,-167.47086
-4056.3572,401.81717,66.06089
-5445.613,1871.1123,195.52048
-6345.458,3152.219,207.22578
-7118.018,3767.6348,280.40738
-8160.474,3004.8174,677.0904
-8605.254,1601.207,1098.7135
-7636.156,-100.21504,1279.2843
-5697.4663,-2167.5015,1481.531
-3600.6619,-3166.928,1701.3997
-2115.5605,-2802.9722,1819.1388
-1624.075,-2232.6914,1876.7675
-1433.3104,-1841.9443,1783.5906
-1482.1414,-1506.5532,1810.4489
-1329.1356,-1329.9038,1932.0249
-746.9571,-1123.9698,1541.5669
50.640217,-1044.9703,822.4696
705.7194,-1297.1844,-0.9007303
676.20135,-1534.7268,-957.615
786.0731,-1533.8955,-1356.9473
688.81476,-1973.916,-923.3915
216.2173,-2828.7883,-249.96129
-583.4257,-2453.6653,-29.629053
-1727.8243,-1489.0634,-264.84753
-2113.8413,-870.48376,-536.1916
-1975.4886,92.143196,-837.96954
-1215.5698,1618.4902,-1047.7462
-210.54214,2965.1042,-1317.2943
283.0143,2279.6458,-1724.46
1169.4663,-196.72331,-1780.4907
2615.0798,-3233.4167,-1947.2726
4269.346,-6365.818,-2302.4114
6349.928,-8994.343,-1693.6777
8111.6074,-11131.496,-495.6966
9176.565,-12376.767,324.17285
9694.307,-12916.299,831.59357
9116.713,-13288.403,1181.7977
8251.439,-13001.867,1781.7305
6838.6787,-11886.654,2421.6104
4310.756,-9565.636,2722.039
1934.9648,-6101.003,3074.5864
-74.38111,-2926.2114,3625.7815
-1766.4629,-204.00824,3957.0508
-2841.2078,2372.0474,3655.6936
-3340.8342,4190.445,3345.0422
-4023.0723,5280.727,3299.14
-4924.5156,5618.3213,3199.1648
-5112.119,5386.259,3151.3416
-4652.5474,5027.4663,2890.6292
-3879.643,4107.0796,2615.5496
-2727.7769,2315.1423,2794.3342
-1100.3582,712.1836,3276.266
29.881128,178.27304,3334.6724
366.93637,943.98694,2551.6667
983.3748,3161.0325,1601.0212
1066.53,5564.4814,456.28018
517.309,7990.8955,-998.40265
801.32825,10033.763,-2192.3916
1329.6641,10190.428,-2977.7043
1703.069,9423.754,-3391.673
2333.4365,8749.299,-3984.744
2340.548,7870.6074,-4611.758
1406.4677,6556.6772,-4894.1597
239.28754,5276.395,-5369.9087
-974.2601,3778.5635,-5799.1343
-2117.4097,2226.8933,-6115.1514
-3026.1604,1545.3268,-6662.9683
-3701.9065,1021.2968,-7035.7876
-3522.4678,115.15054,-6749.824
-2483.7463,-1297.0302,-6300.425
-1630.591,-3187.2004,-6281.1357
-599.49225,-4339.9883,-5999.077
890.1288,-3417.8953,-5522.538
2120.0908,-1911.7754,-5523.802
3843.2246,-894.0443,-5858.9126
5455.021,773.4652,-6250.5996
5727.014,2264.9258,-6293.4478
5777.859,3695.804,-5935.6807
5876.7983,5241.6167,-5145.9546
5595.2456,5779.567,-3928.7737
5444.515,5991.6885,-2941.577
6107.122,5778.967,-2447.095
7097.303,4280.094,-1748.114
8008.731,2350.0889,-983.64844
9050.444,597.2932,-739.7279
9581.195,-1365.7933,-405.67313
9664.504,-2915.8782,69.53426
9687.315,-3712.394,447.0315
9717.92,-3866.5925,840.8813
9194.943,-2782.8633,1293.1613
7456.854,-1430.9548,1956.821
5389.319,-973.3007,2963.0513
3869.2532,-1045.3481,4357.9663
2356.8035,-1303.8408,5413.9043
189.55148,-1234.7072,5920.6772
-2047.2102,-1133.4762,6189.1655
-3858.7446,-1140.0668,6438.0
-5525.2314,-505.3421,6673.333
-7005.8555,339.1154,6396.9814
-7917.94,1469.0999,5940.9087
-8362.619,2367.2715,5621.957
-8318.977,2310.685,5436.6426
-7882.2065,2418.024,5062.22
-7318.9614,2419.7874,4215.7236
-6398.449,1886.3896,3326.7937
-5579.4014,1279.0835,2236.9216
-4714.374,1306.8262,888.03064
-3373.7434,2418.8237,-510.28632
-1986.7073,3408.061,-1942.3374
-854.4541,4308.7476,-3328.1147
-194.7503,5455.4155,-4406.3574
284.00995,5892.3145,-4746.432
715.42615,6083.191,-4484.4497
670.6737,6566.394,-3983.4846
-78.03327,5800.3647,-3793.176
-690.76324,2903.5544,-4048.0562
-504.12946,-324.77762,-4232.029
-576.16956,-2017.6128,-4055.7927
-1526.3918,-2079.0588,-3122.193
-3245.3687,-1838.8811,-1833.3138
-5367.309,-1336.07,-893.99646
-7677.27,105.00894,-86.52781
-9792.33,1106.7764,905.41583
-10758.317,1729.898,1785.2399
-11540.852,2299.0063,1982.8483
-12333.66,1851.7927,2172.4224
-12103.49,1019.0273,2914.6099
-10940.233,-78.1256,3792.6055
-8685.395,-1492.7129,4775.918
-5776.5605,-2442.0125,5380.6895
-3176.3118,-2784.216,5042.3125
-1286.165,-2817.0388,4005.015
223.93971,-2713.2412,2957.6865
1630.6406,-2239.2317,2708.2544
2293.6123,-1822.879,3184.4622
1764.6843,-1731.0797,3566.4983
1554.1199,-1720.096,3902.3472
2272.5586,-2228.709,4348.129
2587.9475,-2994.892,4429.765
2443.6987,-3513.2402,4331.7363
1866.4099,-3732.7751,4297.295
1142.1492,-3451.5164,4489.144
882.70123,-3195.6465,4784.485
1023.46906,-3050.362,4744.533
1247.0039,-2356.67,4712.0874
1489.2583,-1221.5283,4497.882
1999.7336,-491.038,4078.1145
2936.028,-751.68396,4184.853
4363.8535,-1123.5641,4537.682
5857.298,-1414.2731,4684.9873
7709.2104,-2315.688,4742.117
9624.349,-3120.3828,4937.471
10972.811,-3578.898,5164.772
11951.032,-4716.3906,4906.118
12387.974,-6881.52,4293.2744
12439.74,-8746.414,4047.2395
12366.192,-9455.334,4341.148
12171.431,-10219.792,4708.22
11243.534,-10735.316,4267.425
9947.391,-9261.867,2712.2366
8944.46,-6894.1943,1081.6584
7247.3203,-4658.326,334.33456
4835.3276,-2146.8005,419.16064
2608.9072,147.06639,684.64
889.5164,2368.0515,762.5947
-125.914375,4373.941,882.09576
-914.9922,5665.4976,1354.4153
-2122.5618,6039.203,1926.456
-3169.2073,5478.2197,2115.7888
-3764.1982,4527.089,2258.776
-4123.4595,3156.1924,2319.5437
-3955.553,1854.1975,1822.6935
-3570.3367,1154.7928,990.2938
-3347.4644,915.11115,246.23788
-2796.5806,986.33636,-188.83655
-2313.506,1372.1915,-825.0033
-2316.6807,2692.2056,-1946.1309
-2315.823,4472.2695,-2660.084
-2873.7651,5533.9146,-2712.8152
-3747.199,6221.1787,-2872.5596
-4185.5044,7009.723,-3272.285
-4707.1567,7413.8555,-3612.8647
-5685.5557,7280.071,-4011.5913
-6623.659,6498.2397,-4475.5425
-6908.546,5011.8037,-4586.9365
-6868.9893,3475.24,-4585.2383
-6461.085,2350.2327,-4961.6616
-5531.7886,1636.275,-5454.604
-4587.55,1044.1046,-5874.245
-3787.1772,444.35617,-6249.8276
-3055.4011,-201.5227,-6640.2827
-2390.4897,-1340.7913,-7010.259
-1921.4663,-2987.6582,-7198.522
-1860.7227,-4592.393,-6978.117
-1962.0548,-5764.3545,-6401.4
-1752.8645,-6370.336,-5885.8926
-1669.7275,-6576.4473,-5536.4185
-1959.8306,-6997.772,-5146.9795
-2084.9517,-7796.646,-4804.696
-2117.1086,-8302.372,-4800.198
-1962.2494,-8446.408,-4532.074
-858.5183,-8493.269,-3722.1133
774.77716,-8244.608,-2899.7124
1787.5459,-7848.1074,-2224.0461
2497.9932,-7554.631,-1620.807
3237.2998,-7071.541,-1193.4962
3405.3125,-6622.868,-1287.8966
3530.8413,-6157.4507,-1315.5044
3906.5344,-4976.3213,-1284.4569
4008.2148,-4160.1357,-1885.5681
4076.1611,-3799.24,-2388.2966
4444.435,-2953.8203,-2572.1455
4929.9023,-2014.4525,-2765.995
4752.0195,-784.0052,-2606.7805
3831.6663,461.35144,-2127.684
2784.259,1745.2028,-1766.8679
1963.8168,2981.6143,-1603.2247
1276.0037,3972.8,-1444.3357
171.97946,5239.378,-1145.6274
-1039.4982,6112.438,-1115.4026
-1735.7104,6382.6743,-1591.8625
-1939.3622,6125.588,-1731.257
-2051.9597,5527.944,-1213.6647
-2603.2766,4666.2607,-742.2674
-3570.8032,3982.8657,-787.14404
-4740.618,4221.418,-1156.5004
-5830.7256,4611.511,-1427.811
-6660.658,4651.9556,-1460.0016
-7822.9463,4354.7354,-1423.965
-8755.16,4283.538,-1652.4557
-8951.359,4384.4536,-2028.48
-8768.972,4581.347,-2223.5593
-7498.152,5015.281,-2165.1423
-5517.4727,4780.056,-1880.0195
-3864.2585,4060.9873,-1562.8085
-3048.8843,3060.1184,-990.7822
-2569.5005,2175.6086,-84.60935
-1421.8046,1585.1655,460.79523
-53.748814,748.62695,710.4264
993.01404,-258.26657,1227.7227
1887.6669,-1815.7875,1615.9587
2782.9324,-3391.2766,1470.5043
3208.57,-3894.0254,1169.7905
3045.3513,-3360.4448,801.06335
1971.3267,-2008.3782,391.20087
379.8347,-1.4172705,227.85895
-188.86937,2035.764,-127.44485
-131.81563,3498.3774,-639.6324
-64.4164,4475.295,-711.9301
-173.84157,5134.8613,-497.5511
-494.8146,5594.382,-258.91913
-756.6744,5913.259,-154.85707
-893.95013,5719.1675,-56.04178
-708.4546,5152.2617,202.20662
-411.69254,4434.343,411.83517
293.9739,3155.5178,621.7373
1281.6332,1831.5366,1042.4407
2643.6143,1527.3062,1665.579
4582.177,2374.6558,2253.562
5545.033,3577.3088,2617.8755
5440.003,4761.622,3057.7573
5080.674,6005.198,3744.5085
4417.685,6555.236,4466.208
3842.4412,6266.2925,5036.946
3386.0461,5479.8794,5235.726
3034.9211,4049.9624,5311.1865
2794.848,2362.7793,5309.9253
2322.885,652.32245,4789.386
2156.295,-1345.2417,4153.29
2473.8052,-3170.119,3969.3374
2536.5647,-4280.8105,3714.6812
2448.8115,-4724.727,3222.7297
2424.2617,-4190.4087,3054.53
2272.7852,-2740.0938,2906.7034
1841.4403,-1437.2952,2714.2063
1488.1073,-1061.7979,2885.9363
1905.8453,-865.1672,3356.007
2571.7131,-206.6778,3800.8354
3101.1328,-8.263959,4087.9524
3230.3105,-570.0567,4304.326
2956.2349,-1499.0872,3974.1956
2902.6475,-2391.3936,3333.2058
2517.898,-3149.275,2826.7065
2545.7437,-4194.291,2027.4978
3325.7217,-5385.712,1176.2096
3732.9817,-6733.726,673.5748
3888.1887,-7821.916,272.73956
3583.9612,-7741.666,-148.05011
2579.4492,-6608.5957,-282.7488
536.7757,-4903.736,-353.5243
-2227.9768,-3018.0195,-442.3324
-4424.1934,-1122.1776,-315.19608
-5603.898,720.73,-370.9147
-5981.71,2375.8904,-427.7633
-6068.7344,3885.331,-411.0483
-5713.4736,5030.349,-417.87286
-5318.591,5586.9604,-393.47757
-5173.042,5587.2446,-655.64355
-4538.3877,4909.7847,-877.27484
-3854.699,3589.4434,-1119.438
-3358.8306,1990.21,-1769.4287
-2609.2917,579.35834,-2608.6736
-1627.0067,-199.72997,-3291.9312
-986.03186,-106.210075,-3910.5764
-906.5441,652.8945,-4908.14
-682.87854,1854.9501,-5851.691
-101.49412,3161.0947,-6330.155
826.37177,3951.1038,-6462.5913
1959.314,4544.0547,-6439.713
2988.5032,4999.6924,-6480.9326
3767.8376,4763.0,-6386.9473
4076.2117,3730.6787,-6325.5366
4053.645,1664.0413,-6464.264
4100.6167,-591.11035,-6426.305
4503.416,-1695.4034,-5996.781
4967.0845,-2025.6207,-5316.6855
5369.9116,-2731.347,-4478.5576
5621.8237,-3456.855,-3548.6047
5426.179,-3679.2317,-3049.9863
4829.0044,-4137.83,-2547.557
3492.0374,-4527.7334,-1536.527
1977.2809,-4430.663,-769.1436
1052.6262,-4274.297,162.79448
-19.235804,-4177.4746,1507.7028
-1561.144,-4121.419,2266.5583
-2784.526,-3507.7627,2451.6323
-3758.1816,-2118.771,2543.2866
-4896.836,-834.8917,2625.3877
-5601.837,203.27449,2590.6663
-5624.498,1084.7633,2564.624
-5246.397,1249.619,2743.1494
-4865.0054,748.72095,2995.5198
-3937.182,-409.1213,3090.939
-2381.6868,-2023.6284,2952.9272
-1298.6099,-3371.0623,2993.616
-447.92694,-3967.686,2936.9841
2.7095933,-3535.0103,2152.144
16.704649,-2324.932,1035.4585
301.59573,-874.1573,193.89465
627.6666,-118.615005,-96.90922
812.67755,271.06604,-218.9081
1193.031,1090.8362,-473.33347
2031.7854,1221.9928,-385.27304
2562.774,585.23975,35.689568
2761.0251,-116.53349,460.9617
3355.894,-1097.5068,945.0159
3861.39,-2129.724,1302.3206
4335.0083,-2858.369,1405.1862
5349.064,-3531.378,1482.1888
6377.3916,-4688.0034,1604.6056
6728.2812,-5714.0063,1886.6354
6348.855,-5610.1484,2393.169
5498.929,-4980.878,2814.0703
4592.1455,-4743.3896,3029.078
3444.3745,-4531.6646,3365.0679
1716.3124,-3629.6272,3679.4783
-164.936,-2929.4597,3667.415
-1932.66,-3235.5098,3688.0256
-3448.3538,-3835.1533,3826.7356
-4713.42,-3979.486,4100.441
-5943.009,-2828.1936,4332.3223
-6910.197,-890.0487,4035.1772
-6946.8213,796.59247,3488.7278
-5730.7573,2606.6367,2876.2637
-4321.5513,4467.6807,2132.203
-3328.7312,5694.8594,1319.4557
-2428.1045,6309.8647,709.0263
-1719.6646,6902.8467,425.1512
-1327.2533,7213.524,101.34604
-1128.9904,7037.9653,-83.07396
-716.1688,6985.089,-281.92285
-160.48375,7328.0137,-740.3485
463.46466,7448.975,-895.9036
586.7,6362.973,-839.24255
-48.90648,4781.6445,-776.93665
-745.5284,3725.0137,-631.546
-2257.4343,3293.0615,-639.30005
-4105.981,3050.8547,-726.7629
-4948.911,2511.2847,-800.64386
-5274.354,2333.3264,-622.57434
-5236.5356,2274.6162,-191.07637
-4596.511,1818.6106,-163.36748
-3490.5854,1574.5839,-64.16881
-2208.9734,1736.6764,444.93246
-952.8316,2085.2664,543.89716
388.95288,2017.2264,400.518
1810.4906,1271.8855,267.9432
3254.995,659.51117,-163.81853
4084.6448,674.7725,-472.08142
3793.9768,854.30695,-390.09
3165.0684,675.361,-336.9749
2475.4905,-4.504613,-395.44357
1787.5345,-701.3987,-352.64386
1486.0713,-912.15106,-239.78534
1287.5488,-1187.7616,-116.156586
905.42487,-2348.045,-174.70482
713.28156,-3881.6555,-603.661
882.0953,-4398.7773,-958.7225
1160.0547,-3972.8633,-995.8933
1613.5815,-3496.316,-1082.3497
1982.6082,-3019.872,-1435.9617
2014.6039,-2644.0076,-1930.9567
1379.0497,-2249.063,-2389.986
702.702,-1648.7484,-2637.0466
454.53424,-1314.6775,-2652.407
16.483974,-1111.192,-2594.4958
-80.52939,-820.2636,-2163.998
-387.1343,-592.1991,-1563.354
-1194.0957,-47.936916,-1168.4645
-1838.9235,314.40417,-584.75745
-2167.9182,-144.60123,220.66791
-2536.1196,-660.1259,980.90894
-3471.9482,-1038.3286,1396.4729
-3806.2249,-1809.6716,1578.2832
-3335.2817,-2948.888,1787.605
-2890.0042,-3918.3264,1691.6737
-2686.4133,-4461.683,1165.596
-2398.4758,-4720.2505,640.45856
-1577.3888,-4416.7153,236.31056
-568.0826,-3560.0647,-198.38622
489.9721,-2487.5352,-375.2076
1518.7638,-1720.6248,-294.87622
2171.4983,-1235.5446,-129.38544
2033.0797,-482.80972,35.78471
1368.1494,190.92322,248.91708
246.26825,698.7759,850.97766
-1723.4148,781.26245,1580.9756
-3758.0078,382.3993,1927.0594
-5156.0474,39.89635,1705.8391
-5926.628,-73.24844,1313.7992
-6075.745,-22.82595,1225.6782
-5851.0054,-606.84204,1480.5414
-5725.5186,-1419.0029,1907.616
-5947.774,-1392.4227,2235.3738
-5987.299,-882.6018,2866.4834
-5271.7705,-568.9065,3574.7844
-4350.798,-710.28345,3788.4487
-3425.267,-962.65027,4087.249
-2121.0422,-864.307,4563.936
-1006.21027,-792.74646,4900.1025
-264.7906,-837.54333,4841.0723
969.8221,-610.3423,4287.8535
2413.668,-679.9631,3305.4016
3127.2014,-954.7007,2009.3134
3403.556,-1220.7932,765.08276
3523.8474,-1661.4655,-396.733
3608.3657,-1763.7877,-1219.6605
3535.1252,-1730.8403,-1819.9047
3189.3904,-1206.4385,-2644.0515
3140.2385,-7.9681935,-3500.0564
3413.5679,755.1896,-4053.8499
3816.0698,1475.11,-4427.9604
3816.106,2385.3784,-5066.244
3183.1824,3221.1882,-5464.6333
2759.062,4393.928,-5354.9785
2685.6562,5044.8174,-5412.4243
2501.5972,4886.594,-5804.068
2394.2432,4357.777,-6333.847
2221.1387,3148.8638,-6580.615
1968.6455,1526.5105,-6106.987
1981.3225,731.5686,-5422.115
1579.4897,1581.6865,-5078.9424
1064.7427,3113.752,-4664.834
1133.7163,4279.9644,-4093.264
1529.5481,4584.971,-3675.013
1973.8695,4028.1865,-3295.2607
2009.356,3013.0532,-2719.182
1834.8348,1515.2343,-2102.6829
1796.6503,-109.26414,-1666.7294
1524.7781,-1448.0999,-1258.4613
836.23694,-2317.6238,-915.74634
145.0307,-2885.1465,-710.02625
-656.6773,-3104.1401,-562.87604
-1778.2188,-3074.978,-250.23445
-2798.5964,-3319.295,341.2808
-3555.4548,-3078.5066,664.2899
-4173.339,-2313.884,559.7822
-4689.3896,-1337.4174,372.32153
-4743.0493,-287.7012,371.12436
-4386.1343,325.68845,572.4699
-3685.751,1309.5682,580.69745
-2702.4963,2343.4631,462.1684
-2022.2529,3090.864,592.61774
-1457.9152,4013.25,915.59827
-922.5024,4247.3804,1046.6539
-430.92157,3503.8562,1083.5311
120.936035,2276.5615,1164.511
496.99243,1260.8605,1131.0104
457.13815,682.6281,1159.1807
-187.1202,91.981995,1087.8824
-1002.149,-449.90152,1020.6595
-1977.1544,-744.9301,1140.807
-2629.642,-1094.7424,1363.3147
-2112.2368,-1589.0741,1645.4032
-954.15625,-1810.9573,1849.5656
165.54773,-1856.0277,2201.829
943.02924,-2047.4354,2165.061
1838.1549,-2396.3625,1258.7908
2676.6223,-2932.1758,48.267124
3238.4055,-3380.1125,-841.8993
4139.166,-3469.3755,-1311.5416
4612.3184,-3213.4177,-1745.9761
4487.839,-2911.8574,-1926.7928
4528.37,-3067.1829,-1890.111
4935.352,-3383.3086,-1895.143
5284.646,-3328.2769,-1714.1715
4779.8657,-2470.7385,-1432.1686
4009.9924,-1324.624,-1055.8544
3571.1318,-975.6973,-615.74963
2844.1567,-866.15924,-326.20914
2000.8649,-721.6687,-375.65833
1754.2628,-581.45654,-445.15375
1300.7161,-474.37915,-274.88037
409.32855,-584.97736,-384.56003
62.46364,-318.1542,-651.44403
99.15049,-114.480286,-630.904
234.72699,-663.69464,-229.3506
51.730568,-1629.588,67.16111
-44.411476,-2142.0269,-110.6886
104.4802,-1741.4794,-206.69325
38.995834,-971.40173,-216.28857
752.94995,-1008.3805,-112.57231
1875.4489,-1841.6447,70.196
2878.1497,-2041.7648,121.17793
3687.4656,-2075.162,500.83942
3924.3518,-2328.2437,1224.6766
3511.801,-2212.0447,1900.2734
2561.6865,-1843.5588,2164.3528
1955.7476,-1279.6168,2410.2249
1289.672,-725.4102,2995.7922
615.54877,481.83362,3389.9167
222.88583,2008.8141,3542.8894
-884.22986,2819.7861,3535.9224
-2077.252,3053.6626,3316.1453
-2739.434,2567.0752,3023.7988
-3537.175,2288.1277,2967.6824
-4324.5894,2783.9253,3049.7263
-4499.7734,2873.414,2801.936
-3771.7512,2258.6262,2373.036
-2495.552,1472.3452,1829.0244
-1793.3842,931.5706,1294.0907
-1544.9004,611.6722,1043.157
-1117.9874,-213.68146,840.0894
-599.8975,-1180.0463,575.85254
-554.40753,-1327.993,139.61377
-1224.3973,-903.83813,-344.42847
-1649.304,-489.65878,-457.6906
-2128.7603,-556.00024,-536.7768
-2664.6128,-620.87036,-956.4321
-3007.787,-697.1756,-1288.9691
-4062.7505,-1011.5688,-1086.2604
-4927.6787,-604.66223,-721.19275
-5208.883,-97.68892,-765.72266
-5450.2935,-72.82381,-1154.5013
-4942.3413,-180.32567,-1572.3448
-3640.4182,-259.63638,-1791.2053
-2679.1477,281.8544,-1874.7234
-2755.8418,1370.4486,-2045.8198
-3100.1868,2586.0493,-2410.3352
-2889.5642,3703.4807,-2569.0818
-2596.9663,4405.176,-2189.883
-2250.0945,4573.154,-1720.4966
-1664.7389,4686.1636,-1325.8485
-1128.7006,5368.3354,-1055.8685
-633.6274,6489.415,-984.2087
-796.5791,6867.722,-731.45966
-1099.6422,6108.451,-262.4087
-778.0391,5481.045,61.27152
-668.4563,5309.0103,209.18207
-617.689,5004.5576,199.77766
-453.1862,4161.014,-66.37009
-558.1302,3032.6685,-52.35131
-585.15955,2565.315,422.0999
-351.95306,2740.2234,665.85474
-381.36255,3068.7964,621.96136
-589.14417,3621.7834,708.0623
-658.1153,4401.349,791.2265
-557.5332,5245.589,660.3422
397.2657,5496.858,670.69055
1670.7424,4910.1353,1056.7463
2826.201,4660.2534,1487.6906
4122.2197,4623.9985,1450.9717
4900.6904,4092.299,1247.5323
5395.2827,3089.2207,1660.601
5594.8774,1958.8112,2017.2288
5479.727,1781.1013,1772.0062
5444.322,2227.8018,1613.4734
5045.6978,2527.4036,1569.7208
4710.468,2632.9,1416.8959
4941.248,2765.8013,1094.6805
5328.2515,2482.616,680.53937
5417.7812,1574.327,512.3247
5538.2764,1477.8114,546.5494
6001.391,1593.162,709.4495
5845.173,1009.10175,840.89355
5672.5645,190.3512,815.534
6215.8506,-1109.2672,877.84216
6148.3594,-2300.2454,860.00867
5732.1997,-3166.5754,771.3637
5736.2114,-4224.8745,754.90656
5846.581,-4570.1694,328.3631
5642.8994,-4094.7073,-368.4811
4781.5083,-3809.693,-736.81824
3768.8337,-3921.4404,-777.01324
2674.3525,-4159.5605,-810.52295
1123.036,-3742.8396,-847.97375
-492.80548,-3042.552,-746.2317
-1520.1577,-2627.5977,-546.42883
-1952.0518,-2260.7793,-187.46396
-2078.3845,-2226.496,110.79
-1691.492,-2611.9893,231.54428
-726.75024,-3853.4954,158.41168
674.69495,-5193.467,-127.32279
1833.5662,-5675.588,-144.13272
2535.4905,-5846.764,70.667915
2998.6113,-6074.983,127.812386
2487.0537,-6449.5415,-58.848225
1279.318,-5830.7295,-201.18695
-135.2026,-4109.673,-112.67603
-1899.5004,-2255.1467,-79.63324
-3625.2476,-113.320885,-161.9851
-5095.7505,1714.0186,-376.44907
-6145.9614,3188.4229,-281.1018
-7074.5425,4964.0903,201.7097
-7747.427,6484.4204,495.6513
-7448.779,6874.386,687.3366
-6350.062,5788.679,758.6314
-4590.077,3704.3186,1070.7462
-2685.7217,1207.6058,1811.8235
-1174.7166,-1219.6134,2287.4377
116.281815,-3015.5693,2389.1438
1215.0411,-3947.5283,2385.285
2142.1416,-4061.8054,2393.5105
2796.3184,-3870.3909,2237.9534
2804.0664,-3539.4368,1694.0652
2317.673,-3004.3132,1031.8474
2178.5884,-3087.512,602.65814
2024.0518,-3640.958,31.641546
1606.3278,-3556.2163,-762.9369
1532.2806,-2802.3796,-1281.5332
834.4505,-2039.8641,-1768.7189
-374.23334,-2095.9004,-2226.2288
-792.89465,-2966.9453,-2228.7478
-877.981,-3799.6565,-1995.5526
-1027.9735,-4401.9023,-1794.8214
-817.04816,-4946.782,-1530.9938
-237.23468,-4718.194,-1253.494
156.82529,-3593.7708,-1110.0891
178.56192,-3259.417,-1087.254
600.1082,-3964.1997,-1031.4269
1643.2002,-4613.7876,-859.83057
2138.2485,-5254.1387,-836.4352
1642.3384,-5664.0107,-1140.4038
1066.8757,-5162.4233,-1610.7058
209.53513,-4332.373,-1676.7512
-1166.7305,-3599.9604,-1207.0874
-2572.857,-2596.1875,-1002.531
-4049.8157,-1922.8365,-1031.2155
-4923.9907,-1279.149,-710.0585
-5556.279,-156.93388,-374.3127
-6350.8926,711.48706,-550.7444
-6418.438,1125.7571,-1152.8174
-6436.9897,777.90076,-1339.2341
-6837.26,268.13815,-847.56323
-6869.4756,475.03717,-433.61285
-6187.256,733.28894,-228.12079
-5273.7847,642.1985,-158.16391
-4033.3713,165.8445,-51.778957
-2361.0598,-613.45026,250.81035
-1518.8883,-1063.998,287.29422
-999.1918,-993.7834,19.224888
-32.722706,-813.51746,-240.29678
646.4804,-617.6642,-198.10606
646.9272,-227.94476,-159.07906
53.336273,491.5624,-502.20718
-378.62515,1244.124,-854.7145
-401.58685,1612.12,-1088.2218
-506.10608,1959.2372,-1271.5295
-1385.8564,2141.9922,-1381.1023
-2865.757,1811.2699,-1439.1614
-3958.2576,1899.262,-1532.4158
-4876.5713,2955.305,-1322.22
-5387.3975,3869.0535,-766.3942
-4909.369,3784.7632,-391.1102
-4346.862,3591.1768,-15.162493
-3833.2886,3638.1812,318.56537
-2707.4548,3032.272,498.10178
-1535.0144,2301.6345,805.69507
-359.96027,2660.2117,1011.7004
1018.3341,3287.1836,1030.4612
1669.9696,3255.164,1014.87366
1925.3027,3114.6987,873.7431
2519.4468,2766.2388,698.0853
3081.0728,2154.8245,685.0581
3353.4714,1969.8822,776.83466
3112.7659,1922.7919,836.659
2401.4263,1535.4178,1006.1401
1786.8302,1416.5234,1251.1749
1877.9464,1907.615,1235.9203
2094.6536,2801.3772,1181.3385
1623.8557,3763.7068,887.1913
1362.2413,4229.8364,141.35593
1334.7737,4569.816,-336.81323
517.96454,5215.5293,-363.3101
-690.12714,5901.08,-194.65889
-1663.5737,6173.766,-164.06506
-2236.4043,5780.683,-226.06007
-1924.5756,5336.4,-256.78854
-948.35394,4922.822,-324.4813
-188.79533,3872.2476,-167.41695
357.9458,2136.0564,-177.47134
816.33563,501.3691,-284.57544
1270.6823,-645.1868,11.405633
1519.8716,-1331.537,417.37335
1316.029,-1352.8774,904.62683
970.0497,-1178.9154,1407.12
266.5184,-1245.1387,1752.4246
-411.5067,-1444.3546,1888.4681
-593.7047,-1829.6102,1948.1783
-284.40836,-2614.8672,2470.6367
348.1148,-3087.2966,3025.8552
809.93365,-3065.0212,3232.3435
952.94806,-3095.2673,3617.8745
922.8324,-2766.7522,3873.3455
1030.464,-2679.9028,4059.0706
791.8339,-2991.4482,4375.198
381.62958,-3387.3772,4075.29
653.3693,-4001.7717,3404.3906
1758.299,-4329.118,2751.9192
2947.9036,-4627.7734,2079.2341
3076.9714,-5059.174,1746.6681
3146.769,-5387.9375,1525.4437
3891.394,-5576.161,1296.1171
4692.197,-5532.664,1455.8951
5706.7705,-4944.149,1690.5231
6719.7,-4649.727,1473.8895
7580.524,-5161.689,1260.3368
8319.111,-5148.2026,1452.664
8134.3477,-5039.3154,1386.5442
7041.3047,-5107.096,873.1679
5791.4575,-4599.7114,402.36224
4742.2085,-3398.7942,215.01227
3872.564,-1650.3972,252.41771
2301.982,-182.1265,132.4442
92.08724,913.26245,-171.95268
-2112.0554,1621.1284,-539.93774
-4283.6255,2221.8638,-1021.6514
-5778.624,2901.1406,-1468.4869
-6430.579,3049.0068,-1892.308
-6555.338,2816.4495,-2405.077
-6170.4873,1836.9043,-2895.7764
-5538.897,564.10486,-3216.2708
-4896.4395,499.17398,-3302.5928
-4402.9497,1695.1729,-3053.3447
-4169.292,3624.2017,-2849.557
-3956.2534,5181.612,-3240.922
-3678.8474,5393.3496,-3542.1104
-3476.8254,5176.8306,-3114.1672
-3305.1997,5302.3086,-2799.6956
-3164.0315,5015.4663,-2999.8796
-2887.6912,4184.464,-3183.5483
-2172.1035,3565.0735,-3273.2239
-1143.7548,3387.053,-3190.794
-310.97925,2856.6077,-2849.8843
233.58354,1648.7765,-2562.0786
873.1578,949.2289,-2620.0935
1407.0127,461.66727,-3052.7861
1617.4305,-394.47684,-3475.807
2262.109,-249.33783,-3573.6958
3033.5037,423.47137,-3339.6345
3032.482,279.8442,-2995.076
3285.928,19.47531,-2883.0493
4138.5913,117.22745,-3046.6072
4518.665,266.52585,-2987.0972
3971.453,265.35883,-2443.537
2753.0366,-312.599,-1882.7526
1636.3502,-1593.059,-1269.4309
1372.911,-3103.158,-159.65164
2073.4106,-3928.9316,857.7884
2432.5334,-4036.6611,1070.6449
1676.5208,-4674.451,1159.7808
634.34863,-5704.344,1410.8829
45.793015,-6386.0093,1563.5344
-388.50598,-6780.345,1813.9412
-1410.0599,-6690.697,1594.526
-2734.9263,-6174.89,866.81195
-4209.5845,-5334.5044,424.02277
-5565.905,-4610.6963,528.85944
-6408.7847,-4200.11,704.74207
-6717.3916,-3817.9492,306.1861
-6404.6333,-3427.3628,-522.1938
-5865.1865,-2578.5212,-1374.1461
-5160.792,-1760.3804,-1986.3893
-4380.0337,-666.71875,-2522.8623
-3784.1724,1268.9404,-3260.9407
-3704.624,2552.2454,-4070.3938
-3464.4678,2548.813,-4612.6235
-2521.1619,2036.0765,-4844.673
-1878.7552,2182.294,-5134.1504
-1342.6595,2821.6797,-5510.7183
-120.55834,2866.3193,-5750.0615
1846.1868,1953.3904,-5451.944
3336.2134,1017.02563,-4903.4795
3463.1924,1193.9221,-4626.4595
3229.8943,1249.2417,-4331.177
3359.401,552.44806,-3929.1667
3627.3767,-7.5448737,-3373.09
3865.7449,418.788,-2878.882
3759.7146,1851.0852,-2780.7026
3153.3945,3381.8064,-2653.331
2848.9414,4984.858,-2180.6912
2594.794,5857.4155,-1824.4421
2117.691,5450.7603,-1817.4452
2169.2148,4898.2603,-1925.2062
2283.7932,4757.7754,-2005.6757
1259.9465,4634.881,-1793.2831
205.91338,4506.055,-1429.144
733.06537,4638.7944,-1016.4059
1055.2631,4675.878,-442.8932
807.5997,4430.5166,-6.6308618
1246.9668,3670.4568,366.41956
1824.4641,3162.1057,1114.4756
2122.4905,3363.7817,2202.9531
1707.8188,3071.5776,3374.3909
1169.0093,1846.6129,4498.3755
1403.0245,364.9025,4911.6577
1822.0477,455.89752,4605.8853
2104.9915,1576.4307,4412.9795
1998.6948,2256.598,4486.6084
1555.6816,3027.4512,4783.6943
1317.0709,3368.8616,4929.2563
661.13855,3329.0588,4570.5396
-196.3148,3564.9714,4260.0054
3.440935,3848.237,4770.4604
602.1141,3752.4321,5709.7344
744.6255,3766.6653,5925.594
1127.4689,4647.658,5238.3013
1776.1582,5578.1665,4409.1406
2025.6864,5591.779,4265.533
2012.3572,5389.9243,4446.235
1312.5232,5440.5723,4180.852
-70.05289,4579.2363,3984.2383
-824.88446,3698.9224,4321.247
-1101.4213,3757.8875,4530.936
-1044.9564,3544.8662,4555.01
-700.3114,2973.562,4585.909
-1081.7352,2339.6157,3845.0806
-1538.1707,1555.9244,3080.55
-1330.6921,1061.2954,3209.3335
-841.4692,926.4364,3385.2976
-907.97296,450.69977,3235.877
-1524.9167,-60.346146,2762.5173
-1434.0112,-619.3491,2130.4458
-640.0536,-1310.6337,1800.1016
349.2352,-1262.8346,1845.695
1248.8342,-1190.3188,1953.3445
1868.8069,-1802.8002,2056.9866
2062.7964,-2629.4246,2101.2373
2324.915,-3286.0579,1764.4575
2801.6145,-3913.3374,1671.1404
2718.5469,-4569.566,2099.5457
2533.4338,-5182.7627,2361.4639
2038.0631,-6088.0103,2588.3074
1478.1399,-6970.6963,2878.2676
1327.847,-7369.9053,3188.9148
631.1381,-7578.388,3704.9973
-490.2622,-7614.3247,3795.453
-1666.646,-7111.3022,3153.6897
-2533.2566,-6654.38,2305.534
-2823.1565,-6565.352,1933.9088
-2998.0603,-6101.425,1996.4038
-3396.097,-5147.7886,1586.3912
-3649.6147,-4438.685,883.3514
-2989.9282,-4166.7925,365.32333
-1667.4601,-3667.2966,-236.18285
-777.60565,-3265.8542,-924.79987
-164.42418,-3180.7239,-1364.0946
562.8602,-2897.7544,-1381.5203
512.9335,-2857.2666,-1303.0947
-274.48166,-3024.3435,-1494.4016
-619.78534,-3229.1206,-1863.3673
-286.49954,-3780.2805,-1823.2637
-217.72108,-4065.865,-1374.5958
-407.56555,-3871.0105,-1206.2906
-428.29636,-3590.9297,-1267.9541
-379.8622,-3052.8767,-1214.5936
-448.23578,-2291.8162,-1243.103
-875.7204,-1772.401,-1602.134
-581.9623,-1797.5208,-2084.279
602.02704,-2041.762,-2318.2815
1456.4655,-2194.8674,-2203.2693
1610.8356,-2257.2512,-1994.1329
1428.8044,-2077.0972,-2043.6825
1111.5839,-1940.8728,-2159.0557
233.75734,-1850.0088,-1900.2826
-555.7584,-1512.0013,-1483.0199
-723.12006,-1169.3779,-1207.7744
-1035.4247,-383.85284,-743.3661
-1802.2555,1516.7692,-164.46321
-3131.4192,3475.5374,-24.779768
-4722.5723,4146.7803,69.35983
-5684.668,4321.4487,536.4514
-6108.975,4889.67,736.34125
-6416.3784,5212.1846,371.82077
-6524.0815,4789.6934,-108.81201
-6568.0537,3615.565,-149.24516
-6480.832,1988.7319,438.39386
-6233.3193,707.6903,1006.6554
-5939.753,16.35698,1126.0898
-5626.32,-507.55157,1100.6975
-5504.679,-683.1867,1102.8383
-5467.467,-1118.5964,1307.4463
-5153.822,-2211.9941,1710.3939
-4429.913,-2773.0103,1952.3473
-3604.4045,-2444.7522,1635.4275
-3046.6404,-988.6032,825.1262
-2766.2954,339.48517,417.4024
-2291.7922,112.29342,663.7068
-1691.6482,-264.6365,1034.1729
-2064.5698,-252.90659,972.969
-2908.7769,107.020645,363.5269
-2753.269,759.8861,0.79564285
-2173.3267,1017.4895,-101.724945
-1977.4583,1171.7787,-642.2708
-1659.6364,1334.0311,-1510.6814
-960.2995,1345.7284,-2254.2612
-258.34058,1675.252,-2895.9932
177.66273,2261.2878,-3582.8123
762.01666,2725.0645,-4147.1143
1454.2562,2931.6045,-4574.653
1335.0652,2895.0588,-4965.6904
778.1563,2894.7776,-5219.52
901.2438,2457.4888,-4899.4043
1856.4832,1645.789,-4119.632
3051.6409,1429.1951,-3680.1858
3520.8608,1419.0955,-3618.9563
3184.1868,791.92035,-3550.694
3071.3938,-121.517685,-3287.0195
3456.8271,-753.62427,-2697.9624
3236.1975,-953.1747,-2157.9553
2409.6633,-495.46,-2415.4995
1880.1942,207.71303,-3146.9167
1347.546,722.3667,-3190.7883
984.70404,1239.8618,-2634.0325
632.13104,1651.0385,-2380.531
313.65857,1959.4791,-2540.6729
1298.7428,2355.41,-2467.0908
3192.5803,2565.943,-1885.6163
4728.794,2277.139,-1366.9209
5098.065,2037.6997,-1290.4143
4497.7144,2073.1016,-1487.1155
4150.9824,2023.2338,-1567.8297
4425.546,1973.5789,-1405.6476
4517.6045,2154.4214,-1427.3381
4104.5806,2593.6663,-1482.3755
3851.5076,2709.2695,-1269.03
3874.2021,2238.3066,-1174.2607
3833.0635,1340.6602,-1215.6069
3706.2053,486.76093,-1328.1775
3959.264,-31.767206,-1421.6663
4667.1367,-816.6807,-1110.954
4908.4673,-1363.557,-530.83154
4719.44,-1546.3046,-12.53264
4679.8765,-1560.7546,200.23282
4458.241,-738.1717,79.32513
3739.7478,366.97696,-142.14944
2760.7888,1305.1172,-186.89897
1985.6638,1882.6338,22.17722
1164.4443,2323.0613,-38.364586
41.97364,2886.649,-204.13707
-636.8405,3105.9673,46.681004
-372.28452,2763.112,542.372
502.1493,1674.9722,1046.3219
1483.2936,690.59064,1139.8296
2346.3142,-244.31021,1032.8417
3435.0088,-1181.2844,1132.8063
4762.5483,-1341.3955,1245.9622
5317.0884,-1565.5392,1401.203
5231.462,-1630.7797,1613.9508
5192.258,-1211.0693,1730.6124
5154.4565,-1237.9712,1798.5952
4858.3984,-1461.1993,1914.398
4080.1963,-1384.1616,1978.8579
3518.0664,-1514.9891,1885.9031
2970.371,-2120.016,1662.1621
2157.7148,-2702.5444,1721.9204
1713.9424,-2947.6484,2031.9474
1603.8179,-2822.285,2184.4421
1748.6754,-2304.5593,2249.6592
1704.6421,-1935.2723,2056.6797
1196.9497,-1973.3225,1756.6671
988.65967,-1190.0353,1771.6909
1384.6001,391.89563,2143.167
1628.2853,1291.2004,2287.2056
1625.2191,1433.8402,1811.3303
1784.6998,1424.7178,1449.3778
1883.7018,1476.9598,1190.8748
1551.4738,1081.8896,640.98975
928.92944,477.0233,51.141483
463.6553,648.1804,-629.82544
168.34743,725.306,-1282.9276
-7.4112525,176.0944,-1486.832
-231.8575,47.06475,-1241.2001
-528.91986,356.52475,-898.8682
-957.46783,459.64923,-777.39124
-1371.0714,273.34055,-800.1125
-1397.3947,-80.03394,-526.1915
-1394.7805,-414.77844,126.49321
-1652.6305,-628.6022,518.15155
-2420.8955,-509.6897,483.60916
-3259.8887,290.7187,696.1
-3882.7207,1147.3109,1123.488
-4653.9873,1230.3766,1349.6317
-5418.3867,905.96515,1284.2153
-6320.8687,497.9812,1214.0358
-7144.267,-157.41747,1351.4241
-7511.768,-559.4014,1120.9513
-7242.5684,-607.0264,643.07477
-6387.526,-1345.0747,482.52032
-5568.732,-2925.1655,665.411
-4770.6978,-4163.941,957.6506
-3938.0164,-4238.081,921.5364
-3453.6736,-3954.7166,573.5285
-2989.391,-4465.9424,430.75598
-2237.9812,-5232.846,581.0861
-1368.9564,-5275.599,652.2806
-775.84326,-4695.9375,662.0745
-965.2301,-4036.2039,388.5901
-974.4009,-3403.7075,151.07718
-395.34122,-2777.4055,454.49338
-506.76596,-2628.6648,643.34845
-1420.9238,-2928.4395,661.31366
-2075.046,-2829.156,588.4716
-1989.8573,-2499.6248,419.70007
-2120.1675,-2589.686,384.63437
-2378.5999,-2563.3958,137.47346
-1988.6138,-1951.3137,-374.78113
-1812.011,-995.0543,-841.5034
-2148.9067,107.69491,-1181.9268
-2280.053,533.0322,-1325.9443
-1878.2732,-219.52475,-1336.4369
-1169.817,-869.3725,-1560.4677
-600.73706,-1008.3813,-1893.3864
-607.8573,-1080.6732,-1860.2452
-1000.062,-799.9204,-1416.6968
-1241.557,-198.96416,-999.9824
-1119.8269,309.5609,-1126.3773
-286.87943,61.62475,-1677.828
1034.6322,-577.89105,-1946.91
1689.1042,-971.5262,-2019.7185
1370.5552,-1016.92114,-2287.8352
1249.7787,-486.66568,-2273.468
1532.9261,280.23907,-1847.6361
1809.5013,1021.5237,-1347.3495
2114.9966,1329.4303,-1170.2529
1938.6738,737.2986,-1542.9242
1649.7039,-490.09207,-2066.3464
1802.1827,-1241.2789,-2276.582
1853.6044,-979.0429,-2116.7305
1525.9834,-200.71916,-1919.176
1100.8434,529.7998,-1734.3809
1208.2959,473.9046,-1402.7333
1707.7686,493.00403,-935.15485
1665.0636,941.2295,-504.23218
1333.7249,1092.9319,-194.52031
1037.6105,1332.0714,0.45648366
666.2366,1175.5128,71.763
596.1019,815.5004,415.10876
575.17267,765.7133,993.5095
301.40112,682.66656,1152.4861
-156.29466,917.0852,892.94977
-665.58777,1361.9563,864.0845
-1023.7489,1675.4667,1392.7773
-1419.7056,1850.9181,2122.11
-2139.0493,1760.6704,2294.4756
-3202.7607,1260.4873,2083.9482
-3840.7844,1012.1693,2079.4202
-3541.1892,1611.052,1983.1721
-3101.9854,2682.383,1968.5609
-2945.3428,4175.5024,2147.7832
-3108.8662,5495.4404,1985.0968
-3367.0996,5785.1626,1528.8196
-2990.6685,5539.1147,1254.9098
-2651.1274,5725.443,1014.34906
-2692.7488,6267.3657,714.8079
-2270.466,6252.789,676.8654
-1613.5645,5211.2446,348.27908
-899.86444,3862.5386,-71.68825
-94.288506,3340.6323,33.229843
600.8114,3222.0583,216.47803
1375.3441,2425.2153,292.89957
2182.1587,1055.3531,391.5239
2650.1797,528.45557,591.4529
2567.8423,935.4297,771.16296
2269.1538,1010.68225,967.1065
2077.7307,1038.2709,971.0015
1939.2894,1075.4814,599.4676
1832.9463,1194.764,311.53912
1932.2888,1322.3567,148.25601
2051.3564,882.86694,104.342125
1986.7086,308.42993,0.23018262
2482.573,-388.25293,-119.09151
3267.2917,-1293.6954,11.361582
3251.424,-2238.5205,-58.2517
2357.7078,-2794.6038,-96.80344
1414.8757,-3034.5107,296.6835
1280.1826,-3545.798,762.06537
1339.3137,-4383.362,830.4919
1049.4637,-5221.449,584.9756
677.92303,-5485.126,555.25836
379.4955,-5372.9404,801.9412
268.3073,-4974.214,1372.8044
143.67677,-4480.287,2120.3228
-150.6127,-4206.6035,2721.114
-829.327,-3718.1155,3095.8784
-1546.4467,-2944.9866,3213.836
-1562.2494,-2072.4834,3476.9543
-1267.9581,-1117.5719,4028.4497
-1297.2992,-206.58012,4210.348
-1411.8932,-217.97638,3755.0117
-980.183,-1004.28125,3496.5342
156.77252,-1173.2104,3833.5266
1404.8788,-899.2815,4300.4907
2190.0166,-1102.537,4311.792
2765.073,-1676.4266,3740.392
3525.205,-2048.4524,3319.6
4506.0747,-2163.9033,3144.9177
5102.876,-2203.9375,2867.767
4639.898,-1820.9335,2333.3477
4079.115,-615.587,1663.5106
3841.0112,499.632,1259.1664
3333.2778,961.81537,668.37286
2891.4695,1916.4427,-220.02583
2378.0938,3495.0818,-745.5976
1224.3407,4804.6743,-785.79987
-148.8631,5621.2637,-857.18146
-693.99835,6283.1406,-1180.1196
-579.4904,6901.042,-1247.8873
-973.6249,6949.2227,-1322.5803
-1621.5587,6458.5444,-1779.2168
-1653.7677,5876.3823,-1895.8611
-1645.3274,5264.9253,-1694.4487
-2307.8135,4593.6445,-1695.3733
-3108.2593,3722.999,-1748.3036
-3195.9766,3220.0674,-1937.7262
-2631.5557,3325.0159,-2249.0044
-2373.808,3188.1821,-2318.6804
-2584.471,2843.6582,-2200.0461
-2751.8684,2446.8525,-2321.3923
-3003.1401,1704.8271,-2491.1538
-3405.8772,845.0522,-2250.75
-3596.7576,467.36426,-2126.1716
-3483.579,475.2484,-2258.4348
-3055.8345,254.23906,-2484.7292
-2141.0986,-233.03603,-2886.0999
-1120.728,-748.6661,-2905.8196
-427.35376,-581.6994,-2608.013
38.013447,53.408863,-2551.544
360.7477,239.2345,-2650.2532
663.32117,97.69506,-2556.003
1257.6146,-40.1537,-2299.7705
1686.6536,-54.370693,-2127.887
1330.3975,-247.47697,-2053.8418
1170.7273,-939.0454,-2035.7383
1618.1755,-1951.0398,-1900.6829
1894.6562,-2725.471,-1579.0895
1693.7305,-3153.1846,-1187.0985
895.8281,-3403.7012,-1133.9977
283.4621,-3520.9807,-1524.5691
394.59686,-3489.9744,-1668.8082
297.3774,-2854.4465,-1535.6243
-55.187405,-2283.0657,-1450.8799
304.40372,-2322.9216,-1340.0474
696.8335,-2400.4958,-1101.6796
238.5889,-2444.0837,-748.1016
-314.5759,-2097.8142,-595.4604
-871.63446,-1475.0988,-413.17575
-1523.7999,-1094.531,182.47948
-1613.4689,-639.0643,681.9898
-1416.0149,-295.6354,771.57104
-1313.721,4.011272,701.6133
-1144.9135,700.32623,619.72485
-1063.1609,1081.2083,498.14694
-1465.0249,1080.2156,299.9876
-2096.2017,1167.3817,278.60977
-2290.0586,980.571,609.8759
-2545.731,283.0084,903.46
-2935.5425,-362.86584,882.39954
-3268.3257,-623.2219,936.33295
-3770.6343,-1127.7457,1299.6099
-3673.2725,-1513.2344,1631.4554
-3587.0757,-1324.3146,1724.0808
-3979.016,-948.56134,1824.9701
-4123.6826,-700.97156,1968.9479
-4050.1301,-1172.0408,1718.1736
-3550.8281,-1961.0482,1251.3497
-3023.6252,-2557.2751,983.35034
-2717.1814,-3109.1687,734.4233
-2269.2878,-3366.5168,313.44366
-1663.7856,-3564.8416,-178.91
-1052.7736,-4256.949,-271.862
-611.48303,-5103.8447,106.008415
-143.90926,-5311.396,313.20526
295.02835,-4604.7773,58.804058
758.589,-3637.192,-174.26183
1451.9799,-2825.5618,-74.462
2124.4653,-1667.3414,-70.11807
2276.6833,-556.653,-459.4793
2407.8035,229.10002,-1053.8683
3166.3372,944.4623,-1582.9062
3569.8367,1113.649,-1880.4215
3639.368,1062.074,-1942.7156
3810.9673,1249.399,-2080.6562
3637.3848,1132.6807,-2320.6414
3454.1716,731.65674,-2257.3408
3045.5352,610.74915,-2014.4824
2011.9816,279.4978,-1879.8885
961.20844,-86.04539,-2060.8462
309.11002,158.66446,-2430.8896
-221.51984,295.95892,-2293.2163
-1063.0066,466.74002,-1958.4252
-1907.5985,901.6863,-2075.4302
-2028.4965,1186.368,-1966.9763
-1717.3785,1369.0668,-1333.5244
-1839.9686,1688.8062,-887.5306
-2264.6072,2351.2407,-700.7121
-2073.1702,2979.779,-448.45422
-1136.352,3222.0437,-217.19662
-552.44104,3037.5403,-190.91214
-529.6995,2846.1543,-379.7435
-321.16016,2738.2332,-575.8386
-82.94863,2363.9568,-451.15158
11.073944,2027.2963,-70.76245
214.84114,1729.9874,22.220205
653.8321,1181.6255,-57.500244
1232.7872,762.4755,-37.927227
1808.6819,921.3372,-199.07784
2509.6936,847.1624,-197.31563
3086.9172,415.49564,33.955906
3374.4858,224.72647,93.43398
3623.6423,-456.39304,281.25848
3897.7888,-1362.997,635.02576
4519.316,-1962.8754,921.75824
5235.92,-2473.1843,1116.3516
5608.3794,-2838.851,1355.3972
5621.102,-3186.8125,1735.5765
5112.3965,-2909.327,2046.469
4361.341,-2058.491,2432.118
3128.1404,-1381.5265,2931.025
1591.6921,-328.44556,3187.521
372.98294,1145.083,3306.216
-627.2073,2089.161,3612.0056
-1472.5636,2166.6125,3834.7642
-2442.2554,2132.726,3675.0425
-3078.4727,2186.2517,3484.8774
-3416.6309,1756.5886,3308.381
-4022.5574,1392.3464,2880.4556
-4528.926,1375.3864,2454.1897
-4766.1743,1290.9534,2217.4133
-4634.208,949.1889,1899.5782
-4393.046,761.868,1651.8928
-4177.5747,960.4335,1629.6025
-3724.636,686.4998,1422.9988
-3403.7815,220.74326,1040.959
-3353.8564,135.56163,776.15936
-3066.497,474.45862,628.4388
-2783.011,1193.2744,310.87424
-2735.281,1705.6909,-366.63046
-2405.0356,2060.6995,-1157.4869
-2177.4392,2068.448,-1731.7015
-2308.037,1659.7368,-2137.0303
-2204.7283,1632.0929,-2556.3276
-1862.8176,1653.8264,-2804.3862
-1788.6433,1213.8931,-2918.4702
-1836.9882,1008.7932,-3074.8472
-1685.6395,863.91974,-3166.8704
-1572.1656,280.0115,-3167.307
-1151.6101,-288.29333,-2987.6062
-467.3934,-571.75,-2657.2805
-288.2597,-998.3504,-2239.6433
-354.11383,-1681.4419,-1819.6791
-85.01887,-1750.8729,-1837.8629
196.84425,-1755.9496,-2233.587
398.33484,-2188.0022,-2358.204
1048.6285,-2213.1619,-2182.6475
1683.157,-1848.4194,-2263.0437
1744.2588,-1483.8707,-2583.267
