ax,ay,az
-0.0,0.0,0.0
-0.82774603,1.087052,0.39429057
-1.1439098,2.127219,-6.669924
-7.252032,7.2026324,9.512746
-14.609895,7.5116625,16.336824
-10.629302,25.421093,-37.70679
4.609349,42.082306,-11.904758
-7.8769403,30.799465,65.94733
-36.659973,-3.3401225,-57.847195
-56.70334,-4.1392865,-64.80418
-92.53057,29.001074,158.8728
-88.69015,18.18132,31.933205
-10.340639,85.40659,-105.31726
75.18973,84.582436,155.10042
27.593126,3.786387,38.581547
-2.0101545,-38.57411,-401.40002
-22.320065,35.9392,20.164188
-211.12279,75.65852,449.47894
-96.28083,-13.563601,-202.5724
99.707,-10.003271,-263.09644
-104.41035,-98.357155,758.07886
-55.471497,-88.048355,-106.806625
342.68927,90.114235,-1035.647
384.45673,58.65608,549.2352
13.806282,-213.43027,547.3935
163.33025,-156.75035,-1171.3274
170.07762,-81.061714,-22.759554
-202.21889,-424.03168,1460.9199
-61.857483,-242.47784,-693.178
243.63142,366.32227,-793.63837
521.7067,434.42868,1426.1903
583.6378,-210.16457,-703.2913
584.38306,-331.3679,-1711.5072
-117.428345,-499.65735,1686.9729
-551.4495,-824.59143,876.12006
-197.3675,-556.9451,-1887.8323
54.022614,-166.04448,762.32074
254.07031,-272.06787,2348.3655
871.65015,-971.5219,-1851.9702
1498.8403,-260.57672,-2471.8328
480.8364,-107.08319,1849.9177
-102.35724,-636.9301,203.57536
236.75955,-238.3074,-2271.3425
287.01736,-670.8208,1886.1124
-347.18323,-1799.2946,2035.3186
661.502,-1190.3757,-2494.0994
2109.7014,892.0565,-606.90967
902.4252,673.7693,1835.0013
192.80836,-664.73425,-2441.4055
165.7396,-656.1363,-646.6769
-638.6226,-406.1103,4148.5957
-239.92897,-1690.5249,-1728.9037
1268.6969,-698.37085,-3122.108
993.64056,1068.0658,3766.2483
551.8463,284.2252,354.19937
1006.1652,-403.31436,-5202.5107
1308.6053,-837.87445,1199.2755
-243.19145,-800.42334,3480.5537
-1653.6178,-1839.618,-2346.8052
-914.13055,-966.4495,80.0091
-755.2585,-171.01295,5115.4263
752.4964,-1082.9271,-1581.895
2567.769,360.44052,-6078.9023
2909.5742,1919.2125,1931.9664
1529.8955,59.974712,1024.868
-185.75778,-2226.0703,-5515.173
-351.2886,-997.40485,1908.3573
-2138.389,-264.9548,7519.5923
-2019.8613,-2064.6675,-2527.312
811.0101,-1979.2322,-4156.6865
2461.9763,822.294,5159.2373
3257.2322,1276.0144,-2196.6338
3408.6724,381.46317,-7468.945
-980.61066,-1449.4149,4732.131
-4111.8745,-2639.5422,3077.316
-1095.4294,-1028.3945,-6045.052
1173.4275,549.55725,3954.892
2233.1296,936.1013,5808.4087
1961.0907,499.45178,-9202.476
1371.6522,165.80415,-3138.01
-2071.8152,-120.831825,8619.6455
-3741.0474,-376.0929,-2772.4019
-402.2442,-1457.0004,-6446.0947
-245.37636,-269.2112,8672.9
-503.37216,429.13077,5353.247
3354.384,759.00854,-9420.187
4225.534,2329.8386,-945.75433
26.339167,-469.38748,6039.0713
-1739.6074,-2759.9753,-7840.2974
-2083.1116,-924.0489,-2259.7815
-2857.2512,790.7254,13621.778
-1302.2233,-2509.018,-2876.7856
-153.6014,-2893.7617,-10236.148
-444.04822,1232.1741,11073.784
1619.6969,1485.3068,4301.7476
4602.846,646.301,-16467.945
4022.5718,214.93875,1056.9695
-1682.4415,-996.5007,13103.601
-2962.6145,-1302.1215,-8424.623
895.49396,-1331.1552,-6763.959
682.65234,273.31644,13599.925
617.7423,2388.3342,2054.136
3024.2415,2448.2578,-13423.73
596.5222,605.64734,3741.3074
-2263.879,-3815.854,5525.0967
-945.1239,-3685.5303,-11726.892
-372.43375,913.96747,3483.0554
-4032.5745,4002.9146,12686.907
-5078.1416,1383.8242,-7767.951
1918.4702,-284.775,-3501.2148
4963.003,3111.9583,10819.788
5291.6104,884.12524,-6231.0625
4114.404,151.1997,-15317.803
-1994.1923,-45.43456,7177.215
-7608.485,-2219.1804,11650.972
-7320.363,904.8134,-7127.1772
652.6118,260.031,-278.72394
5070.105,-1595.77,9478.042
3101.63,-2336.236,-8749.343
302.97052,2004.0847,-8511.506
-4805.038,5890.676,11347.545
-4575.573,218.38322,72.35923
3545.347,-2901.8098,-10793.308
7014.312,-2853.0957,8943.326
-354.2275,-2774.6826,5319.474
-6749.3555,-1373.4124,-11610.6
-3380.677,4459.1445,3803.0022
-111.357315,5331.4307,10096.496
1850.3588,-879.4327,-11530.243
2522.1868,-3955.396,-7819.2124
-2024.0522,-3514.855,15142.79
-5782.8774,-1827.1305,3314.8384
-2773.3887,718.84094,-13554.259
1624.7273,3597.485,8405.188
1962.3752,999.2532,10826.318
5121.55,-366.26297,-19276.555
6539.52,1323.1868,-6379.026
-1517.4501,1183.0521,15486.05
-4620.0435,387.06372,-3480.7217
-2966.2202,1204.9136,-3918.9192
-6849.2563,1264.0198,14547.785
-2272.0347,-3551.0403,-2922.6653
7557.393,-2363.898,-16120.132
8108.3706,4271.3296,6695.9946
2798.7603,4392.0933,3370.6655
-3711.1743,566.92694,-16757.75
-6870.6255,-281.4971,5698.302
-5412.9785,37.802105,22471.125
271.01965,-634.8267,-9003.443
6081.4585,-1109.4419,-15451.689
3110.4478,2335.686,12492.895
-370.59323,3631.3406,967.991
2522.3955,634.62006,-16780.193
-6222.7236,-1314.3232,7386.5435
-11583.474,-7082.1123,15396.849
-1083.7249,-4607.0757,-9228.139
2841.4143,5220.1763,-1959.2196
1683.749,4359.2935,14213.33
2788.77,-1440.2771,-9923.893
3282.5247,265.32278,-15348.267
1217.9009,2469.448,8364.679
3090.1663,-1584.6495,1726.4292
1519.2473,-2385.0544,-8080.539
-1559.5409,-1700.795,10870.524
-1522.9353,-4561.003,6096.7
-2907.1345,-3594.7502,-12693.185
-829.4121,4226.5757,3896.9067
-1145.3563,5001.2417,9240.353
3767.441,18.448685,-14326.075
6449.259,310.581,-9240.145
-3079.4111,1479.0607,17548.23
-8883.293,-1408.4384,2625.848
-6432.393,-1787.5278,-16827.24
-2037.261,4492.9697,10694.619
5867.338,5369.5483,13392.922
11168.387,1011.1789,-18302.084
1497.8978,-37.775303,-9122.652
-9719.8955,-2314.966,18053.646
-10450.561,-5189.111,1794.278
-2757.9058,2559.3196,-11647.917
1122.2428,6890.35,10983.157
2445.0679,-2392.354,6209.106
6115.978,-4919.3857,-17190.951
-456.5447,1528.7135,-2293.3232
-4977.712,1307.7925,12582.64
-690.727,-3031.2224,-7647.065
2077.3442,276.67017,-2040.702
-1840.555,-207.39201,19382.9
-4145.2114,-3617.8005,-6893.7905
2168.8765,753.64496,-14567.433
1751.832,2375.595,13872.437
816.83923,4013.6934,357.99185
3575.5,2224.3037,-17553.484
1483.5488,21.089252,7560.462
-4408.2153,-2232.4114,14894.775
-4577.9287,-5972.097,-11047.164
610.6457,-1225.9039,-3301.5012
825.74506,3142.5942,16222.445
72.164986,4403.4775,-4587.3423
808.44275,2025.1964,-13464.161
1241.5906,1168.4373,8092.2227
-351.51215,-2893.5964,4721.826
774.56226,-5327.6396,-13273.033
-1256.4408,1110.4302,5095.807
-4916.033,2306.5327,16782.504
-2149.3945,613.01074,-10055.411
4589.039,2035.5154,-8586.984
5176.693,2754.4358,12434.069
4118.5986,-1179.8265,-6559.947
5042.8438,-1728.57,-17342.574
-6212.921,1887.4939,15066.507
-10414.259,-1096.5955,16353.682
-2727.9663,-4139.6475,-14821.796
2444.194,-2178.2888,-1960.5321
3492.4468,213.01733,12580.677
2788.2512,1926.2625,-10523.762
1287.549,4835.14,-7097.605
-6548.6436,3506.624,15251.691
-5686.9653,-4281.9146,2182.299
2856.9229,-4673.5244,-12583.758
2142.3992,-732.79675,6678.1914
-680.1346,1876.2137,8574.786
792.4661,3827.5051,-11956.604
2436.2537,4868.4956,-1085.7484
2800.0664,-369.5425,9343.2
2570.3875,-6245.9194,-13499.082
477.4378,-290.54382,-2882.8748
-4774.7246,1417.4384,22803.088
-7359.674,-2336.444,-2304.7693
-1769.8602,-209.17593,-16054.725
591.07385,1075.8918,7472.739
4453.514,165.27446,6417.9434
7328.599,-107.366554,-16312.49
-561.9619,2793.4082,1061.266
-8671.162,1417.5045,20249.375
-3976.8088,-4611.681,-7232.7734
4187.6055,-1155.5929,-9802.245
1329.9646,3608.4722,14263.664
2090.4116,1636.8297,-1338.6022
5801.043,-1886.7511,-15727.158
3603.9119,1286.6324,6425.721
-2738.1855,3128.1992,6509.414
-2402.0862,-589.52826,-9624.546
-2992.976,-687.04944,4452.1387
-5444.632,-2218.888,11514.192
-558.9321,-4143.719,-9112.157
3579.8909,251.49632,-5978.212
3559.7563,4825.484,9484.029
-1672.0663,218.97055,-6507.777
-1650.0153,-1843.5911,-10482.523
-566.60474,-446.11713,13087.495
-986.0004,-1442.4935,9050.103
1057.949,-925.1253,-13681.362
1043.0365,1395.6759,1018.6357
-436.33646,4337.0757,17126.264
1429.85,3170.5227,-11190.107
7101.613,1561.2069,-12678.646
4314.1904,-1998.0996,15228.824
-2313.1238,-4982.5483,236.37656
-2574.676,-2909.192,-12168.471
-1213.3059,733.0734,10570.233
-2049.1501,2117.0796,7965.656
1471.7041,2825.2236,-17297.457
9737.139,5418.792,-6275.571
8798.834,1389.9862,12903.995
162.46083,-2922.2595,-8592.625
-7464.4023,-2995.6792,-8285.825
-8999.318,-3827.5435,20749.48
-3428.8877,-1408.309,3392.1
6008.3887,4044.3613,-18372.266
6945.2305,6584.9917,5434.7866
-2445.8503,2861.3162,9750.199
-2913.9458,-814.1336,-15701.108
364.47055,-897.343,-4902.0977
-2646.8323,-3560.4758,15821.232
-5667.7383,-2082.7405,-565.7812
-5005.974,4911.2236,-6741.1875
-3444.3242,4427.7695,12281.606
1506.4803,-154.21777,1262.1168
8009.4834,-3124.6365,-15651.996
6004.1045,-1250.4791,2429.6848
-2761.311,-1736.0712,7300.1016
-8879.027,1304.3517,-8372.079
-6099.902,5941.5293,5028.0337
2182.84,-1613.3025,14092.774
6199.4473,-4770.295,-15128.322
4288.569,-787.71655,-11185.604
3584.6404,4678.5166,16680.324
418.0018,2548.4526,-1591.944
-1451.1527,753.3657,-16731.613
-1907.1333,1746.7167,9403.072
-4422.0576,-3139.1736,13047.255
-4441.201,-1739.1213,-10728.611
92.42828,2318.431,-3459.8438
634.2535,3076.2214,11094.578
741.52594,-691.0995,-6831.8213
6059.5566,800.5247,-14349.971
-374.63803,3048.964,8468.747
-5710.6743,-1548.2325,7569.327
-6547.6387,-1488.614,-8642.251
-1524.8135,2.8842628,5576.9106
4572.636,-2186.3325,7038.471
3921.3242,-2678.334,-15379.822
5176.415,3990.3757,-2782.7722
2714.3232,3797.7168,11918.252
-1765.2421,-655.3082,-10109.139
-8456.52,1226.4547,-6374.6187
-7273.021,-2094.575,19407.229
1736.9596,-4675.034,1817.8502
7334.4365,-511.71265,-17575.418
3796.9724,2726.146,4625.4917
-5356.988,1328.216,7474.2246
-3718.9988,-163.81361,-13968.554
1019.571,4109.4214,-46.064285
71.2654,2768.1099,16612.064
-1877.7654,-4283.1333,-6210.957
-437.44476,-3232.5237,-9623.614
-367.85675,1100.1344,12542.172
-2354.6035,3692.524,-1654.8938
3890.9001,4766.9194,-13983.165
3338.9868,1230.127,5865.053
-3938.3499,-5112.401,5507.498
-5830.1436,-6360.9194,-6057.38
-4668.7993,599.92633,4681.088
-975.76465,2270.5703,12646.494
1515.745,-1862.2941,-8737.277
4235.518,120.06205,-11629.915
2844.0095,1890.9056,13652.177
-1993.7546,-374.36462,-2423.0962
-323.09653,208.39499,-16104.964
-2304.4565,4222.211,12769.974
-6799.934,1033.9576,13370.74
-2371.1855,-4729.712,-13625.84
1543.631,-3140.961,-2962.3928
163.39445,1220.0936,13126.001
3039.2483,4685.064,-9242.183
9164.589,5008.2344,-9221.337
3047.3894,3722.7466,11140.441
-7989.627,-917.22595,748.54565
-6534.503,-4172.935,-8402.532
-1002.32983,-246.373,9889.638
582.47687,655.2373,6700.781
1955.773,1280.7036,-15158.027
906.51086,6314.3813,335.50812
-371.14056,3203.6245,10934.136
510.5801,-2240.9739,-11237.794
-596.8687,345.58154,-7966.312
-3887.8826,34.68007,19670.04
-1041.2351,-3322.956,2727.6956
3903.7432,-2192.2222,-19264.877
757.61847,-743.0977,8533.806
-968.9535,135.47903,7213.633
4069.102,1792.6692,-17693.494
4297.313,1970.6359,-505.02298
-138.6009,403.9492,16514.14
-4723.442,-2900.4102,-3396.9907
-5528.6567,-4549.3066,-8888.95
-810.5018,-1101.7085,11715.831
2404.283,1351.6716,874.32935
7836.027,2883.2812,-15655.463
9397.743,3133.896,2806.032
1756.8896,-1757.9681,9679.0625
-6150.4824,-4905.736,-8171.0767
-10096.859,-1362.4595,1707.0621
-8417.815,2539.7139,15340.453
2324.7883,844.29443,-9101.442
10959.992,2930.7124,-10457.869
4691.4395,2792.4946,13669.178
-3303.4243,-2881.0203,-2551.1143
-4055.0142,-603.5996,-16411.07
-3009.661,1542.4086,14656.317
-1671.5654,537.1146,15110.044
1716.823,1191.8999,-13726.184
4500.6543,-960.2527,-1759.5385
-698.0796,-2567.3525,11119.646
622.10284,-366.43906,-11362.0205
7358.4526,2311.9036,-12770.926
798.7396,3216.8752,14467.712
-5478.5938,0.4017292,5798.4204
-3664.5974,-3101.2058,-11205.517
-2884.874,-3137.4966,10139.339
-4524.3037,-3622.174,8228.879
2455.8538,-148.0362,-14676.064
9089.363,4130.7827,-1986.1349
6153.3213,1914.2196,7523.448
303.26123,-477.8535,-9028.316
-3925.4478,-2176.254,-2530.8315
-6027.931,-4334.2085,15718.166
-3937.4014,-4414.458,-113.34793
4454.101,1007.93976,-9929.837
4420.2754,6708.0454,10063.235
2418.656,1335.3715,1673.4734
4239.61,-4768.546,-21738.277
1655.3898,-2601.3074,1977.7205
-2144.2244,-93.80844,19672.596
-2712.3833,1791.3434,-7653.9097
-2090.828,692.1091,-4116.3755
-2306.379,-2380.0564,16184.746
2480.8162,-2874.2666,-7733.3433
9223.317,485.94827,-17429.729
8877.317,4786.9507,8628.971
-2240.2378,2488.3396,4785.4097
-10070.685,-2004.0796,-11378.256
-5415.2515,-3663.0974,6315.5654
2022.9932,-2042.1202,11816.547
4695.501,-734.4613,-11912.458
3108.5527,1328.0359,-5249.421
330.50543,3294.3235,13445.048
-2125.3906,-1267.0918,-7072.602
597.99506,-3057.0403,-12815.91
493.7427,-2429.6792,15759.889
-3418.1265,-3931.8657,5151.4
-2180.486,-112.02848,-17998.246
-1619.3402,3221.9426,9772.985
-2533.9197,1127.8385,15355.669
71.72276,-2225.4275,-20127.756
5134.0815,785.2772,-10144.116
3474.8254,2246.114,19856.857
-2641.7744,124.7059,2121.5515
-4012.3044,1483.8431,-12076.5
-1645.1918,-1987.0106,8891.922
-397.73727,-2815.4392,5311.5527
444.81433,1058.0308,-13008.958
4969.289,2548.1462,-823.3141
553.26746,-412.4136,9809.411
-6862.479,1062.7554,-6727.425
-2016.6697,5275.8203,-1865.0067
1551.949,-1388.7379,13848.478
-3409.2527,-8704.341,-6582.2676
-3186.1018,-3491.689,-9151.251
658.3321,2874.8672,16941.857
3063.912,2640.9182,712.61096
6109.5137,3450.904,-23403.812
1815.7024,384.2717,5058.442
-3647.3965,-5446.9126,15106.64
-3246.2566,-4858.8594,-10280.175
-1741.3978,1164.4397,1177.41
-736.69763,1156.2722,15473.594
1663.7949,-236.44984,-9450.361
3923.6755,2477.579,-12503.027
2338.5867,-2052.844,12354.752
-2852.185,-4058.588,1504.8278
-909.58887,1681.1489,-12713.417
4012.2285,3805.5605,8936.06
1409.4761,-2079.0251,10034.065
-851.42664,-6398.869,-14204.298
531.7452,-1137.4801,-1423.5261
3741.0056,162.99503,12976.169
3723.9788,-503.3555,-11360.755
1784.2385,3052.7583,-8609.512
-3808.1575,1631.5652,16958.385
-8780.687,-3821.097,4470.878
-2398.3398,-6453.629,-11753.564
2806.1716,-3179.115,4522.6797
1451.7789,670.29016,4168.437
3408.5547,5141.3467,-10584.703
2782.8372,7702.2188,1999.1919
-2356.062,-911.22943,10965.86
-1726.9144,-8564.687,-6753.756
2868.706,-2834.001,-6423.877
-3803.0735,1093.4158,15872.999
-11945.282,344.68472,2345.531
-399.15833,4600.622,-12384.7295
8294.422,3147.0679,7738.3994
3992.6638,-4592.5312,3666.054
1802.7344,-7030.6016,-15241.212
254.72012,177.20091,4336.8643
-3916.2993,3818.4458,17763.217
-4203.5005,817.4563,-6384.5195
-2003.753,92.38611,-4080.681
-1272.8344,-5450.305,10469.76
4296.013,-6902.432,-9390.856
8851.166,919.79224,-12112.704
3058.8015,4809.861,13565.909
-6951.721,1873.6075,9687.882
-6273.302,-4147.7896,-10860.544
-146.59077,-7564.17,4977.08
384.54263,-5196.0786,9793.693
1554.2333,1907.0297,-12671.654
6008.673,8909.699,-3339.34
5670.934,5970.304,9017.21
611.13654,-2296.0747,-6794.044
-1467.5869,-4081.0786,-5860.7017
-4415.559,-3656.091,13437.194
-8842.507,-2819.782,4653.252
-4887.536,2980.646,-8676.671
4109.2974,6903.014,5484.542
7323.923,1814.3639,4681.7256
8606.089,-3949.3594,-17459.414
5124.7744,-2892.1812,-2253.902
-5197.739,-2153.128,17475.744
-7588.921,1224.9012,-2969.1213
-2249.5952,5648.1587,-4919.957
2925.728,436.57333,12305.585
4554.8306,-4423.5884,-1988.5358
5210.2666,-4359.998,-16138.6455
2418.0876,-1139.4832,5543.694
-3950.1174,2893.773,11349.917
-916.69684,5448.6343,-6988.9717
978.45026,2575.7166,2534.4265
-3244.6255,-6464.084,10253.127
-1831.4409,-7716.2144,-8988.566
5300.7363,1335.5858,-7208.5557
7174.933,6173.7446,11228.928
700.0172,2654.1216,-1659.9943
-4454.8364,-66.108635,-9352.854
-5421.15,-6877.4,10778.046
-6356.1787,-8807.286,4186.966
-3678.5095,147.09451,-8608.864
1227.8534,6006.279,8239.93
574.3066,5420.719,7638.4766
-1610.7577,2054.7493,-14284.575
1328.5596,1072.0145,-3019.4956
4784.541,-819.41425,11456.875
440.8499,-382.6217,-5458.086
-536.8135,2007.8093,-3765.4817
-771.60876,1130.8129,14281.077
-4272.2993,-974.20276,-3.3806098
-2187.5483,-281.97873,-15545.674
2563.9038,2162.6482,5853.311
5137.2344,206.74556,10855.866
1735.7295,1891.1069,-14294.504
-3373.106,4063.1934,-2390.335
-7730.802,1615.5192,19216.416
-4906.182,-4304.596,-3084.0913
4749.6343,-4955.5757,-12933.043
7989.4155,-1305.4264,8196.646
2539.4692,1418.8081,2104.0833
-56.727177,11381.109,-14593.731
1903.3191,6240.654,5235.0776
-2619.6292,-7553.535,11633.919
-1625.911,-8196.893,-8723.518
3000.6262,-3190.3186,2231.6926
-1460.1954,2423.659,12369.192
-3851.9373,6062.2896,-10313.036
528.6767,3926.4104,-8130.5264
6716.354,-5038.433,10465.02
6477.4263,-9391.253,-4733.9854
1811.0643,-471.34183,-10631.699
-1268.902,7284.434,12595.819
-4644.9785,5690.0747,6866.88
-3749.7896,2790.3953,-13012.414
3470.211,-1217.5249,2945.7258
5215.983,-3800.5437,7281.218
1227.6907,-4100.541,-14239.619
1995.4203,1533.9996,-1431.9277
-2453.2764,5955.47,17421.355
-8846.932,3318.806,-2940.5444
-3845.4026,405.61115,-7757.7754
3294.822,-5672.046,11702.709
2292.9917,-2120.5823,-2215.2056
1368.4324,5523.2393,-15790.543
6764.2563,5619.5835,5212.527
730.2168,3180.1619,6067.2085
-7438.191,-1908.1294,-10082.825
-4823.598,-300.5069,4585.6045
-45.78689,-4937.7026,12498.245
344.21173,-3698.718,-9803.238
2034.4064,4819.1543,-5133.0063
4695.7847,506.636,11783.783
-2044.9424,-1534.0758,-8432.316
236.06334,-2506.909,-15039.572
4237.271,-1161.8525,10294.317
-91.1968,831.6411,7810.1797
-2541.1287,3415.6099,-10382.348
-160.73416,-1430.9961,3316.6233
1452.0857,-7096.301,9965.792
-1632.7369,1316.8749,-13078.174
2485.0657,3160.8892,-6938.8066
3227.3352,-322.44183,13346.565
-4589.6626,587.4758,-2544.931
-3788.5784,1901.3564,-6075.098
1957.5245,-2230.1943,11004.414
-2558.1594,-4967.7026,-2327.4272
99.64649,4220.187,-12530.865
10305.588,8733.252,5926.3945
5006.777,3131.7498,3620.5178
447.60645,-608.6679,-14975.832
680.7376,-3674.8667,1609.1073
-4520.4,-4232.7295,14892.733
-8065.589,-22.99217,-6578.063
-990.42664,4922.812,-6185.76
5785.735,3659.0354,8738.111
2762.1418,1190.9783,-5401.3506
4615.018,1730.6389,-13501.211
5482.116,-3781.8887,7377.883
-4986.021,-5532.7837,4961.662
-7934.2896,332.58234,-9385.231
1472.4873,3470.7979,7929.714
1146.2667,-1872.1187,11024.509
578.4992,-3323.2366,-12181.182
4672.005,294.15756,-9211.586
295.41666,-1861.201,7010.926
-5461.076,289.19464,-2030.5465
-2138.7507,4256.982,-3928.9482
1053.4875,683.44385,6917.048
-3354.9124,-6813.4956,-264.00772
-1216.7299,-2767.7856,-4706.8726
4002.1897,2231.6904,2827.08
3041.1733,2635.7446,-678.6352
1962.0082,5752.159,-7867.001
7174.161,994.7712,566.94257
-14.689713,-5028.864,3775.3662
-11606.58,-3596.4858,-3550.9763
-7225.1167,4569.6494,5553.367
-843.34064,3150.8318,9037.045
7493.4653,-1530.1093,-8332.927
10348.875,1884.2507,-12022.087
3020.4922,-608.78455,4844.3726
-7176.739,-2564.4695,3111.7673
-10132.109,122.256226,-6583.3965
1120.6659,3899.431,6793.761
3757.971,-814.49036,7944.3228
2208.4043,-3392.6216,-7735.7935
6941.566,864.66943,-3910.5232
3104.9653,-894.7253,3408.223
-5140.0522,825.21313,-6626.728
-2733.2295,5276.8604,-1403.4849
999.58167,1620.1858,10403.629
-3373.8772,-5020.9565,-1692.0134
-2332.0813,-2718.0312,-7995.4214
4848.075,-1669.5648,5245.5244
4245.046,-804.5524,1326.2601
130.02231,2791.2812,-10949.917
4515.2104,3642.692,1314.1653
1072.7225,-936.57025,4602.1655
-5456.689,-5520.096,-6891.2285
-2948.2085,-3554.5054,4833.376
-4703.0938,-3099.7988,9854.214
-5584.449,820.4791,-4798.904
2596.422,5407.654,-2902.2036
8980.218,2040.6554,3671.781
2515.804,-3577.6125,-7123.3813
-6747.3755,-2698.0881,-7296.13
-3041.1362,2842.8591,12155.232
-693.3952,4061.171,4395.237
-2799.8918,2693.8567,-9112.345
5509.5503,-1516.0288,3609.715
6495.238,-4875.73,2560.9587
-919.13904,1597.1199,-9491.91
-564.99677,6283.469,-1588.1284
-262.5277,650.01373,9491.691
-5506.5376,-3323.5444,1179.6464
-7091.4707,-1480.8173,-2395.1892
-10.444761,-1856.2832,7185.9883
1263.2407,-1965.0458,-3359.7236
1240.0156,4632.2607,-9723.095
5770.662,7435.214,7910.222
-264.8875,396.99158,183.40651
-5073.7056,-3343.3364,-13422.488
-535.8776,-257.8103,6194.3228
1905.0547,189.4948,8448.448
-1324.8228,328.76767,-7639.726
-3097.4143,3502.2876,6256.101
-1792.4465,499.50735,11610.5
-2274.789,-2834.372,-13362.67
1911.282,-1111.3458,-10865.122
8383.0625,-1873.9072,11033.499
-800.9194,-2356.3604,1468.2585
-12234.449,30.128984,-5286.8345
-6666.3804,1058.2548,11368.273
-2818.4875,-1603.1919,2541.943
-418.08432,-2375.5796,-12354.893
8945.754,1424.5424,651.1778
11268.229,2375.9004,607.5187
-515.0191,420.87918,-8865.876
-8942.118,-167.27893,5886.259
-6094.5137,-3054.9858,11667.744
-6085.344,-746.9372,-8268.714
-1637.9888,2342.6912,-3336.1882
9874.732,1360.3817,13745.312
9677.21,4099.1025,-6317.7036
-1606.0327,4354.6855,-13838.214
-5167.747,-749.0534,8608.191
-3695.568,-5768.9014,4378.0293
-4250.6367,-810.0888,-9154.724
694.7455,2831.383,9285.53
1636.1923,726.1524,9897.585
-4885.915,1727.7129,-13918.148
-1267.2758,2649.8552,-441.35132
6169.1104,-1155.8533,10198.257
3262.0825,-4366.7417,-11377.256
501.47034,-1193.1528,-5649.955
-341.46323,-1617.0586,17066.57
-6200.9746,802.32446,768.1425
-7716.969,2810.3286,-13504.787
3693.5464,-1043.6865,6143.1216
11488.337,-2360.4534,3925.312
6962.671,-97.65833,-12041.069
-565.90924,2655.7744,1034.5404
-6812.8745,0.9011762,9949.442
-11930.216,-728.76697,-4619.2124
-7148.741,406.1143,707.3608
4771.651,-1054.9939,11501.694
3121.17,1441.3046,-10366.619
1529.8582,6988.6514,-9716.507
1961.134,3919.644,11720.63
-2375.7798,-2737.8594,-743.798
-4418.4766,-295.11166,-8593.481
-2039.5759,-1168.1338,11563.001
1350.6625,-3249.7158,8055.5146
-2356.192,2406.9485,-12403.316
-644.5536,2903.4312,4117.296
3649.8774,-203.39604,9302.757
556.4609,-501.0721,-15191.604
-1052.8408,-1224.6816,-4337.622
3481.226,-1281.4886,13739.443
-329.8829,55.23187,-1126.0962
-7379.287,565.1002,-3571.8845
-225.97171,-1062.7262,10870.929
5299.3726,-1593.1089,-3871.5293
4336.647,3062.3013,-13217.077
4697.017,35.44501,4836.685
2673.0896,-4157.4526,3405.6074
-6346.6016,-821.6063,-7410.925
-7631.308,-401.44144,3639.6711
1128.3551,-293.26755,10521.628
2631.5735,-1782.6102,-6737.8774
3975.5432,2046.2246,-6856.601
5783.412,1515.8313,5720.561
878.2047,653.38763,-5133.435
-3299.7173,5165.0674,-4127.8413
1483.5375,-3720.7317,10357.99
-724.0881,-7761.403,859.4546
-7352.0093,-2579.1704,-7327.9
778.37836,1390.7804,8602.884
7182.08,1290.5684,5315.18
2399.2908,2397.084,-15114.579
-1278.0162,2456.0217,-430.46854
753.2051,-5005.914,11322.551
-833.6557,-2008.6433,-8351.361
-1481.3708,4084.8625,-2656.1458
1900.5468,2500.6587,14013.344
352.83084,261.76593,-6219.8125
-1980.8842,203.44481,-9751.205
1821.5134,-3123.2341,11757.883
4696.8887,-4075.057,-3190.962
-1215.5223,4579.301,-13075.057
-1203.8052,3752.8708,11382.67
1771.6167,-2175.5432,9323.809
-5823.407,1002.7818,-9462.919
-3520.8083,2144.0647,2964.85
5927.4004,-2130.0698,7239.384
4225.8394,667.94073,-13259.904
2297.0178,2140.8376,-4983.087
2425.9736,-4235.6836,12255.38
-4841.171,-2462.425,-1343.0682
-4762.5767,1513.5902,-4164.2095
5261.958,-2376.995,10272.361
4777.6924,-4116.4814,-1723.6503
-1215.904,2991.8054,-9197.003
919.5327,3590.606,8384.979
4551.8594,-3210.3264,285.0357
-2739.9001,-3312.8206,-14058.442
-5434.57,-1593.5023,4749.8774
1849.6647,-3387.0881,12136.87
-1085.5007,-115.59392,-8853.282
-793.68286,7346.023,-3304.163
6896.705,4739.9043,10741.293
899.6139,-908.85596,-8303.677
-4058.6335,-2879.412,-6835.632
1213.7587,-3864.0623,6524.242
2603.2244,286.23203,-2734.6912
-3298.892,6361.951,421.26904
-3612.3992,2429.4565,9699.123
-1126.4005,-4087.769,-2577.6252
-7348.582,1413.9679,-10047.787
534.31006,5111.57,8318.508
10158.9,3465.3179,1889.9513
2997.2004,3630.129,-13823.79
-1301.293,-443.4079,6420.3135
-1074.2996,-4325.711,13696.266
-7170.113,-1112.2405,-5611.6763
-5891.4043,2460.5842,-2622.703
8608.372,541.7045,8765.402
8650.755,-505.27994,-8042.922
877.58295,4271.2534,-10064.249
-2109.9543,-15.846022,8169.309
-1968.0078,-8354.944,443.327
-1421.9309,-5230.4624,-7672.7764
1735.4161,-1215.6798,10216.3
5626.5586,587.2216,1541.9886
-2267.579,3531.363,-14904.328
-1599.1609,3237.1006,8057.819
7502.9653,-3841.0835,6642.2603
3463.6426,-3195.7239,-17903.994
-3856.829,1274.7533,-2195.3982
-3418.1343,-534.9028,21727.71
-7402.0625,2941.271,1851.1036
-10102.035,3426.7017,-11229.008
-1837.3668,-1827.4407,9610.463
4072.527,-727.9674,105.81376
4929.8716,5614.171,-13803.032
2665.736,4043.9102,7729.9487
-3271.3997,-616.0696,7778.197
-10578.71,3310.714,-9628.71
-2834.4768,1820.5244,4571.108
8829.4,-3274.4595,7312.6914
2305.4915,1570.8516,-16388.504
-349.9138,2828.4053,-3492.6096
4852.17,-3307.2473,10591.881
1645.2186,-1041.1659,-11605.613
-4135.3765,2125.3074,-7282.136
-3281.0889,-3176.247,17150.846
-1570.9435,-3938.613,2545.6426
-3216.4678,3585.9368,-11547.58
4943.446,3567.6794,8634.556
8002.233,-2790.8154,625.60596
-2409.2832,-321.56824,-16385.957
-2865.0747,-531.20306,9005.951
-382.95728,-5446.811,12317.752
-3640.416,-2559.2932,-9392.098
-1738.4252,1755.3806,2550.8784
3741.2234,2788.8777,11524.489
1431.483,5743.9297,-9090.879
-2206.9473,4665.1543,-7515.6895
2855.5974,-3119.5793,10864.278
3404.8188,-4039.6626,-6037.0093
-1968.9889,-465.7511,-9835.081
2338.5588,-275.74557,13099.558
1658.3818,-209.72232,1742.3413
-3674.9749,4136.695,-10089.904
2433.2742,881.46014,4845.152
7822.5557,-5942.3833,992.59424
1962.688,676.94684,-13679.958
-2055.2356,2531.761,2657.1504
-3993.163,-707.4199,12965.113
-11570.768,115.34137,-4760.398
-4535.205,-1102.6367,1539.1968
6817.3423,-3006.0955,10884.153
4556.4185,1777.3086,-9392.987
-4269.9536,8644.422,-6756.104
-4040.3425,3688.3164,13882.039
-956.65106,-2024.799,-2708.6416
-1874.1365,-1201.5663,-12556.954
2732.5889,-2461.8303,14501.218
-835.2381,-3106.046,8478.451
-6545.977,3390.3206,-15162.878
-2103.0327,3282.5916,3181.3274
6580.0923,-2575.279,9071.668
6536.4897,-1128.853,-13849.867
1589.9282,-1351.235,-5600.379
895.1197,-4464.427,9633.867
-3191.8198,-3324.901,-1607.6757
-4813.814,2092.3162,-827.91425
1420.2784,1477.3596,5567.9653
4520.309,-1300.7302,-8496.167
2003.1414,1206.6295,-5617.7812
2720.097,-3762.8264,9736.934
-1255.89,-4366.599,-1200.1814
-10984.159,2477.8904,-5300.7104
-3325.4453,1095.5762,15264.763
6386.167,-794.4893,5840.1597
388.1138,1009.44037,-14103.673
-1642.6174,2323.0505,6217.6655
3180.9727,545.2736,10315.277
3601.075,3216.1047,-14673.249
-382.8,3544.5615,-4175.116
-345.86926,-1713.6985,15175.204
-1830.9199,1433.9928,-3816.4153
-1514.7543,2667.2747,-7907.8413
2941.4893,-3481.524,9770.419
2079.589,93.999794,-3641.0579
-985.2515,5857.0347,-10558.977
1196.4976,1035.4722,5638.089
4129.181,-5489.2275,1521.9828
-787.1701,-3202.1514,-10143.563
77.1963,-1147.9688,4038.5107
1123.2245,-6462.0366,9333.293
-6574.6274,-67.71448,-8268.24
-4857.8926,4680.068,3621.8352
1997.9795,-1916.9801,9949.547
3833.8171,-2306.3767,-11336.523
2311.9094,1234.0063,-5283.336
-258.5829,-1773.3064,13766.197
-3398.1804,-1006.3465,2235.704
-6051.7485,4958.162,-4412.468
-39.536816,207.0533,13278.023
4340.8613,-1454.9098,-2184.4255
3612.012,4246.564,-16557.12
6164.736,4917.9253,5713.2686
3913.4092,1312.7173,2394.8306
-6363.323,-62.588215,-9334.255
-8687.646,-1725.5692,8507.545
1303.3103,-4255.051,6601.6777
3730.2688,314.52634,-13519.015
4323.9736,3471.792,-1172.5262
4587.8467,-54.802906,7211.423
-3535.9548,-1798.0004,-8999.328
-6244.551,-3469.9458,-1667.6274
-1840.5547,-3372.4583,11486.239
1646.0916,371.59445,-2457.6882
1310.9296,250.05191,-4686.631
2339.0317,-939.63196,12928.554
1274.5532,14.661494,1851.4073
-2437.567,5569.4297,-13730.426
2.1467872,1821.2968,5178.931
4222.877,-2842.811,5230.3135
798.5346,3790.6055,-10922.046
-3707.0244,884.4283,7808.7715
-2141.3994,-4133.3066,12347.722
-2043.2407,1341.5726,-16202.285
444.06354,5500.7124,-5285.4336
6230.968,-331.45477,15415.543
6069.845,-1188.2703,-10940.122
2720.9292,-741.8305,-13760.411
-530.4607,-6155.702,11013.361
-5400.449,-6313.4297,2250.6262
-5689.8506,-1982.1742,-5868.33
948.30615,-1967.8384,6026.8477
5146.527,-3355.6577,915.58374
3033.7612,257.6722,-9433.172
2441.638,35.21834,306.99768
-1637.4495,-1183.3076,3680.3071
-10116.264,1454.5288,-1620.1599
-1882.5896,2051.4514,6715.6353
8853.858,518.78644,7328.8667
1622.7552,3963.7578,-6948.0635
-3377.3809,4287.707,-803.62146
1784.3077,-279.58215,12017.526
3622.824,2395.306,-7621.2354
2202.172,5419.7085,-10185.519
1910.3503,522.4415,14146.853
-2241.7202,-4184.7407,-1221.5167
-5888.462,317.4945,-11798.316
-1185.8057,137.75558,12248.988
6682.79,-124.75737,1706.9325
4334.9253,3427.6638,-16364.929
1526.0826,-7098.84,632.7123
2719.4934,-12320.539,5423.7764
-7010.6064,-2229.818,-6281.6646
-8672.151,-559.0444,2908.3843
1089.8612,-5940.353,12483.215
832.9735,1836.6732,-7316.192
-1523.7864,3423.7761,-6907.356
4118.5166,-3103.9019,8409.862
2847.7024,2800.56,-7628.4263
-1548.7539,7051.8145,-4557.206
-748.202,2993.2856,15061.087
-3964.1545,-1911.022,2767.483
-6280.6064,3481.8425,-5274.214
2128.292,3626.8948,6464.026
11109.199,432.112,-2289.4885
4465.6743,8016.672,-11680.42
-997.7665,2582.0142,3552.7424
-2895.378,-7499.174,4058.3333
-9231.519,-3547.3384,-8454.08
-6584.7183,256.33124,4957.6123
4219.0464,-5475.6416,12969.178
4165.0015,-4448.9062,-13191.241
-2524.329,1539.2617,-12408.513
-807.27386,-916.36633,12438.194
-974.6559,-314.22562,-1323.588
-1441.3822,623.3408,-11048.818
2925.227,-3983.1328,7396.9517
4348.324,-4837.536,3080.6218
1160.122,413.262,-5672.188
-1834.5856,3336.6846,6789.284
-1301.5015,2394.0598,4435.2827
1273.8158,4761.9604,-8614.057
6426.0796,2265.6719,1900.7067
6016.2666,-1102.8079,6550.2837
-5382.8647,2197.5625,-6849.094
-7745.8584,495.99518,6897.1934
-240.4295,-3746.5413,12354.391
787.1669,-1218.5387,-15586.301
-1576.3154,-545.9546,-7909.2446
4791.3066,-4849.5645,12485.222
4239.036,1064.5735,-9891.678
-4759.67,3643.6865,-11776.32
-1500.0887,-5835.7197,14497.895
1666.524,-4246.2207,-390.2299
-2134.5764,1659.733,-12650.601
-2007.4785,-4827.909,10850.426
779.3828,-3588.163,3855.1648
-4132.055,5317.449,-15188.265
351.29684,901.56396,2809.8318
7856.45,-2392.5208,9357.75
-2157.6843,3551.7747,-7394.5386
-8238.097,-652.6851,3971.724
-1624.2502,-6356.6475,14718.802
-3477.223,4273.466,-7149.5
-5904.4956,7191.945,-8015.946
5198.062,-1980.7184,9230.964
7642.1206,-1729.4856,-2372.8557
-990.67883,1875.3013,-12063.798
-5539.346,-4446.0728,8365.958
-3622.296,-4694.2036,8758.795
-1857.1814,4556.6655,-8226.795
2992.1912,1433.9902,2202.5554
9183.801,-3003.5312,3478.7522
4863.287,1287.1483,-12676.183
-124.722176,-2040.2902,-2915.1072
2891.239,-7018.892,7771.383
-211.0637,-570.08185,-7795.484
-6403.768,1887.9576,-1509.4155
-2311.2349,-3216.7976,15023.1045
-1798.4353,1.8203987,-504.12668
-1389.4468,4163.7373,-6123.7466
4021.6252,-344.51715,3518.7017
1909.7264,1753.5824,-2984.6162
-4824.9253,6317.325,-2033.1168
-2352.259,-1298.0059,7807.4116
654.51904,-2957.022,-1562.0007
-2819.023,1194.95,-7354.1763
567.7992,-327.47363,8438.563
5754.2935,2563.238,3169.2783
3059.9634,6731.5474,-14778.4375
-318.92172,1700.4136,-3233.033
2961.7827,-3449.3672,-10909.007
2763.6724,-1556.782,-48026.004
-1465.3563,-2405.3818,-38131.73
-881.17267,-4122.9126,720.0245
10197.89,14893.468,10252.36
29425.654,31836.215,20336.408
38631.11,20826.99,36139.4
21474.61,8905.13,23468.672
-9879.519,114.4604,-5708.1055
-34434.15,-16069.7705,-7588.7954
-40886.227,-14201.45,21160.01
-10172.476,19944.773,13524.074
39253.61,46371.734,-40307.266
66581.0,48371.8,-111426.98
74140.03,39911.043,-212821.45
45972.812,9674.212,-232015.23
-23178.555,-33314.375,42147.14
-6644.08,1232.5664,479985.75
135238.1,100940.16,609272.4
173174.8,65321.316,288983.53
-60821.746,-153606.95,-52430.363
-322519.6,-325390.4,-155523.39
-352979.56,-241410.77,-130419.195
-199976.72,-3473.9104,-79152.945
32315.475,168888.61,-180753.05
202548.53,136393.39,-375374.06
253062.08,20975.047,-291481.8
245986.1,16925.844,81659.19
211746.17,12496.959,261568.95
-25823.11,-248277.0,63771.934
-371416.84,-567130.2,-197799.89
-451349.7,-410131.28,-184107.36
-166044.78,180304.6,102893.555
195614.12,627945.5,310647.56
247511.52,477927.5,210496.0
-17849.895,32560.285,-54219.05
-272996.25,-203899.64,-76976.24
-168063.28,-90502.42,73985.65
47191.98,117941.664,-105997.34
-60396.33,126168.95,-294594.16
-190042.45,-13468.03,20375.143
118225.266,51793.76,180215.02
313516.38,309598.75,80014.52
125014.46,173338.52,173822.66
-39283.293,-170721.81,-46359.28
-196383.81,-232865.75,-301237.28
-277861.44,-139541.3,-49527.863
-89771.72,-127091.51,305391.2
310461.9,-121778.27,267551.9
534758.56,21965.771,-77575.29
582344.94,226838.19,-212967.39
340062.47,312113.28,-187317.9
-329005.25,124303.055,-118569.84
-924503.75,-118121.11,48112.7
-779543.9,-56242.035,165855.0
109705.1,202712.28,162996.2
828790.1,301032.94,87354.55
822478.8,17092.957,-3774.8428
127274.9,-347203.34,-128825.98
-581909.6,-460802.8,-234154.27
-779061.75,-386263.12,-126692.04
-369501.88,-115571.19,34714.46
299623.72,92120.99,100095.31
502731.2,165491.52,171421.2
226712.19,252462.83,128899.06
-77979.414,188067.7,-81072.555
-68995.85,-22022.398,-180778.98
149920.4,-263406.34,-126512.83
224511.75,-205301.53,-243007.84
46970.223,89504.18,-205888.8
-212120.66,231823.83,320116.06
-87803.28,385661.72,609113.9
346397.97,244786.25,137954.61
298953.47,-309060.22,-279932.9
-204032.86,-680990.0,-129734.29
-497482.38,-344624.25,-34884.758
-287927.62,254091.47,-3763.9827
205828.25,245021.62,116328.49
444012.84,41767.84,-25221.201
208614.75,-132329.1,-120331.516
-132593.58,-130562.945,64774.785
-324794.6,21854.402,73241.04
-344360.0,-88904.07,-158566.84
-314844.53,-103702.76,-215187.62
-209880.75,178299.64,105670.05
141568.58,408957.84,305978.62
439819.62,331321.1,52507.223
388975.62,-15091.843,-205067.89
66175.94,-262758.66,-177314.17
-215137.12,-100195.67,-6685.9224
-276220.06,248580.22,138081.78
-211819.39,315265.47,129702.055
-134176.86,101948.07,-31160.645
67171.89,-72230.086,-103376.734
240345.81,-205765.12,23924.797
83611.164,21792.719,51718.715
-166011.97,149965.61,85842.26
-155597.8,-180758.38,222861.69
104435.445,-316383.5,5380.264
211124.19,-225091.5,-225782.73
43599.883,46811.89,-216395.94
-138081.23,360692.97,-18232.803
8588.182,535831.5,252668.4
434232.3,320720.44,168251.02
542403.8,-238002.97,103043.13
36395.39,-518784.22,46440.883
-640525.56,-272968.97,-218857.36
-747252.25,138538.48,-210598.56
-93305.74,291766.44,44643.715
799996.9,173783.6,94670.71
935845.4,-11362.717,-44290.51
333498.78,-78844.96,22994.135
-370848.22,-115505.44,169006.03
-667794.4,-209376.97,153354.2
-463301.72,-543118.8,107779.58
-285417.66,-756727.44,6193.899
-186858.3,-351567.22,110103.21
70032.766,209234.12,365605.56
485112.38,448713.9,-34320.086
457026.56,523348.34,-557855.25
226105.8,546184.44,-485197.53
132189.02,652949.7,-394227.03
-118242.18,961128.7,-223906.22
-334511.53,1.0401039e+06,-113659.05
-414956.53,768142.06,-327184.2
-450770.75,109040.89,-89370.76
-524668.44,-601919.2,419992.75
-914640.9,-1.0070834e+06,497012.62
-1.431992e+06,-1.0617978e+06,493870.22
-1.1394878e+06,-851089.75,428908.4
-193667.66,-500712.3,-207022.86
495880.3,-27488.154,-579123.6
1.0454914e+06,204934.56,-173712.34
1.7582589e+06,249871.55,-109312.63
2.2505752e+06,129603.01,-329313.97
2.2969945e+06,-274086.6,-154405.67
1.6048581e+06,-961740.3,201674.84
100839.19,-1.6240351e+06,82738.39
-1.2870511e+06,-1.6943856e+06,-21340.258
-1.839788e+06,-1.3705919e+06,671222.1
-1.3122562e+06,-418099.56,803975.06
-141206.98,928674.2,343266.56
432045.97,1.5397701e+06,344244.97
-151099.34,1.6456881e+06,42445.18
-896907.1,1.3788991e+06,-504959.72
-513677.03,916840.0,-475639.53
333464.53,616209.8,-208704.83
507150.62,321656.6,-111062.984
585206.25,-191451.34,-337971.9
853783.6,-637168.9,-634505.75
589927.7,-24139.29,-444321.06
70931.516,746597.9,310847.06
-348301.03,534736.5,672566.0
-1.037781e+06,-102751.14,16620.0
-1.4716171e+06,-796755.25,-583721.0
-1.2538058e+06,-1.02959375e+06,-414832.1
-713494.44,-384732.34,342202.38
1655.1515,477182.62,553629.2
665468.9,537597.3,237221.9
915653.1,-388200.34,221051.22
878587.8,-631535.2,-240416.55
797654.2,6420.481,-317677.0
637564.4,127501.414,215263.31
361799.9,-143498.56,79431.16
-79282.11,-371135.75,-146817.16
-131121.77,-157888.1,-67325.59
611634.1,243036.56,136659.16
1.01832625e+06,386572.5,303217.62
215797.38,-57135.75,44073.902
-957867.4,-414559.2,-177416.77
-1.3997016e+06,-153521.77,30464.734
-990252.7,217977.03,79557.484
-626080.75,829799.8,-290726.7
-567847.56,829949.0,-143135.39
-448241.75,538968.7,361677.34
193084.42,655472.56,184262.77
968963.9,608740.25,-143206.78
723437.9,131852.06,-149971.31
-182178.45,-972454.56,-11695.659
-671054.6,-1.7474028e+06,32270.07
-368728.2,-1.5408066e+06,-97872.84
95757.25,-629350.94,-52084.504
130946.42,277841.6,163738.88
-132777.53,429265.0,299927.66
-234732.84,304762.9,252049.1
-73331.67,316486.34,130691.94
48085.4,504597.88,219782.94
-2337.186,532387.9,113133.31
-151869.03,-64471.445,-340891.72
-387919.88,-719878.06,-286454.53
-101149.29,-701101.7,96822.94
1.0292865e+06,-54152.637,2667.4468
1.7040139e+06,464961.0,-204243.67
1.1783909e+06,376189.16,-84703.5
61733.1,211637.38,-142284.03
-239185.78,232822.78,-135939.92
235699.36,574124.6,14499.55
333501.38,1.2091238e+06,-235817.73
-59658.77,1.3143675e+06,-238871.0
-552829.56,767702.94,84469.7
-746287.9,-106586.91,323886.3
-821674.1,-739260.44,252725.3
-517425.06,-794665.3,-49795.758
-6219.2715,-574798.5,7474.8
34378.83,-416502.28,22235.062
-226024.05,-738224.9,-165462.58
-264271.4,-1.1377274e+06,-167219.94
4572.3467,-821208.56,-20140.336
364851.03,-29829.521,132758.58
636651.2,307305.72,120882.664
268169.66,-18364.717,-10486.302
-405975.06,-210963.36,-167460.44
-585481.1,57430.934,-234397.42
-349999.44,339423.16,58610.49
-217477.31,674162.25,415878.34
-192670.53,909336.4,413283.47
-80647.86,740822.75,259541.05
29290.531,370809.9,-96570.44
251107.45,-51102.4,-353568.5
351859.62,-267588.7,-178597.0
101097.85,-256379.94,-16087.083
105754.055,-192282.77,-126117.734
285952.25,-147858.67,-417952.7
135213.6,-161777.94,-159158.0
73821.94,-47129.895,543995.0
249079.08,14103.09,522273.0
210283.2,-314338.1,36366.742
-102229.25,-607033.25,-61484.65
-70937.34,-363501.34,21931.027
169979.6,215209.23,46295.273
83785.26,257382.16,104640.516
-187726.06,-205098.7,-67420.53
-342948.03,-386730.5,-213160.75
11806.1,-40408.82,-161807.11
634392.4,361295.12,-307929.6
599232.6,196852.36,-254816.61
-291923.78,-45457.547,85141.06
-707776.2,-137969.06,318693.62
-177224.2,15064.912,114012.87
325687.94,150282.66,-362056.06
314022.0,-166263.47,-164232.3
-58570.047,-432258.53,281077.1
-301363.66,-235291.14,57695.348
-372043.88,293267.38,-146353.5
-159567.17,606569.9,168115.4
176943.77,739824.06,213449.1
144047.31,503403.38,-33346.855
-194557.2,-75366.72,-32358.984
-460397.66,-519647.62,101302.016
-164623.4,-571811.5,179629.16
499308.22,-35824.414,14318.555
809213.6,269355.56,-122153.81
248768.83,-105712.6,-144614.53
-464694.94,-552776.4,-68075.055
-289864.4,-717617.94,114872.055
230273.98,-339846.12,-48118.344
330865.7,299922.12,-219794.14
22566.355,695399.6,-67523.69
-266079.34,956263.6,62308.844
-175176.67,758792.0,90997.09
36147.617,51001.832,113909.1
7223.408,-477649.88,43821.336
-221713.97,-334731.3,-135691.89
-143042.84,228606.98,-122628.42
260269.56,525621.5,98133.98
533055.94,301113.7,131672.4
545163.8,-240296.52,-114247.08
236550.53,-595624.6,-328864.28
-157889.08,-530967.4,-204623.77
-308730.97,-324609.56,17238.143
-76857.78,-237686.58,-2060.32
174442.03,-125242.32,-44481.07
-158665.64,187356.52,77476.48
-851328.25,481309.38,249590.89
-926280.5,476641.94,249150.31
-219221.3,234347.14,83179.36
190538.9,127533.336,-44596.633
-222388.8,78957.62,1221.0244
-658716.1,-153431.06,164280.78
-493597.0,-252607.88,133112.88
-15963.217,-190556.12,-33830.383
317330.94,-120418.69,-153268.52
441692.16,-71764.555,24113.37
620597.9,-184153.81,212273.08
541067.44,-185038.73,-144190.73
224848.66,-30749.434,-228077.73
119270.65,157131.77,83780.234
297998.78,332858.4,153102.78
398061.22,165002.25,16570.93
-19802.205,-73580.22,-157180.72
-293782.47,-13538.73,-53624.246
-22906.209,192031.08,26187.656
229909.05,262780.88,-57023.344
-118665.31,100064.266,23389.828
-531586.0,-152878.9,62142.348
-242848.83,-338866.56,-5628.239
151526.7,-337068.88,-69399.27
17579.79,-93927.72,-62177.426
-359859.22,282968.12,22561.754
-369906.94,417222.75,-19710.217
27492.646,250903.34,-108599.68
379947.94,42419.355,-89825.734
270362.25,-123599.99,94802.84
-25761.61,-269930.8,267501.12
47947.547,-330173.56,-1091.9584
312352.0,-318310.6,-179950.11
387430.84,-246852.6,36561.51
358372.2,-146241.64,25131.91
135866.08,-191459.2,-100127.84
-338604.38,-323009.75,19668.838
-441399.56,-355640.2,166010.7
-102843.766,-76088.08,65857.92
176063.19,175495.05,15370.761
94874.72,235227.95,77913.17
-101303.766,254174.61,-16519.533
-79645.41,157225.88,-110720.62
-65229.465,203113.61,-51959.23
-83496.15,309932.4,80524.67
-129136.83,308399.4,16402.541
-143519.4,275906.3,-135764.31
-19203.77,202358.61,-183926.77
52147.715,130664.35,-164874.73
86318.445,51960.027,-61289.94
116018.22,-64207.305,64294.176
219759.9,-218101.03,84407.375
342103.06,-317163.75,-85279.664
176315.16,-231206.44,-128203.76
-71472.195,-66363.17,-48745.254
-21497.092,101277.3,-47119.477
186458.52,196975.22,-29371.064
109256.52,116655.43,1497.3525
-184948.53,21654.146,66982.65
-246177.7,97368.71,77293.84
-119752.01,51855.426,130713.4
-48465.387,-166001.97,209931.5
-36544.027,-207269.6,34920.74
-108481.234,-155400.53,-64967.01
-228913.28,-93075.78,92504.836
-228856.8,-38111.426,81385.1
-149245.72,39273.434,-60478.258
-115281.23,65596.01,2110.799
-44320.84,-46306.97,83227.805
30715.803,-101540.23,-74935.625
77518.35,-125053.51,-112099.23
98161.805,-164374.08,96767.26
83605.18,52341.164,124111.31
120853.83,266419.8,49338.38
22103.643,142854.25,37445.68
-161357.25,-31855.297,28728.303
-133678.34,-131024.055,12109.355
-41899.29,-23581.498,3904.8738
-45882.68,158671.58,108627.984
-53715.586,253552.2,39554.367
-61876.86,291720.16,-101972.2
-110265.72,201589.28,32940.973
-118898.6,129383.55,49793.543
-46280.457,193878.66,-51507.617
39881.562,243092.1,-9516.848
131577.17,106917.1,-13823.908
206767.0,-51472.59,-55463.01
222565.25,-226203.48,-78812.28
117737.59,-344513.2,-80366.76
66705.4,-295717.88,17629.123
171336.73,-188678.84,-49396.66
79321.44,-32764.656,-211534.34
-135698.97,16576.668,-100238.34
-169065.47,-63403.938,31289.83
-53469.715,-150709.66,-59612.09
41824.492,-205753.39,-188865.3
121101.086,-229735.52,-135222.4
205769.22,-136716.84,-23707.56
211302.31,9401.294,15332.52
177014.86,-22395.1,87781.4
156044.45,-66982.46,113241.414
228904.67,-6101.321,89359.984
344747.3,65677.68,9618.546
224941.7,167872.92,-13720.78
-109284.54,151833.25,131938.11
-304274.94,-13740.092,62985.336
-385246.5,-115163.68,-103807.266
-453926.97,-17572.91,18781.139
-340568.0,130553.49,137521.4
-140256.7,46251.348,82492.99
-157567.31,-138684.27,59234.156
-210346.86,-223900.84,53013.38
-102395.766,-114135.25,3472.4424
28142.256,125621.81,32217.264
217310.19,246874.64,70128.07
307614.88,239738.36,45439.637
164817.77,159316.83,29291.02
13496.78,110237.97,-94361.29
15425.524,94180.336,-144756.31
66973.234,67360.82,-6551.7573
26151.88,71557.36,27913.766
-112354.08,76889.555,39378.438
-154682.83,68976.055,33972.51
-20013.309,78774.36,-51967.0
41697.938,111849.97,-68508.836
-55786.17,76771.41,-68164.56
-198527.83,14366.936,-24945.443
-209664.95,-34918.363,-26635.727
-21661.592,-86782.7,-99552.13
134014.27,-131967.28,-16475.027
100622.63,-226822.39,98143.61
24141.271,-277708.3,95064.17
-34905.46,-130296.35,49888.66
-39073.875,60686.016,17192.371
84234.73,74011.484,24254.812
158220.75,35966.152,29044.516
100047.445,120407.62,-29456.395
98363.73,167573.98,-67222.62
232046.84,101292.76,-46427.72
295127.03,14226.36,-56721.023
95322.52,-109418.32,-52492.523
-267412.38,-103990.05,-13285.643
-401621.56,-18220.234,12666.068
-246522.5,-2064.2515,24914.225
-124845.61,-7003.068,71146.836
-140715.53,-97389.36,131531.4
-182984.97,-166784.88,80976.11
-65402.695,-155554.5,-24335.223
146566.39,-115672.33,-109373.375
256409.02,-77434.31,-89431.586
207872.5,-66154.31,-49989.574
74145.37,-12462.915,-93724.18
3169.4175,40539.043,-69045.3
45102.227,155978.83,-35684.098
171557.25,296230.72,18683.12
197364.73,206477.48,92846.55
36538.07,-26882.352,68325.19
-133844.89,-214847.69,40484.426
-197070.5,-351689.4,68908.125
-93289.875,-333506.4,53294.906
131987.23,-226076.81,14797.055
247951.66,-134179.78,-14769.855
194998.9,4504.209,-99401.28
66716.02,89055.016,-50222.492
-29293.396,152857.22,104064.15
-16523.225,164219.5,40449.785
-87173.73,132625.58,-49546.785
-188830.89,152704.89,48617.65
-61961.125,206499.42,75354.79
49057.246,324850.03,18919.066
-1845.7225,358222.4,17907.762
-10933.836,207145.28,41744.05
-85890.12,90411.984,45580.664
-188060.22,119522.125,-13148.483
-62098.023,53954.125,-48528.707
82133.586,-17801.37,-59356.402
73335.35,-35340.305,-44680.88
-27631.748,-72719.266,-22899.305
-150711.94,-24508.328,-51136.88
-170909.31,-91392.49,-26292.576
-160462.27,-223104.81,-27225.135
-203281.89,-228591.08,-36963.98
-192569.33,-224257.92,16774.887
-20246.586,-223819.75,34234.1
201652.16,-176531.97,15322.951
304948.8,-115078.55,-54951.133
260359.17,-70524.98,-58994.805
124745.95,-112476.75,25820.572
31085.63,-120660.27,14166.194
-14582.647,51559.094,-1304.224
-51984.113,221244.06,66137.15
-31212.799,262059.58,70730.58
19048.734,211750.4,48924.312
35642.695,98455.91,54486.117
-9637.76,37905.508,960.75055
-92932.86,70642.21,-38023.363
-98842.78,42053.72,-28241.91
-43525.195,-21660.82,-6284.446
22831.908,-44358.43,-5008.035
59741.95,-26264.326,-36493.793
-21048.559,3137.215,29027.742
-59105.72,-11015.841,87258.39
51643.848,9074.292,-7491.6045
168592.19,31327.76,-61661.12
177174.11,7556.3467,-46096.21
68148.914,-20552.744,-56799.875
-60140.637,-32564.818,-54342.05
-92007.26,-22872.744,-36825.836
-57768.215,-26000.756,-9400.561
21013.861,-28234.023,18171.783
123014.46,-56182.082,6251.886
16863.57,-103261.016,-40370.656
-199316.92,-96852.72,-13977.378
-202356.77,-41739.992,72492.75
-66281.43,38120.207,62936.63
74797.7,64321.29,42425.4
133767.95,2822.8772,46863.883
6929.4424,-36309.953,128.59666
-80013.25,-61445.156,-10661.681
50418.965,-18942.725,-37914.57
200325.84,101158.55,-35499.246
176119.6,94547.42,55822.24
65797.2,41506.793,5820.146
19301.674,-8476.605,-75878.68
-61155.93,-50547.105,13653.554
-153313.55,7563.9473,53173.363
-168180.53,67464.48,-7205.067
-159558.64,101811.47,-15027.316
-73640.27,115283.836,1035.719
20309.404,134611.33,20352.443
6099.4414,128345.125,32155.666
-66015.97,-7883.1885,6542.658
-143888.17,-129856.98,-9372.236
-114316.32,-146567.2,-25223.834
10869.756,-109875.2,-37039.324
135633.44,-82057.805,1829.716
237011.72,-86137.09,34300.797
269755.78,-40661.523,28676.797
202104.05,-40844.64,1846.1696
39359.88,-140126.38,-42910.188
-61944.746,-168167.88,-33680.37
-35907.51,-111793.22,18880.627
-732.7954,-4543.4097,14372.159
28122.557,133754.16,-10983.483
40453.15,144429.8,-21806.332
-23091.037,74251.01,-59081.453
-91141.97,11361.123,-39185.156
-93972.05,-24319.535,-9305.743
-67535.25,73542.55,-19810.87
-16609.812,124663.93,76870.55
-18194.166,83599.77,57049.82
-120984.84,109658.97,-6115.4614
-148708.06,94148.72,99060.8
13126.849,127353.97,17615.854
189982.97,204370.75,-90663.164
128132.34,115771.5,23987.99
-116877.445,7707.4263,99780.24
-242898.38,-97670.82,32070.617
-158634.08,-184353.1,-46920.805
31962.791,-131521.47,-15286.968
222443.81,-68734.17,-3611.3801
218357.73,-43666.36,-54109.26
4093.8257,-64880.133,-27093.86
-150891.53,-109745.945,-7848.551
-87698.32,-100748.12,-22566.953
112603.36,-128217.61,-20148.357
212019.33,-228623.97,-53649.92
70168.41,-228851.19,-76464.91
-64150.42,-83311.11,-52090.24
77289.64,57221.434,-24138.146
197214.23,146738.98,-31033.707
53284.844,178378.94,29660.44
-167410.84,120777.41,137448.1
-300154.16,72355.055,79099.37
-272386.7,84401.22,-491.0912
-136106.95,58966.367,54315.08
-14967.733,59658.438,98388.805
30738.344,140619.61,64567.73
30667.97,176983.97,25048.592
8578.371,123108.17,16081.73
14820.46,5681.187,47268.37
42476.445,-96559.97,37591.77
65285.61,-114038.19,-87379.45
49544.855,-48488.4,-103508.96
-37158.55,65606.44,32045.344
-37798.46,132305.6,46120.57
31250.23,98879.375,-55899.03
25025.693,27410.148,-31490.291
12409.99,-34574.457,46333.453
48496.266,-81287.69,-44811.953
63417.906,-144015.44,-111080.91
63329.246,-220114.7,-57722.04
95616.414,-170917.19,-69409.01
150757.72,-49454.35,-79242.73
172071.19,-11344.472,-31217.215
111197.39,-36044.855,-4088.6226
17656.61,-56330.746,7373.041
-46248.965,-60237.36,15284.882
-58732.652,-30428.463,7003.453
-29110.16,10978.366,5899.4087
-23903.867,-21081.953,24384.066
-112092.89,-67771.53,49716.26
-145271.34,-67883.82,81195.24
-17244.33,-24470.7,50971.45
58548.266,11863.535,-36070.305
-25458.994,37445.137,-33887.746
-77120.52,62529.508,44608.16
2624.4167,113345.56,59994.46
141295.86,126220.055,-15912.956
200231.55,3913.9172,-82941.2
87460.445,-64529.21,-79476.73
9810.517,22516.227,-12563.161
46075.18,152757.98,22804.36
46726.848,195956.44,-21868.385
-35286.516,92751.43,-3665.9817
-159889.0,-9739.892,73787.23
-226987.53,-5806.89,62067.695
-251915.66,38220.42,42607.26
-262289.03,69797.58,119088.875
-198001.31,35494.285,91497.15
-133458.47,-14670.52,-26219.023
-136918.28,-22555.617,-49296.97
-119198.484,65380.887,14938.847
498.65747,195948.11,86113.51
123184.22,228114.17,928.2517
123001.72,99721.266,-99070.0
64961.742,-106924.78,-52643.285
51333.406,-114894.47,-1014.4652
83638.266,-51565.117,22558.275
44697.34,-107152.36,20421.361
-50126.965,-175040.97,30303.912
-28602.855,-185528.95,-3135.3877
48105.465,-68729.82,-98878.84
84095.38,19122.057,-38620.844
108976.26,-76679.18,31891.375
103562.39,-167134.22,-35505.016
86223.57,-124223.125,-39766.2
121051.65,-17681.791,-12670.399
162526.81,34620.94,-47718.86
125050.73,-23190.514,-55741.594
57962.887,-84640.47,-755.37506
12820.35,-78369.695,-5433.2275
11726.111,-41871.324,-65312.11
50085.39,-37159.582,-52878.03
58560.273,-49357.688,-6857.4536
41723.926,-12541.88,7019.272
-13551.028,85909.68,25528.861
-62747.406,107954.95,75062.03
-18771.06,42963.086,39461.477
45840.52,35035.484,-45113.633
15355.613,56292.49,-15534.522
-52139.113,77802.664,26924.613
-66206.95,118929.42,16999.297
-78417.78,146623.23,37863.492
-66635.13,88672.36,24498.1
-39223.586,32263.184,-46585.08
-17579.719,11964.902,-11784.507
27514.34,-15135.818,55038.04
15909.945,3980.926,25450.281
-44648.83,23179.225,11118.589
-45194.625,22673.518,16782.357
-13635.42,5355.4785,20114.402
-64862.883,-47528.973,43025.75
-154371.47,-96264.836,43174.31
-143944.16,-68977.44,25116.639
-49943.832,-28580.19,38525.477
37378.414,-48185.27,33680.152
22664.613,-52415.04,-19318.848
-81088.26,-49975.75,-3213.1406
-104765.29,-88765.445,38139.797
-20818.266,-69445.43,-22355.17
18892.426,12296.0,-79405.766
10802.194,51349.492,-28448.832
84739.61,67516.086,11577.9
165378.66,85250.56,-25339.47
109182.75,102129.35,-14950.756
-16424.436,92783.375,38517.09
-47403.98,38065.54,15307.166
-14967.861,15111.895,-42184.97
-8525.911,6433.0034,-20559.02
13466.476,-13851.765,2504.6294
52933.73,44744.97,-26504.746
71032.69,86146.48,-46679.836
13672.086,66366.64,-50247.0
-55285.676,5687.1245,23981.045
-45624.17,-102759.25,57196.168
6869.426,-107458.26,-24837.928
47538.47,-58677.145,-26773.418
22154.13,-56992.63,-1022.7191
-66459.93,-52032.484,-10085.319
-145064.8,-65718.65,14804.34
-104569.12,-57500.316,-9208.703
68268.18,-38218.19,-41390.676
186306.1,-15393.223,-10462.524
105089.9,83889.375,-1671.2042
4288.7236,124424.805,-23944.049
32608.357,40489.016,-58013.62
88355.26,-45445.688,-40678.008
99989.13,-40444.42,25298.764
55611.95,27325.861,12544.273
-34544.816,54461.652,31424.773
-81114.195,6329.226,81650.266
-37915.992,-24130.531,23351.07
-3953.9512,12713.964,-11295.241
-15955.392,18392.127,58173.46
-57345.668,14813.936,75640.87
-100222.055,46936.14,678.67456
-68844.63,24996.16,146.88008
29805.633,-16306.96,39248.01
118622.24,-11677.891,-16678.104
81605.234,-7552.3804,-51234.938
-61153.754,-20971.14,18995.059
-102868.26,-66469.7,38760.887
-3048.161,-133419.8,-50439.164
33192.555,-148745.27,-82707.67
-18562.53,-95908.65,12472.281
412.57202,-66332.97,55122.94
38486.51,-64575.72,-18119.752
18290.41,-67337.67,-38894.062
-21886.883,-60049.082,816.6319
-41656.215,28345.896,7405.394
-31693.1,129345.2,-16533.691
-22734.629,167770.92,-2877.7798
11330.079,167704.5,49511.74
55237.11,163090.5,10485.423
21278.945,132132.11,-43604.58
-63181.61,81889.2,6159.91
-97552.37,62184.586,56772.082
-45094.46,40415.28,49046.22
32272.223,-21700.947,404.5007
87358.86,-84678.125,-43074.266
87049.12,-81506.62,-22558.69
17357.78,-55660.12,27306.057
-48503.77,-42212.246,5301.8745
-70040.42,-69764.86,-31513.889
-32616.139,-109143.64,1949.1962
14907.987,-53015.363,5871.257
-6592.2856,29829.182,11612.938
-43228.383,48595.42,38458.516
-19454.146,22132.246,-25190.586
24489.797,17039.518,-59173.934
46630.383,32440.678,-18575.344
34395.727,5075.266,9308.376
-9888.45,-24900.766,9828.951
-27187.74,-1417.1759,-26395.22
-7409.317,14839.069,-24220.82
31624.514,13680.205,-6096.735
48186.645,13338.863,-26135.2
-7418.2266,10372.677,-7983.366
-17436.127,35619.996,14526.207
34538.55,26193.277,-31986.84
1465.257,-7250.4746,-47603.746
-28411.023,228.7588,-13533.59
25303.15,57076.984,-10942.067
52592.766,99537.31,7001.43
19182.469,32030.38,-810.57983
-25196.902,-44849.75,-16300.239
-36280.65,-53703.293,66678.43
-24328.191,-35875.383,75986.77
-14574.532,-11414.15,-20917.531
-35783.21,-13071.607,-12297.218
-27435.047,-65099.625,30731.035
29318.754,-95791.89,4910.4404
25242.447,-49054.504,7283.409
9547.58,11943.794,35345.105
58008.625,24866.008,32183.078
127244.555,-27548.078,-437.7931
114847.08,-107684.74,-26591.75
9097.854,-140763.11,6435.631
-27442.264,-87585.914,34768.074
20474.057,12551.639,-11498.819
14327.421,96767.22,-29514.047
-36252.906,106800.39,20153.977
-66185.484,80981.15,47891.38
-61034.543,70450.84,16904.744
-37719.18,27055.816,-32888.383
-33213.105,-10334.797,-32300.79
-34943.406,2732.5352,27462.605
-27635.473,8916.833,29592.389
-38562.363,-30235.043,-30464.264
-63978.156,-63237.734,-38171.3
-68243.43,-17349.277,-25554.861
-55241.133,55368.707,2956.847
-52665.047,65027.39,39458.613
-54546.098,23523.004,-4284.233
-23870.928,11102.949,-85395.16
39215.414,30204.709,-56110.414
100638.336,11776.313,44019.18
94282.95,6313.263,27733.113
48062.85,408.10535,-59556.45
82226.65,-33666.742,-85393.03
145458.7,-4280.841,-45447.24
122273.1,12844.475,21015.11
-1805.7765,-47020.547,43925.92
-117093.41,-56589.36,10434.093
-95777.4,-2747.1248,-1298.7006
36760.656,32394.318,22140.436
121529.82,29786.498,32206.283
31862.66,-21022.98,8935.82
-141503.19,-32079.45,17237.111
-182235.3,37106.062,50199.53
-44400.32,93466.97,18089.055
91369.26,63581.746,2065.32
74574.93,-12500.127,23603.65
-44902.36,-4840.767,16550.244
-63544.234,35474.94,4870.687
56961.586,-9966.958,-727.7625
114458.06,-76089.52,-8430.269
41037.516,-93719.42,6459.2227
-49640.184,-73527.016,16780.26
-74926.0,5918.6665,-24158.56
-2503.6943,45261.055,-35338.63
63685.207,-6210.2964,1849.7285
13416.363,-11354.525,25900.41
-37755.36,11454.966,-13260.474
-27239.42,4340.8154,-46538.504
-17994.025,-25506.1,14304.284
-22177.465,-40026.562,24362.305
-31290.6,-12303.348,10091.733
-40568.027,6667.0737,45804.723
-22100.553,6435.0654,-8567.788
19779.646,10622.192,-70878.93
29072.607,918.1236,-18511.113
11941.281,-23651.355,15529.444
-31568.994,-9053.436,-12192.404
-80966.77,21153.541,2406.4958
-54180.387,27784.627,15906.028
27302.512,24277.965,-2995.191
81153.94,12630.627,-22954.938
19347.598,1212.6599,-56608.164
-102060.52,18938.354,-10460.109
-64739.41,29637.111,48567.703
59982.9,29323.264,4298.7456
61002.145,53204.27,-11908.245
30692.395,37432.926,511.24603
31265.486,51935.117,-10987.276
13236.107,93960.13,32014.314
20364.027,34810.297,46963.543
24312.588,-37859.03,18702.807
21796.271,-50065.902,21737.48
54254.97,-32416.666,-12348.105
62167.74,-22731.602,-13001.119
26185.5,-47020.336,33564.926
-14667.17,-99947.32,19850.96
-61320.598,-105304.39,-247.3773
-63774.28,-69545.81,8322.927
-5001.828,-58193.49,10126.059
23408.686,-33328.06,-14825.791
31120.562,-9836.118,-74656.516
5982.2354,15529.395,-50574.27
-40115.844,27064.465,85742.02
-3329.4446,448.30197,63142.992
21785.0,-27179.67,-74724.75
-7528.168,-42046.39,-51624.15
24118.656,-27281.336,-12737.156
61865.09,54298.453,-33018.547
52815.883,105302.22,-12413.959
26313.795,45563.82,-22074.348
-10358.735,25878.04,-24780.494
-17926.963,57886.008,13156.215
-32379.475,75735.2,7307.6646
-80111.31,53113.28,8191.971
-99986.07,-24340.994,5181.291
-52413.082,-28582.658,-33854.26
27389.314,31838.414,679.95795
72898.17,59144.402,33233.715
33399.758,35042.48,9506.6
-89618.8,-23840.113,4885.1353
-156200.83,-35529.26,-11406.359
-82257.57,-27239.04,21123.193
50642.938,-25318.637,42898.87
143927.2,29377.783,-28879.393
136002.05,78271.55,-7907.659
60259.723,70926.625,50114.13
-7273.7217,16265.746,7306.5415
-41485.203,-36070.09,-12125.257
-24469.201,-61527.3,13247.633
-5718.5664,-68808.375,20927.871
-30943.664,-40861.066,28632.918
-27014.637,-43976.742,25101.76
14293.321,-48981.043,-10153.245
51415.715,-19884.66,-32177.164
53914.484,-34924.574,7222.997
4448.6265,-52445.477,21368.684
-3740.1064,-46211.535,-44177.38
61014.336,-54609.01,-69915.07
93770.984,-24420.482,-20641.46
76607.914,35541.355,6445.148
28596.256,33545.418,-12443.456
-49271.812,-1965.4274,-9218.846
-101528.41,-7269.1006,16381.551
-81863.07,2931.6838,9491.874
-69995.67,30810.764,16897.61
-140185.69,66544.91,52553.1
-161248.1,78030.484,39838.844
-88264.55,43661.875,20105.422
-42648.965,13432.84,18891.77
-31885.81,16807.076,-8570.247
-4316.537,41845.996,-16834.287
30888.506,82825.09,3978.3567
63189.297,62673.52,13016.282
77575.06,4436.1377,-8789.654
54140.254,-57944.18,-23544.713
14633.002,-89709.73,5874.301
-4234.692,-54255.277,20530.182
-4021.2295,-50866.82,5087.879
-962.42865,-86709.67,-18829.047
4110.3423,-102735.234,-18230.424
12952.247,-68644.29,-6639.4214
13358.249,9325.98,-5215.4614
26548.973,55441.793,23792.75
62405.94,53894.19,-2051.5203
73474.29,60873.57,-72731.73
55172.0,66027.445,-37455.832
34870.36,20013.1,38835.08
8696.036,11441.6045,19088.271
-31269.043,49987.42,-30311.004
-30497.182,53640.31,10706.474
32336.715,58455.105,44947.793
77028.2,80558.914,-4571.557
46553.508,30033.822,5462.502
-2758.3,-72971.21,23326.143
-15619.387,-106999.13,-47451.27
-10949.406,-67862.99,-30048.125
30266.941,-8099.846,46666.727
36277.4,-10367.314,-10553.998
-39970.008,-86865.32,-57740.01
-86332.15,-141576.6,-9951.438
-70260.97,-49456.96,11109.228
-5185.792,87606.445,10385.768
45360.586,97326.56,-14698.575
12519.427,22287.857,-39946.805
-59229.914,-53831.92,-2372.485
-51548.324,-61321.312,44338.38
26032.332,-27852.26,33339.895
41741.934,14116.046,-30713.223
51152.93,65772.01,-35589.668
91685.23,105541.42,24829.443
81072.07,109809.21,8877.008
6566.1704,44390.543,-28195.8
-70677.0,-35567.742,-1208.5702
-103757.43,-34728.63,35437.23
-98838.16,2478.9722,46121.67
-45405.617,17294.06,26381.576
-29743.434,8684.8955,3343.928
-88464.234,-31316.826,2637.378
-125088.95,-44869.81,1570.8446
-95196.22,6378.48,-3469.534
-31328.252,42267.934,20442.166
36226.953,21431.865,42338.836
99542.46,9901.03,446.79068
84156.24,23116.545,-29572.244
7947.6206,32507.723,18085.607
1935.978,-4202.9795,8146.444
45303.164,-44573.45,-54305.438
47667.895,-59962.766,-353.7596
50316.332,-87131.01,57993.758
49393.55,-57557.516,-4208.194
-1830.3287,-6270.188,-42094.07
-42083.918,8004.4536,-2376.586
-19140.646,21451.709,26513.117
1304.8656,15591.594,5052.31
-11680.208,5143.083,-9984.213
3457.4526,-7931.5005,2744.8662
-7726.371,-9907.877,-9494.169
-27472.918,7922.2637,-6724.67
-6201.3706,9742.272,7941.616
-3803.7751,22319.521,-9759.482
-15814.732,25478.854,-10833.542
5195.011,20186.729,13165.956
68598.914,44899.094,-1100.1057
82487.63,85082.31,-31703.23
38170.066,70452.27,-8958.413
-2487.6663,-3615.845,1518.9984
1701.1455,-76057.99,-40557.6
13294.851,-81694.695,-45316.17
-23428.076,-19781.502,-4190.9883
-57705.395,29022.627,20658.62
-26189.404,39622.414,32009.3
69717.516,-9841.652,-1795.0396
76903.62,-38450.516,-57813.695
-22426.672,-70058.27,-7947.796
-62619.62,-125052.99,28777.748
14268.862,-88281.3,-22705.984
57570.31,-17440.812,-1943.3378
33186.55,34693.99,32595.373
70394.7,63740.836,-10859.331
100722.52,59947.86,-47521.414
44443.92,35698.73,18719.246
-29587.744,23948.807,90306.15
-55091.08,11610.199,32612.824
-61614.492,-8246.586,-13800.333
-66153.16,-11733.725,1839.0642
-81058.43,-19250.48,15076.069
-87890.76,-47281.32,76650.82
-38826.207,-68152.12,52119.1
3522.412,-15659.6455,-79628.51
-43761.145,20719.861,-39353.754
-76627.01,5652.24,69326.586
-13549.844,51911.27,14898.013
36475.258,94178.195,-37843.527
53473.34,42522.277,5579.255
43203.496,-12943.638,-11840.234
-12727.835,7423.036,-64496.84
-69484.26,13935.699,5150.6035
-48011.418,-7341.7,63461.195
26655.432,3352.699,6648.8657
14786.874,7606.786,-39525.484
-72490.57,7228.9727,-20755.068
-70647.125,13313.114,19300.55
15699.787,30935.383,1105.5347
71095.95,22265.303,-29298.793
62499.33,-30183.516,-10740.156
6909.8726,-32150.803,-2157.71
-6529.331,-3485.1187,6476.915
35937.332,-7201.788,-817.9745
62522.26,3787.126,-22830.248
64227.617,10751.586,14393.506
51619.055,-23074.66,1550.9814
-793.19836,-1522.1135,-34009.97
-43645.688,45451.305,27041.732
-21185.395,17333.564,33532.32
20269.766,-27832.906,-17839.81
54765.902,-37430.04,-23177.414
65015.664,-27060.816,-39.757256
18702.725,-30514.193,29593.586
-26364.703,-60617.797,780.99646
-25883.723,-67270.17,-38960.16
13821.743,-24319.63,-4105.36
66037.375,33496.676,23198.973
51731.6,70027.95,3090.113
-17406.988,38179.05,-22027.033
-54228.72,5282.2466,-17160.658
-36134.5,19066.713,35075.773
-29916.375,28397.805,38674.94
-46117.742,42881.137,-30443.87
-50202.332,30342.223,-46627.836
-38039.285,-1544.3187,4572.56
-2585.6384,9716.506,39843.62
23936.54,33968.836,20695.41
2714.3003,-8741.3955,-16820.2
-47525.08,-52603.4,-33564.86
-59321.797,-7.506421,-12723.339
-23909.646,56382.734,44324.965
-2213.6604,26886.498,50964.73
-3941.2898,-56410.938,-23569.467
-3733.1252,-73936.51,-47972.35
13402.588,12196.767,13675.085
66495.72,78307.695,36844.668
86045.33,29197.41,2379.8362
-9764.737,-54865.5,-25821.15
-88767.01,-78118.53,-19295.604
-27908.572,-29340.38,-422.97275
28375.406,22130.854,18722.072
-10489.008,-17675.197,31764.672
-37316.93,-49888.945,4685.712
1154.8525,-20858.416,-11907.47
47163.27,14938.308,10841.212
58658.73,14488.24,14571.531
43765.65,-10915.669,-1209.678
3191.7646,-6180.004,-21044.705
-32137.002,26950.99,-38992.3
-3162.8235,57730.48,15237.938
83593.1,60414.875,54727.258
104149.57,52976.37,-28968.662
-39064.125,13868.492,-35692.43
-150926.88,-55957.457,31997.6
-70892.516,-85530.52,-9261.126
25924.643,-47261.06,-26047.125
19250.6,9211.013,8423.85
-64183.01,52467.55,26448.646
-97043.05,54534.12,47023.03
-16238.677,25332.133,-6248.364
30195.645,3177.5767,-53184.996
-16119.343,6565.4297,-654.15796
-29754.916,14516.08,28524.998
27004.336,-16168.405,-11868.9795
56902.805,-47494.75,-56231.36
48925.86,-58141.11,-42901.613
16979.574,-15244.387,2202.559
7923.939,38916.805,10704.89
52510.47,29235.752,13995.254
76786.33,-14699.796,24681.45
62495.812,-39302.55,-10277.967
41492.74,-19190.367,-49471.035
22136.645,-15564.12,-5020.6113
-22025.695,-31592.242,16509.16
-54037.516,-29067.744,-19789.432
-36981.72,-15844.641,10583.768
12788.274,13910.472,27401.502
49331.047,45036.715,-17886.592
2678.3977,75373.914,-11375.547
-69345.79,64189.332,26801.426
-62831.14,-14376.638,16260.343
7306.5444,-55356.914,4134.5635
58785.848,-61875.19,6427.9644
37225.88,-29575.684,-16133.003
-31526.078,50882.97,15112.512
-46025.86,44068.863,67631.34
-4046.2632,16606.266,10649.959
40444.86,42387.465,-33045.336
37443.793,26123.363,21158.795
-45298.08,-2763.3625,32630.508
-106622.32,-1802.3654,-15050.512
-66980.836,9640.376,-15544.457
16782.473,29230.43,21866.566
48085.383,16156.597,-6487.326
-575.16406,-15920.518,-27753.266
-59276.27,-18328.312,26353.176
-33524.63,-3590.6917,12468.088
23580.809,22427.79,-30659.152
31037.834,4965.7085,8162.373
26712.809,-45703.52,-3388.5881
28971.637,-55226.938,-55552.75
26319.812,-34976.133,-14795.945
1656.992,-2350.1309,22378.502
-30949.705,-17971.916,637.97705
-35761.082,-62746.98,-16112.182
-32093.46,-46693.805,-9588.137
-30926.691,18483.758,10887.011
15442.401,57349.902,1723.0143
54728.535,15394.766,-3599.2485
18690.848,-50729.47,5040.165
-10724.233,-21772.83,-7359.2695
254.43295,37596.06,3540.2905
21096.018,18931.984,297.48654
39387.695,-15813.194,-27853.031
18736.662,-52.580215,-13343.936
-7339.8037,35969.78,14343.522
28661.992,26476.703,3360.2542
49007.742,1487.616,9810.645
-10894.571,-14932.962,41019.664
-59063.324,-10154.362,4525.418
-24138.162,33157.25,-33240.91
42499.805,72579.33,-13333.532
64010.84,66679.914,-11541.092
17902.172,9135.433,2758.1567
-46729.36,-56608.48,29071.012
-99456.4,-69570.57,630.4867
-102226.875,-11858.712,8462.2295
-937.3356,40931.58,57944.086
56709.406,20519.783,8588.152
-16674.854,-48097.18,-47001.156
-59156.156,-92101.13,-9420.476
-17157.84,-56946.535,26265.164
16907.857,24001.516,5787.8574
24512.562,42805.28,-39755.195
19837.85,18325.885,-24800.943
30135.193,1902.0159,14275.953
74061.18,-19356.982,-22078.455
50778.03,9046.026,-43097.195
-29575.344,25007.709,14909.745
-48701.258,12149.324,40199.58
-20096.244,31183.99,6845.6753
-4507.937,15418.069,-12784.002
-426.6309,-24693.184,-11548.045
17549.434,-29705.775,875.55005
14138.358,-26197.988,1219.6179
-31091.77,4371.663,-12420.048
-39988.89,50382.938,17179.59
22374.018,54411.58,10061.798
58907.664,58766.5,-52193.832
44728.137,38861.023,2329.2988
28766.277,-5769.9746,58042.523
10538.79,-31677.684,-26192.457
15735.19,-47477.266,-55215.734
59403.055,-38199.707,21197.105
57163.098,-6699.825,45065.133
-2553.946,22890.973,-8145.9326
-23909.436,3841.837,-12242.766
-10914.98,-14677.097,44235.12
7889.687,-4853.7173,15073.042
1452.283,-4434.298,-50724.734
-42511.457,-1653.0427,14088.178
-49841.566,4977.5513,38628.094
-30786.45,25687.523,-41106.344
-25710.652,-3996.6042,-5358.87
-11321.594,-56757.625,26249.799
-5000.103,-53713.68,-9722.371
-38820.2,-40612.69,22856.166
-83038.12,-13657.062,34528.668
-46552.473,14965.914,-2881.628
52826.51,13441.405,-9832.445
75907.66,8456.244,677.4152
-11832.065,24559.883,621.7806
-63811.133,21269.273,9017.13
9102.775,-17941.62,8124.823
42237.383,-21625.98,-36802.367
-32391.996,9022.848,-32317.309
-75903.82,-260.3946,26773.723
-32044.262,-17660.293,11200.718
21439.883,1177.5637,-29060.379
39775.523,7571.1787,6258.4194
30387.988,2174.0293,42379.793
5079.6323,-1724.3304,-2291.2373
-18079.139,822.4994,-46293.965
-33929.637,1306.2065,-10779.071
-9702.224,-15246.038,17460.385
46513.11,-14480.647,-16169.773
54341.63,3226.7473,-16869.295
6400.8384,25989.945,9680.349
4327.0454,67083.18,-9689.706
22636.781,78607.85,4747.3975
-10090.4,45909.945,29746.932
-32364.367,6866.786,-14726.498
-4018.1013,-16930.14,-30953.773
30483.152,-3617.0474,-4648.7446
82886.93,22104.188,-3007.0935
108717.05,54597.438,1379.5056
23748.475,33619.504,8114.8394
-80321.53,-36611.945,-7897.7705
-83492.414,-50056.58,-4836.9707
-9024.704,-45194.61,20540.889
25364.875,-40429.758,6444.584
616.43274,-48677.203,-13267.512
-27920.607,-58313.688,9937.699
8042.814,-5731.7607,-9947.275
82793.72,22048.65,-49241.97
58208.79,-5197.881,-2700.168
-15327.153,-32251.285,39283.58
-29764.154,-41784.125,1192.6263
-25245.883,-16217.993,-29918.697
-7877.239,25658.217,413.96524
28522.877,40888.605,24038.363
39145.25,27874.312,10848.403
-3220.186,-9237.42,1509.9656
-96441.08,-48738.035,6785.1694
-151491.3,-33029.38,32006.922
-88714.984,-19911.08,39844.07
13058.775,-19557.756,-4776.771
42874.91,11702.1,-33551.85
26124.938,31110.07,8838.297
48933.19,52438.668,25177.111
96415.71,34886.22,-25689.664
68866.164,-40168.113,-33737.76
-27452.598,-42168.305,2533.8293
-63984.77,2052.311,1567.3419
-16671.932,21121.264,-3521.5974
37390.08,37359.65,27734.182
36977.535,24699.871,27119.738
-6759.1914,33268.64,-15420.375
-38908.754,69751.164,7648.6836
-33635.652,61872.707,42946.555
-52057.688,18840.455,-18795.18
-104008.734,-25673.96,-39298.312
-64410.16,-43338.27,8069.2393
33177.31,-21261.51,-1924.4828
51128.035,18306.766,385.7409
23018.861,32015.977,31765.133
25353.988,-2169.868,-235.31406
13022.18,-34693.027,-33298.758
-9981.81,-43321.62,4636.546
-30514.848,-43391.707,27467.275
-33819.32,983.38525,3120.9434
21737.389,21053.732,-12864.985
65985.664,7930.5435,-52248.242
84811.3,21011.916,-54727.14
71664.76,23871.172,-2925.756
-15313.263,29795.76,21705.178
-110851.71,-1775.7833,44241.22
-89330.91,-39443.805,-1946.0204
35356.23,-29432.01,-40626.973
80936.94,-45951.79,9994.561
19806.193,-33598.85,-749.48926
-42256.363,6920.0894,4494.228
-45250.805,-15485.467,33658.12
10077.247,-34458.727,-26282.363
47380.8,-15363.906,-22319.447
35199.145,-3076.4443,31260.957
17979.428,-12889.648,15760.417
34307.535,-17008.117,-4293.051
74855.266,3802.7778,-16614.98
74698.68,33114.156,-22626.852
26397.482,54119.83,-24359.44
-11932.488,34451.906,-5794.3945
-44140.055,-19288.258,35352.516
-64364.66,-40708.445,29007.098
-30693.867,-8124.1523,-3754.8525
4596.82,11877.259,-2660.6943
-36000.957,33029.125,38733.89
-49612.867,59907.85,43126.53
16406.672,45113.85,-24831.568
26330.906,18291.785,-41469.727
-26524.078,-10666.05,11280.744
-30693.322,14051.103,37666.855
42364.105,58173.516,-2010.9817
87494.01,14521.225,-57316.64
33668.203,-43912.945,-21939.684
-65455.562,-66684.875,28461.225
-127452.09,-44359.727,12236.847
-89375.01,-17515.328,15208.29
-27821.156,-26297.963,17837.752
-36892.457,-4820.0347,-4163.9214
-34328.566,5324.8857,-22256.125
411.36624,-2608.4043,-40536.87
28768.35,-31270.32,-2512.5867
55823.19,-71882.99,33304.06
47695.496,-38529.67,-5571.9673
25332.127,9366.409,-39844.434
22388.33,49498.035,-26805.717
45483.426,78820.836,20294.844
56027.76,58702.86,40339.863
21637.781,12759.226,5317.7812
-27673.137,1017.0304,-24101.717
-44622.28,17152.762,-7102.856
-38847.445,132.65631,24719.686
-65259.46,-35079.664,22913.455
-76678.164,-63700.004,-6250.1577
-16665.27,-50559.72,-25122.111
48319.773,4413.1387,-10957.853
69619.1,51458.797,19732.537
61416.41,43495.766,30007.846
2254.6035,21913.7,-16278.286
-25926.488,28925.176,-59103.598
20898.104,30043.828,-13387.131
29797.537,16705.15,51822.344
616.96436,-16598.326,49242.934
11496.54,-39632.44,-11924.095
35304.48,-22302.951,-31714.926
12882.218,16441.873,3020.1716
-20953.682,43966.81,16626.168
-53159.402,10617.444,28011.146
-81599.54,-54058.914,-547.8684
-40811.496,-69056.92,-41948.69
33796.91,-29476.648,-6969.19
46933.785,20425.559,13911.108
15006.866,17206.86,2215.7114
8281.325,-14968.479,-4377.9595
-2302.5007,-5442.9097,-39214.445
-27533.664,34672.445,-20079.445
-9543.484,54756.555,43154.01
-828.6652,21501.695,38993.906
-32517.02,-3768.4883,-6774.7334
838.0343,18175.67,-29835.844
82841.234,5374.5947,-11026.13
64133.906,-39326.83,6199.972
7020.918,-58564.293,6650.2734
-123.13519,-14745.001,-3023.1782
6803.5566,45510.285,-21284.463
22740.537,31334.705,-2407.5293
-5732.558,-28160.918,37749.613
-68737.695,-63842.234,6206.163
-64386.164,-43005.406,-31229.5
24909.068,-8808.502,14953.432
75740.766,21506.922,7505.6636
43741.55,18111.041,-32715.787
-10451.067,-12373.401,-4478.193
-49410.312,-8075.01,29796.396
-39657.15,18469.645,19785.31
-8359.894,35685.38,-14960.992
16535.266,16161.856,-5826.6685
-1798.2346,-3922.9888,-499.11368
-33533.914,20611.373,-6005.5474
-31724.479,16415.9,18905.467
-16515.973,-21282.588,20848.283
9870.367,-9151.547,-6391.5713
4391.7305,-4258.147,-9398.239
-1706.8243,-14933.938,34255.1
37042.68,-5146.0015,18420.41
54522.62,12700.046,-41099.67
26603.25,-5147.7466,-14494.579
-24095.668,-37744.93,15700.631
-57110.043,-20396.281,-9278.157
-45544.805,7674.993,-6664.1377
437.03137,52185.03,12389.861
46217.527,55383.02,-7179.301
38894.684,20325.436,-46846.098
2331.7795,12290.236,-19763.26
-13586.548,-1889.0132,48947.906
-20273.133,8804.497,29523.479
-46401.53,9404.54,-4621.98
-77407.58,-50169.414,13284.004
-62336.223,-64969.07,-4095.8755
-6030.5513,-5004.6343,-23718.967
18513.99,13641.396,2741.24
16999.03,1084.8186,17371.107
32311.12,-2015.6128,10616.441
47293.05,-24661.47,-11111.706
52530.277,-37509.047,-46218.434
55471.99,-7878.605,-29347.68
52808.117,33972.723,34030.656
13441.688,23049.166,47751.05
-13517.519,-5769.5103,-17042.314
-19917.1,-16613.17,-36992.402
-25105.867,-18544.33,19567.408
8876.867,21893.062,29151.342
33404.504,66531.46,-5347.033
11564.379,21693.201,-12471.6
-24232.986,-56816.15,7158.8643
5683.306,-43511.777,-6904.2437
20655.865,10670.226,-11613.72
-67883.37,19454.795,35908.953
-94888.734,146.5574,15411.577
17292.404,-2233.8867,-27605.443
83173.16,2273.2307,4084.56
35197.125,3230.1238,23747.938
-2707.7913,811.893,-2246.9817
-10494.08,-10964.799,-36913.25
-10681.701,-2661.0754,-39129.043
10445.503,38392.758,918.2168
29938.314,49480.375,41535.613
3527.0073,-460.62378,11283.715
-9571.157,-24504.627,-52897.65
-2246.6033,-16485.172,-18938.115
-30224.113,658.91205,30051.27
-32043.91,-7481.6313,15133.197
-4799.2285,-17484.396,10066.0625
-12699.707,11520.531,1079.4987
-42307.05,12012.314,716.32227
-28161.082,8829.24,13420.53
3667.348,9242.306,-11806.646
-25118.389,19012.688,-28858.852
-46014.117,53025.117,16944.707
16248.601,40748.32,47128.848
63690.85,-14032.645,-16679.768
37013.355,-55501.973,-52073.492
-6197.4995,-46019.336,5037.3438
-16627.348,16821.99,30142.682
22421.95,46186.906,-9036.765
24787.062,-2989.2869,-23916.734
-18564.166,-46246.65,17016.385
15829.367,-18714.572,9930.677
88499.11,32270.514,-25905.97
24020.072,23630.148,18560.355
-99517.79,-56357.49,40024.355
-59649.824,-79522.97,-11756.649
47149.69,-10776.483,-36084.285
46657.242,15330.982,-1356.8701
-32081.271,-10542.677,31605.246
-60558.086,-21763.166,6157.454
-12786.436,4386.785,-37034.02
28114.166,39206.79,-28145.596
39250.016,24893.814,25684.014
15632.401,1741.0254,35265.676
-17560.11,6603.87,-13471.762
-523.5302,1292.9598,-32242.312
37755.51,17311.656,-1318.6357
38856.934,49082.38,22599.596
19223.125,26156.904,6872.8354
-16424.637,-21702.379,-7987.6426
-61467.836,-24108.527,8014.867
-61463.605,-10536.215,8286.721
-11138.813,-12730.781,-8135.511
16838.277,-5200.977,1743.7429
7635.3325,-11386.134,9161.697
12648.9375,-2589.9727,-10667.681
57142.164,15872.921,-27785.57
66109.984,-27673.607,-1290.1108
-22664.879,-54375.418,39309.098
-101256.16,-15840.375,28577.098
-65650.195,18912.586,-13871.625
28657.924,23714.045,-19496.12
81714.984,7633.4307,5969.736
53487.473,24895.11,7371.2026
-9881.17,68891.08,-4309.9287
-21660.191,66670.62,-4118.419
-4919.2817,25289.158,3412.8982
-12161.994,-9568.798,7801.4097
-237.93231,-33026.113,-4427.4634
46236.47,-33509.598,-20696.467
54717.68,-8475.976,-26148.955
21275.676,3577.8074,-20073.863
-28738.426,-18275.307,21322.656
-71116.84,-57279.72,52440.945
-47045.516,-63626.16,6123.3286
-1693.7136,-32871.207,-34165.57
-21304.637,7807.971,-1548.868
-65865.805,17876.709,25433.508
-49613.98,8537.691,2800.0532
30696.334,24819.469,6303.5537
101862.66,44235.266,24411.967
73279.42,37168.625,-33930.15
-26893.525,7485.614,-46107.523
-77399.59,1999.8518,14827.117
-16722.33,37560.223,-11656.12
88139.8,67514.72,-35139.773
101073.33,45442.89,16155.121
-6491.226,11588.681,30883.646
-122104.71,-5974.0176,-143.90819
-131506.28,-12407.121,5375.1978
-58060.777,-6383.894,60746.27
4992.812,-34846.535,31361.17
6534.8306,-56266.695,-60835.477
-34979.047,-17806.828,-22065.623
-25048.738,30597.24,45938.96
26682.186,51150.754,123.18335
35747.996,40895.5,-15693.707
23455.771,-9112.553,16024.365
13100.07,-47357.793,-9252.949
17052.258,-44453.62,-32163.838
32289.074,-46357.367,-17239.074
26737.031,-37022.96,-4572.833
31538.562,-14156.689,20279.805
55300.473,-12064.286,40861.27
41261.152,-233.73138,-3426.2534
20633.441,2887.1074,-44070.508
20923.824,-23825.494,-11227.695
-21144.28,-27271.043,21523.777
-58519.387,-10590.54,13070.081
-42940.113,18364.262,-13624.811
-4314.029,38386.17,-7940.2207
20871.553,36044.645,20157.541
19591.951,31696.572,-1714.5098
28239.238,7480.4663,-23083.623
43016.0,-44401.3,-7677.531
3991.6816,-55189.246,-6162.5146
-30342.182,-22395.555,8357.332
12208.261,-49713.754,23812.332
25461.992,-56987.477,-10395.78
-31.145205,-5285.735,-18060.316
-12220.8125,16940.824,6878.0137
-7264.4756,62561.293,-2492.2117
27767.809,116046.12,2544.2922
41703.848,103823.36,30826.787
-23706.031,44877.83,13830.217
-99536.31,-35548.01,-25580.834
-84086.9,-73767.195,-15025.702
-23138.97,-37136.617,24876.572
12632.109,7607.809,25791.533
30757.094,28466.197,5699.5107
20724.264,17520.863,-2607.9277
-20987.828,16236.003,-16169.499
-20728.557,52486.125,-963.7956
-12507.263,68929.66,21300.451
-34143.957,8481.986,-7175.9497
-26587.658,-72734.01,-14169.99
7467.135,-43719.676,5019.1733
34677.14,28171.34,-2284.373
24170.252,23231.418,4932.648
-50.91404,-11019.047,19706.016
-29085.873,-38589.68,2663.3652
-58688.055,-49474.168,-17979.564
-29402.844,-14055.244,-10634.738
18392.127,3317.955,26348.217
3557.0088,6813.0747,29041.43
-14184.139,33718.855,-19604.271
24130.379,12203.528,-17787.283
57916.395,-32392.91,-5484.6284
45852.242,-63485.48,-31883.08
17826.5,-63695.945,-16124.113
10348.201,6858.032,18651.496
34978.38,69169.98,1933.8395
46569.414,67579.766,-3547.9414
1154.7467,1000.4209,27230.338
-64922.977,-69538.4,13047.003
-82589.88,-48351.555,-15306.149
-10082.652,29185.395,-9667.269
86726.0,63308.152,238.29338
99971.44,36243.97,1059.6959
45222.56,-14740.523,-13442.823
-8069.0693,-50396.17,-20270.22
-15160.891,-42961.64,-12534.263
24502.473,-18893.812,-4528.103
46334.99,9675.451,18281.912
26144.281,16941.34,-3404.9473
1350.681,25468.01,-26569.613
-23679.656,44203.32,29468.447
-67937.36,21659.393,50016.543
-81627.195,-42871.133,-1085.3789
-61624.29,-70754.59,-34788.496
-49109.594,-14037.676,14394.994
4709.8594,22868.234,45914.54
58789.227,14223.065,-20880.828
2661.8196,11354.965,-17295.666
-45393.63,192.80232,21000.03
14621.165,14656.746,-15887.638
36567.125,73638.65,2071.5938
3850.1956,62334.383,42934.215
-14495.438,-12887.963,8137.65
-8806.292,-57050.22,-21405.432
9332.23,-43210.465,-24122.256
18110.275,5721.039,-19668.912
18875.312,10964.044,191.42464
-24210.832,-1465.1902,10954.085
-69864.93,-12689.071,8233.417
-59081.035,-36905.184,-9820.084
-6213.9277,-15265.028,-15367.032
42316.098,32267.393,8037.058
43490.473,39979.723,10449.948
-1720.0238,21154.768,-2294.0698
-28033.512,-5309.811,51.259365
6281.3516,-19000.125,-20462.617
36420.1,8340.322,-13889.3955
27844.193,43337.18,58228.35
6638.3096,29490.342,34582.086
-20865.396,-19958.547,-48653.36
-26353.934,-75302.664,-25706.092
15296.38,-76194.29,12452.677
51160.652,1825.7335,-629.79926
21823.654,47730.55,-273.62076
-42500.863,38398.582,19054.213
-45261.297,-223.32042,-2077.7878
22698.715,-17841.432,-50795.645
58106.82,3417.6086,-21527.945
28288.607,-8637.556,32412.025
4195.5747,-30528.777,18012.498
17839.22,-23198.512,-4443.971
37617.645,2493.7014,-20108.365
16496.379,16152.605,-11374.16
-39968.293,36182.582,18989.111
-49455.36,44135.35,28088.822
8608.826,8386.142,-1338.1997
17709.611,-6765.4097,-37703.016
-56508.414,-2402.124,968.9424
-102094.21,-4922.345,25551.525
-51903.3,-24474.13,11684.44
33084.86,-33050.402,12396.372
55933.305,-18910.441,-12988.887
3599.9155,3637.404,49.08035
-57594.72,32269.658,31459.8
-41047.414,20701.07,7956.5234
18412.889,12492.795,-16677.639
59643.387,10222.183,-14425.804
76997.0,-1812.6064,-12907.756
43841.367,9853.412,-18575.434
934.1318,-3758.4531,-12187.807
-510.75873,-9493.663,13970.002
45871.17,17604.389,2572.6367
46938.344,22602.861,-42498.582
-57240.824,17780.342,-1193.5304
-125441.016,-3523.3665,52434.727
-77950.234,-49337.926,-1214.2141
7766.2026,-66786.36,-21998.621
47446.605,-18242.219,18973.809
4438.4785,50311.61,10150.077
-62349.656,49508.93,-3173.6392
-47474.7,-10144.895,7265.272
27137.025,-43665.227,1725.1498
51090.695,-17626.275,-19895.371
14693.921,21006.012,-10734.069
-22919.234,36699.645,33583.74
-32670.582,33021.35,15676.738
3813.7954,1552.7355,-39580.777
40401.477,-28052.863,-7937.844
48084.973,-26992.277,32655.902
34167.055,-15347.567,-19940.91
2344.602,-4617.4697,-36258.79
2769.3762,9490.168,-1548.0725
50475.656,22238.062,-16760.654
64871.555,27284.959,-19126.896
-8665.141,20259.307,27864.443
-70834.695,-12313.266,54363.465
-46978.625,-29967.682,-3120.693
11539.717,-40515.09,-30858.773
13569.056,-47198.61,16083.8125
-31714.918,-19563.916,21617.596
-47409.703,-3253.8975,3002.863
-46333.484,23513.873,-17872.602
-14695.015,37488.465,-20533.879
49751.434,29854.643,-6523.3066
74972.21,11280.729,3537.337
17968.09,-12261.115,4261.9253
-39535.723,-5460.7705,-20143.154
-7926.548,-7611.528,-11025.181
34499.96,-13338.45,1210.8472
41887.57,-25963.023,-8308.648
4377.7754,-29472.627,6571.85
-56063.223,2609.7168,27266.568
-48917.316,42419.703,14547.597
-399.37122,61394.598,-23883.76
18467.836,29892.668,-5334.5327
7190.162,-33329.39,13927.392
-6379.122,-38991.98,-26011.557
-16410.742,21105.77,-1637.7988
-9973.475,35400.19,36146.195
12289.201,13039.031,-18717.4
14339.233,3522.317,-28021.271
-1180.7701,-21636.768,22816.525
-21985.422,-27022.021,16794.309
-15680.449,-393.64554,-7105.3384
9324.923,12371.71,-12355.443
4525.4956,-12313.409,4116.0786
8598.315,-43264.793,11518.249
33623.844,-15404.1875,-10485.017
22787.201,20714.24,-10882.502
-25.420347,27770.354,-4265.3735
5117.5654,32510.967,22127.455
-13625.585,10023.152,30338.076
-48107.19,-3404.6636,-26091.234
-7879.7295,-3189.0662,-13064.234
55366.76,-12470.883,35793.77
27192.28,207.19342,-16750.158
-61822.02,-9906.508,-37346.812
-88370.98,-43308.383,48193.008
4598.661,-48843.625,34772.098
67326.78,-26090.568,-66769.0
16351.13,-10384.783,-16034.971
-41160.156,-23057.07,67265.24
-24209.93,3429.2598,-5547.037
39638.004,44231.574,-54325.62
54681.742,30282.844,-2753.666
9320.861,2895.36,28929.982
-19831.385,-19501.459,7683.297
-12508.321,-34111.58,-14711.727
-951.02435,-19007.479,-4087.6763
33312.824,1629.9277,-27050.15
38511.395,25031.469,-33404.047
-11222.27,55064.406,22052.787
-29089.414,41341.15,27658.246
-21286.143,24933.916,5214.8213
-11153.512,35244.07,-331.1249
12567.303,5916.4897,-23580.492
7808.8105,-42265.01,-10539.673
-7891.26,-57285.016,23270.934
11410.501,-26502.682,-938.7981
24812.436,-6320.119,-13973.088
822.5035,-11639.64,-5087.9507
-34301.01,8151.4736,844.19055
-48523.934,28830.494,19164.959
-32521.63,51619.113,11471.119
13488.387,31652.193,7151.0166
49164.0,-32784.8,2780.5012
45709.383,-40748.7,-29673.645
18563.5,6927.038,-14112.941
-12002.007,30483.19,21722.676
-31838.94,-11192.278,-6338.216
-29230.77,-34074.93,-29322.947
31483.014,-12201.887,6890.812
86731.266,12503.104,23647.846
38334.438,33258.17,724.30347
-43433.125,9601.567,1737.9391
-72227.83,-54033.516,8542.652
-42307.47,-80168.516,-9695.502
-5253.9917,-37741.387,-10238.6875
-26457.123,7774.9536,21541.465
-56617.184,28341.076,29535.857
-6641.443,42657.008,-7771.522
72419.99,40288.24,-22159.791
54342.33,22141.758,10971.147
-3137.4697,1080.6654,18004.52
-10809.553,-27251.07,-14785.836
-15317.764,-42508.41,-31597.277
-4293.771,-51929.74,3262.674
52642.613,-38917.812,32697.014
68187.47,26399.836,-2323.3308
-3316.3765,61037.53,-22347.277
-36750.203,62154.938,9526.909
9405.462,35283.504,20200.713
26016.346,-23509.594,-10110.079
-16350.209,-51996.582,-27123.826
-61558.742,-36339.11,-1441.493
-53294.34,-7080.333,17598.553
10498.579,6760.4263,-810.8222
56211.36,10896.554,-3016.405
24738.64,4170.1504,15544.062
-29275.055,6415.7485,1906.8087
-21857.975,9226.919,-15279.494
5626.6587,3156.1018,-448.19772
1575.1863,-30219.152,3283.6157
-13771.455,-63715.97,-6056.4004
-20877.871,-28945.123,1331.7437
4706.1113,26076.775,3465.6782
41610.727,33126.15,-14819.505
25511.303,6864.9575,-832.9859
-28163.725,1976.7203,25878.36
-58368.844,4839.264,-1278.339
-22967.977,5728.745,-33607.664
28755.223,23861.5,-5115.746
19540.701,48750.535,35998.49
-5717.772,47386.027,25665.979
-27418.938,26456.941,6786.946
-16447.648,17704.08,-16151.052
16413.9,19322.572,-20269.45
22570.37,22241.188,21109.379
-7045.8022,-17517.014,20657.365
-62933.285,-52368.043,-25552.918
-37824.953,-28984.027,-22176.412
57795.62,-1907.1482,21307.5
83351.266,5734.5547,13756.612
20815.553,-28698.523,-10927.614
-34920.156,-52990.926,7576.8745
-29581.979,-14175.564,14824.787
36854.12,24823.418,-8831.472
80194.28,25221.615,-6113.3926
22084.195,36.966465,14563.129
-60088.98,-2444.6584,8021.1772
-38648.906,31384.322,-7744.355
33602.37,41538.36,481.87775
22104.016,-800.01965,-2131.4202
-41433.098,-57912.973,-19401.738
-79537.36,-59914.73,17244.125
-50148.47,-17195.014,14258.902
27638.252,6607.69,-48420.51
79329.266,10210.169,-20312.107
61644.855,-8645.766,21384.986
-1088.2114,-15518.504,-8945.069
-24910.023,4243.807,-20016.605
7366.9517,7641.4336,11537.791
24566.84,1719.3955,21459.857
14794.138,8245.985,3948.2188
4916.2544,21771.559,-273.65268
-25383.46,28144.178,693.4859
-37444.777,13456.796,6713.648
1199.1051,-27579.805,20557.814
1240.4872,-34126.793,7910.9893
-52521.703,-2403.664,-19093.686
-44974.973,4130.7227,-16583.79
30579.607,-902.24567,9814.775
65431.2,-18969.025,17390.31
23516.973,-33750.58,-6367.008
-25891.123,-9191.139,2768.5452
-27616.77,14206.975,20321.16
-4678.6484,24640.568,-26041.613
24331.965,13494.602,-27760.102
25312.602,-12726.666,26648.334
-8356.999,10865.183,10611.086
-22432.59,48123.895,-15175.179
-10658.401,46916.332,13290.175
20728.889,28079.047,3586.8474
49037.254,20711.002,-37595.6
22383.291,28791.074,-8893.037
-40394.184,3803.2063,28660.016
-70319.64,-34400.39,3049.345
-24754.154,-26377.156,-9046.953
56587.613,8615.385,-10800.671
62534.14,39724.973,-19399.566
-2775.316,30445.693,17116.564
-32228.668,939.06354,22592.344
-17864.922,-14168.511,-27410.555
-3907.5664,-30793.328,-19332.322
-2847.5444,-40491.965,30997.795
-21916.352,-43466.89,29410.562
-44963.77,-37639.363,-18445.139
-54809.46,-18906.06,-19667.686
-17957.375,14217.411,32416.625
67811.16,26485.844,16501.926
89881.76,13238.628,-22414.25
6064.859,-5139.6807,1924.8656
-64520.31,-32249.174,-1304.158
-44186.668,-24568.6,-15005.425
25881.244,10197.311,13298.909
81485.7,19109.998,6958.698
42132.78,28182.066,-19525.484
-44132.83,48097.91,4516.4204
-48281.0,25634.662,21813.018
-2258.2427,1533.7269,-7804.961
7012.621,-4574.6543,-16323.662
-17960.479,-12870.087,12819.484
-12926.373,-8998.118,25722.398
28308.965,-21151.66,-14371.636
18267.635,-23938.766,-48843.12
-47406.75,-10602.576,-3176.561
-32657.223,-4790.063,41054.23
34241.348,19097.137,20456.936
34596.242,15059.008,-11814.135
-9498.016,-48840.707,-31705.342
-58069.516,-78479.42,-11725.296
-35657.16,-29911.533,35216.297
65835.836,34339.113,9101.065
100888.14,71881.69,-32221.812
45629.14,51350.215,5577.89
1740.9349,-2478.1628,11022.299
-5622.756,-13818.868,-30794.174
17019.402,-7832.4937,-10255.034
40209.293,4126.4033,15947.163
26943.834,23043.902,-1137.3312
-19517.734,8379.948,1059.5072
-73008.79,-8478.565,20110.516
-82273.87,-5666.7524,12991.674
-40185.97,9190.298,-6968.467
-3017.3696,9000.731,15795.46
-16392.588,-10341.23,20407.969
-32598.83,-8574.098,-19730.732
-5808.531,10862.816,-4145.8257
30900.56,19379.795,4984.487
45697.188,6787.3687,-33807.895
17496.518,-11008.0625,-10231.648
-13284.355,-2276.7317,6062.092
14980.017,28087.979,-30921.754
64197.67,29685.613,-2781.0056
55762.473,-5139.56,41922.297
-13988.988,-44877.117,8210.378
-76649.734,-38482.887,-31702.047
-59549.12,-9482.393,-2645.846
12916.384,-8871.307,14990.197
64038.754,3942.349,-15919.977
44214.23,19872.38,-3718.1555
-37493.746,21078.924,17493.066
-87920.586,20180.229,-1580.6819
-54766.49,13784.457,-2992.0337
1076.1921,2559.921,19883.26
9609.362,-26983.932,22874.785
-6791.887,-36064.438,-4305.8623
-5079.4443,462.30777,-8903.251
19591.389,23051.34,9318.24
29503.627,25078.34,-5922.465
-11516.269,22890.262,-13181.289
-44401.785,-12143.054,13180.379
-5391.12,-24465.88,4109.63
55019.89,12842.9795,-23493.46
49316.234,29945.85,-9515.69
-4414.611,17927.61,10000.404
-24387.174,-7028.142,2327.1064
125.88293,-27728.926,-5700.7725
-1370.0364,-28342.14,77.21315
-31619.162,-4827.719,25738.91
-3106.9429,15653.824,34751.445
36812.867,19063.945,-4884.8467
11782.086,11724.883,-22720.107
-8801.882,-6150.571,-1281.8309
-4035.5554,-15398.892,2580.3533
-17090.459,-25402.06,-13945.094
-35475.26,-19441.469,-23048.057
-28021.094,15185.908,-719.7961
23273.494,30725.799,3269.2173
53261.43,8502.648,-32012.777
11577.845,-5072.2446,-6633.3794
-34181.3,-22777.74,30717.918
-19280.455,-26081.705,453.25046
37048.938,9662.878,3669.8232
53902.83,13902.725,30060.479
-384.38574,8318.874,6363.5996
-38059.52,-964.0351,-13988.957
10640.414,-6469.998,-24648.828
64188.5,-4908.431,-23704.148
40221.836,-25117.77,10197.889
-10386.922,-26612.525,23256.127
-13020.607,-17936.992,-4464.9956
-14056.834,-20938.545,-28448.863
-43111.047,-13195.1455,15117.084
-43104.63,3125.8984,38216.93
-5089.1655,15565.097,-23872.893
31675.314,17524.04,-21567.412
25121.344,5320.8604,31819.074
-4335.5986,23406.47,17604.867
-10666.638,54645.43,-7398.6177
6073.266,38867.16,4576.0303
22392.688,10200.543,-5300.455
11144.605,-19132.244,-17062.754
4247.0674,-40708.49,13102.799
12961.855,-20278.027,18564.695
-10994.803,14643.032,-23235.68
-40415.23,18850.736,-21888.65
-22866.713,-17080.217,19249.31
6914.894,-51708.613,6067.8477
-15377.608,-57043.195,-15437.7
-43997.992,-21010.252,13431.361
-6682.2812,33688.027,18536.49
46745.273,59878.684,-20026.857
13941.678,39019.258,-14106.358
-54931.777,6500.6016,26525.33
-45203.785,6182.1855,11702.588
4989.1973,29532.373,-16675.404
24567.016,32573.053,-5241.172
10449.343,5204.7686,2807.6555
11404.814,7960.631,4531.415
27840.8,19297.227,-5157.2773
12377.686,10805.702,-33686.797
-26637.346,-13085.743,-7467.4736
-23863.525,-34203.934,21354.121
28162.424,-23992.955,-8654.919
44614.816,-5550.151,2688.507
3427.1182,3771.2756,34534.01
-33702.234,-19725.64,5667.882
-42974.137,-51572.418,-39547.586
-34164.02,-42135.676,-14163.07
17298.203,-502.67072,44069.88
56152.13,37131.363,14671.691
29673.504,38850.504,-31969.576
-9255.304,1167.366,-2433.063
-15827.243,-12070.083,12169.891
6692.709,3719.4836,4053.4707
27941.508,-2456.6296,17115.11
33330.797,-20975.734,4194.8403
10315.448,-23764.428,-19345.303
-19013.637,12330.144,-22664.643
-9322.94,38088.473,4441.7075
14499.586,8879.042,32651.113
-4606.4956,-19687.521,2962.026
-36596.684,-6776.8066,-21467.05
-24122.566,15259.853,-1315.716
14812.671,23154.771,17385.447
22293.51,-2346.1152,15988.05
-15024.488,-31365.885,-10305.781
-27686.65,-31774.117,-26492.91
4187.5586,-21153.012,-81.60406
33774.78,-6218.6016,19170.809
32702.416,-16782.203,-7994.4233
7334.4805,-27871.47,-25349.354
-13532.073,-19329.307,14142.005
-19722.629,10773.166,18599.252
-19160.098,50552.04,-16711.275
-13233.916,41419.8,2812.1875
4818.321,26380.355,12767.313
19438.268,21147.846,-5391.028
-2113.1636,-2422.7734,-7241.533
-32503.29,-16565.357,-5130.1934
-16758.93,-17732.135,-14714.093
-4033.2852,-11736.938,-2437.5388
-2464.0544,-4942.3623,49902.043
28993.592,-155.7951,29342.006
35839.56,10809.696,-38299.492
-13583.775,23194.07,-13837.302
-36271.918,11030.014,15570.6455
-2567.2776,-270.2568,-10994.373
35054.69,-12908.113,-5531.7124
40657.523,-34619.566,4529.7705
-5020.736,-14743.852,-4044.4785
-22459.275,1706.57,11820.975
13414.63,-766.8072,5174.422
31142.93,12965.919,-16013.049
17385.25,14102.247,6715.047
-2961.7986,13890.414,11392.16
-15785.646,4497.0405,-14525.013
-34251.42,-6465.969,-4871.055
-46270.49,10541.848,34228.125
-13129.372,21873.072,33033.742
36368.527,15457.38,-22783.176
30014.154,8611.078,-33329.42
-14034.32,22.900665,-877.8166
-32446.545,-5241.3877,-10944.232
-12166.95,19785.299,-16491.867
17403.396,31244.424,6273.442
15892.048,14051.201,6686.881
-9645.896,3273.9312,-8006.0293
-14288.457,-8883.281,-2922.483
9457.504,-29540.018,1761.7156
27588.008,-32561.379,-7081.0693
32659.875,-17590.854,9691.432
6292.8687,-25614.287,21008.098
-65639.94,-32805.19,-2816.359
-92008.55,-13431.964,10512.825
-15504.396,12317.601,23529.535
61384.355,27050.814,-12713.983
67022.63,8461.985,-10684.6455
39312.645,-22328.143,-11181.029
11078.558,-3663.889,-43988.902
1176.3394,26164.686,-12240.333
7954.941,19171.797,42537.17
2599.7656,-4686.5596,27779.734
-17864.479,-30511.602,-19637.68
-33976.18,-22533.03,-6000.136
-25575.387,453.5373,36844.414
7270.26,10955.413,3955.0874
26876.941,14083.157,-31176.793
9482.608,-2643.138,1562.8921
-24494.6,-2783.9756,16287.782
-51521.758,7784.973,-1158.1265
-54989.75,-14414.639,6126.3315
-18009.719,-30960.607,12487.164
42036.844,-17502.113,-7372.0366
58490.977,2853.224,-3105.5898
22316.025,10092.297,6521.2246
1120.4445,21036.812,-17078.39
5354.4272,26319.963,-6419.0825
-1263.7184,8642.61,23554.074
-25878.201,8156.077,445.16446
-24001.885,-48.082222,-11001.396
-10220.998,-8601.068,5835.48
-767.97253,9454.947,-1489.6353
26115.959,9448.519,-10739.69
30237.09,6561.5083,-4979.634
12942.314,-4409.4414,3858.8062
-6927.137,-17604.16,-454.879
-20155.906,7022.336,4264.8545
1982.4176,9479.458,15056.969
46626.492,-7061.4404,-11137.834
60145.36,20291.479,-22343.152
13200.496,29003.602,13232.474
-43585.285,11069.964,22683.088
-41656.188,-1548.8829,-14125.818
-23790.074,-25503.314,-18858.416
-35649.566,-32685.94,11447.192
-31955.51,-19190.85,17805.188
-2560.0706,11658.0205,9886.838
20256.432,17521.58,-4473.2793
33179.57,-15283.886,-18794.695
33331.78,-19773.105,-24014.963
14590.49,-2789.0422,-15285.086
2338.8464,3559.132,10965.801
-7336.162,1971.9816,21484.117
-21913.936,-11661.619,164.42172
-12293.015,-14613.08,-15165.698
26484.27,4477.3735,263.05173
50508.38,13358.274,4493.705
29204.213,5015.894,-4315.604
-8315.021,-20936.87,-2572.234
-37436.246,-26412.254,-2304.3018
-41927.48,6084.6455,6611.069
-26422.582,32614.307,5919.0864
3449.2375,44165.24,12421.922
33499.02,39955.824,12217.878
19006.035,21559.88,-33076.906
-16025.352,-1054.8729,-12755.802
-25861.209,-6874.3364,28495.643
-14221.47,-223.33395,8726.675
-20137.793,-11487.347,18967.514
-38452.07,-28313.264,16586.492
-29989.846,-23079.912,-19670.59
11555.553,1484.04,-11359.296
47341.7,25010.254,16205.704
32359.56,30181.598,4776.1
-22442.146,3486.5977,-8341.899
-55084.69,-13958.507,6015.6475
-32571.316,-10150.563,-10371.582
11242.887,-8943.763,-19558.732
44719.367,-5146.2563,21211.2
47665.094,-11061.274,18990.908
20676.027,4588.8413,-29078.049
-8509.3125,11777.237,-17413.61
-3964.5278,-6653.0107,21672.605
2416.0232,-17072.95,3125.571
-13882.982,-38092.137,-18353.525
-25064.615,-37072.973,3025.4207
-10940.792,-9585.732,7631.351
30633.107,15406.665,-24401.209
58754.22,21556.979,-12473.453
39289.145,-119.4016,26099.113
-18640.447,-3399.6575,-1127.7351
-45869.812,18279.477,-18644.885
-31754.469,13076.182,13901.763
-789.216,-2239.4749,4946.0283
30683.82,5184.843,-15007.061
16174.66,16690.635,8211.967
-13267.757,29386.549,21148.957
-5018.0605,21056.182,1513.617
-1869.846,-10119.401,-4637.2983
-33624.9,-17980.658,3858.4434
-39362.758,-24265.162,-2786.896
-10881.268,-4098.1914,-9206.726
20243.842,20570.197,-1679.3215
41592.188,13031.651,-12672.097
29654.96,16312.926,-22280.82
11165.712,-15193.447,22580.104
-629.64325,-42920.97,27340.424
-9653.748,-16814.184,-19852.814
10442.302,-1200.3071,-14708.189
24699.158,-9897.792,1666.281
10329.228,4581.254,2607.0496
2791.3784,16882.629,9772.75
5012.153,12653.919,-1722.7023
-7292.7607,24495.463,-20182.639
-13395.75,11251.39,-4348.1206
-18051.762,-5247.713,19816.51
-32916.09,4368.8286,14405.278
-20784.049,4731.7617,-1536.5881
-13279.59,10794.678,-7132.9277
-10501.3,4002.7888,-68.34341
4600.498,-21044.479,-2402.906
-4758.808,-15586.696,-4256.019
-26095.027,8237.533,14915.314
-15453.69,10582.589,12590.531
10938.976,-3049.599,-7436.2935
13237.387,-16021.813,5427.7075
15090.51,-17757.79,5483.873
20189.65,7123.4473,-12900.856
22800.01,-6847.8486,4568.0356
18871.514,-33375.984,-6116.9966
8371.357,-9717.139,-14696.545
8693.6875,1974.5804,23158.934
2891.1572,3098.4702,11105.663
-6136.362,9881.087,-20737.248
-4187.4595,16791.764,-7170.851
-5294.806,4404.447,19212.467
-8358.896,-18858.373,15552.4
-866.72186,-21275.566,-3076.4238
-13678.917,-14339.959,-11922.324
-40829.28,-1880.1168,-8266.668
-22548.523,5967.3145,4690.748
8274.055,23092.865,339.5033
3610.891,41324.06,2087.7932
-187.38216,39326.43,5579.1743
-551.24945,30094.76,-9192.047
-13851.973,12670.298,-9562.73
-5329.666,-14158.686,5593.626
21700.062,-31874.275,7010.889
11366.828,-27053.955,-10692.648
-5370.938,-13424.42,-12500.528
18865.867,2126.8787,10483.843
42930.887,14718.047,-3598.3943
23223.59,14206.095,-43208.055
-21119.855,4698.2095,4019.5618
-27294.309,-7835.65,53141.574
-1363.3225,-18395.865,-9110.72
-1766.005,-20350.094,-31895.545
-9749.603,-22230.002,16592.541
1648.8845,-1445.6942,-7212.773
-4752.989,26634.646,-31004.262
-10268.898,4283.959,9478.311
-7023.202,-18956.783,13550.182
-11786.363,-10626.465,5808.376
2624.5999,-4609.7686,14868.249
25023.752,-6926.2725,113.83548
23361.96,-9603.504,-14411.049
13592.598,-12090.6045,-2233.3252
10213.516,-8714.326,12418.444
4473.9067,8935.479,-2478.695
13200.594,7050.8374,-16137.724
13195.77,1447.4229,129.60158
-8946.366,12998.614,10789.292
-32631.508,11521.113,9132.502
-28369.64,-1350.267,10068.621
717.0933,-7211.215,491.2877
14813.267,14007.9375,-6415.205
13562.579,27068.764,6630.2944
-1135.8699,7647.3447,20553.467
-8876.027,-6690.52,430.27573
-9721.952,-12593.918,-27261.201
-14347.049,-32425.66,-8633.798
-20806.453,-29890.918,667.3079
-2165.712,4909.2217,7277.473
28122.6,27166.184,23335.168
11195.993,44088.17,-15664.5
-26794.307,36514.42,-24243.125
-38180.855,1021.2597,7244.6763
-15135.356,-20790.633,873.4971
-5688.92,-26757.17,14082.125
-5033.009,-15991.09,27528.135
17195.445,-1602.088,-13542.174
36721.48,16612.475,-34411.65
34122.363,32677.68,903.3088
18233.785,14076.157,26728.834
9880.557,-3064.443,-1384.1664
3874.0564,2155.333,-19718.541
604.69946,2214.289,1446.7097
-6868.062,3624.912,-698.9395
-7542.1504,1316.303,-3088.376
3455.4468,-7713.663,13157.168
16182.773,-21624.012,4589.87
13377.209,-32870.96,-21347.814
-11535.119,-26997.11,-8425.496
-33516.062,-18597.117,22919.537
-35509.594,-4196.5493,7425.959
7474.737,-137.2794,-4651.5156
32201.984,-3630.4678,-18227.686
4449.941,4726.6055,-28091.045
-5362.395,-7921.004,16606.652
5540.865,-13899.512,19239.707
-7278.359,9596.8125,-18149.441
-34707.64,16360.616,9047.512
-22442.275,13228.078,36684.426
14325.983,15464.28,-81.64262
34389.137,10901.753,-16487.83
37930.555,14204.202,-463.3804
33714.453,18075.885,1019.1147
4005.4646,3596.5857,-6737.3184
-37117.395,-13558.481,2787.832
-47178.56,-17528.783,12246.271
-27977.67,1.0860153,-9708.635
6600.06,11619.319,-758.71857
19930.012,-1899.5457,7413.2827
1964.8221,-9922.483,-23118.777
-36860.867,-5873.09,-8691.63
-40084.902,6260.5464,29326.889
17275.412,-7966.62,9099.801
54677.3,-38966.96,-28496.654
43311.582,-40654.562,-5635.6694
8669.304,-5673.5273,6049.3535
-19484.934,37050.21,-14259.461
-4136.0034,23995.014,4477.8794
37021.207,-5185.96,1794.9506
27791.062,8991.389,-18154.762
-14240.631,10896.442,17150.375
-19240.809,-29748.22,22052.85
-6160.159,-36726.96,-24676.22
295.0207,-15891.388,-7585.4375
8181.386,-3334.98,31141.615
5590.744,26343.244,12362.601
-27740.715,23703.684,-3094.2515
-52727.188,5731.1724,4487.4146
-23843.256,19348.123,-7063.3115
18784.83,16941.207,-7707.7373
32070.318,9852.008,12626.889
22911.793,20976.553,-7780.4336
16986.34,29981.781,-29462.262
25105.555,18701.424,-7476.189
24389.258,-14306.537,5016.782
-10665.312,-30829.463,-6449.3936
-34751.527,-20482.02,-12381.794
-10425.208,-12546.725,-12423.416
11644.882,-6332.7783,-11588.976
4391.332,-97.87881,10599.333
-16836.803,159.88615,17792.66
-28016.885,3224.9314,-20134.695
-23175.182,4533.6997,-21960.92
-5217.57,8165.8315,20160.64
18237.432,7334.9365,18454.756
24028.957,-7175.9487,-6607.579
9364.9,-11732.507,-962.73737
-7291.75,-7437.9746,604.5919
-6030.5146,9185.6875,-3110.9382
8291.289,23498.459,19104.863
14864.294,7014.851,17430.113
-5330.636,-5196.8184,-6674.555
-14571.286,-7989.93,888.5027
928.1803,-20133.473,15200.898
2596.7056,-28638.555,11188.162
-7332.2305,-21087.693,-94.02286
-14523.226,-24878.54,-3117.4907
-30.98939,-23182.283,-103.22768
25434.219,11050.371,-4216.3257
16254.5205,42957.613,-10689.119
-20888.037,44010.945,-7653.7026
-19607.102,18180.97,5303.427
8417.086,7467.7744,7304.8164
7727.474,1966.6086,-6486.486
-21134.295,-2292.8,-7884.9116
-31746.465,-9365.413,12521.21
-12839.016,-11706.57,5161.1255
4052.5015,13769.228,-16574.863
34469.246,12893.566,8661.036
45636.516,-12220.725,16077.388
3157.0535,-24867.088,-20081.088
-35012.074,-31478.33,-14283.045
-22145.188,-21820.06,16931.236
16586.35,-1561.3711,1930.3077
37486.01,3396.9592,-16222.043
27475.734,1164.6444,-4401.954
4381.4736,6938.942,6569.3145
2058.9646,28134.404,13769.077
1417.0073,31261.848,10027.499
-15416.884,3936.1575,1335.846
-36505.566,-6795.7163,-12905.661
-34705.758,1400.4902,-11129.478
1012.6055,8771.098,5130.901
19036.123,7350.388,-10448.842
18082.102,2346.3445,-9055.703
9059.98,5618.6587,1990.0168
-8773.707,15291.186,-16450.02
-16473.703,1494.3832,3045.7454
5060.052,-34101.062,7853.127
23395.434,-46380.84,-36162.95
-3338.1216,-21575.38,-11638.924
-13610.426,4735.538,38815.98
-851.0079,23164.127,12599.355
-2582.337,27556.688,-19903.783
8120.581,347.9889,-2553.073
20497.213,-8023.674,14900.746
9632.965,8834.245,7778.5215
-226.97765,6243.4907,-3775.6604
-6877.87,26.124844,5835.2
-5495.878,-2102.1155,7052.653
5553.781,-11147.614,-3447.8538
-10858.273,3802.7925,14666.593
-16901.49,13490.139,13849.926
-5428.9927,8401.522,-8699.406
-15807.452,15576.752,4.3204865
-16448.87,7344.4204,8081.4204
-7478.315,-5599.8945,1160.4629
-4426.08,-24659.91,9823.869
-2434.5923,-38238.2,-9091.542
-14500.653,-6542.2446,-25568.646
-12172.5205,14572.611,8013.0234
18794.346,12404.687,10994.949
28891.742,23312.97,-10715.843
15285.673,11675.148,-10235.898
2865.2764,-17092.676,-3057.0376
-9360.448,-19470.193,-1091.7502
-5022.009,8297.424,-2160.3452
16955.926,19208.17,-5611.827
15645.358,7325.1665,1025.6278
-7863.08,534.06256,19407.496
-24662.531,3236.1597,9383.546
-17504.174,19666.5,-11686.725
10872.111,13472.668,-6869.0713
8492.834,-13528.011,7040.0977
-23042.578,-24971.508,-111.16971
-28712.209,-26847.61,-13366.893
9918.79,-32212.969,13757.014
54840.64,-19208.309,11233.379
61019.19,12246.112,-26772.895
30247.13,29686.37,-4654.683
-10988.444,28179.75,13798.06
-14534.989,-8.358761,-14013.29
4609.851,-20858.373,-10986.189
21180.912,-14286.4,16172.165
17264.523,1081.5994,-3754.265
-19035.582,16218.966,-11355.145
-35682.71,13096.015,23032.875
-22618.643,15483.08,3821.1753
1883.843,7763.9824,-24014.041
4854.427,-13873.202,-976.42
-25502.094,-8684.423,25257.873
-39158.992,15519.595,22249.215
-11133.649,11595.183,13.174977
11637.1045,-9413.659,-9017.012
3872.5608,-8091.862,-8984.824
4384.5654,-13988.552,-1684.086
14977.231,3700.629,4795.044
17704.018,34941.84,-9240.619
11170.693,28335.908,-1771.6702
4499.622,-1510.2379,18138.115
1530.9127,-12645.326,-14049.464
-8680.531,2537.3384,-26479.617
-10918.756,-2600.6187,16294.179
-4859.163,-1958.8505,9897.933
-3378.002,8978.511,-18230.584
-7229.4766,1707.5557,-5958.582
-13334.582,2113.4636,20165.604
-9620.061,2619.5386,21387.36
-2680.1042,-10156.217,-1970.987
-7105.685,-21154.68,-6036.558
-6703.1074,-25290.795,-4057.9502
13843.201,-17020.307,4153.725
23212.416,-2228.8115,7989.195
12734.456,7875.8203,-9487.545
3306.484,8150.3203,960.28455
-7843.3813,1815.7714,9586.024
-22583.488,5012.062,-14317.981
-14016.836,1278.0007,-6819.158
15682.996,-6311.132,10448.542
29471.936,4301.127,-10283.328
20480.922,8410.721,-18008.459
14914.124,2754.5237,5656.387
26618.342,-3382.687,6245.873
6687.044,-2691.0996,-10698.647
-25985.889,-3749.28,6093.836
-24099.904,-5327.7646,17531.8
-5402.1465,17618.531,-802.1864
12645.353,4664.5728,-680.72253
11743.594,-26480.568,3470.8306
-1344.215,-9241.831,-5674.7393
-1193.6836,3141.0417,3564.8108
10481.888,-3472.6123,4646.4536
1540.2399,-5378.861,-6545.0737
-11899.387,-10906.945,4614.8345
-3029.1404,-11373.185,-792.3589
14440.697,-303.01266,-12601.021
17442.67,-653.48126,2456.5723
3663.2617,-8441.9375,10992.537
-21194.275,-2720.5852,4596.2524
-22561.438,7326.9062,-11497.483
9544.378,9633.894,-8998.444
7378.879,17158.475,4679.194
-18277.258,18102.615,4136.5386
-14812.091,13875.772,6465.6074
1846.2124,17356.074,-4713.9424
-3852.5044,1033.9895,-11001.548
-2596.0469,-20645.336,7813.6465
19752.127,-20997.275,7969.507
17293.59,-1328.486,-13476.897
-9584.999,8337.585,-8109.701
-21644.258,11734.764,13377.811
4983.185,21602.715,5241.599
24005.844,12162.752,-9696.667
4316.051,-9996.77,-913.1945
-27505.768,-19975.822,-569.27484
-30451.686,-5622.343,3172.6733
11863.162,729.8419,16123.573
25623.213,-5797.462,-2572.5996
-10142.932,-5166.607,-7646.4785
-31036.254,-9810.778,7904.873
-16509.895,8170.4614,416.7234
5149.0513,34388.613,-7365.434
11928.46,15478.927,9967.327
2834.9668,-10674.064,12188.566
-3383.847,-3056.2917,-17383.277
8945.284,7993.7656,-6800.403
13140.794,-7506.344,20763.479
-956.34735,-10789.008,6553.4443
-15252.82,-5596.832,-15803.148
-11831.211,-14212.136,-18125.271
5835.663,924.34625,-3595.4038
11332.43,13867.299,10474.122
10339.953,2885.999,13334.752
7035.251,870.3078,-9402.947
-4792.927,4567.5137,-22160.455
-9329.749,-24952.553,3241.8674
-690.58887,-40262.723,9511.668
5179.389,-4753.61,-7403.2344
15890.355,25290.545,-4235.0396
33198.273,31625.057,7906.251
23541.195,22675.203,-162.63547
-7482.1147,9845.267,1115.2583
-26806.781,1060.3903,12264.5
-33452.15,6587.864,-786.9851
-28230.107,-6186.3604,3603.7834
-6630.162,-31790.102,13981.229
3786.5894,-19613.203,-10251.878
2415.6514,-6731.9434,-7917.0093
10356.706,-7406.0005,17684.05
9959.884,11675.125,9538.985
-7026.502,25738.557,1665.5516
-10275.548,2816.1548,7484.7144
-3818.9258,-6898.8,-8535.917
-9323.137,11903.587,-23608.092
5984.432,4521.3823,-1261.1467
35303.133,-7639.1987,8613.338
32654.846,2745.7534,-9455.375
7196.9897,12352.66,1713.941
-6887.698,7666.3867,13354.412
-8238.504,-4151.926,-7642.982
-15270.838,-5392.239,-16771.639
-16303.907,-5792.364,-1095.2844
-5439.8936,-3346.1355,2070.2346
583.04236,1540.6207,-165.21625
-1345.7908,6268.9956,7915.288
-12889.752,8964.871,8998.994
-22314.057,-126.77799,10955.216
-19417.5,-7085.42,2657.1824
-21803.244,-7642.267,-8072.6543
-17534.572,-422.39145,1121.0354
11118.517,6184.1143,9410.47
21466.893,9252.737,7394.4365
865.21716,12771.467,3525.9788
-6974.0396,8086.087,4735.141
2012.5187,-21.719425,-4450.914
13340.649,-12737.681,-16704.758
28122.361,-35885.363,-16892.809
21957.162,-44247.293,-13349.35
42.23975,-16112.9795,-6194.9883
1255.1947,21994.914,4234.7393
17775.865,30166.436,13348.3
16934.61,17339.86,2179.8477
-992.4397,-242.13374,-8659.594
-6248.5,-15214.004,5575.691
-9536.763,-6212.173,2548.2532
-8430.706,7315.8354,-3619.7266
835.70215,2446.4036,15376.399
-8578.393,-6766.324,8582.066
-17625.09,-12067.888,-7187.5835
-8306.598,-11685.527,-1884.7003
5255.7266,-1275.3137,720.4714
-7874.357,13595.707,2871.4314
-18029.127,8519.119,11350.279
-3632.3398,-7324.8125,7518.006
-256.29413,-5192.1562,-8453.314
1888.6042,-9146.412,-599.8641
1411.5658,-5452.1514,14882.397
-14559.212,20344.717,5459.7207
-5386.7866,19305.826,-14441.852
27865.658,910.61224,-16644.557
21192.818,9616.738,-4558.7363
-6538.6606,11785.117,-232.84422
-8963.693,-7160.696,-2411.1138
3731.244,-8395.877,-4363.8057
-1484.7611,-3764.0095,-687.85376
-11450.552,4252.7095,7600.438
-3407.9617,6280.8574,5393.673
900.3317,3597.754,-11435.074
-831.6304,8477.289,-2421.07
1940.6304,18443.4,16599.92
218.7194,31410.812,7089.722
-6332.745,2600.2063,7687.338
-5603.409,-31662.352,-156.68336
7174.167,-18903.834,-14000.752
30845.465,-6020.3315,785.89056
20150.242,-11280.847,3244.7148
-17341.041,-2256.4602,-781.4728
-20818.23,3224.4888,6990.4976
13975.381,-13219.496,4729.3374
19989.318,-17237.342,-1787.1053
-15030.5,-15445.19,1112.3956
-26626.896,-13402.935,11509.214
-17062.738,-4917.7153,2861.1597
2867.704,-5155.889,-16447.521
16358.562,-4286.008,-6336.4736
1152.4205,3762.4023,8898.838
-9925.626,16363.482,5985.673
11385.494,17862.902,-1622.93
18469.463,7817.5586,3526.0989
4093.2812,1802.5785,4673.2964
11872.3125,283.64087,-15361.801
19985.682,14086.083,-15120.734
3486.1729,23331.055,6744.622
-12070.256,-4572.313,19106.13
-22775.047,-33103.805,11621.518
-37461.56,-20390.389,-3325.6458
-15796.716,-98.26043,2145.761
17493.428,9538.442,3015.0667
18137.01,11196.511,-14440.168
2250.6646,-11747.042,-6871.1973
-5057.027,-26863.29,8910.2
4817.769,-6958.7026,-3505.3958
14030.976,9131.091,-7269.61
3662.5095,1960.4432,15520.969
-9362.624,9.659598,12079.37
-2653.5366,10057.836,-20491.469
13228.63,19010.328,-8882.503
22930.473,17467.781,17853.215
-3573.8796,14832.952,3795.0383
-37146.273,1215.5085,-10687.016
-27191.625,-17473.29,-4663.0503
-3138.1414,14882.692,8956.471
17369.47,31931.525,11133.687
20363.014,-4053.1646,-2335.483
-12202.287,-26283.814,-7934.1377
-19248.793,-34474.297,-1564.3413
24603.254,-9788.765,-942.7789
38456.625,31268.25,789.39233
-3371.4094,13816.934,10071.459
-33926.676,-30391.953,3070.3784
-36324.816,-24884.06,-9265.432
-21223.033,12627.02,6195.575
18659.201,29331.223,12702.039
38145.78,15973.766,-9441.131
9831.44,-1596.0193,-20276.463
-19021.742,-5383.596,-8788.956
-16988.678,-1655.8173,4706.7646
8616.241,3145.201,8194.413
22033.723,-1258.2848,6872.8545
4227.7925,-4592.39,-2686.4033
-11800.163,1307.3776,2560.2625
-2014.4941,-1563.4208,9812.487
14782.915,-954.0804,-10918.497
333.1935,-2408.434,597.7278
-11990.088,-15704.431,24212.771
-4741.2446,-22016.277,4680.765
-353.8629,-11998.35,-13867.514
15128.219,-1152.8234,-10498.211
26111.098,-1335.5854,-2345.2808
12815.921,3366.9248,-11797.781
-1216.7008,2577.7388,-9260.922
2097.1702,-2905.2083,13517.829
2875.8113,4349.623,3345.1956
-5991.99,13807.573,-4681.6147
-8541.933,4485.4624,10717.474
-6994.5044,4956.217,4822.278
-14838.498,26525.057,-8016.7944
-8149.555,17056.85,1223.91
3188.5535,-587.15173,10074.102
-5347.843,2162.8066,1822.2225
-3180.4177,-4520.0273,-6254.42
775.3241,-1165.921,-6088.6963
-450.69516,6281.4443,4795.048
18342.043,-1790.1345,-798.2332
30913.672,-10261.301,-20833.965
9549.174,-23570.95,-5680.4995
-18426.037,-23839.771,11749.366
-22260.197,-7860.1587,5579.7812
-14297.167,12743.922,2508.4102
-3774.304,14620.624,3337.6133
4198.6807,-12974.89,-3761.004
-424.19275,-21116.482,-9740.134
-2175.5344,-3337.0996,5199.2026
4727.408,17206.805,6403.504
7464.5215,31651.553,-5572.1084
-7398.68,24631.145,200.10313
-10563.479,-3233.1235,1367.5382
5719.566,-20176.37,-10193.175
13793.293,-4716.144,-5253.529
12403.679,-739.14764,17593.396
-894.9669,-14875.299,3392.1716
-12354.634,-15767.66,-13241.12
-7322.392,-6737.6533,1078.8529
12464.723,-1256.416,-318.86108
17053.072,9507.666,1853.2244
-905.61707,10544.932,6963.262
-5942.1646,-9173.758,-3844.3997
-2546.7683,1283.312,-9725.189
2578.0452,10346.91,-2188.403
10417.827,1775.5935,2422.0999
4067.1807,4510.95,-6687.2056
-8103.8896,-1247.6378,-6193.7
-5031.716,-8588.046,11043.847
4489.179,-7016.5137,9166.031
2074.716,-121.043076,-147.27995
1326.9231,-218.20963,3872.1672
7666.999,820.73376,-7028.5674
3452.1873,12218.166,-8965.409
6219.057,10519.541,387.61295
16970.717,4678.421,-5516.333
-3203.8052,14960.234,-3775.2517
-28187.332,11709.104,7399.2124
-21760.12,-1365.49,6760.174
-3461.5266,3657.7876,-579.6498
10329.795,-291.1579,-2839.873
13353.488,-5573.2314,-5808.78
-101.31258,-4177.171,-7074.1274
-12294.698,-14786.136,86.51427
4050.1187,-17746.97,2585.3384
10361.051,-2022.1755,-7738.158
-12082.365,5892.371,-1884.0269
-10264.491,-10911.886,7004.5347
10820.687,-17304.656,-8616.834
12105.56,-11610.943,289.4953
9293.618,-3813.1575,7563.258
10859.628,9556.411,-10810.859
-4376.12,5282.9624,2106.384
-14186.471,-5056.6553,15493.428
-3540.992,-3247.027,4193.787
3599.1602,9876.38,-3344.674
10716.187,4423.8096,-5464.23
11873.804,-7936.5454,-6464.472
-6020.723,2865.4277,3019.6497
-12703.059,-1837.1198,10101.656
-1820.4312,-8383.032,-702.3142
333.0456,-4775.495,-4507.9834
-930.33887,-4202.5874,4676.442
1878.3975,17739.014,-2837.1218
9059.307,25624.832,-18442.617
23371.219,13441.373,-3159.9846
23710.678,18308.62,3977.36
-3461.2725,10634.299,-8988.596
-32639.625,-15825.74,5478.477
-17630.46,-30594.5,8100.8555
9060.873,-22418.848,-1350.6791
13182.116,-1444.0269,3331.7356
15162.595,10001.7,-4074.6487
-4375.6304,12772.432,-4081.6575
-25098.86,6880.7314,11276.843
-11819.249,-13666.394,7394.567
1138.7113,-5574.5474,-12622.286
-3764.9434,14204.585,-9349.841
3298.026,1950.3986,6159.1846
10828.993,4911.422,-3239.796
6638.494,14799.555,-3500.24
7740.5415,92.97777,14442.787
2343.0066,-14958.117,6119.472
-11197.892,-11005.924,-7560.8486
-16232.775,-949.6821,-5769.061
-8940.214,3945.494,2712.1814
-4676.5903,6103.4644,9131.153
-2702.3345,-15747.976,1855.561
7424.933,-34343.89,-10684.205
9720.33,-10177.93,-11491.193
6598.259,21594.693,7577.4775
7084.6035,20431.787,14381.093
6544.5674,5893.6104,-4105.752
-5943.86,-1154.0176,-10770.981
-20148.627,3996.0295,2300.5632
-5358.397,22360.785,11587.248
20859.525,28065.885,4369.2334
22673.602,12481.84,-13802.425
8593.373,-12205.842,-16458.572
-1967.4318,-20014.85,4292.711
-6839.4478,-22587.547,8604.57
-11128.53,-14703.074,-9327.985
-18813.412,10867.151,-2120.7896
-17633.152,17191.82,19486.602
-4866.3613,20975.71,3063.9414
4271.289,9491.418,-7760.9897
909.92566,-15057.852,6243.036
-6749.514,-16223.283,-52.681267
-12469.669,5554.8003,-5798.1636
-6522.298,13798.471,-2273.9927
8884.658,-2484.7253,2853.8972
8827.133,-6759.9565,-1755.5554
1350.0105,-18440.547,-113.17587
1995.5978,-19919.703,3202.7983
12050.511,4109.8853,-9908.147
13661.22,7475.7676,482.66354
-8684.503,-7713.1787,6105.5264
-22904.883,-110.542274,-7211.837
-11125.637,15150.08,2421.7131
8851.068,11281.977,6877.624
14526.115,24961.85,-10485.962
1384.6207,28962.668,471.247
-4047.6277,283.78677,6098.9463
5235.914,-26174.691,-17355.303
11714.421,-31929.125,-6796.212
9442.099,-20867.672,14272.888
-3699.1067,-11761.83,9126.699
-16870.521,3544.2468,-6685.1304
-5428.912,12559.863,-8964.726
21821.55,10813.405,-1213.2855
27936.424,22252.906,-550.5178
-5618.9585,16014.874,10810.646
-37454.363,-15120.985,10251.066
-27794.678,-26174.904,-6492.1104
-704.6279,-18744.559,-1874.2449
17565.285,-3053.7969,6794.7515
13863.864,8431.198,-1868.2716
-763.7742,-3130.7153,-4280.7686
-7328.7007,-10431.265,-3193.9119
-5945.2573,4458.477,-3988.5635
-4944.361,15478.306,7089.9355
-1791.865,12087.265,8790.992
13269.347,3191.6611,-8997.794
17017.885,-5997.1875,-13954.402
16445.723,-7445.6626,389.18445
27847.355,2292.4614,-13219.781
18005.322,8729.258,-15217.144
-14970.754,2637.6035,22489.33
-32179.74,-1574.1564,10927.177
-30405.793,-4950.0728,-11057.809
-21305.396,-7097.8867,11670.988
4659.8447,7445.1987,9761.328
16539.23,31451.592,-10370.073
3928.9487,25969.797,-4237.06
-127.50831,-5254.1914,1439.9126
-7915.694,-8403.169,-7576.084
-18565.02,1318.3374,4437.8706
-5504.097,-9025.267,12230.064
10316.3955,-14583.802,-5455.319
3807.0774,-17762.268,-5515.4556
3638.9624,-20488.816,-6183.3105
24742.02,13429.766,-10724.77
32169.123,36250.92,5651.5244
8768.216,10358.372,11316.485
-23287.531,-8995.524,-4024.4963
-28702.172,-12347.826,-8587.116
-7069.8584,-10297.411,1774.0737
5920.7563,-319.79626,2431.7917
-3637.948,-1396.8688,184.96997
-14674.241,-11507.122,3365.1865
-6809.737,8200.942,-5348.6113
6383.3643,37088.934,-4673.766
6704.907,26708.66,15489.556
-9010.104,2833.0962,11924.153
-18070.65,-8371.766,-2496.2715
-7102.0903,-10084.613,-6649.1177
8283.12,-6545.8013,-13505.697
27981.125,-1591.9398,-5695.489
25185.324,-6847.1235,3965.6155
-3198.3481,-15116.022,5896.7725
-19875.152,-10548.328,1817.9095
-15244.04,-725.86285,-1174.377
-5682.0522,6442.961,9214.481
-4822.3506,4408.3506,5655.4883
220.0959,-1831.4402,-701.1714
10492.403,-4729.188,-5299.4814
19108.027,-6281.1978,-21005.688
4752.7563,-11607.492,-5976.3945
-23366.273,-4943.699,19507.09
-29655.89,6959.9404,3654.2458
-12477.421,12356.663,-4530.817
11387.675,10801.453,9246.586
18553.023,3492.8994,-6898.8633
3211.809,5739.544,-18847.256
-1410.6543,-1901.1514,4892.424
18800.174,-2360.7798,5743.789
12925.89,7698.769,-8618.451
-9743.776,-3728.4314,4628.67
-12970.168,-9788.767,5490.109
-7646.5244,7749.5215,-11256.051
3570.4019,7413.7603,1986.7324
22985.012,-12517.884,12724.293
23356.969,-13108.887,-5946.328
-9624.447,-14030.201,-6540.887
-31178.2,-13826.833,9519.185
-20736.76,4546.6094,14567.652
612.16235,10589.352,2957.8323
7249.4956,-2260.6353,-8926.233
-5640.8687,-9164.832,-3701.4053
-10104.479,-4465.9814,3550.489
10647.51,3101.2224,-479.65942
23475.686,24551.064,-16853.492
-942.2537,28915.12,-8182.691
-27944.98,2585.394,20517.963
-23550.703,-8360.351,11913.127
-2066.744,-6945.2856,-5635.985
17079.77,-6515.616,-6583.143
23095.78,-12533.879,1398.2098
5035.1523,-12308.486,8743.439
-15678.517,-107.44661,2135.1216
-11841.895,8199.712,-6022.619
-10208.039,11021.235,-9995.088
-17272.918,10695.101,6304.329
-3143.28,11146.126,13496.44
11792.69,14954.08,-8841.418
7964.214,17833.516,-7080.603
14280.167,3539.439,4163.4272
19119.916,-3453.703,-2879.1343
2315.8384,-9196.819,6823.759
-5393.412,-26471.92,11354.977
-2583.5833,-13324.639,-6033.267
82.8674,-105.09489,806.84235
7792.84,-8863.495,8893.198
15233.595,-4827.4067,-11102.282
10297.24,-7563.1055,-13432.251
5555.9478,-22957.887,11400.7705
4983.989,-18808.785,10569.152
-9742.079,-16437.477,-15031.248
-17612.232,-20838.176,-8652.848
-7531.5503,-9770.583,2003.1183
13304.012,16824.746,-3155.7815
28292.734,28561.963,8392.469
17652.527,10557.561,7790.0215
-4683.0054,8881.601,-6145.693
-4740.947,18224.717,-4928.751
12673.816,18804.068,3533.1143
7300.4136,17564.033,8646.925
-10095.441,7616.533,4661.1865
-14919.15,-11242.462,-9136.335
-8758.951,-14001.472,-12289.078
-2457.8965,-3084.4019,7589.233
-1464.1409,-2969.695,18929.107
-15942.503,-11888.439,843.30365
-30911.066,-25998.912,-11424.779
-22924.682,-29140.008,-1709.8911
-6392.6035,-9605.963,-1912.1038
14983.758,16757.477,-4034.1755
31772.215,14184.611,5611.2905
27517.781,1171.6759,-6867.7925
-3512.8213,10179.466,-11883.035
-10115.67,16051.712,11441.122
20535.787,19180.314,8949.041
19986.39,30076.73,280.4079
-2803.7034,12919.747,9504.475
-10927.397,-9315.883,-2430.161
-9071.605,-5259.9673,-15130.976
-4304.6016,-5984.327,865.2298
-5385.739,-7512.377,12511.626
-13259.981,-4506.6543,8638.9375
-5599.1772,-12841.643,1633.8958
-6709.7505,-26021.096,-8787.703
-29012.34,-8869.15,-8174.8984
-22265.256,13885.693,17147.275
12638.291,7552.0967,20705.96
25291.516,1899.9714,-10168.92
12564.574,-1724.3499,-12760.871
10862.438,-699.1721,7097.558
11306.229,9683.789,967.5604
2093.9382,3024.2812,-8803.295
-9521.4,-16814.121,-1593.0747
-3778.423,-22123.586,-5245.825
12675.376,-5958.4136,-9765.121
14567.52,11946.02,3837.0708
-1211.6932,5929.541,11473.372
-22675.271,-1354.361,8237.259
-15241.686,-6481.013,8685.977
1161.3179,-13774.392,-1964.7188
-4848.9243,-1245.7323,-3483.2598
-13107.136,1788.98,17886.621
740.5929,-2630.6846,8254.356
4792.8555,5524.1655,-15164.418
-6783.1904,8508.83,-3821.0474
7216.952,3291.844,9939.758
14854.243,7250.5913,-5935.4277
1964.6208,13506.737,-8515.971
906.8924,-211.61652,10457.075
9424.601,-7058.635,-9852.1045
5508.291,650.891,-22779.11
2871.5156,-7303.277,12184.968
14562.44,-2578.0557,14148.384
14415.173,5034.273,-8530.698
1891.8759,-5442.37,-7046.6797
-17830.404,4023.5876,3773.786
-31557.572,15254.282,17724.473
-21276.912,4824.42,17232.629
3756.9265,-17567.053,-5211.896
9460.542,-20050.447,-17583.965
-5339.7656,-8585.474,8166.466
473.88965,-1488.9303,13137.306
14214.182,5304.8374,-11058.359
8388.021,-4081.2236,-1737.3436
-3830.5576,-9274.513,1333.1364
-10354.697,3241.1226,-8141.1313
-16941.152,12757.376,5760.014
-8075.767,10666.697,16249.065
4392.8447,18023.871,-1415.8933
-3627.6975,23306.688,-11948.961
-6691.1304,6253.059,1700.7288
3852.1238,-2665.3772,6143.148
13732.065,1638.4124,-319.65204
17423.207,4187.9146,-3537.3484
21368.584,8088.8003,-6930.256
16369.702,1913.174,-5078.1675
-3883.6086,-22004.514,4852.2964
-19764.996,-26581.34,7421.8525
-18981.633,-11144.185,7370.2295
-2543.2263,-3248.933,5822.899
10407.153,8904.145,-5005.3677
5509.4043,16953.34,665.223
-1745.6841,5077.663,12404.782
3142.373,-3975.088,-8703.898
3640.7678,-1017.53174,-18766.73
-9993.082,-2169.6196,9406.93
-13647.693,-6597.459,18034.68
-5392.8804,-6018.069,-7845.6187
-3978.7065,-5817.0854,-10079.607
-3094.7712,-6859.291,9619.357
-358.34555,10522.976,14.210734
1734.7305,22446.842,625.2736
-7881.184,10723.666,9256.579
-14572.557,7209.5044,-10032.869
7269.057,2045.9003,-3931.338
30937.738,-16473.863,7056.1714
25151.084,-8667.279,-5003.0376
-1408.3143,12836.048,-3799.529
-10632.851,12309.469,-550.1437
-3303.213,-584.76556,-2599.6553
-10162.279,-9221.36,9743.168
-18527.865,-18413.158,22244.73
-5649.6597,-25471.992,4300.6094
1081.4016,755.067,-13236.128
3185.0752,11442.129,3347.933
9758.064,-3197.7527,3668.9458
10511.146,5228.557,-9003.573
13381.058,-901.9613,5783.01
12372.422,-8342.767,-4360.055
-258.7376,12106.027,-15025.011
-14625.291,11811.707,14752.85
4719.745,-1864.587,10866.704
24320.2,3020.6204,-17052.645
9361.296,6429.205,-4134.8765
2168.5977,-1718.199,5668.6123
3574.0522,-1537.7246,-17602.578
-10161.45,4930.641,-8688.921
-14020.484,-2585.642,24301.215
-3859.866,-6947.387,7746.44
-5546.4526,2073.1985,-12524.096
-2765.0144,2611.458,7457.854
7162.7256,3381.5825,1964.4812
10209.247,18118.34,-14771.102
5184.842,12729.534,3416.1863
-1626.8768,-5682.463,8396.023
-11943.649,-5613.403,-5220.2383
-12007.402,-4395.4805,4368.8467
8062.0303,6135.4106,4215.2812
14445.276,26724.62,-12408.557
2719.2417,14780.476,1564.0677
-9019.898,-16627.627,7946.7705
-16153.258,-16801.877,-13754.906
-13734.976,-3670.337,-1893.6846
-1930.5028,-8210.083,16033.87
6788.9346,-7864.9795,-3332.3804
5965.3174,-15988.109,-8556.043
2903.149,-33959.742,660.5935
1515.9366,-19970.53,-2459.516
3591.2925,9949.211,48.419556
15723.813,12879.291,5410.8496
13751.471,5113.1836,-6231.747
-7440.173,8989.614,-16805.781
-14955.6455,4279.2085,6808.878
-10148.149,10166.294,11560.373
-1240.7933,13702.187,-7489.377
4878.428,-4222.3623,2186.297
-10048.996,-10151.326,10587.784
-24850.666,3395.2566,1004.2857
-12907.046,11549.859,-1657.4668
7758.7124,653.88165,9484.985
9294.429,2836.814,2226.6501
4038.5679,2437.3164,-7493.1987
13703.181,-4790.517,-4668.637
10011.736,9146.439,-10291.823
-2471.865,15534.941,-537.89545
-2699.083,-2330.016,9305.704
-2737.5762,-19368.203,-7949.3203
-7025.7534,-12604.763,-12905.217
4680.8936,-4113.63,8981.131
19062.734,291.98364,11411.563
-2216.6404,15344.794,227.24127
-18240.9,5468.0293,3328.067
229.82532,-16305.451,-4462.6143
14544.159,-9175.91,-11232.884
14618.941,-2458.317,4714.687
12010.827,-1363.1752,5740.644
-590.5058,18186.697,-7767.3506
-4845.3843,29175.01,-4644.5596
6877.728,18037.824,-4055.5872
9655.293,10182.691,-10629.01
-6310.7803,-4790.391,-1166.0204
-21208.037,-19596.48,10221.143
-12516.685,-10901.379,3437.8296
6355.8086,1349.5516,-2490.8022
13709.335,-1588.0143,-791.77466
-392.61353,-5432.1807,-8760.093
-19157.865,-5156.9614,-5279.851
-11356.62,-12006.858,2392.9626
8539.643,-6555.907,-14493.266
4019.5796,5633.9844,-9094.694
-3471.6611,5841.528,11303.681
948.91425,7403.8213,2689.9985
5827.523,6374.8564,-4885.0083
5722.9404,-8246.809,1280.6674
390.5594,-20238.443,-712.205
-2369.344,-9197.361,-8417.284
-7310.477,1377.6276,-1555.5275
-3390.258,6932.285,9373.816
4224.662,17703.453,8094.7812
1805.5399,14277.22,7977.6104
-359.58487,3916.4556,2063.9087
5328.1377,4152.871,-8213.02
6888.499,11038.989,2288.2922
11714.66,4151.947,4942.214
7314.535,-4972.965,-21756.188
-17504.883,-6558.103,-20774.97
-17437.777,-17630.752,16208.626
6754.5806,-11934.965,13365.821
13025.442,9613.432,-6601.782
-419.562,1560.5967,4530.683
-8075.0005,-4840.414,-779.1884
-10733.575,8484.307,-10262.443
2650.494,3309.6694,-1593.8264
15279.078,3210.6235,-2396.05
255.52838,12332.699,969.39465
-12188.472,3536.552,851.11316
-11752.789,-6588.8555,-12114.387
-15436.029,-4400.933,-505.3652
-3953.6733,-4347.1963,16865.035
21928.838,-10344.475,-3471.1438
9931.459,-5792.3276,-19053.518
-8841.303,-11517.988,-572.94904
299.27466,-21245.93,6003.3525
7337.9575,-5475.422,-815.32367
4781.0273,9902.709,10829.421
533.5687,3712.2363,11073.341
648.1173,-6442.0747,-10293.095
6931.345,-1324.5046,-12178.213
17037.293,4139.9404,3895.0454
10917.235,11308.364,4024.8389
-7506.968,12100.216,-721.048
-9758.977,-8515.988,6256.1577
-4179.0537,-8000.087,361.02066
-10600.762,12040.914,-4310.781
-12005.448,10889.686,9018.199
-2543.823,2727.014,-477.0789
-2630.1113,1310.8059,-17056.588
-3230.5151,-11161.503,7461.5366
4902.842,-18252.79,8941.004
4697.0093,-8842.996,-15271.484
-6370.11,-8123.335,8056.3403
-2198.7532,4064.7063,12929.604
6104.986,21378.49,-12434.693
-9109.309,17546.752,-7460.506
-16207.608,1097.0717,5756.0005
-5776.655,-7648.0947,12708.367
1714.4446,5527.736,4792.489
9517.602,1171.1846,-6768.23
3657.936,-7811.8013,-10905.869
-14879.256,4744.9272,-5445.3945
-11660.333,867.61786,14725.025
14013.509,-2013.2415,3437.131
27437.752,6981.317,-18311.982
14190.285,-1520.1263,-1519.3186
-9478.352,-1289.5038,2741.5972
-12276.112,8134.858,-6149.3633
9546.486,-5700.0376,7349.395
14925.007,-18919.86,4261.645
-4178.785,-6978.534,-11186.416
-10232.859,6305.9746,-5620.0166
8835.308,7204.771,3843.8247
16444.352,6284.368,806.7523
2696.3872,-428.91055,3784.0632
-4515.023,-10720.714,10901.331
-8865.789,-4330.7725,-2861.7864
-8266.269,1808.594,-243.97641
-888.35913,-5984.107,9734.511
267.65234,-5771.7817,-4613.539
-6258.823,-5987.034,-2778.6716
-13731.743,-10512.098,7050.378
-8184.628,780.27545,4402.4253
2575.8948,19571.574,1622.4161
5479.8135,15211.145,5925.472
-926.52905,5200.5684,3106.8943
-9389.829,16734.545,-6331.1475
873.3198,17953.98,2339.5134
23798.9,1530.887,-611.3129
14638.123,-353.44366,-15177.306
-6206.9907,-6647.079,159.89282
-413.66208,-16282.592,8768.78
2907.9033,-5416.296,-2191.157
-2642.776,-5147.2188,-2322.13
-7390.038,-15674.49,1447.9478
-9714.099,-14401.872,-404.5809
-14797.561,-5738.347,-2560.11
-13493.62,-3352.5613,11634.95
-5098.172,2925.7046,17308.172
-1162.8599,6235.119,-1810.0677
2530.3245,-7337.7007,-15930.413
-756.159,-10652.344,-3653.634
954.406,-1780.1891,6896.9375
16004.56,11575.737,-9774.556
26400.416,20741.834,-7696.9775
14910.76,23012.547,2492.3806
7091.1113,12341.116,2761.2004
8227.852,-11711.918,5205.81
-5528.0786,-15429.833,-3075.17
-14831.258,-10527.43,889.64215
-11608.568,-6125.129,5643.783
-1551.61,7782.239,-5942.8257
3937.245,4760.679,-2692.2307
-4218.1284,-12986.003,7405.2417
-12002.074,-15047.593,-1990.7368
-13067.204,-2348.6914,444.6086
-11354.306,9935.202,12329.697
5239.4624,17449.432,-2853.6182
17704.652,5169.0376,-13217.851
9309.905,-14503.487,-5058.635
7725.3413,-2676.418,1311.9553
5317.9956,21284.744,5284.798
-2678.2852,18858.719,10504.174
-10151.807,6019.2866,-2430.0623
-15367.875,389.8191,-12104.668
-8338.659,-8467.373,9272.217
3039.9172,-11224.399,6323.2896
6609.2007,1032.9259,-10750.654
6488.163,5925.189,2686.5774
6870.9165,-1589.1544,9072.636
-1549.2504,6766.0728,-5162.9785
-1601.2911,6943.001,2864.2954
6435.387,-18341.135,13744.499
-4293.7866,-24293.766,3756.9153
-13639.689,-9069.531,979.31946
6639.032,7018.7456,-3444.803
18638.197,19477.264,-10040.626
-3502.472,22052.715,-4688.93
-17672.473,12822.306,7376.7114
-15955.561,3405.425,3496.4666
-1422.9529,-3940.4763,-7711.3613
10313.459,-18541.438,-6017.567
-5093.131,-18940.576,-2504.662
-18026.209,-2414.491,3910.2114
-5213.1455,-6062.744,4287.083
11320.859,-6309.385,-8488.577
9636.498,8867.053,-7662.1094
3012.426,10197.583,11170.098
2242.5535,-2224.644,10205.04
3391.0767,-13666.142,-8706.259
-1332.5891,-1671.5419,-6455.5137
4865.1235,8428.346,4400.603
18058.746,9885.249,-8486.441
9461.659,12375.6045,-9757.224
-930.45807,-493.82254,14075.596
-1562.7059,-3354.2502,7259.68
-11455.002,11740.817,-10469.969
-16662.637,8052.6772,6716.1636
-311.03082,905.41125,12878.646
14349.78,8841.229,-10180.906
19628.053,-6632.4243,-7389.3384
10141.856,-24628.604,7757.7803
-15042.016,-11474.524,1613.7329
-23744.268,-6160.1235,3293.87
-6402.9917,-10825.433,-879.40765
8403.801,2643.2542,-9182.753
6441.9424,8350.047,3775.223
6867.4873,-743.4875,1680.6702
10513.341,9.009418,-15568.416
5577.7085,6153.939,-3124.1138
-4811.513,2182.98,18190.086
-14792.994,4600.011,7563.42
-9669.653,7725.6445,-690.38434
9519.035,-2176.9797,2204.584
12538.009,-5119.9556,-11676.206
4107.4795,-7683.595,-9726.175
1468.2839,-12327.72,13943.838
2736.012,-4354.9326,4595.294
-3995.5222,4938.4756,-15389.157
-13385.162,288.7789,-1560.1675
-2875.864,2516.9343,-1321.9617
5288.646,9435.323,-7669.2227
216.22289,10091.008,3978.7002
3439.4587,3378.636,1040.9113
2460.5396,-1460.9587,-2685.7688
-14476.036,5933.4165,-1390.5315
-7546.704,-135.84663,1710.9559
10474.579,-4452.8643,3498.38
12426.356,-2885.6968,-757.8767
12958.277,-11200.697,5738.5986
-5077.5464,2877.885,3674.0786
-12219.589,20503.33,-6835.801
-2314.9885,6218.1597,-1948.5721
-10615.379,-1329.3381,4449.22
-10963.946,-1925.4482,6139.6587
-5837.6104,-13728.703,5910.3193
-12194.879,-15971.692,1989.4735
-10292.392,-7893.808,-3654.156
3583.8477,-385.44302,118.660866
16811.338,-1709.4542,5708.6025
8522.619,2797.9375,-12965.213
-5325.1284,11469.6045,-13701.752
4828.5093,8185.6846,12237.229
17169.92,2152.8667,3804.0518
9825.226,2512.1,-11432.973
-1571.0078,-6432.28,-85.319756
1981.8663,-11097.082,-1486.6012
7646.2896,2988.5376,-3146.06
7414.213,-7707.2114,3900.8108
-6477.758,-14885.933,-1065.449
-27443.383,1657.8354,5824.2944
-20805.223,2410.3037,13781.418
1507.9774,8063.08,892.96796
2864.23,17352.299,-9552.466
1503.0659,12868.619,2685.825
16171.594,9874.736,7681.0024
21353.22,3826.0007,-15267.5625
9216.652,-11591.253,-12370.994
3625.2026,-22255.86,8985.558
-6112.8706,-15431.209,-4347.504
-20265.03,-2303.858,-1855.8408
1397.7397,1648.5375,18073.467
25025.254,10990.342,-1530.4722
12437.331,23773.377,-14381.553
-4908.528,14626.93,-32.59582
-16008.243,6575.8066,6243.723
-29730.17,-1047.7264,843.8934
-15989.898,-17976.367,1023.9744
10250.477,-16871.453,10007.437
14574.077,394.95755,-1385.5105
10089.539,4189.6597,-7169.903
4570.5996,99.97108,7.5914564
1951.507,9339.267,-7626.894
-3345.5857,-600.052,6434.661
-5921.321,-15062.98,17685.744
-12154.752,-13122.409,-7650.3037
-21857.123,-7264.131,-4349.4414
-6168.884,742.0459,11559.423
26148.379,6483.1577,-10760.249
21355.777,13092.535,-11520.146
-6786.7397,2313.342,18710.715
-18640.26,-2956.4934,7598.176
-19377.943,7996.7363,-12829.787
-2144.4927,3027.433,10622.756
638.3552,1012.68427,14289.993
-10273.102,3573.9163,-7567.214
-4333.966,-7641.3975,-3310.0776
15079.048,-16118.047,1871.0266
24761.863,-9911.313,-12138.179
13513.549,2530.7395,-5444.734
1150.5377,1933.3049,12419.075
-12369.315,-3667.6472,5450.9824
-16459.586,339.7288,-4225.4673
3539.4617,1026.7869,-1903.1085
23573.857,1998.0458,-2499.269
18771.992,6167.797,-2821.9783
900.78094,-5372.311,3145.852
-24940.246,-10729.813,-6415.9937
-30613.18,-447.29773,-4062.0635
-268.49405,-2111.767,15756.794
15046.666,-5765.859,1232.5702
2621.1292,-3260.924,-10666.738
-5039.833,1332.3683,4980.914
5800.209,6954.9795,-1964.6598
9643.299,7944.5913,-9611.561
-3606.0908,519.53375,12772.585
-4272.622,-1459.6978,12693.309
6656.085,-1018.01,-12460.899
6177.575,-2553.2935,-11068.548
5927.6274,-2739.1687,5163.52
5919.835,3080.695,-135.92023
771.66705,20689.238,-6454.4043
6556.5586,12079.447,7299.6274
-4978.4165,-4368.691,-3531.351
-19369.148,-1215.9874,-18166.383
-180.25182,-6261.7764,3925.5696
11439.029,2025.3903,12655.635
-5418.7183,19924.08,2953.5142
-16045.317,7372.48,4948.9604
-2505.776,-13542.303,1174.7935
6258.3604,-13119.443,-13636.408
-3466.362,-2166.2222,-2879.0613
-13034.53,-1745.0055,15650.102
-15283.366,-3155.3445,5852.0117
-3276.174,-2746.0728,-3434.2249
13109.1455,-15469.595,2271.188
12463.259,-14951.394,-2666.5122
6480.378,6752.7173,-10524.671
2199.4675,9862.84,2594.109
-3497.2344,1705.2601,7278.744
-7935.2783,4246.3184,-2666.4734
-8904.488,3537.3618,5404.7964
-3096.6802,5311.398,10333.684
6500.6943,14193.387,-5354.6626
8958.689,7590.8906,-7395.5234
8827.958,-7058.715,-3829.3105
5406.445,-9736.661,-7703.951
-3219.05,-8271.618,4177.0283
-2226.8713,-7620.946,7481.9873
-3418.8884,-1395.0286,-6415.8813
-3049.2656,12013.899,3026.9956
4989.1753,13303.402,11668.828
-2851.6973,12497.941,-10992.449
-11022.271,15962.3125,-8109.796
3878.9543,-4804.103,9515.871
6815.768,-18209.895,-2195.6245
-4404.9614,-15263.7705,-2652.7163
-4026.2034,-15764.505,7335.0796
-4579.1313,-7021.7295,3868.6165
238.88713,-7030.009,-4866.0933
11932.68,-15904.849,-7605.132
16358.574,-8541.1875,-5658.014
8583.848,14638.503,-6692.0884
4340.2266,28599.63,4782.4385
3735.78,14926.68,16960.928
-6383.3813,-10616.88,-4697.6743
-6812.164,-23736.332,-9556.734
4383.773,-14937.845,13533.118
6567.04,9727.164,2532.8564
3811.1228,17512.633,-3735.019
12201.308,-4202.37,2103.2637
9736.364,-560.2192,-9880.186
-10699.723,12617.824,-3110.0852
-18802.467,-318.44675,20996.527
-19437.527,1278.5864,11457.795
-15847.479,4841.509,-16708.646
5141.8984,-3650.8906,-2169.0676
18239.605,-1504.2704,8408.982
8467.709,5331.952,-16639.484
-5686.226,3485.551,-3486.462
-9115.053,-3778.549,23015.57
-935.9011,-3438.4758,-5961.845
6805.034,-3791.8164,-11235.671
11407.914,-7722.9053,20579.76
14308.17,6088.274,-2483.486
10508.333,8230.737,-22836.926
-2402.3228,-7793.518,1148.1938
-6637.614,-9122.269,6483.992
2072.589,-3169.8923,-5135.8027
2468.3735,-3420.6228,1890.9001
-15943.565,-6384.561,6192.8975
-22786.912,5379.96,-8964.112
5268.8506,17356.926,-3607.5454
21098.885,9299.069,10861.988
1223.4902,-554.28064,-3226.9421
-14340.27,-10816.126,-7229.375
-7654.403,-23682.625,7491.382
2247.7048,-10411.52,-1882.8257
11104.147,13573.341,-6398.661
10519.107,8090.1265,10592.623
2348.2573,2204.0186,-5837.789
-3126.8152,13158.078,-17717.645
-5306.5996,16681.906,16503.52
-10871.544,16211.643,12247.69
-15182.126,6535.0483,-12944.424
-7141.479,-8230.368,4687.3086
1608.0255,-7602.7217,10588.747
13263.02,-4618.0674,-10726.409
12476.397,-8913.7,-8080.2383
3318.0574,-9386.785,10430.155
-872.5829,-6540.339,-5008.319
-6756.094,2333.1643,-16359.491
-2870.279,4396.8594,9799.3545
2637.0312,-3717.1526,6245.5967
4254.301,-8684.385,-7792.9014
10481.938,-13464.012,9207.019
12393.055,-1009.066,-100.37699
3746.939,15305.022,-11197.793
-804.1429,13621.307,12235.047
-633.7263,5531.7188,8459.528
-6993.637,3321.567,-12559.159
-7545.98,-2909.491,4925.281
694.0972,-3113.2498,10182.673
2895.954,15209.401,-9766.324
8480.623,17740.082,747.9407
11309.972,5789.753,5079.045
-4221.0825,-3550.3174,-14374.57
-12988.193,-9078.604,-1924.5388
-8198.349,-17079.455,17542.816
-4217.5737,-15858.115,-4717.387
-6071.2803,-9019.077,-6151.87
-13803.944,-17009.965,22949.213
-9667.094,-13963.772,9151.214
7857.6353,-858.61127,-17207.068
19455.564,6382.4517,-7385.975
5261.9155,7963.8457,3235.0547
-12277.622,7048.22,-8493.798
3989.9585,7201.1753,-2205.5962
22764.27,4647.783,8973.158
19934.473,2541.3723,-10249.007
3281.9827,-6456.291,-7883.868
-10129.107,-10976.015,8608.89
-18322.691,348.22937,-9413.272
-18680.809,5990.159,-7039.5454
-9091.678,3061.2822,26875.135
-6251.555,984.7735,10574.379
-4165.4346,8897.985,-17245.846
3176.5347,15958.412,8012.139
16202.443,7727.373,12705.79
8391.676,831.96045,-11963.0625
-2115.5876,-12631.238,1787.8995
-5018.2417,-18720.074,6345.963
-18204.572,3184.106,-7735.127
-4302.7554,16327.653,13231.638
18079.953,18394.973,10211.406
9533.686,18364.387,-16560.994
-4777.01,-516.88184,-8124.7944
-7302.417,-15652.863,3000.9214
-12883.869,-1480.2657,-4495.6753
-6181.6045,5478.183,1519.424
5772.329,-11711.144,14171.7295
-3174.4307,-19122.662,-1336.422
-5088.7607,-12332.842,-8377.321
7948.428,2379.4937,9445.061
14502.577,7448.407,-655.7331
7077.748,3191.8926,-18380.436
-6666.708,3122.5168,1430.9329
-8135.5625,-769.5681,8799.607
-2812.8308,4732.346,-13651.478
1050.0288,5223.7964,3189.8228
910.64777,-7047.5986,25451.074
-9119.965,-4358.688,-4844.701
-1558.6544,8749.779,-13443.169
17635.342,12040.748,10873.208
8294.315,14891.28,-1220.1586
-13063.305,16148.27,-6365.8105
-14478.061,-222.79082,16274.214
-8291.538,-12259.186,4499.821
-1730.6257,-5266.19,-13104.719
12953.644,4347.4097,4267.038
10593.116,8125.2637,5604.0156
-13531.468,6232.767,-15373.665
-19934.84,-3788.7944,-2547.4768
-4325.92,-9172.864,10415.011
6637.9653,-5868.317,-4115.184
10038.973,-4303.752,3153.1003
4784.0386,-13108.357,10923.38
-4780.9688,-12155.05,-9009.783
3938.4707,50.082417,-5126.9277
24358.104,-4273.4463,7048.684
11435.8545,-7037.9585,-9675.243
-16621.994,-3147.6287,-7245.994
-7519.5425,2572.8591,10936.538
12326.881,10165.468,-670.21277
6668.738,15981.341,-13960.815
-4165.614,10303.925,8014.646
-5211.4,-3465.4543,14798.722
-7460.3936,-637.35675,-15681.862
-7465.5396,6913.726,-8489.082
-4938.4497,4507.4473,19577.191
-1569.0201,-507.67548,3730.5898
2468.1267,7254.8984,-14168.632
237.4201,14923.01,4996.201
-6772.656,-614.1547,9218.858
-4730.2837,-16516.123,-9759.144
8458.611,-16892.285,-2781.2998
12566.456,-5000.397,1307.4313
2647.1743,7102.526,-6383.455
-1882.3969,-787.18134,986.3599
1829.037,-7070.6123,1795.4497
-3712.3545,5149.11,-7826.1226
794.851,9352.587,-132.25734
11722.788,7042.7495,4078.7766
1851.6249,8801.273,-14383.839
-6454.742,3185.274,-4613.4165
1779.7673,1467.2306,13266.907
10651.466,870.14813,-441.52344
-1075.7664,-2826.9163,-1700.0188
-15274.778,-11314.797,16674.344
-10183.034,-21211.771,4192.699
-9149.503,-7814.23,-17766.72
-183.2187,354.60214,10027.909
11146.422,455.10742,11579.848
-3697.1804,8694.89,-17688.117
-15276.069,10743.117,2897.1042
-7660.0503,4208.972,14739.034
5251.65,-8295.225,-4747.648
10976.099,-11132.704,-10499.528
14480.177,-12999.43,-1325.4194
11484.078,-9793.451,-6088.3105
10890.279,-893.7535,-8218.09
10335.392,629.795,8161.33
-804.3616,9529.321,6289.2725
-6066.275,13192.749,-1611.3203
-4115.816,10296.798,4546.521
-1934.0327,6965.508,4625.1797
-8341.611,5454.174,-13746.223
-603.1813,4854.2407,-3148.035
13837.018,-3513.9263,13705.471
-7094.409,2136.405,-12388.483
-26080.703,4526.821,-1764.7057
-8626.304,-8314.592,19601.12
2091.9524,-9645.143,-6555.6055
-565.3255,3078.0706,-8211.591
7979.072,5638.2793,13371.372
12481.901,-2212.8137,-3807.0317
-2366.3677,830.9466,-17249.254
-3615.4482,-3261.7778,7304.8115
12913.545,-10326.335,7550.525
8130.4683,-3823.5217,-10274.736
-2015.8287,-5365.849,-2007.7839
695.31,-15272.254,4505.8228
-3546.6355,-8740.987,-11336.041
-2008.6895,2546.0645,-3202.5347
835.5165,8331.202,12710.326
-14222.613,11747.774,-5750.2046
-10785.697,6316.0205,612.2154
6759.951,-842.75494,12843.478
4608.359,-3282.5574,-10514.01
-15032.272,3226.1333,-7791.633
-10965.141,5661.6577,14685.054
24124.658,5623.537,-1600.2826
30406.473,15310.87,-21760.96
14168.023,5958.7563,8589.497
4195.093,-10626.273,14811.015
-8185.181,-5417.2676,-24232.566
-10979.762,-4212.4883,-5004.106
-5776.857,-14875.827,21919.775
-8160.1743,-13236.289,-5774.9653
-12989.831,-4704.3306,-12600.522
-7913.779,-1972.1115,5642.26
-4208.186,7291.5024,268.02927
-2948.2654,12395.001,-7972.0215
4312.2944,2097.3972,12011.641
-4122.82,-11162.924,13545.275
-11618.62,-3613.8164,-10735.912
-764.8921,10202.728,-2631.4583
13840.532,9028.719,4455.6274
17947.307,8229.557,-16508.45
15869.107,1621.0172,-4704.695
8183.062,-6767.8384,10332.812
1695.6224,-4480.781,-13979.719
4086.2495,366.2721,-5997.28
-4234.485,1180.3397,19033.96
-8748.432,4090.2397,-974.25464
-4219.544,1558.9646,-18981.953
3554.9324,-6464.8296,4030.6807
209.14986,-8565.417,4753.761
-8007.414,1502.8516,-15374.94
5184.413,3566.1057,8800.053
15861.172,-1574.5703,10647.745
-1088.8649,5799.2783,-14935.202
-15685.82,-126.25371,-1574.4331
-3591.7068,-9653.897,12937.811
10083.177,-3960.3342,-1992.1226
17510.014,3073.568,-12638.446
9353.288,1320.7415,3438.6997
-19498.445,-1219.8452,2922.0327
-32283.41,-1908.0388,-4882.382
-18687.094,-2858.712,10096.82
-1829.3832,-2909.646,398.84668
11640.994,4003.737,-11863.338
11463.161,13932.307,5054.4097
-4057.5034,13364.8545,3000.9016
-10986.775,7105.0493,-9524.534
1274.9983,-2439.474,3595.9026
15686.082,-5951.3237,8290.924
8782.742,-3947.2559,-13884.429
-1273.1691,2824.0217,-11639.34
2460.5874,5470.895,9137.324
1927.8853,-6080.451,-3275.2073
-4551.1846,-9669.304,-7385.1367
-7386.5483,-10645.623,18255.781
-7838.5215,-9546.959,10020.819
-14764.941,388.28778,-15252.7
-15762.765,136.65608,9078.427
1831.5134,-3517.783,20679.68
21371.043,3518.1426,-19353.709
24165.227,9277.471,-11572.293
16397.52,6818.3486,16124.913
6235.132,5437.349,-5243.921
2649.2063,-1241.005,-7664.4614
3613.4475,-3966.2234,9648.009
-8057.834,10088.006,-3113.03
-3080.1863,15163.735,-2420.6729
11666.003,2487.6533,6819.6465
824.9594,-10931.811,-10955.232
-16419.062,-16386.83,-3983.3787
-17838.273,-11024.277,14498.827
-3171.9734,-7462.4014,6398.2114
1832.633,-9014.233,-10515.193
-6102.0063,-5863.512,-10124.764
-6158.7983,-3643.287,10229.996
5517.949,-1508.5637,600.6449
14606.318,10875.895,-9172.021
3312.3638,14514.4375,12217.26
-13038.856,2439.4712,5744.1187
-12387.745,648.2454,-8095.3716
1197.3584,366.18857,8534.771
3302.8525,-2301.5515,8437.222
-8176.6685,2113.6445,-12059.88
-11119.834,2430.9055,-1316.0383
-8022.6987,68.454926,9707.217
-1953.6705,4322.3916,-5046.501
7136.5327,2007.8569,1875.258
5332.821,-6228.2134,11585.367
-3375.5781,-5078.0293,-4087.6711
3459.2903,-2046.4015,-3067.9739
17495.541,-3855.5903,3875.6067
2957.1147,-7035.0938,-10487.947
-20233.928,173.44275,-723.2791
-15487.911,7769.2183,17653.934
3273.9648,8344.299,-5926.429
10148.898,6701.6577,-18752.951
12614.589,963.3373,9398.732
13015.126,-2786.5625,6665.777
1288.4304,-5590.4595,-20287.955
-1813.4728,-63.845303,-5659.128
4514.9087,3825.5315,14169.886
6003.032,545.396,2135.952
-2122.5015,652.15405,-5118.32
-7688.037,-4875.699,17151.105
-7196.1465,-4572.5107,15173.578
6.0964446,9638.078,-14489.969
6444.821,11462.086,-4642.4214
-4224.32,6458.5044,3735.8188
-5814.296,1617.9886,-10554.81
6971.1934,-6946.437,2301.1958
11716.694,-9228.937,11924.87
-2464.3857,-6157.0293,-8826.004
-13347.104,3826.8987,3807.458
-3838.9512,7860.076,23090.727
464.17822,7168.153,-12061.368
-4068.3596,8078.5283,-21581.35
-1978.6006,3172.2253,8173.369
1243.9843,-4410.7163,6634.9053
1452.7805,-7306.1553,-11817.145
1362.6687,-9191.519,704.16406
-4555.4985,-8906.669,13926.997
-3138.4844,-914.541,-4502.096
11522.791,-813.31903,-5448.3306
14666.247,-12096.2,2385.9934
2720.8633,-19808.133,-14295.6875
-1115.0492,-5875.8135,-12232.624
-1709.1736,14498.76,19411.87
-3937.1895,15758.834,14614.908
-1041.512,12371.53,-12467.501
4509.5083,3707.7903,746.5526
4541.6055,-5391.364,2173.1707
-45.267754,4167.284,-17318.8
8175.24,8339.245,6363.9204
11338.946,-719.985,18637.914
-1930.0845,-2177.4978,-8659.835
-7292.8394,3381.2075,-6083.99
-9045.307,1489.5552,6530.02
-17160.582,-495.01007,2336.9526
-9817.607,6161.8335,339.87817
7297.2627,6172.4155,1357.9866
3719.1677,-2736.5022,-4725.1084
948.8828,-11966.021,-9320.225
10571.345,-11690.803,7796.668
-1594.3633,-4074.0562,13209.02
-14424.514,-119.471405,-6474.929
-4437.8716,-1636.087,-7461.8247
6269.4424,1538.3829,2146.8193
11277.495,5231.489,-8200.148
12228.296,5657.555,-6227.87
-2401.708,5309.345,9229.246
-15061.074,-384.10907,649.001
-12002.833,264.14337,-8579.783
-8403.948,1208.6097,5972.427
-1163.8934,-9448.112,14212.371
2978.1719,-1814.3414,-3705.802
6998.492,13447.6045,-7151.083
5397.9785,8466.726,-1492.9127
-5360.597,10333.535,-7805.8193
1260.5259,8508.798,9881.324
14995.332,-3120.134,13767.055
2826.8042,-6337.489,-9010.954
-10997.12,-9842.363,-6199.717
-499.45157,-4418.7427,4663.023
5834.3105,375.81216,-1889.0771
-3800.1772,-3428.5488,-5327.078
-17563.88,-11366.844,4965.6655
-11496.18,-26893.729,5469.5073
491.7022,-14394.474,-9074.935
9707.076,11490.422,167.27507
7833.9717,18814.791,12859.75
-3238.0054,10464.765,-6198.8354
20578.316,-2767.4263,-6204.0376
33905.664,-4843.3687,6037.8057
10328.284,-5237.9136,-1625.4695
-7175.9985,5273.074,-8564.129
-10658.662,10535.699,2337.7007
-12021.414,3814.0808,13996.134
-12372.534,8247.383,-329.96347
-6408.681,6684.957,-1850.9211
94.391396,-1039.7477,2321.1204
3589.8816,-1770.3073,-13721.072
4634.1665,-6194.596,-960.7124
-5947.4097,-19581.459,13887.837
-22579.855,-27452.195,-7578.573
-9919.689,-16463.895,-10338.913
13753.466,-219.69136,10836.757
12703.587,10261.57,-219.4965
10322.512,14655.285,-22429.219
13278.254,10830.918,-44.19804
1247.836,6748.9907,20393.111
-12566.86,1099.2505,-1512.78
-384.2476,-7528.063,-1371.3796
9834.848,-17002.988,13467.463
-1919.0358,-8549.695,-9252.884
-11430.38,10400.851,-7923.8013
-9101.665,7478.344,20096.074
3314.1758,-6150.078,431.35938
9476.936,-6014.206,-19233.863
874.8922,2947.065,9237.429
-12565.141,3977.8262,14533.71
-19880.717,6010.885,-7800.903
-9174.567,-2883.816,3451.9272
10044.49,-20320.527,7550.526
11590.367,-9632.412,-16817.309
10628.461,9140.713,-5335.6646
8186.004,17168.242,12708.437
-9683.24,19026.412,-6280.1665
-6973.7417,6235.137,-8875.835
5511.3936,-9301.262,6719.909
4357.845,-9082.163,1327.0728
3240.937,-2161.715,-14314.181
2207.3684,5263.6387,133.25597
-664.82166,2164.052,13463.121
5946.3613,-5679.6772,-9256.827
3437.9492,-2610.463,-6454.5796
-15305.5625,-4709.327,11791.219
-17789.361,952.2728,-4941.0996
-9236.261,9083.018,-3837.3323
-470.09555,9856.006,18921.902
3854.3743,4681.51,-1808.2347
6284.0586,-1961.4619,-15151.627
4207.252,-3969.517,7977.511
1024.6447,-9937.938,4792.5757
2059.2268,-8064.1787,-8624.756
4842.8423,508.519,2429.8477
7582.2153,6144.8384,8560.939
2641.22,1669.3533,-398.36493
6635.7197,-7158.8965,-2713.6357
5255.4155,-17236.938,1396.4877
-7835.3887,-12279.575,3904.2456
-11150.99,591.83484,5595.692
-7406.7104,3186.0383,7488.9604
-4467.1997,4474.709,-3284.3
-1303.8647,5968.239,-14147.192
3463.882,18780.605,6131.4146
3221.9072,17081.229,17951.375
2717.111,3040.865,-7361.909
647.9248,-9387.171,-7566.6846
-995.1659,-14727.081,10777.338
79.16467,-5888.7856,-1491.7604
4451.099,5058.018,-1921.3906
7691.6855,11253.25,11633.504
-290.06958,725.40015,-2975.5889
-4525.661,-5966.112,-15643.086
-5698.996,-13815.057,5861.8994
-8457.313,-13395.701,12945.001
-8763.311,2839.4492,-7171.984
-4570.602,5657.588,2729.3428
-6359.8716,2733.2197,12953.269
-8201.466,-1791.2476,-8541.65
7040.2695,-4317.079,-7344.104
16714.092,-2790.2588,7294.1533
12135.206,4778.651,-4026.2122
3281.649,14191.262,-8941.833
-3011.8572,16666.344,11182.689
-10428.965,7052.9033,12973.192
-3004.9517,-2842.6501,-11116.215
15757.396,4937.9785,-1733.5704
7537.674,8987.138,13443.117
-3213.571,-90.98305,-11218.577
-741.27155,-7468.328,-13038.016
-1760.8092,-8133.3843,8856.735
-1654.3495,-9606.414,5559.381
-964.96875,-6702.275,-413.8239
-2619.8953,-3353.2148,7456.7383
-5203.7456,-4304.2983,1945.1719
-7983.4355,3677.3274,-8217.416
4489.527,6840.251,6373.253
6989.2646,-2359.731,11791.198
-14858.337,-9343.921,-7422.3843
-11659.853,-7032.7104,3744.663
7709.809,-2622.3118,15170.505
11183.686,4654.442,-5356.301
4977.281,9499.534,-2386.8994
3905.5315,1455.0358,9969.343
4197.7915,-4247.118,-4198.7524
3718.1187,842.20557,-18410.873
5018.2437,10476.672,1969.8085
6559.9414,5714.533,12033.031
5290.97,-7462.244,-13099.629
-4253.7524,-5984.159,-5941.975
-5998.809,-3498.2542,15092.828
-3162.1106,-5147.346,-2428.1895
3345.883,4299.94,-12858.509
2462.8281,9109.058,9432.884
-3004.5627,2519.2183,9774.178
2331.8499,-587.26685,-10407.114
-21.050268,-724.27423,-3752.247
-2371.9211,3472.6553,10577.028
4658.0737,9481.6875,1565.0211
11149.015,10387.708,-4248.86
5740.391,-6079.4927,7149.8423
-8700.42,-16692.771,-7667.233
-15168.469,-11220.437,-9447.048
-11431.254,-8045.0186,20163.56
-11818.225,-1284.0721,4725.678
240.14369,2249.7583,-16358.187
13823.205,9916.444,1445.3062
6467.0654,15617.358,5366.1675
-2129.3767,9539.259,-9372.271
-11270.485,678.223,-2364.4207
-7001.18,-12585.205,11342.485
8951.21,-6895.9136,-1377.6606
18567.617,3430.808,-4580.57
9096.892,-2296.0918,9888.872
-12029.038,-6192.5713,1294.3271
1853.5701,-8649.124,-10441.172
21882.168,-4197.961,1846.6968
4892.5825,1952.1017,9232.318
-20744.084,383.71548,-2529.7405
-24844.379,-818.446,361.36884
-5901.8623,-665.20776,7327.5366
15699.517,1247.8198,-8905.717
16808.418,10400.75,-3867.4338
3360.0454,6519.161,15908.034
-6598.529,-3856.4805,-2055.4023
-10978.4,-2161.0981,-9482.888
-5240.1465,-133.28969,13063.083
-4168.425,1892.2122,9668.976
-28.82414,213.36172,-9703.785
12589.143,11836.86,-5848.684
15559.775,19884.145,9924.827
20223.604,5808.1035,90.29609
14580.25,-8609.196,-13254.5625
-11917.762,-20437.955,-972.29974
-28485.684,-15383.183,1637.455
-13643.684,-1094.1024,40.659237
13585.528,1088.6768,9305.69
20309.207,-5895.237,-284.5025
682.51825,-5576.1616,-13365.144
-13297.401,10718.634,2727.7214
-5443.1934,13791.429,17267.521
203.69548,3334.5422,-1477.6421
-1305.4393,3882.5393,-8489.598
-3338.5024,932.5505,5047.305
335.99042,-545.2636,-1078.7466
11697.719,9117.161,-9202.729
17648.37,13432.363,9988.018
10152.596,6097.497,14180.239
-2709.6958,-2766.383,-16730.143
-7531.551,-8375.666,-8193.271
-12512.172,-15863.748,17614.6
-11841.233,-20548.07,3694.3594
-4190.2485,-15542.756,-5313.972
-4080.0042,-6640.2876,5529.0747
-9539.846,-2544.9988,962.705
-2908.4338,10452.046,-9781.779
9941.659,18027.537,3156.7793
1737.412,7074.1504,6956.4585
-6149.875,2727.3757,-1827.3171
625.39655,6921.9395,412.06726
5863.017,8570.412,-2292.5974
707.8314,3944.433,-5199.214
-941.76074,4885.1274,3965.6401
9425.163,7614.353,7047.0806
12337.355,4000.3545,-13454.531
4581.487,-389.9,-15312.91
-4319.3813,-7476.5474,17158.404
-8149.4653,-9633.378,12364.165
-547.3507,-9596.234,-19025.438
8362.448,-14450.999,-2817.4844
-7662.0366,-18414.307,15872.136
-17521.076,-9796.897,-7164.9277
-306.98322,3519.5469,-8652.858
10577.804,2837.9072,16391.973
8314.623,7489.0156,-1472.8154
-2381.2295,13013.5205,-17215.186
-4410.859,10967.807,15596.951
-488.55182,8196.172,13351.461
6248.3267,3344.3733,-22595.129
16246.924,4860.177,-11168.687
18302.73,-4011.5708,6703.376
4916.336,-7437.4487,-12862.269
-15095.308,5891.95,-7005.466
-17843.104,8194.517,18387.588
-10271.149,3589.2607,3629.4014
4957.9272,-5020.4478,-9862.384
-1566.6016,-7947.9453,9352.945
-23489.623,-944.418,8263.585
-10531.395,-1469.474,-11567.508
12343.333,-8511.6455,-5017.071
6051.086,-12105.139,11882.581
-8114.5225,-7766.9917,-1834.3729
1152.5657,4011.7642,-10211.6875
7538.977,17344.494,4894.907
12265.708,13994.216,-7487.591
22094.723,6505.161,-14892.609
12131.946,4458.038,9175.708
-7464.6626,-4339.5835,1458.7147
-22936.162,-6197.5347,-14068.193
-22670.543,-1972.1193,11712.487
-80.59442,3376.8647,10208.711
19371.004,9854.012,-18736.678
10837.96,14531.271,-2407.8218
-6441.9565,9447.096,17328.807
-19484.23,-2469.2507,-3727.8176
-14350.03,-8909.091,-10688.358
5442.19,-11138.297,12192.647
7137.6196,-9028.313,2252.755
5231.35,-13093.192,-19343.764
4281.975,-8688.353,-4199.505
-3544.3137,1980.9165,10589.406
1834.0159,-782.21515,-3230.8235
14206.179,-4037.7827,-12580.836
6353.648,-3769.4985,5861.7593
-13674.545,916.7305,4605.768
-20573.824,6510.9907,-5255.523
-5005.015,5611.906,6849.977
11489.82,1031.0767,-5453.4224
15323.435,8794.34,-18862.768
13870.075,21306.064,3598.2925
2642.883,18145.463,2549.5654
-6223.038,1066.3281,-16429.81
-12342.258,-6515.7217,-2474.9314
-9616.824,1463.3468,20970.361
4913.4814,3248.763,7667.965
13679.785,3032.5354,-18851.707
13413.554,3467.4268,-16.638668
-4525.2437,-2714.455,3839.7158
-14257.534,-2400.1873,-15795.236
-6571.8037,-6082.6006,6375.899
-7745.7734,-16710.873,16179.837
-3688.2795,-16881.207,-4743.27
475.41342,-11269.276,-7131.361
-3107.6377,-311.05194,8740.5205
7317.116,-5508.626,-1662.1134
16517.152,-11476.331,-20385.674
11004.338,-456.46136,2638.1663
1505.9691,10717.6045,7324.986
-8109.705,19226.176,-15936.45
-12069.375,9712.151,925.0551
-6472.1484,-32.38141,13136.2295
2744.8186,-575.00433,-16597.621
11528.416,3499.3494,-9839.353
10935.834,6196.6465,17332.262
359.3645,1735.6849,-3341.9673
-9998.836,-2124.305,-14761.318
-10523.414,-238.78351,10644.815
-4985.8364,5578.8174,13839.958
-6604.538,-943.6059,-11772.874
-2513.058,-1467.7533,-7973.043
3094.4995,-6503.184,13863.259
11898.441,-6287.212,-6999.11
17645.93,6614.9272,-15914.127
245.71608,-263.29047,11164.353
-17345.633,-6555.5894,441.85504
-8522.025,-11091.532,-11846.01
5314.52,-6624.47,7219.5933
3626.8484,3463.6335,10301.62
2614.1812,6772.9604,-7955.548
-759.1518,11432.443,-7086.286
704.89655,6706.385,2119.2317
-4223.6494,-7287.7695,-11295.472
-8844.59,-5752.728,-3452.3276
886.7879,5550.3535,15149.516
1869.2013,3580.9265,255.59866
1564.8163,1586.3732,-10753.646
5887.1924,1205.0297,4242.9453
9386.6,163.38954,1035.6859
8536.873,-2394.0886,-10715.568
94.02091,-92.79013,6477.91
-13437.687,-3060.8933,10966.21
-18764.178,-10537.027,-8398.9795
-3068.092,-487.51236,-2307.4192
19169.688,3684.8347,14762.293
10273.532,791.4058,-4944.216
-7031.5205,-1511.6543,-18610.424
-4092.5295,-2473.939,7858.8657
-5762.9893,3787.6199,7945.894
-1406.1403,3867.8955,-11668.616
248.77284,-707.5746,6372.178
-11953.367,-958.43176,18801.203
-4487.537,-3940.956,-10172.743
13610.631,-3323.1282,-22519.7
20249.924,2612.2212,6470.6646
15686.657,-5445.884,7880.615
2137.8035,-3335.959,-14980.9795
-12939.436,1771.1179,6421.8228
-17975.35,-6196.4233,11444.584
-13025.721,-8360.832,-13548.011
4536.487,-8335.49,6681.794
15400.115,3366.4495,12232.043
5814.654,9203.92,-15567.717
1398.8903,4939.9814,-4914.3545
-8397.014,6469.2085,15906.84
-14307.577,5546.305,5645.5615
-3852.362,882.8413,-10803.357
3602.2393,2114.9465,1067.3915
-619.6245,5968.343,14144.342
-3489.2012,9927.044,-10678.207
7698.73,13777.068,-4838.0166
9883.658,1206.9532,17950.053
1115.7552,-13846.34,-6640.5576
-2010.7974,-21105.201,-10269.362
-7600.6475,-18796.607,11901.782
-10251.776,-7437.047,6494.101
2061.3635,3885.4658,-13064.103
8400.237,3791.56,-3838.133
7003.9717,-4748.501,10925.688
8174.6235,-3210.1404,-13996.818
10806.67,3920.2102,-10797.775
3481.0166,6923.7896,15463.669
-9361.693,-2348.0364,-2351.0916
-9655.205,-3390.1497,-7141.226
-11934.525,3830.171,19885.387
-6651.7124,1773.2764,4611.8145
8557.003,174.93486,-27268.479
11264.098,-2483.7449,-5213.2983
2184.5305,2772.9282,17103.607
-3240.8904,7913.5645,-245.39244
-1607.782,4475.323,1659.0924
-2271.2012,-2625.9375,13993.737
-4783.827,-12222.029,-6906.8774
-8479.32,-3896.4226,-12590.644
-3606.156,6632.5127,12847.56
4200.4453,7376.316,6829.6465
10795.214,5093.712,-15980.251
9345.236,4311.734,-3329.7893
-8355.441,4960.3047,9707.816
-13859.472,-2110.4805,1301.8147
-2008.8981,-1521.6959,-3981.9758
7904.638,2768.7927,2083.3037
9163.461,-2906.46,-5189.883
4774.038,-9619.811,-15172.145
-5775.8447,-7552.2495,15413.747
-7513.9067,-6294.508,17877.934
-3333.8423,340.16714,-12940.356
-8925.799,9513.083,6452.5537
-10988.395,2438.9783,16423.506
-6678.137,-52.19671,-14579.097
6987.5425,7183.0,-12675.737
15152.326,11302.448,11837.528
12468.424,1316.172,1873.4207
2564.2358,-7751.5605,-9289.647
-6704.3037,-3231.5671,11113.722
-5212.858,-9560.551,11689.126
-6607.514,-12945.622,-13995.391
-123.491264,-4963.5024,-7449.854
7790.1626,-101.401634,12412.333
7822.0747,7537.0654,-4453.3403
5830.255,12867.271,-6854.9307
-685.56537,9357.366,15839.699
-2771.688,-239.90576,4805.062
885.073,-4164.827,-9877.108
-4471.789,1053.4496,7451.169
-5452.6626,879.26086,7530.205
1759.2554,-3460.1958,-16068.251
-392.7388,-5056.986,151.68614
2302.46,-8483.355,19502.594
6164.638,-7323.054,-8758.511
3094.2532,4329.979,-14252.471
-4388.4106,4005.6775,12796.464
-9524.978,-3873.2288,5547.2295
-477.15588,788.674,-14819.495
11563.307,-2262.9758,850.2133
10523.708,-6456.1465,9386.257
-2288.6494,3957.484,-11195.017
-12131.089,9716.094,3506.4785
-10872.481,11479.011,21640.312
-3229.4785,937.08203,-3293.716
-2176.0903,-3652.4338,-7208.2266
-7990.552,8199.093,12507.6875
-4831.2734,6298.5527,1451.0966
1444.2273,5664.7285,-18351.588
-231.46857,3717.5964,6147.184
-2327.388,-7728.6504,18355.818
-421.43698,-12683.514,-11822.194
-648.3789,-4274.338,-3656.609
-3976.4473,-2950.7517,20565.295
1204.235,-6084.0415,-3080.1506
5875.5845,1422.56,-20764.414
2743.6995,3268.415,1595.7892
-382.88687,4383.4585,2660.3105
1056.7551,759.4005,-9605.963
2899.4382,-1464.0876,8028.165
-417.8259,-1807.1697,5790.816
-2717.656,-3496.0444,-16691.371
-6743.1787,6147.871,362.61423
-7480.0693,7310.971,21730.783
-2436.138,7188.352,-614.95184
3383.8765,6554.3384,-12177.534
8426.346,863.491,9200.74
8521.395,-1741.9497,6225.4893
7261.3447,-4114.3315,-3932.1272
-3584.984,3872.9128,7755.005
-9020.803,3308.5535,7636.8413
9233.155,-6085.996,-14711.778
21646.457,-4042.41,-15123.413
6417.0083,-2464.8765,12674.018
-16055.273,-10518.238,7234.9165
-19396.906,-12827.623,568.84406
-13198.496,-8240.708,13308.133
-5182.976,-5101.8135,-4612.282
3254.0674,3374.2522,-17711.213
11185.877,8887.526,-352.1226
8787.735,8448.684,5418.5503
-7145.0635,468.9369,-9374.86
-10885.786,-4624.016,3296.183
-2332.0662,-1691.6099,14340.014
9022.572,-7369.969,-8268.415
5413.3867,-6760.2793,-6884.4985
-4367.3096,-1361.238,6683.479
2779.489,1536.555,-2626.8604
8310.924,7831.864,-13299.92
1679.4915,12424.54,7234.878
-8613.36,9258.778,19953.174
-3859.9487,1944.07,-14462.449
6623.334,2584.5203,-11935.438
7766.412,4771.8936,15858.229
8795.888,-2740.3982,-7685.351
4455.5273,-13247.988,-19036.098
-7605.806,-11007.1,9528.848
-14193.374,-6153.747,12362.549
-11031.824,-2644.37,-8047.012
-4164.8066,-2751.693,5671.469
1855.1508,-6308.428,13766.516
2984.7842,4827.9224,-14070.357
7894.0225,14820.98,-5719.6133
14083.789,15912.032,15525.84
9540.272,11101.923,-3840.0017
-585.65204,2132.842,-13152.461
-4820.16,-9948.96,10413.766
-1936.1307,-13747.027,7898.349
4760.1724,-5705.7007,-14804.053
3877.7336,-6503.552,1829.3918
-9383.285,-8916.014,14889.132
-7065.58,-5125.356,-13090.3955
875.92737,3038.414,-13067.798
-2118.8105,2593.1626,19047.021
-1849.76,378.94852,2924.3232
1792.887,4547.969,-12259.598
-407.50366,5270.4556,12367.882
-630.1676,15.380638,5754.639
7995.0176,-9336.0205,-18813.605
9940.45,-5063.9546,-8407.279
5749.377,-908.18677,17547.848
705.1686,-160.61038,-1764.6434
-1529.4459,3738.759,-16280.142
-4028.8992,-5271.8647,10722.626
-2338.2913,-6781.6606,3340.9402
7420.669,1376.2915,-8019.5854
2152.813,5064.1714,4179.44
-11757.49,-648.5079,1982.9304
-10055.677,-5756.508,-7342.2573
1376.012,5174.729,3450.1555
7155.209,3861.3655,16813.957
1441.3677,-2823.1594,-4808.565
-8648.358,2044.9906,-5950.922
-4393.8755,4555.7725,14206.739
8897.671,6187.9805,-3627.9988
10349.544,10174.632,-13828.86
2163.0352,6827.3613,-236.14778
-6281.066,-3408.8313,2511.209
-5962.4023,-3662.2021,-3960.3425
2803.9814,-2074.3167,1005.16864
2692.4553,-4458.585,19179.902
-6404.7256,-9502.525,-5573.1934
-2365.0134,-2064.506,-21131.691
-27.867838,3961.7444,10998.246
-4460.434,-5512.1855,3670.5605
-4633.608,180.94312,-14142.103
-5664.699,-8136.009,-559.1831
1069.3687,-9731.432,5368.0444
6767.329,6733.9434,-7925.655
8342.205,8066.6587,3954.5342
5598.4316,4208.639,12163.058
3592.7534,-10567.764,-14519.174
3380.996,-7107.5454,-11737.707
2068.2593,3196.8813,11661.138
1287.4114,487.37592,7345.946
-4413.639,7006.88,-4041.172
-1547.517,9754.803,5195.101
-322.91003,272.02414,2920.696
-5243.9624,-5850.9517,-9783.292
-6351.336,-3895.8894,618.5418
-10514.843,-7322.8296,10813.519
-6521.7563,-6152.3696,-5111.292
5389.6646,3569.7842,-9973.707
7571.4604,3521.7,17458.658
-1165.6261,505.12708,12178.53
-2537.8477,1678.6027,-18599.096
282.1909,2087.3271,-3966.9106
-669.69977,-2299.3691,8443.1
6461.265,-1468.6034,-10523.215
8571.04,7234.809,-3475.0823
4884.568,3431.7673,12239.683
-3940.0889,2634.9446,-4541.578
-12314.272,5898.9688,435.97675
-2491.694,248.83379,21265.605
10153.395,-6636.0327,-9581.388
16818.277,-4071.1946,-27234.549
8609.794,10638.805,4188.057
-6117.4165,8280.338,12909.493
-5487.289,1041.7896,-10772.61
5417.7466,2760.87,-6196.477
9436.617,-3318.9292,17337.475
-2377.3062,-1387.3541,1331.1483
-8797.219,1145.6232,-9054.745
-8896.557,-3709.0835,7349.466
-11857.118,-8973.562,-2382.1604
-4524.323,-15960.594,-9783.615
-466.8563,-16159.485,14891.978
-3399.0415,-9112.876,11952.348
461.20102,2942.1306,-18912.15
6363.898,12127.895,42.29804
8304.348,7953.961,19875.445
6516.0273,-4696.7915,-9432.5625
1232.0126,451.70334,-12262.764
-18.152931,5574.5737,9931.348
90.256256,2225.5483,5788.5005
-7847.3447,8095.9595,3512.045
-2628.4324,4058.1514,11275.229
5809.111,-4137.2744,-4701.0986
3321.0715,-2234.9587,-16627.238
-1790.8126,6709.325,3435.4163
-5701.7876,6850.3228,12558.776
2344.6265,-4428.0107,-6249.039
5915.0405,-5119.0703,-8453.982
-2251.982,4051.598,7322.0884
-7486.9146,7233.1685,5768.5513
4565.3857,10770.237,-9005.852
18766.086,7393.913,-2196.6233
5843.594,-8068.542,6312.854
-12441.844,-10072.757,-11142.227
-17089.691,-2581.1213,3885.782
-14901.836,650.6404,20096.873
7.985201,-4935.8,-4411.6523
15297.932,-8171.6406,-6555.84
7741.352,-8593.541,5591.461
-6907.9585,-9515.749,-2164.8926
-9890.76,7420.541,-7813.356
-4576.28,15741.259,11063.376
1867.2148,6455.9756,8245.731
7082.837,-415.75073,-15403.062
4912.8496,3930.12,3232.7734
-5674.7207,9302.48,17588.533
-1417.5537,2435.7131,-11406.165
3879.198,-4380.966,-14070.711
-2508.7236,-10873.476,13820.42
-5126.2505,-7026.3896,2237.059
-1760.3438,1511.0891,-10577.0
-115.53627,2677.7869,12179.917
-4499.3335,-3187.232,14538.164
1358.2054,-6501.7646,-5745.5938
14869.578,2694.3455,-7148.7407
12829.461,8379.829,313.94965
-1031.2974,7900.2295,-7741.363
-3462.1853,4732.4883,1262.9286
-7627.2637,206.85057,12951.334
-8233.086,-9183.674,-5673.3394
6499.4614,-7139.314,-5392.352
8796.713,3092.1443,10771.016
2122.911,-1217.7383,1596.5985
-2868.8955,-6990.709,-12749.258
-3075.8198,-3685.6868,1218.2914
1889.634,1080.1393,13631.606
2789.8557,3060.842,-7055.1274
1458.58,8242.782,-6209.0186
-6785.9766,5677.6387,11024.637
-11729.22,1517.2916,-6026.924
-494.88055,11114.621,-9085.844
7206.274,20722.498,12116.331
3948.6794,10388.815,5605.9263
-4402.639,-9374.328,-14693.689
-13258.21,-12309.559,-4205.57
-6593.698,-6183.441,15028.145
5812.0605,-2800.9338,1024.7107
233.73912,-1836.8014,-4199.373
-4385.9185,-3964.136,7593.2417
6487.9956,-8013.851,-8708.95
15314.673,-593.04364,-17587.97
11048.232,7853.6,7906.84
-1208.7543,5032.1885,9814.795
-13086.497,2402.7214,-7267.591
-8701.881,1934.5642,3417.0383
5736.114,4251.484,5683.0195
12968.918,2293.1628,-6535.187
10183.7,3044.2373,-299.91003
5789.983,3637.9053,4016.3213
3601.088,-1151.8065,-14656.813
-7152.525,-173.67648,-14186.266
-9216.448,-1326.5828,17181.59
-8914.316,-9359.699,13097.593
-3473.8472,-7514.669,-15516.08
11065.114,3278.705,-2321.7068
11427.04,8840.16,12234.498
4177.6934,13083.232,-9165.155
-5343.894,7630.7866,-3745.253
-13552.188,-4891.185,16121.877
-7753.451,-10711.847,-3995.263
1668.4991,-3385.9866,-13903.241
883.104,8051.906,13037.414
943.8662,9201.878,8596.261
3364.672,6335.8184,-15950.74
10519.302,-3425.356,-93.58979
5951.8623,-9158.89,4284.5176
-6921.3164,-879.69464,-12721.617
-6757.0957,942.1057,5467.145
-3169.9688,-8263.76,19490.547
1854.7128,-12186.851,-5344.168
8329.417,-5970.3467,-17536.047
9410.66,6745.2397,1654.3824
-1272.952,10015.659,5758.154
-2710.5356,12232.699,-6653.6084
5877.15,7039.4766,3672.097
-2681.1594,-11491.068,14563.183
-11442.599,-9043.161,-3387.642
-3023.983,-4312.0557,-1790.969
-2454.1238,-1429.4474,12212.738
933.61035,1499.4541,-5738.812
13375.138,1289.836,-13321.516
6503.3906,2539.0415,3760.9885
-3841.0017,-5259.183,1769.3768
-3969.6477,2149.6917,-14043.396
3823.8306,14031.589,9741.39
5176.336,4291.0503,15144.796
-3239.836,-5181.805,-17081.695
-6732.672,-6863.257,-2604.9607
-5974.3647,-5126.8965,6784.21
-66.203094,4828.576,-8093.992
3781.0823,7612.668,461.99857
2594.6494,1231.4509,9462.993
-11962.969,404.4409,333.86398
-16973.773,6065.698,-1438.6285
3703.6777,10856.604,9103.736
11186.753,1086.4763,-5198.589
7333.175,-5420.1953,-19821.992
-667.39996,-1071.6743,2395.2305
-7074.191,-892.61926,15132.633
-4856.178,-1556.0328,-6272.9155
-3125.7996,-6014.5425,-229.34062
-6117.39,-7563.0537,20832.268
-3932.3984,-3359.4055,-2743.9094
6917.953,5446.8965,-16199.382
8201.282,14882.853,6116.2534
6449.82,9599.047,4958.3325
-3030.3115,-862.50073,-12733.65
-5774.9966,483.2255,-412.0045
491.1385,849.4168,10934.729
3197.128,-2436.1777,-5031.4863
12284.905,-6550.9097,-1643.4811
2302.9255,-17006.547,4360.563
-13200.644,-18093.432,-11307.421
-7814.6987,-7024.6094,-2030.1832
5668.714,6306.5234,11228.439
5387.2007,11617.648,-1894.8429
-4368.454,9392.674,-11235.371
-6538.193,3841.516,7040.1914
-4053.1736,960.214,10185.089
1231.0459,5387.099,-17776.79
6716.645,3900.6987,-6415.5493
5185.276,1210.8895,13009.742
101.26485,1952.3334,-6336.09
3177.9202,7975.444,-4358.8477
1355.0563,6910.807,18120.992
-3665.1113,-6451.284,-3762.0815
199.31657,-10345.532,-16379.772
1983.0706,-6158.3076,18251.277
-2958.6665,-48.02323,12132.586
-1497.567,-754.043,-21286.814
1915.5354,-5746.9966,-8544.71
4293.3594,-10091.328,15724.439
3825.2766,-3259.6477,-2829.4014
-5727.8804,10174.446,-8049.1387
-9649.797,5256.018,16376.466
-5857.365,7416.138,-7409.9443
4194.772,14288.471,-18301.14
4092.1582,6197.4644,11398.907
2719.0134,-4387.7583,5312.459
6326.8745,-4679.193,-10506.864
-2978.7239,1938.2845,6044.032
-10602.011,-1990.7397,18038.219
-6977.0576,-6170.5615,-10215.664
8856.598,-5301.0527,-14806.028
8054.134,-1392.8336,8537.637
-4076.8997,3365.2146,55.09487
2405.1099,3935.1125,-4557.6494
10026.178,-5409.717,8753.628
239.18001,-16389.713,230.42574
-10115.687,-5921.083,-11346.552
-4339.6343,2157.3008,7162.509
-3532.292,3979.053,5279.95
-4001.1257,8649.278,-17184.945
3105.3198,8064.731,-1331.0922
8050.9624,7799.5947,14561.953
2327.077,7061.5024,-3760.3428
-1688.7325,8778.437,-8742.511
593.7188,-1419.711,11448.248
-5063.8975,-9698.986,-425.8819
-1287.7848,-3685.5532,-13268.993
12041.921,-1468.6508,5147.505
7414.072,-5827.7305,2171.252
-7809.69,-4548.852,-12056.695
-10623.134,1685.8529,-495.4955
-10473.657,1476.2614,18304.295
-9656.685,2450.9958,2013.4999
-737.8661,-3377.7598,-8208.303
2692.5378,-9979.682,4436.2915
-4462.793,-8684.345,-5369.1494
-4964.4854,-987.9271,-8264.201
3057.9084,5729.477,8753.431
4249.891,3540.6738,5019.459
7008.146,3549.2737,-8912.754
13259.64,-318.27188,3540.503
2305.6675,-5373.431,3408.385
-4684.1724,-4897.352,-13024.698
13088.17,2765.596,-406.37296
22578.584,3642.1062,5588.681
6537.957,-4378.8477,-10269.399
-14084.278,-4471.987,-4301.489
-11451.981,-4729.2007,16505.771
1898.4857,2865.0017,5833.992
7217.1743,6217.5537,-12664.498
2516.989,-675.9698,1047.5837
-17885.244,-5317.696,7510.52
-22662.62,-9073.369,-8008.1084
-3949.8333,-3115.6047,-1938.3916
7683.703,-2554.8223,12647.824
7051.1284,2282.7307,296.00592
6350.118,17591.936,-4000.6567
4850.879,9735.933,7128.261
-2290.6575,-386.53052,-6060.719
1342.9661,353.6789,-14282.372
5990.7173,-6774.0234,7261.9907
-3648.5906,-4830.074,7555.5215
-11627.565,961.5463,-4230.471
-4532.1284,-3958.043,7350.773
4899.435,-3381.7854,2806.1582
-2138.4146,-386.0292,-7696.1694
-4789.4478,805.6336,9996.025
-606.49225,-2182.1216,7715.0864
-4115.506,-8254.98,-18781.373
1366.8839,-1542.5598,-6741.186
9039.055,-348.26154,22543.883
3892.996,-3075.4385,5280.8276
1009.7044,1613.0653,-16289.819
163.46548,2614.88,1642.0938
37.01475,4537.4487,4232.0605
5857.683,1284.7201,-12651.328
5022.273,-6488.2646,-1393.3926
-2534.7495,-11525.866,15123.229
-7995.551,-5054.258,-2987.1028
-3599.2283,14175.995,-11291.297
3565.0078,14647.707,14831.092
-838.50073,1555.8945,2285.0342
1223.9761,-979.316,-15595.069
11092.224,-5496.822,7130.801
6542.536,-4252.5713,-3718.1934
895.894,6714.503,-13056.508
2751.9897,5049.9277,10675.0625
1859.7339,-1142.2488,8488.401
-457.08582,165.65854,-5426.1885
-1231.6747,-6209.9644,4213.9043
-5364.8037,-10784.68,8836.491
-15250.303,-6377.7437,-7569.989
-8250.079,-5988.6074,-5773.791
4417.6943,-7327.679,9327.736
-3129.8123,-9099.213,3622.2957
-4831.5977,940.43726,-6028.9004
9825.753,5842.3413,7643.9976
7147.509,5689.2534,5789.576
-3100.6113,8809.219,-8619.701
-11.81492,2762.3142,-432.40448
-6443.8486,931.9606,-6023.462
-3181.0452,-1556.1656,-9304.324
9125.659,1498.934,7262.9956
11099.75,6157.455,15541.613
8243.15,4703.016,-3347.0388
1427.8837,7167.009,-21964.088
-207.33705,5415.9443,3484.2722
-7159.511,2744.634,5719.001
-6844.144,1859.9785,-8747.693
908.2004,-5833.4033,6717.8945
-2978.3447,-9282.808,3848.2983
-6400.32,1392.0673,-3920.0361
-2644.8748,6071.728,5047.349
1859.8267,1149.5715,236.58151
-627.7841,-2264.8064,-10949.375
5189.5767,-788.15247,-1359.3447
2791.2192,-1729.057,5542.2285
-7291.6543,-8239.099,-2522.6536
-4817.9556,-7150.3594,-3589.622
318.43106,-4932.1147,9488.3545
1058.2455,1036.5753,9492.245
-1245.2335,4014.1982,-4813.4297
3078.9556,237.53806,-3414.519
-1349.6882,-1002.14825,-3541.2686
88.12108,840.6293,-6878.981
10408.37,7654.0044,6373.7812
3953.9875,3905.3867,8166.728
-9028.429,-2655.4712,-8119.582
-6067.762,-575.1432,-327.98032
9881.169,2320.0776,10853.09
9454.239,2909.0388,-6371.03
-3259.9497,5802.524,-10423.325
-2742.9226,7327.133,2241.3967
6180.1997,4442.034,-3193.5688
4861.701,6449.8066,-9651.109
-1019.5159,2592.7668,8463.123
-6098.8794,-6163.1196,10366.288
-10354.349,-6451.4673,-8229.685
1012.2125,-1077.4784,-3511.0037
8793.725,-3669.1167,4210.5586
-3722.6353,-9885.733,-3946.6772
-12627.305,-7374.005,1502.1434
-4979.9263,1920.4418,13261.0205
-234.77945,10512.003,317.59634
-2645.104,10236.652,-9358.119
1072.9198,1412.3464,2924.4663
3162.6636,-3406.5989,3362.7551
10722.549,5142.23,-13588.21
20191.195,9589.691,-5272.537
9810.21,951.45044,3521.6846
-11390.804,-10642.014,-8467.889
-13769.967,-9441.149,3769.15
-2127.0586,-8416.831,11167.022
2856.0488,-9071.834,-8821.813
3192.5808,2940.7573,-5628.7837
364.20474,4493.244,17324.354
-7881.597,3481.8513,1038.8276
-4622.552,5784.272,-14012.191
12378.622,2869.526,8143.506
4048.9375,-1560.4484,8876.5
-16012.235,3461.3862,-8065.07
-12213.5205,10854.103,-1862.0242
3272.7478,3368.393,9311.263
9153.266,-1608.5505,-6610.7812
10812.072,1870.2211,-6845.9424
3297.8257,1056.8906,6934.8784
-11750.596,-6869.389,-1953.7693
-9663.314,-6638.521,325.5256
-1700.7775,-6232.893,6053.109
791.6357,-7252.9478,-4996.346
1497.7363,-3203.2605,-7613.282
9786.604,-247.99274,4880.297
5341.4,4683.211,2227.923
-6204.613,3576.7712,-8946.326
2785.3486,-4160.513,3618.0952
2611.4617,-7158.6367,9079.673
-8557.929,-2196.2766,-10975.948
-6902.399,5887.162,-4606.0015
5288.8604,8343.635,16229.797
11916.657,6614.557,-9276.86
5615.247,4024.8132,-17864.297
-1942.5343,-4143.729,15134.643
-1043.4484,-5880.902,6090.093
-1400.6443,-703.7527,-9287.025
-1178.9108,-40.71945,10908.448
3455.8345,-1014.10803,4541.2563
-1771.53,3133.0837,-16362.132
-3274.971,-2495.299,263.90308
1930.2363,-11355.176,8235.441
-1472.5232,1018.2912,-11421.752
-4102.233,3965.627,1006.97
-2758.5576,504.75098,19041.951
-10872.562,6287.687,-5801.314
-14039.974,5873.014,-16456.012
-1275.5339,-623.61316,6211.104
9685.313,-7599.6567,7035.5303
11376.654,-1447.9508,-7771.908
8888.4375,3517.8938,-2393.5237
710.051,1896.7462,1876.7957
-10299.731,1737.8696,-2626.8484
1.8547329,2708.142,7727.54
9211.304,546.39154,8574.546
4784.916,-5000.6343,-14114.759
6086.0977,74.44633,-12866.133
5329.7603,3161.204,9400.096
-1287.3013,-996.8541,4897.355
-8392.599,-3046.666,-8912.702
-8932.1875,-9422.706,8018.477
-6219.372,-12732.852,10141.107
-2809.4312,744.29065,-13055.32
1957.9948,9022.703,3019.3835
4378.599,1211.9895,8733.482
-3100.0393,3983.5435,-17471.41
-6754.2974,6873.9707,-2046.0159
1886.6437,-2335.2302,12913.985
1415.0934,-3529.2715,-8219.161
-2208.6843,-2607.1587,-1808.575
4655.683,-4538.5674,11919.554
6598.258,-5303.349,-7944.2095
1779.4613,-3890.2175,-13974.513
3300.122,-1196.6146,5884.971
2540.6846,-1788.5065,4637.5425
-4268.1924,1953.2538,-6429.683
-6483.7793,1498.233,8462.33
-8079.9946,-1172.0173,4315.9307
-6147.4575,4017.554,-13795.865
9859.038,7915.9126,3688.9353
17400.215,5545.5015,11404.255
1035.2604,-1919.4572,-4179.9014
-11735.151,-5893.488,-2540.0154
-7950.883,-7776.58,8822.184
-914.2444,-2868.8606,-4246.352
3839.3801,6045.829,-10782.682
4516.8076,4737.699,10442.03
282.83508,3024.7227,-898.5598
-1908.5656,4679.5527,-16110.3545
-656.726,624.3375,4665.1646
-1667.6838,-8833.693,9485.445
-9529.025,-4491.734,-6977.3745
-9414.532,7539.653,885.1978
9059.514,8040.066,17587.96
12276.167,8489.103,-3188.8008
6164.7725,3528.8367,-11881.871
5725.9004,-2708.375,5433.017
-1870.3907,3854.3484,-2631.995
-2543.2756,9137.062,-6995.657
1015.4687,-338.13098,10048.165
-3662.121,-11301.995,6874.9165
-19580.25,-7478.838,-10787.902
-16470.078,-1941.7151,2808.689
3489.7976,-3668.2349,11834.972
6147.613,430.45297,-9021.598
3478.681,1825.5801,-1384.2562
5881.7275,-2888.0164,5302.458
4531.323,1713.7382,-11849.094
-2335.4497,4131.9995,1622.379
3336.555,2763.2053,17584.574
1842.6267,1416.9574,-7994.2183
-7357.3335,-2262.8071,-16318.946
-420.27917,-7184.098,11563.182
2814.738,-6736.7134,2928.4543
-1539.9941,3329.3896,-8376.914
941.20526,4076.7358,14636.68
7719.648,473.3658,8574.858
-907.86053,3692.7021,-12214.555
-5022.5312,4060.9973,-1817.3632
1674.7158,-1823.1337,8214.784
-523.63403,-3369.2422,-5281.1577
-755.4367,216.70673,-3583.247
1300.199,-2227.7815,9158.356
-3047.5527,-1254.6685,-1193.5493
-11261.67,3161.4355,-4124.3013
-3208.145,-692.73914,11874.77
8118.3086,-3380.8438,4006.7966
7220.5,4871.695,-16837.78
2257.0188,6443.5044,371.57315
2209.8228,-982.1331,8615.558
6974.5923,-337.53375,-11019.518
1639.6746,-624.9172,1536.9315
-2583.6978,-10412.254,12495.514
-4225.041,-8361.95,-5936.5737
2519.9617,1828.378,-5108.8584
11345.169,-5607.9272,3465.4216
1370.0216,-8777.709,-7918.998
-9605.465,-3403.4282,-3576.3635
-5377.2305,-3971.588,7738.16
2112.7163,4747.8477,-1348.3676
2994.2307,13288.215,2371.6501
1674.7095,11585.458,17257.146
-3469.5867,1042.0779,-1297.4509
-4677.725,-2990.4668,-23897.527
-299.82013,3510.3325,2894.2725
8615.658,-375.44888,23078.906
5200.2515,-1211.8846,-7916.3813
-4224.011,-6071.5986,-10298.87
-4996.956,-14467.065,14638.857
-4167.61,-4885.177,-1989.8558
6959.6475,2857.303,-6048.034
6459.79,-4691.948,8305.118
-1784.1945,-12663.69,-7307.701
-7329.6304,-6391.0977,-10328.182
-3119.9468,3357.533,8196.031
5357.5674,4852.9824,10948.924
-3089.7068,8443.719,-2707.6653
-3219.4163,5958.926,3979.7131
5555.1064,320.3592,5371.688
5181.304,6475.934,-14350.548
2531.0847,5887.4004,2497.6472
-1385.2048,4334.265,14257.423
-6668.8315,394.9551,-7769.897
-3374.1553,-5646.834,-3603.33
3172.5027,-6566.0254,16203.5625
6296.0444,-9253.634,-1025.2599
4927.4473,495.1124,-18152.656
3397.8574,1900.5984,4380.4214
535.7772,-2583.016,5979.082
-5177.3613,1670.3455,-8076.6265
-2311.0095,-6457.3438,9558.75
113.72256,-14824.362,9305.394
-595.9041,-7396.285,-10999.444
5363.355,2664.0408,-4298.7817
8185.7075,5459.9014,9415.261
3937.652,8925.572,-4935.0933
956.48956,7587.334,-6954.454
2206.4854,-2813.893,11296.7
2026.1908,-6108.734,-4777.6523
-6299.4136,-3029.6562,-11663.786
-11262.173,-3382.1445,10694.088
-3256.782,-872.1692,2000.922
1853.4672,11063.946,-15716.176
4830.696,9974.571,6471.9497
3689.3154,-3941.3494,7829.084
-8789.81,-1628.8177,-13103.592
-12034.415,5730.521,7900.147
-6902.4644,-999.1509,16436.898
-6204.2285,-5897.481,-4775.027
458.64627,536.29065,-4627.705
18634.066,4561.542,7927.516
14825.911,7818.086,-1467.0525
-5826.868,8401.796,-9099.33
-8230.182,-4983.052,8367.684
-5453.488,-13600.896,105.368805
522.9213,-1064.2645,-9506.101
7685.4717,4069.2356,10374.7295
7243.767,919.4345,1614.8763
-1715.5835,4999.153,-12176.342
-5464.87,1911.6633,9077.313
-4108.215,187.12447,11110.966
-10270.427,283.84033,-12976.101
-6653.5415,-2617.3784,-2779.002
-1716.1093,-3727.5334,9981.451
-2232.7002,408.32153,-2633.6917
-1490.7024,7229.6626,921.3336
5399.782,4160.191,6258.2544
6233.865,1552.7947,-8497.004
4194.1196,-263.81058,-12544.633
4611.9746,-1423.2482,9216.478
-4414.4224,-1068.5767,6801.1772
-2498.9692,-2651.8118,-12601.558
2306.0037,-3504.0767,2069.0032
9522.633,-7528.8833,10667.929
17327.727,117.0807,-9229.984
6390.2563,8351.806,-6870.3706
-8567.133,-4308.6035,12997.364
-17406.992,-5428.715,-6050.304
-16922.648,2545.491,-7969.4385
-150.26115,-991.2753,18251.414
8401.05,4106.041,-3775.4385
2115.1125,11389.365,-7063.909
1545.6525,7358.754,10666.66
-2271.9443,4170.3145,-5211.52
-10170.873,4601.794,-8369.991
-6869.9956,-4161.537,13240.3125
5986.564,-5844.6216,10088.796
5827.634,2260.654,-17931.812
3171.6038,-3265.203,-6360.7705
4582.9263,-4504.566,6604.2046
143.50984,2787.1228,-11030.352
3399.4934,1416.973,-2523.9763
4628.884,-4273.97,9193.918
-3881.8936,-6463.0117,-2884.1982
-12680.707,1844.0575,-3525.7605
-5486.8926,127.858116,10213.722
4938.484,-1570.7881,3229.703
2936.0127,7670.373,-2722.7532
5846.06,377.77737,8379.933
3352.145,-2768.739,-6192.002
-6197.431,2978.6108,-15717.706
-5657.659,-139.5913,6944.351
3116.3147,-53.38111,12332.564
-319.31876,602.5721,-5514.8203
-7319.382,-4445.518,-5204.598
-5373.276,-7658.3813,8748.871
-3138.1445,-1887.4459,-7517.1855
6170.2607,4309.778,-12120.263
7208.549,-2695.0393,12017.55
-1679.7976,-4584.979,-3882.3418
-5368.1753,1637.1682,-11468.42
-2030.6166,-2358.0718,19382.07
-941.8696,-205.78014,8029.3364
-7190.6533,12577.891,-13591.12
-1505.6525,7572.532,13030.373
9265.404,-689.8221,6064.232
4361.3555,1697.1667,-21514.006
-5639.747,536.65546,1509.8096
1828.0055,-697.3021,9511.527
10400.76,4331.2993,-6861.042
4567.607,8693.983,-567.30634
3679.3865,-1600.9852,9129.198
-1344.3964,-5976.804,-8640.864
-872.2577,-3742.1777,-8733.081
7707.9434,-8796.979,9930.138
-1748.274,-3816.044,-6251.4355
-9163.266,-290.5844,-283.5588
-2016.2039,-2630.5386,15696.407
2409.7812,-1564.4259,-6336.534
1755.8389,1427.1608,-12729.5
2770.577,6152.387,6355.028
3669.9968,297.42593,5732.71
-39.118576,809.19617,-13136.807
797.0101,3610.9666,-1512.8196
3865.268,-2828.4485,8596.802
-9582.879,-109.994736,-7304.528
-13854.685,-2077.503,4559.2524
2385.942,-770.4582,17938.506
14025.771,7612.215,-6441.004
13892.264,8238.052,-13026.129
4566.911,1347.6287,6976.1177
-7780.5894,-4214.9707,-3230.8105
-9601.311,-1947.213,-8114.9644
1902.6775,-7211.8228,13619.275
663.82776,-8772.97,5063.69
-8004.1973,1522.9828,-15742.817
-4464.187,1443.5604,163.20929
4636.705,-4127.4023,12071.812
522.7272,4092.8691,-7809.2324
-6927.821,3921.6182,-632.56494
-2185.163,-6221.9077,14793.147
1110.2173,1840.6267,-8334.927
5630.1567,6942.4946,-6035.404
8966.972,615.09515,12596.06
1571.4983,1900.641,-9337.79
-4504.7603,4605.779,-12540.35
4632.6333,952.24304,6092.1045
8220.273,13.4708395,-3282.9595
1399.7583,5501.9883,-4787.9805
949.21704,6435.489,13918.22
2808.6316,1674.8672,1847.1996
-7097.2046,738.9639,-14434.963
-10172.313,-3689.0461,8164.584
3673.6592,-9288.654,7954.944
-1183.0446,2540.0908,-11025.167
-9416.112,6670.1934,4140.1743
-5642.186,-864.1743,12392.278
-6973.749,1006.6437,-5010.906
-7921.3574,-1027.1879,-5301.0117
-332.01163,-3753.025,9355.704
5155.9585,196.69623,-571.923
7254.247,8725.1045,-9016.474
14012.961,2845.072,2591.259
11326.627,-3310.145,-4113.153
323.49402,5346.9194,-9808.889
2323.381,-337.23553,9624.59
8207.555,-4965.454,8248.439
979.2095,-863.42993,-8189.4985
-4082.796,722.5126,369.39087
-9464.814,-308.93063,9849.787
-16234.7,1562.4161,-2792.9097
-16303.792,-4059.5242,-2993.3193
-7231.687,-11827.118,13406.599
3241.3398,-2683.6877,-2646.3396
6788.795,6775.0005,-6345.0845
10798.184,9945.0205,15432.847
9461.186,5003.378,-3002.9946
2590.8691,5282.2144,-14492.353
-676.07184,-1432.0894,4933.5376
443.18222,-8294.152,982.71747
-1695.9789,1245.0458,-4342.026
5035.46,2914.323,8459.325
9948.532,2971.618,1015.6286
-1223.2413,5399.7573,-13161.782
-6016.2246,-297.1533,2494.0266
-3776.78,-5754.2305,2170.0806
-2180.6494,-4698.458,-14895.759
-2474.7532,-5462.349,2589.9292
-2404.5474,-4162.1455,11586.018
-6097.7627,2545.8325,-5731.0337
-6680.8677,4891.933,-5254.6494
5879.861,1816.5768,4962.675
10540.113,5050.982,-4009.8489
8719.673,11496.13,-7724.0347
6536.9385,4322.332,6325.8354
-2260.7283,-1555.3871,287.56787
-11665.015,-2689.9695,-6141.701
-10500.764,-10515.552,7127.9697
1414.9596,-9104.763,5133.926
9712.295,2706.1282,-8030.774
10394.03,5771.046,2047.4598
5241.2266,5283.2124,9969.881
-9986.882,5350.5864,-7623.31
-15832.48,-5516.345,215.56644
-7958.3755,-8151.709,13639.131
-2906.3591,383.0071,-2565.5747
2237.0667,3040.3784,-3200.7913
8100.8594,-3527.8345,8852.522
11248.847,-3470.5469,-5332.9214
4050.87,6583.4,-14347.06
305.69843,5463.762,8535.619
2022.9382,5277.046,8760.628
-2268.7954,6483.3647,-8753.423
-4642.809,-5507.326,2254.0107
-5476.263,-7710.3325,4164.5117
-4000.7227,3052.1052,-6407.6216
3424.2795,4633.945,332.2275
4181.63,2113.783,1731.856
-5529.3784,2226.1672,-4398.731
-5792.5557,-2593.4114,397.00586
-1209.8397,-3575.3032,3442.0894
-3508.5203,2604.3938,161.95888
-4638.236,1130.644,3182.6387
-2228.5107,-4668.413,2868.5437
3169.5386,-2979.4993,-5894.0337
5527.345,3243.9807,-6936.4536
5238.9126,2948.2817,3913.8179
1759.3499,-1151.923,564.01355
-4755.1147,251.91782,-6942.0996
-4128.7334,2312.1963,3308.5457
1847.3468,2478.2974,2490.9856
6998.638,2492.9543,-4734.5205
7992.232,-1822.889,3178.2698
2597.949,-6647.9326,2969.9766
-7456.097,-5564.157,-9007.39
-9860.969,-2779.094,-732.0395
-1787.8286,-1846.1543,9767.565
3809.4546,1477.0203,270.00403
2094.176,4581.009,-1680.3022
-522.0092,3485.5574,1111.3055
-723.8565,4285.7974,-2523.8936
-1897.019,3472.1765,-2827.9482
-254.89532,-1417.6945,800.9138
1196.1823,-1594.0297,1078.2833
-1839.1857,911.08356,-966.3368
-1930.5946,111.49157,2588.329
-572.4237,802.659,2611.7444
-560.2731,3050.9546,-1372.6431
2167.155,575.94934,322.13278
3439.4756,-1982.5101,-1287.9008
-1080.9554,-56.507965,-4994.158
-2662.0857,-895.5714,165.79173
-154.85172,-2824.8105,2592.0662
1449.6855,-1112.6726,-1272.386
788.8456,-801.29755,-227.92188
572.262,-1256.417,1606.9292
1993.787,296.72696,-1154.1201
-176.84062,1544.0333,-2676.9155
-1259.6946,-145.89307,750.6042
-1251.4034,-819.8652,1057.2516
-1851.3376,461.9071,-771.5923
-930.45526,-202.56085,1601.513
-424.8156,-264.46063,555.6611
676.29224,788.9044,-1635.8228
1899.1489,555.3751,757.99426
1694.5231,728.95593,-435.8046
-100.962364,2226.3516,-2095.2249
-894.21405,1317.5452,936.7523
646.17017,-466.75656,1832.4155
677.6551,208.26779,-448.7187
-537.5522,-461.11838,-495.37985
188.16086,-1796.9259,632.3445
182.65422,-134.98445,-1132.1483
-738.55396,732.9214,-489.1608
238.0869,-964.53046,1150.5494
510.88864,-1423.9268,-971.0909
-800.468,-1129.6195,-733.85516
-848.4849,-1186.8038,1187.1711
-612.8198,-10.627121,222.93378
-721.25116,911.496,-472.85602
324.8224,283.32108,164.82036
1035.5345,-140.14064,61.293846
474.8145,372.67233,-377.79974
-194.39885,159.75186,-153.7964
-250.01553,-329.80023,214.20958
38.236134,26.968962,141.72998
196.36597,53.44903,171.93924
270.21927,60.12632,144.33743
-6.7236233,193.30951,-210.16405
-324.78693,-55.55041,-74.55929
-69.12505,-218.14673,142.21956
99.63538,-104.46539,-120.49943
26.206291,-6.425978,-29.448349
62.877438,-238.91768,238.55995
-15.694685,-109.19216,-43.204044
-69.85676,144.17831,-168.441
39.47401,19.361189,19.685987
87.38798,52.094624,-37.84887
27.880028,93.91439,-57.25875
-49.631817,5.7701464,42.677547
-7.3538895,-11.256402,34.11494
33.63972,19.149405,-15.95633
10.299473,-1.9148418,15.021616
9.3497925,-15.80208,18.649073
-4.483714,-0.15128876,-17.13207
-9.173471,-0.64281094,-0.75381297
-1.5453651,-3.552564,5.986601
-0.7267531,-0.8473843,-0.46599615
-0.0,-0.0,-0.0
