ax,ay,az
0.0,0.0,-0.0
0.01905523,0.012640202,-0.0060390686
0.06921629,0.012991891,-0.038938876
0.16480151,-0.052519158,-0.11332684
0.08785692,0.02105563,-0.19363362
0.45129517,0.034133494,-0.5407983
0.4643755,0.23667383,-0.8113285
0.15796007,0.8968687,-0.8654697
0.3696864,0.79823357,0.06253693
-0.21224,0.9706784,0.049226034
-0.8428003,1.0323125,-0.5909228
-1.1981261,1.377282,-0.22387002
-1.290641,2.9040487,-1.0796839
-0.3354195,2.0013013,-1.4676392
2.414267,1.7003733,-3.457231
0.03890605,4.4260726,0.9287209
-0.97797114,0.1463674,6.272364
1.2969633,-2.1896358,6.477278
0.76289165,-7.607304,1.57567
2.7822287,-10.987536,-7.014763
-5.160475,2.125979,-10.096128
-1.5139861,-0.2698184,-16.630932
4.5041723,3.1980865,-4.9501934
-11.189326,-2.0430448,-6.271733
-11.2456,-6.274833,-22.742445
-13.171422,6.457388,-10.455172
-6.255144,1.5924861,-9.261457
2.8595462,8.928281,-10.721254
-0.5779,9.078321,-6.689993
-3.7878158,15.5210905,21.111494
-23.085733,17.676445,62.19922
-20.71944,6.806029,60.500233
-13.821415,1.1780636,41.671764
4.261345,-13.203913,16.695786
5.401712,-3.715126,6.332447
-8.434514,3.2107036,12.833589
11.190605,-10.6376295,5.9342194
2.5584788,-15.872956,-2.2044942
0.8234622,-11.179688,0.7100746
-5.7438364,3.556942,5.5930915
-18.051876,21.943125,6.278522
0.80213153,22.635754,9.287814
11.854917,9.283071,12.666807
-9.686492,-3.1349106,18.076525
-13.367688,3.7361653,4.781031
10.427051,-5.8002777,0.6687568
-5.6442914,-27.0565,17.88737
9.599286,-35.815212,31.930365
-0.84726965,-52.112514,15.862879
-13.74817,-43.860195,-32.841415
15.871306,-7.56363,-18.137514
-5.9730954,10.201606,-0.10230257
13.2447605,-17.931631,8.690231
2.0619764,-15.070837,13.749418
-22.713547,-3.174912,-50.64382
-9.25828,8.253731,-53.12595
-19.31311,31.58408,-3.8159757
2.4579067,16.102499,6.149448
-15.7102785,-4.8682766,9.001778
-22.121067,-8.856759,12.447073
22.831991,7.0423574,-16.705198
65.963684,-42.17439,-25.671534
48.530857,-65.7844,6.7054987
4.708128,-60.253017,-5.673018
15.174952,-93.6236,-19.408699
23.402348,-51.38306,-26.27923
66.97227,-51.024437,-8.43981
10.702827,-89.39696,26.732191
-52.346462,-18.286478,-8.252245
-10.4009,35.313236,-27.82443
-16.878761,46.301643,17.44813
-11.554568,75.58659,77.30515
-40.37281,37.91168,71.56368
-58.427124,-4.381316,54.136177
-16.391499,-19.981638,61.011303
9.435632,-0.18400225,47.065174
59.604465,-47.594883,52.119495
64.99331,-87.22124,33.337234
6.1924887,-65.47528,-24.387623
26.71061,-93.06831,-30.262903
59.17442,-46.731953,46.88664
39.714497,-112.35018,-10.356972
42.517643,-61.137653,-73.501045
-2.5108032,86.819954,-90.50721
-16.622374,96.39402,-125.0612
38.163826,89.06868,-26.558832
1.455357,43.92332,-53.205048
-39.492817,100.15216,-57.923103
-17.858952,7.9359117,-41.172264
21.366127,-78.232925,-66.09555
6.332443,-49.819683,-50.599216
-40.172718,-88.57647,-57.05308
-11.797802,-38.410362,116.43255
-71.52071,38.66187,198.12433
-130.66763,98.976654,243.33438
-82.93911,143.1452,282.88657
-5.302055,146.09056,199.0333
94.487,41.408024,198.71971
70.31962,-33.161514,138.9582
35.68652,-35.18348,71.13233
65.03279,-34.062176,53.469563
19.0748,20.21751,44.46675
17.399128,19.935633,18.054346
45.441036,-11.39035,-4.479196
8.362844,47.151302,22.281343
32.56568,50.425774,45.085674
-4.4003606,3.5895307,102.80473
-68.76687,-26.239815,109.47877
-8.181462,-76.016716,39.328903
4.7343574,0.840672,-27.742945
-11.134911,64.99306,-70.13034
49.15032,105.67565,-33.639835
86.578476,166.18047,60.696728
99.410515,87.8819,44.128773
144.07957,-7.7536306,-45.349308
32.499397,-11.967534,-65.66949
-97.040565,-28.84782,-82.40101
-73.87831,-50.720695,-60.255295
-90.46334,10.31409,-3.249827
3.213518,37.005924,-25.399637
97.270004,38.559296,-2.0152824
-14.203893,-50.824944,45.64434
-22.539017,-164.85321,-34.340744
-27.8126,-119.43737,-89.37675
-70.98104,-90.37067,-97.79274
-15.556387,-46.864532,-92.374435
37.854984,38.515697,-131.72452
68.40211,68.05032,-182.41034
-41.074726,55.45315,-127.84558
-63.2006,-5.9525967,-48.153576
-69.69078,-69.16833,9.73884
-127.363716,-140.88829,-54.206158
-16.733292,-209.80199,-99.87132
-15.330279,-137.04256,-53.684475
-58.642788,-37.687546,-55.86776
-3.6889095,-131.08879,-87.397194
106.71549,-182.68079,-48.0341
108.185905,-33.87356,-41.842773
-33.331104,17.898191,-59.733913
-25.03225,-41.34807,-85.050835
-6.290891,-26.625134,-64.09246
-50.62517,-96.90113,51.974987
1.8207334,-81.21259,-33.753563
-19.909948,-2.5173125,-168.13376
-65.14396,94.52732,-259.20724
-113.43695,168.18303,-46.764088
-146.7674,-25.716576,19.527004
-54.762455,126.31781,-51.391987
-72.530556,66.409454,15.0763035
-96.746376,-90.793205,-268.76324
-14.01102,43.28095,-178.0222
90.76474,-111.540085,-194.94725
-21.72188,27.161617,-189.53008
-17.665247,35.181324,33.005104
104.33481,17.54275,45.973484
-109.43524,67.296524,182.91872
-7.318244,-8.106918,29.879677
5.293441,122.49939,171.40854
-153.38544,49.65373,247.85387
-13.480971,-67.82766,63.28153
53.14681,-119.96101,145.04303
121.43563,-47.672897,98.44178
139.14954,-14.099391,90.73177
157.11584,-41.818512,-9.837564
56.16704,84.29966,-43.40232
-10.305197,75.04571,132.76665
29.695923,-47.319324,144.74179
-107.8195,-44.479862,-13.373656
-102.93789,-46.62363,-80.63276
15.413492,-62.972267,26.200914
80.411545,36.23021,101.38339
92.12688,124.58398,159.81818
35.066765,179.83324,67.32058
-41.639614,73.592285,-10.225702
-62.554203,-15.323493,40.449047
-143.22026,-7.567811,-9.773188
-58.96797,-82.11687,-32.97626
165.90085,-36.060158,-54.457348
108.651596,70.67037,13.939031
150.09421,38.033966,47.59346
92.32094,-20.304354,25.568449
-84.23009,-66.960014,85.29925
-16.487455,-74.028114,34.812626
7.813849,-44.72332,-31.72282
3.2935874,-106.5184,-85.58814
-49.78212,-76.75143,-27.452383
-12.325539,-58.172016,17.393143
80.23056,-45.33869,-42.31824
-9.640306,61.84995,-22.322495
-15.777817,150.1235,-83.11987
0.860883,241.55296,-54.233498
-117.09909,126.855354,122.26206
-109.10486,-0.038189653,134.0223
-21.573597,-22.618174,37.585285
-12.901283,-12.283111,-38.170597
33.25607,11.495465,-57.07591
59.36659,-35.68829,13.106654
62.832188,-12.534383,-56.676865
1.1220644,7.0343094,-121.9316
-146.70836,47.06564,-0.8510851
-184.66934,74.51477,-5.780806
-151.79834,17.258486,-5.0927844
-50.248116,-3.1642978,-84.52183
37.08917,35.959476,-134.77568
71.968185,84.15009,37.227303
162.80908,23.063702,81.36151
123.54152,-43.47517,78.79373
39.337048,-8.20607,19.998043
77.3226,6.657549,35.14549
54.597927,41.76065,121.1228
-49.054493,-24.480114,77.535515
12.750815,-172.96356,-35.615204
9.060017,-110.97633,-94.01877
-64.33581,-50.907234,-144.46124
61.733852,27.845285,-82.93402
8.671993,9.805338,136.33356
94.88649,-53.71791,-44.260254
54.879448,40.8299,-103.97902
-105.48037,15.887301,-118.98547
99.682304,39.772186,-218.19254
17.655035,-21.260513,-90.50694
7.2232184,88.67923,-182.75113
-65.24522,231.50764,12.584786
-141.26738,105.140045,157.39705
-56.399204,210.69293,174.63722
-82.10468,164.86354,234.19647
58.645527,45.70271,-11.954406
-35.104824,5.9794154,-59.766853
-89.58239,-108.809654,-66.029366
-48.94621,-101.94585,-58.137817
-12.209958,-117.093185,114.31932
-33.853706,-141.94257,148.7919
-45.6877,-43.48867,48.23097
40.397076,59.541206,68.6054
-110.461914,63.9089,157.25374
-158.02187,40.90867,131.71004
-205.73608,4.1336713,156.27734
-110.54469,-43.958206,193.5714
-46.267582,-26.964804,180.25697
-91.633224,40.835842,153.80698
45.711163,58.12211,114.32105
20.866158,49.36568,120.11796
42.336197,-9.370136,50.683407
9.536614,-3.821999,-39.152943
-35.4758,27.740694,-68.030304
91.373085,-31.221136,-140.5045
85.62718,51.70821,-148.22147
43.196938,80.52408,-113.012085
128.12933,-19.027367,-63.246807
83.09731,-59.30901,-45.66741
34.17809,-14.906034,-145.6847
79.25214,0.77585703,-86.89017
-15.437704,-16.984606,1.0900654
19.745377,13.058731,-82.606155
-4.428966,28.771084,-125.743835
-19.101084,122.788536,-50.62056
111.49515,163.39545,-0.31462193
78.51554,114.78419,-94.888885
120.98297,27.135641,-40.83056
161.46877,45.157913,27.168205
114.15879,123.80715,-46.191456
106.349815,10.470866,25.97376
76.5682,2.7842288,98.78605
37.70799,40.21557,78.07548
6.366182,-19.950361,18.599197
19.466269,-57.43346,8.392955
40.68355,-17.762468,116.50418
-25.79602,-8.92598,154.08546
-20.728168,-13.578824,35.28005
64.93985,94.83233,-32.191
53.415905,134.08772,-81.90096
29.583014,161.12349,-74.948524
56.500576,48.185226,34.89934
49.088234,-61.957623,-10.188462
79.59097,-77.26467,-44.51596
111.250305,-126.32046,16.757692
63.495987,-23.253115,7.4390273
201.08475,-13.029004,-67.2539
182.25044,-32.728508,-77.521805
-3.1108258,-26.254095,1.0988153
-26.585794,33.139023,-3.697375
19.018867,59.648834,-114.58059
106.6588,-67.333786,-72.15887
-15.555402,-29.391169,8.9611845
-38.394665,3.847317,-28.503935
18.950266,-16.038927,11.851354
57.054325,-73.360756,5.596607
29.45676,-72.70571,10.163265
-132.31152,92.9094,5.2114873
-74.52575,146.09062,-26.985186
-91.894936,46.970886,6.407825
-103.04903,-26.939478,111.41206
-98.20198,11.0206585,235.88324
-84.62864,18.76705,141.29292
-9.982249,39.208164,52.606518
-20.122644,52.56692,28.04873
15.140529,33.45974,123.06692
-84.23452,41.72379,194.80244
10.372658,-75.40029,76.33807
194.71994,-193.67705,52.66503
32.259407,-172.10768,-16.382433
-57.257084,-126.80625,-74.18294
-35.549767,-89.38224,-113.99819
-74.78789,-101.25387,-66.172295
-103.440346,-113.676865,48.62247
-84.52328,-55.78984,-16.863758
36.45239,-94.96372,-48.50603
51.98908,-85.61196,-48.779915
7.866563,-77.490166,-33.308914
34.914555,-160.87764,-10.248386
-3.060657,-73.233055,-41.863407
-18.616882,-14.605355,-88.11603
-53.180115,-55.321632,-66.68145
-22.198997,-68.840866,-2.1044238
-3.7873704,-25.70133,-35.84363
-41.944042,-6.270769,-78.25994
-51.030685,4.4557037,-38.99458
-158.84099,74.19615,24.852955
-114.72958,10.452481,-18.467062
-19.71381,-56.973206,-49.69693
-2.0608115,-55.592434,-45.79567
-14.277792,-10.870953,-60.26224
-88.98702,62.397003,5.6367645
-68.68104,38.7984,54.767586
-44.277134,27.14168,54.037407
-80.22312,50.20385,25.615192
-55.80638,60.089947,-24.0344
-84.70331,122.59144,30.20931
-171.22456,119.45913,92.57074
-124.779396,-57.651978,-9.669627
-88.74335,-50.028996,-23.420435
-83.42038,103.554504,42.64993
-37.0015,44.33474,29.487251
16.652636,-0.36280578,14.175666
-62.207993,34.03304,33.77759
-63.388275,45.82127,28.639736
135.5819,53.958263,-60.727142
94.72167,12.524812,-46.905712
0.97023565,10.756486,-42.886044
-159.4818,58.112705,-91.83204
-137.94296,18.36968,-45.18924
97.19001,-53.44406,-56.99744
2.2643802,-4.474827,-99.67221
60.963364,32.951603,-148.14442
100.51512,31.978367,-220.3575
-3.462983,41.467506,-135.41664
67.205025,-56.427734,36.0355
4.688566,-64.562706,88.80497
29.205635,35.138912,-19.590387
133.259,63.51481,-171.72221
-7.890645,131.53784,-184.66158
-19.725704,133.81335,-107.414604
9.0038185,97.67549,-26.649637
-145.2221,103.79858,-26.735197
-64.71939,13.278985,-61.251537
28.842861,40.611217,-43.243763
60.536724,-42.028812,10.414163
77.963974,-221.80214,79.53448
-19.548758,-124.62756,49.910183
43.75717,-74.405205,5.649549
116.13827,-44.017277,-118.22137
155.48088,102.71198,-224.15205
89.54831,128.04816,-57.11973
26.34097,4.2702694,119.62889
35.83903,27.616755,178.50551
3.5832193,29.186277,105.99845
78.69396,-76.16886,11.661468
-4.520403,6.04224,127.834564
-58.150646,47.522255,220.88797
53.170975,24.289675,176.79933
77.28461,-78.53395,186.5809
105.81738,-143.86673,146.61864
58.927635,-22.965633,26.560545
-5.4222093,-21.69948,-40.206528
71.28583,-26.4819,-77.81552
52.76484,-0.9183655,-20.61508
-63.41089,-45.48321,35.896507
-8.753538,-78.80991,-17.308943
86.78647,-102.79355,-40.578117
93.96213,-107.3116,-62.38245
69.349205,-124.75482,-58.265583
-3.3794816,-70.80856,18.451225
-20.446802,-18.888258,11.10593
22.224724,3.5485024,-4.1149144
-33.811237,17.419813,54.050957
-104.22123,25.91608,-14.519905
-57.344265,35.1091,-83.01778
11.885317,-97.203606,-34.581882
-78.05206,-153.38834,21.40287
-105.36658,-118.218285,17.165998
23.889803,-13.854964,-47.868
-0.611101,27.145565,6.8139267
-36.895668,-99.23428,83.493225
-47.134518,-119.16341,73.806656
-18.723455,-127.03048,34.601364
64.95532,-66.42702,34.501648
-14.0819235,40.9549,12.084409
-88.374344,98.68754,-51.231255
-119.03796,125.84491,-14.234238
-140.2544,38.712772,43.214596
-115.48863,-15.562905,135.15462
-127.06753,0.8700101,155.74591
-117.95027,-39.242676,80.055336
-83.22633,-91.82549,1.4956886
-56.464783,-70.014984,-83.37269
8.14937,-11.023007,-71.13501
67.331604,74.918915,-40.27933
25.044342,79.35529,-20.7431
-3.832733,17.953508,12.365338
-5.445346,45.707672,-51.150883
-48.88318,39.06882,-151.64172
-5.1522274,17.187208,-122.5681
-45.180485,56.514565,-35.62976
-137.22704,13.448559,-7.9518127
-52.200314,-60.544754,-15.6482315
-34.90759,-46.52634,-30.33763
1.9911588,-5.3055577,-64.79343
107.848114,-67.69629,-21.40877
89.8397,-150.99593,31.794294
51.47034,-61.389526,-63.516804
5.3049364,-17.144812,-129.07161
-0.8263215,10.349927,-109.012146
14.594916,87.85333,-78.806465
28.551908,12.33486,-89.87947
-11.934205,32.66059,-64.506874
-23.362284,18.258827,-17.292383
11.758603,-47.785538,-3.7839704
-74.919975,-3.7980673,55.86441
-23.833572,-14.218527,21.867435
8.71321,65.8473,8.650993
0.2615226,39.299744,7.5508018
42.15413,36.964664,-27.576899
6.721162,193.44144,-116.080536
-11.616749,137.53226,-114.20177
-71.29053,-51.783466,-6.1305647
63.24821,-101.01771,-86.30844
112.65189,-43.835022,-39.720753
117.205444,-128.60556,-340.50266
102.94471,-72.14961,-314.32
-144.5082,-102.24244,297.471
-69.497025,-149.83273,252.03749
5.423584,59.378548,75.24554
128.80315,-75.441345,-132.93112
126.491974,-98.10103,14.343374
-115.86808,118.50105,258.00476
-25.767487,174.54865,45.389156
17.116856,20.161469,-36.475266
-38.719273,-110.060196,23.593378
-124.220985,98.19945,225.95886
-37.346107,83.398254,143.39275
68.64054,-159.53395,133.37703
-31.136404,-108.9562,233.88895
-31.681469,71.77032,93.80823
76.59382,29.941647,27.130228
163.60059,-18.850351,-29.684258
27.41882,67.93168,-76.64208
-42.637703,52.150852,-141.98848
-60.72236,28.639225,-45.749836
-94.83156,84.04981,1.2189941
70.19724,29.111227,-114.42596
178.5919,-79.375465,-115.80368
157.78639,-98.96938,-43.936382
88.09105,-146.43092,-16.500025
10.184977,-126.93022,-36.087994
-60.32216,-38.971268,1.602626
-29.745705,10.140212,-15.644738
100.92699,40.411507,-16.097132
69.63033,12.997657,12.812063
17.552761,36.29718,-25.424915
22.897911,91.422424,-99.189606
-48.64909,108.009155,-61.12028
-58.691143,47.622696,124.15663
68.92312,-39.02378,71.746475
193.36116,22.391088,-103.18993
127.633865,31.575752,-64.73192
76.08227,5.313003,39.121563
104.6865,71.39018,18.819763
33.515327,68.99682,-10.229957
-28.787064,92.59685,31.90343
-25.032326,221.27742,-10.2439165
-19.263872,261.76862,-34.46611
-40.230293,127.62528,-7.988474
-49.489437,78.569214,-6.5827117
-19.388466,115.6341,-15.278232
80.64124,71.95443,-61.042423
155.21266,26.605125,-45.60167
95.1921,29.454855,29.482237
62.974625,-24.16982,87.58021
73.03169,-83.75689,104.00341
-10.980544,-34.87007,81.10145
-62.481117,2.1789498,13.89403
-9.648003,49.50999,-32.279358
0.10663048,60.592422,-10.7359295
-81.94465,103.44524,-11.378426
-96.3974,122.12463,17.340603
-61.550297,91.61614,-8.166244
-7.0388193,104.64173,-66.77819
69.9644,5.408428,-6.625642
32.977364,4.2612457,20.268942
50.095352,-6.7270403,32.008923
73.74383,-19.747007,37.01672
57.228077,33.805393,22.435524
20.717554,-18.201109,10.133588
-23.564583,19.116575,-48.135246
23.094677,13.85539,-25.630774
-29.573658,-37.646824,-38.46971
-65.2443,-21.08154,-59.287464
1.5401274,-49.05128,-27.674284
90.57287,-17.175661,-69.12916
48.415005,60.640915,-0.8384476
-5.012255,47.385708,73.2173
18.992607,-1.7122291,102.91455
-50.394245,-33.962944,123.80871
-15.711337,8.630262,42.65932
-15.46626,58.06084,28.972162
-66.31864,35.936867,28.472225
-66.926254,-5.0948796,16.721436
-19.936546,-61.503292,29.35499
-23.293953,-29.591623,28.231586
-88.28932,-48.45686,44.684402
17.39936,-69.05258,34.828503
87.27216,-40.521046,13.951633
85.37656,-74.79635,-11.614836
-0.9710106,-7.1847,30.02903
-18.988848,2.3308182,39.624428
-1.4645749,49.354004,-0.4285838
-136.44925,118.81334,31.832764
-96.0875,12.434614,11.733844
-68.269325,-47.354282,5.6571198
-109.57857,-99.291985,-18.082209
-47.01755,-122.526276,-92.06159
58.99787,-139.40987,-63.042564
44.938847,-147.43286,-2.2115753
-41.45874,-84.0231,34.236053
9.324207,-69.952324,75.61039
3.8288763,-43.4773,112.01596
14.999667,-101.83629,87.88964
-5.872958,-51.124886,-34.690247
-19.076807,16.863625,-65.62784
2.6290286,-86.746185,-56.42854
-69.87589,-19.758148,-158.7084
-62.469376,-41.216293,-110.94647
-155.27184,26.989979,-35.3632
-163.8983,201.60304,-77.107704
7.4972057,119.93173,-80.60124
93.44068,24.382753,77.21437
-0.76175517,-79.10248,396.3708
-82.44143,-84.98354,452.293
28.657297,40.877567,207.31384
2.4389603,147.48347,-0.33131832
-53.75267,217.99597,-112.67206
-101.39738,185.20036,-53.29796
-127.985176,68.593544,-8.477277
-64.436966,2.1309311,-174.69803
-40.51604,-77.49392,-174.1119
24.427223,-99.2194,-3.0613854
36.63012,-12.949986,44.34361
43.13929,57.49464,-24.170574
1.9907856,117.73986,-40.745598
-2.401975,41.717876,10.704202
36.103188,43.74387,26.342754
-8.823038,67.85077,23.175442
-34.228848,-39.586857,-25.197264
-15.914926,-43.107018,-31.037148
5.8318734,47.55623,-71.54123
-133.35112,65.02995,-9.72638
-92.4951,-49.71647,72.59549
3.0355008,-10.853242,2.9107285
-56.786892,33.5753,35.157604
-16.664074,-33.361137,55.013165
22.760437,-60.324356,74.459854
86.54164,-59.941196,41.391865
27.53463,43.833992,-48.86857
-79.20606,101.780846,-58.273075
-69.88276,105.886955,-65.605484
22.881136,89.1532,-139.66621
25.357565,91.56607,-120.46386
-30.345598,43.670757,2.822846
38.935196,-105.76888,8.481252
38.36568,-136.75557,4.5620184
86.23697,-125.041245,-35.608948
104.85765,-64.73749,-55.29305
34.96795,23.440992,-20.173105
23.8422,39.033943,-43.883278
14.772979,34.800545,-61.09801
18.042017,-9.123159,-16.084074
-36.223255,-22.688797,42.022537
-74.39642,34.084328,16.115253
-18.085827,13.854189,-14.766758
22.886234,-148.68703,-12.634311
59.858288,-135.45468,-30.431625
54.239574,53.03889,-42.823277
-4.478033,38.767857,59.992043
47.948143,10.879812,132.79729
92.21777,15.342182,97.36878
72.07519,-45.6198,46.640472
-1.8801403,44.46331,18.142149
-90.11884,65.87435,38.049625
-67.74569,8.607282,-7.439135
-36.452522,48.12893,20.600044
37.7722,-29.371052,33.42018
43.922516,-80.85251,7.246501
3.0655417,6.8719187,85.614494
53.732754,-39.476376,89.6723
90.953026,-109.075386,70.42361
141.83147,-23.213589,-17.506907
78.73991,-46.404438,-58.301327
-35.963474,-126.69382,27.853483
13.810578,-66.40099,63.41212
59.625546,-53.83695,50.30724
37.6325,-89.08074,-14.938919
-5.202734,-64.65261,35.039692
-78.55752,-4.143938,104.40412
-78.33145,122.08173,95.2873
-46.438004,90.766136,89.035095
-27.906458,30.300505,-19.24781
-6.426748,97.158844,-88.94478
-31.865753,-43.305187,12.163874
-58.65679,-23.345087,-4.7721825
-67.4719,135.38147,-151.85008
-75.65604,135.12544,-46.311443
-42.431183,100.57326,113.27079
-37.18918,42.050026,181.71118
-16.376568,14.662791,221.10915
46.26238,-109.53627,143.4275
9.978486,-174.61295,47.261715
51.711132,-181.51126,-5.234428
44.129513,-155.95166,11.717309
-10.397947,-125.91748,16.241468
-26.695147,-115.91551,76.1078
-117.80049,-27.823536,56.688366
4.7613277,-6.7822967,-44.83741
64.181496,6.2465463,-12.628366
-33.85038,-56.326805,43.208138
-40.535984,-49.811966,122.222374
-36.114983,-16.96503,53.71977
-64.55044,-79.219696,-27.177427
-79.77338,-60.164658,13.967998
-32.279644,-17.9365,71.92014
2.5716865,-7.173417,134.70483
34.89482,-36.0603,64.92616
12.587379,-9.977531,-2.3541508
42.731285,-45.996723,8.564478
80.27557,-88.54535,40.7027
-22.747494,-45.13403,24.075758
-73.38533,-33.52755,-52.540894
-29.01632,45.314335,-127.5009
2.684758,121.047264,-75.64992
-8.439441,62.997612,89.80746
-12.221427,-32.13092,139.46555
8.591008,-47.508614,60.344704
16.34184,-68.90394,-65.3217
-18.239332,-89.474335,-94.296234
-32.01956,-3.181467,-44.914223
6.485484,57.045486,-18.541159
21.916847,51.768753,-33.07767
-27.913336,50.053402,-2.724191
8.312652,-4.0260854,30.988186
59.015667,-52.07221,-45.891308
26.854939,-98.17756,-59.908756
112.85514,-89.01166,-68.89264
159.85513,7.8115363,-76.397896
147.0576,4.3048654,-30.873222
112.33426,1.7149563,8.171983
-66.85975,-62.028175,87.43371
-110.82955,-110.51719,74.253235
-0.47979042,-12.937884,-40.30807
19.068672,-20.434916,-136.66737
66.07678,-10.549745,-140.31987
90.24678,-12.825906,-62.083115
47.267857,-52.99373,-68.00256
40.32988,-14.333179,-59.7302
-32.108864,40.745056,-22.253664
1.3349177,114.671104,-4.5223207
35.95064,55.752556,112.05433
-31.003572,-38.794395,50.209614
-2.2970018,-22.520473,-115.66944
31.939459,-20.028027,-67.04555
65.05227,-5.0762305,-0.95370764
62.517063,6.1667175,-70.658516
54.454132,-4.657983,-129.24301
-3.2629004,26.826654,-56.768593
-53.164165,-69.756874,-4.8430634
13.233488,-143.55913,31.618479
61.387146,-67.50957,30.24921
95.91764,-54.694725,-68.49495
70.84251,73.14183,-124.547935
22.776148,165.76395,-108.58424
-64.298416,91.3558,-5.220069
-30.818419,86.65631,28.897038
83.325134,120.25165,-17.90203
28.541956,89.051445,-25.85931
56.3885,-79.73174,-48.07875
93.13912,-146.8695,-82.39368
19.355875,-22.528028,-103.16116
-25.598955,25.980137,-18.530878
24.911741,-3.227965,104.874
55.311016,-37.95277,117.82735
14.272228,-63.52855,-31.199562
9.6423,52.941444,-175.56895
-53.346146,184.08084,-111.77724
-104.62239,178.21146,34.25694
-81.73632,81.30075,100.09702
-127.55396,0.7711066,15.854977
-164.74605,66.347435,-123.01774
-25.469872,94.77738,-161.1506
28.196383,128.96349,-1.4027754
4.3589354,90.728615,140.52023
73.12294,-52.152935,96.89119
9.738534,3.3713877,31.368866
-27.668394,105.38948,-14.6688595
-21.55661,104.70522,2.6272383
-16.09524,3.306943,22.465984
37.7514,24.598206,-34.44815
0.16864711,91.90568,-138.11334
-15.969375,67.20429,-82.20286
7.951788,54.293533,5.363143
20.611567,15.269023,-14.39865
-14.29273,74.97564,58.1328
-22.219221,19.876621,36.313896
-16.325733,-56.597286,3.5010052
-15.993544,23.437319,1.4875363
78.92055,57.906,-19.0897
54.142765,135.40039,12.449262
36.3653,177.68465,-39.74845
-4.6345024,59.20029,-75.13789
-130.28802,-23.793633,-60.55411
-84.540565,14.323327,-90.90121
-19.145157,-20.333597,-30.731436
55.652473,7.839919,75.18936
65.8507,85.896736,7.3551397
41.08339,-14.287098,3.1890357
78.44175,15.253305,36.673706
131.24648,74.82918,-32.029312
162.23143,-4.127428,-51.958324
20.34159,30.150164,-70.86464
-116.60781,-0.9819156,-25.187527
-110.18913,-18.82204,-3.2557657
23.458883,42.693775,-6.0381165
64.08234,54.86365,17.711351
87.64557,124.298325,-36.718414
113.141525,17.837852,-42.68882
-19.767647,-59.378136,-17.588879
24.038988,-10.572531,-8.002301
44.557938,-28.63537,29.076954
23.46952,57.545517,-23.898693
110.66395,67.64412,-52.990673
98.18292,28.943192,46.462303
38.82805,98.770546,-14.068319
46.291306,77.49025,-98.48954
62.62915,-13.056452,-113.2705
-33.38169,6.1970716,-125.72267
-90.06557,9.483898,-0.6073526
-56.979427,12.954874,44.379475
-6.15324,3.0414646,69.035805
60.026592,-105.4484,78.7154
86.59726,-55.38533,32.456116
-9.369958,34.858814,1.7103949
-78.200325,20.133747,-54.700027
-78.94945,38.716946,-45.766537
-98.5424,36.370464,-65.96517
-81.44253,8.216754,-15.577207
-114.12167,57.307396,24.51651
-54.70792,-31.163177,64.84425
-17.2791,-195.6994,105.68478
-47.681866,-199.13939,-18.636868
51.202473,-200.88373,-85.46211
59.845676,-66.155014,-105.214905
70.87944,63.63959,-7.243763
117.12088,-17.166962,81.58911
-27.078232,-63.4907,50.639088
-122.40027,-64.399666,18.145115
-103.13697,-64.31043,2.0380874
-139.21245,-73.112236,84.08566
-97.86706,-77.028496,96.25486
-72.77914,-23.06224,0.18153085
-98.63713,42.540905,-12.557383
-50.6898,51.217224,109.29433
22.435856,-13.157382,120.859566
32.674976,-148.67082,78.91091
-36.19307,-166.70024,55.152145
-93.2457,4.573353,-7.2143908
-182.92876,57.380817,39.76904
-140.0823,22.749151,15.129572
4.9725385,3.7231832,0.46537468
18.467648,-80.816864,8.755698
-9.28395,-32.98599,-80.07849
-31.226604,72.71219,-29.179253
-76.00565,11.744521,104.7726
-70.195885,-126.76236,117.95432
27.292925,-176.92502,61.422745
22.021368,-74.99579,34.10611
-35.463303,-28.64626,-2.6031737
-75.50676,-17.588951,-7.882609
-101.337425,29.854141,10.308775
-67.04746,24.476313,9.635499
-77.58584,26.339277,49.522335
-72.58861,0.9675287,97.9677
-52.35214,-16.72611,100.03859
-4.8323755,-33.355743,48.10329
-6.9606695,19.233475,-15.661674
-68.70825,99.80976,5.3054304
-62.043827,51.42144,56.57783
-71.83946,12.18985,75.07209
-36.75592,23.955948,65.35431
40.12314,41.04372,-24.68058
99.098145,15.912069,-13.605119
59.62811,58.23246,11.50979
-18.022896,30.726246,-64.813576
7.579742,-80.49752,-57.23811
-31.979738,-26.96195,-17.242777
47.08245,-69.66103,71.79194
162.18854,-58.545082,94.59873
56.357018,20.879276,21.02103
-32.962624,-56.977367,25.329473
-118.66653,-4.1334257,25.865185
-96.42428,34.74861,-3.8599007
-2.0461705,-10.538129,-32.457825
-32.880733,-17.880383,-7.116549
-31.003471,-2.147685,52.43419
29.87747,42.765724,45.39145
-5.211185,34.749622,53.742275
-27.083862,-7.7851324,70.27319
19.73659,-57.79039,63.634586
17.670177,6.185037,-3.0197043
169.1832,31.110008,-113.77457
137.03708,26.773714,-6.4324503
-8.386323,19.041945,66.76434
49.153755,-71.475395,14.481004
-29.018597,-59.870216,35.12122
0.29636052,-48.288654,-17.305525
-13.33992,19.6189,-7.295852
-115.29616,21.929491,15.369614
-34.839737,26.186821,27.633238
-11.767293,-15.554271,52.422123
50.79224,-201.49396,38.296017
129.33467,-93.41093,77.40185
61.751125,-41.3298,31.987862
36.570568,-95.58986,-37.8905
-14.757958,-33.440998,-34.876526
-57.487125,-97.09376,-20.904758
71.3533,-101.7396,-69.71571
32.541267,-27.812004,-56.37528
10.903828,-92.615234,40.266228
45.06207,-84.96983,39.714302
-83.69724,20.616205,5.7269278
-80.59009,67.33667,-72.591805
-45.94908,121.4536,-36.69934
28.62469,29.66662,68.945816
119.40042,-86.356895,17.605797
83.37947,-16.045723,-4.7673054
29.265667,36.68435,-8.755295
-15.87678,47.426224,-4.1218014
-23.953184,44.767536,30.292826
4.461257,8.774141,-25.901512
31.534792,-46.11862,-77.067474
-15.1269045,-41.30454,-25.548376
-13.798964,24.930334,41.63947
58.78157,24.451939,60.23244
66.64762,15.976508,79.58563
61.425022,3.0225272,-4.4088745
22.462889,31.06743,-61.72136
-22.932188,6.055389,-26.52159
-29.062733,-9.507819,-57.36979
-36.005295,66.15896,22.94494
-68.746376,16.996426,78.8505
-69.1408,-4.710993,23.970362
-52.005615,-6.6268353,-10.147451
-79.51501,43.634224,3.5339031
-31.661137,6.023136,29.827044
28.431093,-44.12207,-18.721384
76.47961,96.14267,-21.582392
72.187706,92.530014,10.472938
20.879438,130.4881,53.345795
-9.923362,164.28566,66.59716
-33.932644,74.39854,-22.479057
24.598516,67.133286,-112.06639
-38.51364,55.10263,-93.907196
-127.31484,67.91616,-68.01746
-96.103584,123.26352,-71.40594
-25.127272,17.582338,47.683094
-3.3631117,-35.64187,124.64024
23.424894,-16.9517,37.41292
84.038414,-55.3267,-31.839811
-12.035945,66.60317,0.51697457
-14.257287,62.23381,-7.244391
80.34976,36.83754,-70.1654
123.27565,103.07169,-154.93468
78.16333,56.936275,-251.99007
66.703,25.727,-251.06584
67.39613,-14.999767,-220.23367
10.709718,-142.39233,-206.90303
139.26785,-255.41174,-178.05386
165.26651,-161.51126,-127.364006
116.04549,-83.13721,-121.39297
153.12694,-82.20953,-128.05078
168.38693,-101.91439,50.788258
131.7013,-195.27284,309.65436
58.637074,-213.4947,428.94864
-57.154137,-165.04091,566.5083
-118.51295,-50.21502,726.4077
-13.131274,46.416237,693.897
-6.5769906,96.40878,409.2065
67.052124,193.2118,29.017067
126.16595,222.2729,33.337593
45.532417,84.71053,92.270584
16.208237,74.94279,-42.865574
-88.37947,288.92795,-168.3219
-108.744255,291.10425,-262.46768
-197.20352,328.99423,23.62106
-382.79663,497.05276,-132.21751
-292.62616,438.82874,-705.42206
-201.02148,343.5938,-599.8273
-177.58847,-110.70979,102.819176
-304.80753,-530.26825,759.80963
-542.0896,-372.16266,142.78334
-415.78796,-333.94238,-929.42896
-236.9468,-422.9325,-653.12256
83.99157,-521.41595,-189.93788
615.0951,-502.36502,-136.84828
903.7583,-97.74907,417.43283
588.00085,7.952045,356.16406
100.947495,-270.45743,-109.33858
138.93233,-186.2315,-65.831436
283.92328,89.484184,37.793083
775.1247,152.66165,141.25891
852.0301,26.795393,-608.44147
-61.652836,73.29567,-552.9703
-668.83875,328.17642,491.07498
-451.74493,240.99245,310.373
233.97751,95.45077,263.2303
-62.360092,356.6308,287.92096
-767.97144,232.79662,-6.2449565
-406.0647,-81.26179,556.56903
-235.84691,138.6473,449.97818
-216.68047,-71.606384,-692.47723
-54.140522,15.550559,-461.12524
-245.63757,89.22797,-162.32841
115.24373,-674.16693,-713.17145
407.90094,-736.4974,-343.5232
56.464886,-550.6962,-193.79819
82.1999,-361.7674,-359.14102
250.32812,-160.25262,-51.4419
609.5661,-165.63683,261.905
1023.2392,111.16395,201.68948
751.80817,376.7328,-446.34778
633.4153,388.26425,-592.2337
85.17153,295.61343,167.31033
-427.2354,-43.676502,964.56287
-584.4984,-256.23114,1171.9836
-1551.4349,218.73283,368.32623
-1495.2476,413.41953,-807.9505
-772.15686,325.195,-203.40436
90.18206,452.19116,1341.9296
587.8926,601.86066,431.59213
-137.73785,676.1741,-601.3228
-467.9517,545.9612,73.810295
-151.57431,141.65553,-348.6384
358.8977,-201.38213,-140.65495
118.76594,97.42487,572.5743
-2.7482157,48.82923,-619.5547
462.81567,-334.36368,-1045.3352
181.85469,-364.87595,-220.30698
189.73135,-473.42978,169.8506
446.12808,-261.60718,363.6871
101.83316,-144.67653,433.60767
-38.289074,-445.54474,-20.631939
-147.71545,-380.26807,-273.38452
-441.62277,-397.5208,206.12071
-198.60417,-304.65915,177.93474
181.38927,182.16647,-553.3625
54.2974,164.18164,-1334.4276
21.849377,-109.879135,-1443.0184
338.0667,-235.86552,-178.90382
263.54965,24.033136,1142.1588
120.88986,140.79398,1112.8168
-149.81801,269.23312,312.47525
-570.49774,713.56384,-491.11276
-483.32635,238.71432,-156.21693
54.356346,101.23729,948.93475
791.7082,337.98102,1237.0792
426.23795,436.74167,1321.0901
-631.0358,571.7575,-108.99241
-1121.4363,94.617035,-1239.8245
-578.1872,270.1289,-146.69576
523.94324,123.63304,-205.13828
524.24054,-374.06433,-186.71533
215.09134,-579.49664,-231.53636
-336.9209,-941.5071,-1042.9498
-390.98132,-546.4286,-771.42316
630.7627,-17.687828,99.96811
762.4573,233.31987,559.41565
893.65497,-224.5092,47.72269
566.38654,-566.4327,83.141304
-377.334,-171.15128,-127.92843
-623.3959,265.7506,-799.46814
-374.87686,765.1881,-64.35991
439.16855,347.4585,926.9827
374.18066,-169.7694,629.0916
87.231155,260.17294,-410.92902
144.9951,822.1981,-254.8092
-310.3769,792.8637,-134.26997
-245.04851,16.78786,-542.0354
-343.24063,-258.80362,282.32507
-349.84543,-181.1307,32.74804
-101.78472,-600.35706,-82.30204
-751.6496,-190.68262,1676.9674
-661.20825,466.12064,546.7505
-77.803795,394.74118,-868.3333
-236.40083,442.781,232.25014
448.07828,-126.864136,-388.2874
1389.199,-1029.7263,-62.605785
867.35394,-802.65717,1460.5751
-4.2586,-202.33217,778.619
-285.1467,26.238785,740.1079
-317.0732,248.9632,27.645462
37.45849,285.2583,-1804.5665
369.1357,210.16434,-425.2135
493.8597,142.22,559.0409
416.39374,-243.85388,-888.2864
-597.6016,-235.02753,-367.18344
-1246.1006,-53.879303,518.5495
-1030.6111,-91.948685,-176.53796
-582.9027,494.12933,226.18092
619.59894,857.1579,567.88385
978.72766,369.35956,-362.5892
-32.195408,-499.44376,8.44667
-506.58606,-677.3849,333.53015
79.61531,-42.774456,-625.66895
249.8516,280.5937,-155.34348
-345.34128,503.24585,455.06137
-5.074303,78.603874,-624.3784
260.1026,-450.20236,-973.2042
-232.58139,-381.0105,282.1563
-36.107086,-511.7491,726.3848
456.07507,-413.12146,12.549941
714.80536,-129.15779,101.87701
442.99963,52.435017,123.51075
-65.43274,-60.70679,-122.388985
-304.00443,83.11511,91.44062
35.313625,418.96774,286.60446
375.70233,292.88803,412.79266
-387.2422,770.2018,-718.458
-409.67957,399.79807,-1179.1755
-27.484274,-363.638,472.61023
-55.45101,-188.85399,658.95996
-410.94418,-346.4174,272.2027
-1036.8218,542.75574,390.61807
73.75993,766.51154,-780.9858
536.6388,158.46916,-1092.0636
532.4978,-140.5059,-272.03525
770.72577,-889.92053,751.18176
-25.431639,-716.4632,1034.4596
-30.017889,-1008.9814,554.06067
-373.18478,-271.98373,529.60565
-97.27269,707.0879,-563.5349
717.30914,324.3898,-817.7384
811.4828,402.31854,135.96875
671.649,-513.2767,482.40524
-121.43742,-710.93567,509.7059
-232.52708,-208.44351,426.3751
-776.9131,217.03835,362.2402
-1070.2323,644.75134,-435.7734
-467.58875,518.72986,-1006.2082
-47.58503,807.6301,-1626.802
434.95786,273.1094,-812.2998
-99.99632,-188.28821,1475.1058
-214.28189,-27.733831,1130.3792
-381.68387,372.51544,558.8747
-1242.5786,760.4789,1215.7494
-907.2465,427.05292,411.94647
193.16591,133.11987,-820.12823
917.3367,-231.03249,-1109.0192
596.1921,-89.97476,-1072.557
457.04758,-95.62508,-383.7783
15.144873,-844.8623,500.6304
-762.80426,-922.8508,505.76932
-484.50693,-208.96034,-106.90413
-158.33562,166.71451,-1172.835
750.7882,-237.20386,-1050.0891
1456.6824,-476.7555,385.33054
1305.1334,-634.61475,1023.7874
1061.9567,-496.0113,957.3925
246.89485,-210.17987,22.650023
-557.39087,-462.5835,-915.7012
-955.5221,-157.8175,-230.13275
-201.32059,383.52048,-230.06656
569.66974,545.80096,-719.6697
-23.517773,461.25714,360.93613
-547.7287,-0.28913307,864.6324
-821.16504,-74.31819,670.9267
-696.4982,332.60126,814.65533
-264.81247,726.9339,-164.53351
13.779234,356.20242,-1337.5603
575.9386,-436.2571,-572.1623
527.7369,-477.8675,421.82224
-185.52985,-441.35577,729.23016
-444.5527,-156.32835,966.81256
-276.98407,87.19174,667.14703
-547.7156,161.92915,230.04175
-331.02933,709.0297,-496.9589
1265.689,454.2344,-122.76681
1411.971,102.52998,808.6941
453.23096,130.78523,504.2147
-88.69499,74.72028,-383.37183
-826.9038,274.49335,-1165.8406
-1024.3433,349.00323,-618.5677
-382.23343,482.41318,-534.2953
949.5893,-60.233566,-281.39117
932.69196,-344.29248,638.4352
90.065056,81.45009,-712.3239
-600.3687,-236.367,-1333.5502
-1555.0614,-6.6906924,-371.34863
-694.628,-300.67435,-295.58997
139.47482,-696.23126,109.14786
63.163414,-378.1808,778.4449
-13.897912,-594.4022,771.3742
-323.846,-417.72314,587.11
32.270386,-789.9883,737.73267
91.86773,-115.06312,709.9222
461.7993,880.4354,-889.6382
635.0237,569.3118,-1342.2715
320.76025,794.90985,739.3174
748.2522,481.9985,1616.6062
285.41818,591.8796,1114.1206
-160.18994,1038.0254,-582.6227
-367.4993,334.875,-2171.375
-507.23438,-317.81647,-1572.4235
446.84225,-683.9569,-455.10315
750.20624,-992.4026,856.17566
-26.607355,-738.2897,1420.86
-1253.3915,-522.436,344.3401
-1986.093,-324.8568,-376.79886
-734.34,109.21845,-307.9744
1137.596,-379.13037,-642.9206
1795.4436,-1045.2306,-489.8111
1385.8599,-1072.3724,-354.1804
638.91516,-781.33514,-613.8994
-316.84885,-34.310143,390.5434
-964.73035,738.22394,573.1708
-78.76617,1025.4448,-655.21185
1245.7676,1163.3894,-1836.0948
1812.4312,547.68,-1987.4203
852.58673,-526.61505,384.74725
-727.5405,-636.3604,2425.1846
-1430.4794,-292.0158,1690.5146
-1716.0029,-2.9577148,263.21603
-1688.8575,-74.039825,-352.58405
-1493.3555,-98.48576,466.92712
-120.43393,727.04614,1169.1354
759.9406,1403.77,220.76042
276.55383,930.83234,-290.57758
-21.14517,-351.85806,140.769
-34.190887,-1393.57,633.1283
458.97464,-1061.3097,949.0324
609.5855,358.93323,109.86674
239.0344,938.0132,-903.5788
-167.73955,856.1153,26.07465
809.04016,823.7954,-124.86992
1909.47,-280.73193,-1038.7457
841.76245,-614.2866,-139.87366
-521.56757,-283.00427,-272.88156
-1080.2485,-673.8056,114.81011
-1229.4673,-96.2026,291.43024
-1127.568,198.84308,-637.38
-773.6992,121.3498,-244.58325
-137.85135,641.4005,-368.83615
708.79083,2.4765208,-949.26965
1174.7441,-1371.1343,-894.78046
282.21515,-1619.0626,-608.6262
-864.58594,-1569.8477,61.893074
-465.9666,-1059.4376,1239.1718
34.895153,160.0885,702.392
-444.19537,1121.9691,-779.685
230.46584,1410.1584,-801.8663
2017.7344,378.5221,73.97829
2735.5493,-297.11694,937.66925
1764.3821,-677.5881,1055.358
133.19998,-379.40314,1114.6185
-695.33673,204.81413,829.2502
-1409.9906,281.51636,394.73236
-1475.0149,1269.9932,-574.7774
-547.66223,1489.1407,-1912.7538
-416.45773,682.9526,-2007.8209
-324.62585,-719.36035,-460.09134
-588.0982,-1072.5634,1415.6697
-763.5988,-598.38873,1901.3318
-151.74533,-249.90666,1455.3064
202.43146,694.6627,-849.81335
795.6677,730.31396,-1750.0282
1472.9646,316.79547,50.922512
1475.7543,-628.85864,868.8785
99.68133,-320.22345,861.0293
-1118.126,685.90607,14.301214
-1802.1158,418.6982,-183.84813
-1635.6893,1194.0095,1.8234502
421.05737,1376.963,-734.4813
1228.9495,820.10394,-1308.175
280.81665,2.4636834,-668.12823
-959.99164,-1482.9435,1653.7249
-1054.7343,-1394.6837,2091.235
-227.43166,-853.531,349.60474
-853.2868,-630.2875,-75.26795
-810.4799,-309.91736,-86.79009
1615.571,-132.88011,-324.7895
3240.29,485.72614,-457.5396
2227.8474,395.05408,-153.03105
-338.98767,97.314064,1789.9844
-1941.7867,206.78017,2148.9314
-1540.5415,148.13771,-144.73102
-1463.3042,394.61337,-1797.0112
-193.3968,-295.07538,-2745.068
1582.5984,-565.75287,-2496.1584
2236.1038,267.75223,-690.52
1593.5205,400.75537,1765.0845
-1742.2938,24.903458,2705.0522
-2626.487,-536.82935,1171.2988
-751.8762,-837.18445,370.57742
758.0983,-891.9662,143.08588
1112.5315,-206.16371,-1475.9089
745.7807,129.9671,-2464.8357
989.16693,43.26851,-572.35675
410.858,37.486294,354.6259
-235.20299,-207.82509,-647.905
-500.03046,1011.76404,-534.49713
381.50507,1343.32,-666.1287
1094.6012,401.64124,690.8328
539.0447,374.4858,1741.5271
961.64417,-124.129005,574.0067
139.7217,-203.0396,470.49548
-1314.1409,337.80203,385.7982
-1356.4027,140.3668,950.53424
-1493.426,253.4213,855.1322
-1014.35474,134.85197,-488.83936
-955.34985,84.78031,-434.0329
-755.0489,289.06546,-1047.4998
219.90822,-585.2865,-584.1217
627.16125,-926.87994,1059.5208
1258.8363,-498.23224,684.1488
814.2724,334.85898,472.68506
671.7054,1048.595,119.541985
1097.5133,943.91943,-668.80475
741.93494,833.61945,-146.17056
209.33313,433.04926,35.038525
70.679,-249.50201,-668.7676
-46.47397,-807.9048,69.68465
-1698.5817,-627.02893,1471.0565
-2142.1587,-134.71864,729.80524
-767.51764,493.69928,279.4512
886.2779,1742.4811,363.61472
1641.9186,917.9514,-946.33185
855.33997,-955.85376,-904.701
371.47266,-1056.0461,-90.95044
-284.93414,-1288.9209,-207.23883
-1564.1019,-944.6949,-777.4202
-1615.3629,-306.9555,-1093.7559
-487.25732,-19.546211,-769.8169
466.5323,577.6607,-102.3646
1335.3767,252.20564,794.56476
1319.457,-72.9599,236.45673
532.7326,-827.6499,41.37589
-517.9097,-501.7996,1395.9564
-540.33185,392.57428,1336.2028
-561.88184,197.93568,526.38684
-1990.2146,976.4793,-591.98883
-1144.4653,1262.6862,-1836.9652
687.4091,1120.6934,-1019.9299
739.66125,860.3295,295.88638
69.898506,698.8016,338.6232
547.071,381.2044,670.02844
623.92725,-870.43835,1298.8456
-779.2587,-1328.8749,989.7562
-868.98047,-919.46,-123.28534
-91.1688,-331.26703,-1402.8901
1133.9601,-284.3759,-1466.8765
2127.802,-526.83124,-83.28686
1844.1814,-1023.4435,400.08502
510.14404,-559.736,128.84224
-1074.3082,433.01532,-149.66219
-1847.0538,-62.22295,-777.27563
-781.74664,-131.76167,-614.42065
1459.5356,-29.28858,351.21594
1750.5209,-375.39883,1493.9907
375.11636,23.626661,1426.6224
-1262.3138,765.2363,706.78253
-2310.7039,1388.0667,-282.93616
-1516.8501,1813.3882,-1787.5421
-28.150206,1551.814,-766.30286
696.0971,610.4811,709.7058
845.00653,-331.96924,961.02704
155.93854,-696.2853,1584.202
-1015.12115,-374.95462,821.42395
-1632.3546,-342.14273,-809.2162
-1153.8877,-700.52814,-1373.8439
351.86575,-890.79535,-415.98312
1203.4966,-791.6675,291.44724
1081.163,-187.28807,112.816376
347.83603,678.9312,7.069091
-318.6982,548.85297,-965.10895
-446.24686,-712.7676,-464.14722
-497.9761,-826.04004,734.0773
-244.09036,-356.6873,-105.64124
-52.22759,-522.55566,-573.6653
590.9485,213.18582,-1556.6366
1170.3174,982.9475,-2134.8457
810.45404,864.78845,-155.98148
450.12943,652.3309,1341.5018
211.2868,-252.04668,2280.8906
-81.72924,-836.21277,1952.2273
-724.97906,-281.27805,-56.72842
-919.61066,151.84024,-601.185
-157.5838,321.85928,-1130.1455
-32.853527,-122.94755,-751.8252
-962.64136,-262.89835,1543.4127
-1429.98,-394.77042,1306.874
-1980.114,-517.3826,-90.05389
-2323.809,1071.3372,-872.103
154.47127,1622.378,-1164.4235
2454.2683,983.31366,336.34845
3289.536,168.3831,387.9433
2858.1929,-769.93005,-416.85797
20.6826,-839.20575,150.35695
-862.55853,-1293.4404,236.25282
-693.45996,-1028.65,92.403046
-1128.8983,-941.30383,-767.7317
-792.51306,-706.3377,-854.61804
-189.32759,398.24127,255.95099
808.945,-452.5773,448.1716
753.6789,-847.57245,446.15384
825.4341,-374.0739,253.18456
1011.0815,-142.94789,-103.752106
784.4352,-661.292,-1042.1638
69.588554,-1440.7661,-2058.327
-659.6813,-209.14522,-1460.4506
582.96857,782.5685,-14.455269
1251.7966,701.1365,477.91528
732.43134,665.41534,-153.96255
-654.81946,593.04553,-92.03695
-1875.7238,-548.06696,684.6511
-2102.756,-1542.4519,270.68134
-2516.7542,-1277.6191,421.24283
-2477.893,-516.68164,1705.1445
-1782.1974,851.20435,513.3951
-1076.8418,1444.7665,-449.48743
-1540.9346,1848.6864,495.13718
-1603.2189,1275.669,625.05286
-344.52728,211.86359,1804.75
1435.0171,988.963,1668.2676
2210.1685,1243.561,-452.61768
754.72284,1396.9364,-199.59714
105.925575,1439.8945,-292.05212
1018.52515,324.7648,-523.7783
1545.5497,-47.78375,-520.813
1299.4872,-1275.8855,-2236.326
244.10432,-3059.3965,-1628.1816
40.97744,-3037.2607,358.61554
1522.8027,-1475.9666,1473.8534
1840.189,673.199,1345.6487
1036.5774,1282.2849,-1143.2059
1026.5999,767.54016,-3731.1213
890.6245,-582.9619,-3648.1106
1105.4314,-2142.0774,-885.6345
3275.849,-2210.6096,80.133865
4303.3315,-1253.7075,223.77992
2792.0454,726.1875,1454.5223
2632.8704,1486.757,642.37933
1852.1471,1098.3367,17.173647
-1376.0651,749.9349,-368.87927
-3965.0056,56.929844,-1699.9393
-4713.6567,1117.2631,-1536.456
-4119.317,3060.3801,-15.687353
-3570.1184,3761.3574,634.3355
-2782.7764,1803.2123,-175.65218
-2492.797,-1002.6799,1083.8654
-2869.753,-1412.5853,4363.5034
-667.3355,486.0702,5378.209
3849.181,4010.3904,3330.2524
6703.216,5748.7275,1815.2595
6013.135,3914.4385,2227.6401
2939.7373,164.6096,1784.9027
-2136.896,-2429.1475,1306.5924
-6608.318,-3458.4092,1014.23596
-5718.8926,-5383.979,-366.21423
-2853.796,-6297.9326,-3014.8281
-2516.71,-6050.469,-5093.8403
-2348.2542,-4754.296,-2397.9902
521.2145,-2760.8328,736.6016
5594.3506,-2106.5974,-736.63635
7160.1416,-1800.7079,-2298.32
4610.602,-2028.5314,-1618.9941
2722.363,-822.2741,-1238.8688
1219.8365,3106.308,-1498.3159
-1560.1327,8058.1885,-3107.51
-3942.4124,11882.644,-5155.092
-2911.7205,12332.369,-4253.8413
-1128.0808,8880.229,-1105.574
-2821.922,3100.3054,4724.5713
-5783.424,-2530.1172,9742.495
-5424.654,-6817.44,7399.9097
-3252.7964,-6225.196,3619.7424
-1137.9962,-3352.8809,3331.707
1847.9208,-1740.3406,957.9542
3219.7786,-1877.2842,-1603.7992
2759.2246,-3795.8801,414.1313
2539.787,-2985.9534,1758.397
2576.747,-1775.2181,-728.69666
1560.8008,-1288.6252,-4512.639
-654.7201,-946.49866,-4826.096
-3423.5635,518.01624,-1686.2433
-2594.373,3684.374,-668.7917
1124.7595,4317.4175,-1476.1975
868.6192,3487.466,-2511.6997
-575.1933,961.2333,-1611.484
2385.8784,-2289.7273,-436.21567
6534.4653,-4386.267,-259.58472
3801.0747,-3898.8564,1820.5549
-462.5235,-2711.599,733.62286
-1789.235,-2640.095,-452.42767
-2903.372,-1620.0486,2217.9338
93.19974,-3710.0996,4421.265
2418.8591,-4309.0605,5471.6445
1624.4183,216.41151,2294.1611
-1473.2064,5103.441,-1090.5093
-7469.3086,7631.8027,-795.5386
-9139.32,5979.1274,-1600.4166
-3038.4685,2876.5845,-3841.868
3746.1245,-1011.8531,-4233.0137
4063.2456,-3099.5386,-1131.6213
2262.8738,-235.24829,-236.1987
1406.5963,3703.9485,-4073.5112
925.34454,4184.607,-3391.7598
4416.7363,1677.3175,4268.38
9847.615,-1030.4734,9532.284
9613.546,-3803.6091,8351.114
-999.6348,-4294.892,4596.107
-13084.681,-2830.5156,-141.22722
-14780.066,-2291.64,-5230.308
-11132.102,1752.3713,-7565.6904
-4398.1406,6682.311,-6720.849
5240.797,6032.9805,-2388.8882
9321.208,3532.2756,3497.879
8743.437,-1479.6779,6798.257
4673.4185,-9067.9375,7216.18
-2218.9673,-13120.462,1732.0894
-3930.1135,-12521.221,-5803.3105
-634.1666,-6355.5737,-9015.964
1037.5278,3318.136,-9563.392
1230.5896,9841.668,-8159.4067
1782.2375,11677.269,-4822.6343
3033.2527,8583.216,1174.7366
6045.182,4354.8774,3636.416
7938.775,2604.849,2164.2551
3250.7532,1100.168,5078.728
-3573.0305,-418.79025,6148.1523
-6027.9673,-2803.8176,4191.9707
-7118.767,-3563.4934,3585.9917
-4676.523,-5902.0044,113.69246
-1470.0938,-10017.28,-1173.9622
716.0677,-7936.1997,732.7598
4302.993,-2347.906,502.78262
5096.388,4729.4785,495.4096
4884.759,9591.467,-760.91156
2921.1492,7357.2397,-3091.0522
305.27554,1721.2931,-2372.8662
-3980.2568,141.1646,41.743916
-6774.0435,2114.6719,-155.01778
-4773.2617,4017.2043,-2213.6113
-4286.9004,6608.5337,-3254.5415
-1337.7142,5847.105,-891.5424
2634.6782,3808.3916,4675.0283
5278.312,1221.0531,6465.3604
4244.2812,-3646.4944,5245.915
-2333.6448,-5687.9224,2329.3691
-7145.2505,-5189.2085,-4011.6702
-7708.5903,-4196.6694,-7132.8677
-3385.7568,-2967.89,-3674.2664
3770.8103,-1217.84,1209.3607
8759.559,-47.097878,2075.1228
7745.1387,-63.523903,1013.1205
2542.724,193.20012,1623.3696
-1864.7953,-902.4356,4037.3674
-3158.8638,-1051.8839,5086.0225
-1635.0074,2769.432,2056.5264
-376.84344,3406.98,-275.90524
-2891.8281,1193.7407,-1180.0889
-4861.0938,841.1885,-4379.619
-3755.8264,-2237.532,-3077.8994
-4382.2705,-3985.2454,2860.8706
-767.8467,-1881.5028,1599.6884
5827.945,-97.486465,-1963.8591
9143.527,1264.2589,-892.3182
8605.402,-327.83862,-358.72482
3140.7808,-5526.083,-63.376194
-2257.7468,-8475.356,-543.07855
-6641.186,-5087.209,-3813.6672
-6901.244,40.915806,-5473.4
-3114.3206,3285.7483,-4085.1655
1198.1835,2234.6548,-1586.8542
4936.428,844.12067,2478.8977
3555.099,2542.3362,6031.864
905.6785,1907.9203,6398.861
-130.50397,3236.0515,3613.9692
-1190.9253,4443.203,16.448889
-2334.1694,3148.267,-2234.2388
-334.69235,2078.561,-4251.4116
2647.49,-3.6984727,-3761.721
1247.2203,35.151787,-533.7595
1130.8192,-1822.9283,1380.2792
810.4129,-3361.2705,2803.7112
54.194675,-3037.2864,2883.6018
364.24557,-3684.3774,1860.1313
-2003.2986,-647.5546,1933.8718
-3519.6924,926.21356,521.8835
-4497.723,-293.23264,-1279.0051
-4899.3794,1766.6023,-1807.5319
-3628.976,3763.576,-3246.9075
-740.77924,1886.7958,-4448.6875
990.0489,578.80994,-2971.9265
-160.3511,785.144,-1046.9177
1164.7307,516.13477,-129.60878
4217.789,54.018856,-194.64935
6185.212,-1039.5188,-1134.8707
3981.343,-570.8978,-647.5221
586.8459,-1038.3164,893.2153
-417.87796,-2384.3408,2776.7197
-2601.964,-1788.2191,2965.421
-2882.696,-1988.2971,1466.4601
-260.96832,-1883.8694,108.26802
2575.1616,-936.0002,-1008.1705
2678.442,348.32803,172.89304
739.02313,2274.9072,1179.1559
831.1474,3112.8953,727.2984
608.6551,2602.5332,865.3612
-462.03198,2072.1658,913.03
-1747.0415,3457.0122,636.33734
-3419.548,5077.088,653.1706
-3673.3564,2316.4392,607.29675
-1997.6432,-2512.717,817.60455
-13.870425,-4349.4937,1218.4968
-680.3575,-4342.2466,-27.511995
-1195.1909,-3116.495,-524.1818
12.623984,-348.5955,-67.62665
-143.82082,-450.38727,-550.417
1255.6919,-2585.7332,529.08606
4041.2434,-2205.3552,78.23423
5344.1455,-2033.8666,-3682.569
4295.3877,-1977.4818,-4838.836
1194.3899,-1810.6482,-3227.708
-390.9466,-2076.5793,-1048.106
-1938.4473,694.4899,1582.2457
-2634.3762,3205.239,1960.3147
-2693.679,4094.6655,631.0243
-3158.3313,4737.351,-138.57875
-1193.511,4875.7065,122.462074
-471.33545,4330.5854,1917.8069
-199.89934,2385.6692,3901.2173
896.11035,1463.5227,3121.991
2129.5776,1362.7612,-386.7628
2660.8674,1991.4236,-2446.1482
2383.2495,1588.3099,-1419.8778
3137.9985,-1593.99,1057.2418
1447.022,-4058.7197,1750.6606
-1425.9685,-4794.406,427.47784
-3777.418,-4167.4097,-749.7668
-3248.6353,-3554.5312,-2251.9497
-5.4616413,-3383.9934,-2471.2224
1761.5219,-2055.566,-809.93823
1786.1246,-41.93744,1546.0674
321.17358,317.6056,2473.5842
-952.33325,427.48666,970.2923
-2687.6,2203.5386,-584.0204
-2603.677,2401.8708,-1283.1013
-485.35864,1047.8961,-1370.7812
571.60443,-21.201817,-441.25632
-1405.9126,847.0186,1130.1139
-2504.2388,2507.497,174.62718
33.63804,2742.0293,-359.40903
98.43224,1944.4547,551.94415
1117.3749,2.9405527,-31.93271
2635.3818,-871.84125,700.51324
2807.9097,-3136.3123,633.62634
2104.744,-4943.543,-362.07446
-928.6662,-3876.227,-1216.6678
-2108.1562,-2709.2817,-2045.4963
-1722.2714,41.849606,-1511.471
1128.0195,1142.6648,-2146.244
3698.8877,859.07623,-2411.838
3200.5918,1030.7814,-860.7776
2078.9214,911.7002,750.1181
460.86362,960.69666,1654.3198
-622.98193,772.2557,1361.7509
-374.97543,1437.2816,221.82094
168.38028,1852.4108,-1120.5677
-1328.4789,2550.3896,-1192.4447
-2944.365,3151.4368,1.1959153
-2662.6958,1701.3278,1111.9169
-878.0413,-438.8912,1536.5948
439.29276,-2282.0518,493.40704
-470.69666,-2466.218,-843.341
-1327.5802,-1355.226,-1088.7089
-1905.9553,-850.22,-436.61075
-1875.8826,828.5285,261.55273
-930.2041,3574.0151,301.8501
56.4021,3465.5486,861.32947
605.73816,616.081,812.73193
-676.92993,-2183.8745,312.56244
-2078.613,-3570.5383,1309.3533
-1329.004,-3544.6333,1869.2463
1092.8358,-3370.0193,1312.4711
2876.1821,-2436.6265,370.92838
1992.6255,-20.329876,-373.94907
340.45816,1263.9315,-534.0211
-108.14703,773.9929,-444.01236
226.13774,833.3993,-531.08203
847.482,1588.358,-1138.2618
1538.0502,1786.7701,-144.80194
2113.2222,702.42755,2729.692
1072.3651,-1177.066,3512.0657
-1128.1664,-2018.06,1969.2169
-1999.8341,-1805.6361,416.38074
-3003.2979,-851.00903,-2221.3623
-3841.7273,724.19946,-3766.7017
-1169.853,1397.3031,-2301.2698
2347.1702,65.33169,-497.89877
3114.443,-1522.4685,1558.1538
2867.374,-875.4056,2086.9792
2232.9878,-322.7392,-54.21371
-543.97424,173.13516,-2241.371
-2603.3757,2270.1619,-2310.991
-830.332,3752.0828,87.0609
1931.8143,3530.5195,1398.6173
2721.8384,2279.6697,425.14417
1784.6965,417.0334,-153.21024
379.44986,-2199.3503,590.38043
-389.74625,-2525.4026,1168.3131
576.5388,-1283.2968,512.32275
245.20732,-77.11998,-224.19989
-1227.4427,1595.2057,-1212.1139
289.38043,971.2309,-1488.7762
1572.836,784.4445,665.3246
1632.3289,453.03394,1223.378
1263.6256,-1123.5472,-470.79004
222.24017,-1238.3967,-1542.455
-55.95392,-2235.0955,-1826.6658
-1115.6134,-1503.9906,-999.9215
-2823.3018,782.83215,-1320.0864
-3350.8638,1544.6238,-1869.6206
-2103.7954,2489.9856,-588.00116
480.4619,2332.7485,1121.2694
1767.8651,1332.4474,3046.0142
249.59941,300.18332,4049.2405
-844.8363,16.157633,3654.0715
-1145.0142,-197.58629,1868.2686
-1581.6656,-1514.3843,-348.98462
-567.0285,-830.88306,-1708.9534
3.3287163,28.324953,-2439.6401
-96.26649,-210.27296,-995.64325
-426.40863,-623.7367,1320.4985
-732.5596,-1850.358,1493.0352
13.097865,-2209.2788,935.35156
860.58997,-1970.9437,493.8794
1150.4626,-629.5458,-1049.4333
1400.16,1202.0963,-2657.6428
2051.092,1705.4847,-2481.4727
1593.3861,1616.0396,-1175.9503
1497.1777,578.91675,206.90233
1690.6118,-489.58075,763.6101
438.164,-1210.9261,786.59564
577.8865,-1329.8411,1286.4753
2490.8315,-1206.6233,968.02167
3310.4421,-1423.094,720.77783
1080.2522,-1124.8334,293.07883
-2012.7803,-1104.7158,-301.54553
-3693.803,-548.7399,-291.29922
-4351.045,-50.65262,-1164.3156
-3978.668,1866.0867,-1444.8287
-1977.428,3845.8445,-1695.212
-51.665436,2413.331,-1268.674
-1401.6444,1653.1715,-633.677
-2653.7942,860.8148,-1099.7198
-2100.468,580.7666,203.64325
-1380.5178,1337.7379,1117.8563
821.4667,62.983185,1449.3212
2308.8516,-135.58527,2967.5444
2809.5476,-93.86823,2749.9946
1976.4922,-753.82086,1373.5947
-655.9774,-130.75026,653.90576
-1615.8505,-475.3824,-819.37756
-2001.7811,-989.6897,-1381.1465
-1621.9419,-508.65424,-421.08777
-219.77567,-913.7277,-56.01092
311.85202,-1933.6235,-570.8742
1244.623,-3076.7744,-2213.4448
2061.275,-3756.6382,-2071.528
1686.9902,-2988.6653,114.41992
1679.1869,-1755.9983,300.10434
1480.2699,-591.1926,-799.78455
356.28857,368.0495,-756.9987
833.65814,621.4424,493.06607
640.1061,1658.3574,1264.0367
-2154.4026,2969.2651,1152.9915
-3566.2686,3342.4302,1456.5596
-2410.666,4017.3313,1751.9597
-214.67322,3558.5583,570.5375
967.0557,1947.8911,-881.95013
-476.47934,1470.6963,-434.9099
-2162.795,962.0421,205.94167
-2750.5125,-93.3484,414.6213
-1725.317,-1705.9167,337.02466
1186.59,-2404.3958,-149.5649
3256.7905,-2042.8591,-337.71103
4172.6865,-3511.2258,-895.69867
2548.334,-3140.193,-579.75543
532.71515,-862.55927,-498.32693
810.80414,-125.731895,-823.77277
1538.9464,174.9385,-170.72038
1884.1743,-492.53757,268.4134
537.4768,-944.4188,794.8564
-89.81347,-61.742184,1651.0614
-52.54583,918.56036,2454.3901
-779.6837,1275.8154,613.9521
-2282.638,1945.6699,-1889.3379
-3049.509,3039.8604,-1872.7136
-637.1163,2081.3948,-2120.457
779.99945,-89.941956,-1097.5973
130.60727,-910.38916,1617.2776
25.251524,-798.9585,2644.9387
-375.41602,159.79568,2514.5293
-1180.8535,1522.2804,1673.335
-376.64844,1932.0698,217.63087
829.2279,1889.797,-733.94366
451.41504,908.02905,-1250.7781
-213.99881,38.231106,-473.90356
609.2139,-904.0261,1036.1147
2587.7466,-1842.8865,-211.60542
3803.1787,-522.19116,-3176.3718
3344.868,184.50642,-3375.7903
861.0698,-287.19913,-1215.931
-670.6558,-1546.2393,1189.7637
-915.63257,-1609.0288,2612.7554
-1435.924,67.87345,1242.6519
-1103.5195,210.98328,-784.53516
-1100.2361,217.78592,-551.3811
-1303.5872,-676.56915,800.0505
-980.35583,-1536.6583,1169.8425
314.86203,-1666.0565,-41.654556
1356.4539,-1498.6929,-1779.1499
515.7053,-212.4657,-2460.2349
-1085.0441,475.43692,-1537.4722
-2123.5952,663.32086,-162.27386
-787.322,63.68719,490.7306
1904.3976,199.77748,974.551
3050.1895,860.42596,1062.4893
2383.6042,497.63937,382.55075
802.9211,-363.83524,792.9635
-688.50714,-1744.7805,1432.1466
-1211.0669,-1821.2058,1007.9299
-1900.1693,-1157.691,735.3164
-2067.0928,-1068.0546,-391.5934
-1259.8525,-1127.4657,-1553.2
-853.0989,-59.132046,-785.81665
559.296,1512.3766,52.198086
687.82227,1757.6936,350.0051
-978.97644,2375.3274,247.5776
-983.1928,2175.273,-219.83537
-149.69287,823.24896,103.37373
-367.26257,295.05338,148.10712
-1236.7833,74.24254,-344.90384
-373.19534,1100.0876,-681.3641
711.6329,2069.0261,-846.5677
-593.60516,2057.812,-422.8826
-1961.0098,1313.694,-173.95326
-1665.501,77.52373,-327.46634
-367.43,-451.46063,-699.41125
948.6894,-1782.5216,-132.63956
877.2153,-1781.5714,1526.2205
798.6443,-557.42786,1141.3208
1220.45,-556.6391,261.15857
1180.5349,-348.39627,414.50287
1668.7218,-295.8998,-277.56433
1075.7339,351.92975,-950.9687
695.5942,495.2018,-1762.467
735.82385,-861.0571,-1679.774
-118.12966,-1941.0747,-212.26274
529.844,-1807.7053,544.5788
1354.0913,-204.84969,659.25684
1018.3777,985.8072,482.2045
-755.6061,1238.5345,591.6424
-1831.2852,973.8609,911.6893
-452.18896,510.49954,414.96005
545.23724,340.10904,-65.664085
209.53506,419.04123,498.24408
-437.64822,96.64549,815.19403
-1358.4862,-923.61993,685.61884
-2809.5012,-905.2794,380.65134
-2682.1904,-477.29562,-461.4
-902.77466,-408.16418,-796.4106
605.2965,554.1526,-576.53033
1171.3345,714.0575,908.45306
1335.9686,-372.4127,2492.2817
1744.7357,-898.92236,1703.601
1173.2965,-897.5854,712.8673
583.77423,-692.4582,-186.25195
183.24492,-1167.7869,-2046.8201
-932.28534,-1204.9745,-1817.2548
-1381.3746,-382.89844,-442.17102
-1381.02,-308.2704,-230.71724
-1277.7106,479.6699,639.98645
-216.18257,2162.385,494.0499
790.5809,2877.0283,-761.8551
1022.19147,2290.588,-222.73703
1224.9895,1549.8796,202.4715
1997.572,-114.35131,-738.001
2056.3923,-1525.5157,-1279.6377
53.262596,-1047.6715,-987.03174
-901.79645,-1531.0323,-286.9862
-34.720978,-1623.669,664.1737
1356.9174,-370.8602,1202.0365
2437.6455,82.11084,643.7851
1097.2891,384.8234,403.70404
-502.23248,1096.1115,914.77893
-1317.2196,1340.9773,770.7896
-1794.3522,326.30594,404.00748
-871.1736,-866.8924,-65.94336
-373.1023,-740.5782,-362.3765
-919.8859,-131.38602,-526.1333
-1173.7676,-29.044994,-907.40466
-1254.5266,-201.52739,-654.189
-1390.4172,-827.6691,166.89702
-570.135,-1101.8246,1047.1746
367.5424,-178.18321,1129.0079
219.67326,1007.7197,401.0499
115.77862,1076.3228,-805.2582
115.85375,263.61755,-1905.9742
896.5388,-886.52075,-2263.941
1308.9095,-1602.0468,-1727.8075
-69.699135,-1133.4855,-866.5421
-753.88403,-896.5618,-723.24805
-432.93695,-9.727604,-305.56537
29.658854,1332.8419,215.23701
965.0554,1205.7229,290.57462
1447.36,735.96,700.46686
502.5081,24.991898,1361.6927
-425.40878,-521.09344,1672.647
-1403.7032,-134.38039,1576.1735
-2989.2,410.59802,714.3667
-2840.1855,827.6823,-839.3529
-1145.8411,907.0435,-1042.7858
9.225319,720.95886,-201.64856
350.33093,96.07909,354.75876
133.98366,-38.294666,510.15097
6.6879525,489.22958,289.34024
951.7641,312.2598,273.0429
1383.9901,759.8758,480.41333
1286.9844,1535.8708,713.7253
2451.4062,1206.1522,888.76483
2530.681,-27.538542,778.14124
1737.3752,-1300.6936,205.31224
1387.1852,-1337.9586,-342.45752
41.075203,-778.2585,-1301.5356
-905.70703,-268.853,-2681.7092
-1041.2246,158.72728,-2346.276
-189.80437,92.55832,-518.5116
982.5319,-902.29395,569.51086
-287.46112,-2080.0154,666.5341
-1220.304,-1860.7125,931.16455
-257.16638,-367.51877,1473.9886
264.4054,743.0969,840.72614
121.92244,865.1937,-170.25987
-364.04828,1125.0444,-476.80576
83.96835,802.76483,-1319.1838
706.4625,23.074171,-793.93976
-530.8962,432.29694,858.928
-1555.562,1119.3367,559.9406
-586.4182,1366.9191,-716.1937
960.05084,733.51575,-888.2762
760.92926,145.53275,391.44986
-496.52307,195.4179,743.24506
-690.6083,83.71409,44.129116
-687.9381,514.15717,-70.41564
-830.46045,382.3631,-572.7091
-857.4178,-673.1476,-1267.8141
-355.68906,-1349.0952,-775.31366
138.29918,-1693.9753,675.89026
90.83345,-2316.0483,1658.4161
83.598946,-1639.9957,1718.605
-388.404,502.54623,808.42255
-920.4615,1399.8418,-507.98697
-1930.6221,1679.701,-1419.9482
-2151.6624,834.63605,-1637.7405
-611.4707,-918.65564,-568.42365
498.09695,-1470.3986,736.89856
885.5688,-1508.2844,976.4187
732.6414,-973.8036,669.08185
-430.84296,-107.24004,409.10757
-1820.1387,379.9229,3.9341786
-1759.5847,96.698555,-176.28429
-221.80942,-1023.1794,-140.25423
1181.9198,-1256.8975,-638.6593
1009.5396,-676.7674,-1290.3354
728.7346,-754.94995,-1233.7166
1391.3837,-898.46985,-252.07811
1604.2808,-1056.2303,966.0552
1257.1793,-266.64722,1961.9316
887.40924,1483.3733,1822.2473
1070.4761,2305.493,1074.1497
1083.1866,2890.6501,874.1747
1023.66254,2509.7866,85.367165
298.34766,1221.1666,-487.00516
-1653.8594,376.58188,-813.09406
-2482.438,-424.8404,-1296.2388
-1967.2859,-929.6671,-835.3954
-1214.9535,-1056.1578,-336.80725
-711.9827,-839.7485,-39.049725
-112.636086,-542.65857,700.37256
927.85016,-425.9369,1748.1813
1906.7064,-294.53076,2106.744
1766.9987,-239.89012,1509.0485
984.5878,-569.69714,639.9453
1155.8557,-333.5069,-232.06485
1640.4558,830.94183,-1005.5679
1528.8885,1844.1682,-1878.3448
306.93082,2152.874,-2487.932
-1125.2853,1098.8419,-1547.9318
-1690.1581,-288.32053,420.13486
-1345.8153,-620.19556,1351.0762
-744.7088,-113.37366,1488.0728
-1012.30634,291.52036,689.5707
-732.10425,336.82217,-592.7229
517.1414,228.54375,-1091.3381
1057.6022,-256.4637,-1232.8546
468.23456,-242.08142,-1138.1167
467.69614,-60.432594,-1429.5659
1535.0765,10.647836,-1104.6493
1401.1826,543.38605,-431.14597
1297.9589,89.07079,-765.83826
1680.3765,-652.92004,-263.1735
713.4583,-312.9014,534.9954
-273.507,-70.61072,484.96765
-1158.8612,621.4908,838.2605
-815.7923,907.47205,721.1604
442.8071,740.8003,-147.41077
264.81772,1341.0435,-148.80678
958.7514,473.43576,210.26974
1568.0769,-500.54498,555.2574
835.7361,-640.1183,1051.3301
596.57007,-384.5029,661.7688
373.13434,-84.36629,-372.53024
-520.98236,-725.1986,-523.789
-1379.4775,-552.2789,356.71344
-1168.255,-830.27405,1277.7607
-1129.8967,-1256.4125,1140.2748
-1278.7477,-914.3656,4.123855
-1752.1277,-1082.0884,-645.39496
-2133.5,-946.20795,-271.11136
-1121.701,54.809742,574.7637
-286.92072,1536.7958,865.4849
-113.88763,1884.2877,683.7485
-413.64783,960.1163,-334.3248
238.02533,-528.49695,-1844.8641
731.75323,-826.1152,-1455.8884
-51.396904,179.74808,-465.1375
-484.2976,315.6533,-137.56694
-1024.3315,524.6005,355.08142
-746.18097,980.8234,979.3808
38.803814,1495.4751,1107.6927
650.39874,1947.271,516.15924
1021.46906,1636.4049,26.68744
646.932,451.61108,-216.16438
-40.280876,-1252.9154,163.41148
-1215.4647,-1965.4828,165.09033
-1903.7012,-1550.5199,-631.27734
-1704.2373,-638.1121,-1106.4568
-1294.3655,-170.86118,-1224.4336
-1049.7356,-477.85083,-311.3142
-466.0646,-666.3195,1032.6812
980.97003,-515.19745,1798.7189
2311.792,-870.43335,1547.9836
2088.251,-1153.99,494.0196
728.4699,-127.14159,-394.8949
91.18538,542.22406,-1188.9056
55.661335,804.7364,-1405.673
898.3916,1266.0071,-970.5232
1507.3495,1117.1796,-810.92426
735.02344,312.8464,-819.15247
-133.79944,-357.451,-492.30176
-861.74066,-287.25113,-197.69441
-478.72458,-261.9357,-51.88626
-91.29113,-47.8924,-67.52143
-214.82806,182.23476,-10.760771
-210.27768,438.3569,433.76294
-976.39716,801.3075,370.7828
-1210.7129,109.597466,236.73816
-1235.5645,-557.2691,489.11096
-885.9158,-322.7034,138.36171
422.50696,-272.3582,18.02463
880.97955,-427.1097,806.5759
1537.4186,-668.0841,718.7094
2274.4465,-540.7477,122.84228
1413.3156,-395.42215,327.08517
273.60297,-1186.4042,581.77734
-66.51215,-1058.3018,289.64047
296.99548,-438.24332,-1118.0165
541.79626,-2.8327384,-1739.4825
150.1282,828.4221,-468.7766
-422.30704,859.8805,485.91113
-458.92145,191.6704,920.4423
95.24872,181.35129,791.365
665.52795,497.89246,-310.89798
1162.9652,-120.088066,-822.2057
803.819,-99.246704,-439.35367
236.95416,71.71275,2.9834726
-97.463,-209.76651,747.42487
-740.95123,-398.3975,885.1543
-1436.7921,-270.24564,359.3943
-2185.8645,461.3567,226.37444
-1807.6881,307.76358,-134.19934
-803.1202,662.8252,280.78622
175.61253,1010.9117,1548.5055
1120.8964,515.02496,1271.1058
1058.1359,-66.746124,314.53732
481.19025,-685.2837,-305.6796
109.36115,-508.37393,-640.3906
28.323128,93.96674,9.186787
-208.52557,974.7445,144.05891
-596.80255,1175.1721,-703.417
-1017.54395,465.90997,-753.79083
-1012.3938,-467.87277,157.51271
-608.317,-1297.5197,231.57765
-450.37885,-1438.1758,-875.60175
418.57358,-765.62085,-1968.1001
1027.8821,-626.4596,-1894.9471
135.11502,-992.2471,-127.80853
-384.4105,-526.68414,911.638
-399.12152,-313.88812,668.2999
-836.26697,201.47644,565.15247
-222.55917,1125.663,111.13279
862.5816,1010.96204,-353.47272
452.62335,208.93564,-138.80296
-512.6672,76.68064,777.5829
-588.5906,333.6722,1190.366
-88.736435,103.05996,329.18906
-293.65567,199.95766,-728.9095
-302.92834,-262.7377,-1082.4355
641.55273,-786.2823,-1057.0088
1284.9218,-822.4516,-899.00366
1341.6364,-672.2536,399.50754
871.7244,699.05457,1344.7002
497.86182,1935.4756,749.03217
192.76529,2039.0205,46.79034
-319.89743,1153.425,-422.16788
-860.6269,556.17487,-328.89145
-1412.9363,555.4851,-258.29947
-1659.4551,168.50894,-164.15271
-1563.6862,266.2666,241.24828
10.3289175,-310.80405,-172.1952
1950.3533,-1826.6139,-474.21594
2077.2378,-1950.0898,-139.86533
1511.0374,-1322.3291,255.17708
1050.0673,-1133.5355,535.5126
873.0239,-811.94653,111.74826
883.3111,-361.6628,-526.455
391.47256,57.250267,-332.96365
168.54071,414.7545,-42.775818
257.35193,984.1206,-543.22784
-161.9645,1230.6665,-573.6274
35.578804,654.8119,-394.9584
759.23346,269.78958,-379.1187
165.03328,508.51065,514.04767
-1305.9731,1068.3113,743.7324
-1896.7781,972.5902,91.65102
-1532.4071,540.6346,212.89395
-1244.5347,-83.87707,650.1093
-1081.6147,-916.4296,176.87845
-399.76987,-1075.831,-828.18134
289.75412,-1238.6143,-1045.5619
174.92567,-947.88165,-170.17632
173.97682,-369.5767,640.59894
941.3542,49.572174,533.6987
1136.2328,702.7141,392.61075
442.22852,747.5154,331.01212
169.1843,163.32562,418.0397
302.34808,-495.6463,585.1773
241.16125,-701.06165,633.43884
415.65234,-168.66139,1179.0289
1033.6836,651.27563,1013.75183
761.26044,883.57916,84.58736
16.272392,842.56525,-593.9843
-236.60887,661.5431,-1024.9047
-1029.866,-599.49097,-617.96606
-1059.1339,-1534.4612,193.71936
-565.9168,-816.691,583.774
-861.879,385.30167,685.8214
-581.18634,1365.6436,20.680603
270.14166,1353.4536,-1033.41
665.7152,302.20575,-904.4117
706.63434,-328.8348,-7.6313415
1085.4656,-807.36035,741.0066
1149.7062,-792.0212,1428.5477
487.32788,-150.32202,1290.6504
-204.0953,-81.04304,19.22427
-315.5701,-233.81276,-797.2954
-184.09692,-294.9594,-772.3598
-346.65787,-144.66096,-702.87646
-823.81445,68.29963,-702.00146
-1416.8096,-340.00345,-691.9186
-1424.6199,-843.984,-248.77176
-812.4687,-297.79837,-382.48483
384.19415,680.76605,-1032.7988
880.23486,1241.4161,-845.6124
887.34265,1178.2728,-376.03766
1007.7681,760.60565,125.90838
203.36794,253.08739,470.90417
-341.36746,-757.0981,523.36395
-707.08105,-1174.7258,273.16318
-1224.0726,-819.1112,117.988525
-1015.5901,-461.8987,606.9691
185.5016,-439.41983,861.7929
996.4372,-473.94012,768.39276
797.04004,136.46056,373.19427
925.14197,207.40585,-54.800594
28.567667,-162.37692,-56.917164
-1274.0558,-267.8302,-705.5268
-781.2645,-556.10486,-1638.3422
262.45715,-587.80426,-1769.6978
301.8972,-510.51846,-1127.8489
-396.07544,-526.4435,388.48734
-478.93973,-48.735626,1958.5563
36.927006,711.64935,2361.7239
294.0107,1066.8363,1545.3859
8.684158,881.5575,231.96147
-316.2789,147.2624,-714.9782
122.07314,-435.37473,-637.3511
621.14294,-169.5494,-182.41852
790.58984,-275.63843,-241.78554
906.63135,-101.9687,-474.21747
557.6224,729.9629,-587.1104
298.77353,418.97086,137.40967
288.83038,-131.34883,1257.1421
-36.96611,-533.02625,1462.4604
-503.24792,-309.95566,839.074
-937.5581,175.9659,-200.49667
-1237.5245,-414.4736,-601.4403
-1107.0273,-496.07617,-710.6424
-245.61737,-113.21159,-1099.4026
408.0027,250.12558,-842.07214
395.0797,260.51816,-257.799
152.48927,-201.14288,-101.55363
-136.79048,-310.21185,-48.122963
-45.651974,107.868484,299.5995
523.9027,869.77893,-91.048645
961.75916,1021.6048,-323.31598
240.53561,1362.8826,588.92865
-229.64093,1502.0784,627.90283
-14.863022,629.4309,81.44581
-237.4214,46.793934,-375.75708
-331.77652,-134.85228,-569.209
-67.50715,-484.66168,501.95926
549.1078,-852.9284,1272.184
412.17245,-259.2906,452.26846
-52.4394,281.00906,-376.46994
-237.70164,209.21275,-109.03175
-353.8195,-158.98775,511.07758
-94.10677,-983.45825,552.5085
-302.51123,-1186.8922,-159.08894
-425.97525,-1014.9374,-754.2493
-155.00766,-516.1315,-857.68146
117.61409,-38.06413,-960.1806
288.9548,310.6974,-1145.6154
340.56152,931.4119,-959.82196
225.05623,463.24252,-240.04678
-218.21236,-311.6259,121.504486
-810.9101,-184.38452,133.11755
-792.64,161.63058,324.09872
-102.77969,734.76056,643.4093
38.210377,1263.3639,804.73566
126.06554,1056.4426,362.43622
236.30623,479.32956,-545.43756
296.86612,-181.72046,-931.25305
362.5495,-643.58527,-132.32462
310.07928,-714.6905,654.7148
165.22272,-588.36176,862.19714
-507.60226,-315.06577,706.6697
-756.8693,-41.52894,401.35257
-372.30508,225.26053,134.50153
98.86288,192.14204,-276.53967
-211.5918,345.27353,23.90281
-140.50969,259.90768,343.66333
457.80392,-503.21878,245.57214
-110.15828,-443.2155,438.81787
2.476713,246.26968,458.1944
1022.90356,571.83,221.19476
1681.5835,153.26793,-562.972
1561.1554,-160.84056,-1043.7002
848.44495,150.98236,-398.21356
118.29103,-206.77135,264.77002
-289.73267,-881.7561,273.65912
-469.99625,-840.30493,-214.76004
-757.5525,-485.57492,-639.52936
-348.0855,-350.9231,-743.4442
275.4801,-474.35623,-527.3029
741.1089,-210.2904,256.60583
1120.1216,671.4793,783.12384
1051.5991,1121.7194,425.35556
580.4632,625.0761,544.1794
-156.29726,-70.855446,826.33496
-593.01044,-16.755775,49.40822
-598.6426,185.06866,-812.4014
-695.4509,32.98723,-656.2849
-1060.6055,155.7745,-168.44305
-821.2203,214.27838,-456.33026
-774.0805,-12.486155,-388.94122
-1113.3909,-355.27927,151.23857
-638.61273,-636.9361,116.71112
214.11018,-911.3842,-200.25757
743.9993,-1020.9122,-209.10654
701.645,-838.107,341.13553
957.822,-638.23566,415.1453
907.4255,-712.3061,-177.54733
37.607887,-840.90454,-1179.7233
-807.21295,-410.3843,-1677.5353
-932.71985,-304.64203,-874.282
94.87018,71.11533,-94.456024
1211.5995,728.9366,298.7267
1377.6891,581.35486,416.0459
220.09279,267.62274,753.3808
-649.05096,-239.20058,1158.0787
-1198.5323,-14.767914,831.3719
-2181.9438,959.00275,327.63757
-2273.3267,1628.3041,-47.086346
-1433.4519,1563.502,-150.34317
-375.31317,1096.4408,-141.06726
169.64024,887.7504,-50.040127
520.1382,226.75797,225.16653
477.0064,-253.07251,532.4232
539.0985,-251.28404,637.435
986.9764,-248.60243,524.093
678.0801,-235.7905,59.11005
590.1474,-413.99326,-1087.2628
789.87665,-37.992943,-1207.3102
837.22107,128.93654,-308.68506
490.0892,-252.49661,-70.723404
-356.76865,147.5864,-230.85838
-646.9743,520.305,-487.37793
-641.4131,535.1121,-33.641396
-570.6379,708.7526,948.64923
0.8661774,281.70953,1530.8093
469.17667,-284.82553,1406.7637
489.76025,-257.96918,280.94446
363.90204,-436.51895,-318.0171
68.47082,-552.9934,-115.48813
75.98989,-375.84555,-488.89957
417.2259,-539.8716,-817.39777
182.73112,-398.7899,-408.6158
-478.3955,-178.43143,328.48074
-762.6645,41.3789,607.7692
-490.99124,378.71954,289.0013
-619.49786,241.4232,-78.9733
-980.29663,472.93326,-349.1309
-118.45814,476.77686,28.99398
884.239,141.00618,733.77313
1095.4752,367.26764,511.25803
1065.9194,303.6869,-181.71524
536.01843,33.219402,-316.84692
46.639366,-576.6229,26.93504
86.34843,-1207.3212,399.10098
255.71881,-981.9175,68.02089
694.98254,-583.09937,-536.58014
944.8562,201.03018,6.8535495
381.66684,1187.9392,519.91315
-55.78966,1129.3545,164.04478
-169.69052,594.58093,-144.04959
-278.34644,317.1634,-557.976
-569.92883,-14.393141,-783.7669
-1039.677,-246.88586,-881.9438
-624.15875,-251.37099,-1030.5955
-246.84877,-39.248657,-665.48865
-451.29337,168.45644,141.81491
-522.8637,-69.195335,836.404
-679.4041,-455.51517,734.0556
-566.3856,-469.9956,448.372
165.44162,-243.07446,565.94415
558.14026,207.11034,488.92145
-108.76499,779.6414,-210.54333
-551.942,1120.2957,-1106.239
-248.34027,1430.8358,-998.8703
669.2965,1056.9475,56.66378
632.46387,325.98413,913.28467
-496.34326,106.89521,915.89764
-639.8384,-3.3957195,526.8483
-591.20404,-354.99594,101.67469
226.29938,-1126.2534,-306.13718
1128.4479,-920.39905,-492.2331
952.26,-242.55185,-804.88
945.7019,-307.06604,-370.3136
782.21814,-226.16936,479.2227
785.81903,-311.53738,488.83813
922.1135,-512.22217,342.98135
475.97705,-492.1545,154.67754
-37.179115,-511.30902,-118.40425
-160.12035,-434.80936,-304.99124
-803.83777,120.976006,-77.27839
-1478.8401,677.4147,445.79968
-1492.7689,621.0964,415.36154
-1875.8894,458.962,106.906715
-1501.6145,50.224598,7.04057
-690.6616,-502.4967,291.75583
-457.0036,-419.4228,304.8708
281.97043,40.591244,-237.20326
910.5995,215.52638,-308.75208
957.9505,-217.35349,-115.74922
705.6106,-760.5711,-175.45819
483.10315,-585.821,-234.83356
773.08185,-443.78568,-409.69992
409.23013,-370.67468,-320.06235
-420.43515,359.99353,295.38684
-258.55743,662.0766,464.2341
-63.449276,304.42926,425.06223
-284.3897,165.10371,662.8223
-78.87277,303.24164,733.03
402.1152,193.40303,294.17896
689.0287,-139.79582,-485.964
804.8959,-716.9147,-194.61885
761.2957,-1612.5638,190.19554
441.60764,-1762.6755,-403.24094
-31.663477,-932.04144,-900.9475
-744.0558,-4.463792,-1240.009
-852.0503,637.84406,-1079.0569
-52.179348,682.8309,-535.8744
-152.47725,219.21227,298.26392
-923.38385,215.35156,945.361
-896.6107,399.60767,755.6816
-908.0931,304.6238,631.5081
-1125.8,414.87875,403.28635
-637.5102,359.03378,-40.67968
-50.397327,411.4719,-95.25467
-66.12079,955.66125,-279.29126
-368.32098,813.42206,-473.75543
-238.7909,47.93486,73.59135
392.5874,-493.54013,338.5235
769.4294,-702.7347,-153.02895
671.3657,-14.745806,-496.84848
450.945,617.0695,-641.7732
637.79443,159.90172,-272.90723
849.198,-289.4486,415.06458
471.8122,-408.98157,326.94052
208.79498,-526.4189,-379.26068
78.48243,-268.0362,-747.3528
165.68993,340.38733,-648.49884
399.90945,612.5786,-632.01025
38.31154,465.28827,-449.01773
-545.56805,149.81136,340.08063
-813.88873,-209.249,863.1574
-790.5105,57.303463,718.62354
-941.9859,834.84106,533.77264
-508.3194,961.2599,602.9647
152.54764,543.8554,977.79266
25.739231,273.50934,940.3714
-94.97231,296.07864,243.90077
-144.01538,383.3682,-507.65778
116.699776,-112.54252,-1190.4082
639.737,-493.35526,-1383.4298
1301.6913,-277.64554,-835.1225
1520.789,-278.02353,-58.104065
942.2427,-567.39935,390.0344
359.96777,-784.99744,358.43265
-314.78555,-645.5259,268.008
-682.24115,-281.65793,62.786465
-901.8736,153.68867,-513.4371
-815.12195,297.70874,-423.96915
-512.03125,119.97118,156.67311
-378.81165,35.035053,383.17856
113.42676,-123.12509,607.63214
537.76587,-190.65466,371.84842
1051.9343,-319.9003,23.568422
884.2152,-559.67114,1.0263247
219.97629,-264.53152,112.9604
-135.6435,606.41394,448.1821
-539.7359,1158.3779,180.20958
-143.73077,833.5781,-455.84924
424.2972,91.09641,-872.80646
669.14526,-822.40796,-1001.30634
612.759,-1401.7646,-313.22293
280.34915,-1562.4368,396.8897
218.1016,-1533.7391,552.4569
130.55534,-669.41833,510.1722
210.02252,242.40735,-116.33724
22.166992,420.7192,-663.1388
-286.61288,497.92886,-506.42874
43.260235,349.80264,-374.6446
399.0873,104.72269,-371.89703
165.34886,371.78195,-1.6969992
-412.48035,799.6461,814.35156
-623.5481,760.21783,1174.6047
-788.06213,431.13388,893.61804
-598.15924,143.4924,759.8013
137.79298,14.7074175,491.01575
392.75928,303.58112,-98.09607
73.75567,797.123,-267.89966
-305.93347,762.30707,-25.49464
88.81707,121.24882,-124.109344
484.9997,-434.6619,-422.26294
-11.701126,-669.4259,-437.5486
-492.37015,-803.493,-453.6567
-576.73865,-875.18933,-351.58185
-495.23264,-618.3038,-37.39685
-503.8875,-209.079,-210.41382
-407.01807,129.73322,-256.19012
55.766235,427.9682,490.11606
472.44202,581.6954,632.8921
573.34705,810.44464,-83.84369
267.8061,893.70166,-427.72025
-385.02185,699.2116,-436.1182
-556.61224,232.02481,-387.69733
-421.17648,-279.05157,105.83296
-125.03043,-276.54068,947.34753
497.08783,-131.31323,1313.5359
414.70163,-80.73686,742.09973
123.6386,196.21214,45.33466
41.1327,562.8525,-155.2376
-214.58539,302.5922,-263.56488
-176.27042,-475.48627,-330.50708
-78.074196,-1033.6979,-544.405
-13.010547,-1124.1495,-949.6848
357.2385,-907.73724,-773.8506
376.8151,-630.3366,-340.8342
-106.28825,-380.85144,-325.8056
-226.01073,-589.7191,-1.526102
2.5616803,-884.5932,521.8958
31.739891,-836.71545,30.978504
-276.10803,-337.82098,-529.6515
-492.92004,870.7544,-51.594624
-34.718742,1589.8483,536.5601
648.19806,1206.9219,658.9006
914.8554,267.2214,509.66238
944.19055,-668.85895,292.95258
685.9947,-1228.6107,-0.52565306
23.369434,-1241.1553,39.683426
-665.3542,-218.30669,23.95576
-687.50085,641.0649,-433.76657
-422.65207,800.9767,-327.07886
-386.20694,1054.0702,-148.01724
-215.70985,618.56006,-20.622902
-368.69446,79.3992,158.97905
-652.16785,285.86545,-194.30942
-533.99286,281.56686,-412.73486
-51.73549,86.67879,-575.765
269.07422,348.97867,-887.38086
347.31403,432.54376,-839.1314
609.57007,254.44713,-71.80029
634.5443,84.69414,899.4197
417.29456,-629.2487,1142.1766
-3.893652,-1073.5938,649.5508
-315.6305,-609.4773,-58.551174
-31.624586,223.91254,-190.48619
957.6849,872.02856,293.1467
1486.8955,1122.5221,582.7016
977.6499,704.6765,339.14157
177.32858,-76.01958,206.12737
-715.2786,-436.37946,279.96756
-637.80963,-782.26685,402.73886
-102.901695,-1210.5939,670.3368
385.6588,-1457.8053,133.4598
329.6197,-657.3428,-384.6131
-743.96857,716.53845,70.33504
-983.70636,1117.4281,26.78255
-805.13635,981.59705,-315.20618
-484.88916,479.78384,-239.8289
154.74911,-176.92325,-249.45116
97.461426,-291.68137,-156.4593
114.710655,-218.2374,-123.534836
-29.86559,-327.9304,-19.41457
-412.19885,-52.944923,254.58751
376.3333,170.12978,48.24123
773.1254,302.48532,-91.11111
340.36658,419.3653,-75.12769
440.55075,-342.84695,-7.6318088
116.703835,-797.2543,155.13771
-452.1297,-632.50775,79.25919
-649.9183,-1.9551367,186.65901
-455.70157,866.84436,385.16714
440.71405,1089.8,559.85406
1337.7137,1043.4774,461.51917
969.2378,646.58594,291.2314
-30.383244,511.901,316.98813
-240.00702,385.2061,63.349953
-383.942,-283.7372,99.328026
-639.9511,-556.06433,-105.12983
-751.55383,-684.5273,-711.94574
-616.98035,-742.373,-738.61273
-222.1904,-117.74396,-602.23883
-235.07434,823.2882,-98.09872
-305.25937,996.3698,764.10754
-346.11017,615.3676,724.5781
-222.594,488.17337,-58.631443
140.99358,162.96852,-219.56718
665.56946,-573.6566,11.8540325
1090.6221,-1024.9929,-124.367645
476.67758,-1114.02,-420.3968
-6.278162,-957.68536,-970.0392
-212.76091,-392.28223,-1220.0999
-809.9222,-153.66992,-867.64624
-624.04047,-289.00372,-336.58044
-57.60364,-401.19836,455.75836
154.74359,-704.18097,1025.2141
-16.845114,-856.5489,875.32416
-581.85046,-492.6523,195.2956
-879.3822,95.2403,-362.22766
-469.79358,706.52313,-399.60226
45.529064,1171.0463,137.71405
484.51617,812.16486,668.94196
882.55206,5.8005176,582.60156
440.83014,-461.84396,616.0491
-114.97571,-823.48474,793.39606
-218.06758,-814.21936,729.13007
-401.76657,-121.16589,374.78253
-653.68396,337.92496,-289.31876
-1043.566,409.6691,-702.1104
-927.4369,382.87857,-670.825
-533.58936,153.98703,-429.4048
-316.47104,209.39532,-329.2806
-40.73008,211.86943,-403.0557
-141.14838,-19.213736,-405.33035
116.31916,21.04423,-360.83426
630.71277,112.16528,-213.96164
751.8508,59.12518,89.458374
950.52075,111.11977,86.81762
673.8905,2.5461686,-150.53983
138.67015,-295.12784,-245.65825
249.98982,-500.7864,-430.53632
347.96722,-883.4248,-318.96152
107.799416,-801.98035,92.085434
218.32059,-406.7712,226.65077
232.30826,-246.56297,255.28568
-124.16135,129.50525,445.79633
-217.03961,513.12476,497.12665
-302.60062,728.9299,234.19376
-478.64243,709.25964,-41.470535
-245.32063,389.578,-462.1716
105.21771,-180.08974,-481.43393
138.20462,-249.44049,28.454798
337.50784,112.50944,98.87606
463.45685,192.83688,66.204865
-236.7472,542.55396,22.225824
-1090.5038,719.8787,-109.02567
-1176.2985,620.2149,-148.38908
-630.5223,221.17284,-253.12756
-406.111,-194.75635,-236.27762
-355.39975,101.278,-479.98306
143.8158,141.63869,-753.7025
-47.08273,245.96068,-487.56604
-581.69324,498.4588,29.649708
-146.74818,299.69705,82.129074
760.0402,-76.471306,-148.42467
1098.9528,-113.9917,212.74394
528.6239,79.05737,542.607
325.23276,-199.54268,428.69907
332.3656,-172.69098,-241.50151
-130.8093,-27.676508,-1013.25
-317.72665,-62.221706,-710.4491
-27.63312,66.937904,124.533394
632.67206,68.51497,511.64944
694.7628,35.720104,627.2953
488.70395,-125.55048,672.2129
730.47577,-280.50812,330.60376
667.3344,-510.86002,185.02882
409.30585,-723.2867,130.43176
-34.4074,-638.92847,-228.25533
-415.30222,-378.93518,-494.52106
-129.25853,-202.23753,-712.67065
121.51667,-107.515015,-353.14542
108.572624,15.17172,53.141796
314.25525,66.25584,44.922356
533.04736,223.54315,201.31319
550.98236,59.898518,410.83844
-173.7718,65.54839,329.63168
-871.27704,605.49133,-325.69742
-518.83356,750.56824,-762.5681
-2.1103683,607.3035,-609.99036
474.4694,340.7792,-98.28352
532.21094,-146.95937,565.58044
-137.27577,-385.26273,552.38605
-585.9094,1.0938009,58.051468
-437.23465,46.384033,-277.53082
-348.50732,-340.32355,-407.4766
-186.98683,-83.08372,-309.51706
373.42023,180.79509,6.9184427
263.33762,92.84062,489.1873
-165.77776,-84.98589,800.81415
-140.61505,-483.87268,660.9759
-123.106674,-544.3813,524.33496
-41.68204,-153.31717,547.4217
68.755455,118.450584,642.4282
142.5015,380.6498,686.63165
-33.92357,728.6463,226.37952
-535.42865,764.856,-230.93901
-583.992,502.37735,-208.80022
-169.15062,217.14024,-161.35234
235.14842,-42.23902,-342.55453
438.03543,110.430725,-570.64984
552.6644,530.2538,-523.5016
228.62941,311.0548,-99.93577
-615.40265,-378.8148,418.31
-1035.6445,-694.2235,612.4991
-905.28656,-808.46533,179.35782
-207.02847,-1054.8599,-350.56784
551.30383,-678.68726,-303.75797
887.05054,-3.8328838,-189.71968
655.07404,396.7543,-268.4804
268.2582,726.70636,-296.67633
451.19992,500.78564,-79.643005
104.602776,156.23296,344.71658
-117.72556,209.34637,372.5913
106.63174,-63.713936,227.42941
-398.73608,-433.67703,306.41913
-578.2779,-302.65106,42.459377
-241.41785,-356.72113,-422.24963
180.5993,-489.14386,-412.30008
722.9442,-424.27963,-369.2498
788.1987,-386.04398,-543.74963
600.8933,2.6153316,-406.83713
253.48734,310.17532,-2.7297406
-518.1953,305.47403,203.29994
-900.3759,319.1157,-97.12552
-637.73035,241.4029,-335.59018
-373.30356,114.504456,-121.82502
-366.76245,27.340292,192.17644
-548.08954,67.74965,578.8774
-332.9134,158.2636,492.6585
296.0404,60.24878,280.54343
472.6387,-211.68982,296.33447
490.55658,-462.0104,-138.88809
427.27963,-340.0084,-305.05377
92.455925,15.680327,49.323822
134.28474,361.4345,375.13525
112.56591,638.2121,477.43942
74.042274,604.0655,387.5353
222.23285,383.5329,32.887
-92.55891,-132.20728,-515.787
-533.9308,-616.9648,-492.47797
-555.3302,-296.33524,-342.13177
-257.00137,272.6864,-226.70274
-41.486095,395.88556,198.46037
124.09697,232.9336,326.53046
266.4801,-124.6138,438.8501
364.5392,-361.15698,558.603
319.5327,-215.45422,338.3711
224.22432,-4.5727453,-56.45526
685.51685,113.62513,-399.20386
960.06036,220.64586,-520.1968
700.82916,223.6065,-703.019
388.41565,-52.90766,-533.8789
-118.30498,-326.23758,-119.14148
-393.99948,-251.95427,70.6829
-553.888,-37.837284,171.6273
-640.0969,254.96764,6.84647
-387.54153,440.89136,-55.55713
-207.86325,221.97462,110.91599
173.33823,97.62822,156.94635
281.13223,-119.10632,85.631836
-211.70827,-292.67108,307.65768
-153.00285,-197.37198,358.33804
351.17664,-440.8963,-40.413517
418.23993,-131.01714,-80.373566
161.69685,267.46036,-158.76416
22.70068,0.071210735,-294.35303
-172.97736,-86.05739,-244.50122
-572.08374,77.825485,-262.37305
-1013.0406,212.34544,-190.0496
-1010.8359,112.428085,-232.41045
-478.67517,184.04408,-274.70642
19.831533,103.408646,109.14953
335.90097,-138.05275,604.38605
247.2273,-215.43591,537.2735
42.49499,-519.9442,237.68932
1.617311,-542.2897,-35.654865
98.15997,-392.81744,-392.4889
454.9705,-168.14787,-313.7193
753.5565,69.6594,151.25601
717.6797,73.542465,621.59174
368.19543,-45.274044,636.2582
-118.097176,-334.7632,260.05228
-732.1564,-198.66675,-67.99868
-948.2958,-6.7747717,-304.02753
-601.03,87.19081,-163.25336
-414.7738,458.8457,101.53361
-561.9983,612.2571,237.93481
-592.9718,402.85742,327.8242
-245.8817,-143.98509,128.37453
63.71817,-488.39517,-5.5665927
311.93854,-543.9205,184.27994
644.6138,-459.0406,122.44637
642.30634,-176.1656,-16.604471
218.66966,4.0134234,5.437911
62.191902,119.241135,-66.58197
609.60736,230.7878,-100.20048
920.352,472.98016,-265.35907
484.5287,690.5648,-559.505
125.17217,729.5822,-511.47324
-166.34349,365.6973,-112.15344
-580.61975,-282.8446,230.49548
-296.47754,-428.97357,332.64963
249.46703,-74.21793,272.01746
97.82686,137.33871,278.91913
-115.14371,-50.82551,356.7496
-173.07071,-124.89725,451.8239
-185.84439,-21.568727,206.1876
-0.83407557,-82.18473,-432.5721
63.879166,-98.72139,-668.24695
-116.08551,13.900916,-604.38464
-454.42624,-49.96777,-331.02365
-663.46674,-86.50724,33.382187
-634.3746,12.50313,207.06285
-434.39752,8.540764,546.3406
41.251675,115.83455,692.7922
685.0669,431.804,345.78546
924.4938,649.7898,-66.00224
647.2799,433.14096,-159.82758
146.96114,8.319274,165.08475
38.916996,-744.8531,-145.20052
145.60419,-1022.1668,-990.2391
-341.26788,-628.2826,-945.61615
-399.01044,-380.02347,-612.1298
-93.80584,-17.36734,-240.45174
36.999886,-120.52269,141.86165
39.084484,-125.38344,390.07233
-237.01799,-239.61287,784.3905
-267.7083,-320.942,777.6564
-427.735,293.36453,378.5313
-521.38104,316.24854,-384.4914
-295.64163,373.20126,-938.3105
-115.90525,700.24335,-826.7378
11.238209,874.76294,-294.71124
87.99097,717.36066,631.2441
268.29355,334.55908,1162.6976
390.98102,74.084564,713.307
297.01605,-236.35535,149.68217
145.45982,-232.32968,208.63795
167.6801,-184.19034,356.01443
209.54158,-342.63177,387.67755
85.15734,-420.75235,548.82513
-26.405138,-316.32816,610.6634
41.11674,-387.35028,112.323135
11.1729145,-386.6205,-578.21313
-133.70499,50.88429,-965.7831
3.7837844,126.30169,-857.4735
281.96793,-72.37753,-380.54346
529.739,30.623083,-273.55405
705.35266,130.89146,-58.65539
736.08295,114.26801,282.0252
450.16013,37.140503,152.9932
12.218126,-109.61227,65.40965
-260.2045,51.657852,159.63269
-212.3838,194.59708,7.218059
94.80416,-101.99376,-143.1398
-83.32133,-136.24774,89.29614
-427.35876,330.55432,174.63347
-307.125,796.5808,197.13571
-46.12346,830.4092,380.291
70.78981,487.8289,348.25394
-120.881905,190.26836,-81.23088
-274.83115,-50.47637,-431.0976
-284.29117,-180.67557,-308.62927
-79.202446,-170.65515,-313.70096
383.1236,-23.88573,-375.58176
575.49445,230.89462,-294.32257
545.83234,228.00346,-199.80226
192.55467,11.141174,-124.14419
-521.9363,-112.44023,-141.98196
-873.27734,-176.75563,-211.26451
-824.7512,-366.03293,-370.7872
-750.39514,-136.10838,-319.80713
-582.9115,205.0407,17.245806
-299.82144,209.37283,541.3261
-210.39873,291.1006,423.91556
-92.51117,105.32946,-483.94672
460.66388,-13.809394,-583.5938
869.0527,-132.00145,-143.38925
825.10046,-105.74689,128.72525
855.85315,219.44695,338.22452
948.9156,331.52185,97.13024
713.42957,75.49798,-252.40369
469.1809,-593.21735,-387.86182
328.67413,-721.84753,-266.90497
283.1302,-658.0028,-6.501393
166.28839,-262.7757,311.38937
-351.31677,151.82831,452.67212
-662.1853,-146.96352,-17.149103
-514.86993,-307.72745,-548.94556
-192.84715,-455.71564,-501.08047
-143.383,-253.04182,55.6468
-156.55139,-173.62637,111.96714
-160.93338,-83.25949,-187.71959
-353.42914,154.32857,252.6042
50.945477,77.650246,595.6644
659.6792,252.65111,502.9763
665.0571,262.23868,474.6831
342.7345,173.68282,145.07341
-38.61669,0.6092473,-144.5501
-385.45743,51.984787,-110.84342
-456.0721,431.14767,-223.62428
-755.8943,670.7153,-156.94717
-1127.3118,764.08966,304.47375
-867.0063,531.79266,707.55096
-520.3322,204.58942,909.5234
-273.57584,-0.409952,713.07825
-296.73285,3.7312605,119.06313
-384.80664,-53.322865,-182.76443
-72.650795,-231.3797,-197.68857
-14.482062,-315.42004,-256.4364
-259.563,-484.77866,-167.46654
-27.383492,-860.258,-48.26726
384.04843,-1046.8938,98.128
578.41296,-784.02374,234.8925
572.2048,-292.7328,238.45764
282.55164,220.72061,63.39841
378.31042,465.65564,-209.80734
628.01184,590.719,-383.56696
536.00885,578.824,-432.53577
515.8169,429.73233,-324.43094
248.02121,295.59998,-352.308
-25.677048,69.87811,-230.85416
161.71722,-24.134054,-38.07816
82.30197,-44.61707,-161.36261
-151.22238,-2.6119614,-72.6771
-323.83005,115.232056,-7.4775023
-727.81696,-12.096151,104.85381
-873.37085,-340.7509,324.59943
-644.80396,-501.49634,2.818125
-355.03204,-244.5882,-563.6128
-9.393186,119.55021,-604.02026
343.0294,400.95923,127.94742
515.6914,540.715,686.17126
531.1099,324.16068,723.4441
285.9146,93.47848,674.1634
-97.89807,-16.398418,198.40279
-319.83618,-40.878178,-427.51056
-487.19965,50.982693,-565.5667
-444.97604,183.66971,-412.92255
-136.11424,241.5046,-366.56897
286.80756,132.12927,-144.77779
742.42413,-39.223682,178.73395
791.0739,-442.8103,141.99374
505.0976,-927.077,66.65228
364.42395,-1007.0269,100.168724
-62.84419,-612.49164,224.76169
-601.57806,-154.71376,187.64969
-864.3201,283.78708,-338.37613
-1030.5607,635.72534,-777.5887
-794.6867,479.32352,-569.7403
-252.81569,-131.48967,36.20271
252.29875,-598.541,600.99384
357.00854,-404.84802,814.6522
131.10596,-53.491573,572.40344
199.96611,105.771255,220.59526
437.36313,89.11722,33.33822
514.89624,-92.44381,127.60948
672.31885,-121.947296,92.33908
517.79224,17.920858,-315.39743
17.779863,344.65564,-373.438
-132.88779,611.18866,-213.28848
-80.119965,295.9984,-228.75359
100.44872,-151.45857,-126.16357
128.79568,-318.11478,113.85554
-68.86305,-409.10312,325.40897
-294.58438,-135.38477,259.34064
-580.45435,365.2768,112.92669
-307.10245,764.81055,169.67894
234.90875,680.585,53.76724
374.0643,161.96815,-251.09813
320.59692,-193.72496,-399.05484
-188.35161,-557.2353,-368.77667
-688.2659,-775.94794,-243.5513
-380.7904,-465.72903,-42.604202
77.89628,54.394135,320.83545
499.475,425.1842,599.9095
603.9951,686.5231,426.64746
301.8325,467.04126,397.89252
129.1345,-47.736908,774.59045
-209.66475,-379.02438,612.1254
-336.24344,-488.41827,-154.69702
-480.73492,19.09551,-601.92035
-836.15625,457.63446,-574.2111
-582.62256,339.5783,-403.06055
-227.79337,26.924843,-242.48372
16.538607,-346.4889,-107.869156
229.64293,-512.9202,154.23514
-96.69032,-465.22632,253.95557
-344.0749,-171.2102,104.80593
-293.1596,196.0225,53.56628
-475.90338,296.92157,57.069565
-137.94286,183.6253,99.98161
423.86423,-132.72588,127.56704
432.20093,-316.50937,102.995346
361.76044,39.655544,237.06161
199.53497,423.38223,325.4991
190.04718,405.01413,40.31246
187.55449,134.8735,-331.3862
-51.35687,-143.16075,-451.93686
-75.28758,-125.373665,-314.14783
-245.18408,22.153074,-105.71671
-677.39966,164.62263,-48.44369
-770.7774,371.68176,-88.661194
-451.13998,293.33292,20.559216
-109.11538,59.840958,60.586014
203.15686,-31.782793,-208.58838
525.72943,-100.578926,-338.5612
727.9461,-152.28984,-402.9234
658.9151,-309.7416,-573.85583
470.9719,-488.94785,-350.73993
491.45502,-451.3909,151.1484
325.76895,-209.73253,396.01785
85.11416,-177.87982,355.4556
67.41229,-299.5541,252.1593
-168.6029,-220.63582,231.37248
-347.50763,-160.1982,252.11676
-297.21722,215.9374,281.2984
-384.74506,706.21533,122.56397
-525.14417,686.0371,-258.65253
-401.44263,373.09448,-415.49637
-273.0045,94.77419,-357.5226
-353.92798,-224.33284,-293.47482
-518.44415,-551.66656,-115.94635
-649.17444,-371.71808,284.9036
-7.8996663,33.58345,431.8546
857.0915,7.326765,398.07562
841.8328,-359.24472,358.59134
256.09793,-414.8524,-97.71886
-436.2993,-345.0798,-369.7974
-649.197,-204.85472,-447.94534
-260.89807,97.44577,-497.6545
199.99254,-17.483007,-473.7556
501.7612,146.9726,-316.37775
557.18427,425.02994,252.94481
310.03906,296.55557,563.5898
-5.3117733,148.53825,502.10693
-210.23492,277.61005,135.07573
-188.39894,372.71115,-148.95636
55.8181,75.98116,-101.908844
114.25492,218.81924,-344.20587
-86.42585,217.97998,-403.3123
-369.11923,-96.76922,-147.54245
-450.92456,-173.29892,96.62943
-263.96802,-280.82343,402.475
-38.357025,-246.5167,530.8925
198.05435,-91.13177,508.64352
186.486,96.51055,402.3369
-62.22522,87.872986,127.14063
-101.86071,78.075066,-301.32352
119.03338,4.467694,-467.24008
-83.98079,71.42093,-340.0401
-444.26678,266.5115,-348.29495
24.311132,41.41154,-176.5963
521.18195,-152.35324,114.317955
717.0289,-512.71375,172.26852
930.39087,-682.81665,62.28857
688.69165,-506.99612,11.928015
342.65903,-386.5451,57.74005
240.0664,-84.38092,-97.08414
99.01846,41.81071,-289.29373
-53.483635,114.51082,-397.1235
69.609856,121.65206,-384.6027
56.787693,134.47507,-186.85515
-251.24774,264.07196,80.87448
-471.40448,178.82263,300.0477
-641.724,205.16191,199.95631
-582.00446,271.267,40.02664
-407.9253,330.5656,56.355865
-165.50998,481.14374,-14.819335
111.69123,456.49857,4.832411
284.54202,20.714521,137.87149
250.12825,-614.52637,141.54398
-113.37402,-722.1021,104.64219
-35.82892,-494.29303,-11.8795395
311.91895,-245.81094,-64.75799
348.61176,5.6148,173.8816
280.15674,26.552818,447.11444
112.38887,86.768,540.3962
-42.727226,120.327515,388.18115
-115.89677,38.592876,84.23689
-45.983124,183.38063,-258.5742
101.22603,334.31464,-542.20215
180.72661,307.20224,-420.8792
10.930083,150.35625,-31.341465
-290.07425,-126.12643,222.81337
-308.38428,-147.0454,231.45337
-179.06743,-126.608826,63.449112
-236.75098,-337.5214,69.1902
-381.48993,-470.06735,322.35458
-152.40776,-518.1686,360.9047
128.96777,-406.3462,179.73659
89.82849,-254.53445,-1.980833
28.276693,-201.6472,-409.9409
49.824116,74.22204,-761.4528
375.8674,410.44772,-841.8165
639.8136,333.46854,-517.63135
436.61276,104.98819,187.71063
188.51065,-252.64957,466.03577
-53.86251,-538.0721,380.39212
-293.38303,-187.06517,76.923874
-368.35373,161.86975,-355.3433
-394.6104,339.40927,-402.0234
-460.9939,456.09988,-244.83632
-526.7864,402.52954,60.38195
-308.8729,209.18192,292.54797
71.60631,-47.454857,300.27963
138.4885,32.18656,512.2925
-19.1102,150.57314,583.022
-182.94913,233.56798,325.15387
-61.103455,160.24901,79.96225
269.6433,-4.589248,-59.917465
371.04425,144.17271,-5.5119305
282.87915,353.8866,109.14544
105.90869,518.305,187.75702
-149.45389,405.00912,12.758751
-452.67535,-3.103578,-217.48271
-535.54065,-455.63712,-182.25462
-245.10126,-638.2387,-293.06543
209.25304,-315.1064,-536.7934
400.90198,100.74646,-514.44244
160.39828,100.98199,-115.11179
-46.873344,-34.301044,97.564606
-21.335342,89.06651,89.91424
89.830605,249.65996,178.83809
263.99802,358.976,-3.8918707
677.40765,431.19797,-156.38014
1065.481,439.4333,-49.738266
1046.7423,339.3979,82.63722
636.0592,247.26425,160.35103
-61.618095,-4.6430697,280.47748
-516.3892,-349.12402,323.44342
-561.522,-235.02345,104.800186
-470.27612,-33.02459,34.809753
-418.62408,-138.73204,-72.08488
-436.9174,-291.30298,-92.474915
-219.98322,-123.22073,316.10068
149.63573,244.97359,460.86472
342.2253,487.63342,265.99423
358.59137,526.2821,12.753712
251.72183,304.78143,-237.81532
175.46393,7.923762,-293.70868
293.44168,-118.93784,-373.38547
316.9302,48.598713,-594.966
14.115403,188.38213,-559.0484
-332.43823,209.84363,-262.9912
-442.92365,330.2178,-143.53932
-266.18753,351.54108,-55.933056
16.106684,209.98512,107.92224
405.2228,-228.96115,162.87494
664.83484,-674.2625,327.96643
549.7336,-610.3065,391.23508
418.6053,-335.22226,187.06052
331.22244,-89.4636,-139.37886
312.15393,156.5794,-487.74072
131.73305,272.0729,-589.7152
-139.77333,130.76874,-507.6927
-287.81348,-79.72013,-180.20247
-559.02484,-179.73383,204.69368
-602.72876,-257.88904,517.6381
-347.70483,-162.38373,715.8814
-140.65237,68.79099,419.66202
-187.97177,46.62209,161.55576
-140.37723,50.494675,142.40253
121.17266,236.80869,-63.781494
246.13472,236.20341,-270.5272
452.10327,242.0469,-358.38806
598.07544,343.47568,-287.3593
517.6772,353.95615,-32.804966
446.39694,257.18225,77.10424
268.9769,-38.369846,87.82925
-109.03824,-593.55023,-12.431777
-316.65332,-1001.83655,-310.3133
-309.48846,-956.53064,-320.48334
-319.20102,-652.303,-8.230355
-277.55606,-415.74792,347.4011
-117.33867,-132.50514,399.80933
-2.4732985,278.9126,101.03107
-222.62251,181.21687,-283.6229
-510.59482,87.311005,-469.71344
-584.8563,158.88707,-263.75174
-538.3884,141.49606,-157.88673
-320.44513,368.8443,12.8077545
-75.6572,413.19168,448.99625
-103.456116,452.52762,824.86053
-202.2004,449.4837,855.73346
-152.89638,127.83794,473.8824
-141.87968,-305.0513,174.58405
-13.878661,-446.42734,-201.69034
142.20879,-221.93196,-444.224
258.71555,-142.86461,-370.87573
477.5714,-144.86972,-136.14653
538.03577,-160.53983,330.50024
526.45807,-322.73395,417.41818
382.75085,-514.5857,345.21097
158.33484,-422.15527,211.87369
100.35054,-131.33098,-146.58162
-27.282393,38.08322,-354.9415
-187.40907,193.42023,-521.43414
-246.14746,366.5606,-420.06885
-125.1843,342.06046,-138.99422
42.55672,253.53151,-107.481094
-36.034378,320.98013,-328.163
-67.04969,347.61002,-522.79816
74.208145,303.90295,-342.04254
304.7271,24.192314,-106.69853
333.89148,-352.70367,134.38953
-81.70281,-465.59726,331.36908
-234.95804,-507.19467,239.96086
8.876406,-213.60849,194.75716
181.53699,197.33562,129.17807
173.23262,195.42848,12.696807
115.76364,174.65472,-162.24644
133.9646,178.91618,-259.5782
92.738525,53.15653,-126.66536
38.772373,69.420006,-184.80179
-77.7802,212.64688,-171.31198
-211.75188,258.42365,59.52804
-183.1174,373.87854,161.60474
-83.02354,383.78198,121.51562
-28.785154,120.9237,72.92435
-190.78767,-60.164967,97.59035
-258.59616,-252.00227,57.880615
-126.73292,-400.09647,72.63511
-246.72371,-399.98254,203.22212
-286.82574,-356.5993,134.21924
-210.70865,-291.3819,11.033912
-40.17941,-234.59682,-69.86256
359.79828,-89.176544,-271.50598
217.0253,128.96822,-360.83496
-184.0866,294.9429,-293.96823
-187.76299,243.96178,-125.95177
-123.911224,62.30856,52.914684
-330.952,22.385557,77.9407
-557.19495,162.21881,-36.13581
-375.14633,280.65048,-237.95912
4.398119,235.04626,-291.26288
362.1324,3.3673356,-189.71707
353.823,-221.33182,25.351522
100.21608,-351.5991,413.82516
29.072664,-418.27676,558.21686
-88.751045,-312.85565,261.9457
-111.156815,-161.46968,-207.47597
-123.78927,43.03218,-477.47144
-257.70883,-24.38441,-264.21487
-211.51352,-192.66505,56.41637
-143.90895,87.08715,116.171814
-87.27301,270.70285,67.33678
-117.64394,227.13835,262.4966
-188.60382,79.55439,486.77762
8.291082,-103.88447,384.3737
224.70921,-100.1777,172.84973
213.83307,-34.024647,-97.66243
195.09093,-93.20687,-230.71666
421.8495,-216.68782,-349.72583
352.15594,-209.08005,-341.19012
47.13124,-158.21768,-57.346653
100.767166,22.758478,-12.690408
244.79318,-77.30544,-54.037834
321.8784,-282.55826,-152.90558
89.3018,-153.99103,-283.56708
-171.8522,-106.25967,-238.63766
-190.59462,154.1044,-140.61334
-71.68745,305.43298,-137.69722
67.427246,284.78476,28.586624
-74.73739,290.23737,411.6572
-149.81845,173.538,362.86017
-137.52847,-23.904907,169.85147
-178.3804,-287.57092,300.9708
-178.42915,-152.75572,557.35156
180.04517,-208.41385,526.66254
446.87442,-241.04335,272.2943
70.290794,64.4378,175.2229
-131.1665,60.259777,20.112633
-252.65393,228.83669,12.24574
-425.00522,434.0029,3.937005
-295.93823,498.19003,-134.76216
-149.19986,553.4906,-75.08163
-51.102207,282.1341,-4.4190097
-40.14758,-21.48102,324.3549
-236.85068,-0.9660535,627.4113
-246.86723,-5.44088,393.68234
99.97943,-130.09012,89.28247
278.15652,-42.890945,-52.831432
223.75883,32.368687,-93.16274
201.65651,99.08334,-149.59814
241.25742,197.30301,-283.69604
241.8183,75.99913,-378.60245
148.0511,-27.332796,-522.8442
-15.340338,-130.88768,-461.76517
32.139065,-373.73416,-70.38388
268.54593,-455.56848,134.68443
305.05423,-227.57248,217.55678
380.61066,-88.63251,340.7184
277.94916,-250.9737,216.44267
-127.209724,-409.46854,-134.70518
-280.88712,-544.4631,-399.84338
-230.92195,-577.9396,-298.04822
-132.00142,-358.58972,-37.941338
-177.57825,-70.52577,77.52081
-350.63562,218.69243,29.049162
-485.79782,437.49786,-28.21252
-628.97345,340.84125,-29.229452
-608.8764,149.51314,-54.367325
-538.52594,427.3951,138.43846
-360.9,731.95,154.29329
14.137198,700.1964,-63.37184
281.84537,615.9847,-56.297752
468.10992,385.5349,-156.63615
559.10223,190.67319,-212.21909
453.05347,0.13021365,-139.7245
240.6189,-105.43058,-74.083176
131.44952,-183.64842,48.903362
342.44113,-496.6338,258.75064
506.80252,-603.19226,464.16226
234.11905,-601.74023,265.22415
-31.399181,-353.92578,23.103354
-153.51254,120.96382,-37.683605
-265.68936,175.61139,-257.2226
-274.7061,196.9831,-260.6524
-167.74107,412.44397,-31.541378
157.1811,365.79782,-11.591464
150.63274,251.19424,112.41685
-210.91342,233.17148,353.7547
-260.29355,-13.003342,249.3355
-234.43756,-282.0414,-74.07545
-151.60289,-443.6458,-243.50832
205.38454,-558.7461,-299.67374
461.0005,-587.1098,-239.92728
549.2214,-611.98425,-83.45796
560.5758,-549.96625,112.264885
331.23688,-484.26782,382.03424
127.4661,-255.43834,218.22649
88.37979,48.445942,-95.100586
123.12282,209.605,-146.96526
137.40295,212.70206,-39.66965
36.15445,-98.891495,114.78161
-99.35482,-66.31662,171.77348
-429.35092,231.00092,243.89668
-616.0173,425.18954,-7.0530996
-245.99988,554.50635,-165.62404
262.98227,540.3685,-151.57974
364.36377,535.9435,-101.0481
236.37419,318.28314,73.10868
475.50134,141.12917,-153.69002
502.55768,-78.20099,-302.76416
72.050026,-266.25827,-192.72337
125.798454,-374.24222,-79.34422
162.18976,-420.98697,-77.03581
-139.86174,-47.21917,-96.58575
-112.132576,173.93117,31.347744
-176.08931,250.82455,142.12611
-355.21835,79.618614,305.48315
-456.98944,-169.26762,265.98694
-756.02954,-68.70967,139.52463
-742.48334,-32.114487,177.44438
-268.9543,61.178757,261.7122
214.93753,69.749596,332.78342
404.17804,-67.35714,255.79327
199.45729,-14.154734,221.94185
178.81566,-59.865093,216.42494
105.70217,-218.58719,126.26949
-369.7854,-189.3135,-142.9491
-597.6694,-83.57011,-351.8372
-481.8657,-27.805872,-174.2537
-213.07999,2.3761911,-52.16513
-17.56274,122.85205,42.049587
208.50566,301.7344,142.23055
308.0784,243.24797,193.55106
230.76176,-36.648617,213.94772
499.88736,-277.55896,107.74657
487.49014,-434.74652,104.67629
81.33889,-406.4443,23.612768
-47.934986,-282.9302,-130.66599
-137.95604,-88.91928,-299.421
-176.57,142.24931,-393.5115
-1.9323679,146.04195,-117.55415
73.82406,39.15042,142.74579
108.349075,-160.34323,196.57333
-16.08622,-210.62529,308.18198
-260.75415,-80.67031,184.32878
-145.917,-64.257256,-186.72957
8.238386,-27.741276,-313.3144
-84.130775,-60.971317,-337.71942
-229.57344,-84.84405,-294.20645
-320.15128,62.899284,-178.36176
-266.69067,199.9516,-37.044144
-10.23535,321.439,267.44662
241.98178,384.4042,470.93817
139.7537,410.2019,510.8967
-146.39627,500.53317,365.93372
-315.25336,439.8248,-26.8764
-288.94077,209.62276,-399.31744
-277.14505,49.52329,-495.4407
-459.91876,97.54528,-325.41885
-467.02103,79.23936,-22.850988
-227.29468,-94.015816,95.89238
123.16048,-72.88671,-127.11971
447.7582,-16.17599,-307.15753
501.04288,-19.986036,-278.84406
372.20657,35.98453,-86.32174
333.90955,18.690283,89.27227
319.86932,-46.518436,192.26035
114.96153,28.575901,109.36651
62.760887,81.889435,-322.49014
11.909167,-3.3169212,-434.27304
-173.16916,-55.048546,-136.8313
19.255892,-205.096,25.097118
324.70145,-360.8993,192.45352
414.30853,-463.37234,292.38525
258.1312,-598.79114,195.71455
56.22716,-571.06366,224.45822
143.4192,-448.57672,93.179596
185.10854,-148.45781,-264.1779
144.07217,212.99615,-446.144
306.86145,323.97116,-488.4516
374.50598,339.2276,-435.94092
330.8535,271.32568,-324.0175
293.73456,89.84203,-172.64632
-5.552098,-73.001144,-88.14429
-265.56512,-223.33812,-93.62543
-285.62817,-311.5667,-114.18425
-513.8057,-183.19955,-68.96751
-633.97644,-30.087687,6.1392813
-458.91498,281.27945,105.081894
-461.23972,643.86884,250.57753
-417.9761,683.82935,306.05093
-310.41907,481.75516,412.23654
-333.19028,73.35299,267.35684
-283.25165,64.986176,52.36086
-136.27864,238.23997,177.2979
47.378796,267.6023,43.076378
147.77611,305.39453,-286.2363
160.01048,92.36667,-296.14798
204.02148,-18.494534,-236.55563
382.17474,-144.01476,-282.85062
397.02823,-396.49966,69.95319
119.55082,-438.5361,534.182
22.945398,-362.24362,423.3259
61.647118,-201.12506,167.73619
-51.215733,18.2443,111.57889
-184.79471,269.8701,-7.34799
-68.05157,450.43558,-54.6079
134.70464,139.57918,-12.785369
107.161514,-149.5881,-250.4628
-115.9579,-145.63774,-235.46613
-225.79164,-210.06499,63.501766
-123.18529,-111.80539,69.243576
63.17018,-190.89514,49.027374
189.07393,-295.26425,78.99628
-33.05113,-321.75662,184.17633
-286.55066,-397.5285,254.55746
-476.2868,-78.2106,252.03722
-464.0149,264.94965,64.62545
-76.31166,364.57864,-357.03168
74.39878,408.67093,-381.9089
180.22423,379.19385,-310.132
271.7542,341.12057,-377.22983
114.85653,222.19774,-209.78351
26.13522,-105.03963,22.916574
7.7120748,-355.98102,197.5447
18.835186,-386.4634,312.11288
42.149216,-301.36096,191.13718
64.55524,-259.8411,-24.386847
-5.977396,-160.38672,-42.069633
80.32857,-31.130415,-49.250553
240.67053,-13.33556,-65.08256
-0.8017727,204.71028,-162.88257
-121.57818,287.96832,-211.76544
-75.95561,279.08505,9.617967
-164.9771,225.38657,51.98142
-322.611,186.15216,-1.221599
-193.55862,433.85678,26.828568
245.20102,309.37994,104.846985
390.78378,263.22598,230.80971
535.1475,233.26178,234.17401
462.1741,-7.7221704,169.88902
247.54231,-106.2074,-8.64782
226.9568,-285.0426,-206.15002
145.38985,-230.57997,-246.41795
170.497,-132.09048,-185.85152
37.72968,32.64817,-64.360085
-16.483812,9.399496,47.78011
81.39398,-219.9745,23.683725
-54.39143,-244.71733,-142.967
-313.08524,-186.24084,-314.405
-251.54991,18.93426,-339.28668
-36.23765,39.04789,-171.80927
-153.74225,129.25984,39.763966
-124.504814,250.14381,205.74333
-164.56282,164.99983,252.4217
-496.84,167.97672,89.58954
-631.18854,183.90367,-129.85661
-632.0735,153.74542,-118.61276
-490.66888,72.07561,110.79801
-108.417435,-114.01266,228.48901
143.23672,-289.8052,269.36053
155.88803,-230.41716,335.8189
65.75065,-63.118355,180.92023
-64.4815,37.355186,-51.993713
-16.845072,82.28325,-206.6568
21.72512,157.36119,-135.23453
85.11609,115.50855,256.6439
225.33916,3.5468922,388.23975
287.82288,-35.856754,314.56265
305.7905,-237.26077,284.90155
303.52075,-568.82404,134.16635
322.24286,-645.9637,36.343296
294.4646,-301.03796,-139.90765
357.97653,4.5858226,-375.2999
146.81209,149.93289,-277.86194
-49.58889,204.24876,-79.750404
103.79776,97.50524,-89.41799
83.53191,-0.010701544,-303.59406
101.12054,-79.78048,-451.3955
-57.768486,-10.607014,-103.71695
-362.7118,156.82092,275.2202
-408.42258,300.99112,410.88437
-426.3329,490.6736,588.09784
-426.4534,453.33487,481.2443
-167.36374,133.88976,240.67293
87.784004,-91.52059,205.51952
137.65048,-151.77794,38.79303
110.6835,-258.61127,-229.5866
-49.603867,-283.00943,-390.17615
-131.06946,-234.34222,-490.05115
-121.82434,-246.42525,-572.16986
-46.44867,-207.06133,-463.87146
43.97106,-150.0874,-54.165073
195.41284,-54.17073,166.799
537.49615,-165.23312,230.02559
796.381,-285.79883,163.7538
851.8108,-116.61052,-108.7628
780.7813,-75.45056,-119.74219
597.95404,-182.77106,-38.964104
306.9371,-272.11203,36.977757
159.50131,-198.86769,157.96204
88.42887,-41.20737,185.5096
-29.672287,126.80592,114.28585
-165.57574,285.8662,22.840488
-80.16361,327.24564,55.349255
189.08424,375.48404,123.69266
100.10667,383.47647,149.38039
-98.74276,355.6429,128.37991
-289.5611,370.72046,78.06282
-339.84613,337.79495,-142.6789
-121.46015,216.21443,-422.89468
-190.23715,178.96011,-465.07324
-283.88885,110.55474,-503.63846
-88.65111,-55.914783,-311.5834
-2.3027034,-21.18638,113.423256
33.31812,-27.680485,280.99908
56.635525,-187.68935,402.8435
-15.646754,-265.74258,305.33987
-145.25272,-280.0074,-87.237785
-307.8973,-189.46317,-372.83316
-299.2443,-162.54204,-335.78198
-198.43611,-65.66693,-82.84719
50.021896,123.12782,13.708663
272.7927,123.43324,43.88386
210.4258,175.89774,73.409035
170.22057,70.69792,62.97429
210.23436,-61.23522,47.068233
192.7223,-11.020082,97.11326
55.5968,45.512856,36.194286
-16.49938,40.78727,-193.1304
-93.39591,-155.96185,-218.7927
-201.28917,-156.23207,-179.0555
-127.41575,-45.667305,-40.054085
-108.67494,112.53221,212.02576
-110.56546,186.24344,340.30255
-213.71048,37.2818,428.4128
-377.0569,-71.01553,352.04404
-242.91473,-342.58267,84.10074
-184.01422,-545.74054,-18.144388
-83.800095,-627.69525,71.26843
71.98016,-568.1834,113.17639
28.828972,-224.8973,109.38936
118.97175,104.66894,-71.19955
74.62635,251.2053,-214.66936
101.79145,228.80914,-99.943146
309.42044,57.762066,-24.982206
192.52188,-100.22133,50.990486
-122.98593,47.281372,29.669523
-354.8088,173.34262,-121.92429
-256.8921,217.89474,-77.256386
71.515175,318.4912,-132.7142
408.2163,308.35477,-267.41605
424.8562,304.75238,-55.767597
185.97934,240.29634,193.4586
-23.773333,92.00561,378.9869
-249.95927,-43.702652,362.59607
-263.76688,-241.66577,227.87367
-160.49208,-403.9168,116.70095
63.07855,-375.2325,-146.45135
223.69733,-253.33244,-90.20645
152.71346,-44.482433,5.750212
134.69958,187.12677,103.19613
35.819244,156.44154,266.45978
-93.78267,-55.070843,76.48665
-362.011,-131.78937,-174.08105
-606.52765,-37.223827,-402.45895
-609.2534,193.02286,-286.34235
-607.3571,248.1203,65.53921
-426.78415,-4.616893,282.77246
-204.41846,-157.27072,386.32977
-25.472105,-215.15422,254.81299
191.98048,-278.25235,96.76436
394.73703,-336.22272,3.2484174
666.682,-292.41455,-83.942566
844.0587,-286.18964,-157.14778
895.76495,-276.1782,-112.81805
793.85297,44.665855,-118.432594
451.14032,276.9824,-164.28658
79.50044,429.7134,-32.625866
-241.47768,539.4688,-56.01938
-530.6266,461.76807,-96.72359
-648.934,306.67532,-26.868587
-610.76666,201.20097,127.3596
-497.87497,243.46577,399.4632
-240.13817,67.68538,363.23093
-116.9066,-123.835365,207.72652
-291.92847,-94.25608,191.13725
-278.30017,-47.672245,73.068726
-120.3745,75.3241,-172.10649
-148.39651,185.67305,-357.09286
-137.81953,241.29128,-277.0711
-14.097541,226.62454,-44.075882
249.04474,79.22732,140.03714
348.31378,17.131529,96.36345
211.86424,94.68963,-192.20894
223.44673,120.71954,-207.29036
184.65842,193.99509,122.7627
207.3589,180.37758,223.58522
199.49345,11.86099,64.33408
-24.054966,-44.67441,-76.26965
-263.9429,-43.363323,-153.2629
-418.2323,-40.93283,-144.40097
-320.58527,-49.62926,-123.8606
-101.59545,-48.45329,-22.041086
148.55763,4.143158,277.76437
207.47867,-7.554853,438.3693
-60.295372,-104.834885,409.4953
-355.65854,-123.30376,301.36758
-333.66272,-229.60497,-6.766978
-53.085545,-427.5119,-268.64755
114.31155,-335.0202,-317.76358
214.45601,-161.20345,-192.25163
368.1874,-134.00461,-45.03446
335.05045,-123.69043,-22.921968
114.83214,-16.76506,-10.7924595
10.018732,9.101701,-33.97578
-238.96909,-63.33163,-91.18396
-524.4107,73.62593,-74.749115
-440.19424,76.761154,-74.12542
-360.54285,-16.853344,-38.342937
-304.33304,17.886196,44.40627
-62.627853,-42.764736,41.18052
81.97641,1.7641549,129.76144
54.77399,69.96255,254.81996
0.4276333,223.48103,187.95837
1.2240759,341.4622,12.912895
-68.843956,184.37843,-87.05997
-237.62033,154.49796,-189.66278
-209.57047,64.93861,-346.4503
-29.3256,-39.74231,-255.62422
149.07529,106.91499,-34.100872
217.50471,229.24805,119.489655
384.8303,77.960434,283.43628
612.1422,-185.35184,298.84222
491.90042,-323.95816,181.74095
363.7567,-459.27295,171.84691
239.11604,-387.8707,101.15757
-101.8102,-191.77316,-84.70537
-363.16562,-100.103096,-137.09003
-423.28146,16.328213,-188.29874
-311.36813,33.659733,-247.12746
-49.857727,20.078102,-246.38014
146.46602,55.36513,-199.33307
299.21603,11.002131,-36.481407
501.99432,17.640932,73.8681
417.12296,93.08815,248.30423
105.48008,88.934784,403.2874
-34.92087,94.17673,276.13165
31.888958,51.070507,163.40556
92.65102,-4.616651,27.12799
-57.283947,101.04841,-142.57426
-219.2353,64.35075,-182.64743
-97.99313,-197.74211,-154.34749
27.50427,-192.83717,25.217781
-68.27602,2.2920053,133.65671
-177.756,-43.833115,68.82819
-304.49313,59.404156,81.99721
-401.65298,246.3913,80.52983
-157.61252,146.47372,-71.97534
167.94907,130.82187,-278.9855
263.17325,27.734776,-486.1191
322.9184,-189.23657,-476.99136
361.05698,-232.6171,-213.66716
328.1775,-214.04068,-66.712585
100.95213,-17.327436,-74.31972
-76.05637,221.15672,-143.40195
2.1856318,256.33243,-100.84744
75.93809,195.94197,168.03868
221.65656,147.07852,351.3953
159.02104,63.67427,303.51526
-221.3117,-52.89593,231.55295
-499.11792,-40.30334,191.2934
-491.25165,-1.1475736,14.902361
-336.1812,11.140474,-188.07991
-208.71892,10.825626,-128.13118
-53.25381,-20.74392,141.2418
-55.019993,63.23586,158.68643
-153.61917,135.47833,1.2824337
-96.318275,91.107666,-34.38801
76.66145,-57.98485,-143.52444
190.20396,-146.30594,-183.58534
254.22594,-38.9591,-124.26097
223.02974,82.03174,-96.93371
119.20624,81.19412,-94.47359
189.96129,-64.78096,-148.76154
81.425575,-254.36694,-135.72852
-1.8006142,-291.2919,-32.154366
-24.22971,-85.221565,112.6603
-120.61346,-47.292866,170.39398
53.33446,0.30792838,207.01239
150.5258,257.122,272.6411
316.6921,190.01724,281.8512
451.57095,208.27089,288.37283
295.5896,375.35495,165.7018
106.013336,266.9175,44.117844
-26.63121,129.92818,-86.738945
-58.088516,32.14461,-284.2932
-203.45789,-141.1945,-302.75565
-389.42538,-255.48685,-229.74326
-351.86078,-202.17223,-8.135144
-34.63571,-212.69954,123.410934
91.50959,-153.39874,9.221639
-48.45993,9.015331,61.47584
-93.35548,-16.439041,157.75713
-146.67395,-82.885544,136.068
-31.720446,-73.016365,-67.49351
35.289906,-88.33485,-267.3921
-36.499733,-67.37116,-136.28299
70.273674,106.74157,26.882185
184.704,216.44759,169.7742
169.24489,231.53508,327.4907
-50.563675,126.06803,315.88696
-230.11432,-146.96292,261.24283
-171.34244,-356.4189,197.12094
-65.40805,-454.54312,42.48025
92.92449,-398.7991,-151.95851
170.23006,-218.62704,-361.93857
-132.73006,-14.368998,-323.1826
-408.20508,49.65997,20.22405
-325.6199,125.05276,142.66493
-275.50565,301.77356,-6.3772774
-216.86392,310.12643,-68.780945
-81.65166,306.25705,-24.87759
-70.44331,301.21365,-1.6578672
19.930386,159.42902,78.037926
251.6749,-53.214428,57.38779
353.4016,-248.56885,-43.54681
306.5002,-366.66525,3.5311923
122.43449,-340.75363,-77.646164
-66.01736,-100.000336,-209.41005
-77.29593,103.99977,-185.3468
99.0809,73.75491,-62.872833
307.77753,-133.95282,58.005352
214.76332,-323.68784,90.25366
162.05675,-335.27686,43.66106
80.470535,-226.32674,-27.575344
-157.6382,46.669773,-102.27437
-202.6851,257.57993,-95.631615
-120.09155,217.89793,34.090355
148.0676,95.46822,37.237274
254.55438,-72.09011,-25.149778
238.40361,-189.98398,-74.15337
231.43889,-282.8899,-84.03168
38.582073,-285.2566,-184.13234
-146.48116,-212.95616,-371.34036
-228.17581,-149.72762,-333.83743
-154.58638,16.753372,-230.0698
-203.4204,129.1346,-49.03695
-277.64236,222.0889,120.02035
-127.36317,359.5269,55.308296
-58.374382,534.718,-52.72517
-172.87337,630.84296,-52.985653
-271.41232,445.4096,-4.6278405
-310.26694,272.7593,142.17896
-207.68298,248.22359,284.74097
176.19038,58.692196,232.03223
273.2005,-116.54295,222.50168
149.1872,-43.355877,208.23877
306.1426,-80.87889,118.90667
277.16574,-81.97838,29.655827
94.417114,-81.461395,-66.1815
34.704987,-259.1022,-6.1856275
10.705544,-280.06842,59.68475
172.38954,-211.68977,5.7713275
290.47214,-170.5691,-59.602364
149.05327,-162.24054,-172.683
168.85686,-72.32803,-226.153
277.32043,69.65574,-211.23251
246.17862,-0.18893768,-210.32362
171.83449,-194.41965,-110.81089
-41.63178,-278.94846,-46.230442
-95.37648,-356.1614,71.073845
-164.01903,-238.30061,153.8263
-289.79596,-36.63636,-113.332245
11.355277,-92.50254,-185.10924
217.3653,91.28082,3.915433
239.52614,261.7735,12.282646
123.787865,285.10495,49.4449
-330.15732,374.34448,30.934048
-564.66486,277.5103,-151.58238
-452.30734,140.42851,-93.63755
-309.77924,130.06552,78.68223
-222.24481,196.7473,65.01879
-115.30479,134.44221,72.11211
9.723589,140.13583,183.10509
47.310806,213.60477,276.94366
150.47751,120.63726,216.68074
201.26488,85.01234,119.78169
11.875486,66.5109,45.183678
99.75237,-96.2848,-115.34505
226.1791,-185.3959,-50.067486
58.93047,-188.29805,8.068715
74.86146,-204.51259,-150.65083
117.87418,-94.686935,-96.76509
155.02878,-86.86803,36.279255
247.77113,-120.870384,34.41665
319.07642,33.372066,-113.06502
334.85208,46.47221,-260.38333
345.6342,-130.24002,-165.93642
467.69235,-194.67659,-76.16822
347.63803,-294.41937,-152.81252
17.92079,-438.4809,-272.94882
-317.47086,-245.77628,-420.5813
-503.9654,-33.909996,-376.92493
-480.284,-0.720312,-201.97397
-334.2599,48.570324,-9.450885
-157.19583,150.26254,177.86989
-53.243214,253.02,179.98627
39.173145,144.31728,307.01822
-60.87997,56.997765,300.27908
-123.57861,135.49654,93.795
-80.00557,250.52423,39.997204
-175.90822,321.8996,-105.279495
-218.46385,193.39697,-116.12698
-159.12874,-34.345463,-18.145391
-49.788242,-220.8751,8.824764
114.301186,-298.51398,23.402061
318.5508,-340.91757,82.65641
333.74515,-352.59775,129.41624
185.39627,-233.8194,61.467632
70.32197,-34.477207,57.74977
69.12932,132.5082,35.56371
202.8181,92.213486,45.493534
197.53041,73.75417,-44.611664
-97.95232,159.25961,-175.60832
-317.34793,3.3949776,-299.95895
-235.31412,2.285079,-202.55879
-78.383766,155.30836,133.2925
104.59959,28.663578,227.81786
41.548706,61.34755,200.53654
-2.399362,136.12883,86.72182
31.23142,180.68216,319.20828
-97.455475,274.19345,151.79204
39.25833,190.01653,56.93652
185.37248,75.54719,-61.90627
302.2507,47.22049,-495.38757
352.2164,3.858414,27.825
40.7884,-1.4399111,-219.76175
-118.826775,184.63625,-86.42464
27.539522,35.762,185.74669
-14.860631,19.615208,-139.51596
279.07416,22.223722,239.7814
352.97964,-80.58673,98.29612
22.37097,87.94397,217.36278
205.47424,-37.249844,312.67758
-173.13861,42.024456,240.6368
-439.62357,-90.725365,143.83458
-428.08997,-165.31102,22.944065
-691.0969,77.92926,155.59346
-521.5694,-24.8228,88.53727
-336.91312,-32.267895,156.17525
-11.713889,83.59114,-171.61728
304.34073,16.092308,-25.602669
303.39166,-96.800606,186.55246
172.34473,100.53491,-51.055973
-38.509933,-12.636667,82.144646
-114.830956,-121.279724,-70.40727
-24.753735,12.71504,-102.48416
-17.718666,79.04837,-118.343254
80.05887,260.724,-287.47144
199.2452,144.925,-166.99057
29.113598,44.654972,18.32
55.767376,-175.30708,144.63908
153.03311,-360.02225,112.37524
17.268148,-167.88693,-3.0489163
-169.30406,-48.513027,-139.57205
-183.36795,171.04721,-237.43733
-1.6514279,357.75485,-163.87448
49.89584,429.45285,-36.83196
-20.745333,287.9314,48.64668
-175.77242,44.574944,120.900375
-291.73962,-129.27124,65.32254
-280.80573,-304.96756,43.240036
-137.57999,-274.80872,53.054367
76.328224,-288.56665,16.024784
214.70604,-287.47314,126.83214
370.585,-288.52512,208.11337
252.63254,-219.5755,212.56607
98.56271,-108.64318,153.29385
210.79779,-120.384056,-41.349525
96.05182,41.787758,-171.54007
-206.79126,77.2813,-60.45043
-427.98132,78.274216,10.912456
-493.88882,139.3777,0.2608831
-383.1113,131.08829,43.543568
-270.19235,233.30412,-64.382454
-214.33443,118.878044,-153.00894
-155.23341,-54.72749,-145.98271
-92.13658,-54.12208,-24.674278
148.01726,-115.52246,150.469
419.15158,-134.3091,209.60251
533.61005,-274.42444,178.8847
652.02637,-362.83087,96.111176
643.4823,-368.49606,44.83049
355.287,-362.2879,16.603264
-38.17487,-105.040375,56.366295
-268.98755,18.764544,-5.931608
-358.51456,70.41275,-174.17517
-279.8099,34.16416,-266.00235
-173.53156,-50.260365,-204.31917
-283.93497,-64.582596,-8.042134
-234.01735,-20.033688,151.18787
6.3418255,159.7154,224.37538
48.997692,157.28032,242.7715
88.50418,71.40659,19.432247
254.5812,-6.995977,-416.53418
178.91364,66.50951,-410.88025
-26.67594,32.20081,-146.3416
-38.28541,-174.7821,38.82422
-26.437653,-156.4092,131.59753
-112.18646,-155.11742,108.83048
-86.58877,-80.35521,220.39734
65.63921,36.398132,305.63272
36.499104,150.69554,264.81558
-258.9452,232.68413,43.6069
-489.68817,174.74557,27.250183
-430.66437,182.01526,214.82646
-198.24486,155.38425,168.95506
43.46504,148.30109,43.517353
153.62544,235.3232,-122.45799
198.08467,186.4267,-87.50491
145.74017,28.651545,87.95259
6.7625055,-27.890366,115.047714
-14.922077,-84.950615,0.33301815
40.954403,-144.1861,-108.49513
80.74957,-135.4149,-112.42191
45.180096,-135.3385,-93.27368
-44.623543,-59.75746,-56.460693
-106.41442,-44.540142,-123.84163
-43.384758,-54.517006,-186.13345
-71.13297,-79.944176,-179.54605
-138.67384,-120.65995,-145.43054
-58.94487,63.817142,-54.34662
-68.31526,84.54072,-29.630543
43.646534,21.940754,15.457999
126.80936,105.77493,125.34365
-31.71475,110.34202,145.9954
-96.10737,197.47534,8.380296
-121.711266,239.83612,-98.13738
-142.85443,221.60777,-248.00116
-65.42911,176.48605,-328.83902
103.17198,111.73095,-26.838177
209.31085,150.49658,149.26068
126.92837,66.31788,104.27681
-30.7063,40.491653,84.13038
-129.36363,102.38446,-29.884132
-64.59266,-69.311714,-83.40473
19.369251,-199.53268,35.999954
82.86,-218.59676,217.10017
163.2503,-311.5571,270.5709
180.31099,-272.63116,100.83177
126.27099,-163.46478,-84.04309
25.324286,-80.30399,-108.32392
130.96884,-66.22189,-176.95416
250.86221,-48.07933,-354.43454
171.76947,65.177635,-388.8865
118.60333,50.79944,-299.75058
40.3392,71.26432,-230.78731
80.96676,74.97705,-193.48705
222.24,77.10063,-40.037285
100.336174,127.259705,225.83116
-24.843441,78.469925,440.10306
25.122889,111.87889,531.3855
-117.56728,92.44162,343.90918
-262.19168,77.672195,52.048134
-195.72258,123.32988,-157.85161
-170.87717,110.26175,-237.65279
-248.4642,94.04928,-160.16432
-324.97433,83.7342,-43.05015
-187.19623,120.885635,172.77292
36.409855,101.827934,362.43878
225.25699,-33.99438,257.19284
334.1719,-179.16008,-38.8714
266.04346,-218.12541,-242.58577
201.27727,-274.60056,-274.98447
33.598568,-345.84598,-173.52618
-27.635124,-298.57468,-113.95104
-7.7286186,-182.39487,-132.37599
-33.041107,-123.95442,-265.13733
-32.160496,-181.1608,-163.026
-123.2931,-148.43008,-26.166096
-13.591411,-108.612076,-245.91734
-30.629679,-41.64604,-200.7363
53.44002,95.4437,-219.75494
197.94826,94.62716,115.89072
98.54123,-23.48333,252.89624
205.29869,15.479175,-208.63496
170.29869,170.92744,66.02421
-215.43419,124.63727,227.58763
-693.0625,173.27231,344.01685
-604.07184,190.31113,307.7551
-466.3626,206.69603,-64.28675
-382.61237,244.90425,60.851032
-33.10708,124.892334,298.84875
6.3973436,152.27966,374.58472
135.2298,88.3107,176.3835
169.9033,30.140476,137.75983
76.83843,-31.098003,132.26219
137.0782,-163.17854,8.79479
241.51086,-193.947,-112.700935
233.83392,-166.62627,-355.03296
35.862076,-28.06874,-255.14772
-201.25725,250.40349,-72.02006
-126.48815,403.52725,-20.789165
179.58284,297.30292,1.3603823
266.66187,152.48903,-57.04407
344.68716,-176.71454,-55.059643
251.99374,-312.15546,-28.230717
238.38774,-327.83487,50.932796
206.87767,-363.52606,111.78676
49.039314,-172.49922,-0.9822098
26.562634,-120.40796,-46.756794
-123.85973,-92.8405,54.54133
-81.01169,-75.49809,138.18245
-102.86368,82.29905,138.5414
-180.46074,133.90408,18.578838
-156.89948,-25.510502,-58.74871
-233.2956,158.35858,-65.664024
-143.66963,322.07642,77.63935
34.019577,298.23206,296.70383
174.4217,218.37006,221.16495
263.35486,144.03168,43.424343
244.72127,48.33083,-20.655144
108.32551,-82.552155,22.703596
-3.6597733,-143.31609,52.022675
-112.80868,-245.41145,-148.32033
-198.03221,-253.89154,-356.19113
-158.3936,-127.29811,-324.251
-88.660576,-9.619339,-86.24137
104.95968,5.0481563,173.22716
138.2353,-53.909977,226.08275
-112.09699,-89.71335,175.68272
-208.74205,-109.0618,123.22974
-111.229385,34.68498,-7.479258
-15.389741,253.2455,-96.14164
52.651928,330.8559,-72.072975
153.7379,264.6298,17.18674
218.82286,49.783363,130.71736
217.79259,-64.119965,120.65944
203.18636,-63.588863,35.54198
50.63487,48.59608,73.760666
-208.69536,245.44601,45.15227
-276.27072,133.12138,-9.818702
-184.75558,39.037434,7.574557
-157.65825,18.250061,-82.11618
-149.66393,-63.689507,-70.85762
-101.577644,-44.054367,-0.6491347
-69.71036,-77.723816,24.186655
-113.91252,-42.764187,-42.491436
-64.696785,-11.400764,-180.63727
102.19062,-37.974068,-210.36858
178.24457,-67.202156,-114.92397
314.92627,-42.658226,35.819847
390.37225,32.96831,104.37548
166.8993,30.237291,150.88998
22.781666,59.7216,-38.153442
10.65838,116.13111,-106.018234
31.434237,196.89854,-6.436963
43.869396,177.28027,6.9009933
-7.3779273,49.37797,29.371447
58.073536,-118.036514,-185.82559
73.66204,-293.0769,-59.981228
39.970154,-349.12555,7.2403836
38.918743,-315.02316,-139.27739
226.87083,-202.68697,-36.042812
306.56912,2.4468293,-13.620555
41.375244,222.29959,112.38715
-139.95172,275.8759,197.07198
-335.94516,314.73923,195.8437
-300.47797,337.2306,120.61042
-129.45868,200.19815,98.65393
-82.70319,187.77438,163.92107
-62.19632,292.21622,90.26352
-165.39735,260.51712,58.293354
-244.66214,116.79883,22.94125
-161.01358,-85.99687,7.3571367
35.90512,-196.44337,-4.1870356
108.63974,-84.713936,-50.49373
48.719707,-14.159168,-83.03789
60.93946,-44.8177,-63.248486
174.93288,-26.782652,-5.429587
62.407204,-3.8692808,-15.060154
-48.28482,-31.374052,-28.852316
-129.94899,-15.439227,-17.874462
-326.15482,0.8076965,88.9737
-137.46762,-31.500647,134.4674
151.53816,38.425007,-5.2624736
201.37991,113.74813,-67.192116
82.47246,67.646996,-39.990677
90.518654,-0.8940314,-81.262215
89.43064,-29.764435,-113.28083
-74.70598,-67.62705,-62.916954
-37.348846,3.7990603,-121.50031
108.573166,111.2736,-155.94148
281.23126,98.536224,-82.901054
281.09827,107.33656,-104.97604
138.20105,65.408875,-9.36797
-2.7429898,-98.32304,118.380844
-52.5095,-192.99542,111.793625
16.013365,-126.362175,52.528576
156.43973,-83.07861,-126.91591
321.12875,-70.53771,-157.37569
204.796,-139.92976,-16.837492
137.28645,-257.7822,-30.308723
79.39749,-210.09082,-168.79442
-39.14251,-221.51807,-288.4045
-17.814938,-152.74873,-263.0431
-111.18059,115.221886,-104.01416
-168.94756,250.19928,101.00273
-98.5689,239.84752,137.05296
-77.94557,234.68755,58.143215
-174.946,134.66875,70.4137
-247.14922,-30.08014,35.20829
-394.22067,-116.93376,139.23383
-405.77542,-243.46133,167.84663
-159.83968,-220.20175,-51.353275
1.9261353,-82.21092,-173.53738
225.38788,99.598015,-245.84875
241.97974,276.55453,-160.73317
84.68241,129.89671,-68.406654
37.91499,43.0836,-126.95486
-44.016335,-24.966003,-148.31802
-147.29388,-160.36006,-91.199524
-316.4763,-99.45769,22.908873
-229.50159,-99.24627,52.12718
88.8713,-64.5253,93.61922
118.4293,-108.126335,169.84412
-38.392773,-198.52104,72.62459
-40.23013,-131.8562,-4.659394
47.263454,-144.79677,-35.54645
78.91335,-236.32158,-142.63808
125.715645,-336.85092,-84.98289
166.0886,-367.62167,-50.996735
189.23798,-416.05084,-89.403786
229.95993,-307.97427,-52.969025
209.47896,-105.456276,41.217163
178.38951,-122.75534,44.335358
274.96048,-101.45113,1.9631022
235.56349,12.874038,36.90295
89.843254,214.50665,-54.13952
36.440548,185.36026,-21.89439
-58.851982,0.57802916,-254.23756
-68.42575,165.38963,-116.59793
-224.64424,262.2747,295.8487
-424.74326,331.4334,206.12885
-380.34906,290.34015,139.3293
-296.70996,43.105507,-319.1781
-202.16978,48.224987,-196.71318
-189.33318,-30.79917,121.55918
-133.55838,-105.84585,227.92323
6.1090093,-93.86922,449.6573
44.39044,-105.62555,126.50684
85.027054,-142.9314,110.2657
4.134758,-112.00968,25.931225
-288.75195,138.8156,-134.62537
-324.6587,120.71914,-37.8553
-221.05302,41.26496,133.67532
-185.21342,60.47241,275.89502
-14.223479,109.72567,229.31763
162.8721,147.35327,173.50143
224.64357,40.78653,64.567116
36.719715,-60.633938,158.27098
-60.39204,-179.75203,-15.896216
78.58208,-155.40826,-134.43307
4.3351,-181.616,-7.205075
-32.094307,-155.23163,-87.1048
74.993546,40.908497,56.869705
26.963062,121.49193,71.06257
26.899927,163.06245,-18.420696
-91.584366,139.47336,94.68431
-292.8225,190.76785,44.989292
-238.47182,143.95053,-108.481834
-197.54836,-54.02636,-134.56754
-177.77798,-108.64028,-122.58145
-133.21065,-135.94536,-37.24812
-2.4563131,-142.18161,112.771576
166.9894,-77.51779,127.68878
201.61346,59.588116,132.67363
226.70055,126.819145,98.30534
208.38553,150.44054,30.62235
148.13127,108.57125,47.647644
76.26426,-39.20921,33.87054
-16.019573,17.866283,32.012554
-24.589039,102.00407,15.854012
-107.76223,153.20609,-8.098183
-269.8071,236.18617,-75.48132
-189.51793,193.65027,-151.88585
-24.503227,81.89635,-104.25549
117.583954,11.815666,-51.679398
167.69426,-66.74682,1.5887909
100.709305,-226.32791,7.202743
147.1568,-171.4179,-55.274895
234.75687,-16.433971,-107.733604
347.96585,33.75137,-173.34116
339.62784,54.008873,-189.8681
172.18594,-59.456486,-87.29353
135.24931,-70.41358,-15.530216
239.13351,-101.12656,29.28841
224.8496,-256.62418,139.38698
196.51814,-227.2063,-14.221211
270.29034,-190.9,-237.93077
107.35155,-161.0879,-134.5143
-119.93865,-103.88117,13.168185
-254.90276,-39.870876,39.16734
-335.06094,124.861725,-10.474719
-278.59048,221.13734,32.755306
-336.45026,241.91779,120.26687
-313.30695,180.14491,45.047752
-139.94954,19.92803,11.476438
-98.230125,-48.002666,26.289162
-16.170122,-99.390236,9.453302
13.5831995,-84.433655,93.95934
-15.0916395,107.64863,143.88199
60.439114,235.8794,23.925323
115.91992,273.31027,-104.21468
3.2367427,156.05554,-190.75105
-113.324265,73.31173,-235.86322
-16.6787,111.26647,-209.89627
-117.43,24.386461,-173.96312
-76.16682,16.391724,-53.727417
270.0283,-13.476288,212.5095
325.1057,-30.912928,362.1975
424.0615,-84.426285,144.09464
546.58844,-353.1451,-79.1133
440.55347,-483.52264,-89.80264
196.53107,-454.1674,-134.06232
-13.5654335,-370.32254,-144.14067
-35.505974,-196.18991,-63.831627
-13.824277,-59.042942,-93.006485
37.101604,-54.06653,-223.34203
-17.596687,-13.875413,-275.01236
-218.28345,-29.149658,-34.807896
-515.22894,-31.147604,344.601
-710.76263,117.55927,424.7453
-561.26074,203.02953,380.74924
-297.5051,321.169,343.19366
-138.70113,375.24667,302.52856
-100.87146,269.7806,255.51123
-86.3811,172.32939,160.85008
7.814169,134.91942,93.15409
161.26848,91.8389,-124.06594
234.69084,72.79868,-191.90352
327.6816,3.6042702,-95.56316
369.54575,-168.756,-84.869415
263.3977,-222.95036,-50.649445
237.76607,-254.3058,10.759909
198.93146,-179.13654,147.94603
177.00081,-27.184322,133.39934
182.94618,48.926754,1.235146
231.00363,170.70021,-85.18662
190.15396,198.15399,-54.593914
-71.67039,248.52199,82.50499
-133.88979,187.85893,82.41729
-156.19298,44.23507,-20.600426
-283.10257,165.12648,-113.20223
-304.97723,163.84772,-70.591
-322.40738,87.19604,91.95199
-328.66833,172.74341,216.13948
-289.06424,244.8083,110.747375
-199.60178,224.52118,-77.24355
-58.919044,144.98573,-104.59979
27.91412,60.92547,-82.41571
76.7743,-25.222206,-52.12714
200.36125,-164.17348,-49.436623
217.88089,-386.9358,-53.449276
129.61955,-415.7815,-100.77662
61.59764,-328.78226,13.995813
63.218586,-305.5234,208.81093
177.22238,-167.68939,120.41447
145.71674,23.449553,82.35945
107.87203,209.81615,80.54699
81.61584,262.77124,4.947273
-92.63219,170.33554,-9.004852
-291.39304,212.9079,-62.226833
-397.51855,227.88123,-77.582375
-246.46307,189.52383,26.915321
-80.66125,79.23772,137.93776
32.340336,-209.04597,154.2514
109.72115,-206.62631,141.57631
74.79833,-160.87067,119.52877
35.142094,-159.34627,59.72317
-28.573328,33.78764,-88.517265
-110.61452,113.73829,-272.84903
-102.971375,191.67128,-396.7581
60.044296,244.89859,-310.3309
215.00108,193.13016,-46.12706
334.00583,132.31319,-4.8062925
371.7193,26.630756,-47.585236
299.81046,-148.56784,-105.419914
180.4695,-251.4355,-249.80658
131.65604,-281.98502,-261.49142
89.88865,-246.27867,-126.88443
-108.75332,-174.39317,21.880754
-181.82983,-190.97559,50.660534
-220.07195,-108.85026,59.60956
-224.84372,-43.43845,88.16348
-148.94048,-9.628057,101.269775
-156.5993,64.915955,143.95573
-176.19539,129.16632,144.40031
-162.09763,126.25352,103.32248
-114.01775,105.384674,194.97063
-96.164406,145.91144,218.44821
57.735172,48.85156,95.876434
86.284996,44.80924,-7.5650477
-25.419224,88.24224,-114.81684
-75.3893,87.38905,-96.03153
-195.13559,94.24759,-153.35986
-74.455635,-1.2937707,-173.05624
77.2282,-41.93317,-83.1034
184.48213,-137.39116,-144.15955
223.98392,-114.80437,-106.90411
131.59985,64.767815,-30.5173
188.00476,107.379616,-19.409664
70.24531,128.15446,-29.884157
-32.24404,122.97103,-133.85805
-57.72848,58.214752,-217.79588
-138.67642,-36.31236,-116.60582
-70.73998,-72.64758,32.30292
-70.98186,-54.756027,139.09723
-24.079235,-109.04272,279.8931
1.3349838,-105.61255,349.99567
-32.37735,-63.026276,428.8536
28.641327,-70.30516,322.97165
3.7840397,-43.756153,101.64523
-59.275787,-37.049778,54.09529
-166.01546,-89.27818,-20.52949
-141.1825,-91.46926,-23.012175
61.160725,-31.276848,-64.27333
83.69712,70.644035,-197.03798
48.781643,85.50106,-237.4684
82.165215,26.099997,-147.87138
45.587654,65.48355,-20.48258
89.47687,24.437752,-67.45364
184.38841,-82.905975,-35.245216
157.79608,-197.33441,38.281143
247.38948,-234.61649,-1.9979718
349.12262,-95.589035,-34.936752
274.6284,18.280457,-102.43638
217.2667,105.260925,-98.6225
75.251854,90.59063,-59.871315
-54.325764,30.61006,-106.65031
-121.392105,1.5024707,-150.70036
-307.90775,-9.095514,-66.047104
-356.39816,52.148907,74.35391
-242.7231,90.416046,142.83008
-113.058395,211.90623,201.23051
-59.575848,237.8713,250.51619
-14.272452,33.525074,223.45505
147.29573,-130.04065,115.11438
174.78128,-218.42567,-30.959154
257.85822,-269.05634,-159.06755
404.80936,-257.59085,-176.99222
368.00998,-192.7764,-143.47008
266.8058,-145.95935,-108.46212
96.60178,-74.80638,-44.6132
-30.797834,101.98105,-38.98284
-105.39513,253.17252,-27.844072
-161.26605,247.68898,-14.120729
-186.11444,170.27567,47.58584
-152.50394,69.17329,108.511826
-76.67687,-41.028454,57.72757
-80.724304,-3.6350296,38.125614
-42.03495,-30.493637,-13.865397
-47.820114,-150.79211,-10.53436
-140.20584,-125.91928,22.24215
-128.87573,-120.71189,21.43885
-26.266039,-47.984196,47.196896
58.638798,99.54056,-31.570686
37.060642,171.95786,31.938765
61.166904,219.22067,0.7464248
57.207985,156.34593,-141.67178
-68.602,-25.85356,-78.661606
-44.741737,-153.35869,-117.5464
7.492171,-165.12265,-51.738243
35.479313,-151.80325,21.241589
75.48163,-48.08292,57.168934
82.66989,29.37969,133.59622
74.52672,-43.24275,114.64085
1.5317951,-118.715614,109.44534
61.115562,-149.14258,-86.82454
100.93864,-200.2287,-142.87378
51.694305,-201.38129,-115.5098
33.20151,-56.513504,-112.54238
-28.310217,48.3947,40.23167
0.64890057,151.21431,65.71912
41.49685,271.54605,148.71065
-27.384007,246.96884,178.53497
-139.14423,75.69444,110.67995
-129.5298,-104.05702,138.26591
-91.14683,-114.06492,161.08557
-185.50778,-82.15809,196.18292
-200.53223,-10.454589,186.47867
-150.06396,116.41221,35.461346
-125.11165,107.16322,-90.87535
-100.83515,91.57888,-50.644363
-84.14012,124.678795,-9.745273
-135.74892,144.8354,78.085464
-148.83157,189.29335,64.04116
-20.292072,104.41184,-88.700485
-46.825157,25.709522,-116.75598
-65.04147,42.329662,-129.70065
-29.517204,4.3185124,-64.743744
-69.47359,7.642432,-17.927813
-14.364901,-30.10397,40.50937
77.85451,-143.28406,90.85535
219.62334,-217.46161,-18.049261
143.67226,-297.34836,-48.248795
-36.524033,-393.02597,-74.81252
-61.069107,-345.0135,-81.93543
-88.21573,-165.2826,-112.00985
-109.21851,-16.586712,-114.99062
-124.19741,73.38018,-61.495335
-19.312374,69.50809,-102.5701
53.815342,67.81086,21.175524
-35.09723,108.62561,130.96887
-100.73212,190.9991,106.12783
-126.24099,266.91925,128.28493
-115.168724,157.99211,66.34639
21.898222,-13.151285,34.384773
143.98628,-107.63791,75.89737
119.34664,-147.81693,52.8099
-38.030155,-128.48491,27.25925
-283.97928,-85.50234,-53.999447
-273.9178,-74.99991,-106.48466
-43.479042,-25.574438,-111.0251
138.5771,66.3422,-148.39546
236.13248,171.56398,-139.556
154.42056,284.3363,-84.512665
34.664658,210.45451,70.14802
-10.742374,82.55622,98.236534
2.9932399,53.794426,-102.6697
35.87002,33.64206,-293.0864
37.719254,42.48598,-336.21475
118.30418,109.977554,-134.806
152.12636,222.33395,108.029686
234.70784,202.64392,101.64752
324.41235,102.832794,36.75958
172.20436,-7.2238746,58.94971
124.429985,-174.30582,14.438772
46.134388,-224.14915,19.733507
-180.098,-188.50609,-7.4922423
-200.91464,-140.33302,-113.832634
-75.010994,-71.68268,-140.39886
-84.524574,4.0960393,-132.80005
-174.862,126.23967,-32.576435
-142.96184,127.81532,34.49009
-170.99168,-9.558129,19.731653
-176.61383,-97.83058,35.720745
-124.49444,-104.18969,29.08947
-101.26144,-32.447033,-6.733182
8.730559,4.7682657,-63.12981
96.95886,-16.674225,-60.11251
195.08469,22.709288,56.17478
230.65372,84.96257,116.06854
165.92029,43.608242,42.895634
105.49389,13.007813,-153.83391
-36.01079,6.403751,-335.53934
-165.07007,-99.12159,-277.52863
-191.93295,-131.95604,-97.483406
-185.05548,-106.190575,95.62182
-157.78441,-35.34372,195.73367
27.736721,32.78953,171.64665
152.2057,37.02119,126.83344
85.627235,96.26925,126.21519
171.73256,73.8852,153.67761
248.64273,57.5943,11.052744
362.49237,56.82543,-129.5897
431.19308,2.3076968,-167.71207
194.7787,41.38296,-291.60693
43.670948,48.33465,-352.36533
-115.4632,116.39964,-227.3293
-278.27985,194.20903,-81.073555
-214.63878,113.52413,59.67598
-53.280838,13.7273445,214.68594
9.765794,-51.853664,290.2703
-74.14251,-75.02907,290.32175
-164.76062,-69.35213,186.21475
-213.05856,30.35549,80.28451
-79.149445,-15.087107,80.01078
10.910859,-60.171562,77.72742
8.475626,32.537674,-0.9995768
-22.667206,27.232187,-53.863136
-103.970764,98.3723,8.142335
-8.766821,56.15034,118.75153
-28.43858,-48.393906,171.14238
-100.73785,-53.913033,89.34499
-109.55935,6.1013303,60.551243
-131.35715,-45.084656,51.279293
-68.7936,-60.475903,-77.70383
22.948395,170.77283,-139.77596
115.622116,218.07938,-178.13774
64.7277,275.94534,-152.15703
46.435078,147.68039,5.33464
48.803837,-25.93465,59.878754
-38.94158,59.11118,11.509723
-74.129486,3.3173165,0.7766405
-136.99783,37.676586,-13.843012
-274.82504,81.725266,13.14201
-291.42804,76.880264,83.616554
-47.747707,70.3884,35.861813
104.81082,-7.6608295,24.71737
188.79904,-142.67123,24.495152
211.82668,-226.71773,18.909422
81.624565,-260.68896,187.01442
142.97072,-418.14032,236.19235
184.47177,-300.05414,119.21363
224.21349,-31.859898,-31.6474
185.27423,112.32058,-95.79645
-21.289452,189.69229,-10.958569
-28.527758,116.75389,84.63312
-52.38711,26.453615,73.408356
-1.9531889,-93.83666,-105.22303
28.628506,-167.61272,-131.2443
10.07316,-254.95845,23.50056
132.9086,-262.2155,151.46053
175.02773,-64.16532,155.73752
168.50365,77.33168,90.204254
67.66989,181.83832,88.35381
62.59991,183.17267,17.841667
-47.38293,146.49794,-83.03881
-153.2394,107.195465,-191.60284
28.459726,90.52823,-217.32562
115.751976,106.46729,-128.7488
226.42267,14.39675,-42.513252
212.28163,-17.749859,42.821728
99.20463,-51.894714,-0.005457412
119.69694,-111.20026,-20.946838
117.18168,-208.20456,125.32678
-29.318968,-292.60632,210.23315
-165.23677,-279.97696,164.78326
-214.33453,-228.9492,110.25992
-300.8903,-145.11018,87.9594
-252.62776,-113.09799,13.0376835
-204.33696,36.697067,-66.31481
-92.21649,178.36401,-52.686867
106.79163,238.19083,-24.878302
212.63564,315.66742,12.22844
203.83775,254.21931,68.13849
74.95896,125.40013,54.31281
127.86477,-35.938595,-92.929344
177.19672,-142.36356,-208.8401
147.20825,-174.62848,-144.9228
95.1298,-128.45305,21.866194
-59.724358,-84.95947,119.76713
-6.7850337,-113.28383,68.05504
102.404076,-33.986008,103.00531
126.40305,-11.98678,41.037807
60.623367,-31.997154,-85.852776
-225.56815,-76.699295,83.265045
-426.6646,-66.23676,171.88446
-399.96997,39.387665,55.106396
-255.5638,94.51463,-148.37964
-132.09167,274.01508,-305.09894
-70.37808,232.71225,-184.81563
-100.48309,-41.51012,-7.6247573
-222.30606,-171.00093,44.79758
-173.15634,-294.02634,156.12704
-77.22733,-371.0243,206.44705
-41.50156,-212.56236,93.68482
62.95652,-28.87424,22.868122
130.66132,66.71158,8.2959175
14.735492,91.299644,168.76157
-33.47062,-58.47351,231.92767
-34.142143,-31.566637,113.93201
-178.40105,20.249315,66.03174
-61.8634,-28.39086,-20.734701
106.500336,55.76751,-17.88996
165.9785,116.79365,92.98114
207.81528,252.13007,183.08466
77.83001,284.87048,152.85075
-92.443474,245.37633,88.17947
-133.55238,279.38373,-21.817535
-46.826866,195.67522,-123.59435
-81.49833,225.74388,-75.54832
-1.1325606,304.76913,-122.966835
161.11765,167.10895,-63.339176
65.151085,54.809753,198.02756
-37.01767,-15.376197,274.94485
-10.1337385,-183.48608,124.56294
-34.65,-208.44685,-37.188046
-22.921133,-203.76874,-248.32942
234.29155,-272.84753,-408.55988
269.1711,-205.85048,-303.42822
92.04423,-124.71834,-178.28821
123.43901,-20.939863,-47.983013
125.876564,31.835606,108.095955
-1.5833948,-41.90037,15.145008
-98.320564,-33.526043,-222.36938
-110.863304,-44.192547,-261.3763
-117.111565,-119.46699,-192.70778
-81.13866,-104.182755,-176.87376
18.630512,-25.152622,-106.06734
57.650204,-51.42018,-80.23719
36.191208,-46.97692,-116.31966
9.361251,104.28986,-34.579983
0.9237124,57.533184,141.64551
0.09339946,-57.908535,227.9052
-80.7316,-5.2628193,208.61086
-163.2573,24.227455,157.07013
-154.55574,63.894775,34.286854
-140.58157,62.14678,-43.25491
-135.7458,52.142723,-41.56627
-172.3342,77.48375,-128.65169
-199.98398,-91.68703,-124.21147
-195.99434,-232.83156,60.200474
-162.86185,-214.99385,84.26283
-5.188313,-131.15805,10.773591
126.56747,-25.109035,-26.642496
181.83678,43.95571,-164.22394
243.63458,110.83459,-199.28749
242.59297,22.052446,-66.11918
225.00371,-49.644592,-76.32267
190.81541,-76.24674,-152.11
98.54515,-141.75993,-73.97502
-5.2019615,13.962163,8.159856
-33.425476,181.12434,21.119638
-3.2576048,116.99009,53.574165
2.3660133,5.2656918,62.34818
8.279749,-11.617848,1.1562638
-64.55322,-6.278948,62.258194
-150.27946,92.18988,134.88452
-213.65256,174.99977,-7.931771
-170.02206,100.61598,-87.859795
-55.63179,12.627051,-90.57452
-94.61385,-32.65145,-107.50815
-102.09561,-36.076675,-44.93303
-133.9522,-96.307526,30.196888
-122.43009,-125.85431,79.57266
-30.69924,-122.089,19.10325
0.40057755,-150.25943,-122.17839
150.03616,-195.38188,-120.60864
223.89688,-114.59172,-77.1823
243.77583,67.266205,-110.55359
391.0548,93.497375,-91.056274
429.58713,186.10365,-100.89702
333.92105,181.83304,-138.94768
274.0975,54.09863,-42.724228
155.72478,30.36512,126.386375
-59.385876,29.90729,91.35538
-279.79572,123.71755,75.01794
-428.7077,225.01654,211.25671
-337.01157,326.3967,242.33873
-249.94633,333.06912,302.12766
-162.01198,265.10394,224.72362
-46.08998,233.64241,149.87038
-57.862022,175.87556,87.07629
-57.44456,67.726616,-88.70262
-159.79759,19.698584,-206.15645
-47.170757,168.95164,-350.2495
125.03859,220.05316,-226.4362
24.201391,205.4353,15.591645
38.937347,224.53242,198.9344
134.07092,71.90627,316.4784
73.27466,-60.314857,305.4296
-3.508555,-103.664375,110.93474
142.90344,-177.53905,-131.93657
70.3289,-187.28099,-80.383575
-198.22923,-212.72945,-3.7482603
-184.39323,-274.8209,12.49849
25.489897,-184.20464,-139.28133
150.55215,-86.91308,-179.10513
130.16206,-82.93788,-55.00879
215.61652,-90.817116,-104.57809
200.56018,-50.481697,21.911423
206.47385,-9.767827,160.09216
413.02133,-21.409077,100.21163
452.9235,-48.289658,16.403856
295.88458,-50.315525,83.55346
89.459274,-28.210129,103.88901
-36.767986,-124.39588,29.893072
-83.03568,-105.08244,61.67369
-100.99865,26.195284,70.81392
-129.22902,25.064241,91.69779
-99.69591,-74.01837,67.153564
-97.2698,-98.450134,77.00559
-135.3082,14.828908,46.6115
-58.78983,25.848675,-6.3100395
-91.7465,105.76459,44.504078
-125.77974,216.79077,14.031062
-92.06912,254.262,-11.30742
-95.05536,276.00882,-52.018772
-22.600546,136.07039,-83.22688
-4.342406,-46.617516,-136.10779
-69.2432,-74.755264,-136.25456
-53.58422,0.37238583,-63.6012
-32.17235,-47.51279,-39.95937
-64.268715,-54.84861,80.00985
-23.086905,48.694035,88.40484
-42.64206,99.84633,-54.52167
-15.258626,109.71483,-90.96645
-13.047878,148.84476,20.790716
-155.00037,111.67486,60.278946
-175.79236,-72.05674,0.08150764
-208.27895,-69.97875,-18.726568
-174.5082,72.134415,-1.7251598
-84.7155,166.99686,114.15596
-6.216692,156.58705,214.34636
149.3379,17.11706,154.34818
254.91644,-131.59369,50.608635
189.47017,-213.38506,37.210487
45.105453,-204.7034,-53.36704
19.767443,-162.76091,-130.78584
-8.654442,-44.90118,-160.70738
86.28775,11.389226,-222.51584
253.90198,-5.7961373,-81.03324
137.92517,-9.065192,23.069939
-24.583284,-46.339184,51.69302
-1.1442919,-45.41446,19.587938
-69.89393,-105.85716,-209.5636
-69.988396,-225.78601,-264.02908
130.86087,-258.07626,-102.59784
97.18334,-228.9046,-27.909302
237.51651,-127.70676,-54.05375
443.26312,27.819307,-35.442715
185.63759,7.7426324,13.101542
42.394257,-14.939682,152.08356
-3.6697547,35.326355,309.2004
-181.04285,-37.512924,182.67473
-127.304184,-60.79439,-38.777466
14.554236,-47.136665,-140.62817
-22.861132,48.99729,-182.8463
-140.89815,126.675156,-8.019368
-301.93597,95.174904,199.54129
-289.2902,106.96882,168.8142
-197.63594,-33.457634,84.37714
-196.50668,-170.22153,-58.50912
-107.46111,-144.28255,-58.301582
-154.11703,-46.145344,64.06727
-171.05908,81.68401,55.52851
-28.637197,26.046509,66.579315
89.07247,-20.817225,54.909336
120.74981,-73.64206,74.562706
53.49873,-181.44272,20.901142
106.29929,-162.12054,-77.39426
100.466675,-139.94426,-59.938347
76.79858,-44.20832,64.117966
110.434715,-176.10992,136.38641
88.53908,-225.74402,-39.030422
167.63235,-111.35469,-58.84992
188.87973,-173.09087,-68.70643
129.92885,80.2551,-78.35078
72.886116,75.693115,11.168288
-15.269238,55.207275,-274.51193
113.068665,345.12564,-36.50288
26.464989,-141.26674,260.47653
-110.383316,-509.6235,-573.30365
341.15622,112.65053,-650.46674
-201.2497,281.20584,-256.69293
-836.9187,-150.65002,64.719215
-18.792501,-435.1698,655.8044
-63.191467,-200.89825,-139.08115
-512.27625,201.91422,-527.3688
-252.55019,119.89617,120.898415
-9.632099,475.0368,258.22983
108.528,684.2504,-65.7981
-111.72466,545.67053,-201.25626
39.841347,229.7528,305.1059
-150.05884,-180.76784,355.56885
-327.1652,-79.90525,105.3121
482.94284,-94.23731,-358.11285
362.96677,0.40603364,-83.91253
-205.2791,-132.18607,664.8227
37.01825,-257.79822,248.84988
345.1555,-261.17865,-165.63802
306.95963,-163.2313,-359.36603
13.774748,-160.67513,82.41328
-105.22044,-197.6183,300.47394
6.0782347,284.4113,-334.69196
-13.853749,84.84639,-238.93013
-61.90748,39.60994,117.83954
-140.1847,-14.783836,277.10226
14.909304,-202.43234,-81.18805
312.15732,-19.733973,-339.23648
72.89257,-241.51775,44.407494
-76.39942,-186.60818,88.520256
149.31589,-315.3163,81.07248
357.2647,-249.73924,-133.71544
257.2491,79.41913,-277.6683
117.41726,13.402147,79.27162
192.32834,239.30159,125.83879
200.66371,172.36694,-13.81228
271.738,-35.08385,-92.66129
-46.333054,125.21411,126.23628
-411.54883,212.96977,331.86685
-422.08322,333.69504,132.56317
-208.14508,300.4093,31.760712
68.621735,-17.669348,15.441474
25.715658,-51.99073,-52.160587
165.36339,23.19108,-48.342655
119.54498,-54.224594,92.10272
-24.25325,-154.97083,104.96001
289.54895,-330.15836,-5.1073833
425.09903,-236.076,-49.07951
159.02766,-17.272411,-178.59018
70.23573,23.195238,-114.34027
108.18892,-59.117275,148.45003
-154.2163,-82.200584,143.01596
-169.68182,30.147896,24.50478
-158.69139,218.6146,-30.5679
-84.20309,294.2203,-134.64609
169.0868,134.72974,-266.97806
142.08707,41.2538,-313.74033
-0.1434175,19.642345,-135.5064
-145.84172,141.45317,-2.0927472
45.808147,136.45999,-81.87074
106.825195,168.53183,-141.01308
-89.73196,241.92679,56.931656
-107.542015,222.24171,334.32822
-97.7208,386.0986,425.01654
-23.948755,270.87802,305.79205
-45.0251,222.0638,12.863674
-138.59819,119.46455,-32.916656
-153.98373,21.34238,47.054375
-234.59633,138.61644,90.688416
-167.81552,-56.238937,88.0369
41.409393,-136.936,-125.521805
99.03446,-45.44906,-77.7528
174.9854,54.92397,76.49296
168.6891,-21.637218,48.123695
115.833954,-145.22438,-37.35589
84.33983,-122.85701,-174.60184
-24.696543,-264.9931,-74.18188
-123.34803,-254.44424,-12.37805
-88.45533,-108.971535,-165.4891
92.35533,-23.518778,-125.16244
45.206654,27.184546,17.31641
45.60039,38.6173,91.84944
165.7894,19.946636,63.68632
156.31323,-156.24695,-28.629717
109.2309,-233.87082,-169.9702
-14.946426,-215.88333,-150.36081
-117.703156,-113.718155,148.76976
-195.52376,19.373749,213.54605
-59.38947,-9.720455,81.77157
102.72541,31.457525,8.558902
-9.000733,40.87324,58.847378
-119.661285,11.49669,138.30382
-120.30415,11.132038,126.334984
-115.09202,2.7731166,122.005196
-31.638199,67.094154,-85.290375
145.17812,128.74512,-217.59628
154.01643,118.41412,-168.07541
43.243095,37.661507,-74.46276
-100.59544,5.660767,-32.436897
-83.035416,7.518324,-154.20422
75.91953,53.04334,-122.18391
39.450356,86.46933,-8.805919
-40.233833,125.616165,167.628
-79.107475,247.92863,234.91032
-56.47641,127.91,172.8539
-64.943275,15.228093,116.53378
-148.70546,81.55478,-44.511246
-56.30736,59.682297,-41.37077
-18.601946,72.075,30.574446
-24.80514,-6.127502,1.8127266
127.72713,-124.674934,-110.40815
28.640385,-131.13893,-154.31479
-108.13138,-220.40878,-105.8227
14.650911,-362.62082,-106.52293
-1.6098721,-393.86816,37.08606
-96.40172,-338.4782,108.581505
-19.246798,-253.41304,-5.3498545
54.252815,-21.91179,-10.238489
26.53612,197.6948,18.604979
-8.299636,283.31406,-20.188608
-32.103676,246.52307,-76.412704
-82.49354,92.04606,-48.740482
-109.28057,118.67837,19.47235
-118.565346,104.59974,66.43671
-86.10939,-79.10271,27.659206
87.12474,6.651285,-98.28758
97.69188,91.26344,-79.600624
61.69838,-180.78506,-41.12685
-21.254618,-173.03636,41.056892
-196.28986,94.10524,228.57567
-152.87407,18.06099,295.56546
44.96886,-25.492683,74.86167
237.307,83.29881,-292.4847
43.8284,165.21611,-263.1748
14.790305,49.52886,98.34289
156.47287,-114.88833,196.52618
131.50818,-73.35736,-97.41567
165.47247,-33.11887,-238.75365
7.7594523,109.12212,-106.40877
-84.161125,90.14252,35.7285
-129.03464,4.952291,94.80227
-57.224453,67.18625,107.98528
15.872391,-43.945557,180.815
4.011182,-58.522396,49.43043
98.29857,77.21013,-41.94483
33.074284,42.47682,-82.386
-0.020674184,-13.513169,-189.48624
-13.322518,-38.72351,-88.10748
-91.27222,-38.5036,-17.111824
-57.406876,36.937557,2.4399416
13.98147,-17.767199,43.436943
-98.93411,-70.83905,167.28525
-173.18057,-108.53364,232.7555
-190.06818,-26.244272,211.18626
-303.34927,79.74628,201.20412
-246.86974,-59.27121,147.66147
-167.01039,-134.39781,139.52328
-47.144165,-127.742386,-13.034185
-5.347497,-44.64577,-154.90034
-43.61759,106.05695,-167.8359
1.9225183,176.97644,-67.27785
17.00491,181.66327,58.534485
97.20544,202.93881,19.540833
-47.359882,195.47931,-46.4362
-172.75864,104.829155,-72.53423
2.2908957,-70.975746,-38.839207
137.28545,-307.32117,-84.68071
180.68945,-464.3178,-138.8903
41.5531,-436.9238,-64.684845
-36.313484,-308.86337,-46.072964
89.47845,-212.20433,-65.874855
75.72885,-116.587166,37.163845
39.072327,-58.358055,2.3691225
85.11769,-18.480427,-182.23683
35.37789,82.122635,-176.38747
-140.59627,138.55556,-2.5165854
-143.11745,-48.216305,187.26889
-9.158951,-79.289314,212.31453
-95.52095,-7.34021,63.460842
-93.654625,-32.553707,-32.912964
-5.0967145,111.22062,1.9708062
11.073667,94.9856,-64.211784
21.048107,84.8567,-96.259995
46.24651,120.50875,-33.66153
59.238304,139.29308,22.003128
0.9381909,83.48915,120.19512
11.801371,-81.28641,188.12029
-9.883357,-55.793507,182.9998
-33.850098,-5.142192,-92.16657
-42.678185,24.627733,-342.36823
-135.53569,-7.8636174,-157.67848
-297.11612,20.964453,262.7681
-276.63947,-6.571914,371.8364
-7.3452578,-17.441362,85.52578
196.53395,140.31425,-135.3426
232.02231,83.05327,11.335334
255.94078,-49.784935,217.10834
366.08817,-116.95794,48.001827
283.68243,-54.16928,-115.572945
94.45233,38.922806,-122.098625
-35.336197,29.058548,-50.719444
-204.2007,45.73002,54.40047
-253.21436,77.58224,-9.7533455
-128.14107,86.672966,-23.888039
-170.98058,74.91833,119.00315
-247.81741,83.62071,164.5405
-219.00612,21.825687,79.44504
-207.88094,-23.332508,-45.36292
-87.80597,69.27121,-110.585915
-89.29754,178.72116,-9.356487
-108.52232,294.98978,90.98473
-105.275536,344.21918,92.78248
-40.17558,242.56937,47.606888
4.2961907,204.70534,-12.41671
-57.346775,229.40376,-46.88699
-14.535629,218.57748,-62.99444
-77.156715,145.02956,10.412729
-36.446087,-84.91411,103.61977
-11.929209,-110.489586,-30.303896
44.51463,-44.81381,-131.98015
163.02635,-28.39063,-101.210655
80.909256,110.05945,-152.04068
12.297165,133.27626,-155.5122
-5.9651046,113.96102,-194.86688
91.76853,78.21132,-149.46039
5.8784456,11.14081,8.564716
-29.30651,-99.880844,12.391529
126.25192,-186.80629,-31.082146
111.305016,-187.94366,35.33421
103.59767,-160.92604,126.69328
98.708954,-86.447716,61.664665
112.56142,-13.427081,33.448856
51.109917,41.619278,-5.605279
18.060183,26.198042,-132.18752
77.41208,59.9579,-71.27727
112.8063,37.961826,-101.03952
181.37164,0.94451386,-146.14856
79.56436,-31.973656,-73.4957
-55.03171,-146.88928,-148.9502
-106.67631,-158.63287,-82.02613
-179.43233,-129.77977,11.069999
-108.99009,-89.3,11.428438
3.2422395,-124.92504,156.68315
28.021275,-172.04657,155.4517
45.289402,-179.4863,-1.9162954
19.62314,-82.86633,-62.368206
43.22249,49.697952,-49.940044
18.32101,-3.3214395,-6.6509213
-73.505684,11.832305,17.504482
-64.311905,41.087353,75.495575
-24.735641,31.11189,73.672295
79.03708,0.91399676,-111.14503
187.92172,-144.35098,-193.74359
187.65665,-146.33946,5.331283
19.9488,-74.22292,230.8167
-36.394108,-114.2055,50.49967
206.67583,-105.13121,-225.03522
220.35638,2.2260084,-198.2906
-30.526905,95.8929,-46.05832
26.621479,53.855644,173.97987
178.26546,36.1745,142.19568
37.038193,100.20511,19.3535
-39.575615,-3.388619,163.92377
-80.81148,-118.49981,248.28995
-200.6996,-176.66296,77.25775
-199.3728,-190.28185,-50.752636
-181.79134,-115.86164,61.635822
-177.40192,-60.496033,134.77295
-197.07161,13.098587,96.22014
-215.05586,58.00056,46.4859
-71.50826,76.35566,112.31822
38.057003,94.105934,190.14081
-102.5634,154.63535,158.68227
-194.78708,118.29282,165.01834
-168.01393,47.328625,93.31837
-70.32162,46.753292,62.367046
90.24514,-77.45115,49.16112
84.22495,-18.06036,4.2599616
13.761671,97.91901,72.36481
19.345852,87.8984,-28.077152
83.53606,84.78929,-150.76648
38.36381,9.624302,-131.45871
-2.691403,16.894234,-109.52649
57.69482,9.137098,-25.818993
55.33522,-13.697434,8.760022
45.239162,21.365707,50.972267
-72.25008,-0.05702085,105.98853
-96.986664,0.27869606,45.14675
-95.94758,-16.926126,10.6429615
-105.811745,-22.66299,45.888367
51.90365,-51.244007,94.7022
86.81052,-65.41004,118.99792
118.56827,34.109535,63.25658
87.60157,132.99127,-62.444016
-51.09455,248.80476,-32.755516
-4.6604543,175.17892,54.983406
100.85976,103.64606,-45.810154
52.710636,82.81958,-70.51576
-3.5497108,-19.10226,-15.308699
74.66065,66.49733,57.112724
104.421585,1.2402611,37.029827
6.433577,-137.09103,-120.65005
-11.148914,-148.82654,-185.7723
-49.674446,-42.70616,-216.15492
-268.93234,73.86257,-83.12261
-222.58311,55.613316,-36.093864
-18.481304,155.70084,-122.453
66.61597,145.60275,-72.51116
133.16612,121.2503,-57.43006
106.09248,174.57513,-28.633627
49.915665,156.21748,-69.72998
13.2193985,75.86225,27.14075
35.95279,-5.5899873,127.98183
44.86792,68.675835,57.04711
18.95517,-36.51072,113.8909
-1.0519692,-174.96527,59.62815
-41.014374,-222.77176,12.44449
-87.389565,-226.55151,-3.0703719
-11.999236,-44.81974,13.583125
76.09156,83.785255,47.096523
42.105587,127.4099,-28.216946
75.90244,74.17949,16.492846
54.61281,60.116573,-20.525223
83.40085,58.086647,-63.05721
111.49548,26.289562,16.20724
-20.81411,59.33462,61.840103
-30.446125,32.729404,-58.2852
30.602259,5.379959,-160.3833
86.00811,-8.712186,-51.869
105.176056,35.9172,-70.79221
36.46417,-34.660706,-67.43228
47.79813,-169.06757,-56.732365
59.832664,-160.62503,-75.138916
-20.530102,-209.6422,-6.1499963
20.25506,-212.86919,-101.89317
126.815765,-101.81154,-141.52196
127.374146,-23.469088,-95.9788
101.75853,11.846806,-68.86086
163.73625,-19.334665,30.723833
100.85307,-47.134304,57.143734
-28.598291,-13.576011,-9.093521
-12.605817,-58.933342,-96.51661
-16.176893,-38.312492,-71.02768
13.271532,-15.759823,-7.413045
26.186949,-126.0372,-8.614174
52.55071,-104.75474,55.856327
-3.2553747,-56.78722,48.967693
-57.965267,-68.74343,53.134518
142.74751,-107.19717,106.736496
130.18893,-43.530846,87.37706
58.369446,49.832863,41.535786
76.5534,50.31998,-117.23119
-22.179924,131.30292,-159.42021
-137.65521,111.095436,-11.698771
-242.9266,6.082762,12.888496
-66.21684,-83.08279,-84.21233
11.92966,-79.37838,-0.22483782
-67.594086,-90.994415,113.04623
74.202255,-189.31516,142.93474
-6.312456,-132.89511,222.49905
-118.708565,-141.32246,31.772251
-53.50641,-107.62578,-102.173195
-82.522064,60.235485,-17.507896
-56.139473,160.25119,-80.55911
129.16742,72.96283,-127.050446
105.973564,-66.24547,-133.43526
-65.73304,2.3726733,-73.555466
8.581898,-53.857735,44.45285
51.741085,-146.79514,84.18952
48.824116,-138.87798,22.992981
79.508255,-74.73297,-77.34102
117.240585,3.9213593,-41.258663
56.076782,4.417671,66.97192
-79.90657,42.480427,81.62581
-44.439095,55.85099,33.898335
-53.44984,144.33554,50.15423
76.42616,102.25356,14.739908
171.84776,37.774918,-68.41549
154.05035,25.160606,-15.394719
228.47484,-46.491783,-15.146975
178.13899,54.513073,-41.248924
206.5108,103.98282,97.535774
127.119316,69.763115,177.37367
-12.479879,64.977005,-0.47114748
-42.870033,197.89879,-196.76668
-110.780464,234.7184,-206.37553
-124.60581,234.62717,-23.598352
0.36757237,233.98433,71.28428
74.41518,22.627289,81.88349
-89.15556,-31.924135,191.92871
-81.04568,-40.595947,95.49438
-112.579926,26.499325,23.675745
-214.41183,116.07724,9.4303875
-87.418495,77.86778,-21.354647
23.337873,45.14612,16.328768
57.972454,52.65892,95.76337
-6.559975,15.840697,156.70853
18.9949,26.584179,-44.251728
110.49173,145.61122,-115.0126
89.03101,18.133083,-59.576077
122.16542,-64.078575,-37.467644
160.07709,-122.76459,33.01809
20.420412,-178.37213,107.36177
13.008088,-269.76147,85.92091
-30.511396,-291.91464,12.4895735
-55.780136,32.941593,112.62866
34.866215,-59.44619,101.764244
-137.67206,-163.96817,4.7463913
-68.960075,-26.587782,-63.992928
-54.653473,-72.80605,-24.99444
-85.67348,-87.34699,108.04177
39.56957,-14.463563,-9.039417
-75.895065,55.346977,-79.86201
-72.44151,-36.547752,-39.6121
-88.25044,-29.026392,-86.74815
-51.806557,-2.1853666,-2.70876
85.13566,6.2397485,2.2104175
25.521566,86.8629,-9.03653
85.38961,80.580666,70.581604
93.35201,63.318424,51.30358
36.588413,41.6413,41.056553
230.85103,75.15255,-115.855415
82.57477,-27.164846,-160.21542
-89.95763,-104.90333,-98.9939
21.937904,-85.27485,-77.81877
-99.67472,-62.681034,13.046573
47.144466,-43.672672,-83.46319
125.69689,-136.91878,41.683006
-86.63736,4.4600916,182.13857
-43.373505,30.35484,59.774796
-59.310806,62.608738,71.6229
-95.29755,224.32271,-16.70994
-105.85564,37.484127,-97.744576
-10.780275,-2.2058182,-55.58691
153.52444,98.5144,-85.73675
127.26618,39.95623,-143.34207
159.38925,-90.64778,-79.435165
197.39331,-148.83798,-18.458998
71.21722,-65.88143,-49.666965
-95.98053,-29.15708,58.713287
-26.472979,-99.01045,118.04087
10.757554,-83.60485,147.50171
-11.2299385,-26.405375,118.6672
-50.191227,-38.537605,80.33005
-146.57538,65.157074,148.08122
-14.482352,114.18798,55.19311
-77.12559,36.024445,-82.76671
55.731106,-95.30932,-179.73097
197.60612,-144.41992,-89.99419
1.344856,-149.81808,-47.786564
42.88705,-288.69107,4.852506
-62.50521,-284.14777,111.579
-194.94075,-260.75266,-24.69017
-16.119728,-228.6616,-23.111757
125.717636,-92.7413,-0.5288972
63.45534,8.619262,64.8385
32.820847,71.516014,98.567665
-57.092613,45.596943,-1.713905
-46.813393,56.57021,24.557508
-6.1702023,87.56552,52.352016
-134.83293,140.58315,11.948758
-26.161816,178.08966,-99.67921
-36.402195,179.10864,-105.69133
-75.131805,193.32947,-45.421604
-55.853817,125.86941,77.69773
-205.06503,63.507973,151.8134
-226.05873,-28.152088,58.37197
-269.58792,-31.406197,126.16006
-333.51306,11.450876,151.53944
-140.14502,-15.695844,79.31638
-29.025362,14.5374775,128.26295
-57.19387,2.674465,43.50147
68.40708,67.1077,-67.60357
97.179695,128.56999,-99.97289
128.80203,57.44197,-159.6192
195.8404,27.559895,-113.95033
218.60495,22.404774,-69.87849
247.60059,-78.1792,29.472778
193.06564,-198.59976,80.985596
51.89718,-92.34471,-44.585766
-184.16212,-58.723663,-81.78528
-298.9258,-102.28033,-114.409256
-289.85123,72.24647,-114.11664
-223.33047,77.26327,-44.100334
-123.35028,65.00565,-57.310997
26.915556,99.5518,3.36782
29.629787,43.578056,81.865265
3.3777456,101.81181,16.611069
154.03143,80.94892,24.576712
47.03234,130.05753,22.997072
11.307734,195.3012,-68.776825
-7.212356,134.97043,-24.426369
-94.72456,137.95331,29.73288
-41.245132,72.25257,4.314526
-91.14863,-25.49199,-11.862919
-50.59039,-73.4708,-8.813558
-87.60331,-79.571884,30.578539
-25.807566,-57.37832,106.739525
90.53634,-13.444014,105.09415
-6.65991,43.094364,-43.16674
75.40767,47.34128,-170.46547
13.075968,72.3262,-107.198944
-209.19453,35.4069,13.215455
-173.2404,-80.08846,-11.135217
-141.01028,25.937267,24.068228
-140.18442,53.573517,113.30254
-77.164154,-33.06629,125.97285
-131.24599,83.57936,85.67155
-67.97564,-12.4600115,83.85104
-31.191,-88.37536,128.54173
-98.0951,9.664863,-0.84714335
35.59732,-37.456562,-8.272098
194.44724,-29.342302,-14.181989
287.9828,9.959588,-111.94676
251.01556,42.404526,-61.92035
184.31683,67.69801,-14.356615
163.778,35.871033,-203.2725
-13.516062,96.22699,-355.80856
29.684286,80.80366,199.58443
190.61475,45.829662,574.56885
-121.247154,180.38148,148.17297
-13.075187,81.104355,-414.20767
216.08672,82.709076,-121.9726
-73.88186,173.22176,349.33533
-117.96781,-179.35352,93.8021
-132.10846,-186.50308,147.11986
-125.092384,197.91235,-132.8071
-142.85765,162.2122,-166.46541
-70.54892,-70.810356,201.1515
172.94711,-229.3531,-128.30219
146.55731,-223.88168,-226.27263
-105.413315,-157.99324,-132.445
-86.431435,-357.202,128.29225
157.63475,-187.61906,-109.364975
85.53151,60.593113,-474.5619
118.90909,-8.686508,70.902336
54.722164,289.49557,264.34552
-114.75428,348.61493,128.67024
-101.51342,138.31284,193.17747
-81.751175,81.84742,140.18324
16.689987,-15.880669,-75.49184
-44.295177,31.717566,-196.07542
-31.278028,23.244648,-81.505264
55.473934,3.179356,45.91007
-68.86095,-4.167435,53.447952
-212.88066,-116.70056,9.780313
-162.62785,-103.27592,-1.9969263
12.778464,-71.94589,-157.701
57.355904,-15.564907,-250.76144
-5.25781,-9.51073,-149.7034
85.516266,-105.04728,5.7768035
156.5544,-139.0261,147.656
31.692986,-84.888435,-28.244247
61.65987,-4.445373,-88.61829
172.60939,-17.562681,59.301086
210.95792,-88.331764,-93.85765
117.55136,-181.396,-179.59401
-29.14215,-129.82332,-31.20772
-0.29104096,12.611722,69.325226
-0.8425237,69.328674,19.091791
38.000774,63.18259,-67.56977
49.964855,27.753773,-5.1737523
-105.574196,142.73233,21.153904
-115.38196,243.68146,-31.213318
-0.5836747,149.06058,92.82949
30.16298,78.225525,193.54988
46.760094,-20.843702,41.005768
52.980595,-61.23203,-206.96814
-76.67573,76.74443,-239.36952
-87.22269,21.95117,-59.92365
38.61965,-130.09041,-13.079088
37.415295,-147.77715,-16.714432
-7.0239615,-67.04974,4.809266
-47.359215,27.985178,30.979921
-24.689018,-35.49057,7.3368607
73.24237,-154.80022,-70.74453
82.26745,-170.72684,-56.353878
29.77879,-93.8547,-86.696976
28.680723,-68.075066,-109.97578
-19.319557,-53.820606,-106.99257
-141.9129,-26.651117,-51.11618
-162.60822,-93.81824,-0.92627245
-103.86639,-79.812584,-45.249496
-85.11981,-10.710704,-7.631247
-90.931206,-1.0506034,78.607475
-91.98002,53.99736,143.50877
-80.70625,29.702078,45.04597
-23.76608,9.682747,-169.19388
98.58985,137.28806,-336.65942
183.51837,84.001335,-247.4542
286.19247,-130.29295,97.0518
220.5806,-222.7052,233.59607
-81.87568,-122.53918,104.17074
-140.01584,102.65674,81.03201
-47.582947,123.595085,192.27925
39.77151,-131.05858,236.16553
151.80794,-221.27643,294.79617
186.4249,-0.5455644,193.74431
89.65724,187.18848,8.484791
-107.38926,117.55546,9.894912
-67.194016,-37.353157,12.465282
13.547818,38.18179,-2.0101202
-122.76093,132.80156,39.182125
-73.49281,92.391304,103.617455
99.275734,190.02298,-12.69584
185.73987,216.5512,-93.905685
102.93793,171.4336,170.71597
-110.081085,227.30208,301.8603
-37.374744,174.28526,80.921394
2.5824695,132.39995,-84.08044
-46.94366,32.832394,-116.57645
117.54719,-134.43535,-125.345955
76.118454,-59.692413,-102.892296
13.135453,27.68563,-50.819286
126.91354,45.010742,86.90924
124.36755,59.693966,60.79044
66.22582,-46.98167,-131.7124
31.709206,-45.521706,-165.44865
48.831226,122.81619,-49.55273
104.60253,170.83061,67.61611
81.7175,117.89619,46.15483
11.522359,47.97351,-22.239027
-8.080308,-11.218452,-15.370984
-32.133522,73.62046,39.46391
-25.61214,133.84464,47.420963
108.503624,35.678406,20.912941
95.46395,-62.947002,-34.24558
-16.709734,-97.322266,-219.34541
45.282986,-85.609985,-196.8724
27.023886,18.973421,29.347795
-3.1201048,97.37161,38.2106
17.431133,102.68229,-58.037582
48.49438,129.38591,-91.29968
110.84839,-36.526825,36.383076
2.9825356,-159.639,167.40996
67.85894,-82.673615,62.026344
169.39793,-110.79152,10.3824625
45.340687,-139.833,39.235344
33.7201,-83.614746,-64.5951
23.900608,-48.327583,-99.39531
-32.97346,-85.028046,3.7290757
-60.673553,-23.520649,41.7781
-33.19044,-6.3338957,-9.339029
-54.98751,-35.40466,-40.783092
-123.05844,-0.48721513,93.44342
-87.67929,-122.84044,116.6096
-48.53211,-40.58652,-67.10939
-0.7071729,151.53532,-109.46094
-71.39325,152.82141,-79.2317
-113.32931,101.87911,-169.84395
-20.275023,42.440937,-410.41882
13.807416,-102.04252,-291.34576
-0.63565785,-296.84955,108.5233
-80.66179,-362.38165,403.91327
77.140144,-324.20767,441.43295
240.19276,-59.642277,63.66977
155.76471,-140.84831,-52.42008
152.46896,-495.61746,138.23839
142.00618,-290.26154,287.51987
197.37387,86.4661,45.30291
216.11696,194.24237,-241.23518
160.97308,-1.1796099,-71.91443
109.725266,-99.611855,-40.20485
-114.253006,126.08048,50.152195
-300.9849,215.66238,277.14902
-299.3466,-8.608253,306.32953
-152.84961,-78.26092,44.450035
-73.91882,13.489347,-31.924519
-97.89628,-133.68103,405.7282
-133.01642,-97.93338,427.14874
-116.05786,138.29477,-82.23799
-55.435135,141.55875,-355.03842
-129.70189,74.01648,-23.30016
-162.38716,29.970837,307.32672
-9.456005,62.19477,45.21033
94.14056,119.65018,-53.35583
-26.216713,103.35756,190.33478
-10.515005,178.99559,190.13774
74.112885,110.45749,-36.783554
-33.593426,-16.107105,-94.97712
-95.331985,42.794,89.54624
-159.78831,50.750004,59.034393
-175.86093,41.732277,-135.49243
-92.06629,18.907087,-146.95563
-40.169643,96.61355,-29.74145
-13.018188,123.70293,-28.193588
53.06688,-75.32311,-94.70757
39.23067,-171.5895,20.362797
-14.532229,-158.13794,46.85945
-50.233036,-119.40735,-76.58862
-154.72765,-79.028496,-63.239746
-145.99042,41.077305,-45.594864
-85.47135,118.945595,-88.34431
-62.573456,45.44771,-20.676048
-131.48512,14.603238,151.9833
-126.57533,-1.9262285,217.72131
55.254974,20.784414,3.0265112
95.1214,14.736531,-227.68604
114.55984,-12.427048,-112.22874
78.92987,18.945246,66.52404
-31.339943,-26.24166,-74.88715
-37.89514,-10.541961,-112.78782
-136.54243,166.01169,27.847113
-71.49516,175.9624,37.878265
69.6649,41.84778,1.0290958
-23.100895,-55.7594,-13.68058
8.92196,-160.21321,-0.5227694
40.211372,-83.58069,-243.4787
21.223982,-72.74778,-211.8649
20.641897,-30.628082,-28.972519
64.72666,100.56055,-164.0113
175.84175,-45.710693,-73.97282
139.64253,-153.00673,-170.15442
93.81979,-189.29733,-332.48865
-40.529846,104.34828,-532.8418
-179.51282,428.49927,-469.12244
-178.77377,258.65646,312.27606
-226.18602,79.66569,653.7122
-355.36566,-16.66402,547.52856
-159.47244,149.33205,374.01346
239.51991,290.25198,-32.709137
136.92918,-109.942375,-266.4079
-2.9004316,-363.26248,-19.365715
105.48444,-131.80394,98.71895
18.552717,-56.93638,-86.9275
-180.8983,-285.19327,-64.826584
-38.98728,-413.03662,-257.04535
96.104454,-140.3225,-300.32596
-139.42297,123.5577,181.79602
-287.8507,12.10083,507.98035
-215.10646,67.55711,356.38855
123.63526,157.33301,-315.006
226.4999,26.019379,-419.51373
-34.93322,25.887466,187.45139
-129.32541,209.82146,211.70607
-165.20273,281.65247,-10.63477
-248.78375,127.859985,25.686481
-133.03621,-19.969162,30.221415
45.518375,-91.97791,-44.262794
-74.76825,-85.70642,-44.117207
-91.65956,-95.16687,58.72595
8.240318,-87.01536,18.570929
0.69314307,-108.70536,-83.89264
-20.56762,-215.1813,-59.347603
-60.51182,-74.36979,-58.43559
8.017243,207.92561,-133.53421
7.566852,308.41345,-114.11386
-64.991425,241.98137,-33.72493
-73.81568,103.66424,37.546432
-73.487366,-10.394607,-25.381296
-34.299896,-77.27447,-138.07358
-10.934909,-154.3384,104.44702
-1.4749755,-252.9153,247.02904
124.285706,-343.72272,-90.69655
105.18077,-321.20853,-215.32054
-80.84517,-136.48407,-10.508682
-72.588104,54.206974,-55.306034
-65.6904,98.64261,-161.26564
-126.78088,96.735085,-4.630262
-133.45404,91.37934,200.7527
12.804406,55.470608,136.4827
117.23812,142.75644,-70.27193
36.693798,186.40063,-86.06261
95.74396,4.267188,-278.03403
115.98091,12.17853,-648.29193
91.019554,67.34647,-550.66077
-24.257046,-355.60806,276.16965
-353.39417,-474.69583,1033.6799
-456.3051,36.143906,901.9085
6.4765897,325.16238,148.12729
311.60474,166.91507,-581.7005
115.619896,-216.39157,-358.9495
272.8024,-64.8818,127.76026
199.22809,595.6859,-46.790146
-196.04599,429.6708,147.75652
-118.96042,-62.69517,159.31223
139.94615,16.16877,-507.18726
24.917591,4.4195194,-469.94815
-394.54935,-37.31262,208.97676
-310.13327,84.16488,470.23145
43.899837,71.60548,-90.89211
106.02848,-172.27423,-364.2996
-30.218708,-323.22336,253.93896
50.35477,-114.30429,373.97342
248.97986,85.93969,-98.06187
140.51866,178.218,-60.63829
181.38136,48.696976,143.46233
279.1081,-55.77031,-146.24829
71.0084,12.459274,-250.90317
-29.288815,-37.972214,30.14541
3.2160223,114.200806,218.32426
-66.41267,208.31593,89.128525
-63.66914,-37.844414,-221.42198
-74.4451,-68.461525,-178.49536
-138.29521,87.058136,-0.73760235
-110.48076,54.883663,-30.386927
-70.22008,-62.53804,-29.486546
67.075,-153.05705,116.322
224.40807,-160.61792,-49.02091
248.7709,-150.21404,-344.36288
182.99713,-94.66213,-122.59908
130.56213,21.87383,142.65063
293.2218,-71.60587,10.264566
168.8543,-198.2747,-94.447945
-183.21535,-126.62356,69.84314
-99.449486,7.555775,107.23824
-42.891865,85.61079,-126.157524
-22.970652,87.79109,-210.63457
-48.793175,-10.16247,90.91969
-158.1656,-100.70271,157.31302
-43.18122,-84.8562,-132.74556
-14.423845,-49.785038,-66.13422
49.817074,-6.504423,111.28123
182.67317,-21.531124,38.45589
188.62723,-154.50322,11.508549
37.914818,-164.61455,203.08002
-31.935413,11.886508,235.84073
101.22635,82.792175,0.547531
102.072716,74.18527,-48.944824
-20.963585,97.40416,15.125065
-97.02509,105.53421,-42.990147
189.86998,9.736515,-284.8469
446.8126,28.661596,-478.5355
274.81027,131.5161,-272.52838
235.25786,-180.55312,72.00899
201.52544,-437.81528,297.81708
-47.10809,-253.7707,513.1304
-195.2258,26.95915,652.0259
-207.9687,-17.150215,533.31915
-49.69435,-358.41342,345.28128
27.967695,-162.87202,240.48828
-142.59386,201.21094,-4.781666
-77.88981,8.054296,-207.64548
-0.37580875,-73.45766,-178.48433
-111.833984,53.722996,-171.91417
-74.3449,205.53238,-128.42834
-106.804306,363.9708,82.107765
-171.20412,223.29999,235.50781
32.148575,153.67761,7.235025
160.06595,191.20744,-180.93282
-4.433884,66.540085,81.57639
-59.86803,-56.764694,222.80247
16.446383,-102.060646,95.80466
94.56377,-57.10466,-27.56872
99.630936,-27.765747,23.36004
57.65306,-87.7727,78.33477
143.48405,-145.94966,-155.25186
139.61282,-89.75,-195.45612
101.50878,38.67475,81.75576
21.803816,115.10705,109.76119
-107.013885,78.32283,-60.43503
-118.834564,52.70682,-7.6663017
-188.5598,72.74354,68.406685
-190.78961,37.9714,-83.56241
-118.04896,59.657803,-186.47066
-62.452934,53.185284,-35.37175
-28.791727,-109.71961,78.201035
12.926331,-232.03293,-35.087284
118.872025,-158.01048,68.7601
136.28265,-50.020325,195.74957
239.22589,-29.776543,-6.096888
236.69353,43.434124,-106.80911
116.28197,97.82184,-83.14124
123.65506,159.16713,-73.83921
73.822044,259.90048,-86.384705
48.991272,198.6026,-89.0317
11.624947,160.03584,30.272179
-5.892177,155.14342,78.44123
-18.03515,50.924637,-55.887657
-31.280336,-39.196327,26.589626
17.39713,-44.94479,266.61066
76.55606,-18.327358,220.7072
143.58528,-73.34474,-21.106472
48.80542,-21.317892,-357.7929
-48.82723,267.91476,-541.8995
95.68301,275.96326,-405.92523
169.95486,-188.19315,92.93152
-126.70278,-188.81863,457.68124
-313.41498,176.03304,252.02003
-96.23201,172.33995,95.26651
159.54474,69.51362,-19.073147
234.00055,-0.66615057,10.24083
214.3272,102.414406,138.47342
158.99638,249.77975,27.192745
34.439198,153.16,62.19386
-43.65497,-51.43169,93.24489
-19.968306,-129.92662,71.368256
50.21958,-20.790836,20.747334
-23.78506,9.704252,98.1123
-142.90442,20.977467,330.20547
-21.97431,-20.85058,60.353226
178.8418,-251.20206,-154.06021
126.26951,-254.87291,99.18583
26.204569,-62.124794,198.69698
49.64952,91.19512,99.58781
-74.13382,248.70418,-39.354954
-20.077713,204.06554,-166.89426
122.9415,148.69319,-166.38773
58.5112,168.18437,-20.667263
67.269554,75.42263,65.72685
5.1854033,80.475266,23.29423
-88.06634,-3.820086,-42.057384
-56.105766,-250.12611,-17.89484
-21.922943,-240.21509,10.686872
-1.7515854,-96.867294,-39.198025
9.702444,-31.274609,-16.157804
19.885143,25.529451,43.261898
6.467225,-52.71776,42.777367
-27.731836,-44.494957,-122.13737
-102.087975,104.651634,-203.90018
-128.1381,87.602745,-54.59267
-68.495735,97.35025,7.421277
-45.04122,39.250244,10.80231
-24.618465,-98.035835,34.81088
-12.149738,-38.011158,35.189075
-54.38071,-42.831303,109.02962
-77.72902,-98.50392,86.53824
33.068714,-18.162073,-66.82142
89.620705,25.019978,-13.923755
-69.042885,13.351652,15.160625
-123.171524,85.75392,-79.402
11.502042,188.71152,-129.58513
-6.581609,186.39279,-68.56536
-29.253191,79.6068,30.303928
55.68442,-42.80424,-108.53817
-71.99576,-92.00052,-104.80879
-184.92854,-4.3905587,53.163124
-150.09964,57.363575,102.26034
-76.44805,-52.696102,178.90744
-44.86855,-36.477135,133.78148
-23.420034,-13.4685335,50.333992
47.415775,-115.747055,11.972816
73.151535,-8.505941,-326.2947
178.67813,117.96572,-589.552
180.33934,99.56355,-342.60303
105.44573,-59.514954,-89.56939
56.627094,-226.19026,11.866792
-14.701078,-117.24854,51.980656
13.528126,50.100285,135.63791
68.18838,-40.682102,212.44388
119.35774,-208.28275,160.87369
99.81431,-108.34595,167.45064
8.923288,100.15629,187.05882
-25.092566,152.52385,193.1393
25.503801,171.20308,11.003044
34.522114,152.45659,-163.05634
19.96855,59.47525,-80.794586
-94.207466,133.29095,-15.016557
-188.82452,126.63459,34.609776
-74.017845,39.568,34.59782
-25.27284,31.556253,-6.7397346
43.311253,-102.1421,-22.411123
36.01997,-84.63902,10.358743
-59.28867,10.233119,40.782013
-7.7595987,81.77287,-19.8673
34.71795,32.259087,-48.77872
60.077507,-90.156525,-88.07159
78.608025,-46.424988,-126.490814
77.85516,-23.23144,-91.01228
37.978,106.368546,-47.19226
-9.489069,129.25883,-80.5785
11.171182,-22.191946,-108.598526
-51.4817,-121.49926,16.381966
-102.13355,-221.72343,62.54846
-45.42765,-228.98436,11.911983
-100.29139,-118.49311,-2.3992605
-97.35931,-40.666733,-31.359081
-23.043638,-100.263885,-78.80132
-27.25333,-91.797134,-160.77896
26.140232,-131.07983,-122.7327
39.765186,-190.17834,-65.705154
-103.55073,-57.556007,-92.53784
-164.91098,-15.763564,-66.72647
-32.852386,-14.388311,-29.466566
-66.86083,35.228542,45.93793
-92.61535,64.02581,-12.474399
-45.83014,72.5904,-134.17642
-168.16846,0.17868192,-37.6913
-208.04395,-15.791901,16.03837
-170.2728,36.659496,-61.946987
-65.05648,11.252102,-50.321133
7.5556145,-6.5500317,-30.427217
27.318026,-17.305277,-55.595264
41.545654,-36.13314,31.095299
-1.692615,-5.8813167,59.19671
30.314106,-21.740635,0.77035767
-2.4126694,-45.266544,19.14676
-84.26277,-81.135574,54.947323
-82.52929,-72.9104,64.50075
-50.015114,32.23339,45.352947
-11.898838,-26.728703,10.512727
15.128332,-91.728714,-61.900307
-29.686737,47.921745,-118.047005
-28.293064,27.167406,-215.05545
1.4470904,50.03067,-188.42229
-27.405169,121.88855,51.879784
83.71882,-140.77826,156.24544
122.22131,-183.40247,-15.523541
84.99168,24.757671,-222.32532
120.56854,27.170366,-35.779057
62.87441,-149.44012,212.01237
-37.339485,-129.24251,117.91745
-97.201614,-38.767967,34.980465
-107.238365,-41.24686,35.34095
-158.86295,141.27689,-7.865989
-190.82327,141.81169,4.278422
-161.14844,75.523705,25.40523
-162.3857,88.86014,10.403575
-131.99968,126.84178,78.07374
10.632705,175.30243,140.23851
102.90253,69.8298,102.91763
4.767285,35.892986,10.526786
-45.02476,29.89056,-23.9958
-28.345816,2.0994022,52.041916
-89.55441,6.607078,-23.355959
-113.01032,18.79079,-160.42526
-81.58191,-11.908064,-115.85413
-112.918945,-55.748753,-61.675907
-92.04299,-53.3912,-2.1537292
-0.23764698,5.708831,14.302542
87.8886,17.621487,-43.935925
171.99466,-27.168596,-48.731636
149.3667,-35.37911,-16.278433
118.46835,-76.424706,50.844345
31.941887,-4.019419,20.297047
-9.17088,79.62151,-90.62671
21.092302,85.94934,-127.59029
-69.40066,-18.147165,-107.60569
-29.549826,-130.28276,-68.57723
15.082269,-50.66946,-64.84517
41.34708,4.6499267,-68.32452
128.63812,0.018657656,-96.077934
116.07963,-46.015133,-93.85776
89.01775,-50.861137,-19.293224
99.793625,-63.974613,-7.5915375
126.54145,-22.901176,-15.324084
2.577019,62.05774,-19.232979
-57.210938,-12.522524,17.94765
-59.156864,-19.217848,36.189022
-193.18272,5.4186068,-49.901836
-130.59627,34.77602,-118.258575
-0.094039924,59.47978,-95.24806
-8.396135,-46.458447,24.921076
-37.90495,-137.6936,30.99038
-2.9572062,-212.79274,-19.625292
30.12387,-213.04036,2.4231422
8.975297,-105.62577,-2.0714
-32.886837,-54.71775,-19.157524
-107.97171,46.328102,-4.003771
-111.91155,44.018112,78.22924
-82.34127,-53.7201,71.22333
-30.974669,0.83270675,9.991198
31.192661,-3.6492252,22.705484
-12.16671,3.2846305,56.0942
-4.750384,60.232105,18.183878
11.248911,137.07364,16.186943
33.382187,107.11035,-100.991035
179.01483,88.76137,-432.51172
168.33348,231.07893,-202.46942
75.8413,-4.6972613,238.9005
14.8840885,-277.42566,161.4326
-122.91808,-126.9503,-25.449352
-178.11252,33.166084,67.526115
-119.10347,0.3941215,279.34274
-113.50796,-9.131559,284.57248
-175.8038,47.56749,322.5347
-151.58426,16.279976,288.87756
-78.557014,0.8727947,143.80133
39.874367,85.8849,79.36298
113.08811,120.37191,45.747025
72.7175,76.84785,38.580063
24.973019,125.60255,11.262147
-39.44305,217.50188,75.10871
-18.703978,213.6206,12.366219
-21.7012,104.80213,-76.57312
-36.383965,40.731167,-30.998632
-12.185317,-71.36782,77.608765
-53.80397,-184.69449,153.53386
-52.91913,-126.02267,61.816727
-42.36434,-145.53049,36.392532
5.0271297,-152.33287,58.05478
65.54271,-63.54369,102.880035
98.09522,40.717968,108.15499
151.70462,53.625687,49.71543
72.7742,68.07783,-11.055294
45.737682,110.27396,-123.921684
102.81417,41.306885,-74.5598
22.819077,37.682293,100.96684
31.43876,35.933865,80.81829
-13.979509,97.39328,-34.686295
-113.8418,31.348145,-48.885273
-54.340286,-137.52937,-2.8262029
21.20439,-69.56426,77.21844
115.02933,-30.543913,51.75161
77.16445,-53.837933,21.22585
24.978954,-15.145697,-29.926777
116.03843,26.172806,-180.69995
183.87372,9.48889,-173.63734
135.96814,82.18632,-49.33205
46.678394,133.24847,-14.067522
56.77985,56.298325,-106.43527
115.71841,55.11388,-118.55743
180.851,48.20898,-72.72893
132.14742,64.871475,-31.589064
43.865475,123.884766,49.713406
-4.7450566,100.76178,69.67953
-51.26462,9.804667,51.740368
-9.335351,-28.52402,-0.32472888
50.441395,-36.24291,-13.226967
53.49907,-1.1882083,-12.799521
-2.9069328,57.395557,-7.71311
37.63107,-18.752024,41.622704
118.71675,-100.00213,131.08904
79.03089,-70.40332,150.38051
36.43479,34.80823,108.68198
74.05326,30.303778,74.5484
70.39163,35.921505,-98.4454
23.705734,73.25933,-166.30388
61.625275,2.1359785,-328.81473
-8.374473,113.07713,-304.3716
-68.3646,31.35191,161.94885
53.335365,-318.33383,158.92715
89.65416,-117.08455,-174.03789
25.13898,154.36638,-124.9128
198.91724,-171.82344,178.88148
264.47684,-324.1531,288.93744
-15.124615,-219.28029,372.7233
74.92112,-153.23427,265.24167
91.8557,31.852707,-47.223663
-106.54283,220.91066,-222.37642
-9.131724,279.4667,-260.66565
-68.30708,181.8301,-3.3913844
-161.27087,90.40445,112.44
-150.83308,104.13133,120.4902
-151.91039,141.55905,134.21927
-160.48059,-4.169157,68.78084
-171.51799,-52.10691,109.86182
-20.491367,-36.57632,88.56503
52.040924,-43.03571,99.63392
91.04306,90.41586,40.495518
158.87256,74.17193,-37.112995
134.9974,-5.5631413,41.532402
169.05298,-79.06286,55.79039
62.15477,7.311491,51.019012
-53.663754,9.747833,28.918991
-34.370926,-79.4832,-56.108624
-77.061966,35.53332,-101.11755
-115.46954,6.9695406,-33.341595
-96.62915,-88.93689,56.690224
-31.878553,12.090171,-47.808804
-43.666073,65.729675,-103.387184
-75.32414,-110.454575,24.666782
2.7947981,-87.45148,58.894264
124.000694,-69.16594,30.483599
118.93771,-201.21484,17.91022
45.48635,-162.52008,-6.4765325
-39.43019,-58.099815,-69.51624
-87.10447,-7.0460234,-48.236317
-24.119955,-29.348238,91.43263
-61.806625,50.78377,48.510273
-137.84949,131.69781,-100.68384
-183.84161,98.80094,-114.015915
-93.52262,-58.47223,-16.543339
-25.631449,-75.37728,5.707104
-81.74243,5.0369396,-83.4182
-100.75687,-53.886726,-25.13703
-87.99334,14.068358,8.671405
-17.418318,14.976775,-17.016256
-164.31085,-54.052036,60.423653
-196.98827,-65.288864,0.75656694
-26.169727,-18.602598,-115.8245
-26.1353,6.629528,-109.09072
-51.124676,-1.5004156,-62.131077
-20.808697,-7.936148,34.562305
-27.40234,-38.882416,93.62447
-47.187084,92.76453,47.697582
60.8084,74.11313,52.018272
25.866903,33.397366,4.447223
24.528103,67.161316,-76.76107
93.18248,12.605449,-105.74566
4.9254193,35.532017,-122.75032
31.064104,55.460026,-149.29091
87.89967,108.64507,-204.10352
162.04768,-37.18639,-26.192888
128.07259,-315.77563,197.85408
48.885506,-288.39035,140.8047
12.765003,-37.430473,61.89022
-37.573093,-48.47343,175.84561
16.04431,-176.33849,182.34776
-116.38576,-10.292532,116.7865
-218.40082,87.69219,199.99554
-106.7681,108.15414,133.38379
-50.055954,202.34946,0.6021505
46.420162,222.49945,-149.12247
170.24669,59.65839,-151.22865
166.96956,-152.09567,82.92518
154.53053,-178.66223,42.059628
153.59743,-130.29321,-84.992546
149.55457,-144.79706,-132.39241
200.97504,-125.24517,-146.70619
72.21297,-9.314646,33.32963
-94.3905,-1.1480863,175.78876
-166.2473,65.397575,114.94801
-231.12616,190.58337,-41.02024
-232.1942,182.34567,-50.065296
-147.8051,120.66528,19.494308
-32.210857,17.515749,42.771423
-79.18354,53.244934,75.33631
-6.060847,21.67558,2.965302
160.51779,-25.519001,-40.75414
114.629074,-39.41759,36.450172
40.079853,-192.19907,113.10163
2.1197956,-186.20381,84.133415
-18.19473,-132.89322,-29.142918
41.522015,-113.17704,-112.2182
100.14805,-126.43152,-136.88849
-53.070957,-88.88678,-114.195854
-118.955635,-50.939617,-105.71691
-24.335388,-80.655075,-49.132828
-2.1954005,30.071327,-17.013395
95.39958,59.984196,-79.96154
93.40946,86.04632,-77.37674
66.68642,140.21426,-33.07292
124.62987,89.976456,2.1600046
57.439198,3.863569,33.788506
45.000454,-68.423416,58.84784
12.533905,-115.76471,93.02776
-53.884407,-164.36942,49.178856
-18.409151,-99.70634,-18.610054
24.05294,-81.39057,10.076972
137.34026,-58.93422,19.970566
58.589485,24.279463,28.829576
-21.244967,8.165628,41.554073
89.37017,41.216873,-4.1758256
38.695656,115.205765,-6.4425335
68.3941,143.00668,-28.14515
63.347572,117.38927,-3.0366304
-49.233788,87.293785,79.15659
-5.8898244,31.338657,61.29748
-12.959894,-22.212564,-10.246872
-40.176453,4.939728,-128.6702
-5.310499,-9.004204,-170.06226
39.729855,-87.71795,-40.013638
93.76422,-197.12518,67.16767
12.478641,-172.26817,22.822653
-73.497635,-12.888483,-32.848816
56.436497,-10.148868,-60.006603
136.40877,-26.909327,-68.24579
14.76954,62.54066,33.25979
-6.6161475,70.08249,82.829216
43.291763,42.932167,65.73033
-48.309765,33.48473,39.803078
-81.79447,52.267303,-46.22176
-42.110115,30.07203,-32.56551
-83.110214,-43.505726,46.100163
-103.30536,1.860718,40.155174
-49.92543,5.196747,8.203247
-0.7304519,-65.35618,-2.936584
8.179993,-70.57372,-5.623937
20.119028,-21.20017,-13.948777
14.364398,17.941767,5.5081506
-8.36021,17.109941,15.38698
9.424322,59.257706,-32.673412
0.9327735,76.14061,-14.732495
-44.09778,51.84885,29.62703
-66.09966,35.892155,17.42341
-54.625866,36.238194,12.2619705
-19.700727,33.88981,-5.8048887
4.3160043,9.901816,-17.113857
19.190605,10.034154,10.977024
4.664885,-14.905467,48.54272
1.3577602,-29.944117,41.234287
19.106812,2.37629,-12.242092
11.039657,1.0244776,-29.111624
26.591314,-23.457481,-18.683561
42.518124,-23.191975,-31.450209
15.169295,-9.4319315,-35.66921
-14.213485,-12.197881,-14.379323
-1.1119877,-3.1034615,-17.183825
-5.2964897,22.75019,-31.110985
-12.602162,9.608461,-26.397713
18.237171,-8.719498,-19.301119
5.603766,11.731323,-9.062958
-9.066793,25.542898,-3.6458106
-4.656485,19.565144,3.4057019
-4.1471705,8.236008,6.913142
8.560352,-7.4685183,-3.851812
8.40423,-8.549619,-15.309385
9.9146805,-5.1411753,-15.866772
8.468644,-1.8359344,-2.1725647
0.64342815,2.5907798,2.0047288
0.6498143,-4.518316,-2.5919857
1.1866417,1.1890447,-3.3957124
2.0826278,7.9431915,-0.953284
-1.3334273,0.7079135,3.8858557
-2.5808592,2.1185453,5.8404675
-2.3287172,6.131988,3.754027
-3.8838367,6.1170006,0.9917298
-5.869644,6.0217166,4.125329
-3.6214728,1.2810621,2.395658
-0.56848425,-3.0029085,1.6213716
-1.74898,-4.6596465,4.699412
0.7131401,-5.2513595,2.5344167
-0.4530284,-1.4315829,2.8704088
-0.3908728,-0.19561729,-0.13757655
1.9701129,2.1138551,-5.7090616
1.176752,4.1809087,-5.36232
0.9721601,1.2743351,-0.6974674
0.26506066,-0.99416983,2.2309186
-0.17728314,-1.8423864,0.87383056
-1.2300361,0.36178112,-0.2794246
-0.51233906,1.2198787,-0.27907142
0.77164394,0.2133849,0.40062046
-0.10049108,0.17208804,1.3800462
-0.7093823,-0.021299386,1.2398732
-0.44440693,-0.09576426,0.5342455
-0.14411981,-0.07214531,0.09198905
-0.015084245,-0.0149659235,-0.059005376
0.015921077,-0.0015454156,-0.020847702
0.0,-0.0,-0.0
