ax,ay,az
-0.0,0.0,0.0
-0.10442678,0.16083916,0.18579276
-0.22627653,0.45762327,0.48612797
-0.5910436,1.2686754,1.2417872
-0.7885278,1.8134435,1.6032392
-1.367098,2.7130346,2.411722
-1.6348469,3.0670385,2.716865
-1.7993776,3.34101,2.9740598
-2.0571551,3.6545749,3.321008
-2.2168198,3.5013099,3.256565
-2.9983873,4.078953,4.14676
-2.7026331,3.6170332,3.786285
-2.3318,4.1381073,4.3920293
-0.33455452,3.4338665,3.6510215
1.0107723,3.9925537,4.6367836
2.367279,3.2106,4.3761067
1.6389538,2.1285517,3.9763
0.19271842,-1.7725332,0.8759147
-1.5898436,-6.5295367,-2.2155325
-1.4250996,-11.1094055,-4.2103257
0.6252781,-13.351658,-3.6926885
3.2405427,-13.952501,-2.6951652
4.818047,-14.817442,-3.723516
5.6359916,-16.905241,-7.018427
8.183154,-20.034504,-11.340113
13.230823,-22.433405,-14.56999
19.373392,-24.234238,-17.466965
23.455872,-25.803474,-20.182274
24.99259,-28.866917,-22.721828
24.996151,-33.65652,-23.553522
24.650446,-40.06095,-23.92891
23.38351,-46.297264,-26.361418
21.647524,-50.749302,-32.27715
21.926754,-52.4421,-38.478123
27.035923,-52.168633,-40.48838
36.336086,-51.464123,-38.019253
45.08621,-51.74612,-36.68484
47.504894,-54.356403,-42.412712
40.77915,-60.506092,-54.293438
27.84144,-69.94637,-64.70059
16.99486,-78.97476,-66.69391
17.54276,-82.12624,-61.46125
31.919407,-76.64471,-56.496788
51.58107,-65.27055,-56.756767
62.823708,-52.933376,-58.162613
59.301357,-42.241467,-52.171146
47.78025,-33.955666,-36.60842
40.424557,-31.280119,-20.376755
42.549313,-39.004948,-15.1761055
49.77956,-55.87438,-23.227875
55.113796,-71.00014,-35.382835
54.613483,-73.27531,-41.843147
46.44599,-64.70995,-42.18803
30.246777,-59.439888,-42.806164
11.494012,-66.71165,-46.634624
2.7432277,-78.36882,-49.38515
13.891384,-77.90714,-46.438404
40.231396,-60.54636,-39.5551
64.805984,-38.97243,-33.86807
74.723885,-27.76393,-30.026749
71.87468,-26.887083,-23.19253
65.3686,-24.573792,-10.543821
57.653786,-14.263353,2.8808608
43.55489,-3.64583,7.99946
21.720758,-5.7554984,1.0682328
0.6134678,-23.867437,-11.5221195
-9.45676,-46.683273,-17.691296
-6.555685,-56.914135,-9.308431
3.3419778,-44.007,10.739306
13.886878,-11.458242,29.903605
21.543842,24.866417,35.882553
23.387758,46.310017,27.46223
17.347368,44.229218,15.435836
6.059434,27.689373,11.174945
-3.3409977,18.42912,14.858
-5.837154,34.238567,17.553911
-3.202076,73.01985,14.526576
-0.8036186,111.72792,11.355866
-2.4858205,122.76136,13.309944
-10.753623,94.9137,12.837258
-28.156689,41.86878,-4.454526
-52.441452,-7.3594694,-39.746666
-71.03417,-26.779072,-73.3783
-68.38334,-7.4158297,-82.439125
-44.204144,39.167576,-63.50187
-20.117432,87.41973,-33.675674
-19.980297,112.31366,-11.552924
-42.60216,105.86959,-2.829877
-61.278473,82.97739,-3.504367
-55.63125,67.55618,-8.825629
-39.219,69.66428,-14.763991
-46.437416,78.07885,-15.942046
-90.334526,77.40288,-8.330704
-141.53609,68.08281,7.315117
-156.40926,63.192734,28.307045
-123.58451,67.510086,53.348904
-75.08912,69.70672,77.31244
-51.115074,59.81247,84.97102
-61.684605,46.50874,59.414528
-86.44752,47.40182,1.1507752
-103.248,64.179344,-66.255356
-106.2146,77.60153,-114.393654
-98.80295,70.293945,-131.31163
-82.91617,46.91945,-122.22675
-61.217865,26.320961,-95.33916
-41.624622,19.361532,-55.915573
-30.046072,22.307007,-13.483831
-21.664888,29.190178,15.705126
-7.794234,40.508705,20.465788
9.277053,56.50866,5.7173934
16.276892,69.13845,-13.932992
5.6328154,66.995026,-30.878206
-13.912246,46.160755,-49.991962
-25.6978,12.701334,-76.582596
-19.438402,-22.37233,-103.46131
3.463833,-46.087837,-114.42431
31.221256,-45.377354,-100.43615
45.986206,-15.161066,-68.96839
38.518036,33.522995,-35.125973
28.204472,81.08447,-5.466422
57.32531,119.58006,24.932144
144.10419,158.28146,57.692753
239.40576,200.14676,78.03781
252.64037,217.0358,63.720196
139.85399,164.68547,9.969541
-39.1366,33.718807,-57.60068
-166.05702,-118.95936,-98.98708
-167.31517,-203.0423,-90.10724
-65.289474,-167.75656,-39.24027
63.69908,-43.787964,21.58225
158.78764,85.37087,58.687412
196.0058,149.51758,55.933018
168.70503,131.51074,22.017784
81.99912,56.51977,-17.171495
-28.872782,-38.665527,-38.14741
-102.09079,-119.77451,-37.241276
-96.09187,-154.3008,-28.886017
-31.681719,-120.60852,-25.874987
27.614899,-28.739124,-24.463566
41.63299,76.36984,-12.0957985
30.768963,146.04916,13.426713
41.419586,164.90646,38.90317
82.37272,151.13432,50.205917
108.529594,122.22964,45.83054
71.17477,74.537445,33.537106
-23.948433,4.9400296,19.314224
-117.492424,-60.623142,5.4876437
-154.5918,-82.06132,-3.6291747
-134.36339,-50.708645,-2.7557635
-98.319046,-0.4893692,5.612649
-78.00703,37.337708,9.741816
-67.00524,73.29585,0.7132198
-46.153362,131.93408,-16.811163
-21.220007,194.40814,-30.090601
-19.051394,201.72232,-33.08513
-48.004555,127.71532,-31.71483
-79.92699,24.07325,-35.08243
-82.69807,-32.05579,-45.90467
-61.875706,-23.467567,-60.41237
-54.55481,1.5010659,-73.3232
-80.76068,5.0989356,-80.083565
-113.63523,8.137928,-77.0018
-105.60739,47.317417,-63.36027
-39.26663,111.25326,-44.144688
52.364326,147.3265,-29.099241
110.85884,122.410866,-27.56123
93.62358,50.05246,-41.832863
1.1107173,-39.51235,-62.761093
-120.33142,-126.348274,-73.00776
-202.02078,-189.85262,-60.62319
-198.01701,-201.39857,-32.391216
-124.0602,-155.00836,-8.858815
-50.62629,-93.53524,-1.4906112
-44.309284,-76.39951,0.14708029
-107.43317,-117.83103,10.470883
-175.75912,-173.59096,21.309671
-178.08217,-190.52489,7.4193163
-99.62304,-152.93175,-36.846004
9.293745,-78.61329,-79.14406
81.19236,6.6350536,-79.80485
86.636635,74.86845,-36.175854
47.98019,95.59771,15.148377
6.8614707,58.884205,38.472355
-16.773901,-0.7200559,29.442286
-33.207375,-27.461147,5.408466
-55.94204,-3.057038,-18.621645
-75.71207,31.767902,-34.98931
-68.80489,26.742496,-36.332092
-28.887259,-16.800814,-20.688797
19.33651,-49.65346,-3.1170287
43.269424,-35.680054,-7.47643
33.799835,8.140093,-39.402424
7.8568244,36.618546,-74.77376
-15.546381,26.26635,-82.741585
-32.548622,-10.862045,-57.74674
-48.566418,-53.30056,-23.339739
-66.08786,-92.33308,-6.013031
-83.66154,-126.48934,-10.895571
-99.62611,-150.09842,-23.597624
-109.32897,-159.4637,-30.240864
-103.68631,-164.13916,-31.031368
-80.41792,-178.57303,-35.179455
-55.246555,-200.93086,-47.166172
-50.28364,-210.64618,-61.80317
-66.85286,-192.74944,-72.42666
-79.13153,-157.8919,-79.48726
-63.072308,-130.66565,-87.333336
-26.08561,-121.49314,-95.00521
2.133282,-118.247345,-96.823364
6.2485557,-105.14854,-93.76721
1.1061506,-81.81367,-97.59496
7.845144,-61.265736,-117.24863
24.860235,-56.147587,-143.63043
31.1977,-71.526825,-155.02385
13.295766,-105.63339,-139.50966
-21.193727,-149.8272,-108.48055
-53.59685,-188.1592,-86.8927
-67.484406,-202.94499,-92.37599
-51.54043,-184.39488,-122.048325
-3.2118437,-136.28714,-153.35358
60.487167,-75.45,-156.83861
103.74887,-26.504383,-116.74169
98.95666,-9.657935,-46.479206
56.79472,-24.516716,19.425125
21.016665,-47.08318,55.569046
27.795706,-51.293484,66.738754
74.22557,-34.43096,73.69077
129.50345,-12.888601,81.352745
169.45769,7.6995573,71.887184
191.36197,43.248745,32.078663
199.20909,101.04778,-22.96683
189.00404,149.7772,-63.121593
156.33444,140.7222,-76.68759
112.00149,63.518063,-81.02831
80.47424,-33.136845,-97.958046
81.32835,-85.197464,-124.59651
114.71801,-70.762054,-133.15298
162.03108,-19.308683,-99.46754
194.85922,24.321096,-31.188374
186.53862,32.1745,32.946228
128.52098,-1.4814966,55.555573
44.624065,-63.51209,36.34941
-17.129505,-122.1717,13.543173
-20.028582,-140.17252,24.431232
29.140657,-105.65533,65.191734
87.43118,-49.745026,95.390564
116.15802,-22.294073,81.34081
109.109314,-47.009983,26.365437
81.79391,-104.78544,-42.802906
46.21274,-158.6111,-105.61873
8.192418,-184.33246,-152.44394
-16.617271,-174.8657,-169.80528
-3.0878112,-128.99074,-142.24374
57.285625,-52.999966,-75.47488
138.386,26.612722,-4.9387536
198.73936,68.315315,30.564716
219.29291,47.95088,22.473701
216.2223,-12.90507,-3.6743464
216.04884,-59.064137,-13.85799
224.49959,-49.061592,6.831754
224.42865,8.119783,42.978256
202.78473,64.49313,57.147488
174.7182,80.65862,17.25593
175.48169,60.306236,-70.12377
223.61655,38.28156,-153.65245
292.38388,40.0026,-176.83444
325.42178,58.191597,-129.16057
288.51773,67.06151,-52.537037
204.39967,49.496624,2.358602
129.89017,6.0309563,15.824265
100.07455,-52.73382,-3.5150928
103.00782,-109.72288,-40.15961
107.52007,-141.6658,-75.93654
100.004135,-134.8543,-87.45422
84.875656,-109.009636,-64.0643
63.373222,-109.73967,-28.203554
33.179207,-158.06668,-16.359478
7.6208563,-211.87207,-32.9986
12.586918,-199.47462,-41.704723
51.341644,-100.663124,-14.070651
84.564064,18.78,27.836205
63.074707,65.14568,35.89341
-18.76518,3.8309753,-4.952196
-112.17257,-116.80943,-61.01052
-158.32263,-214.4022,-90.882835
-138.33855,-229.61688,-82.44819
-81.61878,-149.07329,-46.385056
-35.764095,-8.875456,4.6947174
-32.40849,109.97512,55.858105
-72.329796,119.48106,83.36428
-130.99696,-2.5582097,70.82103
-175.8184,-172.56721,32.31981
-184.3563,-259.02338,4.824012
-153.95984,-197.64432,12.880249
-100.68721,-45.542408,47.82263
-52.346153,81.08886,82.03666
-37.37435,111.445076,94.93469
-67.90482,59.55449,84.52532
-126.20376,-16.852081,65.23437
-173.8812,-70.041855,59.3628
-185.16167,-80.2366,79.71705
-171.9725,-52.339947,111.44295
-168.95706,-14.099388,119.017784
-192.3309,-3.9689097,83.33014
-221.16087,-37.975048,28.244984
-223.177,-85.547,-2.1450179
-191.9871,-91.216644,7.6881266
-151.77078,-27.82816,31.498611
-130.49268,73.90156,39.35673
-139.25511,148.23167,33.529102
-177.36333,142.76172,34.57237
-243.24693,50.054802,42.209553
-328.47968,-91.57013,30.276525
-404.96695,-218.54512,-15.479089
-432.1449,-273.16614,-70.04944
-386.7919,-233.48132,-92.66487
-286.70618,-123.571266,-73.42674
-182.3787,4.4862533,-44.369686
-122.488914,101.35085,-40.724598
-121.77264,141.8138,-58.533077
-154.02151,133.14474,-57.25476
-172.38147,115.14227,-2.8619833
-142.79361,142.4475,95.99499
-69.164185,241.7756,193.5673
8.456511,374.66748,243.53194
44.055344,455.75827,230.07852
20.49775,425.2886,171.25642
-42.011463,303.7235,100.20263
-109.66298,167.13351,42.48598
-163.5194,73.779434,3.9820027
-204.00545,26.538425,-24.655983
-234.93614,0.937307,-51.714977
-253.53282,-14.773752,-72.93521
-257.5816,-18.812603,-78.9964
-253.05762,-15.61778,-72.68768
-246.6758,-12.015219,-69.31607
-233.74968,3.9050918,-74.002945
-201.10161,58.10379,-66.331604
-143.44548,155.53465,-20.655176
-72.8377,261.70914,57.676704
-11.497955,329.4152,128.29791
21.031874,338.16202,154.14026
15.768781,301.67056,136.46927
-19.880484,247.43759,106.50864
-57.651863,203.24959,91.67395
-58.640285,197.04445,100.73402
-4.01959,245.24518,134.1233
79.28298,327.67795,188.74446
133.494,387.1964,247.28606
121.58281,375.53964,279.06912
64.13002,303.55737,265.65363
18.38952,233.05537,220.20854
18.989086,210.78152,170.84378
44.14072,218.57573,129.61581
43.7596,199.93605,91.03599
-2.1573598,132.23419,58.51262
-58.284054,57.213608,52.543694
-68.26654,33.08618,81.54034
-12.364056,67.776115,116.493484
70.64211,113.87049,112.53982
119.122856,126.3516,57.476494
105.66094,107.80579,-11.598123
58.30307,89.4749,-43.468674
26.570892,83.43628,-18.461273
31.521467,73.439964,41.5198
54.981834,51.231293,98.05864
75.18837,40.59107,124.71708
99.01551,71.2512,119.63601
146.94824,136.73793,103.9795
212.07869,193.01045,108.81273
253.38657,200.68283,150.93088
239.27692,159.04251,212.34657
186.2211,95.15728,247.72493
139.83084,30.06785,221.89058
123.35884,-31.775646,144.22055
123.22185,-81.013374,64.12015
126.74746,-87.82813,30.291286
150.9938,-25.129751,52.810696
215.65147,89.822586,101.469635
298.70288,189.9686,136.45744
344.0397,209.2115,139.35854
318.34976,140.46835,118.095985
244.4081,36.1912,88.2981
170.79425,-47.24125,56.12835
123.33758,-92.45036,21.781652
98.37284,-105.51613,-5.4529037
90.21875,-80.086525,-6.8552976
102.163,-4.409154,24.435085
128.93637,97.38685,67.59102
147.92989,160.473,89.96946
139.15616,135.97343,79.29673
105.68062,43.248863,51.57507
66.73711,-49.09347,26.221817
38.495285,-87.77345,5.490867
29.410057,-67.241585,-14.937212
44.1181,-9.4420595,-28.220991
75.19018,59.11933,-25.130892
93.18603,104.1089,-13.510938
64.74459,88.335724,-7.3006926
-8.337521,9.842716,5.693988
-78.202774,-73.12874,58.9437
-93.46577,-85.82761,151.80508
-53.34653,-17.261316,217.57486
-11.526518,58.367405,180.0983
-23.970648,53.243877,46.61115
-96.594406,-47.385635,-83.16072
-184.22563,-177.99852,-119.05861
-235.81026,-263.70047,-77.53986
-238.41383,-284.94208,-54.96001
-220.37233,-274.4517,-108.33073
-214.96957,-266.93393,-187.6877
-222.49944,-262.92502,-198.5423
-210.55142,-238.54294,-115.04347
-154.12733,-181.71144,-9.345908
-71.65728,-113.63665,31.369034
-12.664258,-72.51005,-1.7995455
-7.493821,-75.331764,-40.203457
-37.410572,-99.3801,-20.73019
-60.60516,-107.30306,50.00783
-60.60855,-89.823166,115.62634
-57.531315,-74.947075,135.36552
-73.51096,-90.77956,114.80577
-101.63658,-127.76474,81.19556
-115.96277,-147.4588,52.01037
-102.09215,-124.62428,35.61721
-66.78935,-69.41242,44.062042
-22.952631,-9.197505,83.32367
20.73426,37.324554,132.49467
54.471313,63.941982,152.0027
66.90174,71.71367,123.11473
59.844566,74.92265,71.57105
54.46894,101.31021,42.00224
68.723145,162.54346,50.472736
89.81641,221.7509,69.02953
83.23937,214.18956,57.184174
35.785595,118.226105,3.6535976
-19.814651,-4.6795344,-63.808575
-34.87309,-61.10624,-105.43208
1.1771873,-18.42204,-103.44655
45.49616,65.82411,-71.784065
44.737553,107.65387,-37.13591
-10.21849,76.24736,-14.784899
-75.3695,7.4354634,-4.2260737
-97.31898,-44.067783,-3.821244
-63.278866,-51.582108,-21.026989
-8.708658,-26.221409,-63.22727
21.732653,0.8792047,-121.51742
19.128897,5.634267,-169.21393
15.624451,-5.6627154,-179.15697
44.277378,1.1937075,-145.31628
95.18953,47.746227,-92.52948
116.86821,101.15379,-64.411316
66.1164,92.39349,-89.356544
-43.98773,-7.9116163,-146.7698
-149.86633,-143.31401,-173.1413
-192.12233,-221.5888,-119.68635
-161.93034,-207.60121,-9.41497
-94.237816,-145.75874,76.50695
-24.449286,-90.21282,79.01791
37.75008,-42.142174,19.16461
93.383835,24.649046,-33.265984
129.10286,97.87581,-38.183773
122.96381,123.38729,-15.192635
76.02887,72.90738,-1.4555703
25.308609,-11.535054,-5.7622757
14.029445,-58.452785,-14.904903
49.876713,-40.854275,-24.844725
99.31417,4.954849,-42.506615
123.10931,26.378082,-62.7654
110.35306,3.8348396,-67.636795
75.841644,-44.561134,-55.340435
34.495083,-89.90092,-52.98204
-9.870316,-116.86188,-85.686295
-52.792267,-131.1393,-139.71744
-81.03674,-150.66942,-170.9507
-85.834984,-185.1336,-152.04372
-78.21841,-219.60829,-101.88274
-78.98382,-223.56342,-63.457954
-91.046104,-180.88786,-57.616127
-91.12384,-106.2152,-64.294685
-56.843777,-27.31134,-48.58282
1.3472977,40.53779,-1.6290962
44.73162,93.27683,45.38479
45.876137,119.91892,47.59133
17.525995,105.591225,-11.386004
-4.169423,57.154118,-100.189995
-2.3643887,8.282226,-161.57187
3.7206416,-14.292557,-156.08939
-11.69023,-18.93713,-88.87794
-42.96179,-27.356075,1.4660524
-56.630035,-32.5361,75.93424
-34.781033,-4.1130166,117.138374
-3.783921,57.14356,126.141525
-8.369278,95.505936,108.887276
-57.953312,57.36341,71.917404
-108.701775,-33.77402,27.33473
-104.42166,-86.80515,-7.2603574
-31.818653,-38.951805,-18.952888
67.18251,72.78996,-8.97723
132.01335,149.14078,8.688335
127.41528,128.06168,16.521952
60.269207,33.57282,2.5267596
-29.68787,-64.99215,-32.746162
-90.68871,-118.77623,-72.810074
-85.832954,-121.22762,-93.75336
-18.474735,-89.97558,-86.18973
65.29845,-50.76328,-69.99631
108.88723,-34.112984,-77.564674
87.68344,-64.52217,-116.47533
22.328733,-139.60806,-156.4238
-44.2711,-223.64172,-163.06227
-75.992226,-268.97183,-140.7822
-56.304787,-248.50642,-128.81615
6.5334096,-174.5659,-152.70422
75.19205,-93.06447,-192.67882
99.581184,-54.143402,-209.16257
61.817192,-73.44905,-190.64432
6.166101,-116.70795,-162.73529
3.009462,-133.20097,-152.17368
72.53638,-112.03325,-156.46536
159.72812,-94.44005,-154.13162
199.98018,-117.438736,-133.88757
196.85617,-154.48462,-104.05028
210.96915,-135.54951,-78.339806
273.31137,-33.098667,-62.38921
336.89807,89.30213,-53.67194
330.05035,129.80145,-46.78362
242.26463,45.33693,-37.26405
136.49467,-112.37832,-26.00509
80.08098,-249.66306,-21.580845
82.27722,-305.47244,-32.818253
103.418335,-279.18863,-56.212734
108.95727,-209.53412,-74.88454
101.610245,-141.95743,-73.461205
106.10335,-106.408195,-52.100903
134.5632,-106.22716,-25.544035
170.35164,-121.06729,-13.561555
183.09396,-126.88607,-33.117775
159.44643,-117.48051,-88.64818
120.38601,-103.99402,-158.85196
105.76634,-94.308716,-199.12584
138.18657,-82.16109,-174.8637
201.71593,-62.80473,-99.07545
256.25082,-51.815964,-26.220018
270.24756,-73.85717,0.14514706
240.29265,-128.0849,-13.251813
188.03285,-174.6071,-29.89777
146.33064,-167.3097,-32.86022
142.54929,-101.8347,-35.5898
180.26779,-24.996496,-45.3949
231.5704,6.423852,-40.47444
255.85239,-25.453766,0.3332471
234.52365,-89.74571,57.58205
185.599,-137.60344,83.64981
141.63995,-139.38895,56.74693
118.40606,-100.48673,5.0505514
108.62895,-53.36778,-29.660723
98.16234,-35.299953,-36.741028
78.23631,-62.224834,-32.199432
47.11133,-114.6734,-22.969936
14.250388,-151.05193,-0.09770961
3.8249352,-141.55833,30.873327
37.61988,-91.35651,37.948845
104.04708,-30.034721,0.47812855
155.192,18.525696,-51.40091
150.75192,52.056374,-58.49755
103.42269,79.45596,1.0921569
67.10431,103.33117,83.09783
77.497604,116.48749,125.35282
115.98292,111.057434,115.96263
137.09113,86.42149,99.82012
119.22971,49.64599,119.81899
76.79899,12.121621,166.7594
31.34801,-13.198049,194.79543
-9.447848,-13.055767,177.5007
-40.777027,23.685863,136.65915
-47.81993,97.25802,115.35291
-22.118626,183.44223,131.63571
12.969622,233.51657,163.77298
12.231265,206.22157,176.19626
-44.87192,113.873535,152.36354
-124.84439,28.310856,101.88939
-170.92752,19.444393,43.743652
-166.16519,80.40804,-9.241117
-155.73622,128.10841,-50.08562
-196.48296,91.76224,-71.65889
-286.65985,-5.6305046,-69.81238
-358.10254,-68.763855,-52.42139
-346.0031,-32.528427,-38.42456
-261.3358,70.75809,-42.694153
-183.87918,151.18324,-62.285366
-182.19646,155.31409,-79.74156
-249.05394,108.68627,-79.65867
-319.93747,71.825615,-61.09295
-345.34534,72.41648,-35.43129
-332.05252,88.43449,-14.866313
-316.50137,87.0029,-2.9788876
-316.7827,63.60484,5.6352315
-323.35812,38.859283,17.308483
-326.54733,27.412853,29.766169
-332.145,23.757307,30.778404
-344.43137,21.337719,8.923475
-349.08298,33.828537,-32.174973
-327.66312,82.744865,-71.01578
-285.32123,161.87596,-82.2308
-250.62752,226.67317,-56.835873
-244.59456,231.63878,-12.014333
-258.4761,177.67265,18.594952
-266.37582,113.489365,9.672817
-251.83025,87.606606,-32.759907
-215.11679,104.88265,-71.43008
-162.0074,132.4126,-68.032425
-99.32438,139.99695,-19.9761
-43.073254,127.29907,35.15894
-17.451052,115.93111,57.128056
-34.408634,125.38515,43.229458
-77.056,157.91386,25.344576
-112.29225,197.72348,29.57705
-121.10767,219.55725,49.9099
-110.81407,204.94928,65.11361
-97.31336,160.00731,68.88509
-84.58914,117.223495,70.23036
-68.66871,110.69666,69.92468
-55.333633,143.18097,54.63956
-59.564987,180.15892,20.192286
-81.97773,182.41129,-12.648523
-96.16358,145.91716,-17.770441
-73.27068,106.59963,6.055609
-19.517956,104.215965,36.46657
23.614357,143.98285,58.107517
24.478594,195.01328,79.21929
-2.3599303,221.64352,111.68693
-17.883621,209.7965,143.56961
-12.714188,164.88396,143.50223
-19.8006,96.49932,94.05851
-64.04018,15.152526,14.311964
-116.273125,-60.827824,-54.545177
-120.62398,-108.76519,-84.06406
-66.44646,-117.53738,-77.60222
-9.320287,-94.65368,-58.530773
-6.7675724,-55.24242,-46.019863
-46.954575,-11.620963,-45.178505
-61.373016,22.285995,-55.89224
-6.744291,28.225685,-81.01475
83.81482,0.8106322,-119.26818
138.21678,-35.209007,-154.02728
122.16357,-42.466278,-159.25708
69.17087,-13.090031,-121.623924
41.675354,18.955189,-53.510532
73.574455,18.496485,18.603704
147.45464,-6.4348035,74.82927
213.84982,-15.308396,108.25736
227.36652,12.407088,118.32934
174.58926,50.704613,109.21745
80.25993,56.525906,94.8902
-10.60587,13.140015,93.58582
-62.161728,-61.98896,108.6338
-65.32227,-138.90356,119.83678
-30.310333,-189.38968,103.39621
32.615757,-185.48827,60.988373
118.769226,-105.839424,22.218296
214.76382,41.603134,14.716844
286.93854,205.17738,34.56736
296.54538,307.9993,49.318737
234.21848,292.28217,30.262573
137.31834,158.60449,-18.733454
64.96555,-28.527065,-64.36392
49.964233,-177.59338,-76.69248
75.07523,-229.31793,-59.25947
97.25101,-194.06403,-43.847496
91.92838,-133.06718,-53.710835
70.32145,-99.73934,-77.35942
57.563404,-99.1278,-85.597855
63.497135,-102.23317,-70.58448
78.16333,-88.68212,-55.350273
88.13512,-64.949615,-61.15653
89.02916,-45.14656,-78.09918
84.799675,-28.218771,-79.055984
84.0186,0.06410811,-55.31892
98.29557,49.46589,-24.082487
134.86646,114.56163,-2.3857176
182.63335,176.27176,10.805688
208.89287,209.61067,22.022179
180.01813,196.655,26.939188
91.73412,141.49687,17.482924
-21.45437,71.79496,-3.0483553
-110.1634,17.678856,-24.582163
-147.55878,-13.576787,-46.395374
-147.79187,-38.552734,-75.86872
-149.5228,-73.60338,-110.536545
-178.1319,-114.327484,-132.97043
-219.58301,-138.59813,-127.62422
-231.56537,-123.5811,-94.32359
-184.42923,-59.43191,-41.880367
-93.106255,42.78602,20.456148
-7.223423,147.62909,76.70378
30.363234,206.3584,99.834816
13.32357,187.48523,71.44432
-36.69743,104.14061,8.29191
-98.14988,6.8592415,-43.093796
-161.0267,-55.724506,-46.213
-214.04865,-68.62088,-5.325121
-232.92133,-45.174347,46.394386
-191.1981,0.14331526,83.506386
-85.25999,65.063065,108.072556
52.03914,148.3406,137.58832
163.54318,234.68999,180.68564
199.11746,295.16846,224.5312
146.63701,300.7138,241.75558
41.985603,237.33958,211.41843
-52.384388,117.257,140.11617
-89.49127,-19.04444,64.336174
-69.75408,-118.8752,25.699942
-35.21073,-149.62225,37.709248
-28.924969,-121.634834,76.87507
-54.689743,-74.67618,108.43841
-73.91785,-37.45747,119.14639
-43.628025,-4.8436084,122.48412
38.929474,39.563297,134.54332
127.14986,84.20798,151.0257
161.51192,87.734726,150.56662
118.65948,24.105446,117.540436
28.570513,-77.76752,58.533195
-52.518223,-151.21336,-1.5739971
-83.75181,-150.53194,-35.702953
-58.8879,-87.10829,-28.174229
3.5124693,-8.326201,19.309618
77.696106,48.378056,87.43747
139.44315,74.78003,145.93738
170.05133,77.07716,168.8129
163.92235,60.44994,150.20041
134.10696,32.984344,106.48066
104.64501,12.046349,61.87933
92.49953,13.221057,32.659874
95.36324,32.382053,24.140184
95.927124,45.70059,35.922634
77.07791,30.049726,62.308228
35.313904,-18.154991,88.86026
-15.682511,-81.95816,97.652756
-52.92531,-135.84477,81.45168
-59.97014,-159.13496,50.067123
-40.379482,-146.01466,19.98241
-15.6048355,-108.739456,0.8425294
-5.7297926,-68.54879,-5.751449
-11.015897,-38.99792,-0.36307156
-15.125347,-19.64698,13.741898
-7.2353773,-8.200856,26.822578
4.2296352,-12.1964855,29.016247
5.10249,-38.308422,23.038977
-0.6083941,-71.17458,23.301968
9.259219,-77.34314,37.63114
45.19334,-41.05386,55.051796
82.553566,9.544371,58.195675
79.545654,24.17373,45.62868
22.431204,-19.266993,35.104492
-53.403072,-92.43329,43.439846
-93.41451,-144.88045,67.72768
-73.739334,-147.25891,89.03827
-18.89556,-106.23126,92.28204
26.138817,-50.11303,79.302444
35.800255,-10.446939,62.405117
18.705732,-8.4321,48.36574
2.5151305,-39.42859,33.87749
8.767118,-65.106834,19.003595
36.85352,-36.228058,18.884737
65.31337,60.083797,50.272324
68.973434,175.09442,102.64099
39.79605,230.2646,134.2584
-6.808022,181.1343,110.75085
-46.75956,53.03311,45.71208
-67.500435,-79.99396,-10.181841
-72.80382,-147.0797,-23.762127
-71.77737,-122.13985,-11.936173
-69.998665,-37.022892,-14.26427
-72.761765,34.327988,-45.22718
-90.32822,18.959932,-86.45022
-132.39537,-100.64223,-118.77518
-195.18033,-262.13202,-142.86221
-255.67892,-363.08102,-163.22824
-281.58163,-342.0435,-166.91731
-252.37807,-227.77177,-132.43066
-178.38283,-107.81888,-59.242348
-101.72274,-49.67224,18.941256
-71.081055,-54.584854,53.47863
-103.83104,-81.63145,15.946477
-168.61343,-100.43129,-78.00258
-210.15025,-109.84684,-173.83902
-197.11118,-114.26037,-212.93416
-146.18195,-102.52991,-175.17526
-97.797844,-60.678444,-94.291374
-70.85385,4.5526266,-29.22243
-46.584812,69.6597,-16.800491
1.566784,121.692345,-50.440655
67.79177,168.02863,-100.064926
111.53695,211.89787,-144.06703
98.47247,229.25906,-177.77144
39.68329,187.24576,-198.25142
-16.925646,89.32221,-194.90756
-36.004128,-10.491357,-162.61435
-29.87364,-51.93354,-118.528114
-38.930817,-28.49109,-93.19445
-80.01661,4.892779,-98.302284
-122.76915,-9.255119,-108.76445
-120.265144,-65.00759,-86.464615
-57.33763,-92.19239,-22.922323
35.76234,-27.714128,49.060364
111.56967,110.744,88.9965
138.49643,226.84708,86.30672
109.798325,228.2385,59.17692
36.597733,110.896904,25.418003
-55.412136,-38.239605,-11.154282
-128.01393,-120.71012,-46.34191
-146.72598,-105.817055,-64.608215
-106.72373,-35.876343,-54.107594
-40.96471,31.156298,-26.387411
4.5470552,69.62209,-9.211548
6.757371,81.28658,-18.102453
-22.712885,65.03951,-40.818108
-57.554626,11.054297,-51.505074
-80.83058,-74.43402,-36.621258
-87.17824,-152.43745,-6.122178
-70.942764,-172.11813,17.84266
-26.730223,-113.65195,21.935947
33.679974,-11.233891,12.608034
76.00594,68.55925,6.5525923
70.04815,78.17348,11.278216
24.953386,27.848585,19.562525
-11.67928,-23.391788,25.096136
0.8957704,-19.535282,36.070606
53.20863,43.726574,63.615223
93.32423,118.606544,99.37537
78.30742,150.83102,117.28484
13.795385,123.85804,102.44851
-57.00644,61.925957,69.32884
-96.33883,0.045041885,44.336796
-100.09512,-41.77698,36.97068
-90.140854,-60.324314,36.757576
-88.610916,-58.563988,34.46819
-100.310104,-39.748444,35.564735
-111.57617,-8.180609,51.136047
-100.853874,29.230022,82.26852
-56.080856,62.363518,115.15608
8.726305,78.77545,127.83456
53.579174,69.137184,104.161545
39.722134,35.201252,50.37214
-32.86142,-9.640851,-0.17620155
-115.8592,-51.289665,-8.6299
-150.48323,-85.943985,34.192154
-122.17791,-118.137146,95.67113
-74.67211,-149.34961,128.33528
-62.367294,-171.48972,108.09828
-88.72042,-170.54774,47.292236
-100.20955,-134.19127,-20.480326
-46.469025,-59.27854,-62.028725
59.93839,40.14203,-60.762367
152.65224,130.2586,-27.146238
178.24588,170.51404,4.841732
143.5446,138.29077,3.5604515
95.02824,44.689804,-30.24414
64.933655,-72.16942,-62.906704
50.035694,-167.50017,-60.88432
36.56232,-208.25313,-20.862299
26.333052,-185.65582,34.196785
29.428547,-121.673035,81.45329
41.043762,-60.34013,114.74761
38.445744,-40.284683,140.08882
2.3380158,-68.76,162.8385
-62.597847,-123.28535,178.98329
-126.8962,-176.41473,174.83958
-153.65111,-212.42992,137.81544
-123.22122,-221.93448,72.66434
-50.482876,-194.76146,4.412434
23.012064,-129.75931,-41.186954
63.03535,-47.407536,-57.88066
71.48273,17.744087,-53.78394
75.78747,39.71848,-33.290825
91.015976,15.200316,-0.27381182
104.260925,-37.96874,21.88128
99.71245,-88.00564,-1.4601778
82.68088,-101.964645,-70.27884
64.51825,-69.62539,-127.45352
36.8814,-19.909822,-108.68779
-13.1296015,1.4615654,-15.283364
-62.4839,-17.772892,84.019104
-57.91286,-38.668056,128.11511
17.058195,-18.750544,119.49614
98.4482,28.094301,96.48813
95.71448,39.089314,75.286194
-8.40983,-25.125156,46.36063
-134.18756,-130.77661,15.556482
-188.80383,-203.01984,11.322896
-155.91801,-197.42323,39.781605
-90.50733,-130.1996,59.43878
-44.956894,-49.87876,24.875458
-27.5311,1.7836274,-52.8941
-29.23713,5.0193644,-110.74517
-58.07654,-35.77915,-100.103775
-125.310265,-91.26222,-37.411686
-210.8611,-123.03658,12.682905
-266.64484,-119.548065,-6.629397
-258.73734,-113.10875,-106.014046
-193.63329,-144.50636,-252.2615
-98.21388,-207.63318,-396.0683
14.065121,-243.75122,-500.96576
145.21617,-199.81267,-555.2485
284.61768,-83.77049,-561.1794
390.8596,47.95171,-515.5869
408.2429,151.12366,-406.06274
303.698,227.68497,-228.35901
95.79557,299.80173,-3.1276352
-140.5113,365.85898,228.30331
-299.2566,391.99902,422.52524
-297.43124,341.11127,548.61536
-133.52287,204.41992,595.14075
96.99478,15.061966,575.22003
257.17532,-155.36589,522.7541
258.75854,-222.64354,468.53482
111.63866,-144.39154,409.6811
-101.01766,29.09442,307.6371
-280.50967,170.92844,128.43494
-348.2364,175.45071,-109.22428
-259.93613,54.62639,-329.92682
-30.406506,-72.1693,-455.33624
244.02843,-93.23366,-472.64206
420.8021,-4.097381,-454.00906
409.9387,109.22627,-500.38043
248.94386,167.86711,-648.3299
65.3238,162.83636,-816.2094
-44.614155,134.11307,-839.5768
-94.55979,122.98437,-577.2908
-163.49149,155.44952,-19.108776
-281.1805,238.00143,672.25024
-367.68213,332.60474,1215.7019
-290.1532,348.42523,1351.4636
12.745252,210.20206,1003.9459
446.42975,-35.643818,360.7221
792.2616,-208.21866,-219.60652
846.2235,-132.55606,-438.2226
571.12036,184.71799,-259.8762
144.04155,528.3763,77.13811
-153.32433,640.60065,253.8382
-132.3123,432.9876,106.30813
166.2719,57.864418,-276.83435
506.6754,-215.32143,-649.80255
638.51996,-212.48329,-806.0036
479.0971,10.135629,-724.3473
154.67947,213.97974,-561.33936
-119.72489,179.1732,-501.58704
-206.59119,-99.893555,-594.14484
-117.9527,-398.39075,-718.564
41.020138,-453.5708,-705.8984
171.19366,-199.0667,-490.92706
226.52118,175.27292,-152.37686
203.28125,389.6051,172.63496
126.176315,304.73706,391.77762
50.15376,12.602325,488.01416
42.203896,-265.66415,490.24832
129.3012,-355.29242,443.17966
263.15436,-229.0662,394.61774
352.21762,14.564177,381.16104
335.2077,241.24577,411.1336
222.08891,358.43597,465.82437
71.19979,342.7935,518.9563
-59.664608,228.26471,546.2359
-141.60057,81.24788,512.58734
-176.03633,-27.485226,363.31302
-184.59344,-57.930645,50.00181
-192.18678,-30.658121,-415.47906
-205.69035,-16.287968,-922.2673
-205.19576,-70.95193,-1282.0493
-162.03871,-167.5885,-1320.1542
-68.95371,-201.78221,-989.5674
48.087585,-86.50745,-423.4365
146.46721,150.94586,129.65727
194.08568,373.33502,450.69287
186.39005,442.3448,466.6849
147.18951,326.9177,260.23853
116.13257,112.05517,-6.8840966
127.592545,-82.730644,-180.35646
189.37743,-183.09816,-167.89641
271.47113,-173.33458,31.48592
310.95874,-67.737885,321.87158
237.15108,99.51943,549.82495
18.475815,256.9217,586.39655
-288.30927,302.70633,400.5264
-536.38153,170.41887,72.84698
-571.0194,-96.41282,-248.69507
-352.77216,-350.67935,-416.51227
-10.072528,-449.35754,-352.14185
246.93959,-368.8219,-100.17323
285.24048,-212.0383,173.43578
136.14484,-100.51267,272.93192
-59.31095,-65.85794,109.065094
-175.02531,-50.598434,-235.27165
-173.33699,-2.0930567,-575.74884
-87.38484,55.685574,-764.1142
31.093483,50.764416,-761.74536
136.77669,-49.151443,-605.42645
188.53331,-192.45026,-341.8803
154.76286,-288.6163,-13.92184
36.508823,-289.71875,312.7042
-116.84692,-223.86684,548.96387
-224.11801,-153.777,629.86505
-217.54999,-110.68637,561.6848
-88.9866,-72.06829,420.57974
95.54376,0.34894818,305.75076
229.97641,109.4075,282.88025
235.62672,214.18573,348.74994
114.03482,268.94623,436.81445
-60.85754,263.33978,469.79456
-208.42903,224.91034,428.1459
-306.31738,191.93196,368.9832
-393.65628,187.76102,362.5959
-512.5559,208.4053,405.46054
-649.6873,218.92885,410.61102
-736.2446,168.36142,295.44257
-701.88,34.540962,69.68738
-527.75134,-132.97017,-176.05771
-256.45178,-233.52849,-358.3154
34.192833,-203.5595,-453.0605
263.0274,-81.4682,-460.5274
371.00885,35.219467,-354.12393
345.2497,96.609146,-101.77058
232.45123,138.86201,261.33102
116.99508,206.47902,611.1308
64.25973,266.28168,810.14703
75.11164,235.22972,808.675
98.075714,91.87678,672.7144
87.399475,-73.32523,521.50586
45.90255,-139.01476,437.78696
12.440576,-75.33133,414.7672
15.931682,24.58916,362.77457
44.985332,29.0154,172.60918
54.903778,-118.67691,-189.82823
0.6928392,-350.63583,-623.3145
-122.80767,-518.8746,-938.12775
-255.82668,-500.57697,-998.4671
-295.07095,-293.2469,-836.1451
-171.20941,-23.314993,-613.8784
72.960434,151.72054,-465.82538
292.76843,170.37349,-379.3713
357.68375,107.22561,-239.23625
269.75266,89.4791,23.005186
159.46928,173.11865,337.5777
157.6828,291.4875,549.81244
274.65,311.11392,550.5485
403.88968,140.81512,357.7364
431.3924,-186.88365,93.90509
332.6015,-519.49976,-100.86646
175.07245,-681.81525,-148.68044
46.274315,-604.53864,-59.052135
-19.370262,-374.8056,105.18637
-58.281498,-151.36293,284.47168
-131.70815,-23.259,446.09314
-252.7586,40.216015,555.2032
-352.6642,103.829094,543.1142
-332.63025,163.56668,339.37756
-166.90677,159.00966,-44.074192
46.9352,75.41844,-472.77798
156.90794,-9.971043,-759.2452
85.91388,-5.116347,-784.7619
-107.267105,94.86388,-556.1414
-289.4169,208.86604,-163.07997
-361.02515,262.717,285.47342
-304.64813,250.71925,675.3779
-154.27916,203.42793,883.6002
52.312923,132.30502,824.0806
288.8472,37.299175,522.80817
530.79474,-48.056164,125.31868
745.11993,-63.681286,-198.95168
884.74854,9.195888,-365.59467
890.80975,114.709854,-390.55002
718.57715,183.07994,-320.41586
384.80994,210.36142,-177.30293
-7.8525305,244.67393,28.219538
-312.72687,293.03372,262.68912
-426.26172,282.23352,472.47348
-346.29825,143.86362,610.7249
-154.96158,-77.17111,643.6462
44.619793,-237.52339,541.053
176.56706,-232.44846,292.99905
203.02618,-101.27952,-51.389095
121.50139,15.94981,-382.61423
-31.047125,16.06075,-594.20135
-180.8861,-84.190445,-652.87634
-246.74648,-189.16238,-602.9675
-183.51787,-223.80931,-512.7823
-4.5427747,-187.71732,-433.71112
233.58078,-131.47705,-404.5895
460.83575,-101.67602,-458.59308
608.66266,-109.27413,-591.0937
614.0565,-132.71663,-722.0926
441.64923,-134.94066,-723.65076
125.61095,-81.063194,-517.67096
-215.3917,37.84679,-156.39558
-434.19083,179.19667,204.49702
-454.91595,252.88406,426.53546
-327.59207,177.54425,488.9735
-179.43025,-46.179184,472.15314
-105.751076,-318.7421,448.6793
-103.4166,-507.67188,403.44696
-102.08909,-535.6593,266.25528
-50.411263,-411.923,12.504383
29.44787,-199.11884,-283.86908
62.92587,31.470459,-498.14914
-6.676315,224.05107,-544.0332
-160.2155,353.13177,-416.9447
-304.8915,431.84293,-173.51724
-340.92358,490.29346,108.120346
-245.35841,530.07104,353.9656
-100.07071,511.63498,510.93802
-28.73544,404.76428,561.16815
-93.191444,243.90717,520.5809
-248.05869,111.28061,419.02438
-397.2433,62.92091,286.3793
-487.5259,87.60385,158.9534
-537.6921,137.12827,79.66311
-582.01843,169.86542,63.361053
-606.43945,151.85915,55.095448
-555.36224,45.084183,-53.294937
-396.20502,-162.94757,-334.02637
-163.86371,-411.05444,-739.25964
61.29027,-575.2173,-1114.9802
212.64479,-554.9018,-1310.8634
274.33237,-354.24786,-1282.0903
269.96774,-76.41723,-1089.7422
224.68578,156.84683,-818.5366
140.33171,278.9535,-512.01154
8.215239,290.07504,-183.6081
-151.09106,222.57526,140.15387
-263.4404,108.77356,416.56055
-232.0656,-24.81838,622.47046
-13.874037,-149.96811,766.0469
323.81,-238.19496,851.4103
627.22253,-274.4309,850.276
752.39856,-267.0038,728.8894
658.1339,-240.43958,498.3383
422.98795,-215.20683,224.29688
179.15509,-190.75829,-8.20563
20.475325,-146.50229,-128.98927
-44.98105,-65.08814,-102.50933
-68.083954,34.667393,41.323616
-90.10006,87.96993,183.49641
-101.237686,26.702549,170.64702
-69.32089,-145.8111,-48.460213
-8.266317,-324.07666,-336.86813
-5.837504,-369.11935,-463.45285
-163.32004,-228.26202,-315.95187
-490.59695,12.676551,-16.806812
-855.9562,200.22716,183.44054
-1051.5457,233.11874,123.95458
-937.2546,119.942444,-148.24704
-554.4573,-48.95349,-439.87244
-115.11004,-158.64546,-558.3341
137.08723,-119.51845,-420.15195
94.49814,80.79116,-79.76831
-146.27382,341.45618,305.5688
-367.1213,491.85556,559.74493
-391.18387,422.08774,592.4287
-198.72403,189.00897,456.67957
76.8885,-24.522898,300.5424
249.88039,-70.91093,240.74985
205.13434,41.755836,266.71582
-25.926847,182.9483,260.1857
-281.30444,231.40442,108.69195
-378.2658,166.37494,-190.72633
-248.1918,54.2876,-522.1187
16.732193,-20.790855,-731.12714
255.05537,-10.784376,-721.46295
378.51724,80.62943,-498.7797
421.51218,205.31027,-151.17169
460.77057,291.50357,198.96849
515.43604,279.13492,439.6143
542.07007,159.82855,504.24875
505.6977,-5.50838,397.40823
420.70624,-117.78792,194.65971
319.95578,-114.62653,1.8374246
216.635,-35.56491,-107.302315
117.72446,-5.3121443,-125.72528
54.217537,-121.16009,-90.06412
62.346603,-336.62216,-26.808746
129.14383,-470.12445,72.36799
182.7649,-360.69687,217.5491
157.71606,-33.192062,367.35364
63.715084,296.1192,424.01578
-24.6532,393.41223,302.09662
-45.363552,202.89235,15.694863
-5.0298553,-113.243774,-305.28085
40.218624,-317.92776,-500.47855
43.260746,-291.17905,-495.6222
-2.9253397,-108.512566,-343.86642
-79.32906,47.10305,-160.82207
-166.1696,51.913868,-28.19095
-249.42496,-60.280064,40.7492
-312.83014,-149.51805,63.60963
-333.3802,-115.68979,46.585922
-287.7733,3.5520995,-11.75928
-167.6883,77.07567,-91.69189
2.5662732,17.875841,-147.23048
162.0446,-127.67146,-133.32101
240.11903,-226.4445,-33.633316
203.8387,-187.56134,133.23843
81.802055,-42.48143,322.91852
-64.84757,94.738014,480.58148
-193.23242,134.35838,564.0058
-291.61893,76.62543,566.9699
-347.44727,-14.219245,519.9789
-331.54556,-81.84382,460.35803
-238.92233,-118.11307,399.6561
-132.64886,-145.2969,321.7392
-105.71657,-176.73914,207.41731
-175.25601,-200.89305,51.49094
-235.60756,-196.81548,-144.22284
-155.80983,-159.33359,-380.78458
64.96768,-110.058174,-649.0117
263.67712,-80.847404,-900.99713
260.6765,-75.171906,-1044.3689
42.218857,-44.254395,-988.49664
-214.5396,76.08217,-724.15497
-299.05923,280.7511,-367.67966
-146.37451,458.02164,-103.77338
126.848015,476.18198,-46.17019
337.47894,326.95993,-138.17015
380.03116,157.05263,-207.44562
284.54752,124.899254,-136.8151
166.26747,234.2054,29.109213
122.65144,341.38773,163.24402
157.36473,328.07114,225.08861
188.97383,226.6072,308.63565
139.94662,151.5699,504.68692
27.516275,138.26535,746.38135
-36.817787,98.313095,832.5958
49.723553,-56.85619,612.0508
271.19485,-283.85092,128.99083
485.14047,-428.10147,-410.83936
528.3992,-374.07953,-796.99023
343.1823,-161.26738,-939.6134
19.978119,49.996647,-884.0367
-268.73926,121.96553,-748.1678
-385.73846,53.38793,-645.616
-309.9772,-35.517384,-626.3836
-129.29189,-22.786194,-649.96735
37.426903,106.98128,-608.47894
119.234604,261.69168,-399.19934
114.86504,336.01086,-4.7012854
59.793983,302.1999,480.63763
-13.263662,217.93346,904.67255
-84.680145,162.23189,1153.1118
-134.44994,169.44763,1209.329
-130.98029,211.20836,1133.5613
-41.967724,224.95978,995.532
129.97485,162.67726,835.00507
312.72586,33.25371,676.8898
381.6493,-87.431496,553.3245
247.87659,-96.50611,487.52405
-52.147404,62.097527,466.3599
-374.28903,344.30222,453.39554
-594.2852,622.0853,424.37027
-702.35443,761.83344,356.78488
-745.0799,701.916,177.64233
-693.81476,470.46576,-225.89552
-435.6951,146.09169,-876.0851
64.20177,-183.25165,-1572.6104
618.9457,-427.30215,-1945.7953
896.9635,-498.52744,-1713.5745
683.33374,-365.68967,-930.74713
84.41619,-126.56093,3.4961197
-511.52643,10.737311,600.5991
-688.0314,-112.4495,599.5088
-283.02237,-431.79944,115.261925
490.42682,-674.94666,-463.6445
1174.5526,-596.15894,-736.80853
1379.29,-211.10165,-533.93225
1057.9167,211.90402,8.531069
520.26044,392.95963,565.98785
161.41777,264.40857,847.2703
140.80379,-21.918299,774.41364
292.68777,-255.91708,512.9288
325.7925,-315.02332,336.11368
105.677666,-201.25027,410.62714
-235.48628,-11.305429,661.1028
-436.51154,111.623436,837.25867
-349.10217,53.07993,741.6065
-69.37731,-183.55334,408.41257
145.29877,-456.9362,55.648273
90.49837,-590.7315,-131.88997
-229.00279,-521.319,-150.2705
-621.41266,-346.2657,-115.41511
-860.9288,-229.11086,-105.12283
-829.26105,-260.98822,-101.79497
-558.15454,-401.95258,-70.598305
-188.8208,-527.65656,-38.942593
104.2116,-522.3845,-77.40019
198.81718,-353.41956,-226.13205
88.131546,-89.66731,-456.00983
-128.56898,147.09352,-681.5489
-328.24298,270.40985,-792.67847
-442.81125,288.0506,-694.6153
-466.88638,280.38223,-358.94104
-423.63263,323.84158,141.57162
-355.7346,431.45514,651.22174
-329.8916,546.2981,996.68134
-389.72336,571.9222,1059.1864
-477.54706,425.2493,825.2718
-444.81543,107.63295,400.86966
-195.38815,-252.59354,-33.281784
179.7678,-461.56302,-321.56522
450.42935,-414.15942,-419.71912
452.13297,-198.42624,-388.1234
234.98506,-23.810339,-307.0965
5.7864485,-34.60645,-214.54591
-58.736355,-201.67314,-120.63588
65.14878,-387.4416,-44.930595
278.22794,-483.14124,-10.366715
467.73175,-472.28488,-16.910355
578.94025,-400.14545,-50.800602
607.0084,-325.13004,-111.968605
550.09534,-292.2472,-199.44594
387.95032,-312.6733,-269.10922
116.51813,-354.83585,-246.65752
-192.97351,-377.57156,-107.37999
-386.58337,-381.69846,82.5813
-318.31073,-405.08084,237.55542
16.800854,-452.03625,351.448
436.21985,-456.6402,483.85355
681.724,-354.4647,639.97363
608.90063,-183.85391,706.97833
286.80124,-70.58833,551.21
-78.72953,-87.44297,175.98586
-315.80875,-153.9972,-244.11018
-389.68896,-113.73843,-495.5297
-362.99673,85.02097,-487.13995
-287.78555,310.58286,-295.6553
-157.97856,367.52118,-88.862656
37.080425,189.88846,-17.084967
239.73207,-92.438965,-137.27498
335.3947,-273.8659,-381.33606
253.01846,-252.13576,-582.93835
49.67723,-98.65773,-577.4326
-124.29111,27.77101,-321.29007
-163.14345,30.199001,78.961784
-110.820564,-48.849525,463.32474
-112.03014,-83.70611,731.3224
-242.61774,-0.019540241,849.191
-396.1037,142.80254,785.7091
-367.66336,211.1795,516.85675
-71.588806,147.08145,122.71138
333.1291,44.87964,-181.17336
557.23627,54.639008,-195.97818
433.62332,207.72137,51.474964
57.93227,365.37207,290.5523
-311.26035,358.51373,234.15878
-474.08502,164.53156,-171.83203
-415.8822,-73.10954,-721.8683
-252.90189,-190.21439,-1144.69
-95.750916,-144.72945,-1304.3442
26.071497,-22.961813,-1234.5298
132.71117,62.85034,-1029.2291
219.3703,69.91108,-737.41956
229.58049,40.791348,-364.26077
111.14222,45.98671,53.56036
-98.887794,104.82382,412.832
-260.8062,154.5184,613.23047
-234.64001,112.43555,662.133
-13.432577,-14.500694,681.9538
257.8745,-98.46203,787.4634
415.73148,-1.894593,960.5556
427.42462,273.69635,1065.7573
393.22684,573.6758,987.28217
406.68137,735.9523,729.7491
443.0256,731.9416,383.59506
402.68143,650.574,24.021019
243.90294,568.58844,-329.60147
38.3518,474.361,-668.7277
-110.11279,320.66818,-945.6982
-176.03506,115.86052,-1085.0436
-221.84785,-64.98987,-1039.0099
-307.01294,-150.37738,-829.65533
-411.51678,-132.29591,-543.3754
-457.41446,-57.287865,-282.41483
-393.1563,21.54606,-103.510155
-244.37129,74.41958,14.210813
-86.23308,93.53826,142.45433
21.741493,85.22765,332.1177
72.364296,67.796234,554.3718
94.26451,62.802933,710.37714
107.06837,76.67021,711.06213
90.95141,94.3083,562.1065
0.5844271,97.60795,370.62616
-180.88724,84.75774,252.72676
-394.9491,60.98473,224.91605
-525.47015,16.021915,196.97304
-483.58636,-67.16214,82.57296
-285.8335,-170.1907,-96.98003
-48.459866,-223.73167,-241.41351
93.506325,-162.16968,-295.80426
63.27145,-0.7583143,-310.38083
-135.48546,159.05708,-360.83038
-432.3723,217.76819,-438.9981
-713.8791,170.52585,-459.042
-868.67175,104.12829,-366.77097
-852.94025,102.30901,-208.55516
-717.0918,162.44801,-78.409424
-550.5663,210.35774,-16.16606
-403.3031,190.27647,25.242329
-279.0604,126.21568,119.18957
-188.14236,86.53342,284.1741
-151.46956,97.39464,459.27362
-131.67537,112.65154,553.4997
-16.497393,79.09843,524.7644
259.40228,14.918199,416.8216
581.93066,-0.517191,314.3261
716.562,84.97141,258.75528
539.8944,237.3917,218.50302
183.33665,368.93738,146.5206
-90.57184,409.101,48.291775
-141.59074,340.72348,-28.629913
-53.7478,202.69548,-60.99173
-4.3947473,88.09225,-73.37925
-81.01009,107.89015,-91.16923
-232.93918,288.90598,-103.03727
-351.62628,492.20258,-90.526085
-359.11774,494.12515,-68.049324
-244.206,207.02592,-58.018322
-64.03698,-196.18282,-37.446323
82.10817,-430.46695,46.71995
119.61803,-380.68378,196.47572
66.74332,-200.17981,332.1382
23.506851,-120.24583,370.5073
72.41095,-204.86774,313.95367
195.27312,-324.86212,230.54659
303.09543,-339.1791,156.61757
339.55435,-243.02762,59.17707
328.4024,-132.78299,-94.99768
311.1484,-76.07882,-267.14148
264.82788,-52.425457,-370.7977
115.98797,-3.96396,-354.8343
-154.58698,88.20735,-239.9781
-438.99557,178.64577,-83.71376
-557.19965,188.21515,62.459526
-400.12897,62.277798,161.7381
-28.63248,-173.04842,192.70517
360.74506,-395.81525,165.21242
569.09216,-449.48178,123.81291
517.0589,-258.4343,113.3902
275.28314,93.63848,137.8294
7.710055,405.38928,158.4194
-118.13144,500.28357,128.0819
-10.468797,352.9491,21.10912
297.08728,93.78923,-156.68814
646.82245,-102.472916,-363.3305
832.81964,-141.27885,-525.8287
732.48517,-51.03693,-578.1532
406.13422,63.405586,-516.2895
68.24731,99.74937,-406.54156
-69.42855,20.154915,-316.46225
41.76496,-121.461555,-233.72539
265.3642,-200.5296,-72.72128
412.1217,-103.017876,219.88872
397.97955,170.9851,567.05035
286.9696,475.6653,785.48303
203.8986,618.6347,728.56287
220.06229,520.18365,420.19998
309.3079,280.6134,50.48714
382.00687,84.594696,-169.52036
349.61115,36.663746,-164.51764
185.55595,85.65099,-27.078436
-37.742165,94.79013,87.48463
-172.08955,-26.4373,92.43555
-96.47941,-248.54074,14.497046
164.86656,-452.31342,-59.09664
431.36426,-522.03735,-61.59555
504.0177,-427.52167,6.885151
335.88785,-240.37044,82.377426
69.22844,-77.30067,79.19477
-92.76723,-14.627528,-48.50288
-47.54236,-39.52745,-265.14542
152.9969,-73.080956,-473.15186
367.48495,-41.86743,-583.9218
462.1456,59.44145,-574.5388
374.17178,160.25447,-479.5847
134.99272,167.14728,-342.89856
-144.32108,41.147713,-192.65451
-333.5288,-162.8294,-58.936523
-364.05466,-336.00577,7.920077
-264.56357,-405.79315,-39.967194
-119.906075,-387.15198,-193.97699
-5.686829,-339.49432,-355.41553
31.632397,-280.47412,-372.26132
-42.677948,-163.65268,-148.52823
-240.09175,47.550175,246.12129
-497.91162,296.88544,578.8496
-668.81506,447.1039,608.5471
-609.44775,384.74475,278.8432
-301.72763,117.265144,-233.49138
119.98326,-223.96732,-664.6592
465.05753,-469.54715,-851.9029
601.6874,-515.3621,-785.27075
490.18103,-375.29858,-526.1559
157.02072,-159.15573,-141.13223
-306.3797,0.8680683,274.15256
-719.37994,22.504868,569.5037
-853.262,-99.1385,609.9282
-573.1593,-308.2574,387.0911
30.559858,-515.3252,37.334564
669.0649,-618.9194,-263.82773
1043.479,-542.3337,-418.54245
1035.6874,-289.44553,-428.5892
746.72406,30.884644,-340.08615
381.88123,264.67972,-198.87021
107.10534,324.48645,-53.59222
-15.696665,248.08572,34.31032
-8.645021,146.95988,17.762646
67.95313,105.6618,-88.98761
144.06148,133.56102,-203.95311
154.0095,189.81107,-240.73755
56.419785,221.7843,-189.69955
-140.47896,180.6857,-123.90354
-372.52695,43.48637,-105.81669
-549.72473,-143.17186,-95.29084
-605.5817,-255.76013,16.565111
-525.9511,-180.72989,263.67978
-337.82895,61.712254,517.5775
-81.220535,297.0458,577.7374
199.53754,334.76166,355.85876
441.65378,145.18445,-40.806534
561.10785,-104.813484,-400.173
489.3642,-199.58911,-555.9758
232.45491,-63.7354,-462.8457
-101.07487,184.17592,-185.53937
-345.12134,348.6671,136.83255
-378.92114,321.01984,340.08948
-214.26237,142.52411,320.3403
10.684338,-63.60662,113.45219
136.4452,-200.26556,-123.29457
98.64699,-243.89752,-237.9423
-47.838257,-220.5018,-202.21663
-208.844,-169.44157,-104.99924
-341.05252,-130.6663,-40.73284
-458.76694,-132.4956,-17.771759
-567.82324,-162.84569,28.541582
-619.1687,-163.16188,150.81946
-542.20856,-82.81036,325.88873
-320.8762,52.890987,468.24823
-30.137362,153.2329,500.70795
203.17989,157.96176,417.2236
278.75885,108.60325,285.0259
179.23825,104.40678,186.65782
-26.667883,192.34642,153.82372
-224.8381,316.80765,149.95454
-312.43585,373.93442,113.31683
-246.21024,299.9002,20.083836
-64.387596,113.88965,-88.17765
132.51369,-95.7498,-137.93115
241.75414,-221.13322,-92.21014
225.3938,-205.31757,6.8504896
128.48734,-96.12687,67.43123
26.192282,-19.73837,28.64081
-48.884293,-68.917175,-86.51875
-118.810425,-208.94247,-201.23405
-199.36707,-308.76373,-262.38556
-246.8946,-268.76398,-278.25922
-190.94421,-107.171425,-283.5988
-23.401133,74.05489,-287.52048
163.84946,184.35896,-266.58902
246.21335,201.27579,-193.90292
170.85464,162.52765,-56.266174
-7.3857718,125.737854,146.88948
-181.18597,121.26232,390.3426
-267.84998,120.86732,600.4582
-242.48288,63.24625,678.54205
-128.85867,-61.286564,585.4548
17.653475,-157.92159,403.53415
127.80982,-102.11418,280.71344
151.95384,110.47375,289.1076
98.4955,318.87775,349.70065
35.32993,342.49014,319.6134
35.94398,170.64494,153.23398
114.29139,-25.400375,-45.133186
214.29823,-80.78838,-137.85364
265.2945,-12.588,-103.68068
243.86554,14.381476,-49.51152
179.12938,-115.66801,-79.71653
105.260544,-335.44006,-181.46391
22.582403,-464.96542,-252.33762
-87.057434,-398.50253,-223.72911
-210.38136,-205.93361,-134.04817
-279.64642,-54.61675,-80.75962
-215.12622,-48.43976,-116.120026
-7.8164997,-148.82967,-192.20155
232.72581,-236.30359,-193.82857
329.43442,-225.95808,-23.442165
172.28119,-121.267494,319.53723
-171.094,16.728882,712.30145
-484.15863,121.77768,963.09296
-569.18616,146.61847,929.0725
-409.54947,72.669106,618.66437
-169.70287,-71.11853,188.71893
-31.130917,-204.60023,-171.93431
-29.329624,-245.6136,-374.25073
-52.018684,-185.6381,-461.06537
13.241138,-108.07209,-523.1812
144.89328,-109.93253,-593.9376
204.50345,-198.00702,-624.68274
82.28742,-271.79584,-550.19415
-177.63759,-218.8782,-365.7177
-396.08115,-28.945763,-141.7364
-405.63446,186.64944,25.110104
-189.01694,287.67084,73.949844
117.94546,223.63074,12.474658
353.517,75.37473,-87.86363
455.70728,-13.391976,-129.63419
466.48828,40.360764,-52.15764
435.58948,179.58908,112.69872
354.91306,244.05978,246.22722
202.22067,106.290436,231.01804
23.23365,-204.16888,58.740795
-74.257416,-506.77057,-147.10905
-27.690115,-614.04016,-228.93513
96.61338,-484.96713,-126.88446
153.4866,-243.61362,81.192764
59.181843,-53.527878,263.75647
-126.76453,19.167501,348.58624
-261.2692,26.131765,349.78665
-250.60416,47.445152,299.59366
-123.00159,102.784225,183.4686
15.142276,143.58301,-37.093464
78.32855,108.69972,-345.01047
59.615788,-19.679945,-637.7705
9.6425,-195.41092,-796.2011
-24.36197,-324.4791,-780.9178
-37.991066,-313.2313,-652.15717
-58.709366,-133.33138,-500.6055
-103.5225,141.68506,-374.8383
-148.87209,373.39526,-276.42148
-143.69193,453.0792,-200.35573
-57.361813,374.30045,-154.039
80.645134,220.34949,-137.1183
190.30508,88.42524,-124.47016
197.429,26.661503,-85.063515
89.05077,27.205614,-16.577366
-80.75036,54.084126,45.76681
-235.95813,69.02364,58.518055
-329.32306,48.16862,11.070308
-354.9595,-4.095948,-59.686905
-323.69232,-55.396442,-98.72831
-239.33463,-70.93312,-83.69975
-105.93188,-41.869896,-46.287212
45.238155,19.009312,-35.567226
148.4317,106.99965,-59.62761
139.235,231.62724,-74.56733
9.7743025,381.76956,-37.13433
-170.0409,500.83936,43.32687
-295.37888,523.3951,118.67007
-303.67578,441.96048,161.46664
-219.03853,321.36493,192.38287
-123.97563,238.15582,243.14954
-86.018776,216.36374,306.79797
-106.778595,229.33107,338.75916
-135.41917,247.72159,305.45142
-126.819244,264.4284,221.52817
-87.05612,276.70023,134.34653
-65.74338,268.476,74.58367
-106.066376,223.08958,28.361614
-202.33798,144.2361,-35.44603
-306.0334,56.384193,-109.805374
-371.06042,-7.9844584,-133.51714
-388.25342,-16.158003,-47.933086
-375.52002,54.795425,127.53723
-346.41037,194.35364,292.7773
-303.3832,342.5703,352.84137
-258.94733,414.9759,300.27426
-239.70973,360.1492,203.38292
-251.34735,200.24837,124.87156
-249.90799,19.865362,71.60401
-173.89778,-83.88273,17.785786
-14.970681,-55.632233,-53.736916
155.81102,84.28405,-145.24477
243.45792,243.22415,-250.10822
206.69604,307.49576,-333.91962
78.040695,220.90059,-322.26627
-76.40736,32.14783,-150.23438
-196.40561,-136.42934,155.198
-233.67227,-180.0567,461.77863
-154.60277,-88.442444,626.84686
31.487127,52.442806,609.1751
247.47404,130.89224,481.98947
377.25812,95.04089,346.3974
343.74707,-12.286149,249.07324
168.07307,-96.82172,179.68602
-48.107666,-98.409,119.70643
-201.0085,-42.279922,70.30656
-250.77455,-8.030046,35.686367
-220.87088,-49.580444,-2.8109858
-146.2327,-147.28452,-84.48235
-33.082245,-231.85236,-239.10434
127.46459,-242.66013,-455.6642
313.82956,-163.65742,-674.78815
456.42136,-24.648956,-811.56335
478.8977,111.58509,-796.1418
363.03137,170.31912,-609.15497
170.73491,101.6014,-293.214
-3.4437184,-83.13445,64.69115
-104.747665,-309.88684,372.5906
-143.92969,-483.46213,576.76746
-154.53978,-536.1703,681.35706
-136.78526,-451.01868,724.66943
-59.574516,-262.50934,729.82745
78.615395,-48.624386,681.1835
210.42108,94.10415,555.4288
248.20604,101.36147,368.75125
179.21083,-10.88173,175.88448
92.791275,-150.49101,19.490461
91.64195,-216.00557,-100.85246
177.93333,-175.35406,-197.26198
245.16083,-90.81906,-250.15636
189.16133,-69.83882,-225.55722
16.43945,-180.11758,-135.46538
-163.71883,-393.3786,-50.09468
-243.97597,-601.1076,-29.686922
-206.28099,-691.5177,-58.445347
-115.72985,-626.5811,-68.36114
-47.327477,-457.22925,-23.748104
-22.696335,-271.95737,40.77891
-5.3985257,-133.49103,71.24157
52.265896,-56.605206,63.12796
155.6396,-26.91722,64.80369
256.1331,-24.756933,121.67932
296.3565,-34.26019,232.05719
270.8062,-45.627697,355.55362
237.25185,-55.52049,449.83557
260.6248,-57.282345,493.5609
345.59317,-27.855963,484.3567
429.27075,58.74798,428.27426
440.92462,185.3661,335.11328
366.49854,266.30502,218.88979
257.40573,202.95702,96.74348
182.71281,-7.211603,-14.6098585
172.69157,-226.37064,-100.19919
200.5175,-276.39337,-145.88203
212.31943,-106.89968,-143.51625
176.7261,143.6876,-104.52956
109.82152,273.4255,-64.724525
54.150616,206.42302,-61.709206
36.009388,48.55497,-99.79332
46.8579,-42.33938,-144.8105
63.822533,-20.544817,-162.36407
77.73659,24.678778,-154.69287
95.47902,-9.780567,-148.48967
124.10114,-128.84274,-153.10152
164.25497,-252.47455,-150.6732
213.91173,-311.2515,-129.69765
262.39856,-303.42465,-104.83129
280.61957,-268.65033,-88.572014
239.95717,-238.1691,-63.35793
158.32124,-222.59825,-10.744769
114.291245,-225.15546,37.90676
186.13927,-238.44858,17.1608
365.0426,-228.07149,-86.42055
541.5849,-142.79877,-185.65967
592.0205,40.74545,-161.85234
478.75323,282.35577,12.936687
267.82697,490.31058,237.30113
62.89367,569.98285,367.97205
-66.12171,471.6814,337.90533
-104.07645,218.23424,193.13493
-73.94649,-92.305565,37.044724
-16.416224,-322.83548,-46.961983
27.141493,-375.9527,-34.493687
34.7435,-266.31903,45.05119
16.720955,-109.55694,137.25012
4.8327327,-17.47864,196.5766
23.68274,2.8818686,208.7169
70.479996,38.072357,186.83655
119.33326,156.95467,146.78703
142.75337,325.66663,88.53042
131.76053,441.91943,4.713706
99.107475,442.53265,-95.491325
61.53592,362.45972,-179.092
16.616365,290.58118,-212.1566
-56.745953,281.03964,-191.42682
-165.04443,309.97714,-151.0769
-269.88953,307.22888,-134.32559
-307.70523,224.60312,-154.12704
-252.1985,82.805855,-179.98239
-151.77701,-39.38484,-166.49411
-91.52717,-68.37714,-100.0881
-113.97331,-1.503909,-17.912382
-181.53954,86.46242,25.898687
-216.3547,108.13946,17.787718
-170.6172,39.330063,3.924176
-59.08259,-67.34812,41.621544
64.90573,-137.01382,129.80853
155.23505,-133.98521,198.531
199.45961,-77.711205,176.2487
212.4583,-18.75999,60.945026
212.31468,-7.4317727,-87.05885
204.18474,-67.92189,-217.41281
185.89076,-178.85347,-333.97617
162.02238,-277.21335,-459.47488
140.70969,-300.30334,-577.1434
111.94855,-236.19127,-632.57074
41.301365,-127.30629,-590.33923
-96.54262,-19.938595,-465.44
-273.64948,77.99942,-293.4686
-410.59607,178.81749,-93.99127
-434.19815,270.36722,118.43186
-334.89627,319.06284,304.6462
-167.65793,322.97723,413.94916
-5.5408754,332.30017,431.4281
101.29714,388.6361,391.95044
134.58362,453.801,339.26883
102.93073,432.8773,287.61374
39.133476,280.45874,231.9973
-13.66453,62.664005,175.06355
-35.535065,-104.38948,120.63275
-52.08814,-163.38391,50.918293
-107.95458,-142.0279,-60.980637
-209.02736,-85.21512,-210.95474
-301.28015,-2.5762746,-357.98557
-322.2605,102.28108,-466.4813
-273.61823,187.9236,-532.5912
-227.25415,204.88281,-552.85504
-247.54198,165.46448,-490.252
-311.79755,142.5163,-308.25513
-322.3079,179.66934,-39.324287
-207.25456,230.74757,215.9399
-9.239422,219.75334,380.04443
133.876,148.48888,471.2739
106.89132,104.65822,559.28864
-72.27293,151.04654,654.5032
-254.21048,237.8685,673.8574
-278.97235,256.11646,535.7441
-115.5646,169.56467,277.1144
104.91334,62.937565,52.34313
199.1836,48.501717,2.511828
90.773384,142.61255,124.34371
-126.83431,250.0056,269.80737
-279.48285,263.0473,277.47247
-264.32306,163.66925,110.722824
-121.112625,31.2343,-123.85184
28.154415,-36.030693,-285.5598
91.620605,-5.4901347,-321.61215
62.74001,69.64668,-282.64163
-9.478297,104.0123,-229.60553
-79.635864,58.787838,-146.10593
-134.63815,-24.91902,40.323696
-180.80066,-72.24692,350.5738
-215.7611,-57.858414,684.23
-216.37538,-37.00731,875.15204
-157.37334,-81.54784,824.7753
-45.853706,-184.0706,581.32086
68.36254,-241.0984,290.27664
130.39084,-148.38315,74.12095
132.52591,84.430504,-38.418804
118.13071,322.96713,-82.95302
127.01054,419.2958,-91.95875
149.71185,336.83453,-74.92687
150.80699,170.2041,-49.527447
127.67913,52.23121,-54.855373
119.12312,47.396408,-111.54774
146.5965,125.31837,-181.42172
168.61395,213.09634,-192.77628
117.11714,254.99187,-112.68731
-22.82548,228.10811,17.81689
-185.11176,127.77374,123.540405
-275.8174,-37.958805,156.09174
-245.31339,-236.85753,112.18852
-114.822624,-410.46588,17.814213
43.298786,-499.78247,-77.29398
142.72939,-483.41083,-100.351654
129.69771,-396.5234,4.218511
30.467098,-312.63608,206.61957
-45.046864,-295.99197,380.43488
19.498568,-353.44443,393.4462
238.37944,-422.1111,221.19914
495.59348,-411.32144,-37.246643
638.52386,-274.92325,-252.29338
598.19275,-56.164043,-356.115
411.73187,137.02216,-348.40814
145.45334,209.32887,-250.48036
-168.06235,144.78142,-89.527756
-505.91168,10.743957,80.04773
-800.22687,-99.44937,179.88829
-947.1124,-137.47589,157.30457
-879.71893,-129.41118,25.245222
-622.1204,-140.63391,-157.12746
-273.39508,-205.91933,-334.68243
46.891647,-289.38538,-476.49924
244.94667,-316.2955,-559.4532
284.3146,-246.20726,-560.03815
204.29274,-109.04412,-473.22394
98.96055,33.612267,-324.46204
47.64272,150.99057,-148.86035
55.190056,252.55475,34.526436
72.75437,340.97723,214.63536
77.77726,381.1664,360.94766
109.07394,333.42557,425.98932
205.27739,208.32262,386.37146
325.7663,69.17652,271.79044
365.476,-23.676292,141.75923
258.08646,-60.846745,37.160503
47.969692,-76.37885,-36.711212
-151.75165,-109.16297,-85.8189
-261.8527,-181.54355,-105.60649
-285.527,-300.04572,-93.0725
-264.97766,-450.60007,-70.56441
-214.36769,-586.4121,-82.156555
-107.93718,-639.7512,-159.74075
73.972435,-567.5289,-290.78497
299.1582,-391.09705,-415.04364
484.9577,-187.17548,-453.6744
544.36237,-38.09872,-357.7532
442.19223,11.927953,-149.40211
224.76154,-34.07167,80.494026
0.9554574,-141.10031,229.37155
-121.07577,-262.31726,250.09929
-103.14244,-358.03342,163.47882
1.397158,-408.57214,12.510845
94.78363,-409.5423,-173.68626
110.96297,-354.65546,-361.85107
53.699623,-237.1535,-491.00174
-30.220022,-84.640816,-511.69162
-104.97904,15.337779,-455.5838
-170.72594,-39.94525,-426.05304
-244.28085,-265.19156,-484.6084
-326.21823,-528.9329,-558.9676
-388.4883,-628.6714,-499.9713
-389.48224,-454.85196,-239.24873
-303.03708,-90.99132,129.46805
-143.5516,253.75946,433.21774
31.343365,418.37564,564.30725
151.82982,403.93552,534.1228
184.00119,329.155,414.92303
151.28352,292.27972,269.2306
102.95911,287.80014,136.2358
61.691856,249.6969,44.929436
11.368561,151.61972,5.337574
-60.52329,45.181362,-6.9013896
-123.41138,2.1180668,-31.342154
-125.442764,35.382725,-82.62128
-56.559227,86.0357,-146.18977
25.591232,81.06053,-219.92125
44.851254,-2.2165875,-336.75467
-21.772146,-119.12139,-516.8173
-129.3624,-189.33841,-697.94
-218.8104,-148.96173,-747.8616
-274.72266,5.2236643,-578.2613
-327.0488,204.61435,-247.56775
-403.52142,346.51883,71.24172
-488.38998,360.41196,236.57312
-528.386,248.56374,244.25262
-478.64545,68.40576,186.88678
-347.6051,-113.641174,131.08356
-200.75467,-245.71689,60.751434
-114.51547,-288.721,-63.99653
-115.36337,-226.8261,-224.54422
-159.68494,-93.32818,-339.24472
-176.29942,36.77426,-329.92117
-129.9502,106.79328,-182.239
-41.98889,128.52364,44.16163
43.767036,155.08406,245.0212
98.91412,208.20192,322.87308
108.98719,257.1238,246.8501
54.78248,273.19843,81.172066
-75.170006,272.18845,-61.19395
-246.48248,274.51266,-114.87801
-375.5482,243.54774,-113.83872
-389.2685,110.97543,-140.51027
-291.4434,-119.83697,-229.59904
-157.87062,-327.37262,-332.90744
-60.894405,-366.5301,-373.48337
-6.6045084,-214.5914,-317.6388
48.97062,-5.7671566,-191.60103
131.34213,88.16872,-45.223385
208.62267,9.521614,86.84596
222.3164,-145.22852,195.26509
148.13516,-220.18205,283.0778
21.983086,-134.67845,347.84366
-87.57631,52.41409,373.2903
-125.25906,191.89162,339.53598
-74.34157,166.80852,247.27995
42.93121,-5.382839,133.87497
172.32841,-178.0094,61.64973
238.56415,-194.2225,83.957855
175.35477,-23.392483,212.0705
-25.067787,207.8439,399.15912
-279.99835,320.2788,546.52246
-446.7723,227.37207,538.4177
-412.6492,-5.0418167,305.9149
-178.62506,-221.62103,-110.23358
135.45723,-292.0915,-552.67535
372.7378,-183.86676,-824.9686
441.28275,40.858353,-811.7475
357.06464,274.40796,-552.30005
206.67075,418.4361,-207.13803
74.856026,424.5135,57.095947
-2.1830642,313.3162,171.45018
-32.669113,162.45323,176.65216
-33.812737,59.389576,146.89369
-3.7599986,42.394783,108.6589
72.071976,74.218185,34.550144
185.1464,77.253365,-93.05711
276.9427,7.0801053,-230.89212
264.22012,-101.048615,-301.90698
114.02419,-162.21732,-273.83636
-98.24289,-126.28905,-199.75894
-221.82913,-33.311424,-170.15686
-147.20084,24.280252,-222.05495
96.474594,2.0192497,-297.81445
360.6662,-40.285107,-295.98285
497.77582,2.2129107,-165.33142
467.18555,157.25327,46.443027
337.0053,323.53867,231.67801
203.92195,357.72913,309.70587
121.60307,218.16226,282.6888
91.19956,12.813832,216.17238
92.96388,-104.365814,171.15259
113.16865,-82.73518,154.42891
148.08621,-15.118316,129.91138
194.22537,-31.175762,71.75283
238.20653,-159.65784,-0.22093873
256.1521,-301.24664,-41.48465
227.52686,-331.79437,-34.91023
153.86853,-221.38908,-9.59126
61.30108,-48.781113,0.11115659
-18.952858,88.31612,2.5332863
-69.06139,156.8624,32.315742
-80.7694,179.12518,81.33776
-43.9061,165.34679,73.720474
42.87186,91.20596,-58.961323
146.28964,-48.516006,-280.06244
202.67958,-192.41524,-454.42563
169.92207,-252.52936,-466.21317
77.379425,-204.13007,-316.81763
9.940694,-112.73837,-101.211395
32.029144,-62.52015,85.454926
128.56868,-75.21706,195.66261
223.61165,-111.892685,213.62361
253.6565,-134.09036,148.51434
219.70387,-133.3485,57.832947
172.46292,-105.0441,32.225853
155.1485,-32.26314,113.495255
163.7379,77.718155,236.77678
159.55879,157.10045,288.01932
115.572205,113.36907,222.60562
46.00945,-81.97534,103.74096
-11.859126,-347.52234,20.251633
-41.892612,-543.87933,-7.0604987
-66.03878,-575.0213,-24.28785
-112.08236,-448.22867,-73.48845
-171.78864,-252.68898,-147.59256
-203.67424,-88.33916,-205.72379
-179.02579,-2.0114574,-207.20813
-114.771,30.476963,-130.34589
-55.606003,69.899315,15.247121
-32.88561,153.01344,177.45905
-49.26696,253.96071,274.70547
-92.991104,303.8646,243.17198
-147.21693,254.88866,84.46156
-183.16243,130.4399,-129.15099
-165.62636,14.350524,-296.02594
-84.99746,-9.671618,-341.63724
20.643282,85.54832,-257.07953
93.845146,258.14658,-100.62051
115.71823,425.71423,41.364338
126.35291,510.75717,113.2335
178.00539,483.59158,124.71319
271.11005,383.26422,130.59335
346.4158,293.27597,175.48473
343.7761,274.7557,257.50153
263.42358,309.96756,340.03552
164.05098,317.7621,388.4938
102.41944,234.18529,391.47516
81.061966,75.70329,355.03946
57.118923,-81.85354,288.8986
-4.153886,-179.93321,200.20158
-92.41011,-222.68805,91.5504
-165.47168,-251.28526,-41.775337
-187.44,-289.93304,-206.35469
-149.56801,-322.9049,-388.76865
-67.488106,-311.9932,-534.6449
24.399866,-225.58925,-562.40155
78.65992,-58.796127,-418.3316
58.8777,157.64117,-129.13167
-24.521046,361.53738,202.64183
-109.86927,479.79532,460.98056
-132.53325,458.80734,579.13586
-79.83302,293.65054,554.9443
10.4035225,47.914288,432.01984
100.50028,-153.06429,284.37585
180.34354,-180.76529,201.61717
235.05728,-0.767059,245.16373
208.75365,273.14194,393.58347
36.95019,448.4869,547.6577
-270.6738,410.476,618.15375
-595.3537,216.02655,609.0697
-779.0246,25.137178,593.15967
-739.77106,-55.311634,603.9633
-523.6537,-47.993454,581.3733
-253.97224,-38.319397,445.44922
-40.634407,-64.94424,206.51434
67.86115,-93.228264,-31.362501
73.4905,-78.38729,-180.6793
2.7388291,-28.012856,-256.46173
-101.95718,1.3088039,-332.0906
-189.16933,-42.10853,-423.0384
-226.52258,-152.6713,-444.0974
-227.29054,-254.91194,-296.52966
-230.00996,-245.45543,8.7391205
-237.54575,-73.83089,325.30914
-189.85551,196.38484,473.85504
-23.700096,413.77563,378.41235
234.33798,452.07193,116.85822
455.1753,315.80322,-148.07353
508.391,136.02258,-287.09708
377.05008,55.526558,-275.091
166.00197,110.049866,-176.9279
4.1563425,210.5753,-84.44247
-48.661194,230.58853,-59.00328
-8.31526,110.03349,-104.074005
84.31477,-110.815865,-167.47469
195.08344,-337.28558,-173.48512
289.14813,-487.90256,-78.84847
326.10532,-527.96936,81.37653
286.5948,-466.73148,203.34135
204.30191,-348.3325,184.46738
157.86731,-243.23721,2.4159756
213.27884,-215.58728,-258.03
358.3168,-267.15295,-447.0833
491.4504,-315.46106,-433.55814
495.5356,-257.3825,-188.69499
350.78906,-76.25713,173.87964
180.97395,120.53477,444.96988
161.63863,189.29497,454.87662
350.21783,84.8453,212.50685
599.55,-90.129196,-79.15281
659.1319,-167.95944,-173.85312
388.18082,-54.32837,17.287128
-112.42273,191.97523,355.65247
-569.5046,394.50632,597.95636
-744.20984,384.59363,591.79767
-600.21985,133.14699,368.4522
-307.14722,-211.0788,74.9152
-93.18804,-424.43378,-162.80334
-70.64222,-385.20538,-319.06073
-167.99455,-173.06404,-446.04837
-216.19553,6.3530173,-594.03827
-112.438934,6.3555717,-744.82745
83.5619,-138.43677,-805.45105
208.07005,-258.9866,-670.4955
149.26335,-210.11275,-314.9184
-49.61278,9.435703,157.2865
-233.55061,268.04358,563.70105
-273.22903,412.38467,763.1557
-163.24208,377.58588,741.0724
-4.895533,218.29565,586.15674
87.12838,52.68416,393.71088
64.5535,-30.569225,197.31142
-36.314713,-34.507298,-18.436953
-125.62013,-41.888336,-264.88568
-111.70008,-138.78683,-520.17267
42.443478,-335.01852,-734.0854
279.1921,-549.9823,-838.2655
462.4171,-678.5287,-757.11273
468.46313,-677.2925,-443.28024
298.13867,-591.9988,67.469536
103.97222,-506.95212,637.62476
78.848434,-474.58395,1090.0088
283.15622,-489.8024,1317.5653
565.5085,-512.82446,1349.542
660.98914,-500.8093,1311.3809
391.95093,-429.85895,1304.3188
-192.33777,-318.82248,1299.4165
-839.6863,-243.63983,1136.853
-1249.4464,-299.36755,647.9377
-1242.5405,-509.96033,-180.42667
-848.85345,-772.54364,-1131.0787
-279.0526,-921.1635,-1853.3727
194.52354,-868.4046,-2079.5376
386.0437,-680.1289,-1801.3989
293.94415,-504.5994,-1271.0378
87.1357,-440.32718,-827.3224
-17.68555,-480.1445,-680.0127
91.75677,-554.5081,-799.721
349.7881,-584.3793,-973.23737
572.62115,-491.703,-972.14856
603.1931,-218.44034,-716.91693
423.8842,205.95164,-325.1938
150.33104,623.69574,-11.910634
-74.15377,834.4956,79.00732
-182.19363,763.87415,-27.096027
-202.7394,539.09985,-182.8415
-207.78,377.35083,-251.08716
-254.11966,400.4984,-192.62923
-364.87833,566.3,-49.65164
-538.0718,757.0162,116.53671
-752.1995,894.2895,250.53418
-965.0776,961.79816,288.9183
-1121.81,960.53754,168.5157
-1176.0463,889.12177,-121.67491
-1110.1306,769.86926,-500.92184
-940.1667,662.8459,-828.1985
-705.11176,632.5271,-986.8337
-447.76694,701.1657,-947.8361
-197.1161,838.04156,-763.15533
40.10002,992.32635,-506.69925
275.59814,1142.0201,-215.97107
526.6862,1323.4584,125.29694
799.1219,1609.8988,554.0804
1070.6354,2034.3077,1064.9801
1285.7241,2509.9065,1561.3647
1374.2628,2835.852,1866.7524
1287.422,2815.6284,1806.1967
1017.6082,2400.932,1312.484
577.3556,1733.582,485.67773
-36.49299,1048.7115,-437.27606
-833.5601,526.7972,-1186.1484
-1760.3542,211.08153,-1571.7262
-2640.8132,31.553988,-1547.4587
-3216.857,-108.99385,-1196.3682
-3287.8335,-257.17764,-671.15295
-2836.735,-384.44824,-133.17589
-2027.734,-421.20035,288.00784
-1077.2786,-322.05945,521.8104
-117.95871,-119.198685,572.8623
830.66956,70.01956,506.87238
1785.0343,88.034676,398.73938
2712.4888,-184.45174,283.01028
3518.1465,-754.0354,161.30458
4086.9204,-1490.0393,60.793297
4311.879,-2178.1575,66.282974
4089.6033,-2628.9285,265.80176
3336.3364,-2768.991,650.92004
2063.3833,-2654.0442,1078.8862
453.67514,-2410.9429,1349.5275
-1167.1226,-2169.3167,1335.8085
-2485.8738,-2026.8531,1059.7666
-3366.2913,-2041.2434,664.22217
-3876.8452,-2224.2576,317.99356
-4163.14,-2536.9402,126.06574
-4292.822,-2899.3982,93.30169
-4213.153,-3211.1726,152.19841
-3836.956,-3363.2317,231.47992
-3152.2778,-3239.6555,314.95074
-2250.205,-2732.4207,439.6925
-1260.5779,-1787.4672,630.37195
-268.88287,-466.63403,831.809
709.2591,1017.5582,915.01324
1678.2911,2336.8054,765.59753
2582.757,3164.1262,379.3523
3268.4482,3330.638,-123.75978
3532.203,2924.532,-582.2232
3244.3914,2240.8938,-899.8448
2464.1455,1595.7019,-1088.1848
1458.3779,1147.6766,-1221.39
601.1522,880.3253,-1358.9906
217.34915,739.1406,-1507.8076
463.87088,753.1883,-1639.1937
1293.8616,995.8899,-1719.302
2486.8372,1440.2787,-1713.2471
3713.2534,1899.6859,-1575.3163
4624.0117,2145.594,-1262.3586
4957.3833,2082.5276,-771.0613
4625.5903,1796.216,-157.02872
3730.241,1442.4293,489.02383
2495.272,1112.609,1078.0875
1163.3203,806.7982,1532.987
-83.24956,505.76154,1781.9124
-1149.895,240.94414,1775.1299
-2017.2941,91.355835,1523.3512
-2708.3337,118.21477,1107.299
-3248.0977,296.21384,633.7455
-3634.0364,500.79593,181.79161
-3839.1917,575.1838,-207.7542
-3853.5483,436.11032,-510.4113
-3730.6611,127.719864,-711.9811
-3587.13,-232.87115,-824.95447
-3532.1155,-568.57355,-885.7132
-3567.3699,-900.3566,-917.44006
-3541.5798,-1296.2036,-902.1846
-3219.4272,-1771.0991,-799.9189
-2439.6262,-2236.8845,-589.2041
-1250.7019,-2538.8967,-280.8088
90.813576,-2542.3115,96.59033
1273.6184,-2211.0715,502.5772
2117.9858,-1637.2733,879.46094
2638.0935,-999.77484,1172.5186
2931.441,-468.31488,1382.2944
3011.9675,-117.868004,1587.0751
2763.601,78.60832,1877.4845
2073.896,179.72726,2242.0234
1020.39514,202.43716,2520.7834
-85.56685,114.36402,2497.5217
-864.9523,-115.89531,2063.336
-1112.8757,-471.46588,1303.8468
-907.94904,-884.1887,430.0135
-506.88272,-1266.7533,-375.28522
-138.82098,-1549.0553,-1047.9326
114.16446,-1699.2241,-1605.7504
275.7176,-1724.1904,-2060.9717
362.80533,-1650.9808,-2393.6667
337.7134,-1498.3468,-2594.235
158.51378,-1259.2659,-2685.9124
-153.75162,-912.77014,-2678.0913
-513.18463,-460.28476,-2517.117
-819.1735,46.4142,-2124.34
-985.0799,519.8506,-1501.3665
-918.8449,889.36554,-785.3119
-511.60806,1140.7904,-182.81313
305.4959,1298.1427,158.16109
1460.8757,1368.7285,224.02512
2694.439,1325.1613,113.071526
3631.8416,1158.1024,-38.655857
3953.461,937.89996,-121.10312
3555.219,796.16766,-86.12507
2602.6743,829.0644,35.859653
1448.1447,1024.7771,145.87679
461.37784,1296.4598,129.91762
-129.96768,1580.0039,-60.975166
-308.71307,1883.6544,-363.39062
-228.06737,2238.4192,-633.4194
-107.7359,2613.2402,-733.4046
-124.68904,2893.317,-598.63434
-333.33087,2947.2083,-242.77411
-637.246,2718.5671,264.42203
-841.2869,2260.8113,800.6977
-787.43787,1690.9363,1194.7114
-500.1161,1109.2727,1285.6936
-215.20897,554.94684,1031.878
-237.12416,28.665316,573.0286
-723.1765,-449.5796,169.57553
-1573.4197,-814.51624,52.711586
-2509.1648,-998.18304,293.57712
-3253.7114,-1003.94196,769.37177
-3664.9822,-926.1033,1236.2607
-3754.674,-870.50665,1474.8436
-3633.9111,-843.5802,1431.8796
-3438.849,-742.37787,1247.0701
-3251.5151,-490.74048,1114.2948
-3036.9836,-188.90312,1090.4209
-2654.379,-86.06377,1049.7621
-1969.5294,-360.6664,836.5359
-993.7711,-926.7506,438.06876
79.70133,-1485.5519,-14.497865
986.3793,-1778.7997,-386.22998
1554.4025,-1780.038,-627.50104
1788.3717,-1647.7704,-732.63495
1825.3284,-1537.8152,-684.5479
1818.511,-1491.4045,-491.2201
1835.7505,-1470.5806,-244.00664
1831.9368,-1433.6442,-75.08268
1710.4854,-1351.6016,-42.98734
1432.2898,-1192.031,-91.93618
1081.1327,-936.7337,-133.51978
816.0633,-621.84106,-137.22847
748.4528,-336.10907,-122.66306
866.4113,-162.90506,-92.705765
1078.4946,-121.95262,-13.745673
1313.231,-163.4278,137.90192
1559.561,-208.44496,335.74588
1824.0386,-192.82764,515.59595
2081.851,-83.898384,611.43915
2280.9036,125.04422,575.6005
2372.2031,417.5039,389.25467
2319.4436,742.4808,81.25744
2096.0635,1013.21735,-261.74924
1700.857,1148.873,-525.1979
1177.0317,1142.4147,-629.69775
595.7221,1081.9009,-579.60876
18.095934,1079.2692,-456.90967
-506.12704,1163.3033,-365.09174
-900.07227,1246.8345,-363.29526
-1058.7781,1202.9215,-432.32956
-934.14246,968.451,-490.81903
-628.01556,578.77203,-450.832
-365.75342,127.863174,-281.07098
-338.75903,-282.27032,-39.517635
-555.553,-565.74225,148.77324
-842.08105,-669.74426,161.0339
-984.80994,-602.49365,-47.941452
-886.14655,-446.20575,-413.19788
-617.26227,-318.8932,-787.5863
-354.18195,-296.68933,-1006.5037
-257.237,-360.4903,-954.0607
-369.46234,-424.49426,-614.33734
-594.13654,-433.00058,-98.58526
-770.4017,-435.14008,380.0177
-795.1732,-549.3306,607.4296
-691.2951,-834.2829,500.87567
-564.7591,-1195.832,160.62433
-501.57483,-1440.2709,-225.26636
-508.74127,-1429.7827,-543.45856
-541.0004,-1177.9176,-820.4351
-557.98865,-794.675,-1126.0928
-543.2032,-369.1078,-1437.9757
-484.926,65.24129,-1633.8566
-366.11432,469.61417,-1619.8221
-182.39018,765.85516,-1431.4196
38.86533,900.2811,-1183.1265
245.36913,920.0062,-937.9487
388.88797,941.44653,-667.9326
456.9223,1031.947,-349.43707
489.41397,1146.3759,-54.652218
562.06494,1194.6309,94.903625
729.78876,1154.915,64.74368
965.8753,1102.6382,-33.419983
1161.6721,1136.9227,-33.148647
1207.8663,1295.0715,146.33464
1090.4391,1527.0792,451.00815
907.8794,1720.971,755.4499
793.0563,1745.2274,952.9694
815.11066,1504.943,1002.31586
941.3271,1007.7212,932.12415
1069.4927,393.17767,825.7236
1088.6986,-122.15656,786.0085
930.07135,-362.07758,880.3627
590.5792,-283.9354,1094.731
122.825134,15.894277,1332.0721
-402.94327,370.82635,1459.035
-935.79956,629.67065,1374.0728
-1450.6824,715.6294,1063.6241
-1928.7997,642.30096,617.98126
-2343.3071,482.55133,191.3555
-2665.9922,303.41507,-77.30165
-2877.5217,110.21477,-133.01924
-2961.352,-150.57388,-19.842775
-2889.4722,-524.79974,156.70073
-2624.6885,-977.5579,287.64307
-2148.3342,-1386.123,313.36914
-1494.6002,-1617.3535,255.03937
-760.08673,-1628.6777,201.72026
-69.84067,-1500.4701,244.38913
484.5852,-1361.8755,401.45303
886.62054,-1271.6404,609.008
1175.8049,-1165.5182,789.7303
1387.5245,-923.6847,922.22723
1518.9501,-495.78918,1028.9261
1558.1511,35.283222,1101.8359
1531.0872,510.11716,1066.9745
1495.3486,816.54803,845.1726
1482.0109,969.7643,450.62317
1462.38,1079.3882,16.644047
1388.931,1231.6575,-292.1366
1264.5365,1390.4585,-407.078
1158.6356,1412.4244,-404.69556
1154.0001,1172.5095,-430.6344
1280.3315,686.56555,-570.27203
1486.9036,112.68312,-788.1323
1657.8213,-365.32422,-983.77167
1653.4786,-650.79156,-1089.1458
1370.0408,-745.3015,-1101.1366
797.98553,-687.9588,-1037.1416
37.720448,-517.58057,-896.4496
-751.0458,-284.8003,-682.4178
-1429.8802,-57.78971,-439.27542
-1927.9574,113.05168,-233.3873
-2232.1045,228.77887,-94.35557
-2354.183,324.65054,4.670756
-2311.1445,422.41577,101.49042
-2118.1956,509.51285,197.82994
-1785.6355,559.5519,269.2206
-1328.259,559.0085,304.19287
-791.4648,512.868,308.25885
-263.31158,434.00342,269.23517
162.54567,327.51758,144.5483
452.48886,176.7031,-93.78417
656.98285,-52.36349,-398.31012
855.983,-372.9048,-639.80084
1075.6423,-731.6273,-673.9907
1260.8195,-1010.4659,-429.91254
1326.4397,-1093.3494,49.342503
1229.3511,-944.7826,637.4319
994.3028,-633.4479,1189.9952
687.90247,-290.96368,1588.6501
381.4323,-46.339977,1747.9773
131.89813,27.757206,1618.1122
-24.205471,-56.49328,1208.8547
-78.44746,-209.99518,608.9002
-57.021244,-317.2715,-43.39936
-15.73709,-303.10638,-626.3353
-21.606663,-165.38644,-1073.7734
-126.60679,46.20491,-1355.346
-339.08624,273.1555,-1445.8914
-603.9763,470.20676,-1341.3917
-813.12585,601.9117,-1099.8225
-856.9739,638.08746,-834.65857
-692.5963,562.3121,-645.8356
-378.52264,386.3307,-558.3619
-48.923,158.61827,-530.63403
152.54666,-42.412766,-508.06146
138.3789,-139.56631,-456.22772
-81.809586,-105.42771,-357.32718
-394.63678,9.445724,-205.88466
-624.8121,108.148285,-19.24199
-625.9524,124.51719,166.52052
-370.6341,74.06036,330.64096
37.252228,23.774492,493.21146
445.8659,10.86839,689.07587
754.5257,-2.4126537,909.97327
933.13727,-90.58802,1082.1003
964.3853,-287.32877,1112.7499
803.0436,-550.5336,965.86206
415.7208,-799.822,697.0918
-145.74298,-979.90393,417.98865
-730.17255,-1087.187,218.78285
-1157.5927,-1147.4072,109.25584
-1313.0743,-1183.0613,22.659763
-1193.5149,-1206.7944,-119.60009
-889.2778,-1234.9857,-335.36557
-524.8298,-1289.4308,-564.7454
-193.03917,-1373.013,-722.50476
82.009346,-1443.1962,-765.9536
330.4741,-1420.3696,-713.1104
585.0032,-1239.3774,-605.8683
840.9417,-907.9128,-472.11212
1060.8138,-518.9763,-328.7586
1201.926,-197.64542,-207.28659
1228.382,-19.5197,-156.17639
1109.9702,34.143112,-209.8391
841.5089,50.513313,-356.61237
480.12555,114.358345,-536.13904
145.09026,248.74464,-665.3323
-53.34836,402.74194,-676.60156
-101.466934,482.70932,-554.3751
-90.36992,406.27332,-350.51956
-125.14853,158.98808,-154.18805
-228.20856,-171.74707,-21.393951
-342.05548,-417.50912,78.01694
-422.26413,-412.86533,233.0425
-501.18063,-97.45865,495.78165
-634.9786,440.16235,811.63104
-794.33777,1016.35046,1055.489
-845.91455,1463.4894,1143.7152
-677.05664,1712.5225,1106.4071
-336.99283,1793.0602,1045.8177
-23.344053,1770.6909,1030.3433
93.36108,1683.6848,1038.4215
26.195469,1522.7582,1001.6386
-56.12047,1251.9303,882.88837
-2.132292,844.43616,697.2731
193.8409,314.17883,465.80716
422.9522,-266.54657,176.76538
580.56433,-774.4215,-186.79207
629.6722,-1076.9241,-584.92584
569.9282,-1094.724,-903.7971
392.70053,-844.3573,-1013.5692
94.11201,-427.31247,-849.86914
-277.3923,25.787691,-449.04483
-610.16724,410.4834,80.21972
-781.2858,666.1861,612.46484
-730.5828,761.8937,1046.5365
-499.18118,684.67554,1319.3406
-206.15317,451.65952,1403.4818
21.101294,128.36168,1303.5253
118.21578,-180.97617,1055.0442
109.01246,-380.35272,718.1833
68.60245,-433.24933,357.56995
59.80765,-372.62717,18.271717
100.29911,-260.2981,-278.23203
181.46548,-136.02689,-511.9891
301.95493,-5.520836,-647.4864
467.03064,127.24832,-656.27466
654.57074,226.5073,-565.2288
798.0228,233.71176,-471.7193
821.10785,117.11573,-490.57648
693.84985,-83.391594,-669.4682
446.40878,-261.5764,-945.73145
124.44172,-305.80106,-1180.0615
-254.94815,-175.35059,-1238.9799
-681.3538,64.49708,-1071.1747
-1081.2512,277.6102,-738.0729
-1295.7511,338.52313,-385.73346
-1168.8,202.77962,-170.11859
-685.97003,-76.91696,-173.47812
-27.513037,-387.8939,-362.11426
533.6524,-617.4307,-613.8574
809.90814,-703.8834,-795.67377
800.08417,-656.5594,-836.8511
637.9159,-532.9658,-750.41846
455.38104,-387.7165,-597.69543
293.7031,-236.45764,-434.12436
128.23753,-68.802475,-283.41022
-46.266045,108.70078,-152.21901
-176.52826,252.37694,-53.483418
-204.4556,304.16727,-3.9670687
-152.51352,225.29631,-4.873749
-136.29688,11.802173,-41.88729
-272.5704,-296.57648,-108.13005
-568.30554,-604.7322,-207.58125
-906.94745,-781.95514,-317.5644
-1148.0912,-738.6089,-360.32486
-1234.6516,-502.6659,-246.61908
-1200.7295,-203.2367,32.494923
-1093.7573,36.722942,367.91824
-917.2136,182.94127,605.4516
-656.53174,265.9622,663.38104
-339.62845,311.33698,581.94354
-49.94783,329.49103,471.70212
119.58024,355.65256,424.8068
117.62204,438.3007,461.51364
-47.862602,557.51483,531.4367
-317.03812,589.30597,555.7982
-597.841,400.79105,490.36252
-802.8711,-10.939766,370.7601
-892.1036,-493.5542,292.6839
-880.6213,-850.05963,329.81775
-795.86755,-953.86414,466.92484
-633.72986,-765.7574,619.59607
-371.34042,-295.9535,712.6993
-20.621714,396.46756,723.4844
349.66248,1169.87,655.51056
652.3512,1815.0099,508.77737
830.2884,2149.0532,302.5024
862.80585,2115.9167,105.38688
748.4238,1805.4025,-4.1828313
511.43826,1383.827,-25.54395
227.55588,999.9625,-58.21131
16.655224,728.7559,-210.29918
-15.455645,571.23285,-487.63605
160.96893,491.77603,-787.8341
486.93143,458.01343,-997.9706
851.6599,452.77786,-1081.085
1143.1093,454.21222,-1072.8635
1286.5078,414.50018,-1024.364
1264.5702,274.41748,-964.04236
1113.8988,14.04175,-893.6483
895.89844,-307.1034,-789.91254
660.1297,-571.60803,-611.5255
426.64206,-686.12964,-335.67215
193.87965,-658.8136,-8.421281
-43.670734,-598.4697,253.21527
-282.31973,-627.3702,335.76306
-502.9999,-782.3056,220.32378
-674.40076,-993.43744,-0.022719972
-768.59485,-1156.1451,-194.63708
-779.1207,-1221.7992,-288.07413
-723.2105,-1221.6243,-288.32587
-628.2476,-1211.4414,-242.1903
-523.8945,-1202.9932,-179.98102
-448.28265,-1153.2991,-106.94103
-445.77905,-1019.931,-34.301453
-537.4212,-822.6268,4.071133
-685.84503,-642.59766,-19.768118
-796.5032,-551.3446,-86.81844
-765.28424,-538.49664,-133.62328
-540.21985,-520.77295,-103.94828
-157.77544,-431.7067,6.4562583
267.26846,-295.25592,160.08237
600.19916,-196.30472,322.8633
767.1425,-181.00615,486.31473
797.41284,-205.62372,646.8207
777.7112,-189.72949,778.06537
754.076,-97.81715,832.58264
691.5255,52.09444,766.56067
548.09424,244.9544,563.42505
376.51984,496.02917,248.27168
315.2372,807.94586,-107.16013
457.63596,1121.9547,-402.20093
744.3387,1334.722,-553.98425
1005.5679,1363.7103,-542.88873
1108.533,1193.6564,-414.15775
1053.8278,877.18463,-237.52428
940.30695,510.1971,-72.55744
865.4958,194.15593,31.596785
868.62994,-15.457926,29.905075
940.65625,-142.71379,-94.85826
1050.402,-257.50412,-295.41968
1150.8063,-390.1818,-464.03885
1182.3485,-489.1582,-494.46512
1099.7533,-482.50974,-354.6918
909.2736,-376.8345,-109.72267
676.2112,-270.10522,120.77356
482.903,-254.87473,235.21034
365.31442,-320.56595,204.60716
282.69717,-362.2243,78.17559
150.09828,-278.38,-57.943134
-93.36399,-50.79766,-134.499
-441.079,262.66144,-124.65614
-833.8229,591.58997,-33.318874
-1206.9203,897.44403,118.51918
-1518.9323,1161.4924,289.7553
-1745.0266,1344.7147,415.6709
-1862.3315,1377.7092,438.24762
-1855.0184,1208.014,354.20496
-1733.4656,866.5501,221.10791
-1543.9247,479.40335,100.62998
-1358.5153,196.18666,1.0138288
-1251.6267,95.08172,-107.44339
-1269.4379,153.32454,-219.75183
-1399.9182,297.49228,-262.52875
-1561.9961,460.65057,-156.39507
-1633.9325,586.0751,85.108604
-1515.1212,607.7781,331.6259
-1184.3174,474.7114,422.79446
-715.694,212.94682,286.935
-243.38196,-57.84583,-15.024418
103.68123,-202.3893,-349.06732
261.33737,-178.8556,-606.078
252.77919,-70.19319,-753.1845
162.45174,-9.654271,-811.3644
81.926285,-79.85518,-802.19604
68.85731,-275.44135,-723.1965
141.9803,-537.92194,-567.93134
294.7693,-805.22644,-356.47546
499.11267,-1033.5337,-137.58408
702.0875,-1200.1268,37.695553
842.14374,-1308.5367,142.30484
884.3894,-1388.3142,181.498
837.3579,-1470.248,188.45457
730.20013,-1549.8927,211.96536
583.0723,-1581.2911,290.23996
411.8893,-1517.7308,418.4426
251.77742,-1360.1844,542.9674
147.07973,-1159.2158,603.1404
104.18899,-967.2618,587.78687
71.3934,-795.2645,545.7679
-10.519133,-621.21796,532.94366
-136.9267,-436.88257,548.11597
-235.67258,-275.71475,525.0671
-241.82065,-187.36554,392.07797
-166.573,-183.61223,147.12003
-85.434685,-212.97226,-115.71365
-65.921074,-195.30147,-254.66579
-113.11561,-89.88269,-174.22899
-174.43701,64.26667,103.1206
-179.34377,174.942,446.4206
-74.64863,169.1086,704.3235
156.12328,49.701252,800.36536
484.79254,-106.42053,758.5071
845.2082,-199.603,651.269
1158.5522,-165.99696,532.3751
1365.2516,-11.710913,412.71414
1444.431,187.85974,279.77896
1416.3221,324.75372,122.40783
1336.0111,320.98404,-61.873474
1279.6528,181.22026,-267.64038
1314.7782,-8.554335,-475.94116
1459.578,-141.15504,-646.42615
1660.1483,-156.21109,-724.58527
1813.214,-59.220825,-671.8512
1826.29,112.285385,-500.66727
1672.5208,330.7899,-280.00735
1399.792,590.407,-95.69342
1089.9287,888.2034,3.7282214
801.0307,1198.4606,23.999052
537.2271,1461.3739,-5.211824
269.22348,1599.1013,-61.731735
-12.802879,1557.7318,-125.49704
-266.12268,1348.906,-163.03586
-423.1059,1053.2683,-148.63316
-460.4536,776.2951,-104.83114
-438.5726,591.23206,-94.89364
-461.55896,510.65967,-156.14139
-591.15845,493.31793,-253.79915
-798.1625,468.1143,-318.49127
-991.96967,367.53275,-318.0815
-1088.5156,169.39531,-269.07617
-1054.5977,-77.57465,-184.23679
-911.76245,-279.71436,-45.624603
-720.13116,-366.6762,151.89003
-553.06866,-338.75967,353.4681
-461.42212,-247.38838,471.928
-446.04373,-138.94774,466.41656
-469.30624,-26.841385,382.28778
-499.17044,92.71162,315.20563
-535.9172,220.55789,344.86322
-590.5196,353.48074,490.843
-645.869,479.70648,700.6899
-652.2218,558.4023,866.1917
-562.15106,519.8502,873.3592
-366.5511,318.1522,671.21606
-103.790016,-4.782282,308.7162
154.57085,-323.14905,-96.667786
332.96326,-512.43896,-431.87137
392.52548,-536.704,-641.25946
363.03632,-457.8023,-730.795
331.2595,-372.98782,-742.1154
381.3724,-349.4571,-723.0919
534.40643,-401.93597,-704.4821
738.01715,-506.09653,-688.5378
906.7068,-624.05347,-658.3404
970.786,-729.4781,-601.22565
902.5103,-819.82684,-520.3756
718.2298,-900.404,-419.8725
463.95834,-950.31793,-283.05597
188.4442,-913.1369,-76.95958
-81.860176,-739.4758,212.3272
-342.7334,-445.93768,545.63214
-585.24994,-121.744286,835.63293
-774.122,135.3349,995.46075
-862.3513,290.43854,993.6646
-831.6545,374.995,867.0014
-716.0974,425.0764,679.93463
-582.7626,434.20343,474.52203
-487.25943,378.85077,264.3998
-444.0905,279.4064,71.68319
-433.23422,209.67595,-50.789536
-429.38446,231.95139,-51.64023
-423.9852,334.215,65.80074
-423.52216,449.66763,233.86092
-432.41388,535.15686,366.73758
-439.9875,608.8016,411.61343
-422.48297,703.36835,361.45386
-358.47086,807.2561,240.82704
-251.36449,879.7172,95.13507
-148.26846,917.82916,-16.92877
-134.64531,972.7671,-45.624535
-288.2919,1079.3212,19.957947
-611.7564,1186.7659,143.42699
-1001.56665,1187.1346,263.54355
-1299.0092,1014.46436,326.4605
-1393.8678,701.1732,306.93304
-1292.7482,338.12778,215.66869
-1091.3042,2.2778685,92.37696
-882.92316,-265.95554,-18.92326
-694.90216,-439.2665,-98.16656
-505.013,-495.01767,-150.71214
-303.79028,-440.61713,-177.95392
-127.32951,-328.62286,-158.38615
-27.53535,-228.56651,-73.838844
-16.593786,-182.38498,48.45121
-45.488434,-187.92973,141.0887
-37.580956,-213.51662,157.91936
54.873055,-215.358,123.75661
219.75937,-149.02866,109.72299
400.84848,8.894065,155.87169
542.03174,230.95284,222.54716
623.36475,435.81036,220.91962
663.8067,534.73114,94.82439
693.842,495.07492,-118.396126
723.8979,360.18796,-301.49792
734.6005,205.20654,-340.4712
693.4831,73.27846,-214.1832
580.4667,-46.39957,-13.197682
402.04575,-183.55814,133.85034
189.18637,-335.91394,160.57649
-14.214605,-454.20197,97.01862
-166.65683,-477.31458,17.151146
-245.05011,-385.69495,-30.703766
-253.25566,-226.484,-41.088017
-213.84569,-88.843376,-25.255894
-147.73686,-48.952583,5.625771
-61.33493,-126.80565,35.972027
45.590694,-283.05746,53.12841
161.12573,-448.9604,72.511185
253.20076,-560.7046,136.85464
282.68222,-579.0712,267.77545
229.49498,-497.44916,421.0698
114.34078,-345.5587,509.0323
-2.1113672,-181.69064,473.67108
-52.126152,-62.840073,331.52383
-10.898323,-6.0031705,151.43771
78.021324,22.86925,8.414831
134.90771,72.80346,-36.622284
113.711525,154.66975,55.595524
44.849052,225.6277,272.32376
7.543703,228.49136,517.8552
58.14932,142.8707,645.4241
180.92339,-5.161598,557.61145
298.21774,-174.23885,288.50882
321.72403,-331.2341,-19.097977
204.85413,-441.10837,-224.89218
-29.809456,-457.76318,-288.05276
-299.23807,-358.62894,-272.2202
-506.7012,-197.85855,-273.3446
-605.1517,-99.27249,-342.97012
-629.2534,-160.4669,-462.48376
-660.792,-351.07477,-572.2867
-751.89307,-520.9979,-621.9087
-877.4116,-528.2924,-600.0001
-962.0577,-363.7235,-526.22003
-951.35736,-147.94688,-424.90015
-853.5512,-14.381361,-316.31824
-717.63214,-6.9338884,-231.57486
-582.14954,-85.92975,-215.99664
-450.1082,-203.16698,-295.09412
-303.8249,-342.26538,-434.23853
-130.54903,-489.21982,-549.50214
66.47252,-596.5719,-574.11365
268.37155,-605.3345,-514.37836
444.02942,-502.5302,-435.63358
563.12604,-340.07834,-397.87344
619.76807,-188.81728,-411.55585
640.01733,-81.2888,-448.60736
650.0946,-5.431903,-478.4549
634.31964,55.39854,-486.4214
543.9474,92.86586,-469.9516
364.85635,87.82554,-433.20877
166.72374,41.80392,-387.33792
59.73602,-18.445827,-347.32016
93.3772,-67.71627,-323.45648
211.73026,-104.61236,-316.8309
319.11392,-142.81862,-321.8893
378.49554,-186.46136,-329.19656
429.62906,-223.28159,-326.7059
516.818,-243.40436,-306.23535
622.77704,-256.53036,-272.87845
685.5879,-281.91916,-241.56642
668.4303,-322.28012,-216.08846
595.7519,-357.36743,-174.55833
521.2929,-370.46545,-88.50212
473.78134,-375.38538,35.9268
439.62708,-402.86905,142.1687
389.22293,-453.34613,161.51204
307.38257,-472.8321,73.59201
196.37805,-391.75043,-72.96763
60.10839,-192.5984,-200.99344
-101.006645,69.258446,-261.3325
-273.92566,317.50827,-248.71306
-418.09857,519.0007,-175.02823
-479.11072,685.1549,-47.976402
-425.75668,815.8852,115.64301
-273.3399,866.4139,270.51996
-67.08504,790.14105,360.91864
154.28214,612.1075,369.3054
370.48795,440.18997,340.01477
556.1868,386.25977,342.37958
662.89606,472.17667,404.006
646.7618,616.68134,479.17432
520.73615,715.20483,483.9279
363.41403,729.1557,367.75534
255.5555,697.0201,160.28981
203.75778,667.5047,-48.10569
138.97743,637.3781,-178.34944
-1.7228749,564.3898,-224.77594
-201.09291,434.94315,-247.15054
-381.4116,301.9298,-298.0964
-493.40057,244.86465,-363.15576
-566.00616,296.99896,-382.67953
-657.17444,420.01178,-331.6344
-767.98096,545.76105,-261.00485
-827.21484,628.0854,-247.15723
-767.1396,650.762,-306.2993
-602.43005,604.9703,-372.55768
-423.4842,484.29367,-360.79733
-315.2879,306.47064,-240.70177
-290.7289,123.241196,-50.050148
-300.38107,-7.6645355,146.71172
-294.17496,-63.35335,300.41647
-264.29156,-67.60133,390.84183
-231.73007,-66.779625,423.86893
-203.13492,-98.13767,424.55133
-151.37433,-175.01299,421.03964
-42.069183,-289.85168,421.45197
124.6477,-425.65515,405.5662
306.67584,-569.37976,345.0705
458.91528,-719.9787,234.04982
575.2583,-882.00323,99.87749
681.63855,-1046.52,-11.822273
784.4182,-1177.5446,-61.143433
837.8502,-1222.0251,-32.944935
780.7123,-1140.8604,52.048244
611.4356,-939.203,140.72643
416.0858,-674.72296,174.36397
306.27237,-437.5641,126.859215
322.53455,-310.13647,21.906221
400.6185,-323.28217,-86.93161
433.43002,-431.14404,-149.58127
363.25577,-527.33484,-134.42445
216.02585,-507.42035,-27.708117
59.659576,-344.92758,158.01115
-55.388847,-118.71044,369.85587
-115.54572,47.012444,529.8071
-125.64566,89.52864,587.0176
-92.8837,59.648403,558.1199
-31.049973,58.734467,506.24384
35.757427,123.983055,480.1424
88.31989,191.92714,483.49365
129.47285,183.99725,501.32608
174.2742,109.60375,534.65607
217.33046,58.2384,592.1481
216.96278,91.14863,658.2612
124.58226,168.66971,694.69366
-61.24462,198.3378,680.8721
-268.06656,134.06784,636.53253
-381.97528,5.0873604,589.942
-319.93286,-139.58376,532.1504
-88.17929,-280.02603,420.90292
217.67113,-410.25302,232.99585
471.4828,-503.32434,0.23272067
590.9759,-519.38446,-212.84766
574.16187,-445.60294,-357.61234
477.52438,-312.9264,-420.9096
363.64236,-174.45824,-410.0141
264.781,-77.38533,-341.7956
183.78127,-48.462215,-252.41066
115.522545,-82.95004,-196.46213
60.942337,-136.12604,-210.5141
23.603691,-138.614,-271.59476
-2.0961645,-38.960777,-305.56555
-38.22042,160.28642,-250.76869
-116.82934,404.04526,-117.454926
-256.63162,615.9729,16.101288
-435.72092,733.2348,65.45889
-590.04987,732.5561,0.9875496
-653.492,641.7836,-141.32373
-609.1932,521.9719,-297.9521
-498.21643,419.81775,-425.75412
-374.7508,330.3553,-521.417
-262.2519,213.74733,-602.95087
-161.88084,53.017452,-676.1135
-89.581215,-109.34801,-720.3284
-75.35068,-192.35579,-707.55664
-115.62986,-128.78238,-631.8445
-149.38586,95.061386,-516.4375
-109.294106,424.9379,-393.89673
2.8755598,746.2601,-286.57312
111.46767,923.5332,-207.93474
145.02084,872.5035,-171.31496
106.8035,620.6088,-182.5985
58.826054,295.39954,-222.909
46.133583,38.288235,-251.65775
51.514633,-85.27759,-238.88118
24.454948,-105.90061,-194.23274
-55.87006,-97.36992,-156.76617
-150.0106,-109.8548,-153.84253
-186.89145,-144.74849,-174.12932
-126.23733,-176.57587,-182.68814
-2.6598244,-185.72128,-158.07593
91.053955,-166.89168,-111.14944
77.5045,-114.64389,-72.075386
-35.23991,-18.183878,-66.65974
-155.8113,115.89385,-104.57
-188.1455,240.06572,-178.70068
-113.9429,284.47253,-264.37552
-3.5748858,213.50917,-320.26416
46.73763,61.82521,-302.94193
-11.415024,-93.04206,-193.62001
-152.11365,-191.9753,-16.233292
-303.71292,-225.28946,170.74898
-402.20883,-213.73494,303.16977
-431.13016,-176.88867,339.731
-422.11853,-123.37782,275.41318
-418.47803,-56.539833,138.6685
-436.06277,23.149343,-22.297495
-458.3631,116.50366,-157.7635
-463.2423,216.21767,-231.87483
-443.08548,299.43008,-230.14458
-397.3115,336.22345,-160.10806
-321.13086,306.4444,-47.492615
-218.06163,207.46506,73.90775
-119.353004,53.57827,177.66995
-71.819016,-122.212494,253.38179
-95.998825,-271.34586,297.5009
-162.38982,-353.72598,297.6832
-216.15742,-369.07095,236.31485
-222.98183,-356.83115,116.94377
-188.65442,-356.0221,-18.039595
-141.89795,-369.27545,-107.67758
-106.69856,-373.44446,-116.40464
-86.14437,-359.1797,-58.434353
-59.106537,-346.53485,18.40391
11.537606,-359.70065,68.92861
155.61938,-396.6149,75.91782
365.70776,-428.75824,53.325726
585.5632,-425.7051,32.31468
734.3906,-377.5593,37.869698
754.3992,-300.3908,69.56089
648.37054,-223.72855,105.07793
480.00388,-165.01651,127.79203
334.122,-109.48871,149.31966
261.31613,-22.802273,197.1965
247.59425,104.462845,277.61752
235.95805,227.74875,356.38922
182.69658,278.77557,383.44205
95.002365,231.67009,338.10693
13.099138,132.64355,250.64351
-41.56862,60.10661,180.37003
-95.11688,60.819454,170.63014
-197.32256,124.75139,218.54892
-370.6768,206.17307,283.62277
-580.19086,255.08382,326.68732
-747.5292,237.94724,343.84982
-797.5219,152.70512,363.84692
-706.9861,34.43107,413.34155
-525.18054,-64.10912,486.54932
-348.33636,-107.80341,546.75793
-259.65118,-93.032814,551.3733
-276.56458,-26.437584,475.8209
-346.88782,94.49952,326.76465
-394.88724,263.3539,145.99136
-374.65735,432.66595,-4.259243
-286.8216,523.1542,-81.892586
-155.60464,481.68436,-103.90475
-0.6784614,329.3244,-135.20453
166.13474,145.33492,-223.29199
324.9323,2.548937,-344.25507
442.53256,-81.411644,-424.28595
493.69852,-135.76872,-415.5303
488.37308,-189.97691,-339.77823
469.51633,-239.97926,-254.00818
474.4506,-257.8907,-185.99843
496.4912,-228.99277,-116.34946
490.74295,-173.32224,-17.973372
422.58414,-128.91115,102.87101
307.5445,-118.72997,209.01886
198.13913,-140.19228,264.13358
133.94208,-182.23648,252.9073
113.97157,-236.46332,176.90086
120.37012,-282.5318,46.77145
155.5189,-275.91632,-112.16826
238.22241,-173.60016,-252.38142
362.77444,19.362478,-317.80478
480.60596,238.81158,-280.60333
538.5726,406.34143,-170.43095
530.8056,483.82468,-60.829453
497.91635,484.06613,-14.549973
474.28116,441.57516,-35.69169
451.61743,387.52567,-77.0535
401.58017,348.22726,-94.97326
318.21875,345.81116,-91.16705
219.45625,385.16953,-97.31989
113.17512,445.7249,-126.74733
-13.679229,499.688,-153.39763
-164.45457,541.3844,-139.20605
-311.44696,589.5146,-72.381355
-423.80237,652.9767,24.191969
-506.76526,698.69525,111.87184
-589.53845,666.3977,156.16866
-671.6133,526.1731,138.72621
-703.8453,320.81735,67.40971
-639.8395,140.19742,-22.463316
-497.5505,44.437073,-89.21508
-352.65988,15.150914,-115.0224
-269.28506,-9.128163,-110.27286
-247.43782,-52.275112,-84.58136
-239.80293,-71.48359,-23.303064
-208.26622,-18.218904,95.17913
-156.7808,84.2724,260.43347
-116.34545,146.10661,418.96472
-107.44177,99.58157,506.43256
-114.65955,-28.646637,488.43845
-89.76655,-141.86852,374.1147
17.515797,-163.25946,203.60345
215.95093,-97.5634,29.35994
447.7946,-16.39376,-101.420006
612.8168,2.359414,-164.7624
634.8512,-71.95534,-169.41142
518.1319,-202.87851,-145.85423
340.31955,-306.1957,-121.83495
187.48653,-304.02567,-106.49498
94.21617,-183.25963,-93.51279
42.22102,-6.078558,-72.68815
3.4618478,147.12262,-37.30185
-30.532112,249.93307,13.726798
-60.79508,341.16122,76.335846
-101.62288,465.3603,145.46942
-169.4852,612.17395,218.98965
-253.31618,718.1014,291.15274
-314.5915,717.38824,338.3188
-327.81543,583.12854,320.7508
-312.10114,331.57797,215.3467
-309.7259,10.115786,51.787178
-335.64413,-313.28082,-96.14986
-360.2816,-569.44305,-169.69572
-343.5474,-720.469,-176.69218
-273.10547,-776.43304,-176.86739
-163.08006,-770.2175,-215.09303
-29.982014,-714.22833,-277.3873
110.19918,-592.4884,-315.75275
223.47653,-401.8355,-305.8668
262.0872,-192.36292,-269.08145
207.51517,-52.222004,-242.5242
102.96857,-44.14414,-243.5508
22.289127,-155.76933,-268.0251
-0.2040503,-311.29196,-307.3106
4.72154,-429.61227,-349.2513
-3.8217192,-473.7134,-366.1614
-8.818324,-454.03204,-322.89752
54.445557,-398.09143,-210.38232
214.6411,-326.01898,-65.64052
408.91473,-252.17296,52.101162
528.03735,-194.43289,106.199135
513.24634,-164.66719,100.94526
397.38824,-148.90463,62.76337
257.07166,-114.74755,16.503328
145.17586,-54.713554,-18.858187
74.76211,-14.60814,-28.209206
43.914703,-54.32718,-10.979605
48.24965,-171.07297,8.3170185
69.32625,-282.13654,-3.1583142
72.974106,-308.58945,-48.47133
32.805378,-271.25806,-84.63368
-48.223755,-276.09644,-55.972134
-142.14406,-393.00577,51.408424
-214.95293,-569.14014,191.60492
-241.31438,-682.06067,298.30634
-216.18422,-666.3578,341.24335
-164.55058,-559.75183,343.21582
-131.08658,-423.913,346.16034
-143.45107,-255.10414,367.14163
-185.21924,-3.0664582,388.26505
-216.8969,331.09467,382.5392
-223.8499,648.14996,342.8575
-229.73268,818.2226,287.34033
-259.5213,789.42535,243.36859
-306.0964,626.1594,228.73761
-345.0438,449.76416,242.50017
-368.8401,346.7141,266.70084
-386.31738,320.3581,274.82864
-392.0683,310.5359,241.70016
-358.98853,254.52516,151.59885
-270.79047,141.66951,6.780409
-148.83473,21.806032,-162.37811
-34.419846,-38.50197,-297.20212
50.37745,-14.223707,-338.06213
115.67157,57.690353,-271.76077
182.77483,112.3326,-154.62068
259.91937,110.04305,-73.344154
336.0095,60.3933,-68.64703
388.4537,3.6290634,-97.77117
397.98288,-24.675386,-79.53845
366.25415,-15.678379,22.844091
320.28784,12.21281,167.12225
287.9175,26.56874,276.31036
263.24643,0.33811998,309.21045
207.93568,-68.332726,286.85547
99.51894,-147.3222,260.0845
-25.921818,-185.31807,259.27505
-93.44147,-145.99269,270.71716
-56.378803,-34.762848,251.53424
60.861107,108.24972,166.80045
185.82613,243.71112,22.152454
255.46027,360.78906,-132.44308
253.44022,469.37027,-235.21071
210.39557,569.9874,-258.7638
181.99716,638.5921,-229.00238
214.99046,642.13245,-196.50682
308.46857,565.4801,-187.31142
399.7693,424.87427,-182.91824
406.12558,263.53116,-148.5991
299.88077,135.2033,-76.821815
142.65714,76.67805,1.4957719
34.1795,78.77535,46.543648
24.495615,85.202484,44.687157
80.5384,36.67881,14.184499
133.20308,-73.409096,-16.249624
141.62837,-191.91457,-28.673185
107.75084,-259.59177,-20.427694
48.02483,-266.9172,1.6710322
-25.184135,-252.22903,26.014067
-94.27335,-253.3035,38.030407
-131.0791,-273.55392,22.583942
-118.65279,-294.55005,-31.402742
-75.898285,-307.1169,-122.49476
-49.42883,-320.71368,-225.69572
-76.7491,-346.92883,-291.98743
-157.25826,-382.4071,-274.6267
-252.77061,-410.19437,-171.08867
-308.03006,-415.1562,-36.42505
-277.09705,-395.1101,60.415783
-152.7328,-354.90814,100.14426
12.385613,-292.60022,123.608376
121.80946,-202.7493,171.212
99.76308,-102.55741,222.09135
-41.139378,-44.58098,210.63531
-199.65108,-78.92577,104.700714
-267.61423,-192.52792,-47.770893
-219.23236,-302.6847,-159.06721
-117.756256,-328.24802,-180.29543
-36.64166,-258.9923,-131.42334
13.71132,-139.38011,-63.02006
73.58914,0.86175954,-6.970723
160.42229,163.35547,32.530346
230.61736,324.5208,58.77829
226.4352,409.21426,72.28245
151.19916,364.9168,78.39117
80.51832,249.20049,89.80725
92.38648,194.57965,114.41258
190.92287,268.05096,146.3483
301.0756,394.25552,173.55656
332.41336,442.24994,188.73514
246.43227,369.6595,187.29953
74.99075,249.86552,159.90677
-107.39609,163.3846,97.73481
-224.79585,100.30927,7.595583
-232.63362,-12.797161,-85.29348
-136.60362,-213.3288,-154.67923
7.600549,-456.36914,-191.23354
120.47473,-660.1281,-201.88484
142.6691,-773.50745,-197.13177
69.266045,-797.915,-184.73723
-51.297318,-766.74176,-171.57405
-152.97461,-717.90686,-160.89577
-195.2132,-672.89545,-143.7606
-183.34726,-623.3862,-99.8634
-156.7454,-539.66437,-14.5813675
-158.10309,-405.8635,103.89446
-204.916,-248.29082,226.10965
-277.58377,-117.37804,318.47473
-329.71048,-38.9223,358.38638
-318.8719,4.9622006,340.089
-243.65529,41.689655,277.41806
-157.93732,70.58963,203.81862
-138.7258,75.412544,159.49658
-222.91072,65.908554,165.84282
-369.23044,81.52904,208.8965
-489.66534,141.7937,251.76987
-525.2859,205.8837,265.224
-489.0752,199.59459,244.8588
-432.1744,86.465,202.35806
-377.84894,-92.233215,151.60239
-302.39447,-247.00494,110.696884
-179.38945,-305.02936,107.7231
-24.220171,-250.52255,163.23804
118.528625,-114.88786,256.2196
224.16138,61.632202,319.0737
308.30194,256.41318,287.8272
396.24573,456.67267,165.9147
484.5082,632.8673,29.44156
541.2326,732.8696,-40.48258
539.09235,717.0316,-28.787628
479.2629,603.0969,13.86139
385.15292,466.06714,33.570156
282.9933,381.01044,19.996609
194.30035,363.89755,-9.754928
141.48914,373.31967,-52.89265
147.6298,367.8544,-125.26071
219.51758,350.70795,-225.39015
330.08,353.723,-313.91025
427.79834,390.02936,-342.76962
474.9612,438.76843,-302.2294
476.85535,474.59216,-231.57346
464.94098,491.6913,-183.8519
452.02695,486.2152,-182.61261
420.1178,432.00348,-206.6757
363.19797,304.95712,-206.53133
325.94775,139.0616,-137.34639
370.15518,29.995745,6.20506
494.04715,51.094177,171.24754
607.1782,165.97849,266.18015
608.88074,250.37657,219.85565
489.0509,214.2059,40.539154
333.64508,88.81741,-181.08865
227.04553,-20.414917,-337.99005
164.20668,-57.913254,-387.65582
70.32152,-75.86873,-373.75677
-100.4993,-169.96034,-370.45206
-301.50067,-373.17596,-408.047
-433.41183,-615.5024,-453.87366
-443.0452,-773.1444,-458.90152
-375.9025,-753.6511,-410.57568
-329.47653,-557.3125,-334.99734
-357.78436,-283.29376,-258.32693
-426.79465,-73.64588,-182.6332
-463.15005,-22.238916,-102.16504
-436.6037,-114.418686,-28.572687
-384.7135,-252.72232,13.301118
-361.5936,-346.19598,11.31409
-378.8921,-374.98505,-23.012386
-403.14957,-373.53665,-69.53079
-397.3686,-370.74048,-116.25962
-351.1291,-364.09445,-159.31769
-275.88086,-343.7824,-195.65546
-186.88849,-312.96646,-221.80554
-92.58047,-269.05215,-233.76028
8.62966,-182.87572,-222.46185
122.90554,-26.033524,-176.32101
241.9706,174.88759,-97.682274
328.28967,332.3481,-12.551105
336.32553,365.93488,48.719666
261.6599,275.3031,82.11633
158.78471,135.76048,110.27233
92.74438,24.405476,147.38928
75.3285,-38.084236,174.45334
65.25331,-75.75779,159.74825
32.48645,-109.49629,99.28282
3.047796,-135.12535,26.301043
27.8253,-137.89452,-18.544062
118.31788,-108.00418,-17.647655
228.8393,-39.461376,21.653845
299.18152,69.28429,81.777756
302.0216,200.5502,142.88062
250.06476,307.9603,184.58972
173.45679,334.23358,194.73796
98.69703,247.28673,181.08531
38.269135,65.71761,166.90994
-14.568718,-144.70126,166.81976
-81.68424,-302.00952,167.05803
-179.60104,-351.3427,136.7871
-295.2117,-294.6523,65.09139
-384.61496,-182.7935,-14.561387
-405.0784,-75.34007,-45.273735
-356.3284,-6.7059083,0.36789244
-292.13263,13.17746,89.52687
-283.64453,-17.215961,157.8563
-358.2274,-86.731705,170.25166
-466.6004,-153.90881,147.09106
-514.5179,-158.91982,128.50851
-437.09116,-72.333405,122.710915
-248.72269,73.774025,100.99287
-23.995419,217.7063,41.98127
163.5795,329.46353,-31.427538
280.02884,427.1786,-66.02412
321.62457,531.90497,-26.353413
293.85645,622.9185,71.98117
214.56274,651.0867,170.08641
124.56397,591.42664,202.73639
69.32869,471.1141,137.01953
60.70568,346.21548,-8.924942
67.491714,260.69257,-175.94696
51.08718,229.82632,-295.96075
1.4144236,250.62971,-325.75858
-69.77264,313.13266,-263.18036
-157.14944,398.478,-142.02011
-261.22583,475.44617,-14.983352
-359.53226,509.92078,66.628
-403.19788,482.79993,72.151375
-361.15387,399.78558,3.7531412
-259.56345,286.5337,-105.19067
-159.32063,178.53302,-205.41455
-94.8777,114.17778,-253.6299
-51.11088,125.519394,-233.0595
-3.1666534,219.17888,-163.7825
40.858147,358.4576,-91.54605
53.27221,471.55917,-54.416565
32.094353,493.5126,-51.95427
9.518018,413.4472,-49.63854
9.566042,285.5582,-18.266897
13.76285,190.50734,33.30943
-18.047884,176.9619,67.74478
-99.79242,229.18372,56.177387
-204.26173,284.19302,-1.4374595
-291.88498,283.50574,-87.47135
-338.87643,219.51357,-182.02133
-334.1332,140.66061,-260.50443
-267.18445,109.80967,-289.50296
-140.28125,147.54245,-244.74007
7.5746098,208.18181,-138.95221
108.467735,212.81366,-23.344559
115.44271,114.48353,46.522152
46.256683,-61.056366,47.43356
-30.866245,-235.9425,-5.6145077
-58.79685,-341.91937,-80.52188
-35.61973,-365.1389,-149.41255
1.5339432,-338.46844,-197.34958
24.505798,-302.8586,-224.92923
33.647854,-283.8467,-247.40263
33.75533,-295.72025,-282.32156
11.146595,-345.88995,-327.7272
-49.1739,-423.28778,-352.76254
-129.09087,-495.2517,-318.0035
-178.99281,-536.0645,-211.15735
-163.20189,-559.0805,-63.380386
-96.51158,-602.4702,70.394554
-27.076376,-674.55237,148.23396
12.383882,-728.1205,163.69809
26.541708,-705.9966,141.418
33.551876,-606.9119,116.211525
35.297215,-488.46445,112.03153
22.756804,-402.73215,130.86865
4.6947165,-345.98846,155.69838
14.686481,-281.5838,165.19612
79.7917,-198.54173,149.26135
184.96037,-128.76985,113.26416
276.38525,-107.61039,71.70582
304.09906,-133.36765,43.31969
260.2586,-171.27322,51.179485
175.26227,-185.37625,114.82367
81.834656,-157.08301,227.49115
-8.942674,-82.18382,340.38223
-96.001755,31.047932,385.03644
-165.35034,154.32303,327.4891
-192.70447,242.26161,202.25357
-168.95036,258.94244,83.799446
-110.212975,206.2534,18.860468
-36.16036,120.27831,-10.166305
50.64011,35.75465,-52.312176
150.05461,-41.49732,-124.255226
234.61365,-121.12334,-187.42534
256.28207,-190.98814,-189.95927
196.42255,-206.81642,-125.57573
100.66824,-131.29456,-45.33285
47.568398,15.427849,-10.597328
76.301254,153.17691,-36.12511
148.4999,199.67397,-79.441925
182.49338,136.90074,-84.87385
123.987854,22.832546,-38.112812
-10.861288,-60.376556,20.629652
-149.46317,-69.42024,35.635975
-214.86879,-16.324446,-12.028197
-175.75237,66.225784,-88.854805
-62.1422,161.97447,-142.52818
61.14386,266.8452,-149.7233
142.2483,357.2657,-132.30696
173.59721,385.4672,-131.06519
183.18199,323.81332,-167.63458
198.55148,209.53505,-231.2799
220.46214,125.776855,-296.85077
230.77896,126.39345,-349.88986
223.19885,185.2539,-393.8824
221.1591,227.3064,-437.33975
258.6339,202.722,-478.1511
338.17938,119.60559,-502.22195
410.60776,11.522542,-496.94254
406.72382,-102.495346,-464.01334
298.63037,-212.97447,-416.17578
129.93224,-291.71402,-360.8147
-20.201233,-296.25757,-292.11987
-105.41327,-213.67691,-206.96376
-144.18536,-90.407684,-127.93864
-187.03706,-5.5568967,-98.08242
-259.2116,-8.969392,-139.58936
-338.70538,-83.30394,-218.92026
-384.79938,-164.34795,-267.09064
-380.12006,-200.03412,-244.76755
-343.6721,-197.02457,-183.10373
-308.8769,-214.69855,-151.08968
-295.52945,-309.02716,-182.3684
-304.65384,-473.0423,-240.22758
-334.7284,-628.7523,-253.67628
-391.03973,-682.3302,-179.95413
-469.64078,-595.5985,-32.282646
-535.7062,-411.96262,138.19452
-533.54175,-220.35284,274.8958
-430.56384,-96.34061,339.71216
-249.72038,-68.39996,328.5811
-51.851368,-121.5528,275.50266
110.899055,-218.65828,231.4267
217.44913,-319.61246,224.41048
263.32886,-393.65793,238.16771
248.70265,-425.81235,235.15056
192.80519,-416.8142,199.92947
142.76111,-377.9021,154.1167
142.0302,-323.65598,130.68085
186.54298,-262.59012,144.11981
228.48749,-186.42612,189.4085
230.17186,-70.765175,258.4521
200.56769,99.54893,343.80566
168.80011,296.4309,428.1424
135.76813,449.87024,485.3645
74.50406,502.31723,502.32184
-20.596802,466.705,495.03583
-107.23766,417.77026,494.03738
-136.01704,417.32632,511.86414
-113.10614,456.95825,530.0404
-104.38036,483.6732,520.4651
-166.10197,470.78735,476.2245
-274.7523,442.9928,418.33316
-336.63757,431.71384,374.16333
-276.3846,429.52896,352.66852
-118.207,404.34314,339.99557
25.000675,345.37543,315.1067
48.779354,274.01926,267.5289
-54.750145,211.81221,202.52235
-203.89099,159.75223,133.59938
-314.4842,117.868195,72.574394
-370.36652,106.62105,25.904829
-409.8237,147.0117,-3.3369322
-460.77295,221.10918,-15.365521
-505.96646,272.39264,-18.169073
-507.94418,258.00702,-27.479855
-450.66666,194.33833,-52.724632
-350.7747,138.05154,-78.7364
-240.98666,119.96538,-69.19184
-153.26941,108.12883,-0.23691817
-109.302765,46.53943,107.25599
-110.16888,-71.55137,197.86508
-131.71858,-181.20787,229.90295
-139.92387,-205.34207,209.02733
-116.509415,-132.40681,170.18056
-66.35304,-25.18434,135.12538
-1.0916463,45.689846,99.22877
73.981186,61.55878,54.3446
152.57323,42.577343,5.0596914
219.07437,-5.5788965,-44.38543
260.55154,-102.13998,-101.75923
282.7509,-243.63841,-167.89351
300.798,-374.17917,-213.59023
314.1335,-431.58466,-196.5451
305.22064,-418.55685,-106.40026
268.70618,-400.28326,20.07661
227.5492,-419.8608,133.63281
205.85014,-436.5113,209.93915
192.23734,-372.0867,247.31364
148.17305,-214.7841,246.27457
57.062775,-50.91686,212.23889
-46.977417,19.086842,171.00246
-107.34601,-17.981289,154.92653
-95.82169,-86.85293,164.28168
-29.720922,-114.938644,159.17653
53.259666,-100.51558,104.41956
125.19018,-83.78782,14.748372
175.36478,-73.935265,-57.47028
202.90436,-33.221382,-76.40604
211.43849,64.18529,-54.952824
206.64587,179.07611,-37.2974
191.21867,229.78653,-61.842377
161.63208,165.8272,-138.72064
112.797264,11.816949,-245.84573
44.82756,-157.89098,-338.44305
-37.233788,-278.81235,-374.14145
-127.50623,-333.07544,-341.62238
-218.04799,-343.08792,-262.34213
-295.6559,-342.1299,-158.92497
-348.43982,-349.6103,-31.054062
-378.6988,-364.5601,124.22152
-401.54816,-375.47723,274.09213
-422.9543,-374.1275,353.86218
-423.34753,-359.0673,321.34723
-374.51633,-327.11465,200.1273
-276.01624,-268.03598,60.698193
-165.91443,-176.0383,-35.97116
-87.46194,-67.72756,-71.88602
-48.468193,19.759336,-64.030365
-20.771864,58.2001,-44.182026
22.287615,57.880875,-45.85086
76.73282,62.393764,-86.95723
116.5704,107.81453,-147.51004
120.625626,184.80116,-172.99124
84.36043,242.58931,-119.45582
14.123075,233.70721,-0.45291355
-76.762184,158.31946,119.890076
-166.05449,66.952194,184.62865
-228.70424,19.9307,189.399
-251.54347,42.717323,170.12106
-237.34763,117.88681,157.54716
-192.02477,214.60149,153.40123
-116.72789,317.52646,144.13878
-20.393908,423.0175,122.859406
68.65368,514.3351,93.37376
121.13198,555.6432,62.004982
141.42831,520.5249,33.243343
171.1227,424.27722,11.013427
246.41415,319.66248,-1.3109608
355.5292,255.83298,-3.1427348
447.9023,240.97911,1.1280428
485.6498,244.56639,-0.32657504
478.4745,234.68753,-25.606865
466.5637,214.1537,-85.17575
477.1032,221.03583,-160.20792
502.71664,289.02933,-201.07664
516.8497,400.00485,-164.42873
501.28998,478.13556,-60.32303
457.53412,445.6645,45.423973
397.9055,296.13504,87.24747
331.66544,108.2814,59.865856
261.11896,-22.793291,18.72389
189.92241,-67.20817,22.223593
132.66612,-65.67237,78.7219
111.64786,-59.751255,148.91246
138.59508,-39.17188,189.95865
196.987,28.08368,189.0784
244.66301,127.651695,157.48277
238.69499,187.33253,104.30115
163.0268,143.99518,28.401552
37.76939,12.865844,-61.78924
-93.16029,-118.24051,-130.14001
-184.05138,-162.01045,-130.47557
-207.23471,-99.68031,-52.421474
-165.20059,11.551327,54.87137
-90.1858,87.369415,117.54667
-26.915022,77.27991,101.729706
-4.719049,-5.931443,39.78807
-18.594475,-104.55687,-8.981723
-35.928974,-163.49814,-15.558344
-24.218739,-167.8104,5.206
23.05346,-143.62743,25.113024
81.60741,-130.51294,28.409916
114.099045,-153.31288,8.476859
98.76013,-210.07405,-39.01586
52.375763,-273.76175,-104.614235
28.474388,-304.39618,-157.97098
79.88363,-273.0007,-172.95088
205.95132,-187.37766,-161.95032
336.0792,-94.720726,-168.29251
383.20035,-48.942513,-213.37247
328.74902,-67.40207,-259.62146
250.52719,-118.53702,-240.34888
251.69626,-153.21417,-130.25975
356.35608,-148.59517,18.187311
480.85684,-122.95927,111.02488
511.57428,-111.773705,86.5428
407.99814,-131.97673,-38.907173
231.95306,-166.7882,-186.55533
88.76847,-179.36574,-273.997
47.78325,-139.32957,-270.90054
108.15446,-41.997997,-212.92874
219.74063,88.7918,-167.175
327.49188,212.66328,-178.18388
404.334,292.93906,-237.85385
453.94986,315.2052,-301.55286
488.27203,292.79163,-332.43735
506.04373,254.7982,-332.04852
496.49585,225.87726,-329.97534
460.18933,213.01567,-345.49326
415.6279,205.96657,-362.10437
381.15198,186.57477,-343.23642
358.59195,140.73119,-273.4727
341.10553,69.31686,-179.7336
328.08954,-8.99643,-107.46792
319.8722,-71.16203,-78.52933
302.91714,-112.00143,-78.18822
258.6025,-150.25734,-80.95525
191.5252,-205.16084,-77.32361
132.93422,-267.65308,-69.542244
103.71988,-304.59784,-52.784664
85.18353,-296.60052,-17.238367
45.007256,-263.72614,30.066883
-10.077226,-243.56352,59.717545
-28.36135,-246.37975,45.4041
28.840046,-244.1873,-10.214754
133.06004,-208.34827,-81.13734
205.02254,-147.28926,-143.87439
183.45247,-96.10231,-189.66043
71.329155,-73.32635,-215.60176
-79.94654,-61.511986,-216.78082
-217.12436,-32.93076,-191.39401
-312.2322,18.625546,-146.18762
-358.829,80.36321,-92.222565
-360.35223,142.43298,-40.663624
-327.30682,197.31714,-5.820565
-277.57904,217.73117,-2.4330924
-230.15292,160.66643,-27.072096
-195.33463,16.14678,-43.180206
-171.15144,-153.40157,1.4229566
-148.76291,-246.23413,130.47516
-121.8802,-207.44276,310.68964
-94.35233,-77.7393,468.7145
-81.34542,48.25883,538.0667
-100.256035,105.68265,496.504
-154.01729,97.285355,371.93973
-221.18307,62.09825,222.79263
-267.70956,28.937716,107.80875
-274.84326,7.150289,58.04519
-256.06506,6.079606,64.62315
-243.73228,41.722366,92.54447
-258.88412,118.05496,112.19461
-295.95667,211.97299,121.05342
-334.91293,288.32693,135.25107
-362.64926,331.4506,162.02803
-381.32297,355.10004,184.90593
-401.53485,377.0374,178.01682
-431.99774,390.41507,132.39586
-473.12445,372.67804,65.13585
-515.9127,325.26773,4.3465824
-547.2091,289.9171,-31.021845
-558.1798,308.36484,-38.639175
-546.63336,366.2505,-29.944746
-511.52774,393.13547,-26.45108
-452.92288,328.03662,-52.3747
-383.81226,178.32468,-117.35896
-333.9801,7.2771287,-201.6717
-325.7602,-127.011444,-266.3984
-342.8429,-207.80655,-285.53833
-338.08582,-244.25975,-265.0169
-283.39276,-246.27342,-226.3308
-202.97018,-226.62952,-179.36308
-143.35835,-210.21696,-122.05448
-114.79202,-216.43617,-60.91137
-79.14874,-230.44952,-11.916252
-0.45309263,-210.2234,25.62873
105.87245,-134.29674,77.36213
183.47705,-35.894005,156.22203
187.92543,22.207384,224.07315
121.18769,7.664183,216.58037
20.185986,-53.502445,116.22815
-76.20541,-110.94644,-15.373806
-147.809,-145.89998,-93.29822
-192.0229,-186.68576,-90.76512
-211.14407,-267.61996,-51.45138
-202.07368,-375.67075,-25.816605
-158.35666,-442.3997,-15.079542
-83.2235,-394.93558,14.604627
2.1150773,-222.51613,78.93278
69.23792,3.267151,155.04579
104.207214,178.352,211.89743
115.857666,245.99413,243.25063
120.2192,233.37294,260.44174
117.78746,207.93597,260.80154
87.52896,196.55142,219.42284
4.333534,155.14557,120.20766
-133.28136,27.297714,-9.69054
-287.10443,-170.9837,-106.41108
-392.57608,-341.06396,-116.86412
-399.38806,-386.07745,-41.214466
-309.0841,-299.22745,70.4879
-174.02386,-160.95282,159.22324
-57.403572,-59.129948,191.7204
5.671829,-29.423574,162.31688
13.074832,-67.118256,77.66563
-21.214115,-161.4156,-47.51065
-74.030136,-291.0076,-182.57732
-109.13816,-401.4477,-283.16028
-89.13702,-426.49954,-312.6291
-6.4411936,-348.9785,-265.16797
102.12565,-223.87231,-169.0346
182.80357,-124.755165,-68.48614
209.64554,-74.98835,1.3719764
199.89162,-43.888336,32.043674
188.4573,-0.025125206,41.297607
193.31348,53.25222,52.782
204.26627,93.703094,70.38989
197.48357,106.36568,74.01723
158.26675,81.62693,44.952644
96.00965,6.683936,-7.620419
42.126793,-116.40394,-53.32276
29.264652,-246.81789,-73.23999
64.65069,-322.14404,-75.85285
121.960045,-311.4236,-76.91936
164.05357,-243.19493,-75.49668
177.60028,-173.13654,-62.372562
183.71738,-129.62491,-46.559525
209.89809,-97.881546,-56.111847
249.61115,-51.027847,-106.65117
254.21155,15.941462,-179.09807
173.9235,84.88122,-235.52214
13.332085,137.65721,-250.33424
-155.95029,173.78674,-221.19272
-246.26532,206.97644,-161.43013
-224.32858,247.98946,-96.63179
-133.17216,290.75436,-61.727818
-46.590637,313.62106,-77.29764
-6.5332546,295.02283,-117.57762
-4.9979177,231.26088,-116.20625
-15.79725,143.11691,-22.142296
-29.331432,67.34189,147.90569
-53.59316,37.909653,318.3264
-92.33092,65.71972,413.72067
-132.88766,129.65889,407.0249
-155.35197,192.03076,321.8013
-149.42867,232.76039,205.56056
-123.76919,269.59497,100.53376
-102.29125,335.83005,20.708626
-107.69837,434.3143,-54.57424
-140.28218,522.0048,-154.62675
-171.28304,548.0568,-273.49918
-163.79668,502.6757,-358.64133
-104.83633,420.78705,-356.35162
-15.097048,342.79648,-266.6253
72.25637,284.0704,-142.68259
135.62032,241.19496,-40.023785
166.89157,209.12784,19.249247
162.91473,178.83205,33.67658
129.0518,127.79119,-0.061134677
86.67801,33.521854,-77.34565
59.72067,-95.38595,-163.37491
48.390884,-210.12965,-204.04637
29.1753,-254.3032,-167.0163
-10.717584,-209.55489,-65.03188
-50.249016,-109.6664,61.60073
-58.422607,-12.071761,174.79424
-32.69711,41.995354,248.61713
3.6838255,41.885788,266.05878
38.620388,-7.2997785,225.41177
81.8111,-99.48991,152.97797
130.62117,-219.22415,96.74344
148.03212,-325.9582,93.31537
97.53845,-366.66968,135.30685
-7.300281,-317.9802,174.27213
-110.107796,-211.18427,162.90721
-169.69646,-104.113304,99.00865
-192.76672,-29.641508,26.259546
-205.12204,17.274416,-10.647704
-210.879,45.108994,-6.6273336
-194.4567,41.575115,14.502583
-149.72916,-0.452876,44.062428
-89.041855,-46.97779,101.44224
-29.323719,-41.02425,193.43787
13.023501,33.99905,277.73718
17.156946,124.59452,291.40805
-28.833515,156.39278,217.4322
-101.72567,111.13889,104.63721
-149.83553,45.16964,14.608984
-141.83975,30.581617,-35.742268
-97.89328,84.70569,-67.806595
-56.067665,159.54152,-93.153244
-18.477869,194.22697,-95.18207
43.569653,171.07172,-58.901054
129.78664,120.51657,1.6769408
185.85408,79.220345,57.448
159.8044,53.467068,95.78205
71.20665,27.264318,125.993744
0.19986051,-2.4999864,155.7636
5.492049,-14.182755,172.45168
68.4536,9.916084,152.69005
121.38954,53.898167,89.54628
116.09526,81.26676,8.34796
57.42683,76.74399,-48.90654
-15.358742,61.285854,-62.177334
-62.81285,58.603573,-57.416668
-65.25055,58.246395,-82.49977
-27.409567,28.252718,-152.27118
28.028757,-35.707073,-225.33601
77.44139,-91.50048,-246.43913
111.48786,-94.75117,-206.67976
130.87645,-55.620888,-146.8408
129.16023,-33.6996,-102.58213
91.60255,-69.84219,-67.26501
18.33965,-135.48683,-19.129831
-59.901615,-162.71059,34.232964
-102.01306,-118.64195,62.791084
-93.095215,-33.362206,60.53447
-53.969307,46.393494,58.875046
-16.10343,109.101555,83.457375
2.7170618,168.27292,115.0147
-2.738247,216.12038,110.02958
-35.081345,218.13118,53.25729
-89.42522,162.20782,-26.637756
-142.79463,91.922714,-93.17604
-162.70378,70.44618,-138.86769
-133.14375,114.03873,-180.6008
-69.36965,172.56844,-229.41972
-5.026491,174.87599,-275.2029
34.332302,87.79104,-298.09613
48.348675,-61.03955,-286.8027
59.82154,-202.90361,-245.31192
95.87595,-272.06018,-188.06154
162.74197,-250.38562,-131.71478
234.95724,-181.3183,-88.65221
275.93347,-133.40146,-63.918182
274.45477,-141.89464,-55.51905
254.71286,-188.16597,-56.13444
243.59253,-233.79013,-55.553402
236.39748,-257.633,-46.303253
210.13367,-249.95575,-32.172718
168.80748,-191.08543,-31.219564
153.66614,-67.27069,-64.635124
193.23717,90.96495,-136.36371
254.07791,214.81529,-221.31223
262.79797,258.71262,-275.62073
181.9439,242.21606,-264.03622
51.27132,214.92973,-184.87059
-53.672,190.49767,-73.834526
-95.312805,135.99484,17.948915
-98.11481,25.161945,58.04275
-106.50909,-116.93684,53.760666
-133.29231,-227.91916,41.899223
-153.2536,-254.95941,53.960648
-139.4344,-186.66566,87.43042
-98.94637,-57.57285,111.11626
-73.54726,66.85733,101.13306
-104.414444,125.422035,71.85816
-190.23798,105.32626,67.06874
-277.0125,53.738235,115.2252
-297.11417,31.295538,193.81413
-230.55998,50.167984,244.78633
-131.33434,67.99298,230.99405
-86.94167,44.372585,175.03279
-144.3434,-11.0842085,136.36649
-271.0353,-54.59384,150.57971
-384.1908,-58.28361,197.66364
-414.26523,-29.007868,230.90643
-345.826,15.752212,227.80742
-213.61224,69.50448,205.9315
-74.11779,127.50156,195.55104
21.996227,170.78577,207.53745
49.873123,174.587,225.9691
22.034807,132.2062,220.02199
-17.528578,64.36499,161.33371
-21.856886,6.6722183,45.181927
24.822973,-8.798077,-92.06006
96.21101,30.80381,-183.59563
146.28764,103.742905,-179.40248
143.56432,149.9542,-92.26211
87.80385,101.47565,8.489671
2.137251,-60.274647,56.045815
-82.527405,-272.96356,40.288742
-135.43272,-431.72726,5.2245474
-130.02899,-469.9901,-0.65759087
-55.026855,-402.78592,32.103127
71.96303,-292.0916,73.75206
206.4825,-182.81761,89.840775
301.51355,-85.04635,75.19027
335.25708,-9.010134,58.98548
318.766,11.82277,78.12877
282.27524,-48.927856,141.42566
257.56995,-167.71742,216.67245
265.70297,-280.2949,255.2536
305.61652,-338.2803,234.39769
347.6518,-344.54907,178.14519
349.86423,-329.60287,136.7761
296.68185,-309.38434,144.0339
221.13606,-279.98364,191.5524
174.91489,-243.4847,241.00627
171.43675,-217.54524,258.24445
171.43958,-215.16928,237.21587
136.21281,-229.29176,197.62146
85.07932,-245.09576,166.36601
79.151665,-257.80734,160.41908
143.56554,-269.87305,177.49066
224.03836,-279.37875,194.28537
238.53107,-283.82977,177.75235
169.3611,-290.91003,111.532684
88.56579,-309.96613,17.58476
85.03192,-329.68008,-56.773125
173.92993,-317.70547,-82.97894
286.26105,-252.81273,-79.00745
344.58755,-152.61383,-83.88551
338.7425,-61.16681,-107.21111
322.0318,-10.05793,-117.85623
339.06277,4.5127597,-87.42192
368.7793,10.407193,-31.569212
345.2387,32.142452,5.2343864
231.72632,71.450485,1.6872969
67.297874,106.00095,-16.70285
-61.788406,107.61287,-6.886731
-91.96662,71.32331,49.878914
-23.486723,28.893002,138.98294
94.63831,22.68409,233.10385
202.8348,57.720776,309.2053
253.67068,87.15956,347.69733
220.27934,58.367214,329.37668
109.4126,-26.624786,245.27347
-29.356659,-107.72359,111.922104
-126.00571,-127.17548,-27.326162
-139.80434,-83.759796,-122.64245
-89.07976,-20.854958,-146.25557
-27.170946,28.46894,-106.16506
7.890732,68.26052,-34.14922
13.944888,112.06759,38.88119
2.6762545,147.03304,96.10634
-23.404354,141.64743,128.37785
-61.810493,87.44766,124.776665
-89.68286,20.040537,78.99817
-72.245865,-8.858149,6.0732393
1.964979,22.40791,-55.556053
102.25916,90.81249,-69.17277
178.53271,157.00508,-32.47795
200.97353,201.8294,16.59934
177.13168,232.93697,32.798183
138.10767,261.31332,6.8227825
114.562454,281.41037,-24.929626
119.216034,281.1267,-17.509516
138.57549,268.20554,34.963467
138.19698,274.52557,91.24747
87.15626,323.19177,102.42015
-12.261196,392.3827,55.810837
-121.69171,423.62134,-19.313936
-201.56085,375.39465,-80.49979
-248.72684,267.315,-100.41913
-291.8651,165.6763,-75.82612
-348.04456,125.33236,-24.775806
-394.1278,148.08003,21.586952
-391.54132,192.5261,37.001083
-336.8338,213.73384,19.881517
-275.4912,192.56833,-8.542635
-258.6777,140.98424,-30.960428
-291.87357,91.07477,-52.641136
-335.9225,72.08057,-86.12068
-359.20914,81.62302,-124.9786
-377.4437,77.84782,-147.64598
-429.89435,17.16543,-146.57819
-516.6299,-87.204,-136.87637
-573.58154,-153.74142,-128.71472
-526.3267,-100.87393,-106.53872
-373.41214,63.978096,-52.316784
-206.62468,232.90697,16.959642
-135.28487,288.66708,55.374546
-185.97644,211.7516,37.559902
-281.78366,93.7556,-11.717453
-323.05185,43.518757,-47.151455
-282.5036,84.07299,-52.238773
-215.24673,144.57341,-45.230446
-183.48459,147.28235,-40.506126
-189.87103,89.89851,-23.519207
-192.48117,35.95915,25.82851
-169.43275,33.154396,95.911934
-144.90689,58.074226,145.86488
-146.90666,48.28825,147.07388
-158.65773,-21.967005,110.99399
-130.74982,-112.43573,69.62241
-39.06899,-162.63138,36.44794
83.859406,-154.60999,-2.5368636
178.54321,-124.47664,-61.27152
209.30615,-120.10335,-130.0598
182.7923,-156.9916,-186.36023
130.9927,-212.544,-221.96564
90.26436,-252.68967,-249.5001
89.31547,-260.17752,-282.77484
135.68787,-243.0658,-319.52936
204.92796,-222.04344,-346.69598
255.39436,-210.09944,-356.34518
266.30212,-203.49158,-351.30072
256.15417,-192.78105,-338.4418
252.7,-180.20827,-321.22363
248.96048,-179.89233,-296.25803
205.25047,-197.89972,-252.58286
100.58402,-216.79776,-178.02435
-29.686811,-205.63182,-75.62732
-118.95214,-145.2047,24.88175
-129.58194,-43.051956,81.86429
-81.7548,70.07203,76.007774
-26.077818,152.44922,26.621973
3.6762533,169.1372,-31.883427
11.794302,117.94691,-85.3705
25.814978,46.059967,-142.38232
66.66989,25.025297,-202.90086
128.91641,88.694275,-239.4641
185.05186,195.78506,-219.97997
210.04938,269.305,-143.69878
203.39267,277.15338,-43.776115
185.52853,259.47714,44.14776
173.06387,267.88388,104.80634
162.02335,292.7914,134.6755
136.44817,271.6502,127.71216
87.56659,167.11992,84.79161
22.786133,16.534761,31.362204
-34.854206,-105.33881,6.8949437
-50.133312,-160.09369,28.827438
7.9781575,-171.44577,75.54058
132.56415,-187.03421,111.96011
260.7665,-229.87334,124.753815
310.84918,-285.22592,123.49724
252.4297,-319.39606,114.15522
133.84503,-305.1003,87.758804
32.29176,-237.90721,39.110428
-13.493725,-136.24892,-16.097555
-11.640366,-22.626024,-52.693142
24.052086,97.78412,-59.237564
92.39079,232.8246,-42.52679
176.77213,371.7095,-15.169084
228.52739,466.3241,9.85687
205.60657,461.30048,15.253321
122.60857,350.8691,-13.283576
40.29308,199.74106,-67.18355
-0.120584175,96.981476,-112.46549
-18.557663,81.89349,-120.24594
-64.207954,111.659775,-98.65961
-150.81523,102.66545,-84.31301
-234.7162,10.411597,-100.06439
-258.00955,-124.25116,-129.43962
-209.1435,-209.24106,-136.70128
-139.22733,-188.39972,-104.75659
-117.82402,-96.0356,-46.024567
-169.57205,-18.93027,18.467415
-252.29878,-4.2401533,77.62272
-298.54214,-15.893934,124.70962
-278.02686,12.469948,146.14417
-216.37206,94.91275,131.91695
-155.79544,180.18376,99.443886
-110.26439,215.64882,92.833046
-67.59204,200.35434,141.8727
-25.686255,164.05217,218.38988
-7.746969,113.44604,244.70026
-36.04462,27.11756,159.55624
-102.29336,-93.68901,-18.41928
-173.29298,-193.92542,-195.62283
-219.94255,-206.87177,-277.35428
-232.21753,-126.51827,-243.30876
-212.42229,-22.716925,-156.36603
-170.66144,23.515318,-100.17282
-132.03075,-5.8299575,-105.08091
-133.97162,-60.975483,-128.94917
-199.84442,-85.954475,-107.091705
-313.01273,-72.54118,-21.662716
-424.9416,-52.68207,77.54872
-492.05106,-52.531647,121.22646
-501.935,-67.84181,87.22822
-466.99277,-81.298004,16.564873
-405.13388,-88.55907,-33.36659
-333.79413,-98.78895,-41.321934
-272.31357,-115.987816,-25.191841
-232.80945,-129.38283,-6.622906
-205.14098,-123.08649,8.977425
-163.02684,-91.280754,17.122913
-94.25048,-44.484375,-0.37353915
-19.593153,-4.3677764,-56.360073
27.117489,9.489118,-127.682846
36.668777,-5.2741585,-160.65434
35.732525,-28.097748,-118.40695
60.882412,-27.863031,-21.311682
125.57779,13.53449,65.538475
208.6252,84.7091,88.165565
265.48514,147.45973,49.4119
253.87575,157.59705,2.8421412
167.48415,95.47808,3.2989514
57.14235,-10.901841,61.321136
6.0650387,-96.55638,141.88707
60.33242,-112.53869,203.22368
177.35735,-80.08565,232.22444
257.1924,-80.56195,240.85576
236.47382,-173.25995,235.64705
147.89394,-323.0067,204.07162
81.71868,-424.39804,136.95096
95.320496,-403.76007,55.41761
169.04263,-287.53235,1.3149441
244.1563,-165.50148,-3.749165
286.65106,-100.02866,17.256233
307.01154,-84.17748,19.838457
329.15317,-78.30942,-16.590984
354.56894,-62.830032,-70.80244
358.58377,-46.421345,-105.240944
314.4293,-39.908695,-102.64844
218.84961,-41.92754,-75.37216
100.36933,-49.088253,-45.274494
6.5931273,-63.797707,-23.517576
-23.167896,-83.28301,-11.717505
14.66871,-88.76379,-14.742529
81.00818,-57.658127,-41.46875
119.21872,10.825294,-89.08504
97.07252,88.00354,-133.0297
28.988827,137.48576,-142.61594
-43.708126,142.89374,-110.97943
-93.64644,113.16207,-65.295334
-124.599304,66.94874,-41.135406
-149.63747,21.370243,-46.286114
-164.77104,-3.3839514,-54.466225
-156.61728,18.437784,-36.66784
-131.91013,100.104004,5.6443925
-121.356544,218.38887,43.158676
-144.66168,317.80054,52.57626
-182.17175,349.96872,41.51881
-195.09105,311.72974,36.877617
-170.37682,243.21375,52.38121
-131.33826,191.05469,73.322876
-103.04116,176.10638,74.16585
-84.169914,189.85898,47.369816
-62.985645,207.46956,11.815194
-46.44681,198.86707,-6.0510936
-51.87517,141.27524,3.620803
-70.05831,40.555496,29.121494
-57.989826,-57.719643,53.316124
17.847458,-96.20801,71.43559
139.48494,-60.341587,92.23892
251.90553,-0.9053299,123.58609
316.77783,11.906389,159.35779
340.4084,-40.20807,182.11102
349.48505,-108.269325,179.55952
354.66174,-135.28392,159.11612
347.2119,-118.28986,145.08646
321.87167,-99.79927,157.61192
288.21674,-106.117744,190.7026
258.8116,-113.89644,212.45271
236.86061,-82.424515,193.04425
219.75069,-3.2346067,136.55585
206.55727,94.137276,82.52114
194.48927,175.61932,71.08835
172.3928,226.0769,105.71423
128.43387,244.04782,151.99422
68.13233,234.1093,171.55794
19.154467,213.17827,152.87599
10.711493,209.04959,110.28862
45.18698,234.67825,61.992687
91.54327,265.89526,15.782108
109.9493,259.4552,-27.253231
85.84925,198.16737,-62.937504
40.91184,109.50716,-79.83411
9.746285,34.75766,-62.940773
5.2112875,-12.003326,-5.348608
6.8233876,-46.44167,76.282265
-17.47031,-82.507866,139.44131
-79.57048,-111.72246,142.12733
-158.7953,-114.768906,82.01495
-214.69409,-81.38598,6.230672
-211.62688,-12.634313,-27.04164
-142.97548,84.06808,0.49161732
-45.84385,185.26566,56.11532
10.199772,239.92122,92.63415
-30.48747,192.7073,90.86174
-156.7615,40.902817,69.26773
-286.667,-135.8878,61.804924
-330.69714,-226.47664,89.18439
-266.91953,-185.71606,143.4526
-152.36324,-78.53701,194.11006
-62.307873,-15.914811,214.33107
-25.073742,-46.50904,208.32501
-14.473197,-120.370926,209.4518
8.368313,-160.26985,242.48656
56.34371,-153.61577,288.13507
111.422516,-158.27156,294.93515
143.65524,-220.98032,231.87315
134.65681,-310.5451,124.01692
95.168884,-347.17365,29.956896
65.913216,-292.9166,-13.973415
92.090065,-196.29483,-22.117723
185.07726,-139.4749,-34.134323
307.5164,-149.33127,-68.46894
400.73474,-172.22554,-105.16026
428.38892,-137.44989,-112.74068
393.9891,-37.219406,-87.497444
323.51532,61.143753,-62.551975
241.57909,78.83112,-77.04916
164.51602,-2.5465667,-138.13187
103.810585,-128.09328,-215.76697
65.278564,-219.47502,-273.59402
47.271175,-234.23566,-299.22455
47.28568,-182.31277,-302.21616
68.78259,-96.58184,-290.23694
112.607346,1.1344302,-258.5429
160.51851,101.27041,-204.55446
178.14339,183.38322,-143.10283
143.54623,210.36646,-98.45451
69.45745,159.62666,-82.144104
-10.60463,57.81319,-83.893875
-76.460945,-29.436872,-84.998955
-133.41245,-52.393524,-77.46811
-191.1844,-20.636108,-69.59709
-242.24811,12.914761,-75.525536
-267.02005,10.370739,-100.032684
-252.45888,-12.269533,-131.41872
-197.47311,-3.8142612,-149.11699
-107.36848,68.28392,-141.27818
2.9485867,183.09807,-115.99974
100.480965,282.27267,-92.35919
144.325,319.78525,-78.90612
115.09844,297.15305,-65.214096
31.247768,250.54276,-39.466
-67.078545,206.47424,-11.77454
-144.49887,158.13652,-11.217099
-179.92924,89.111534,-54.058483
-166.72578,9.156291,-117.67373
-121.87441,-51.322052,-152.62117
-89.37641,-83.33326,-124.5182
-110.09026,-115.91218,-44.9818
-177.14801,-176.31342,37.57831
-235.25917,-245.51602,76.87763
-237.80264,-274.2812,61.9294
-196.25615,-242.18402,19.015604
-158.90588,-180.01726,-14.033284
-147.1225,-127.02553,-17.036516
-132.81409,-84.976295,2.9973254
-82.57619,-29.581795,26.039818
-6.025387,45.79032,39.424923
52.14389,118.26967,42.811028
58.692883,162.01324,36.261322
18.133308,165.17392,12.936031
-41.210487,120.655426,-28.193308
-92.87424,26.445696,-66.738174
-123.883865,-90.77594,-73.1751
-133.57623,-173.06738,-45.3587
-126.91984,-178.19405,-23.11045
-104.727585,-125.21018,-50.138737
-61.002598,-72.59415,-119.74358
1.5682889,-51.49047,-172.31696
54.259735,-41.82376,-155.3914
57.285942,-17.92936,-77.762856
5.172621,9.607355,5.6609936
-51.782635,17.737612,54.818863
-50.022713,17.520903,74.15834
19.793526,43.930668,83.10903
99.99366,97.90901,79.227905
126.80883,128.63065,46.32581
95.66739,91.25274,-11.5675
58.275497,6.0886607,-65.90361
61.30393,-61.74058,-97.13964
99.061005,-77.65347,-117.57473
126.48251,-73.21195,-151.01859
108.515915,-103.02127,-198.05054
51.116257,-182.14435,-233.39066
-11.106074,-276.36087,-236.15964
-50.111855,-344.16873,-212.83186
-66.443596,-373.20926,-188.40147
-80.92513,-375.23676,-182.61522
-108.24032,-358.64508,-198.16237
-138.72882,-316.31134,-224.19417
-144.81525,-239.50124,-242.7471
-105.71228,-137.23705,-234.46931
-28.671146,-37.659897,-189.09515
51.769497,30.664894,-117.00398
97.94982,58.79235,-47.612286
98.98978,59.2113,-9.851329
80.29691,48.166832,-10.397731
79.48559,26.50643,-30.018732
106.81217,-21.444069,-41.038048
130.1946,-108.78785,-29.755632
106.65996,-223.78302,-5.2528844
32.97504,-325.29758,11.520577
-38.972473,-362.8748,9.434648
-44.516487,-308.19556,1.6424332
32.58461,-174.74226,17.608295
141.84386,-11.330673,75.49321
209.68358,124.23767,159.74841
201.06026,191.65471,229.28235
138.75414,180.17812,251.24968
66.717064,106.628914,225.45303
3.1935294,6.5805717,174.62065
-63.481663,-78.19817,117.604805
-137.39185,-115.95568,60.674717
-189.50455,-99.43214,10.665152
-182.9178,-48.177418,-20.555485
-119.74811,6.1822753,-33.812416
-46.733295,43.182007,-52.236374
-6.8349156,67.487854,-95.05544
3.9826252,100.69615,-143.60423
20.177166,156.73114,-153.10371
54.216835,224.58907,-107.60499
79.05204,277.95563,-48.77264
67.23482,301.9604,-33.246113
31.835678,304.72513,-66.44635
14.194318,298.9814,-96.42799
35.84764,280.08398,-76.15099
76.19417,234.65654,-16.144941
99.18502,171.36635,33.51162
90.36812,129.1258,41.442383
60.842846,143.92906,20.95343
22.843943,211.64352,3.449293
-26.642544,291.11795,3.1069987
-97.58974,339.66718,12.35696
-192.19293,336.69543,19.87892
-304.4586,278.9594,22.950377
-428.94424,173.46245,26.333324
-560.0269,45.51621,37.02198
-680.49774,-59.24375,58.539055
-759.2464,-99.76696,83.7749
-769.72253,-69.73997,94.17035
-712.8016,4.0991206,73.7882
-618.6359,91.48128,27.84574
-525.4939,175.31418,-17.265635
-457.56393,239.50777,-37.271404
-417.90378,259.6156,-32.410995
-392.24652,223.21867,-23.912691
-356.6424,154.57722,-29.44653
-292.40698,99.81146,-45.53604
-205.42227,79.89271,-54.21827
-127.72311,69.4994,-43.080242
-87.687546,33.456543,-16.328476
-75.88225,-21.806456,11.12581
-50.842796,-47.161743,25.972229
14.158658,-4.013984,22.71434
96.37535,90.259674,2.6963067
143.69673,174.31638,-28.220428
126.757095,193.83327,-61.50539
64.1013,138.40694,-89.85429
-1.4019667,41.316586,-111.79716
-40.223984,-42.390545,-131.05759
-48.004128,-64.058426,-149.70796
-32.261726,-12.189627,-163.13345
-1.2991678,71.63059,-163.34706
32.619133,120.29695,-146.17178
49.975384,103.26939,-113.81865
34.978794,60.884785,-72.90227
-7.4539523,63.61799,-33.49488
-50.74608,134.5846,-7.6858535
-69.0841,222.75694,-1.1229165
-62.334896,255.9355,-2.430193
-54.984142,209.70938,12.77965
-67.88325,120.07327,59.375652
-94.71746,42.139,124.38337
-111.47356,8.625755,177.14249
-107.186676,17.436827,199.71645
-97.67854,38.06835,203.62392
-105.939735,28.618874,215.11588
-134.42201,-33.301228,247.76869
-162.16986,-124.256744,291.22913
-167.51268,-189.92336,321.60117
-148.88757,-198.62953,317.94357
-122.74502,-173.73491,272.79507
-103.25458,-160.3557,196.1158
-84.994896,-165.33884,112.68429
-47.14332,-148.98608,50.826878
20.83446,-81.25056,27.645002
96.70136,10.988541,42.594433
137.25226,68.40423,83.27238
122.652,64.81114,134.39247
86.031265,31.208881,182.01244
85.24625,11.0437155,215.78232
140.19637,6.925152,232.95325
209.7969,-13.559195,239.33047
241.59679,-63.725117,242.91803
235.35106,-108.94841,247.18622
239.47577,-104.767746,252.05421
283.5378,-56.760708,257.06976
334.2658,-24.377348,257.07996
333.96198,-56.812225,237.34961
273.48242,-134.67976,184.69974
206.87654,-188.67798,109.65602
190.10156,-175.30081,49.33364
222.14749,-122.43127,36.693745
259.16333,-96.80659,66.87119
275.6669,-137.12842,102.49673
290.91196,-225.59204,114.047424
332.05106,-312.99652,106.560684
390.41623,-355.71204,102.30153
429.83365,-333.165,106.479034
431.10956,-253.24547,102.28212
411.60165,-154.11618,78.922966
399.29425,-87.17833,52.470413
401.5914,-76.60001,51.517513
406.45532,-92.17445,86.65922
403.10318,-75.29328,140.56471
389.5834,0.011089933,185.85672
365.21542,96.58392,205.21555
329.7723,150.13782,193.20346
292.55807,134.3356,148.81721
271.16223,88.57605,78.55487
273.65268,83.976135,7.8328047
286.16486,161.19151,-23.930262
283.8268,293.38174,4.0044847
252.93195,405.36533,61.76335
200.9491,437.3661,81.64946
149.38074,400.70142,18.283323
120.5579,367.58215,-101.35692
125.80601,394.56088,-198.07161
157.15216,457.2218,-217.53113
188.97206,475.16022,-181.66487
193.5669,404.93384,-156.09567
159.3574,290.0054,-173.23082
94.99516,205.33076,-203.11034
19.41484,169.47742,-202.70856
-47.873116,138.32314,-175.738
-91.098114,80.16453,-165.59233
-104.471016,20.744793,-193.89775
-98.3457,-2.9596522,-226.95985
-90.61876,-4.1473036,-213.26387
-84.468704,-26.00572,-143.45369
-60.24375,-69.112724,-59.686916
0.6828852,-78.060936,-8.261788
85.36866,-12.852214,4.355472
152.07635,94.72638,5.3328915
165.78117,177.20557,16.022348
124.96778,205.27347,28.171246
53.998085,201.20427,17.792503
-19.580524,193.05415,-23.74499
-75.302124,189.96338,-74.90961
-100.86817,202.387,-100.57254
-98.669914,246.99803,-86.53418
-87.92743,309.58826,-59.412624
-85.05997,331.46185,-66.21637
-80.36744,268.97473,-125.49832
-50.262913,158.3516,-199.0628
-0.005750519,84.81617,-221.07697
23.748331,79.835846,-160.09828
-15.169327,80.546844,-48.315197
-83.00079,11.768364,51.907413
-95.10267,-113.541,101.55065
-8.226913,-206.16003,99.53506
120.22389,-207.53127,57.63412
183.11853,-154.77325,-16.046993
130.42723,-128.92117,-103.30415
11.325527,-159.11299,-165.64873
-86.88004,-196.44022,-169.15927
-121.18693,-174.88896,-119.481346
-107.4449,-81.132095,-59.326553
-75.68941,36.09893,-28.324417
-39.060204,112.307755,-33.623398
-6.603279,117.97899,-60.20978
-0.09673394,73.27353,-95.685
-38.33792,22.615442,-134.78403
-110.9801,-5.049865,-169.26823
-183.87996,-16.0783,-190.12248
-232.50894,-36.815628,-200.8788
-260.1696,-81.799484,-215.18102
-280.11136,-138.79077,-234.16116
-289.35175,-181.72554,-235.06474
-269.2358,-191.50966,-192.57614
-209.46172,-163.44983,-109.11716
-123.638054,-104.4507,-15.526137
-38.775864,-33.739964,58.837673
26.662563,15.688598,109.557
71.664215,10.334986,148.56473
102.563896,-57.193436,179.35515
119.600685,-154.11458,188.83826
117.11572,-226.19878,164.67642
95.83033,-235.69864,115.77846
69.13357,-184.39499,70.53051
52.21073,-105.5144,52.178055
46.831207,-40.123184,56.524666
43.06943,-20.191961,57.6781
36.11461,-60.383045,39.305824
32.700478,-148.76237,17.85923
36.164425,-241.66483,27.206675
34.347343,-282.50055,76.20543
14.199376,-244.69026,127.4071
-15.547512,-161.29762,127.80476
-31.991451,-102.16802,63.705406
-32.01391,-110.671135,-20.419329
-42.98652,-161.82724,-62.690918
-87.11822,-187.92105,-42.11945
-144.65373,-147.64713,6.659177
-169.48225,-67.9367,34.82817
-139.90189,-15.9728155,29.9699
-77.90196,-30.72025,22.8993
-15.029836,-83.79558,47.86547
43.787968,-110.40611,102.100746
110.496185,-81.28323,147.58751
179.48111,-41.345097,149.97115
221.11806,-67.65947,110.67435
210.85977,-182.08316,60.090263
153.2967,-311.83612,26.005072
74.299164,-350.9403,16.48295
-2.7261784,-265.7423,31.450834
-70.453064,-130.99542,76.65667
-135.85405,-55.095245,152.50511
-208.61006,-76.10801,231.15065
-283.6059,-138.04689,261.777
-330.9102,-160.07011,214.4049
-314.58066,-113.04817,118.9693
-234.78767,-29.521023,48.834957
-147.01434,41.534573,54.984795
-122.5276,76.63988,116.47814
-182.08215,84.47402,162.0104
-275.71115,86.845314,142.23734
-332.82162,94.78709,76.00278
-325.261,96.37552,22.22948
-276.66547,69.148254,12.72904
-222.54599,11.546028,23.492378
-179.23648,-40.890408,13.699114
-151.0638,-43.410362,-19.032988
-146.9613,8.866887,-35.06543
-174.60431,68.52692,-3.5578911
-225.12593,79.97615,55.14971
-277.80566,32.09842,87.033134
-318.34164,-36.67215,62.80454
-339.54697,-77.522415,12.360998
-324.32056,-67.164154,-3.202643
-247.72455,-14.101405,45.21176
-110.4755,51.54695,120.44317
40.753555,91.121475,151.0823
147.90205,78.608925,101.195625
198.59879,24.208637,7.163257
231.52708,-29.630096,-59.38458
277.81613,-50.38828,-64.72315
314.7912,-53.00207,-42.07397
296.66898,-81.64771,-46.307068
223.13802,-151.00809,-91.79762
152.97797,-220.26933,-146.79863
142.51149,-236.76765,-181.04182
188.19275,-195.9234,-197.1986
243.37088,-141.19295,-208.74425
279.13885,-106.71891,-205.87018
307.85764,-80.84169,-163.511
347.92282,-38.159714,-79.38011
387.34833,6.7025046,13.651363
395.83725,0.37367553,77.14201
363.74954,-89.91262,97.172386
314.5412,-232.27164,81.10331
278.6497,-354.08548,39.289597
264.86603,-402.54382,-16.003183
259.20547,-375.1262,-60.95142
242.46909,-301.90305,-69.7118
202.37788,-216.91066,-42.281837
135.14673,-148.2538,-13.361705
48.13216,-115.76692,-21.63563
-34.264355,-119.87776,-69.75215
-76.07718,-135.9061,-121.4982
-55.03098,-134.32329,-140.9339
11.598676,-111.15208,-129.3722
72.9838,-89.6115,-118.53474
87.73396,-87.4564,-128.79524
63.798183,-92.746254,-142.0414
47.918457,-83.30188,-122.72949
69.17345,-65.8885,-64.61778
98.619514,-79.40822,-7.7012677
75.947945,-149.30983,-0.80464214
-22.723328,-246.15932,-48.629025
-154.03648,-303.93213,-104.52678
-250.61911,-284.46823,-121.21746
-287.59637,-216.10219,-103.903275
-295.5306,-159.871,-103.06348
-310.31488,-139.71825,-150.49826
-325.56305,-116.86912,-209.43459
-303.83673,-39.14395,-199.67755
-227.20848,91.51328,-78.01876
-122.77109,212.61935,109.722694
-35.514843,263.73138,261.93713
13.669408,244.25171,306.05167
34.692097,200.1367,248.50829
38.706505,161.45628,148.09264
16.089666,111.978516,56.593735
-47.795586,27.49196,-6.249104
-139.61407,-70.855576,-35.781822
-212.21964,-121.29892,-29.405586
-219.30072,-82.1114,-0.013057039
-156.66461,24.267855,17.54636
-68.14702,132.76279,-2.929438
-11.387076,192.53671,-42.880962
-16.702257,197.59277,-52.70337
-72.19429,173.98961,-9.92068
-138.79347,153.80252,48.6872
-176.41258,158.64809,65.501625
-163.952,187.8142,27.183617
-107.933784,211.50523,-21.67693
-39.81958,188.90578,-31.112312
-1.3318874,109.98839,-1.8005925
-20.432844,16.064472,16.464516
-89.55685,-36.894085,-22.760174
-162.95555,-36.46233,-114.93754
-182.14847,-19.510893,-204.15578
-117.92648,-14.897538,-226.2126
1.7944824,-1.0088503,-158.64876
106.08927,58.837643,-38.887768
133.248,149.49582,64.30236
80.25125,204.56844,103.519135
4.6253667,185.52367,84.17552
-25.780548,136.55623,47.51913
9.619498,134.936,25.570263
72.05389,194.01164,14.948946
106.34804,243.162,-7.959683
95.70512,211.80846,-53.43453
74.68177,112.61732,-103.367096
88.73109,26.01143,-125.75336
141.96086,15.324491,-101.25725
186.73279,75.73306,-40.582382
166.6374,157.84837,17.761583
70.025696,214.62816,30.378262
-59.04932,220.37964,-18.03618
-160.80539,172.02745,-97.7578
-207.58012,96.84745,-155.857
-213.81906,49.349262,-163.19708
-207.39514,73.11995,-138.7417
-200.20973,157.31958,-122.01482
-187.73846,244.2834,-125.40766
-169.18948,286.89706,-124.89308
-159.4117,287.72687,-98.74807
-178.8766,275.4406,-60.164207
-234.14694,257.42032,-39.36765
-308.5454,213.54301,-42.615997
-369.952,133.45161,-47.226597
-388.3356,42.02912,-37.1023
-351.40033,-18.977787,-23.137047
-269.89056,-25.427507,-18.23702
-169.74142,18.415146,-9.2687645
-76.00456,93.722565,24.919518
-0.71712255,180.38765,73.3131
54.923897,258.6649,95.3545
88.01948,308.9005,72.039276
88.67182,317.55194,36.309525
53.24157,285.92957,36.94082
2.5781589,234.33258,81.26805
-22.291857,195.62129,130.02269
6.7978845,195.39377,145.11694
74.60843,228.33447,125.06529
131.20808,254.68953,90.65974
135.81374,230.74919,53.091564
90.926216,150.73004,8.393325
33.469246,56.95172,-44.913292
-0.54490685,4.157899,-95.88174
2.655731,13.0473385,-128.90674
39.41598,58.62486,-135.0719
97.30975,99.64348,-117.34795
153.12845,114.56418,-90.17233
175.27522,110.20849,-71.32445
144.16267,102.28762,-66.71897
72.17228,93.664764,-63.831078
-4.5313478,73.91991,-47.536167
-56.676846,39.00237,-22.616667
-81.03226,6.2019253,-11.739137
-91.8769,2.1103623,-27.459555
-103.81644,32.458763,-53.721737
-126.02807,69.46379,-61.68804
-161.72237,76.56088,-40.363964
-201.0487,44.524677,-6.160659
-217.85136,-3.907664,15.278572
-186.594,-44.505173,11.97032
-108.01222,-75.98858,-6.3524375
-13.005206,-109.09625,-15.979937
62.284134,-141.51285,4.1903286
102.827705,-156.30994,55.753437
117.7134,-143.41841,116.211945
125.59799,-111.3107,154.49368
141.1861,-75.697296,155.19814
167.48976,-47.14284,128.89926
191.10251,-34.09262,100.08169
187.3912,-46.196915,86.49068
141.49385,-81.91524,87.54389
69.07584,-117.153564,87.48738
11.20788,-121.10927,69.174736
3.2104306,-88.87879,29.460058
47.513588,-50.669037,-16.59977
115.23558,-43.122948,-49.209145
169.66405,-76.720955,-62.35646
188.23892,-136.71825,-66.72662
170.41278,-209.23875,-75.98091
133.4343,-293.03122,-96.162865
101.24765,-382.11462,-127.424644
91.78172,-448.4873,-164.66179
110.13354,-456.2473,-190.77011
151.17897,-395.72293,-180.83463
205.42075,-295.81793,-126.49265
260.75726,-196.91438,-51.60462
302.80585,-116.44329,9.979998
320.6961,-49.074585,50.651848
315.8512,3.156844,88.039474
303.06903,17.924068,126.7776
299.45367,-19.137745,141.19678
309.2137,-82.85082,108.75477
316.8495,-124.10744,46.819122
295.9804,-121.16265,-2.3317313
230.2935,-101.95109,-18.116964
130.80966,-107.667404,-16.251019
31.593113,-145.66914,-18.93406
-34.76438,-189.8895,-29.587378
-56.674847,-216.24129,-41.07284
-38.7543,-215.59056,-49.28506
12.946623,-173.42274,-46.147808
88.79393,-66.53624,-14.309716
161.95462,97.85414,51.516926
196.32329,251.98979,122.73218
180.2011,305.08728,154.9481
142.30206,222.41742,130.81754
119.869255,58.75008,72.70345
115.31278,-91.63612,11.758678
100.12303,-171.26451,-40.68987
61.631233,-185.10562,-86.0019
26.974478,-166.74272,-119.68175
29.735079,-137.84523,-135.58113
64.53395,-103.045364,-141.09125
89.75966,-71.52506,-152.02496
72.12708,-69.64872,-172.82568
16.354298,-123.970825,-193.44173
-47.953285,-227.21916,-204.19118
-95.137566,-323.06097,-199.56314
-115.195526,-337.35986,-167.46199
-109.59998,-239.9674,-96.18654
-87.545166,-77.92381,-5.289636
-63.33556,63.84911,47.68347
-47.551834,141.54749,16.79116
-38.33113,184.37636,-76.48463
-25.899776,240.14305,-158.2967
-7.256882,300.62766,-179.56004
7.1166677,303.17996,-159.81161
3.2383473,210.85814,-143.9477
-21.278767,69.87784,-136.3135
-53.43544,-31.546366,-104.38885
-76.12351,-52.92617,-41.019867
-84.79935,-29.164093,10.540013
-95.24397,-10.4365015,8.169987
-132.20274,-1.1963573,-34.76324
-202.72945,26.361912,-69.99648
-277.21167,78.78177,-78.74399
-304.13394,130.07253,-87.5515
-255.43745,161.25726,-116.770485
-160.54247,183.54369,-140.1595
-87.69693,211.278,-115.118744
-84.20841,231.8055,-40.692593
-136.98688,219.88829,36.444286
-196.40524,171.0225,73.42846
-233.05667,102.07431,71.86273
-257.60825,25.939482,64.05946
-283.25018,-51.9925,75.11513
-288.16092,-111.67622,108.55754
-236.96243,-118.58364,156.42113
-137.69614,-62.663815,204.37419
-54.2538,15.324867,226.6637
-45.893517,54.941364,193.31276
-102.26047,32.82365,95.970245
-154.59377,-21.131205,-33.600666
-151.46896,-60.505257,-136.51431
-109.401695,-63.730984,-162.54346
-83.26549,-40.711243,-100.00547
-99.00992,-12.570923,18.68279
-128.1549,8.756949,135.37321
-125.02399,27.312984,197.93596
-76.827965,53.892605,188.57416
-13.938117,87.007065,129.06442
21.316885,105.346344,57.04654
10.778819,89.70553,-5.4914136
-29.761591,53.848083,-60.738163
-70.288475,38.566395,-115.24922
-95.92045,63.669495,-159.03467
-119.37543,95.70417,-169.4246
-163.20245,80.253365,-132.87225
-227.00043,5.8873696,-57.430313
-275.15076,-78.09627,35.12624
-265.48428,-111.84396,122.35061
-195.66367,-83.257355,184.63803
-117.554115,-32.87353,205.90466
-96.32825,-11.19105,184.13023
-149.20164,-37.71328,144.10693
-226.10713,-91.891235,129.77711
-255.90944,-131.30841,171.87454
-213.4062,-121.705925,259.16037
-138.66734,-62.99489,344.9178
-90.73062,8.484549,385.09604
-88.056076,49.08123,370.4008
-98.693924,43.71086,322.25833
-83.2521,11.748102,263.1613
-36.363403,-20.192234,197.9962
16.594727,-42.649303,125.09221
53.277164,-58.154213,56.732296
75.13378,-63.000477,16.445782
97.93161,-47.101444,10.636767
131.15543,-11.339158,9.02004
168.1052,25.884733,-35.103497
190.53268,44.75099,-138.2477
183.47444,41.907127,-262.2729
153.2862,28.601246,-341.93628
130.71828,15.362363,-339.85007
142.52667,2.8555224,-274.9586
172.16917,-16.166283,-199.33275
162.67932,-51.734406,-150.9753
78.71062,-109.647995,-129.25714
-36.702465,-179.95851,-109.56667
-90.68732,-232.96295,-73.831
-38.402653,-240.24873,-25.638718
61.4649,-208.77078,17.61005
106.29597,-184.916,40.211185
59.61503,-209.26488,36.227673
-14.829556,-266.99637,9.532467
-28.280148,-297.86856,-27.808079
41.726223,-263.3072,-58.673565
141.58661,-193.38487,-69.99545
205.67944,-154.36252,-63.935955
213.0897,-172.73251,-57.649506
187.93393,-205.20096,-66.45157
164.88768,-188.15082,-86.14982
162.84442,-106.241394,-95.1852
181.74654,-2.8226256,-75.059845
212.29553,71.41222,-26.339052
245.73865,105.4833,33.655834
276.89703,119.55615,81.25761
300.73575,122.62285,92.29291
311.16095,98.25431,49.49683
308.59787,39.56177,-40.18614
306.04764,-15.722348,-134.75323
317.18323,-8.170756,-178.50075
334.1478,76.484474,-147.14627
326.8856,177.60097,-70.97632
276.0051,215.39783,-7.1418004
203.88974,175.45584,10.762522
160.56575,120.01793,-7.093322
172.53214,108.69457,-31.51707
211.06897,125.34338,-48.773357
217.70496,102.0904,-67.37223
161.05304,8.875409,-97.974396
67.31547,-103.56209,-134.68942
-2.3254504,-155.59569,-157.55646
-2.5011399,-116.27934,-150.63074
62.00686,-18.985905,-115.798256
142.7133,83.10458,-68.94529
185.3416,154.15187,-24.100483
168.56474,173.65204,16.328167
114.69583,128.43213,56.092655
65.96789,27.314747,95.623024
47.74041,-86.845085,132.61871
50.466396,-161.87228,167.16154
45.183014,-177.55525,196.63075
16.373508,-151.49313,206.55176
-21.131153,-103.76854,179.99701
-39.913025,-34.669197,123.24626
-34.46986,49.539707,70.88797
-31.987364,105.31425,51.904087
-61.335987,78.45733,56.068165
-113.41847,-27.033209,49.8411
-145.24261,-128.68404,24.776356
-132.04208,-140.03488,10.645862
-106.29705,-64.66835,32.10553
-127.348625,4.2814393,70.96944
-208.502,-13.381809,91.733505
-289.68198,-96.47425,95.90057
-296.6537,-148.08595,124.45175
-222.43619,-100.64842,199.07007
-135.22717,19.833698,281.44333
-103.43576,131.23763,308.75684
-126.07521,178.19598,262.21133
-145.6961,170.01768,184.61174
-120.02755,151.08807,132.23343
-64.93481,152.27724,124.05461
-26.131777,172.10112,139.93605
-24.177666,190.81316,152.08537
-39.425808,191.74596,146.3602
-45.501595,171.08868,120.57427
-41.933197,135.8425,76.49631
-45.741512,98.319885,17.04335
-57.531948,72.67427,-52.829144
-49.644585,71.668015,-122.19075
3.1405842,98.87937,-169.78824
83.39685,139.24983,-172.23288
133.31631,161.84547,-128.09943
109.39664,143.06488,-69.875114
35.985718,92.87192,-34.98797
-7.9571877,51.68536,-21.285233
32.285473,51.391697,9.80766
124.01173,79.57271,72.72758
175.45117,92.40905,118.86951
131.65709,68.61455,87.64161
32.34678,42.649685,-4.9646807
-33.021812,72.15428,-61.79344
-18.499063,170.7207,-8.362568
42.444626,282.30588,117.14212
87.458046,329.29816,203.04535
90.69116,283.28268,186.3292
70.836075,184.2949,109.56616
52.259212,94.692986,55.345596
38.262165,42.74829,54.62668
20.629837,12.840385,78.52639
-1.4714392,-17.036055,98.43281
-19.974306,-36.782486,119.64932
-28.999186,-6.7282734,153.18878
-32.442627,99.21083,182.57869
-42.662525,251.60405,177.95459
-70.62665,372.6922,133.98962
-110.29211,397.938,77.60183
-132.52208,336.10367,38.170105
-106.842995,260.0489,20.551027
-39.1295,229.64816,9.487229
18.780588,230.33447,-7.9952893
10.721593,199.64897,-31.080795
-68.61223,109.56932,-53.7051
-164.9472,2.5773714,-78.60585
-211.75616,-61.45478,-118.04363
-183.2319,-77.10997,-177.48341
-105.10835,-94.177086,-239.50656
-25.814215,-152.31387,-271.07318
18.411264,-233.66258,-254.47078
21.131285,-284.564,-210.02298
2.2964213,-271.44553,-179.31393
-11.555141,-208.85106,-181.42877
-10.263304,-142.3755,-191.6083
-5.057191,-112.4084,-169.67633
-8.906884,-126.5766,-105.954
-16.134026,-155.51328,-30.628525
-9.432394,-157.1489,21.45953
13.736376,-115.31518,44.258278
31.895046,-56.485714,53.184765
21.268581,-22.649803,53.96043
-20.750566,-27.807285,32.888348
-79.93249,-47.795498,-19.832397
-144.74309,-51.99405,-88.197334
-208.4006,-34.633743,-141.46361
-253.30154,-11.837494,-166.1115
-251.61351,0.3430763,-180.74637
-195.22797,-4.734638,-216.45706
-119.21069,-28.555029,-282.2638
-79.3117,-66.55599,-348.7756
-99.78048,-103.451454,-366.4249
-150.66014,-122.08512,-306.0196
-182.51845,-121.00165,-188.18219
-177.02347,-114.201904,-71.568504
-153.37245,-109.70334,-5.085873
-128.49335,-99.35571,9.703388
-88.36354,-78.7235,4.0986094
-10.634268,-66.43474,-6.934656
92.604744,-85.11319,-44.369625
173.26395,-121.68966,-125.210434
195.13773,-125.28845,-214.99341
172.53165,-59.770817,-244.26
150.10709,46.58852,-180.86702
149.02458,118.48567,-71.20601
146.36523,106.04554,5.37433
110.05813,35.020596,18.441637
41.404,-17.89564,10.057298
-27.186312,4.0738544,38.358185
-70.80683,91.87254,112.11636
-96.07476,185.82967,186.56152
-125.202835,227.56403,212.20984
-165.63177,201.79851,177.08359
-201.13857,142.2552,107.640625
-208.39195,103.89804,43.321087
-177.17459,119.83693,12.801195
-118.044846,171.20007,21.999168
-57.557415,197.6936,52.625237
-26.005583,148.23709,72.776215
-41.234806,28.611872,57.93078
-95.71539,-102.5233,8.979002
-157.14201,-185.72864,-47.668503
-185.62698,-204.24438,-78.24365
-157.94559,-177.48044,-64.32078
-83.165596,-128.51045,-15.804225
1.9372197,-74.63837,32.678314
57.593643,-41.804028,41.72336
70.15349,-58.67052,-5.712585
61.063885,-118.61768,-88.86232
64.30336,-161.86523,-161.46896
91.57546,-121.96784,-185.78407
120.80964,2.6706855,-159.44136
121.07587,137.41856,-110.60897
87.19992,201.45132,-67.628784
46.70883,183.34486,-34.32837
33.19494,140.16266,5.8416114
55.8779,128.98213,64.80753
95.04747,153.19781,132.10435
122.74373,177.80608,182.24081
125.0034,182.90637,198.04747
107.297745,186.65192,185.2947
84.60065,213.84157,164.25726
68.5463,253.35461,148.85017
60.772446,259.44946,137.30197
53.951015,199.17807,124.04355
37.99837,92.69579,114.69972
7.305487,-1.4371436,119.61203
-36.09949,-42.376186,130.45705
-85.430984,-43.077858,115.04867
-132.94966,-47.295254,50.00072
-168.31598,-75.95681,-41.61557
-175.82684,-104.46298,-100.53134
-143.31279,-93.47345,-89.652054
-82.0696,-34.493423,-34.778732
-33.107876,39.64858,4.7078424
-39.0243,84.648735,1.6464671
-101.97117,79.07044,-16.685522
-175.95708,33.714985,-11.360551
-208.72527,-20.54693,22.843452
-188.54056,-48.995396,64.86758
-144.7799,-27.884735,101.43051
-110.05656,39.66603,130.04384
-95.07126,115.64456,135.07454
-98.31027,143.52864,92.21656
-121.193504,86.477646,10.22659
-162.33116,-43.22805,-54.159294
-207.37837,-191.9229,-48.695656
-238.52303,-301.96997,11.596459
-250.68932,-343.79306,55.724594
-247.65149,-320.69928,34.003872
-225.85936,-256.74402,-32.852467
-176.03545,-185.2975,-87.52176
-101.79241,-137.35353,-101.304756
-23.001827,-122.965385,-91.46479
44.345234,-119.879776,-85.41438
99.93629,-92.27689,-88.96019
144.67467,-30.788292,-91.158455
168.45744,30.803196,-82.5124
166.70116,49.21367,-58.28836
160.18079,22.119413,-14.153108
178.16998,-5.098163,47.579742
219.7447,11.315381,108.155106
248.9025,63.415073,140.36867
236.49188,98.597145,133.57399
194.78656,74.937614,108.33558
159.19897,2.0798864,100.22736
144.60934,-73.09985,125.877914
135.70831,-111.46558,165.68945
119.16269,-105.52203,181.77382
107.68018,-67.60189,152.31168
121.821335,-12.282821,86.310905
156.97108,42.994038,7.5262322
183.26526,73.370766,-66.452835
180.51387,60.01794,-123.94502
162.0086,8.883353,-149.07196
154.36984,-56.336765,-130.2242
158.4275,-122.930176,-81.57213
143.89775,-197.16824,-39.283333
89.599945,-274.6647,-23.231344
20.353128,-317.71756,-11.598549
-9.046093,-286.03302,30.248705
32.237885,-191.60204,98.43912
121.42943,-100.79008,146.01793
206.50128,-68.14035,135.10713
248.51665,-81.657,79.77582
236.70526,-90.957245,27.95887
180.43384,-79.707924,12.184784
106.66159,-83.362915,30.955389
57.71012,-130.05591,68.99262
62.90319,-190.41841,113.387535
100.90623,-209.15044,145.45297
110.151794,-176.23326,137.53857
56.809544,-140.57928,78.29278
-16.862083,-148.20348,-0.9590883
-33.839752,-187.10095,-41.33407
28.815931,-206.28409,-7.6419425
113.80496,-176.27063,77.689095
152.6546,-113.4457,155.87732
139.88268,-51.207897,185.26909
121.11733,-8.823027,170.5285
122.198814,7.348223,142.13364
119.19353,-5.8566246,117.86182
83.62697,-38.637383,93.42831
32.744,-60.406578,66.34631
13.632122,-46.865124,51.701393
43.965084,-18.520248,62.274906
88.79291,-30.302744,81.21232
102.597626,-106.90401,73.32875
82.807495,-199.55118,28.845837
70.85378,-227.053,-18.743986
103.238365,-160.77347,-31.176596
171.09993,-54.545166,-13.868161
230.90909,13.023192,-9.147976
249.54446,12.211398,-40.256886
234.04803,-28.307636,-78.56947
218.84688,-69.71474,-77.31685
228.43164,-101.264496,-29.428791
253.69196,-132.6031,21.95054
261.90164,-168.0882,30.888752
227.7081,-201.37044,-3.6015718
155.76279,-229.42496,-41.326878
75.84819,-259.74695,-45.877056
17.234232,-298.4666,-19.967644
-12.2106495,-332.38754,1.004286
-22.838963,-326.3768,-16.04969
-23.411135,-246.95128,-74.20116
-10.745017,-99.61574,-147.53596
18.403074,55.384792,-203.4065
51.23681,137.81186,-223.19308
63.844097,113.29255,-206.94249
43.448395,26.025843,-165.51582
-1.5965017,-42.68863,-112.36384
-57.391872,-50.497696,-59.942783
-121.61133,-22.285603,-16.300068
-195.21219,-4.1230392,20.383858
-260.8603,-5.062537,61.81737
-284.27628,2.4703724,116.983185
-245.18472,33.636707,175.37599
-161.64577,64.61991,206.9739
-77.301674,62.769295,187.10106
-27.314537,28.854942,124.12103
-20.264175,-5.5104856,56.959774
-45.29835,-17.094517,19.528925
-83.7439,-10.938499,9.999573
-113.10474,1.7240788,1.249529
-113.5502,28.475775,-20.448927
-81.370865,83.0598,-37.909035
-33.413227,152.30818,-29.2477
8.285757,193.3089,-2.6280496
36.292828,173.80434,7.4519978
61.577827,111.655754,-21.078403
103.125206,66.678635,-71.95852
176.12357,89.98547,-106.98067
278.8934,178.50941,-102.6791
378.18198,274.1805,-68.35028
415.1544,306.95273,-34.661224
351.69714,247.89621,-29.5528
223.43188,132.14024,-58.43867
129.7316,32.292423,-97.89655
146.65839,1.24501,-110.343376
247.05043,31.819412,-76.17262
321.60193,68.36948,-17.09196
285.32242,57.59318,17.274746
155.42708,-9.132101,-8.406474
22.500381,-95.127525,-85.53401
-41.56458,-150.47577,-171.40837
-37.586945,-145.85736,-221.70605
-14.344953,-88.23204,-213.09851
-11.593725,-15.759984,-148.07709
-32.630863,24.096663,-53.85417
-59.521545,3.9750721,23.964449
-81.91252,-64.67446,43.486546
-108.97744,-139.05644,-3.5450647
-156.70927,-173.99936,-83.962715
-225.90742,-150.30373,-151.17915
-295.68842,-84.001526,-181.92554
-342.48688,-14.231296,-184.26262
-363.98666,21.424345,-174.75629
-377.32736,10.98546,-156.67943
-391.4316,-23.385775,-121.798676
-388.6339,-40.44524,-65.24217
-340.9727,-8.806772,7.4148936
-242.22488,72.1784,82.98749
-118.71474,172.9565,142.62852
-11.95794,250.943,163.04471
43.053967,272.4011,127.98587
28.998764,229.76402,47.60819
-46.170563,145.4135,-36.942043
-144.67517,56.442226,-78.49206
-214.96588,-8.424484,-59.418144
-230.1691,-37.23789,-2.098505
-212.67657,-24.89767,55.90621
-210.08002,30.78334,93.77605
-242.36679,113.20617,114.37854
-279.779,178.90576,126.82201
-277.3287,188.60255,130.97263
-224.69759,152.30934,120.119484
-154.58006,125.885895,92.166
-105.40428,148.72588,53.124687
-85.977486,195.07504,11.094747
-79.05334,204.6186,-30.130802
-69.61546,158.5826,-71.94448
-58.26263,107.19232,-116.73819
-46.83105,115.2574,-161.24661
-23.382166,191.981,-192.91924
24.902927,281.58514,-196.64946
82.477,314.2616,-169.82303
102.40941,259.4687,-129.46225
48.29112,140.70769,-99.56311
-58.96795,14.438413,-91.24961
-149.48651,-66.945465,-99.51442
-171.36789,-88.06466,-117.32254
-145.92186,-77.1431,-142.33954
-144.5007,-76.18741,-164.86899
-207.71606,-99.252495,-160.55359
-296.61557,-120.78672,-111.102234
-330.45926,-105.04647,-33.235657
-268.9098,-42.996536,26.808334
-151.87979,39.410862,36.515682
-61.493637,102.25882,9.026092
-49.69803,118.90634,-15.3507595
-99.32061,91.95773,-14.186157
-147.23534,50.56681,0.5088694
-143.57748,26.766428,8.180323
-93.60561,24.969393,7.939516
-45.223743,16.957855,13.910377
-36.239918,-23.391382,31.898876
-58.648605,-80.78119,52.997547
-80.22357,-105.130775,69.21987
-93.65013,-62.676,84.578026
-124.74265,27.150482,106.59673
-184.48958,111.645874,134.49278
-232.24666,154.64793,162.52873
-211.84715,158.49036,190.54103
-124.25705,142.84146,221.86212
-41.55682,116.827415,249.8091
-36.044205,77.28748,254.44086
-107.28237,25.816805,219.24294
-191.43726,-21.31175,149.67343
-231.50963,-39.740376,71.538315
-219.7069,-11.038512,11.222186
-176.86188,65.186714,-21.86407
-118.9973,165.16632,-38.016136
-58.26011,246.27858,-58.3916
-16.971697,268.28656,-100.40988
-13.79933,222.14616,-160.9515
-35.599228,143.31429,-209.0379
-42.870205,90.04232,-204.3514
-11.64552,95.31147,-136.00105
41.319565,133.15968,-44.079315
82.97943,139.36757,7.6562223
103.80939,77.81406,-11.783768
122.518715,-12.059865,-73.30521
157.76495,-45.285404,-119.76698
209.2406,22.285507,-121.760056
266.56586,142.65001,-97.29334
323.2752,220.27446,-80.59197
375.50238,206.92992,-81.75125
414.52457,143.16661,-81.635086
427.7645,105.31734,-61.04544
404.48767,123.17824,-27.614634
338.59186,156.94637,-12.247512
233.3708,145.70584,-40.496918
109.797646,65.33971,-106.812096
3.0412874,-58.716335,-175.37425
-60.45271,-179.86798,-207.78029
-82.10836,-263.10233,-193.87497
-80.94948,-298.89175,-157.81815
-68.6534,-298.88437,-134.05104
-47.244392,-282.78363,-137.66689
-29.595293,-266.56024,-158.72789
-41.007095,-259.97528,-182.4884
-85.867226,-270.34247,-207.75183
-124.679306,-299.3874,-239.3409
-105.90054,-331.7317,-265.33414
-23.536972,-335.9069,-254.07362
71.14572,-291.48056,-186.12422
121.22341,-215.63489,-89.192055
117.87885,-147.6797,-26.579037
97.92899,-98.95872,-35.46038
99.27688,-31.761995,-77.56977
129.31717,93.08909,-67.480545
169.01143,249.82637,38.865612
191.74367,350.3664,190.69426
177.53644,327.2636,289.15344
124.235344,206.52959,284.85587
53.644234,84.92714,216.91553
-1.6923867,36.321003,157.03484
-27.494389,51.12028,134.60416
-39.47929,68.21392,127.73924
-57.762707,51.617767,110.800995
-74.57562,22.729334,85.83123
-62.06701,20.931004,67.7926
-14.840228,47.770367,61.688824
31.364998,61.19703,64.85103
37.923126,24.210945,77.13651
14.041052,-49.011715,95.42732
11.633358,-102.35424,107.71562
64.51996,-93.5258,107.95323
145.12149,-35.840416,111.08596
192.10606,19.60421,135.58789
175.74294,41.166645,171.32047
125.999855,49.824413,184.55786
98.42245,92.60634,163.70508
122.502594,186.78429,143.47028
183.60934,295.15607,166.14503
243.29198,357.35852,224.80696
270.44794,345.0349,262.236
260.95743,288.3464,228.86198
237.11661,250.5005,131.37508
225.86124,273.25024,22.7963
230.36758,340.65213,-43.847843
225.25029,392.76627,-48.50887
187.48997,377.20068,-6.086132
129.65817,291.7152,49.035194
90.24565,180.54008,83.04623
86.92959,93.52861,80.84416
90.37325,50.99188,51.272354
54.6596,42.04595,13.975809
-30.285347,44.12488,-17.320543
-125.734795,37.226707,-36.457146
-182.62917,8.045993,-36.808304
-185.93024,-43.75136,-13.707884
-161.82579,-98.33363,23.374035
-149.9274,-125.54703,52.36947
-170.94087,-113.64451,60.457325
-213.35204,-86.14709,58.73306
-244.47911,-78.58643,66.647934
-237.20213,-94.431725,85.29689
-192.4225,-94.308975,96.8384
-137.44162,-40.6054,91.73414
-101.85706,49.930954,85.429886
-95.809204,112.30391,99.18586
-109.53681,99.435814,128.85953
-125.676956,33.987328,143.54272
-126.56532,-17.101717,118.770294
-97.965256,-17.017572,65.14533
-40.988304,4.9154215,18.0594
16.539885,-5.2959433,0.791638
34.68966,-61.867867,4.474668
1.9027653,-127.199715,7.1733503
-40.676098,-156.92314,6.7036834
-29.270983,-142.40533,25.506123
57.806858,-109.111145,81.110565
167.1024,-88.664986,159.07726
210.31581,-100.13878,222.0505
145.12843,-145.92636,243.26158
18.31616,-209.46924,224.95291
-73.736305,-258.15375,186.44789
-71.31077,-263.31937,145.4979
-1.347045,-226.17535,115.68103
55.95427,-180.4904,110.03305
46.401794,-164.85184,131.75148
-15.001906,-191.57854,161.15521
-74.69571,-239.57213,165.03716
-100.937706,-270.22256,127.12981
-105.12908,-250.19786,65.614174
-111.31284,-171.48924,16.778864
-122.30087,-61.41942,5.1032
-122.89623,30.267982,30.095928
-105.512764,67.34289,71.67759
-80.13696,56.407852,99.083336
-61.86776,36.918198,83.48197
-59.337708,40.593407,20.688154
-74.19185,65.44771,-54.95891
-98.068344,90.36712,-94.47968
-104.762695,105.822556,-81.89155
-60.368763,122.150154,-48.8359
40.64582,152.02145,-32.009968
151.11472,194.14369,-26.22482
200.96605,233.89932,3.1911674
162.03473,251.70818,65.54401
76.14914,229.81624,125.07416
9.521217,161.79688,144.80127
-15.841654,64.37867,132.1332
-33.961697,-24.481773,123.360306
-79.98237,-70.16399,131.79936
-139.14351,-68.49609,132.67409
-160.9318,-45.990982,101.344315
-117.25017,-32.59625,47.557705
-34.038937,-37.369835,0.73160124
35.422276,-50.623898,-27.670002
58.402752,-62.915016,-52.98889
40.336136,-75.577965,-91.58923
5.5030413,-94.39868,-137.99341
-27.236126,-119.65327,-169.55426
-50.429325,-145.06752,-166.41563
-62.212517,-162.7198,-125.37808
-62.925514,-164.82878,-62.053787
-54.306145,-142.80487,-4.232266
-35.60299,-92.060486,22.87731
-1.4949843,-23.630455,13.778245
49.828766,31.053894,-13.0154
105.87947,36.156063,-31.680807
145.29546,-19.257961,-32.62269
160.99248,-107.060715,-28.956396
174.07967,-180.55719,-39.75873
214.54538,-212.62991,-68.88776
284.43326,-211.72115,-101.64848
346.72156,-199.40837,-120.997505
357.19373,-179.51686,-124.25489
305.06403,-139.29338,-122.608406
217.31491,-80.71805,-126.32202
127.192154,-37.304844,-134.42836
49.220753,-46.567135,-140.13156
-13.296964,-105.400085,-141.96613
-50.599567,-162.67233,-143.89612
-51.415268,-163.96964,-144.60118
-23.476976,-104.03447,-133.33977
5.98807,-32.685196,-101.692024
18.056355,-8.626117,-57.34169
22.612244,-46.752235,-20.606873
41.62456,-107.413795,-5.539443
75.54168,-134.79483,-7.2020783
97.74389,-108.31927,-9.383597
85.60261,-61.15464,-2.858487
48.835457,-48.644333,6.434052
20.370764,-94.025246,6.4439535
22.842018,-161.90106,-6.81109
50.53396,-186.73315,-25.288725
81.868126,-130.81012,-37.069096
100.20302,-16.25212,-35.88869
98.769135,96.994286,-23.38914
73.24034,159.29225,-6.497905
20.51371,156.59589,4.094995
-52.432816,98.73229,-3.601467
-124.34213,-0.21292792,-33.614243
-170.29039,-122.09591,-71.57597
-177.75467,-235.03426,-89.683304
-151.98868,-300.2398,-70.723915
-108.06653,-296.90906,-27.872576
-60.903038,-238.6852,6.0522275
-21.682463,-163.53181,12.97765
2.624397,-108.79195,10.415428
12.01771,-93.338295,34.9577
14.966073,-113.09592,106.44551
21.93672,-145.01575,209.44144
34.60459,-159.77263,305.66663
43.517216,-142.86378,360.18066
38.863747,-107.99791,359.11407
22.094759,-83.77537,311.64276
3.9513946,-82.74059,240.37268
-8.332123,-87.31881,167.42033
-18.127073,-68.989235,105.07057
-32.762638,-15.576311,56.98657
-53.499016,64.62904,24.702404
-75.13097,156.374,7.7716107
-93.02928,241.14636,-2.278691
-105.69367,289.89023,-19.321192
-109.963135,271.99847,-45.69253
-98.46051,186.52664,-61.138874
-65.41715,79.454735,-40.04337
-13.794114,16.46167,15.518633
45.897102,33.641594,67.6961
103.21801,115.87289,77.20336
151.91585,217.55574,44.68973
186.46411,294.73126,9.657263
197.00055,319.59625,5.402475
170.01726,281.40646,20.981024
96.16896,188.58183,13.074211
-19.158688,69.581535,-46.7756
-150.44513,-37.923218,-140.57411
-259.9977,-106.17657,-216.78185
-318.90942,-130.72427,-230.55432
-325.83032,-130.26555,-175.91266
-305.3159,-133.65385,-89.80152
-286.526,-158.08359,-28.863096
-283.9103,-190.92168,-32.338596
-296.06064,-195.31833,-93.94383
-314.3488,-143.3265,-165.92337
-325.6678,-46.859615,-196.06616
-313.30893,48.349915,-167.00276
-270.9588,100.77019,-103.71107
-222.03828,101.86825,-47.78229
-213.20648,70.368706,-26.612705
-272.88602,29.737007,-40.246387
-374.7985,-3.1994672,-66.38313
-453.82864,-18.097517,-77.06378
-465.43054,-13.976362,-62.30899
-426.17398,-2.3553858,-44.80984
-391.54385,3.36156,-62.43031
-397.20847,5.8682046,-124.199455
-427.52798,24.095268,-187.2238
-439.80325,69.218285,-191.09637
-411.67804,123.7091,-118.79907
-360.67673,150.25179,-14.474181
-320.91507,123.013,62.07798
-307.17236,50.585373,88.85201
-304.73755,-28.1646,86.744156
-291.29733,-68.976685,87.164925
-261.38748,-49.471962,109.30346
-224.2658,17.781178,159.43935
-182.31683,95.24821,229.0357
-123.943726,147.5965,288.84995
-44.42577,164.14189,304.77878
34.79126,156.41103,273.5467
81.49413,135.82262,231.40303
88.79992,98.92338,211.40631
84.73912,38.418983,198.2724
100.217255,-34.22054,144.9847
136.06305,-85.674225,37.225292
170.25607,-87.12633,-75.24767
190.97742,-43.270603,-121.09078
209.45468,11.09051,-72.380165
240.1654,46.811123,38.756435
280.56076,67.7748,154.56268
315.3931,95.62817,227.46901
332.25522,131.30577,232.0022
325.93347,147.07259,169.27875
294.38812,124.86601,72.07002
241.12546,89.57346,-9.484926
181.50359,84.83288,-44.96902
139.10168,116.68994,-46.20772
132.14195,142.20206,-45.626648
163.05333,124.52324,-56.97351
216.74858,82.53457,-67.43056
264.3412,65.19644,-63.937023
274.75385,82.62155,-51.057625
236.92133,86.911514,-38.477222
176.13448,29.491411,-24.422302
139.32372,-79.363464,-1.2476043
153.53387,-181.03117,30.677542
198.62631,-227.61743,64.46494
226.42485,-215.73192,95.4322
209.00996,-169.0754,117.23549
167.86311,-109.05371,115.96321
156.0746,-48.3849,85.45616
209.8303,2.489814,48.354946
310.82416,37.031834,40.975513
393.90604,57.224545,66.275154
399.90378,68.78895,78.75681
330.5891,75.80634,36.333355
250.40335,87.54597,-39.87793
226.3322,123.47266,-81.20476
264.92642,193.25798,-51.878315
312.4926,265.96304,5.3538256
314.00134,276.34814,16.768011
263.0159,184.119,-41.193993
195.5342,29.59532,-123.48071
149.27542,-87.23945,-171.39534
136.51299,-98.27903,-165.80402
146.11623,-33.868652,-123.748314
158.82176,14.357525,-64.404755
161.5906,-5.4412713,2.0643508
155.30229,-60.134647,57.455654
148.93164,-94.944855,69.481895
143.81721,-118.347534,17.479761
130.88861,-190.73618,-78.23461
111.749664,-327.18463,-163.28699
113.55105,-447.17282,-192.58263
163.91803,-450.7253,-167.22734
249.51395,-333.4188,-126.75781
319.18454,-195.23718,-107.03148
339.853,-130.95883,-111.896454
335.6594,-136.69835,-127.50907
355.63953,-137.43954,-152.89008
410.50574,-85.31435,-199.75378
460.73032,-5.997764,-260.06705
467.15698,43.97746,-292.25232
434.29684,38.39859,-259.04822
395.2221,-6.426826,-177.442
368.08182,-59.658875,-112.89294
342.49796,-100.20696,-114.01072
304.28665,-121.118614,-161.19537
259.2765,-124.52969,-189.51465
228.21735,-114.510704,-156.90425
223.68102,-91.39467,-79.19957
234.98657,-56.33884,-2.6978502
234.15714,-23.974834,40.27264
197.92093,-20.162783,43.8209
128.9818,-53.425404,16.052807
57.63004,-91.0616,-25.398603
18.875101,-80.4601,-50.899555
23.739204,-3.6437569,-36.394646
50.97436,96.238495,5.028914
65.85052,151.45988,24.081568
47.51716,131.1794,-13.621668
2.0109553,62.873013,-81.030136
-46.766438,-2.05125,-112.99495
-78.848366,-35.347137,-81.808266
-95.02379,-45.974358,-34.12333
-113.419395,-57.494114,-38.965572
-146.84026,-78.17218,-106.38451
-183.2345,-91.41676,-174.37279
-193.67493,-72.029205,-178.23244
-164.33592,-12.501108,-118.906624
-119.00779,64.338036,-54.879353
-104.468765,118.83077,-36.134075
-149.7026,123.23365,-58.160473
-238.20929,80.8284,-78.09825
-319.46283,20.885216,-62.929466
-347.1954,-22.567337,-16.191
-309.35226,-29.61519,34.939697
-227.19247,0.026233086,68.808876
-132.02257,53.298206,84.06052
-45.09631,113.80678,91.149506
24.869108,167.55026,95.04193
74.09127,201.70187,88.5672
99.60937,202.1734,61.711063
100.005684,158.3601,14.838721
74.787186,73.96632,-38.50617
24.346016,-28.569016,-80.94207
-43.307808,-118.76159,-103.71704
-106.67608,-175.87431,-113.807976
-142.25237,-197.40527,-131.03714
-148.37305,-192.35585,-173.05464
-150.01744,-168.68993,-235.13136
-169.80806,-127.69359,-284.82925
-198.77821,-69.737595,-285.62616
-209.1414,-5.3679705,-232.03217
-195.33014,41.866287,-158.25563
-184.2682,51.64981,-107.71806
-194.80615,32.85154,-95.745346
-202.56963,27.863647,-103.89406
-167.53003,75.78566,-104.46463
-95.03846,164.22948,-83.3131
-45.613937,228.9502,-43.360455
-69.49139,216.28477,1.8644338
-142.86053,144.34247,35.546932
-186.96928,87.7028,49.239094
-150.46451,96.7015,54.49597
-60.482986,144.62834,76.15911
9.406542,165.14195,124.95053
9.490158,131.70413,179.20323
-52.863266,81.640915,202.11478
-135.86087,62.169964,177.51576
-202.03952,74.74715,122.917725
-235.65681,88.87246,68.53266
-238.16397,99.40163,32.05634
-218.87569,144.09991,15.880021
-189.3016,254.15996,18.50896
-160.33725,401.78522,38.51269
-140.66306,514.7652,69.02392
-134.34738,542.87616,96.29785
-137.5257,496.95428,106.2666
-141.40251,419.20215,90.47209
-146.71912,330.24136,47.48449
-174.39594,221.90576,-15.33857
-247.6105,98.463425,-79.41415
-352.88812,3.1058478,-119.40815
-429.1462,-12.919939,-116.498116
-415.46463,56.179176,-69.83733
-314.40906,160.66956,4.3892245
-194.64159,240.49512,84.192085
-123.402824,270.72183,152.71207
-107.08683,258.75336,201.9027
-106.95241,211.40852,229.53253
-99.019844,125.78526,234.25331
-95.95093,17.209558,214.53621
-110.65378,-61.964367,174.06714
-123.21449,-54.974773,127.29099
-100.6132,39.375576,93.581345
-39.557774,148.40274,79.52144
26.280136,180.46242,67.76121
59.39681,103.797066,30.750996
46.29833,-30.330542,-39.677715
-5.620734,-142.05873,-118.94799
-81.177475,-195.25278,-169.89745
-158.0629,-214.46588,-175.23459
-206.2731,-239.2528,-147.258
-203.73424,-274.85608,-108.74249
-155.19868,-291.76892,-71.8938
-88.32042,-264.89673,-37.187965
-29.650713,-203.30391,-3.1682236
10.128662,-142.2106,32.24437
29.050886,-112.89928,77.42651
24.461437,-121.71369,142.6748
-1.5356413,-152.0341,224.32794
-34.942642,-182.07614,297.77356
-59.959957,-202.4946,332.3808
-75.28517,-218.71005,314.2521
-90.100426,-234.81627,254.45035
-102.53555,-236.93176,179.79868
-94.0815,-200.5612,119.6324
-53.2501,-119.79604,95.4512
3.6904716,-23.336878,110.36416
47.462376,47.492233,142.2531
68.44276,75.27211,154.36147
82.86217,73.52133,124.45492
106.25816,60.63522,67.98489
134.10799,41.921734,27.811909
154.8865,22.945812,34.886635
170.41772,23.854837,77.78521
190.52011,60.17934,114.117516
212.14355,111.75442,114.3277
217.11588,131.56648,91.95967
192.44548,96.56681,85.931915
144.48404,39.158035,112.60731
92.01498,15.003664,142.32352
53.751884,42.59857,129.95636
43.159107,85.78938,65.747635
62.734463,95.927986,-12.886738
95.50098,60.356377,-60.562473
111.96039,5.856054,-64.72305
98.16409,-34.626842,-42.92976
73.47777,-48.24811,-12.799155
68.47941,-41.037262,18.288223
85.86506,-25.34391,36.77758
96.74831,-13.975709,19.325647
80.95334,-17.42958,-38.983757
59.11646,-35.53252,-102.60257
72.05482,-51.672363,-121.39505
129.76595,-44.63434,-83.306114
190.02335,-12.866852,-30.55103
191.15916,15.658258,-16.811136
105.66656,4.8446555,-53.930443
-34.363564,-54.833614,-105.662674
-159.19121,-134.56865,-127.498764
-212.6802,-192.24258,-104.67435
-194.49416,-209.34761,-55.62222
-158.03075,-203.10278,-10.539407
-160.16327,-203.60321,10.3332615
-204.83546,-220.51257,7.4315505
-237.94987,-232.10092,-0.5620203
-204.29599,-206.81393,5.872981
-108.48723,-137.03018,24.380455
-12.587203,-52.680576,28.24642
26.710876,0.4162247,-3.8207839
9.223287,-0.44492263,-55.29188
-24.028606,-34.915985,-81.20995
-45.114075,-57.91596,-57.413662
-62.59266,-37.978283,-11.642979
-92.19702,20.427809,6.986151
-122.80782,87.08369,-13.659994
-125.12207,133.66393,-36.44606
-87.97257,153.7698,-25.597157
-32.822144,163.03232,6.002839
7.8902097,181.97285,15.594205
16.096798,213.42836,-10.048333
-9.432557,232.82582,-34.308636
-61.845016,205.34604,-16.178196
-125.922615,120.09039,39.1251
-175.1627,8.043219,88.752815
-184.13971,-78.30424,104.15092
-150.50954,-105.75621,97.56483
-101.44321,-82.24263,95.24417
-74.58755,-42.919197,100.43226
-90.60042,-19.105625,94.53185
-138.87065,-16.837648,67.28276
-184.58661,-16.894848,30.889633
-193.9891,5.2229743,1.7518684
-163.97818,51.432304,-21.385538
-129.67407,90.3546,-53.192284
-132.75003,82.938736,-98.46664
-175.33401,24.743292,-139.68521
-212.61476,-44.43216,-150.7063
-200.03116,-80.7226,-122.97191
-141.7419,-79.33254,-77.59716
-79.88073,-67.59687,-48.578213
-39.28664,-62.656616,-49.355938
-1.8837082,-54.864407,-55.87067
56.255295,-34.833294,-29.184921
119.45716,-16.0136,40.532528
144.24866,-17.102089,116.86225
113.520164,-36.0163,150.32452
59.617363,-59.02522,127.03363
27.05426,-86.50926,78.3462
26.902636,-126.1292,44.404594
39.674934,-161.22446,37.618763
51.57773,-155.164,43.032177
67.271706,-104.597084,41.7164
86.48407,-68.630646,24.374865
89.93916,-114.62682,-9.250451
63.587616,-233.29799,-49.688408
25.543428,-331.80344,-77.67592
8.342943,-325.39148,-78.90693
13.630098,-225.45457,-62.980766
4.0372853,-124.06712,-55.9471
-47.926746,-96.961365,-66.52186
-115.25518,-134.45337,-69.38398
-139.66801,-165.9922,-33.799046
-99.41276,-137.38187,35.227283
-36.956528,-56.14161,96.17977
-10.241772,29.408558,111.87802
-27.323595,81.04685,82.175186
-43.291897,96.84631,35.405437
-18.671106,95.13809,-2.255231
35.13628,84.546776,-24.160282
75.43216,58.403107,-38.534534
82.483536,18.484608,-54.509583
80.329575,-7.3366733,-69.587006
102.30975,13.690891,-66.54655
146.25261,77.02764,-28.844744
172.57117,133.03957,32.758766
145.53368,134.67673,73.554726
69.60392,88.75577,47.963932
-17.479467,45.1113,-46.332573
-81.555084,33.651787,-164.01848
-114.25942,29.852266,-254.3556
-120.010994,-5.231871,-299.94418
-93.3232,-63.51381,-310.07095
-21.12095,-89.68308,-288.98087
93.10286,-43.274246,-229.1362
218.5601,56.62105,-137.32408
317.46234,155.08165,-49.856873
372.111,214.02338,-5.7534456
387.4719,228.90326,-5.9538326
373.43475,207.26715,-10.759327
336.0668,155.74976,16.643057
287.21133,91.35438,69.05773
250.26761,44.174534,103.28059
245.43724,33.061066,87.633835
270.46924,46.185474,36.250336
302.63483,59.625027,-5.159965
320.41977,72.65688,-3.5031266
319.415,110.16224,34.745102
307.50092,184.5036,77.17595
290.09268,263.95148,98.60136
262.97098,289.28476,97.30594
217.61806,224.89749,83.847626
153.07158,94.371185,64.29448
84.99693,-32.201534,40.087746
41.341026,-88.2769,18.089457
40.88847,-58.991825,7.8944554
71.450775,9.34063,4.5883226
95.41374,46.742252,-15.202418
85.3263,15.434816,-66.654366
52.31561,-62.54862,-128.07628
31.134377,-129.45892,-154.71548
36.803684,-143.47775,-129.43134
45.63272,-109.38949,-88.5299
24.77014,-64.26357,-83.32533
-25.578033,-39.26031,-120.61575
-67.194,-36.210655,-157.04836
-59.98775,-35.49652,-153.54161
1.2051469,-20.432209,-118.0897
83.180855,6.63637,-85.65836
141.34982,28.937122,-70.5099
151.5783,34.482643,-55.998924
124.255104,31.245441,-25.945742
92.343735,40.625538,13.076178
83.31972,70.95941,43.53027
99.42543,98.65219,54.6494
123.46184,85.1361,40.74212
138.14964,19.53573,-3.6888657
132.45605,-61.26079,-71.71043
93.35982,-105.88771,-132.5625
10.250202,-101.473145,-149.6513
-99.69563,-82.052055,-115.194145
-181.89476,-80.832695,-58.597446
-183.09297,-88.10321,-15.734329
-106.53019,-69.96269,4.666346
-15.223841,-20.465254,20.583897
29.093801,25.909155,49.143383
22.135086,38.24055,86.86067
4.207479,27.249594,115.67217
2.513306,25.153353,121.54222
4.7108126,37.900974,104.60114
-10.937167,37.125484,75.13405
-40.11499,0.8897884,44.43308
-60.89558,-54.518345,19.661394
-67.84554,-93.64247,3.2742162
-80.38803,-104.443115,-6.8637905
-114.652405,-110.04118,-16.432594
-157.96616,-137.53879,-29.140512
-178.45296,-181.74092,-39.899204
-156.99106,-203.44028,-37.738396
-105.815506,-165.08943,-20.81487
-56.869335,-71.50088,-5.8488083
-33.338455,24.30403,-13.590069
-30.163702,62.982388,-41.324318
-20.293459,34.180645,-57.02038
17.840382,-12.52927,-29.70313
76.27218,-19.962408,33.723324
121.67036,14.155898,87.102425
125.815025,36.618263,83.57725
91.70648,3.3766592,16.535095
48.422325,-66.461044,-74.79682
22.389978,-111.51808,-137.46864
17.054485,-96.88355,-145.22697
19.192265,-47.333252,-114.04999
18.87816,-9.647368,-81.47203
19.52882,3.8209789,-69.62275
31.006145,21.342852,-67.981064
57.046513,66.755135,-52.626804
89.68471,123.790474,-18.137066
113.94285,152.43338,16.841421
118.319756,133.59099,35.624866
103.30648,88.29028,44.86249
80.68423,53.454334,61.98799
63.12387,46.38676,86.68964
53.6048,55.50526,96.52086
45.75836,59.110752,73.596
34.40275,46.125076,27.768055
23.257927,20.454247,-12.281268
20.315739,-6.3628473,-27.091858
27.121412,-22.138584,-20.505049
35.980362,-17.858192,-8.7912245
38.480816,8.380457,-2.926052
33.71249,48.431736,-3.026868
25.337784,86.63349,-4.6924796
12.552536,107.40431,-5.817289
-10.566938,102.514404,-7.473612
-43.921875,74.65927,-10.667766
-73.12511,37.377148,-13.069331
-78.58376,10.09759,-8.837295
-55.09885,7.0320234,6.9950447
-19.319624,25.96267,32.13011
5.4557815,48.868736,55.25465
10.762383,57.492146,62.912025
6.7995286,49.499516,49.738472
6.4359846,37.44483,21.876442
10.26949,31.41978,-9.476729
9.330958,25.872423,-36.1879
-1.3300483,6.7293844,-54.113697
-15.979998,-29.004385,-58.938942
-23.988844,-63.97401,-46.348854
-18.55893,-73.14913,-18.81589
-0.12800212,-46.478714,10.545624
24.023603,0.46079898,25.544613
41.25845,37.718292,20.241974
39.170498,44.033974,3.8371172
15.948988,22.30491,-8.144046
-14.20662,-4.611974,-6.606746
-30.80515,-13.443882,6.5801845
-25.685259,1.1990482,23.427126
-10.738437,24.789907,36.2775
-5.001983,37.557728,40.4544
-15.310767,31.459166,34.285683
-32.167557,14.235777,19.163559
-43.397057,-0.75173247,-0.42632037
-47.15964,-6.6254687,-18.090471
-49.527866,-5.530404,-27.925415
-53.2313,-2.3485608,-27.303675
-54.053757,1.1124417,-18.78053
-48.411797,5.622372,-9.084275
-39.89457,10.636363,-4.4106016
-35.38209,12.976994,-5.463622
-36.624165,9.616562,-7.617537
-38.743183,0.99682385,-6.5558176
-36.81883,-8.856918,-2.9607608
-31.375666,-15.4638,-0.7786051
-26.592005,-17.116186,-1.770808
-25.00072,-15.280843,-3.4914975
-25.44554,-12.266583,-2.7060792
-25.315401,-8.95295,0.7815357
-23.139122,-4.896441,4.443844
-18.974358,-0.090596445,6.0269985
-13.539263,4.181922,5.1608534
-7.6807384,6.402092,2.6650383
-2.304553,6.203181,-0.3624795
1.746452,4.4626293,-2.6361809
3.9554605,2.4509542,-2.968612
4.3866386,1.2082661,-1.2185483
3.7668564,1.2519346,1.3033109
3.1150267,2.1918623,2.8391173
2.9701428,2.7502537,2.6253176
3.0031319,1.8628523,1.27143
2.6254842,-0.050446857,-0.06873031
1.891588,-1.399834,-0.6760747
1.4445746,-1.2310516,-0.5732264
1.5788904,-0.28022948,-0.21089445
1.8048398,0.07861327,0.0020821327
1.5427756,-0.47668633,-0.031568184
0.8972307,-1.0757412,-0.14387159
0.43016422,-0.97182816,-0.14608876
0.38336116,-0.38705623,-0.013891922
0.47720942,0.023994835,0.14024787
0.402467,0.0379878,0.21284615
0.18385617,-0.08763695,0.19099365
0.013696201,-0.119468115,0.122695014
-0.03255332,-0.06860411,0.056295175
-0.014194979,-0.01883742,0.014111604
-0.0,-0.0,0.0
