ax,ay,az
2.989889,0.5791162,3.5157604
-0.6845821,0.9364292,4.8224993
-2.6669788,1.1614509,5.8466215
-3.4468944,1.2728028,6.495513
-4.0717735,1.0944579,6.9776983
-5.3857045,0.3965023,7.5507107
-7.418711,-0.8719796,8.258401
-9.337158,-2.4549463,8.865638
-9.977984,-3.8814008,9.035438
-8.5878525,-4.7190228,8.597591
-5.2667546,-4.809648,7.68714
-0.8565376,-4.328466,6.642734
3.5754342,-3.6447763,5.7549286
7.245105,-3.098776,5.0749326
9.815022,-2.8458102,4.436234
11.200115,-2.8454175,3.658477
11.300155,-2.9606497,2.7531252
9.966171,-3.0723107,1.9580522
7.25174,-3.1359334,1.5785695
3.6953998,-3.1774077,1.7708683
0.2995073,-3.2689898,2.4385383
-1.9024379,-3.5164623,3.30703
-2.4410965,-4.0446143,4.0974236
-1.7306323,-4.9468265,4.6612873
-0.825711,-6.196351,4.996658
-0.72888637,-7.5761876,5.170695
-1.7084306,-8.7087555,5.231238
-3.1089325,-9.214318,5.165363
-3.8006983,-8.924081,4.9058757
-2.9582424,-8.002978,4.3599715
-0.61893886,-6.871935,3.4493592
2.3692064,-5.953427,2.1662457
4.959393,-5.4020333,0.6303797
6.623822,-5.008743,-0.9004973
7.656346,-4.349487,-2.1074665
8.85249,-3.0700788,-2.7510254
10.81823,-1.1039641,-2.7837288
13.423386,1.3148826,-2.3470562
15.796367,3.811741,-1.6549071
16.85315,6.046156,-0.8654197
15.971693,7.7708154,-0.051542193
13.342363,8.785632,0.71911055
9.789045,8.911672,1.2998813
6.2486987,8.076104,1.4929432
3.3177638,6.4500237,1.1925323
1.1680468,4.4728937,0.5141387
-0.19279884,2.661664,-0.23394728
-0.6188544,1.3031625,-0.7472858
0.20751466,0.27811265,-0.9385397
2.4868712,-0.80152476,-0.98237497
5.942956,-2.2156284,-1.1458522
9.738889,-3.8191965,-1.5484498
12.816483,-5.065025,-2.0616465
14.464337,-5.3714523,-2.4340525
14.7109,-4.5437016,-2.524558
14.237671,-2.9031081,-2.4281192
13.852075,-1.0251838,-2.3761222
13.890249,0.67797637,-2.4979181
13.981767,2.1695528,-2.6586099
13.347591,3.6267483,-2.5271254
11.411746,5.077172,-1.8325717
8.278664,6.1832767,-0.60485387
4.731796,6.390935,0.797773
1.7638317,5.336148,1.9055562
-0.012978568,3.1796868,2.4409807
-0.65669316,0.599473,2.486368
-0.7068505,-1.5533886,2.393882
-0.70116436,-2.6802146,2.5034783
-0.79051477,-2.660335,2.8702066
-0.7451494,-1.7787927,3.1947923
-0.3199743,-0.47526455,3.0102248
0.34865308,0.88581145,2.000363
0.67621607,2.1040468,0.23409143
-0.0042396584,3.1057532,-1.8458923
-1.8983103,3.8680165,-3.672507
-4.4584107,4.3734527,-4.86963
-6.6194043,4.6084304,-5.4175196
-7.452776,4.5822344,-5.565249
-6.8002253,4.342795,-5.573928
-5.42871,3.9746542,-5.4933987
-4.5722504,3.5736785,-5.1349835
-5.161796,3.207453,-4.2402306
-7.269768,2.8907006,-2.6960816
-10.138863,2.6077542,-0.6306233
-12.740904,2.376966,1.6577911
-14.43939,2.2961953,3.8461244
-15.285678,2.495775,5.678576
-15.785229,2.995395,6.9620295
-16.379284,3.5711448,7.5330715
-17.079811,3.7813663,7.286577
-17.532806,3.203622,6.2702746
-17.413324,1.7534845,4.749816
-16.78248,-0.15609819,3.1448584
-16.081379,-1.7763021,1.8431529
-15.755938,-2.4319887,1.0182542
-15.833674,-1.9037557,0.5905064
-15.835749,-0.51461416,0.35950002
-15.146164,1.1217791,0.19631545
-13.578585,2.4765213,0.13985336
-11.68601,3.3167493,0.32988033
-10.518046,3.6347415,0.84835225
-10.9390135,3.432851,1.6091264
-12.973051,2.6149094,2.3834784
-15.664839,1.107901,2.9321277
-17.60207,-0.9053712,3.137602
-17.777117,-2.8935895,3.0489762
-16.210894,-4.171268,2.8310757
-13.913307,-4.278058,2.674192
-12.209901,-3.2669446,2.721525
-11.898785,-1.6789418,3.0294209
-12.804618,-0.21680854,3.5442526
-13.998404,0.65046084,4.089936
-14.476312,0.88938916,4.391016
-13.786706,0.81109166,4.162215
-12.176284,0.80106056,3.254513
-10.215972,1.0793297,1.7875799
-8.259104,1.6316959,0.17354026
-6.181512,2.3026042,-1.0179033
-3.5944068,2.9354284,-1.3075348
-0.32319137,3.448998,-0.5405998
3.2713513,3.8185163,1.0269144
6.4188404,4.007745,2.8425035
8.429032,3.924555,4.3076353
9.155054,3.4427125,5.0248137
9.048116,2.4811404,4.9154797
8.744258,1.0917403,4.17006
8.506301,-0.50235194,3.087762
7.9798007,-1.9506351,1.9092255
6.4929566,-2.8863873,0.72565836
3.7042344,-3.0498643,-0.50681204
0.10491688,-2.365085,-1.8713074
-3.0460138,-0.9501616,-3.3698366
-4.3771415,0.91213715,-4.848964
-3.2318263,2.8078392,-6.030248
-0.09748716,4.2328324,-6.654153
3.6727974,4.687643,-6.666654
6.6651654,3.8554,-6.320004
8.189988,1.807271,-6.0871177
8.529864,-0.9024508,-6.4112225
8.533821,-3.3725731,-7.4462566
8.9107685,-4.7061977,-8.969832
9.761631,-4.398139,-10.526574
10.660229,-2.533273,-11.679419
11.140433,0.30464667,-12.171198
11.135936,3.313321,-11.903844
10.993463,5.734844,-10.830647
11.066601,6.9717464,-8.939611
11.266745,6.6035085,-6.389873
10.990208,4.4464655,-3.658135
9.523953,0.71276504,-1.4763416
6.6256895,-3.8589795,-0.50185406
2.8180132,-8.107137,-0.9256214
-0.8434078,-10.84987,-2.3329864
-3.359277,-11.394384,-3.9534645
-4.304062,-9.823034,-5.113242
-3.9267426,-6.862916,-5.535084
-2.829935,-3.45829,-5.281204
-1.5287337,-0.382164,-4.4685087
-0.2283563,1.8540514,-3.0844448
1.0698366,2.8366256,-1.1037688
2.3082633,2.1199372,1.2224576
3.2394714,-0.6277853,3.2393868
3.5614355,-5.2625003,4.1298876
3.214194,-10.913311,3.389656
2.5745325,-16.14179,1.1674465
2.342623,-19.496052,-1.7999854
3.1380749,-20.118996,-4.5938215
5.0493083,-18.02494,-6.5359926
7.4483185,-13.926599,-7.3461666
9.2383795,-8.826943,-7.0241337
9.429606,-3.6962883,-5.6782055
7.7094316,0.629959,-3.4987075
4.6483445,3.4614587,-0.859148
1.391707,4.3722653,1.6432754
-0.9865298,3.4466903,3.3478255
-2.0673573,1.4285686,3.82335
-2.2439885,-0.48043263,3.0767004
-2.3738127,-1.1806386,1.5147812
-3.1810653,-0.27670088,-0.3005943
-4.8130608,1.6978103,-1.9148242
-6.8117657,3.6231022,-3.096639
-8.452173,4.494789,-3.7977426
-9.16068,4.0220904,-4.062868
-8.730151,2.7437701,-3.9816928
-7.2601957,1.6293188,-3.6768093
-4.976003,1.4742835,-3.2675872
-2.1325345,2.4948113,-2.7951539
0.9283123,4.3395643,-2.1736808
3.6858718,6.433064,-1.2423035
5.490548,8.365392,0.09395213
5.8105435,10.064858,1.7419825
4.5391426,11.682572,3.4276676
2.1325717,13.327105,4.8399243
-0.5616472,14.873309,5.804483
-2.7152474,15.990508,6.358488
-3.9228852,16.360945,6.6844597
-4.342633,15.915423,6.974172
-4.482294,14.899533,7.3308196
-4.7720118,13.710875,7.760291
-5.2077484,12.6248665,8.216496
-5.309281,11.620489,8.633845
-4.431309,10.44777,8.921395
-2.2270043,8.889205,8.953768
1.0495925,7.0038385,8.606639
4.6170707,5.1451154,7.835809
7.5769863,3.72426,6.739218
9.386171,2.909136,5.5344443
10.071394,2.517106,4.445471
10.054565,2.2067406,3.5725198
9.743696,1.8153911,2.8456304
9.21416,1.5483131,2.10574
8.223377,1.8341991,1.2567078
6.5310526,2.9422708,0.37019834
4.2498426,4.67116,-0.34180644
1.9245749,6.3782134,-0.6663776
0.2530951,7.3456554,-0.52855325
-0.35353866,7.205911,-0.020325629
-0.044203445,6.106382,0.6904253
0.56988734,4.5169644,1.4715409
0.81372213,2.8739674,2.2416937
0.36608773,1.360827,2.8703163
-0.5830871,-0.031126942,3.072335
-1.5154243,-1.2828004,2.4422708
-1.9494362,-2.216367,0.66505486
-1.7262509,-2.585679,-2.2248516
-1.0390705,-2.2870703,-5.7403316
-0.22584403,-1.4679259,-9.104789
0.49420273,-0.4150283,-11.5961075
1.1391871,0.6715089,-12.850592
1.8598636,1.7920704,-12.944519
2.705753,3.0266678,-12.2450905
3.4569273,4.2901793,-11.1794
3.6730592,5.213576,-10.083026
2.9510288,5.306795,-9.172322
1.2175927,4.3087006,-8.566792
-1.1608472,2.4470136,-8.283422
-3.5491893,0.3819276,-8.2178955
-5.388803,-1.1490253,-8.195274
-6.477236,-1.7367107,-8.12004
-6.9915285,-1.4791757,-8.123975
-7.264078,-0.83918643,-8.547163
-7.5120053,-0.321274,-9.693219
-7.744477,-0.21070635,-11.5094595
-7.9043255,-0.5271707,-13.463998
-8.083212,-1.1626009,-14.782803
-8.574905,-2.048,-14.928836
-9.672183,-3.2091134,-13.982967
-11.353857,-4.6874223,-12.626824
-13.139234,-6.41667,-11.719305
-14.283348,-8.173886,-11.768052
-14.2206335,-9.659553,-12.668199
-12.9513855,-10.659713,-13.857471
-11.082876,-11.176488,-14.713909
-9.479451,-11.427548,-14.871405
-8.757951,-11.70237,-14.258273
-8.970689,-12.167056,-12.934577
-9.672295,-12.755491,-10.962117
-10.287264,-13.230805,-8.454992
-10.494986,-13.377471,-5.730764
-10.369601,-13.182089,-3.3435931
-10.219911,-12.865058,-1.871452
-10.298404,-12.739668,-1.5688243
-10.618585,-13.008671,-2.159069
-10.997902,-13.648897,-2.9657252
-11.244407,-14.449473,-3.3205795
-11.296338,-15.139412,-2.9583068
-11.188536,-15.486119,-2.1089115
-10.89252,-15.311754,-1.232517
-10.20336,-14.482917,-0.6151787
-8.814078,-12.959872,-0.13870278
-6.5526705,-10.904963,0.61515003
-3.5988429,-8.736376,2.0309923
-0.4850435,-7.0065217,4.164462
2.1620338,-6.120538,6.696305
3.9833663,-6.0765576,9.137637
5.1047735,-6.4399924,11.105954
6.050059,-6.6043816,12.472901
7.3969355,-6.1638885,13.318381
9.398376,-5.126017,13.781027
11.816076,-3.819954,13.947235
14.071768,-2.6013784,13.851077
15.613196,-1.6070716,13.549009
16.25303,-0.74428105,13.18165
16.26189,0.11970272,12.964264
16.167072,0.9727531,13.109954
16.413319,1.6572139,13.728151
17.136606,2.0456975,14.744128
18.209805,2.2145174,15.877037
19.498213,2.4345438,16.70691
21.081781,2.9641497,16.836193
23.217098,3.8102953,16.092947
26.03537,4.66342,14.66193
29.229864,5.077743,13.033357
32.047653,4.773723,11.759944
33.67884,3.8407328,11.154269
33.791157,2.6900258,11.124365
32.784805,1.7922755,11.263865
31.521166,1.3912982,11.134026
30.69423,1.4012121,10.539429
30.324982,1.5571309,9.61667
29.787464,1.6974475,8.705678
28.356384,1.9490354,8.126609
25.840378,2.6509085,8.021375
22.792711,4.051652,8.331297
20.137781,6.007758,8.869062
18.525887,7.939151,9.403027
17.932484,9.12094,9.7144575
17.792055,9.126844,9.642802
17.509289,8.097374,9.136364
16.905003,6.616373,8.285689
16.25371,5.2755723,7.296722
15.936521,4.2570434,6.397289
16.038713,3.255596,5.7300982
16.223158,1.7906789,5.301935
15.9484625,-0.3591548,5.009874
14.825521,-2.958032,4.701025
12.840045,-5.495092,4.2115183
10.3215885,-7.557199,3.3829696
7.741247,-9.045288,2.105712
5.5014844,-10.051822,0.41682494
3.8197114,-10.55301,-1.4055492
2.7068586,-10.262996,-2.870503
2.0025165,-8.854589,-3.4898117
1.4485935,-6.3883877,-3.0904095
0.7947934,-3.5440521,-2.0054934
-0.1027469,-1.3654956,-0.9583046
-1.2568853,-0.6410003,-0.6573204
-2.6264036,-1.3859593,-1.3538737
-4.225876,-2.8566847,-2.6791573
-6.145426,-4.1056013,-3.899289
-8.425981,-4.640467,-4.4234595
-10.886956,-4.6643314,-4.20464
-13.090363,-4.7315984,-3.746166
-14.536173,-5.150865,-3.7218528
-14.9723215,-5.6662507,-4.503743
-14.562742,-5.684146,-5.9445825
-13.74398,-4.822041,-7.5445695
-12.866386,-3.276301,-8.827501
-11.9267645,-1.6780722,-9.6110525
-10.645685,-0.56719214,-9.985418
-8.845796,0.051387005,-10.08635
-6.8019986,0.68589216,-9.916623
-5.2264223,1.8997571,-9.3899145
-4.848943,3.8163815,-8.529757
-5.9075055,5.9967957,-7.589439
-7.959792,7.765113,-6.9305816
-10.175542,8.684947,-6.742317
-11.879803,8.798813,-6.8622704
-12.923466,8.480893,-6.89076
-13.617443,8.0853195,-6.5232787
-14.333505,7.7082257,-5.8115826
-15.132623,7.2349324,-5.112196
-15.724817,6.577332,-4.760099
-15.763316,5.861983,-4.7591696
-15.197557,5.407649,-4.769489
-14.379305,5.5292897,-4.4010534
-13.8364105,6.3390384,-3.5452466
-13.900269,7.6882696,-2.4491463
-14.47749,9.264202,-1.4834638
-15.129929,10.746154,-0.83563584
-15.389022,11.915749,-0.41088954
-15.06727,12.678909,-0.007669813
-14.349994,13.023937,0.43169263
-13.620507,12.964329,0.75184065
-13.160903,12.502826,0.7580833
-12.950778,11.6303005,0.44821662
-12.71134,10.35284,0.064255476
-12.166738,8.724365,-0.091081455
-11.334753,6.8573985,0.10183912
-10.623556,4.9022145,0.5013303
-10.632961,3.016342,0.84997964
-11.765566,1.3595738,0.99253815
-13.904456,0.11930282,0.9675601
-16.392262,-0.48027664,0.919823
-18.349134,-0.24297611,0.95641583
-19.127172,0.86596555,1.0980209
-18.595636,2.615423,1.3462988
-17.07422,4.5525937,1.7521865
-14.996565,6.2155137,2.3771667
-12.589053,7.3794403,3.1769152
-9.825535,8.139371,3.948128
-6.6797853,8.742296,4.4355993
-3.4363196,9.292629,4.5343394
-0.7549349,9.577583,4.4067607
0.6215195,9.171542,4.3918877
0.3251905,7.74397,4.7660255
-1.3647071,5.3202353,5.550114
-3.667839,2.2885544,6.5193033
-5.784896,-0.83077204,7.3934326
-7.3724294,-3.6411438,8.037373
-8.665345,-5.9451637,8.5091095
-10.164012,-7.6278167,8.941015
-12.126951,-8.521145,9.3839
-14.250826,-8.423711,9.758534
-15.777144,-7.269536,9.946251
-15.953971,-5.268978,9.921552
-14.532617,-2.8548975,9.798663
-11.966025,-0.4548574,9.746822
-9.190698,1.7114304,9.84424
-7.151777,3.6235418,9.990274
-6.377056,5.2579007,9.946775
-6.8351383,6.4092216,9.480955
-8.098489,6.7497044,8.5119505
-9.637944,6.117491,7.1670966
-11.033256,4.7834296,5.7185955
-12.00319,3.4160824,4.4456806
-12.327483,2.6990025,3.5045009
-11.812182,2.8603017,2.8731556
-10.381225,3.4827578,2.391181
-8.226736,3.7650015,1.8629363
-5.8549027,3.0559,1.1662848
-3.9162118,1.2732296,0.3093305
-2.8775456,-1.083027,-0.5949275
-2.7440479,-3.29232,-1.4223629
-3.0393891,-4.8477516,-2.1418276
-3.0870876,-5.6508727,-2.8522508
-2.4209676,-5.88949,-3.7061987
-1.0534642,-5.780668,-4.752316
0.57370526,-5.428526,-5.809703
1.9093593,-4.890474,-6.498976
2.6508954,-4.3302073,-6.4612727
2.8944001,-4.059079,-5.6457405
2.9916632,-4.3856044,-4.4543447
3.2411761,-5.385035,-3.5955865
3.6499796,-6.7907295,-3.6969166
3.9389222,-8.120993,-4.917735
3.780588,-8.968998,-6.8316913
3.0908306,-9.253832,-8.668924
2.157412,-9.256017,-9.753572
1.5045128,-9.414274,-9.838045
1.5786861,-10.02471,-9.128279
2.4722736,-11.044775,-8.034701
3.8828259,-12.127084,-6.8757286
5.3470125,-12.849728,-5.756942
6.589098,-12.977549,-4.6713486
7.727958,-12.572094,-3.676568
9.173866,-11.881044,-2.9605317
11.270557,-11.104542,-2.7295392
13.941883,-10.233577,-3.0215027
16.623798,-9.101728,-3.615988
18.564028,-7.6159797,-4.1318517
19.288889,-5.9696264,-4.2509604
18.889633,-4.6309404,-3.909911
17.90129,-4.0704074,-3.3298907
16.859442,-4.4105864,-2.8731754
15.88235,-5.2713137,-2.8274798
14.619432,-5.9520984,-3.250802
12.622201,-5.837233,-3.953993
9.85122,-4.733285,-4.6089582
6.90952,-2.9002433,-4.908448
4.794062,-0.7783404,-4.696013
4.324761,1.3524433,-4.0178823
5.6532693,3.5040371,-3.0901303
8.185663,5.811918,-2.2024577
10.941596,8.230468,-1.5935163
13.071317,10.372681,-1.3419855
14.185932,11.660394,-1.324053
14.345083,11.697829,-1.2765344
13.811338,10.590003,-0.9591841
12.811185,8.949868,-0.33965278
11.466847,7.5608826,0.32293534
9.882259,6.918904,0.5887231
8.243863,6.9747596,0.11562808
6.8163342,7.2583637,-1.0598229
5.8289237,7.2853117,-2.4500427
5.3478746,6.934538,-3.3494172
5.2389774,6.505553,-3.2546964
5.25191,6.410652,-2.1961322
5.1708393,6.7491755,-0.7397152
4.934262,7.11851,0.3535968
4.648998,6.842871,0.5775505
4.4886003,5.4690614,-0.06849713
4.5390887,3.1488326,-1.1731603
4.696801,0.5943836,-2.2330687
4.7041035,-1.3812027,-2.9327972
4.324401,-2.3970308,-3.1977437
3.5495172,-2.7052255,-3.054155
2.6782985,-2.915249,-2.4897664
2.168143,-3.4754415,-1.4710363
2.3234932,-4.330195,-0.08973685
3.0356421,-5.012059,1.3358061
3.7934752,-5.0632324,2.3508935
4.0064335,-4.4190054,2.6152983
3.4337296,-3.4406137,2.1239324
2.3962371,-2.5950236,1.2112511
1.5809647,-2.069779,0.3220295
1.5553093,-1.6404402,-0.28062618
2.3510978,-0.8740923,-0.6496255
3.4451604,0.52332306,-1.0373056
4.158033,2.491558,-1.6310679
4.1539917,4.6590085,-2.3529475
3.6391964,6.5541472,-2.8759096
3.1055064,7.80697,-2.8377867
2.8526287,8.243206,-2.0861614
2.7114713,7.899707,-0.7745536
2.2155735,7.019355,0.7461873
1.0702169,6.013076,2.1398027
-0.5046459,5.3266826,3.2311485
-1.8849669,5.217505,3.9908075
-2.541133,5.5769625,4.4081044
-2.5069478,5.9726553,4.3978252
-2.400888,5.9395003,3.8461056
-2.9438405,5.3253503,2.760758
-4.342036,4.407074,1.3778723
-6.032995,3.6557927,0.099536836
-7.015315,3.3280802,-0.7145816
-6.5265822,3.2291632,-0.93798935
-4.567268,2.8652797,-0.6888276
-1.8982892,1.8713983,-0.15577984
0.45166078,0.35531533,0.59662646
1.7775269,-1.1384082,1.6552664
1.9646058,-2.0202882,3.087872
1.2987994,-2.0793638,4.7415237
0.052583385,-1.5951905,6.2227907
-1.7737222,-1.0668263,7.1101365
-4.343734,-0.806207,7.22381
-7.626869,-0.73619056,6.708053
-11.125554,-0.53581953,5.8471904
-13.960339,0.024520889,4.7943745
-15.299003,0.8554959,3.4898944
-14.835567,1.6028603,1.8712503
-12.970537,1.9017935,0.17638451
-10.555026,1.595497,-0.99763423
-8.375283,0.75095654,-1.035119
-6.73366,-0.4880645,0.1740406
-5.3984084,-2.0263226,1.9690709
-3.919656,-3.7831538,3.2071314
-2.052482,-5.544705,2.9705334
0.024744932,-6.88637,1.1955909
1.8338475,-7.3070345,-1.2500943
2.9413526,-6.524565,-3.110084
3.2562664,-4.711599,-3.5086372
3.0738611,-2.4614239,-2.408916
2.8624494,-0.470836,-0.49255982
2.9749446,0.8471779,1.3613384
3.4987833,1.5419383,2.5656667
4.327762,1.9703304,2.963866
5.3590083,2.4399107,2.6363275
6.627604,2.9341328,1.6492983
8.254113,3.1332147,-0.00081048487
10.242467,2.7069,-2.2297156
12.300632,1.6397455,-4.6907163
13.859368,0.32341594,-6.7936106
14.327535,-0.66945076,-7.9551773
13.441212,-0.97106904,-7.9252677
11.470985,-0.68323785,-6.9693727
9.123276,-0.32778054,-5.7815843
7.169787,-0.5154111,-5.1636524
6.03155,-1.5613768,-5.6308665
5.591136,-3.3040037,-7.140954
5.3626623,-5.231953,-9.088219
4.903715,-6.812906,-10.584739
4.177608,-7.7917027,-10.903515
3.601633,-8.269035,-9.853525
3.7390652,-8.540031,-7.8715215
4.8549166,-8.838375,-5.7721796
6.663042,-9.178552,-4.312702
8.457328,-9.392433,-3.8474727
9.536193,-9.299931,-4.2721868
9.610188,-8.861051,-5.236106
8.897887,-8.195573,-6.4114037
7.857409,-7.4838977,-7.6041074
6.782527,-6.8620906,-8.666286
5.590968,-6.4079666,-9.361193
3.96851,-6.2035704,-9.368905
1.737286,-6.36571,-8.472881
-0.8699772,-6.9609375,-6.7786503
-3.2725728,-7.85123,-4.7605205
-4.9064927,-8.626477,-3.0613568
-5.6042,-8.747202,-2.1686332
-5.6841197,-7.8511105,-2.1860366
-5.676553,-6.0143046,-2.839916
-5.905667,-3.7594588,-3.682809
-6.262035,-1.7866948,-4.331925
-6.3455935,-0.61757237,-4.5956025
-5.863753,-0.40085518,-4.456404
-4.9717236,-0.98050326,-3.984296
-4.2924056,-2.1086757,-3.269529
-4.5984635,-3.5953608,-2.406025
-6.379519,-5.2918262,-1.4951457
-9.576257,-6.9896126,-0.6313594
-13.621609,-8.395239,0.13236211
-17.718264,-9.243666,0.8088519
-21.158411,-9.450576,1.4646862
-23.51679,-9.146543,2.176999
-24.665125,-8.544091,2.9877186
-24.665138,-7.750866,3.879448
-23.639458,-6.6953053,4.777243
-21.699417,-5.225394,5.568534
-18.959177,-3.2850084,6.1361804
-15.612092,-1.0172952,6.402812
-12.00399,1.2693694,6.374995
-8.630536,3.2119725,6.1613417
-6.029661,4.482822,5.9409776
-4.618678,4.8335514,5.8862643
-4.579355,4.1468167,6.0770454
-5.86504,2.533365,6.453286
-8.301274,0.41568077,6.8296165
-11.663752,-1.5199975,6.9607887
-15.639074,-2.5530133,6.630493
-19.704395,-2.2354667,5.7418795
-23.085567,-0.5801802,4.3940015
-24.93515,1.999162,2.9158137
-24.6946,4.9415746,1.8136436
-22.409985,7.793165,1.60695
-18.744331,10.29475,2.594718
-14.628933,12.29407,4.6693845
-10.775415,13.619283,7.305188
-7.3929086,14.058387,9.759834
-4.3008847,13.469546,11.392024
-1.3130493,11.920739,11.915288
1.446254,9.734012,11.449652
3.560046,7.3929434,10.368446
4.6399326,5.3730674,9.063152
4.6519685,3.9902306,7.773707
3.9457076,3.3260212,6.553924
2.951612,3.2384803,5.3412323
1.8163537,3.4437513,4.0569453
0.31802866,3.6491902,2.6873527
-1.8287961,3.6974125,1.3330512
-4.5140085,3.6476398,0.21691233
-7.0185456,3.7246284,-0.37583056
-8.278901,4.1408353,-0.23529764
-7.488206,4.903288,0.6156614
-4.6121025,5.755154,1.8638902
-0.4388349,6.3135953,3.0369499
3.8817372,6.305956,3.7751865
7.4851947,5.715111,4.055932
10.177478,4.7175155,4.175093
12.318281,3.4824803,4.464059
14.335437,2.0315125,4.9490466
16.256079,0.30210677,5.244169
17.598661,-1.6399581,4.8070045
17.684916,-3.4568028,3.3865936
16.125645,-4.6400337,1.3075492
13.127483,-4.8150063,-0.6636741
9.417172,-4.0036,-1.7969043
5.858738,-2.6128097,-1.8613551
3.0418224,-1.1450751,-1.2162658
1.112177,0.12906978,-0.46997923
-0.08028753,1.2608058,0.0035088274
-0.6741358,2.4147322,0.2971276
-0.5918342,3.5749338,0.78465545
0.3955621,4.4588394,1.7068859
2.3888674,4.741421,2.9041803
5.101563,4.3976846,3.9258602
7.8579025,3.8402238,4.410314
9.899034,3.6866815,4.3970327
10.807974,4.309118,4.300469
10.754254,5.520155,4.575024
10.371715,6.660768,5.3625736
10.342157,7.0411134,6.413952
10.969555,6.405291,7.3263454
12.031768,5.0707154,7.8682976
12.988398,3.6463287,8.108252
13.367143,2.5573518,8.256928
13.042761,1.7458484,8.393408
12.234373,0.77376395,8.338077
11.27516,-0.75480235,7.790644
10.367286,-2.7762158,6.6095304
9.510131,-4.676013,4.987537
8.622808,-5.6078844,3.3747685
7.720671,-5.0126214,2.214421
6.975513,-2.9849222,1.6980175
6.599529,-0.24230987,1.7054131
6.644916,2.2757084,1.9314414
6.886679,3.9037418,2.0702064
6.9050403,4.5194254,1.9293768
6.3457174,4.4404993,1.4455729
5.2039456,4.0745482,0.6548027
3.9375443,3.6079342,-0.33152288
3.2990322,2.9595304,-1.3513042
3.947159,1.995708,-2.2500377
6.054018,0.79036444,-2.9663262
9.155106,-0.3123404,-3.5829697
12.352989,-0.8969101,-4.2846885
14.755271,-0.77137256,-5.235783
15.865567,-0.10672661,-6.4646955
15.684437,0.69769955,-7.8412557
14.50027,1.3060952,-9.1539345
12.586673,1.6468359,-10.214619
10.075747,1.8623738,-10.912983
7.095732,2.077615,-11.209275
4.0013485,2.217813,-11.117842
1.4201287,2.0544527,-10.7263775
-0.006084377,1.4389983,-10.229378
-0.017055936,0.50115335,-9.906666
1.0621562,-0.38941187,-10.010219
2.5161095,-0.88914734,-10.612517
3.7193966,-0.958391,-11.530486
4.542789,-0.91641957,-12.404371
5.367635,-1.2243527,-12.900463
6.6960883,-2.167979,-12.909947
8.663775,-3.679518,-12.61194
10.834744,-5.405165,-12.358784
12.432121,-6.924509,-12.456046
12.821444,-7.9340134,-12.970029
11.88525,-8.281929,-13.672306
10.034034,-7.8947153,-14.150799
7.8861623,-6.720638,-14.029351
5.8839283,-4.7709017,-13.181665
4.1246986,-2.22254,-11.821666
2.4915428,0.52776724,-10.407481
0.9347744,2.9431248,-9.396188
-0.34081218,4.5451736,-8.984854
-0.9354829,5.127567,-9.002642
-0.519376,4.8568583,-9.037429
0.8886802,4.1886506,-8.723473
2.8294303,3.6284108,-7.9919515
4.5762715,3.4625747,-7.09927
5.481319,3.6206381,-6.4079466
5.291255,3.766439,-6.087425
4.2408376,3.5740225,-5.971086
2.8608193,3.0055213,-5.6842947
1.6129196,2.3841865,-4.9373136
0.58205324,2.1878657,-3.7390761
-0.56793493,2.695599,-2.3544831
-2.3357153,3.7430696,-1.048356
-4.9911947,4.7734094,0.1540163
-8.324821,5.1542754,1.4720514
-11.718714,4.5409985,3.1300943
-14.487435,3.0495222,5.0863314
-16.235542,1.1609181,6.985431
-16.974083,-0.53306615,8.402735
-16.940386,-1.5671909,9.188026
-16.31088,-1.7231742,9.612442
-15.076444,-1.0476615,10.173983
-13.191413,0.18044512,11.205038
-10.8465185,1.5250806,12.604128
-8.584694,2.5358295,13.923113
-7.100955,2.9371972,14.747147
-6.8438993,2.7581303,15.052226
-7.726528,2.2850108,15.231842
-9.1872015,1.8377353,15.753665
-10.568066,1.5259404,16.720362
-11.526857,1.1858226,17.703758
-12.177213,0.55994,18.013342
-12.874627,-0.4315992,17.212957
-13.842201,-1.5753709,15.493999
-14.939327,-2.5259988,13.615493
-15.742719,-3.119074,12.44913
-15.854784,-3.5597866,12.459591
-15.185054,-4.3008676,13.482067
-13.988549,-5.6842394,14.917612
-12.644927,-7.628872,16.155027
-11.361775,-9.620065,16.890112
-10.036647,-11.013154,17.140297
-8.385281,-11.4130125,17.019873
-6.238049,-10.841114,16.522087
-3.7748306,-9.59031,15.510768
-1.507999,-7.9280796,13.911638
-0.008566421,-5.9197874,11.90395
0.43229356,-3.516422,9.908682
-0.0440149,-0.8029803,8.349019
-1.0120777,1.8472601,7.364384
-2.0953593,3.8881102,6.7132807
-3.2187111,4.9181757,5.954504
-4.5798254,4.9380617,4.7715235
-6.3722744,4.312802,3.1880043
-8.504521,3.4466405,1.5105842
-10.565176,2.433103,0.055165935
-12.071351,0.98956907,-1.1160285
-12.785274,-1.2350206,-2.2352972
-12.818592,-4.2080827,-3.6215177
-12.430414,-7.294361,-5.395212
-11.705193,-9.488543,-7.3413453
-10.419986,-9.966926,-9.019191
-8.259095,-8.56576,-10.027637
-5.2298913,-5.8430314,-10.232856
-1.9361036,-2.7020402,-9.819975
0.55465496,0.11614426,-9.174519
1.2153438,2.2978582,-8.705675
-0.3761368,3.8455338,-8.719244
-3.774666,4.7826853,-9.3684
-7.8692374,4.9970007,-10.646447
-11.418472,4.3729825,-12.390721
-13.607891,3.0634286,-14.310897
-14.335319,1.5962158,-16.069515
-14.105786,0.6497527,-17.400024
-13.630461,0.6333812,-18.193478
-13.368407,1.4044005,-18.487934
-13.267784,2.3636863,-18.368351
-12.848203,2.8706212,-17.865932
-11.566556,2.66159,-16.951637
-9.228129,1.9592518,-15.6329155
-6.1643233,1.2143443,-14.05983
-3.050108,0.7124957,-12.525346
-0.49278757,0.3690978,-11.332521
1.3013949,-0.13737018,-10.622397
2.5358155,-1.027167,-10.298366
3.5240343,-2.1713953,-10.103246
4.3561773,-3.1437433,-9.776223
4.831196,-3.5266142,-9.158793
4.715753,-3.2149155,-8.185823
4.0871534,-2.4653347,-6.821603
3.4220104,-1.654971,-5.054216
3.303048,-0.9618186,-2.985113
3.9602156,-0.2508042,-0.9177045
5.036871,0.72474265,0.6982825
5.8117285,1.9766283,1.5011688
5.736072,3.1087759,1.4843538
4.8750243,3.5119867,1.070217
3.9039094,2.8129005,0.8850789
3.6586983,1.2277187,1.3675693
4.5872455,-0.48205152,2.4955907
6.5134225,-1.4487108,3.839863
8.864779,-1.2139548,4.897621
11.147451,0.055655416,5.441304
13.275675,1.7817366,5.62044
15.5063095,3.4038668,5.7731023
18.059671,4.671897,6.1422405
20.755886,5.6101756,6.7460465
22.972147,6.26857,7.4857087
23.96511,6.543116,8.3488455
23.318604,6.2416816,9.486923
21.187975,5.308916,11.074551
18.17566,3.965115,13.072178
14.952167,2.6006942,15.116615
11.917372,1.5079713,16.66616
9.146997,0.69191307,17.31573
6.633341,-0.06699154,17.051798
4.5904517,-0.95247406,16.254229
3.5361106,-1.8857019,15.437144
4.0344896,-2.5327544,14.907447
6.259329,-2.5461743,14.572051
9.707328,-1.8469853,14.016896
13.315515,-0.72430223,12.799576
15.956349,0.32668737,10.7674265
17.002346,0.9162354,8.20867
16.58394,1.0113981,5.75215
15.372681,0.96629983,4.0751944
14.058425,1.3133514,3.5770032
12.901875,2.438153,4.184159
11.669917,4.3237953,5.383002
9.95894,6.510434,6.4618416
7.616847,8.296748,6.8441634
4.916706,9.072217,6.3452497
2.3528767,8.591478,5.21532
0.24366462,7.039256,3.9396904
-1.5196271,4.8714914,2.9060547
-3.3602314,2.563118,2.141354
-5.620164,0.43693972,1.2936809
-8.19221,-1.3426992,-0.116651185
-10.473928,-2.6739786,-2.339263
-11.692447,-3.4544537,-5.1778774
-11.370653,-3.6230664,-8.0734
-9.607094,-3.249442,-10.42817
-6.9887915,-2.549298,-11.93751
-4.225753,-1.7767893,-12.697802
-1.7829691,-1.080613,-13.041041
0.23983851,-0.46608824,-13.254711
1.9338921,0.09003187,-13.4122
3.286875,0.48611903,-13.418727
4.0211406,0.47847614,-13.188585
3.7054052,-0.14298536,-12.778702
2.067857,-1.3272383,-12.375103
-0.7195044,-2.7072706,-12.1745825
-4.0075407,-3.812463,-12.28014
-6.941891,-4.4039197,-12.679365
-8.88225,-4.6609488,-13.2757635
-9.701549,-5.0591407,-13.909466
-9.769299,-6.039213,-14.363456
-9.632309,-7.7367377,-14.417272
-9.611393,-9.970545,-13.982994
-9.590807,-12.44421,-13.247061
-9.1422825,-14.932346,-12.667468
-7.8882174,-17.271105,-12.747616
-5.836891,-19.195864,-13.694045
-3.4432185,-20.24443,-15.202394
-1.3505883,-19.895514,-16.559513
-0.006097169,-17.88297,-17.021458
0.56505644,-14.436745,-16.211493
0.66470337,-10.236472,-14.265324
0.5963681,-6.096604,-11.6496315
0.383722,-2.6195784,-8.826025
-0.22554602,-0.060125,-6.022774
-1.4623191,1.5576737,-3.2520552
-3.1914654,2.2454395,-0.49675018
-4.831952,1.9875903,2.1263077
-5.6594305,0.8563413,4.360844
-5.294564,-0.8440144,5.9429483
-3.9984162,-2.589602,6.7457023
-2.5131373,-3.8431444,6.8330183
-1.5331002,-4.3038244,6.415878
-1.1997972,-4.004885,5.773771
-1.0221034,-3.197177,5.194817
-0.30110595,-2.1401446,4.9357343
1.269218,-0.98366106,5.176009
3.3122432,0.18435213,5.9638453
5.0382514,1.2165259,7.1876464
5.8663297,1.868462,8.60738
5.891381,1.910577,9.940645
5.8018575,1.2998346,10.959362
6.299295,0.25290686,11.552541
7.4856024,-0.8572909,11.742974
8.721442,-1.7072293,11.672614
9.081299,-2.1712103,11.56782
8.046331,-2.3086183,11.677614
5.883812,-2.2261202,12.1809435
3.4192412,-1.9501885,13.092776
1.4002453,-1.4224695,14.23009
-0.02476282,-0.6148424,15.283323
-1.2961721,0.3433916,15.971459
-2.926065,1.143047,16.188572
-4.913815,1.4107662,16.040287
-6.5871806,0.89462847,15.739537
-7.0178547,-0.39246395,15.434165
-5.7000365,-2.149951,15.0938425
-2.9690604,-3.892491,14.543649
0.16474348,-5.1238866,13.622913
2.6460373,-5.5069795,12.351784
4.0021143,-4.966978,10.977782
4.51719,-3.6943169,9.860026
4.855138,-2.0494127,9.267571
5.4455214,-0.41142055,9.232554
6.109048,0.9574316,9.559987
6.197334,1.9644206,9.9817505
5.12348,2.6363664,10.337019
2.8699265,3.0159514,10.644362
0.08983666,3.0915833,11.015701
-2.2684786,2.820052,11.485322
-3.532859,2.221671,11.893793
-3.6641378,1.4594467,11.925257
-3.164609,0.818039,11.279352
-2.6386986,0.57784164,9.857076
-2.3456333,0.87017137,7.8308387
-2.0616958,1.6221502,5.5558043
-1.3225107,2.6305375,3.3909254
0.16053909,3.6992188,1.5492676
2.2223217,4.725665,0.057964746
4.2951593,5.6721163,-1.1788708
5.7375355,6.464904,-2.283401
6.2045913,6.9356976,-3.3404365
5.8166227,6.887004,-4.3860364
5.034783,6.253672,-5.424411
4.3488965,5.2345953,-6.4437623
3.990747,4.268894,-7.424367
3.8483684,3.8356686,-8.349706
3.6106112,4.188704,-9.224367
3.017292,5.196936,-10.083107
2.0285115,6.4009533,-10.971644
0.79669017,7.256344,-11.903018
-0.5205305,7.4135795,-12.824782
-1.9389057,6.8647256,-13.638702
-3.6480215,5.880901,-14.280121
-5.804792,4.8040376,-14.809127
-8.2763,3.8449175,-15.4346895
-10.565113,3.0180335,-16.421108
-12.034105,2.2335923,-17.906696
-12.308041,1.4524342,-19.745392
-11.554882,0.7748753,-21.49755
-10.402665,0.39944878,-22.617699
-9.514404,0.4943418,-22.754171
-9.123355,1.0863239,-21.979353
-8.88874,2.045512,-20.789358
-8.198658,3.161934,-19.850613
-6.6948357,4.246115,-19.639303
-4.6078143,5.1884713,-20.196466
-2.6333354,5.962902,-21.145742
-1.4462247,6.6010046,-21.943464
-1.2426676,7.160282,-22.180698
-1.6809167,7.683835,-21.741573
-2.2647147,8.146517,-20.745043
-2.844718,8.415118,-19.358532
-3.80305,8.275197,-17.65041
-5.7315598,7.545336,-15.594958
-8.826644,6.219768,-13.211171
-12.476964,4.5275197,-10.709509
-15.408752,2.8394647,-8.512552
-16.351282,1.4762368,-7.102909
-14.791406,0.56376123,-6.769725
-11.296885,0.05140311,-7.398646
-7.1749845,-0.1353275,-8.438619
-3.690235,0.03810273,-9.0905075
-1.3645382,0.6898165,-8.642722
0.18760875,1.8529056,-6.79022
1.8187844,3.3280296,-3.768438
4.1484847,4.718184,-0.22680533
7.1009607,5.643552,3.087264
9.972612,5.962182,5.652829
11.922952,5.808097,7.330939
12.494164,5.4219565,8.294252
11.789193,4.9380193,8.82455
10.236885,4.324709,9.138232
8.199009,3.522063,9.335244
5.772032,2.6261997,9.438222
2.9409354,1.924742,9.419956
-0.076841906,1.731831,9.171449
-2.6371486,2.1670606,8.475156
-3.8556786,3.082255,7.0850687
-3.0986984,4.2075334,4.915091
-0.44067064,5.3882513,2.189938
3.2555385,6.700778,-0.6144309
6.726989,8.340189,-3.0532649
8.93607,10.369558,-5.010808
9.544192,12.538228,-6.747978
8.9559555,14.322531,-8.628036
7.943733,15.169991,-10.732502
7.1236076,14.777204,-12.680535
6.6218276,13.212079,-13.775223
6.1194315,10.807954,-13.309679
5.202718,7.920689,-10.776569
3.7475364,4.7342834,-5.918292
2.052988,1.2582176,1.2207515
0.6290744,-2.4932604,10.134969
-0.18445249,-6.302166,19.796898
-0.43143758,-9.715755,29.048761
-0.35559118,-12.232004,37.430336
0.065274425,-13.55402,45.76086
1.42221,-13.695564,55.580914
4.577081,-12.86383,67.34631
9.778346,-11.280261,78.623795
15.818848,-9.174534,84.18561
20.09526,-6.977506,78.83296
19.922615,-5.4308405,61.462727
14.4477,-5.2883806,37.229248
5.767705,-6.669647,15.437431
-1.8678933,-8.634762,3.912837
-4.603956,-9.610508,3.6948676
-1.6821779,-8.643685,8.230006
3.6869037,-6.5422754,8.104104
6.1537676,-5.693071,-1.9816815
1.7157263,-8.235917,-19.275143
-9.48321,-13.794999,-35.189384
-23.024086,-18.78255,-42.037834
-32.936527,-18.404905,-39.107853
-35.49502,-10.324695,-33.383614
-31.582254,2.8025513,-34.327934
-26.07199,14.315175,-46.578842
-24.603292,17.89438,-65.845314
-29.728378,12.267214,-80.850845
-38.79112,2.5392652,-79.93731
-44.92288,-3.2702115,-57.997444
-40.811035,-0.20448041,-19.52384
-23.278936,9.616728,23.75975
3.9701016,18.175436,58.949585
31.361551,17.279457,78.019844
48.119938,4.6591673,80.47344
48.180977,-14.105914,71.33345
33.75617,-29.241394,56.113434
14.033041,-33.224857,36.421383
-0.5065938,-25.25079,9.608231
-4.6105967,-10.667325,-26.871006
-1.230798,3.6722486,-69.4426
1.1947039,14.152697,-105.82029
-4.6562076,21.507229,-119.21237
-19.1275,27.808521,-97.90701
-34.63855,32.370132,-44.215546
-40.383553,30.519098,23.883907
-29.474506,16.812216,80.64877
-3.727277,-9.507515,105.67735
26.963072,-41.166985,94.00656
50.048637,-64.79205,56.93377
56.994675,-67.608574,13.715922
47.2222,-44.981953,-19.624922
27.425426,-4.0874357,-36.932697
7.2472806,38.689034,-40.757256
-5.837897,65.31511,-36.22121
-9.613175,64.624306,-25.809593
-6.908737,37.469845,-9.0477295
-2.7883666,-3.8552177,13.772717
-1.1146936,-41.457676,38.11552
-2.5142257,-60.099655,55.684704
-4.687248,-54.00587,58.874065
-4.514982,-28.994934,45.72487
-0.39970824,1.1599678,21.554552
6.679881,22.337132,-3.8829293
13.902012,27.537506,-21.544968
18.386557,19.92344,-27.108448
18.700518,9.5905905,-21.743902
15.175062,6.1525307,-10.047404
9.148584,12.042376,2.8921247
2.0262637,21.035385,13.47409
-5.019919,22.92288,20.0296
-10.662546,10.98846,22.228325
-13.052293,-12.928861,20.276413
-10.233539,-39.119946,14.492305
-1.3742743,-55.666054,5.465544
12.037017,-55.081165,-5.3684945
26.109394,-37.816322,-15.282072
35.969986,-11.135741,-20.659128
37.957767,15.058042,-18.570705
31.230154,32.572403,-8.853505
17.82386,37.43464,4.829966
1.3362321,30.264557,16.22111
-14.693801,15.241571,19.722212
-27.671797,-1.6382859,13.687175
-35.947903,-14.682919,1.3902435
-38.599964,-20.589582,-11.112608
-35.626263,-19.66539,-18.668776
-28.365591,-15.358834,-19.55876
-19.330322,-12.130335,-15.245921
-11.010382,-12.854994,-8.078615
-4.350821,-17.384563,0.75546724
1.6720173,-23.094257,11.259236
8.63124,-26.802423,22.912436
16.35325,-26.566711,33.13182
21.866692,-22.221357,37.665836
20.988834,-14.711385,32.98409
11.686713,-5.2041407,19.008165
-3.481304,5.142304,0.15974596
-18.138542,14.774262,-16.198496
-25.861578,21.491404,-23.219227
-24.217236,23.038383,-18.104517
-16.042328,18.365107,-3.8025386
-7.1663346,8.586627,12.204946
-2.5546465,-3.2731726,21.657711
-3.7897198,-13.745562,19.962084
-9.277428,-20.5615,8.750004
-16.179,-23.253248,-5.2376804
-22.038614,-22.359232,-14.516626
-25.098448,-18.112062,-15.714256
-24.016891,-9.985315,-11.54399
-18.236467,2.3049438,-8.430206
-9.098984,17.20899,-11.505548
-0.34341028,30.851458,-20.694466
3.393497,38.615677,-30.728182
-0.2748083,37.974182,-34.894424
-8.954441,30.385303,-29.608671
-15.981622,20.525309,-16.616394
-14.330738,13.199018,-1.7283465
-1.5399034,10.257517,8.532668
17.868217,9.949655,10.072429
34.48722,9.133986,2.7111862
39.546707,6.37132,-10.077587
30.297522,3.230233,-22.64176
11.70133,2.7774086,-29.374098
-6.7028847,6.69564,-27.156975
-16.699574,13.559769,-17.00313
-16.224756,19.629723,-3.682786
-10.05595,21.310663,6.915639
-6.072505,17.238535,11.22738
-9.694768,8.671927,9.866748
-20.199654,-1.4924332,6.5355196
-31.2023,-9.920828,4.949418
-34.735332,-13.657632,6.3013353
-26.081587,-10.89922,9.092827
-6.3459783,-2.0660052,10.926814
18.415531,9.49702,10.275171
40.40749,18.493786,6.7845135
53.469707,20.656048,0.56859577
55.01914,16.007793,-8.014298
46.274418,9.6115675,-17.545135
31.296856,8.419743,-24.912374
15.363083,16.015192,-26.470367
2.9745033,29.217264,-20.819664
-3.941342,39.546265,-10.853323
-6.6262703,38.878326,-2.6412947
-8.1177845,25.243765,-1.3161479
-10.457744,4.486939,-7.0898457
-12.48962,-13.36947,-14.881541
-10.295502,-20.32122,-18.130043
-0.42862213,-14.83077,-13.739656
16.381998,-1.9221268,-4.1237693
34.200417,10.426275,5.106057
44.816498,15.773793,9.519987
42.76735,11.976369,8.553972
28.790058,1.3379697,4.6746073
9.2411585,-11.138275,0.5004935
-7.82911,-20.208872,-3.127658
-16.86924,-22.6355,-6.5872364
-16.519268,-18.543581,-9.586635
-8.496088,-11.293505,-10.34339
4.4231744,-5.646133,-6.9255824
19.345402,-4.955313,0.5001833
32.932922,-9.045521,8.826628
41.210346,-14.330476,13.6831665
40.731853,-16.303305,12.489545
30.670675,-12.745506,6.478251
14.053438,-5.3617783,0.026169952
-3.2379363,1.3016881,-2.3321254
-15.290331,2.7550194,0.85194683
-18.924906,-2.8576133,6.6933546
-14.66718,-14.0955715,9.676261
-5.687618,-27.379856,5.3689075
4.120987,-38.63287,-6.1628294
11.611492,-44.293785,-19.611528
14.982112,-41.819824,-27.273748
13.918495,-30.512041,-24.08972
9.638572,-12.833261,-11.671294
4.6040845,5.012881,1.769798
1.4826355,14.905877,6.259005
1.6099145,11.166936,-3.0657642
4.048739,-4.9720097,-21.709852
6.2818217,-24.450104,-37.61771
6.3240185,-34.908627,-38.44584
4.604311,-28.586245,-19.751202
3.801841,-8.301843,11.486885
6.3840947,13.245113,40.648457
11.719026,21.221306,54.225803
15.405759,8.566864,47.757793
11.9532175,-18.828026,27.733608
-0.8357717,-45.506245,6.4775214
-19.159613,-56.186012,-6.1418586
-34.664158,-45.17017,-8.355253
-39.4584,-19.148754,-5.886221
-31.28509,7.980238,-6.175523
-15.123616,24.092133,-12.16188
-0.04099634,25.333717,-20.3009
6.467772,16.392145,-23.958618
2.735071,5.5762825,-19.112036
-6.887084,-0.98737925,-7.6939707
-15.523716,-2.10237,3.9390492
-18.186333,-0.28546974,9.926092
-14.200997,1.3739961,9.130226
-6.6274467,1.496081,5.433772
0.23051172,0.5036513,4.2299256
3.2827084,-0.8024488,8.228649
1.7911003,-2.5824568,15.889776
-2.9068909,-6.0979733,23.294361
-8.467793,-12.673857,27.41123
-12.756197,-22.322666,27.923553
-14.779969,-32.996063,26.453499
-15.025455,-41.022896,24.406532
-14.967866,-42.6605,21.603174
-15.909363,-36.045513,16.771477
-17.849585,-22.443048,9.123197
-19.273413,-5.897059,-0.5962443
-18.160378,8.714443,-10.423973
-13.52017,18.0957,-18.306488
-6.2279005,21.843224,-22.873987
1.5456412,21.817324,-23.335253
7.8217597,20.222858,-19.03177
11.944154,18.032858,-9.541469
14.442704,14.968676,4.461029
15.917195,10.760467,20.360687
16.126617,6.228783,33.825424
14.220703,2.9936752,40.42275
9.896826,2.0907955,37.84412
4.312768,2.9909616,27.359589
-0.25600195,4.2019815,13.485428
-1.8983629,5.0013704,1.8764498
-0.51513714,6.5095325,-3.5053697
1.9738889,10.71929,-2.4076579
2.8672853,18.056139,1.7330894
0.42643577,25.751312,4.0358486
-5.1321974,28.996109,1.4906137
-11.970655,24.518442,-4.7088466
-17.833607,13.833283,-9.5796995
-21.157162,3.1975467,-7.640971
-21.437654,-0.28665128,2.8914428
-18.948742,6.2186794,17.988625
-14.350041,18.89792,29.62082
-8.574862,29.703981,30.60136
-2.884001,32.03525,19.204926
1.3193494,25.51628,0.28633425
3.0929022,16.281473,-17.853294
2.6269472,12.485219,-28.47443
1.3381376,18.317106,-29.680716
1.0416077,30.877207,-24.014044
2.5990639,42.08952,-15.430858
5.0229573,44.121243,-6.543835
5.8832674,34.360832,1.7957278
2.9872086,16.625181,8.958829
-3.7208076,-1.7385855,13.178792
-11.457965,-14.260527,12.03752
-15.8443775,-18.040154,4.4339128
-13.498879,-13.432561,-7.8705673
-4.3444324,-2.0905864,-20.669104
7.9891367,14.221397,-29.454744
18.083105,32.966335,-31.636992
21.80996,49.583652,-27.340694
18.571747,57.916626,-18.662008
11.228592,53.16946,-8.385552
3.8440425,35.59985,0.88085854
-1.0910352,11.774975,7.043851
-3.9508433,-8.362269,8.789162
-6.919929,-17.105902,5.9814434
-11.530825,-13.397074,-0.1435924
-16.825108,-2.8246427,-7.3802223
-19.676693,6.677917,-13.365885
-17.094082,10.085238,-16.170725
-8.721361,7.629911,-14.325865
2.4275858,2.9777749,-6.7270617
11.59141,-0.6626576,6.8500333
15.025444,-3.0511482,24.58533
11.924466,-6.235479,41.83931
4.3394165,-11.798616,52.043606
-4.4731126,-18.751757,49.4206
-11.830247,-23.862488,32.09755
-16.413277,-23.89402,3.5812032
-18.060509,-17.745321,-28.40012
-17.297462,-6.977825,-54.875656
-15.114998,5.133455,-68.616455
-12.800414,14.840391,-65.842255
-11.395948,18.69474,-46.689342
-10.926889,14.194722,-15.182925
-10.204249,0.961779,21.050402
-7.8055263,-17.843128,52.01738
-3.701409,-35.29947,68.24752
-0.008154176,-42.981346,64.75889
0.2804921,-35.207264,43.987717
-4.011474,-12.843697,15.384158
-10.349194,16.087921,-8.855067
-13.468078,39.851276,-19.820152
-9.113874,48.59666,-16.111998
2.108952,38.813416,-3.636025
14.042706,14.274294,8.789686
18.55911,-16.446941,14.99783
11.171376,-43.848835,14.515109
-5.444834,-60.58975,11.307373
-22.842478,-62.944386,9.570495
-32.31156,-51.11221,9.9700775
-30.559036,-29.04566,9.230933
-21.420982,-3.7061906,3.3058903
-12.432479,16.860483,-8.464722
-8.936369,26.624722,-21.605528
-10.206491,24.488405,-28.751314
-10.451489,14.944334,-24.411436
-3.8276048,5.4158225,-8.851141
10.413262,1.537522,11.6612835
26.54886,3.506641,28.345633
35.831627,6.301046,34.692913
32.27161,3.9004562,29.503134
16.695621,-5.4830985,16.691996
-3.593224,-17.241692,2.6219122
-19.105032,-23.271158,-7.0654087
-23.446909,-18.072824,-9.50028
-16.393501,-3.5271647,-5.073707
-3.3368723,11.45591,3.2417855
8.01572,16.47756,11.234822
11.599812,6.556725,15.1261215
5.7151713,-14.458125,13.139906
-6.4148974,-36.24334,6.2762704
-18.244251,-48.255066,-2.3023443
-23.006662,-45.52086,-9.091722
-17.106813,-30.444386,-12.18086
-2.1906986,-10.262546,-12.011447
15.445146,7.3721795,-10.514729
28.15809,17.687979,-9.421279
31.246824,19.59939,-9.119094
25.531128,14.656277,-8.859003
16.42795,5.553106,-7.9104176
10.104258,-4.944517,-6.5113907
9.414023,-14.639385,-5.748217
12.477795,-22.28979,-6.510381
14.74315,-27.60021,-8.49073
12.760761,-30.60438,-10.17208
6.7768435,-30.776093,-9.936431
0.37258667,-26.77507,-7.510634
-2.2822099,-17.457487,-4.6068773
0.6486641,-3.5997345,-4.081218
7.601013,11.243283,-7.939561
14.855898,21.998693,-15.443384
18.965061,25.00318,-22.761591
18.703276,20.47075,-24.791924
15.506642,12.375444,-18.30153
12.401189,5.570814,-4.378757
12.194886,2.311227,11.667356
15.931796,0.99075115,23.207825
22.372047,-1.845115,26.182066
28.724735,-7.9175344,21.263851
32.199783,-15.141071,12.749135
31.460314,-18.893147,5.076892
27.103659,-15.633637,-0.26440212
20.95591,-5.90084,-5.0388055
14.807808,5.7467523,-11.690582
9.573324,13.735098,-20.206507
5.3963995,15.001446,-27.175385
2.3604653,10.435578,-27.950132
0.96015644,3.5440006,-20.232552
1.8161482,-2.1496184,-6.2399316
4.912347,-4.825469,8.2415695
9.126086,-4.296323,17.210585
12.555228,-0.94272697,17.815409
13.426346,4.9469576,11.553125
10.908204,12.879835,2.8300033
5.340653,21.56643,-3.8535442
-2.0660233,28.99253,-6.240267
-9.688173,33.29733,-4.9828277
-15.875643,33.648117,-2.6193926
-19.336142,30.272192,-1.7245681
-19.58694,23.720942,-3.3612761
-17.241293,14.294728,-6.650587
-13.732605,2.3989189,-9.602493
-10.414094,-10.454839,-10.58781
-7.594186,-21.16138,-9.393113
-4.3350945,-25.948778,-7.077959
0.65132916,-22.38391,-4.797745
7.6022897,-11.047303,-2.6759923
14.925094,4.42501,0.1651921
19.773092,19.01599,4.365948
19.666996,28.548681,9.088999
14.035686,31.054256,12.180915
4.627359,26.763739,11.880466
-5.4059386,17.29521,8.59089
-13.058917,4.9563103,4.878674
-16.704803,-7.4802084,3.360643
-16.466583,-16.942617,4.2294693
-13.795569,-20.747627,4.7917542
-10.6557045,-17.791544,1.7258238
-8.685577,-9.48122,-5.7954717
-8.568934,0.4887892,-14.982112
-9.786361,7.712578,-21.492239
-10.890781,9.213737,-22.932602
-10.283716,4.8733516,-20.606716
-7.170142,-2.7199643,-17.868334
-2.1650085,-9.848199,-16.620897
2.8580983,-13.638603,-15.335646
5.667776,-13.258813,-10.63267
4.87011,-9.792032,-1.1287757
0.75527024,-5.1566167,10.009108
-4.6883435,-0.951285,16.412605
-8.6800785,2.074255,13.002351
-9.103753,3.8564057,0.07318369
-5.791416,4.6085687,-16.346516
-0.83885926,4.6019583,-28.214115
2.460043,4.15184,-30.496742
1.665567,3.4988582,-23.946407
-2.9793968,2.4355757,-13.988624
-8.313698,0.022886133,-6.9011364
-10.105356,-5.0251217,-6.016511
-5.970099,-13.168436,-10.194995
2.668808,-22.840183,-15.093173
11.171696,-30.418417,-16.138655
14.623631,-31.926376,-11.401328
11.077663,-25.600092,-2.7772448
2.689708,-13.459383,5.1876283
-6.1065116,-0.4769586,8.221008
-11.925017,8.291244,5.239591
-14.617735,10.576168,-0.73663735
-16.65769,7.642804,-4.5167475
-20.367603,2.4968183,-2.347563
-25.393576,-2.7721827,5.38721
-28.555155,-8.181326,14.467547
-26.197992,-14.647887,19.96901
-17.147627,-21.680738,19.786543
-3.9589105,-26.325853,15.779182
8.416582,-24.646305,11.750383
15.452265,-14.746384,10.1245365
15.335626,1.1100157,10.198407
9.374376,17.112293,9.363127
0.6713277,26.931894,6.043423
-7.7108083,27.033247,1.6278386
-13.900828,18.092384,-0.38001654
-17.299164,3.9454818,2.7194853
-17.988054,-10.737297,10.349433
-16.125233,-22.311422,18.762094
-11.744562,-28.67655,23.686136
-5.0198045,-28.86619,23.400589
3.2278554,-22.691391,19.818241
11.159678,-10.971775,16.781935
16.103104,3.969238,16.951208
15.499068,18.304165,19.694374
8.328046,27.65425,21.589796
-3.7949386,28.742975,19.164103
-16.743868,20.942774,11.822955
-25.483484,6.853704,2.746503
-26.40474,-8.511793,-3.0474072
-19.03438,-19.684444,-2.207747
-6.0947523,-22.978197,4.385906
8.016408,-17.941988,11.983302
19.25173,-7.2971897,15.184979
25.236046,4.5693417,11.797445
25.433474,13.690645,4.4494348
20.62439,18.05326,-1.38202
12.430822,17.907858,-1.5906528
3.139915,15.011115,3.277556
-4.550029,11.511307,8.304471
-8.281105,9.119386,7.983249
-7.098186,8.724379,0.66466814
-2.0318902,10.258776,-9.8188715
4.4679823,12.69942,-16.728228
10.0466795,14.372328,-15.304556
13.836785,13.740088,-6.2494226
16.643072,10.43034,4.842625
19.781624,5.805253,11.600619
23.560211,2.440257,11.343467
26.697834,2.60044,6.548351
27.185007,6.6474686,2.415104
23.867546,12.535619,2.6392832
17.44562,16.886282,6.723149
10.097857,17.03205,10.7286215
4.080428,12.718231,10.592905
0.4305142,6.3500824,5.247008
-1.2808204,1.6055294,-2.8121922
-2.1020718,1.2445484,-9.661457
-2.5424428,5.4142957,-12.873889
-2.0203142,11.4524145,-12.920123
0.6927171,15.341981,-12.202808
6.3546324,14.030148,-12.8261175
14.202201,7.2820864,-15.036189
21.681376,-2.0635524,-17.451881
25.305206,-9.6624565,-18.59649
22.412502,-12.136169,-18.253094
12.986075,-8.896841,-17.538372
0.35292888,-2.1728857,-17.835077
-10.059131,4.6840334,-19.665243
-13.5979,9.340121,-22.444897
-9.2653,11.565223,-25.100727
-0.5403105,12.661915,-26.730955
6.771881,13.921614,-26.604382
8.434214,15.408665,-23.649515
4.6582723,15.892257,-16.305077
-0.26287755,13.710828,-3.4253619
-1.3800164,7.7315884,14.065117
3.0795429,-2.1777806,32.038273
10.512962,-15.057144,43.855236
16.271065,-28.736654,43.115856
17.47082,-39.712994,27.210962
15.042752,-43.64237,-0.41557997
12.36809,-37.007725,-30.919952
11.866684,-19.549538,-53.659298
12.643062,4.067402,-60.98072
11.259172,25.017193,-51.57283
4.8701987,33.8826,-30.464172
-6.086463,25.447674,-5.7409167
-17.930279,1.9472623,15.875356
-26.290655,-27.392502,31.725748
-28.853731,-50.56497,42.59443
-26.123156,-58.5093,49.669674
-20.070541,-49.186954,51.869133
-12.435579,-27.858383,46.03106
-4.3822675,-3.6913157,30.074356
2.5471592,15.0809,6.544141
5.8092775,24.613352,-16.756418
2.9221294,25.821949,-30.302172
-6.3071218,22.058363,-28.48363
-18.491621,16.103205,-13.352192
-28.013361,8.648903,6.3919616
-30.515795,-0.88587093,20.62526
-25.990868,-12.190008,23.642174
-18.916742,-22.53672,16.67748
-15.10124,-27.405502,5.7407675
-17.484621,-23.123386,-3.197685
-24.005512,-9.797882,-7.977377
-29.064249,7.6267476,-10.474146
-27.433733,21.2946,-13.68603
-17.779457,24.537405,-18.38298
-3.4392147,15.800572,-22.065939
9.792761,-0.09286998,-20.928568
17.118355,-14.370425,-13.080896
17.121296,-19.198202,-0.3572286
11.83552,-12.129792,12.757564
4.899836,2.6784484,22.197212
-0.73517066,17.285183,26.877367
-4.143123,24.937946,28.680428
-6.265936,23.835543,29.953484
-8.694411,17.20093,30.759031
-12.315582,9.928226,28.414927
-16.659777,4.618062,19.938334
-20.266962,0.14156248,5.4072886
-21.76252,-6.332622,-10.771627
-20.889078,-15.844188,-22.123703
-18.732958,-25.851257,-24.3671
-16.893187,-31.730732,-18.331493
-16.128986,-30.217955,-9.168481
-15.547312,-21.763018,-2.4973528
-13.150453,-9.851128,-0.6017705
-7.5658154,1.8745794,-1.610031
0.28393108,11.927171,-1.9765707
7.018852,20.674574,0.13112651
8.594232,28.001549,3.4346793
2.954301,31.557573,5.063111
-8.362381,27.713322,3.3792198
-20.89113,14.74115,-0.39477035
-29.702597,-4.5558467,-2.979311
-31.865797,-23.358372,-1.4108503
-27.315697,-34.521164,4.9261794
-17.994541,-34.779907,13.928356
-6.482115,-26.338215,22.009253
4.6700945,-14.803005,25.974752
12.8876505,-5.276769,24.54603
15.817051,0.3702327,18.943539
12.531224,3.2827764,12.274145
4.9368644,5.1829987,7.784116
-2.300119,6.0577273,6.6585817
-4.149512,3.9082043,6.7443013
1.3495058,-3.357857,3.5193324
11.306245,-15.509282,-6.7013764
19.637665,-28.969501,-23.257538
21.237495,-38.0132,-40.115387
15.516102,-37.487335,-48.739403
6.5470905,-25.474512,-43.404755
-0.18379603,-4.465891,-25.342142
-1.6810954,19.503462,-2.6087408
1.0834321,39.2813,14.452646
4.906796,49.43534,19.142624
7.3472705,48.23465,11.810069
8.276232,37.94248,-1.210231
9.018715,23.380383,-11.931159
10.46141,9.538182,-15.221342
12.216632,-0.55207336,-10.860477
13.506545,-6.6404495,-2.5385222
14.499433,-10.477872,4.9531884
16.398043,-14.017277,8.502965
20.018461,-17.737343,8.11852
24.340792,-20.133808,6.571663
26.713913,-18.732979,7.5163245
24.811544,-12.064529,12.956173
18.649958,-1.3776671,21.428928
10.789256,9.118962,28.236708
4.4709754,13.978896,28.051006
1.3318111,9.519453,18.56143
0.67621535,-3.5459592,2.7050858
0.79228926,-19.597012,-12.422366
0.9067637,-30.444164,-19.665049
1.8701347,-29.536716,-16.290094
4.963289,-15.708392,-5.696473
10.052137,5.879864,4.951604
14.968446,26.387724,9.528505
16.886093,38.082848,6.7787876
14.6256,38.370922,0.5321554
9.903821,30.58775,-3.651401
6.342478,21.17632,-2.8049982
6.8631816,15.269332,1.3064568
11.415445,13.71617,3.6575298
16.765331,13.490775,-0.15261504
18.538078,10.958323,-10.4148445
14.073652,5.421751,-22.628113
4.127593,0.20247856,-30.035957
-7.6584005,0.36205038,-27.6748
-17.012728,8.700512,-15.354375
-21.407091,23.023684,2.1906385
-21.03385,36.843475,17.896767
-17.994974,43.23456,26.015244
-14.56134,39.26879,24.68521
-11.837878,27.952652,16.21732
-9.623411,16.27661,5.3402376
-7.230742,10.660363,-3.2994387
-4.384982,12.855108,-7.034814
-1.4924192,19.013414,-5.8204856
0.7248904,22.450232,-1.7377784
1.7071197,18.155586,2.164284
1.2149744,6.0644755,3.2463646
-0.77226686,-8.931595,0.4778729
-4.0622697,-20.029213,-5.0255604
-8.030208,-22.514778,-10.571765
-11.50593,-16.243174,-13.518915
-13.191242,-5.314706,-13.091022
-12.529279,4.5090494,-11.059661
-10.320042,8.889887,-10.523064
-8.349736,6.756283,-13.416235
-8.078642,0.17480676,-18.581566
-9.369996,-7.278285,-22.086868
-10.403314,-12.510204,-19.865854
-9.006573,-14.234171,-10.8465605
-4.39913,-13.166521,1.8766743
2.0953345,-11.25149,12.930839
7.966205,-10.420205,18.36926
11.266159,-11.475066,18.44841
11.710479,-13.607959,17.314432
10.298766,-14.841737,19.716413
8.011634,-13.285452,27.110352
4.9368615,-8.575492,36.03437
0.66067237,-2.538737,40.04956
-4.5571537,1.6414975,34.02897
-9.134767,1.5501622,17.928556
-10.885761,-2.3622944,-2.5078537
-8.61232,-6.4263277,-18.653948
-3.1675088,-5.935131,-23.74115
3.0329273,1.2265422,-16.51852
7.716182,12.095866,-1.6371453
10.264124,19.608131,13.360529
11.796205,17.09481,22.467978
13.841962,3.5388145,24.286814
16.810997,-14.348566,21.971016
19.556679,-25.412437,20.378654
20.307579,-21.123503,22.557304
18.07305,-1.7738423,27.952688
13.333329,22.755842,33.336327
7.565916,38.66417,35.45792
2.1818488,36.765316,33.310417
-2.1726694,18.13202,28.416138
-5.501375,-6.9700794,23.196447
-7.9003,-25.93418,18.933641
-9.2606735,-31.513071,14.981143
-9.522606,-25.124014,9.724327
-9.088854,-14.034709,2.3548899
-8.775348,-5.2467637,-6.050931
-9.144183,-0.9589891,-12.995749
-9.78225,1.3210462,-16.142889
-9.322089,4.9341836,-14.762505
-6.4395647,10.254759,-9.994432
-1.1437602,14.188856,-3.8669584
4.76594,13.14529,2.04866
8.671391,6.6453185,7.2845244
8.971373,-1.6517996,12.010268
6.37503,-6.38445,15.97431
3.5042493,-4.3403907,17.859747
2.9270856,3.3492932,15.742779
5.0637207,12.201103,8.454656
7.6711593,17.484707,-3.1462007
7.4977217,16.95785,-16.07342
2.9909582,11.485978,-26.617386
-4.0220065,3.7350476,-32.481655
-9.151417,-3.5605712,-34.200165
-8.410144,-8.511591,-34.705082
-1.2901814,-10.130035,-37.133514
8.343133,-8.268778,-42.288967
14.395621,-3.8549426,-47.621258
12.4497,1.0128963,-48.686356
2.8468118,3.769444,-42.29104
-9.174053,2.8092563,-29.152803
-16.480486,-1.3884331,-14.032859
-14.327225,-6.4988666,-3.0187266
-3.2247193,-9.940557,0.23134153
11.358233,-10.586804,-3.4244897
22.18385,-9.233713,-9.721818
24.280289,-7.582072,-14.37459
17.379639,-6.80554,-16.021912
5.4721994,-7.006434,-16.427515
-5.937171,-7.817526,-17.97298
-12.945821,-9.203837,-20.832617
-14.832246,-11.42074,-22.500866
-13.422167,-14.186815,-20.227911
-11.088184,-16.212698,-14.20576
-8.987864,-16.019018,-8.465187
-6.7119484,-13.549342,-8.284956
-3.3293424,-10.90566,-15.9589205
1.2038547,-11.016273,-28.365034
5.4597654,-14.995343,-38.493088
7.249427,-20.551283,-39.96893
5.1079464,-23.291151,-31.272997
-0.51969594,-20.284689,-16.669134
-7.2512174,-12.942986,-3.4219363
-11.982633,-6.4151454,2.5033956
-12.627867,-5.5143895,-0.6221807
-9.322606,-10.355179,-10.172509
-4.3441877,-15.5383215,-21.2466
-0.7765131,-14.023351,-29.233278
-0.7317598,-2.8922307,-31.47748
-4.2324314,13.613461,-27.678877
-9.427831,26.430708,-19.38582
-13.912386,27.800596,-9.083978
-16.158741,16.571623,0.7660407
-16.060722,-1.2484869,8.475227
-14.3459015,-16.851252,13.435452
-11.555077,-24.340403,15.945058
-7.594777,-23.562405,16.765375
-2.2630334,-18.501968,16.71192
3.8312354,-13.287229,16.392893
8.970662,-9.34533,15.984597
11.119653,-5.6477947,15.002498
9.227243,-1.0060499,12.335134
3.931777,4.23454,6.8982143
-2.9322329,8.712552,-1.1954913
-9.538456,11.917122,-9.767999
-14.89009,15.106804,-15.020119
-18.631264,19.972168,-13.512036
-20.287138,26.162046,-4.6054397
-18.944323,30.264399,8.407216
-13.866344,27.798996,19.596558
-5.4641914,17.03653,23.558615
4.4503345,1.4823226,18.488947
13.545939,-11.430212,7.1827755
20.243519,-14.923659,-4.64937
24.190643,-7.462763,-11.615027
25.556381,6.1167703,-11.3999815
24.03406,17.7923,-5.5085473
18.824308,21.452585,2.19293
9.860866,16.242369,8.002655
-0.9101543,6.101149,10.375698
-9.751362,-3.5552928,10.289316
-13.148216,-9.179991,9.985152
-10.135232,-10.216992,11.0924015
-2.925308,-7.965993,13.446564
4.7949142,-3.9204922,15.358504
10.467357,0.7931429,15.034167
13.922739,4.817071,12.034383
16.351076,6.0994363,7.689314
18.228146,2.6920164,4.2129707
18.419687,-5.522718,3.2352724
15.456975,-15.75848,4.821261
9.704671,-23.252949,7.5653715
4.0628724,-23.938143,9.519897
2.1102695,-17.031895,9.243253
5.090958,-5.617863,6.408303
10.4915695,5.237139,1.8669263
13.756907,11.444005,-2.668761
11.92909,11.86342,-5.2183113
6.1700416,8.165699,-4.3521786
0.9609712,3.1204526,-0.0015892887
0.58743465,-1.1642827,6.2576957
5.828646,-3.9141998,11.880687
13.536538,-5.3055043,14.79981
19.262236,-5.8643923,14.737925
20.542938,-6.2847404,13.378896
18.120615,-7.50093,13.148406
14.402842,-10.412718,15.430037
10.945884,-15.07715,19.51351
7.4018564,-20.003363,23.021425
2.7376862,-22.473658,23.458096
-2.7561798,-20.117096,19.784157
-6.9059834,-12.813657,13.059716
-7.314537,-3.4654782,5.933077
-3.7449598,3.1741486,1.395679
1.1437488,3.0308027,1.3979023
3.673317,-4.992559,5.8089223
2.162335,-18.357632,12.14127
-1.5919037,-32.11161,16.411926
-3.822561,-41.046944,15.117942
-2.1315446,-41.552578,7.4805737
2.1963806,-32.520176,-3.544469
4.976339,-15.476874,-12.619262
2.462345,5.634423,-15.30689
-5.4816217,25.005049,-11.15685
-14.978169,36.254898,-4.17723
-20.812027,34.679432,-0.0058618737
-20.030712,19.768965,-1.6814331
-13.721978,-3.5193267,-7.23072
-5.8528614,-26.122746,-11.057242
-0.39597204,-38.87135,-8.18404
0.94146746,-37.25488,1.8600132
-1.0604506,-24.095385,14.436191
-4.5719514,-8.11671,22.827896
-8.260095,1.1617866,22.560068
-11.72456,-0.7312094,13.964856
-14.858157,-10.370759,1.578796
-17.103682,-18.62125,-8.699894
-17.456978,-16.65751,-12.609578
-15.197558,-1.9893249,-9.161117
-10.614473,19.496548,-0.66684616
-5.0402102,36.91358,8.368943
-0.15048155,41.037056,13.097474
2.908241,29.957542,10.581616
3.9281418,10.152179,1.6365788
3.376014,-7.5533066,-9.094768
1.7560829,-14.40554,-15.634432
-0.8873484,-8.492228,-14.693754
-4.9815207,4.8444057,-8.440779
-10.962389,16.782444,-3.4557364
-18.644524,20.375677,-5.977958
-26.821436,14.294013,-16.72992
-33.376575,3.0730731,-29.477348
-35.94289,-5.8622565,-34.88882
-32.887856,-6.491232,-27.06062
-24.214096,2.5175216,-7.7794733
-11.923448,17.108362,14.712422
0.4630715,29.95237,31.322723
9.205274,34.259556,37.59474
12.004518,27.364042,35.038105
9.226767,12.21066,28.006691
3.909657,-4.1256104,19.481035
0.300888,-14.165571,9.540555
1.5314277,-13.925089,-2.6175573
7.702397,-4.7108626,-15.671078
15.613467,8.211559,-25.500532
20.45743,19.089687,-27.75116
18.561401,24.91487,-21.336336
9.526314,26.32143,-9.640579
-3.535812,25.87714,1.7308657
-15.748851,25.43999,8.725484
-23.045082,24.795525,10.98518
-23.988882,22.50032,10.832343
-19.902931,17.870817,10.404777
-13.495279,12.11391,9.655888
-7.052635,7.5162497,6.8200808
-1.357048,5.522936,0.5693587
4.129697,5.6379046,-8.283843
10.12257,6.2892704,-16.974043
16.303963,6.8274703,-22.461714
20.960598,8.560901,-23.0741
21.83088,13.505636,-19.018309
17.701328,21.752787,-11.915661
9.67887,29.9761,-4.1541476
1.1243596,32.946156,1.5784436
-3.956556,27.34844,2.931095
-3.1830418,14.931809,-1.0100257
2.7254345,2.167439,-8.71172
10.280459,-3.750473,-16.399141
15.1784315,0.26115075,-19.95116
14.622202,11.115623,-17.452854
8.611627,21.763294,-10.468033
-0.37234387,25.888456,-2.8852458
-8.7982435,21.592796,1.836542
-13.647614,11.663245,2.8124785
-13.421237,0.8370318,1.6086732
-8.4789,-7.4141417,0.23420078
-0.8739687,-12.235085,-0.73068154
6.2835493,-14.490088,-2.1501634
9.994528,-15.077165,-4.694522
8.8149,-14.1316,-7.408548
3.8106391,-11.529963,-8.118955
-1.8170918,-7.765457,-5.423479
-4.547934,-4.0859694,-0.31994277
-2.7973528,-1.7294617,4.2568803
1.9418491,-1.0690857,5.7650123
5.996262,-1.5228524,4.183209
5.928797,-2.2515855,1.936935
0.81666565,-2.8797925,1.5996577
-7.1766467,-3.5171237,3.416329
-14.2418375,-4.135873,4.929929
-17.260933,-4.0545306,3.150217
-15.42956,-2.2000995,-2.5596306
-10.260605,1.930897,-9.3766
-4.2929554,7.3886585,-12.714735
0.40935194,11.747754,-9.446184
3.0437453,12.091094,-0.18465611
3.9567943,6.450794,11.02003
4.056429,-5.060354,19.239864
4.2429338,-19.915552,21.60902
5.0514097,-33.734955,18.733704
6.459538,-41.617958,13.875127
7.850185,-39.9911,10.65066
8.245304,-28.431883,10.763319
6.849766,-10.556257,13.106715
3.644924,6.934145,14.756804
-0.42643738,17.14581,13.270669
-3.9308171,16.58087,8.832027
-5.7869515,7.2564626,4.642649
-5.8236823,-4.3088026,4.908018
-4.5898914,-10.986128,11.48375
-2.6130924,-9.448256,21.594578
0.16308042,-2.1194656,28.742622
4.165606,4.761455,26.77812
9.346913,5.645457,14.519729
14.532639,-0.45901483,-2.582583
17.730871,-9.485569,-15.399069
17.352741,-15.396238,-16.926142
13.419629,-14.458211,-6.868171
7.719197,-7.596493,8.331008
2.6821525,0.65393674,19.984486
-0.19476418,5.4837613,22.842596
-1.17946,4.826098,17.920841
-1.8206712,0.055525348,10.802477
-3.6521232,-5.658453,7.1450605
-7.156562,-9.729792,8.88642
-11.677474,-11.504581,13.638799
-16.057648,-11.95572,17.114422
-19.228148,-12.369826,16.3539
-20.255331,-13.120772,11.437313
-18.121838,-13.219924,4.9084334
-11.933193,-10.716348,-0.14450853
-1.8151447,-3.7022812,-1.7895707
10.1370735,8.398666,0.20340756
19.961271,23.741377,4.830147
23.504402,37.88383,10.562455
18.896563,45.122696,15.694252
8.109471,41.14077,18.338839
-3.772097,25.670885,16.568594
-11.39335,3.4195337,9.105226
-12.285443,-17.683813,-3.6115732
-8.127922,-30.13482,-18.745428
-3.1626005,-30.29325,-31.594536
-0.85461676,-19.64399,-37.46596
-1.2158924,-3.428769,-34.01208
-0.76902616,12.12928,-22.594952
4.7737107,22.237385,-7.699616
17.012257,24.610395,5.335561
33.03405,19.449158,12.867474
46.57594,9.039008,14.231729
51.42996,-2.780998,11.1834545
44.892845,-11.644261,6.2148623
29.150845,-14.397954,1.0906613
9.933867,-10.87642,-3.503355
-6.516206,-4.349104,-7.32551
-16.258589,0.19828771,-9.81017
-18.750057,-0.780601,-9.952767
-15.964077,-6.880972,-6.978089
-10.474735,-13.788934,-1.2680421
-3.9084756,-16.024254,5.1849027
3.296092,-10.517703,9.259693
10.900416,1.4639697,8.055938
17.639927,15.250478,0.51332325
20.948683,25.647152,-11.601508
18.14033,29.610394,-24.107504
8.403381,27.087837,-32.306683
-5.8317523,20.036339,-33.47401
-19.385948,10.915737,-28.416178
-26.722052,1.8933446,-20.924164
-24.896124,-5.10614,-15.272289
-15.212683,-8.317402,-13.370372
-2.5107846,-6.722193,-13.595321
7.44609,-1.0487031,-12.220569
10.827278,5.8581634,-6.4435487
7.20662,10.084661,3.2489963
-0.9026627,8.760934,13.192675
-9.762613,1.8548172,19.075537
-16.17742,-7.707244,18.967619
-18.498938,-15.804395,14.54931
-16.781528,-19.61449,9.642169
-12.409015,-19.151608,7.2302375
-7.4554834,-16.859854,7.289878
-3.855576,-15.639791,7.0571685
-2.518501,-16.711205,3.4331932
-2.7781599,-18.730633,-4.4002695
-2.6407628,-18.67376,-14.146416
0.092557326,-13.848978,-21.849571
6.3782487,-3.7689397,-24.374552
15.050503,9.211926,-21.009438
23.112717,20.80257,-13.230448
27.065626,26.671347,-3.2635686
24.50794,24.32437,7.0924253
15.167377,14.090227,16.5107
0.96626925,-1.104305,23.509129
-14.711801,-16.868856,26.32156
-28.098372,-28.77653,23.816132
-36.054676,-33.552975,16.70537
-36.80611,-29.812653,7.6963725
-30.30092,-18.363539,0.06698818
-18.147703,-2.0899882,-4.31231
-3.1692245,14.710743,-5.80441
11.255941,27.618607,-5.9367123
21.832422,33.712437,-5.477304
25.857845,32.751987,-3.5585208
21.702642,27.06799,1.2349159
9.401628,19.93865,8.843187
-8.764973,13.307702,16.808128
-28.194492,6.4252777,21.501356
-42.930187,-3.3736181,20.50295
-47.6906,-17.98806,14.026179
-40.143646,-35.78574,4.238179
-22.141752,-51.007927,-6.6154003
0.94833606,-56.312366,-17.301521
22.544817,-47.157753,-26.939514
37.451283,-25.158472,-33.66531
43.308964,2.021369,-34.594162
40.37999,24.36449,-27.757578
30.362873,34.419807,-14.430169
15.4460125,30.307861,0.60500455
-1.7810662,15.242611,11.692039
-18.00581,-5.3751383,15.973272
-29.416904,-26.69916,15.031746
-32.890068,-45.163357,13.0278635
-27.48691,-57.563297,12.875455
-15.088926,-60.474525,13.71395
0.44381315,-51.486687,11.781726
15.031791,-31.608662,3.8559368
25.818283,-6.5131674,-9.667195
31.495024,15.228907,-24.490528
31.79259,26.372927,-34.958214
27.05415,24.892603,-37.330757
18.397171,14.718028,-31.53509
8.006871,2.8131554,-20.65882
-1.2970455,-5.17884,-9.089247
-7.387026,-7.6115804,-0.6726604
-10.088585,-6.3160114,2.344327
-11.099477,-3.9518137,-0.40102345
-12.315116,-1.6889775,-7.6014113
-13.834558,1.0768812,-16.813229
-13.458333,5.2394304,-25.165127
-8.356677,10.377999,-30.008825
2.3171837,14.480472,-29.368885
16.04494,15.117638,-22.36687
28.032377,11.044174,-9.892214
33.968567,3.0735369,4.723581
32.31667,-6.207149,16.000732
24.525637,-13.527586,18.455551
13.39364,-16.18035,10.070175
1.2604632,-12.944144,-5.2047863
-10.486843,-4.491142,-18.474684
-20.603445,6.7511625,-20.854616
-27.166014,17.247896,-9.499456
-27.930868,23.402798,9.702091
-21.781599,22.777166,25.266966
-10.028319,15.144759,27.334915
3.6309352,2.9668076,13.985963
14.576993,-9.113337,-7.766414
19.19392,-15.9042635,-26.766235
16.15124,-13.998224,-34.59207
6.637874,-3.694308,-29.745901
-6.1725297,10.783165,-16.936386
-18.056852,23.299707,-2.9977324
-24.994373,29.11563,7.12247
-24.663528,27.412737,11.907829
-17.649202,21.267347,12.406349
-7.4529457,15.041765,10.573378
1.1707256,11.10857,8.1668215
4.8362727,8.356187,6.337105
3.4113529,3.5278559,5.4083877
-0.2569093,-5.771923,4.7088375
-2.6442518,-18.787066,2.8734903
-2.1350362,-31.695015,-1.1162585
0.10914002,-39.79079,-6.716309
1.5743382,-40.019222,-11.516269
0.75615036,-32.18781,-12.426361
-1.6622436,-18.485188,-7.7089415
-3.8411305,-2.1540787,1.6125522
-5.033457,13.6208725,12.063307
-6.890084,26.209295,19.576256
-12.385552,33.696568,21.642445
-22.976074,35.086945,18.416988
-36.25697,30.56404,12.2932005
-46.246513,21.544916,6.4475613
-46.541256,10.355015,3.2894201
-34.402256,-0.37252918,3.5334332
-13.000372,-8.330968,6.1383667
9.813849,-12.030288,8.988852
25.570616,-11.061124,9.995741
29.595879,-6.0728893,8.15402
23.128267,1.5339024,4.043004
12.003635,10.022474,-0.5556613
2.9263306,17.544317,-3.76178
-0.263591,22.090681,-4.7468424
1.8809769,21.559896,-4.1379128
5.73499,14.514496,-3.3561666
7.575412,1.6281163,-3.3483162
6.093974,-13.20938,-3.6612544
2.8681028,-23.591879,-2.60531
0.7333103,-23.566847,1.5300384
1.417828,-11.377209,9.03024
4.1700306,8.763063,18.113087
6.2816567,28.660511,25.609072
5.058845,40.93192,28.612614
-0.13775925,43.215824,26.115046
-7.131615,38.619724,19.627213
-11.948095,32.14403,12.399862
-11.048868,26.142895,7.6649203
-3.5393105,18.696604,6.8749666
7.9022846,6.2544537,8.920278
18.003096,-11.827257,10.769859
21.435438,-30.923912,9.203113
15.670942,-43.192917,2.6848187
2.564891,-42.522976,-7.668734
-12.37039,-28.492702,-18.589062
-22.771273,-6.4342813,-26.330503
-24.772955,15.989659,-28.529861
-18.917503,32.668156,-25.160465
-9.450951,40.62668,-18.087843
-1.476031,39.153145,-9.644736
2.2000744,28.566103,-1.2415669
2.5145643,10.5075245,7.096281
3.0300746,-10.664974,16.096903
7.053672,-27.712397,26.109467
14.902163,-33.258175,36.316917
23.10421,-24.3075,44.78198
26.133862,-5.0606875,49.215233
19.741793,14.862838,47.980473
3.953058,26.237041,40.86816
-16.12221,26.05203,29.38112
-32.3681,18.916477,16.438122
-37.676567,12.883736,5.4929442
-29.693481,12.931604,-0.74607605
-12.081883,17.192745,-1.4920102
7.5268884,18.795195,1.7393568
21.697716,11.67175,5.950101
26.928698,-4.3586946,8.356362
24.730347,-23.118559,7.955406
19.635914,-36.25346,5.9355116
15.779974,-38.55,4.6486335
14.4805765,-30.425264,5.844277
14.273938,-16.348118,9.327012
12.91481,-1.267212,12.852391
9.4956045,11.77718,13.275055
5.0385656,21.407352,8.31007
1.3649099,26.244993,-1.9438697
-0.5389821,24.164013,-14.46257
-1.200895,13.533874,-24.20882
-1.9477208,-4.6872206,-26.451977
-3.6419377,-26.148537,-19.589388
-6.118863,-44.63673,-6.7724395
-8.781408,-54.918125,5.2206974
-11.598392,-54.780663,9.861464
-15.289627,-44.97658,5.27765
-20.262894,-27.628103,-4.0716124
-25.22602,-4.8314223,-10.228112
-27.032597,21.308617,-7.5011816
-22.46522,47.573463,3.0188763
-10.878566,68.98458,13.828194
4.530835,79.84903,16.218908
18.355469,76.26339,6.401802
26.760014,58.477253,-12.156518
30.615263,31.375021,-31.756426
35.23541,2.5129275,-46.06042
46.415016,-21.246143,-53.650955
65.50424,-36.55362,-57.13172
87.370384,-44.267933,-59.391113
103.13604,-47.773468,-60.80444
105.933586,-50.124775,-59.651802
95.46161,-51.87456,-54.62403
77.91484,-50.919605,-46.410763
61.32878,-44.31968,-36.715347
49.794323,-30.709606,-26.007957
40.69156,-11.558765,-12.741256
26.65466,9.572246,4.845271
0.4988367,29.112337,26.098455
-40.446445,45.26485,47.36982
-93.12211,58.220882,64.40794
-150.54913,68.89455,75.5858
-204.66139,77.457924,82.78577
-248.2741,82.917175,88.93546
-275.82,83.818085,94.50129
-283.70972,79.08383,96.3981
-271.0043,68.08729,90.515495
-239.97539,50.2267,75.51276
-195.4598,25.175451,54.16642
-142.60013,-5.589581,30.800732
-84.117096,-37.09372,7.135808
-19.238783,-61.206806,-19.3794
54.294914,-70.13643,-52.777863
135.8865,-61.380234,-93.45487
218.21729,-40.373074,-135.20273
287.03958,-18.039518,-167.29683
325.82843,-4.261922,-180.34373
323.2711,-1.882015,-171.47931
279.24582,-5.9278946,-145.12393
205.36,-8.775698,-109.22183
119.42091,-7.0459456,-70.43043
37.370106,-4.4572296,-32.115532
-31.84232,-8.201466,3.8656185
-85.11218,-21.970654,34.075798
-119.51339,-41.784004,52.630108
-128.00163,-58.552654,53.924416
-101.79265,-65.67286,36.96679
-39.07313,-65.58804,7.6385083
46.80028,-69.79335,-23.398092
128.00095,-91.659256,-46.130928
174.36424,-136.76662,-56.37374
170.06798,-197.21768,-57.18139
122.75466,-253.69937,-55.629795
57.277405,-284.24493,-57.288067
-2.2395012,-274.92645,-62.21679
-48.55746,-226.93767,-65.146484
-92.73912,-156.48227,-59.506813
-149.25856,-87.29227,-42.281166
-216.8321,-39.09,-16.142282
-271.48602,-17.576345,12.616785
-279.36285,-11.303249,38.64541
-220.93367,2.45082,60.923088
-108.359024,45.65161,82.186615
17.920103,127.85434,104.81303
111.77922,241.1013,126.62313
147.18398,363.2053,140.3896
129.18951,466.1667,137.94539
84.06138,524.5295,115.94649
38.290863,520.70264,78.79621
3.5105903,447.86166,36.41289
-22.348833,312.18484,-1.362456
-41.70491,134.01613,-29.387083
-45.785122,-54.854855,-47.696198
-16.52226,-219.50233,-58.325356
58.68448,-332.86984,-61.75814
171.36415,-382.9047,-55.91897
288.82263,-371.1209,-37.92725
367.20264,-304.83414,-6.6608787
372.37198,-191.20284,35.594196
295.26495,-39.707527,82.48322
153.59987,129.05626,123.36602
-17.988537,278.73224,144.26955
-181.01878,366.3813,131.90782
-302.5404,364.0889,81.12214
-359.89047,278.9476,2.054569
-343.71497,154.74533,-79.341095
-260.64438,50.168884,-131.24802
-133.20549,5.829742,-132.72227
6.1640897,21.894703,-86.87822
126.048225,61.370575,-20.679943
206.0903,76.01126,29.90213
240.08202,36.387753,40.099403
231.44939,-53.5713,8.699776
186.51962,-164.42838,-44.682476
111.689064,-262.35266,-93.60678
15.418017,-327.33734,-119.10893
-89.58959,-357.90436,-115.34096
-188.60599,-363.38983,-86.002304
-270.44037,-352.93427,-38.04895
-330.39105,-329.70438,20.846163
-366.47495,-292.41034,80.44524
-372.24063,-240.30182,126.45407
-334.72195,-176.66173,143.92366
-242.65079,-108.5771,124.88143
-99.97964,-44.001404,74.58701
67.3867,11.577303,10.842399
220.05252,57.032166,-44.221245
324.69876,95.21429,-74.83593
370.3619,130.37018,-78.00088
368.77316,164.54944,-62.01576
339.10168,195.2704,-38.88293
290.48138,216.56856,-15.959587
217.24054,223.35071,7.816347
110.44526,215.90065,38.98028
-24.82908,200.28731,81.94064
-161.96117,183.1971,131.8192
-262.261,164.78493,173.07294
-294.93744,136.12,186.17235
-253.15318,85.24001,159.39143
-155.54562,8.838901,98.39356
-33.93887,-79.27747,26.24098
82.59145,-151.11905,-28.069614
176.37776,-179.16202,-46.37162
238.89801,-153.74776,-32.382244
262.86887,-90.926994,-8.843101
237.87392,-24.328558,-1.9090884
155.21758,14.237552,-23.26971
19.683975,12.639744,-62.491367
-140.91292,-16.952728,-94.79386
-278.12692,-48.880505,-98.268196
-340.28433,-61.657757,-68.00191
-297.68008,-49.804916,-17.604624
-161.22116,-22.479128,31.523634
18.208076,8.10207,64.1393
171.82141,37.988228,78.251205
245.3344,73.06041,81.87383
223.51987,119.677666,84.06645
133.13263,172.48325,88.05305
23.682302,210.42789,90.82639
-61.174465,206.36993,87.62447
-104.25779,145.2786,76.38895
-116.674706,38.66773,58.807865
-122.509514,-75.9323,38.378723
-138.1162,-152.28629,18.187681
-159.47783,-160.06392,0.21174711
-164.70961,-101.828354,-14.322975
-129.14343,-11.817642,-24.918447
-43.335743,62.767014,-32.357582
76.8073,86.56056,-38.631382
193.87817,52.47412,-45.34797
265.1311,-18.45003,-51.658646
262.56158,-91.276726,-54.031116
186.29846,-135.2724,-48.98596
64.33146,-135.53374,-36.950226
-60.865627,-94.1995,-23.598394
-151.20186,-24.540579,-16.643398
-187.38951,55.903328,-20.029478
-172.5713,129.42973,-30.295225
-125.54432,180.17506,-38.630646
-69.250336,196.63242,-37.52344
-21.069098,175.50821,-26.784174
11.481622,124.571106,-13.880982
29.74978,61.152477,-8.034541
39.7711,5.4474874,-12.703957
47.174,-28.298851,-22.546432
53.116753,-37.63989,-27.393307
53.153904,-31.382162,-20.175064
40.28204,-23.240522,-2.6288655
11.15772,-23.713919,15.563138
-28.489487,-34.84434,23.454185
-64.10093,-50.373135,16.302774
-79.7836,-60.56337,-1.4760895
-68.80349,-58.534523,-19.597273
-39.166054,-44.4271,-28.686352
-8.908488,-25.119558,-25.758255
6.509237,-9.813566,-15.074739
5.4041457,-4.291614,-4.544149
0.55756056,-7.5645447,-0.64395756
8.302249,-13.148096,-5.234662
34.49064,-14.03618,-15.772349
68.75432,-7.724413,-27.953041
91.8604,2.462616,-38.472153
90.170044,10.666785,-46.0476
65.4089,13.692392,-50.51626
32.169807,13.845148,-51.34381
6.0555706,17.051552,-47.20202
-7.088378,27.713062,-37.21621
-12.272837,44.387505,-22.909975
-17.42687,59.75985,-9.006266
-24.973845,65.064354,-1.8339037
-30.91926,55.79427,-5.8204384
-31.325546,34.642044,-20.200636
-28.424997,9.614574,-38.344707
-29.042192,-11.414021,-50.631226
-36.19173,-26.048214,-49.457954
-42.64898,-38.887703,-33.413673
-34.718456,-57.767292,-8.0039215
-5.009926,-86.68248,17.522787
36.750595,-120.004845,35.205727
66.27163,-142.6385,42.10575
61.385838,-137.5437,40.625854
20.67171,-96.97819,35.718056
-31.778635,-30.187233,31.311365
-61.210213,38.708614,28.499567
-46.553543,82.89413,26.347813
4.1952653,88.07856,24.005686
59.417202,60.62546,21.908922
85.696655,22.644245,20.925613
69.17974,-2.8352058,20.406233
21.18898,-6.1654863,17.353203
-33.628548,5.274298,8.107573
-74.834305,16.149391,-8.380598
-95.35025,17.259134,-28.458548
-97.79072,13.220174,-45.13535
-85.32282,17.648205,-52.480587
-57.646698,39.90682,-49.83091
-15.4607725,74.34112,-42.202892
32.937202,100.99702,-36.062603
71.73281,97.79802,-33.500034
86.28389,55.31587,-29.65694
73.235275,-16.454245,-16.140625
42.720867,-93.54415,11.5437355
10.2868185,-150.93285,48.133686
-14.465048,-173.68748,79.356895
-32.707607,-160.0063,89.66195
-51.15912,-116.917725,71.969666
-72.48493,-54.3907,32.61744
-90.541954,17.167168,-12.129517
-94.586815,85.93401,-45.669785
-78.13483,138.09589,-60.17222
-44.374996,160.96036,-59.192097
-3.942407,148.8477,-52.64962
31.973972,107.28851,-48.421024
56.771736,51.62487,-46.782
68.41891,0.29564315,-41.334614
66.53948,-32.924274,-25.10388
51.193478,-43.113796,3.041235
24.929312,-33.45413,36.259506
-4.9958954,-11.787737,63.135387
-28.40415,12.412467,74.035034
-38.285408,29.63992,66.24551
-36.543476,31.810555,44.99456
-33.886826,14.841753,20.257402
-42.748516,-18.587132,1.58069
-67.91516,-58.740578,-6.2185216
-101.600204,-92.55577,-4.572777
-126.391426,-109.67615,0.3896767
-123.91656,-106.720055,1.3807154
-83.78427,-86.83626,-6.322427
-8.3126545,-55.49558,-22.664331
88.07608,-16.62492,-43.00729
183.29088,27.446722,-60.412533
253.83087,72.74139,-68.643974
281.4209,111.18377,-64.31996
258.6322,132.65862,-47.432716
191.60219,130.97649,-20.662056
98.24685,108.84167,11.463478
2.212832,76.85935,42.98237
-74.80575,46.361748,66.98347
-118.890976,21.408928,77.12824
-125.89917,-3.3585732,70.36039
-100.284836,-36.840286,49.39587
-52.81746,-82.10989,22.80896
1.5442977,-131.2485,1.6223412
46.142075,-168.78009,-6.226636
66.58648,-181.10608,-0.2289597
55.85201,-164.57863,12.528126
17.985895,-126.3344,21.722147
-32.60231,-78.2382,19.979937
-77.137665,-29.691256,6.987013
-101.10709,14.950306,-10.8586235
-100.663376,53.585052,-24.64243
-82.943115,82.51949,-28.133675
-60.1578,96.36966,-21.018957
-41.30981,92.22985,-8.800889
-26.935562,73.881035,0.12835486
-10.280689,51.229843,-1.3160827
15.990991,34.34378,-15.17652
52.257404,26.49268,-36.734177
89.0021,21.8873,-55.9421
110.95654,10.196543,-62.046772
106.011505,-15.368511,-49.566547
73.2067,-52.177788,-22.20551
24.511734,-88.392365,8.350558
-20.911867,-108.826035,28.871752
-46.466602,-102.755455,32.522842
-46.034554,-69.57482,22.884775
-25.724476,-19.913845,11.001057
0.81802297,28.049131,7.4442515
20.14203,55.709724,15.22609
25.317656,51.933033,28.706673
18.05004,18.221651,38.86757
6.4653206,-31.767797,40.33736
0.41117716,-78.61092,34.556683
6.6351423,-106.02771,27.14293
25.67146,-107.09401,22.485056
51.365253,-84.403984,20.50293
73.06291,-45.33507,17.946674
79.68605,2.9871054,12.283616
64.28878,55.052303,4.2045774
27.468948,104.76441,-3.3296092
-21.734968,143.43976,-7.9983964
-68.14718,161.49841,-9.831497
-95.64147,153.41678,-10.246077
-93.66435,121.784134,-9.92806
-62.43367,76.49295,-8.158229
-13.95131,29.156582,-4.3253355
32.533875,-12.978364,0.30361056
59.008297,-48.942867,2.9924502
56.79951,-80.77074,2.2431226
29.740911,-108.38747,0.16728412
-9.215524,-127.22308,1.6854558
-45.294876,-130.40076,10.533688
-68.194695,-113.42359,25.277239
-74.02906,-77.54882,38.994724
-63.489666,-29.567915,43.406853
-39.50455,21.315182,34.525974
-6.845079,67.02109,15.642992
27.053522,102.48887,-4.3978643
52.79612,125.52113,-16.17768
62.55473,135.46004,-14.50927
54.282734,131.84552,-0.41369957
32.827488,113.90069,20.102602
6.434026,81.325,39.083206
-18.598356,36.35843,49.800297
-40.399036,-13.881152,49.014744
-59.099224,-56.79648,37.793663
-72.36997,-77.38068,20.640905
-74.09362,-64.96204,3.180841
-58.42585,-20.619444,-10.544683
-25.951479,39.59635,-19.623194
14.113506,89.20698,-25.723177
48.653355,102.83723,-30.98902
68.98589,69.148026,-36.053482
75.83292,-2.2278266,-39.58566
76.643,-84.259285,-39.392418
77.72914,-145.04134,-33.89814
78.34057,-162.36745,-22.90684
72.019104,-132.4301,-7.593203
53.948326,-68.704285,9.608749
27.501326,6.7895265,24.942688
3.7754216,73.615295,33.72468
-6.005086,118.84053,31.949547
0.8372498,137.3626,18.734888
15.684705,129.39574,-2.093039
23.954016,98.712875,-22.931732
14.36635,52.695244,-35.77948
-14.518266,2.2375724,-35.973682
-54.3778,-40.79563,-23.812672
-92.48513,-68.22071,-3.2765298
-117.82824,-79.064255,20.654005
-124.35055,-78.78431,43.77196
-110.94831,-74.3393,62.516464
-80.25841,-68.927155,73.0149
-37.988934,-60.65089,71.1687
7.399702,-45.93821,54.47715
46.064934,-24.328249,24.349142
69.77526,-0.16375698,-13.154546
75.170425,20.22338,-49.123837
64.98891,33.02464,-75.17895
46.123375,38.99556,-86.3866
25.714329,41.5197,-82.26764
7.96729,43.078438,-65.969795
-6.3172665,43.70646,-42.70936
-17.760357,42.46182,-18.420715
-26.090609,39.485497,1.2945408
-29.580463,35.642952,12.313787
-26.537813,29.754616,13.284434
-17.278248,16.828587,6.414497
-4.6269264,-9.389415,-3.0733292
7.643394,-50.289383,-9.005517
17.194798,-97.68271,-6.9990697
24.35252,-135.4998,3.5283172
31.14656,-148.03993,19.16192
38.89955,-129.26624,34.211597
46.22381,-86.32008,43.464203
48.952995,-34.7887,44.608093
42.123425,10.424599,39.16828
22.789242,41.8817,31.489002
-7.899622,59.97937,26.20304
-44.313335,68.33885,25.407595
-77.70535,69.08911,27.078602
-98.80069,61.816933,25.825573
-100.889175,46.053116,15.933414
-82.55849,24.259306,-4.761873
-48.986835,2.5379012,-32.434296
-10.789216,-11.343238,-58.0777
19.766016,-11.115986,-71.63824
33.89113,5.239841,-67.42217
30.278795,33.93094,-47.59782
15.61364,65.38342,-21.414783
0.9980377,86.54421,-0.2582857
-3.8807588,85.74554,8.648853
4.4448047,58.686394,6.0279083
22.136932,12.163646,-0.58998966
41.049744,-37.66721,-2.1564586
53.669273,-72.64519,5.9331193
56.83707,-81.64063,21.085848
52.166073,-65.641174,35.58665
43.387104,-35.67653,41.837463
32.84602,-5.2816567,37.106125
19.72919,17.178848,24.756214
1.1989248,31.36823,11.536161
-24.495876,41.86255,3.104384
-55.24009,52.060604,0.794344
-84.628845,59.710213,1.4010195
-104.25542,57.08114,-0.32552764
-107.25509,35.689537,-8.256574
-91.01302,-7.1561723,-22.44595
-57.84516,-63.749393,-38.761528
-14.014982,-116.39261,-50.635807
31.72774,-143.73596,-52.179707
69.43536,-130.85526,-41.354454
89.5754,-78.07181,-21.643963
85.78123,-2.9780846,-1.0353047
58.36207,66.82641,11.651464
16.454325,107.221016,11.365091
-23.71203,109.65763,-0.33962616
-45.026157,84.38316,-16.177488
-37.580376,52.734383,-27.36292
-4.0435023,33.62733,-28.519459
41.170784,33.061813,-20.093822
78.78856,42.91652,-6.941589
93.799515,48.564957,5.446755
81.86984,39.09334,14.0813265
50.051304,13.2333975,18.902857
12.215127,-21.664831,20.922386
-17.792944,-55.10599,20.311365
-31.814116,-78.7074,16.319828
-29.68137,-88.35188,8.85161
-17.871367,-83.60247,-0.18869972
-5.71591,-66.43599,-7.4232607
-1.1306086,-40.572693,-10.152722
-7.7156377,-11.021384,-8.218537
-24.192215,17.025805,-3.8703568
-45.83627,39.777565,0.1917741
-66.621925,55.655476,2.731576
-80.855385,64.46987,4.1264057
-84.03333,65.738945,4.8739552
-73.53013,58.065304,4.2668824
-49.594746,40.665207,0.8633233
-16.176552,15.893265,-5.543032
19.538534,-9.9131,-12.505996
49.367607,-28.98538,-15.87159
67.141914,-36.853344,-12.73327
70.63252,-35.646263,-3.9794242
61.33205,-32.854507,5.92025
42.81677,-35.76969,11.962669
19.395662,-45.409294,12.092014
-4.089889,-54.580486,8.29939
-22.18758,-51.979576,4.5586214
-29.979055,-29.88427,3.4514518
-25.579145,9.655465,4.257715
-12.081664,54.2894,3.8255913
3.3510885,86.98243,-0.82184637
13.479484,94.50981,-10.329148
15.46347,74.12287,-22.652239
12.400237,35.013454,-34.173935
10.663124,-5.9293194,-41.113575
15.121708,-31.883596,-40.55642
25.879791,-33.73906,-31.294842
38.666325,-14.062717,-14.695838
47.98483,14.615994,4.9942055
50.296307,36.537617,21.894342
45.182156,41.032986,31.30127
34.492874,27.765385,32.380985
20.842758,5.7769637,28.430643
6.54435,-12.931581,23.987745
-6.9296207,-20.894613,20.827946
-19.271616,-18.703499,16.302885
-31.33988,-12.617362,5.8594637
-44.407772,-8.857131,-12.010764
-58.77219,-9.451817,-32.615448
-72.71099,-12.64031,-46.851913
-82.81843,-16.528913,-47.10533
-85.60125,-21.839039,-32.831696
-78.992874,-30.724388,-11.387599
-62.5566,-42.690887,6.639241
-36.650967,-51.822945,14.028198
-2.132774,-48.80193,10.551388
38.32403,-27.134928,1.3734665
78.272354,10.841186,-7.8051715
107.41058,52.905334,-14.673512
115.010155,82.094246,-20.516624
95.57199,84.96481,-27.366108
53.009644,58.06416,-35.12724
0.08906025,9.312999,-41.176315
-46.95912,-45.690983,-42.36877
-75.3725,-90.0009,-37.34467
-80.23039,-111.38377,-27.173695
-64.35775,-106.10802,-14.239305
-35.024345,-79.497086,-0.84770757
-0.30490935,-43.144287,11.0811
32.862778,-9.702501,19.360336
58.88626,12.610488,21.23834
73.252625,23.052496,14.467226
72.86331,27.204388,-0.7323244
57.047318,32.31524,-20.473652
28.584135,42.10689,-38.16212
-6.041311,54.326214,-47.42626
-37.70249,62.365498,-45.28053
-57.232914,59.512764,-33.490322
-59.136387,42.930756,-17.28892
-44.900692,15.185201,-2.3240547
-23.602476,-16.893103,8.229283
-8.175078,-44.76019,14.696697
-8.288599,-60.813526,19.649412
-23.80293,-60.621185,25.37725
-43.577236,-44.6182,31.832045
-51.54563,-18.755852,36.41076
-36.86431,6.883861,35.714798
-1.434976,21.926651,28.09659
40.607433,20.694534,15.25696
71.24194,5.480734,1.7939858
78.79071,-14.473825,-6.9871297
62.852345,-28.361532,-7.5355916
31.193209,-30.414215,0.71496683
-7.6715207,-23.274654,15.779893
-49.385933,-15.611738,34.41049
-92.22425,-15.53996,53.064083
-131.48994,-24.600082,68.12093
-156.29907,-36.753075,75.92155
-153.36807,-43.061447,73.433334
-116.132225,-38.348316,59.581142
-52.20705,-24.650164,36.312977
17.431257,-8.968284,8.367331
68.24159,2.497443,-18.354614
84.869835,8.674455,-38.81612
68.662056,13.007985,-50.087036
35.573853,18.83704,-51.463715
6.6300163,25.187618,-44.083015
-2.6955597,26.939493,-30.710072
11.558226,19.303516,-15.570725
42.277042,2.5954196,-3.4522882
76.04747,-17.029007,2.2657223
98.997444,-31.61843,1.7306546
101.47887,-36.753014,-0.817599
80.8102,-33.62668,0.9806134
41.873913,-26.432993,11.948668
-4.6026053,-17.898281,32.308086
-45.815434,-7.3247447,57.19675
-71.44584,7.131808,78.98796
-77.10603,24.487898,90.832466
-65.26488,39.603912,89.390594
-43.62587,46.39828,75.67215
-22.042112,43.041485,54.182823
-9.154868,34.30862,31.164883
-9.446052,28.47217,12.565037
-21.249498,30.91538,2.1409934
-36.678783,39.707138,0.25163573
-44.47412,46.87154,4.007524
-35.483486,44.30365,8.98099
-8.310551,29.47295,11.647484
28.521164,6.5384474,11.039338
60.06881,-17.328823,8.567619
72.66993,-36.644283,6.378431
61.207382,-49.307865,5.727626
31.312767,-54.70369,6.626531
-4.6656723,-51.237537,8.657624
-34.807434,-36.67246,11.731258
-52.94948,-11.399565,15.782347
-59.21129,18.755049,19.73361
-56.582935,43.84052,21.070515
-47.043972,55.34011,16.953209
-30.233091,51.96243,6.2670054
-5.087315,40.78581,-9.107214
27.451155,32.342567,-25.052813
62.914963,33.17452,-37.544624
93.91528,41.57468,-44.70134
112.349335,49.747833,-46.977146
112.172264,50.531612,-45.57637
91.892166,43.303314,-40.725582
56.045483,34.51167,-31.466892
14.718437,32.574856,-17.155504
-19.576979,41.15362,0.7754422
-37.05289,55.819252,18.524998
-35.396442,66.41061,31.595715
-21.03131,63.236336,37.219585
-5.4562097,42.808674,35.671467
1.5040232,9.527759,29.51952
-2.770032,-27.208603,21.552528
-13.150478,-57.975983,13.146617
-21.48497,-76.95555,4.327608
-22.934196,-82.3788,-4.8096495
-19.03836,-74.62463,-12.952437
-15.211472,-54.507195,-18.10858
-14.856357,-23.696028,-19.607376
-15.160444,13.172698,-19.66338
-8.49885,47.268726,-22.522156
11.0404825,67.67144,-31.110622
40.840065,66.62838,-43.582153
68.31902,44.68197,-52.94838
77.023575,11.567385,-51.018433
56.90288,-18.585197,-34.369072
12.00363,-34.9259,-7.898267
-39.92991,-35.174877,17.21808
-76.25312,-24.915304,30.272827
-81.35848,-11.905246,27.83666
-54.47816,-0.2563255,15.689596
-8.943464,10.877265,4.489784
35.90736,23.529175,2.4230094
64.63271,35.933777,10.108586
71.593834,41.177975,21.003424
60.544064,31.13805,26.325752
39.87058,2.8018126,20.577623
17.459864,-37.93146,4.1230426
-1.9831911,-77.86654,-17.925924
-16.941786,-102.38743,-38.715385
-27.882273,-101.77192,-52.32595
-36.093933,-74.6199,-55.22886
-42.72548,-27.61526,-46.923904
-47.74258,27.060055,-30.199585
-49.180283,75.09066,-10.68703
-43.696712,103.506645,4.8729377
-28.83004,104.09556,11.378831
-5.718432,76.04783,7.719687
20.008451,26.535616,-2.8274155
40.506615,-31.577211,-14.5001135
49.991207,-84.14369,-22.0302
47.913742,-120.20683,-22.87963
38.536057,-134.60913,-17.683006
27.234325,-128.17503,-9.169051
16.58174,-106.20948,-0.59768116
5.4278502,-76.321144,5.417522
-8.412225,-46.09201,7.4336767
-24.390688,-20.882399,5.184413
-37.87253,-2.453313,-0.72228277
-42.64472,10.665641,-9.181989
-35.473995,20.94953,-18.741478
-19.152218,29.243044,-27.339928
-1.6034245,33.92299,-31.971313
8.4093685,32.81408,-29.080158
6.055325,26.296741,-16.256224
-7.3292933,18.590532,5.358584
-25.573395,15.501173,29.73295
-41.23776,20.119663,47.41042
-49.01003,30.143448,49.79612
-47.19034,39.40354,34.04232
-37.11684,42.5724,5.398862
-21.639097,39.141216,-24.733492
-3.9335597,33.323364,-44.076614
12.808311,30.117603,-45.07027
25.272915,31.078455,-27.871157
30.376814,33.383595,0.3022635
26.49573,32.656906,28.519327
14.985418,26.726553,46.369667
0.6932973,17.051113,47.585293
-9.533715,7.0588126,32.14353
-10.002752,-0.53543115,6.2087803
0.8061546,-4.914457,-20.43056
19.470194,-6.3329844,-38.816666
39.859455,-4.904887,-45.15017
56.929573,-0.6704846,-42.353996
69.30455,5.2644506,-37.507713
78.69804,10.279381,-36.53915
86.72762,11.644333,-39.79247
91.89561,8.772575,-41.79244
89.50427,3.9584064,-35.565533
74.877754,0.37384778,-18.40148
47.40028,-1.1758646,5.284045
12.014602,-3.6248667,26.222311
-23.196196,-11.362301,36.100018
-51.512806,-25.807693,32.71803
-70.65412,-42.64363,20.931585
-82.21442,-53.515675,9.013073
-88.39783,-51.40442,3.3164985
-89.17427,-35.7016,4.991848
-82.31288,-13.038324,10.596898
-65.93579,6.840201,15.48994
-40.941544,17.0667,17.150612
-10.993495,17.159443,16.152435
19.674803,11.849527,14.627224
48.187973,6.6935954,13.922992
72.63183,4.1195903,13.431185
89.921036,2.687823,11.303775
94.77009,-0.55749035,6.1949277
82.0061,-7.1675873,-1.488822
51.25574,-16.316195,-9.70992
10.137024,-26.160671,-15.961584
-27.566765,-35.72006,-18.424488
-48.553688,-45.14984,-16.36555
-47.210796,-54.078316,-9.901659
-28.292192,-59.82649,0.19645034
-3.2603545,-57.79117,12.280748
16.797523,-44.47352,23.594345
26.522844,-21.092466,30.830336
26.7,5.2757945,31.705788
20.754318,24.503605,26.649279
11.159616,28.652664,19.118273
-1.2334635,16.211412,13.799045
-15.237399,-7.3914433,13.608587
-27.599546,-32.988865,17.64026
-33.93367,-52.11607,21.768963
-31.904638,-59.899204,21.67885
-23.785233,-55.367634,16.102676
-15.697125,-40.216984,7.7499666
-13.548189,-17.640074,1.1363246
-18.53771,8.163629,-1.0290955
-25.709227,32.411472,-0.074526004
-26.907368,50.78584,-0.4664248
-16.320372,60.78697,-6.4650936
5.077217,62.26543,-18.841568
29.1819,56.495193,-33.978992
44.876392,44.565926,-45.790726
44.162144,26.734478,-48.909218
26.647945,3.6054678,-41.03466
-0.24473555,-21.84639,-23.358967
-25.404587,-43.58586,0.50496256
-39.92914,-54.546917,25.926645
-41.23971,-50.496044,48.231453
-33.102287,-33.016468,63.318733
-21.975609,-9.201801,68.36032
-12.484208,12.02905,62.645607
-5.157996,24.575695,48.07507
2.3400123,27.660183,28.73122
11.966801,24.761774,9.510312
22.866096,20.217817,-5.5249915
31.62115,16.307316,-14.225394
34.714375,12.97266,-16.46274
31.005562,10.026233,-13.518668
22.318401,9.554982,-7.3423886
12.015722,15.944564,-0.09419922
3.014093,32.791954,6.030466
-3.275001,58.655464,8.977272
-6.8117642,85.07421,7.231179
-8.398504,99.25281,0.37636143
-9.4274645,90.68742,-10.498312
-11.668423,57.893208,-22.908964
-16.43926,10.656015,-33.75298
-23.243298,-34.2467,-40.524864
-29.074287,-61.628803,-42.386795
-29.633799,-65.51485,-40.42646
-22.203226,-51.051964,-36.806065
-8.112876,-29.832468,-33.224094
7.4540534,-12.189523,-29.714111
18.607935,-1.8079164,-24.74404
22.534065,4.1160336,-16.709896
20.789295,10.188174,-5.7782254
16.962412,17.750872,5.4504848
12.713191,23.35865,13.252385
5.746564,21.62566,15.319047
-8.287925,9.917403,12.623062
-31.354055,-8.761931,8.984705
-59.65378,-26.700344,8.374978
-84.096886,-35.433037,11.80677
-94.34615,-30.104752,16.163614
-83.63044,-11.808258,16.007368
-51.50885,12.957258,7.248666
-3.8253646,34.99307,-9.792148
49.02871,45.901863,-29.956608
94.364624,41.175625,-45.647392
119.96128,22.023306,-50.47681
117.811104,-4.694178,-42.086067
88.03473,-28.743586,-22.91465
40.41218,-40.553204,1.0006204
-8.843232,-35.437336,22.341211
-44.51493,-15.830823,35.042686
-59.855167,9.954009,36.377937
-59.023594,31.982513,27.964378
-52.638885,43.485844,15.1038
-49.704117,43.215267,4.367782
-51.92013,34.078186,0.38123402
-54.3138,19.547487,3.603111
-50.869053,1.0285946,10.602298
-39.953094,-21.561369,16.732473
-25.075533,-46.723606,19.312294
-11.031544,-69.07286,18.954893
0.4370543,-80.75008,18.141813
11.310475,-76.28493,18.416084
23.95014,-57.146862,18.732466
37.30916,-31.724024,16.460245
46.58684,-9.881301,10.125048
46.81808,4.0321665,1.328801
37.094017,13.97808,-6.065419
21.506853,28.081528,-8.953189
5.9610763,50.51746,-7.607409
-6.2574306,76.05258,-5.497518
-16.277285,92.10527,-6.3090873
-27.448805,87.22231,-10.6724
-41.355385,59.593513,-15.481356
-55.577396,19.066238,-16.51812
-64.950714,-18.787834,-12.229455
-65.01608,-41.933083,-5.4139433
-54.82529,-47.73248,-1.2491313
-37.274853,-41.94889,-3.131764
-17.323078,-32.935493,-9.676146
0.27539963,-26.168524,-15.3629265
12.484997,-22.827137,-14.464725
18.63096,-22.037094,-5.320779
20.502811,-23.507477,8.210864
21.831284,-27.824734,19.130114
26.706663,-34.546585,21.6998
37.100925,-40.51395,14.765475
50.817513,-40.52462,1.9051352
61.61931,-30.280848,-11.273543
62.151756,-9.521624,-20.475775
48.237053,16.908144,-24.406387
21.830465,40.808647,-24.064137
-9.4235,54.21472,-20.757284
-35.906822,53.00331,-14.695034
-50.773582,38.88451,-5.231322
-52.94058,18.869772,7.6839266
-46.805298,2.2491138,22.297552
-39.221825,-3.7996814,35.287106
-35.71448,2.114433,43.406193
-37.99894,14.816259,45.33693
-43.804,25.506498,42.350925
-48.567886,26.931248,37.287853
-47.692993,17.583588,32.63273
-38.12245,2.1757514,29.115364
-18.84599,-11.834132,25.79317
9.162036,-19.05106,21.40003
42.85929,-18.819773,15.777566
76.82729,-14.141299,10.193795
103.5014,-8.242052,6.2895145
114.8133,-1.9378979,4.533859
105.15525,6.0371084,3.5145755
74.25462,16.337862,0.76815474
28.112852,26.712906,-5.368768
-22.796669,32.566875,-14.277472
-67.10557,30.323881,-23.138643
-95.91567,20.91755,-28.607063
-104.52336,10.241713,-28.8645
-92.56403,5.5594277,-24.5144
-63.57681,10.09065,-17.689545
-24.566483,19.781733,-10.186289
14.951524,25.102436,-2.2351491
45.2444,17.269842,7.032746
59.72584,-5.044697,17.848835
57.63329,-33.253803,28.404734
44.03313,-52.840614,35.21726
26.790926,-51.736523,35.23961
12.384692,-27.928492,28.144674
3.3248541,8.604885,16.885187
-1.3645772,40.97813,5.888079
-3.5410848,54.390316,-1.8981938
-3.6060183,43.56379,-6.9079823
-0.25150532,14.460765,-12.327102
7.7861333,-20.028173,-21.303982
19.593225,-47.083595,-33.995434
31.312407,-59.290443,-46.619442
37.41924,-55.884705,-53.33321
33.441837,-40.5703,-49.837242
18.760387,-18.440575,-36.41617
-2.0171404,5.837331,-18.411198
-20.201368,28.214382,-3.6727192
-26.75695,44.937054,1.59712
-17.13857,52.856464,-3.834459
5.5264707,50.44254,-15.743259
31.379122,38.60858,-27.077276
49.04041,20.487316,-32.0482
52.149345,0.17847554,-29.138657
42.86106,-18.69833,-21.27133
29.752403,-33.788383,-13.336814
21.605452,-43.942398,-8.988002
21.648811,-48.795235,-8.84489
26.387869,-48.52866,-10.938187
29.416555,-43.89052,-12.506957
26.693567,-36.109062,-11.553685
18.968834,-26.4272,-7.2786064
9.891496,-15.499283,0.20962392
2.1508503,-3.2790005,9.975646
-4.602473,10.209982,19.862297
-12.383768,23.618423,26.38971
-21.782034,33.63023,25.888508
-30.394476,35.939682,16.72639
-34.380756,27.798708,1.1178411
-31.644543,10.709427,-15.2238
-23.60628,-8.797641,-25.934639
-13.911387,-21.533068,-27.693005
-5.3110857,-20.396406,-22.205162
2.3900435,-4.8349013,-15.004752
11.482233,17.977274,-11.853558
23.45032,36.44488,-15.221062
36.7142,40.657463,-23.151083
47.09251,27.60871,-31.020945
50.69401,2.2900488,-34.711178
46.925175,-25.844076,-32.96631
39.269695,-48.4292,-27.58047
33.258595,-61.95472,-21.648884
33.03638,-67.52854,-17.290834
38.685867,-67.55555,-14.325567
45.765766,-62.455605,-10.572425
47.166176,-50.18341,-3.427471
36.32694,-28.794134,8.273722
10.432646,0.27376145,23.154078
-27.742065,31.112677,37.56794
-70.23455,55.612312,47.166092
-106.59888,67.627266,48.9881
-127.8444,66.18491,42.970226
-129.72461,55.627205,31.999424
-113.710365,42.768158,20.44529
-85.341606,33.083157,12.035299
-51.290794,28.334362,8.37477
-17.125237,26.825468,8.97789
13.132255,25.679941,12.604938
36.22401,23.36273,18.74837
49.233315,20.736917,28.00823
50.50972,20.054033,40.967678
41.327637,22.6658,56.397324
26.541273,27.101603,70.26619
12.992975,29.002455,76.611015
6.2201843,23.301054,70.10088
7.5710616,7.577586,48.978096
13.790857,-15.437836,16.72342
19.432974,-38.02914,-18.552975
20.41767,-50.715065,-46.82862
16.298029,-47.037075,-59.84156
9.845221,-27.252476,-54.20866
4.5567226,1.3370848,-32.780037
2.0906355,27.817623,-3.7326863
1.462196,42.983074,22.268345
0.3630602,43.472496,35.82365
-2.635384,32.385197,32.103806
-6.7882047,16.298092,12.485456
-9.775213,0.91284543,-16.06946
-9.677419,-11.689837,-43.602535
-6.7645507,-22.552687,-60.68858
-3.6716876,-32.921154,-61.59604
-3.7463126,-41.471485,-46.0073
-8.700058,-44.015915,-18.817148
-17.203974,-36.02048,11.791947
-25.37806,-16.115084,37.233948
-28.8015,11.904825,51.292767
-24.712404,39.910355,51.780846
-13.124662,58.49462,40.556187
3.521996,60.47557,22.111069
21.63025,43.32073,1.5849828
37.76949,9.995996,-16.792671
49.512634,-31.558275,-30.264332
55.696613,-70.16135,-37.2714
56.202053,-94.37432,-37.004494
51.343704,-96.355835,-29.370335
41.107662,-75.24367,-15.449568
24.800459,-38.160458,2.0199466
1.7353679,2.2728548,18.755112
-27.065777,33.109478,29.936186
-57.269062,46.401268,31.852797
-81.38499,41.950188,23.474367
-91.50294,26.274464,7.13734
-83.4819,8.685379,-12.125162
-59.923576,-3.306162,-28.446047
-29.579731,-7.0689545,-37.361824
-3.1269076,-5.2204847,-37.327225
12.154964,-3.32777,-29.760815
15.411226,-6.0815587,-17.739426
11.20306,-13.884495,-4.2932844
5.57998,-21.926794,8.5668545
2.2092702,-22.782799,19.620806
1.0581841,-11.435376,27.549536
-0.07971039,10.3608675,30.461
-2.9719646,33.613796,26.502928
-7.4000463,46.40935,15.225211
-11.58092,40.473595,-1.3937597
-13.828558,15.641172,-19.18782
-13.982485,-20.64411,-33.325016
-13.579724,-57.96321,-40.22011
-14.757898,-87.94427,-38.758633
-18.645042,-106.22503,-30.329197
-24.174143,-111.00733,-17.939058
-27.990648,-100.874306,-5.066714
-25.633665,-74.769684,5.2526097
-13.591105,-34.434143,10.9860735
8.7000475,13.253524,11.399283
38.006397,56.939358,7.151711
68.22409,84.91626,0.14870325
92.6965,90.187675,-6.91001
106.65427,73.13665,-11.268352
108.444016,40.386734,-11.015191
99.09754,1.2406014,-5.9027505
80.956276,-35.657085,2.2966151
56.56643,-63.817883,10.284349
28.514238,-78.92742,14.652834
-0.18298295,-78.7391,13.667139
-26.090935,-63.571377,8.336328
-46.299194,-36.873825,1.8839612
-59.759846,-4.8365846,-2.253879
-67.82314,25.291903,-2.5930007
-73.16961,47.45283,-0.3203113
-77.57835,58.460472,1.9982035
-80.0647,58.469196,2.640048
-76.926834,50.31807,1.9758788
-64.03377,38.211956,1.6837643
-40.072872,26.152222,2.7269115
-8.613623,16.491032,4.101268
22.586458,9.14656,3.7187645
44.905098,2.0552673,0.77755713
52.94279,-7.0702987,-2.5982866
46.923817,-18.53394,-2.262806
31.984919,-29.451303,4.8460402
14.929604,-34.59085,17.78981
0.649363,-29.006847,31.387758
-9.502141,-10.963966,39.10992
-16.63114,16.584387,37.10411
-21.788784,46.77687,26.501522
-24.240519,71.35934,12.52714
-21.898415,83.613396,1.312458
-13.37382,80.49094,-3.2675052
0.2689457,63.39251,-0.87979335
15.647226,37.59874,6.049854
28.963337,10.618032,14.047127
38.015945,-10.14976,20.003483
42.665886,-19.789015,21.903671
43.601395,-17.408415,19.176647
40.799843,-6.1211386,12.919011
33.23348,8.580589,5.735722
20.036036,21.253479,0.79086804
1.8920211,28.525673,0.21556087
-18.733677,29.854652,3.7861168
-38.664883,26.966219,8.915056
-55.23774,22.552246,12.1712475
-66.573784,18.89059,11.365119
-71.08562,16.77266,6.7246647
-67.46142,14.939389,0.36023962
-55.89495,10.310566,-5.436156
-39.641373,-0.67402714,-9.614615
-24.89038,-19.731417,-12.399838
-17.913342,-44.43225,-14.10167
-20.918283,-67.52072,-14.001432
-29.775198,-79.01516,-10.575967
-35.87989,-70.6961,-3.0962765
-31.348509,-40.85373,6.7522764
-14.025234,3.4655087,14.895915
11.175149,48.36742,17.051086
35.275333,78.564644,11.762039
50.132618,83.7623,2.0209394
51.857918,62.849754,-6.0584426
41.190395,23.996973,-6.980609
21.84447,-19.111403,0.38800192
-1.1376665,-52.86595,11.710043
-22.10897,-68.51945,19.63712
-35.388737,-64.296486,18.304258
-36.793175,-44.48955,6.881056
-25.891283,-16.662346,-10.142281
-7.2498946,11.28727,-25.963348
10.97352,32.904648,-35.546936
20.872227,43.643124,-37.976143
18.830368,40.858532,-35.740475
7.178085,24.267056,-31.955286
-7.4746327,-3.0748496,-27.906227
-17.924376,-34.285034,-22.769022
-19.724499,-59.923237,-15.409109
-12.547515,-71.260796,-6.442263
0.5372424,-64.19784,1.3863217
14.897184,-41.559433,4.942739
26.249311,-12.145298,3.1683824
32.083546,13.205275,-1.7791595
32.31742,26.439405,-5.729966
28.931217,25.416477,-5.2531214
24.553162,13.875119,-0.0037297404
20.610268,-1.3044903,6.9419656
16.25653,-13.6796465,10.911735
9.065684,-19.687387,8.36163
-2.7232563,-19.009224,-1.163389
-17.947908,-13.290479,-14.8055315
-32.06597,-4.4875693,-27.767422
-39.13401,5.982551,-35.377335
-35.075848,16.957096,-34.84532
-20.128403,26.731743,-26.10281
1.0604453,32.789795,-11.628569
21.606833,32.65103,4.4723797
35.418255,25.448956,17.726946
39.438488,13.073486,24.514017
34.253716,-0.16780554,22.994001
23.181904,-9.407251,13.602139
10.527692,-11.487222,-1.0083241
-0.20607615,-6.205036,-16.670736
-7.44622,4.118192,-29.010439
-11.536812,16.144526,-34.981052
-13.620217,26.854044,-33.95657
-14.171348,33.93049,-27.755472
-12.341647,35.49282,-19.517391
-6.770753,30.08438,-12.079707
2.7167983,17.411089,-6.8332543
14.078213,-0.6849609,-3.6502597
23.88582,-20.087353,-1.6648443
29.635801,-35.682858,-0.13433953
31.640419,-43.50946,1.2369868
32.693283,-42.478764,2.4989986
35.51023,-34.639656,3.7171555
39.979614,-23.942305,4.962754
42.629017,-14.333663,6.1644497
38.968685,-8.1849575,7.1532164
26.976233,-5.637693,7.9247932
9.0385065,-4.9574738,8.732445
-9.048155,-3.680236,9.695832
-21.113327,-0.10741627,10.209771
-23.476473,5.5601897,8.9066105
-16.068459,11.216155,4.60093
-1.9063624,14.197543,-2.34055
13.976383,13.193551,-9.45644
25.456692,9.226357,-13.283891
26.44098,4.714783,-11.52175
12.7690115,1.2112383,-4.612058
-15.432185,-2.223266,4.6048155
-52.400585,-8.290487,12.944641
-87.83458,-18.624704,18.965645
-110.44665,-31.199635,23.38801
-112.29354,-40.52703,27.617542
-91.66169,-41.062958,31.791586
-53.29145,-31.428225,34.126534
-6.336531,-16.047974,32.14724
38.60139,-2.6531072,24.737604
72.19374,2.679034,13.305397
88.3792,-0.6659824,1.1677411
85.53331,-7.843897,-8.284401
66.63444,-12.092758,-13.249752
38.20368,-9.069621,-13.964201
8.209738,0.9077257,-11.934181
-16.249067,13.693218,-8.759055
-30.510803,24.050213,-5.3701544
-32.771088,28.339073,-1.9688243
-23.791002,25.882788,1.5940051
-6.5794573,18.834108,5.4149847
13.816087,10.949873,9.36098
30.994555,5.757984,13.128079
38.933483,4.7186913,16.416117
34.4199,6.270946,19.075064
18.823912,6.59116,21.113724
-2.1649692,2.0124085,22.5417
-21.012436,-8.234982,23.13849
-31.666271,-20.872383,22.34055
-31.798758,-30.033329,19.408844
-22.894083,-30.529173,13.866783
-8.670145,-20.801668,5.9915147
6.7273655,-3.7246304,-2.947392
19.67091,15.009062,-10.913735
27.195581,29.659704,-15.78644
27.184427,36.758236,-16.251135
19.146168,36.08449,-12.494165
5.1431947,30.30515,-6.287041
-10.207836,23.619162,-0.27227938
-21.292501,19.765532,3.3068187
-24.016083,19.99284,3.7603805
-17.753607,22.079489,2.2369256
-5.434826,21.464296,0.8556274
8.260897,14.382375,1.2011802
19.327599,1.1607432,3.231565
25.912125,-12.916141,5.4165998
28.175058,-20.391516,6.0094905
27.115637,-16.515295,4.457181
23.529139,-2.7246664,1.839007
17.80642,13.99924,0.018661728
10.346877,25.53462,0.24153753
1.8554115,27.51573,2.3181522
-6.8698616,21.221485,4.978398
-15.337458,11.563838,6.9837885
-23.345585,3.39813,8.024254
-30.416285,-0.72616386,8.734474
-35.268593,-0.17632839,9.9751425
-36.066223,5.2802367,12.073489
-31.488869,15.774704,14.579831
-21.789707,29.828926,16.53314
-8.852305,42.90153,16.84758
4.885061,48.36663,14.554155
17.677301,41.16905,9.005602
28.71446,21.58495,0.27778494
37.169266,-4.1673493,-10.310076
41.174988,-27.369879,-20.045519
38.165165,-41.8052,-25.533895
26.837677,-46.47052,-24.209522
9.318585,-44.171722,-15.8903
-8.516969,-37.76032,-3.3831768
-19.424477,-27.700655,8.377865
-18.616732,-13.160574,14.319886
-6.5141945,4.6929545,11.368877
11.440727,20.770575,-0.25982702
27.714382,27.963236,-17.114355
36.391666,21.798601,-33.77299
35.501553,4.060274,-44.778725
27.06601,-17.816282,-46.5507
15.487425,-35.294334,-38.61227
5.502574,-43.670452,-23.648651
0.54998195,-43.60613,-6.2943935
1.7770332,-38.477806,8.863897
7.720747,-30.340364,19.079647
14.850483,-18.315317,24.046566
19.088102,-0.83563924,25.015244
17.848547,20.457699,23.157429
11.513252,39.06188,18.500715
3.2913435,46.349068,10.349317
-2.6456814,37.129047,-1.1125846
-3.6751876,13.914206,-13.447034
-0.29277217,-13.518416,-22.25961
4.237837,-33.26882,-23.38972
5.866874,-37.78157,-15.631331
2.0962806,-27.46434,-1.9689345
-6.6890664,-9.476547,11.769523
-17.53203,6.9762816,20.077631
-26.53715,15.54467,20.625256
-30.883661,15.068555,14.916266
-30.186565,8.753108,6.536026
-26.545902,1.5625694,-1.4554619
-23.27036,-2.304576,-7.9690976
-22.949623,-0.8260923,-13.316215
-25.959225,5.53224,-17.522388
-30.297588,14.206152,-19.294086
-32.8564,21.4651,-16.703333
-31.273306,23.90045,-9.043161
-25.120564,20.131886,1.8038911
-15.721431,11.832176,11.807047
-4.9802957,3.1531794,16.886158
5.6443706,-1.4761384,15.160748
15.166718,0.044201944,7.7304435
22.30387,6.2498393,-2.4459321
24.98815,13.23051,-12.542336
21.065868,17.405645,-21.159143
9.950901,17.973524,-28.110409
-6.0826635,17.227951,-33.239586
-22.270798,18.51745,-35.56406
-33.488102,23.406834,-33.63053
-36.81865,30.201664,-26.789408
-32.84462,34.95153,-16.22102
-24.870968,34.181892,-4.725926
-16.79161,27.34674,4.65138
-11.117921,17.252012,10.095501
-8.283112,8.20206,11.44872
-7.2288322,3.2138064,9.373803
-6.4809856,2.2101011,4.145002
-4.9683,2.3508086,-4.699862
-2.4005907,0.2042619,-17.371765
0.6094105,-5.707852,-32.279636
2.6329503,-13.653307,-45.37896
1.9449896,-19.560253,-51.388767
-2.4341023,-19.548817,-46.476547
-9.657317,-12.617088,-30.785187
-16.82618,-1.8030363,-9.047255
-20.168499,7.0240164,11.339907
-17.14209,8.190995,23.777018
-8.117552,-0.6195492,25.459585
3.5902045,-16.904533,18.214151
13.438497,-34.412025,6.8741674
17.945745,-46.1114,-3.5899985
16.013432,-47.408035,-10.350449
8.587802,-37.991043,-13.201438
-2.6932688,-21.625292,-13.383604
-16.51099,-4.2825985,-11.977397
-31.6656,8.37936,-9.158042
-46.042767,13.154006,-4.7047267
-56.044586,10.290136,0.9470546
-57.554554,3.0007231,6.252675
-48.237984,-4.37087,9.294316
-29.658632,-8.708719,9.231962
-7.4326973,-9.70105,7.2947493
11.194096,-9.571078,6.3742476
21.110785,-11.025539,9.291083
22.045279,-14.835425,16.828693
18.31126,-18.911762,26.89498
15.664139,-19.710003,35.47667
17.384062,-14.969311,38.872208
22.291485,-5.6749887,35.829617
26.008078,4.2617326,28.246056
24.408722,10.262354,19.985367
16.667604,9.460348,14.564353
5.752886,1.5668977,13.184995
-3.7429454,-11.846036,14.364232
-8.587479,-28.343517,15.34434
-8.480536,-44.760796,14.237546
-5.343583,-56.768078,11.3275175
-1.2958288,-59.291164,8.562499
2.8957794,-48.67517,7.661363
7.805929,-25.603703,8.391229
14.113002,3.6185126,8.515963
21.358952,29.16354,5.5929585
27.703085,42.448856,-0.7883776
30.742676,40.604187,-8.238649
28.726982,27.594353,-13.070305
21.409426,11.269286,-12.970819
10.185764,-1.514585,-8.672461
-2.4071355,-8.382052,-3.1969903
-13.543648,-11.522322,0.7135738
-20.954344,-14.913456,2.783027
-23.398548,-21.004766,5.0902886
-20.558626,-29.03504,9.723851
-12.558308,-35.639214,16.245083
0.2806083,-36.89622,21.25535
16.90298,-30.469156,20.63306
34.425198,-16.887314,12.764032
47.61786,0.38198042,0.22338073
50.21972,16.061094,-11.439761
38.159515,25.113253,-16.962917
12.971003,25.012693,-14.404879
-17.20846,17.11253,-6.0345936
-40.579536,6.1313567,3.2258537
-47.47121,-2.2504191,8.578172
-35.60517,-4.4100266,7.6789184
-11.374567,-0.5578289,1.470236
13.901449,5.8613367,-6.598554
30.474905,10.657939,-12.395213
35.306236,11.509013,-13.123591
32.67835,8.954911,-8.647083
30.167233,5.3386736,-1.4432436
32.852192,2.7499442,4.883348
39.61896,1.606474,7.750941
43.84526,0.8127833,7.084576
37.848503,-0.86087894,5.12636
18.155256,-3.40414,4.702477
-11.694117,-5.2840114,7.2157207
-42.41918,-4.4312377,11.822711
-63.448128,0.26638794,16.292015
-67.85659,8.040816,18.711443
-55.07559,16.5201,18.631248
-30.229511,22.999056,16.841925
-1.0426607,25.854105,14.197076
25.5306,25.201693,10.6425085
45.123383,22.447983,5.324395
55.835487,19.141375,-2.33013
57.175205,15.988699,-11.473217
49.39428,12.708439,-19.588665
33.743343,8.705348,-23.445183
13.07436,3.891427,-20.777103
-8.196995,-1.1124959,-11.778338
-25.192875,-5.581076,0.45489544
-34.21586,-9.499634,10.945852
-33.95336,-13.700859,15.040487
-25.642988,-18.95726,10.7992
-12.365545,-24.643368,0.24364601
1.9459296,-28.196545,-11.464778
13.403978,-26.230742,-18.691397
19.035948,-16.928328,-18.373423
17.749615,-2.1355457,-11.570874
11.073182,12.579059,-2.5397155
2.9344893,20.453144,4.0029154
-1.9751933,17.358395,5.5506268
-0.70589393,4.4786086,2.7226648
6.0651426,-12.112791,-1.8851254
14.188197,-24.93406,-5.754697
18.395077,-29.437603,-7.831556
15.422287,-26.298237,-8.487803
5.8386793,-20.10767,-8.533793
-6.579721,-15.50259,-8.342922
-17.3045,-13.621102,-7.766586
-23.473936,-11.492567,-6.6712594
-24.678295,-4.691775,-5.4234905
-21.992945,8.914655,-4.822755
-16.534298,27.253843,-5.537476
-8.956992,45.304283,-7.505775
-0.17800456,58.274067,-9.757686
7.6969776,64.01116,-10.819259
11.545906,62.850895,-9.521618
8.804797,55.50863,-5.8028235
-0.60286844,41.41363,-1.0091723
-13.511445,19.45498,2.6426556
-24.658394,-9.201573,3.3280919
-29.082434,-38.76906,0.9045026
-24.34002,-59.62838,-2.7318034
-11.441716,-62.6819,-4.729537
5.6113863,-44.822395,-3.2845962
21.119093,-11.82759,0.8248256
29.267166,23.570803,4.4436855
25.843842,47.585583,4.075053
9.943145,51.8383,-1.5835264
-14.964871,36.751514,-10.428491
-41.55284,10.318311,-17.996532
-61.169685,-16.474682,-20.078642
-67.49339,-34.638,-15.1248665
-59.314896,-40.040634,-4.92303
-40.702126,-33.41403,6.6503005
-18.436491,-18.547668,15.723813
1.5302786,-0.31187144,19.970032
16.286354,16.539478,18.902195
25.72902,27.9257,13.259959
30.735224,31.009026,4.3121166
31.62654,25.049694,-6.3750057
28.163618,12.065085,-16.81355
20.667217,-3.491311,-24.64253
10.804344,-16.294786,-27.728123
1.0351044,-22.283796,-25.146696
-6.8422594,-20.15432,-17.902617
-12.634242,-11.378917,-8.731557
-17.225582,1.0657662,-0.874966
-21.076382,14.235195,3.5584161
-23.260143,25.992802,4.634396
-22.121851,34.80266,4.324434
-17.086645,39.194218,5.0674233
-9.927269,37.75366,8.127845
-4.0928855,29.882063,12.867209
-2.3407328,16.718576,17.36313
-4.4845796,1.3303534,19.807114
-7.178739,-12.209814,19.590834
-6.137656,-20.365854,17.360085
0.7281592,-21.351858,14.218598
11.546175,-15.403856,10.893689
21.391405,-4.2808366,7.517221
25.24471,9.339741,3.9727356
20.96912,22.137672,0.24884035
10.378945,30.338612,-3.5975597
-2.1091886,30.437479,-7.674665
-12.137301,20.675854,-12.174793
-17.569618,2.584361,-16.818562
-18.913654,-18.657185,-20.329342
-18.046816,-35.829784,-20.6676
-16.375177,-42.747902,-16.182665
-13.743791,-37.124077,-6.945133
-8.721527,-21.495188,4.812756
0.12163594,-1.6609665,15.594051
12.931163,16.339008,22.249172
28.119244,28.859753,23.155909
42.91121,35.50282,18.322155
54.39461,38.07119,8.787607
60.408596,38.63342,-3.7767508
59.93716,37.976948,-16.865314
53.115288,35.20882,-26.907846
41.12831,28.499783,-29.986216
26.116652,16.45253,-23.726631
10.952835,-0.5943244,-9.295569
-1.2783434,-19.971064,8.180859
-8.067388,-37.22815,21.622032
-8.285183,-47.817936,25.514618
-2.6972826,-49.237694,18.775793
6.0343323,-42.48209,5.1010475
13.975517,-31.816114,-9.342028
17.163576,-22.780817,-19.228113
13.213558,-19.45786,-22.262257
2.65133,-22.540209,-19.188543
-10.86633,-29.271927,-12.240342
-21.915394,-35.17498,-3.5723405
-25.781221,-36.487026,5.2197266
-20.688324,-31.99817,12.614733
-8.405369,-23.478569,16.72856
7.0863967,-14.66059,15.766269
21.78365,-9.343152,9.23346
33.091442,-9.490929,-1.0890621
39.68908,-14.234523,-11.400892
40.48713,-20.3788,-17.496119
34.102165,-24.309673,-16.84105
19.644434,-24.27166,-9.835821
-1.8067148,-21.498743,0.49828318
-26.504158,-19.220463,10.151356
-49.021103,-20.024315,16.050879
-64.41182,-23.431831,17.21709
-70.069824,-25.644014,14.711435
-66.15275,-21.92574,10.718215
-54.671574,-10.059152,7.4781537
-38.26201,7.6640224,6.5980234
-19.51024,25.458672,8.777214
-0.85400134,37.399002,13.691421
15.495659,40.71943,19.899435
27.93212,36.799862,24.994076
35.826157,29.381918,26.345493
39.39346,21.591888,22.411713
39.057198,14.056843,13.949486
34.929142,5.3802695,4.155235
27.018373,-5.5984893,-2.7480083
16.050882,-17.609358,-3.8775985
4.0717216,-26.557938,0.46957383
-5.9342084,-27.395119,6.869929
-11.341621,-17.1971,10.884146
-11.239004,2.4170449,9.924003
-6.9272923,25.10045,4.9524574
-1.3335918,42.178886,-0.1511767
2.1839561,46.530342,-1.1227227
1.0208119,35.947723,3.9729435
-5.800448,14.207381,13.592946
-17.136005,-10.682801,23.721395
-29.79976,-30.03077,30.183207
-39.544495,-37.894775,30.727951
-42.912174,-32.810402,25.746479
-39.127018,-17.411125,17.51643
-30.736572,3.2908425,8.739156
-22.265347,23.824553,1.3289987
-17.528894,39.68777,-3.989923
-17.358154,48.22223,-7.3210716
-19.280228,49.08421,-8.917403
-19.273241,44.21638,-8.719308
-14.247583,37.04364,-6.438674
-3.6123295,30.914291,-2.1448348
10.730697,27.428926,3.0857732
25.399693,25.632206,7.0798197
36.62878,22.656359,7.419858
41.11503,15.510804,2.9701827
36.909554,2.9912515,-4.8700166
24.465408,-13.340981,-12.259959
7.1835976,-29.553907,-14.719981
-9.499384,-40.839115,-9.810609
-20.559307,-43.42848,0.96897066
-23.976374,-36.2062,12.447066
-21.492178,-21.396471,18.27305
-16.721544,-3.9145572,14.220007
-11.972564,10.58052,0.32262543
-6.3914223,18.187744,-19.331167
2.8837461,18.516151,-38.79352
17.384602,14.562079,-52.923996
34.586235,10.665226,-59.037468
48.268597,9.825391,-57.03946
52.02739,12.175077,-48.62533
43.486713,15.557144,-36.43411
26.20354,17.536238,-23.54579
7.9862437,17.101791,-13.051541
-3.1429348,14.726084,-7.3085766
-2.7734,10.986416,-6.995934
8.27597,5.287576,-10.63526
24.896414,-3.8620532,-15.187061
40.206646,-17.01331,-17.61045
48.338512,-31.917654,-16.481789
46.520096,-43.464584,-12.623072
35.86754,-45.953545,-8.367498
20.582026,-36.427483,-6.0481434
5.750061,-16.891308,-6.7610207
-5.2543397,6.0924177,-10.092289
-12.229104,24.265345,-14.683379
-17.394264,31.383924,-18.952969
-22.844522,25.846422,-21.419106
-28.088533,11.086479,-20.653273
-29.723429,-6.21437,-15.344876
-23.791576,-19.12457,-4.833285
-9.257167,-23.353874,10.096988
10.005062,-18.875341,26.819862
26.408422,-9.629156,41.424877
32.523926,-1.4369732,50.144863
25.222897,0.90123683,50.903492
7.476942,-4.1387963,44.08085
-13.2876835,-14.390698,32.097893
-29.243359,-25.55773,18.194626
-36.194645,-33.663975,5.23086
-35.285725,-36.799816,-4.852236
-31.519983,-35.19459,-10.906737
-30.11571,-29.968283,-12.309349
-32.982937,-21.874496,-9.038799
-37.512985,-11.161897,-2.0574121
-38.42531,1.4729117,6.5513587
-31.448833,13.965121,14.183529
-16.397367,23.163757,18.899696
2.3876455,26.411266,20.3675
18.43815,23.270428,19.73165
26.693893,15.968013,18.401327
25.846748,8.105666,16.741714
18.256897,2.596504,13.885611
8.022201,0.38684922,8.9784775
-1.144484,0.7912706,2.812341
-6.961366,2.8675816,-1.7767435
-8.51963,6.4400144,-1.4942623
-5.9416,11.853624,4.83177
-0.35535505,18.839485,14.76003
6.0347505,25.77419,23.296719
10.406513,30.285124,25.994268
10.450262,30.88129,21.86572
5.490396,28.241968,13.936258
-3.305435,24.946547,7.066686
-13.832377,23.684464,4.759981
-24.302387,25.266882,7.2863984
-33.80259,27.967287,12.211054
-41.8187,28.677256,16.46524
-47.388256,24.964956,18.136253
-48.887604,16.520243,16.818485
-44.82837,5.0914083,12.841201
-35.069424,-6.7468557,6.5492344
-21.44519,-16.871813,-1.597403
-7.28698,-24.063646,-10.418276
3.8406496,-27.675665,-17.821728
9.419943,-27.256912,-21.540878
8.732135,-22.711992,-20.378847
3.0321958,-14.829889,-15.0228815
-4.6967278,-5.4577537,-7.8094583
-10.431751,3.170213,-1.6089507
-10.402049,9.60663,1.4598556
-2.8229275,13.901777,0.8174206
10.7239485,17.132029,-2.5507255
25.341732,20.01196,-6.724571
34.76985,21.733374,-9.839428
34.436073,20.128468,-11.019611
23.83594,13.247929,-10.767576
6.693184,1.2788672,-10.479138
-11.211329,-12.644165,-11.275383
-25.0412,-23.461067,-12.94878
-32.718697,-26.530823,-13.936109
-34.560883,-19.95989,-12.542647
-31.501764,-5.6649704,-8.572485
-23.704666,11.287101,-3.9953003
-10.839259,24.646555,-1.8992343
6.326413,29.355715,-4.3566327
24.668741,23.403011,-10.819263
39.27082,8.486901,-18.350233
45.78059,-10.746854,-23.573826
42.968914,-28.570898,-24.85747
33.583515,-40.29817,-23.086695
22.801012,-43.664757,-20.57153
15.305786,-38.935932,-19.11537
12.918051,-28.035225,-18.83616
14.162098,-13.575439,-18.549639
15.758819,1.5285733,-17.149124
14.852071,14.002921,-14.642414
10.573177,20.49331,-11.942896
4.2231803,18.713943,-9.702372
-1.7272006,8.988859,-7.347834
-5.0430145,-5.1159296,-3.3018327
-4.722038,-18.069593,3.6814723
-1.1427437,-25.170662,13.127155
4.5366597,-25.095844,22.56174
11.181191,-20.3533,28.655453
18.042881,-15.227573,29.008883
24.430937,-12.681284,23.376528
29.092815,-12.467344,13.632511
30.107174,-11.744191,2.7387545
25.766655,-7.559981,-6.444144
16.014725,0.7642357,-11.86084
3.2625048,11.058441,-12.481538
-8.369577,19.718067,-8.432978
-15.163498,23.827435,-1.2099677
-15.85124,22.435415,6.382578
-12.075049,16.379486,11.051494
-6.940222,7.273372,10.554888
-2.8702161,-3.2834938,5.1157413
-0.477795,-13.781128,-2.3857863
0.82435364,-22.556927,-7.8485627
1.3374584,-27.959167,-8.2518015
0.3041763,-29.115543,-3.358538
-3.356019,-26.689066,4.2660713
-9.553305,-22.741653,10.847007
-16.339777,-19.464571,13.495613
-20.887775,-17.575487,11.539465
-21.422392,-15.689166,6.496963
-18.43315,-11.38857,0.9910532
-14.056625,-3.406377,-2.6408439
-10.126764,6.696101,-3.3635628
-6.587478,14.803322,-1.7412066
-1.6755273,16.578083,0.5285004
6.2373977,10.38635,1.6330334
16.680086,-1.2398592,0.7426823
26.65315,-12.746861,-1.4443771
32.151173,-18.659906,-3.1303918
30.518013,-16.607563,-2.6239614
21.938929,-8.292523,0.4889929
9.126247,2.1088943,5.069124
-4.369527,10.837884,9.228733
-15.907981,16.625677,11.537543
-24.449951,20.564537,11.668555
-30.038189,24.113329,10.102656
-32.800037,26.99729,7.397654
-32.379063,26.824139,3.8531902
-28.178272,20.883469,-0.14781635
-20.096731,8.828409,-3.6830807
-9.103621,-5.8999825,-5.5030074
2.8154356,-17.267954,-4.9973655
13.32065,-19.942564,-3.064914
20.567966,-12.543256,-1.859842
23.747566,1.4087987,-3.2872982
23.057526,15.571846,-7.3265595
19.241976,24.523935,-11.621291
13.094242,26.657345,-12.859862
5.3004155,24.37729,-9.015971
-3.3262591,21.688034,-0.78833014
-11.569949,21.020212,8.802933
-17.974583,21.512722,16.286951
-21.583122,19.775835,19.681698
-22.778053,12.418379,19.244738
-23.389544,-1.4211643,16.809427
-25.591421,-19.068836,14.459744
-30.067606,-35.26296,13.500755
-34.775417,-44.389965,14.167599
-35.536224,-42.86491,15.895213
-28.490103,-30.66435,17.74697
-12.957707,-11.464953,18.765345
7.327605,8.672149,18.220587
25.70481,23.639011,15.76976
35.988636,29.736666,11.488609
35.589874,27.118454,5.788379
26.346937,19.412212,-0.641907
12.733519,11.607358,-6.739825
-1.0395508,7.3092523,-10.947882
-12.890209,6.9192505,-11.451124
-22.58441,7.8066163,-7.034159
-29.975405,6.3509865,1.7620277
-33.547203,0.5967763,12.076741
-30.679733,-8.109856,19.57506
-19.57214,-15.525841,20.609026
-1.3562382,-16.792532,14.46727
19.333752,-9.352005,4.102015
36.03018,5.123713,-5.4145875
43.471508,20.918991,-9.859043
40.17113,30.612787,-8.286473
28.952782,28.484669,-3.249704
15.20405,13.3395815,1.3063638
4.036607,-10.613974,2.9182594
-1.8738959,-35.23283,2.1733887
-2.6280181,-51.548626,1.9225677
0.16810706,-53.1419,4.8388686
5.0163383,-38.43896,11.189366
11.210534,-11.169268,18.428644
18.298733,21.035425,22.816395
25.14664,49.312378,21.808033
29.740337,66.5516,15.522358
30.141483,69.61649,6.3888364
25.901798,59.944412,-2.569046
18.734205,42.306435,-9.473551
11.770084,22.398554,-14.182907
7.8412657,4.590785,-17.541182
7.9719806,-8.961386,-20.089878
11.06562,-17.604746,-21.32604
14.8604965,-20.818184,-20.04273
17.381584,-17.594057,-15.408852
17.934015,-7.2782426,-7.9200306
17.150131,8.791012,0.48020703
16.23903,26.402483,7.1628757
15.967317,39.509342,9.921292
15.942104,42.890747,7.758835
14.609031,34.798595,1.030522
10.091043,17.83799,-8.921585
1.5553125,-2.4342966,-20.265852
-9.674833,-20.13251,-31.041456
-20.16836,-31.173145,-39.374924
-25.93159,-33.911743,-43.711735
-24.70435,-28.61574,-43.17041
-17.460423,-16.846949,-37.937115
-7.8646398,-1.3959614,-29.464117
0.14204139,13.638315,-20.238426
4.9345837,23.55429,-13.056622
7.959342,24.845514,-9.996995
11.964215,17.160353,-11.500785
18.033155,3.8722608,-16.036922
23.824345,-9.528709,-20.643894
24.581528,-18.361214,-22.236996
16.356682,-20.997616,-19.11357
-0.8623498,-18.886532,-11.863751
-22.404228,-14.571898,-3.1151373
-41.099365,-9.517489,3.835495
-50.89824,-3.5727987,6.765067
-49.58908,3.6577177,5.613801
-39.141823,11.055857,2.2494016
-23.92529,15.728741,-0.938865
-8.291063,14.752443,-2.6868398
4.969024,7.5349174,-3.629415
14.7378,-3.2675874,-5.6589994
20.750095,-13.183459,-10.297351
22.745,-18.640291,-17.223307
20.216877,-18.866385,-24.039434
12.798966,-15.66949,-27.53321
0.88971025,-11.605246,-25.646208
-13.932019,-8.253477,-18.839851
-28.959202,-5.916014,-9.927074
-40.880283,-4.5627484,-2.4720607
-46.61043,-4.7439747,1.1838595
-44.206615,-7.4348025,1.0084593
-33.63623,-13.0042925,-1.1156485
-17.158316,-20.435608,-2.834629
0.93417364,-27.67223,-2.7560482
15.383497,-32.84445,-0.98205596
21.741865,-35.27912,1.3926945
18.288403,-35.428673,3.244787
7.142849,-33.899452,4.1118817
-6.286293,-30.580942,4.2662735
-15.634966,-24.716108,4.355641
-16.702492,-15.822776,5.011855
-9.626653,-4.5928206,6.6495786
1.2924002,7.0363846,9.380893
10.149156,16.670502,12.892767
12.820119,22.43795,16.32653
9.0104265,23.484015,18.405228
1.6891445,19.88653,17.98099
-5.5101824,12.426822,14.804898
-10.909181,2.5993376,9.974097
-15.483277,-7.2741013,5.565001
-21.238361,-14.348922,3.493114
-28.683378,-16.289322,4.2908335
-35.508842,-12.63302,6.719372
-37.63078,-5.5331697,8.647768
-31.928804,0.9234527,8.710371
-18.707647,2.741527,7.5727158
-2.0948536,-1.6956173,7.7761464
11.949186,-10.513708,12.087721
18.714582,-19.225868,21.396725
16.993843,-23.186441,33.62778
9.268662,-20.184809,44.5101
-0.005594981,-11.631681,49.777306
-6.763028,-1.670612,47.394478
-8.947881,5.1702137,38.43032
-6.736563,6.3370953,26.162134
-1.6704291,2.3036585,14.170229
4.456621,-4.068652,4.705689
10.252546,-9.212746,-1.7853075
14.780658,-10.482199,-6.005359
17.35678,-6.950503,-8.743588
17.503555,0.67630935,-10.197985
15.15482,10.590978,-10.01459
10.833645,20.424427,-7.834389
5.4686346,27.689,-3.8766067
-0.16124058,30.259874,0.8360779
-5.9380193,26.946547,4.7487974
-12.349824,17.953411,6.4168844
-19.738064,4.9325504,5.207749
-27.345507,-9.4649935,1.6879009
-33.001354,-22.319382,-2.564782
-33.954647,-31.115376,-5.690319
-28.529003,-34.18961,-6.450329
-17.534475,-31.020172,-4.7991366
-4.3548737,-22.453651,-1.8091944
6.5606213,-10.759909,0.94990337
11.972705,0.7541507,2.1570902
11.479091,8.681875,1.1962636
7.4631543,10.700969,-1.7972031
3.4394841,6.409417,-6.1250057
1.9204335,-2.6265795,-10.726076
3.1858428,-13.542096,-14.347516
5.647543,-23.072931,-15.814206
7.3759594,-28.241882,-14.467327
7.599364,-26.798475,-10.600037
7.109843,-17.681707,-5.5516624
7.3859634,-1.6173084,-1.2491456
9.208442,18.498331,0.6425838
11.888128,37.996254,-0.52430665
13.701215,51.808464,-4.1919084
13.149567,56.279266,-9.070008
10.009148,50.446644,-13.904581
5.3338637,36.132908,-17.986782
0.49270248,16.990925,-21.089691
-3.829476,-2.7467186,-23.004566
-7.7077,-19.16372,-23.185028
-11.049081,-29.141636,-20.91106
-12.625634,-30.789762,-15.917205
-10.255701,-24.00491,-8.972488
-2.3900037,-10.813399,-1.8551991
10.012598,5.0609818,3.3908265
23.008644,19.495611,5.4466796
31.395067,29.476147,4.257393
31.689173,33.881474,0.77404416
24.262869,33.169468,-3.7966435
13.038137,28.488356,-8.551852
2.9975498,21.119762,-12.823151
-2.5718315,12.636521,-15.7029505
-3.1198575,5.2565165,-15.858235
0.2417244,1.5359273,-12.115448
6.520453,3.1788483,-4.5445724
15.489212,9.762297,4.869404
26.658686,18.54604,12.770019
37.833466,25.786674,16.117168
45.091812,28.718878,13.984137
44.800667,26.758743,8.190298
36.317844,21.12368,2.2460978
23.134653,13.399551,-0.71769357
11.253939,4.4129558,0.35277852
5.746841,-5.6496954,4.1848726
7.878297,-16.178331,8.3674555
14.74449,-25.339222,10.96962
21.454092,-30.498224,11.424293
24.11479,-29.688074,10.240874
21.613882,-22.974936,8.075764
15.410472,-12.6389885,5.09748
8.0872965,-2.054635,1.159485
1.9942222,5.8652887,-3.5205445
-1.2897234,9.626604,-7.9391913
-0.93444675,9.132888,-10.630848
3.0775733,5.0954947,-10.501044
9.608564,-1.4760531,-7.4551315
16.223337,-9.4208765,-2.3153172
19.838669,-17.402746,3.8028731
18.132658,-24.009855,10.004381
10.905113,-28.009436,15.565654
0.4016726,-28.550726,19.54933
-9.74272,-25.188774,20.76654
-16.322365,-17.86735,18.477951
-18.007977,-7.0851674,13.3906
-15.602768,5.778996,7.944958
-11.142021,18.330902,5.2537785
-6.5974283,27.570599,7.1681533
-3.0535898,30.815,12.8563385
-0.7327573,26.673012,19.099545
0.40491647,15.566805,22.259867
0.09755388,-0.33953297,20.552116
-2.2712364,-17.56303,14.979011
-7.1753373,-31.838293,8.327631
-14.268551,-38.846737,3.1193783
-22.03458,-35.369404,0.12517002
-28.094862,-20.730228,-1.5422205
-30.128368,2.2292142,-3.0879483
-26.981491,27.589209,-4.7114763
-19.369297,48.457336,-5.383401
-9.714929,59.79485,-3.7890365
-1.1139342,60.30967,0.42533877
4.070212,52.26389,6.091324
5.195933,39.48065,10.992451
3.332073,25.078907,12.961886
0.27009967,10.496844,10.893909
-2.7648518,-3.8127751,5.1948867
-5.808927,-16.99572,-2.391409
-9.784731,-27.115746,-9.413883
-15.381035,-31.798279,-13.595769
-22.10406,-29.623596,-13.741102
-28.316736,-21.136145,-10.33398
-32.31219,-8.777548,-5.4599557
-33.59999,4.0578885,-1.9113786
-33.325592,14.143356,-1.8099822
-33.365154,19.214634,-5.467746
-34.70327,18.430084,-11.165669
-36.367157,12.657301,-16.022215
-35.87075,4.4705977,-17.481373
-30.996752,-2.5241377,-14.609332
-21.665901,-5.171161,-8.543071
-10.476569,-2.4736502,-1.9264481
-1.4167045,3.5805366,2.3298707
2.4286358,8.896694,2.3619895
0.6334518,9.595523,-1.8448665
-4.4767528,4.4187803,-8.513215
-9.336196,-4.3699718,-14.964262
-11.154765,-12.263305,-18.91365
-9.180435,-15.195738,-19.489128
-4.658951,-11.921866,-17.388979
0.14002948,-4.594417,-14.097578
3.0332553,2.7330365,-10.7042
2.6160676,6.6020584,-7.1797748
-1.4949741,5.994717,-2.661363
-8.617197,2.428011,3.4618325
-17.031189,-1.5602443,10.518947
-24.232796,-4.3288484,16.46503
-27.592163,-6.0800905,18.943354
-25.309738,-8.26293,16.853073
-17.209045,-12.025613,11.348448
-4.867379,-16.989653,5.5235324
9.041716,-21.320229,2.8738933
21.806524,-23.035187,5.3965106
31.503593,-21.522306,12.411241
37.183605,-18.073334,20.774536
38.518913,-15.014242,26.394915
35.403236,-14.102427,26.276796
27.950785,-15.409388,20.04773
16.910412,-17.486998,10.182118
4.0563226,-18.581627,0.80270153
-7.96189,-17.857027,-4.3053484
-16.431381,-15.656851,-3.4051023
-19.608227,-12.702268,2.642024
-17.278759,-9.0509815,11.163535
-10.478003,-3.8634863,19.183056
-0.651107,3.6627073,24.688555
11.01576,12.87315,27.033882
23.55818,20.985622,26.553953
35.643642,23.987093,23.977367
45.167362,18.801035,20.144
49.687023,5.4243703,16.0355
47.612762,-12.409032,12.733562
39.31388,-28.627884,11.030187
27.232338,-37.592728,10.900169
14.816871,-36.684895,11.377493
4.995455,-27.285439,11.145116
-0.80567074,-13.703375,9.500324
-2.6424034,-0.81183755,6.9058366
-1.4265935,8.190097,4.5802712
1.5725595,12.712784,3.3925393
4.8036814,14.146218,3.0000527
6.4821944,14.366133,2.0512486
5.1715436,14.48222,-0.6195303
0.8480057,14.573857,-4.7953916
-4.3815126,14.336462,-8.774427
-6.832185,13.880482,-10.584206
-3.130624,13.874658,-9.591037
7.6348968,14.836267,-7.160047
22.985188,16.173925,-5.733893
38.06334,15.936112,-6.983661
47.96533,11.775176,-10.474442
49.912956,2.6758711,-13.913496
44.06901,-9.751838,-14.816406
32.855938,-21.511425,-12.343761
19.559687,-28.102715,-7.976879
7.1278887,-26.975485,-4.6166615
-2.4553144,-18.982439,-4.8196135
-8.360693,-7.8660817,-9.36709
-10.880648,1.8873942,-16.955988
-11.137973,7.4389467,-24.971743
-10.43678,8.774392,-30.729176
-9.468324,8.116033,-32.535824
-7.9319925,8.181506,-30.233028
-4.999821,10.505823,-25.138987
-0.38010776,14.767674,-19.436243
4.906486,19.262234,-15.166089
8.845645,21.982565,-13.224198
9.767784,21.6112,-12.926062
7.665866,18.008898,-12.523162
4.319002,12.166785,-10.457483
1.9778026,5.7923284,-6.5421314
1.611089,0.720909,-2.1976635
2.1651664,-1.677361,0.4822203
1.4909381,-0.920449,0.17656432
-1.7990665,2.4820948,-2.76263
-7.068586,7.269231,-6.5777516
-12.014087,11.871316,-9.259608
-14.324984,14.852596,-9.694115
-13.321078,15.247532,-8.052259
-10.377651,12.81965,-5.3607674
-8.007753,8.261696,-2.7718863
-8.457012,3.186685,-1.0734564
-12.77597,-0.34674934,-0.57101506
-20.662176,-0.8260196,-1.1283437
-30.697676,1.6357945,-2.1942544
-40.579647,4.9197035,-2.915567
-47.412746,5.79631,-2.529856
-48.41592,1.8565212,-0.967561
-42.059395,-6.647311,0.76447904
-29.01329,-16.376862,0.8695143
-12.109424,-22.43068,-2.2659988
4.8572316,-21.027094,-8.95296
18.726809,-11.691784,-17.669306
27.865705,2.424714,-25.51207
31.873724,16.219242,-29.420464
30.677132,25.129122,-27.535309
24.050615,26.906504,-20.04497
12.067529,21.872103,-9.159855
-4.0277877,12.002679,1.769202
-21.49876,-0.16322343,9.645914
-36.80597,-12.102191,12.946515
-46.824474,-21.429678,12.298165
-49.697052,-26.087938,9.927075
-44.928127,-24.877386,8.216419
-33.13374,-18.024702,8.25982
-16.07414,-7.221121,9.412793
3.0330627,5.0614796,10.182602
19.668358,16.526806,9.763635
29.31081,25.584515,8.959582
29.545818,31.181177,9.686192
21.60646,32.3551,13.414272
10.016966,28.212706,19.815855
0.2862308,18.580343,26.718473
-3.9098108,4.8346643,31.379717
-2.2124178,-9.912755,32.03257
3.070481,-21.667137,28.548721
8.961209,-27.019524,21.95397
13.555684,-24.364277,13.531977
16.43648,-14.279205,4.4348845
17.914057,0.835484,-4.0199833
18.083622,17.363611,-10.046725
16.535452,31.04271,-11.838841
12.795085,37.694866,-8.723204
6.9796886,34.41612,-2.0855138
0.14316724,21.002659,4.926179
-5.879871,0.7347174,9.003502
-9.058071,-20.39023,8.573429
-8.0224905,-36.01311,4.6666145
-2.9403112,-42.211792,0.18225333
4.0857677,-39.088768,-1.8774033
9.632769,-30.180283,-0.013738822
10.633081,-20.144749,5.1992626
6.257052,-12.278593,11.63788
-1.3891771,-7.362531,16.68871
-8.585232,-4.2738786,18.259924
-12.671272,-1.5863682,15.473032
-14.121508,1.1056752,8.982376
-16.228739,2.9507806,0.8432777
-22.359911,2.621021,-6.177389
-32.76758,-0.58151686,-9.719561
-43.51861,-6.016869,-8.857299
-48.599102,-11.734803,-4.385334
-43.790394,-15.141937,1.8754208
-29.47991,-13.973932,8.27691
-10.364396,-7.201821,14.150039
7.6126137,4.426295,19.619476
20.701742,18.38489,24.65751
28.679073,30.935898,28.279032
33.403442,38.133858,28.702183
36.130123,37.043423,24.503641
35.930317,26.876154,15.928646
30.472918,9.680273,5.291876
18.42316,-9.834045,-3.9772093
1.4283782,-25.615116,-9.104614
-15.970561,-32.542866,-9.412057
-28.545004,-28.780296,-6.496574
-33.17865,-16.924034,-3.0754652
-30.369965,-3.0460587,-1.2949327
-23.537552,6.1378508,-1.5923516
-16.760157,6.516836,-2.7561693
-12.534731,-1.5723171,-2.997534
-10.916808,-13.870632,-1.2180516
-10.306798,-24.552822,2.3675292
-9.031395,-28.861765,6.5542073
-6.511605,-24.653246,10.034324
-3.3444486,-12.551847,12.138896
-0.53117335,4.6443176,12.943665
1.3601192,22.628326,12.80228
2.4580405,36.29477,11.79814
3.2474885,40.94131,9.596863
4.092427,34.04611,5.792853
5.0805674,16.818472,0.4300243
6.228617,-5.710996,-5.73164
7.700538,-26.604485,-11.399078
9.7031555,-40.065357,-15.2429285
12.093268,-43.800438,-16.411928
14.081471,-39.287052,-14.839359
14.406136,-30.049187,-11.271979
11.97966,-19.423323,-7.0405006
6.6060615,-9.406061,-3.6114616
-0.72311306,-1.0079745,-2.0169413
-8.166754,4.8158484,-2.381768
-13.804599,6.9317036,-3.8347254
-16.400045,4.865063,-4.9514003
-15.77833,-0.14786993,-4.5547814
-12.701434,-5.139544,-2.4255917
-8.379222,-6.8279247,0.5105562
-3.8928676,-3.5688927,2.6307423
0.18783219,3.6473114,2.4201906
3.8072197,11.963856,-0.81371653
7.0434346,18.606964,-6.640929
9.578773,22.51416,-13.671496
10.42862,24.450432,-20.028252
8.276657,25.680773,-23.925035
2.3968613,26.412172,-24.182323
-6.3590336,25.327902,-20.55418
-15.289565,20.581612,-13.786436
-20.772871,11.428644,-5.409855
-20.098806,-0.7945369,2.6336217
-13.140931,-13.068054,8.411321
-2.6914122,-22.125803,10.418194
6.9487686,-25.89755,8.002827
12.333263,-24.07249,1.7319428
12.655229,-17.667973,-6.5487466
9.77407,-8.197635,-14.233111
6.562936,2.8439834,-19.034536
4.871979,13.9275255,-20.11946
4.606087,23.206964,-18.533333
4.441365,28.575684,-16.493227
3.3712614,28.322197,-15.912591
1.7010938,22.07886,-17.162825
0.74004495,11.382001,-18.977797
1.6448312,-0.70703244,-19.567574
4.5369577,-10.883207,-18.075523
8.586115,-17.088976,-15.257355
12.730277,-19.278091,-12.897101
16.14205,-18.92237,-12.469749
18.000267,-17.580894,-14.100463
17.075607,-15.561666,-16.560707
12.030232,-11.711399,-18.204704
2.648711,-4.572591,-18.08991
-8.930511,5.921054,-16.510681
-18.340893,17.55716,-14.699063
-20.945288,26.604841,-14.023016
-14.563065,29.843445,-15.231819
-1.0715969,26.470707,-18.123055
14.338206,18.516655,-21.68186
25.801727,9.461534,-24.519487
29.573011,2.068392,-25.38471
25.31706,-3.0250754,-23.570375
15.504674,-7.0514164,-19.113836
3.7907717,-11.569535,-12.76915
-6.4210253,-16.91374,-5.797447
-12.660677,-21.794262,0.34845152
-13.544008,-24.238014,4.385388
-8.832137,-23.050428,5.561366
0.52054614,-18.680096,3.9304295
12.588196,-12.906955,0.39252704
25.094137,-7.6574397,-3.6139228
36.119987,-3.8176749,-6.6822386
44.393097,-0.83649504,-7.9529657
48.98583,2.666443,-7.23413
48.852238,7.7202477,-4.6837025
42.862663,14.018016,-0.41820076
30.579119,19.767727,5.476394
13.2745695,22.526457,12.435022
-5.6998286,20.575703,18.899164
-21.764685,14.031765,22.513653
-30.91212,4.9841037,21.270369
-31.490074,-3.4902983,14.960898
-24.952803,-8.887324,5.800089
-15.156587,-10.477273,-2.4938426
-6.588077,-9.441111,-6.752446
-2.4235933,-7.942441,-6.1940193
-3.2997727,-7.821084,-2.7500281
-7.249748,-9.75636,0.3504196
-10.722485,-13.29466,0.7219268
-10.206184,-17.461565,-1.7857691
-3.814879,-21.333134,-5.28017
7.752973,-24.161648,-7.2602916
21.265417,-25.176216,-6.167773
32.064823,-23.50264,-2.0557482
35.874207,-18.485512,3.8300283
30.594053,-10.232748,9.996982
17.282738,0.09872991,15.416307
-0.1900987,10.597457,19.612074
-16.698725,19.316004,22.29468
-27.865278,24.910027,23.00979
-31.513243,26.802494,21.180866
-27.93614,24.935875,16.569576
-19.099724,19.54,9.824537
-7.508981,11.252883,2.6561816
4.49839,1.4599979,-2.641743
14.811351,-7.671594,-4.1822853
21.372564,-13.862574,-1.4351634
22.370216,-15.879062,4.5011888
16.97384,-14.378012,11.555977
6.158521,-11.65898,17.869658
-7.115688,-10.271472,22.676943
-18.759197,-11.343194,26.257727
-25.13569,-13.832784,29.061632
-24.557278,-15.316461,30.8115
-17.91767,-13.793379,30.434141
-8.192359,-9.212793,26.959002
0.8841903,-3.6231956,20.643198
6.3301506,0.12528022,13.303319
6.9885864,0.14803652,7.4458203
3.7556856,-3.4616973,4.7911882
-1.1108474,-8.916591,5.317764
-5.2975106,-13.87167,7.541783
-7.713395,-16.498953,9.751486
-9.018619,-15.917048,11.180834
-11.030296,-12.088601,12.243385
-15.314689,-5.6615343,13.782007
-21.8571,2.021236,16.076815
-28.717756,9.011316,18.448456
-32.94566,13.331996,19.701124
-32.170746,13.976317,18.949627
-25.864786,11.666764,16.155993
-15.558408,8.645378,12.0543995
-4.0437117,7.4161906,7.6639643
5.822983,9.231402,3.8148804
12.063563,13.411791,0.9424197
13.990775,17.9914,-0.894286
12.179212,21.146723,-1.9276792
8.146265,22.28639,-2.585694
3.776467,22.036861,-3.321734
0.5346166,21.331915,-4.3586955
-1.2494124,20.535526,-5.4931674
-2.549726,19.38069,-6.155084
-4.993081,17.665619,-5.7475514
-9.692059,15.908593,-4.0416613
-16.36215,15.207554,-1.3270471
-23.419125,16.333076,1.782446
-29.020943,18.872366,4.69418
-32.22753,21.289656,7.0302606
-33.3113,21.993725,8.544717
-32.95469,20.57882,8.925717
-31.063637,18.168745,7.75562
-26.342869,16.501022,4.7357183
-17.201437,16.46418,0.010323744
-3.4109952,17.317915,-5.68845
12.821819,17.300308,-11.21268
27.399332,15.159976,-15.382509
36.325474,11.320667,-17.361042
37.824337,7.627542,-16.879032
33.09241,5.792398,-14.30725
25.185122,5.801613,-10.608612
16.933306,5.691554,-7.132043
9.47634,3.0428631,-5.1928988
2.4258513,-2.8925176,-5.529731
-4.7001095,-10.156307,-7.9286413
-11.175747,-15.118365,-11.321595
-15.136494,-14.954751,-14.380161
-15.009415,-9.746262,-16.231075
-11.033275,-2.572385,-16.776052
-5.4326305,2.5364568,-16.391998
-0.9351841,3.2952654,-15.308573
1.2136182,0.5278463,-13.2504225
2.0758681,-2.7451959,-9.703323
3.9645603,-3.6960647,-4.5910525
8.385428,-1.6885252,1.2581606
14.713181,1.5731636,6.3358407
20.67842,3.6967342,9.263218
24.152792,3.6319032,9.568562
24.629686,2.4718308,7.833098
23.173317,2.489848,5.1424937
21.067095,5.2694726,2.3516538
18.561718,10.397985,-0.22770867
14.934061,15.630744,-2.543715
9.744884,18.259182,-4.309754
4.0088778,16.604153,-4.8531857
0.06752998,10.670052,-3.508046
0.17171338,1.78853,-0.21896996
4.95751,-8.18955,4.1990113
13.0494375,-17.48903,8.422089
21.978539,-24.585085,11.360983
29.50889,-28.240253,12.742093
34.328987,-27.743055,13.12691
35.885567,-23.324203,13.404943
33.996883,-16.369352,14.150538
28.917791,-9.088611,15.262265
21.792377,-3.7197566,16.054268
14.776731,-1.7312948,15.680477
10.2843685,-3.475121,13.634234
9.662833,-8.338393,10.090533
12.289803,-15.062409,5.950364
15.874684,-21.91441,2.5434146
17.816853,-26.78177,1.0622451
16.648397,-27.566544,1.9504693
12.592891,-23.079487,4.574359
7.0361943,-14.038421,7.4433427
1.5104027,-3.3315241,8.965557
-3.0225565,5.032182,8.365127
-6.259898,7.9310174,6.2009773
-8.266424,4.8559284,4.093852
-9.22864,-1.9045628,3.736257
-9.42468,-8.847744,5.7475257
-9.254341,-13.500736,9.109039
-9.118923,-15.675322,11.615507
-9.155196,-16.85285,11.151371
-9.04138,-18.326965,7.0292315
-8.083543,-19.741615,0.50452286
-5.586298,-19.307587,-5.950239
-1.3079405,-15.534355,-10.215218
4.2542143,-8.985442,-11.912671
9.911523,-2.4846737,-12.624275
14.17592,0.54933304,-14.6972685
15.854147,-1.5790365,-19.40329
14.579435,-7.648934,-25.748032
10.985588,-14.35892,-30.850101
6.372815,-18.533108,-31.722525
2.0183022,-19.04765,-27.266096
-1.4416068,-17.149044,-19.090858
-4.137075,-15.12239,-10.593585
-6.531454,-14.45148,-4.948367
-8.816043,-14.817883,-3.4019828
-10.6804285,-14.492671,-4.972111
-11.689676,-11.621463,-7.5802493
-11.94443,-5.404513,-9.643461
-12.391967,3.523572,-10.944677
-14.398166,13.511179,-12.287523
-18.805885,22.618555,-14.418826
-25.171782,29.19778,-17.195114
-31.781464,32.20238,-19.646286
-36.462273,31.354042,-20.787233
-37.631016,27.242714,-20.431692
-34.900673,21.231834,-19.329893
-28.97483,14.994893,-18.56364
-21.09795,9.761231,-18.738125
-12.555478,5.699731,-19.613323
-4.507752,1.9499325,-20.38597
1.9393545,-2.565242,-20.285244
5.714108,-8.023145,-18.959526
5.9721932,-13.111994,-16.424648
2.4144294,-15.527556,-12.795077
-4.4799056,-13.340702,-8.188605
-13.428405,-6.31901,-2.9394743
-22.515755,3.7550356,2.147701
-29.517748,14.016851,5.897956
-32.398003,22.02687,7.314564
-29.970446,26.78363,6.217407
-22.52352,28.636982,3.4484348
-11.999186,28.408787,0.4311387
-1.4017774,26.600704,-1.6078262
6.4326577,23.323187,-2.1827023
10.044454,18.790668,-1.5141683
9.752918,13.668751,-0.072892234
6.9801345,8.771434,1.8297225
3.0325167,4.372298,4.0741844
-1.6824846,-0.07254731,6.4796224
-7.3851733,-5.2833495,8.632066
-13.892559,-11.002037,10.03947
-19.825232,-15.400228,10.487456
-22.903717,-15.8442,10.2378645
-21.270298,-10.713588,9.850834
-14.856769,-0.97962075,9.771982
-5.7033057,9.739863,10.045201
3.0637352,16.863956,10.380583
8.8473215,17.216244,10.473092
10.6429615,10.566837,10.26671
8.949437,-0.49171114,9.968021
4.8906517,-11.998131,9.883401
-0.55871344,-20.333338,10.287528
-6.6641073,-23.281357,11.406324
-12.538892,-20.260479,13.392622
-16.948532,-12.113884,16.157835
-18.736755,-0.84455776,19.144419
-17.59628,10.700328,21.331068
-14.455897,19.431456,21.667767
-11.004556,22.959688,19.752234
-8.60671,20.523321,16.235298
-7.4194283,13.347338,12.546389
-6.401127,4.1324663,10.050701
-4.2057724,-4.1059966,9.251371
-0.27451155,-9.241174,9.65512
4.679334,-10.687715,10.374698
9.09035,-9.278427,10.909789
11.48447,-6.569714,11.407173
11.251629,-4.0212626,12.199991
8.80045,-2.464783,13.120787
5.1790977,-2.0537283,13.326401
1.5953178,-2.6056917,11.915095
-0.81990945,-4.0379076,8.854896
-1.0365323,-6.5565214,5.374756
1.7611287,-10.436463,3.3577526
7.778567,-15.543412,4.103369
16.127922,-20.994774,7.377791
24.732042,-25.31946,11.469638
30.937056,-27.1303,14.194309
32.629345,-25.906324,14.104363
29.18892,-22.338125,11.110692
21.647654,-17.971601,6.265986
11.985145,-14.391703,1.0789291
2.1333067,-12.507121,-3.0934994
-6.583276,-12.364307,-5.328161
-13.314032,-13.4613085,-5.2280903
-17.263838,-15.160843,-3.0322106
-17.629763,-16.837778,0.29510534
-14.10679,-17.768831,3.2437098
-7.502154,-17.092093,4.331469
0.24548505,-14.102223,2.8193831
6.876822,-8.762781,-0.9232752
10.922655,-2.004279,-5.7014832
12.261243,4.526403,-10.224706
11.727126,9.157365,-13.7305355
10.204426,10.848521,-16.07013
8.051728,9.408373,-17.312304
5.3116426,5.30325,-17.324709
2.3472419,-0.5519163,-15.747445
0.1213442,-6.73973,-12.361791
-0.2855323,-11.218098,-7.487673
1.4831555,-11.650945,-2.0526795
4.681911,-6.4528294,2.698142
7.973069,3.9153523,5.597321
10.406421,16.401127,5.8230286
11.988576,26.31746,3.0456161
13.34187,29.5556,-2.410669
14.816536,24.79757,-9.400079
15.938242,14.297018,-16.030233
15.748237,2.6791031,-20.21875
13.735329,-5.4787254,-20.612015
10.480548,-7.766025,-17.33773
7.3776646,-4.576345,-12.03223
5.6267433,1.8129255,-7.0426044
5.358469,8.799274,-4.2931986
5.646049,14.561339,-4.517329
5.403687,18.258266,-7.2166615
4.4230757,19.672163,-11.153426
3.6853967,18.940273,-14.906487
4.6707854,16.662767,-17.213285
8.174688,14.094121,-17.183552
13.518749,12.918284,-14.576382
18.756517,14.471146,-10.07777
21.763096,18.862747,-5.237041
21.477943,24.700161,-1.8203627
18.461647,29.745836,-0.82645214
14.39765,32.135082,-1.8368472
10.904389,31.31165,-3.2665532
8.519454,28.03232,-3.4337275
6.602747,23.509586,-1.6995658
4.2157226,18.428997,1.1683878
1.2496996,12.645838,3.6692555
-1.1791854,5.7760606,4.740734
-1.5035226,-1.862607,4.533451
0.8995369,-8.802441,4.236454
4.8558474,-12.912655,5.1383004
7.9242544,-12.512253,7.6446395
8.052356,-7.3275123,10.937809
5.112268,1.3154148,13.456259
1.0570455,11.060149,13.812691
-1.5113648,19.356499,11.542582
-1.2891539,24.084888,7.269607
0.77981985,23.89162,2.2940118
2.270309,18.46307,-2.045339
1.1038672,8.843538,-4.8183746
-3.0190728,-2.484077,-5.5629654
-8.629429,-12.183989,-4.0857067
-13.758585,-17.359495,-0.32248482
-17.306293,-16.929379,5.525319
-19.419771,-12.165441,12.680276
-20.770075,-5.919506,19.662766
-21.576948,-0.99165857,24.646261
-21.353365,1.2718579,26.212902
-19.574347,1.2701446,24.042147
-16.560823,0.32725093,19.034773
-13.638258,-0.44717517,12.772805
-12.274397,-0.76257867,6.7198234
-12.840755,-0.98997724,1.7313976
-14.055473,-1.6721834,-1.8750658
-13.689234,-3.2216551,-3.9439342
-10.13224,-5.882204,-4.2643185
-3.7147639,-9.635315,-2.7234669
3.2025893,-13.865605,0.3947496
7.4984856,-17.109398,4.3532033
7.1046734,-17.455904,8.263833
2.1893976,-13.724135,11.467293
-5.0132313,-6.7094955,13.620377
-11.546311,0.59652215,14.450114
-15.344533,4.33173,13.527334
-16.142365,1.9608991,10.430282
-15.244849,-6.1281805,5.2560596
-14.467347,-16.76521,-0.9932442
-14.982195,-25.752491,-6.608989
-16.721535,-29.970446,-9.933935
-18.54355,-28.471909,-10.15724
-18.93042,-22.157434,-7.5952773
-16.802404,-12.738996,-3.362845
-12.101415,-2.0228162,1.1831735
-5.955035,8.093755,4.804661
-0.35663322,15.403212,6.50015
2.5888581,17.700874,5.661819
1.6267648,13.794982,2.4424415
-2.9054108,4.5328956,-1.9318422
-9.023678,-7.1107507,-5.402156
-13.919078,-17.23879,-6.038445
-15.324146,-22.896633,-3.2164364
-12.6744175,-23.411764,1.8610741
-7.3507304,-20.356274,6.7918344
-1.8295949,-16.23787,9.371486
1.7322835,-12.873146,8.763048
2.6001625,-10.531529,5.6368923
1.6225197,-8.313376,1.3288682
0.4812628,-5.3326635,-3.1764867
0.6290168,-1.7479081,-7.6065407
2.5986173,1.1415361,-11.9545145
5.9840007,1.8046647,-15.814302
9.893604,-0.27233553,-18.226875
13.451315,-3.9176261,-18.239426
16.063002,-6.7142577,-15.697008
17.45852,-6.3238163,-11.564737
17.667795,-1.8754379,-7.477634
17.005196,5.430785,-4.849283
15.982118,12.842076,-4.1925707
15.0604,17.352875,-5.084892
14.332481,17.06076,-6.6840396
13.377886,11.940073,-8.321642
11.4864235,3.7850137,-9.743097
8.156005,-4.544033,-10.930718
3.5112145,-10.237723,-11.801624
-1.6869526,-11.627807,-12.128862
-6.4442034,-8.850008,-11.777581
-10.0064745,-3.7484396,-11.016904
-12.022,1.0446355,-10.551874
-12.331104,3.4700904,-11.127393
-10.704762,3.0966072,-12.929179
-6.911197,1.1973071,-15.239284
-1.1352414,-0.22876313,-16.683634
5.66459,0.16850367,-15.99921
11.944874,2.274768,-12.853779
16.356031,4.7889447,-8.18163
18.5698,6.29862,-3.8143566
19.444418,6.2895494,-1.6433781
20.293562,5.367525,-2.8085232
21.787195,4.6593723,-7.3078923
23.387278,4.9812856,-14.106475
23.829641,6.4176874,-21.561022
22.292833,8.486911,-27.931538
19.280874,10.572428,-31.842142
16.434673,12.207068,-32.618244
15.342579,13.098435,-30.409204
16.237806,13.090164,-26.012836
17.577967,12.243557,-20.454443
16.83115,10.96334,-14.566274
11.911253,9.924486,-8.853023
2.30863,9.708249,-3.7022967
-10.704286,10.377263,0.3327278
-24.705671,11.355652,2.562143
-37.023224,11.75585,2.6086156
-45.37845,10.912529,0.93435794
-48.166164,8.718292,-1.0955547
-44.59268,5.560587,-1.8546342
-34.87665,2.0160208,-0.45320576
-20.444216,-1.3884566,2.6221442
-3.8525455,-4.208837,5.738684
11.725412,-6.04341,7.0943933
23.313902,-6.608719,5.7774143
28.876284,-5.916817,2.2292118
27.680677,-4.32619,-2.0847647
20.27217,-2.2978072,-5.4487734
8.272966,0.0047483323,-6.5882416
-5.7980447,2.8971944,-4.9911556
-18.744864,6.886855,-0.9170803
-27.201828,12.074836,4.7241445
-28.558998,17.72803,10.57159
-22.04259,22.409903,15.176105
-9.346962,24.619766,17.535072
5.723254,23.497398,17.56655
18.626703,19.147385,16.166683
25.864017,12.490875,14.696942
26.263742,4.899688,14.170818
21.161135,-2.108061,14.695914
13.501204,-7.0888085,15.5887375
6.4436455,-8.989467,16.079042
2.1603444,-7.616075,16.048954
1.2336782,-3.9777637,16.206707
2.6938865,-0.072241835,17.535418
4.5373354,2.023552,20.4397
4.5453343,1.310939,24.26478
1.2020584,-1.5234665,27.576078
-5.595108,-4.5698557,28.995441
-14.39496,-5.9652433,27.9766
-22.792072,-5.051356,24.993475
-28.512848,-2.5579925,21.106647
-30.378937,0.25971818,17.330473
-28.589983,2.7186565,14.26888
-24.250086,5.0322742,12.137728
-18.603659,7.566614,10.922689
-12.586029,9.76072,10.397329
-6.9113607,9.860181,10.034231
-2.3705194,5.9718156,9.105371
0.1870045,-2.2564077,7.1389437
0.3618971,-12.737724,4.4546223
-1.1992648,-21.76179,2.2120926
-2.7715569,-26.111073,1.6832519
-2.3646517,-24.973234,3.1639388
1.0467865,-20.246967,5.438916
6.7474895,-15.073951,6.436055
12.594043,-11.765158,4.7533817
16.272028,-10.632232,0.8998628
16.64407,-10.377957,-2.8391716
14.260516,-9.455468,-3.962083
10.733135,-7.2238727,-1.6028713
7.511695,-4.16365,2.7653842
4.998039,-1.3071915,6.3400908
2.59096,0.45503622,6.930448
-0.519207,0.7281388,4.355957
-4.5506773,-0.34828192,0.33674082
-8.97147,-2.1497402,-2.8642757
-12.989683,-3.683638,-3.9014149
-16.108353,-3.9556656,-2.8938472
-18.15441,-2.5892813,-0.93965703
-18.775396,-0.2836985,0.7374568
-17.016203,1.4222512,1.3037893
-11.6212845,1.1310658,0.36284184
-2.0595448,-1.3545889,-2.0928948
10.497916,-4.7874203,-5.5249476
23.166609,-7.3381047,-8.672887
32.537823,-7.9124265,-9.832574
36.33034,-6.859763,-7.7493668
34.362167,-5.5486836,-2.6261766
28.23817,-5.282722,3.5929136
20.164423,-6.5454984,8.098254
11.897469,-9.131397,8.803468
4.520162,-12.798128,5.586216
-1.1369708,-17.595118,0.31568438
-4.185542,-23.440083,-4.332603
-3.9906363,-29.38742,-6.435571
-0.8441655,-33.461655,-5.742997
3.749398,-33.473404,-3.498454
7.6333942,-28.328344,-1.4702119
9.083838,-18.846468,-0.90880394
7.6074033,-7.4768424,-2.0031211
3.9189444,2.8472748,-3.9713948
-0.6876519,9.898536,-5.57943
-4.9025435,12.729481,-5.7847085
-7.493318,11.577238,-4.25598
-7.196369,7.489714,-1.5697155
-2.9944863,2.0077462,1.052363
5.0563917,-3.1050453,2.4195778
15.061779,-6.270618,2.1302521
23.493439,-6.65423,0.90547097
26.66915,-4.5903378,0.17463848
22.7438,-1.5408317,1.1006752
12.860631,0.48341614,3.7082272
0.5919647,-0.23203592,6.7881355
-9.985481,-4.3835597,8.707374
-16.268204,-11.308561,8.549942
-17.904764,-19.08981,6.7310615
-16.121853,-25.078781,4.628852
-12.422323,-26.769094,3.555632
-7.7758007,-22.809023,3.902191
-2.7829106,-13.720965,5.103022
1.6500793,-1.8453621,6.349946
4.014914,9.632174,7.3469396
2.7644968,18.104204,8.397866
-2.613532,22.54585,9.750169
-10.882919,23.45171,10.830728
-19.362005,21.831774,10.176493
-25.154293,18.130789,6.3153286
-26.54274,11.996662,-0.96840894
-23.685802,3.0999289,-9.962725
-18.257156,-7.729325,-17.578768
-12.366772,-18.130205,-20.888401
-7.49611,-25.116892,-18.696058
-4.056569,-26.72278,-12.154088
-1.695353,-23.183107,-4.078663
0.011749931,-16.748922,2.5384433
1.0265253,-10.249611,5.891149
0.836383,-5.4516754,5.8764505
-1.0664861,-2.359283,3.6766393
-4.5904045,0.1781971,0.8662114
-8.794624,3.1841087,-1.365527
-12.21975,6.6518764,-2.5527098
-13.635171,9.647967,-2.8956795
-12.729266,11.19589,-3.0282168
-10.266998,11.15647,-3.7599256
-7.57525,10.439425,-5.8009696
-5.6736755,10.473704,-9.451769
-4.6229286,12.386412,-14.355391
-3.5189302,16.419481,-19.506527
-1.1187379,21.820444,-23.624918
3.3329217,27.127226,-25.748512
9.5965185,30.669827,-25.687881
16.495125,31.171038,-24.022825
22.389076,28.330442,-21.629675
25.720533,23.154922,-19.078104
25.383858,17.735806,-16.342026
20.921913,14.380704,-13.028243
12.672833,14.443321,-8.92035
1.8892777,17.522974,-4.386335
-9.3343525,21.592,-0.30583015
-18.518469,24.055803,2.4485838
-23.602207,23.140837,3.5901423
-23.739538,18.796246,3.6161296
-19.61428,12.630453,3.4626596
-13.037255,7.0134506,3.8503299
-6.040842,3.919509,4.781439
-0.016468763,4.1121354,5.5479646
4.611271,6.967319,5.2555013
8.079362,10.86732,3.5058994
10.692631,13.889055,0.7581182
12.426604,14.490735,-1.9049164
12.973341,11.98573,-3.4629157
12.082231,6.708479,-3.6189878
9.837062,-0.10915754,-2.9445674
6.6441226,-6.6529264,-2.3779569
3.028269,-10.932007,-2.4388807
-0.48115844,-11.245552,-2.772968
-3.2361953,-6.7274284,-2.4200277
-4.324483,2.1020873,-0.6382422
-2.7585263,13.0530615,2.3553274
1.8690311,22.637276,5.347769
8.634794,27.263792,6.884616
15.126132,24.893162,6.2718
18.315321,16.282917,4.0710106
16.168337,4.9518566,1.7259504
9.002938,-4.3557086,0.6272151
-0.42098776,-7.975412,1.3193505
-8.32732,-5.096022,3.3725743
-12.048007,2.032378,5.88166
-11.46588,9.520835,8.109804
-8.810697,13.963061,9.802979
-6.9736342,13.983318,11.066706
-7.5294056,10.439018,12.044033
-9.815773,5.427662,12.685239
-11.614246,0.92300093,12.714198
-10.827786,-2.1052492,11.732132
-6.9184704,-3.7389338,9.400216
-1.1750125,-4.5674047,5.701051
4.184761,-5.069051,1.2170935
7.269624,-5.312987,-2.79789
7.241719,-5.055858,-4.8022227
4.232566,-4.052294,-3.7663014
-1.1247936,-2.3287704,0.07672343
-7.920078,-0.25397974,5.140262
-14.752907,1.6214602,9.268013
-19.51326,2.8552356,10.914815
-19.786034,3.3533964,9.865726
-14.045489,3.3870394,6.9718547
-3.0280373,3.334606,3.2067163
9.752738,3.2978542,-1.066223
19.031239,2.8845797,-5.941116
20.083715,1.3963672,-11.122186
11.127174,-1.6152346,-15.297303
-5.527766,-5.781811,-16.535534
-24.258108,-9.799475,-13.606529
-38.458652,-11.961573,-7.21351
-43.235374,-11.076777,-0.052713655
-37.19206,-7.1776223,4.5268908
-22.623522,-1.523249,4.400799
-4.253754,4.1089997,-0.19392908
12.739297,8.331004,-6.968218
24.51813,10.610651,-13.001006
29.550867,11.037898,-16.258171
28.54253,9.715218,-16.331726
23.567999,6.401488,-14.204811
16.93258,0.7960193,-11.461317
10.329444,-6.7463245,-9.496862
4.630962,-14.72395,-9.037014
0.24004233,-20.77892,-9.98835
-2.42949,-22.740324,-11.560287
-2.8266761,-19.783707,-12.62093
-0.65151894,-12.932406,-12.202001
3.562504,-4.5719113,-9.931384
8.243798,2.6800177,-6.1318183
11.305011,7.025258,-1.5223799
11.172685,7.9049726,3.225728
7.639532,5.7542105,7.7003503
1.9078344,1.4889163,11.576666
-4.2271547,-3.846801,14.313869
-9.444557,-9.152748,15.150915
-13.417107,-13.26085,13.573022
-16.444324,-15.086535,9.929322
-18.602415,-13.979209,5.622498
-19.211319,-10.0719185,2.5491557
-17.134056,-4.387245,2.0623841
-11.699409,1.389231,4.1522727
-3.4966025,5.3749413,7.4250784
5.6152334,6.038054,9.900248
13.310174,2.7009912,10.096795
17.824438,-4.116107,7.7565737
18.529116,-12.677242,3.8745165
15.811543,-20.49538,0.15306969
10.580117,-25.2394,-1.7618358
3.8842008,-25.709188,-0.9375879
-3.1455886,-22.312305,2.4857109
-9.244793,-16.68276,7.3350224
-13.185678,-10.638729,11.875187
-14.243581,-5.17966,14.58154
-12.653621,-0.23314938,14.858673
-9.632688,4.692179,13.268275
-6.8092103,9.495642,11.07476
-5.34361,12.94543,9.389474
-5.2820435,13.069946,8.521096
-5.564848,8.228888,8.000902
-4.6989007,-1.8510221,7.212744
-1.6843524,-15.6798725,6.0626216
3.368798,-30.353067,5.1084332
9.297935,-42.340733,5.057045
14.552381,-48.38621,6.0914073
18.010086,-46.386208,7.6235027
19.406076,-36.195263,8.678125
19.131712,-20.09302,8.56903
17.654305,-2.4513154,7.317399
15.113276,11.656165,5.5336785
11.4907,18.498852,3.9446902
7.2125883,17.34571,2.9733255
3.5577972,10.688727,2.6173944
2.2996337,2.793393,2.55713
4.6292076,-2.577965,2.2842965
10.119403,-3.8838856,1.1836087
16.631887,-2.0137618,-1.3101482
21.424442,0.8857318,-5.37725
22.757006,2.9668908,-10.445477
20.83614,3.5636868,-15.137222
17.41779,3.0398417,-17.765095
14.441908,2.0456438,-17.207
12.811964,0.91505486,-13.63011
12.223995,-0.40154058,-8.548582
11.989211,-2.023634,-4.1185226
11.942157,-3.8683572,-2.0794394
12.53774,-5.6759844,-2.9628067
14.082072,-7.23937,-5.9755635
15.926272,-8.560888,-9.529806
16.554487,-9.770885,-12.054889
14.704214,-10.885839,-12.673511
10.667704,-11.623404,-11.4879055
6.623765,-11.433421,-9.430681
5.5302424,-9.7423935,-7.778546
9.221352,-6.285378,-7.516385
16.999517,-1.3697311,-8.80936
25.693428,4.054544,-10.854627
31.157854,8.588865,-12.2568655
30.288836,10.828864,-11.795944
22.428703,9.914756,-9.177343
9.54879,5.9434953,-5.29504
-4.6617193,0.013710466,-1.7951685
-16.216629,-6.1515203,-0.17072529
-22.163898,-10.825828,-0.9397428
-21.452374,-12.841674,-3.416484
-15.162944,-11.86221,-6.190434
-6.0501637,-8.324999,-7.957771
2.5150466,-3.172446,-8.143237
7.8664412,2.4936996,-6.9508624
9.071535,7.747071,-4.927644
7.1490836,12.084606,-2.4692843
4.34114,15.468047,0.32019645
2.8448563,18.058023,3.354502
3.7298713,19.722897,6.2031136
6.6207685,19.666216,8.061113
10.202937,16.596424,8.183741
13.08936,9.565607,6.488627
14.433179,-0.9460784,3.82587
13.965003,-12.499876,1.6308821
11.6182995,-21.328772,1.1455802
7.2024846,-23.996443,2.733914
0.48315623,-19.17288,5.745879
-8.3633995,-8.414291,8.965826
-18.31897,4.5719137,11.2703705
-27.562254,15.716428,12.047658
-34.110394,22.327635,11.212188
-36.740906,23.829329,8.999233
-35.610386,21.321217,5.8248415
-32.128986,16.55418,2.300674
-28.125006,11.110813,-0.76153916
-24.820543,6.1681952,-2.5537503
-22.281637,2.6403565,-2.6542466
-19.678139,1.2567871,-1.3106515
-16.11132,2.3617527,0.654942
-11.369618,5.618694,2.315768
-6.0666165,9.970347,3.1669695
-1.1318355,14.003346,3.3318837
2.8535078,16.516602,3.3263066
5.8916435,16.927954,3.6024702
8.206167,15.302966,4.230849
9.674759,12.088792,4.91307
9.65121,7.8129644,5.2295766
7.422061,2.9398801,4.875408
2.9452877,-2.1194224,3.730826
-2.7859561,-6.969541,1.8181937
-8.13062,-11.243712,-0.705225
-11.6829605,-14.624354,-3.46304
-12.975234,-16.790033,-5.7971687
-12.489351,-17.307268,-6.8914433
-11.06665,-15.615045,-6.109013
-9.293472,-11.250159,-3.364426
-7.3834877,-4.283685,0.7311833
-5.5512166,4.2912703,5.0833974
-4.3819766,12.559948,8.572831
-4.712605,18.234896,10.479905
-7.0301366,19.567112,10.638532
-10.903475,16.154465,9.287013
-15.005191,9.182867,6.791038
-17.808434,0.9401384,3.4704416
-18.476477,-6.137732,-0.35895798
-17.295086,-10.368644,-4.212165
-15.36006,-11.22666,-7.337298
-13.79661,-9.142699,-8.863242
-13.086661,-4.979675,-8.187994
-12.916423,0.39197743,-5.404574
-12.5301895,6.1614347,-1.4744941
-11.257453,11.376637,2.0408492
-8.872691,14.817921,3.6301832
-5.6589394,15.248132,2.5479183
-2.2453864,12.027419,-0.80690855
0.65583295,5.7262363,-5.08299
2.526067,-1.7466981,-8.63804
3.259131,-7.7449617,-10.280187
3.2290576,-9.999972,-9.671374
3.1341305,-7.672979,-7.230637
3.6658738,-1.7541513,-3.7247162
5.194076,5.413846,0.09498133
7.670421,11.2055,3.5841873
10.780653,13.78301,6.107815
14.156132,12.648646,7.025762
17.40853,8.530257,5.9297047
19.95311,2.838368,2.9903512
20.864231,-2.916684,-0.9316949
19.076649,-7.489557,-4.632864
13.985507,-10.031403,-7.210104
6.0952725,-10.117062,-8.537079
-2.813187,-7.7678103,-9.186825
-10.272828,-3.4613395,-9.845407
-14.214267,1.9281979,-10.688117
-13.8792095,7.270164,-11.233657
-9.982094,11.349146,-10.796398
-4.0667424,13.038951,-9.153851
2.4274518,11.521158,-6.8674316
8.71413,6.596861,-4.989391
14.510385,-0.9865118,-4.3951683
19.455927,-9.436871,-5.2638974
22.69369,-16.299065,-7.0676417
23.030466,-19.318245,-8.994418
19.593927,-17.41893,-10.411799
12.496114,-11.24678,-11.030348
3.0169528,-2.9168334,-10.756264
-6.8117867,4.908555,-9.505083
-14.941243,10.077297,-7.234003
-19.950815,11.577174,-4.1812253
-21.370152,9.533949,-1.0466652
-19.691727,4.813794,1.1494417
-16.179155,-1.3688846,1.5336206
-12.502617,-7.6354747,-0.11671339
-10.183686,-12.539925,-3.1959853
-9.957602,-14.81671,-6.574868
-11.373312,-13.819739,-9.205991
-12.986337,-9.888334,-10.6396
-13.194491,-4.2951083,-11.122946
-11.282261,1.3050809,-11.247376
-7.974876,5.607747,-11.413763
-5.049985,8.086448,-11.494789
-4.2000985,8.865651,-10.911383
-5.9068995,8.244662,-9.034205
-9.118071,6.355427,-5.5993385
-11.955545,3.281133,-0.85365176
-12.947983,-0.4978189,4.6136456
-11.925755,-3.8182855,10.1501875
-9.9955435,-5.1133294,15.1876745
-8.687063,-3.1879096,19.2071
-8.921418,2.033701,21.701014
-10.50542,9.349279,22.333874
-12.424073,16.83472,21.266071
-13.638689,22.700138,19.335005
-13.797504,25.847342,17.781273
-13.391971,25.853449,17.553373
-13.305589,22.635632,18.653147
-14.104354,16.301054,20.084156
-15.560684,7.420813,20.563204
-16.726133,-2.5678487,19.52979
-16.505812,-11.412869,17.673473
-14.369897,-16.849993,16.517477
-10.756239,-17.789972,17.336412
-6.915338,-15.04915,20.239832
-4.2942233,-10.963658,24.136583
-3.8260982,-7.999661,27.582764
-5.5211015,-7.2518415,29.8027
-8.541337,-7.871609,31.06094
-11.6517725,-7.82604,32.13871
-13.762043,-5.429644,33.42474
-14.297464,-0.5487256,34.42087
-13.293572,5.3376784,34.065628
-11.260725,10.164709,31.571482
-8.928225,12.568153,27.07171
-6.965469,12.505672,21.589178
-5.752859,10.888282,16.428204
-5.2661796,8.67474,12.517418
-5.118896,6.220732,10.163146
-4.747778,3.3582523,9.244696
-3.650526,0.026232397,9.520932
-1.5534899,-3.166058,10.724186
1.5583658,-4.9611945,12.420337
5.5144405,-4.078307,13.884772
10.0340605,0.0064637586,14.2337885
14.732354,6.6454287,12.803252
19.079008,14.18498,9.531777
22.406769,20.540154,5.0836267
24.050266,23.845552,0.62067944
23.596123,22.959946,-2.663765
21.118946,17.785496,-4.0384707
17.24798,9.41112,-3.5557935
12.984759,-0.0037333206,-2.061683
9.330372,-7.7391686,-0.8432785
6.899281,-11.401576,-1.0108006
5.722193,-9.87711,-2.895401
5.351304,-3.8632202,-5.8338804
5.219259,4.3625364,-8.555764
5.055526,11.853894,-10.006075
5.117826,16.108524,-10.07938
6.08751,15.83473,-9.721847
8.664491,11.119871,-10.2688055
13.078552,3.144278,-12.457276
18.804949,-6.239884,-15.837904
24.68339,-14.882589,-19.049356
29.424484,-20.72426,-20.780819
32.25251,-22.318369,-20.72072
33.311386,-19.399698,-19.787876
33.548706,-13.153885,-19.47219
34.081844,-5.854299,-20.769907
35.39677,0.10129657,-23.487001
36.90535,3.2573607,-26.400564
37.222366,3.6138425,-28.139698
35.063805,2.262784,-28.141048
30.201307,0.43226913,-27.002916
23.79279,-1.363944,-26.005854
17.792154,-3.482455,-26.158533
13.791849,-6.5719156,-27.453772
12.091321,-10.773633,-28.865389
11.650828,-15.34491,-29.09584
10.952427,-18.979954,-27.556908
9.125765,-20.553965,-24.894152
6.520839,-19.724749,-22.672276
4.3543887,-16.994102,-22.414595
3.7587144,-13.2802925,-24.633911
4.968507,-9.401435,-28.491652
7.204005,-5.854196,-32.28223
9.239272,-2.949621,-34.383694
10.16062,-1.0394293,-34.04233
9.774445,-0.51201046,-31.542627
8.477968,-1.4888753,-27.781187
6.8207464,-3.4808528,-23.648275
5.138133,-5.3789787,-19.657404
3.476622,-5.9431996,-15.980845
1.7539284,-4.562691,-12.71126
-0.0600411,-1.7921863,-10.041008
-1.9089322,0.7608567,-8.192564
-3.7692125,1.2342789,-7.189299
-5.7951937,-1.4255412,-6.7076006
-8.334239,-6.7676053,-6.1907215
-11.734417,-12.951327,-5.193661
-16.004795,-17.634748,-3.7287123
-20.521606,-19.12947,-2.3380392
-24.02003,-17.165724,-1.7746316
-25.002754,-12.875187,-2.4422202
-22.447826,-8.09385,-3.9567814
-16.451874,-4.4734135,-5.1807427
-8.399169,-2.9153507,-4.8032947
-0.492258,-3.5252476,-2.148001
5.120372,-5.8964815,2.3359368
7.1229115,-9.374593,7.287004
5.312544,-13.116904,11.257894
0.35759053,-16.057093,13.595712
-6.634778,-17.020258,14.738499
-14.376752,-15.085413,15.705247
-21.419949,-10.014224,17.167582
-26.20704,-2.4411802,18.818615
-27.449179,6.3163776,19.528416
-24.77977,14.675384,18.171177
-19.229301,21.14483,14.507309
-13.010275,24.49453,9.489742
-8.531654,23.872972,4.815723
-7.1763186,19.077904,2.0783198
-8.657291,10.935896,2.0809128
-11.427676,1.4321393,4.66414
-13.864851,-6.7703266,8.996423
-15.356701,-11.358357,14.021984
-16.472881,-11.360184,18.782782
-18.100288,-7.409937,22.525038
-20.240335,-1.0875143,24.67156
-21.470009,6.1403685,24.787874
-19.603395,13.534915,22.624506
-13.187099,20.819944,18.246962
-2.7957828,27.401138,12.192666
8.831103,31.916399,5.5248876
17.99579,32.67946,-0.36291865
21.860884,28.76834,-4.2286506
19.749863,20.894348,-5.55832
13.187353,11.3149605,-4.866115
4.808212,2.8063598,-3.418949
-3.0239418,-2.5745432,-2.4532897
-8.991862,-4.129812,-2.3710444
-12.681461,-2.3160615,-2.507535
-13.940805,1.8893888,-1.6955957
-12.466902,7.4454927,0.75673896
-8.018388,13.285118,4.4154005
-1.0082253,18.19393,7.918897
7.166298,20.945591,9.894988
14.5094595,20.802568,9.893822
19.373596,18.04908,8.619754
21.308994,14.067269,7.2999063
21.195885,10.744357,6.7013874
20.57952,9.480688,6.5594425
20.718113,10.3843975,5.825759
22.006449,12.167425,3.5024054
24.063982,12.857689,-0.587517
26.233898,10.962698,-5.6318192
27.997269,6.4329877,-10.311262
29.024576,0.843485,-13.521221
29.001993,-3.3728294,-14.829349
27.570938,-4.2429614,-14.442878
24.540405,-1.3497128,-12.8380375
20.187855,3.981938,-10.393764
15.318878,9.533374,-7.2782855
10.956922,13.5074415,-3.589388
7.8792887,15.415756,0.44293743
6.3616953,15.96107,4.3928976
6.2979865,16.088278,7.7698736
7.515902,15.99135,10.2274065
9.946366,14.857647,11.668363
13.472748,11.51784,12.15412
17.618406,5.4536695,11.702644
21.408836,-2.6297688,10.181816
23.60778,-11.072211,7.4525676
23.210424,-18.111883,3.701678
19.869513,-22.686846,-0.31227398
13.999507,-24.702688,-3.3919613
6.55758,-24.767754,-4.4536314
-1.2997429,-23.756971,-3.184276
-8.489263,-22.535078,-0.32596156
-14.155854,-21.870583,2.683907
-17.77615,-22.34732,4.531058
-19.255507,-24.148352,4.7612047
-18.966373,-26.842932,3.9387639
-17.645174,-29.450964,3.1528177
-16.15164,-30.902235,3.2607214
-15.208487,-30.662422,4.401569
-15.25081,-29.081335,6.0450826
-16.404612,-27.15993,7.420996
-18.50246,-25.855003,7.951859
-21.061863,-25.4115,7.426715
-23.286377,-25.217634,5.9361315
-24.240446,-24.292234,3.7592652
-23.250744,-22.032576,1.3292542
-20.343582,-18.658522,-0.7712474
-16.36937,-15.041184,-1.9076164
-12.59916,-12.094313,-1.6106735
-9.965907,-10.2309,0.20650548
-8.462887,-9.2829485,3.1865513
-7.1839137,-8.854886,6.663925
-5.052587,-8.716103,9.906874
-1.7550477,-8.860843,12.338179
1.8079778,-9.240847,13.673497
3.9154522,-9.537339,13.978862
3.0280497,-9.318114,13.640535
-1.2669098,-8.518461,13.210595
-7.965876,-7.779241,13.13465
-15.136942,-8.19829,13.484302
-20.810715,-10.544382,13.883499
-23.73857,-14.521117,13.721275
-23.699879,-18.729465,12.529401
-21.38076,-21.445017,10.263057
-18.02572,-21.638664,7.3018827
-15.015455,-19.448595,4.2236347
-13.414411,-15.782335,1.5669113
-13.541648,-11.481566,-0.2633712
-14.740063,-6.832177,-0.99862206
-15.566424,-1.8194995,-0.5730815
-14.448047,3.2293084,0.7164858
-10.526179,7.3825865,2.1460273
-4.1978645,9.63569,2.8148603
3.00499,9.846569,2.1761777
9.147756,9.191014,0.48695406
12.78795,9.574743,-1.2296319
13.507622,12.332838,-1.7726265
11.849225,17.218275,-0.5095099
8.833717,22.508528,2.2600892
5.452377,26.169123,5.549408
2.4112985,27.173853,8.273546
0.12609135,26.009007,9.701935
-1.2160425,24.108765,9.528736
-1.6569542,22.817722,7.730073
-1.4838028,22.726658,4.535419
-1.1288712,23.738947,0.5939435
-0.9276172,25.525894,-2.9435635
-0.89228964,27.780458,-4.754752
-0.7089989,30.051441,-4.0460205
-0.0018837098,31.494032,-1.141794
1.3333504,31.021898,2.5645895
3.0099647,27.938816,5.370137
4.557731,22.578688,6.2249885
5.6834464,16.351463,5.2106447
6.46597,11.034959,3.232248
7.203756,7.77649,1.2423413
8.0353365,6.514246,-0.36420345
8.65596,6.1923323,-1.7636448
8.381182,5.542511,-3.2335494
6.530552,3.8539212,-4.6802993
2.8645892,1.2864778,-5.58005
-2.2030702,-1.3065208,-5.3615108
-7.7025905,-2.7929046,-3.901654
-12.393515,-2.1807694,-1.7473085
-15.072363,1.0153606,0.09286987
-14.839923,6.459802,0.63868487
-11.36642,12.852502,-0.5935565
-5.158922,18.177025,-3.3942163
2.303217,20.414635,-6.9956746
8.780383,18.45024,-10.414035
11.936138,12.6478195,-12.788517
10.279778,4.70241,-13.564249
3.9594688,-3.1641352,-12.510633
-5.057245,-9.163864,-9.697803
-13.6256275,-12.506502,-5.5568533
-18.677614,-13.360473,-1.0047863
-18.521551,-12.436586,2.5596454
-13.54575,-10.579197,3.602991
-5.9564896,-8.564714,1.1414874
1.3190298,-7.02324,-4.570535
5.976722,-6.31252,-11.84019
7.2025723,-6.339693,-18.110483
5.6366534,-6.525758,-21.113123
2.5780272,-6.087414,-19.977724
-0.9544141,-4.551844,-15.64086
-4.6524053,-2.1623404,-10.309567
-8.621063,0.15785642,-6.311527
-12.7183075,1.3097087,-5.009284
-16.172472,0.65782976,-6.3521423
-17.864662,-1.6368287,-9.198552
-17.080557,-4.7993917,-12.089327
-14.111894,-7.9620337,-13.971563
-10.18232,-10.61858,-14.520926
-6.712762,-12.703229,-14.0225115
-4.4752636,-14.305686,-13.019704
-3.2657087,-15.317449,-11.9946165
-2.2971659,-15.3323145,-11.225361
-0.94892097,-13.894846,-10.798547
0.72865206,-10.897623,-10.664422
2.0933025,-6.8027143,-10.653624
2.4210606,-2.4960115,-10.477379
1.3966318,1.1368797,-9.801518
-0.7559214,3.619756,-8.441092
-3.4845655,5.0143747,-6.5875864
-6.188665,5.7312436,-4.8736706
-8.338399,6.219907,-4.127681
-9.44884,6.782969,-4.8837934
-9.089359,7.592056,-6.947281
-7.0392566,8.771648,-9.359529
-3.4909954,10.366125,-10.875142
0.9132166,12.167802,-10.691401
5.3177943,13.596163,-8.943568
9.035316,13.852352,-6.603791
11.807131,12.361188,-4.8349614
13.765562,9.232144,-4.248842
15.1588,5.387426,-4.587083
16.080853,2.2196789,-5.021915
16.423244,0.9810463,-4.8086205
16.062487,2.2781408,-3.7777624
15.090763,5.919917,-2.316545
13.855455,11.082094,-0.91422135
12.730906,16.583479,0.31204975
11.783867,21.138626,1.7067828
10.626594,23.619059,3.7184994
8.657715,23.388233,6.4120345
5.6070113,20.614622,9.273025
2.0163705,16.307772,11.477272
-0.76453197,11.904859,12.408547
-1.214194,8.562861,12.007143
1.4056835,6.6004767,10.684873
6.402613,5.479695,8.916633
11.827871,4.3170466,6.8920736
15.464043,2.5078893,4.545431
16.032566,0.0035129185,1.9297926
13.833067,-2.8640213,-0.43126166
10.402301,-5.7068853,-1.5981244
7.4663763,-8.187021,-0.728117
5.9355345,-9.85467,2.305727
5.596202,-10.033378,6.6734023
5.588771,-8.070487,10.942332
5.1911445,-3.8897164,13.799188
4.2964334,1.6087468,14.650777
3.324757,6.737404,13.74481
2.7915041,9.779593,11.838639
2.9549897,9.808459,9.751497
3.773019,6.998156,8.122526
5.0582724,2.2869732,7.4221487
6.5739903,-3.2303667,8.010283
7.959829,-8.6703205,10.034085
8.627251,-13.318888,13.185197
7.8409886,-16.461767,16.553102
5.0319357,-17.472544,18.80251
0.14731075,-16.213205,18.674307
-6.2238092,-13.383121,15.563801
-13.045191,-10.386619,9.86535
-19.205467,-8.666213,2.913431
-23.827501,-8.924879,-3.4404721
-26.381168,-10.793166,-7.4418054
-26.646702,-13.162063,-8.035054
-24.659876,-14.899794,-5.2668333
-20.70713,-15.428569,-0.32881534
-15.326503,-14.825385,4.8410015
-9.235423,-13.519718,8.302775
-3.175912,-11.930035,8.897084
2.2422552,-10.326523,6.673638
6.6064816,-8.942171,2.7379663
9.656176,-8.134413,-1.3748944
11.200464,-8.3844595,-4.415515
11.096449,-10.076123,-5.835009
9.326484,-13.1762495,-5.767201
6.1216927,-17.028223,-4.7414346
2.0253224,-20.434166,-3.3919291
-2.1891222,-22.062038,-2.3006413
-5.7446904,-21.02371,-1.921766
-8.130758,-17.322802,-2.4835455
-9.25883,-11.884187,-3.87315
-9.389056,-6.1016626,-5.628354
-8.8485,-1.1638868,-7.126383
-7.717217,2.4024365,-7.8884087
-5.7135015,4.6819835,-7.784731
-2.393737,5.9224176,-6.986937
2.4486167,6.125273,-5.7331524
8.47604,5.0650935,-4.1440616
14.846082,2.7147565,-2.2741444
20.600431,-0.35973385,-0.34041932
25.128462,-3.09111,1.1325426
28.353771,-4.5133996,1.471175
30.501347,-4.3912363,0.26623505
31.643076,-3.2943606,-2.2663968
31.414463,-1.988315,-5.28974
29.17668,-0.6433989,-7.7561164
24.549511,1.403478,-8.945014
17.936121,5.025234,-8.753918
10.640345,10.272356,-7.5754113
4.453994,15.827422,-5.9200587
0.9488766,19.541096,-4.1104674
0.88072675,19.795605,-2.2526724
3.9962282,16.723618,-0.4177341
9.250503,12.32756,1.2060099
15.216835,9.3199005,2.3590326
20.447428,9.448716,2.9022162
23.688793,12.4554405,2.952679
24.013075,16.346174,2.825295
20.965427,18.717268,2.839071
14.74038,18.179008,3.1740303
6.286328,14.960509,3.892356
-2.795411,10.456546,5.046906
-10.61193,6.2262373,6.6969395
-15.520588,3.2160401,8.756564
-16.66385,1.6356293,10.819916
-14.283152,1.3262185,12.207533
-9.660709,2.127965,12.323368
-4.66916,3.8999739,11.111303
-1.0698972,6.271709,9.231651
0.16502646,8.497337,7.7339225
-0.80124265,9.690862,7.3917575
-2.8474858,9.344865,8.170771
-4.5388074,7.7275867,9.243558
-4.9253116,5.7924356,9.566103
-4.071115,4.5984035,8.600003
-3.016421,4.631276,6.655924
-3.1867568,5.512342,4.6335993
-5.5800366,6.299521,3.393209
-10.189113,6.1436853,3.2394235
-15.974294,4.805342,3.8535662
-21.375217,2.6639743,4.62641
-25.044933,0.26269197,5.0615225
-26.385685,-2.2006688,4.953342
-25.619953,-4.9928517,4.312553
-23.43475,-8.464838,3.2327192
-20.493608,-12.493258,1.8651553
-17.155107,-16.240524,0.4607755
-13.547491,-18.496456,-0.69639504
-9.864763,-18.400187,-1.5262872
-6.579091,-16.021366,-2.3658693
-4.3373847,-12.366867,-3.8567572
-3.5753787,-8.804816,-6.43274
-4.1362243,-6.320875,-9.743139
-5.217039,-5.1130767,-12.551565
-5.744685,-4.7435374,-13.375161
-4.965728,-4.6523676,-11.524698
-2.8699644,-4.626041,-7.770477
-0.1801528,-4.9248657,-4.024579
2.0600455,-6.065339,-2.1463938
3.016023,-8.468761,-2.6971953
2.4017336,-12.194065,-4.581233
0.5081046,-16.83959,-5.8747625
-1.9794266,-21.58578,-5.241751
-4.1961694,-25.340616,-2.8863933
-5.2592287,-26.989712,-0.35823065
-4.4214077,-25.744228,0.59590304
-1.2960142,-21.498278,-0.74780494
3.872737,-15.029004,-3.6556435
10.053664,-7.890336,-6.4919925
15.575423,-1.9802562,-7.751419
18.635025,1.0759288,-6.8231664
18.010984,0.48803374,-4.0937386
13.659913,-3.4089267,-0.542092
6.8737535,-9.240829,2.742262
-0.14374484,-15.013813,4.8377566
-5.1367373,-18.707548,5.114471
-6.702624,-18.83973,3.3975227
-4.7942667,-14.840396,0.20217153
-0.5663908,-7.170873,-3.1887581
4.319136,2.78945,-5.0768743
8.494955,13.03635,-4.1181974
11.317906,21.383608,-0.11019133
12.73421,26.027494,5.746251
12.810258,26.129211,11.373049
11.393045,22.193338,14.868618
8.213511,15.988891,15.449941
3.3273637,9.922398,13.7052555
-2.5420485,6.083019,11.042997
-8.138541,5.4267077,8.750393
-12.257215,7.5324135,7.29208
-14.3425045,11.025614,6.2540984
-14.626912,14.351658,4.865897
-13.716016,16.404324,2.6658194
-11.9937,16.705519,-0.14657778
-9.365329,15.220347,-2.8407898
-5.5489926,12.14515,-4.59184
-0.6407786,7.9186997,-4.8934007
4.5555677,3.3813698,-3.7224104
8.73926,-0.23508367,-1.4542751
10.723718,-1.7147243,1.3244082
10.016673,-0.5224318,3.9744837
7.0175314,2.7343736,5.91235
2.8050044,6.474231,6.714888
-1.259618,8.955224,6.2359447
-3.8963525,9.261568,4.6726475
-4.1922674,7.8167763,2.5029562
-1.8601267,6.071153,0.2945273
2.5660088,5.5682383,-1.5105982
7.768584,7.006694,-2.7041497
12.052481,9.886392,-3.263795
14.007717,12.898138,-3.2203085
13.070958,14.714272,-2.5634613
9.64076,14.623549,-1.259181
4.709166,12.653616,0.6463324
-0.6777222,9.249563,2.916515
-5.736826,4.8864355,5.077498
-9.907382,-0.039350625,6.4646673
-12.664814,-5.0128193,6.3725095
-13.507408,-9.189034,4.3033423
-12.204169,-11.49988,0.257161
-9.064471,-11.133397,-5.0846157
-4.903014,-8.077911,-10.465369
-0.6324771,-3.2965584,-14.519387
3.2188315,1.6614825,-16.42335
6.656086,5.3808246,-16.356956
9.89909,7.1424136,-15.435788
12.882065,6.9783916,-15.090608
15.036842,5.288969,-16.24573
15.581297,2.4294004,-18.802069
14.080956,-1.3646055,-21.7271
10.7982,-5.7188706,-23.646923
6.524822,-9.889985,-23.537304
2.0492485,-12.91329,-21.126778
-2.2715657,-14.106463,-16.892841
-6.469739,-13.517337,-11.800511
-10.517917,-11.888002,-6.9990354
-13.907519,-10.108245,-3.5710216
-15.6694145,-8.5938,-2.2972212
-14.874912,-7.1129484,-3.406838
-11.255102,-5.1962314,-6.4011254
-5.49134,-2.7415285,-10.111474
0.9993821,-0.24974377,-13.06671
6.596876,1.5355681,-14.044174
9.989329,2.26213,-12.531467
10.459043,2.2944622,-8.861842
7.965422,2.4161758,-3.984477
3.135668,3.1463454,0.9600818
-2.8226283,4.250331,5.0185246
-8.383181,4.8622036,7.612233
-12.1781,4.1219115,8.548144
-13.528077,1.8153216,7.9580946
-12.719745,-1.472785,6.2409124
-10.824553,-4.7748137,3.9924133
-9.153654,-7.372774,1.8699782
-8.692431,-9.170501,0.39837465
-9.833373,-10.568273,-0.18144259
-12.452207,-11.978261,0.09551593
-16.106089,-13.3506155,1.0865842
-20.118256,-14.042751,2.716463
-23.544306,-13.130356,4.9703064
-25.239183,-9.990912,7.6760693
-24.209913,-4.82683,10.284998
-20.151588,1.1956005,11.94107
-13.793667,6.3311877,11.924427
-6.715874,9.015748,10.194578
-0.65061706,8.605278,7.571047
3.3109164,5.6624055,5.29923
5.0931687,1.6004094,4.2398143
5.3764515,-2.108046,4.2820587
4.9490094,-4.6650014,4.4639606
4.166352,-6.1743855,3.7354622
2.8688319,-7.2668505,1.7725381
0.72089255,-8.43737,-0.7951964
-2.3606832,-9.578935,-2.8892705
-6.0072207,-10.015026,-3.76243
-9.490079,-8.963867,-3.4095502
-11.93804,-6.0902534,-2.3416538
-12.50971,-1.7921318,-1.0322884
-10.522426,2.9151595,0.408288
-5.6618004,6.8027625,2.0620248
1.6933274,8.882396,3.780869
10.222058,8.707487,4.999503
17.794159,6.435121,5.0185766
22.115807,2.6749148,3.517469
21.64896,-1.7790335,0.8242094
16.300293,-6.210437,-2.301756
7.465719,-10.133111,-5.16827
-2.5806441,-13.295067,-7.4920297
-11.559438,-15.584092,-9.334851
-17.833996,-16.935345,-10.787759
-20.60629,-17.310183,-11.7674675
-19.792831,-16.725782,-12.123817
-15.861375,-15.252523,-11.907105
-9.765639,-12.929614,-11.471993
-2.8761837,-9.65543,-11.262071
3.2642357,-5.181952,-11.444202
7.365983,0.70575947,-11.719431
8.785214,7.892181,-11.485945
7.637761,15.708048,-10.231803
4.586522,22.960722,-7.871102
0.49557787,28.249043,-4.82527
-3.8003068,30.423956,-1.8610405
-7.5306764,28.989237,0.18021706
-9.960489,24.296946,0.6559924
-10.473879,17.50124,-0.63778573
-8.794963,10.30214,-3.3101134
-5.187451,4.5257096,-6.414681
-0.44677362,1.6071812,-8.773809
4.3536386,2.1088822,-9.494836
8.2224245,5.470889,-8.386994
10.52444,10.163722,-5.984697
11.067652,14.247681,-3.1445923
10.028809,16.122318,-0.51292497
7.803644,15.124399,1.7396657
4.853601,11.703436,3.7553346
1.5940052,7.1308184,5.6090207
-1.6408045,2.9326866,7.093157
-4.542837,0.33753023,7.8682427
-6.7376957,-0.037893552,7.824269
-7.765747,1.7969604,7.3009143
-7.2217813,5.4021993,6.9506216
-5.005303,10.152902,7.355313
-1.5009552,15.393307,8.71458
2.4836998,20.447403,10.832573
6.0231605,24.549852,13.351947
8.426472,26.843494,15.987136
9.408519,26.570314,18.562506
9.020062,23.440578,20.882696
7.488605,17.977188,22.627264
5.169295,11.551063,23.42425
2.6393616,5.959172,23.074556
0.76159626,2.6978796,21.749912
0.5161107,2.336152,19.995382
2.6037247,4.375843,18.50586
7.070013,7.6725407,17.792757
13.237139,11.101902,17.917467
20.000076,14.000694,18.432545
26.246492,16.122587,18.580456
31.078156,17.257477,17.68704
33.737007,16.929972,15.577138
33.467983,14.495992,12.781051
29.660467,9.586395,10.360724
22.35926,2.5271893,9.382497
12.813683,-5.6291857,10.304493
3.5183387,-13.511767,12.656878
-2.5662243,-19.983444,15.25257
-3.358835,-24.46005,16.833908
1.1714885,-26.846373,16.760448
8.767454,-27.257442,15.300227
15.825772,-25.824781,13.347171
19.054464,-22.744652,11.771041
16.941872,-18.469154,10.841951
10.258757,-13.809486,10.099514
1.4071878,-9.809819,8.722312
-6.905873,-7.448292,6.125693
-12.871135,-7.340896,2.393648
-16.042784,-9.584922,-1.7072195
-16.979267,-13.76134,-5.1001816
-16.471264,-19.048569,-6.9011374
-14.937473,-24.417997,-6.763145
-12.34184,-28.9055,-4.9221845
-8.5624075,-31.905201,-2.0034833
-3.8309755,-33.346336,1.2403245
1.1324708,-33.61259,4.116723
5.383003,-33.210426,6.0759583
8.180612,-32.39507,6.7462935
9.247759,-31.030626,5.9784317
8.696372,-28.797123,3.889348
6.7682686,-25.57563,0.8444009
3.6877327,-21.687046,-2.6610827
-0.20936875,-17.77982,-6.1799135
-4.2128196,-14.461822,-9.447586
-7.181676,-11.986498,-12.3877735
-7.9173217,-10.242148,-14.994606
-5.8253975,-9.016094,-17.190474
-1.416054,-8.267895,-18.776407
3.780956,-8.158638,-19.518518
7.928911,-8.820677,-19.304945
9.812051,-10.086968,-18.247913
9.391188,-11.423786,-16.642973
7.645027,-12.124044,-14.806265
5.839144,-11.60755,-12.90859
4.7317476,-9.622686,-10.934221
4.224725,-6.2655306,-8.799504
3.6285853,-1.8857971,-6.53833
2.2911315,3.0060835,-4.400249
0.12824085,7.788731,-2.7684863
-2.291067,11.78053,-1.9477022
-4.1196685,14.344818,-1.9807456
-4.765989,15.04491,-2.6350543
-4.197084,13.792795,-3.563255
-2.816443,10.933902,-4.5032043
-1.0586556,7.2332478,-5.3615193
0.9288646,3.7363777,-6.1390476
3.2186458,1.4867746,-6.800206
5.693803,1.1415738,-7.2268357
7.6866937,2.6393232,-7.297196
8.093574,5.1404653,-6.993091
6.033344,7.368434,-6.403439
1.6213136,8.233044,-5.6016912
-3.7743392,7.389291,-4.5228753
-8.10529,5.38029,-2.999715
-9.72725,3.2766593,-0.9841377
-8.255983,2.067457,1.2102624
-4.61822,2.2069838,2.8797479
-0.3494515,3.5619006,3.2175632
3.248269,5.6820383,1.7746289
5.461365,8.111197,-1.2061952
5.924996,10.513091,-4.821477
4.239181,12.614837,-7.904672
-0.026216231,14.132872,-9.5518675
-6.853065,14.807356,-9.470673
-15.271476,14.510403,-7.984424
-23.383146,13.301973,-5.7507877
-29.042208,11.3793745,-3.4077232
-30.77582,9.005504,-1.3524771
-28.346653,6.5329905,0.27309343
-22.675089,4.5112376,1.4620926
-15.321876,3.7050855,2.2178674
-7.947452,4.857425,2.512929
-1.9884864,8.23568,2.3311372
1.5120609,13.244591,1.7335377
2.0813794,18.432512,0.89156723
-0.011025382,21.989918,0.07333171
-3.7834976,22.50092,-0.39979187
-7.91386,19.527174,-0.21343847
-11.308183,13.718023,0.8547236
-13.502231,6.450905,2.8215585
-14.623163,-0.72972953,5.396179
-14.986733,-6.564934,7.9735312
-14.694271,-10.275732,9.795224
-13.560824,-11.547456,10.255001
-11.39143,-10.435825,9.205308
-8.32082,-7.2804284,7.0734177
-4.904274,-2.6303287,4.6830225
-1.8874192,2.8373158,2.8596325
0.14800875,8.391444,2.047404
0.99681884,13.280589,2.1626432
0.79016995,16.735542,2.7471788
-0.1982892,18.019608,3.2818654
-1.7113657,16.60887,3.4316642
-3.516087,12.481251,3.0835054
-5.2879744,6.3485174,2.2250595
-6.5022593,-0.38564712,0.8364562
-6.470403,-6.0335984,-1.0750682
-4.5795536,-9.2494755,-3.3319457
-0.65811044,-9.5448265,-5.5019016
4.7374105,-7.401644,-7.0131574
10.350866,-3.9379253,-7.437232
14.670197,-0.3649155,-6.739289
16.616753,2.420712,-5.290318
16.084932,3.9212954,-3.6136582
13.961554,3.8927133,-2.0563984
11.573988,2.232215,-0.64414823
9.921913,-0.9240106,0.7723079
9.215889,-4.9797196,2.2161717
9.015279,-8.815321,3.3994205
8.79549,-11.096777,3.8262625
8.455765,-10.875161,3.1165297
8.367162,-8.115695,1.3013605
8.97268,-3.7808833,-1.1267221
10.329042,0.6237769,-3.430684
12.005028,3.7702792,-4.9499836
13.421467,5.065741,-5.3346677
14.332702,4.7710896,-4.6126857
15.036303,3.716371,-3.1262634
16.134,2.8605325,-1.3949063
18.034468,2.9262292,0.0750691
20.582804,4.1859684,1.0074683
23.085293,6.3739657,1.4953736
24.69011,8.727855,1.9180901
24.83558,10.223792,2.6077619
23.462805,10.009727,3.4700778
20.892302,7.863002,3.8960829
17.514967,4.3768334,3.1422353
13.560793,0.69188976,0.96697664
9.114343,-2.0989718,-1.9806685
4.3283787,-3.4845288,-4.412828
-0.37975964,-3.654507,-5.196763
-4.346379,-3.1721752,-4.1190314
-6.90147,-2.5006857,-2.0225062
-7.636883,-1.7423829,-0.20357539
-6.4811068,-0.70934457,0.4491734
-3.5453815,0.8457452,-0.09148585
1.0548353,3.0752256,-1.2273482
7.143584,6.0174055,-2.3422241
14.15321,9.584156,-3.1929238
20.80209,13.454257,-3.7829962
25.187332,16.977129,-3.9634645
25.454245,19.310137,-3.2732756
20.748005,19.848457,-1.2691247
11.853417,18.67636,1.9337068
1.0553545,16.61868,5.455123
-8.764316,14.723968,8.056987
-15.295585,13.501644,8.883358
-17.60149,12.521971,7.933176
-16.191393,10.7619705,5.885806
-12.454462,7.485014,3.4614067
-7.8581085,2.9759665,0.8853055
-3.3518655,-1.467323,-2.1027489
0.77248067,-4.3089204,-5.758359
4.583245,-4.740535,-9.837732
8.022203,-3.1313233,-13.542135
10.586587,-0.67714995,-15.938239
11.457138,1.4274321,-16.50098
10.064885,2.6636832,-15.378786
6.7291627,3.273273,-13.256392
2.8309166,3.803192,-10.992114
0.2208157,4.5384483,-9.280928
0.11788105,5.260516,-8.457251
2.2267137,5.4660387,-8.413617
4.7621627,4.8274345,-8.619508
5.4659476,3.5222142,-8.305854
2.9658735,2.1722236,-6.8540807
-2.4420717,1.4110824,-4.244229
-9.078744,1.3556412,-1.2482241
-14.940131,1.3453904,0.87198025
-18.732927,0.17814107,1.0663917
-20.243042,-3.2254817,-0.83747846
-19.998728,-9.088584,-3.9770021
-18.696016,-16.434202,-6.934903
-16.86841,-23.39721,-8.531195
-14.90152,-28.06242,-8.396493
-13.145049,-29.350914,-6.9972396
-11.876482,-27.425861,-5.197682
-11.143544,-23.394651,-3.726558
-10.714257,-18.545216,-2.8782098
-10.269023,-13.646115,-2.5225987
-9.69369,-8.755324,-2.28533
-9.187579,-3.5940597,-1.7420491
-9.055817,1.8567438,-0.58328825
-9.363447,7.0024395,1.2288418
-9.7810545,10.7720375,3.3474736
-9.791999,12.131275,5.087483
-9.107159,10.619068,5.706581
-7.9437184,6.590576,4.8184695
-6.935276,1.0813261,2.6768878
-6.7405434,-4.568273,0.10400494
-7.6430187,-9.118478,-1.9263502
-9.411172,-11.731125,-2.7853732
-11.469435,-12.131448,-2.44478
-13.212819,-10.626261,-1.3620803
-14.242027,-7.9507704,-0.14161605
-14.4071455,-4.932656,0.7539383
-13.709801,-2.0693152,1.0744777
-12.202233,0.7559343,0.6923766
-9.991326,4.1821613,-0.46212637
-7.345709,8.855367,-2.3248851
-4.7948,14.742619,-4.5539126
-3.0753698,20.72704,-6.5064898
-2.8594203,24.842896,-7.4538145
-4.3578405,25.137442,-6.946788
-7.039575,20.723211,-5.090905
-9.715386,12.408996,-2.51995
-11.054436,2.5128613,-0.06082878
-10.31309,-6.0633497,1.7008289
-7.851776,-10.997539,2.6782258
-5.0711355,-11.353436,3.2168374
-3.722533,-7.698965,3.7773848
-4.9480796,-1.6203272,4.5933757
-8.6094675,5.00286,5.5147867
-13.316636,10.5882635,6.103238
-17.148914,14.130321,5.8837233
-18.642992,15.20778,4.590024
-17.474117,13.860068,2.2863424
-14.465515,10.453604,-0.65505946
-10.9782505,5.592758,-3.670343
-8.09044,0.07536344,-6.1548266
-6.061694,-5.1458254,-7.612501
-4.3693633,-9.063178,-7.783925
-2.246935,-10.835561,-6.7231874
0.6342235,-10.110031,-4.7861047
3.7683375,-7.294095,-2.5139072
5.96163,-3.559921,-0.44734418
5.9682965,-0.4588475,1.0520242
3.2743037,0.7312894,1.9002295
-1.4268577,-0.41848394,2.28307
-6.38829,-3.3395476,2.566592
-9.58136,-6.8395042,3.1660187
-9.706545,-9.755863,4.3972783
-6.8837094,-11.478743,6.3271856
-2.6036472,-12.057388,8.665915
1.0637057,-11.91315,10.783317
2.5642545,-11.42775,11.915684
1.6313183,-10.694372,11.527938
-0.68684226,-9.545006,9.659122
-2.6986568,-7.7713675,7.021591
-2.9866722,-5.375922,4.7298317
-1.0352856,-2.725213,3.7647514
2.700529,-0.5430097,4.4772496
7.1699786,0.278254,6.4408264
11.211367,-0.9757486,8.748166
13.877252,-4.4503326,10.553564
14.551411,-9.49653,11.504663
12.968899,-14.808737,11.800949
9.237595,-18.938337,11.890326
3.8492324,-20.934124,12.062253
-2.387133,-20.728561,12.237726
-8.49657,-19.029638,12.078677
-13.494633,-16.81472,11.29347
-16.47606,-14.796249,9.889904
-16.672077,-13.21445,8.200775
-13.594045,-12.021187,6.6976986
-7.3099365,-11.201497,5.755606
1.2912616,-10.904383,5.52832
10.516417,-11.273951,5.9726844
18.326265,-12.175558,6.936542
23.08783,-13.121054,8.207628
24.20834,-13.517187,9.504717
22.253,-13.06083,10.483265
18.46863,-11.956891,10.82887
14.030391,-10.769749,10.416865
9.501998,-10.01438,9.417334
4.8272967,-9.79479,8.227396
-0.20841199,-9.746868,7.2351384
-5.417993,-9.30367,6.566261
-9.962719,-8.079517,6.004517
-12.5965805,-6.123974,5.1614137
-12.267931,-3.919329,3.7837873
-8.726503,-2.1565943,1.9807307
-2.7812538,-1.4147215,0.21206468
3.953427,-1.8770638,-0.9429247
9.709596,-3.1999905,-1.0710226
13.286709,-4.619426,-0.092721
14.473665,-5.303306,1.7445841
13.969666,-4.8126917,3.9836364
12.883639,-3.4015028,6.0936456
12.122627,-1.9075303,7.592738
12.015084,-1.2257675,8.172469
12.338319,-1.6764075,7.8134437
12.656066,-2.7235603,6.814777
12.699815,-3.2993467,5.6562476
12.545467,-2.5490167,4.7200155
12.505273,-0.47161636,4.0424786
12.842822,2.0187106,3.3017943
13.509923,3.6574056,2.1014578
14.067717,3.596438,0.37559155
13.838455,1.8207409,-1.3904206
12.212117,-1.0261981,-2.3300784
8.958043,-4.1683087,-1.6861423
4.3913856,-7.098104,0.6949713
-0.6849193,-9.567248,4.2023225
-5.231459,-11.3014555,7.7456884
-8.294088,-11.832037,10.295567
-9.255677,-10.700616,11.327621
-7.942734,-7.9023833,10.915911
-4.6067405,-4.158098,9.484389
0.15026462,-0.70624465,7.4579363
5.4623995,1.3012327,5.0847125
10.314796,1.38128,2.5226817
13.72242,-0.12440886,0.046416797
14.960671,-2.3835588,-1.8709565
13.766206,-4.5941386,-2.729345
10.41051,-6.2992682,-2.3183994
