time,magnitude
0.0,-0.5570406791165438
0.01,-0.315465416868895
0.02,-0.47103009178712246
0.03,-0.2739979093705689
0.04,-0.10707515535559438
0.05,0.4185772431656922
0.06,-0.16057951935285122
0.07,-0.7928128533847963
0.08,0.5700339232475802
0.09,-0.4185450668075198
0.1,-0.02936021355231436
0.11,0.22326825347035575
0.12,0.0998052092013914
0.13,0.5470897737607378
0.14,0.23950157169637945
0.15,-0.430654789848554
0.16,1.089281086995831
0.17,0.09716673166911662
0.18,-0.07367011331075311
0.19,0.48196271152778547
0.2,0.12472547296503611
0.21,0.19961409646966355
0.22,1.2460919993003434
0.23,-0.13756071412752333
0.24,-0.1588804470086979
0.25,0.0582892560062319
0.26,0.5357579677905193
0.27,-0.7532670150951996
0.28,-0.9827779457382526
0.29,-0.2935576353100738
0.3,-0.8169614795296436
0.31,-0.21241567376281922
0.32,0.2512498480646451
0.33,-0.4453744317761318
0.34,-0.7134132883906712
0.35000000000000003,0.034668580857673985
0.36,0.43127174230758514
0.37,-0.8474867192583063
0.38,0.4101161991529921
0.39,0.4086531018691631
0.4,0.477042551078314
0.41000000000000003,0.6092401074358432
0.42,1.101006962329808
0.43,-0.1780460243095276
0.44,0.054785790038929055
0.45,-0.20821921662401277
0.46,0.0009884223779053878
0.47000000000000003,0.7664366778181559
0.48,-0.6725072419653344
0.49,-0.43052483608278774
0.5,0.6885904682522807
0.51,0.5100182534510449
0.52,-0.181565823408539
0.53,0.4272010005603599
0.54,0.17060792124601662
0.55,0.750137304500494
0.56,0.03725479691338631
0.5700000000000001,0.5128160569362912
0.58,1.32100595524631
0.59,0.2990495775237331
0.6,0.02466408289742181
0.61,0.3612234926104897
0.62,-0.18264042910194245
0.63,1.193983852762366
0.64,0.09003551884799074
0.65,-0.13646666011275643
0.66,-0.4178445025100181
0.67,0.5486100958032192
0.68,0.4335937064138694
0.6900000000000001,-0.2486771857070466
0.7000000000000001,0.28822567256121134
0.71,-0.7542779841064282
0.72,0.09248528753657813
0.73,0.22637817603834726
0.74,0.8536649047796114
0.75,-0.3854094013643447
0.76,-0.6391763144011622
0.77,-0.44771398046252087
0.78,-0.66828425015746
0.79,0.6683286788794915
0.8,0.7743196475120183
0.81,0.16010828897441445
0.8200000000000001,0.610647472842574
0.8300000000000001,0.06697919029011766
0.84,-0.047555823850383004
0.85,-0.16651880952688083
0.86,-0.15519549568878274
0.87,-0.7739007781545156
0.88,0.13212738180366954
0.89,-0.020166955107021878
0.9,0.3726803620389379
0.91,0.04676174821930485
0.92,-0.08135185078454589
0.93,-0.43559651500381535
0.9400000000000001,0.03607661841088066
0.9500000000000001,0.369118615408081
0.96,-0.5716694955419304
0.97,0.04373687684036962
0.98,0.11652147576474196
0.99,-0.35903239180913216
1.0,-0.2939281524540001
1.01,0.11530542438310722
1.02,-0.5667105091463115
1.03,0.17496185762469627
1.04,-0.4476771868296
1.05,0.5314268465166082
1.06,1.16891387269415
1.07,-0.43037840085090984
1.08,0.26710393118733733
1.09,-0.36337095244100964
1.1,0.5204770868988947
1.11,-0.6326292045426075
1.12,0.24029337921385632
1.1300000000000001,-0.43649448344467634
1.1400000000000001,-0.10349229454918438
1.1500000000000001,-0.5155126375736535
1.16,0.4111752354478768
1.17,-0.4184901772197935
1.18,0.2759821296659138
1.19,-0.17204901413116647
1.2,-0.05723618589943147
1.21,0.07387795370006427
1.22,-0.38091233582942435
1.23,0.10518355677044346
1.24,0.7651672821772055
1.25,-0.38904739291635715
1.26,0.5859050716369224
1.27,0.7490488167438921
1.28,-0.408077494514022
1.29,-0.727527302545276
1.3,0.15098045008588235
1.31,-0.2737037613834365
1.32,0.9343016095815012
1.33,0.0174037702499161
1.34,-0.4010997040175896
1.35,-0.5735797555058557
1.36,0.5449524795454151
1.37,-0.28559198704209326
1.3800000000000001,0.02191439973021413
1.3900000000000001,0.47790137255624043
1.4000000000000001,-0.2421291759654151
1.41,-0.02296441437008032
1.42,-0.008284204911260038
1.43,0.34166225575804593
1.44,0.2953721677551629
1.45,-0.11005686562741426
1.46,0.031824530748258854
1.47,-0.1858895057617442
1.48,-0.7388062034597224
1.49,0.1288004286990647
1.5,0.9460958804165339
1.51,-0.4418595703455314
1.52,-0.3865148548013515
1.53,-0.4353638858218707
1.54,0.36229588936156126
1.55,0.22424272709822005
1.56,-0.07926884620822836
1.57,-0.4590095308194825
1.58,0.04618839581996215
1.59,-0.7823110636679022
1.6,0.07171328342874661
1.61,0.43576219304396707
1.62,-0.6255995683168389
1.6300000000000001,-0.7662591384148318
1.6400000000000001,0.7897189458474297
1.6500000000000001,-0.30587981975229245
1.6600000000000001,0.567973922971911
1.67,-0.07699883259891585
1.68,-0.08097740847066373
1.69,0.21920634974832262
1.7,-0.4419994283732203
1.71,0.06624857174782277
1.72,-0.19074470741204638
1.73,-0.6602467217025157
1.74,0.16874103736319954
1.75,-0.13165390343895808
1.76,-0.0785124142223539
1.77,-0.6050804717070789
1.78,0.7957001838814021
1.79,0.43835709319305804
1.8,0.4820779420859893
1.81,-0.152722351220841
1.82,-0.8645914447517101
1.83,0.9764586912447554
1.84,-0.030548754002934067
1.85,-0.3743998980100269
1.86,0.20840078724155695
1.87,0.5835603940016487
1.8800000000000001,-0.011525278042733096
1.8900000000000001,0.6392875839696872
1.9000000000000001,0.5414999692584342
1.9100000000000001,-0.5381905937010292
1.92,-0.3368950528297382
1.93,0.47876858163988373
1.94,-1.356306281905219
1.95,-0.07472784658249439
1.96,-0.7154156008123359
1.97,-0.23827690071676233
1.98,-0.14941004451460208
1.99,-0.17912218895375398
2.0,-0.2761306260563043
2.0100000000000002,-0.548571824814407
2.02,1.145955633409343
2.0300000000000002,0.9337310020806754
2.04,-0.5810329101281415
2.05,0.7910583756517836
2.06,-0.19973274523642645
2.07,0.06459373666585523
2.08,-0.03163697994845793
2.09,-0.3298743206269829
2.1,0.49192617180307335
2.11,0.0629432652883289
2.12,-0.2382757116096207
2.13,-0.6522947219002363
2.14,-0.4467975068595602
2.15,-0.8206900578010484
2.16,0.006111774207584733
2.17,-0.5983327961421979
2.18,-0.13278025625927062
2.19,0.6850509268051854
2.2,0.5996497864607928
2.21,-0.016138447051308905
2.22,-0.04354236307157496
2.23,0.939937274710504
2.24,0.2603780601793556
2.25,-0.16390322993826145
2.2600000000000002,-0.713009058560226
2.27,0.19693660908237162
2.2800000000000002,0.4146618862914312
2.29,-0.31582576225682196
2.3000000000000003,0.14560137756901625
2.31,-0.18178664745751455
2.32,-0.09201619959950136
2.33,-1.2439110287811657
2.34,-0.11089070185806775
2.35,0.48468465120402715
2.36,-0.3157012777832791
2.37,0.02626318410765813
2.38,-0.3779753533459602
2.39,0.18022083814638645
2.4,-0.1082615987680868
2.41,-0.4696207703410034
2.42,0.6662757338325639
2.43,0.46446600676610755
2.44,-0.3024533819640874
2.45,0.2488941547088887
2.46,0.26870600141019035
2.47,0.321150617505588
2.48,-0.8471279479975389
2.49,0.503303270516314
2.5,-0.2848494814628657
2.5100000000000002,-0.17891396672063345
2.52,1.3189408761301
2.5300000000000002,0.1509366903605059
2.54,-0.19316123772358776
2.5500000000000003,-1.102647186377953
2.56,0.6948820669731778
2.57,-0.6726048354043013
2.58,-0.5017194517497517
2.59,-0.1656761495439246
2.6,0.7082058958501463
2.61,0.3866199933328796
2.62,-0.07891875492012998
2.63,0.1541460318194105
2.64,-0.3001928464355529
2.65,0.06982684478267541
2.66,0.03666837238906834
2.67,0.48438494784067665
2.68,0.48358906121947476
2.69,0.2469886911028224
2.7,-0.18117377877305113
2.71,0.3709111471950633
2.72,-0.0459842331015233
2.73,-0.5409571843565665
2.74,-0.20164389595546933
2.75,0.04226349189216227
2.7600000000000002,0.45510789183237266
2.77,-0.09176408607857653
2.7800000000000002,-0.604599355619803
2.79,0.028370841648409705
2.8000000000000003,0.05672802002827619
2.81,0.09291881445137652
2.82,0.4599357579772151
2.83,0.5094616200449492
2.84,-0.2971054361908333
2.85,-0.3080717290244717
2.86,-0.5200993554777366
2.87,0.34940783514023815
2.88,0.7244100541688577
2.89,-0.1575409639544617
2.9,-0.12071528236249655
2.91,0.733391278449488
2.92,0.25277892660750384
2.93,0.21811785240052753
2.94,-0.5954582529868634
2.95,0.3393640346397095
2.96,-0.4645681702548791
2.97,-0.5670100929674791
2.98,-0.17338578838335608
2.99,-0.2928963617243451
3.0,-0.11079984719251966
3.0100000000000002,-0.7204908172624593
3.02,0.47940815323383623
3.0300000000000002,0.5638431472582145
3.04,-0.9736712370704071
3.0500000000000003,0.4892289028332751
3.06,-0.40526431491081316
3.0700000000000003,0.42848776849139303
3.08,-0.03422324633320782
3.09,0.014387782040499293
3.1,-0.09254882471060935
3.11,0.6060646021167431
3.12,-0.6197940062625141
3.13,0.30392016936750427
3.14,0.5506650824447752
3.15,0.3581700402702053
3.16,1.1623494571617088
3.17,-0.26447338136234944
3.18,0.4786524112967656
3.19,-0.05304531767071016
3.2,0.6167030381763348
3.21,-0.003844497860684737
3.22,-0.19393789093123479
3.23,0.6530361019358145
3.24,-0.245780969509465
3.25,-0.7063628794502781
3.2600000000000002,-0.25842344158691427
3.27,0.30951647329426624
3.2800000000000002,0.6960193757935457
3.29,0.055564687648256054
3.3000000000000003,0.6590985336170126
3.31,-0.6790874607387968
3.3200000000000003,-0.22163173240895145
3.33,-0.14428755857705058
3.34,-0.05727971373625983
3.35,0.042047194125098254
3.36,0.3454554786960964
3.37,-0.22240341908524514
3.38,0.0695143434765628
3.39,-0.022561445162025826
3.4,-0.46294495194557495
3.41,-0.056833344540717694
3.42,-0.07182976494855907
3.43,-0.08254028250152305
3.44,0.015879728290725374
3.45,0.037836770306693066
3.46,-0.21614758955366511
3.47,0.6363573669856324
3.48,-0.5847403146015083
3.49,-0.36048505423494814
3.5,1.389981812111778
3.5100000000000002,-0.518995677494615
3.52,-0.6768773373548793
3.5300000000000002,0.3672383725006089
3.54,-1.038559926886937
3.5500000000000003,-0.11763695498621946
3.56,1.0729124625382442
3.5700000000000003,-0.7724679610767002
3.58,-0.9909822428693567
3.59,-0.7495906009788491
3.6,0.4491797841734928
3.61,0.5623883599929063
3.62,-0.2562943984892544
3.63,0.34160620200053443
3.64,0.6951276637559948
3.65,0.8936732072149127
3.66,-0.12316764058992409
3.67,-1.1507358588349934
3.68,-0.41043946120484337
3.69,-0.2134020974676288
3.7,-0.1294693982891953
3.71,-0.09392970050435975
3.72,0.5594472989653346
3.73,0.6372142133437907
3.74,-0.08583682696239167
3.75,0.5492424380259093
3.7600000000000002,0.1788306833155447
3.77,0.03225298643128586
3.7800000000000002,0.4532720785549819
3.79,0.036126024118957906
3.8000000000000003,1.0289055885488811
3.81,-0.7192055833972796
3.8200000000000003,-0.25758544954600887
3.83,-0.06325944847697515
3.84,0.21972634522899528
3.85,0.6339802435515445
3.86,-0.012199283618078325
3.87,-0.7111148247531036
3.88,0.42125694822750215
3.89,0.3774793830709822
3.9,-0.970929329689703
3.91,-0.0019020668353996917
3.92,-0.795070915340149
3.93,-0.33232554875103126
3.94,-0.4514044634813999
3.95,0.4046323491209929
3.96,0.058415087086091895
3.97,-0.6427955003780138
3.98,0.44003298147867115
3.99,-0.7169029119642072
4.0,0.16505689523547182
4.01,-0.40700533464577787
4.0200000000000005,-0.18283854126525995
4.03,0.252135374019192
4.04,0.2607246995297645
4.05,0.6684845367779801
4.0600000000000005,-0.041126849835726585
4.07,0.15322543148167034
4.08,-0.2188686612021623
4.09,0.09099494131139882
4.1,0.21974302400425585
4.11,-0.04915492372718801
4.12,-0.9018752420462481
4.13,0.16573544816544766
4.14,0.1822807386777285
4.15,-0.34008673817397544
4.16,-0.6421935180362571
4.17,0.7379395752519827
4.18,0.245722755447201
4.19,-0.11454051546085485
4.2,-0.5685164415737437
4.21,-0.41090741421067295
4.22,0.6512951983931158
4.23,0.06883097043402304
4.24,-0.2752935335003533
4.25,0.2548446156123281
4.26,-0.4071990937231619
4.2700000000000005,0.7504215151401892
4.28,0.6764002674483626
4.29,-0.2332870356013883
4.3,-0.3143351235154302
4.3100000000000005,-1.30906659934614
4.32,-0.740790385775684
4.33,-0.6697348874788781
4.34,0.06759517049369294
4.3500000000000005,-0.1631168522206798
4.36,-0.6726677437076207
4.37,-0.14058202123227864
4.38,0.25266857382367425
4.39,0.26391967495779356
4.4,-0.9498351404294406
4.41,-0.06413174024191541
4.42,-0.6916703884858052
4.43,0.45086434857013696
4.44,0.39207320817674923
4.45,-0.4490136131622292
4.46,-0.38302260120019993
4.47,-0.23063352524915362
4.48,-1.1263966973656696
4.49,0.1679840867202883
4.5,-0.13642227317006536
4.51,0.48508754128392956
4.5200000000000005,-0.5492046089812763
4.53,-0.3095614741249658
4.54,-0.7532626290195577
4.55,-0.5021452817471266
4.5600000000000005,-0.5909909980341095
4.57,0.49798683942322286
4.58,-0.34913092437569615
4.59,0.062087842372306724
4.6000000000000005,-0.1903817019309022
4.61,-0.6347326330064065
4.62,-0.08415021158582135
4.63,0.29955166593179733
4.64,-0.6038796962716761
4.65,0.4045563953656894
4.66,-0.42486046073884814
4.67,-0.24149196303642037
4.68,0.2653415615050239
4.69,-0.331718078609744
4.7,0.018787429667932804
4.71,-0.15734541439404623
4.72,0.06468400335190926
4.73,-1.1903695527617486
4.74,-0.9148409076040415
4.75,0.3079835030234191
4.76,0.5185907028245251
4.7700000000000005,-0.45524335176576064
4.78,-0.12201417608556718
4.79,0.14735962645115078
4.8,0.3466088008293521
4.8100000000000005,-1.0138386358354243
4.82,-0.44302012348918857
4.83,-0.16628968992493748
4.84,0.35157009861802463
4.8500000000000005,1.2492152418607474
4.86,-0.11400286340485893
4.87,-0.7034887310519944
4.88,0.20113403860064902
4.89,0.660497894770355
4.9,0.05400706048975046
4.91,-0.4533242725771464
4.92,0.4789969707400095
4.93,0.3317728092492175
4.94,-0.5130404220978122
4.95,0.19071280876717098
4.96,0.4986327838294363
4.97,0.5909450212794468
4.98,-0.033224487654727984
4.99,-0.17903972308965943
5.0,0.6136369110406313
5.01,-0.6050802514904425
5.0200000000000005,0.2192896454605027
5.03,-0.6850133136822146
5.04,0.5326881361298014
5.05,-0.12902275780558076
5.0600000000000005,0.6342916178237347
5.07,0.2457063781777635
5.08,-0.611610115030965
5.09,0.7123138660386217
5.1000000000000005,0.7756226332138647
5.11,0.4411432462996078
5.12,-0.38079393251810995
5.13,-0.15300697717870443
5.14,0.0727136087028797
5.15,-0.35185519966571666
5.16,0.8461732862316024
5.17,0.07216323586301841
5.18,-1.3516740235536786
5.19,0.16967790637811017
5.2,-0.17407869840865658
5.21,-0.03746327805922394
5.22,-0.1843096828928498
5.23,0.40352320830334365
5.24,0.5598438892766906
5.25,0.14152658112932687
5.26,-0.16965559356907953
5.2700000000000005,-0.020668602404585127
5.28,0.009799808288814146
5.29,-0.4012150199324184
5.3,0.2894643242856174
5.3100000000000005,0.2300211619302331
5.32,0.7702206198883367
5.33,0.6276748901442375
5.34,-0.3428374587950651
5.3500000000000005,0.41014918725448235
5.36,-0.4754766915472358
5.37,0.34796605047042484
5.38,-0.2583070993800539
5.39,-0.5116266116877922
5.4,0.14002267134870222
5.41,-1.3372835640770704
5.42,-0.875487787202614
5.43,-0.08874594188714159
5.44,0.04122088331742123
5.45,-0.18465938507909443
5.46,-0.7897181493587994
5.47,-0.40894592106925276
5.48,0.19560466361869694
5.49,0.2908908853141813
5.5,-0.00811155879797062
5.51,0.5784168905184944
5.5200000000000005,0.19869851172961714
5.53,-0.3737278269791061
5.54,-0.1402510267058087
5.55,-0.7014330786039273
5.5600000000000005,-0.054069495195708375
5.57,0.5560503096106693
5.58,0.34264504235548393
5.59,0.701004662959561
5.6000000000000005,-0.15144262189949656
5.61,0.6730498972571288
5.62,-0.09665211322398494
5.63,0.735792541284947
5.64,-0.01092837372106184
5.65,0.35361568690213835
5.66,0.7375561821549278
5.67,-0.0967138142906028
5.68,0.10919449377208709
5.69,0.6444317126031511
5.7,-0.0665015819650318
5.71,-0.6604461412530805
5.72,1.071503527292455
5.73,-0.2348822321685684
5.74,0.07937802546877142
5.75,0.5780033347255635
5.76,-0.3042469518656009
5.7700000000000005,-0.5039339566110651
5.78,0.12686864838741657
5.79,-0.8965381989561948
5.8,-0.14395303843396012
5.8100000000000005,0.12251933215770296
5.82,-0.13497594841258206
5.83,-0.7717254715928735
5.84,0.7970889781020061
5.8500000000000005,0.05176907697458769
5.86,0.7155760588808705
5.87,-0.13001812509022237
5.88,-0.44000599084538194
5.89,0.13459046012757994
5.9,-0.10789356316410981
5.91,-0.588880728995679
5.92,0.7348921293937478
5.93,-0.311135111446998
5.94,-0.9201331923977842
5.95,0.6640830269786664
5.96,-0.2521490079063116
5.97,-0.30391194630781215
5.98,-0.882693793514987
5.99,0.8704707432984954
6.0,-0.6447402936048438
6.01,0.029224740352824945
6.0200000000000005,0.4563101612702202
6.03,0.2108584665015485
6.04,-0.0298271559960958
6.05,-0.8508329291437081
6.0600000000000005,-0.40486241788364197
6.07,0.09390016902126101
6.08,-0.3935870349934982
6.09,0.10167972999938386
6.1000000000000005,0.34087170440757086
6.11,0.48125144290005084
6.12,-0.6130896789063417
6.13,1.098323027489477
6.140000000000001,0.3837396722770653
6.15,-0.0008570768345319786
6.16,0.5447682915383203
6.17,1.1827038859999868
6.18,-0.7193600505284348
6.19,-0.1126313212456768
6.2,-1.1892158299366642
6.21,0.09632576632401234
6.22,0.18269712096257038
6.23,-0.019581057721379715
6.24,-0.32726678549915494
6.25,-1.0247572580941626
6.26,0.18676684170588434
6.2700000000000005,0.7277172419576625
6.28,-0.295509227866716
6.29,0.2200299645115725
6.3,-0.7840721567100253
6.3100000000000005,0.22860653184625693
6.32,-0.19669114887232853
6.33,-0.3812089753014572
6.34,-0.38018182060806527
6.3500000000000005,-0.19680579101650497
6.36,0.1912166578462677
6.37,-0.6560816005977589
6.38,-0.19855766578392642
6.390000000000001,-0.020735888999573834
6.4,-0.5495196122659296
6.41,0.8983326008375085
6.42,-0.4267477400306708
6.43,-0.3347184568167452
6.44,-0.48915397491124896
6.45,0.8992400435690587
6.46,0.2764526142997408
6.47,-0.46829600312182107
6.48,0.5531157794299844
6.49,0.10034934714443915
6.5,0.12862671055575084
6.51,-0.17223860437622635
6.5200000000000005,-0.37470799347848666
6.53,0.16888304952730068
6.54,-0.27254361499779517
6.55,0.9083778147875523
6.5600000000000005,-0.6346455526215521
6.57,0.7680783864274726
6.58,-0.05565942439890034
6.59,0.14954286701055294
6.6000000000000005,0.4165788833147173
6.61,-0.31512464750221814
6.62,0.43212419234931826
6.63,-1.3537719276905886
6.640000000000001,-0.3599947666109696
6.65,-0.4620314036705327
6.66,-0.6267530061858808
6.67,-0.10747741903947557
6.68,0.1928749840908474
6.69,0.3513299992496529
6.7,0.1204383786002038
6.71,-0.33284673244677343
6.72,0.18450821891258357
6.73,0.062142847425425356
6.74,0.4680280839680081
6.75,0.3884683514657583
6.76,0.015238206960314435
6.7700000000000005,-0.4486265030806284
6.78,-0.3264750779160404
6.79,-0.27489467981901666
6.8,-0.15763316695812787
6.8100000000000005,0.13402521379487664
6.82,0.3575871950640292
6.83,-0.02555934650768883
6.84,0.008062393950236219
6.8500000000000005,0.07165315250000186
6.86,-0.25795265656617
6.87,-0.46269612882147804
6.88,-0.8777189486553549
6.890000000000001,-0.3475746790384362
6.9,0.23657272663389348
6.91,-0.35145571901978373
6.92,-0.11890351871296985
6.93,0.23321564370615847
6.94,0.26034474821133435
6.95,-0.5397664260830195
6.96,0.4985296782268207
6.97,0.5636750446777427
6.98,-0.5649249286092799
6.99,-0.41191843482057705
7.0,0.5955453415730958
7.01,-0.07342676062765044
7.0200000000000005,-1.1098889737259254
7.03,-0.6998407523663431
7.04,-0.12468481258624062
7.05,-0.5815213251423009
7.0600000000000005,-0.20671188531822068
7.07,0.016198106841789364
7.08,0.7311273020173644
7.09,-0.14522695811389452
7.1000000000000005,0.5362708997863794
7.11,0.7143800810183852
7.12,0.717154834676038
7.13,0.14237729669278412
7.140000000000001,-0.9816445739194871
7.15,0.23041243270193265
7.16,0.5241999439067705
7.17,-0.04053355271770857
7.18,0.8722919350376243
7.19,0.42991678073372885
7.2,0.2841366885763921
7.21,0.543190355602919
7.22,0.16668492563043905
7.23,-1.2464052496976767
7.24,-0.24956947573518282
7.25,0.5985840136239268
7.26,-0.403795670049148
7.2700000000000005,-0.11173625261846958
7.28,-0.5224181569515356
7.29,0.8919612976008845
7.3,0.8407462287090077
7.3100000000000005,-0.44193444757036465
7.32,0.073649000194542
7.33,-0.3402470238820238
7.34,0.30747231951568904
7.3500000000000005,0.2548415386211645
7.36,0.40585278580663275
7.37,0.16595922385394365
7.38,1.467703103194234
7.390000000000001,-0.5139618825053694
7.4,-0.8553016772182571
7.41,-0.19654510035073075
7.42,-0.7839941327801337
7.43,-0.7462311350029964
7.44,-0.5006573270989835
7.45,-0.46109445271581373
7.46,-0.47730905097503007
7.47,0.2591094752227058
7.48,-0.25309453054266806
7.49,-0.08975728743624008
7.5,0.44711638725046743
7.51,-0.38316126239071313
7.5200000000000005,-0.13227294935236109
7.53,0.18287999304645777
7.54,-0.9707839003101106
7.55,-1.1924527544752912
7.5600000000000005,0.17305866439886136
7.57,0.24600714028344928
7.58,1.0321100674262054
7.59,0.07904743793340496
7.6000000000000005,0.4098698586290474
7.61,-0.09773632179298691
7.62,0.14861361079254318
7.63,0.833628420874767
7.640000000000001,-1.0619964090628178
7.65,0.20680812878584026
7.66,1.067793365038683
7.67,0.14101710960467126
7.68,0.8252864816164239
7.69,-0.3146060747647212
7.7,-0.016023747081856755
7.71,0.016762351194293763
7.72,-1.1087955396793854
7.73,-0.5840889139251001
7.74,-0.548437539691993
7.75,0.4110330390162637
7.76,0.4360765528420275
7.7700000000000005,0.16201822135326666
7.78,0.4120514484278529
7.79,-0.08207470636088697
7.8,0.6009658347697716
7.8100000000000005,0.00439422131603591
7.82,0.028932023713378236
7.83,-0.1327963166312057
7.84,0.34222523881821393
7.8500000000000005,-0.2105994083064566
7.86,0.4882156885990341
7.87,-0.5660745703580033
7.88,-0.5494581273640969
7.890000000000001,0.3437133775632521
7.9,-0.04427210729150635
7.91,-0.22694570807656417
7.92,0.44502886623772986
7.930000000000001,-0.30363070704304224
7.94,-0.10010062715018492
7.95,0.6996139750355796
7.96,0.7695711729053252
7.97,0.7861991051351636
7.98,-0.14106288846695564
7.99,0.6153514524922351
8.0,-0.4744764138843391
8.01,-0.4534514373610305
8.02,-1.1752279263121805
8.03,0.836434100949265
8.040000000000001,-0.43198992453803914
8.05,-0.06326628987352999
8.06,-0.45516217096414197
8.07,0.34758262416507024
8.08,-0.18781683035867008
8.09,-0.6524084452164747
8.1,0.22083128209303032
8.11,-0.7168650124051142
8.120000000000001,-0.41870286265774564
8.13,-1.0534445573130404
8.14,-0.7119790560988034
8.15,0.08926458486023893
8.16,-0.9822680190514623
8.17,-0.7405728623108578
8.18,-0.0011844580664040283
8.19,-0.2718034480465263
8.2,0.9960183179796545
8.21,0.9169482730121877
8.22,-0.4339612313755768
8.23,0.27856880920174093
8.24,0.37464127843972567
8.25,-0.2987394290122017
8.26,-0.7477707682491019
8.27,-0.006149224654028806
8.28,-0.08642283740705546
8.290000000000001,-0.2178822484853096
8.3,0.22115843408224262
8.31,-0.3753648035027994
8.32,-0.5759987737895715
8.33,0.05454148517491593
8.34,0.19298504628443794
8.35,-0.5883224719500265
8.36,0.46404530549554057
8.370000000000001,-0.885240568888039
8.38,-0.2890567293578217
8.39,-0.1290042680988045
8.4,-0.3181118563259649
8.41,-0.28253023677559624
8.42,0.935537241154057
8.43,-0.42544204451944934
8.44,1.220610861235957
8.45,0.21856338986552593
8.46,0.04602756865599599
8.47,0.23812017669383295
8.48,1.2649638746259761
8.49,-0.496796501965724
8.5,-0.5602089594681946
8.51,-0.3774330982859605
8.52,0.016071573482280447
8.53,-0.8628855624062867
8.540000000000001,0.011169619659304004
8.55,0.846773566706836
8.56,0.07570369531238878
8.57,-0.14634272948763846
8.58,-0.3090802243418137
8.59,0.44925585227578224
8.6,-0.4129163866190238
8.61,0.923197960299624
8.620000000000001,0.9666798738571786
8.63,0.12837539933089379
8.64,-0.00575754403832255
8.65,0.5153299041207797
8.66,0.5473992511136626
8.67,-0.40299586552970773
8.68,-0.263277566568351
8.69,-0.6611737173416478
8.700000000000001,0.20453246916702855
8.71,0.33331394172844536
8.72,-0.6749628189306365
8.73,-0.22759945240807955
8.74,-0.6736269587906746
8.75,-0.4493999051219188
8.76,0.27550853011314974
8.77,-0.3667410333391397
8.78,-0.15041297801614933
8.790000000000001,-0.8136558639736577
8.8,0.09349510486233215
8.81,-0.022136659922324414
8.82,-0.3644796250165811
8.83,-0.09450714884123708
8.84,0.0901474402517222
8.85,-0.40743407445467206
8.86,-0.7381312720008897
8.870000000000001,0.9027872163434076
8.88,-0.3166363523551363
8.89,-0.04838005159344466
8.9,0.5054198675101568
8.91,1.764527593785242
8.92,-0.6222432249444328
8.93,0.22491360686325496
8.94,-0.35377614264705315
8.950000000000001,-0.2693951522883554
8.96,-0.36010601050339497
8.97,-0.5628274839002925
8.98,-0.02064568089233072
8.99,-0.7372513435241178
9.0,0.47340378325593524
9.01,0.027501468016687312
9.02,0.21121748645071992
9.03,-0.23309430597311145
9.040000000000001,-0.18360196710587415
9.05,0.14378195258366405
9.06,-0.5820253162029128
9.07,-0.17899521720666792
9.08,-0.42980675693922704
9.09,-0.44528440529550717
9.1,-1.0549191203128208
9.11,0.6696632947399999
9.120000000000001,-0.34326937657688444
9.13,0.5816880275817751
9.14,0.5343961606971461
9.15,-0.6429998532582468
9.16,-0.5442056178364229
9.17,1.280251479677842
9.18,0.8754629709635717
9.19,-0.015759256664052076
9.200000000000001,0.1286865532086747
9.21,-0.3154232014735944
9.22,0.21617635710016997
9.23,-0.3585909503612357
9.24,-1.0161768821491923
9.25,-0.6607778932555255
9.26,0.010546373925293622
9.27,-0.5655336177512938
9.28,-0.03363873245676727
9.290000000000001,-0.5373305197164315
9.3,-0.39117696125099677
9.31,0.4265826532065959
9.32,0.12374027382005233
9.33,-0.004832210656673594
9.34,0.4394819865353256
9.35,0.24030429667367367
9.36,0.7232816456256838
9.370000000000001,-0.2299296311575701
9.38,-0.21481748926375435
9.39,-0.6505546331956726
9.4,-0.21449035868620986
9.41,0.4823849471512228
9.42,0.649993686131067
9.43,0.480152584043334
9.44,-0.8970959332747181
9.450000000000001,0.5415726063303672
9.46,-0.9192593116360354
9.47,0.44905866206117373
9.48,-0.1838922632855276
9.49,0.3512666569669278
9.5,-0.666224173947283
9.51,0.5855838163530733
9.52,-0.7324873730524445
9.53,-0.3342274554265888
9.540000000000001,-0.4990473138845176
9.55,-0.8771424264112495
9.56,0.04726378379423418
9.57,0.9030445589184807
9.58,1.3334526111600045
9.59,0.04857789354312388
9.6,0.5583406375337612
9.61,0.1160473189642686
9.620000000000001,0.24944159738410637
9.63,-0.17107432556361943
9.64,0.09753846271130107
9.65,0.2687393523032143
9.66,-0.2892298644381657
9.67,-0.03874714994649396
9.68,-0.02921505949874412
9.69,0.4132016586652623
9.700000000000001,-0.5330160858138403
9.71,-0.025771104303825777
9.72,0.9560027345263488
9.73,0.5820300762929688
9.74,0.6745895244443526
9.75,0.01221592008901708
9.76,0.16049878184301158
9.77,0.5011180833514627
9.78,0.7801277647654654
9.790000000000001,-0.9758014564414433
9.8,-0.6577206535249228
9.81,0.6547220507013239
9.82,-0.1384446778844018
9.83,-0.33586039462903866
9.84,-0.6270804934978019
9.85,-0.2775083507720547
9.86,-0.7011846417119124
9.870000000000001,1.0455471363662385
9.88,-0.011218025990286744
9.89,-0.028975270881358785
9.9,0.2940383375839159
9.91,0.4811725846332848
9.92,0.47294407827731966
9.93,0.5368109719537858
9.94,-0.3154227753954282
9.950000000000001,-0.14893340247843062
9.96,0.38451582772113774
9.97,-0.26369453081981
9.98,-0.002553316013612511
9.99,0.19938188221240713
10.0,0.3925925411551881
10.01,0.0852579264289498
10.02,2.200010963013476
10.03,2.394637405861723
10.040000000000001,3.261929653250182
10.05,3.378219325197424
10.06,3.551277510524751
10.07,2.8838985558299965
10.08,2.101128010416369
10.09,1.2156189304253213
10.1,-0.3480942784342284
10.11,-1.4117496355928005
10.120000000000001,-1.7707631904302266
10.13,-2.3812795042486607
10.14,-3.14428659738914
10.15,-2.7057890934138573
10.16,-2.5290476681798832
10.17,-2.269604592299032
10.18,-0.3288680369258763
10.19,0.027599621265043874
10.200000000000001,1.0243541288494253
10.21,-0.8127461350999163
10.22,-0.27838938642168315
10.23,0.01631941834543571
10.24,0.568690548814457
10.25,0.19973468630109253
10.26,0.15523637709037572
10.27,-0.5636318962770736
10.28,-0.5784706986147357
10.290000000000001,0.16125233014495235
10.3,-0.6820529969091792
10.31,-0.2659388751446643
10.32,0.25045866454292876
10.33,-0.49116213613838794
10.34,0.8026779811809033
10.35,0.611968172118945
10.36,-0.7857099991691502
10.370000000000001,-0.4661856215909936
10.38,-1.142888622247475
10.39,-0.3912956812740666
10.4,0.3831942382861997
10.41,-0.20694747113742845
10.42,0.23039862180798373
10.43,-0.7611671591408721
10.44,0.39898762729095266
10.450000000000001,-0.2775546139641749
10.46,0.0060848411414525985
10.47,-0.046437250696526364
10.48,-0.6357742604461419
10.49,-0.5765421658698912
10.5,0.483897234501713
10.51,0.1994960787508478
10.52,0.5250245207767134
10.53,0.16232911775125916
10.540000000000001,0.07149531740460824
10.55,-0.8630053093333833
10.56,-0.13518334838058488
10.57,-0.013692160201872009
10.58,0.976553599136287
10.59,0.34347831604933865
10.6,0.7680305908547642
10.61,0.2987688529473641
10.620000000000001,-0.35565161347473967
10.63,0.05856210807492567
10.64,0.11811182313211652
10.65,-0.46957778488534085
10.66,-0.19219368829646058
10.67,-0.102883496838586
10.68,0.802809916282559
10.69,-1.0403702626954892
10.700000000000001,0.6029092103580216
10.71,-0.4683976174796914
10.72,-0.686039593634807
10.73,0.589971065019232
10.74,0.3659490346171905
10.75,0.627259351190595
10.76,0.4003509737727884
10.77,1.029922500868701
10.78,0.2793619184722427
10.790000000000001,-0.07823868806157924
10.8,0.17146318866067128
10.81,0.6217345641729818
10.82,-0.3896876626300585
10.83,-0.3259442912656904
10.84,-0.1544800072989537
10.85,-1.0522913993826661
10.86,0.06903920420877342
10.870000000000001,-0.9430643519755131
10.88,0.026529656466309517
10.89,0.4326448780676249
10.9,-0.23843823032191783
10.91,0.8385579350934355
10.92,-0.7302504497092439
10.93,0.5956303408159163
10.94,0.3375685282034604
10.950000000000001,-0.8580166241553445
10.96,1.3553971495202664
10.97,-0.03187264275198309
10.98,-0.43874201107781585
10.99,-0.7035435973920084
11.0,-0.11000901382983702
11.01,-0.06370343619497987
11.02,0.05132276426983221
11.03,-0.14889807811198008
11.040000000000001,0.31661265505754677
11.05,-0.19381491633162318
11.06,-0.9674820586202355
11.07,-0.0746807478248206
11.08,-1.183738826686639
11.09,0.17688531544569475
11.1,-0.4896501151413177
11.11,0.08168017745790024
11.120000000000001,0.6570374907623021
11.13,-0.47437434763400005
11.14,0.530628129256059
11.15,-0.2166947833430766
11.16,0.8765974010327927
11.17,-0.18257630659910667
11.18,-0.4202464927533457
11.19,0.3436192251976442
11.200000000000001,-0.21789486481181797
11.21,-0.42072475706450424
11.22,-0.23891992535189557
11.23,-0.022303266091500705
11.24,0.671090065622427
11.25,-0.9670438727297885
11.26,0.011540329475210337
11.27,0.3124517973270215
11.28,0.09672428749589805
11.290000000000001,0.6549325847167671
11.3,-0.03717266487926213
11.31,-0.09227572109297258
11.32,0.29616477350667164
11.33,0.04965690747567481
11.34,-0.1952043691402355
11.35,0.25807201979318983
11.36,-0.3262641466083226
11.370000000000001,-0.30558857600966355
11.38,-0.2639970108828068
11.39,0.6765345800832037
11.4,-1.6105081779928567
11.41,0.19779941738147117
11.42,0.017135907100111113
11.43,-0.8404352296190601
11.44,0.1548633895680011
11.450000000000001,0.237875995915766
11.46,0.2948196156787
11.47,-1.3259140315224744
11.48,0.6831947059272192
11.49,-0.36886835234242044
11.5,0.34328387337658806
11.51,0.370536890341143
11.52,-0.43834854280964647
11.53,0.33022997617577515
11.540000000000001,-0.1927466204561791
11.55,-1.0356885896690786
11.56,0.5838709627638895
11.57,-0.3875224815081199
11.58,-0.42724673136902713
11.59,-0.20153293401836106
11.6,0.13611836266369404
11.61,-0.028635205411051134
11.620000000000001,0.2740334623535852
11.63,-0.6697446832643295
11.64,-0.3711931852153673
11.65,-0.05799853616076678
11.66,0.9489436463293528
11.67,-0.05690626920687903
11.68,0.5426111318308158
11.69,0.019277584392158854
11.700000000000001,-0.24182931871878424
11.71,-0.12336221205722027
11.72,-0.08420985601444057
11.73,0.3018228694803693
11.74,0.6873056337882772
11.75,0.17984042384316054
11.76,0.5935388393708777
11.77,-0.4823948688148428
11.78,-0.2073152544070153
11.790000000000001,-0.3621512671038334
11.8,0.15722229543742627
11.81,-0.17947919258970688
11.82,0.3648864685170977
11.83,-0.46550085581622075
11.84,0.02151548666064072
11.85,0.34342895550612806
11.86,-1.0326513875203052
11.870000000000001,1.0608156536651017
11.88,-0.14157594243993785
11.89,-1.0125199568380865
11.9,0.07904694928839301
11.91,0.01672173398657547
11.92,-0.0409471897862465
11.93,0.49559555646333314
11.94,0.37372248571352795
11.950000000000001,0.14893809551192258
11.96,0.22507781697332382
11.97,-0.052179224719043266
11.98,0.8877454246200241
11.99,-0.7395980091788833
12.0,0.06982583710794829
12.01,0.03251231559439006
12.02,0.4066402030322965
12.030000000000001,-0.42192693871244963
12.040000000000001,-0.871836301198268
12.05,0.07841150804909659
12.06,0.14061524610930207
12.07,0.7447997047238245
12.08,-0.6351810231625431
12.09,0.57734688335836
12.1,1.1837071820135607
12.11,-0.18888244376123856
12.120000000000001,-0.645471109746612
12.13,-0.20348718318668557
12.14,0.007002483685690367
12.15,0.2818939375034573
12.16,-0.2956973649190237
12.17,0.777599267073671
12.18,-0.5572661575040309
12.19,-0.8696025760864
12.200000000000001,0.5533552121436587
12.21,-1.1373105156030998
12.22,-0.10206488443635808
12.23,1.5588405646040238
12.24,-0.00602177647996575
12.25,-0.5603838253481248
12.26,-0.028698731893396872
12.27,-0.025400394309766774
12.280000000000001,0.08032497017655826
12.290000000000001,0.3311314910798098
12.3,-0.5195555841838696
12.31,0.8437740276183968
12.32,0.12255714218630892
12.33,0.3633970232009019
12.34,-0.3140746998778213
12.35,0.6431910684977667
12.36,-0.12852620440653234
12.370000000000001,0.13877625674676586
12.38,-0.4665530385935546
12.39,-0.4984658132010634
12.4,0.34410265322644135
12.41,-0.22180341510369297
12.42,-0.42691154375218854
12.43,-0.3215916710135152
12.44,0.3494765358587106
12.450000000000001,-0.31451893060180547
12.46,-0.058827465801082036
12.47,0.007513875143548504
12.48,-0.9586744430051495
12.49,-0.735563202686759
12.5,0.16813894462378126
12.51,-0.36851468057634856
12.52,0.5283624556402092
12.530000000000001,0.4834035521252722
12.540000000000001,0.3595843331777186
12.55,0.9098858936562988
12.56,-0.04154466387159156
12.57,0.32444096295191954
12.58,-0.29220048829801554
12.59,1.2261849564343619
12.6,0.9918168262180097
12.61,0.00594021725889597
12.620000000000001,0.1932931149525961
12.63,0.6796487996824029
12.64,-0.07356975240705348
12.65,-0.3283120353998524
12.66,0.43699487550344124
12.67,0.039219623041835044
12.68,0.0914972248226302
12.69,-0.41713567153398273
12.700000000000001,-0.8588360741816982
12.71,0.11807120493955053
12.72,0.4524810207470999
12.73,-0.11290337453802092
12.74,0.7182147597794334
12.75,-0.35195816270777225
12.76,-0.52735222748296
12.77,-0.03361515359806563
12.780000000000001,-0.04129628767564523
12.790000000000001,0.3849843656676113
12.8,-0.3874814120319924
12.81,0.684047118407449
12.82,0.9834584812541268
12.83,-0.01957201348417094
12.84,0.6248552100921593
12.85,-0.52824853531263
12.86,0.537610770590958
12.870000000000001,0.5236382042797313
12.88,0.4317186400949393
12.89,-0.007781544435146989
12.9,-1.4771244706210156
12.91,-0.3208635718260647
12.92,-0.312958008842301
12.93,-0.4891274690302387
12.94,0.06112150227353311
12.950000000000001,-0.20948172276061733
12.96,-0.41230600488251096
12.97,-0.5294000741239099
12.98,-0.35775649274261434
12.99,0.5607496059249641
13.0,-0.3305125273137471
13.01,-0.2574693532166362
13.02,-0.22834880751162318
13.030000000000001,0.16949675690470983
13.040000000000001,0.2281247442642664
13.05,-1.522328269621581
13.06,0.5108176069138041
13.07,0.718184017121877
13.08,-0.5250932686808347
13.09,-0.48614912236741736
13.1,-0.22512669388913573
13.11,-0.3780020097283024
13.120000000000001,0.11196343697330319
13.13,-0.9732626431794321
13.14,-0.5589638040183699
13.15,0.7695986000874537
13.16,-0.4641099836740089
13.17,0.6217141390514624
13.18,0.17766909779506843
13.19,-0.904633857294129
13.200000000000001,0.3176645976081031
13.21,-0.05883365109642668
13.22,-0.22773352812487024
13.23,0.12247854658600196
13.24,0.23731674278339607
13.25,0.3537959109873098
13.26,0.5891264237740012
13.27,0.20406795638917818
13.280000000000001,-0.6878170443931809
13.290000000000001,-0.23682272882559552
13.3,1.4715241676343107
13.31,0.3622455301908638
13.32,1.1846436504057485
13.33,0.6977170410995926
13.34,0.12090103577787428
13.35,0.1507035348905587
13.36,-0.018290019938422896
13.370000000000001,-0.8689023079232497
13.38,0.00902362623411214
13.39,0.6053372762710986
13.4,-0.29981999741060184
13.41,0.20597649953090477
13.42,0.42579552294659867
13.43,-0.4548402196562377
13.44,-0.2256514321718323
13.450000000000001,-0.5089557452385796
13.46,-0.41108280334470343
13.47,-0.6438026418265306
13.48,-0.4502242306890134
13.49,0.7097278403989196
13.5,-0.45773851454514625
13.51,0.06322960953034502
13.52,-0.2514343768354779
13.530000000000001,0.5894329685184695
13.540000000000001,0.6555811483018082
13.55,0.43203499106947346
13.56,0.15306727655137767
13.57,-0.11552976842044929
13.58,-0.5959373520956249
13.59,0.9717644405610986
13.6,-0.3798365088762767
13.61,0.3318231735164207
13.620000000000001,0.5297827863116986
13.63,-0.2776402484526647
13.64,0.5190062636579811
13.65,0.38210660166942767
13.66,0.8639819176908826
13.67,-0.2346732332133556
13.68,-0.6429320086398574
13.69,-0.25274487772225557
13.700000000000001,0.10442677126716586
13.71,0.029106363542528234
13.72,-0.19671894813727522
13.73,-0.9545987294886215
13.74,0.23524149806455324
13.75,0.9861722395411
13.76,0.23212561906150178
13.77,0.3045677595267568
13.780000000000001,0.2862226530775509
13.790000000000001,0.19852333494119995
13.8,0.4658329834340474
13.81,0.19768684059283292
13.82,-0.15633858482663798
13.83,-0.397994455004377
13.84,-0.12448682764033761
13.85,0.15706474822533298
13.86,-0.15804148056148667
13.870000000000001,0.15716934156571524
13.88,0.21957506685020878
13.89,0.4165897156350909
13.9,0.6413974844194902
13.91,0.03900370923942875
13.92,-0.6538882825738304
13.93,-0.17255204840959504
13.94,0.022031283703299678
13.950000000000001,-0.9178843780885451
13.96,0.694332260051241
13.97,0.07118895625523314
13.98,0.19067641729014245
13.99,0.6827632312631329
14.0,-0.3150714150711734
14.01,0.28702096544201505
14.02,-0.05493206155096784
14.030000000000001,-0.0920434335079597
14.040000000000001,-0.38609619390218963
14.05,0.8328016068432637
14.06,-0.18775002003778546
14.07,0.34973212344785104
14.08,-0.9375036937359682
14.09,0.5899942648448933
14.1,0.5261055779785293
14.11,0.04871705514865152
14.120000000000001,-0.11347123306896217
14.13,0.2000000028067832
14.14,1.1443953304401446
14.15,-0.8816183494517426
14.16,0.3910136937870638
14.17,-0.4558086510769513
14.18,-0.009959198149865602
14.19,-0.12394005953933152
14.200000000000001,-0.21415912889887784
14.21,-0.005232564526364669
14.22,-0.5670855726388953
14.23,0.5145902180639835
14.24,-0.8970717555993002
14.25,0.269882256414171
14.26,-0.16326792626728556
14.27,-0.5854624469037268
14.280000000000001,0.1011916852993476
14.290000000000001,-0.778475543353239
14.3,0.01985691085981734
14.31,-0.7114384539057772
14.32,0.2306360421589156
14.33,-0.46217866681518777
14.34,-0.2254970085146547
14.35,0.1469746939715811
14.36,-0.38627105592111793
14.370000000000001,-0.028981999834151263
14.38,-0.7569152506224268
14.39,0.3154378017980778
14.4,0.8824569027753857
14.41,1.3961044339549806
14.42,0.04558407333321959
14.43,0.39410207039859335
14.44,-0.8903128364537446
14.450000000000001,0.7513671631527941
14.46,0.38811425236205305
14.47,-0.2419667224756165
14.48,0.6185904001445046
14.49,-0.12723803832267075
14.5,-0.22901259150727826
14.51,0.23766746271374564
14.52,-0.5316772499151593
14.530000000000001,0.510812382199974
14.540000000000001,-0.5279949059634217
14.55,-0.5250273949115931
14.56,-0.4548448942041672
14.57,0.3797500187580611
14.58,-0.30838768075985384
14.59,-0.6739978921835844
14.6,-0.302839999967899
14.61,-0.016021185340243434
14.620000000000001,-0.5904862418321928
14.63,-0.5758405545171718
14.64,1.0556481670497921
14.65,-0.43028270190694345
14.66,-0.1615211843865034
14.67,-0.18361850039964292
14.68,-0.21067840388522094
14.69,0.31067336998455114
14.700000000000001,0.4740714752360248
14.71,-0.15297721576579604
14.72,-0.6182391432961745
14.73,0.6372201139244517
14.74,-0.04767054559834131
14.75,0.8651609074285843
14.76,-1.1227929487825814
14.77,0.09770161064166014
14.780000000000001,0.9593031669381039
14.790000000000001,-0.1766320677190791
14.8,-0.11274671166731803
14.81,0.14775584579516937
14.82,-0.27939790944247866
14.83,-0.15603596602636643
14.84,-0.16890754709570152
14.85,-0.3137103672131866
14.86,0.6144282751002798
14.870000000000001,0.23053901614821756
14.88,0.12531411605165102
14.89,0.40428550344505837
14.9,-0.13217791660173345
14.91,-0.38710190917645027
14.92,-0.3013121523072787
14.93,0.000891520552304451
14.94,-0.529605854186451
14.950000000000001,-0.25013050829333777
14.96,-0.25805832093571734
14.97,1.0622781149145069
14.98,-1.3869074699669584
14.99,-0.08980986070281663
15.0,0.8628468964073853
15.01,0.06092223206622698
15.02,0.3767087367105464
15.030000000000001,0.04991315754988396
15.040000000000001,-0.33366669060824017
15.05,-1.1209579672544565
15.06,0.10272784351815142
15.07,-0.3878033023011956
15.08,-0.40016770308265187
15.09,-0.24949362798955593
15.1,0.8724307033117468
15.11,1.2024187711269865
15.120000000000001,0.10860396876420045
15.13,-0.23238361195586385
15.14,-0.5886132087256052
15.15,0.23427008077303454
15.16,0.891452800032572
15.17,-0.12367019351257838
15.18,-1.1894980203766121
15.19,0.3350248359077619
15.200000000000001,0.4926998557250247
15.21,-0.7929228201929237
15.22,0.08824209183147641
15.23,0.2256130080680494
15.24,-0.03655365100446926
15.25,-0.39538545954267684
15.26,0.5079686117817781
15.27,-0.2016898729843413
15.280000000000001,-0.742593081349966
15.290000000000001,-1.0247372428348405
15.3,0.6304247599996549
15.31,0.30833198823555913
15.32,0.043986773564584476
15.33,-0.22013731842540177
15.34,-0.2644992071015635
15.35,-0.5378683242208057
15.36,-0.21572782227994242
15.370000000000001,-1.0600436075600872
15.38,-0.3680318267342571
15.39,-0.15546875817554692
15.4,0.30494002359520944
15.41,-0.019963231686681886
15.42,0.3974615569377795
15.43,0.6745675525567147
15.44,0.5290850469120508
15.450000000000001,0.2352549236892784
15.46,0.005931339590392102
15.47,-0.4903940042067796
15.48,0.36997202568965815
15.49,0.8398736911107646
15.5,0.1710530198252091
15.51,0.9586295742130615
15.52,-0.7627858540305419
15.530000000000001,-0.5770816923897707
15.540000000000001,0.42760075387413127
15.55,0.13214510507662552
15.56,0.6568910882859038
15.57,-0.007735820363369789
15.58,-0.43398771126416597
15.59,-0.10679662110252124
15.6,-0.766341985461867
15.610000000000001,-0.5642953365485173
15.620000000000001,0.4862219989590051
15.63,0.436393707234805
15.64,0.18150214240303844
15.65,-0.8605387604802347
15.66,-0.17920178775644427
15.67,-0.6124999443300253
15.68,0.5882666268938826
15.69,-0.29186106678130064
15.700000000000001,-0.5428738553907747
15.71,0.014898082560712218
15.72,-0.3200772284173059
15.73,0.7418719551018534
15.74,-0.3674054487670954
15.75,-0.6996141296123156
15.76,-1.0764567578787578
15.77,-0.015393251206707597
15.780000000000001,-0.2809650569289632
15.790000000000001,-0.7144523032558634
15.8,0.5946132306278926
15.81,0.33362257371462095
15.82,-0.014108939468614887
15.83,0.6821631220854333
15.84,0.3312680166993065
15.85,-0.4114279507592162
15.860000000000001,-0.519610081995383
15.870000000000001,0.4089907722269307
15.88,0.1981834782336755
15.89,0.08487388398533086
15.9,-0.42324890143445365
15.91,0.30397378350287696
15.92,-0.3777494415669746
15.93,-0.05099332729683899
15.94,0.7234720731934899
15.950000000000001,-0.3304171179050729
15.96,-0.7864946285364305
15.97,-0.5262735959350552
15.98,0.49714941334381163
15.99,0.12736556869010474
16.0,-0.06443868934437678
16.01,-0.2545469026557847
16.02,0.24267995377659504
16.03,-0.42455242549511174
16.04,0.15283278432129796
16.05,-0.36562728440647846
16.06,-0.448829692637527
16.07,-0.31874371741250584
16.080000000000002,-0.18770372324198095
16.09,-0.024414917966851583
16.1,0.11772789755555717
16.11,-1.844182645714222
16.12,-0.40382527887338243
16.13,-0.19578498867801963
16.14,0.752531019304165
16.15,-0.5400013041910661
16.16,0.08139830904995626
16.17,0.7475151548679188
16.18,-0.6564842649736364
16.19,0.19698761293220118
16.2,-0.4011359169672602
16.21,-0.25231687114461726
16.22,-0.40155541697665725
16.23,-0.36592865420794296
16.240000000000002,1.3609560739532465
16.25,0.42222793603583286
16.26,0.5508689308931045
16.27,0.24599674341824807
16.28,-0.803128394200979
16.29,0.19747898516165358
16.3,0.5364648072536733
16.31,-0.4266997370195557
16.32,0.4826633335805633
16.330000000000002,0.3521681049270394
16.34,0.926020022406835
16.35,-0.2088915062568094
16.36,-0.5488054911378634
16.37,-0.18081405468627282
16.38,0.7177854965818117
16.39,-0.9142029404209815
16.4,-1.0341878577155161
16.41,0.044697639465806634
16.42,-0.22129464638707808
16.43,0.0038639465878423217
16.44,0.4726558856179326
16.45,-0.2762846730594262
16.46,-0.9365029154653103
16.47,1.022240778599972
16.48,-0.49861414371938806
16.490000000000002,-0.5295185610060488
16.5,0.5518600068612982
16.51,-0.19224456052075897
16.52,-0.03169492601740539
16.53,0.24139506203015898
16.54,0.5417915515549978
16.55,-0.16673034659088598
16.56,0.7599760029571496
16.57,-1.0678999243674028
16.580000000000002,0.3798936184765386
16.59,-0.41976377900882866
16.6,0.6861356583039957
16.61,0.07102223941527262
16.62,-0.3364526660047008
16.63,0.33142054651081626
16.64,0.4465941736036258
16.65,0.3209470614293191
16.66,-0.5148481198165302
16.67,-0.24200856181104238
16.68,-0.0020364185607175127
16.69,-0.0206298263250302
16.7,0.37487273771917384
16.71,-1.0074506162533041
16.72,0.1671635272767517
16.73,-0.14499067721831996
16.740000000000002,-0.4192503081919761
16.75,-0.3712433888847998
16.76,-0.1072688322589818
16.77,-1.800542552229759
16.78,-0.350644785395775
16.79,-0.43790741232314667
16.8,0.2663916046613121
16.81,-0.40276334125526025
16.82,-0.10755690008524495
16.830000000000002,0.771138313830651
16.84,0.49717575990771173
16.85,0.4511356999717263
16.86,-0.2499362152054259
16.87,0.2715161396448262
16.88,-0.11694890022679698
16.89,-0.09804660533846894
16.9,0.20484267187327485
16.91,-0.2984967942104662
16.92,0.7465015522216017
16.93,-0.08006506979896857
16.94,0.3091802831298325
16.95,0.727800239628649
16.96,0.5158268872875875
16.97,-0.7044595513452623
16.98,0.22244794750494212
16.990000000000002,0.42535969723032346
17.0,0.4459315110803744
17.01,-0.5566474170573156
17.02,-0.32851761850866196
17.03,0.4972791178708108
17.04,-0.38088018534132284
17.05,-0.14984802833215713
17.06,0.7879379047509847
17.07,-0.023899625192394906
17.080000000000002,-0.3633870689169215
17.09,-0.43880867843145255
17.1,0.16635966479259398
17.11,-0.6665740042386045
17.12,-0.12366798194820908
17.13,0.16661526749501088
17.14,0.6495749102738337
17.150000000000002,0.33377404018499784
17.16,-0.3570325589910894
17.17,0.58920965878186
17.18,-0.14975751877373877
17.19,-0.6178515110247045
17.2,-0.08602067963273625
17.21,0.719084600572851
17.22,0.0826200250324626
17.23,0.006260932164893169
17.240000000000002,0.8186058223514266
17.25,-0.7156774235272135
17.26,-0.6427995570263861
17.27,-0.807923235483416
17.28,0.18632409324002755
17.29,0.08324656355756226
17.3,0.771368183639888
17.31,0.12173753856838511
17.32,-0.20207857973965138
17.330000000000002,0.0008974364390535426
17.34,0.05885370923047905
17.35,-0.8358806366640835
17.36,1.3551658221674465
17.37,0.25993550905095575
17.38,0.10500415401129452
17.39,0.30758199213929016
17.400000000000002,0.3547054902933025
17.41,-0.07027674275121584
17.42,-0.3156205681203503
17.43,0.299725343160852
17.44,0.19285542026572622
17.45,-0.40494504954470406
17.46,0.709517805683632
17.47,0.14667601816149167
17.48,0.36490968113381533
17.490000000000002,0.6959604438399595
17.5,0.010944410582417389
17.51,0.15847600349205768
17.52,0.40501361925305823
17.53,-0.3624305419000261
17.54,0.027025831423000468
17.55,0.06277429332557415
17.56,-0.47802927584169724
17.57,1.1588183943369392
17.580000000000002,-0.7036467217462012
17.59,-0.6490519518435789
17.6,0.6571132878517896
17.61,0.3566331253982712
17.62,-0.5129824087403889
17.63,0.30364450755084643
17.64,0.7339252224986549
17.650000000000002,-0.015131528798492878
17.66,1.299411450037291
17.67,-0.8620309054340177
17.68,0.3469117269295511
17.69,0.5832641681105016
17.7,0.44567195080262334
17.71,-0.10217786332282416
17.72,-0.1452207410055747
17.73,0.2220725855436287
17.740000000000002,0.4078772433260347
17.75,0.30123671814118164
17.76,0.5200289453966946
17.77,-0.5094349785333676
17.78,-0.11388548956181732
17.79,-0.47000796606187706
17.8,-0.19305638804307082
17.81,0.5076104459071527
17.82,0.053991960362614416
17.830000000000002,1.3034295815748849
17.84,0.09670318359485848
17.85,0.029845940289868134
17.86,0.05309145972010814
17.87,-0.31890434642996796
17.88,-0.028918306188796872
17.89,0.5638940135558229
17.900000000000002,0.05698533406388617
17.91,-0.3967298649417357
17.92,-0.4625423102393176
17.93,-0.2251009458329217
17.94,0.03693171720544019
17.95,0.596793267738131
17.96,-0.6702443206832184
17.97,-0.1599131389443781
17.98,0.07215500971753942
17.990000000000002,-0.9168528838147173
18.0,-0.4167991414832032
18.01,-0.3399442698680932
18.02,-0.39798518692524915
18.03,0.0959447725108237
18.04,-0.0802798047508987
18.05,-0.27764305130051814
18.06,0.2139813132763175
18.07,0.8615373588231249
18.080000000000002,0.819628258370876
18.09,-0.9613858860311681
18.1,0.2885360919175698
18.11,-0.08901164503191922
18.12,0.07757767143267814
18.13,-0.19914151677127429
18.14,0.05879431494360112
18.150000000000002,0.07570369803600936
18.16,-0.28947587867446156
18.17,-0.4481837739125904
18.18,-0.2243478413097421
18.19,0.11712963222838278
18.2,0.29949817084213204
18.21,0.4266744886700733
18.22,-0.24709501153345637
18.23,0.14192228365136839
18.240000000000002,0.48125129597664923
18.25,0.5827974475720641
18.26,-0.029416427065761103
18.27,-0.1104658624698063
18.28,0.09556211691819609
18.29,-0.5748537364487029
18.3,-0.09680475551775404
18.31,0.37229319923656495
18.32,0.32097356472185057
18.330000000000002,-0.1351338021819445
18.34,0.1088591005435833
18.35,-0.41232517014534376
18.36,0.3517460741125124
18.37,-0.038910718068236545
18.38,-0.13797572584806908
18.39,-0.1808619180466933
18.400000000000002,-0.0314469334499291
18.41,-0.22393882246597918
18.42,0.32907151800128165
18.43,-0.19764177400809035
18.44,0.7964820480136906
18.45,0.7326052517406905
18.46,-0.44577174492725236
18.47,0.03485213471464011
18.48,-0.3253283106680975
18.490000000000002,-0.16332378159430574
18.5,1.0012137338223985
18.51,-0.1537857085578996
18.52,0.18011301853871436
18.53,0.27066064700413917
18.54,-0.5003146862416203
18.55,-0.42754773720460243
18.56,-0.6030111857040594
18.57,-0.44298536694888846
18.580000000000002,-1.4250150546585911
18.59,0.27229120039681404
18.6,1.027096920628035
18.61,0.07391036951826348
18.62,-0.7081344296703037
18.63,-0.321388191449974
18.64,-0.22943842251249846
18.650000000000002,-0.5087923886066879
18.66,0.4300913191975783
18.67,0.4051300221876669
18.68,-0.5777258969088298
18.69,0.362540522223754
18.7,0.7634063317886326
18.71,0.9512791026147799
18.72,1.4326060115429813
18.73,-0.45099632472159873
18.740000000000002,1.4121102131976015
18.75,-0.17710319425439414
18.76,-0.29623272769025716
18.77,0.16353618743892265
18.78,-0.2910306670465062
18.79,0.19952207032326305
18.8,-0.6600385938686508
18.81,-0.11937630103171716
18.82,0.6427911171808397
18.830000000000002,-0.02853064571557797
18.84,0.07079789336994141
18.85,0.23762930235865576
18.86,0.5853308146588301
18.87,-0.8276123560947165
18.88,0.29226202591871736
18.89,-0.13406956962088162
18.900000000000002,0.08331894765591927
18.91,0.5299750848811882
18.92,-0.5970933257059221
18.93,-0.5063222207215448
18.94,-0.9677149798569031
18.95,-0.2745794708818882
18.96,0.6652161721894082
18.97,-0.06029359423673476
18.98,-0.6700624478273929
18.990000000000002,-0.2428393722875235
19.0,-0.7439308517453115
19.01,-0.5625930508655809
19.02,0.19440945513185665
19.03,-0.5869366631530144
19.04,0.5563171526016509
19.05,-0.035560145415168
19.06,0.04279735197226272
19.07,-0.13918648380394702
19.080000000000002,0.3864239192718616
19.09,0.39157994388850537
19.1,0.1675271759560857
19.11,0.28239455295382404
19.12,-0.10604483496021282
19.13,0.2711015034545243
19.14,-0.16893888773690338
19.150000000000002,0.0011158110812010003
19.16,-0.13732187468314871
19.17,-0.22860926965959796
19.18,-0.3445558988608951
19.19,0.23384505192944274
19.2,0.6553029564067316
19.21,0.5855509858347797
19.22,-0.6282826679727177
19.23,0.6446015257034367
19.240000000000002,-0.15907925080896443
19.25,0.3003665075727958
19.26,-0.4531076660236055
19.27,0.07098995693700266
19.28,0.15686159144845355
19.29,-0.7423023959598264
19.3,0.30413358317209466
19.31,0.6729675039191576
19.32,-0.08732397284081396
19.330000000000002,0.6800840654140065
19.34,-0.09484674672620376
19.35,0.4247922655233086
19.36,-1.1092849829755498
19.37,1.2093888896567317
19.38,0.7477291226214785
19.39,-0.14231275212683944
19.400000000000002,-0.986044513321909
19.41,0.14401418415274458
19.42,-0.7219627735368784
19.43,0.222426768778744
19.44,0.20578285958214096
19.45,-0.4707015845010124
19.46,0.5604835118071888
19.47,0.40278735140308675
19.48,0.4879116686442817
19.490000000000002,0.004428851834447689
19.5,-0.7077620334568533
19.51,0.4889361361055688
19.52,-0.13518569956789558
19.53,-0.6948900715963345
19.54,0.676019682987163
19.55,1.0497037602512547
19.56,-0.020624064489601513
19.57,1.079560577301646
19.580000000000002,0.04565736430567481
19.59,-0.19022795208317558
19.6,-0.31522922709273876
19.61,0.8185412039963712
19.62,-0.3900719406938859
19.63,0.3676346549874937
19.64,-0.27958191752960415
19.650000000000002,-0.23015338128718155
19.66,0.5151248469847834
19.67,-0.19001842314467682
19.68,-0.2023976897101466
19.69,0.5664023485874036
19.7,0.7986986466108116
19.71,0.32234490164211665
19.72,-0.3273848878119746
19.73,-0.2553042496487897
19.740000000000002,0.039957631870018745
19.75,0.16046503096282877
19.76,-0.49393295506988594
19.77,0.3615189697899319
19.78,0.04275666481979951
19.79,-0.8578541593190647
19.8,-0.4644632412303652
19.81,-0.25206433682583185
19.82,-0.03642884442052754
19.830000000000002,0.944639397751998
19.84,0.11908565306981414
19.85,-0.42038594494931253
19.86,0.11031540215358161
19.87,-0.17604387372694047
19.88,0.16237911976677089
19.89,0.2902838435178074
19.900000000000002,0.604615323611969
19.91,-0.012143247835012923
19.92,0.8194802637999166
19.93,0.4540113312680956
19.94,-0.3537197724060939
19.95,1.104927832874232
19.96,0.16349725663504883
19.97,-0.41756225198611757
19.98,0.8264565256152109
19.990000000000002,1.0388887925992223
20.0,-0.01651263185978028
20.01,-0.2518251301877982
20.02,-0.08618747872683098
20.03,0.3573658637588499
20.04,0.638928327515257
20.05,0.28524366543178675
20.06,0.05086160423588489
20.07,0.7490058851522138
20.080000000000002,-0.1564182365257611
20.09,0.5154596691834535
20.1,-0.1440313991756393
20.11,0.21551147900544657
20.12,-0.05678128239522574
20.13,-0.02792609132640543
20.14,-0.18869325873110496
20.150000000000002,0.6724270155903472
20.16,-0.36646301905426754
20.17,-0.3701161262743542
20.18,1.0604967829225547
20.19,0.4889237823271657
20.2,-1.1925568493465182
20.21,-0.2826293696052018
20.22,-0.9059946687810271
20.23,-0.47534534670762757
20.240000000000002,-1.5692573331170199
20.25,-0.06849478884697119
20.26,-0.5709709095806558
20.27,0.029952628398219192
20.28,-0.8125606294412624
20.29,0.041455926586019966
20.3,-0.20745813906016364
20.31,0.7509764825942978
20.32,0.7056784308728125
20.330000000000002,0.3926728015051415
20.34,-0.1633068903306063
20.35,0.9926901976301467
20.36,-0.7765176389199103
20.37,-0.7017793147818313
20.38,-0.04189154994453233
20.39,1.1270190544605596
20.400000000000002,-0.10116945343504377
20.41,-0.09162262160464096
20.42,-0.7209551780559046
20.43,0.4729647926351892
20.44,0.4765881271646769
20.45,0.39453760069995497
20.46,-0.3146103364236812
20.47,-0.35335338418650286
20.48,-0.6465611252024852
20.490000000000002,0.04193625088046682
20.5,-0.5402036646392508
20.51,-0.5887082526246443
20.52,-0.21184535845533797
20.53,-0.24457808759210808
20.54,-0.26898926441097754
20.55,0.23322229842013065
20.56,0.03952390107513961
20.57,-0.14407801525555883
20.580000000000002,0.09150646415574103
20.59,-0.4957635205523161
20.6,0.05263931195483897
20.61,0.07530124642231689
20.62,-0.7515234296787403
20.63,0.497846877185181
20.64,-0.44071685261349774
20.650000000000002,0.04515489960321748
20.66,0.5822058702676352
20.67,0.4628383788569347
20.68,0.01716669428441774
20.69,-0.18124950144103427
20.7,0.4737559542877836
20.71,0.33734748890430993
20.72,-0.309182510022065
20.73,-0.3974468235008452
20.740000000000002,-1.036177590847999
20.75,0.0770159208417937
20.76,-0.041348872509199344
20.77,0.5680956873212711
20.78,0.17952754674018334
20.79,0.6671145970863452
20.8,-0.3486821139580854
20.81,0.5690751654838092
20.82,-0.2644581895523276
20.830000000000002,0.38879803089613607
20.84,-0.7293791962653468
20.85,0.11756764968309426
20.86,-0.992343970722955
20.87,-0.13356874297087734
20.88,0.2201769969389568
20.89,-0.2604842756155479
20.900000000000002,-0.5252188143779837
20.91,0.42305923464796685
20.92,-0.051731394923461724
20.93,-0.2447853235153358
20.94,0.02094796057713824
20.95,1.3183345709727943
20.96,0.5767514248907719
20.97,0.5812868340939201
20.98,0.217773159496182
20.990000000000002,0.08324263628857353
21.0,-1.1980411441652081
21.01,-0.33949017323156605
21.02,-0.24028720660123726
21.03,-0.9374460320237665
21.04,-0.5787078951077168
21.05,-0.990418235461317
21.06,-0.019161917848686247
21.07,0.40938298542440804
21.080000000000002,0.5533872593121644
21.09,0.20739223103962057
21.1,-0.4816981705992845
21.11,-0.9660325792599798
21.12,-0.878434349700751
21.13,-0.6344912886272492
21.14,-0.44442984901783733
21.150000000000002,-0.07987424899579332
21.16,-0.5070821090634842
21.17,0.16948794683413074
21.18,-0.11613675139973641
21.19,0.0052728558705128
21.2,0.5701252763356024
21.21,-0.590115867100185
21.22,0.20935228914618417
21.23,-0.006986614238036654
21.240000000000002,-0.16674314048484762
21.25,0.44262816043298014
21.26,0.4395070772785037
21.27,-0.47324539799421406
21.28,-0.09108029192896205
21.29,0.14060584129203268
21.3,-0.13650337401129226
21.31,0.29251066614389915
21.32,0.1405960089551377
21.330000000000002,0.9162806201780063
21.34,-0.7651395679648938
21.35,-0.061217994873698736
21.36,-0.45425125575609554
21.37,0.30205372771952205
21.38,-0.8085859450227723
21.39,0.1731563551124433
21.400000000000002,-0.31502421567417055
21.41,-0.36708093306050704
21.42,-0.7232491017703436
21.43,-0.23253797310050303
21.44,0.5422502651454628
21.45,-0.012594341764739735
21.46,0.31384020893723724
21.47,0.8323209109831375
21.48,0.1318777924112879
21.490000000000002,-0.2793997860311703
21.5,0.2336261075913949
21.51,-0.27214807315714595
21.52,-0.2522113416485847
21.53,-0.7599463998094924
21.54,0.46312874554219613
21.55,-0.19300128782471965
21.56,0.09104912290793102
21.57,-0.5179809643033197
21.580000000000002,0.21797381485773618
21.59,-0.38097061906754187
21.6,-0.07085436085091212
21.61,0.4389130156195629
21.62,0.39537965611626463
21.63,-0.011015036258470232
21.64,-0.8840655163533592
21.650000000000002,1.4964052850303207
21.66,0.872929485136568
21.67,0.36133741244414924
21.68,-0.3766018907954854
21.69,-0.05679608085098234
21.7,-0.27171021488825847
21.71,0.6319279695481942
21.72,0.1312514454259169
21.73,-0.3920819291799164
21.740000000000002,-0.235377549562391
21.75,0.5605940712849523
21.76,0.8000489234102391
21.77,0.7641657817431228
21.78,0.37851603252698873
21.79,-0.1263124344013184
21.8,-1.6207569126645602
21.81,0.1485800119041108
21.82,-0.0009143794220501968
21.830000000000002,0.06999104816067686
21.84,0.02694867351660319
21.85,-0.6631310809745785
21.86,0.2787042784255928
21.87,0.31610815701592515
21.88,0.34116939102982957
21.89,0.4732885017866933
21.900000000000002,0.3020258224608116
21.91,-0.2050147057694554
21.92,-0.03541842395804511
21.93,0.04556243362668844
21.94,0.05384972455330924
21.95,0.49910882798586487
21.96,0.3218343765112454
21.97,1.0386717197849766
21.98,1.103234489942336
21.990000000000002,0.039824791306962495
22.0,-1.9183277742296847
22.01,0.6184162330636332
22.02,-0.2701881694935272
22.03,-0.4007419609155034
22.04,-0.1992226374946834
22.05,-0.2233215234073032
22.06,0.3061349050526963
22.07,-0.7797178895631127
22.080000000000002,-0.5388603728958008
22.09,0.1715792770987083
22.1,0.3114720152066541
22.11,0.320770822468006
22.12,-0.3935181394666495
22.13,-0.48913282463312
22.14,-0.25331741689395965
22.150000000000002,0.11993637614236254
22.16,0.7427386846362748
22.17,-1.0237185928853751
22.18,-0.11036437847918328
22.19,-0.6663392205126019
22.2,-0.8261213386767449
22.21,0.4834783226724083
22.22,0.2723122872496693
22.23,0.2247167579736311
22.240000000000002,0.4605129198654967
22.25,-0.23985944838306802
22.26,-0.21631875816676413
22.27,1.0928653083612871
22.28,-0.12328552712978717
22.29,0.3675660565270456
22.3,0.0031907704816574885
22.31,-0.9241292650392076
22.32,-1.022314501900634
22.330000000000002,-0.2894921099699524
22.34,0.5280506258349945
22.35,0.3941458283180018
22.36,0.4570385821120168
22.37,-0.49352308946815765
22.38,0.8079362450611568
22.39,-0.48244665009319215
22.400000000000002,0.10641219933498436
22.41,-0.005176144953868344
22.42,-0.08693691015729317
22.43,0.6692960691478034
22.44,-0.35255526008298027
22.45,-0.674802627855964
22.46,0.009997743103209635
22.47,-0.19991336714326324
22.48,1.688691459541323
22.490000000000002,0.3382537382199875
22.5,-0.20467028760931216
22.51,-0.5280557845935433
22.52,-0.9401442052843924
22.53,-0.5126095428687165
22.54,0.05747088587956587
22.55,0.7136643257973847
22.56,0.5608445711939595
22.57,0.1145474158231897
22.580000000000002,-0.16158383285124234
22.59,0.13440617820607711
22.6,-0.259318998742288
22.61,0.8591819978819378
22.62,-0.09459509063753999
22.63,-0.04316892912336344
22.64,-1.107911212510334
22.650000000000002,-0.09771742326138193
22.66,0.4182420689824705
22.67,-0.5338612885192726
22.68,-0.3753601672464064
22.69,0.39635550886683235
22.7,-0.7383286117590266
22.71,0.5289005037709592
22.72,-0.266071945086551
22.73,-0.19428411024560147
22.740000000000002,-0.5619392025627971
22.75,0.1890231302139416
22.76,1.22993599251469
22.77,0.390748619730316
22.78,-0.4321426309702679
22.79,0.567810292745738
22.8,-0.15833977296712473
22.81,0.6872424907137796
22.82,0.40333820108218144
22.830000000000002,-1.4715707827358666
22.84,-0.5020398164775137
22.85,0.47219261141769486
22.86,0.07582863607250878
22.87,-0.5118779738539253
22.88,-0.31679475774690635
22.89,-0.9531183100446903
22.900000000000002,-0.04418664376319801
22.91,1.1053448630078822
22.92,0.4024666953661628
22.93,1.0952085005942116
22.94,0.4411985448949901
22.95,0.5137396716763458
22.96,0.9870393438725119
22.97,0.1886316296711132
22.98,-0.09361366075344012
22.990000000000002,0.5163287583110061
23.0,0.7269201185609424
23.01,-0.23998232135610448
23.02,-0.3607845411700146
23.03,0.06942801621544009
23.04,0.41574943346583104
23.05,0.39904552433078083
23.06,-0.7120838000937996
23.07,0.9558030335316609
23.080000000000002,-0.3205824646984252
23.09,-0.1325324984442897
23.1,-0.45132717999390987
23.11,1.3491644179685438
23.12,0.12103533514398368
23.13,-0.42548754034078246
23.14,0.43196177498122296
23.150000000000002,0.38456788965501654
23.16,-0.09386351178994196
23.17,0.4203033563916916
23.18,-0.4126459804154322
23.19,-0.24645913747462614
23.2,-1.0051083272830315
23.21,-0.6619755421097814
23.22,0.9038154028353429
23.23,0.8207143138611572
23.240000000000002,0.03289432432448126
23.25,0.8314657235949188
23.26,-0.08003724330415239
23.27,-0.12170515128395397
23.28,0.028255324232778184
23.29,-0.06246079766178271
23.3,-0.10759816178009021
23.31,0.5716990535747764
23.32,0.07506782697810155
23.330000000000002,0.35624088221690225
23.34,0.5156902626386655
23.35,0.19409289782736672
23.36,-0.4851356629541194
23.37,-0.6764329444820194
23.38,0.0743903174036526
23.39,-0.08562815241246724
23.400000000000002,0.043695714460060854
23.41,-0.008027019624293094
23.42,1.2917868300832835
23.43,-0.665113127820669
23.44,-0.9949731349105624
23.45,0.16618841675980484
23.46,-0.18821127729409765
23.47,0.1580339348649756
23.48,0.29194151114200056
23.490000000000002,0.6420523475894487
23.5,-0.7536129101919692
23.51,-0.2783589489285815
23.52,0.21438062944038191
23.53,0.3852317978436133
23.54,1.0967247751441929
23.55,0.4778519855569336
23.56,-0.02839429794313856
23.57,-0.4452178764713308
23.580000000000002,-0.2821449263595096
23.59,-0.29635141147855326
23.6,0.32761681425688033
23.61,0.12849872279291524
23.62,-0.6618247854210895
23.63,-0.2179507345452165
23.64,0.43877377672571033
23.650000000000002,0.1758311774870295
23.66,0.28432230800638525
23.67,0.19146085502863153
23.68,0.8132153673044297
23.69,0.11802153191218502
23.7,-0.193011398935349
23.71,-0.45787752056678027
23.72,0.1248047291048559
23.73,-1.220352007387542
23.740000000000002,-0.09214450091635597
23.75,-0.10291992996067198
23.76,-0.6822354268086405
23.77,-0.46413291932799794
23.78,0.40482876507412063
23.79,0.11535587453748129
23.8,0.05089416685366375
23.81,0.15317376696601132
23.82,0.046313793974461774
23.830000000000002,0.6214312814291573
23.84,0.061714590851824375
23.85,-0.7291065569093752
23.86,0.8150649824372052
23.87,0.18517013366442286
23.88,-0.29462686539753385
23.89,-0.6267008591475093
23.900000000000002,0.1979571104790227
23.91,-0.05858600248718773
23.92,0.7870733930162044
23.93,-0.17295364033341393
23.94,-0.41869039484123344
23.95,0.44789810911796424
23.96,0.4626409463584157
23.97,0.08432568380509775
23.98,0.33817852383745417
23.990000000000002,-0.01884356037111895
24.0,0.11693255050462349
24.01,0.5824954412819615
24.02,0.3126591670107515
24.03,-0.08463721916631235
24.04,0.6761812729630753
24.05,-1.1824276863957561
24.060000000000002,1.0260366557109675
24.07,-0.8529795474453676
24.080000000000002,-0.313546412386148
24.09,-0.02045876759753452
24.1,-0.07324033536408069
24.11,0.5032055200132773
24.12,-0.5289183093051172
24.13,0.1303834087415316
24.14,-0.289106049109877
24.150000000000002,0.1475704896687083
24.16,-0.03238612989893826
24.17,0.04646782634148893
24.18,-0.2749624162321728
24.19,-0.2550319750480412
24.2,0.14363625701371346
24.21,0.4718577528780222
24.22,-0.29913966709892387
24.23,-0.43438377228645486
24.240000000000002,0.3067300828359185
24.25,-0.0162519465288447
24.26,0.415249066992976
24.27,-0.4528986066855738
24.28,-0.8897194627117154
24.29,-0.26650204091316715
24.3,-0.383176304632508
24.310000000000002,-0.03939420004014996
24.32,-0.31842260713519477
24.330000000000002,0.3705084756682246
24.34,-0.14407513121125812
24.35,0.07523724938695049
24.36,0.07881727922047198
24.37,0.09747754620609367
24.38,-0.012064555227486702
24.39,0.25530034520515676
24.400000000000002,-0.3978275669129038
24.41,0.6997089633269415
24.42,-0.1182686916842676
24.43,-0.6557745689493408
24.44,0.09403667849588652
24.45,-0.4255902412237425
24.46,0.3326672672544375
24.47,1.1048027880211888
24.48,-0.39328604577892506
24.490000000000002,0.1661861666119924
24.5,-0.8777527943523138
24.51,0.2269526147206736
24.52,-0.44285689989984495
24.53,-0.3124173092172412
24.54,-0.550643244919914
24.55,0.36607561302736774
24.560000000000002,0.5036521787366313
24.57,0.011692607329253831
24.580000000000002,-0.4322133526678598
24.59,0.7947615180519312
24.6,-0.3752050638773281
24.61,-1.0810161499637194
24.62,0.2291945049785342
24.63,-0.5523873368207584
24.64,0.49430439674958737
24.650000000000002,-0.19056884833670942
24.66,0.3018566202720981
24.67,0.700750173276079
24.68,-0.604429432310361
24.69,-0.28296856544620275
24.7,-0.03783553632853172
24.71,0.7687756595171717
24.72,-0.3291913589702227
24.73,-0.2972518479745036
24.740000000000002,0.2390702877779042
24.75,-0.28861436285528547
24.76,0.07626294144880828
24.77,-0.7757687104840634
24.78,1.1071649712782983
24.79,-0.6738546151547017
24.8,-0.16087635199510417
24.810000000000002,-0.016240517921047307
24.82,0.9563440671783978
24.830000000000002,-0.66242289046637
24.84,0.9918520677393756
24.85,0.3785884105510113
24.86,0.20854766221162302
24.87,-0.4923168435089777
24.88,0.28557062101903685
24.89,-0.3617433112099
24.900000000000002,0.6333306265992061
24.91,-0.48553101455386655
24.92,-0.05657924722804199
24.93,-0.2776365440065858
24.94,-0.49376148121349733
24.95,0.37065990845395713
24.96,0.26772937370481675
24.97,0.6045050994504986
24.98,-0.8899375541040837
24.990000000000002,0.5320853511705219
25.0,1.252724452678447
25.01,-0.22582054458847345
25.02,0.9475743060544849
25.03,-0.1315806360299133
25.04,-0.6862048687806535
25.05,-0.1528162212033978
25.060000000000002,0.524101983837638
25.07,-0.4190882411657657
25.080000000000002,-0.30016932950324354
25.09,0.2967697161465954
25.1,0.0015300583692864275
25.11,0.2923114762433704
25.12,0.11891477037916794
25.13,0.23981265977578647
25.14,-0.21615059290477054
25.150000000000002,0.11586547101519627
25.16,-0.4636865028479668
25.17,0.6442168112516943
25.18,-0.31713735840865687
25.19,0.5644237437746947
25.2,-0.1168034804914327
25.21,0.10099950537866062
25.22,-0.24748227544535034
25.23,-0.5079977155840145
25.240000000000002,-0.8723801938026507
25.25,-0.5276620792962298
25.26,-0.16195442660796092
25.27,0.10593958941444204
25.28,0.5051896566416317
25.29,-0.22287872989842444
25.3,-0.44098038213358703
25.310000000000002,-0.7213573930013563
25.32,0.24003180895205195
25.330000000000002,0.6915972576646716
25.34,0.6331651339781443
25.35,0.3549663740736187
25.36,0.3192716586337995
25.37,0.8488118898546705
25.38,0.16604073070840525
25.39,0.3230648380120858
25.400000000000002,-0.16039193092599954
25.41,-0.6810216854273787
25.42,-0.3419244502497881
25.43,-0.0045795192673276355
25.44,0.030392686250651425
25.45,0.9631429274276966
25.46,0.040638583795534346
25.47,0.5894217220128218
25.48,-0.21753862078815803
25.490000000000002,-0.15583794288261707
25.5,-0.6645038186117241
25.51,-0.3711640064382859
25.52,0.26349069568187655
25.53,0.0037800901970666324
25.54,0.47146930994861685
25.55,0.09062697417252513
25.560000000000002,-0.1762268658188709
25.57,1.0741484318934795
25.580000000000002,-0.046951784356523606
25.59,0.581500484852652
25.6,-0.20060460327233884
25.61,0.35479973969178324
25.62,0.4640078295758434
25.63,0.10424598528779036
25.64,-1.177241461348301
25.650000000000002,0.009126230428056473
25.66,0.6152300238799877
25.67,0.2637404165138652
25.68,0.2229194376146233
25.69,-0.8611284669787596
25.7,-0.36022753533752944
25.71,0.20567881557571951
25.72,0.205191638393446
25.73,0.6073333900664513
25.740000000000002,-0.07243337757304719
25.75,0.20291204333690713
25.76,0.008187120965646852
25.77,-0.4934713682507784
25.78,-1.1278956655473737
25.79,0.21550484606503834
25.8,0.08697360420640568
25.810000000000002,-0.30908752105008447
25.82,-0.8095865282579324
25.830000000000002,0.31486975720436905
25.84,-0.132960037097776
25.85,0.2784373611840728
25.86,0.9320242652058792
25.87,-1.0707154401598524
25.88,-0.3498004043511819
25.89,-0.10468780665595663
25.900000000000002,0.7274130870733253
25.91,-0.8182015096032424
25.92,0.9679305128403023
25.93,0.06792795078314524
25.94,-0.04800033086692912
25.95,-0.09902988160945321
25.96,-0.2181315160900144
25.97,0.5240583796345774
25.98,-0.5342603770412194
25.990000000000002,0.1727070908219268
26.0,-0.19209083285348777
26.01,-0.38106672425704896
26.02,1.292987587841948
26.03,0.20952536737673003
26.04,0.3066327723305719
26.05,0.5688883903343311
26.060000000000002,-0.7106749726592736
26.07,0.8761459545610158
26.080000000000002,-1.2544785892475379
26.09,-0.38438320501926027
26.1,-0.22951583658945018
26.11,0.29086168248525296
26.12,0.10935913307074387
26.13,-0.08340737034919662
26.14,-0.005998672313861933
26.150000000000002,-0.4890115117612841
26.16,-0.7486161972420866
26.17,0.36325581116803013
26.18,0.34685305626809265
26.19,0.7922471875785293
26.2,-0.395008548407604
26.21,0.3464076051504613
26.22,-0.14185336418236588
26.23,0.5952374925967411
26.240000000000002,0.5109813883390708
26.25,0.10560469961222835
26.26,-0.16976507833299329
26.27,0.4804660893041307
26.28,0.3234522616282829
26.29,-0.3422202010430913
26.3,-0.6638993367397155
26.310000000000002,-0.1442664503408981
26.32,0.7577069076741045
26.330000000000002,0.5732435793665192
26.34,-0.5561637348352904
26.35,-0.5838787079499606
26.36,0.6373419248397432
26.37,-0.5678179523789145
26.38,0.25464766182100396
26.39,-0.30803560766816185
26.400000000000002,0.8085224622608412
26.41,-0.38521239956893943
26.42,0.5716807651029141
26.43,0.09242932703018233
26.44,0.12609742711714336
26.45,-0.9851542906757005
26.46,-1.1014566766028593
26.47,-0.11028297013365698
26.48,0.12345303170830586
26.490000000000002,-0.5625989138688616
26.5,-0.5443467052381711
26.51,0.2807363149130665
26.52,0.2814272402285653
26.53,-0.06887053019396353
26.54,0.3901008605930375
26.55,-0.5871011478600733
26.560000000000002,-0.17796745854348536
26.57,0.8239388028918366
26.580000000000002,0.03416106496990877
26.59,0.06315625729349968
26.6,1.1529732929838699
26.61,-0.6996710829243854
26.62,0.3982151833210552
26.63,0.8319931399040498
26.64,-0.16242896324927306
26.650000000000002,0.42981539342742303
26.66,-0.4910097486054524
26.67,-0.3433661977836758
26.68,0.19248320802381716
26.69,0.3992833365552951
26.7,0.5604682562031229
26.71,0.7848142934697465
26.72,-0.03372327927759106
26.73,0.596805877586294
26.740000000000002,-0.17115242172457448
26.75,0.451045655794134
26.76,0.10374439892609089
26.77,0.22283895354096195
26.78,0.21175393701101872
26.79,-0.8023525048989061
26.8,-0.5620609294303867
26.810000000000002,0.051270719908761204
26.82,-0.8436395398205843
26.830000000000002,0.4156055515998779
26.84,0.43577798314407096
26.85,0.16358527643889512
26.86,-0.5605670063789611
26.87,0.6900694694342574
26.88,1.018605319859179
26.89,0.07353841372298699
26.900000000000002,0.25526768922561816
26.91,0.10086932739802196
26.92,0.26518459449939963
26.93,-0.05977937831319804
26.94,-0.017282119921901668
26.95,0.4528588002486827
26.96,1.1728120809482203
26.97,-0.7000356172008694
26.98,-0.05190624220148344
26.990000000000002,-0.5902302426160411
27.0,0.7960124492880417
27.01,-0.2938689846599492
27.02,-0.721600396892897
27.03,0.3190934994242867
27.04,0.8721555573715556
27.05,0.3317989342803814
27.060000000000002,0.10239893864095861
27.07,0.20457046138799695
27.080000000000002,0.7074203314127774
27.09,-0.43709963500707494
27.1,-0.05592355204315647
27.11,-0.2263450742547667
27.12,-0.5839326536458551
27.13,-0.1641876297084012
27.14,0.5538605479912243
27.150000000000002,0.28330107419636275
27.16,0.32215525005410023
27.17,0.0732378058266591
27.18,0.2616618913642943
27.19,-0.4002951711740527
27.2,-0.15475494296361464
27.21,0.09600211848433837
27.22,0.13875792944094512
27.23,0.1600939274609365
27.240000000000002,-0.06916764100818895
27.25,-0.18871170056516484
27.26,1.578885641522149
27.27,0.45339363646619935
27.28,0.2065737379763112
27.29,-0.11660424910319699
27.3,-0.22560941347193827
27.310000000000002,-0.06540029686347784
27.32,0.14641442179334171
27.330000000000002,-0.9402177720315407
27.34,-0.7846947976873418
27.35,-0.31844119446947877
27.36,0.10356971838928426
27.37,-0.11963657357592569
27.38,0.7390606130497421
27.39,-0.7411983934978844
27.400000000000002,-0.37567273480168517
27.41,0.7600458704955506
27.42,0.06555966233757342
27.43,0.44242129140057923
27.44,1.0256234716347317
27.45,-0.3469022089509113
27.46,-0.049657168896016034
27.47,-0.1362134504654358
27.48,-0.9772965022416378
27.490000000000002,-0.15519840187798453
27.5,0.4405310936903327
27.51,0.2702947709061204
27.52,0.30954158469400506
27.53,-0.18775449031974975
27.54,-0.3280486180028207
27.55,0.6346278359493103
27.560000000000002,-0.24865857317883477
27.57,0.14704101939660705
27.580000000000002,0.08166734033876923
27.59,0.7308585081285591
27.6,0.48570617883617984
27.61,-0.6476293103335604
27.62,-0.59377658338752
27.63,0.2894549090345671
27.64,-0.03216882368958326
27.650000000000002,-0.22758589197688195
27.66,0.5078139419972354
27.67,0.09372969104445542
27.68,0.026228693444721975
27.69,0.3899143203775248
27.7,-0.18755449747178224
27.71,0.784259492736277
27.72,-0.394023811616504
27.73,0.32846453317104407
27.740000000000002,0.7169164193299223
27.75,-0.6886477446360499
27.76,-0.1716675879262246
27.77,0.5711036964427789
27.78,0.5786222738655126
27.79,-0.08574780019411964
27.8,-0.3673355468384297
27.810000000000002,0.4779679111653811
27.82,0.5917745512908024
27.830000000000002,-0.5823316742561974
27.84,-0.6019568244831901
27.85,0.11262834099179977
27.86,0.314680316714446
27.87,-0.14953454261502744
27.88,0.33964690999117464
27.89,-0.35506830341869106
27.900000000000002,-1.0573467995368677
27.91,-0.21195053616629803
27.92,0.03161607325655059
27.93,-0.13791997994822827
27.94,-0.5793016318297426
27.95,-0.9078244879394087
27.96,-0.2570444021839489
27.97,0.4488278858248718
27.98,0.6280987197068412
27.990000000000002,0.5938566920692275
28.0,-0.4079547675742765
28.01,-0.576853161815182
28.02,0.24831730748994768
28.03,0.31755000579896264
28.04,0.20008480260024872
28.05,-1.0070316371188817
28.060000000000002,-0.4334422924417333
28.07,-0.014844395142989216
28.080000000000002,0.24360909731521357
28.09,0.3836536813012434
28.1,0.07212676114102001
28.11,0.16539190326911798
28.12,0.04243272918055208
28.13,0.3428096871092415
28.14,0.1564328257454555
28.150000000000002,0.032868830023643686
28.16,-0.13418439956869038
28.17,0.04064571252124055
28.18,0.24229568941963742
28.19,0.1337376944490306
28.2,0.19041320917262688
28.21,0.6713609306755928
28.22,0.1325819613732937
28.23,-0.3244992602365788
28.240000000000002,0.4418033929970845
28.25,-0.6830991688344588
28.26,-0.5407066903696436
28.27,0.16792363236003455
28.28,0.2581983338932894
28.29,-0.6225256117519975
28.3,-0.191408740493375
28.310000000000002,-0.30304191610982933
28.32,-0.24333816144079837
28.330000000000002,0.4717988881364729
28.34,0.35325273177362637
28.35,-0.009561089926853741
28.36,-0.27298096355746393
28.37,-0.6748248351100703
28.38,0.7100924693909744
28.39,0.2960569501424592
28.400000000000002,-0.3533345520365702
28.41,0.35979974881244575
28.42,-0.035111810287312833
28.43,-0.14355475243117144
28.44,0.21760576414480118
28.45,-0.3707491249563625
28.46,-0.17187825975505502
28.47,0.060730532099772944
28.48,-0.24972559644260672
28.490000000000002,0.334542605133762
28.5,0.9345332518391304
28.51,-0.37714906630357137
28.52,-0.8325626481520222
28.53,-1.0008700837381308
28.54,-0.07523407074749111
28.55,-0.3315822950630914
28.560000000000002,0.10393025053354031
28.57,0.06629883601305053
28.580000000000002,-0.8016084233070481
28.59,-0.907441914740703
28.6,0.14796662017304762
28.61,0.0677144173599785
28.62,-0.21290899918327563
28.63,-0.8285717925661523
28.64,0.23569563138249539
28.650000000000002,0.6359497727119717
28.66,0.13899122010946113
28.67,-0.4237369452825323
28.68,0.022276082785575656
28.69,-0.6830570404668425
28.7,0.5289803569193963
28.71,0.04092216726476941
28.72,-0.8840784558766159
28.73,-0.1503371802218413
28.740000000000002,0.23165075511711541
28.75,-0.16652381048776121
28.76,-0.13794786072008694
28.77,-0.6122011035236359
28.78,0.28327049354082806
28.79,-0.3242346000095687
28.8,-1.0782226885025163
28.810000000000002,-0.1856286853351969
28.82,0.4905748577851765
28.830000000000002,-0.1934647232999737
28.84,0.8689924925617601
28.85,0.21448397427425853
28.86,0.16937908114018305
28.87,-0.06419913295880443
28.88,-0.034143103882145316
28.89,-0.131711817559752
28.900000000000002,-0.15113469604126323
28.91,0.2654335810335744
28.92,-0.46791561489528277
28.93,-0.5379469143621298
28.94,-0.5615975254376888
28.95,1.022827273838577
28.96,0.26517145083529
28.97,0.1522461008400724
28.98,-0.5287573351467157
28.990000000000002,0.31167115033741427
29.0,-0.05828567322666433
29.01,0.10708447056587492
29.02,-0.488310157931778
29.03,0.08013442870878836
29.04,-0.2119167691032416
29.05,-0.3828055785150939
29.060000000000002,0.36705316790362436
29.07,-0.7688539042650012
29.080000000000002,0.28238813215707526
29.09,0.3422430667764981
29.1,-0.43982183777562034
29.11,-0.4101642305662337
29.12,-0.1115128406332011
29.13,0.14101810523111027
29.14,-0.07642749590711274
29.150000000000002,0.21678123009593964
29.16,0.8814898262686995
29.17,-0.25385838457485693
29.18,-0.8575899853517103
29.19,0.4129617915153266
29.2,0.8416572879637648
29.21,0.1963841815255622
29.22,-0.543874337676834
29.23,-0.06194618161760047
29.240000000000002,-0.5592617421058161
29.25,0.3214277469814738
29.26,-0.6756452013492172
29.27,-0.1500643934141
29.28,-0.5021689131469532
29.29,0.06341234256748093
29.3,-0.18317083856887884
29.310000000000002,0.08838105162513192
29.32,0.01117527748318283
29.330000000000002,-0.4933295138620552
29.34,0.3134385317645109
29.35,-0.02438282592155765
29.36,-0.49426450393295024
29.37,1.1204632781028963
29.38,0.2382150833585624
29.39,-0.07663027669965274
29.400000000000002,0.7076022633509117
29.41,0.9209078046933036
29.42,-0.0726747111569426
29.43,0.173698743217381
29.44,-0.49400140900147044
29.45,-0.07359637538400575
29.46,-0.09953127687993493
29.47,0.092413516810827
29.48,0.16638023931850518
29.490000000000002,0.27991422441402997
29.5,0.11882132814997956
29.51,-0.6053713133145823
29.52,-0.46923355287054247
29.53,-0.2732038097318365
29.54,-0.1411202959616144
29.55,0.5253871452360567
29.560000000000002,-0.5814694934264565
29.57,-0.17870752408534996
29.580000000000002,0.4765047491070249
29.59,-0.14993873724830611
29.6,0.23020782492141204
29.61,-0.06977102146395177
29.62,0.12839162866236142
29.63,-0.11423627190477027
29.64,0.333532736364177
29.650000000000002,-0.7725282037032176
29.66,-0.18165600419427252
29.67,0.14828633834715407
29.68,0.2668476240030965
29.69,0.7464763113769138
29.7,-0.1955123334327882
29.71,0.7397408809304364
29.72,-0.32951191332983526
29.73,0.6643232057723218
29.740000000000002,0.4087335633491862
29.75,-0.4567292898161114
29.76,0.15351961862591093
29.77,-0.02561791776609577
29.78,0.31279229683750026
29.79,-0.11163579421665479
29.8,-0.15362311283086574
29.810000000000002,0.6845472913814257
29.82,-0.04936044722783648
29.830000000000002,0.41321116209588316
29.84,-0.11267574252209989
29.85,0.8333316296137616
29.86,-0.3391673146677467
29.87,-0.30707176562359234
29.88,0.7622585905579515
29.89,-0.22247319544762642
29.900000000000002,0.8005371530821963
29.91,0.4459202897974064
29.92,-0.07732485328041673
29.93,-0.9066467360085793
29.94,-0.009659152135917837
29.95,0.05081502676671234
29.96,0.5836088666521865
29.97,0.7942235881200559
29.98,-0.3424935895718738
29.990000000000002,0.4005908819940914
30.0,0.38270107800667474
30.01,0.5367063512052226
30.02,0.24934495606777224
30.03,-0.971248845480885
30.04,-0.07771121626387985
30.05,-0.5778537874584576
30.060000000000002,-0.10130288645903693
30.07,0.490002118066947
30.080000000000002,0.15257541793748633
30.09,0.5740454331987164
30.1,0.17087696035676966
30.11,-0.6491629698344513
30.12,-1.2604235032863673
30.13,0.07440438083979517
30.14,-0.10696323317558269
30.150000000000002,-0.48847286969094106
30.16,-0.850313624825689
30.17,-0.3673716067363546
30.18,-0.09724574243238802
30.19,0.3329389118531951
30.2,0.09431554078399003
30.21,0.8040336235863644
30.22,-0.5178020280226971
30.23,0.4405294460287167
30.240000000000002,0.02364937156436396
30.25,0.3473345620592923
30.26,-0.21825743163277178
30.27,0.5358401869452949
30.28,0.14761237917262138
30.29,-0.3397224924588747
30.3,-0.006012014456594074
30.310000000000002,-0.11977792946854976
30.32,0.24458917531889685
30.330000000000002,-0.5898883746872543
30.34,-0.014675851057847274
30.35,0.19765362632466543
30.36,0.016511653596516615
30.37,0.6734706221944978
30.38,0.38701138703552623
30.39,-0.0037403983703733074
30.400000000000002,0.10834454874883657
30.41,0.1478327757409998
30.42,0.20164980208341202
30.43,-0.912828997832304
30.44,-0.15076314788467357
30.45,-0.7422195340967132
30.46,0.6391404737297433
30.47,-0.030424760001463866
30.48,-0.09667047483981138
30.490000000000002,0.4483986660166176
30.5,0.21116239872493733
30.51,-0.5643172571896036
30.52,-0.0354526812636844
30.53,-0.16758348661319242
30.54,-0.872266444303027
30.55,-0.34513811661860233
30.560000000000002,-0.09177016100823279
30.57,-0.0574754657459213
30.580000000000002,-0.7411157118386543
30.59,0.5758327915237378
30.6,-0.05105152944571947
30.61,0.018776538330281454
30.62,0.20032081916991834
30.63,-0.3940381269518356
30.64,0.22817798656634813
30.650000000000002,-0.1835373230090915
30.66,-0.44829277032359577
30.67,0.28672374667769945
30.68,0.7458369294009038
30.69,0.3624146867429159
30.7,0.4614887825702154
30.71,-0.2603153032811495
30.72,-0.7988098645842282
30.73,0.7450687610499206
30.740000000000002,1.02725744470238
30.75,0.771403386884841
30.76,-0.16789296948987484
30.77,-0.5773171693644221
30.78,-0.5328413489097833
30.79,-0.8418662838070243
30.8,-0.053689309205022684
30.810000000000002,0.8028389790412273
30.82,-0.07083131593612163
30.830000000000002,0.15116145017413746
30.84,0.6877984821521043
30.85,-0.20204765591619983
30.86,1.0177657283597974
30.87,0.9960472037487267
30.88,-0.06555566934024133
30.89,-0.2887671320096064
30.900000000000002,0.3486190231951565
30.91,-0.173762471259429
30.92,-0.5782776085336682
30.93,0.6406193267614901
30.94,0.60822369363854
30.95,0.07775580188178041
30.96,-0.6314323768640889
30.970000000000002,-0.6147631256086931
30.98,0.05361464420957637
30.990000000000002,-0.24993551725251612
31.0,-0.1705464660708041
31.01,0.5109815775300017
31.02,0.36658965871127885
31.03,0.6890713402488065
31.04,-0.4953116116886288
31.05,-0.17159578434335598
31.060000000000002,0.37949084773005637
31.07,0.22403917050644587
31.080000000000002,0.7661901912938109
31.09,0.21026835295203464
31.1,0.9240545520527762
31.11,0.27000890086157037
31.12,0.5310837237943301
31.13,-0.16175747339222857
31.14,0.007143605941994533
31.150000000000002,0.45547220191973764
31.16,0.8064890852965272
31.17,0.3646184746553765
31.18,-0.04158588596730974
31.19,0.6886675147641709
31.2,-1.0959893281399404
31.21,-0.7111172507534368
31.220000000000002,0.3408171118341945
31.23,0.0070541781265624276
31.240000000000002,0.3027568255620826
31.25,0.03220376121597102
31.26,0.28547284730193634
31.27,-0.4072014104965953
31.28,0.2852430430398454
31.29,0.49720726410379223
31.3,0.6102753019656163
31.310000000000002,1.0067771473243499
31.32,0.12204922175119329
31.330000000000002,0.13695554342358945
31.34,-0.7615862320869239
31.35,-0.2657057005692125
31.36,-0.09654103700330632
31.37,0.5251597761381775
31.38,-0.30550056204481457
31.39,0.3981700098744162
31.400000000000002,-0.0008108584816900618
31.41,-0.08858405755738095
31.42,0.12444698456662821
31.43,-0.19557818612642128
31.44,-0.21451862404633276
31.45,-0.8523929528950572
31.46,-0.12397710366394481
31.470000000000002,-0.23998407307436326
31.48,-0.25799049467453977
31.490000000000002,0.20843653129502018
31.5,0.32931597639525484
31.51,0.1160972523211638
31.52,0.49770759522473723
31.53,0.28778096291518257
31.54,-0.14752809490282107
31.55,-0.23142814285718988
31.560000000000002,0.15641111838342323
31.57,0.2868835549509504
31.580000000000002,0.6989221535157492
31.59,0.5955865224700478
31.6,-0.2707365032535845
31.61,-0.051003140063630846
31.62,0.335508902458885
31.63,0.533998889029486
31.64,0.46948473435239607
31.650000000000002,-0.03193891641567334
31.66,-0.6270113262142583
31.67,-0.49946818812279564
31.68,0.13631675715970715
31.69,0.17111278971217278
31.7,-0.5493396867171925
31.71,0.022284805444635816
31.720000000000002,0.31561217848589157
31.73,-0.5756133287535721
31.740000000000002,0.5524986009022073
31.75,-0.18876557427991258
31.76,0.6288065562883255
31.77,-0.2667262228879502
31.78,-0.5133127414420895
31.79,-0.2290684949208598
31.8,-0.047574061538660076
31.810000000000002,-0.19423995338574046
31.82,-0.10800071078655668
31.830000000000002,0.16698257483809517
31.84,-0.08558968489819971
31.85,-0.03305619697600352
31.86,-0.854613199601298
31.87,0.19584900800523636
31.88,-0.04460164884583399
31.89,0.8051464902414355
31.900000000000002,-0.4697825836269791
31.91,-0.9041476642497572
31.92,0.30903424696502096
31.93,0.1732635091565002
31.94,-0.5042165102655729
31.95,-0.7648744775020457
31.96,0.768698365342145
31.970000000000002,0.7070551953033909
31.98,-1.2437283793530647
31.990000000000002,-0.22911151462825047
32.0,0.8320960273919497
32.01,-0.23803127888893347
32.02,-0.24530611701332633
32.03,-0.14137966381468417
32.04,-0.5604484868840797
32.05,-0.8523878721140221
32.06,0.5262736553673744
32.07,-0.9214684531238378
32.08,0.12363572605437795
32.09,0.4432897463788248
32.1,-0.7256131494505792
32.11,-0.4621342012975358
32.12,0.606589594195795
32.13,0.26644586011351995
32.14,-0.3086428534394436
32.15,0.6011245016805855
32.160000000000004,0.6032678617271512
32.17,0.13452634650785356
32.18,-0.45008011393683145
32.19,-0.20672435173589765
32.2,0.14319337197769508
32.21,-0.09429741457374412
32.22,0.4694785891174257
32.230000000000004,-0.7648870400546681
32.24,-0.7471317645331194
32.25,0.09043555574121621
32.26,-0.24577220690345228
32.27,-0.31352430734887043
32.28,-0.8840283595871986
32.29,0.009772922399090878
32.3,-0.02637755400038283
32.31,0.32673949097587035
32.32,0.03445306656048605
32.33,-0.06630203912024837
32.34,0.5885003183951686
32.35,-0.656233651724275
32.36,0.2681946094237881
32.37,-0.8355735823976744
32.38,-0.41918094000040385
32.39,-0.6063285663116569
32.4,0.39097126772595914
32.410000000000004,-0.032705116797697005
32.42,-0.006751622296488376
32.43,-0.5533664938647255
32.44,-0.1498467479664446
32.45,-0.38173265165455583
32.46,0.191727507427108
32.47,-0.4955455676658068
32.480000000000004,0.6648971826025379
32.49,-0.8377902248120472
32.5,-0.40325991622828067
32.51,0.8386002549830481
32.52,-0.2175693739810172
32.53,-0.657439332202206
32.54,0.10953578126883433
32.55,-0.23769612110727112
32.56,-0.41793512780915293
32.57,-0.5479354053993587
32.58,1.3841868028129716
32.59,-0.12577595009206818
32.6,-0.9627836801664386
32.61,0.7468548795027671
32.62,0.30553545255528536
32.63,-0.38323321550989387
32.64,-0.46655954434307084
32.65,0.3367363980791154
32.660000000000004,-0.12345916374472732
32.67,-0.9629889092225506
32.68,0.8936199823023342
32.69,-0.2169952311079785
32.7,0.7477858682412132
32.71,0.6392174789828575
32.72,-0.5005047722414071
32.730000000000004,0.5165949321815739
32.74,-0.3257212749318406
32.75,-0.933350293401971
32.76,-0.21229908301107125
32.77,0.1988187508881395
32.78,-0.23136832399816895
32.79,-0.15352417046255074
32.8,0.5717830224643065
32.81,0.05324699014504592
32.82,-0.42164915564247624
32.83,0.35101516183366327
32.84,0.09883778347712258
32.85,-1.2608024007310215
32.86,0.21417645688572434
32.87,0.1959143538580508
32.88,0.010060564790429993
32.89,0.4458502905347876
32.9,-0.3361967921632511
32.910000000000004,0.16824989441045043
32.92,-0.7834796855836764
32.93,0.2035451916994159
32.94,0.9765298477699482
32.95,-0.49742817623377056
32.96,-0.3799010659938876
32.97,-0.35500772144577614
32.980000000000004,0.06499911290079764
32.99,-0.5315181364268591
33.0,0.21062368934549008
33.01,0.4234199727345826
33.02,0.26717360672689217
33.03,-0.8842077128190362
33.04,0.49758383257930305
33.05,0.46868370712683993
33.06,0.4150806861731522
33.07,0.1864211243279125
33.08,0.1100946571025664
33.09,0.5161946990631984
33.1,0.9617567438017273
33.11,-0.4765202316824249
33.12,0.5390626978973859
33.13,-0.043108549003726376
33.14,-0.06483652601430034
33.15,-0.7682653451910192
33.160000000000004,-0.14239470475769753
33.17,-0.4986324789842077
33.18,-0.23192721475297284
33.19,-0.5490931918890749
33.2,-0.22445419365650318
33.21,-0.20305517851170163
33.22,0.048377459219400155
33.230000000000004,-0.8073749311456655
33.24,-0.7227590738726617
33.25,0.18095713536526328
33.26,-0.39871905853504946
33.27,0.5372648951149656
33.28,0.11263486100752335
33.29,0.30338107510320367
33.3,0.7053461602104474
33.31,-0.15485540590328628
33.32,-0.28724335270813783
33.33,0.4358512927994067
33.34,0.25475678196484297
33.35,-0.09366515491065043
33.36,0.6957289834779711
33.37,-0.10612215491996528
33.38,0.016386818777890715
33.39,0.010611325417129202
33.4,-0.46729694744923556
33.410000000000004,0.03879269474319548
33.42,0.6983800886992456
33.43,0.2224841576880879
33.44,0.015531713199465719
33.45,-0.08088364058283451
33.46,0.16543351420317562
33.47,0.37488331424459254
33.480000000000004,0.3046194154448765
33.49,-0.16593243091098958
33.5,0.16239079705505727
33.51,0.23996987057413932
33.52,-0.5035974937634892
33.53,0.08411527059184719
33.54,-1.080651943151181
33.55,0.24126685491059252
33.56,0.3301715272813408
33.57,0.3737730628932297
33.58,-0.19752342608478374
33.59,0.1545234175120174
33.6,0.7119769227705834
33.61,0.7068848241456294
33.62,-0.014586349613280314
33.63,0.06965981536477991
33.64,0.5554555723672165
33.65,-0.7504010076310874
33.660000000000004,-0.16153787133851227
33.67,0.6677852277683782
33.68,0.48760027084238305
33.69,0.18463188882495232
33.7,-0.7529162026653102
33.71,-0.02495511652058101
33.72,-0.2949576981249665
33.730000000000004,0.16551945140860674
33.74,-0.40467334239744013
33.75,-0.5128616974873037
33.76,-1.0324326388418208
33.77,0.6109023424883507
33.78,-0.19988525572152874
33.79,0.07857289185126726
33.8,-0.0011190582370905467
33.81,-0.5337169664802497
33.82,-0.6295324557240967
33.83,-0.5026575629986177
33.84,-0.3615842194146965
33.85,0.18330312350690248
33.86,-0.39785883176030573
33.87,0.8732453157973108
33.88,0.5135755179465755
33.89,0.40417977483285417
33.9,-0.05982945123657507
33.910000000000004,0.7571403678602419
33.92,-0.10900281556056202
33.93,-0.015630707077123038
33.94,0.0849872698746347
33.95,0.350911520271672
33.96,0.3184540395014927
33.97,-0.2375626392223016
33.980000000000004,-0.2664968597129769
33.99,0.3199514785760422
34.0,0.35761829194561634
34.01,-0.1966755624114364
34.02,-0.793594034839227
34.03,-0.10365804800412229
34.04,0.31176289941292934
34.05,0.9027084232098903
34.06,-0.598978981170331
34.07,-0.21328562641528678
34.08,-0.1947017807626883
34.09,0.6779026697157506
34.1,-0.01747075022931639
34.11,-0.4536632796861328
34.12,0.27934764146090957
34.13,-0.20231926002047318
34.14,-0.6121936366789772
34.15,-0.44638665363807534
34.160000000000004,0.8670209772113096
34.17,0.19210461082473113
34.18,0.05388002772627148
34.19,-0.12494686790602307
34.2,0.14607442105939944
34.21,0.14011797300124715
34.22,0.14608441410366305
34.230000000000004,0.0574225451388765
34.24,0.43439916915277466
34.25,0.011552173000365516
34.26,-0.48896941777631936
34.27,-0.3062114454504341
34.28,-0.9895093467448561
34.29,1.0134085580211962
34.300000000000004,0.43137729597634333
34.31,-0.41503524756461846
34.32,-0.14092242469854996
34.33,-0.31843823710321667
34.34,0.7712736056870585
34.35,-0.7099385821354645
34.36,0.057238029409389636
34.37,-0.054263921282423924
34.38,0.41341931535455717
34.39,-0.0520046138623475
34.4,-0.8791044383277176
34.410000000000004,-0.12555891732122043
34.42,-0.4860811089716625
34.43,0.03978977327828032
34.44,0.7170885182601633
34.45,-0.8697126221161391
34.46,-0.40011136769995187
34.47,-0.2763464768917485
34.480000000000004,-0.19081554770660566
34.49,0.37006283205262214
34.5,-0.08677220878069375
34.51,0.2079013628602226
34.52,-0.31288652186588817
34.53,0.11496217270896876
34.54,0.38889881543885746
34.550000000000004,-0.3661497748685442
34.56,0.39067905990325735
34.57,0.02618638436378424
34.58,0.5227301202411263
34.59,-0.10070995003848676
34.6,0.1906223275810494
34.61,-0.020303115839265
34.62,-0.04810613102028948
34.63,0.12946521411284492
34.64,0.26840373461245187
34.65,-0.6247824559620025
34.660000000000004,0.7168168044089389
34.67,-0.9298315202748992
34.68,-0.342406054869448
34.69,-0.047134535382450334
34.7,0.20617798454297406
34.71,0.7880862638706893
34.72,-0.9291457441125537
34.730000000000004,-0.2538470641948553
34.74,-1.0634167438996327
34.75,0.015810986955123885
34.76,0.13584179225001533
34.77,0.7953978710856263
34.78,0.06031738044672706
34.79,0.5220125647211898
34.800000000000004,0.2919185407695295
34.81,-0.21762409850258416
34.82,-0.7044803733960197
34.83,0.1375011491459054
34.84,-0.7460510085726819
34.85,0.647603536334822
34.86,-0.08103105101841196
34.87,0.5975887057557082
34.88,-0.24010721706619972
34.89,0.13442539320049596
34.9,0.10467442866734439
34.910000000000004,-0.022522059005461975
34.92,-0.21632975669829604
34.93,0.1962280092352601
34.94,-0.46308163174160416
34.95,-0.6047176644795293
34.96,0.6214134466634138
34.97,0.3635839944460503
34.980000000000004,0.03294580430111997
34.99,0.8325711912718907
35.0,-0.13388275936242242
35.01,0.6613516099944897
35.02,0.08778704246291091
35.03,-0.5123753750381951
35.04,0.9240200958854249
35.050000000000004,0.4953554233120426
35.06,-0.06051051550478215
35.07,0.36358562976697456
35.08,-0.2018517169989534
35.09,0.414574517529771
35.1,-1.1955392826419797
35.11,-0.5099006668472968
35.12,0.4896298721434814
35.13,-0.12482776910945967
35.14,0.10377114744437095
35.15,-0.6733928310577173
35.160000000000004,0.9239334978510515
35.17,0.5952648218588383
35.18,-0.10034260918766488
35.19,-0.20234792843166316
35.2,0.5148021807098465
35.21,0.9912352250844638
35.22,0.47688012790567685
35.230000000000004,1.085901333698301
35.24,-0.461175664530959
35.25,-0.40969341524939534
35.26,-0.5944705590266743
35.27,0.22088032482473968
35.28,0.0878017749021851
35.29,-0.07597556173599293
35.300000000000004,0.4046293140616493
35.31,0.616164302607332
35.32,-0.762831204643421
35.33,-0.29848601395055774
35.34,0.41007179706152996
35.35,-0.233869341929291
35.36,-0.39910303817907705
35.37,0.5092687138251973
35.38,-0.64475003486199
35.39,-0.1507899038955525
35.4,0.16432201290240428
35.410000000000004,-0.2869099569550594
35.42,0.3915778280065874
35.43,-0.2844384875986845
35.44,0.7043097467229597
35.45,-0.06287314874788631
35.46,0.33563506835267676
35.47,0.37301197649140816
35.480000000000004,-0.31377000137203637
35.49,-1.0267432743279443
35.5,0.18037787733191743
35.51,0.03614417356243475
35.52,0.27791301378756367
35.53,-0.11326373619141902
35.54,-0.21521384940035793
35.550000000000004,1.0042365054908498
35.56,-0.7361770307553889
35.57,0.3669752391821192
35.58,-0.2873009290916955
35.59,-0.16788930887021103
35.6,-0.15855141628698285
35.61,-0.40171713708562856
35.62,0.28561210511811974
35.63,0.6953217979749786
35.64,0.23500683062333072
35.65,0.05169099810604756
35.660000000000004,-0.4932202495496233
35.67,0.25841263291222544
35.68,1.0781748158646494
35.69,-0.19034731189754625
35.7,-0.18799178967593308
35.71,-0.28054456549049867
35.72,-0.2447071172472102
35.730000000000004,-1.3726497768361923
35.74,0.2025176929278564
35.75,-0.4227760881773069
35.76,-0.8051315593959001
35.77,0.3765949748662744
35.78,-0.5410088925209681
35.79,-0.1693345269418788
35.800000000000004,0.73322119559429
35.81,-0.7046078990122567
35.82,-0.766299117298881
35.83,0.13465309478116907
35.84,0.5747436820051842
35.85,-0.7871708588659815
35.86,0.20384486841858854
35.87,0.29049976998084603
35.88,-1.0295802418461601
35.89,0.3992506689536101
35.9,0.4383029399210897
35.910000000000004,-0.15589278662801237
35.92,0.6261731811490041
35.93,0.5682277871624226
35.94,0.051558962858602425
35.95,-0.22572269516246682
35.96,-0.48641394629147855
35.97,-0.018781754683095616
35.980000000000004,0.2848794598520895
35.99,-0.16208843052032063
36.0,-1.098750502631015
36.01,0.6343569472882852
36.02,0.09511161092244688
36.03,-0.18981224833841692
36.04,0.4285791942116442
36.050000000000004,0.7623192982413781
36.06,-1.4009557847439458
36.07,0.21713182496103578
36.08,-0.7133246054051736
36.09,0.24955525339947063
36.1,0.06396360118728962
36.11,0.31786326322027497
36.12,-0.2496238072473276
36.13,-0.936620055909576
36.14,-0.22518409562833405
36.15,0.20342381756989153
36.160000000000004,0.5076961643376117
36.17,-0.5859156502362626
36.18,0.5135302134365087
36.19,-0.32393614482326066
36.2,0.18122494079726326
36.21,-0.2549469764328164
36.22,0.09108531385605084
36.230000000000004,0.4459388172851373
36.24,-0.6135070386442679
36.25,-0.3399529483734157
36.26,0.09248129367104331
36.27,1.2007918305151761
36.28,-0.431594856083414
36.29,1.0200669429984595
36.300000000000004,1.0022116518375854
36.31,-0.04865557535079558
36.32,-0.14907626309995015
36.33,-0.34603259933234587
36.34,-0.03410126516633455
36.35,-0.703359716279779
36.36,-0.0381195086602988
36.37,0.7484401369254281
36.38,-0.30554253123835884
36.39,-0.12036215199452538
36.4,-0.8505702371336209
36.410000000000004,0.18703104406552176
36.42,0.13224084247568696
36.43,0.03185117988288545
36.44,-0.10841352511107169
36.45,-0.14637895938622736
36.46,0.25095011685033597
36.47,-0.014408300794311655
36.480000000000004,0.1574859357776661
36.49,0.10749140872727397
36.5,0.5617136435478809
36.51,0.3384970486875271
36.52,0.09643092157509532
36.53,0.7592110153260899
36.54,0.21013426452828074
36.550000000000004,0.6524813443952094
36.56,0.3034713041933189
36.57,-0.9209595394657715
36.58,0.6524173816596648
36.59,0.06758812067133455
36.6,-0.025977385450388975
36.61,0.14067417374478852
36.62,-0.1724915809785337
36.63,0.11351443019447265
36.64,-0.2959380331715462
36.65,0.637136129367185
36.660000000000004,-0.05679405681052515
36.67,-0.19129192136121675
36.68,-0.46246290785963695
36.69,0.13438789457432074
36.7,0.09355355006254595
36.71,0.1942123068387532
36.72,-0.5136259437525644
36.730000000000004,-0.8005905994057865
36.74,0.3127956512532799
36.75,0.7423209309382538
36.76,-0.5131768111949481
36.77,0.7947206417808492
36.78,0.14195552936819045
36.79,-0.0035314522754148576
36.800000000000004,-0.198774348272889
36.81,-0.6922590097124983
36.82,0.4938642579622998
36.83,-0.38780318071880154
36.84,-0.38990333786880016
36.85,0.4959631549434773
36.86,-0.9414917233358633
36.87,-0.7617989053340833
36.88,-0.009067121754040884
36.89,0.14664221450242604
36.9,0.24236732398446192
36.910000000000004,-0.1508992466981264
36.92,1.2651848343208447
36.93,-0.11394627938291704
36.94,-0.11539307605136107
36.95,-0.39849333440693874
36.96,0.06195340826053554
36.97,0.30748061602338733
36.980000000000004,0.60178902726673
36.99,-0.744642132220109
37.0,-0.1229976691778504
37.01,0.22335180540457208
37.02,0.2935287672972678
37.03,0.003274328902269638
37.04,0.2712119847660509
37.050000000000004,-0.4044819464629002
37.06,0.7789527161591784
37.07,0.49631405148971475
37.08,-0.6724638935325862
37.09,-0.5375515240583778
37.1,-0.5234608750534531
37.11,0.3389849854482642
37.12,-0.6423638832087336
37.13,-0.1655121671040403
37.14,0.2273521982083872
37.15,-0.03308296727321736
37.160000000000004,0.1294437578563529
37.17,-0.5329013556743791
37.18,0.29742718669862234
37.19,-0.30660594623799825
37.2,-0.16230983719897063
37.21,0.11886586395299306
37.22,0.051539110765424084
37.230000000000004,0.011990009507796481
37.24,-0.37531341098837784
37.25,-0.14977470559959608
37.26,0.0010917954185179727
37.27,-0.6875426165835424
37.28,-0.2312664831566894
37.29,0.19383993951642323
37.300000000000004,-0.6387183019226713
37.31,0.5782908257971199
37.32,0.6348066312999214
37.33,-0.6225752879800428
37.34,0.6788098165250697
37.35,-0.0717907943560672
37.36,0.2092572795785274
37.37,-0.24832552606412334
37.38,0.4615224136133809
37.39,0.20304700942433354
37.4,-0.40707662829880176
37.410000000000004,-0.5826009999826443
37.42,-0.7301512176046113
37.43,0.09397088821637822
37.44,0.2862357058898679
37.45,0.3254828393897207
37.46,-0.05899054730368892
37.47,-0.578498227832182
37.480000000000004,-0.3410373990118915
37.49,0.5761743194809629
37.5,-0.24231428230004068
37.51,0.07170881534073807
37.52,-0.5378252417874437
37.53,0.16829152272951747
37.54,-0.22884228083953892
37.550000000000004,0.5233563568878818
37.56,0.3867788531034067
37.57,-0.24785297328744985
37.58,-0.06333201367383169
37.59,-0.2755581200203144
37.6,-0.7097165982725049
37.61,-0.4287212147736083
37.62,0.09910866386041006
37.63,0.16262974911479094
37.64,0.07427395179631945
37.65,-0.15086652697931788
37.660000000000004,0.46653330286049266
37.67,0.031770952280468695
37.68,0.35162691404797364
37.69,-0.8868875661012593
37.7,-1.9612001258091711
37.71,0.14189401391904005
37.72,-0.7123828268607447
37.730000000000004,-0.10622585135652801
37.74,-0.15104852051230283
37.75,0.7937003012077685
37.76,0.1999982764718032
37.77,0.08292951339933637
37.78,0.41849557731683684
37.79,0.18424879341951939
37.800000000000004,-0.22883849649421653
37.81,0.5357379651272799
37.82,-0.5548750639441371
37.83,0.16162359376678112
37.84,-0.7737848970681556
37.85,0.10197192875799752
37.86,0.09649482088646474
37.87,0.8382274809573314
37.88,-0.7824869467208897
37.89,-0.3004435879269063
37.9,0.4113412132870719
37.910000000000004,0.16765862819865388
37.92,0.09015252566875152
37.93,-0.4780678514792696
37.94,-0.2954091740457146
37.95,0.6225205041116283
37.96,-0.025754596876963978
37.97,0.18767984807223664
37.980000000000004,-0.0575941643882395
37.99,-0.5915427576248826
38.0,0.4669052130374983
38.01,0.25161619226624815
38.02,1.1528184186835946
38.03,-0.5077906898252725
38.04,0.41128646060024027
38.050000000000004,-0.6557719830185006
38.06,0.07867328383653883
38.07,0.4882532945315823
38.08,-1.0360675580482435
38.09,-0.10246623712080394
38.1,-0.28160486702131016
38.11,-0.35097864914756094
38.12,0.1926063261296771
38.13,0.5603428532112976
38.14,-0.06663935761457775
38.15,0.10274321378001008
38.160000000000004,0.05715437652962388
38.17,0.0009017531782070882
38.18,-0.5446713188560531
38.19,0.5542223008614464
38.2,0.147597684079418
38.21,0.19744074500128883
38.22,-0.4032548145127911
38.230000000000004,-0.2296101989946203
38.24,-0.08806709885538919
38.25,-0.7670623467244257
38.26,-0.8440171625988391
38.27,-0.3003739653192839
38.28,0.261260383221195
38.29,-0.32656869496497043
38.300000000000004,-0.5094025987953568
38.31,-0.4073428266188351
38.32,-0.2276712115726563
38.33,-0.17692948141005188
38.34,1.0827607261032783
38.35,0.5273103142436592
38.36,0.512387056140864
38.37,0.5842901821366907
38.38,-0.4994104346670247
38.39,-0.6111823074936196
38.4,-0.5534351457670283
38.410000000000004,0.6672530666689189
38.42,-0.2735958944412455
38.43,-0.6256780911196435
38.44,-0.2154981001099065
38.45,-0.11930276585731371
38.46,0.13420663684728107
38.47,0.1254755103560215
38.480000000000004,-0.41409028193675407
38.49,0.34282819625685546
38.5,-0.31959676687507904
38.51,-0.07813816835252152
38.52,0.3433870352516775
38.53,-0.3209107019721707
38.54,-0.2846757117905688
38.550000000000004,0.2958340248465655
38.56,-0.42886658830250973
38.57,-0.19239601180203533
38.58,0.27787108902144625
38.59,1.0270462207179876
38.6,0.3027022523813733
38.61,0.23631988149500582
38.62,0.2654007918363648
38.63,-0.5365951370335247
38.64,0.057798369339954
38.65,-0.014883244168200874
38.660000000000004,0.16079227018637807
38.67,0.058254026237935415
38.68,0.18984983870855623
38.69,-0.15573359744960077
38.7,0.029304458685896363
38.71,-0.613914283028496
38.72,-0.1599536390014569
38.730000000000004,0.6954167740883217
38.74,0.15940416981412794
38.75,-0.010460518691538441
38.76,0.9480616381271734
38.77,-0.6804174891505396
38.78,-0.5547277777231099
38.79,0.8563557056381363
38.800000000000004,0.022980468024466915
38.81,-0.12129151814489689
38.82,-0.5996021625478216
38.83,0.22384813319750593
38.84,0.27222993476373114
38.85,-0.5472471804174481
38.86,-0.07013779277521416
38.87,-0.16775791601653303
38.88,0.12798857320938553
38.89,-0.5596251211103219
38.9,0.6259737272565786
38.910000000000004,0.4579118907988021
38.92,-0.18158777936640808
38.93,-0.1082093558191856
38.94,-0.06821107513880802
38.95,-0.3891542765032517
38.96,-0.22171470911751784
38.97,-0.13513518383730452
38.980000000000004,0.806434185353564
38.99,0.47330915416521835
39.0,0.4673273536683118
39.01,0.18496280650219515
39.02,-0.5586635044656173
39.03,-0.020745552288689618
39.04,0.48524422980668996
39.050000000000004,-0.629132314683644
39.06,0.31827660343663217
39.07,1.161304612631383
39.08,0.5309083229948659
39.09,0.7070145677809937
39.1,0.10916937522108035
39.11,0.4839659743824949
39.12,-0.35892660717701774
39.13,0.3979319061706132
39.14,0.3271940670303816
39.15,0.14495558701883146
39.160000000000004,0.6580037098592492
39.17,-0.2693924189236943
39.18,-0.09352875823683131
39.19,0.047731020679148285
39.2,-0.5148054855447003
39.21,0.11346597190012393
39.22,-0.8594652064769235
39.230000000000004,0.5234772672141046
39.24,0.023318683282982873
39.25,-0.26044645195188165
39.26,-0.41718680614756076
39.27,-0.11728951480959379
39.28,0.3441298553862068
39.29,0.2738694893687803
39.300000000000004,-0.3527689736392305
39.31,-0.42301983631381723
39.32,0.3284493531598237
39.33,-0.3611737023075147
39.34,0.02995488703975178
39.35,0.06187732126213853
39.36,0.1560310658633692
39.37,0.4291352150909359
39.38,-0.6314814684336614
39.39,-0.9555796626302439
39.4,-0.2837236406141758
39.410000000000004,0.900764203916093
39.42,1.0110870500436893
39.43,0.9155885677829437
39.44,-0.0964906838803448
39.45,-0.8910575409924144
39.46,-1.1715195508259204
39.47,-0.3070190807747056
39.480000000000004,-0.09903681507468008
39.49,0.6503127005279794
39.5,0.43390272977122285
39.51,0.1137025394958103
39.52,-0.44492238547057084
39.53,-0.4803897791224451
39.54,0.1270638435357177
39.550000000000004,0.3485254894198633
39.56,0.19594063112279228
39.57,-0.5172989798033274
39.58,0.3253338143960431
39.59,0.2129554835507057
39.6,-0.5353332030950891
39.61,-0.39216048515012786
39.62,0.34424798728078326
39.63,-0.11725376757294548
39.64,0.7945736508182286
39.65,0.2505646380322882
39.660000000000004,-0.24331559409463457
39.67,-0.00510280019546634
39.68,0.03169169631885908
39.69,-0.364195156620855
39.7,-0.4562940990888133
39.71,0.35069494690474967
39.72,0.4226366485210478
39.730000000000004,0.3018907347764793
39.74,0.7576590471619009
39.75,-0.27088661800580094
39.76,0.8371353830355651
39.77,-0.4504605592770764
39.78,-0.5063427816842464
39.79,-0.8799794410746251
39.800000000000004,-0.22289765691340852
39.81,-0.25186116841472683
39.82,0.26296864012732524
39.83,0.12194547081022547
39.84,-0.5964866855095684
39.85,-0.19636311921290878
39.86,-0.18573101054384272
39.87,-0.8879911234809463
39.88,-0.49047336350668475
39.89,-0.3854068153070447
39.9,0.7168125099104732
39.910000000000004,0.09572535797867629
39.92,0.3310843769737498
39.93,-0.749317748574606
39.94,0.5971072415069959
39.95,0.6505510315120464
39.96,-0.999172483572313
39.97,-0.3526583619579241
39.980000000000004,0.24788278650775517
39.99,0.3221942267690911
40.0,-0.3392473652436109
40.01,-0.15274973152682644
40.02,-0.29869053052257144
40.03,0.05520902347305978
40.04,0.5985892657309564
40.050000000000004,-0.3855210785706023
40.06,0.500410248884207
40.07,-0.3908360361734438
40.08,-0.4238136062484421
40.09,0.4092973091716066
40.1,0.46096818900380837
40.11,0.42570496838132715
40.12,-0.6578987041090706
40.13,-0.23297548903602538
40.14,0.4114942960016607
40.15,0.020770920281947304
40.160000000000004,-0.5368464230987321
40.17,0.22915896956272086
40.18,-0.35740362949573523
40.19,0.897262424196106
40.2,0.7724207312091292
40.21,0.30204871317778365
40.22,0.6805033523848868
40.230000000000004,0.03239567506169055
40.24,0.3827187471875079
40.25,0.7388601476510375
40.26,0.12274934089715635
40.27,-0.12759358575714183
40.28,-0.8523109790885579
40.29,-0.041566762860746995
40.300000000000004,0.41171159228115567
40.31,0.47281671378381485
40.32,0.2521825328592049
40.33,-0.2706495474811199
40.34,-0.9884107844737953
40.35,-0.24760754900236756
40.36,-0.1521724355269757
40.37,-0.15646448359500706
40.38,0.3092781784889622
40.39,0.9928382055074199
40.4,0.06176460092054651
40.410000000000004,-0.10836589457823083
40.42,-0.12961090650204626
40.43,0.0621923834538571
40.44,-0.4141468801741995
40.45,0.06009927937302754
40.46,0.2254061681658999
40.47,0.10484303178724406
40.480000000000004,0.2287709670023906
40.49,0.21687380467426765
40.5,-0.8859483411232218
40.51,0.3184350791977016
40.52,-0.3355074228312268
40.53,-0.547919581501979
40.54,-0.5522259139274981
40.550000000000004,0.21677080523626466
40.56,-0.11128746361242647
40.57,-0.8409843919927054
40.58,0.23901890759614172
40.59,-0.7198040653994137
40.6,0.06991067925910543
40.61,0.11924946283652707
40.62,0.44278854084752245
40.63,0.8908423932334257
40.64,-0.6823381629502708
40.65,-0.02623692803152472
40.660000000000004,-0.13816764752210867
40.67,0.21687484298048113
40.68,0.10783438546680929
40.69,-0.17627312136830997
40.7,-0.22045109430542775
40.71,-0.5582254275920238
40.72,0.4939307912032546
40.730000000000004,0.22960209079976462
40.74,0.45888409889756865
40.75,-0.15519806823775684
40.76,-0.3284177343472152
40.77,-0.5391575333146139
40.78,0.17945879187032976
40.79,-0.5198966122641173
40.800000000000004,0.9243315344832751
40.81,-0.6538212905467202
40.82,0.13683005960625094
40.83,0.7834273536068931
40.84,0.2995448796319045
40.85,0.08783685624588966
40.86,-0.4842418234809478
40.87,-0.690884594283852
40.88,0.3850250544587929
40.89,0.7530736203874733
40.9,-0.21942499523908573
40.910000000000004,-0.5695307538081755
40.92,-1.2290847152745092
40.93,-0.49038242183126884
40.94,-0.056828421249520096
40.95,0.7995616204183671
40.96,0.33656684611648424
40.97,0.1525427023533765
40.980000000000004,-0.20005983065056548
40.99,-0.29158285862797817
41.0,0.7028237987539818
41.01,0.10036927037919474
41.02,-1.051300345960511
41.03,-0.3367698239486214
41.04,-0.4291080158858134
41.050000000000004,-0.27313200458873244
41.06,0.2814553301425426
41.07,-0.053722440897124704
41.08,-0.03843270350183101
41.09,0.6567365806626183
41.1,-0.3482305448933442
41.11,0.9320997629436748
41.12,-0.33565379568554304
41.13,0.04459909830628569
41.14,-0.14060179770138345
41.15,0.061709566750480525
41.160000000000004,0.22229599753656448
41.17,0.21691762004443826
41.18,-0.37655866531029
41.19,-0.5614573387237853
41.2,1.2515858954528554
41.21,-0.24199216980027655
41.22,0.3496062193359933
41.230000000000004,-0.8038206552615984
41.24,-0.1398063599523384
41.25,-0.06359969199122147
41.26,0.23640753496391625
41.27,-1.3612270704959695
41.28,0.08307030653916532
41.29,-0.5748707276839464
41.300000000000004,0.16217285559746192
41.31,-0.5181645984190815
41.32,-0.4277413479627907
41.33,-0.13681380519663408
41.34,-0.5261647348015976
41.35,-0.23776722336767742
41.36,-0.5966878842716576
41.37,-0.9165852258493637
41.38,0.5089785262146798
41.39,-0.6480243464119642
41.4,-0.08934044380399177
41.410000000000004,0.37644554074689246
41.42,-0.3074720512580216
41.43,-0.41258294987276894
41.44,0.11311904433371074
41.45,0.558966911363576
41.46,-0.5846576325432344
41.47,-0.07507391600871946
41.480000000000004,-0.8662472974836637
41.49,-0.196600501841095
41.5,0.017102342269037722
41.51,-0.42731232087753285
41.52,-0.22849591691261573
41.53,-0.704113384153725
41.54,0.03853930569074681
41.550000000000004,0.5278471244415749
41.56,-0.5485719348852318
41.57,-0.31133588327619144
41.58,0.2512731232270909
41.59,0.6060453596613681
41.6,-0.7465949061044657
41.61,-0.08439236870797466
41.62,0.1415654111597625
41.63,-0.051028195314423985
41.64,-1.2383960334385435
41.65,0.25054500465438595
41.660000000000004,0.7596681755453221
41.67,0.05833087558475172
41.68,-0.5155530266471317
41.69,-0.25656362318214154
41.7,0.8849565338277965
41.71,0.4549812704302793
41.72,0.32001330919216464
41.730000000000004,0.17820629176718802
41.74,-0.3305685560954862
41.75,-0.10028559032788428
41.76,-0.03896136783925793
41.77,0.274787158032222
41.78,0.7544594471334517
41.79,0.559169068396564
41.800000000000004,-0.7096921778980203
41.81,0.11199748445052436
41.82,0.3683816725839485
41.83,0.3094301650723177
41.84,-0.3146168816937097
41.85,1.4570546078841808
41.86,-0.6385422811655594
41.87,-0.541594223333025
41.88,0.11679754063078815
41.89,1.0584015274819267
41.9,-0.41809742535208544
41.910000000000004,-0.13291418282349615
41.92,0.5386468365078464
41.93,-0.00893107744386675
41.94,-0.16730192726514784
41.95,0.28281645094336005
41.96,0.13625899511479656
41.97,0.5152193928183957
41.980000000000004,0.6457344445326817
41.99,0.15350153000268085
42.0,0.1458663626891545
42.01,0.10705549114306677
42.02,0.2445652783246438
42.03,0.02758531893573196
42.04,-0.00030424116114472524
42.050000000000004,0.5983135604136212
42.06,0.7580580901775216
42.07,-0.7537764723167104
42.08,0.005010575870284536
42.09,-0.34434721672261737
42.1,-0.15548573324303616
42.11,0.20125810486766071
42.12,0.3347191857712342
42.13,-0.05606322180567245
42.14,-0.9566701673614014
42.15,-0.4825227902880898
42.160000000000004,0.448249835100083
42.17,-1.3702132110174656
42.18,0.5937135758409999
42.19,0.26061499532227067
42.2,0.658088040765011
42.21,-0.09928459344048023
42.22,-1.0307027120114525
42.230000000000004,0.215181320753249
42.24,0.6373265620191706
42.25,0.4623609027567105
42.26,-0.3313457417440177
42.27,0.04338053773132335
42.28,-0.266418134389962
42.29,-0.40963323209468605
42.300000000000004,0.4776942855899255
42.31,-0.5987661556325811
42.32,-0.4469082152908063
42.33,-0.5520128167361927
42.34,-0.7451237616495233
42.35,0.07320714592130172
42.36,0.580751524240988
42.37,-0.09243837812263282
42.38,-0.7528739002820832
42.39,0.41997226987101377
42.4,0.8428508770174857
42.410000000000004,-0.3231211620732973
42.42,-0.23927713335885914
42.43,0.2578303150416971
42.44,0.8109368738925257
42.45,-0.25991707286261306
42.46,-0.6662248904991025
42.47,0.3157093031362032
42.480000000000004,0.39953403657114966
42.49,0.0030657252176134265
42.5,-0.2790666298287253
42.51,0.49718936549602316
42.52,0.26401800227398214
42.53,-0.38421775845174644
42.54,0.02454736565283575
42.550000000000004,-0.6758537660123233
42.56,0.34294522821896006
42.57,-0.13111678469142796
42.58,-0.21785541619236856
42.59,-0.01643724257621708
42.6,0.020153849665123912
42.61,0.44746503078278027
42.62,0.29554526566261075
42.63,-0.07820463939640135
42.64,0.3818340748594976
42.65,0.20036862684580653
42.660000000000004,-0.21329981814301854
42.67,-0.06235907911824295
42.68,-0.0741114444215604
42.69,0.25263067158710084
42.7,-0.18351130736082089
42.71,-0.19520459321081665
42.72,0.9843786547169794
42.730000000000004,0.4698677408735521
42.74,-0.38030033221256954
42.75,0.28547049697109916
42.76,0.05917503282758862
42.77,0.1957755876300469
42.78,0.06867066228255228
42.79,0.5948213227426179
42.800000000000004,0.17281017232572293
42.81,-0.031044349107143702
42.82,0.5210952884915087
42.83,0.116642520543936
42.84,0.06073928966452891
42.85,0.15701130124305726
42.86,-0.04680451168318325
42.87,0.004613496497734451
42.88,-0.2933472943809364
42.89,-0.3755836098119394
42.9,-0.4992851932412198
42.910000000000004,-0.695991643398538
42.92,-0.43985868069227824
42.93,-0.08713351723346281
42.94,0.051558791222818506
42.95,-0.13564828157382025
42.96,-1.177851745063679
42.97,0.7872931788811711
42.980000000000004,0.5432400614451909
42.99,0.22287992560856434
43.0,0.953745336276634
43.01,-0.48868205874185533
43.02,0.9438125603130023
43.03,-0.48260703837527397
43.04,0.11936896264567828
43.050000000000004,-0.6369186625671022
43.06,0.007347047772183396
43.07,0.19308324899919435
43.08,-0.07734516556727734
43.09,0.35693872204506877
43.1,0.049507224743628654
43.11,-0.2612073641887546
43.12,-0.2834066589011696
43.13,0.4054568863078482
43.14,-0.32687101490348375
43.15,0.45770148524246845
43.160000000000004,0.6113558964159654
43.17,-0.834356931173065
43.18,0.5664631936505173
43.19,1.0302113492223495
43.2,0.12600188060096423
43.21,0.29954209264741116
43.22,0.5185026621845793
43.230000000000004,-0.13774115758951114
43.24,0.09114011176893486
43.25,-0.6570997648115546
43.26,0.06931751426522549
43.27,0.24905599782227075
43.28,0.25808151146323466
43.29,0.5327123617987902
43.300000000000004,-0.38740108906776455
43.31,-0.2663033783367482
43.32,0.9477536729956776
43.33,-0.07516418688185496
43.34,0.100016893656164
43.35,-0.03350502086261053
43.36,-0.4108404131525112
43.37,0.8117646054459031
43.38,-0.26385070596030286
43.39,-0.563642761853465
43.4,-0.2253701386513758
43.410000000000004,-1.0008530008627667
43.42,-0.3256437324915909
43.43,-0.4840642989261633
43.44,0.3087143154636622
43.45,-0.3367071197799362
43.46,0.44390196778942426
43.47,0.6992419965346607
43.480000000000004,0.3905876681437996
43.49,-0.1076941444300383
43.5,0.07055724835279648
43.51,-0.7624924700720298
43.52,-0.06688968626061984
43.53,-0.43021923403341655
43.54,0.34716319057464945
43.550000000000004,1.286376194622237
43.56,0.24991081798690468
43.57,-0.9955700744773333
43.58,-0.18061509645718649
43.59,0.06124546268722733
43.6,0.04367871263013185
43.61,-0.36540656280437656
43.62,0.12264587131846764
43.63,-0.6212504184596936
43.64,-0.4724543613425335
43.65,0.3228988208018557
43.660000000000004,-0.507831615439913
43.67,0.2691058027461286
43.68,-0.684731887328029
43.69,0.882412941895868
43.7,-0.38713496120202734
43.71,-0.11183328590172206
43.72,0.16530663054520295
43.730000000000004,-0.28267497625054716
43.74,0.07170298053565222
43.75,0.2876783622600628
43.76,0.48030661625174265
43.77,0.3957487179864786
43.78,-0.085905231901337
43.79,-0.07331588702180114
43.800000000000004,1.1745542790125163
43.81,0.47494453412464605
43.82,-0.46091182816010684
43.83,0.0499940818827759
43.84,-0.16757156938909626
43.85,-0.06766711696155485
43.86,-0.614747578854044
43.87,-0.20596161719297656
43.88,0.9057778865969566
43.89,0.2895381504377515
43.9,-1.24558070407573
43.910000000000004,0.6083617462489734
43.92,0.5448147614545806
43.93,-0.17964265215320827
43.94,0.35863177189160755
43.95,-0.42969960540860036
43.96,-0.23512785813317869
43.97,0.7492731803349268
43.980000000000004,-0.1358650199348542
43.99,-0.9348658309774955
44.0,-0.031651611390668376
44.01,-0.0392941964571784
44.02,0.5991842846867298
44.03,0.007168211087880011
44.04,-0.21079115572014637
44.050000000000004,0.522528072615603
44.06,0.06039511625055514
44.07,-0.3750113407828585
44.08,0.5774987802708088
44.09,0.09683088225839961
44.1,0.0014629833397188496
44.11,0.0889541957058272
44.12,-0.5353341857082985
44.13,-0.26382688808916865
44.14,0.0017913009163916414
44.15,-0.09733184751233998
44.160000000000004,0.6362141914082977
44.17,0.10870292636350172
44.18,0.42745196131820123
44.19,0.004697677287924728
44.2,0.5281442418730615
44.21,0.19876387828657696
44.22,0.006710242694230055
44.230000000000004,-0.006641544479509762
44.24,-0.47721931314548166
44.25,0.25345786006815535
44.26,-0.02010236726818948
44.27,-0.2509959800906023
44.28,0.5532308854060358
44.29,-0.6251080129474006
44.300000000000004,-0.211247947716217
44.31,0.5138593743897667
44.32,0.15776147046012662
44.33,-0.023929463826378655
44.34,0.12550177157507328
44.35,0.08970708552442065
44.36,-0.7583312731429607
44.37,-0.17463094267398074
44.38,0.8082608272568744
44.39,-0.3296620673885838
44.4,-0.15915050705216702
44.410000000000004,-0.27081038165459376
44.42,-0.043507611659068704
44.43,-0.29156141566214905
44.44,0.24337075107903
44.45,0.09865670614513328
44.46,0.38677380755350904
44.47,-0.5254705830944802
44.480000000000004,-0.17017024144145163
44.49,-0.11286131580606751
44.5,0.22782345504429738
44.51,-0.3966105986035172
44.52,0.45782690212917204
44.53,0.5932077952588044
44.54,-0.4944361738177919
44.550000000000004,-0.24543644744678286
44.56,-0.2659657541460462
44.57,1.3161931023387492
44.58,-0.21495005260394334
44.59,0.8388127210780673
44.6,-0.6333159975533048
44.61,-0.4948254830821817
44.62,-0.3433022659241004
44.63,-0.4228446557232612
44.64,-0.13394936707924937
44.65,-0.3543891013607491
44.660000000000004,-0.40967079636728676
44.67,0.5792359982366638
44.68,0.6118968112565826
44.69,0.47464824918765786
44.7,0.26199947779216404
44.71,0.04637153288977614
44.72,-0.24851534533295436
44.730000000000004,-0.476578752377546
44.74,0.1814978517163437
44.75,-0.586815196273399
44.76,-0.49696046458769666
44.77,0.5764566281024048
44.78,0.9503245208610435
44.79,0.19664756908324038
44.800000000000004,0.5532285761473221
44.81,-0.12292415872199168
44.82,-0.6688370930438421
44.83,0.306085809309292
44.84,0.28464466163503194
44.85,0.03583427694012206
44.86,-0.12118772905255568
44.87,0.48110528929054897
44.88,-0.4928665167137372
44.89,-0.3868902894453289
44.9,-0.504053253380214
44.910000000000004,0.042486481317913605
44.92,-0.5439465060546291
44.93,-0.3421210902576218
44.94,-0.35287778111359897
44.95,-0.1303041661669791
44.96,-0.7436872232019884
44.97,0.0436024960186335
44.980000000000004,0.6236518253323389
44.99,0.06774568615838096
45.0,0.7706605724006603
45.01,0.6669990929384626
45.02,0.3888675236239273
45.03,0.03734292131844282
45.04,0.011250194122719786
45.050000000000004,0.38189988618162996
45.06,-0.19583530475201621
45.07,-0.9412603757337319
45.08,0.24600202705147992
45.09,-0.5655343149674856
45.1,-0.48107061409519236
45.11,0.00011197399789402333
45.12,-0.047562438776734904
45.13,-0.7060378031578152
45.14,0.08274578206657016
45.15,0.48306983043052426
45.160000000000004,-0.5641707851328914
45.17,0.6362416654243797
45.18,-0.780085412564972
45.19,1.0586620721854767
45.2,-0.20563021524174166
45.21,0.07280849841344562
45.22,-0.946016786242835
45.230000000000004,-0.03106803323465426
45.24,0.11424108885909587
45.25,-0.04308105204974728
45.26,-0.2815405385261868
45.27,-0.47328225926390743
45.28,0.5652633097686555
45.29,0.01540356749897507
45.300000000000004,0.7703761882583862
45.31,-0.2632411773974615
45.32,-0.21739734668610847
45.33,0.40779712229808146
45.34,-0.811487481001782
45.35,-0.6067316800764615
45.36,0.5487424856765818
45.37,-0.5859669646115974
45.38,-0.9095255076512738
45.39,0.9342635940365455
45.4,-0.6969088239371027
45.410000000000004,0.09205969916408481
45.42,0.03454259636213557
45.43,-1.4053141583090418
45.44,-0.13365851158390446
45.45,0.22420662473955477
45.46,0.1771546907594303
45.47,0.4517603419017508
45.480000000000004,-0.19374565745271702
45.49,0.35625222104608034
45.5,-0.34466453404003594
45.51,-0.7052337082063875
45.52,-0.6488641878406163
45.53,-0.7310552275977074
45.54,0.5047929839455969
45.550000000000004,-0.7572867545292783
45.56,0.13701942032465161
45.57,-0.1329620970362165
45.58,-0.0513242867253158
45.59,0.6818036475998499
45.6,-0.2192136836076367
45.61,0.30580078077484163
45.62,0.018781675690555853
45.63,-0.07600945281634894
45.64,1.1499845621932367
45.65,-0.7206708728576848
45.660000000000004,0.6445659177187224
45.67,0.32820328274498606
45.68,-0.23976249731589203
45.69,0.814659258720806
45.7,-0.9240550561942683
45.71,-0.26088332864953584
45.72,-0.6042411021345381
45.730000000000004,0.20604173243573007
45.74,-0.5565320505935888
45.75,0.21653197337065955
45.76,-0.09321820791077702
45.77,-0.23967697132804217
45.78,0.19432362301665526
45.79,-0.13431081196903205
45.800000000000004,-0.5443174215295193
45.81,1.4006864948174893
45.82,-0.2435835915145723
45.83,-1.1088045400760074
45.84,-0.4210493448606943
45.85,-0.6336383441863651
45.86,0.4130728080202578
45.87,0.160826329795793
45.88,0.1993564008951721
45.89,-0.18501123291862215
45.9,-0.13967512352846076
45.910000000000004,-0.18546555180383412
45.92,-0.04059659206773486
45.93,0.41766671768241764
45.94,0.16803770625267322
45.95,0.25005641481043334
45.96,0.24977945412460137
45.97,0.44222121869086894
45.980000000000004,0.14407502077012732
45.99,0.1794240363394594
46.0,0.5944031205965783
46.01,-0.33252295900155604
46.02,-0.4278712899757536
46.03,-0.592960799593428
46.04,0.09145728181012797
46.050000000000004,-0.9268661206095616
46.06,0.23107704802983867
46.07,-0.05459654725027634
46.08,0.5673198499105284
46.09,-0.3359586552324953
46.1,-0.10165914270875338
46.11,0.5611016666466844
46.12,0.6915678233890762
46.13,-0.34007618287591
46.14,0.09089061629358006
46.15,0.14720948884202406
46.160000000000004,0.18682670281057415
46.17,-0.13128782965781108
46.18,0.6406916990618174
46.19,-0.9448517418107727
46.2,-0.210565117400542
46.21,0.22396536638647346
46.22,0.22861240597467178
46.230000000000004,0.6763795153073815
46.24,0.5991126966006435
46.25,-0.14277081265361188
46.26,0.6499356217653023
46.27,-0.35702087188872744
46.28,0.46544369139591873
46.29,0.9052612392104966
46.300000000000004,0.6074720534274846
46.31,0.05288519176206161
46.32,-0.1658893858860611
46.33,-0.7642956481296431
46.34,0.155269818957102
46.35,-0.5576086139854596
46.36,-0.3965673318069684
46.37,-0.5953729003683358
46.38,-0.23019616632832757
46.39,-0.013984707243491146
46.4,0.13680729058285257
46.410000000000004,-0.30025331770698166
46.42,0.5346418531975916
46.43,-0.10410262899498297
46.44,-0.3938612166327596
46.45,0.11314613362171819
46.46,0.981776416771908
46.47,0.16758028326755892
46.480000000000004,-0.18142781368680355
46.49,-0.763730678059352
46.5,-0.10970616048603518
46.51,0.11746406254405779
46.52,-0.19379044562778502
46.53,-0.8326923191204998
46.54,-0.4252826947517169
46.550000000000004,0.7272692304438788
46.56,0.7170005018652305
46.57,-0.44331958460229903
46.58,0.33637839359971095
46.59,-0.5892863923850868
46.6,0.7021581409974762
46.61,0.12261792394711818
46.62,0.4748207493082669
46.63,-0.8575466735912695
46.64,0.33881855096244407
46.65,-0.003837031842251736
46.660000000000004,0.4259645353954213
46.67,0.45743389904892484
46.68,0.03289234473737472
46.69,-0.30041481954795735
46.7,0.38984809108974716
46.71,-0.03007724970256384
46.72,-0.43639247676382126
46.730000000000004,-0.4600761157288429
46.74,-0.7385822081561908
46.75,-0.25514557978153163
46.76,0.5513460230371892
46.77,0.08891489985271712
46.78,-0.26488385296152034
46.79,0.40242796909003986
46.800000000000004,-0.4162383108616944
46.81,0.04767513716638928
46.82,-0.08981518636275766
46.83,0.3895653127941761
46.84,-0.7886141854597504
46.85,-0.4250988729073279
46.86,-0.8191228295472668
46.87,-0.129798360904635
46.88,0.6057137518162152
46.89,-0.2527236048267636
46.9,-0.25534196909782536
46.910000000000004,0.4358622120920682
46.92,0.5342747792276499
46.93,-0.04428553363439496
46.94,0.3423574270249461
46.95,-0.5384772704389732
46.96,0.6889871669627069
46.97,1.0743531469685257
46.980000000000004,0.2606078955943624
46.99,-1.0421658106714002
47.0,-0.27911513119889214
47.01,0.3064126608346607
47.02,-0.2107414985831814
47.03,0.6360992771250488
47.04,0.2940786322179326
47.050000000000004,-0.3532377503828983
47.06,0.016132405385626398
47.07,-0.44691661031954505
47.08,-0.0912924392062209
47.09,-0.2772966202162759
47.1,0.5873809001165191
47.11,1.0580060284154975
47.12,-0.715594166617876
47.13,-0.9616081431048761
47.14,-0.12258621092569286
47.15,-0.7592078494143413
47.160000000000004,0.023105801835458576
47.17,0.37446805690296336
47.18,0.7470709486334125
47.19,0.10069727935764054
47.2,-0.0965776124247895
47.21,-0.9891924582865421
47.22,0.013092574592899218
47.230000000000004,0.035643630274730845
47.24,0.31947840710637265
47.25,-0.35424405076454557
47.26,-0.21752630011792984
47.27,-0.7390011276520921
47.28,-1.1456464034420326
47.29,-0.5542485453983916
47.300000000000004,-0.7851629071265083
47.31,0.1683561477103056
47.32,-0.25906702833342865
47.33,-0.26911856503739456
47.34,-0.49220652308760604
47.35,-1.6162827162562168
47.36,0.7541553743737752
47.37,-0.5001352613883941
47.38,-0.2062100349249535
47.39,-0.7274460826446553
47.4,0.48596517172031695
47.410000000000004,0.07171446851866221
47.42,-0.4131826426329343
47.43,-0.19611480567201192
47.44,0.839089961062435
47.45,-0.036484715940639144
47.46,-0.09086676880795293
47.47,-0.4706907430696326
47.480000000000004,-0.9472905752361515
47.49,-0.08001933678967221
47.5,0.16274255616230882
47.51,0.5497922321638348
47.52,-1.1242482672498277
47.53,-0.5625481635115145
47.54,-0.29037054527822515
47.550000000000004,-0.0017404242866009142
47.56,-0.07251684576421122
47.57,-0.060844342843634776
47.58,0.20404802928497226
47.59,-0.4516465553895546
47.6,0.4670707211168473
47.61,0.21672622084974036
47.62,-0.15991613206403968
47.63,0.8004539959444577
47.64,0.7782080177858834
47.65,0.4664476775969043
47.660000000000004,-1.5092783852838962
47.67,0.7894725463589877
47.68,0.39737926123596706
47.69,1.0032043188564683
47.7,0.6187322958667693
47.71,0.7891713387486428
47.72,0.4393274250901895
47.730000000000004,0.6743465993227561
47.74,0.9970618703672199
47.75,0.10827736918910291
47.76,-0.7861152720390648
47.77,-0.15373045000757107
47.78,0.19497279969171835
47.79,0.037443792185778875
47.800000000000004,-0.6232809830797132
47.81,-0.8155338125974895
47.82,-0.37058133431741463
47.83,0.4038697779920755
47.84,0.7901698854114847
47.85,0.4582838068888506
47.86,0.5287136435570681
47.870000000000005,-0.040407786581778835
47.88,-0.871041228852982
47.89,-0.2276102904413527
47.9,-0.12938220593618938
47.910000000000004,-0.24852624341784113
47.92,0.02734743268731308
47.93,0.22070987994647526
47.94,0.42650759412174877
47.95,-0.13905993218316703
47.96,-0.9518797028222967
47.97,-0.24143885964556744
47.980000000000004,0.021855198495991924
47.99,0.6114039610667041
48.0,-0.2839039210920527
48.01,0.2562718141997009
48.02,0.14504394981771618
48.03,0.021950266561694222
48.04,0.46526665966229575
48.050000000000004,-0.3304205983762904
48.06,-0.2875932248217582
48.07,-0.005950411547114049
48.08,-0.3200732525468499
48.09,0.25400614552729983
48.1,-0.3565961521830664
48.11,0.1131521038725672
48.120000000000005,-0.05008638439337829
48.13,0.10746298238835285
48.14,-0.2298706975315196
48.15,-0.16954414726341352
48.160000000000004,0.04800463399852498
48.17,0.10103725308065634
48.18,-0.0021009576955780466
48.19,0.852681178256542
48.2,-0.4953684593706421
48.21,-0.03210189747635679
48.22,-0.7868145110584923
48.230000000000004,0.18604073933369314
48.24,-0.557623268188407
48.25,-0.13915512793828813
48.26,-0.18603216266566294
48.27,0.14044556330058575
48.28,-0.27639545877259003
48.29,-0.29765284884699117
48.300000000000004,0.717928232042949
48.31,0.14228339523726313
48.32,-0.280525426011134
48.33,-0.12541683590561542
48.34,0.8226774761353725
48.35,-0.1175824391255485
48.36,-0.34463831157619385
48.370000000000005,-0.34249807506319635
48.38,-0.2745632404947887
48.39,-0.2972488612133612
48.4,-0.6398239241746215
48.410000000000004,-0.562100048473489
48.42,-0.414660187180685
48.43,0.29578550922654884
48.44,-0.19061864363643674
48.45,-0.10358084454702012
48.46,0.6350440126274485
48.47,0.6475035749692091
48.480000000000004,-0.14106247156886748
48.49,-0.3154317553417045
48.5,-0.4322151568367689
48.51,0.34638788485411887
48.52,-0.10235361676114386
48.53,-0.1932474451613951
48.54,-0.4068322875687764
48.550000000000004,-0.38483320450569425
48.56,0.16002909574662227
48.57,-0.657719132943631
48.58,0.4974343468939692
48.59,-0.26692232190745924
48.6,-0.07481797212589626
48.61,-0.6684889790702772
48.620000000000005,-0.006182969121182268
48.63,-0.16416047134527992
48.64,-0.02504029942823332
48.65,0.7358544491809452
48.660000000000004,0.08884902289511991
48.67,-0.39732959207290197
48.68,-0.3556599552732841
48.69,0.2975655929568843
48.7,0.649346645496712
48.71,0.14095901037552502
48.72,0.34435637227738475
48.730000000000004,0.30486886166835253
48.74,0.7095322066787605
48.75,-0.9747950863630164
48.76,0.3336094696522641
48.77,0.4918680219517819
48.78,-0.6693618530677867
48.79,-0.442834092003208
48.800000000000004,-0.4253913743140767
48.81,-0.3643950981886917
48.82,-0.24085852546776298
48.83,0.12130140652747073
48.84,0.4328373255836849
48.85,0.5406584788842682
48.86,-0.4189115305838909
48.870000000000005,-0.42235149935149136
48.88,0.6579109200081115
48.89,0.32337196770932225
48.9,0.04143242093449807
48.910000000000004,0.23666833777748356
48.92,-0.014901890925720317
48.93,0.2622923415238073
48.94,-0.16803334825287025
48.95,0.1344024672196154
48.96,-0.7552730251847481
48.97,-0.3438921474127155
48.980000000000004,-0.33850558839517175
48.99,-0.18719501660345705
49.0,-0.46325662738987405
49.01,-0.2667718129115409
49.02,-0.7572070311990603
49.03,0.27435023819745014
49.04,-0.04125675945569724
49.050000000000004,-0.8526038038880084
49.06,-0.41741495527333655
49.07,0.16830071378108344
49.08,-0.27151097319289486
49.09,-0.34847073006904833
49.1,-0.03729633850403817
49.11,0.1717987675891081
49.120000000000005,-0.7181762285195803
49.13,0.2750642406089397
49.14,-0.40014664080368834
49.15,-0.008963984124899365
49.160000000000004,-0.017710070345754763
49.17,-0.26353305911988706
49.18,-0.5118298730653572
49.19,-0.14284327404613179
49.2,0.8126651545375975
49.21,-0.6808375152318155
49.22,0.8461565095524378
49.230000000000004,-0.1298605855382662
49.24,0.01768570854431956
49.25,-0.5433554056923636
49.26,-0.3856347083387404
49.27,-0.25145482501900956
49.28,-0.5228474854389561
49.29,-0.10445897868543587
49.300000000000004,-0.20350794590338556
49.31,0.9253905712178667
49.32,-0.5829870928402305
49.33,0.05134525837429363
49.34,0.12392314095091238
49.35,-0.5351602743259187
49.36,0.34341374772641925
49.370000000000005,-0.19916350644081404
49.38,-1.2461948257915336
49.39,0.3299248060522825
49.4,-0.5584704420511819
49.410000000000004,-0.5238874730695495
49.42,0.3439510414461991
49.43,-0.1735807412092249
49.44,0.45888607527575015
49.45,0.6050830476826594
49.46,-0.32246423016114895
49.47,0.3966312479775153
49.480000000000004,-0.3777304006964409
49.49,1.1165579585660883
49.5,-0.34647850226560756
49.51,0.513043720480002
49.52,0.4218950129407878
49.53,0.1580439110544669
49.54,-0.33527158070834157
49.550000000000004,-0.0756987459707046
49.56,-1.076794056472276
49.57,0.11221001919112517
49.58,0.17480766551419263
49.59,0.06674970953068574
49.6,-1.4866530856462787
49.61,-0.6328182225449055
49.620000000000005,-0.3740454914243313
49.63,0.14582946659452306
49.64,0.14466945282149224
49.65,-0.08511189598558962
49.660000000000004,0.31762276830197833
49.67,-0.51312118765145
49.68,0.3051175028469981
49.69,0.23737105241994552
49.7,0.18877736641895526
49.71,-0.09102021554282791
49.72,0.9153719124156309
49.730000000000004,0.2465978442449393
49.74,-0.48416793162677946
49.75,0.1241527378679921
49.76,0.37624168853710926
49.77,-0.2940542994621548
49.78,0.5446361234655495
49.79,0.19101685285800535
49.800000000000004,-1.1712391688326735
49.81,0.14983598866896317
49.82,-0.20301457720635768
49.83,0.268589907270868
49.84,0.4721074201259072
49.85,0.097581023570909
49.86,0.8326261169723478
49.870000000000005,-0.08935344228174787
49.88,0.3124089115269376
49.89,0.40247128681867367
49.9,-0.04867298444636638
49.910000000000004,0.3893871539888911
49.92,-0.2973364935810844
49.93,-0.21128420951060925
49.94,-0.6562443451681562
49.95,0.12070455818502347
49.96,0.16262583792717203
49.97,0.5896315792896146
49.980000000000004,0.3955700021779418
49.99,-0.14239777832371658
50.0,-0.5890898436671385
50.01,0.216425201259987
50.02,0.555376586207321
50.03,0.37759248690197167
50.04,0.5422387624286438
50.050000000000004,-0.10594476559912128
50.06,-0.23330948408782276
50.07,-0.3684506761158995
50.08,-0.027948233306797753
50.09,-0.0392953979844097
50.1,0.1033388142695581
50.11,-0.064648728517754
50.120000000000005,-0.06681386486338563
50.13,-0.38834702648607194
50.14,0.4708095067757454
50.15,0.03825903112185565
50.160000000000004,-0.08722196714264108
50.17,-0.37371462662460236
50.18,-0.665956555195543
50.19,0.6539820962746719
50.2,0.2773193540659036
50.21,-0.8119589212849836
50.22,0.38157115035482847
50.230000000000004,0.4612405851165546
50.24,0.062188061150464755
50.25,0.7990554478758795
50.26,0.10835982106144149
50.27,-0.7084117639745949
50.28,0.1825845005241605
50.29,0.12244865085636462
50.300000000000004,-0.30164842438907746
50.31,0.2867794184387125
50.32,-0.833832633095431
50.33,0.4952834137213947
50.34,-0.4390608518027263
50.35,-0.4924730625585162
50.36,-0.05691238615373844
50.370000000000005,0.2164864640218177
50.38,0.08196203179671481
50.39,-0.3713295828861891
50.4,-0.25304464559594425
50.410000000000004,-0.566521173688731
50.42,-0.11233995081493506
50.43,0.5375106072554549
50.44,-0.002131468821938082
50.45,0.42970712737972655
50.46,0.7277006688630958
50.47,-0.2940092595184835
50.480000000000004,-0.09328662652768234
50.49,1.0855964305312475
50.5,0.7221717059899726
50.51,-0.8362022629061763
50.52,0.19357415803045327
50.53,0.00027999616984769984
50.54,0.4132265554293812
50.550000000000004,-0.37248938374252766
50.56,-0.4198041860203361
50.57,-0.33803535764680476
50.58,-0.2859642730992164
50.59,0.4076620834045071
50.6,-0.59060058657444
50.61,-0.31130694997965946
50.620000000000005,-0.8945061952507206
50.63,0.5035589117061865
50.64,0.6355150497155703
50.65,-0.16353671543189324
50.660000000000004,-0.1489746824066115
50.67,0.22661095114144864
50.68,0.7372410036891278
50.69,0.20430537378195862
50.7,-0.3487709712375573
50.71,-0.8094112859932202
50.72,-0.5575631313317438
50.730000000000004,0.03660972515623252
50.74,-0.3276637616003972
50.75,0.0974838529953793
50.76,-0.276462008118117
50.77,-0.5290732156472058
50.78,-0.5885158157265356
50.79,0.7811772546866148
50.800000000000004,0.44449387459182155
50.81,0.8652589759139793
50.82,0.26997545037755144
50.83,-0.21499570430741952
50.84,0.661670461244969
50.85,-0.016534000680883933
50.86,0.11042088514517616
50.870000000000005,-0.021412189537759498
50.88,-1.4734521096420072
50.89,0.8023675061474266
50.9,0.24550197297887671
50.910000000000004,0.16491153043425502
50.92,-0.03088803113528035
50.93,0.0817139101930655
50.94,-0.29863946792312385
50.95,0.30828967615363556
50.96,-0.6535491721995662
50.97,0.09303421623527344
50.980000000000004,0.28078673528555226
50.99,-0.0993345669114515
51.0,0.18543389623551237
51.01,-0.4956671961171251
51.02,-0.48291338544798207
51.03,0.11835856051319658
51.04,0.33927482731052583
51.050000000000004,-0.9374328277508555
51.06,0.2610103175553833
51.07,-0.27160075018816854
51.08,-0.09640304365370624
51.09,-0.6697589617825186
51.1,-0.4258086200933541
51.11,0.48306266276515564
51.120000000000005,0.016431686990106588
51.13,-0.19138920085477926
51.14,-0.05824417631551738
51.15,0.2446059123321506
51.160000000000004,0.22024724808166887
51.17,-0.03751350019840043
51.18,0.5464795554483342
51.19,0.48523131845333306
51.2,0.20668601456519786
51.21,0.027305891455035224
51.22,0.32866054755976953
51.230000000000004,0.1571337109005917
51.24,0.5304000359029738
51.25,0.44978068836915386
51.26,-0.5091269507088643
51.27,-0.5429815853708532
51.28,-0.35062477220203814
51.29,0.48806934503346056
51.300000000000004,-0.7881544983856228
51.31,0.19737869455399665
51.32,0.18127154554648067
51.33,0.5813240293430963
51.34,0.09016934533194372
51.35,-0.6716046952919503
51.36,-0.47967748032406143
51.370000000000005,-0.5909977609489123
51.38,-0.26897198316657017
51.39,-0.09145078371196345
51.4,-0.5827207631105285
51.410000000000004,0.7353309953261447
51.42,-0.6626406859762205
51.43,0.6730517119312402
51.44,0.5925815157196702
51.45,0.44915127484451767
51.46,-0.3468833037483752
51.47,0.1712254395884507
51.480000000000004,-0.638685566775309
51.49,0.45545351751687463
51.5,-0.03699239076813444
51.51,-0.2046601072933426
51.52,-0.6118724233281346
51.53,-1.2387530593145084
51.54,-0.519270428517878
51.550000000000004,0.5563990978064532
51.56,-0.201416714237402
51.57,-0.08466442855752365
51.58,0.3277771791442264
51.59,0.9028344390581325
51.6,0.6625023274728193
51.61,-0.48616750190809405
51.620000000000005,-0.9712852857187032
51.63,1.1798071295500518
51.64,1.1344958058297268
51.65,0.09422679821464135
51.660000000000004,-0.6352441227909108
51.67,0.4816132669469696
51.68,-0.05399184300630509
51.69,-0.056490561553305244
51.7,0.4472294215525645
51.71,0.1671873734366493
51.72,-0.5929074555074726
51.730000000000004,-0.16237096754098693
51.74,0.3305764643306733
51.75,0.2551261112025093
51.76,0.13100828717923788
51.77,0.4667114772379321
51.78,-0.1808584939086323
51.79,0.08933488760953602
51.800000000000004,-1.6877895500888
51.81,-0.22482509692140695
51.82,0.3819514542878222
51.83,-0.19519723355857127
51.84,-0.233113695858556
51.85,-0.5207264758874093
51.86,0.5016829463645728
51.870000000000005,0.27423163677028534
51.88,0.41270729891154245
51.89,-0.8631069809789448
51.9,-0.08022502163281697
51.910000000000004,-0.1400555038750031
51.92,-0.14028585329927626
51.93,-0.30801377185897794
51.94,-0.17305213589000762
51.95,0.4248223913533259
51.96,-0.9564256766739146
51.97,0.8886473840152268
51.980000000000004,0.24192056251323074
51.99,-0.02116594783010638
52.0,0.4534170731864631
52.01,-0.7259173725842175
52.02,-0.332350452575507
52.03,-0.06053771619527693
52.04,0.6827801852160887
52.050000000000004,-0.023248290563278963
52.06,0.22502733559257312
52.07,-0.29478949796806386
52.08,0.2434210344837455
52.09,0.8386197964872284
52.1,0.49776334583705706
52.11,-0.04072799388893971
52.120000000000005,0.33774542363273485
52.13,0.2887584773036059
52.14,0.25329383584863785
52.15,0.5559766804302044
52.160000000000004,0.5522388519187332
52.17,-0.06357929843744214
52.18,0.3209395307388846
52.19,-0.19154746057989688
52.2,-0.4615361981577888
52.21,-0.1347468778519932
52.22,-0.03813907586979134
52.230000000000004,-0.830790494588996
52.24,0.4301662797083602
52.25,-1.383662711301199
52.26,1.3574084697431608
52.27,0.7509395668981594
52.28,-0.1305043620861568
52.29,0.004713180281886619
52.300000000000004,0.15148593679364158
52.31,-0.294580193994471
52.32,0.09630957379346818
52.33,-0.07199998885083055
52.34,-0.047136358615482994
52.35,0.09073053174031934
52.36,-0.6567638991769972
52.370000000000005,0.019784862066824067
52.38,0.08172387330873862
52.39,0.06442481067795715
52.4,-0.10791537771807723
52.410000000000004,0.5689288879846859
52.42,-0.1768262774407756
52.43,0.11366295341159516
52.44,0.6486487669627728
52.45,-0.039688070010156146
52.46,0.10723163373377566
52.47,-0.04819231815744855
52.480000000000004,0.6186848967817996
52.49,-0.12886228079314763
52.5,0.6416772886441028
52.51,-0.05179394732353235
52.52,-0.4297298617240084
52.53,0.3396865852870605
52.54,-0.15233391687782802
52.550000000000004,0.3102504495495814
52.56,-1.364702192461867
52.57,0.0026026309474731905
52.58,-0.2298026493787402
52.59,-0.531629343265639
52.6,-0.2766205009198997
52.61,-0.2868515721463258
52.620000000000005,-0.023992897425290566
52.63,-0.6836632306424779
52.64,0.15813689012985685
52.65,0.683107392602894
52.660000000000004,0.14046424847391317
52.67,0.4044943046145045
52.68,0.5472812273068978
52.69,0.6182447560920884
52.7,0.9350693464106526
52.71,-0.24960099913796513
52.72,-0.3592419925805582
52.730000000000004,0.3917328241623673
52.74,0.3541331098286999
52.75,0.38783764980784463
52.76,0.944641227125126
52.77,0.005684954399247083
52.78,0.21307827982309244
52.79,-0.49019412574173743
52.800000000000004,1.0676605619879789
52.81,-0.1682724606045555
52.82,-0.15410796408041497
52.83,-0.17337494550412136
52.84,-0.32244792932216887
52.85,-0.36471852442382463
52.86,-0.2618521414447626
52.870000000000005,-0.6828979640254723
52.88,-0.39265896013161916
52.89,0.9744815557238096
52.9,0.3678275718206843
52.910000000000004,0.462952088363859
52.92,0.5886043937084574
52.93,0.9170672821811954
52.94,-0.885711275721922
52.95,-0.6149415576432703
52.96,-0.40186183044734264
52.97,-0.23486489824479884
52.980000000000004,-0.15028469529262448
52.99,-0.2234887764030204
53.0,0.10965445656602704
53.01,0.01764769537260795
53.02,-0.36141739758912483
53.03,-1.087774388493785
53.04,-0.4964343526893491
53.050000000000004,-0.27461932665628763
53.06,-0.12353971840385973
53.07,-0.5648337296552685
53.08,-0.2454032332482101
53.09,-0.5654936942427932
53.1,-0.0629096757741665
53.11,-0.5365456641813077
53.120000000000005,-0.42445232818523226
53.13,-0.6543420654945695
53.14,-0.07675034778489193
53.15,-0.4332238849761992
53.160000000000004,0.45339213333771466
53.17,0.2029251333464495
53.18,-0.0349259340918215
53.19,-0.3987427486718943
53.2,0.19026015265815144
53.21,0.3453504446743185
53.22,0.07134420610081514
53.230000000000004,0.8018509277334652
53.24,0.22981865903740797
53.25,0.4568036087840171
53.26,0.0667827077679891
53.27,0.3378322266284883
53.28,-0.39839061633458767
53.29,-0.2291991816063969
53.300000000000004,0.17468177674118987
53.31,0.1710497407786908
53.32,0.25380591147162374
53.33,0.5501964461393646
53.34,-0.712485585907706
53.35,-0.48722627380514805
53.36,0.11478632053712656
53.370000000000005,-0.3621818159017304
53.38,1.688884120644681
53.39,0.257859809585068
53.4,-0.03916542446507861
53.410000000000004,-0.2577346365419296
53.42,-0.24008114159652222
53.43,0.015070330657588688
53.44,0.05599096631062886
53.45,-0.22834957234675649
53.46,-0.1365761232599509
53.47,0.6721422876172982
53.480000000000004,0.6922524813255171
53.49,0.12601698996743851
53.5,-0.6706298636183688
53.51,0.26925157831952173
53.52,0.777141220805513
53.53,0.6848905509811893
53.54,0.36721292640483355
53.550000000000004,0.7112114776429108
53.56,0.026692136239510878
53.57,0.3140514849168525
53.58,-0.3403877831625901
53.59,0.14613272807785607
53.6,0.6647671219852622
53.61,-0.2947117057434455
53.620000000000005,-0.4307217147321432
53.63,0.04874446951184842
53.64,-0.11333110186199978
53.65,0.3245738605352102
53.660000000000004,-0.22662976297352116
53.67,0.859219807801357
53.68,-0.6448380489805279
53.69,0.6268673931098673
53.7,-0.38242461415405155
53.71,-0.8979913672920117
53.72,0.11893757817443369
53.730000000000004,-0.12730399300694178
53.74,-0.5548046839515154
53.75,-0.840688445857632
53.76,-0.00418039363572838
53.77,0.4879184458119089
53.78,0.29247674654322214
53.79,0.028353324419632748
53.800000000000004,0.23942378660886754
53.81,-0.013607066188928502
53.82,-0.7148621215151856
53.83,-0.7104469926117216
53.84,-0.10158426449233944
53.85,-0.08032664318303723
53.86,0.42549133925338256
53.870000000000005,0.3786521118873736
53.88,0.3025665078794747
53.89,-0.14014135653859036
53.9,-0.6903260850550698
53.910000000000004,0.20603556853301197
53.92,0.2625846566310842
53.93,-1.194265731238843
53.94,-0.41716909329133134
53.95,-0.345527188696948
53.96,0.05917510056171814
53.97,-0.40168021638284696
53.980000000000004,-0.019067284412320185
53.99,-0.10526747017649597
54.0,-0.07957473576886397
54.01,-0.35819714685037307
54.02,-0.3194925270333388
54.03,-0.5401335298903464
54.04,0.190033720286916
54.050000000000004,0.28555131429568414
54.06,-0.3853089750626694
54.07,0.7603200480085223
54.08,-0.15730072372102444
54.09,0.7650928118982804
54.1,-0.32106358691580167
54.11,-1.0132888882997177
54.120000000000005,0.20109891245617564
54.13,0.12427255255949361
54.14,0.017196897653791537
54.15,-0.32111623922199467
54.160000000000004,-0.017286112742909508
54.17,-0.25562972893476366
54.18,-0.15117478316587532
54.19,0.4208161278825375
54.2,0.09210861476504674
54.21,0.30497569366598865
54.22,-0.11593425331289496
54.230000000000004,-0.17100867290238753
54.24,-0.5767412654443218
54.25,-0.1850183062840985
54.26,-1.6605572777945694
54.27,-0.2951109831528174
54.28,-0.04093708859541952
54.29,0.281836827135078
54.300000000000004,-0.13433893876247838
54.31,0.1738367711224997
54.32,-1.0898943306951228
54.33,-0.028418426103474868
54.34,-0.8397513964567017
54.35,-0.6041517578296663
54.36,-0.09358277393193046
54.370000000000005,0.6381319939367772
54.38,0.18560338173502938
54.39,0.00911549856855858
54.4,-0.009765194733551101
54.410000000000004,-0.35681444660223366
54.42,-0.2719917066863418
54.43,0.21368802273539858
54.44,-0.6926802592222472
54.45,0.2965270251415106
54.46,-0.19425353355942637
54.47,0.41277853743478266
54.480000000000004,0.48054672861604164
54.49,-0.83654200625287
54.5,-0.29079038161360904
54.51,-0.42776384397031186
54.52,-0.9063639825365715
54.53,-0.5162666381047053
54.54,1.22062792263267
54.550000000000004,0.30475494810622006
54.56,0.958643984302877
54.57,0.41454922000916783
54.58,-0.37092158050423774
54.59,-0.1908855983370215
54.6,0.29421809012015365
54.61,0.21875310173651816
54.620000000000005,-0.2886710078541669
54.63,-0.7549965852896035
54.64,1.6438805936943695
54.65,-0.07057483617140284
54.660000000000004,-0.16286944659130997
54.67,0.05666723195265092
54.68,-0.12136429465551431
54.69,0.06136445385274185
54.7,0.6434736430582096
54.71,-0.06227423984321189
54.72,-0.5813552196638807
54.730000000000004,-0.08082189723930547
54.74,-0.2322008907049554
54.75,0.7119494686234257
54.76,0.5855595323687853
54.77,0.05376250021539941
54.78,-0.6393679274096282
54.79,-0.6129461317199729
54.800000000000004,0.007561630792276819
54.81,0.1681614846606404
54.82,-0.18731140966302745
54.83,-0.24008479210361708
54.84,-0.29639961658932346
54.85,-0.011696980121973111
54.86,-1.1913811760365325
54.870000000000005,-0.5506633143848549
54.88,-0.3135254227236753
54.89,0.6037515974759603
54.9,-0.4069068209644647
54.910000000000004,0.09023407091560323
54.92,0.11327137546549802
54.93,0.6489582528303811
54.94,0.6312887034820751
54.95,-0.028751484397458185
54.96,-0.23774237059472142
54.97,-0.33191655141284515
54.980000000000004,-0.12053161123289045
54.99,-0.21701667716179998
55.0,0.276813704679116
55.01,0.21015490874260215
55.02,0.29590059557250786
55.03,0.6296418557180842
55.04,0.9314345607000885
55.050000000000004,0.06233169670377844
55.06,0.5497318856978266
55.07,-0.17583009191710758
55.08,0.5925034917915079
55.09,0.5307545785879221
55.1,0.5042079849714957
55.11,0.04703492059576193
55.120000000000005,-0.3341790819954444
55.13,-0.6972642189327383
55.14,-0.02001860376054964
55.15,0.7665062711245915
55.160000000000004,-0.15492245068203656
55.17,0.39256329273002727
55.18,0.42197570025946557
55.19,-0.14184311046358639
55.2,0.6581724187597597
55.21,-1.4543303722402519
55.22,-0.6113751393690875
55.230000000000004,-0.4578161481792299
55.24,-0.4098575114336949
55.25,0.16813147559294775
55.26,0.14501890152695093
55.27,0.19699528608750394
55.28,0.2980407470662435
55.29,-0.47505228457282467
55.300000000000004,-0.6090880334036595
55.31,0.19815984100393147
55.32,-0.31511603682321954
55.33,-0.7852375226839853
55.34,0.48567214227074074
55.35,0.6975509532511488
55.36,0.7785804448493296
55.370000000000005,0.09350386073736014
55.38,0.3129660479864513
55.39,0.6849341116809554
55.4,-0.3207078950117171
55.410000000000004,0.555338842027046
55.42,0.13769811707160434
55.43,0.4568558261712955
55.44,0.09304651043796763
55.45,0.6481283548740009
55.46,0.11176188127076843
55.47,-0.7419895297337088
55.480000000000004,0.725963316157361
55.49,-0.473765370486056
55.5,0.6265291051219571
55.51,-0.04512144072016102
55.52,0.5880054925988533
55.53,0.5673843074333825
55.54,0.21507148715768565
55.550000000000004,0.2542676588135654
55.56,0.21131430859628297
55.57,-1.006912378140539
55.58,0.05916510944910109
55.59,-0.5580320880359475
55.6,0.08559357187283147
55.61,-0.5714712731916077
55.620000000000005,-0.5924759706130375
55.63,0.8024672508769509
55.64,0.5347236940620949
55.65,-0.0020712924720772286
55.660000000000004,0.09238432512451195
55.67,-0.12395801287150443
55.68,0.28493818798976145
55.69,-0.33802718327440245
55.7,0.4968701314339787
55.71,-0.12654342050705542
55.72,-0.20992349791561446
55.730000000000004,0.01085650924242135
55.74,-0.29557341496280526
55.75,0.16434117474824148
55.76,-0.2686812946566999
55.77,0.23426180140941802
55.78,0.6080032694557382
55.79,-0.3596608434040868
55.800000000000004,-0.06528772864758565
55.81,0.23066535651771086
55.82,-0.21792867749070344
55.83,0.23216028041333256
55.84,0.27769943032586997
55.85,0.541630888147152
55.86,-0.30299502304245596
55.870000000000005,-0.47138762011523727
55.88,-0.1537886947818719
55.89,-0.48387616977354997
55.9,0.28224910202374853
55.910000000000004,-0.5808756500882056
55.92,1.1665082091263441
55.93,0.6479639307868753
55.94,0.006287884800157119
55.95,0.433697246498988
55.96,-0.8184009321553958
55.97,1.261686665699779
55.980000000000004,-0.29510730610024477
55.99,-0.06024870694967976
56.0,-0.9279666435942183
56.01,0.24314365237044736
56.02,-0.5531720785385544
56.03,0.0508278807830146
56.04,-0.27213721646226907
56.050000000000004,-0.5388719674651717
56.06,-0.40218075088130856
56.07,0.1128940170427606
56.08,-0.6407454864344122
56.09,-0.3744058355117885
56.1,0.33163669063223894
56.11,1.3012399374371566
56.120000000000005,0.23879440977650243
56.13,-0.4586308210886437
56.14,-0.1835570850361555
56.15,0.015794503076289147
56.160000000000004,-0.1747124753178537
56.17,0.4515290833684665
56.18,0.10873674150711228
56.19,0.4539261924549351
56.2,-0.15722189514881468
56.21,0.6627501098606283
56.22,-0.08324279214077294
56.230000000000004,-0.48559493456899583
56.24,1.0886601905211106
56.25,-0.9124888734805584
56.26,-0.3693693626524638
56.27,-0.3135139259151973
56.28,1.2541531365282816
56.29,0.9034294420732558
56.300000000000004,0.7469640718210988
56.31,-0.1653293311881659
56.32,1.2130890019208875
56.33,0.1841760019204856
56.34,0.48863168515156113
56.35,0.08984769055310347
56.36,-0.02473328566162576
56.370000000000005,-0.12588933696318963
56.38,-0.10481999670958111
56.39,0.3042458243390394
56.4,0.183599899387694
56.410000000000004,-0.015735685101841947
56.42,0.7547619963494272
56.43,-1.4833765343703653
56.44,0.2549436239605975
56.45,0.35886935332948966
56.46,0.5734814341275848
56.47,-0.03243572052668056
56.480000000000004,0.1039600336919788
56.49,0.4929741916573606
56.5,0.74558320214009
56.51,-0.1502679925893841
56.52,0.1334878915637801
56.53,0.8392869821743787
56.54,-1.0620135379394255
56.550000000000004,-0.3450062999072926
56.56,0.7329179893014816
56.57,0.5462689168041516
56.58,0.26122260546334714
56.59,-0.22429843655456008
56.6,-0.4409092494927097
56.61,-0.2956078096211869
56.620000000000005,0.7740041104093462
56.63,-0.31422134457767315
56.64,0.05071148211982894
56.65,-0.376853822430873
56.660000000000004,0.4213870150495135
56.67,-0.2693631401732206
56.68,-0.04879694507720713
56.69,-0.8416910665214128
56.7,-0.8066841181024699
56.71,0.0038365966607531534
56.72,-0.662578577598881
56.730000000000004,1.0525433196672511
56.74,-1.0307615560561247
56.75,-0.40008764933205204
56.76,0.00835043363377521
56.77,-0.18256646889789224
56.78,-0.5520727283319595
56.79,-0.478963919747634
56.800000000000004,-0.49532703874961925
56.81,-0.14336084741003144
56.82,0.9759645447587119
56.83,0.03896864827910485
56.84,0.591450244693762
56.85,0.25348817291407083
56.86,0.5569311989911102
56.870000000000005,-1.399982151296793
56.88,-0.15222901057411473
56.89,0.6535677115753569
56.9,-0.2858679113746668
56.910000000000004,0.8812365824348061
56.92,0.7419450768838808
56.93,-0.2345653580637312
56.94,-0.25158175952317835
56.95,-0.5068029211772344
56.96,-0.31479711593189885
56.97,-0.6162945320844576
56.980000000000004,0.2144055902165028
56.99,-0.7280232466732167
57.0,0.3018665080951109
57.01,0.3140393484501243
57.02,-0.8306022025919613
57.03,0.7749093031641697
57.04,0.2568046472076109
57.050000000000004,0.3748490107224345
57.06,-0.37933260077138614
57.07,0.31118955923655933
57.08,0.5631967248610328
57.09,-0.04930419950233864
57.1,1.0009612296241805
57.11,0.022032317456468845
57.120000000000005,0.5703929002262372
57.13,0.1465044036293275
57.14,0.29276076642843385
57.15,-0.8356661338173861
57.160000000000004,0.18552686910768157
57.17,-0.367487550628633
57.18,-0.42319915288884385
57.19,0.8720515922329892
57.2,-0.10688512403117445
57.21,-0.5016509154877483
57.22,-0.17956581405443736
57.230000000000004,-0.6502251144609569
57.24,0.716942234098135
57.25,-0.3478403720832575
57.26,0.2646499669718346
57.27,0.6780533571051626
57.28,-0.25007634060736467
57.29,0.266011216136393
57.300000000000004,-0.515043027452215
57.31,1.222884784556842
57.32,0.4681900673083111
57.33,-0.09630321938040301
57.34,-0.3864168654444819
57.35,-0.05699827641981318
57.36,-0.1699918611757596
57.370000000000005,0.9764722769997534
57.38,-0.6127673611074511
57.39,0.06740071164510171
57.4,-0.00916903331685498
57.410000000000004,-0.05870515017243474
57.42,-0.054308327469171205
57.43,-0.058035405060241727
57.44,0.43653303316604986
57.45,0.30449222324621755
57.46,0.20945580568639324
57.47,-1.5169946810726345
57.480000000000004,0.1498974370815819
57.49,-0.8278196800850413
57.5,0.3231600815679127
57.51,0.7372486837852573
57.52,-0.4631195562942754
57.53,-0.1308903611713534
57.54,-0.2996778525264985
57.550000000000004,0.6177158878784004
57.56,0.047513942636036526
57.57,0.8641646902831667
57.58,0.2068771014736938
57.59,0.12122509031790969
57.6,0.03410339130141817
57.61,0.40899604962866837
57.620000000000005,-0.8688430991226717
57.63,0.04267197776025496
57.64,-0.03502322186398242
57.65,0.36270941357888303
57.660000000000004,-0.09385080293701843
57.67,-0.519367217081335
57.68,0.0036753374598495745
57.69,-0.5414202644341717
57.7,-0.9626311062937427
57.71,0.3635612407427465
57.72,0.2895307863473353
57.730000000000004,0.2335454719967873
57.74,0.6514642109729055
57.75,-0.3325159451519626
57.76,-0.7155570713856275
57.77,-0.03501488840402228
57.78,-0.17375014985295523
57.79,-0.4211478583850343
57.800000000000004,-0.03992457674389798
57.81,-0.30580257310229236
57.82,-0.9180026416784156
57.83,-0.22058834539688016
57.84,-0.5681875833519286
57.85,0.11582403580546136
57.86,-0.32801737912032747
57.870000000000005,0.5558157370705258
57.88,0.8019330336339329
57.89,0.3396906865059531
57.9,-0.77551309099166
57.910000000000004,0.7525979994395198
57.92,0.7878602251868825
57.93,0.009395255653970381
57.94,0.661463080167766
57.95,-0.27583756902333906
57.96,-0.9331229674247947
57.97,-0.38014221931079684
57.980000000000004,0.8646504330223782
57.99,-0.7455399618057368
58.0,-0.00023935903425274574
58.01,0.017071946670106107
58.02,-0.2564871219839059
58.03,-0.22176079991855752
58.04,0.03612456711810136
58.050000000000004,-0.2810811709673636
58.06,-0.7110292485839655
58.07,0.107515971471728
58.08,0.5366832912224861
58.09,0.43478625932671056
58.1,-0.40486773369490575
58.11,-0.6256139576888379
58.120000000000005,-0.1420939410773893
58.13,0.783895754897832
58.14,0.3227990394797728
58.15,0.3519823383971168
58.160000000000004,0.4449284758927473
58.17,0.21038328125929318
58.18,0.060304273806789314
58.19,0.33115344832398397
58.2,-0.27308305210900985
58.21,-0.7072315056831604
58.22,0.3614984673121616
58.230000000000004,0.6188690528746126
58.24,-0.5591159696780157
58.25,0.4109607412079501
58.26,0.840382856694095
58.27,-0.0011231008785604897
58.28,-0.4090010923708731
58.29,0.06150933676337781
58.300000000000004,-0.27526698410035066
58.31,-0.3083650549782008
58.32,0.2165920336357713
58.33,-0.8018647375149477
58.34,-0.7219644612461136
58.35,0.009645440186971404
58.36,-0.011154269456215594
58.370000000000005,0.17177728851996787
58.38,0.9376126942416942
58.39,0.052257018037910566
58.4,0.29908607516739727
58.410000000000004,-0.487766467807316
58.42,0.38396883175826857
58.43,-0.2631954325553389
58.44,0.03571041629054659
58.45,-0.05442431253458085
58.46,0.5164871174570155
58.47,-0.6549882771874997
58.480000000000004,-1.1416193173075198
58.49,-0.10671634854396225
58.5,0.23426562845256205
58.51,0.07613468790375001
58.52,0.6161021187069556
58.53,0.21868633708983418
58.54,-0.28192416592992997
58.550000000000004,-1.1627100770698402
58.56,-0.11865611709760913
58.57,0.513979501128899
58.58,-0.1960238913335573
58.59,0.014160131838882099
58.6,0.21068012715335427
58.61,-0.5076461871249079
58.620000000000005,0.3116179483194087
58.63,0.8185608950008528
58.64,-0.08640667594670316
58.65,-0.5645322109161509
58.660000000000004,-0.033300513510986854
58.67,-1.1121920543044344
58.68,0.168451631988308
58.69,0.2261371888242894
58.7,0.8378181469227811
58.71,-0.09699739628331254
58.72,0.20424266907323513
58.730000000000004,-0.43064405119295057
58.74,-0.17821356026253934
58.75,-0.762592718331099
58.76,-0.0973948106416178
58.77,-0.15265457675928243
58.78,0.14959988304444793
58.79,-0.31179844016631963
58.800000000000004,0.04167267548754595
58.81,-0.16669002780383282
58.82,-0.16574969414975713
58.83,0.04018116298151507
58.84,0.02026147115850496
58.85,0.38058701952581925
58.86,-0.06032151706491743
58.870000000000005,-0.1749426745615016
58.88,-0.09040372254361309
58.89,-0.35733205842049626
58.9,-0.17995554678333578
58.910000000000004,1.0155793565366156
58.92,-0.45633938034793353
58.93,-0.1393281669396547
58.94,-0.1937443316348452
58.95,-0.12358580612219974
58.96,-0.16561965443919752
58.97,0.13962005061049987
58.980000000000004,-0.8550875506958971
58.99,0.5185857362660022
59.0,0.31629139982109866
59.01,-0.6214357930315674
59.02,-1.1345386364762007
59.03,-0.48853607307070057
59.04,-0.12133323071356127
59.050000000000004,1.2901459493453875
59.06,0.27162848248713667
59.07,-0.9037948245907288
59.08,-0.344827752450472
59.09,-0.026606218136491614
59.1,0.12684177714904846
59.11,-0.6573744301552115
59.120000000000005,-0.0674951139885307
59.13,-0.35881956880527033
59.14,-0.5518792813011583
59.15,0.12979782334947695
59.160000000000004,0.3869385867214111
59.17,0.4205206384808097
59.18,0.287193175566938
59.19,-0.24868476657013142
59.2,0.3572748807317529
59.21,0.15452721905214395
59.22,0.06697094147600659
59.230000000000004,-0.3058465608508992
59.24,-0.24843806367076413
59.25,0.03694346806227701
59.26,1.2199372334927507
59.27,0.15062124004569508
59.28,-0.305594251125143
59.29,-0.4161947224847214
59.300000000000004,-0.2458833063281014
59.31,1.0886467237745328
59.32,-0.19962832297298103
59.33,0.4534352673051425
59.34,-0.1879641227356782
59.35,0.13059227063981432
59.36,0.39587263700436115
59.370000000000005,-0.285951424904962
59.38,-0.3205558270763848
59.39,0.8294348472276649
59.4,0.49229644744789847
59.410000000000004,0.3953361593453641
59.42,0.393638146561457
59.43,0.2297877441555327
59.44,1.0088879065875325
59.45,0.021954150938578398
59.46,0.2886311836004597
59.47,-0.7254564642970063
59.480000000000004,-0.41248034329562044
59.49,-0.6004094999175202
59.5,0.6370317917580747
59.51,-1.276270076010375
59.52,-0.20115501137636133
59.53,-1.4968533013303114
59.54,-0.41564394774094504
59.550000000000004,-0.24547447486593318
59.56,0.692435546897022
59.57,0.19831396961072859
59.58,-0.41657076166448315
59.59,0.532981859865913
59.6,0.008916127264878764
59.61,0.01878342935362616
59.620000000000005,-0.601335753885996
59.63,-0.49500685695156965
59.64,-0.4125486499727622
59.65,0.023230636577094788
59.660000000000004,0.0389428634903374
59.67,0.7720463317620225
59.68,0.19252758396891717
59.69,-1.353782846836054
59.7,0.13132099393584523
59.71,-0.7250081780837664
59.72,-0.4829854623057682
59.730000000000004,-0.40608473586316496
59.74,-0.3316691617561509
59.75,-0.6875746960201515
59.76,0.10174100172614382
59.77,-0.7054011425454796
59.78,0.17833380362492346
59.79,1.1184855385308148
59.800000000000004,-0.6646795294670319
59.81,-0.14225515216961107
59.82,-1.261728681256235
59.83,-0.15046764648506658
59.84,0.3213585763157419
59.85,0.3603196156786335
59.86,0.03868186514204835
59.870000000000005,0.4446317123794879
59.88,1.2730272679713959
59.89,0.8561523437187997
59.9,-0.26126046470481845
59.910000000000004,-0.7255519932333693
59.92,-0.20307570828690177
59.93,-0.4734913828086741
59.94,0.22567377393231633
59.95,-0.5905967697147491
59.96,-0.03641121629517104
59.97,0.4190070272681552
59.980000000000004,-0.050347936408588506
59.99,-0.4731569113738982
